 OUTPUTLOG = 1
 HEUREMPHASIS = 0
 INPUTTOL = 0
 TIMELIMIT = 10
 NLPPOSTSOLVE = 1
 XSLP_DELETIONCONTROL = 0
 XSLP_OBJSENSE = -1
  ------------------- Calling global solver ----------------- 
 FICO Xpress v9.8.0, Hyper, solve started 10:15:09, Dec 10, 2025
 Heap usage: 227KB (peak 227KB, 251KB system)
 Maximizing Nonconvex-MIQCP P-RU-((0, 0), (0, 0)) using up to 20 threads and up to 31GB memory
 Original problem has:
        121 rows           44 cols          594 elements        19 entities
 Presolved problem has:
        121 rows           67 cols          682 elements        19 entities
 Presolve finished in 0 seconds
 Heap usage: 1416KB (peak 1511KB, 251KB system)
 
 Coefficient range                    original                 solved        
   Coefficients   [min,max] : [ 1.00e+00,  1.00e+01] / [ 1.25e-01,  1.25e+00]
   RHS and bounds [min,max] : [ 1.00e+00,  2.00e+01] / [ 1.00e+00,  2.00e+01]
   Objective      [min,max] : [ 1.00e+00,  1.00e+00] / [ 2.00e+00,  2.00e+00]
 Autoscaling applied standard scaling
 
 Will try to keep branch and bound tree memory usage below 24.1GB
 Starting concurrent solve with dual (1 thread)
 
  Concurrent-Solve,   0s
             Dual        
     objective   dual inf
  D  4.0000000   .0000000
                         
 ------- optimal --------
 Concurrent statistics:
            Dual: 30 simplex iterations, 0.00s
 Optimal solution found
  
    Its         Obj Value      S   Ninf  Nneg   Sum Dual Inf  Time
     30          4.000000      D      0     0        .000000     0
 Dual solved problem
   30 simplex iterations in 0.01 seconds at time 0
 
 Final objective                       : 4.000000000000000e+00
   Max primal violation      (abs/rel) :       0.0 /       0.0
   Max dual violation        (abs/rel) :       0.0 /       0.0
   Max complementarity viol. (abs/rel) :       0.0 /       0.0
 
 Starting root cutting
  
  Its Type    BestSoln    BestBound   Sols    Add    Del     Gap     GInf   Time
    1  K                   4.000000      0     61     68               13      0
    2  K                   4.000000      0     11     48                9      0
    3  K                   4.000000      0     12      9                9      0
    4  K                   4.000000      0      9     13                9      0
    5  K                   4.000000      0      0      7                6      0
    6  G                   4.000000      0      6      0                6      0
    7  G                   4.000000      0     18     31               11      0
  
 Cuts in the matrix         : 21
 Cut elements in the matrix : 122
 
 Starting tree search.
Deterministic mode with up to 20 running threads and up to 64 tasks.
 Heap usage: 4477KB (peak 4726KB, 256KB system)
  
     Node     BestSoln    BestBound   Sols Active  Depth     Gap     GInf   Time
        1                  4.000000      0      2      1                8      0
        2                  4.000000      0      2      3                5      0
        3                  4.000000      0      2      2                9      0
        4                  4.000000      0      2      4                6      0
        5                  4.000000      0      2      5                8      0
        6                  4.000000      0      5      4                9      0
        7                  4.000000      0      5      4                5      0
        8                  4.000000      0      5      6                9      0
        9                  4.000000      0      5      5               10      0
       10                  4.000000      0      4      5                5      0
       29                  4.000000      0     12     15                7      0
       39                  4.000000      0     16     12                7      0
       50                  4.000000      0     22     13                7      0
       63                  4.000000      0     27     17                4      0
       75                  4.000000      0     34     16                6      0
       96                  4.000000      0     43     17                5      0
      113                  4.000000      0     54     17                3      0
      214                  4.000000      0     77     17                4      0
 *    236      .000000     4.000000      1     77     16       4        0      0
 Elapsed time (sec): 0, estimated tree completion: 0.13704
 Heap usage: 303MB (peak 303MB, 5051KB system)
 B&B tree size: 0.5MB total
  
     Node     BestSoln    BestBound   Sols Active  Depth     Gap     GInf   Time
      317      .000000     4.000000      1    100     13       4        6      0
      420      .000000     4.000000      1    115     21       4        5      0
      525      .000000     4.000000      1    147     16       4        5      0
      630      .000000     4.000000      1    176     17       4        9      0
      731      .000000     4.000000      1    211     14       4        5      0
      836      .000000     4.000000      1    236     18       4        4      0
      943      .000000     4.000000      1    269     15       4        6      0
     1043      .000000     4.000000      1    301     14       4        6      0
     1151      .000000     4.000000      1    310     19       4       10      0
     1251      .000000     4.000000      1    331     14       4        6      0
     1355      .000000     4.000000      1    362     15       4        9      0
     1460      .000000     4.000000      1    385     19       4        6      0
     1566      .000000     4.000000      1    402     17       4        6      0
     1672      .000000     4.000000      1    404     20       4        7      0
     1775      .000000     4.000000      1    424     25       4        4      0
     1878      .000000     4.000000      1    441     18       4        6      0
     1979      .000000     4.000000      1    440     14       4        9      0
     2083      .000000     4.000000      1    450     19       4        8      0
     2202      .000000     4.000000      1    455     31       4        6      0
     2311      .000000     4.000000      1    459     20       4        3      0
 Elapsed time (sec): 0, estimated tree completion: 0.30297
 Heap usage: 343MB (peak 343MB, 5643KB system)
 B&B tree size: 2.9MB total
  
     Node     BestSoln    BestBound   Sols Active  Depth     Gap     GInf   Time
     2414      .000000     4.000000      1    495     19       4       10      0
     2518      .000000     4.000000      1    523     18       4        6      0
     2618      .000000     4.000000      1    548     15       4        4      0
     2723      .000000     4.000000      1    563     20       4        4      0
     2830      .000000     4.000000      1    599     22       4        5      0
     2949      .000000     4.000000      1    631     30       4        5      0
     3049      .000000     4.000000      1    658     20       4        3      0
     3151      .000000     4.000000      1    662     21       4        4      0
     3255      .000000     4.000000      1    680     18       4        6      0
     3364      .000000     4.000000      1    708     18       4        6      0
     3470      .000000     4.000000      1    708     19       4        5      0
     3575      .000000     4.000000      1    744     23       4        4      0
     3677      .000000     4.000000      1    748     22       4        5      0
     3778      .000000     4.000000      1    760     22       4        4      0
     3883      .000000     4.000000      1    755     24       4        8      0
     3997      .000000     4.000000      1    776     32       4        9      0
     4104      .000000     4.000000      1    802     19       4        2      0
     4207      .000000     4.000000      1    824     19       4        3      0
     4307      .000000     4.000000      1    863     12       4        7      0
     4415      .000000     4.000000      1    881     34       4        5      0
 Elapsed time (sec): 0, estimated tree completion: 0.39934
 Heap usage: 346MB (peak 346MB, 5643KB system)
 B&B tree size: 4.8MB total
  
     Node     BestSoln    BestBound   Sols Active  Depth     Gap     GInf   Time
     4517      .000000     4.000000      1    917     17       4        4      0
     4625      .000000     4.000000      1    917     21       4        8      0
     4726      .000000     4.000000      1    956     24       4        8      0
     4826      .000000     4.000000      1    978     15       4        6      0
     4937      .000000     4.000000      1   1014     18       4        7      0
     5043      .000000     4.000000      1   1019     19       4        5      0
     5152      .000000     4.000000      1   1021     17       4        5      0
     5256      .000000     4.000000      1   1019     18       4        2      0
     5357      .000000     4.000000      1   1021     17       4        7      0
     5463      .000000     4.000000      1   1051     18       4        3      0
     5567      .000000     4.000000      1   1108     16       4        5      0
     5673      .000000     4.000000      1   1109     21       4        4      0
     5775      .000000     4.000000      1   1109     18       4        6      0
     5880      .000000     4.000000      1   1119     14       4       10      0
     5984      .000000     4.000000      1   1135     19       4        6      0
     6086      .000000     4.000000      1   1141     22       4        6      0
     6192      .000000     4.000000      1   1187     24       4        5      0
     6296      .000000     4.000000      1   1227     16       4        7      0
     6401      .000000     4.000000      1   1227     20       4        4      0
     6502      .000000     4.000000      1   1227     18       4        5      0
 Elapsed time (sec): 0, estimated tree completion: 0.43102
 Heap usage: 348MB (peak 348MB, 5643KB system)
 B&B tree size: 6.0MB total
  
     Node     BestSoln    BestBound   Sols Active  Depth     Gap     GInf   Time
     6608      .000000     4.000000      1   1227     22       4        3      0
     6709      .000000     4.000000      1   1227     19       4        6      0
     6814      .000000     4.000000      1   1224     17       4        4      0
     6928      .000000     4.000000      1   1224     22       4        4      0
     7039      .000000     4.000000      1   1218     20       4        5      0
     7141      .000000     4.000000      1   1219     23       4        4      0
     7253      .000000     4.000000      1   1219     21       4        3      0
     7358      .000000     4.000000      1   1215     22       4        9      0
     7471      .000000     4.000000      1   1207     20       4        7      0
     7576      .000000     4.000000      1   1223     17       4        4      0
     7681      .000000     4.000000      1   1216     15       4        5      1
     7783      .000000     4.000000      1   1216     17       4        2      1
     7886      .000000     4.000000      1   1234     19       4        2      1
     7988      .000000     4.000000      1   1238     15       4        3      1
     8105      .000000     4.000000      1   1256     29       4        8      1
     8209      .000000     4.000000      1   1257     18       4        2      1
     8319      .000000     4.000000      1   1289     23       4        5      1
     8419      .000000     4.000000      1   1316     15       4        7      1
     8526      .000000     4.000000      1   1316     18       4        5      1
     8628      .000000     4.000000      1   1317     18       4        4      1
 Elapsed time (sec): 1, estimated tree completion: 0.44589
 Heap usage: 349MB (peak 349MB, 5643KB system)
 B&B tree size: 6.9MB total
  
     Node     BestSoln    BestBound   Sols Active  Depth     Gap     GInf   Time
     8746      .000000     4.000000      1   1340     21       4        5      1
     8849      .000000     4.000000      1   1356     21       4        6      1
     8956      .000000     4.000000      1   1356     18       4        5      1
     9062      .000000     4.000000      1   1356     15       4        6      1
     9164      .000000     4.000000      1   1353     21       4        5      1
     9266      .000000     4.000000      1   1427     16       4        3      1
     9370      .000000     4.000000      1   1440     17       4        7      1
     9484      .000000     4.000000      1   1471     19       4        8      1
     9592      .000000     4.000000      1   1471     21       4        3      1
     9701      .000000     4.000000      1   1492     18       4        5      1
     9811      .000000     4.000000      1   1496     22       4       12      1
     9912      .000000     4.000000      1   1502     17       4        3      1
 *   9982  2.04554E-05     4.000000      2   1502     50  100.00%       0      1
    10013  2.04554E-05     4.000000      2   1502     23  100.00%       8      1
    11020  2.04554E-05     4.000000      2   1602     18  100.00%       6      1
    12022  2.04554E-05     4.000000      2   1807     18  100.00%       8      1
    13024  2.04554E-05     4.000000      2   1815     25  100.00%       7      1
 *  13572  8.88809E-05     4.000000      3   1910     51  100.00%       0      1
    14026  8.88809E-05     4.000000      3   1972     16  100.00%       3      1
    15028  8.88809E-05     4.000000      3   2118     27  100.00%      11      1
 Elapsed time (sec): 1, estimated tree completion: 0.52556
 Heap usage: 354MB (peak 354MB, 5643KB system)
 B&B tree size: 10MB total
  
     Node     BestSoln    BestBound   Sols Active  Depth     Gap     GInf   Time
    16046  8.88809E-05     4.000000      3   2278     26  100.00%       5      1
    17049  8.88809E-05     4.000000      3   2378     35  100.00%       4      1
    18055  8.88809E-05     4.000000      3   2399     28  100.00%      12      1
    19059  8.88809E-05     4.000000      3   2463     20  100.00%       6      1
    20060  8.88809E-05     4.000000      3   2567     17  100.00%       8      1
    21075  8.88809E-05     4.000000      3   2675     29  100.00%      10      1
    22083  8.88809E-05     4.000000      3   2903     24  100.00%       9      1
    23097  8.88809E-05     4.000000      3   3042     15  100.00%       5      1
    24135  8.88809E-05     4.000000      3   3058     42  100.00%       3      1
    25194  8.88809E-05     4.000000      3   3049     27  100.00%       4      1
    26198  8.88809E-05     4.000000      3   3168     23  100.00%       3      1
    27222  8.88809E-05     4.000000      3   3235     34  100.00%       4      1
    28246  8.88809E-05     4.000000      3   3362     20  100.00%       5      2
    29286  8.88809E-05     4.000000      3   3451     23  100.00%       5      2
    30358  8.88809E-05     4.000000      3   3548     50  100.00%       2      2
    31359  8.88809E-05     4.000000      3   3584     22  100.00%       6      2
    32377  8.88809E-05     4.000000      3   3618     24  100.00%       4      2
    33406  8.88809E-05     4.000000      3   3611     27  100.00%       6      2
    34406  8.88809E-05     4.000000      3   3790     29  100.00%       8      2
    35413  8.88809E-05     4.000000      3   3887     18  100.00%       6      2
 Elapsed time (sec): 2, estimated tree completion: 0.66305
 Heap usage: 363MB (peak 363MB, 5643KB system)
 B&B tree size: 17MB total
  
     Node     BestSoln    BestBound   Sols Active  Depth     Gap     GInf   Time
    36435  8.88809E-05     4.000000      3   3966     26  100.00%       4      2
    37507  8.88809E-05     4.000000      3   4046     31  100.00%       5      2
    38528  8.88809E-05     4.000000      3   4052     26  100.00%       4      2
    39540  8.88809E-05     4.000000      3   4118     24  100.00%       4      2
    40568  8.88809E-05     4.000000      3   4152     24  100.00%       5      2
    41569  8.88809E-05     4.000000      3   4250     20  100.00%       2      2
    42589  8.88809E-05     4.000000      3   4330     19  100.00%       4      2
    43592  8.88809E-05     4.000000      3   4317     21  100.00%       4      2
    44615  8.88809E-05     4.000000      3   4378     22  100.00%       3      2
    45635  8.88809E-05     4.000000      3   4454     32  100.00%       8      2
    46674  8.88809E-05     4.000000      3   4492     32  100.00%       5      2
    47703  8.88809E-05     4.000000      3   4518     28  100.00%       6      2
    48706  8.88809E-05     4.000000      3   4580     25  100.00%       4      2
    49710  8.88809E-05     4.000000      3   4580     23  100.00%       3      2
    50710  8.88809E-05     4.000000      3   4854     19  100.00%       5      2
    51714  8.88809E-05     4.000000      3   4858     28  100.00%       5      2
    52792  8.88809E-05     4.000000      3   4883     30  100.00%       4      2
    53802  8.88809E-05     4.000000      3   4877     24  100.00%       4      2
    54805  8.88809E-05     4.000000      3   4910     20  100.00%       4      3
    55829  8.88809E-05     4.000000      3   4972     23  100.00%       9      3
 Elapsed time (sec): 3, estimated tree completion: 0.75245
 Heap usage: 371MB (peak 371MB, 5643KB system)
 B&B tree size: 22MB total
  
     Node     BestSoln    BestBound   Sols Active  Depth     Gap     GInf   Time
    56831  8.88809E-05     4.000000      3   5098     24  100.00%       3      3
    57848  8.88809E-05     4.000000      3   5081     24  100.00%       4      3
    58854  8.88809E-05     4.000000      3   5173     19  100.00%       2      3
    59904  8.88809E-05     4.000000      3   5259     23  100.00%       4      3
    60908  8.88809E-05     4.000000      3   5290     18  100.00%       6      3
    61930  8.88809E-05     4.000000      3   5266     32  100.00%       4      3
    62932  8.88809E-05     4.000000      3   5411     21  100.00%       3      3
    63933  8.88809E-05     4.000000      3   5518     20  100.00%       4      3
    64940  8.88809E-05     4.000000      3   5672     21  100.00%       4      3
    65952  8.88809E-05     4.000000      3   5694     30  100.00%       2      3
    66971  8.88809E-05     4.000000      3   5734     25  100.00%       4      3
    68001  8.88809E-05     4.000000      3   5842     32  100.00%       5      3
    69014  8.88809E-05     4.000000      3   5922     25  100.00%       8      3
    70050  8.88809E-05     4.000000      3   5943     30  100.00%       6      3
    71076  8.88809E-05     4.000000      3   5924     30  100.00%       6      3
    72120  8.88809E-05     4.000000      3   6015     39  100.00%       4      3
    73148  8.88809E-05     4.000000      3   6015     49  100.00%       2      3
    74157  8.88809E-05     4.000000      3   6113     20  100.00%       3      3
    75158  8.88809E-05     4.000000      3   6247     20  100.00%       4      3
    76165  8.88809E-05     4.000000      3   6247     19  100.00%       5      3
 Elapsed time (sec): 3, estimated tree completion: 0.86557
 Heap usage: 378MB (peak 378MB, 5643KB system)
 B&B tree size: 28MB total
  
     Node     BestSoln    BestBound   Sols Active  Depth     Gap     GInf   Time
    77176  8.88809E-05     4.000000      3   6292     23  100.00%       6      3
    78185  8.88809E-05     4.000000      3   6337     27  100.00%       5      3
    79223  8.88809E-05     4.000000      3   6386     22  100.00%       4      3
    80235  8.88809E-05     4.000000      3   6369     24  100.00%       4      3
    81244  8.88809E-05     4.000000      3   6405     24  100.00%       5      3
    82252  8.88809E-05     4.000000      3   6483     18  100.00%       2      4
    83266  8.88809E-05     4.000000      3   6524     25  100.00%       4      4
    84271  8.88809E-05     4.000000      3   6517     19  100.00%       4      4
    85287  8.88809E-05     4.000000      3   6587     21  100.00%       3      4
    86303  8.88809E-05     4.000000      3   6612     22  100.00%       7      4
    87303  8.88809E-05     4.000000      3   6700     17  100.00%       3      4
    88319  8.88809E-05     4.000000      3   6863     27  100.00%       5      4
    89320  8.88809E-05     4.000000      3   7085     21  100.00%       4      4
    90336  8.88809E-05     4.000000      3   7115     27  100.00%       4      4
    91336  8.88809E-05     4.000000      3   7124     18  100.00%       5      4
    92354  8.88809E-05     4.000000      3   7129     33  100.00%       4      4
    93360  8.88809E-05     4.000000      3   7304     22  100.00%       5      4
    94389  8.88809E-05     4.000000      3   7321     43  100.00%       2      4
    95404  8.88809E-05     4.000000      3   7345     21  100.00%       6      4
    96414  8.88809E-05     4.000000      3   7424     38  100.00%       5      4
 Elapsed time (sec): 4, estimated tree completion: 0.91238
 Heap usage: 383MB (peak 383MB, 5643KB system)
 B&B tree size: 32MB total
  
     Node     BestSoln    BestBound   Sols Active  Depth     Gap     GInf   Time
    97418  8.88809E-05     4.000000      3   7432     28  100.00%       4      4
    98430  8.88809E-05     4.000000      3   7471     30  100.00%       7      4
    99535  8.88809E-05     4.000000      3   7450     57  100.00%       2      4
   100552  8.88809E-05     4.000000      3   7540     36  100.00%       4      4
   110552  8.88809E-05     4.000000      3   8044     26  100.00%       5      5
   120561  8.88809E-05     3.894531      3   8609     23  100.00%       4      5
   130600  8.88809E-05     3.652832      3   8789     56  100.00%       3      5
   140607  8.88809E-05     2.346857      3   8742     28  100.00%       7      6
   150609  8.88809E-05     2.183959      3   8247     23  100.00%       5      6
   160613  8.88809E-05     2.000000      3   7666     27  100.00%       6      6
   170620  8.88809E-05     1.685232      3   7597     29   99.99%       6      7
   180638  8.88809E-05     1.625000      3   7869     27   99.99%       5      7
   190638  8.88809E-05     1.532827      3   7700     30   99.99%       5      7
   200638  8.88809E-05     1.354525      3   7487     30   99.99%       8      8
   210638  8.88809E-05     1.250000      3   7370     20   99.99%       5      8
   220672  8.88809E-05      .911393      3   8447     51   99.99%       2      8
   230677  8.88809E-05      .911393      3   9695     42   99.99%       4      9
   240708  8.88809E-05      .781250      3  11647     34   99.99%       4      9
   250785  8.88809E-05      .263711      3  14703     47   99.97%       3      9
   260815  8.88809E-05      .196946      3  17131     36   99.95%       4      9
 STOPPING - MAXTIME limit reached (TIMELIMIT=10.00  time=10.01).
 STOPPING - MAXTIME limit reached (TIMELIMIT=10.00  time=10.11).
  *** Search unfinished ***    Time:    10.11 Nodes:     260816
 Numerical issues encountered:
    Dual failures    :      1 out of    777447 (ratio: 0.0000)
 Heap usage: 82MB (peak 389MB, 354KB system)
 Final MINLP bound                     : 1.969459175070675e-01
   Max primal violation      (abs/rel) : 8.239e-06 / 5.142e-07
   Max integer violation     (abs    ) :       0.0
   Number of solutions found / nodes   :         3 /    260816
   Solution time / primaldual integral :     10.14s/ 99.994218%
   Work / work units per second        :      2.81 /      0.28
 OUTPUTLOG = 1
 HEUREMPHASIS = 0
 INPUTTOL = 0
 TIMELIMIT = 16200
 NLPPOSTSOLVE = 1
 XSLP_DELETIONCONTROL = 0
 XSLP_OBJSENSE = -1
  ------------------- Calling global solver ----------------- 
 FICO Xpress v9.8.0, Hyper, solve started 10:16:29, Dec 10, 2025
 Heap usage: 227KB (peak 227KB, 545KB system)
 Maximizing Nonconvex-MIQCP P-RU-((0, 0), (0, 0)) using up to 20 threads and up to 31GB memory
 Original problem has:
        121 rows           44 cols          594 elements        19 entities
 Presolved problem has:
        121 rows           67 cols          682 elements        19 entities
 Presolve finished in 0 seconds
 Heap usage: 1416KB (peak 1511KB, 545KB system)
 
 Coefficient range                    original                 solved        
   Coefficients   [min,max] : [ 1.00e+00,  1.00e+01] / [ 1.25e-01,  1.25e+00]
   RHS and bounds [min,max] : [ 1.00e+00,  2.00e+01] / [ 1.00e+00,  2.00e+01]
   Objective      [min,max] : [ 1.00e+00,  1.00e+00] / [ 2.00e+00,  2.00e+00]
 Autoscaling applied standard scaling
 
 Will try to keep branch and bound tree memory usage below 23.4GB
 Starting concurrent solve with dual (1 thread)
 
  Concurrent-Solve,   0s
             Dual        
     objective   dual inf
  D  4.0000000   .0000000
                         
 ------- optimal --------
 Concurrent statistics:
            Dual: 30 simplex iterations, 0.00s
 Optimal solution found
  
    Its         Obj Value      S   Ninf  Nneg   Sum Dual Inf  Time
     30          4.000000      D      0     0        .000000     0
 Dual solved problem
   30 simplex iterations in 0.00 seconds at time 0
 
 Final objective                       : 4.000000000000000e+00
   Max primal violation      (abs/rel) :       0.0 /       0.0
   Max dual violation        (abs/rel) :       0.0 /       0.0
   Max complementarity viol. (abs/rel) :       0.0 /       0.0
 
 Starting root cutting
  
  Its Type    BestSoln    BestBound   Sols    Add    Del     Gap     GInf   Time
    1  K                   4.000000      0     61     68               13      0
    2  K                   4.000000      0     11     48                9      0
    3  K                   4.000000      0     12      9                9      0
    4  K                   4.000000      0      9     13                9      0
    5  K                   4.000000      0      0      7                6      0
    6  G                   4.000000      0      6      0                6      0
    7  G                   4.000000      0     18     31               11      0
  
 Cuts in the matrix         : 21
 Cut elements in the matrix : 122
 
 Starting tree search.
Deterministic mode with up to 20 running threads and up to 64 tasks.
 Heap usage: 4477KB (peak 4726KB, 549KB system)
  
     Node     BestSoln    BestBound   Sols Active  Depth     Gap     GInf   Time
        1                  4.000000      0      2      1                8      0
        2                  4.000000      0      2      3                5      0
        3                  4.000000      0      2      2                9      0
        4                  4.000000      0      2      4                6      0
        5                  4.000000      0      2      5                8      0
        6                  4.000000      0      5      4                9      0
        7                  4.000000      0      5      4                5      0
        8                  4.000000      0      5      6                9      0
        9                  4.000000      0      5      5               10      0
       10                  4.000000      0      4      5                5      0
       29                  4.000000      0     12     15                7      0
       39                  4.000000      0     16     12                7      0
       50                  4.000000      0     22     13                7      0
       63                  4.000000      0     27     17                4      0
       75                  4.000000      0     34     16                6      0
       96                  4.000000      0     43     17                5      0
      113                  4.000000      0     54     17                3      0
      214                  4.000000      0     77     17                4      0
 *    236      .000000     4.000000      1     77     16       4        0      0
 Elapsed time (sec): 0, estimated tree completion: 0.13704
 Heap usage: 300MB (peak 300MB, 5171KB system)
 B&B tree size: 0.5MB total
  
     Node     BestSoln    BestBound   Sols Active  Depth     Gap     GInf   Time
      317      .000000     4.000000      1    100     13       4        6      0
      420      .000000     4.000000      1    115     21       4        5      0
      525      .000000     4.000000      1    147     16       4        5      0
      630      .000000     4.000000      1    176     17       4        9      0
      731      .000000     4.000000      1    211     14       4        5      0
      836      .000000     4.000000      1    236     18       4        4      0
      943      .000000     4.000000      1    269     15       4        6      0
     1043      .000000     4.000000      1    301     14       4        6      0
     1151      .000000     4.000000      1    310     19       4       10      0
     1251      .000000     4.000000      1    331     14       4        6      0
     1355      .000000     4.000000      1    362     15       4        9      0
     1460      .000000     4.000000      1    385     19       4        6      0
     1566      .000000     4.000000      1    402     17       4        6      0
     1672      .000000     4.000000      1    404     20       4        7      0
     1775      .000000     4.000000      1    424     25       4        4      0
     1878      .000000     4.000000      1    441     18       4        6      0
     1979      .000000     4.000000      1    440     14       4        9      0
     2083      .000000     4.000000      1    450     19       4        8      0
     2202      .000000     4.000000      1    455     31       4        6      0
     2311      .000000     4.000000      1    459     20       4        3      0
 Elapsed time (sec): 0, estimated tree completion: 0.30297
 Heap usage: 343MB (peak 343MB, 5743KB system)
 B&B tree size: 3.0MB total
  
     Node     BestSoln    BestBound   Sols Active  Depth     Gap     GInf   Time
     2414      .000000     4.000000      1    495     19       4       10      0
     2518      .000000     4.000000      1    523     18       4        6      0
     2618      .000000     4.000000      1    548     15       4        4      0
     2723      .000000     4.000000      1    563     20       4        4      0
     2830      .000000     4.000000      1    599     22       4        5      0
     2949      .000000     4.000000      1    631     30       4        5      0
     3049      .000000     4.000000      1    658     20       4        3      0
     3151      .000000     4.000000      1    662     21       4        4      0
     3255      .000000     4.000000      1    680     18       4        6      0
     3364      .000000     4.000000      1    708     18       4        6      0
     3470      .000000     4.000000      1    708     19       4        5      0
     3575      .000000     4.000000      1    744     23       4        4      0
     3677      .000000     4.000000      1    748     22       4        5      0
     3778      .000000     4.000000      1    760     22       4        4      0
     3883      .000000     4.000000      1    755     24       4        8      0
     3997      .000000     4.000000      1    776     32       4        9      0
     4104      .000000     4.000000      1    802     19       4        2      0
     4207      .000000     4.000000      1    824     19       4        3      0
     4307      .000000     4.000000      1    863     12       4        7      0
     4415      .000000     4.000000      1    881     34       4        5      0
 Elapsed time (sec): 0, estimated tree completion: 0.39934
 Heap usage: 346MB (peak 346MB, 5743KB system)
 B&B tree size: 4.9MB total
  
     Node     BestSoln    BestBound   Sols Active  Depth     Gap     GInf   Time
     4517      .000000     4.000000      1    917     17       4        4      0
     4625      .000000     4.000000      1    917     21       4        8      0
     4726      .000000     4.000000      1    956     24       4        8      0
     4826      .000000     4.000000      1    978     15       4        6      0
     4937      .000000     4.000000      1   1014     18       4        7      0
     5043      .000000     4.000000      1   1019     19       4        5      0
     5152      .000000     4.000000      1   1021     17       4        5      0
     5256      .000000     4.000000      1   1019     18       4        2      0
     5357      .000000     4.000000      1   1021     17       4        7      0
     5463      .000000     4.000000      1   1051     18       4        3      0
     5567      .000000     4.000000      1   1108     16       4        5      0
     5673      .000000     4.000000      1   1109     21       4        4      0
     5775      .000000     4.000000      1   1109     18       4        6      0
     5880      .000000     4.000000      1   1119     14       4       10      0
     5984      .000000     4.000000      1   1135     19       4        6      0
     6086      .000000     4.000000      1   1141     22       4        6      0
     6192      .000000     4.000000      1   1187     24       4        5      0
     6296      .000000     4.000000      1   1227     16       4        7      0
     6401      .000000     4.000000      1   1227     20       4        4      0
     6502      .000000     4.000000      1   1227     18       4        5      0
 Elapsed time (sec): 0, estimated tree completion: 0.43102
 Heap usage: 348MB (peak 348MB, 5743KB system)
 B&B tree size: 6.1MB total
  
     Node     BestSoln    BestBound   Sols Active  Depth     Gap     GInf   Time
     6608      .000000     4.000000      1   1227     22       4        3      0
     6709      .000000     4.000000      1   1227     19       4        6      0
     6814      .000000     4.000000      1   1224     17       4        4      0
     6928      .000000     4.000000      1   1224     22       4        4      0
     7039      .000000     4.000000      1   1218     20       4        5      0
     7141      .000000     4.000000      1   1219     23       4        4      0
     7253      .000000     4.000000      1   1219     21       4        3      0
     7358      .000000     4.000000      1   1215     22       4        9      0
     7471      .000000     4.000000      1   1207     20       4        7      0
     7576      .000000     4.000000      1   1223     17       4        4      0
     7681      .000000     4.000000      1   1216     15       4        5      0
     7783      .000000     4.000000      1   1216     17       4        2      0
     7886      .000000     4.000000      1   1234     19       4        2      0
     7988      .000000     4.000000      1   1238     15       4        3      0
     8105      .000000     4.000000      1   1256     29       4        8      0
     8209      .000000     4.000000      1   1257     18       4        2      0
     8319      .000000     4.000000      1   1289     23       4        5      0
     8419      .000000     4.000000      1   1316     15       4        7      1
     8526      .000000     4.000000      1   1316     18       4        5      1
     8628      .000000     4.000000      1   1317     18       4        4      1
 Elapsed time (sec): 1, estimated tree completion: 0.44589
 Heap usage: 349MB (peak 349MB, 5743KB system)
 B&B tree size: 6.8MB total
  
     Node     BestSoln    BestBound   Sols Active  Depth     Gap     GInf   Time
     8746      .000000     4.000000      1   1340     21       4        5      1
     8849      .000000     4.000000      1   1356     21       4        6      1
     8956      .000000     4.000000      1   1356     18       4        5      1
     9062      .000000     4.000000      1   1356     15       4        6      1
     9164      .000000     4.000000      1   1353     21       4        5      1
     9266      .000000     4.000000      1   1427     16       4        3      1
     9370      .000000     4.000000      1   1440     17       4        7      1
     9484      .000000     4.000000      1   1471     19       4        8      1
     9592      .000000     4.000000      1   1471     21       4        3      1
     9701      .000000     4.000000      1   1492     18       4        5      1
     9811      .000000     4.000000      1   1496     22       4       12      1
     9912      .000000     4.000000      1   1502     17       4        3      1
 *   9982  2.04554E-05     4.000000      2   1502     50  100.00%       0      1
    10013  2.04554E-05     4.000000      2   1502     23  100.00%       8      1
    11020  2.04554E-05     4.000000      2   1602     18  100.00%       6      1
    12022  2.04554E-05     4.000000      2   1807     18  100.00%       8      1
    13024  2.04554E-05     4.000000      2   1815     25  100.00%       7      1
 *  13572  8.88809E-05     4.000000      3   1910     51  100.00%       0      1
    14026  8.88809E-05     4.000000      3   1972     16  100.00%       3      1
    15028  8.88809E-05     4.000000      3   2118     27  100.00%      11      1
 Elapsed time (sec): 1, estimated tree completion: 0.52556
 Heap usage: 354MB (peak 354MB, 5743KB system)
 B&B tree size: 10MB total
  
     Node     BestSoln    BestBound   Sols Active  Depth     Gap     GInf   Time
    16046  8.88809E-05     4.000000      3   2278     26  100.00%       5      1
    17049  8.88809E-05     4.000000      3   2378     35  100.00%       4      1
    18055  8.88809E-05     4.000000      3   2399     28  100.00%      12      1
    19059  8.88809E-05     4.000000      3   2463     20  100.00%       6      1
    20060  8.88809E-05     4.000000      3   2567     17  100.00%       8      1
    21075  8.88809E-05     4.000000      3   2675     29  100.00%      10      1
    22083  8.88809E-05     4.000000      3   2903     24  100.00%       9      1
    23097  8.88809E-05     4.000000      3   3042     15  100.00%       5      1
    24135  8.88809E-05     4.000000      3   3058     42  100.00%       3      1
    25194  8.88809E-05     4.000000      3   3049     27  100.00%       4      1
    26198  8.88809E-05     4.000000      3   3168     23  100.00%       3      1
    27222  8.88809E-05     4.000000      3   3235     34  100.00%       4      1
    28246  8.88809E-05     4.000000      3   3362     20  100.00%       5      1
    29286  8.88809E-05     4.000000      3   3451     23  100.00%       5      2
    30358  8.88809E-05     4.000000      3   3548     50  100.00%       2      2
    31359  8.88809E-05     4.000000      3   3584     22  100.00%       6      2
    32377  8.88809E-05     4.000000      3   3618     24  100.00%       4      2
    33406  8.88809E-05     4.000000      3   3611     27  100.00%       6      2
    34406  8.88809E-05     4.000000      3   3790     29  100.00%       8      2
    35413  8.88809E-05     4.000000      3   3887     18  100.00%       6      2
 Elapsed time (sec): 2, estimated tree completion: 0.66305
 Heap usage: 363MB (peak 363MB, 5743KB system)
 B&B tree size: 17MB total
  
     Node     BestSoln    BestBound   Sols Active  Depth     Gap     GInf   Time
    36435  8.88809E-05     4.000000      3   3966     26  100.00%       4      2
    37507  8.88809E-05     4.000000      3   4046     31  100.00%       5      2
    38528  8.88809E-05     4.000000      3   4052     26  100.00%       4      2
    39540  8.88809E-05     4.000000      3   4118     24  100.00%       4      2
    40568  8.88809E-05     4.000000      3   4152     24  100.00%       5      2
    41569  8.88809E-05     4.000000      3   4250     20  100.00%       2      2
    42589  8.88809E-05     4.000000      3   4330     19  100.00%       4      2
    43592  8.88809E-05     4.000000      3   4317     21  100.00%       4      2
    44615  8.88809E-05     4.000000      3   4378     22  100.00%       3      2
    45635  8.88809E-05     4.000000      3   4454     32  100.00%       8      2
    46674  8.88809E-05     4.000000      3   4492     32  100.00%       5      2
    47703  8.88809E-05     4.000000      3   4518     28  100.00%       6      2
    48706  8.88809E-05     4.000000      3   4580     25  100.00%       4      2
    49710  8.88809E-05     4.000000      3   4580     23  100.00%       3      2
    50710  8.88809E-05     4.000000      3   4854     19  100.00%       5      2
    51714  8.88809E-05     4.000000      3   4858     28  100.00%       5      2
    52792  8.88809E-05     4.000000      3   4883     30  100.00%       4      2
    53802  8.88809E-05     4.000000      3   4877     24  100.00%       4      2
    54805  8.88809E-05     4.000000      3   4910     20  100.00%       4      2
    55829  8.88809E-05     4.000000      3   4972     23  100.00%       9      3
 Elapsed time (sec): 3, estimated tree completion: 0.75245
 Heap usage: 371MB (peak 371MB, 5743KB system)
 B&B tree size: 22MB total
  
     Node     BestSoln    BestBound   Sols Active  Depth     Gap     GInf   Time
    56831  8.88809E-05     4.000000      3   5098     24  100.00%       3      3
    57848  8.88809E-05     4.000000      3   5081     24  100.00%       4      3
    58854  8.88809E-05     4.000000      3   5173     19  100.00%       2      3
    59904  8.88809E-05     4.000000      3   5259     23  100.00%       4      3
    60908  8.88809E-05     4.000000      3   5290     18  100.00%       6      3
    61930  8.88809E-05     4.000000      3   5266     32  100.00%       4      3
    62932  8.88809E-05     4.000000      3   5411     21  100.00%       3      3
    63933  8.88809E-05     4.000000      3   5518     20  100.00%       4      3
    64940  8.88809E-05     4.000000      3   5672     21  100.00%       4      3
    65952  8.88809E-05     4.000000      3   5694     30  100.00%       2      3
    66971  8.88809E-05     4.000000      3   5734     25  100.00%       4      3
    68001  8.88809E-05     4.000000      3   5842     32  100.00%       5      3
    69014  8.88809E-05     4.000000      3   5922     25  100.00%       8      3
    70050  8.88809E-05     4.000000      3   5943     30  100.00%       6      3
    71076  8.88809E-05     4.000000      3   5924     30  100.00%       6      3
    72120  8.88809E-05     4.000000      3   6015     39  100.00%       4      3
    73148  8.88809E-05     4.000000      3   6015     49  100.00%       2      3
    74157  8.88809E-05     4.000000      3   6113     20  100.00%       3      3
    75158  8.88809E-05     4.000000      3   6247     20  100.00%       4      3
    76165  8.88809E-05     4.000000      3   6247     19  100.00%       5      3
 Elapsed time (sec): 3, estimated tree completion: 0.86557
 Heap usage: 378MB (peak 378MB, 5743KB system)
 B&B tree size: 28MB total
  
     Node     BestSoln    BestBound   Sols Active  Depth     Gap     GInf   Time
    77176  8.88809E-05     4.000000      3   6292     23  100.00%       6      3
    78185  8.88809E-05     4.000000      3   6337     27  100.00%       5      3
    79223  8.88809E-05     4.000000      3   6386     22  100.00%       4      3
    80235  8.88809E-05     4.000000      3   6369     24  100.00%       4      3
    81244  8.88809E-05     4.000000      3   6405     24  100.00%       5      3
    82252  8.88809E-05     4.000000      3   6483     18  100.00%       2      3
    83266  8.88809E-05     4.000000      3   6524     25  100.00%       4      4
    84271  8.88809E-05     4.000000      3   6517     19  100.00%       4      4
    85287  8.88809E-05     4.000000      3   6587     21  100.00%       3      4
    86303  8.88809E-05     4.000000      3   6612     22  100.00%       7      4
    87303  8.88809E-05     4.000000      3   6700     17  100.00%       3      4
    88319  8.88809E-05     4.000000      3   6863     27  100.00%       5      4
    89320  8.88809E-05     4.000000      3   7085     21  100.00%       4      4
    90336  8.88809E-05     4.000000      3   7115     27  100.00%       4      4
    91336  8.88809E-05     4.000000      3   7124     18  100.00%       5      4
    92354  8.88809E-05     4.000000      3   7129     33  100.00%       4      4
    93360  8.88809E-05     4.000000      3   7304     22  100.00%       5      4
    94389  8.88809E-05     4.000000      3   7321     43  100.00%       2      4
    95404  8.88809E-05     4.000000      3   7345     21  100.00%       6      4
    96414  8.88809E-05     4.000000      3   7424     38  100.00%       5      4
 Elapsed time (sec): 4, estimated tree completion: 0.91238
 Heap usage: 383MB (peak 383MB, 5743KB system)
 B&B tree size: 32MB total
  
     Node     BestSoln    BestBound   Sols Active  Depth     Gap     GInf   Time
    97418  8.88809E-05     4.000000      3   7432     28  100.00%       4      4
    98430  8.88809E-05     4.000000      3   7471     30  100.00%       7      4
    99535  8.88809E-05     4.000000      3   7450     57  100.00%       2      4
   100552  8.88809E-05     4.000000      3   7540     36  100.00%       4      4
   110552  8.88809E-05     4.000000      3   8044     26  100.00%       5      4
   120561  8.88809E-05     3.894531      3   8609     23  100.00%       4      5
   130600  8.88809E-05     3.652832      3   8789     56  100.00%       3      5
   140607  8.88809E-05     2.346857      3   8742     28  100.00%       7      5
   150609  8.88809E-05     2.183959      3   8247     23  100.00%       5      6
   160613  8.88809E-05     2.000000      3   7666     27  100.00%       6      6
   170620  8.88809E-05     1.685232      3   7597     29   99.99%       6      7
   180638  8.88809E-05     1.625000      3   7869     27   99.99%       5      7
   190638  8.88809E-05     1.532827      3   7700     30   99.99%       5      7
   200638  8.88809E-05     1.354525      3   7487     30   99.99%       8      8
   210638  8.88809E-05     1.250000      3   7370     20   99.99%       5      8
   220672  8.88809E-05      .911393      3   8447     51   99.99%       2      8
   230677  8.88809E-05      .911393      3   9695     42   99.99%       4      8
   240708  8.88809E-05      .781250      3  11647     34   99.99%       4      9
   250785  8.88809E-05      .263711      3  14703     47   99.97%       3      9
   260815  8.88809E-05      .196946      3  17131     36   99.95%       4      9
 Elapsed time (sec): 10, estimated tree completion: 0.99999
 Heap usage: 454MB (peak 454MB, 5743KB system)
 B&B tree size: 91MB total
  
     Node     BestSoln    BestBound   Sols Active  Depth     Gap     GInf   Time
   270826  8.88809E-05      .179293      3  18682     58   99.95%       2     10
   280899  8.88809E-05      .179293      3  22156     65   99.95%       2     10
   290939  8.88809E-05      .179293      3  25163     50   99.95%       2     10
   300993  8.88809E-05      .128949      3  28474     51   99.93%       2     10
   311005  8.88809E-05      .128949      3  31519     48   99.93%       3     11
   321092  8.88809E-05      .119209      3  34082     52   99.93%       2     11
   331106  8.88809E-05      .119209      3  37721     38   99.93%       2     11
   341225  8.88809E-05      .107505      3  40829     56   99.92%       2     12
   351303  8.88809E-05      .107505      3  43451     56   99.92%       3     12
   361396  8.88809E-05      .107505      3  46518     67   99.92%       2     12
   371470  8.88809E-05      .088917      3  49324     65   99.90%       2     12
   381473  8.88809E-05      .087507      3  51984     66   99.90%       2     13
   391497  8.88809E-05      .087507      3  55204     59   99.90%       2     13
   401530  8.88809E-05      .077694      3  59041     54   99.89%       3     13
   411610  8.88809E-05      .072366      3  62179     62   99.88%       3     13
   421710  8.88809E-05      .072366      3  65971     57   99.88%       2     14
   431734  8.88809E-05      .063690      3  69460     67   99.86%       2     14
   441743  8.88809E-05      .059802      3  72352     54   99.85%       3     14
   451808  8.88809E-05      .059802      3  76016     52   99.85%       3     15
   461890  8.88809E-05      .059147      3  79105     50   99.85%       4     15
 Elapsed time (sec): 15, estimated tree completion: 0.99999
 Heap usage: 669MB (peak 669MB, 5743KB system)
 B&B tree size: 291MB total
  
     Node     BestSoln    BestBound   Sols Active  Depth     Gap     GInf   Time
   471892  8.88809E-05      .055525      3  82626     35   99.84%       2     15
 * 481300  1.03443E-04      .055490      4  85444     68   99.81%       0     15
   481895  1.03443E-04      .055490      4  85444     60   99.81%       3     15
   491918  1.03443E-04      .053533      4  87803     40   99.81%       2     16
   501918  1.03443E-04      .052165      4  91298     34   99.80%       4     16
   511956  1.03443E-04      .050696      4  93887     47   99.80%       3     16
   521994  1.03443E-04      .050370      4  95875     57   99.79%       3     17
   531999  1.03443E-04      .049063      4 100146     45   99.79%       3     17
   542008  1.03443E-04      .049063      4 102876     42   99.79%       4     17
   552071  1.03443E-04      .049000      4 106015     49   99.79%       4     17
   562100  1.03443E-04      .046566      4 109564     50   99.78%       3     18
   572124  1.03443E-04      .046566      4 112477     37   99.78%       3     18
   582211  1.03443E-04      .046566      4 116063     62   99.78%       2     18
   592240  1.03443E-04      .046566      4 117721     49   99.78%       3     19
   602255  1.03443E-04      .046566      4 120823     54   99.78%       3     19
   612320  1.03443E-04      .042540      4 123342     63   99.76%       2     19
   622356  1.03443E-04      .041006      4 127695     49   99.75%       2     19
   632367  1.03443E-04      .038974      4 130087     57   99.73%       4     20
   642415  1.03443E-04      .038974      4 133406     52   99.73%       3     20
 * 651889  1.16613E-04      .038514      5 136788     79   99.70%       0     20
 Elapsed time (sec): 20, estimated tree completion: 0.99999
 Heap usage: 861MB (peak 861MB, 5743KB system)
 B&B tree size: 467MB total
  
     Node     BestSoln    BestBound   Sols Active  Depth     Gap     GInf   Time
   652708  1.16613E-04      .038514      5 136521      1   99.70%       2     20
   662708  1.16613E-04      .036253      5 139274     56   99.68%       3     20
   672783  1.16613E-04      .035007      5 143542     48   99.67%       2     21
   682820  1.16613E-04      .034934      5 146413     61   99.67%       4     21
   692832  1.16613E-04      .034184      5 149033     44   99.66%       3     21
   702922  1.16613E-04      .034003      5 152532     46   99.66%       3     22
   713021  1.16613E-04      .033214      5 155990     62   99.65%       4     22
   723073  1.16613E-04      .033214      5 159095     48   99.65%       3     22
   733081  1.16613E-04      .033153      5 162202     56   99.65%       3     23
   743147  1.16613E-04      .033153      5 164393     49   99.65%       4     23
   753149  1.16613E-04      .031816      5 168069     46   99.63%       2     23
   763159  1.16613E-04      .031416      5 170845     37   99.63%       4     23
   773186  1.16613E-04      .031416      5 173816     53   99.63%       2     24
   783225  1.16613E-04      .030417      5 176638     74   99.62%       2     24
   793290  1.16613E-04      .029574      5 179572     63   99.61%       3     24
   803333  1.16613E-04      .029574      5 182058     52   99.61%       3     25
   813337  1.16613E-04      .028665      5 185150     56   99.59%       3     25
   823366  1.16613E-04      .028539      5 188685     66   99.59%       3     25
   833385  1.16613E-04      .028233      5 191596     50   99.59%       3     25
   843457  1.16613E-04      .028233      5 193798     55   99.59%       3     26
 Elapsed time (sec): 26, estimated tree completion: 0.99999
 Heap usage: 1067MB (peak 1067MB, 5743KB system)
 B&B tree size: 0.6GB total
  
     Node     BestSoln    BestBound   Sols Active  Depth     Gap     GInf   Time
   853513  1.16613E-04      .027480      5 196745     62   99.58%       3     26
   863596  1.16613E-04      .027385      5 200587     70   99.57%       5     26
   873602  1.16613E-04      .027385      5 202792     54   99.57%       3     27
   883622  1.16613E-04      .026558      5 206753     70   99.56%       3     27
   893658  1.16613E-04      .026558      5 209046     53   99.56%       3     27
   903722  1.16613E-04      .025854      5 211830     55   99.55%       3     27
   913731  1.16613E-04      .025854      5 215478     88   99.55%       4     28
   923736  1.16613E-04      .025243      5 217471     57   99.54%       3     28
   933776  1.16613E-04      .025243      5 220055     71   99.54%       3     28
   943787  1.16613E-04      .024420      5 225010     48   99.52%       4     29
   953842  1.16613E-04      .024411      5 227297     64   99.52%       3     29
   963854  1.16613E-04      .024411      5 229852     46   99.52%       3     29
   973891  1.16613E-04      .023657      5 233114     58   99.51%       3     30
   983922  1.16613E-04      .023657      5 235800     47   99.51%       3     30
   993975  1.16613E-04      .023657      5 238984     52   99.51%       3     30
  1004035  1.16613E-04      .022916      5 241452     49   99.49%       3     30
  1014091  1.16613E-04      .022916      5 244066     76   99.49%       3     31
  1024106  1.16613E-04      .022077      5 247402     48   99.47%       3     31
  1034122  1.16613E-04      .022077      5 249794     50   99.47%       4     31
  1044131  1.16613E-04      .021771      5 252553     61   99.46%       2     32
 Elapsed time (sec): 32, estimated tree completion: 0.99999
 Heap usage: 1264MB (peak 1264MB, 5743KB system)
 B&B tree size: 0.8GB total
                8.2MB active node information
  
     Node     BestSoln    BestBound   Sols Active  Depth     Gap     GInf   Time
  1054158  1.16613E-04      .021659      5 255341     70   99.46%       2     32
  1064161  1.16613E-04      .021434      5 258584     55   99.46%       3     32
  1074168  1.16613E-04      .021247      5 261185     57   99.45%       2     32
  1084172  1.16613E-04      .020785      5 264057     50   99.44%       3     33
  1094179  1.16613E-04      .020785      5 267489     67   99.44%       4     33
  1104204  1.16613E-04      .020615      5 271291     55   99.43%       2     33
  1114319  1.16613E-04      .020183      5 274047     59   99.42%       2     34
  1124355  1.16613E-04      .020183      5 277374     56   99.42%       3     34
  1134390  1.16613E-04      .020183      5 279460     52   99.42%       4     34
  1144414  1.16613E-04      .019194      5 283536     69   99.39%       3     35
  1154492  1.16613E-04      .019194      5 286719     58   99.39%       3     35
  1164526  1.16613E-04      .019194      5 289017     57   99.39%       3     35
  1174577  1.16613E-04      .018804      5 292244     57   99.38%       3     35
  1184618  1.16613E-04      .018610      5 295684     48   99.37%       3     36
  1194634  1.16613E-04      .018610      5 298163     53   99.37%       3     36
  1204658  1.16613E-04      .018610      5 300459     49   99.37%       3     36
  1214699  1.16613E-04      .018610      5 305369     57   99.37%       3     37
  1224700  1.16613E-04      .018453      5 307977     55   99.37%       3     37
  1234707  1.16613E-04      .018171      5 310549     33   99.36%       3     37
  1244757  1.16613E-04      .018131      5 314857     52   99.36%       3     38
 Elapsed time (sec): 38, estimated tree completion: 0.99999
 Heap usage: 1469MB (peak 1469MB, 5743KB system)
 B&B tree size: 1.0GB total
                10MB active node information
  
     Node     BestSoln    BestBound   Sols Active  Depth     Gap     GInf   Time
  1254775  1.16613E-04      .017858      5 317388     43   99.35%       3     38
  1264787  1.16613E-04      .017858      5 320409     65   99.35%       3     38
  1274793  1.16613E-04      .017858      5 322992     50   99.35%       3     38
  1284828  1.16613E-04      .017373      5 326891     70   99.33%       2     39
  1294842  1.16613E-04      .017373      5 330178     58   99.33%       4     39
  1304865  1.16613E-04      .017336      5 332877     61   99.33%       3     39
  1314899  1.16613E-04      .017155      5 335797     39   99.32%       4     40
  1324915  1.16613E-04      .017075      5 339231     56   99.32%       4     40
  1334926  1.16613E-04      .017075      5 342319     50   99.32%       4     40
  1344958  1.16613E-04      .016976      5 344797     52   99.31%       4     41
  1355000  1.16613E-04      .016905      5 347656     50   99.31%       2     41
  1365112  1.16613E-04      .016531      5 351594     71   99.29%       3     41
  1375116  1.16613E-04      .016531      5 353952     66   99.29%       3     41
  1385123  1.16613E-04      .016407      5 357530     52   99.29%       4     42
  1395190  1.16613E-04      .016407      5 359862     52   99.29%       3     42
  1405208  1.16613E-04      .016407      5 362379     59   99.29%       2     42
  1415247  1.16613E-04      .016369      5 366928     56   99.29%       4     43
  1425260  1.16613E-04      .015969      5 369356     46   99.27%       3     43
  1435316  1.16613E-04      .015969      5 371829     86   99.27%       2     43
  1445345  1.16613E-04      .015813      5 374837     56   99.26%       2     44
 Elapsed time (sec): 44, estimated tree completion: 0.99999
 Heap usage: 1663MB (peak 1663MB, 5743KB system)
 B&B tree size: 1.1GB total
                11MB active node information
  
     Node     BestSoln    BestBound   Sols Active  Depth     Gap     GInf   Time
  1455366  1.16613E-04      .015659      5 377591     70   99.26%       2     44
  1465434  1.16613E-04      .015659      5 381292     57   99.26%       4     44
  1475457  1.16613E-04      .015594      5 383736     61   99.25%       2     45
  1485509  1.16613E-04      .015341      5 386983     54   99.24%       3     45
  1495582  1.16613E-04      .015341      5 390319     54   99.24%       2     45
  1505629  1.16613E-04      .015146      5 392953     55   99.23%       3     45
  1515669  1.16613E-04      .015022      5 395377     51   99.22%       4     46
  1525706  1.16613E-04      .014959      5 398331     48   99.22%       4     46
  1535710  1.16613E-04      .014882      5 402130     57   99.22%       3     46
  1545712  1.16613E-04      .014882      5 404518     51   99.22%       2     47
  1555713  1.16613E-04      .014882      5 406949     55   99.22%       2     47
  1565714  1.16613E-04      .014568      5 409579     41   99.20%       2     47
  1575728  1.16613E-04      .014369      5 412655     48   99.19%       2     47
  1585733  1.16613E-04      .014369      5 414903     45   99.19%       4     48
  1595770  1.16613E-04      .014369      5 418217     53   99.19%       2     48
  1605779  1.16613E-04      .014279      5 421480     45   99.18%       4     48
  1615782  1.16613E-04      .014279      5 423732     52   99.18%       4     49
  1625835  1.16613E-04      .014279      5 427078     50   99.18%       2     49
  1635842  1.16613E-04      .013878      5 430472     47   99.16%       4     49
  1645872  1.16613E-04      .013841      5 432663     66   99.16%       4     50
 Elapsed time (sec): 50, estimated tree completion: 0.99999
 Heap usage: 1849MB (peak 1849MB, 5743KB system)
 B&B tree size: 1.3GB total
                13MB active node information
  
     Node     BestSoln    BestBound   Sols Active  Depth     Gap     GInf   Time
  1655875  1.16613E-04      .013731      5 435727     47   99.15%       3     50
  1665882  1.16613E-04      .013675      5 438665     45   99.15%       3     50
  1675925  1.16613E-04      .013665      5 441929     76   99.15%       4     51
  1685964  1.16613E-04      .013525      5 444417     51   99.14%       3     51
  1695965  1.16613E-04      .013525      5 447115     55   99.14%       2     51
  1705980  1.16613E-04      .013525      5 450424     54   99.14%       3     52
  1716074  1.16613E-04      .013525      5 452671     72   99.14%       6     52
  1726118  1.16613E-04      .013109      5 456665     79   99.11%       3     52
  1736249  1.16613E-04      .013107      5 459733     74   99.11%       4     52
  1746256  1.16613E-04      .013107      5 462545     69   99.11%       3     53
  1756298  1.16613E-04      .013107      5 465201     54   99.11%       2     53
  1766340  1.16613E-04      .013107      5 469250     57   99.11%       3     54
  1776386  1.16613E-04      .013107      5 470761     67   99.11%       2     54
  1786414  1.16613E-04      .013107      5 474681     48   99.11%       4     54
  1796418  1.16613E-04      .012672      5 477407     51   99.08%       4     55
  1806453  1.16613E-04      .012672      5 480556     86   99.08%       4     55
  1816474  1.16613E-04      .012480      5 484427     76   99.07%       3     55
  1826489  1.16613E-04      .012480      5 486658     76   99.07%       4     56
  1836527  1.16613E-04      .012440      5 489564     53   99.06%       3     56
  1846557  1.16613E-04      .012440      5 492981     45   99.06%       3     56
 Elapsed time (sec): 56, estimated tree completion: 0.99999
 Heap usage: 2038MB (peak 2038MB, 5743KB system)
 B&B tree size: 1.5GB total
                15MB active node information
  
     Node     BestSoln    BestBound   Sols Active  Depth     Gap     GInf   Time
  1856566  1.16613E-04      .012440      5 495374     46   99.06%       2     57
  1866640  1.16613E-04      .012199      5 500292     72   99.04%       2     57
  1876670  1.16613E-04      .012051      5 502896     64   99.03%       3     57
  1886695  1.16613E-04      .011975      5 505512     45   99.03%       2     58
  1896797  1.16613E-04      .011975      5 508464     88   99.03%       4     58
  1906801  1.16613E-04      .011975      5 511394     54   99.03%       4     58
  1916917  1.16613E-04      .011852      5 515269     89   99.02%       3     59
  1926976  1.16613E-04      .011794      5 518680     56   99.01%       3     59
  1936997  1.16613E-04      .011763      5 521305     55   99.01%       3     59
  1947005  1.16613E-04      .011624      5 524737     51   99.00%       2     60
  1957011  1.16613E-04      .011624      5 527804     81   99.00%       4     60
  1967054  1.16613E-04      .011485      5 530790     56   98.98%       3     60
  1977169  1.16613E-04      .011449      5 534521     83   98.98%       4     61
  1987219  1.16613E-04      .011370      5 536913     43   98.97%       4     61
  1997239  1.16613E-04      .011369      5 540578     48   98.97%       2     61
  2007327  1.16613E-04      .011369      5 543700     67   98.97%       2     62
  2017337  1.16613E-04      .011369      5 546631     66   98.97%       2     62
  2027339  1.16613E-04      .011212      5 549933     54   98.96%       3     62
  2037354  1.16613E-04      .011195      5 552311     62   98.96%       2     63
  2047452  1.16613E-04      .011141      5 555682     66   98.95%       3     63
 Elapsed time (sec): 63, estimated tree completion: 0.99999
 Heap usage: 2233MB (peak 2233MB, 5743KB system)
 B&B tree size: 1.6GB total
                17MB active node information
  
     Node     BestSoln    BestBound   Sols Active  Depth     Gap     GInf   Time
  2057493  1.16613E-04      .011083      5 558523     45   98.95%       3     63
  2067604  1.16613E-04      .011040      5 562106     57   98.94%       3     64
  2077633  1.16613E-04      .011040      5 564936     44   98.94%       3     64
  2087699  1.16613E-04      .010949      5 568031     80   98.93%       4     64
  2097740  1.16613E-04      .010949      5 570443     59   98.93%       2     65
  2107786  1.16613E-04      .010912      5 574095     67   98.93%       3     65
  2117803  1.16613E-04      .010793      5 577759     50   98.92%       4     65
  2127830  1.16613E-04      .010793      5 580320     59   98.92%       3     65
  2137836  1.16613E-04      .010793      5 583909     81   98.92%       2     66
  2147886  1.16613E-04      .010793      5 586813     75   98.92%       2     66
  2157905  1.16613E-04      .010631      5 589075     69   98.90%       3     66
  2167934  1.16613E-04      .010621      5 592725     64   98.90%       2     67
  2177957  1.16613E-04      .010621      5 596017     68   98.90%       3     67
  2188000  1.16613E-04      .010570      5 599403     41   98.90%       4     67
  2198034  1.16613E-04      .010537      5 602043     52   98.89%       3     68
  2208093  1.16613E-04      .010476      5 604993     60   98.89%       3     68
  2218130  1.16613E-04      .010409      5 608247     47   98.88%       2     68
  2228212  1.16613E-04      .010409      5 611414     53   98.88%       3     69
  2238242  1.16613E-04      .010326      5 614121     53   98.87%       2     69
  2248290  1.16613E-04      .010326      5 616071     49   98.87%       2     69
 Elapsed time (sec): 69, estimated tree completion: 0.99999
 Heap usage: 2419MB (peak 2419MB, 5743KB system)
 B&B tree size: 1.8GB total
                19MB active node information
  
     Node     BestSoln    BestBound   Sols Active  Depth     Gap     GInf   Time
  2258305  1.16613E-04      .010291      5 619911     40   98.87%       3     69
  2268354  1.16613E-04      .010244      5 622757     63   98.86%       2     70
  2278371  1.16613E-04      .010212      5 625435     54   98.86%       4     70
  2288377  1.16613E-04      .010131      5 628744     56   98.85%       3     70
  2298410  1.16613E-04      .010131      5 631621     66   98.85%       3     71
  2308496  1.16613E-04      .010128      5 635012     86   98.85%       2     71
  2318496  1.16613E-04      .010109      5 637823     48   98.85%       3     71
  2328509  1.16613E-04      .010103      5 641006     60   98.85%       2     72
  2338568  1.16613E-04      .010028      5 643625     63   98.84%       3     72
  2348581  1.16613E-04      .010017      5 646527     50   98.84%       4     72
  2358637  1.16613E-04      .009981      5 649676     52   98.83%       2     72
  2368685  1.16613E-04      .009966      5 652582     44   98.83%       3     73
  2378729  1.16613E-04      .009888      5 655519     79   98.82%       6     73
  2388749  1.16613E-04      .009888      5 658105     62   98.82%       3     73
  2398839  1.16613E-04      .009869      5 660512     79   98.82%       4     74
  2408856  1.16613E-04      .009833      5 664472     65   98.81%       3     74
  2418883  1.16613E-04      .009811      5 667217     69   98.81%       2     74
  2428895  1.16613E-04      .009785      5 669989     56   98.81%       2     75
  2438907  1.16613E-04      .009757      5 672509     49   98.80%       3     75
  2448919  1.16613E-04      .009727      5 676047     48   98.80%       2     75
 Elapsed time (sec): 76, estimated tree completion: 0.99999
 Heap usage: 2599MB (peak 2599MB, 5743KB system)
 B&B tree size: 2.0GB total
                21MB active node information
  
     Node     BestSoln    BestBound   Sols Active  Depth     Gap     GInf   Time
  2458955  1.16613E-04      .009702      5 678964     56   98.80%       2     76
  2468995  1.16613E-04      .009684      5 681322     59   98.80%       4     76
  2479006  1.16613E-04      .009669      5 683857     71   98.79%       3     76
  2489030  1.16613E-04      .009658      5 687383     57   98.79%       2     76
  2499051  1.16613E-04      .009658      5 689138     57   98.79%       2     77
  2509080  1.16613E-04      .009617      5 693082     57   98.79%       3     77
  2519132  1.16613E-04      .009617      5 695463     60   98.79%       4     77
  2529189  1.16613E-04      .009540      5 697972     60   98.78%       2     78
  2539189  1.16613E-04      .009530      5 701761     60   98.78%       3     78
  2549221  1.16613E-04      .009530      5 704875     60   98.78%       2     78
  2559233  1.16613E-04      .009447      5 707229     48   98.77%       3     79
  2569234  1.16613E-04      .009447      5 710005     39   98.77%       4     79
  2579284  1.16613E-04      .009400      5 712950     48   98.76%       3     79
  2589291  1.16613E-04      .009375      5 715461     49   98.76%       3     79
  2599296  1.16613E-04      .009313      5 718073     47   98.75%       2     80
  2609331  1.16613E-04      .009313      5 720474     59   98.75%       2     80
  2619394  1.16613E-04      .009296      5 723386     84   98.75%       2     80
  2629452  1.16613E-04      .009286      5 726555     54   98.74%       2     81
  2639465  1.16613E-04      .009286      5 729708     43   98.74%       3     81
  2649467  1.16613E-04      .009255      5 732053     59   98.74%       3     81
 Elapsed time (sec): 82, estimated tree completion: 0.99999
 Heap usage: 2771MB (peak 2771MB, 5743KB system)
 B&B tree size: 2.1GB total
                22MB active node information
  
     Node     BestSoln    BestBound   Sols Active  Depth     Gap     GInf   Time
  2659482  1.16613E-04      .009255      5 735171     53   98.74%       3     82
  2669528  1.16613E-04      .009185      5 738134     50   98.73%       3     82
  2679530  1.16613E-04      .009185      5 740711     83   98.73%       3     82
  2689578  1.16613E-04      .009185      5 743567     80   98.73%       5     83
  2699599  1.16613E-04      .009151      5 746540     62   98.73%       3     83
  2709633  1.16613E-04      .009117      5 749214     46   98.72%       3     83
  2719654  1.16613E-04      .009061      5 753337     48   98.71%       2     84
  2729683  1.16613E-04      .009053      5 755932     61   98.71%       2     84
  2739697  1.16613E-04      .009039      5 758115     41   98.71%       2     84
  2749732  1.16613E-04      .009006      5 761371     70   98.71%       3     85
  2759758  1.16613E-04      .009006      5 764558     52   98.71%       3     85
  2769780  1.16613E-04      .008996      5 766852     69   98.70%       3     85
  2779793  1.16613E-04      .008996      5 769835     76   98.70%       2     86
  2789812  1.16613E-04      .008968      5 772753     63   98.70%       2     86
  2799831  1.16613E-04      .008968      5 776199     48   98.70%       4     86
  2809857  1.16613E-04      .008968      5 778397     61   98.70%       4     87
  2819876  1.16613E-04      .008905      5 781856     78   98.69%       2     87
  2829904  1.16613E-04      .008905      5 784728     72   98.69%       2     87
  2839940  1.16613E-04      .008839      5 788057     72   98.68%       4     88
  2849944  1.16613E-04      .008839      5 790096     74   98.68%       3     88
 Elapsed time (sec): 88, estimated tree completion: 0.99999
 Heap usage: 2948MB (peak 2948MB, 5743KB system)
 B&B tree size: 2.3GB total
                24MB active node information
  
     Node     BestSoln    BestBound   Sols Active  Depth     Gap     GInf   Time
  2859972  1.16613E-04      .008839      5 792703     47   98.68%       4     88
  2870006  1.16613E-04      .008777      5 795742     49   98.67%       4     89
  2880025  1.16613E-04      .008773      5 799586     49   98.67%       3     89
  2890051  1.16613E-04      .008773      5 801211     58   98.67%       2     89
  2900071  1.16613E-04      .008729      5 804791     50   98.66%       2     90
  2910092  1.16613E-04      .008705      5 807769     52   98.66%       4     90
  2920110  1.16613E-04      .008699      5 810551     73   98.66%       6     90
  2930157  1.16613E-04      .008699      5 813110     56   98.66%       3     91
  2940188  1.16613E-04      .008655      5 816916     60   98.65%       3     91
  2950210  1.16613E-04      .008655      5 819200     53   98.65%       3     91
  2960215  1.16613E-04      .008655      5 820945     75   98.65%       3     92
  2970239  1.16613E-04      .008611      5 824948     64   98.65%       2     92
  2980326  1.16613E-04      .008611      5 827104     83   98.65%       4     92
  2990329  1.16613E-04      .008563      5 829728     68   98.64%       2     93
  3000359  1.16613E-04      .008545      5 832013     72   98.64%       4     93
  3010364  1.16613E-04      .008539      5 835085     45   98.63%       3     93
  3020366  1.16613E-04      .008539      5 837476     58   98.63%       3     94
  3030395  1.16613E-04      .008500      5 840658     60   98.63%       3     94
  3040412  1.16613E-04      .008487      5 843036     77   98.63%       2     94
  3050455  1.16613E-04      .008466      5 845777     49   98.62%       2     95
 Elapsed time (sec): 95, estimated tree completion: 0.99999
 Heap usage: 3118MB (peak 3118MB, 5743KB system)
 B&B tree size: 2.4GB total
                26MB active node information
  
     Node     BestSoln    BestBound   Sols Active  Depth     Gap     GInf   Time
  3060487  1.16613E-04      .008463      5 848767     52   98.62%       2     95
  3070503  1.16613E-04      .008427      5 852256     44   98.62%       4     95
 *3074462  1.27256E-04      .008427      6 853048     90   98.49%       0     95
  3080514  1.27256E-04      .008427      6 850216     51   98.49%       3     96
  3090612  1.27256E-04      .008427      6 853225     70   98.49%       2     96
  3100646  1.27256E-04      .008419      6 855378     79   98.49%       4     96
  3110687  1.27256E-04      .008351      6 858833     56   98.48%       4     96
  3120731  1.27256E-04      .008351      6 861467     68   98.48%       2     97
  3130734  1.27256E-04      .008351      6 864571     46   98.48%       4     97
  3140753  1.27256E-04      .008351      6 867238     47   98.48%       3     97
  3150760  1.27256E-04      .008351      6 869124     40   98.48%       2     98
  3160763  1.27256E-04      .008312      6 872578     56   98.47%       3     98
  3170772  1.27256E-04      .008291      6 874325     57   98.47%       2     98
  3180809  1.27256E-04      .008251      6 877442     47   98.46%       4     99
  3190844  1.27256E-04      .008235      6 880575     42   98.45%       3     99
  3200908  1.27256E-04      .008213      6 882869     64   98.45%       3     99
  3210908  1.27256E-04      .008192      6 886498     47   98.45%       3    100
  3220909  1.27256E-04      .008192      6 889106     53   98.45%       3    100
  3230922  1.27256E-04      .008192      6 891679     50   98.45%       3    100
  3240946  1.27256E-04      .008192      6 894344     76   98.45%       3    101
 Elapsed time (sec): 101, estimated tree completion: 0.99999
 Heap usage: 3270MB (peak 3270MB, 5743KB system)
 B&B tree size: 2.6GB total
                27MB active node information
  
     Node     BestSoln    BestBound   Sols Active  Depth     Gap     GInf   Time
  3250948  1.27256E-04      .008192      6 896304     51   98.45%       2    101
  3261022  1.27256E-04      .008192      6 899985     79   98.45%       2    101
  3271049  1.27256E-04      .008117      6 903180     54   98.43%       4    102
  3281104  1.27256E-04      .008117      6 905233     56   98.43%       3    102
  3291131  1.27256E-04      .008117      6 908563     53   98.43%       4    102
  3301233  1.27256E-04      .008065      6 911541     81   98.42%       3    103
  3311244  1.27256E-04      .008062      6 914285     55   98.42%       2    103
  3321300  1.27256E-04      .008062      6 918061     86   98.42%       4    103
  3331320  1.27256E-04      .008033      6 920827     58   98.42%       4    104
  3341344  1.27256E-04      .008016      6 923439     47   98.41%       2    104
  3351362  1.27256E-04      .008016      6 926097     50   98.41%       3    104
  3361381  1.27256E-04      .007988      6 928694     52   98.41%       3    105
  3371429  1.27256E-04      .007988      6 931049     57   98.41%       3    105
  3381456  1.27256E-04      .007979      6 934951     45   98.41%       3    105
  3391456  1.27256E-04      .007958      6 937984     68   98.40%       3    106
  3401513  1.27256E-04      .007930      6 940243     78   98.40%       4    106
  3411598  1.27256E-04      .007929      6 943092     70   98.40%       3    106
  3421617  1.27256E-04      .007901      6 946543     52   98.39%       3    107
  3431654  1.27256E-04      .007900      6 949809     55   98.39%       3    107
  3441680  1.27256E-04      .007889      6 951735     66   98.39%       2    107
 Elapsed time (sec): 108, estimated tree completion: 0.99999
 Heap usage: 3445MB (peak 3445MB, 5743KB system)
 B&B tree size: 2.7GB total
                29MB active node information
  
     Node     BestSoln    BestBound   Sols Active  Depth     Gap     GInf   Time
  3451706  1.27256E-04      .007889      6 954850     54   98.39%       2    108
  3461779  1.27256E-04      .007825      6 958533     62   98.37%       3    108
  3471812  1.27256E-04      .007825      6 960743     58   98.37%       2    108
  3481833  1.27256E-04      .007811      6 963505     58   98.37%       2    109
  3491835  1.27256E-04      .007805      6 965685     55   98.37%       3    109
  3501854  1.27256E-04      .007770      6 968656     80   98.36%       4    109
  3511901  1.27256E-04      .007770      6 971553     73   98.36%       4    110
  3521920  1.27256E-04      .007770      6 974198     70   98.36%       4    110
  3531959  1.27256E-04      .007729      6 976561     79   98.35%       4    110
  3542057  1.27256E-04      .007721      6 979337     61   98.35%       4    111
  3552080  1.27256E-04      .007711      6 981830     54   98.35%       4    111
  3562087  1.27256E-04      .007711      6 985095     60   98.35%       4    111
  3572140  1.27256E-04      .007711      6 987393     67   98.35%       4    112
  3582221  1.27256E-04      .007651      6 991298     75   98.34%       2    112
  3592246  1.27256E-04      .007647      6 993464     48   98.34%       4    113
  3602311  1.27256E-04      .007647      6 996441     88   98.34%       4    113
  3612331  1.27256E-04      .007628      6 999376     70   98.33%       3    113
  3622333  1.27256E-04      .007608      6 1002602     76   98.33%       3    114
  3632336  1.27256E-04      .007608      6 1005313     83   98.33%       3    114
  3642360  1.27256E-04      .007601      6 1007656     68   98.33%       3    114
 Elapsed time (sec): 115, estimated tree completion: 0.99999
 Heap usage: 3614MB (peak 3614MB, 5743KB system)
 B&B tree size: 2.9GB total
                31MB active node information
  
     Node     BestSoln    BestBound   Sols Active  Depth     Gap     GInf   Time
  3652396  1.27256E-04      .007562      6 1010328     69   98.32%       2    115
  3662407  1.27256E-04      .007562      6 1013014     78   98.32%       2    115
  3672419  1.27256E-04      .007532      6 1016059     68   98.31%       2    115
  3682427  1.27256E-04      .007532      6 1018210     48   98.31%       3    116
  3692458  1.27256E-04      .007525      6 1021263     48   98.31%       4    116
  3702539  1.27256E-04      .007505      6 1024698     90   98.30%       3    116
  3712567  1.27256E-04      .007505      6 1027804     85   98.30%       3    117
  3722616  1.27256E-04      .007479      6 1030418     55   98.30%       2    117
  3732641  1.27256E-04      .007479      6 1033327     53   98.30%       3    118
  3742662  1.27256E-04      .007442      6 1036267     53   98.29%       3    118
  3752666  1.27256E-04      .007421      6 1038793     55   98.29%       3    118
  3762682  1.27256E-04      .007421      6 1041430     34   98.29%       3    119
  3772751  1.27256E-04      .007421      6 1044215     56   98.29%       3    119
  3782802  1.27256E-04      .007421      6 1046347     64   98.29%       2    119
  3792871  1.27256E-04      .007385      6 1049406     62   98.28%       3    120
  3802883  1.27256E-04      .007376      6 1052096     64   98.27%       2    120
  3812888  1.27256E-04      .007351      6 1054460     54   98.27%       2    120
  3822894  1.27256E-04      .007340      6 1057215     70   98.27%       3    120
  3832919  1.27256E-04      .007326      6 1060045     66   98.26%       2    121
  3842961  1.27256E-04      .007320      6 1062851     49   98.26%       4    121
 Elapsed time (sec): 121, estimated tree completion: 0.99999
 Heap usage: 3777MB (peak 3777MB, 5743KB system)
 B&B tree size: 3.0GB total
                33MB active node information
  
     Node     BestSoln    BestBound   Sols Active  Depth     Gap     GInf   Time
  3852997  1.27256E-04      .007305      6 1065726     61   98.26%       3    121
  3863001  1.27256E-04      .007305      6 1069075     62   98.26%       3    122
  3873017  1.27256E-04      .007284      6 1071789     52   98.25%       2    122
  3883083  1.27256E-04      .007284      6 1074226     51   98.25%       3    122
  3893181  1.27256E-04      .007284      6 1076559     58   98.25%       4    123
  3903189  1.27256E-04      .007278      6 1079294     58   98.25%       3    123
  3913227  1.27256E-04      .007241      6 1083142     51   98.24%       3    124
  3923244  1.27256E-04      .007219      6 1085628     58   98.24%       3    124
  3933255  1.27256E-04      .007209      6 1088336     56   98.23%       3    124
  3943282  1.27256E-04      .007200      6 1090684     72   98.23%       4    124
  3953340  1.27256E-04      .007189      6 1093310     56   98.23%       4    125
  3963355  1.27256E-04      .007168      6 1096445     53   98.22%       3    125
  3973435  1.27256E-04      .007158      6 1098638     62   98.22%       2    126
  3983445  1.27256E-04      .007150      6 1101757     66   98.22%       3    126
  3993477  1.27256E-04      .007126      6 1104689     51   98.21%       2    126
  4003525  1.27256E-04      .007112      6 1107779     57   98.21%       4    127
  4013535  1.27256E-04      .007101      6 1110340     47   98.21%       3    127
  4023590  1.27256E-04      .007101      6 1113012     87   98.21%       2    127
  4033592  1.27256E-04      .007101      6 1116409     51   98.21%       4    128
  4043611  1.27256E-04      .007068      6 1118715     48   98.20%       2    128
 Elapsed time (sec): 128, estimated tree completion: 0.99999
 Heap usage: 3943MB (peak 3943MB, 5743KB system)
 B&B tree size: 3.2GB total
                34MB active node information
  
     Node     BestSoln    BestBound   Sols Active  Depth     Gap     GInf   Time
  4053645  1.27256E-04      .007053      6 1121226     55   98.20%       3    128
  4063654  1.27256E-04      .007053      6 1124024     41   98.20%       2    129
  4073664  1.27256E-04      .007040      6 1126263     55   98.19%       2    129
  4083697  1.27256E-04      .007040      6 1128862     76   98.19%       3    129
  4093809  1.27256E-04      .007016      6 1131883     90   98.19%       2    130
  4103811  1.27256E-04      .007006      6 1134760     42   98.18%       4    130
  4113823  1.27256E-04      .006990      6 1137699     50   98.18%       3    130
  4123847  1.27256E-04      .006990      6 1140282     54   98.18%       2    131
  4133863  1.27256E-04      .006990      6 1142759     44   98.18%       4    131
  4143872  1.27256E-04      .006946      6 1145792     55   98.17%       3    131
  4153937  1.27256E-04      .006946      6 1148083     76   98.17%       3    132
  4163954  1.27256E-04      .006930      6 1150548     56   98.16%       3    132
  4173995  1.27256E-04      .006930      6 1153582     54   98.16%       3    132
  4184001  1.27256E-04      .006910      6 1156403     50   98.16%       3    133
  4194033  1.27256E-04      .006884      6 1159024     71   98.15%       2    133
  4204078  1.27256E-04      .006875      6 1161315     72   98.15%       3    133
  4214087  1.27256E-04      .006866      6 1163651     52   98.15%       2    134
  4224130  1.27256E-04      .006838      6 1166915     49   98.14%       4    134
  4234141  1.27256E-04      .006838      6 1169158     50   98.14%       2    134
  4244143  1.27256E-04      .006838      6 1171826     42   98.14%       2    135
 Elapsed time (sec): 135, estimated tree completion: 0.99999
 Heap usage: 4101MB (peak 4101MB, 5743KB system)
 B&B tree size: 3.3GB total
                36MB active node information
  
     Node     BestSoln    BestBound   Sols Active  Depth     Gap     GInf   Time
  4254153  1.27256E-04      .006818      6 1173989     50   98.13%       4    135
  4264169  1.27256E-04      .006807      6 1176699     57   98.13%       4    135
  4274193  1.27256E-04      .006801      6 1179228     58   98.13%       4    136
  4284240  1.27256E-04      .006789      6 1182509     83   98.13%       3    136
  4294255  1.27256E-04      .006769      6 1185160     55   98.12%       3    136
  4304257  1.27256E-04      .006769      6 1187493     45   98.12%       3    137
  4314362  1.27256E-04      .006764      6 1189274     76   98.12%       4    137
  4324369  1.27256E-04      .006732      6 1192671     59   98.11%       2    137
  4334373  1.27256E-04      .006715      6 1195683     51   98.10%       2    138
  4344397  1.27256E-04      .006715      6 1198175     54   98.10%       3    138
  4354421  1.27256E-04      .006704      6 1201245     52   98.10%       3    138
  4364460  1.27256E-04      .006675      6 1203416     85   98.09%       3    139
  4374464  1.27256E-04      .006671      6 1205893     63   98.09%       5    139
  4384533  1.27256E-04      .006671      6 1208861     72   98.09%       4    140
  4394597  1.27256E-04      .006671      6 1211047     59   98.09%       3    140
  4404619  1.27256E-04      .006654      6 1213421     43   98.09%       2    140
  4414623  1.27256E-04      .006632      6 1217109     57   98.08%       2    141
  4424673  1.27256E-04      .006632      6 1219110     89   98.08%       5    141
  4434734  1.27256E-04      .006594      6 1222160     75   98.07%       2    141
  4444821  1.27256E-04      .006590      6 1224472     79   98.07%       3    142
 Elapsed time (sec): 142, estimated tree completion: 0.99999
 Heap usage: 4260MB (peak 4260MB, 5743KB system)
 B&B tree size: 3.5GB total
                37MB active node information
  
     Node     BestSoln    BestBound   Sols Active  Depth     Gap     GInf   Time
  4454822  1.27256E-04      .006590      6 1226451     66   98.07%       4    142
  4464868  1.27256E-04      .006578      6 1229100     74   98.07%       2    142
  4474887  1.27256E-04      .006558      6 1231953     50   98.06%       3    143
  4484900  1.27256E-04      .006558      6 1234871     48   98.06%       2    143
  4494923  1.27256E-04      .006556      6 1237713     66   98.06%       3    143
  4504981  1.27256E-04      .006556      6 1239935     71   98.06%       3    144
  4515021  1.27256E-04      .006525      6 1242696     92   98.05%       4    144
  4525043  1.27256E-04      .006504      6 1246063     92   98.04%       3    144
  4535124  1.27256E-04      .006504      6 1249333     47   98.04%       4    145
  4545162  1.27256E-04      .006495      6 1251677     53   98.04%       2    145
  4555202  1.27256E-04      .006455      6 1254684     95   98.03%       4    145
  4565222  1.27256E-04      .006455      6 1257767     47   98.03%       3    146
  4575316  1.27256E-04      .006455      6 1260108     62   98.03%       2    146
  4585319  1.27256E-04      .006441      6 1263340     65   98.02%       3    147
  4595365  1.27256E-04      .006441      6 1266193     95   98.02%       4    147
  4605371  1.27256E-04      .006441      6 1267973     49   98.02%       3    147
  4615438  1.27256E-04      .006441      6 1271823     52   98.02%       4    148
  4625479  1.27256E-04      .006392      6 1274687     56   98.01%       3    148
  4635547  1.27256E-04      .006392      6 1276675     82   98.01%       3    148
  4645605  1.27256E-04      .006368      6 1280382     76   98.00%       4    149
 Elapsed time (sec): 149, estimated tree completion: 0.99999
 Heap usage: 4428MB (peak 4428MB, 5743KB system)
 B&B tree size: 3.6GB total
                39MB active node information
  
     Node     BestSoln    BestBound   Sols Active  Depth     Gap     GInf   Time
  4655605  1.27256E-04      .006368      6 1283302     86   98.00%       2    149
  4665626  1.27256E-04      .006358      6 1286135     58   98.00%       2    150
  4675681  1.27256E-04      .006358      6 1288601     93   98.00%       4    150
  4685740  1.27256E-04      .006332      6 1292287     81   97.99%       4    150
  4695790  1.27256E-04      .006332      6 1294621     58   97.99%       3    151
  4705795  1.27256E-04      .006304      6 1297676     68   97.98%       3    151
  4715864  1.27256E-04      .006294      6 1300617     78   97.98%       2    151
  4725864  1.27256E-04      .006256      6 1303640     47   97.97%       4    152
  4735933  1.27256E-04      .006256      6 1305655     58   97.97%       2    152
  4745969  1.27256E-04      .006247      6 1309271     73   97.96%       3    153
  4756004  1.27256E-04      .006247      6 1311566     43   97.96%       3    153
  4766093  1.27256E-04      .006240      6 1314515     79   97.96%       2    153
  4776152  1.27256E-04      .006233      6 1317815     55   97.96%       3    154
  4786169  1.27256E-04      .006233      6 1320113     69   97.96%       3    154
  4796186  1.27256E-04      .006219      6 1323248     80   97.95%       3    154
  4806201  1.27256E-04      .006219      6 1326469     41   97.95%       4    155
  4816216  1.27256E-04      .006183      6 1329151     87   97.94%       3    155
  4826303  1.27256E-04      .006183      6 1332607     58   97.94%       2    155
  4836309  1.27256E-04      .006183      6 1335408     65   97.94%       3    156
  4846311  1.27256E-04      .006160      6 1338621     45   97.93%       4    156
 Elapsed time (sec): 156, estimated tree completion: 0.99999
 Heap usage: 4600MB (peak 4600MB, 5743KB system)
 B&B tree size: 3.8GB total
                41MB active node information
  
     Node     BestSoln    BestBound   Sols Active  Depth     Gap     GInf   Time
  4856340  1.27256E-04      .006160      6 1341699     52   97.93%       4    156
  4866341  1.27256E-04      .006160      6 1344411     47   97.93%       4    157
  4876401  1.27256E-04      .006160      6 1347486     66   97.93%       3    157
  4886456  1.27256E-04      .006160      6 1350935     74   97.93%       2    157
  4896464  1.27256E-04      .006160      6 1353902     69   97.93%       3    158
  4906574  1.27256E-04      .006160      6 1355935     68   97.93%       2    158
  4916604  1.27256E-04      .006111      6 1359706     48   97.92%       3    159
  4926633  1.27256E-04      .006111      6 1362254     84   97.92%       3    159
  4936699  1.27256E-04      .006111      6 1366252     96   97.92%       2    159
  4946741  1.27256E-04      .006111      6 1368859     47   97.92%       2    160
  4956745  1.27256E-04      .006056      6 1372898     43   97.90%       3    160
  4966797  1.27256E-04      .006053      6 1375657     66   97.90%       3    160
  4976846  1.27256E-04      .006037      6 1378556     64   97.89%       2    161
  4986906  1.27256E-04      .006019      6 1381116     55   97.89%       3    161
  4996957  1.27256E-04      .006017      6 1384576     75   97.89%       3    161
  5006980  1.27256E-04      .006015      6 1387658     59   97.88%       2    162
  5016993  1.27256E-04      .006014      6 1391100     47   97.88%       4    162
  5027027  1.27256E-04      .006014      6 1394382     79   97.88%       4    163
  5037064  1.27256E-04      .006014      6 1397323     49   97.88%       4    163
  5047077  1.27256E-04      .005993      6 1399934     85   97.88%       2    163
 Elapsed time (sec): 164, estimated tree completion: 0.99999
 Heap usage: 4779MB (peak 4779MB, 5743KB system)
 B&B tree size: 3.9GB total
                43MB active node information
  
     Node     BestSoln    BestBound   Sols Active  Depth     Gap     GInf   Time
  5057088  1.27256E-04      .005983      6 1403231     99   97.87%       3    164
  5067105  1.27256E-04      .005983      6 1406015     45   97.87%       4    164
  5077124  1.27256E-04      .005983      6 1409618     39   97.87%       2    164
  5087148  1.27256E-04      .005983      6 1412850     84   97.87%       3    165
  5097170  1.27256E-04      .005959      6 1415870     86   97.86%       3    165
  5107190  1.27256E-04      .005940      6 1419073     94   97.86%       4    165
  5117226  1.27256E-04      .005940      6 1422066     56   97.86%       3    166
  5127263  1.27256E-04      .005913      6 1425600     61   97.85%       3    166
  5137272  1.27256E-04      .005909      6 1428828     53   97.85%       3    166
  5147305  1.27256E-04      .005909      6 1431379     61   97.85%       3    167
  5157370  1.27256E-04      .005895      6 1435232     83   97.84%       4    167
  5167370  1.27256E-04      .005880      6 1437373     78   97.84%       3    167
  5177444  1.27256E-04      .005873      6 1440884     58   97.83%       3    168
  5187466  1.27256E-04      .005873      6 1444274     95   97.83%       3    168
  5197500  1.27256E-04      .005860      6 1447722     82   97.83%       3    168
  5207508  1.27256E-04      .005860      6 1450242     64   97.83%       3    169
  5217511  1.27256E-04      .005838      6 1454129     54   97.82%       2    169
  5227549  1.27256E-04      .005830      6 1458212     69   97.82%       3    169
  5237625  1.27256E-04      .005830      6 1460501     78   97.82%       3    170
  5247633  1.27256E-04      .005830      6 1464723     52   97.82%       3    170
 Elapsed time (sec): 170, estimated tree completion: 0.99999
 Heap usage: 4967MB (peak 4967MB, 5743KB system)
 B&B tree size: 4.1GB total
                45MB active node information
  
     Node     BestSoln    BestBound   Sols Active  Depth     Gap     GInf   Time
  5257638  1.27256E-04      .005830      6 1467789     66   97.82%       3    170
  5267645  1.27256E-04      .005806      6 1471649     48   97.81%       3    170
  5277696  1.27256E-04      .005806      6 1475534     84   97.81%       4    171
  5287715  1.27256E-04      .005792      6 1478974     66   97.80%       2    171
  5297744  1.27256E-04      .005792      6 1481530     85   97.80%       2    172
  5307770  1.27256E-04      .005792      6 1485009     62   97.80%       2    172
  5317796  1.27256E-04      .005792      6 1488067     66   97.80%       2    172
  5327803  1.27256E-04      .005792      6 1491429     46   97.80%       4    173
  5337842  1.27256E-04      .005761      6 1495876     48   97.79%       2    173
  5347852  1.27256E-04      .005755      6 1499025     53   97.79%       3    173
  5357882  1.27256E-04      .005755      6 1502096     82   97.79%       3    174
  5367991  1.27256E-04      .005744      6 1505836     86   97.78%       4    174
  5378027  1.27256E-04      .005723      6 1509164     92   97.78%       3    174
  5388053  1.27256E-04      .005721      6 1512565     93   97.78%       3    175
  5398061  1.27256E-04      .005716      6 1516240     67   97.77%       3    175
  5408138  1.27256E-04      .005699      6 1519529     75   97.77%       3    175
  5418145  1.27256E-04      .005699      6 1523128     45   97.77%       4    176
  5428177  1.27256E-04      .005699      6 1525802     86   97.77%       3    176
  5438221  1.27256E-04      .005684      6 1530203     92   97.76%       2    177
  5448304  1.27256E-04      .005683      6 1533420     94   97.76%       2    177
 Elapsed time (sec): 177, estimated tree completion: 0.99999
 Heap usage: 5160MB (peak 5160MB, 5743KB system)
 B&B tree size: 4.3GB total
                47MB active node information
  
     Node     BestSoln    BestBound   Sols Active  Depth     Gap     GInf   Time
  5458330  1.27256E-04      .005672      6 1536941     52   97.76%       2    177
  5468335  1.27256E-04      .005672      6 1539971     68   97.76%       2    178
  5478358  1.27256E-04      .005672      6 1542532     48   97.76%       4    178
  5488374  1.27256E-04      .005672      6 1546928     51   97.76%       2    178
  5498462  1.27256E-04      .005672      6 1549773     68   97.76%       2    178
  5508531  1.27256E-04      .005651      6 1554137     83   97.75%       3    179
  5518540  1.27256E-04      .005651      6 1557502     51   97.75%       2    179
  5528630  1.27256E-04      .005644      6 1561078     93   97.75%       5    179
  5538676  1.27256E-04      .005631      6 1564992     75   97.74%       3    180
  5548676  1.27256E-04      .005631      6 1567664     46   97.74%       4    180
  5558676  1.27256E-04      .005631      6 1572431     55   97.74%       3    180
  5568685  1.27256E-04      .005631      6 1575667     68   97.74%       4    181
  5578724  1.27256E-04      .005607      6 1578609     54   97.73%       4    181
  5588747  1.27256E-04      .005607      6 1582217     54   97.73%       2    182
  5598800  1.27256E-04      .005597      6 1584820     74   97.73%       3    182
 *5607023  1.37306E-04      .005581      7 1588687     90   97.54%       0    182
  5614755  1.37306E-04      .005581      7 1581931      1   97.54%       2    182
  5624787  1.37306E-04      .005581      7 1585671     58   97.54%       4    183
  5634810  1.37306E-04      .005575      7 1588687     89   97.54%       3    183
  5644829  1.37306E-04      .005575      7 1591540     49   97.54%       4    183
 Elapsed time (sec): 183, estimated tree completion: 0.99999
 Heap usage: 5336MB (peak 5336MB, 5743KB system)
 B&B tree size: 4.4GB total
                49MB active node information
  
     Node     BestSoln    BestBound   Sols Active  Depth     Gap     GInf   Time
  5654894  1.37306E-04      .005572      7 1595130     93   97.54%       5    184
  5664899  1.37306E-04      .005571      7 1599087     54   97.54%       2    184
  5675000  1.37306E-04      .005566      7 1602329     82   97.53%       4    184
  5685046  1.37306E-04      .005545      7 1607237     83   97.52%       3    185
  5695092  1.37306E-04      .005545      7 1609926     54   97.52%       4    185
  5705101  1.37306E-04      .005545      7 1614188     51   97.52%       3    185
  5715172  1.37306E-04      .005531      7 1616951     85   97.52%       3    185
  5725175  1.37306E-04      .005531      7 1619853     45   97.52%       4    186
  5735271  1.37306E-04      .005531      7 1623761     89   97.52%       5    186
  5745282  1.37306E-04      .005531      7 1626438     62   97.52%       2    187
  5755307  1.37306E-04      .005531      7 1630579     67   97.52%       3    187
  5765332  1.37306E-04      .005531      7 1633461     73   97.52%       2    187
  5775366  1.37306E-04      .005499      7 1638631     60   97.50%       3    187
  5785475  1.37306E-04      .005495      7 1641086     89   97.50%       4    188
  5795501  1.37306E-04      .005488      7 1644577     53   97.50%       3    188
  5805540  1.37306E-04      .005476      7 1647996     63   97.49%       3    188
  5815567  1.37306E-04      .005473      7 1651116     84   97.49%       5    189
  5825583  1.37306E-04      .005472      7 1653965     60   97.49%       3    189
  5835592  1.37306E-04      .005472      7 1658491     46   97.49%       2    189
  5845648  1.37306E-04      .005458      7 1662152     80   97.48%       5    190
 Elapsed time (sec): 190, estimated tree completion: 0.99999
 Heap usage: 5533MB (peak 5533MB, 5743KB system)
 B&B tree size: 4.6GB total
                51MB active node information
  
     Node     BestSoln    BestBound   Sols Active  Depth     Gap     GInf   Time
  5855667  1.37306E-04      .005457      7 1666111     44   97.48%       2    190
  5865731  1.37306E-04      .005447      7 1669364     87   97.48%       4    190
  5875838  1.37306E-04      .005443      7 1672663     78   97.48%       3    191
  5885958  1.37306E-04      .005435      7 1675399     62   97.47%       3    191
  5895987  1.37306E-04      .005431      7 1679484     56   97.47%       3    191
  5906029  1.37306E-04      .005424      7 1683683     78   97.47%       4    192
  5916047  1.37306E-04      .005407      7 1686222     66   97.46%       3    192
  5926082  1.37306E-04      .005407      7 1689950     71   97.46%       4    192
  5936085  1.37306E-04      .005407      7 1693836     88   97.46%       4    193
  5946085  1.37306E-04      .005407      7 1696970     77   97.46%       2    193
  5956148  1.37306E-04      .005405      7 1700717     76   97.46%       5    193
  5966194  1.37306E-04      .005390      7 1704181     69   97.45%       3    194
  5976262  1.37306E-04      .005387      7 1706817     90   97.45%       4    194
  5986262  1.37306E-04      .005382      7 1711243     39   97.45%       3    194
  5996392  1.37306E-04      .005382      7 1714553     91   97.45%       4    195
  6006457  1.37306E-04      .005382      7 1717937     75   97.45%       2    195
  6016463  1.37306E-04      .005382      7 1722062     50   97.45%       3    195
  6026481  1.37306E-04      .005361      7 1726708     56   97.44%       2    196
  6036483  1.37306E-04      .005361      7 1729360     50   97.44%       3    196
  6046563  1.37306E-04      .005359      7 1733742     88   97.44%       2    196
 Elapsed time (sec): 197, estimated tree completion: 0.99999
 Heap usage: 5727MB (peak 5727MB, 5743KB system)
 B&B tree size: 4.8GB total
                53MB active node information
  
     Node     BestSoln    BestBound   Sols Active  Depth     Gap     GInf   Time
  6056601  1.37306E-04      .005345      7 1736975     61   97.43%       3    197
  6066633  1.37306E-04      .005345      7 1739746     75   97.43%       3    197
  6076669  1.37306E-04      .005340      7 1742782     71   97.43%       3    197
  6086701  1.37306E-04      .005340      7 1746831     93   97.43%       4    197
  6096725  1.37306E-04      .005328      7 1751016     80   97.42%       4    198
  6106742  1.37306E-04      .005328      7 1753936     84   97.42%       3    198
  6116779  1.37306E-04      .005321      7 1757540     76   97.42%       4    199
  6126787  1.37306E-04      .005321      7 1760782     48   97.42%       3    199
  6136892  1.37306E-04      .005316      7 1764316     91   97.42%       3    199
  6146899  1.37306E-04      .005316      7 1768199     51   97.42%       4    199
  6156922  1.37306E-04      .005316      7 1771462     51   97.42%       2    200
  6166967  1.37306E-04      .005316      7 1774621     72   97.42%       3    200
  6176995  1.37306E-04      .005293      7 1779100     76   97.41%       3    200
  6187070  1.37306E-04      .005293      7 1781540     89   97.41%       5    201
  6197076  1.37306E-04      .005293      7 1786532     45   97.41%       4    201
  6207141  1.37306E-04      .005293      7 1790304     98   97.41%       3    201
  6217146  1.37306E-04      .005293      7 1793202     82   97.41%       2    202
  6227200  1.37306E-04      .005293      7 1797219     59   97.41%       3    202
  6237265  1.37306E-04      .005293      7 1800993     62   97.41%       2    202
  6247328  1.37306E-04      .005293      7 1803327     75   97.41%       4    203
 Elapsed time (sec): 203, estimated tree completion: 0.99999
 Heap usage: 5930MB (peak 5930MB, 5743KB system)
 B&B tree size: 5.0GB total
                55MB active node information
  
     Node     BestSoln    BestBound   Sols Active  Depth     Gap     GInf   Time
  6257350  1.37306E-04      .005293      7 1807772     53   97.41%       3    203
  6267383  1.37306E-04      .005293      7 1811818     74   97.41%       3    203
  6277389  1.37306E-04      .005293      7 1814965     66   97.41%       2    204
  6287411  1.37306E-04      .005293      7 1818606     51   97.41%       2    204
  6297430  1.37306E-04      .005252      7 1822594     95   97.39%       3    204
  6307478  1.37306E-04      .005240      7 1826019     91   97.38%       2    205
  6317493  1.37306E-04      .005240      7 1829203     56   97.38%       2    205
  6327517  1.37306E-04      .005240      7 1832292     66   97.38%       2    205
  6337543  1.37306E-04      .005234      7 1836563     49   97.38%       2    206
  6347568  1.37306E-04      .005221      7 1841437     46   97.37%       2    206
  6357590  1.37306E-04      .005220      7 1843504     51   97.37%       3    206
  6367590  1.37306E-04      .005219      7 1846715     48   97.37%       3    207
  6377630  1.37306E-04      .005215      7 1850708     74   97.37%       3    207
  6387731  1.37306E-04      .005209      7 1854644     84   97.36%       5    207
  6397748  1.37306E-04      .005208      7 1857650     78   97.36%       4    208
  6407849  1.37306E-04      .005198      7 1862326     67   97.36%       2    208
  6417886  1.37306E-04      .005198      7 1865904     71   97.36%       3    208
  6427894  1.37306E-04      .005195      7 1869931     70   97.36%       2    209
  6437917  1.37306E-04      .005195      7 1872478     52   97.36%       3    209
  6447943  1.37306E-04      .005184      7 1877544     91   97.35%       5    209
 Elapsed time (sec): 210, estimated tree completion: 0.99999
 Heap usage: 6127MB (peak 6127MB, 5743KB system)
 B&B tree size: 5.2GB total
                58MB active node information
  
     Node     BestSoln    BestBound   Sols Active  Depth     Gap     GInf   Time
  6457954  1.37306E-04      .005184      7 1881219     69   97.35%       3    210
  6467990  1.37306E-04      .005182      7 1885256     58   97.35%       4    210
  6477995  1.37306E-04      .005179      7 1888722     83   97.35%       4    210
  6487998  1.37306E-04      .005171      7 1891704     75   97.34%       2    211
  6498024  1.37306E-04      .005163      7 1895615     47   97.34%       3    211
  6508073  1.37306E-04      .005163      7 1898261     71   97.34%       4    211
  6518083  1.37306E-04      .005160      7 1902586     74   97.34%       3    212
  6528100  1.37306E-04      .005157      7 1906268     87   97.34%       3    212
  6538134  1.37306E-04      .005157      7 1909904     82   97.34%       3    212
  6548149  1.37306E-04      .005149      7 1913987     57   97.33%       3    213
  6558209  1.37306E-04      .005143      7 1917841     88   97.33%       4    213
  6568220  1.37306E-04      .005143      7 1920552     46   97.33%       2    213
  6578245  1.37306E-04      .005143      7 1924877     58   97.33%       3    214
  6588318  1.37306E-04      .005141      7 1928142     92   97.33%       4    214
  6598394  1.37306E-04      .005141      7 1932128     68   97.33%       2    214
  6608458  1.37306E-04      .005141      7 1935674     69   97.33%       3    214
  6618469  1.37306E-04      .005127      7 1939389     86   97.32%       3    215
  6628534  1.37306E-04      .005127      7 1943521     76   97.32%       3    215
  6638560  1.37306E-04      .005121      7 1947005     84   97.32%       3    215
  6648580  1.37306E-04      .005121      7 1950437     53   97.32%       3    216
 Elapsed time (sec): 216, estimated tree completion: 0.99999
 Heap usage: 6333MB (peak 6333MB, 5743KB system)
 B&B tree size: 5.3GB total
                60MB active node information
  
     Node     BestSoln    BestBound   Sols Active  Depth     Gap     GInf   Time
  6658602  1.37306E-04      .005117      7 1955031     58   97.32%       3    216
  6668621  1.37306E-04      .005108      7 1958501     73   97.31%       4    217
  6678627  1.37306E-04      .005108      7 1962197     73   97.31%       2    217
  6688640  1.37306E-04      .005106      7 1965734     47   97.31%       3    217
  6698700  1.37306E-04      .005106      7 1969289     59   97.31%       3    218
  6708701  1.37306E-04      .005099      7 1972549     78   97.31%       2    218
  6718728  1.37306E-04      .005094      7 1977222     58   97.30%       2    218
  6728743  1.37306E-04      .005094      7 1980281     77   97.30%       5    219
  6738826  1.37306E-04      .005085      7 1983720     65   97.30%       2    219
  6748859  1.37306E-04      .005084      7 1987232     58   97.30%       3    219
  6758887  1.37306E-04      .005084      7 1990905     93   97.30%       4    220
  6768957  1.37306E-04      .005084      7 1994879     85   97.30%       4    220
  6779009  1.37306E-04      .005084      7 1998777     74   97.30%       4    220
  6789116  1.37306E-04      .005084      7 2002607     90   97.30%       3    221
  6799149  1.37306E-04      .005071      7 2006957     79   97.29%       2    221
  6809222  1.37306E-04      .005071      7 2010150     84   97.29%       3    221
  6819232  1.37306E-04      .005071      7 2013802     47   97.29%       4    222
  6829267  1.37306E-04      .005071      7 2017912     54   97.29%       4    222
  6839305  1.37306E-04      .005071      7 2021576     58   97.29%       2    222
  6849339  1.37306E-04      .005055      7 2025450     56   97.28%       2    223
 Elapsed time (sec): 223, estimated tree completion: 0.99999
 Heap usage: 6539MB (peak 6539MB, 5743KB system)
 B&B tree size: 5.5GB total
                62MB active node information
  
     Node     BestSoln    BestBound   Sols Active  Depth     Gap     GInf   Time
  6859444  1.37306E-04      .005046      7 2029692     80   97.28%       3    223
  6869448  1.37306E-04      .005046      7 2032345     70   97.28%       4    223
  6879452  1.37306E-04      .005046      7 2036401     55   97.28%       2    224
  6889535  1.37306E-04      .005045      7 2039451     92   97.28%       3    224
  6899535  1.37306E-04      .005045      7 2044080     80   97.28%       2    225
  6909562  1.37306E-04      .005035      7 2048300     86   97.27%       3    225
  6919599  1.37306E-04      .005035      7 2052428     75   97.27%       4    226
  6929661  1.37306E-04      .005035      7 2055952     82   97.27%       4    226
  6939694  1.37306E-04      .005022      7 2059427     89   97.27%       3    226
  6949704  1.37306E-04      .005022      7 2061925     51   97.27%       3    227
  6959780  1.37306E-04      .005022      7 2066590     68   97.27%       3    227
  6969809  1.37306E-04      .005022      7 2071808     90   97.27%       2    228
  6979823  1.37306E-04      .005022      7 2075077     55   97.27%       4    228
  6989845  1.37306E-04      .005022      7 2078186     52   97.27%       3    228
  6999866  1.37306E-04      .005011      7 2081887     51   97.26%       2    229
  7009897  1.37306E-04      .005011      7 2085449     56   97.26%       3    229
  7019977  1.37306E-04      .004997      7 2089885     82   97.25%       5    230
  7030075  1.37306E-04      .004997      7 2093069     87   97.25%       3    230
  7040087  1.37306E-04      .004997      7 2097965     69   97.25%       3    230
  7050111  1.37306E-04      .004997      7 2100325     82   97.25%       5    231
 Elapsed time (sec): 231, estimated tree completion: 0.99999
 Heap usage: 6742MB (peak 6742MB, 5743KB system)
 B&B tree size: 5.7GB total
                64MB active node information
  
     Node     BestSoln    BestBound   Sols Active  Depth     Gap     GInf   Time
  7060113  1.37306E-04      .004985      7 2105136     66   97.25%       4    231
  7070159  1.37306E-04      .004982      7 2108658     72   97.24%       4    232
  7080184  1.37306E-04      .004982      7 2111944     84   97.24%       2    232
  7090234  1.37306E-04      .004978      7 2116122     79   97.24%       3    233
  7100290  1.37306E-04      .004978      7 2119845     82   97.24%       3    233
  7110312  1.37306E-04      .004970      7 2123788     89   97.24%       4    233
  7120342  1.37306E-04      .004970      7 2127629     82   97.24%       4    234
  7130368  1.37306E-04      .004967      7 2130850     87   97.24%       3    234
  7140429  1.37306E-04      .004966      7 2134699     65   97.23%       3    235
  7150508  1.37306E-04      .004966      7 2138387     80   97.23%       5    235
  7160533  1.37306E-04      .004956      7 2141548     69   97.23%       3    235
  7170533  1.37306E-04      .004956      7 2144608     62   97.23%       2    236
  7180540  1.37306E-04      .004950      7 2148868     84   97.23%       4    237
  7190623  1.37306E-04      .004948      7 2152226     85   97.23%       3    237
  7200659  1.37306E-04      .004948      7 2156518     76   97.23%       3    237
  7210692  1.37306E-04      .004944      7 2160970     71   97.22%       3    237
  7220698  1.37306E-04      .004941      7 2164328     69   97.22%       3    238
  7230734  1.37306E-04      .004941      7 2167968     95   97.22%       6    238
  7240858  1.37306E-04      .004938      7 2171075     94   97.22%       2    239
  7250871  1.37306E-04      .004935      7 2175502     60   97.22%       4    239
 Elapsed time (sec): 239, estimated tree completion: 0.99999
 Heap usage: 6946MB (peak 6946MB, 5743KB system)
 B&B tree size: 5.9GB total
                67MB active node information
  
     Node     BestSoln    BestBound   Sols Active  Depth     Gap     GInf   Time
  7260995  1.37306E-04      .004935      7 2178980     79   97.22%       3    239
  7271015  1.37306E-04      .004927      7 2182666     62   97.21%       3    240
  7281036  1.37306E-04      .004923      7 2186320     67   97.21%       3    240
  7291039  1.37306E-04      .004923      7 2188614     87   97.21%       4    241
  7301058  1.37306E-04      .004923      7 2192839     91   97.21%       4    241
  7311074  1.37306E-04      .004923      7 2196554     68   97.21%       2    241
  7321084  1.37306E-04      .004923      7 2200758     62   97.21%       2    242
  7331126  1.37306E-04      .004919      7 2204809     73   97.21%       2    242
  7341164  1.37306E-04      .004913      7 2208639     73   97.21%       2    242
  7351185  1.37306E-04      .004908      7 2212122     80   97.20%       4    243
  7361230  1.37306E-04      .004908      7 2215752     75   97.20%       3    243
  7371232  1.37306E-04      .004902      7 2219040     38   97.20%       3    244
  7381238  1.37306E-04      .004901      7 2222247     62   97.20%       2    244
  7391238  1.37306E-04      .004898      7 2226314     40   97.20%       3    244
  7401313  1.37306E-04      .004893      7 2229892     86   97.19%       4    245
  7411333  1.37306E-04      .004889      7 2233749     84   97.19%       4    245
  7421364  1.37306E-04      .004884      7 2237346     71   97.19%       4    246
  7431441  1.37306E-04      .004884      7 2240922     87   97.19%       3    246
  7441484  1.37306E-04      .004881      7 2244501     63   97.19%       3    246
  7451573  1.37306E-04      .004877      7 2248555     77   97.18%       3    247
 Elapsed time (sec): 247, estimated tree completion: 0.99999
 Heap usage: 7149MB (peak 7149MB, 5743KB system)
 B&B tree size: 6.1GB total
                69MB active node information
  
     Node     BestSoln    BestBound   Sols Active  Depth     Gap     GInf   Time
  7461657  1.37306E-04      .004877      7 2251938     80   97.18%       3    247
  7471710  1.37306E-04      .004873      7 2255914     92   97.18%       3    248
  7481716  1.37306E-04      .004873      7 2259698     89   97.18%       3    248
  7491779  1.37306E-04      .004872      7 2262592     89   97.18%       4    249
  7501812  1.37306E-04      .004871      7 2267651     81   97.18%       5    249
  7511852  1.37306E-04      .004869      7 2271248     82   97.18%       2    249
  7521909  1.37306E-04      .004864      7 2275435     58   97.18%       2    249
  7531909  1.37306E-04      .004864      7 2279015     65   97.18%       2    250
  7541912  1.37306E-04      .004864      7 2282052     65   97.18%       2    250
  7551933  1.37306E-04      .004863      7 2286397     42   97.18%       2    251
  7561989  1.37306E-04      .004853      7 2291228     77   97.17%       3    251
  7572015  1.37306E-04      .004853      7 2293773     53   97.17%       3    251
  7582097  1.37306E-04      .004853      7 2297799     80   97.17%       4    252
  7592106  1.37306E-04      .004847      7 2302068     82   97.17%       4    252
  7602148  1.37306E-04      .004847      7 2304668     79   97.17%       3    252
  7612165  1.37306E-04      .004835      7 2308266     78   97.16%       5    253
  7622218  1.37306E-04      .004834      7 2312120     61   97.16%       2    253
  7632229  1.37306E-04      .004834      7 2314266     56   97.16%       2    254
  7642241  1.37306E-04      .004828      7 2319635     53   97.16%       3    254
  7652284  1.37306E-04      .004828      7 2323501     69   97.16%       3    254
 Elapsed time (sec): 255, estimated tree completion: 0.99999
 Heap usage: 7352MB (peak 7352MB, 5743KB system)
 B&B tree size: 6.3GB total
                71MB active node information
  
     Node     BestSoln    BestBound   Sols Active  Depth     Gap     GInf   Time
  7662308  1.37306E-04      .004828      7 2327054     64   97.16%       2    255
  7672392  1.37306E-04      .004828      7 2330540     77   97.16%       3    255
  7682418  1.37306E-04      .004820      7 2333155     55   97.15%       4    256
  7692446  1.37306E-04      .004819      7 2336408     56   97.15%       2    256
  7702456  1.37306E-04      .004818      7 2341442     54   97.15%       2    256
  7712514  1.37306E-04      .004818      7 2345019     80   97.15%       3    257
  7722571  1.37306E-04      .004810      7 2349454     82   97.15%       5    257
  7732632  1.37306E-04      .004810      7 2351793     76   97.15%       3    258
  7742671  1.37306E-04      .004809      7 2355457     78   97.14%       2    258
  7752734  1.37306E-04      .004809      7 2359600     64   97.14%       4    258
  7762772  1.37306E-04      .004809      7 2363778     86   97.14%       5    259
  7772772  1.37306E-04      .004809      7 2366404     51   97.14%       4    259
  7782895  1.37306E-04      .004798      7 2370437     88   97.14%       4    259
  7792927  1.37306E-04      .004798      7 2374401     70   97.14%       3    260
  7802961  1.37306E-04      .004798      7 2378240     91   97.14%       2    260
  7813021  1.37306E-04      .004783      7 2381789     85   97.13%       3    261
  7823076  1.37306E-04      .004783      7 2384729     87   97.13%       3    261
  7833150  1.37306E-04      .004782      7 2389899     64   97.13%       3    262
  7843204  1.37306E-04      .004782      7 2392037     88   97.13%       3    262
  7853219  1.37306E-04      .004782      7 2397157     53   97.13%       2    262
 Elapsed time (sec): 263, estimated tree completion: 0.99999
 Heap usage: 7550MB (peak 7550MB, 5743KB system)
 B&B tree size: 6.4GB total
                73MB active node information
  
     Node     BestSoln    BestBound   Sols Active  Depth     Gap     GInf   Time
  7863251  1.37306E-04      .004773      7 2400375     82   97.12%       3    263
  7873257  1.37306E-04      .004773      7 2403205     71   97.12%       3    263
  7883300  1.37306E-04      .004773      7 2406663     90   97.12%       4    263
  7893304  1.37306E-04      .004771      7 2410957     49   97.12%       3    264
  7903311  1.37306E-04      .004766      7 2415094     47   97.12%       2    264
  7913358  1.37306E-04      .004766      7 2418821     78   97.12%       3    264
  7923364  1.37306E-04      .004766      7 2421753     74   97.12%       2    265
  7933448  1.37306E-04      .004757      7 2425899     92   97.11%       3    265
  7943471  1.37306E-04      .004757      7 2430213     53   97.11%       3    265
  7953471  1.37306E-04      .004757      7 2435215     56   97.11%       4    266
  7963547  1.37306E-04      .004756      7 2437921     85   97.11%       3    266
  7973634  1.37306E-04      .004756      7 2441734     63   97.11%       3    266
  7983634  1.37306E-04      .004748      7 2445128     85   97.11%       3    267
  7993637  1.37306E-04      .004747      7 2450098     81   97.11%       2    267
  8003684  1.37306E-04      .004747      7 2453082     89   97.11%       4    267
  8013754  1.37306E-04      .004747      7 2456400     58   97.11%       2    268
  8023776  1.37306E-04      .004741      7 2459445     59   97.10%       4    268
  8033863  1.37306E-04      .004737      7 2464490     89   97.10%       3    268
  8043919  1.37306E-04      .004737      7 2467377     96   97.10%       3    269
  8054016  1.37306E-04      .004735      7 2472345     87   97.10%       3    269
 Elapsed time (sec): 269, estimated tree completion: 0.99999
 Heap usage: 7752MB (peak 7752MB, 5743KB system)
 B&B tree size: 6.6GB total
                76MB active node information
  
     Node     BestSoln    BestBound   Sols Active  Depth     Gap     GInf   Time
  8064057  1.37306E-04      .004735      7 2474659     86   97.10%       3    269
  8074126  1.37306E-04      .004730      7 2478630     78   97.10%       2    270
  8084162  1.37306E-04      .004730      7 2482153     56   97.10%       3    270
  8094170  1.37306E-04      .004727      7 2487219     92   97.10%       3    270
  8104195  1.37306E-04      .004719      7 2489232     77   97.09%       4    271
  8114334  1.37306E-04      .004716      7 2492406     83   97.09%       4    271
  8124417  1.37306E-04      .004716      7 2496267     95   97.09%       4    272
  8134422  1.37306E-04      .004716      7 2501151     84   97.09%       3    272
  8144452  1.37306E-04      .004716      7 2504370     87   97.09%       3    272
  8154544  1.37306E-04      .004715      7 2507949     86   97.09%       3    273
  8164567  1.37306E-04      .004715      7 2511296     84   97.09%       6    273
  8174617  1.37306E-04      .004706      7 2516613     97   97.08%       4    273
  8184663  1.37306E-04      .004706      7 2519522     46   97.08%       2    274
  8194672  1.37306E-04      .004705      7 2523768     56   97.08%       2    274
  8204678  1.37306E-04      .004705      7 2526954     89   97.08%       4    274
  8214717  1.37306E-04      .004701      7 2531486     74   97.08%       4    275
  8224753  1.37306E-04      .004701      7 2534763     87   97.08%       4    275
  8234806  1.37306E-04      .004692      7 2539006     56   97.07%       2    275
  8244832  1.37306E-04      .004692      7 2542596     63   97.07%       3    276
  8254901  1.37306E-04      .004685      7 2547141     81   97.07%       4    276
 Elapsed time (sec): 276, estimated tree completion: 0.99999
 Heap usage: 7952MB (peak 7952MB, 5743KB system)
 B&B tree size: 6.8GB total
                78MB active node information
  
     Node     BestSoln    BestBound   Sols Active  Depth     Gap     GInf   Time
  8264921  1.37306E-04      .004683      7 2549469     93   97.07%       4    276
  8275001  1.37306E-04      .004683      7 2553890     83   97.07%       3    277
  8285084  1.37306E-04      .004683      7 2557126     87   97.07%       3    277
  8295095  1.37306E-04      .004683      7 2560422     81   97.07%       4    277
  8305148  1.37306E-04      .004676      7 2564450     61   97.06%       2    278
  8315160  1.37306E-04      .004676      7 2567204     93   97.06%       2    278
  8325164  1.37306E-04      .004671      7 2572725     89   97.06%       3    278
  8335233  1.37306E-04      .004670      7 2575315     86   97.06%       3    279
  8345285  1.37306E-04      .004670      7 2578315     83   97.06%       2    279
  8355308  1.37306E-04      .004670      7 2582759     74   97.06%       3    279
  8365351  1.37306E-04      .004670      7 2585955     55   97.06%       3    280
  8375365  1.37306E-04      .004665      7 2591713     79   97.06%       2    280
  8385418  1.37306E-04      .004665      7 2595370     84   97.06%       3    280
  8395495  1.37306E-04      .004665      7 2598141     88   97.06%       3    281
  8405506  1.37306E-04      .004657      7 2602087     83   97.05%       2    281
  8415558  1.37306E-04      .004654      7 2607486     62   97.05%       3    281
  8425564  1.37306E-04      .004654      7 2609810     64   97.05%       2    282
  8435632  1.37306E-04      .004653      7 2613145     81   97.05%       3    282
  8445659  1.37306E-04      .004653      7 2617115     86   97.05%       3    282
  8455695  1.37306E-04      .004642      7 2620338     63   97.04%       2    283
 Elapsed time (sec): 283, estimated tree completion: 0.99999
 Heap usage: 8155MB (peak 8155MB, 5743KB system)
 B&B tree size: 7.0GB total
                80MB active node information
  
     Node     BestSoln    BestBound   Sols Active  Depth     Gap     GInf   Time
  8465733  1.37306E-04      .004642      7 2624334     68   97.04%       2    283
  8475743  1.37306E-04      .004642      7 2627862     54   97.04%       2    283
  8485808  1.37306E-04      .004640      7 2631887     89   97.04%       3    284
  8495819  1.37306E-04      .004636      7 2634920     67   97.04%       3    284
  8505850  1.37306E-04      .004636      7 2637872     74   97.04%       3    285
  8515936  1.37306E-04      .004636      7 2640843     93   97.04%       4    285
  8525960  1.37306E-04      .004636      7 2645286     51   97.04%       3    285
  8535975  1.37306E-04      .004628      7 2650163     45   97.03%       2    285
  8545992  1.37306E-04      .004628      7 2652974     84   97.03%       3    286
  8555992  1.37306E-04      .004628      7 2656623     59   97.03%       2    286
  8566002  1.37306E-04      .004625      7 2659081     61   97.03%       2    287
  8576002  1.37306E-04      .004620      7 2663702     92   97.03%       3    287
  8586006  1.37306E-04      .004620      7 2666723     60   97.03%       2    287
  8596011  1.37306E-04      .004620      7 2670391     49   97.03%       3    288
  8606057  1.37306E-04      .004620      7 2675391     75   97.03%       3    288
  8616140  1.37306E-04      .004615      7 2678540     94   97.03%       3    288
  8626157  1.37306E-04      .004610      7 2682768     84   97.02%       4    289
  8636176  1.37306E-04      .004609      7 2687749     86   97.02%       5    289
  8646176  1.37306E-04      .004606      7 2690375     44   97.02%       4    289
  8656229  1.37306E-04      .004606      7 2694907     85   97.02%       3    290
 Elapsed time (sec): 290, estimated tree completion: 0.99999
 Heap usage: 8356MB (peak 8356MB, 5743KB system)
 B&B tree size: 7.2GB total
                83MB active node information
  
     Node     BestSoln    BestBound   Sols Active  Depth     Gap     GInf   Time
  8666251  1.37306E-04      .004606      7 2697827     81   97.02%       4    290
  8676267  1.37306E-04      .004602      7 2702313     55   97.02%       2    290
  8686324  1.37306E-04      .004602      7 2705301     79   97.02%       4    291
  8696331  1.37306E-04      .004602      7 2708579     57   97.02%       3    291
  8706334  1.37306E-04      .004598      7 2712313     85   97.01%       4    291
  8716410  1.37306E-04      .004592      7 2715653     83   97.01%       4    292
  8726446  1.37306E-04      .004592      7 2718834     63   97.01%       3    292
  8736474  1.37306E-04      .004590      7 2722686     64   97.01%       4    293
  8746535  1.37306E-04      .004590      7 2727257     58   97.01%       4    293
  8756597  1.37306E-04      .004590      7 2730969     75   97.01%       3    293
  8766605  1.37306E-04      .004590      7 2734688     48   97.01%       3    294
  8776610  1.37306E-04      .004590      7 2737909     67   97.01%       4    294
  8786670  1.37306E-04      .004590      7 2741018     87   97.01%       3    294
  8796739  1.37306E-04      .004590      7 2744703     81   97.01%       3    295
  8806832  1.37306E-04      .004575      7 2749019     58   97.00%       4    295
  8816837  1.37306E-04      .004575      7 2751024     54   97.00%       3    295
  8826952  1.37306E-04      .004575      7 2754456     92   97.00%       4    296
  8836993  1.37306E-04      .004571      7 2759006     61   97.00%       3    296
  8847030  1.37306E-04      .004571      7 2763182     66   97.00%       2    297
  8857065  1.37306E-04      .004568      7 2767441     63   96.99%       2    297
 Elapsed time (sec): 297, estimated tree completion: 0.99999
 Heap usage: 8558MB (peak 8558MB, 5743KB system)
 B&B tree size: 7.4GB total
                85MB active node information
  
     Node     BestSoln    BestBound   Sols Active  Depth     Gap     GInf   Time
  8867089  1.37306E-04      .004565      7 2771323     84   96.99%       2    297
  8877104  1.37306E-04      .004564      7 2775427     56   96.99%       3    298
  8887160  1.37306E-04      .004564      7 2779447     85   96.99%       2    298
  8897194  1.37306E-04      .004560      7 2782563     74   96.99%       3    298
  8907270  1.37306E-04      .004560      7 2786855     84   96.99%       3    299
  8917280  1.37306E-04      .004556      7 2790900     74   96.99%       6    299
  8927327  1.37306E-04      .004554      7 2794010     87   96.99%       3    299
  8937335  1.37306E-04      .004554      7 2796363     61   96.99%       3    300
  8947375  1.37306E-04      .004550      7 2801242     87   96.98%       3    300
  8957413  1.37306E-04      .004550      7 2804895     93   96.98%       2    300
  8967416  1.37306E-04      .004550      7 2807564     75   96.98%       3    301
  8977429  1.37306E-04      .004546      7 2811297     88   96.98%       3    301
  8987502  1.37306E-04      .004545      7 2815622     61   96.98%       3    301
  8997529  1.37306E-04      .004541      7 2819438     83   96.98%       3    302
  9007596  1.37306E-04      .004541      7 2822416     61   96.98%       4    302
  9017643  1.37306E-04      .004541      7 2826227     81   96.98%       3    303
  9027671  1.37306E-04      .004538      7 2830958     68   96.97%       3    303
  9037692  1.37306E-04      .004538      7 2834016     44   96.97%       4    303
  9047706  1.37306E-04      .004538      7 2837783     78   96.97%       4    304
  9057793  1.37306E-04      .004538      7 2842065     84   96.97%       3    304
 Elapsed time (sec): 304, estimated tree completion: 0.99999
 Heap usage: 8762MB (peak 8762MB, 5743KB system)
 B&B tree size: 7.5GB total
                87MB active node information
  
     Node     BestSoln    BestBound   Sols Active  Depth     Gap     GInf   Time
  9067873  1.37306E-04      .004538      7 2845221     91   96.97%       2    304
  9077892  1.37306E-04      .004538      7 2849037     53   96.97%       4    305
  9087898  1.37306E-04      .004538      7 2854007     88   96.97%       5    305
  9097918  1.37306E-04      .004538      7 2856810     72   96.97%       2    305
  9107929  1.37306E-04      .004521      7 2860245     66   96.96%       2    306
  9117955  1.37306E-04      .004518      7 2864889     65   96.96%       3    306
  9128008  1.37306E-04      .004514      7 2868983     82   96.96%       4    306
  9138073  1.37306E-04      .004514      7 2871727     69   96.96%       3    307
  9148098  1.37306E-04      .004512      7 2874591     78   96.96%       3    307
  9158151  1.37306E-04      .004510      7 2879789     73   96.96%       3    308
  9168159  1.37306E-04      .004510      7 2882380     75   96.96%       3    308
  9178168  1.37306E-04      .004510      7 2886847     74   96.96%       3    308
  9188248  1.37306E-04      .004505      7 2890687     60   96.95%       4    309
  9198292  1.37306E-04      .004505      7 2895541     59   96.95%       3    309
  9208338  1.37306E-04      .004505      7 2898793     87   96.95%       3    309
  9218348  1.37306E-04      .004505      7 2901539     51   96.95%       4    309
  9228364  1.37306E-04      .004505      7 2906659     90   96.95%       4    310
  9238382  1.37306E-04      .004505      7 2908610     60   96.95%       4    310
  9248393  1.37306E-04      .004505      7 2914607     73   96.95%       3    311
  9258420  1.37306E-04      .004505      7 2916945     78   96.95%       2    311
 Elapsed time (sec): 311, estimated tree completion: 0.99999
 Heap usage: 8961MB (peak 8961MB, 5743KB system)
 B&B tree size: 7.7GB total
                89MB active node information
  
     Node     BestSoln    BestBound   Sols Active  Depth     Gap     GInf   Time
  9268451  1.37306E-04      .004505      7 2920683     54   96.95%       2    311
  9278482  1.37306E-04      .004491      7 2925447     77   96.94%       3    312
  9288487  1.37306E-04      .004491      7 2928578     69   96.94%       2    312
  9298504  1.37306E-04      .004487      7 2932010     73   96.94%       3    312
  9308556  1.37306E-04      .004486      7 2936084     91   96.94%       3    313
  9318560  1.37306E-04      .004483      7 2938915     79   96.94%       3    313
  9328571  1.37306E-04      .004480      7 2943156     41   96.93%       4    313
  9338576  1.37306E-04      .004478      7 2947922     59   96.93%       3    314
  9348581  1.37306E-04      .004477      7 2950756     68   96.93%       3    314
  9358585  1.37306E-04      .004477      7 2954572     86   96.93%       5    315
  9368605  1.37306E-04      .004477      7 2957040     82   96.93%       5    315
  9378651  1.37306E-04      .004477      7 2960902     73   96.93%       4    315
  9388668  1.37306E-04      .004471      7 2965372     92   96.93%       3    316
  9398682  1.37306E-04      .004469      7 2969343     44   96.93%       4    316
  9408689  1.37306E-04      .004469      7 2972820     74   96.93%       3    316
  9418699  1.37306E-04      .004467      7 2977060     87   96.93%       2    317
  9428773  1.37306E-04      .004467      7 2980046     95   96.93%       4    317
  9438825  1.37306E-04      .004466      7 2984403     70   96.93%       2    318
  9448862  1.37306E-04      .004459      7 2987738     58   96.92%       3    318
  9458908  1.37306E-04      .004458      7 2991133     76   96.92%       4    318
 Elapsed time (sec): 319, estimated tree completion: 0.99999
 Heap usage: 9164MB (peak 9164MB, 5743KB system)
 B&B tree size: 7.9GB total
                92MB active node information
  
     Node     BestSoln    BestBound   Sols Active  Depth     Gap     GInf   Time
  9468938  1.37306E-04      .004458      7 2995661     58   96.92%       4    319
  9479022  1.37306E-04      .004458      7 3000128     88   96.92%       2    319
  9489049  1.37306E-04      .004458      7 3002366     78   96.92%       2    319
  9499057  1.37306E-04      .004458      7 3005696     72   96.92%       2    320
  9509069  1.37306E-04      .004451      7 3010833     59   96.92%       2    320
  9519076  1.37306E-04      .004446      7 3013698     57   96.91%       3    320
  9529119  1.37306E-04      .004446      7 3017620     61   96.91%       2    321
  9539230  1.37306E-04      .004446      7 3020504     91   96.91%       3    321
  9549251  1.37306E-04      .004443      7 3024954     92   96.91%       4    322
  9559290  1.37306E-04      .004443      7 3028461     87   96.91%       2    322
  9569292  1.37306E-04      .004441      7 3031985     51   96.91%       4    322
  9579345  1.37306E-04      .004436      7 3036186     75   96.91%       2    323
  9589393  1.37306E-04      .004436      7 3039509     93   96.91%       2    323
  9599430  1.37306E-04      .004435      7 3042497     79   96.90%       4    323
  9609512  1.37306E-04      .004432      7 3046656     91   96.90%       5    324
  9619544  1.37306E-04      .004432      7 3050598     83   96.90%       3    324
  9629579  1.37306E-04      .004431      7 3054073     90   96.90%       2    324
  9639655  1.37306E-04      .004431      7 3057996     78   96.90%       2    325
  9649706  1.37306E-04      .004431      7 3061571     72   96.90%       3    325
  9659749  1.37306E-04      .004431      7 3066070     48   96.90%       4    325
 Elapsed time (sec): 326, estimated tree completion: 0.99999
 Heap usage: 9364MB (peak 9364MB, 5743KB system)
 B&B tree size: 8.1GB total
                94MB active node information
  
     Node     BestSoln    BestBound   Sols Active  Depth     Gap     GInf   Time
  9669826  1.37306E-04      .004420      7 3069343     90   96.89%       3    326
  9679832  1.37306E-04      .004420      7 3072681     76   96.89%       3    326
  9689842  1.37306E-04      .004420      7 3076517     65   96.89%       2    327
  9699872  1.37306E-04      .004418      7 3079759     76   96.89%       2    327
  9709907  1.37306E-04      .004414      7 3084180     65   96.89%       3    327
  9719958  1.37306E-04      .004414      7 3087306     81   96.89%       4    328
  9729976  1.37306E-04      .004414      7 3089622     71   96.89%       3    328
  9740011  1.37306E-04      .004411      7 3095295     86   96.89%       2    328
  9750115  1.37306E-04      .004407      7 3097908     81   96.88%       4    329
  9760136  1.37306E-04      .004407      7 3100806     54   96.88%       2    329
  9770161  1.37306E-04      .004406      7 3105130     55   96.88%       4    329
  9780206  1.37306E-04      .004406      7 3108873     89   96.88%       3    330
  9790213  1.37306E-04      .004402      7 3112335     72   96.88%       4    330
  9800276  1.37306E-04      .004401      7 3115825     76   96.88%       3    330
  9810304  1.37306E-04      .004397      7 3120894     88   96.88%       2    331
  9820386  1.37306E-04      .004397      7 3123771     85   96.88%       3    331
  9830423  1.37306E-04      .004397      7 3127247     75   96.88%       3    331
  9840427  1.37306E-04      .004397      7 3131242     43   96.88%       4    332
  9850510  1.37306E-04      .004397      7 3133665     86   96.88%       3    332
  9860518  1.37306E-04      .004390      7 3139097     58   96.87%       3    332
 Elapsed time (sec): 333, estimated tree completion: 0.99999
 Heap usage: 9561MB (peak 9561MB, 5743KB system)
 B&B tree size: 8.3GB total
                96MB active node information
  
     Node     BestSoln    BestBound   Sols Active  Depth     Gap     GInf   Time
  9870550  1.37306E-04      .004389      7 3143132     74   96.87%       3    333
  9880607  1.37306E-04      .004387      7 3147048     82   96.87%       5    333
  9890656  1.37306E-04      .004387      7 3150309     63   96.87%       3    333
  9900714  1.37306E-04      .004387      7 3152831     76   96.87%       4    334
  9910750  1.37306E-04      .004385      7 3158201     68   96.87%       2    334
  9920787  1.37306E-04      .004379      7 3161343     77   96.86%       2    335
  9930840  1.37306E-04      .004378      7 3164378     90   96.86%       2    335
  9940883  1.37306E-04      .004377      7 3167938     60   96.86%       2    335
  9950904  1.37306E-04      .004377      7 3171999     57   96.86%       4    335
  9960929  1.37306E-04      .004372      7 3175821     73   96.86%       4    336
  9971003  1.37306E-04      .004372      7 3179940     97   96.86%       4    336
  9981067  1.37306E-04      .004372      7 3181863     79   96.86%       3    337
  9991087  1.37306E-04      .004372      7 3185719     90   96.86%       3    337
  10001127  1.37306E-04      .004372      7 3190171     58   96.86%       4    337
  10011177  1.37306E-04      .004372      7 3193828     81   96.86%       2    338
  10021188  1.37306E-04      .004370      7 3198580     81   96.86%       2    338
  10031263  1.37306E-04      .004370      7 3203662     63   96.86%       2    338
  10041291  1.37306E-04      .004364      7 3206966     76   96.85%       3    339
  10051321  1.37306E-04      .004363      7 3209522     88   96.85%       2    339
  10061361  1.37306E-04      .004361      7 3213099     88   96.85%       4    340
 Elapsed time (sec): 340, estimated tree completion: 0.99999
 Heap usage: 9765MB (peak 9765MB, 5743KB system)
 B&B tree size: 8.4GB total
                98MB active node information
  
     Node     BestSoln    BestBound   Sols Active  Depth     Gap     GInf   Time
  10071375  1.37306E-04      .004361      7 3217887     76   96.85%       4    340
  10081406  1.37306E-04      .004361      7 3220982     64   96.85%       4    340
  10091507  1.37306E-04      .004361      7 3224304     88   96.85%       4    340
  10101625  1.37306E-04      .004355      7 3228924     63   96.85%       2    341
  10111625  1.37306E-04      .004355      7 3232503     49   96.85%       3    341
  10121732  1.37306E-04      .004352      7 3235843     86   96.85%       3    342
  10131737  1.37306E-04      .004351      7 3239875     81   96.84%       3    342
  10141754  1.37306E-04      .004348      7 3244487     82   96.84%       2    342
  10151774  1.37306E-04      .004347      7 3247145     83   96.84%       4    343
  10161847  1.37306E-04      .004347      7 3252552     83   96.84%       4    343
  10171855  1.37306E-04      .004343      7 3256165     68   96.84%       3    343
  10181890  1.37306E-04      .004343      7 3259082     70   96.84%       2    344
  10191921  1.37306E-04      .004342      7 3263296     63   96.84%       3    344
  10201942  1.37306E-04      .004339      7 3266653     62   96.84%       3    345
  10211976  1.37306E-04      .004338      7 3269869     57   96.83%       3    345
  10222081  1.37306E-04      .004338      7 3274081     88   96.83%       3    345
  10232097  1.37306E-04      .004337      7 3277260     87   96.83%       5    345
  10242098  1.37306E-04      .004336      7 3280991     53   96.83%       3    346
 *10245084  1.47357E-04      .004336      8 3282014     88   96.60%       0    346
  10262089  1.47357E-04      .004336      8 3265638      1   96.60%       2    346
 Elapsed time (sec): 347, estimated tree completion: 0.99999
 Heap usage: 9930MB (peak 9930MB, 5743KB system)
 B&B tree size: 8.6GB total
                100MB active node information
  
     Node     BestSoln    BestBound   Sols Active  Depth     Gap     GInf   Time
  10272139  1.47357E-04      .004336      8 3270018     70   96.60%       2    347
  10282149  1.47357E-04      .004336      8 3272719     74   96.60%       3    347
  10292255  1.47357E-04      .004328      8 3277433     90   96.60%       2    347
  10302268  1.47357E-04      .004328      8 3281154     85   96.60%       3    348
  10312340  1.47357E-04      .004328      8 3283412     89   96.60%       4    348
  10322365  1.47357E-04      .004328      8 3286855     57   96.60%       4    349
  10332452  1.47357E-04      .004328      8 3291198     62   96.60%       3    349
  10342500  1.47357E-04      .004322      8 3294728     56   96.59%       2    349
  10352563  1.47357E-04      .004322      8 3298017     74   96.59%       2    350
  10362664  1.47357E-04      .004322      8 3301113     73   96.59%       3    350
  10372694  1.47357E-04      .004321      8 3305494     68   96.59%       4    350
  10382733  1.47357E-04      .004321      8 3310152     80   96.59%       3    351
  10392763  1.47357E-04      .004321      8 3312033     80   96.59%       4    351
  10402806  1.47357E-04      .004312      8 3315543     77   96.58%       4    351
  10412833  1.47357E-04      .004311      8 3319277     67   96.58%       2    352
  10422910  1.47357E-04      .004308      8 3324070     91   96.58%       5    352
  10432929  1.47357E-04      .004308      8 3326400     70   96.58%       3    352
  10442944  1.47357E-04      .004307      8 3330309     47   96.58%       3    353
  10453020  1.47357E-04      .004307      8 3333746     66   96.58%       3    354
  10463062  1.47357E-04      .004306      8 3338232     63   96.58%       4    354
 Elapsed time (sec): 354, estimated tree completion: 0.99999
 Heap usage: 10116MB (peak 10116MB, 5743KB system)
 B&B tree size: 8.8GB total
                102MB active node information
  
     Node     BestSoln    BestBound   Sols Active  Depth     Gap     GInf   Time
  10473088  1.47357E-04      .004300      8 3341092     48   96.57%       4    354
  10483136  1.47357E-04      .004300      8 3345672     49   96.57%       3    355
  10493212  1.47357E-04      .004300      8 3349084     79   96.57%       4    355
  10503214  1.47357E-04      .004296      8 3352644     57   96.57%       4    355
  10513248  1.47357E-04      .004295      8 3357022     61   96.57%       3    356
  10523250  1.47357E-04      .004295      8 3359979     61   96.57%       3    356
  10533325  1.47357E-04      .004292      8 3363647     90   96.57%       3    356
  10543342  1.47357E-04      .004292      8 3366659     66   96.57%       4    356
  10553386  1.47357E-04      .004290      8 3371169     69   96.57%       2    357
  10563404  1.47357E-04      .004286      8 3374719     51   96.56%       3    357
  10573432  1.47357E-04      .004286      8 3377480     83   96.56%       4    358
  10583457  1.47357E-04      .004286      8 3380819     64   96.56%       2    358
  10593480  1.47357E-04      .004286      8 3384565     57   96.56%       4    358
  10603486  1.47357E-04      .004282      8 3389119     82   96.56%       2    359
  10613515  1.47357E-04      .004280      8 3392686     73   96.56%       3    359
  10623585  1.47357E-04      .004278      8 3395243     76   96.56%       2    359
  10633621  1.47357E-04      .004276      8 3398994     54   96.55%       4    360
  10643625  1.47357E-04      .004276      8 3403479     47   96.55%       4    360
  10653648  1.47357E-04      .004276      8 3406195     49   96.55%       4    360
  10663690  1.47357E-04      .004275      8 3410722     74   96.55%       4    361
 Elapsed time (sec): 361, estimated tree completion: 0.99999
 Heap usage: 10GB (peak 10GB, 5743KB system)
 B&B tree size: 8.9GB total
                105MB active node information
  
     Node     BestSoln    BestBound   Sols Active  Depth     Gap     GInf   Time
  10673722  1.47357E-04      .004271      8 3414064     84   96.55%       4    361
  10683766  1.47357E-04      .004270      8 3417852     67   96.55%       4    361
  10693791  1.47357E-04      .004269      8 3421788     87   96.55%       3    362
  10703814  1.47357E-04      .004267      8 3423822     70   96.55%       4    362
  10713918  1.47357E-04      .004267      8 3428056     86   96.55%       3    363
  10723972  1.47357E-04      .004267      8 3431827     81   96.55%       3    363
  10733978  1.47357E-04      .004267      8 3435283     78   96.55%       4    363
  10743979  1.47357E-04      .004263      8 3438773     93   96.54%       4    364
  10753999  1.47357E-04      .004261      8 3443399     65   96.54%       3    364
  10764063  1.47357E-04      .004261      8 3446448     92   96.54%       2    365
  10774098  1.47357E-04      .004259      8 3449560     79   96.54%       2    365
  10784211  1.47357E-04      .004256      8 3452963     89   96.54%       3    365
  10794224  1.47357E-04      .004255      8 3456249     74   96.54%       4    366
  10804283  1.47357E-04      .004253      8 3460792     66   96.54%       4    366
  10814354  1.47357E-04      .004253      8 3464602     83   96.54%       5    367
  10824428  1.47357E-04      .004252      8 3467836     89   96.53%       4    367
  10834487  1.47357E-04      .004250      8 3471065     76   96.53%       3    367
  10844504  1.47357E-04      .004247      8 3474036     54   96.53%       2    368
  10854504  1.47357E-04      .004247      8 3479341     43   96.53%       4    368
  10864537  1.47357E-04      .004247      8 3482890     83   96.53%       4    368
 Elapsed time (sec): 369, estimated tree completion: 0.99999
 Heap usage: 10GB (peak 10GB, 5743KB system)
 B&B tree size: 9.1GB total
                107MB active node information
  
     Node     BestSoln    BestBound   Sols Active  Depth     Gap     GInf   Time
  10874555  1.47357E-04      .004243      8 3486569     71   96.53%       4    369
  10884570  1.47357E-04      .004241      8 3489527     94   96.53%       4    369
  10894640  1.47357E-04      .004240      8 3492793     75   96.52%       4    370
  10904651  1.47357E-04      .004240      8 3497480     92   96.52%       5    370
  10914714  1.47357E-04      .004240      8 3499924     79   96.52%       2    370
  10924735  1.47357E-04      .004238      8 3503813     52   96.52%       4    371
  10934827  1.47357E-04      .004238      8 3507861     83   96.52%       2    371
  10944831  1.47357E-04      .004238      8 3513003     72   96.52%       3    372
  10954839  1.47357E-04      .004238      8 3516542     87   96.52%       2    372
  10964844  1.47357E-04      .004238      8 3519835     51   96.52%       3    372
  10974844  1.47357E-04      .004238      8 3523815     55   96.52%       4    373
  10984846  1.47357E-04      .004238      8 3527726     56   96.52%       4    374
  10994879  1.47357E-04      .004228      8 3531303     81   96.51%       4    374
  11004923  1.47357E-04      .004228      8 3535874     68   96.51%       3    374
  11014992  1.47357E-04      .004228      8 3538541     94   96.51%       3    374
  11025071  1.47357E-04      .004228      8 3542239     54   96.51%       2    375
  11035093  1.47357E-04      .004228      8 3546319     89   96.51%       3    375
  11045168  1.47357E-04      .004221      8 3550626     61   96.51%       3    376
  11055201  1.47357E-04      .004221      8 3553943     52   96.51%       4    376
  11065257  1.47357E-04      .004221      8 3557292     71   96.51%       3    376
 Elapsed time (sec): 377, estimated tree completion: 0.99999
 Heap usage: 10GB (peak 10GB, 5743KB system)
 B&B tree size: 9.3GB total
                109MB active node information
  
     Node     BestSoln    BestBound   Sols Active  Depth     Gap     GInf   Time
  11075263  1.47357E-04      .004221      8 3560285     90   96.51%       5    377
  11085276  1.47357E-04      .004219      8 3564492     91   96.51%       4    377
  11095278  1.47357E-04      .004219      8 3568361     65   96.51%       3    378
  11105382  1.47357E-04      .004219      8 3571364     78   96.51%       3    378
  11115414  1.47357E-04      .004213      8 3575490     82   96.50%       4    378
  11125445  1.47357E-04      .004211      8 3580095     71   96.50%       4    379
  11135515  1.47357E-04      .004210      8 3581912     93   96.50%       3    379
  11145591  1.47357E-04      .004208      8 3585972     81   96.50%       3    380
  11155658  1.47357E-04      .004208      8 3589967     84   96.50%       2    380
  11165671  1.47357E-04      .004206      8 3593769     59   96.50%       2    380
  11175694  1.47357E-04      .004205      8 3596893     77   96.50%       4    382
  11185712  1.47357E-04      .004205      8 3601615     84   96.50%       4    382
  11195792  1.47357E-04      .004204      8 3605041     83   96.50%       3    382
  11205796  1.47357E-04      .004201      8 3608153     72   96.49%       4    382
  11215819  1.47357E-04      .004201      8 3613022     58   96.49%       4    384
  11225857  1.47357E-04      .004199      8 3616618     64   96.49%       3    384
  11235879  1.47357E-04      .004196      8 3619541     64   96.49%       3    384
  11245881  1.47357E-04      .004196      8 3622625     49   96.49%       3    385
  11255987  1.47357E-04      .004196      8 3626542     78   96.49%       2    385
  11266045  1.47357E-04      .004196      8 3631445     48   96.49%       3    386
 Elapsed time (sec): 386, estimated tree completion: 0.99999
 Heap usage: 10GB (peak 10GB, 5743KB system)
 B&B tree size: 9.5GB total
                111MB active node information
  
     Node     BestSoln    BestBound   Sols Active  Depth     Gap     GInf   Time
  11276060  1.47357E-04      .004193      8 3635424     60   96.49%       4    386
  11286130  1.47357E-04      .004190      8 3639154     91   96.48%       3    386
  11296182  1.47357E-04      .004190      8 3641098     90   96.48%       3    387
  11306246  1.47357E-04      .004190      8 3645527     83   96.48%       4    387
  11316257  1.47357E-04      .004187      8 3649263     88   96.48%       2    388
  11326301  1.47357E-04      .004187      8 3653562     70   96.48%       4    389
  11336329  1.47357E-04      .004184      8 3657607     87   96.48%       3    389
  11346406  1.47357E-04      .004184      8 3661628     78   96.48%       3    389
  11356463  1.47357E-04      .004184      8 3665106     68   96.48%       3    389
  11366541  1.47357E-04      .004184      8 3668737     92   96.48%       2    390
  11376552  1.47357E-04      .004184      8 3672259     46   96.48%       3    391
  11386567  1.47357E-04      .004184      8 3676385     71   96.48%       4    391
  11396619  1.47357E-04      .004184      8 3679770     73   96.48%       3    391
  11406632  1.47357E-04      .004178      8 3684313     54   96.47%       4    392
  11416663  1.47357E-04      .004175      8 3687276     94   96.47%       4    392
  11426718  1.47357E-04      .004173      8 3691197     56   96.47%       2    393
  11436727  1.47357E-04      .004173      8 3694301     46   96.47%       3    393
  11446730  1.47357E-04      .004172      8 3699126     49   96.47%       2    394
  11456752  1.47357E-04      .004171      8 3703283     86   96.47%       3    394
  11466755  1.47357E-04      .004167      8 3705665     71   96.46%       3    395
 Elapsed time (sec): 395, estimated tree completion: 0.99999
 Heap usage: 10GB (peak 10GB, 5743KB system)
 B&B tree size: 9.6GB total
                114MB active node information
  
     Node     BestSoln    BestBound   Sols Active  Depth     Gap     GInf   Time
  11476812  1.47357E-04      .004167      8 3709060     85   96.46%       2    395
  11486854  1.47357E-04      .004167      8 3713641     64   96.46%       3    395
  11496879  1.47357E-04      .004165      8 3716880     63   96.46%       3    396
  11506930  1.47357E-04      .004165      8 3720725     94   96.46%       2    396
  11516950  1.47357E-04      .004163      8 3724113     87   96.46%       3    397
  11526958  1.47357E-04      .004160      8 3727191     60   96.46%       3    397
  11537061  1.47357E-04      .004160      8 3731597     88   96.46%       3    397
  11547073  1.47357E-04      .004160      8 3736715     89   96.46%       4    398
  11557075  1.47357E-04      .004159      8 3740071     51   96.46%       2    398
  11567091  1.47357E-04      .004159      8 3742746     77   96.46%       4    399
  11577096  1.47357E-04      .004159      8 3746612     73   96.46%       2    399
  11587139  1.47357E-04      .004159      8 3750821     83   96.46%       4    399
  11597192  1.47357E-04      .004159      8 3754376     73   96.46%       4    400
  11607228  1.47357E-04      .004159      8 3758473     60   96.46%       3    400
  11617228  1.47357E-04      .004159      8 3761442     59   96.46%       3    401
  11627230  1.47357E-04      .004150      8 3765681     55   96.45%       3    401
  11637279  1.47357E-04      .004148      8 3770465     51   96.45%       3    402
  11647325  1.47357E-04      .004148      8 3771900     89   96.45%       4    402
  11657327  1.47357E-04      .004148      8 3775853     84   96.45%       3    402
  11667350  1.47357E-04      .004147      8 3780363     56   96.45%       2    403
 Elapsed time (sec): 403, estimated tree completion: 0.99999
 Heap usage: 11GB (peak 11GB, 5743KB system)
 B&B tree size: 9.8GB total
                116MB active node information
  
     Node     BestSoln    BestBound   Sols Active  Depth     Gap     GInf   Time
  11677419  1.47357E-04      .004143      8 3785396     89   96.44%       3    404
  11687424  1.47357E-04      .004143      8 3787342     50   96.44%       3    404
  11697460  1.47357E-04      .004142      8 3791915     51   96.44%       2    405
  11707470  1.47357E-04      .004140      8 3795865     69   96.44%       2    405
  11717482  1.47357E-04      .004140      8 3799458     57   96.44%       4    406
  11727510  1.47357E-04      .004139      8 3803806     86   96.44%       2    406
  11737558  1.47357E-04      .004136      8 3806928     86   96.44%       3    407
  11747570  1.47357E-04      .004135      8 3810155     54   96.44%       2    407
  11757627  1.47357E-04      .004133      8 3814812     86   96.43%       3    408
  11767648  1.47357E-04      .004132      8 3818352     79   96.43%       4    409
  11777652  1.47357E-04      .004130      8 3822168     43   96.43%       4    409
  11787664  1.47357E-04      .004130      8 3824921     48   96.43%       3    410
  11797706  1.47357E-04      .004130      8 3829290     51   96.43%       3    410
  11807719  1.47357E-04      .004128      8 3832930     82   96.43%       2    411
  11817756  1.47357E-04      .004128      8 3835976     65   96.43%       3    411
  11827834  1.47357E-04      .004126      8 3840134     91   96.43%       3    412
  11837896  1.47357E-04      .004123      8 3844537     61   96.43%       3    412
  11847925  1.47357E-04      .004123      8 3847470     66   96.43%       3    413
  11857929  1.47357E-04      .004123      8 3850349     52   96.43%       4    413
  11867930  1.47357E-04      .004123      8 3855055     77   96.43%       4    414
 Elapsed time (sec): 415, estimated tree completion: 0.99999
 Heap usage: 11GB (peak 11GB, 5743KB system)
 B&B tree size: 10.0GB total
                118MB active node information
  
     Node     BestSoln    BestBound   Sols Active  Depth     Gap     GInf   Time
  11877943  1.47357E-04      .004119      8 3858268     41   96.42%       3    415
  11888028  1.47357E-04      .004119      8 3861314     73   96.42%       3    415
  11898033  1.47357E-04      .004117      8 3865227     73   96.42%       4    415
  11908067  1.47357E-04      .004117      8 3868745     78   96.42%       2    416
  11918112  1.47357E-04      .004115      8 3873399     92   96.42%       3    417
  11928163  1.47357E-04      .004115      8 3876315     88   96.42%       3    417
  11938178  1.47357E-04      .004113      8 3880919     79   96.42%       5    417
  11948210  1.47357E-04      .004113      8 3884290     92   96.42%       4    417
  11958260  1.47357E-04      .004110      8 3887855     78   96.41%       3    418
  11968284  1.47357E-04      .004107      8 3892086     87   96.41%       3    419
  11978322  1.47357E-04      .004107      8 3894479     89   96.41%       3    419
  11988327  1.47357E-04      .004107      8 3898178     59   96.41%       3    419
  11998333  1.47357E-04      .004107      8 3902037     49   96.41%       3    419
  12008347  1.47357E-04      .004107      8 3905626     86   96.41%       4    420
  12018408  1.47357E-04      .004101      8 3909244     90   96.41%       4    421
  12028451  1.47357E-04      .004101      8 3913477     60   96.41%       3    421
  12038518  1.47357E-04      .004099      8 3916691     77   96.41%       3    421
  12048555  1.47357E-04      .004099      8 3920417     73   96.41%       3    421
  12058576  1.47357E-04      .004099      8 3923423     55   96.40%       4    422
  12068590  1.47357E-04      .004098      8 3927447     73   96.40%       3    423
 Elapsed time (sec): 423, estimated tree completion: 0.99999
 Heap usage: 11GB (peak 11GB, 5743KB system)
 B&B tree size: 10.2GB total
                120MB active node information
  
     Node     BestSoln    BestBound   Sols Active  Depth     Gap     GInf   Time
  12078684  1.47357E-04      .004096      8 3931193     88   96.40%       2    423
  12088687  1.47357E-04      .004094      8 3934614     60   96.40%       4    423
  12098701  1.47357E-04      .004093      8 3939350     66   96.40%       3    424
  12108719  1.47357E-04      .004093      8 3941891     72   96.40%       3    424
  12118752  1.47357E-04      .004091      8 3945481     82   96.40%       3    425
  12128765  1.47357E-04      .004091      8 3949228     76   96.40%       3    425
  12138804  1.47357E-04      .004091      8 3952862     50   96.40%       4    425
  12148826  1.47357E-04      .004091      8 3956597     75   96.40%       2    426
  12158844  1.47357E-04      .004091      8 3961069     86   96.40%       4    427
  12168939  1.47357E-04      .004088      8 3964181     92   96.40%       4    427
  12178954  1.47357E-04      .004088      8 3967868     84   96.40%       3    427
  12188963  1.47357E-04      .004088      8 3970051     78   96.40%       4    427
  12198985  1.47357E-04      .004084      8 3974979     60   96.39%       3    428
  12209044  1.47357E-04      .004082      8 3979251     79   96.39%       4    429
  12219052  1.47357E-04      .004080      8 3982570     52   96.39%       4    429
  12229052  1.47357E-04      .004080      8 3986435     50   96.39%       3    429
  12239090  1.47357E-04      .004080      8 3990974     62   96.39%       2    430
  12249109  1.47357E-04      .004079      8 3994388     80   96.39%       3    430
  12259197  1.47357E-04      .004078      8 3998005     52   96.39%       2    431
  12269302  1.47357E-04      .004078      8 4001763     92   96.39%       3    431
 Elapsed time (sec): 431, estimated tree completion: 0.99999
 Heap usage: 11GB (peak 11GB, 5743KB system)
 B&B tree size: 10.4GB total
                123MB active node information
  
     Node     BestSoln    BestBound   Sols Active  Depth     Gap     GInf   Time
  12279354  1.47357E-04      .004077      8 4004004     89   96.39%       4    431
  12289354  1.47357E-04      .004074      8 4007339     53   96.38%       2    432
  12299407  1.47357E-04      .004074      8 4012750     57   96.38%       3    433
  12309483  1.47357E-04      .004074      8 4015733     85   96.38%       3    433
  12319528  1.47357E-04      .004074      8 4018746     64   96.38%       4    433
  12329557  1.47357E-04      .004074      8 4023329     85   96.38%       5    434
  12339650  1.47357E-04      .004074      8 4026898     95   96.38%       3    434
  12349706  1.47357E-04      .004067      8 4030638     84   96.38%       4    434
  12359774  1.47357E-04      .004067      8 4034600     88   96.38%       3    435
  12369801  1.47357E-04      .004067      8 4038195     64   96.38%       2    435
  12379820  1.47357E-04      .004065      8 4041824     96   96.38%       4    436
  12389827  1.47357E-04      .004061      8 4046067     56   96.37%       2    436
  12399837  1.47357E-04      .004061      8 4049435     70   96.37%       3    436
  12409852  1.47357E-04      .004061      8 4053420     72   96.37%       4    437
  12419855  1.47357E-04      .004059      8 4056035     94   96.37%       3    437
  12429942  1.47357E-04      .004057      8 4059847     88   96.37%       2    438
  12439973  1.47357E-04      .004056      8 4064112     79   96.37%       4    438
  12450015  1.47357E-04      .004056      8 4067385     60   96.37%       3    438
  12460027  1.47357E-04      .004055      8 4071433     55   96.37%       2    439
  12470074  1.47357E-04      .004055      8 4075819     80   96.37%       3    439
 Elapsed time (sec): 440, estimated tree completion: 0.99999
 Heap usage: 11GB (peak 11GB, 5743KB system)
 B&B tree size: 10.5GB total
                125MB active node information
  
     Node     BestSoln    BestBound   Sols Active  Depth     Gap     GInf   Time
  12480105  1.47357E-04      .004055      8 4078976     57   96.37%       3    440
  12490126  1.47357E-04      .004055      8 4083082     64   96.37%       2    440
  12500126  1.47357E-04      .004055      8 4087059     85   96.37%       3    440
  12510188  1.47357E-04      .004050      8 4091750     86   96.36%       4    441
  12520287  1.47357E-04      .004050      8 4095481     92   96.36%       3    441
  12530326  1.47357E-04      .004050      8 4098924     54   96.36%       4    442
  12540346  1.47357E-04      .004050      8 4101719     79   96.36%       2    442
  12550428  1.47357E-04      .004050      8 4106700     60   96.36%       3    443
  12560428  1.47357E-04      .004045      8 4110760      1   96.36%       2    443
  12570444  1.47357E-04      .004045      8 4113527     66   96.36%       5    443
  12580507  1.47357E-04      .004042      8 4117540     92   96.35%       5    444
  12590566  1.47357E-04      .004042      8 4120668     77   96.35%       3    444
  12600566  1.47357E-04      .004041      8 4125215     54   96.35%       4    445
  12610570  1.47357E-04      .004039      8 4128412     51   96.35%       3    445
  12620617  1.47357E-04      .004038      8 4133111     66   96.35%       3    446
  12630687  1.47357E-04      .004038      8 4136436     90   96.35%       2    446
  12640687  1.47357E-04      .004038      8 4141013     76   96.35%       3    446
  12650756  1.47357E-04      .004038      8 4144339     64   96.35%       2    447
  12660767  1.47357E-04      .004038      8 4147474     54   96.35%       2    448
  12670875  1.47357E-04      .004038      8 4150434     94   96.35%       3    448
 Elapsed time (sec): 449, estimated tree completion: 0.99999
 Heap usage: 12GB (peak 12GB, 5743KB system)
 B&B tree size: 10.7GB total
                127MB active node information
  
     Node     BestSoln    BestBound   Sols Active  Depth     Gap     GInf   Time
  12680891  1.47357E-04      .004032      8 4154664     66   96.35%       2    449
  12690971  1.47357E-04      .004031      8 4159004     86   96.34%       4    449
  12701051  1.47357E-04      .004031      8 4163285     88   96.34%       3    450
  12711091  1.47357E-04      .004031      8 4166312     54   96.34%       3    450
  12721130  1.47357E-04      .004026      8 4170457     89   96.34%       4    451
  12731144  1.47357E-04      .004026      8 4173378     91   96.34%       4    451
  12741180  1.47357E-04      .004026      8 4176322     84   96.34%       4    452
  12751213  1.47357E-04      .004025      8 4180063     46   96.34%       4    452
  12761239  1.47357E-04      .004025      8 4184244     75   96.34%       2    453
  12771278  1.47357E-04      .004025      8 4186926     85   96.34%       3    453
  12781298  1.47357E-04      .004021      8 4191943     71   96.34%       5    454
  12791329  1.47357E-04      .004021      8 4194772     93   96.34%       3    454
  12801356  1.47357E-04      .004017      8 4199597     71   96.33%       3    454
  12811371  1.47357E-04      .004015      8 4202915     89   96.33%       4    455
  12821454  1.47357E-04      .004015      8 4207408     82   96.33%       4    455
  12831463  1.47357E-04      .004015      8 4210017     46   96.33%       3    456
  12841493  1.47357E-04      .004014      8 4214230     89   96.33%       3    456
  12851547  1.47357E-04      .004014      8 4217836     82   96.33%       3    457
  12861561  1.47357E-04      .004011      8 4221983     87   96.33%       2    457
  12871585  1.47357E-04      .004011      8 4225985     64   96.33%       3    457
 Elapsed time (sec): 458, estimated tree completion: 0.99999
 Heap usage: 12GB (peak 12GB, 5743KB system)
 B&B tree size: 10.9GB total
                129MB active node information
  
     Node     BestSoln    BestBound   Sols Active  Depth     Gap     GInf   Time
  12881710  1.47357E-04      .004011      8 4229403     94   96.33%       4    458
  12891797  1.47357E-04      .004009      8 4233537     89   96.32%       3    458
  12901803  1.47357E-04      .004009      8 4236927     83   96.32%       4    459
  12911828  1.47357E-04      .004007      8 4240718     85   96.32%       4    459
  12921879  1.47357E-04      .004005      8 4244650     73   96.32%       2    459
  12931946  1.47357E-04      .004005      8 4247666     87   96.32%       3    460
  12941964  1.47357E-04      .004005      8 4252270     49   96.32%       2    460
  12952015  1.47357E-04      .004003      8 4257133     69   96.32%       3    461
  12962069  1.47357E-04      .004002      8 4260171     70   96.32%       3    461
  12972072  1.47357E-04      .004000      8 4264718     81   96.32%       3    462
  12982077  1.47357E-04      .004000      8 4266991     72   96.32%       3    462
  12992130  1.47357E-04      .003999      8 4270956     78   96.31%       4    462
  13002140  1.47357E-04      .003998      8 4273844     65   96.31%       4    463
  13012201  1.47357E-04      .003997      8 4278447     87   96.31%       3    463
 ?262 Warning: Unable to remove shift infeasibilities of 1.81152e-6
  13022207  1.47357E-04      .003996      8 4282221     86   96.31%       3    464
  13032215  1.47357E-04      .003995      8 4285286     69   96.31%       3    464
  13042270  1.47357E-04      .003995      8 4289192     79   96.31%       3    464
  13052326  1.47357E-04      .003993      8 4294460     84   96.31%       2    465
  13062400  1.47357E-04      .003992      8 4296866     66   96.31%       3    465
  13072422  1.47357E-04      .003990      8 4300376     59   96.31%       4    465
 Elapsed time (sec): 466, estimated tree completion: 0.99999
 Heap usage: 12GB (peak 12GB, 5743KB system)
 B&B tree size: 11.1GB total
                132MB active node information
  
     Node     BestSoln    BestBound   Sols Active  Depth     Gap     GInf   Time
  13082449  1.47357E-04      .003988      8 4304897     72   96.31%       3    466
  13092481  1.47357E-04      .003988      8 4307176     68   96.31%       2    466
  13102517  1.47357E-04      .003986      8 4312516     82   96.30%       3    467
  13112521  1.47357E-04      .003986      8 4315478     82   96.30%       4    467
  13122527  1.47357E-04      .003985      8 4319642     72   96.30%       3    467
  13132536  1.47357E-04      .003984      8 4323570     66   96.30%       3    467
  13142572  1.47357E-04      .003982      8 4326872     64   96.30%       3    468
  13152576  1.47357E-04      .003982      8 4330891     92   96.30%       2    469
  13162580  1.47357E-04      .003981      8 4334413     77   96.30%       3    469
  13172622  1.47357E-04      .003979      8 4337901     72   96.30%       4    469
  13182654  1.47357E-04      .003979      8 4341611     67   96.30%       3    469
  13192666  1.47357E-04      .003979      8 4345248     76   96.30%       3    470
  13202679  1.47357E-04      .003977      8 4349285     77   96.30%       2    470
  13212744  1.47357E-04      .003977      8 4352348     68   96.30%       3    471
  13222774  1.47357E-04      .003977      8 4356125     52   96.30%       3    471
  13232812  1.47357E-04      .003972      8 4360063     84   96.29%       3    472
  13242867  1.47357E-04      .003972      8 4362026     56   96.29%       2    472
  13252912  1.47357E-04      .003972      8 4367862     76   96.29%       3    472
  13262946  1.47357E-04      .003971      8 4370760     91   96.29%       3    473
  13272970  1.47357E-04      .003968      8 4376081     59   96.29%       4    473
 Elapsed time (sec): 474, estimated tree completion: 0.99999
 Heap usage: 12GB (peak 12GB, 5743KB system)
 B&B tree size: 11.3GB total
                134MB active node information
  
     Node     BestSoln    BestBound   Sols Active  Depth     Gap     GInf   Time
  13283019  1.47357E-04      .003968      8 4379002     80   96.29%       4    474
  13293133  1.47357E-04      .003968      8 4383096     88   96.29%       5    474
  13303231  1.47357E-04      .003968      8 4387447     93   96.29%       6    474
  13313235  1.47357E-04      .003967      8 4390980     95   96.29%       2    475
  13323285  1.47357E-04      .003963      8 4394299     65   96.28%       2    475
  13333305  1.47357E-04      .003962      8 4398232     83   96.28%       3    476
  13343306  1.47357E-04      .003962      8 4401659     91   96.28%       4    476
  13353340  1.47357E-04      .003962      8 4407354     66   96.28%       3    476
  13363396  1.47357E-04      .003959      8 4411221     78   96.28%       3    477
  13373437  1.47357E-04      .003959      8 4414080     64   96.28%       3    477
  13383445  1.47357E-04      .003958      8 4417738     54   96.28%       4    477
  13393501  1.47357E-04      .003957      8 4421478     89   96.28%       3    478
  13403555  1.47357E-04      .003957      8 4425996     87   96.28%       5    478
  13413602  1.47357E-04      .003957      8 4429329     86   96.28%       3    478
  13423629  1.47357E-04      .003957      8 4433541     52   96.28%       3    479
  13433634  1.47357E-04      .003957      8 4436053     45   96.28%       3    479
  13443684  1.47357E-04      .003957      8 4439956     88   96.28%       4    480
  13453690  1.47357E-04      .003957      8 4443553     56   96.28%       3    480
  13463701  1.47357E-04      .003957      8 4448792     91   96.28%       2    480
  13473772  1.47357E-04      .003948      8 4451961     86   96.27%       2    481
 Elapsed time (sec): 481, estimated tree completion: 0.99999
 Heap usage: 12GB (peak 12GB, 5743KB system)
 B&B tree size: 11.4GB total
                136MB active node information
  
     Node     BestSoln    BestBound   Sols Active  Depth     Gap     GInf   Time
  13483799  1.47357E-04      .003947      8 4455391     73   96.27%       2    481
  13493879  1.47357E-04      .003947      8 4458405     79   96.27%       4    482
  13503886  1.47357E-04      .003945      8 4463245     72   96.27%       3    482
  13513953  1.47357E-04      .003945      8 4466848     62   96.26%       2    482
  13523955  1.47357E-04      .003944      8 4470664     79   96.26%       5    483
  13533967  1.47357E-04      .003943      8 4475736     47   96.26%       3    483
  13544009  1.47357E-04      .003943      8 4478341     80   96.26%       3    483
  13554065  1.47357E-04      .003941      8 4481649     87   96.26%       2    484
  13564098  1.47357E-04      .003941      8 4484198     59   96.26%       3    484
  13574192  1.47357E-04      .003938      8 4488125     92   96.26%       4    485
  13584227  1.47357E-04      .003938      8 4493450     56   96.26%       4    485
  13594250  1.47357E-04      .003935      8 4497368     56   96.26%       3    485
  13604279  1.47357E-04      .003935      8 4500473     86   96.26%       2    486
  13614281  1.47357E-04      .003934      8 4503982     86   96.25%       4    486
  13624308  1.47357E-04      .003934      8 4506593     58   96.25%       2    486
  13634373  1.47357E-04      .003932      8 4511029     83   96.25%       3    487
  13644383  1.47357E-04      .003932      8 4514796     79   96.25%       3    487
  13654430  1.47357E-04      .003932      8 4518631     92   96.25%       5    487
  13664457  1.47357E-04      .003932      8 4522526     79   96.25%       4    488
  13674486  1.47357E-04      .003932      8 4526521     54   96.25%       3    488
 Elapsed time (sec): 489, estimated tree completion: 0.99999
 Heap usage: 12GB (peak 12GB, 5743KB system)
 B&B tree size: 11.6GB total
                139MB active node information
  
     Node     BestSoln    BestBound   Sols Active  Depth     Gap     GInf   Time
  13684499  1.47357E-04      .003928      8 4529611     47   96.25%       2    489
  13694616  1.47357E-04      .003927      8 4533491     73   96.25%       2    489
  13704631  1.47357E-04      .003926      8 4536891     76   96.25%       4    489
  13714702  1.47357E-04      .003925      8 4540773     93   96.25%       3    490
  13724778  1.47357E-04      .003923      8 4545145     87   96.24%       3    490
  13734788  1.47357E-04      .003922      8 4549037     69   96.24%       3    490
  13744831  1.47357E-04      .003922      8 4552502     71   96.24%       3    491
  13754892  1.47357E-04      .003922      8 4556273     83   96.24%       2    491
  13764912  1.47357E-04      .003920      8 4559558     86   96.24%       5    492
  13774930  1.47357E-04      .003920      8 4563065     56   96.24%       2    492
  13784945  1.47357E-04      .003920      8 4567360     84   96.24%       4    492
  13794957  1.47357E-04      .003917      8 4571362     58   96.24%       2    493
  13804980  1.47357E-04      .003917      8 4574610     70   96.24%       3    494
  13814996  1.47357E-04      .003917      8 4579653     67   96.24%       3    494
  13825024  1.47357E-04      .003915      8 4582923     69   96.24%       3    494
  13835032  1.47357E-04      .003915      8 4585749     89   96.24%       4    494
  13845032  1.47357E-04      .003915      8 4589807     62   96.24%       3    495
  13855131  1.47357E-04      .003912      8 4594070     96   96.23%       4    496
  13865165  1.47357E-04      .003912      8 4597915     48   96.23%       4    496
  13875198  1.47357E-04      .003911      8 4602141     54   96.23%       4    496
 Elapsed time (sec): 496, estimated tree completion: 0.99999
 Heap usage: 13GB (peak 13GB, 5743KB system)
 B&B tree size: 11.8GB total
                141MB active node information
  
     Node     BestSoln    BestBound   Sols Active  Depth     Gap     GInf   Time
  13885253  1.47357E-04      .003911      8 4604960     87   96.23%       3    496
  13895336  1.47357E-04      .003907      8 4609363     74   96.23%       4    497
  13905378  1.47357E-04      .003907      8 4612310     67   96.23%       3    498
  13915402  1.47357E-04      .003905      8 4616235     72   96.23%       2    498
  13925440  1.47357E-04      .003905      8 4619169     88   96.23%       3    498
  13935463  1.47357E-04      .003904      8 4623872     79   96.23%       2    498
  13945476  1.47357E-04      .003904      8 4627896     49   96.23%       3    499
  13955504  1.47357E-04      .003903      8 4631482     74   96.22%       3    499
  13965539  1.47357E-04      .003901      8 4635504     83   96.22%       2    500
  13975593  1.47357E-04      .003899      8 4639750     85   96.22%       2    500
  13985600  1.47357E-04      .003898      8 4643755     60   96.22%       3    500
  13995635  1.47357E-04      .003898      8 4646020     79   96.22%       5    501
  14005702  1.47357E-04      .003898      8 4650199     94   96.22%       5    501
  14015730  1.47357E-04      .003895      8 4655585     65   96.22%       2    502
  14025812  1.47357E-04      .003895      8 4658717     89   96.22%       4    502
  14035882  1.47357E-04      .003895      8 4662385     75   96.22%       2    502
  14045894  1.47357E-04      .003895      8 4664973     64   96.22%       3    503
  14055896  1.47357E-04      .003893      8 4670294     94   96.22%       3    503
  14065908  1.47357E-04      .003892      8 4674038     64   96.21%       2    503
  14075917  1.47357E-04      .003892      8 4676777     54   96.21%       3    504
 Elapsed time (sec): 504, estimated tree completion: 0.99999
 Heap usage: 13GB (peak 13GB, 5743KB system)
 B&B tree size: 12.0GB total
                143MB active node information
  
     Node     BestSoln    BestBound   Sols Active  Depth     Gap     GInf   Time
  14086005  1.47357E-04      .003892      8 4680711     85   96.21%       4    504
  14096030  1.47357E-04      .003889      8 4683806     62   96.21%       2    504
  14106072  1.47357E-04      .003888      8 4687722     84   96.21%       4    505
  14116086  1.47357E-04      .003886      8 4692040     62   96.21%       3    505
  14126147  1.47357E-04      .003885      8 4694922     89   96.21%       2    505
  14136187  1.47357E-04      .003885      8 4699724     58   96.21%       4    506
  14146193  1.47357E-04      .003885      8 4702126     49   96.21%       4    506
  14156220  1.47357E-04      .003884      8 4707662     47   96.21%       3    507
  14166254  1.47357E-04      .003882      8 4711675     81   96.20%       3    507
  14176368  1.47357E-04      .003882      8 4715745     77   96.20%       2    508
  14186397  1.47357E-04      .003882      8 4719572     86   96.20%       3    508
  14196439  1.47357E-04      .003879      8 4722660     61   96.20%       2    509
  14206470  1.47357E-04      .003877      8 4726303     93   96.20%       4    509
  14216519  1.47357E-04      .003877      8 4730329     68   96.20%       2    509
  14226543  1.47357E-04      .003875      8 4733203     55   96.20%       4    510
  14236573  1.47357E-04      .003875      8 4737484     65   96.20%       2    510
  14246629  1.47357E-04      .003874      8 4741919     90   96.20%       3    510
  14256637  1.47357E-04      .003874      8 4745147     74   96.20%       3    511
  14266707  1.47357E-04      .003873      8 4749718     82   96.20%       3    511
  14276733  1.47357E-04      .003873      8 4752900     63   96.20%       4    511
 Elapsed time (sec): 512, estimated tree completion: 0.99999
 Heap usage: 13GB (peak 13GB, 5743KB system)
 B&B tree size: 12.2GB total
                146MB active node information
  
     Node     BestSoln    BestBound   Sols Active  Depth     Gap     GInf   Time
  14286734  1.47357E-04      .003873      8 4756173     62   96.20%       3    512
  14296741  1.47357E-04      .003870      8 4760505     72   96.19%       2    512
  14306806  1.47357E-04      .003870      8 4764632     88   96.19%       5    513
  14316812  1.47357E-04      .003870      8 4768603     54   96.19%       3    513
  14326898  1.47357E-04      .003870      8 4771956     83   96.19%       2    513
  14336955  1.47357E-04      .003867      8 4775308     90   96.19%       3    514
  14347049  1.47357E-04      .003866      8 4780576     89   96.19%       3    514
  14357107  1.47357E-04      .003865      8 4784668     83   96.19%       3    515
  14367152  1.47357E-04      .003865      8 4787974     72   96.19%       3    515
  14377153  1.47357E-04      .003865      8 4790671     93   96.19%       3    515
  14387174  1.47357E-04      .003865      8 4795131     86   96.19%       3    516
  14397179  1.47357E-04      .003865      8 4798860     68   96.19%       3    516
  14407211  1.47357E-04      .003861      8 4802244     78   96.18%       3    516
  14417236  1.47357E-04      .003861      8 4805980     58   96.18%       3    517
  14427253  1.47357E-04      .003861      8 4811099     88   96.18%       3    517
  14437264  1.47357E-04      .003859      8 4814699     75   96.18%       4    518
  14447279  1.47357E-04      .003859      8 4817574     76   96.18%       3    518
  14457367  1.47357E-04      .003859      8 4822122     88   96.18%       3    518
  14467457  1.47357E-04      .003857      8 4825322     89   96.18%       4    519
  14477510  1.47357E-04      .003856      8 4829314     58   96.18%       3    519
 Elapsed time (sec): 519, estimated tree completion: 0.99999
 Heap usage: 13GB (peak 13GB, 5743KB system)
 B&B tree size: 12.3GB total
                148MB active node information
  
     Node     BestSoln    BestBound   Sols Active  Depth     Gap     GInf   Time
  14487532  1.47357E-04      .003856      8 4832333     86   96.18%       3    519
  14497564  1.47357E-04      .003856      8 4837208     72   96.18%       2    520
  14507611  1.47357E-04      .003852      8 4840539     67   96.17%       3    520
  14517641  1.47357E-04      .003852      8 4843714     65   96.17%       3    520
  14527664  1.47357E-04      .003852      8 4848408     52   96.17%       2    521
  14537685  1.47357E-04      .003849      8 4852622     92   96.17%       3    521
  14547750  1.47357E-04      .003848      8 4854574     83   96.17%       3    522
  14557805  1.47357E-04      .003847      8 4859725     84   96.17%       3    522
  14567819  1.47357E-04      .003847      8 4863382     83   96.17%       2    523
  14577830  1.47357E-04      .003846      8 4867459     57   96.17%       2    523
  14587855  1.47357E-04      .003846      8 4870684     69   96.17%       2    523
  14597959  1.47357E-04      .003845      8 4873973     96   96.17%       5    523
  14607978  1.47357E-04      .003845      8 4878245     75   96.17%       3    524
  14617987  1.47357E-04      .003842      8 4881177     85   96.17%       5    525
  14628013  1.47357E-04      .003842      8 4886307     44   96.17%       3    525
  14638078  1.47357E-04      .003842      8 4889579     89   96.17%       4    525
  14648158  1.47357E-04      .003838      8 4892249     87   96.16%       4    525
  14658172  1.47357E-04      .003838      8 4896169     69   96.16%       3    526
  14668180  1.47357E-04      .003838      8 4898736     49   96.16%       4    527
  14678200  1.47357E-04      .003838      8 4903938     73   96.16%       2    527
 Elapsed time (sec): 527, estimated tree completion: 0.99999
 Heap usage: 13GB (peak 13GB, 5743KB system)
 B&B tree size: 12.5GB total
                150MB active node information
  
     Node     BestSoln    BestBound   Sols Active  Depth     Gap     GInf   Time
  14688238  1.47357E-04      .003838      8 4907624     93   96.16%       3    527
  14698265  1.47357E-04      .003837      8 4911339     48   96.16%       3    528
  14708322  1.47357E-04      .003835      8 4915248     65   96.16%       3    528
  14718369  1.47357E-04      .003834      8 4918699     82   96.16%       4    529
  14728373  1.47357E-04      .003834      8 4922615     54   96.16%       3    529
  14738390  1.47357E-04      .003834      8 4925502     88   96.16%       3    529
  14748398  1.47357E-04      .003834      8 4930037     57   96.16%       4    530
  14758398  1.47357E-04      .003834      8 4933994     83   96.16%       2    530
  14768448  1.47357E-04      .003834      8 4936419     83   96.16%       4    531
  14778507  1.47357E-04      .003834      8 4942404     67   96.16%       2    531
  14788528  1.47357E-04      .003834      8 4945927     57   96.16%       4    532
  14798528  1.47357E-04      .003834      8 4949182     55   96.16%       4    532
  14808592  1.47357E-04      .003834      8 4953668     88   96.16%       3    532
  14818664  1.47357E-04      .003834      8 4958111     88   96.16%       4    533
  14828690  1.47357E-04      .003834      8 4961794     92   96.16%       2    533
  14838716  1.47357E-04      .003834      8 4965633     72   96.16%       3    534
  14848764  1.47357E-04      .003834      8 4968960     69   96.16%       3    534
  14858792  1.47357E-04      .003834      8 4972952     60   96.16%       2    535
  14868794  1.47357E-04      .003834      8 4977149     92   96.16%       5    535
  14878832  1.47357E-04      .003821      8 4980882     54   96.14%       2    535
 Elapsed time (sec): 536, estimated tree completion: 0.99999
 Heap usage: 14GB (peak 14GB, 5743KB system)
 B&B tree size: 12.7GB total
                153MB active node information
  
     Node     BestSoln    BestBound   Sols Active  Depth     Gap     GInf   Time
  14888901  1.47357E-04      .003821      8 4983871     88   96.14%       3    536
  14898966  1.47357E-04      .003819      8 4988041     91   96.14%       3    536
  14908989  1.47357E-04      .003819      8 4992292     79   96.14%       4    537
  14919017  1.47357E-04      .003817      8 4996072     67   96.14%       4    537
  14929031  1.47357E-04      .003817      8 4998868     80   96.14%       3    537
  14939129  1.47357E-04      .003817      8 5002518     81   96.14%       2    538
  14949139  1.47357E-04      .003814      8 5005909     71   96.14%       3    538
  14959154  1.47357E-04      .003813      8 5009014     82   96.14%       5    538
  14969171  1.47357E-04      .003813      8 5013880     50   96.14%       2    539
  14979213  1.47357E-04      .003811      8 5019209     82   96.13%       3    539
  14989260  1.47357E-04      .003811      8 5021403     91   96.13%       2    540
  14999260  1.47357E-04      .003811      8 5023918     60   96.13%       3    540
  15009305  1.47357E-04      .003810      8 5029902     81   96.13%       3    541
  15019377  1.47357E-04      .003808      8 5033282     96   96.13%       3    541
  15029390  1.47357E-04      .003808      8 5036541     75   96.13%       5    541
  15039429  1.47357E-04      .003806      8 5040263     58   96.13%       2    542
  15049472  1.47357E-04      .003806      8 5044130     56   96.13%       4    542
  15059570  1.47357E-04      .003805      8 5047419     97   96.13%       5    542
  15069581  1.47357E-04      .003805      8 5051574     60   96.13%       4    543
  15079605  1.47357E-04      .003805      8 5055445     83   96.13%       4    543
 Elapsed time (sec): 544, estimated tree completion: 0.99999
 Heap usage: 14GB (peak 14GB, 5743KB system)
 B&B tree size: 12.9GB total
                155MB active node information
  
     Node     BestSoln    BestBound   Sols Active  Depth     Gap     GInf   Time
  15089674  1.47357E-04      .003805      8 5058716     57   96.13%       2    544
  15099679  1.47357E-04      .003805      8 5063325     57   96.13%       3    544
  15109679  1.47357E-04      .003801      8 5066893     81   96.12%       2    545
  15119683  1.47357E-04      .003801      8 5070703     56   96.12%       2    545
  15129708  1.47357E-04      .003800      8 5074170     74   96.12%       4    545
  15139752  1.47357E-04      .003800      8 5078254     69   96.12%       3    546
  15149785  1.47357E-04      .003797      8 5082396     86   96.12%       2    546
  15159789  1.47357E-04      .003797      8 5085137     73   96.12%       2    546
  15169796  1.47357E-04      .003796      8 5089551     81   96.12%       4    547
  15179816  1.47357E-04      .003795      8 5094342     86   96.12%       3    547
  15189916  1.47357E-04      .003794      8 5096616     84   96.12%       3    548
  15199920  1.47357E-04      .003794      8 5101019     84   96.12%       4    548
  15209928  1.47357E-04      .003794      8 5104344     79   96.12%       4    548
  15219980  1.47357E-04      .003793      8 5108057     83   96.11%       2    549
  15230043  1.47357E-04      .003791      8 5112607     95   96.11%       2    549
  15240072  1.47357E-04      .003790      8 5116009     54   96.11%       2    550
  15250184  1.47357E-04      .003789      8 5120917     93   96.11%       6    550
  15260217  1.47357E-04      .003789      8 5122924     85   96.11%       3    551
  15270242  1.47357E-04      .003788      8 5127012     58   96.11%       3    551
  15280280  1.47357E-04      .003787      8 5131298     72   96.11%       4    552
 Elapsed time (sec): 552, estimated tree completion: 0.99999
 Heap usage: 14GB (peak 14GB, 5743KB system)
 B&B tree size: 13.0GB total
                157MB active node information
  
     Node     BestSoln    BestBound   Sols Active  Depth     Gap     GInf   Time
  15290309  1.47357E-04      .003787      8 5134250     78   96.11%       3    552
  15300343  1.47357E-04      .003786      8 5138472     78   96.11%       5    553
  15310346  1.47357E-04      .003786      8 5141891     72   96.11%       3    553
  15320411  1.47357E-04      .003786      8 5145023     92   96.11%       3    554
  15330420  1.47357E-04      .003785      8 5149333     48   96.11%       3    555
  15340459  1.47357E-04      .003783      8 5153530     74   96.11%       3    555
  15350581  1.47357E-04      .003782      8 5156225     78   96.10%       4    555
  15360601  1.47357E-04      .003781      8 5161145     50   96.10%       2    555
  15370699  1.47357E-04      .003781      8 5164382     74   96.10%       3    556
  15380699  1.47357E-04      .003780      8 5168500     62   96.10%       4    557
  15390803  1.47357E-04      .003780      8 5171800     94   96.10%       5    557
  15400812  1.47357E-04      .003778      8 5176585     70   96.10%       2    557
  15410816  1.47357E-04      .003778      8 5180298     87   96.10%       4    558
  15420826  1.47357E-04      .003777      8 5183264     50   96.10%       3    558
  15430839  1.47357E-04      .003777      8 5187918     59   96.10%       3    559
  15440879  1.47357E-04      .003775      8 5191419     63   96.10%       4    559
  15450897  1.47357E-04      .003775      8 5193743     53   96.10%       2    559
  15460901  1.47357E-04      .003774      8 5197757     68   96.10%       3    560
  15470941  1.47357E-04      .003774      8 5201153     77   96.10%       3    560
  15480972  1.47357E-04      .003773      8 5205663     61   96.09%       3    561
 Elapsed time (sec): 561, estimated tree completion: 0.99999
 Heap usage: 14GB (peak 14GB, 5743KB system)
 B&B tree size: 13.2GB total
                160MB active node information
  
     Node     BestSoln    BestBound   Sols Active  Depth     Gap     GInf   Time
  15490993  1.47357E-04      .003773      8 5209370     83   96.09%       2    561
  15501044  1.47357E-04      .003773      8 5213192     91   96.09%       4    562
  15511099  1.47357E-04      .003771      8 5217390     76   96.09%       3    562
  15521139  1.47357E-04      .003771      8 5220381     86   96.09%       3    564
  15531174  1.47357E-04      .003768      8 5223458     91   96.09%       4    564
  15541264  1.47357E-04      .003767      8 5227362     86   96.09%       3    564
  15551286  1.47357E-04      .003767      8 5230339     55   96.09%       3    564
  15561325  1.47357E-04      .003765      8 5234888     85   96.09%       4    565
  15571349  1.47357E-04      .003765      8 5239643     76   96.09%       2    566
  15581381  1.47357E-04      .003765      8 5242164     62   96.09%       3    566
  15591394  1.47357E-04      .003762      8 5245331     58   96.08%       3    567
  15601474  1.47357E-04      .003761      8 5249438     91   96.08%       2    567
  15611477  1.47357E-04      .003761      8 5252688     59   96.08%       2    567
  15621519  1.47357E-04      .003760      8 5256317     71   96.08%       4    568
  15631559  1.47357E-04      .003759      8 5260884     82   96.08%       4    569
  15641593  1.47357E-04      .003759      8 5264122     70   96.08%       3    569
  15651630  1.47357E-04      .003759      8 5268197     81   96.08%       3    569
  15661641  1.47357E-04      .003759      8 5270606     88   96.08%       5    570
  15671694  1.47357E-04      .003759      8 5275356     59   96.08%       3    571
  15681777  1.47357E-04      .003756      8 5279574     80   96.08%       3    571
 Elapsed time (sec): 571, estimated tree completion: 0.99999
 Heap usage: 14GB (peak 14GB, 5743KB system)
 B&B tree size: 13.4GB total
                162MB active node information
  
     Node     BestSoln    BestBound   Sols Active  Depth     Gap     GInf   Time
  15691786  1.47357E-04      .003756      8 5281765     73   96.08%       3    571
  15701787  1.47357E-04      .003756      8 5286448     83   96.08%       3    571
  15711870  1.47357E-04      .003756      8 5290610     89   96.08%       3    572
  15721923  1.47357E-04      .003753      8 5294858     60   96.07%       4    572
  15731931  1.47357E-04      .003753      8 5297978     70   96.07%       3    573
  15741942  1.47357E-04      .003753      8 5302045     82   96.07%       3    573
  15752035  1.47357E-04      .003752      8 5306111     85   96.07%       3    573
  15762058  1.47357E-04      .003749      8 5309744     89   96.07%       2    574
  15772060  1.47357E-04      .003749      8 5314142     68   96.07%       2    574
  15782099  1.47357E-04      .003747      8 5318960     62   96.07%       3    575
  15792107  1.47357E-04      .003747      8 5322334     69   96.07%       4    575
  15802120  1.47357E-04      .003746      8 5325981     73   96.07%       2    576
  15812137  1.47357E-04      .003745      8 5328984     48   96.07%       3    576
  15822177  1.47357E-04      .003744      8 5333246     70   96.06%       2    576
  15832188  1.47357E-04      .003744      8 5336807     93   96.06%       3    577
  15842224  1.47357E-04      .003742      8 5341170     71   96.06%       3    577
  15852232  1.47357E-04      .003742      8 5343963     94   96.06%       3    578
  15862245  1.47357E-04      .003742      8 5348325     73   96.06%       4    578
  15872246  1.47357E-04      .003742      8 5350615     77   96.06%       4    579
  15882251  1.47357E-04      .003742      8 5354843     73   96.06%       3    579
 Elapsed time (sec): 580, estimated tree completion: 0.99999
 Heap usage: 15GB (peak 15GB, 5743KB system)
 B&B tree size: 13.6GB total
                164MB active node information
  
     Node     BestSoln    BestBound   Sols Active  Depth     Gap     GInf   Time
  15892292  1.47357E-04      .003740      8 5359352     92   96.06%       3    580
  15902320  1.47357E-04      .003738      8 5362774     60   96.06%       3    580
  15912367  1.47357E-04      .003737      8 5366713     75   96.06%       2    581
  15922377  1.47357E-04      .003737      8 5369754     60   96.06%       2    581
  15932404  1.47357E-04      .003737      8 5372892     87   96.06%       3    582
  15942424  1.47357E-04      .003735      8 5377116     85   96.06%       3    582
  15952489  1.47357E-04      .003735      8 5379885     93   96.06%       3    582
  15962533  1.47357E-04      .003735      8 5385291     87   96.05%       3    583
  15972596  1.47357E-04      .003735      8 5388755     86   96.05%       3    583
  15982637  1.47357E-04      .003735      8 5392416     73   96.05%       2    584
  15992646  1.47357E-04      .003735      8 5395656     76   96.05%       6    584
  16002692  1.47357E-04      .003735      8 5398715     86   96.05%       4    585
  16012720  1.47357E-04      .003732      8 5402853     59   96.05%       3    585
  16022756  1.47357E-04      .003730      8 5406882     61   96.05%       3    585
  16032785  1.47357E-04      .003728      8 5411171     43   96.05%       3    586
  16042822  1.47357E-04      .003728      8 5414495     90   96.05%       5    587
  16052863  1.47357E-04      .003727      8 5417388     92   96.05%       4    587
  16062918  1.47357E-04      .003725      8 5422811     64   96.04%       3    587
  16072960  1.47357E-04      .003725      8 5427069     79   96.04%       3    587
  16082967  1.47357E-04      .003725      8 5431484     81   96.04%       4    588
 Elapsed time (sec): 589, estimated tree completion: 0.99999
 Heap usage: 15GB (peak 15GB, 5743KB system)
 B&B tree size: 13.8GB total
                166MB active node information
  
     Node     BestSoln    BestBound   Sols Active  Depth     Gap     GInf   Time
  16092967  1.47357E-04      .003725      8 5435054     77   96.04%       4    589
  16102967  1.47357E-04      .003723      8 5438179     61   96.04%       4    589
  16113042  1.47357E-04      .003723      8 5441592     89   96.04%       2    589
  16123104  1.47357E-04      .003723      8 5445348     74   96.04%       3    590
  16133105  1.47357E-04      .003723      8 5448671     68   96.04%       3    590
  16143234  1.47357E-04      .003722      8 5453151     90   96.04%       5    592
  16153248  1.47357E-04      .003722      8 5457639     71   96.04%       2    592
  16163271  1.47357E-04      .003722      8 5462042     63   96.04%       3    592
  16173296  1.47357E-04      .003722      8 5465591     64   96.04%       4    592
  16183300  1.47357E-04      .003722      8 5469830     52   96.04%       3    593
  16193327  1.47357E-04      .003722      8 5472114     72   96.04%       2    594
  16203355  1.47357E-04      .003722      8 5475540     77   96.04%       5    595
  16213378  1.47357E-04      .003714      8 5480942     55   96.03%       4    595
  16223465  1.47357E-04      .003714      8 5484775     86   96.03%       2    595
  16233525  1.47357E-04      .003713      8 5487746     87   96.03%       4    595
  16243617  1.47357E-04      .003713      8 5492354     88   96.03%       3    597
  16253665  1.47357E-04      .003713      8 5496259     83   96.03%       4    597
  16263706  1.47357E-04      .003711      8 5500633     57   96.03%       3    597
  16273723  1.47357E-04      .003711      8 5503528     68   96.03%       4    598
  16283836  1.47357E-04      .003711      8 5506851     92   96.03%       3    598
 Elapsed time (sec): 598, estimated tree completion: 0.99999
 Heap usage: 15GB (peak 15GB, 5743KB system)
 B&B tree size: 13.9GB total
                169MB active node information
  
     Node     BestSoln    BestBound   Sols Active  Depth     Gap     GInf   Time
  16293858  1.47357E-04      .003710      8 5510251     71   96.03%       3    598
  16303871  1.47357E-04      .003708      8 5515189     52   96.03%       4    599
  16313967  1.47357E-04      .003708      8 5519304     93   96.03%       5    600
  16324026  1.47357E-04      .003707      8 5522640     74   96.02%       5    600
  16334064  1.47357E-04      .003707      8 5526178     92   96.02%       4    600
  16344094  1.47357E-04      .003705      8 5530171     81   96.02%       4    601
  16354094  1.47357E-04      .003704      8 5534598     51   96.02%       4    602
  16364220  1.47357E-04      .003703      8 5537586     94   96.02%       6    602
  16374267  1.47357E-04      .003703      8 5540801     61   96.02%       3    602
  16384327  1.47357E-04      .003702      8 5545939     79   96.02%       4    603
  16394375  1.47357E-04      .003700      8 5550406     60   96.02%       3    603
  16404413  1.47357E-04      .003700      8 5553408     93   96.02%       4    604
  16414413  1.47357E-04      .003700      8 5556175     85   96.02%       3    604
  16424470  1.47357E-04      .003699      8 5561444     80   96.02%       4    604
  16434515  1.47357E-04      .003699      8 5564562     69   96.02%       2    605
  16444599  1.47357E-04      .003699      8 5568975     88   96.02%       2    605
  16454617  1.47357E-04      .003697      8 5573088     85   96.01%       4    606
  16464628  1.47357E-04      .003696      8 5576547     59   96.01%       3    606
  16474695  1.47357E-04      .003696      8 5580620     85   96.01%       5    607
  16484744  1.47357E-04      .003696      8 5584940     82   96.01%       3    607
 Elapsed time (sec): 608, estimated tree completion: 0.99999
 Heap usage: 15GB (peak 15GB, 5743KB system)
 B&B tree size: 14.1GB total
                171MB active node information
  
     Node     BestSoln    BestBound   Sols Active  Depth     Gap     GInf   Time
  16494746  1.47357E-04      .003696      8 5587439     78   96.01%       4    608
  16504782  1.47357E-04      .003696      8 5590206     92   96.01%       4    608
  16514807  1.47357E-04      .003693      8 5597011     75   96.01%       4    609
  16524830  1.47357E-04      .003693      8 5600686     58   96.01%       2    609
  16534849  1.47357E-04      .003691      8 5603617     59   96.01%       3    610
  16544924  1.47357E-04      .003690      8 5607611     90   96.01%       2    610
  16554965  1.47357E-04      .003690      8 5611592     81   96.01%       3    610
  16565032  1.47357E-04      .003690      8 5614914     90   96.01%       4    610
  16575032  1.47357E-04      .003690      8 5618899     54   96.01%       4    611
  16585046  1.47357E-04      .003688      8 5623938     69   96.00%       4    612
  16595111  1.47357E-04      .003687      8 5626358     85   96.00%       4    612
  16605175  1.47357E-04      .003686      8 5631343     63   96.00%       3    612
  16615220  1.47357E-04      .003686      8 5635489     53   96.00%       3    613
  16625242  1.47357E-04      .003686      8 5638376     93   96.00%       4    613
  16635313  1.47357E-04      .003684      8 5641664     88   96.00%       4    614
  16645373  1.47357E-04      .003684      8 5646386     90   96.00%       2    614
  16655450  1.47357E-04      .003682      8 5650426     90   96.00%       4    615
  16665480  1.47357E-04      .003681      8 5653790     82   96.00%       3    615
  16675516  1.47357E-04      .003681      8 5656783     61   96.00%       3    616
  16685635  1.47357E-04      .003681      8 5660544     98   96.00%       4    616
 Elapsed time (sec): 617, estimated tree completion: 0.99999
 Heap usage: 15GB (peak 15GB, 5743KB system)
 B&B tree size: 14.3GB total
                173MB active node information
  
     Node     BestSoln    BestBound   Sols Active  Depth     Gap     GInf   Time
  16695735  1.47357E-04      .003679      8 5664737     87   95.99%       4    617
  16705770  1.47357E-04      .003679      8 5669697     92   95.99%       2    617
  16715774  1.47357E-04      .003679      8 5673380     76   95.99%       3    617
  16725792  1.47357E-04      .003678      8 5676240     48   95.99%       3    618
  16735878  1.47357E-04      .003678      8 5679666     79   95.99%       2    619
  16745911  1.47357E-04      .003678      8 5684222     73   95.99%       2    619
  16755945  1.47357E-04      .003678      8 5687851     79   95.99%       3    619
  16766000  1.47357E-04      .003678      8 5691968     74   95.99%       2    620
  16776048  1.47357E-04      .003675      8 5695198     80   95.99%       4    621
  16786105  1.47357E-04      .003674      8 5698484     87   95.99%       3    621
  16796172  1.47357E-04      .003674      8 5703129     76   95.99%       3    621
  16806179  1.47357E-04      .003671      8 5706971     85   95.99%       2    622
  16816217  1.47357E-04      .003671      8 5709347     63   95.99%       3    622
  16826244  1.47357E-04      .003671      8 5713640     91   95.99%       4    623
  16836261  1.47357E-04      .003669      8 5717919     85   95.98%       3    623
  16846284  1.47357E-04      .003669      8 5721845     92   95.98%       2    624
  16856305  1.47357E-04      .003669      8 5726276     93   95.98%       5    624
  16866387  1.47357E-04      .003669      8 5728808     99   95.98%       5    624
  16876392  1.47357E-04      .003667      8 5733201     83   95.98%       3    625
  16886392  1.47357E-04      .003666      8 5736948     61   95.98%       2    626
 Elapsed time (sec): 626, estimated tree completion: 0.99999
 Heap usage: 16GB (peak 16GB, 5743KB system)
 B&B tree size: 14.5GB total
                176MB active node information
  
     Node     BestSoln    BestBound   Sols Active  Depth     Gap     GInf   Time
  16896510  1.47357E-04      .003666      8 5740439     96   95.98%       6    626
  16906582  1.47357E-04      .003666      8 5743751     87   95.98%       4    626
  16916659  1.47357E-04      .003665      8 5749243     79   95.98%       3    626
  16926753  1.47357E-04      .003665      8 5753005     86   95.98%       2    627
  16936753  1.47357E-04      .003663      8 5757004     55   95.98%       4    628
  16946802  1.47357E-04      .003663      8 5758770     82   95.98%       4    628
  16956903  1.47357E-04      .003662      8 5763075     89   95.98%       5    628
  16966907  1.47357E-04      .003661      8 5766808     63   95.98%       4    629
  16976958  1.47357E-04      .003660      8 5770581     69   95.97%       4    629
  16986973  1.47357E-04      .003660      8 5774479     91   95.97%       4    630
  16996987  1.47357E-04      .003659      8 5778643     53   95.97%       2    630
  17007038  1.47357E-04      .003659      8 5782352     89   95.97%       4    631
  17017040  1.47357E-04      .003659      8 5785331     88   95.97%       3    631
  17027107  1.47357E-04      .003655      8 5790105     61   95.97%       2    632
  17037141  1.47357E-04      .003655      8 5794570     87   95.97%       4    632
  17047165  1.47357E-04      .003655      8 5797232     93   95.97%       3    633
  17057165  1.47357E-04      .003654      8 5800870     76   95.97%       3    633
  17067196  1.47357E-04      .003654      8 5804852     68   95.97%       4    634
  17077197  1.47357E-04      .003654      8 5809979     82   95.97%       3    634
  17087256  1.47357E-04      .003652      8 5813167     91   95.97%       2    634
 Elapsed time (sec): 635, estimated tree completion: 0.99999
 Heap usage: 16GB (peak 16GB, 5743KB system)
 B&B tree size: 14.7GB total
                178MB active node information
  
     Node     BestSoln    BestBound   Sols Active  Depth     Gap     GInf   Time
  17097311  1.47357E-04      .003652      8 5816374     73   95.97%       3    635
  17107316  1.47357E-04      .003652      8 5820756     83   95.97%       2    635
  17117316  1.47357E-04      .003652      8 5824276     57   95.97%       2    636
  17127380  1.47357E-04      .003650      8 5829565     86   95.96%       4    636
  17137400  1.47357E-04      .003649      8 5832538     49   95.96%       2    636
  17147501  1.47357E-04      .003649      8 5837112     64   95.96%       2    637
  17157545  1.47357E-04      .003649      8 5840824     87   95.96%       5    637
  17167563  1.47357E-04      .003647      8 5843762     73   95.96%       4    638
  17177634  1.47357E-04      .003646      8 5848098     88   95.96%       3    638
  17187644  1.47357E-04      .003646      8 5851461     56   95.96%       4    639
  17197742  1.47357E-04      .003643      8 5855704     51   95.96%       3    639
  17207748  1.47357E-04      .003643      8 5860749     78   95.96%       3    640
  17217769  1.47357E-04      .003643      8 5862750     75   95.95%       3    641
  17227808  1.47357E-04      .003643      8 5864927     57   95.95%       2    641
  17237814  1.47357E-04      .003643      8 5870126     94   95.95%       5    641
  17247828  1.47357E-04      .003640      8 5874784     95   95.95%       4    641
  17257861  1.47357E-04      .003640      8 5878405     68   95.95%       5    643
  17267862  1.47357E-04      .003639      8 5882885      1   95.95%       2    643
  17277928  1.47357E-04      .003639      8 5887084     89   95.95%       4    643
  17287939  1.47357E-04      .003638      8 5889529     78   95.95%       3    643
 Elapsed time (sec): 644, estimated tree completion: 0.99999
 Heap usage: 16GB (peak 16GB, 5743KB system)
 B&B tree size: 14.8GB total
                180MB active node information
  
     Node     BestSoln    BestBound   Sols Active  Depth     Gap     GInf   Time
  17297988  1.47357E-04      .003638      8 5892991     82   95.95%       4    644
  17308037  1.47357E-04      .003638      8 5897674     57   95.95%       2    645
  17318110  1.47357E-04      .003638      8 5902583     89   95.95%       2    645
  17328113  1.47357E-04      .003638      8 5905923     62   95.95%       4    645
  17338177  1.47357E-04      .003638      8 5908690     83   95.95%       3    646
  17348195  1.47357E-04      .003634      8 5912980     65   95.95%       3    646
  17358265  1.47357E-04      .003633      8 5915458     65   95.94%       3    648
  17368275  1.47357E-04      .003633      8 5919709     58   95.94%       4    648
  17378275  1.47357E-04      .003631      8 5925143     72   95.94%       4    648
  17388279  1.47357E-04      .003631      8 5928682     60   95.94%       4    648
  17398279  1.47357E-04      .003630      8 5930764     57   95.94%       2    649
  17408337  1.47357E-04      .003630      8 5935697     79   95.94%       3    650
  17418443  1.47357E-04      .003630      8 5939858     88   95.94%       2    650
  17428482  1.47357E-04      .003630      8 5943187     76   95.94%       3    651
  17438513  1.47357E-04      .003630      8 5948432     90   95.94%       4    651
  17448565  1.47357E-04      .003628      8 5951256     72   95.94%       4    651
  17458579  1.47357E-04      .003626      8 5955228     76   95.94%       4    652
  17468579  1.47357E-04      .003626      8 5959282     72   95.94%       4    653
  17478655  1.47357E-04      .003626      8 5962250     63   95.94%       4    654
  17488656  1.47357E-04      .003626      8 5967227     79   95.94%       2    654
 Elapsed time (sec): 654, estimated tree completion: 0.99999
 Heap usage: 16GB (peak 16GB, 5743KB system)
 B&B tree size: 15.0GB total
                183MB active node information
  
     Node     BestSoln    BestBound   Sols Active  Depth     Gap     GInf   Time
  17498724  1.47357E-04      .003624      8 5970701     78   95.93%       4    654
  17508813  1.47357E-04      .003624      8 5973491     93   95.93%       5    655
  17518850  1.47357E-04      .003624      8 5977571     62   95.93%       4    656
  17528851  1.47357E-04      .003624      8 5980605     48   95.93%       4    656
  17538856  1.47357E-04      .003622      8 5985422     60   95.93%       4    657
  17548900  1.47357E-04      .003621      8 5989672     61   95.93%       2    658
  17558928  1.47357E-04      .003620      8 5993320     89   95.93%       2    658
  17568970  1.47357E-04      .003620      8 5996477     82   95.93%       4    659
  17578998  1.47357E-04      .003620      8 6000647     83   95.93%       3    659
  17589018  1.47357E-04      .003618      8 6004555     58   95.93%       3    659
  17599073  1.47357E-04      .003617      8 6008505     62   95.93%       3    660
  17609073  1.47357E-04      .003617      8 6011463     84   95.93%       5    660
  17619093  1.47357E-04      .003617      8 6015448     83   95.93%       2    661
  17629103  1.47357E-04      .003615      8 6019326     67   95.92%       3    661
  17639166  1.47357E-04      .003613      8 6022797     67   95.92%       2    662
  17649215  1.47357E-04      .003613      8 6026193     91   95.92%       5    662
  17659229  1.47357E-04      .003613      8 6029776     70   95.92%       3    663
  17669248  1.47357E-04      .003613      8 6033854     89   95.92%       4    663
  17679297  1.47357E-04      .003612      8 6037799     81   95.92%       3    664
  17689356  1.47357E-04      .003612      8 6040897     93   95.92%       3    664
 Elapsed time (sec): 665, estimated tree completion: 0.99999
 Heap usage: 16GB (peak 16GB, 5743KB system)
 B&B tree size: 15.2GB total
                185MB active node information
  
     Node     BestSoln    BestBound   Sols Active  Depth     Gap     GInf   Time
  17699377  1.47357E-04      .003610      8 6045105     50   95.92%       4    665
  17709475  1.47357E-04      .003610      8 6049627     89   95.92%       2    665
  17719489  1.47357E-04      .003610      8 6053016     74   95.92%       3    666
  17729532  1.47357E-04      .003609      8 6056602     93   95.92%       3    666
  17739559  1.47357E-04      .003609      8 6060976     90   95.92%       3    667
  17749625  1.47357E-04      .003609      8 6065148     84   95.92%       3    667
  17759659  1.47357E-04      .003606      8 6068717     88   95.91%       3    667
  17769674  1.47357E-04      .003606      8 6071916     65   95.91%       3    668
  17779737  1.47357E-04      .003606      8 6074962     94   95.91%       5    669
  17789807  1.47357E-04      .003604      8 6079900     78   95.91%       3    670
  17799927  1.47357E-04      .003603      8 6084216     82   95.91%       4    670
  17810037  1.47357E-04      .003603      8 6086722     73   95.91%       2    670
  17820040  1.47357E-04      .003602      8 6090777     92   95.91%       3    671
  17830091  1.47357E-04      .003602      8 6095375     83   95.91%       3    672
  17840113  1.47357E-04      .003602      8 6099167     85   95.91%       3    672
  17850114  1.47357E-04      .003600      8 6102555     95   95.91%       4    673
  17860197  1.47357E-04      .003600      8 6106595     93   95.91%       4    673
  17870238  1.47357E-04      .003600      8 6111744     73   95.91%       3    673
  17880294  1.47357E-04      .003600      8 6116147     80   95.91%       3    674
  17890300  1.47357E-04      .003600      8 6119257     91   95.91%       5    675
 Elapsed time (sec): 675, estimated tree completion: 0.99999
 Heap usage: 17GB (peak 17GB, 5743KB system)
 B&B tree size: 15.4GB total
                187MB active node information
  
     Node     BestSoln    BestBound   Sols Active  Depth     Gap     GInf   Time
  17900391  1.47357E-04      .003600      8 6123067     56   95.91%       2    675
  17910392  1.47357E-04      .003600      8 6127727     49   95.91%       4    675
  17920464  1.47357E-04      .003596      8 6131467     89   95.90%       4    676
  17930493  1.47357E-04      .003596      8 6133875     89   95.90%       2    676
  17940502  1.47357E-04      .003596      8 6138140     53   95.90%       3    677
  17950571  1.47357E-04      .003595      8 6143284     91   95.90%       3    677
  17960602  1.47357E-04      .003594      8 6146930     89   95.90%       3    678
  17970607  1.47357E-04      .003594      8 6149406     89   95.90%       4    678
  17980649  1.47357E-04      .003591      8 6153608     89   95.90%       3    679
  17990659  1.47357E-04      .003591      8 6157330     47   95.90%       2    680
  18000674  1.47357E-04      .003591      8 6160414     81   95.90%       3    680
  18010695  1.47357E-04      .003591      8 6165233     79   95.90%       4    680
  18020795  1.47357E-04      .003588      8 6168548     85   95.89%       2    681
  18030801  1.47357E-04      .003588      8 6171974     93   95.89%       4    681
  18040806  1.47357E-04      .003588      8 6175869     72   95.89%       3    682
  18050842  1.47357E-04      .003587      8 6181261     70   95.89%       3    682
  18060913  1.47357E-04      .003587      8 6185404     83   95.89%       2    683
  18070942  1.47357E-04      .003586      8 6187573     67   95.89%       3    683
  18080971  1.47357E-04      .003586      8 6191389     75   95.89%       3    683
  18091000  1.47357E-04      .003586      8 6196461     88   95.89%       3    686
 Elapsed time (sec): 686, estimated tree completion: 0.99999
 Heap usage: 17GB (peak 17GB, 5743KB system)
 B&B tree size: 15.6GB total
                190MB active node information
  
     Node     BestSoln    BestBound   Sols Active  Depth     Gap     GInf   Time
  18101009  1.47357E-04      .003586      8 6199458     70   95.89%       3    686
  18111045  1.47357E-04      .003585      8 6203848     71   95.89%       3    686
  18121057  1.47357E-04      .003583      8 6207559     78   95.89%       5    686
  18131165  1.47357E-04      .003582      8 6211849     82   95.89%       3    688
  18141210  1.47357E-04      .003581      8 6214426     50   95.89%       3    689
  18151257  1.47357E-04      .003581      8 6218276     79   95.89%       2    689
  18161257  1.47357E-04      .003580      8 6222573     71   95.88%       4    689
  18171308  1.47357E-04      .003578      8 6226692     80   95.88%       3    689
  18181310  1.47357E-04      .003578      8 6230649     91   95.88%       5    691
  18191386  1.47357E-04      .003578      8 6233585     91   95.88%       5    691
  18201389  1.47357E-04      .003578      8 6237790     66   95.88%       3    691
  18211406  1.47357E-04      .003578      8 6241476     72   95.88%       4    692
  18221471  1.47357E-04      .003577      8 6245053     83   95.88%       3    692
  18231479  1.47357E-04      .003575      8 6249520     82   95.88%       5    693
  18241514  1.47357E-04      .003575      8 6254009     64   95.88%       2    694
  18251621  1.47357E-04      .003575      8 6258098     95   95.88%       3    695
  18261628  1.47357E-04      .003573      8 6261106     70   95.88%       4    695
  18271677  1.47357E-04      .003573      8 6264441     78   95.88%       2    696
  18281682  1.47357E-04      .003571      8 6268163     46   95.87%       2    696
  18291694  1.47357E-04      .003571      8 6271326     83   95.87%       5    697
 Elapsed time (sec): 698, estimated tree completion: 0.99999
 Heap usage: 17GB (peak 17GB, 5743KB system)
 B&B tree size: 15.7GB total
                192MB active node information
  
     Node     BestSoln    BestBound   Sols Active  Depth     Gap     GInf   Time
  18301804  1.47357E-04      .003571      8 6275000     89   95.87%       2    698
  18311848  1.47357E-04      .003570      8 6278988     66   95.87%       3    698
  18321909  1.47357E-04      .003569      8 6282874     61   95.87%       3    699
  18331927  1.47357E-04      .003569      8 6286800     53   95.87%       2    699
  18341930  1.47357E-04      .003569      8 6290238     82   95.87%       4    700
  18351943  1.47357E-04      .003569      8 6293869     70   95.87%       3    701
  18361997  1.47357E-04      .003569      8 6296632     77   95.87%       2    701
  18372012  1.47357E-04      .003568      8 6301174     52   95.87%       3    702
  18382037  1.47357E-04      .003566      8 6305873     63   95.87%       2    702
  18392038  1.47357E-04      .003566      8 6309914     69   95.87%       4    704
  18402079  1.47357E-04      .003565      8 6312100     84   95.87%       5    704
  18412089  1.47357E-04      .003565      8 6317188     78   95.87%       4    704
  18422211  1.47357E-04      .003564      8 6320032     93   95.87%       6    706
  18432267  1.47357E-04      .003563      8 6324295     54   95.86%       4    706
  18442318  1.47357E-04      .003562      8 6328822     89   95.86%       4    707
  18452321  1.47357E-04      .003561      8 6331826     44   95.86%       3    707
  18462376  1.47357E-04      .003561      8 6334909     66   95.86%       3    707
  18472451  1.47357E-04      .003561      8 6340545     90   95.86%       3    708
  18482467  1.47357E-04      .003560      8 6344199     66   95.86%       3    708
  18492519  1.47357E-04      .003559      8 6347240     81   95.86%       3    708
 Elapsed time (sec): 709, estimated tree completion: 0.99999
 Heap usage: 17GB (peak 17GB, 5743KB system)
 B&B tree size: 15.9GB total
                194MB active node information
  
     Node     BestSoln    BestBound   Sols Active  Depth     Gap     GInf   Time
  18502556  1.47357E-04      .003559      8 6351290     96   95.86%       3    709
  18512606  1.47357E-04      .003557      8 6354231     80   95.86%       4    710
  18522676  1.47357E-04      .003557      8 6358588     73   95.86%       2    710
  18532789  1.47357E-04      .003557      8 6363099     93   95.86%       5    711
  18542809  1.47357E-04      .003555      8 6366687     87   95.86%       4    711
  18552813  1.47357E-04      .003555      8 6370901     56   95.86%       2    712
  18562869  1.47357E-04      .003555      8 6374136     78   95.86%       3    713
  18572876  1.47357E-04      .003554      8 6377480     75   95.85%       2    713
  18582927  1.47357E-04      .003553      8 6382386     92   95.85%       4    714
  18592937  1.47357E-04      .003553      8 6385346     57   95.85%       2    714
  18602999  1.47357E-04      .003553      8 6389137     93   95.85%       4    715
  18613041  1.47357E-04      .003551      8 6392561     66   95.85%       2    716
  18623075  1.47357E-04      .003551      8 6396383     85   95.85%       3    716
  18633113  1.47357E-04      .003550      8 6400075     93   95.85%       3    716
  18643181  1.47357E-04      .003550      8 6403643     92   95.85%       4    716
  18653252  1.47357E-04      .003550      8 6408159     84   95.85%       3    717
  18663317  1.47357E-04      .003549      8 6413432     92   95.85%       4    718
  18673368  1.47357E-04      .003548      8 6416419     62   95.85%       3    718
  18683410  1.47357E-04      .003548      8 6419903     78   95.85%       2    719
  18693450  1.47357E-04      .003548      8 6423552     93   95.85%       3    719
 Elapsed time (sec): 720, estimated tree completion: 0.99999
 Heap usage: 17GB (peak 17GB, 5743KB system)
 B&B tree size: 16.1GB total
                197MB active node information
  
     Node     BestSoln    BestBound   Sols Active  Depth     Gap     GInf   Time
  18703509  1.47357E-04      .003548      8 6426736     90   95.85%       3    720
  18713536  1.47357E-04      .003546      8 6432265     79   95.84%       2    721
  18723667  1.47357E-04      .003546      8 6435456     99   95.84%       3    721
  18733683  1.47357E-04      .003546      8 6438953     68   95.84%       3    721
  18743718  1.47357E-04      .003546      8 6442381     58   95.84%       2    721
  18753721  1.47357E-04      .003546      8 6446589     80   95.84%       2    722
  18763769  1.47357E-04      .003543      8 6451581     60   95.84%       2    723
  18773790  1.47357E-04      .003543      8 6454779     76   95.84%       3    723
  18783839  1.47357E-04      .003543      8 6457605     84   95.84%       4    724
  18793842  1.47357E-04      .003543      8 6462457     79   95.84%       3    724
  18803916  1.47357E-04      .003543      8 6466360     85   95.84%       3    724
  18813932  1.47357E-04      .003543      8 6469560     74   95.84%       5    725
  18823959  1.47357E-04      .003543      8 6474697     72   95.84%       4    726
  18834031  1.47357E-04      .003543      8 6478231     93   95.84%       3    726
  18844103  1.47357E-04      .003543      8 6481879     76   95.84%       2    726
  18854127  1.47357E-04      .003543      8 6486104     87   95.84%       2    727
  18864174  1.47357E-04      .003543      8 6491342     83   95.84%       3    728
  18874196  1.47357E-04      .003543      8 6494092     77   95.84%       2    728
  18884277  1.47357E-04      .003543      8 6498157     94   95.84%       4    728
  18894343  1.47357E-04      .003543      8 6502371     93   95.84%       2    729
 Elapsed time (sec): 729, estimated tree completion: 0.99999
 Heap usage: 18GB (peak 18GB, 5743KB system)
 B&B tree size: 16.3GB total
                199MB active node information
  
     Node     BestSoln    BestBound   Sols Active  Depth     Gap     GInf   Time
  18904347  1.47357E-04      .003534      8 6505525     67   95.83%       3    729
  18914352  1.47357E-04      .003534      8 6509579     76   95.83%       2    730
  18924405  1.47357E-04      .003532      8 6513461     86   95.83%       5    730
  18934413  1.47357E-04      .003532      8 6517727     91   95.83%       2    731
  18944461  1.47357E-04      .003531      8 6520941     84   95.83%       3    731
  18954492  1.47357E-04      .003530      8 6523532     98   95.83%       3    732
  18964538  1.47357E-04      .003530      8 6528585     87   95.83%       3    732
  18974595  1.47357E-04      .003530      8 6532581     56   95.83%       2    733
  18984657  1.47357E-04      .003530      8 6536024     94   95.83%       2    733
  18994719  1.47357E-04      .003529      8 6541177     93   95.82%       3    733
  19004785  1.47357E-04      .003528      8 6543957     91   95.82%       4    734
  19014877  1.47357E-04      .003528      8 6547409     84   95.82%       3    734
  19024903  1.47357E-04      .003526      8 6552390     71   95.82%       2    735
  19034990  1.47357E-04      .003526      8 6554940     88   95.82%       5    735
  19045038  1.47357E-04      .003526      8 6558677     96   95.82%       5    736
  19055078  1.47357E-04      .003526      8 6563569     65   95.82%       3    736
  19065078  1.47357E-04      .003524      8 6567002     87   95.82%       3    737
  19075109  1.47357E-04      .003524      8 6572381     71   95.82%       3    738
  19085115  1.47357E-04      .003524      8 6574851     91   95.82%       3    738
  19095169  1.47357E-04      .003522      8 6578098     94   95.82%       3    738
 Elapsed time (sec): 739, estimated tree completion: 0.99999
 Heap usage: 18GB (peak 18GB, 5743KB system)
 B&B tree size: 16.5GB total
                202MB active node information
  
     Node     BestSoln    BestBound   Sols Active  Depth     Gap     GInf   Time
  19105179  1.47357E-04      .003522      8 6581628     88   95.82%       3    739
  19115211  1.47357E-04      .003522      8 6585958     74   95.82%       2    739
  19125278  1.47357E-04      .003521      8 6590204     85   95.82%       3    739
  19135281  1.47357E-04      .003520      8 6593314     91   95.81%       3    741
  19145380  1.47357E-04      .003520      8 6596816     92   95.81%       6    741
  19155392  1.47357E-04      .003519      8 6600949     52   95.81%       4    742
  19165464  1.47357E-04      .003519      8 6604026     66   95.81%       3    742
  19175507  1.47357E-04      .003519      8 6608113     55   95.81%       4    742
  19185510  1.47357E-04      .003517      8 6612947     54   95.81%       3    744
  19195586  1.47357E-04      .003516      8 6616347    100   95.81%       4    745
  19205589  1.47357E-04      .003516      8 6620183     64   95.81%       3    745
  19215629  1.47357E-04      .003515      8 6624637     66   95.81%       3    745
  19225646  1.47357E-04      .003514      8 6626492     71   95.81%       2    745
  19235677  1.47357E-04      .003514      8 6630222     58   95.81%       3    747
  19245680  1.47357E-04      .003513      8 6634284     56   95.81%       3    748
  19255742  1.47357E-04      .003512      8 6638085     94   95.80%       3    748
  19265765  1.47357E-04      .003512      8 6641312     93   95.80%       2    748
  19275866  1.47357E-04      .003511      8 6645646     93   95.80%       3    749
  19285896  1.47357E-04      .003511      8 6649545     83   95.80%       3    749
  19295933  1.47357E-04      .003510      8 6653194     60   95.80%       2    750
 Elapsed time (sec): 751, estimated tree completion: 0.99999
 Heap usage: 18GB (peak 18GB, 5743KB system)
 B&B tree size: 16.6GB total
                204MB active node information
  
     Node     BestSoln    BestBound   Sols Active  Depth     Gap     GInf   Time
  19305939  1.47357E-04      .003510      8 6656816     63   95.80%       2    751
  19315949  1.47357E-04      .003510      8 6661437     61   95.80%       2    751
  19326052  1.47357E-04      .003508      8 6664863     92   95.80%       4    751
  19336089  1.47357E-04      .003508      8 6669335     74   95.80%       4    752
  19346114  1.47357E-04      .003508      8 6673078     83   95.80%       3    753
  19356154  1.47357E-04      .003507      8 6676154     89   95.80%       3    753
  19366180  1.47357E-04      .003506      8 6680556     61   95.80%       4    753
  19376184  1.47357E-04      .003505      8 6683493     75   95.80%       4    754
  19386203  1.47357E-04      .003505      8 6688733     51   95.80%       3    755
  19396216  1.47357E-04      .003505      8 6691802     78   95.80%       2    756
  19406254  1.47357E-04      .003505      8 6696118     81   95.80%       5    756
  19416286  1.47357E-04      .003504      8 6699720     84   95.79%       3    757
  19426291  1.47357E-04      .003504      8 6703511     86   95.79%       4    757
  19436292  1.47357E-04      .003502      8 6707040     70   95.79%       3    758
  19446378  1.47357E-04      .003501      8 6711349     88   95.79%       3    760
  19456414  1.47357E-04      .003501      8 6714923     83   95.79%       4    760
  19466522  1.47357E-04      .003499      8 6719436     64   95.79%       4    760
  19476526  1.47357E-04      .003499      8 6723345     83   95.79%       2    761
  19486534  1.47357E-04      .003499      8 6726808     68   95.79%       3    762
  19496548  1.47357E-04      .003499      8 6730575     74   95.79%       2    763
 Elapsed time (sec): 763, estimated tree completion: 0.99999
 Heap usage: 18GB (peak 18GB, 5743KB system)
 B&B tree size: 16.8GB total
                206MB active node information
  
     Node     BestSoln    BestBound   Sols Active  Depth     Gap     GInf   Time
  19506600  1.47357E-04      .003498      8 6735082     54   95.79%       3    763
  19516611  1.47357E-04      .003498      8 6738373     82   95.79%       2    764
  19526646  1.47357E-04      .003498      8 6742669     78   95.79%       4    764
  19536729  1.47357E-04      .003498      8 6745611     87   95.79%       4    765
  19546736  1.47357E-04      .003496      8 6749646     66   95.79%       2    767
  19556795  1.47357E-04      .003495      8 6754155     90   95.78%       3    767
  19566801  1.47357E-04      .003495      8 6758106     61   95.78%       3    767
  19576846  1.47357E-04      .003495      8 6761535     92   95.78%       5    769
  19586950  1.47357E-04      .003494      8 6765168     90   95.78%       3    769
  19596969  1.47357E-04      .003493      8 6769660     88   95.78%       2    770
  19606993  1.47357E-04      .003492      8 6773245     70   95.78%       2    770
  19617061  1.47357E-04      .003492      8 6776952     53   95.78%       3    771
  19627134  1.47357E-04      .003492      8 6781995     94   95.78%       3    772
  19637226  1.47357E-04      .003492      8 6784672     89   95.78%       3    772
  19647269  1.47357E-04      .003489      8 6788789     81   95.78%       4    774
  19657296  1.47357E-04      .003489      8 6792021     54   95.78%       4    774
  19667368  1.47357E-04      .003489      8 6795435     88   95.78%       2    774
  19677394  1.47357E-04      .003488      8 6798591     79   95.78%       4    776
  19687442  1.47357E-04      .003488      8 6802403     87   95.78%       3    776
  19697454  1.47357E-04      .003486      8 6806575     91   95.77%       2    777
 Elapsed time (sec): 778, estimated tree completion: 0.99999
 Heap usage: 18GB (peak 18GB, 5743KB system)
 B&B tree size: 17.0GB total
                209MB active node information
  
     Node     BestSoln    BestBound   Sols Active  Depth     Gap     GInf   Time
  19707518  1.47357E-04      .003486      8 6809956     90   95.77%       3    778
  19717523  1.47357E-04      .003485      8 6813429     70   95.77%       2    778
  19727540  1.47357E-04      .003485      8 6817449     54   95.77%       2    779
  19737543  1.47357E-04      .003485      8 6822398     92   95.77%       4    779
  19747618  1.47357E-04      .003484      8 6825729     92   95.77%       4    781
  19757673  1.47357E-04      .003484      8 6827878     51   95.77%       4    781
  19767674  1.47357E-04      .003483      8 6833703     83   95.77%       2    781
  19777676  1.47357E-04      .003483      8 6837630     68   95.77%       3    783
  19787755  1.47357E-04      .003482      8 6841656     93   95.77%       4    783
  19797789  1.47357E-04      .003481      8 6844553     81   95.77%       5    784
  19807821  1.47357E-04      .003479      8 6848646     97   95.76%       3    785
  19817824  1.47357E-04      .003479      8 6850901     79   95.76%       2    785
  19827862  1.47357E-04      .003478      8 6856668     54   95.76%       3    786
  19837877  1.47357E-04      .003478      8 6859835     88   95.76%       4    786
  19847905  1.47357E-04      .003477      8 6863629     63   95.76%       4    787
  19857971  1.47357E-04      .003477      8 6867201     74   95.76%       3    788
  19867976  1.47357E-04      .003476      8 6871808     77   95.76%       4    789
  19878019  1.47357E-04      .003476      8 6875556     75   95.76%       3    790
  19888061  1.47357E-04      .003476      8 6879636     63   95.76%       2    790
  19898104  1.47357E-04      .003476      8 6882471     84   95.76%       3    790
 Elapsed time (sec): 791, estimated tree completion: 0.99999
 Heap usage: 19GB (peak 19GB, 5743KB system)
 B&B tree size: 17.2GB total
                211MB active node information
  
     Node     BestSoln    BestBound   Sols Active  Depth     Gap     GInf   Time
  19908170  1.47357E-04      .003474      8 6886766     91   95.76%       3    791
  19918212  1.47357E-04      .003474      8 6891881     85   95.76%       4    793
  19928213  1.47357E-04      .003474      8 6894520     68   95.76%       2    793
  19938253  1.47357E-04      .003474      8 6898186     62   95.76%       4    793
  19948327  1.47357E-04      .003474      8 6903103     96   95.76%       4    794
  19958331  1.47357E-04      .003471      8 6906785     78   95.75%       3    794
  19968346  1.47357E-04      .003471      8 6910368     75   95.75%       3    796
  19978385  1.47357E-04      .003471      8 6914147     60   95.75%       2    797
  19988411  1.47357E-04      .003470      8 6916968     91   95.75%       2    797
  19998444  1.47357E-04      .003469      8 6922018     92   95.75%       3    797
  20008496  1.47357E-04      .003468      8 6925585     75   95.75%       3    797
  20018515  1.47357E-04      .003468      8 6928574     73   95.75%       4    800
  20028549  1.47357E-04      .003467      8 6931837     92   95.75%       2    800
  20038555  1.47357E-04      .003467      8 6936690     62   95.75%       2    800
  20048567  1.47357E-04      .003466      8 6942434     87   95.75%       2    800
  20058616  1.47357E-04      .003465      8 6945914     88   95.75%       2    802
  20068630  1.47357E-04      .003465      8 6947793     81   95.75%       4    802
  20078696  1.47357E-04      .003465      8 6951404     83   95.75%       3    803
  20088767  1.47357E-04      .003465      8 6956176     94   95.75%       5    804
  20098819  1.47357E-04      .003463      8 6959070     80   95.75%       3    804
 Elapsed time (sec): 805, estimated tree completion: 0.99999
 Heap usage: 19GB (peak 19GB, 5743KB system)
 B&B tree size: 17.4GB total
                213MB active node information
  
     Node     BestSoln    BestBound   Sols Active  Depth     Gap     GInf   Time
  20108825  1.47357E-04      .003463      8 6964854     83   95.74%       3    805
  20118860  1.47357E-04      .003463      8 6968345     53   95.74%       4    805
  20128893  1.47357E-04      .003463      8 6970881     89   95.74%       3    807
  20138966  1.47357E-04      .003461      8 6975080     75   95.74%       2    807
  20148993  1.47357E-04      .003461      8 6979195     67   95.74%       4    807
  20159082  1.47357E-04      .003460      8 6981707     72   95.74%       4    809
  20169082  1.47357E-04      .003459      8 6986098     51   95.74%       3    809
  20179082  1.47357E-04      .003458      8 6990639     64   95.74%       4    810
  20189129  1.47357E-04      .003458      8 6993665     82   95.74%       4    811
  20199225  1.47357E-04      .003457      8 6997854     88   95.74%       3    811
  20209292  1.47357E-04      .003457      8 7001509     76   95.74%       2    812
  20219309  1.47357E-04      .003457      8 7004310     85   95.74%       4    812
  20229318  1.47357E-04      .003456      8 7009293     59   95.74%       3    814
  20239338  1.47357E-04      .003454      8 7012975     84   95.73%       2    814
  20249359  1.47357E-04      .003454      8 7016365     77   95.73%       4    815
  20259373  1.47357E-04      .003454      8 7019651     48   95.73%       3    816
  20269379  1.47357E-04      .003453      8 7023687     76   95.73%       3    816
  20279457  1.47357E-04      .003453      8 7027814     83   95.73%       3    818
  20289467  1.47357E-04      .003452      8 7030494     64   95.73%       2    818
  20299544  1.47357E-04      .003452      8 7033419     83   95.73%       2    818
 Elapsed time (sec): 819, estimated tree completion: 0.99999
 Heap usage: 19GB (peak 19GB, 5743KB system)
 B&B tree size: 17.5GB total
                216MB active node information
  
     Node     BestSoln    BestBound   Sols Active  Depth     Gap     GInf   Time
  20309586  1.47357E-04      .003452      8 7039157     88   95.73%       3    819
  20319604  1.47357E-04      .003452      8 7043175     85   95.73%       4    820
  20329630  1.47357E-04      .003452      8 7047052     89   95.73%       6    820
  20339631  1.47357E-04      .003452      8 7050421     55   95.73%       3    821
  20349676  1.47357E-04      .003452      8 7054533     60   95.73%       4    822
  20359692  1.47357E-04      .003452      8 7058624     45   95.73%       3    822
  20369753  1.47357E-04      .003452      8 7062544     91   95.73%       4    823
  20379788  1.47357E-04      .003452      8 7066156     67   95.73%       2    823
  20389876  1.47357E-04      .003452      8 7069313     86   95.73%       2    823
  20399889  1.47357E-04      .003452      8 7073733     57   95.73%       2    825
  20409889  1.47357E-04      .003448      8 7077500     74   95.73%       4    826
  20419905  1.47357E-04      .003448      8 7081309     56   95.73%       3    826
  20429907  1.47357E-04      .003445      8 7087044     92   95.72%       4    826
  20439994  1.47357E-04      .003445      8 7089477     94   95.72%       3    827
  20450102  1.47357E-04      .003444      8 7092945     67   95.72%       2    829
  20460182  1.47357E-04      .003443      8 7097441     83   95.72%       3    829
  20470194  1.47357E-04      .003442      8 7100178     80   95.72%       2    829
  20480251  1.47357E-04      .003442      8 7103757     60   95.72%       3    829
  20490256  1.47357E-04      .003442      8 7108802     90   95.72%       3    830
  20500266  1.47357E-04      .003442      8 7111753     64   95.72%       2    831
 Elapsed time (sec): 832, estimated tree completion: 0.99999
 Heap usage: 19GB (peak 19GB, 5743KB system)
 B&B tree size: 17.7GB total
                218MB active node information
  
     Node     BestSoln    BestBound   Sols Active  Depth     Gap     GInf   Time
  20510266  1.47357E-04      .003441      8 7116467     95   95.72%       4    832
  20520307  1.47357E-04      .003440      8 7119807     59   95.72%       2    833
  20530364  1.47357E-04      .003439      8 7124038     90   95.72%       3    833
  20540370  1.47357E-04      .003439      8 7127572     53   95.72%       3    833
  20550373  1.47357E-04      .003439      8 7131782     57   95.72%       4    835
  20560409  1.47357E-04      .003437      8 7136252     77   95.71%       3    836
  20570410  1.47357E-04      .003437      8 7139300     77   95.71%       2    836
  20580512  1.47357E-04      .003436      8 7142934     86   95.71%       5    836
  20590535  1.47357E-04      .003436      8 7146995     60   95.71%       3    837
  20600546  1.47357E-04      .003436      8 7151247     65   95.71%       3    838
  20610562  1.47357E-04      .003435      8 7155829     50   95.71%       4    838
  20620591  1.47357E-04      .003434      8 7159719     74   95.71%       3    839
  20630600  1.47357E-04      .003434      8 7161844     77   95.71%       3    840
  20640671  1.47357E-04      .003433      8 7167156     71   95.71%       4    841
  20650699  1.47357E-04      .003433      8 7170063     59   95.71%       3    841
  20660756  1.47357E-04      .003433      8 7172826     79   95.71%       3    841
  20670801  1.47357E-04      .003432      8 7178355     96   95.71%       5    842
  20680808  1.47357E-04      .003432      8 7182272     79   95.71%       3    842
  20690921  1.47357E-04      .003432      8 7186026     94   95.71%       4    843
  20700935  1.47357E-04      .003432      8 7189285     89   95.71%       3    844
 Elapsed time (sec): 844, estimated tree completion: 0.99999
 Heap usage: 19GB (peak 19GB, 5743KB system)
 B&B tree size: 17.9GB total
                220MB active node information
  
     Node     BestSoln    BestBound   Sols Active  Depth     Gap     GInf   Time
  20710992  1.47357E-04      .003432      8 7193653     88   95.71%       4    844
  20721010  1.47357E-04      .003430      8 7198062     54   95.70%       4    844
  20731051  1.47357E-04      .003429      8 7202738     76   95.70%       3    845
  20741079  1.47357E-04      .003429      8 7205148     93   95.70%       4    846
  20751100  1.47357E-04      .003429      8 7208954     46   95.70%       3    846
  20761178  1.47357E-04      .003428      8 7212379     90   95.70%       4    847
  20771194  1.47357E-04      .003426      8 7216964     76   95.70%       2    847
  20781233  1.47357E-04      .003426      8 7221034     92   95.70%       3    848
  20791308  1.47357E-04      .003426      8 7224253     87   95.70%       3    849
  20801316  1.47357E-04      .003424      8 7228695     78   95.70%       3    850
  20811384  1.47357E-04      .003424      8 7232797     79   95.70%       4    850
  20821453  1.47357E-04      .003424      8 7235936     95   95.70%       2    850
  20831470  1.47357E-04      .003423      8 7240590     87   95.70%       3    850
  20841475  1.47357E-04      .003423      8 7244888     77   95.70%       3    853
  20851479  1.47357E-04      .003422      8 7248004     68   95.69%       3    853
  20861523  1.47357E-04      .003422      8 7251752     59   95.69%       4    853
  20871533  1.47357E-04      .003421      8 7255653     89   95.69%       3    853
  20881541  1.47357E-04      .003420      8 7259031     84   95.69%       3    854
  20891608  1.47357E-04      .003420      8 7263518     90   95.69%       2    855
  20901664  1.47357E-04      .003420      8 7266939     85   95.69%       4    856
 Elapsed time (sec): 857, estimated tree completion: 0.99999
 Heap usage: 19GB (peak 19GB, 5743KB system)
 B&B tree size: 18.1GB total
                223MB active node information
  
     Node     BestSoln    BestBound   Sols Active  Depth     Gap     GInf   Time
  20911698  1.47357E-04      .003420      8 7271112     91   95.69%       4    857
  20921707  1.47357E-04      .003419      8 7275586     69   95.69%       3    857
  20931712  1.47357E-04      .003418      8 7278937     51   95.69%       3    857
  20941730  1.47357E-04      .003418      8 7283184     65   95.69%       3    858
  20951755  1.47357E-04      .003418      8 7286623     92   95.69%       3    859
  20961760  1.47357E-04      .003417      8 7290435     78   95.69%       3    860
  20971764  1.47357E-04      .003417      8 7294156     54   95.69%       2    860
  20981814  1.47357E-04      .003416      8 7299044     89   95.69%       3    862
  20991827  1.47357E-04      .003414      8 7302385     90   95.68%       4    862
  21001854  1.47357E-04      .003414      8 7305983     56   95.68%       3    862
  21011866  1.47357E-04      .003414      8 7309275     81   95.68%       3    862
  21021914  1.47357E-04      .003414      8 7313494     88   95.68%       3    863
  21031966  1.47357E-04      .003414      8 7317535     90   95.68%       4    864
  21042049  1.47357E-04      .003414      8 7321693     86   95.68%       3    864
  21052050  1.47357E-04      .003411      8 7325095     46   95.68%       2    865
  21062126  1.47357E-04      .003411      8 7327898     75   95.68%       4    865
  21072148  1.47357E-04      .003411      8 7333476     85   95.68%       3    866
  21082186  1.47357E-04      .003410      8 7337392     80   95.68%       4    867
  21092192  1.47357E-04      .003410      8 7340105     91   95.68%       4    867
  21102206  1.47357E-04      .003409      8 7344119     88   95.68%       5    867
 Elapsed time (sec): 867, estimated tree completion: 0.99999
 Heap usage: 20GB (peak 20GB, 5743KB system)
 B&B tree size: 18.3GB total
                225MB active node information
  
     Node     BestSoln    BestBound   Sols Active  Depth     Gap     GInf   Time
  21112225  1.47357E-04      .003408      8 7348683     91   95.68%       2    867
  21122253  1.47357E-04      .003408      8 7351252     60   95.68%       4    868
  21132284  1.47357E-04      .003407      8 7355595     72   95.68%       2    869
  21142285  1.47357E-04      .003407      8 7360076     74   95.68%       2    869
  21152338  1.47357E-04      .003406      8 7363811     80   95.67%       4    870
  21162372  1.47357E-04      .003406      8 7366994     77   95.67%       4    870
  21172436  1.47357E-04      .003406      8 7371164     56   95.67%       3    870
  21182514  1.47357E-04      .003405      8 7375032     91   95.67%       3    872
  21192540  1.47357E-04      .003403      8 7378317     79   95.67%       4    872
  21202562  1.47357E-04      .003403      8 7384032     86   95.67%       4    872
  21212564  1.47357E-04      .003403      8 7386699     72   95.67%       3    872
  21222588  1.47357E-04      .003402      8 7391087     82   95.67%       3    873
  21232590  1.47357E-04      .003402      8 7394519     79   95.67%       3    874
  21242606  1.47357E-04      .003402      8 7398866     85   95.67%       3    875
  21252607  1.47357E-04      .003401      8 7402304     81   95.67%       2    875
  21262612  1.47357E-04      .003400      8 7407235     92   95.67%       4    875
  21272624  1.47357E-04      .003400      8 7410535     71   95.67%       4    875
  21282626  1.47357E-04      .003400      8 7413527     85   95.67%       3    876
  21292686  1.47357E-04      .003400      8 7418730     93   95.67%       4    877
  21302693  1.47357E-04      .003400      8 7422057     74   95.67%       3    877
 Elapsed time (sec): 878, estimated tree completion: 0.99999
 Heap usage: 20GB (peak 20GB, 5743KB system)
 B&B tree size: 18.4GB total
                227MB active node information
  
     Node     BestSoln    BestBound   Sols Active  Depth     Gap     GInf   Time
  21312702  1.47357E-04      .003398      8 7425340     64   95.66%       2    878
  21322726  1.47357E-04      .003398      8 7429604     87   95.66%       4    878
  21332821  1.47357E-04      .003398      8 7433124     70   95.66%       3    879
  21342834  1.47357E-04      .003398      8 7437429     79   95.66%       4    880
  21352870  1.47357E-04      .003398      8 7441405     82   95.66%       3    880
  21362886  1.47357E-04      .003396      8 7444724     62   95.66%       3    880
  21372975  1.47357E-04      .003396      8 7448487     93   95.66%       3    880
  21382998  1.47357E-04      .003394      8 7453853     63   95.66%       3    881
  21393000  1.47357E-04      .003394      8 7456891     49   95.66%       3    882
  21403099  1.47357E-04      .003393      8 7460572     93   95.66%       3    882
  21413120  1.47357E-04      .003392      8 7463820     83   95.66%       5    883
  21423139  1.47357E-04      .003391      8 7468072     86   95.66%       4    884
  21433170  1.47357E-04      .003391      8 7471091     76   95.65%       2    884
  21443196  1.47357E-04      .003391      8 7475703     54   95.65%       3    884
  21453210  1.47357E-04      .003391      8 7480420     86   95.65%       4    885
  21463230  1.47357E-04      .003390      8 7483337     87   95.65%       2    885
  21473290  1.47357E-04      .003389      8 7486843     86   95.65%       2    886
  21483306  1.47357E-04      .003388      8 7490491     91   95.65%       3    886
  21493333  1.47357E-04      .003388      8 7494818     85   95.65%       2    887
  21503381  1.47357E-04      .003387      8 7497845     94   95.65%       2    887
 Elapsed time (sec): 888, estimated tree completion: 0.99999
 Heap usage: 20GB (peak 20GB, 5743KB system)
 B&B tree size: 18.6GB total
                230MB active node information
  
     Node     BestSoln    BestBound   Sols Active  Depth     Gap     GInf   Time
  21513420  1.47357E-04      .003387      8 7501402     64   95.65%       3    888
  21523426  1.47357E-04      .003386      8 7506287     87   95.65%       3    889
  21533437  1.47357E-04      .003386      8 7510604     69   95.65%       2    889
  21543531  1.47357E-04      .003385      8 7513849     72   95.65%       3    889
  21553592  1.47357E-04      .003385      8 7516776     57   95.65%       2    889
  21563660  1.47357E-04      .003384      8 7520997     56   95.65%       3    891
  21573696  1.47357E-04      .003383      8 7525159     83   95.64%       4    892
  21583754  1.47357E-04      .003383      8 7528222     85   95.64%       2    892
  21593845  1.47357E-04      .003383      8 7532761     93   95.64%       4    892
  21603845  1.47357E-04      .003382      8 7536495     53   95.64%       3    893
  21613902  1.47357E-04      .003381      8 7539645     60   95.64%       4    895
  21623960  1.47357E-04      .003381      8 7543633     77   95.64%       4    895
  21634004  1.47357E-04      .003381      8 7547318     67   95.64%       3    895
  21644013  1.47357E-04      .003380      8 7550052     51   95.64%       2    895
  21654017  1.47357E-04      .003379      8 7554470     82   95.64%       5    896
  21664024  1.47357E-04      .003378      8 7559156     78   95.64%       3    897
  21674071  1.47357E-04      .003378      8 7562789     85   95.64%       4    897
  21684116  1.47357E-04      .003378      8 7566325     57   95.64%       2    898
  21694139  1.47357E-04      .003378      8 7569576     88   95.64%       3    898
  21704199  1.47357E-04      .003378      8 7573083     88   95.64%       2    899
 Elapsed time (sec): 900, estimated tree completion: 0.99999
 Heap usage: 20GB (peak 20GB, 5743KB system)
 B&B tree size: 18.8GB total
                232MB active node information
  
     Node     BestSoln    BestBound   Sols Active  Depth     Gap     GInf   Time
  21714221  1.47357E-04      .003376      8 7577902     84   95.64%       4    900
  21724288  1.47357E-04      .003376      8 7581828     89   95.64%       3    900
  21734389  1.47357E-04      .003375      8 7585177     95   95.63%       5    900
  21744413  1.47357E-04      .003375      8 7588162     61   95.63%       3    901
  21754454  1.47357E-04      .003375      8 7592297     78   95.63%       4    901
  21764503  1.47357E-04      .003375      8 7596364     85   95.63%       3    902
  21774575  1.47357E-04      .003373      8 7599868     65   95.63%       3    903
  21784643  1.47357E-04      .003373      8 7604201     58   95.63%       4    903
  21794653  1.47357E-04      .003371      8 7608403     74   95.63%       4    904
  21804698  1.47357E-04      .003371      8 7612574     92   95.63%       2    905
  21814701  1.47357E-04      .003371      8 7616193     81   95.63%       3    905
  21824774  1.47357E-04      .003371      8 7618853     88   95.63%       3    906
  21834777  1.47357E-04      .003369      8 7623600     85   95.63%       3    906
  21844809  1.47357E-04      .003369      8 7627454     54   95.63%       3    907
  21854845  1.47357E-04      .003369      8 7630765     75   95.63%       3    907
  21864882  1.47357E-04      .003369      8 7635534     77   95.63%       4    907
  21874906  1.47357E-04      .003369      8 7639175     71   95.63%       4    908
  21884972  1.47357E-04      .003369      8 7642933     81   95.63%       3    909
  21895022  1.47357E-04      .003367      8 7647150     84   95.62%       3    909
  21905032  1.47357E-04      .003366      8 7649535     59   95.62%       3    910
 Elapsed time (sec): 910, estimated tree completion: 0.99999
 Heap usage: 20GB (peak 20GB, 5743KB system)
 B&B tree size: 19.0GB total
                234MB active node information
  
     Node     BestSoln    BestBound   Sols Active  Depth     Gap     GInf   Time
  21915034  1.47357E-04      .003366      8 7654794     52   95.62%       4    910
  21925046  1.47357E-04      .003366      8 7658613     57   95.62%       3    911
  21935057  1.47357E-04      .003366      8 7662890     66   95.62%       4    912
  21945087  1.47357E-04      .003364      8 7666719     74   95.62%       3    912
  21955137  1.47357E-04      .003364      8 7670531     79   95.62%       2    912
  21965187  1.47357E-04      .003363      8 7674304     82   95.62%       2    912
  21975245  1.47357E-04      .003363      8 7678017     55   95.62%       3    913
  21985252  1.47357E-04      .003362      8 7681217     70   95.62%       3    914
  21995299  1.47357E-04      .003362      8 7686070     84   95.62%       4    914
  22005327  1.47357E-04      .003362      8 7688076     88   95.62%       4    915
  22015347  1.47357E-04      .003361      8 7693166     55   95.62%       3    915
  22025360  1.47357E-04      .003360      8 7697064     60   95.61%       3    916
  22035400  1.47357E-04      .003360      8 7701297     52   95.61%       3    917
  22045413  1.47357E-04      .003360      8 7704256     50   95.61%       4    917
  22055438  1.47357E-04      .003360      8 7707206     49   95.61%       2    917
  22065444  1.47357E-04      .003358      8 7711625     69   95.61%       2    918
  22075455  1.47357E-04      .003358      8 7715486     82   95.61%       2    919
  22085480  1.47357E-04      .003357      8 7719891     60   95.61%       4    919
  22095507  1.47357E-04      .003356      8 7723846     88   95.61%       3    920
  22105541  1.47357E-04      .003356      8 7726870     61   95.61%       3    920
 Elapsed time (sec): 920, estimated tree completion: 0.99999
 Heap usage: 21GB (peak 21GB, 5743KB system)
 B&B tree size: 19.2GB total
                237MB active node information
  
     Node     BestSoln    BestBound   Sols Active  Depth     Gap     GInf   Time
  22115544  1.47357E-04      .003356      8 7731433     57   95.61%       2    920
  22125570  1.47357E-04      .003355      8 7735686     56   95.61%       4    921
  22135599  1.47357E-04      .003355      8 7738867     87   95.61%       5    922
  22145653  1.47357E-04      .003354      8 7743525     93   95.61%       3    922
  22155728  1.47357E-04      .003353      8 7746001     68   95.61%       2    922
  22165732  1.47357E-04      .003352      8 7750436     82   95.60%       4    923
  22175745  1.47357E-04      .003351      8 7753922     84   95.60%       3    924
  22185848  1.47357E-04      .003351      8 7757686     93   95.60%       3    924
  22195896  1.47357E-04      .003351      8 7761959     82   95.60%       3    925
  22205908  1.47357E-04      .003351      8 7766733     64   95.60%       2    925
  22215930  1.47357E-04      .003351      8 7770358     77   95.60%       4    925
  22225947  1.47357E-04      .003351      8 7774345     69   95.60%       4    926
  22235963  1.47357E-04      .003351      8 7777976     75   95.60%       4    927
  22246028  1.47357E-04      .003349      8 7781094     92   95.60%       3    928
  22256056  1.47357E-04      .003348      8 7785188     91   95.60%       3    928
  22266087  1.47357E-04      .003348      8 7789603     67   95.60%       4    929
  22276118  1.47357E-04      .003347      8 7794535     60   95.60%       2    929
  22286153  1.47357E-04      .003346      8 7797776     67   95.60%       2    929
  22296158  1.47357E-04      .003346      8 7800298     60   95.60%       3    930
  22306174  1.47357E-04      .003346      8 7805354     70   95.60%       3    931
 Elapsed time (sec): 932, estimated tree completion: 0.99999
 Heap usage: 21GB (peak 21GB, 5743KB system)
 B&B tree size: 19.3GB total
                239MB active node information
  
     Node     BestSoln    BestBound   Sols Active  Depth     Gap     GInf   Time
  22316200  1.47357E-04      .003344      8 7809285     83   95.59%       3    932
  22326248  1.47357E-04      .003344      8 7811970     90   95.59%       4    932
  22336255  1.47357E-04      .003344      8 7816256     79   95.59%       2    932
  22346279  1.47357E-04      .003344      8 7818443     86   95.59%       5    933
  22356350  1.47357E-04      .003343      8 7823632     88   95.59%       2    934
  22366369  1.47357E-04      .003343      8 7827448     62   95.59%       2    935
  22376379  1.47357E-04      .003343      8 7832113     56   95.59%       3    935
  22386385  1.47357E-04      .003343      8 7835828     85   95.59%       2    935
  22396409  1.47357E-04      .003342      8 7839199     63   95.59%       3    936
  22406424  1.47357E-04      .003342      8 7842868     69   95.59%       3    937
  22416460  1.47357E-04      .003342      8 7846837     87   95.59%       2    938
  22426508  1.47357E-04      .003342      8 7851119     84   95.59%       4    938
  22436512  1.47357E-04      .003342      8 7855419     73   95.59%       3    938
  22446519  1.47357E-04      .003342      8 7858818     76   95.59%       3    938
  22456587  1.47357E-04      .003342      8 7862110     84   95.59%       4    938
  22466610  1.47357E-04      .003342      8 7867755     70   95.59%       4    940
  22476684  1.47357E-04      .003342      8 7871142     86   95.59%       5    940
  22486702  1.47357E-04      .003342      8 7874365     65   95.59%       3    941
  22496703  1.47357E-04      .003342      8 7877730     91   95.59%       3    941
  22506706  1.47357E-04      .003336      8 7881468     75   95.58%       4    942
 Elapsed time (sec): 944, estimated tree completion: 0.99999
 Heap usage: 21GB (peak 21GB, 5743KB system)
 B&B tree size: 19.5GB total
                241MB active node information
  
     Node     BestSoln    BestBound   Sols Active  Depth     Gap     GInf   Time
  22516736  1.47357E-04      .003336      8 7884682     81   95.58%       6    944
  22526783  1.47357E-04      .003336      8 7889802     85   95.58%       3    944
  22536787  1.47357E-04      .003336      8 7893965     83   95.58%       4    944
  22546789  1.47357E-04      .003336      8 7896793     62   95.58%       4    944
  22556822  1.47357E-04      .003336      8 7900600     50   95.58%       4    946
  22566960  1.47357E-04      .003335      8 7903884     88   95.58%       4    947
  22576964  1.47357E-04      .003332      8 7907758     45   95.58%       4    947
  22587002  1.47357E-04      .003332      8 7911980     56   95.58%       3    947
  22597042  1.47357E-04      .003332      8 7916302     89   95.58%       3    947
  22607054  1.47357E-04      .003331      8 7920194     59   95.58%       3    949
  22617064  1.47357E-04      .003331      8 7923484     65   95.58%       3    949
  22627080  1.47357E-04      .003329      8 7927119     83   95.57%       4    950
  22637090  1.47357E-04      .003329      8 7931456     60   95.57%       3    950
  22647103  1.47357E-04      .003329      8 7934052     93   95.57%       3    951
  22657159  1.47357E-04      .003329      8 7938881     94   95.57%       4    952
  22667237  1.47357E-04      .003329      8 7941978     58   95.57%       2    953
  22677273  1.47357E-04      .003329      8 7945488     85   95.57%       2    953
  22687340  1.47357E-04      .003329      8 7950265     75   95.57%       2    953
  22697391  1.47357E-04      .003328      8 7952262     88   95.57%       3    954
  22707396  1.47357E-04      .003328      8 7956713     69   95.57%       2    955
 Elapsed time (sec): 956, estimated tree completion: 0.99999
 Heap usage: 21GB (peak 21GB, 5743KB system)
 B&B tree size: 19.7GB total
                244MB active node information
  
     Node     BestSoln    BestBound   Sols Active  Depth     Gap     GInf   Time
  22717448  1.47357E-04      .003326      8 7961487     62   95.57%       2    956
  22727455  1.47357E-04      .003326      8 7964173     83   95.57%       3    956
  22737495  1.47357E-04      .003324      8 7969358     58   95.57%       4    956
  22747501  1.47357E-04      .003324      8 7972407     61   95.57%       2    957
  22757503  1.47357E-04      .003323      8 7975926     94   95.57%       2    957
  22767503  1.47357E-04      .003323      8 7979695     87   95.57%       2    958
  22777522  1.47357E-04      .003323      8 7983638     80   95.57%       4    959
  22787526  1.47357E-04      .003322      8 7987271     87   95.56%       3    959
  22797569  1.47357E-04      .003322      8 7991365     63   95.56%       3    960
  22807599  1.47357E-04      .003322      8 7994333     56   95.56%       4    960
  22817621  1.47357E-04      .003322      8 7998319     52   95.56%       4    961
  22827694  1.47357E-04      .003321      8 8002243     74   95.56%       3    961
  22837754  1.47357E-04      .003320      8 8006117     65   95.56%       2    962
  22847808  1.47357E-04      .003319      8 8010699     86   95.56%       3    962
  22857871  1.47357E-04      .003319      8 8014305     82   95.56%       3    963
  22867943  1.47357E-04      .003318      8 8017760     89   95.56%       4    963
  22877946  1.47357E-04      .003317      8 8021224     88   95.56%       4    964
  22887972  1.47357E-04      .003317      8 8025226     84   95.56%       5    965
  22897975  1.47357E-04      .003317      8 8029064     78   95.56%       3    965
  22907998  1.47357E-04      .003316      8 8034051     67   95.56%       2    965
 Elapsed time (sec): 966, estimated tree completion: 0.99999
 Heap usage: 21GB (peak 21GB, 5743KB system)
 B&B tree size: 19.9GB total
                246MB active node information
  
     Node     BestSoln    BestBound   Sols Active  Depth     Gap     GInf   Time
  22918024  1.47357E-04      .003316      8 8037383     52   95.56%       2    966
  22928065  1.47357E-04      .003316      8 8040246     84   95.56%       4    967
  22938093  1.47357E-04      .003316      8 8043801     62   95.56%       3    967
  22948175  1.47357E-04      .003316      8 8048845     74   95.56%       2    967
  22958190  1.47357E-04      .003316      8 8052626     75   95.56%       2    968
  22968226  1.47357E-04      .003316      8 8055961     56   95.56%       3    968
  22978254  1.47357E-04      .003316      8 8060041     90   95.56%       3    970
  22988286  1.47357E-04      .003316      8 8063150     90   95.56%       3    970
  22998344  1.47357E-04      .003312      8 8066392     85   95.55%       3    970
  23008355  1.47357E-04      .003312      8 8070439     73   95.55%       2    971
  23018363  1.47357E-04      .003311      8 8074404     79   95.55%       2    972
  23028455  1.47357E-04      .003311      8 8077377     85   95.55%       4    973
  23038477  1.47357E-04      .003310      8 8081246     67   95.55%       2    973
  23048508  1.47357E-04      .003310      8 8086474     47   95.55%       3    973
  23058517  1.47357E-04      .003310      8 8089318     57   95.55%       2    973
  23068526  1.47357E-04      .003309      8 8094509     82   95.55%       5    974
  23078537  1.47357E-04      .003309      8 8097564     58   95.55%       4    975
  23088548  1.47357E-04      .003308      8 8100706     79   95.55%       4    975
  23098599  1.47357E-04      .003307      8 8104028     93   95.54%       6    976
  23108655  1.47357E-04      .003307      8 8107994     78   95.54%       4    976
 Elapsed time (sec): 977, estimated tree completion: 0.99999
 Heap usage: 22GB (peak 22GB, 5743KB system)
 B&B tree size: 20.0GB total
                248MB active node information
  
     Node     BestSoln    BestBound   Sols Active  Depth     Gap     GInf   Time
  23118663  1.47357E-04      .003306      8 8112498     63   95.54%       4    977
  23128673  1.47357E-04      .003305      8 8116699     67   95.54%       3    978
  23138760  1.47357E-04      .003305      8 8119415     93   95.54%       3    978
  23148828  1.47357E-04      .003305      8 8123890     64   95.54%       2    978
  23158883  1.47357E-04      .003304      8 8129500     87   95.54%       3    979
  23168926  1.47357E-04      .003304      8 8132695     69   95.54%       2    980
  23178975  1.47357E-04      .003304      8 8135393     92   95.54%       5    981
  23189013  1.47357E-04      .003304      8 8138528     81   95.54%       4    981
  23199058  1.47357E-04      .003304      8 8143051     88   95.54%       4    981
  23209127  1.47357E-04      .003304      8 8147115     83   95.54%       3    982
  23219134  1.47357E-04      .003304      8 8152573     69   95.54%       2    982
  23229225  1.47357E-04      .003304      8 8156051     69   95.54%       3    983
  23239234  1.47357E-04      .003304      8 8159307     84   95.54%       3    984
  23249254  1.47357E-04      .003304      8 8163947     59   95.54%       2    984
  23259292  1.47357E-04      .003301      8 8167668     71   95.54%       4    985
  23269304  1.47357E-04      .003299      8 8170819     86   95.53%       4    985
  23279317  1.47357E-04      .003298      8 8174129     75   95.53%       3    985
  23289340  1.47357E-04      .003298      8 8179588     75   95.53%       4    987
  23299412  1.47357E-04      .003298      8 8183060     96   95.53%       4    987
  23309507  1.47357E-04      .003298      8 8186139     97   95.53%       4    988
 Elapsed time (sec): 988, estimated tree completion: 0.99999
 Heap usage: 22GB (peak 22GB, 5743KB system)
 B&B tree size: 20.2GB total
                251MB active node information
  
     Node     BestSoln    BestBound   Sols Active  Depth     Gap     GInf   Time
  23319519  1.47357E-04      .003297      8 8190164     73   95.53%       2    988
  23329548  1.47357E-04      .003296      8 8193066     84   95.53%       4    988
  23339567  1.47357E-04      .003296      8 8197440     89   95.53%       3    989
  23349596  1.47357E-04      .003295      8 8202433     87   95.53%       3    990
  23359717  1.47357E-04      .003295      8 8205536     96   95.53%       4    991
  23369802  1.47357E-04      .003294      8 8209811     68   95.53%       3    991
  23379808  1.47357E-04      .003294      8 8212771     89   95.53%       3    991
  23389844  1.47357E-04      .003293      8 8217157     91   95.53%       3    993
  23399897  1.47357E-04      .003293      8 8220449     73   95.53%       2    993
  23409933  1.47357E-04      .003292      8 8224099     64   95.52%       2    993
  23419947  1.47357E-04      .003292      8 8228035     85   95.52%       4    994
  23430047  1.47357E-04      .003291      8 8230966     92   95.52%       3    994
  23440065  1.47357E-04      .003291      8 8234203     51   95.52%       2    995
  23450184  1.47357E-04      .003291      8 8239516     89   95.52%       5    996
  23460260  1.47357E-04      .003290      8 8243851     89   95.52%       4    996
  23470269  1.47357E-04      .003290      8 8247340     65   95.52%       3    996
  23480290  1.47357E-04      .003289      8 8250774     82   95.52%       3    997
  23490322  1.47357E-04      .003289      8 8253371     95   95.52%       4    998
  23500355  1.47357E-04      .003288      8 8258753     74   95.52%       2    999
  23510439  1.47357E-04      .003287      8 8263208     93   95.52%       5    999
 Elapsed time (sec): 999, estimated tree completion: 0.99999
 Heap usage: 22GB (peak 22GB, 5743KB system)
 B&B tree size: 20.4GB total
                253MB active node information
  
     Node     BestSoln    BestBound   Sols Active  Depth     Gap     GInf   Time
  23520474  1.47357E-04      .003287      8 8265543     80   95.52%       3    999
  23530491  1.47357E-04      .003287      8 8270416     59   95.52%       4   1000
  23540521  1.47357E-04      .003287      8 8274107     58   95.52%       2   1000
  23550597  1.47357E-04      .003286      8 8277212     86   95.52%       3   1002
  23560621  1.47357E-04      .003286      8 8281277     79   95.52%       2   1002
  23570652  1.47357E-04      .003285      8 8285453     72   95.51%       3   1002
  23580676  1.47357E-04      .003285      8 8289503     73   95.51%       3   1003
  23590693  1.47357E-04      .003285      8 8292926     67   95.51%       3   1003
  23600703  1.47357E-04      .003284      8 8296213     77   95.51%       3   1003
  23610720  1.47357E-04      .003284      8 8299930     86   95.51%       2   1005
  23620733  1.47357E-04      .003283      8 8304455     92   95.51%       3   1005
  23630809  1.47357E-04      .003283      8 8308122     89   95.51%       5   1006
  23640821  1.47357E-04      .003282      8 8311992     85   95.51%       3   1006
  23650856  1.47357E-04      .003281      8 8315095     88   95.51%       4   1006
  23660888  1.47357E-04      .003281      8 8319256     94   95.51%       3   1007
  23670907  1.47357E-04      .003280      8 8324341     54   95.51%       2   1008
  23680948  1.47357E-04      .003280      8 8327874     59   95.51%       3   1008
  23691037  1.47357E-04      .003280      8 8330949     51   95.51%       2   1009
  23701106  1.47357E-04      .003280      8 8335332     71   95.51%       3   1009
  23711127  1.47357E-04      .003279      8 8338546     76   95.51%       4   1009
 Elapsed time (sec): 1011, estimated tree completion: 0.99999
 Heap usage: 22GB (peak 22GB, 5743KB system)
 B&B tree size: 20.6GB total
                255MB active node information
  
     Node     BestSoln    BestBound   Sols Active  Depth     Gap     GInf   Time
  23721194  1.47357E-04      .003278      8 8341765     55   95.51%       3   1011
  23731211  1.47357E-04      .003278      8 8345591     91   95.51%       5   1012
  23741235  1.47357E-04      .003278      8 8349643     96   95.51%       4   1012
  23751287  1.47357E-04      .003278      8 8352673     88   95.51%       3   1012
  23761300  1.47357E-04      .003278      8 8356815     54   95.51%       2   1013
  23771322  1.47357E-04      .003275      8 8361625     74   95.50%       2   1013
  23781336  1.47357E-04      .003275      8 8363141     75   95.50%       3   1015
  23791422  1.47357E-04      .003275      8 8366842     91   95.50%       4   1015
  23801439  1.47357E-04      .003275      8 8373386     68   95.50%       3   1016
  23811483  1.47357E-04      .003275      8 8377415     91   95.50%       4   1016
  23821489  1.47357E-04      .003275      8 8380712     72   95.50%       3   1017
  23831537  1.47357E-04      .003274      8 8383382     56   95.50%       3   1018
  23841607  1.47357E-04      .003274      8 8386649     92   95.50%       3   1018
  23851613  1.47357E-04      .003272      8 8390993     94   95.50%       4   1018
  23861614  1.47357E-04      .003272      8 8395330     78   95.50%       3   1019
  23871680  1.47357E-04      .003272      8 8399903     92   95.50%       3   1020
  23881705  1.47357E-04      .003272      8 8402772     65   95.50%       2   1020
  23891705  1.47357E-04      .003272      8 8407430     57   95.50%       2   1021
  23901733  1.47357E-04      .003272      8 8410896     85   95.50%       4   1021
  23911744  1.47357E-04      .003272      8 8413932     87   95.50%       4   1021
 Elapsed time (sec): 1023, estimated tree completion: 0.99999
 Heap usage: 22GB (peak 22GB, 5743KB system)
 B&B tree size: 20.8GB total
                258MB active node information
  
     Node     BestSoln    BestBound   Sols Active  Depth     Gap     GInf   Time
  23921749  1.47357E-04      .003270      8 8418924     43   95.49%       4   1023
  23931777  1.47357E-04      .003270      8 8422563     72   95.49%       3   1023
  23941787  1.47357E-04      .003270      8 8426880     75   95.49%       3   1024
  23951795  1.47357E-04      .003268      8 8430868     75   95.49%       4   1025
  23961827  1.47357E-04      .003268      8 8434399     75   95.49%       4   1026
  23971849  1.47357E-04      .003268      8 8438113     77   95.49%       3   1026
  23981917  1.47357E-04      .003267      8 8441089     85   95.49%       5   1026
  23992022  1.47357E-04      .003267      8 8445297     98   95.49%       4   1027
  24002129  1.47357E-04      .003266      8 8450300     95   95.49%       4   1027
  24012140  1.47357E-04      .003265      8 8453332     72   95.49%       4   1028
  24022151  1.47357E-04      .003265      8 8457029     75   95.49%       3   1029
  24032200  1.47357E-04      .003265      8 8461753     82   95.49%       2   1029
  24042217  1.47357E-04      .003265      8 8465820     84   95.49%       4   1030
  24052253  1.47357E-04      .003264      8 8470516     92   95.49%       4   1030
  24062269  1.47357E-04      .003263      8 8473945     89   95.48%       4   1031
  24072302  1.47357E-04      .003263      8 8477188     78   95.48%       4   1032
  24082303  1.47357E-04      .003263      8 8481616     44   95.48%       3   1032
  24092362  1.47357E-04      .003262      8 8485955     86   95.48%       3   1032
  24102397  1.47357E-04      .003262      8 8488326     81   95.48%       4   1033
  24112413  1.47357E-04      .003262      8 8492556     65   95.48%       2   1034
 Elapsed time (sec): 1034, estimated tree completion: 0.99999
 Heap usage: 23GB (peak 23GB, 5743KB system)
 B&B tree size: 20.9GB total
                260MB active node information
  
     Node     BestSoln    BestBound   Sols Active  Depth     Gap     GInf   Time
  24122445  1.47357E-04      .003262      8 8496409     91   95.48%       5   1034
  24132486  1.47357E-04      .003262      8 8500554     77   95.48%       2   1035
  24142494  1.47357E-04      .003260      8 8504570     57   95.48%       4   1035
  24152513  1.47357E-04      .003260      8 8508018     83   95.48%       5   1036
  24162632  1.47357E-04      .003260      8 8511909     89   95.48%       4   1037
  24172693  1.47357E-04      .003259      8 8515941     87   95.48%       4   1037
  24182693  1.47357E-04      .003258      8 8520037     54   95.48%       4   1038
  24192752  1.47357E-04      .003258      8 8523847     92   95.48%       4   1038
  24202772  1.47357E-04      .003258      8 8528119     61   95.48%       4   1039
  24212804  1.47357E-04      .003257      8 8532046     57   95.48%       2   1040
  24222808  1.47357E-04      .003257      8 8535225     58   95.48%       4   1041
  24232832  1.47357E-04      .003257      8 8539312     81   95.48%       2   1041
  24242914  1.47357E-04      .003255      8 8542945     94   95.47%       4   1041
  24252922  1.47357E-04      .003255      8 8546818     86   95.47%       3   1043
  24262937  1.47357E-04      .003254      8 8550138     48   95.47%       2   1043
  24272962  1.47357E-04      .003254      8 8553923     86   95.47%       5   1043
  24283017  1.47357E-04      .003253      8 8558547     74   95.47%       2   1044
  24293067  1.47357E-04      .003253      8 8561088     82   95.47%       3   1044
  24303101  1.47357E-04      .003253      8 8565045     64   95.47%       2   1046
  24313173  1.47357E-04      .003253      8 8568426     87   95.47%       4   1046
 Elapsed time (sec): 1046, estimated tree completion: 0.99999
 Heap usage: 23GB (peak 23GB, 5743KB system)
 B&B tree size: 21.1GB total
                263MB active node information
  
     Node     BestSoln    BestBound   Sols Active  Depth     Gap     GInf   Time
  24323186  1.47357E-04      .003253      8 8572764     59   95.47%       4   1046
  24333258  1.47357E-04      .003252      8 8576571     64   95.47%       2   1046
  24343289  1.47357E-04      .003252      8 8579923     81   95.47%       2   1047
  24353289  1.47357E-04      .003250      8 8584129     80   95.47%       3   1048
  24363368  1.47357E-04      .003250      8 8586649     65   95.47%       3   1048
  24373392  1.47357E-04      .003250      8 8591808     78   95.47%       4   1049
  24383396  1.47357E-04      .003248      8 8595720     89   95.46%       2   1049
  24393402  1.47357E-04      .003248      8 8599070     83   95.46%       4   1050
  24403469  1.47357E-04      .003248      8 8603099     92   95.46%       4   1050
  24413527  1.47357E-04      .003248      8 8607862     83   95.46%       5   1052
  24423535  1.47357E-04      .003248      8 8610780     93   95.46%       5   1052
  24433562  1.47357E-04      .003248      8 8614081     86   95.46%       3   1052
  24443602  1.47357E-04      .003247      8 8618702     61   95.46%       3   1053
  24453682  1.47357E-04      .003246      8 8622475     93   95.46%       3   1054
  24463713  1.47357E-04      .003245      8 8626020     67   95.46%       3   1054
  24473799  1.47357E-04      .003245      8 8630363     81   95.46%       3   1055
  24483802  1.47357E-04      .003245      8 8634547     91   95.46%       2   1055
  24493812  1.47357E-04      .003244      8 8638370     53   95.46%       4   1056
  24503906  1.47357E-04      .003244      8 8641949     72   95.46%       2   1056
  24513927  1.47357E-04      .003244      8 8645824     61   95.46%       4   1057
 Elapsed time (sec): 1058, estimated tree completion: 0.99999
 Heap usage: 23GB (peak 23GB, 5743KB system)
 B&B tree size: 21.3GB total
                265MB active node information
  
     Node     BestSoln    BestBound   Sols Active  Depth     Gap     GInf   Time
  24523929  1.47357E-04      .003243      8 8649365     59   95.46%       3   1058
  24533946  1.47357E-04      .003243      8 8653207     91   95.46%       4   1058
  24543958  1.47357E-04      .003242      8 8657953     63   95.45%       3   1059
  24553992  1.47357E-04      .003242      8 8662249     78   95.45%       4   1059
  24564021  1.47357E-04      .003242      8 8665480     69   95.45%       2   1059
  24574038  1.47357E-04      .003242      8 8669365     78   95.45%       3   1060
  24584085  1.47357E-04      .003242      8 8672862     82   95.45%       2   1061
  24594112  1.47357E-04      .003241      8 8678518     70   95.45%       2   1062
  24604155  1.47357E-04      .003240      8 8681051     92   95.45%       2   1062
  24614155  1.47357E-04      .003240      8 8685017     74   95.45%       3   1062
  24624215  1.47357E-04      .003239      8 8690175     67   95.45%       2   1062
  24634249  1.47357E-04      .003239      8 8693269     65   95.45%       2   1063
  24644269  1.47357E-04      .003239      8 8696961     58   95.45%       3   1064
  24654326  1.47357E-04      .003238      8 8699507     88   95.45%       3   1065
  24664391  1.47357E-04      .003238      8 8704653     60   95.45%       2   1065
  24674417  1.47357E-04      .003238      8 8709119     67   95.45%       3   1066
  24684484  1.47357E-04      .003238      8 8711959     86   95.45%       2   1067
  24694502  1.47357E-04      .003236      8 8715529     82   95.45%       3   1067
  24704516  1.47357E-04      .003235      8 8720293     64   95.45%       2   1068
  24714557  1.47357E-04      .003235      8 8723966     92   95.45%       3   1068
 Elapsed time (sec): 1068, estimated tree completion: 0.99999
 Heap usage: 23GB (peak 23GB, 5743KB system)
 B&B tree size: 21.5GB total
                267MB active node information
  
     Node     BestSoln    BestBound   Sols Active  Depth     Gap     GInf   Time
  24724638  1.47357E-04      .003235      8 8727991     85   95.45%       3   1068
  24734640  1.47357E-04      .003234      8 8731349     62   95.44%       3   1070
  24744683  1.47357E-04      .003234      8 8734321     92   95.44%       2   1070
  24754713  1.47357E-04      .003234      8 8737882     87   95.44%       3   1070
  24764728  1.47357E-04      .003234      8 8742529     46   95.44%       3   1071
  24774774  1.47357E-04      .003234      8 8746585     57   95.44%       3   1071
  24784802  1.47357E-04      .003234      8 8750511     90   95.44%       5   1073
  24794824  1.47357E-04      .003233      8 8753518     95   95.44%       5   1074
  24804832  1.47357E-04      .003233      8 8757562     53   95.44%       3   1074
  24814871  1.47357E-04      .003230      8 8761284     65   95.44%       3   1075
  24824914  1.47357E-04      .003230      8 8764804     50   95.44%       3   1075
  24834933  1.47357E-04      .003230      8 8768415     60   95.44%       3   1077
  24844938  1.47357E-04      .003229      8 8772224     69   95.44%       3   1077
  24854992  1.47357E-04      .003228      8 8776085     93   95.44%       5   1077
  24865065  1.47357E-04      .003228      8 8779255     94   95.44%       3   1078
  24875140  1.47357E-04      .003228      8 8784274     95   95.44%       3   1079
  24885142  1.47357E-04      .003227      8 8788234     84   95.43%       5   1080
  24895209  1.47357E-04      .003227      8 8792371     84   95.43%       2   1080
  24905217  1.47357E-04      .003227      8 8794882     81   95.43%       2   1080
  24915288  1.47357E-04      .003227      8 8799862     85   95.43%       4   1081
 Elapsed time (sec): 1082, estimated tree completion: 0.99999
 Heap usage: 23GB (peak 23GB, 5743KB system)
 B&B tree size: 21.7GB total
                270MB active node information
  
     Node     BestSoln    BestBound   Sols Active  Depth     Gap     GInf   Time
  24925322  1.47357E-04      .003225      8 8803114     84   95.43%       4   1082
  24935370  1.47357E-04      .003225      8 8806660     80   95.43%       3   1082
  24945409  1.47357E-04      .003225      8 8810436     77   95.43%       4   1083
  24955418  1.47357E-04      .003225      8 8813742     88   95.43%       3   1083
  24965452  1.47357E-04      .003224      8 8818605     69   95.43%       3   1083
  24975489  1.47357E-04      .003224      8 8822265     87   95.43%       3   1084
  24985571  1.47357E-04      .003223      8 8826604     81   95.43%       2   1085
  24995585  1.47357E-04      .003223      8 8830350     89   95.43%       5   1085
  25005618  1.47357E-04      .003222      8 8834836     76   95.43%       3   1086
  25015670  1.47357E-04      .003222      8 8837667     81   95.43%       2   1087
  25025730  1.47357E-04      .003222      8 8841232     91   95.43%       3   1087
  25035750  1.47357E-04      .003221      8 8845523     54   95.43%       3   1087
  25045814  1.47357E-04      .003221      8 8849665     90   95.43%       3   1088
  25055927  1.47357E-04      .003221      8 8852637     92   95.42%       4   1089
  25066008  1.47357E-04      .003221      8 8856061     63   95.42%       2   1090
  25076130  1.47357E-04      .003220      8 8861552     92   95.42%       3   1090
  25086169  1.47357E-04      .003219      8 8864087     85   95.42%       4   1090
  25096188  1.47357E-04      .003219      8 8867683     70   95.42%       2   1090
  25106257  1.47357E-04      .003219      8 8872282     84   95.42%       2   1091
  25116295  1.47357E-04      .003219      8 8875820     73   95.42%       2   1092
 Elapsed time (sec): 1093, estimated tree completion: 0.99999
 Heap usage: 24GB (peak 24GB, 5743KB system)
 B&B tree size: 21.8GB total
                272MB active node information
  
     Node     BestSoln    BestBound   Sols Active  Depth     Gap     GInf   Time
  25126352  1.47357E-04      .003217      8 8879555     82   95.42%       4   1093
  25136385  1.47357E-04      .003217      8 8883248     76   95.42%       4   1093
  25146422  1.47357E-04      .003217      8 8887468     64   95.42%       4   1093
  25156478  1.47357E-04      .003216      8 8891905     84   95.42%       4   1095
  25166486  1.47357E-04      .003215      8 8894530     66   95.42%       2   1095
  25176532  1.47357E-04      .003215      8 8899108     73   95.42%       4   1096
  25186532  1.47357E-04      .003215      8 8901929     88   95.42%       5   1096
  25196544  1.47357E-04      .003215      8 8905071     95   95.42%       3   1096
  25206613  1.47357E-04      .003214      8 8909808     75   95.42%       2   1098
  25216722  1.47357E-04      .003214      8 8912577     91   95.42%       2   1098
  25226807  1.47357E-04      .003214      8 8916694     74   95.42%       3   1098
  25236817  1.47357E-04      .003213      8 8920758     52   95.41%       4   1099
  25246843  1.47357E-04      .003213      8 8922937     71   95.41%       4   1099
  25256881  1.47357E-04      .003212      8 8928280     78   95.41%       4   1101
  25266891  1.47357E-04      .003212      8 8932050     59   95.41%       3   1101
  25276935  1.47357E-04      .003212      8 8935701     91   95.41%       4   1101
  25286943  1.47357E-04      .003211      8 8939884     57   95.41%       2   1101
  25296996  1.47357E-04      .003211      8 8944024     96   95.41%       3   1102
  25307007  1.47357E-04      .003210      8 8947158     81   95.41%       3   1104
  25317060  1.47357E-04      .003210      8 8950634     96   95.41%       5   1104
 Elapsed time (sec): 1104, estimated tree completion: 0.99999
 Heap usage: 24GB (peak 24GB, 5743KB system)
 B&B tree size: 22.0GB total
                274MB active node information
  
     Node     BestSoln    BestBound   Sols Active  Depth     Gap     GInf   Time
  25327109  1.47357E-04      .003209      8 8954669     58   95.41%       3   1104
  25337207  1.47357E-04      .003208      8 8958363     85   95.41%       6   1104
  25347207  1.47357E-04      .003208      8 8962218     61   95.41%       3   1106
  25357280  1.47357E-04      .003207      8 8965870     81   95.41%       5   1107
  25367328  1.47357E-04      .003207      8 8969284     89   95.41%       4   1107
  25377354  1.47357E-04      .003207      8 8971994     81   95.41%       3   1107
  25387389  1.47357E-04      .003207      8 8976229     92   95.41%       3   1107
  25397427  1.47357E-04      .003207      8 8981650     81   95.41%       4   1109
  25407448  1.47357E-04      .003207      8 8983520     62   95.41%       3   1109
  25417486  1.47357E-04      .003206      8 8989217     91   95.40%       3   1110
  25427509  1.47357E-04      .003204      8 8992490     88   95.40%       2   1110
  25437586  1.47357E-04      .003204      8 8995300     89   95.40%       4   1110
  25447646  1.47357E-04      .003204      8 8999961     81   95.40%       2   1113
  25457662  1.47357E-04      .003203      8 9003449     73   95.40%       3   1113
  25467672  1.47357E-04      .003203      8 9007917     61   95.40%       4   1113
  25477691  1.47357E-04      .003203      8 9011095     85   95.40%       4   1113
  25487696  1.47357E-04      .003202      8 9014636     62   95.40%       3   1115
  25497730  1.47357E-04      .003202      8 9019087     88   95.40%       4   1116
  25507793  1.47357E-04      .003202      8 9022845     90   95.40%       4   1117
  25517815  1.47357E-04      .003202      8 9025087     76   95.40%       2   1117
 Elapsed time (sec): 1117, estimated tree completion: 0.99999
 Heap usage: 24GB (peak 24GB, 5743KB system)
 B&B tree size: 22.2GB total
                277MB active node information
  
     Node     BestSoln    BestBound   Sols Active  Depth     Gap     GInf   Time
  25527839  1.47357E-04      .003201      8 9028876     73   95.40%       4   1117
  25537867  1.47357E-04      .003201      8 9032869     58   95.40%       2   1118
  25547936  1.47357E-04      .003201      8 9036080     84   95.40%       3   1119
  25557957  1.47357E-04      .003199      8 9040579     84   95.39%       2   1119
  25567974  1.47357E-04      .003199      8 9043963     63   95.39%       2   1120
  25578016  1.47357E-04      .003199      8 9048288     90   95.39%       4   1120
  25588091  1.47357E-04      .003198      8 9051803     89   95.39%       4   1122
  25598111  1.47357E-04      .003198      8 9054241     59   95.39%       2   1123
  25608133  1.47357E-04      .003198      8 9058670     85   95.39%       3   1123
  25618185  1.47357E-04      .003198      8 9062194     78   95.39%       2   1124
  25628189  1.47357E-04      .003198      8 9067409     81   95.39%       3   1125
  25638234  1.47357E-04      .003198      8 9070896     82   95.39%       3   1125
  25648247  1.47357E-04      .003197      8 9074563     89   95.39%       4   1126
  25658345  1.47357E-04      .003196      8 9078924     62   95.39%       3   1126
  25668372  1.47357E-04      .003196      8 9081907     90   95.39%       2   1127
  25678405  1.47357E-04      .003196      8 9087121     83   95.39%       3   1128
  25688469  1.47357E-04      .003196      8 9090401     76   95.39%       3   1128
  25698539  1.47357E-04      .003196      8 9093822     83   95.39%       3   1129
  25708598  1.47357E-04      .003196      8 9096738     82   95.39%       4   1129
  25718600  1.47357E-04      .003196      8 9102390     54   95.39%       4   1130
 Elapsed time (sec): 1131, estimated tree completion: 0.99999
 Heap usage: 24GB (peak 24GB, 5743KB system)
 B&B tree size: 22.4GB total
                279MB active node information
  
     Node     BestSoln    BestBound   Sols Active  Depth     Gap     GInf   Time
  25728628  1.47357E-04      .003196      8 9105281     92   95.39%       3   1131
  25738645  1.47357E-04      .003196      8 9108782     73   95.39%       2   1131
  25748683  1.47357E-04      .003196      8 9112109     80   95.39%       3   1133
  25758771  1.47357E-04      .003196      8 9116283     70   95.39%       2   1134
  25768778  1.47357E-04      .003196      8 9120036     49   95.39%       3   1134
  25778820  1.47357E-04      .003191      8 9124314     84   95.38%       3   1135
  25788820  1.47357E-04      .003191      8 9128798     55   95.38%       3   1136
  25798890  1.47357E-04      .003190      8 9132682     74   95.38%       3   1137
  25808942  1.47357E-04      .003190      8 9136095     92   95.38%       6   1137
  25818956  1.47357E-04      .003190      8 9139858     51   95.38%       3   1138
  25828993  1.47357E-04      .003188      8 9143921     82   95.38%       3   1139
  25839020  1.47357E-04      .003188      8 9148109     82   95.38%       3   1139
  25849022  1.47357E-04      .003188      8 9150780     85   95.38%       2   1140
  25859111  1.47357E-04      .003188      8 9155550     78   95.38%       2   1141
  25869148  1.47357E-04      .003187      8 9159356     74   95.38%       2   1142
  25879151  1.47357E-04      .003187      8 9163027     54   95.38%       3   1142
  25889179  1.47357E-04      .003187      8 9166909     83   95.38%       3   1143
  25899181  1.47357E-04      .003187      8 9170017     68   95.38%       2   1144
  25909209  1.47357E-04      .003187      8 9173225     77   95.38%       3   1144
  25919287  1.47357E-04      .003187      8 9178140     88   95.38%       3   1146
 Elapsed time (sec): 1146, estimated tree completion: 0.99999
 Heap usage: 24GB (peak 24GB, 5743KB system)
 B&B tree size: 22.5GB total
                281MB active node information
  
     Node     BestSoln    BestBound   Sols Active  Depth     Gap     GInf   Time
  25929325  1.47357E-04      .003187      8 9182327     69   95.38%       4   1146
  25939351  1.47357E-04      .003187      8 9186286     92   95.38%       5   1146
  25949374  1.47357E-04      .003187      8 9191499     67   95.38%       3   1147
  25959374  1.47357E-04      .003187      8 9193873     82   95.38%       3   1148
  25969420  1.47357E-04      .003183      8 9198015     91   95.37%       3   1149
  25979438  1.47357E-04      .003183      8 9201623     52   95.37%       2   1149
  25989439  1.47357E-04      .003183      8 9204594     55   95.37%       2   1149
  25999509  1.47357E-04      .003182      8 9207940     93   95.37%       3   1150
  26009574  1.47357E-04      .003182      8 9212066     61   95.37%       3   1151
  26019637  1.47357E-04      .003182      8 9216100     84   95.37%       3   1152
  26029687  1.47357E-04      .003181      8 9219967     91   95.37%       4   1152
  26039700  1.47357E-04      .003181      8 9223966     77   95.37%       3   1152
  26049719  1.47357E-04      .003180      8 9227881     85   95.37%       4   1153
  26059753  1.47357E-04      .003180      8 9230639     80   95.37%       3   1155
  26069832  1.47357E-04      .003180      8 9233979     83   95.37%       4   1155
  26079891  1.47357E-04      .003179      8 9238063     60   95.36%       2   1155
  26089977  1.47357E-04      .003179      8 9242457     68   95.36%       2   1156
  26099978  1.47357E-04      .003179      8 9245371     59   95.36%       3   1157
  26110004  1.47357E-04      .003178      8 9250523     94   95.36%       6   1158
  26120026  1.47357E-04      .003178      8 9254682     80   95.36%       3   1158
 Elapsed time (sec): 1159, estimated tree completion: 0.99999
 Heap usage: 25GB (peak 25GB, 5743KB system)
 B&B tree size: 22.7GB total
                284MB active node information
  
     Node     BestSoln    BestBound   Sols Active  Depth     Gap     GInf   Time
  26130114  1.47357E-04      .003178      8 9257959     83   95.36%       3   1159
  26140215  1.47357E-04      .003178      8 9261992     90   95.36%       4   1159
  26150237  1.47357E-04      .003178      8 9265185     64   95.36%       2   1160
  26160277  1.47357E-04      .003178      8 9269489     88   95.36%       2   1161
  26170398  1.47357E-04      .003178      8 9272423     94   95.36%       3   1161
  26180416  1.47357E-04      .003178      8 9277172     56   95.36%       3   1162
  26190463  1.47357E-04      .003178      8 9280597     74   95.36%       2   1162
  26200495  1.47357E-04      .003178      8 9283587     93   95.36%       3   1164
  26210508  1.47357E-04      .003178      8 9287537     56   95.36%       3   1164
  26220549  1.47357E-04      .003178      8 9291015     91   95.36%       2   1164
  26230588  1.47357E-04      .003178      8 9295729     48   95.36%       4   1164
  26240616  1.47357E-04      .003173      8 9299810     78   95.36%       3   1165
  26250659  1.47357E-04      .003173      8 9303006     59   95.36%       3   1166
  26260687  1.47357E-04      .003173      8 9307306     79   95.36%       5   1167
  26270755  1.47357E-04      .003173      8 9312178     61   95.36%       2   1167
  26280815  1.47357E-04      .003171      8 9315577     82   95.35%       4   1167
  26290816  1.47357E-04      .003170      8 9319014     69   95.35%       4   1169
  26300863  1.47357E-04      .003170      8 9323156     84   95.35%       3   1170
  26310863  1.47357E-04      .003170      8 9326625     38   95.35%       3   1170
  26320863  1.47357E-04      .003170      8 9329230     60   95.35%       3   1170
 Elapsed time (sec): 1170, estimated tree completion: 0.99999
 Heap usage: 25GB (peak 25GB, 5743KB system)
 B&B tree size: 22.9GB total
                286MB active node information
  
     Node     BestSoln    BestBound   Sols Active  Depth     Gap     GInf   Time
  26330941  1.47357E-04      .003169      8 9333957     90   95.35%       3   1170
  26341002  1.47357E-04      .003169      8 9338784     79   95.35%       4   1171
  26351078  1.47357E-04      .003168      8 9341814     89   95.35%       3   1172
  26361084  1.47357E-04      .003168      8 9345221    100   95.35%       5   1173
  26371135  1.47357E-04      .003168      8 9347134     93   95.35%       4   1173
  26381157  1.47357E-04      .003167      8 9352565     89   95.35%       3   1174
  26391162  1.47357E-04      .003166      8 9356336     84   95.35%       3   1174
  26401184  1.47357E-04      .003166      8 9359797     70   95.35%       3   1175
  26411209  1.47357E-04      .003166      8 9364165     78   95.35%       2   1176
  26421244  1.47357E-04      .003166      8 9368393     76   95.35%       4   1176
  26431311  1.47357E-04      .003165      8 9372338     79   95.34%       4   1177
  26441353  1.47357E-04      .003165      8 9376093     63   95.34%       3   1177
  26451377  1.47357E-04      .003165      8 9379355     84   95.34%       3   1178
  26461429  1.47357E-04      .003164      8 9382753     91   95.34%       5   1178
  26471447  1.47357E-04      .003163      8 9386956     79   95.34%       3   1179
  26481530  1.47357E-04      .003163      8 9390228     87   95.34%       4   1180
  26491603  1.47357E-04      .003163      8 9394238     94   95.34%       2   1180
  26501651  1.47357E-04      .003162      8 9398248     59   95.34%       3   1181
  26511671  1.47357E-04      .003162      8 9401874     75   95.34%       2   1181
  26521683  1.47357E-04      .003162      8 9405293     77   95.34%       2   1181
 Elapsed time (sec): 1183, estimated tree completion: 0.99999
 Heap usage: 25GB (peak 25GB, 5743KB system)
 B&B tree size: 23.1GB total
                288MB active node information
  
     Node     BestSoln    BestBound   Sols Active  Depth     Gap     GInf   Time
  26531744  1.47357E-04      .003160      8 9409682     72   95.34%       3   1183
  26541862  1.47357E-04      .003160      8 9414401     94   95.34%       3   1183
  26551883  1.47357E-04      .003160      8 9417553     52   95.34%       3   1184
  26561910  1.47357E-04      .003160      8 9422303     80   95.34%       4   1184
  26571913  1.47357E-04      .003160      8 9425801     82   95.34%       3   1185
  26581915  1.47357E-04      .003159      8 9430074     51   95.34%       3   1185
  26591917  1.47357E-04      .003159      8 9432551     46   95.34%       4   1186
  26601931  1.47357E-04      .003159      8 9436748     71   95.34%       3   1186
  26611940  1.47357E-04      .003159      8 9441846     58   95.34%       2   1187
  26621981  1.47357E-04      .003159      8 9445668     91   95.34%       4   1188
  26632028  1.47357E-04      .003159      8 9448767     91   95.34%       4   1188
  26642043  1.47357E-04      .003159      8 9452301     92   95.34%       4   1189
  26652076  1.47357E-04      .003159      8 9455455     81   95.34%       4   1189
  26662082  1.47357E-04      .003159      8 9458700     90   95.34%       3   1190
  26672092  1.47357E-04      .003159      8 9464713     84   95.34%       2   1191
  26682100  1.47357E-04      .003159      8 9467915     75   95.34%       4   1191
  26692112  1.47357E-04      .003159      8 9472209     66   95.34%       4   1192
  26702114  1.47357E-04      .003159      8 9474859     54   95.34%       3   1192
  26712185  1.47357E-04      .003155      8 9480259     78   95.33%       4   1192
  26722188  1.47357E-04      .003155      8 9484073     89   95.33%       2   1195
 Elapsed time (sec): 1195, estimated tree completion: 0.99999
 Heap usage: 25GB (peak 25GB, 5743KB system)
 B&B tree size: 23.2GB total
                291MB active node information
  
     Node     BestSoln    BestBound   Sols Active  Depth     Gap     GInf   Time
  26732214  1.47357E-04      .003155      8 9486931     74   95.33%       4   1195
  26742339  1.47357E-04      .003155      8 9490821     92   95.33%       3   1195
  26752361  1.47357E-04      .003155      8 9495106     76   95.33%       4   1195
  26762373  1.47357E-04      .003155      8 9498590     65   95.33%       4   1196
  26772385  1.47357E-04      .003155      8 9502087     87   95.33%       3   1198
 Trying to reduce tree memory usage by 9.3GB (current usage 23.3GB, limit 23.3GB)
  26782479  1.47357E-04      .003152      8 9506409     80   95.33%       2   1248
  26792498  1.47357E-04      .003151      8 9508951     85   95.32%       3   1249
  26802558  1.47357E-04      .003151      8 9514015     76   95.32%       3   1250
 Tree size reducing:  125s elapsed,  98MB/ 129MB saved
  26812628  1.47357E-04      .003150      8 9516688     81   95.32%       4   1325
 Tree size  reduced:  154s elapsed, 136MB/ 135MB saved
 Reduced tree memory usage by 136MB (wrote 88MB from 246249 nodes to global file)
  26822659  1.47357E-04      .003150      8 9520952     56   95.32%       2   1368
  26832678  1.47357E-04      .003150      8 9524393     62   95.32%       3   1368
  26842681  1.47357E-04      .003150      8 9528339     91   95.32%       3   1368
  26852723  1.47357E-04      .003149      8 9531751     82   95.32%       2   1368
  26862724  1.47357E-04      .003149      8 9535257     87   95.32%       3   1369
  26872755  1.47357E-04      .003149      8 9538322     70   95.32%       2   1385
  26882806  1.47357E-04      .003148      8 9542880     84   95.32%       4   1385
  26892815  1.47357E-04      .003147      8 9547031     70   95.32%       4   1385
 ?262 Warning: Unable to remove shift infeasibilities of 1.31723e-6
  26902816  1.47357E-04      .003147      8 9551244     88   95.32%       4   1385
  26912861  1.47357E-04      .003147      8 9553822     59   95.32%       3   1386
  26922946  1.47357E-04      .003147      8 9558412     93   95.32%       4   1395
 Elapsed time (sec): 1402, estimated tree completion: 0.99999
 Heap usage: 25GB (peak 25GB, 5743KB system)
 B&B tree size: 23.4GB total
                23.3GB in memory
                88MB global file (storing 136MB tree data)
                293MB active node information
  
     Node     BestSoln    BestBound   Sols Active  Depth     Gap     GInf   Time
  26932961  1.47357E-04      .003146      8 9562830     56   95.32%       2   1402
  26943028  1.47357E-04      .003146      8 9565096     66   95.32%       2   1402
 Trying to reduce tree memory usage by 9.3GB (current usage 23.3GB, limit 23.3GB)
 Tree size reducing:   64s elapsed,    0B/ 100MB saved
  26953052  1.47357E-04      .003146      8 9570294     61   95.32%       3   1471
 Tree size  reduced:   71s elapsed, 112MB/ 100MB saved
 Reduced tree memory usage by 112MB (wrote 72MB from 189322 nodes to global file)
  26963069  1.47357E-04      .003146      8 9573956     76   95.32%       2   1483
  26973112  1.47357E-04      .003144      8 9577664     53   95.31%       4   1483
  26983154  1.47357E-04      .003144      8 9581104     94   95.31%       4   1492
  26993154  1.47357E-04      .003143      8 9584777     81   95.31%       3   1492
  27003193  1.47357E-04      .003143      8 9588850     91   95.31%       3   1492
  27013193  1.47357E-04      .003143      8 9593171     58   95.31%       4   1501
  27023268  1.47357E-04      .003143      8 9596744     63   95.31%       3   1501
  27033357  1.47357E-04      .003143      8 9600700     94   95.31%       2   1509
  27043457  1.47357E-04      .003143      8 9604675     91   95.31%       2   1509
  27053464  1.47357E-04      .003143      8 9607676     82   95.31%       3   1510
  27063505  1.47357E-04      .003143      8 9611369     78   95.31%       3   1519
  27073524  1.47357E-04      .003143      8 9615418     68   95.31%       2   1519
  27083530  1.47357E-04      .003143      8 9619505     57   95.31%       2   1519
 Trying to reduce tree memory usage by 9.3GB (current usage 23.3GB, limit 23.3GB)
  27093572  1.47357E-04      .003143      8 9624323     86   95.31%       3   1527
 Tree size reducing:   62s elapsed,    0B/ 100MB saved
 Tree size  reduced:   69s elapsed, 116MB/ 100MB saved
 Reduced tree memory usage by 116MB (wrote 74MB from 194689 nodes to global file)
  27103605  1.47357E-04      .003143      8 9627393     75   95.31%       3   1604
  27113665  1.47357E-04      .003143      8 9630698     79   95.31%       2   1604
  27123667  1.47357E-04      .003143      8 9634773     58   95.31%       3   1605
 Elapsed time (sec): 1605, estimated tree completion: 0.99999
 Heap usage: 25GB (peak 25GB, 5743KB system)
 B&B tree size: 23.6GB total
                23.2GB in memory
                234MB global file (storing 365MB tree data)
                295MB active node information
  
     Node     BestSoln    BestBound   Sols Active  Depth     Gap     GInf   Time
  27133692  1.47357E-04      .003140      8 9638956     81   95.31%       4   1605
  27143801  1.47357E-04      .003140      8 9643884     87   95.31%       3   1614
  27153859  1.47357E-04      .003140      8 9645785     90   95.31%       4   1623
  27163862  1.47357E-04      .003140      8 9649751     83   95.31%       2   1623
  27173959  1.47357E-04      .003140      8 9653802     75   95.31%       2   1623
  27183974  1.47357E-04      .003140      8 9657800     47   95.31%       3   1624
  27194036  1.47357E-04      .003140      8 9661801     79   95.31%       3   1624
  27204047  1.47357E-04      .003136      8 9665423     59   95.30%       3   1640
  27214079  1.47357E-04      .003136      8 9669226     62   95.30%       3   1640
  27224155  1.47357E-04      .003136      8 9673650     90   95.30%       3   1640
  27234164  1.47357E-04      .003136      8 9677326     90   95.30%       4   1641
  27244217  1.47357E-04      .003136      8 9679665     89   95.30%       3   1641
 Trying to reduce tree memory usage by 9.3GB (current usage 23.3GB, limit 23.3GB)
 Tree size reducing:   62s elapsed,    0B/ 101MB saved
 Tree size  reduced:   70s elapsed, 122MB/ 101MB saved
 Reduced tree memory usage by 122MB (wrote 77MB from 199802 nodes to global file)
  27254298  1.47357E-04      .003136      8 9684007     91   95.30%       5   1727
  27264379  1.47357E-04      .003136      8 9688693     83   95.30%       4   1727
  27274406  1.47357E-04      .003136      8 9692342     84   95.30%       3   1727
  27284425  1.47357E-04      .003136      8 9695938     51   95.30%       4   1728
  27294441  1.47357E-04      .003136      8 9699020     75   95.30%       2   1728
  27304516  1.47357E-04      .003136      8 9702317     62   95.30%       3   1739
  27314519  1.47357E-04      .003136      8 9707563     80   95.30%       2   1748
  27324579  1.47357E-04      .003136      8 9711415     81   95.30%       3   1748
 Elapsed time (sec): 1749, estimated tree completion: 0.99999
 Heap usage: 25GB (peak 25GB, 5743KB system)
 B&B tree size: 23.7GB total
                23.2GB in memory
                312MB global file (storing 487MB tree data)
                298MB active node information
  
     Node     BestSoln    BestBound   Sols Active  Depth     Gap     GInf   Time
  27334620  1.47357E-04      .003136      8 9714483     76   95.30%       3   1749
  27344635  1.47357E-04      .003136      8 9719048     82   95.30%       5   1749
  27354679  1.47357E-04      .003136      8 9722903     82   95.30%       3   1757
  27364770  1.47357E-04      .003136      8 9726916     92   95.30%       3   1764
  27374779  1.47357E-04      .003136      8 9730506     93   95.30%       5   1764
  27384833  1.47357E-04      .003129      8 9734217     97   95.29%       3   1765
  27394850  1.47357E-04      .003129      8 9738274     91   95.29%       5   1773
 Trying to reduce tree memory usage by 9.3GB (current usage 23.3GB, limit 23.3GB)
 Tree size reducing:   64s elapsed,    0B/ 100MB saved
  27404880  1.47357E-04      .003129      8 9741283     87   95.29%       2   1840
  27414887  1.47357E-04      .003128      8 9745943     88   95.29%       5   1841
 Tree size  reduced:   72s elapsed, 127MB/ 100MB saved
 Reduced tree memory usage by 127MB (wrote 80MB from 204596 nodes to global file)
  27424927  1.47357E-04      .003128      8 9749007     86   95.29%       3   1850
  27434934  1.47357E-04      .003128      8 9753112     65   95.29%       3   1850
  27444954  1.47357E-04      .003127      8 9755835     86   95.29%       4   1859
  27455051  1.47357E-04      .003127      8 9760033     92   95.29%       3   1859
  27465101  1.47357E-04      .003126      8 9763522     63   95.29%       2   1860
  27475111  1.47357E-04      .003126      8 9768337     78   95.29%       3   1867
  27485131  1.47357E-04      .003126      8 9771402     78   95.29%       3   1877
  27495132  1.47357E-04      .003126      8 9774270     45   95.29%       4   1878
  27505147  1.47357E-04      .003125      8 9779396     87   95.28%       4   1878
  27515151  1.47357E-04      .003125      8 9781909     81   95.28%       2   1878
  27525152  1.47357E-04      .003124      8 9786464     85   95.28%       2   1878
 Elapsed time (sec): 1897, estimated tree completion: 0.99999
 Heap usage: 25GB (peak 25GB, 5743KB system)
 B&B tree size: 23.9GB total
                23.3GB in memory
                392MB global file (storing 0.6GB tree data)
                300MB active node information
  
     Node     BestSoln    BestBound   Sols Active  Depth     Gap     GInf   Time
  27535203  1.47357E-04      .003124      8 9790417     81   95.28%       2   1897
  27545213  1.47357E-04      .003124      8 9794514     60   95.28%       2   1897
  27555248  1.47357E-04      .003123      8 9797285     95   95.28%       3   1897
 Trying to reduce tree memory usage by 9.3GB (current usage 23.3GB, limit 23.3GB)
 Tree size reducing:   63s elapsed,    0B/ 100MB saved
  27565263  1.47357E-04      .003123      8 9801874     82   95.28%       2   1964
 Tree size  reduced:   72s elapsed, 130MB/ 100MB saved
 Reduced tree memory usage by 130MB (wrote 82MB from 208149 nodes to global file)
  27575280  1.47357E-04      .003123      8 9805101     84   95.28%       4   1976
  27585350  1.47357E-04      .003122      8 9808257     86   95.28%       2   1982
  27595351  1.47357E-04      .003122      8 9813181     68   95.28%       3   1983
  27605437  1.47357E-04      .003121      8 9816800     83   95.28%       2   1983
  27615482  1.47357E-04      .003121      8 9820725     75   95.28%       4   1983
  27625523  1.47357E-04      .003121      8 9824975     86   95.28%       3   1993
  27635579  1.47357E-04      .003120      8 9828319     88   95.28%       3   1993
  27645623  1.47357E-04      .003120      8 9833164     88   95.28%       3   1999
  27655632  1.47357E-04      .003120      8 9836699     63   95.28%       4   2000
  27665671  1.47357E-04      .003120      8 9840542     93   95.28%       4   2000
  27675676  1.47357E-04      .003119      8 9844257     90   95.28%       3   2007
  27685707  1.47357E-04      .003119      8 9847789     77   95.28%       2   2007
  27695715  1.47357E-04      .003119      8 9852358     69   95.28%       3   2007
  27705716  1.47357E-04      .003118      8 9856972     90   95.27%       4   2013
  27715744  1.47357E-04      .003118      8 9859740     86   95.27%       4   2013
 Trying to reduce tree memory usage by 9.3GB (current usage 23.3GB, limit 23.3GB)
  27725749  1.47357E-04      .003117      8 9864091     72   95.27%       3   2026
 Tree size reducing:   68s elapsed,    0B/ 100MB saved
 Elapsed time (sec): 2094, estimated tree completion: 0.99999
 Heap usage: 25GB (peak 25GB, 8998KB system)
 B&B tree size: 24.0GB total
                23.2GB in memory
                0.5GB global file (storing 0.8GB tree data)
                302MB active node information
  
     Node     BestSoln    BestBound   Sols Active  Depth     Gap     GInf   Time
  27735784  1.47357E-04      .003117      8 9866942     83   95.27%       3   2094
  27745816  1.47357E-04      .003117      8 9870254     92   95.27%       3   2095
 Tree size  reduced:   79s elapsed, 133MB/ 100MB saved
 Reduced tree memory usage by 133MB (wrote 83MB from 210696 nodes to global file)
  27755868  1.47357E-04      .003117      8 9874251     60   95.27%       3   2103
  27765905  1.47357E-04      .003116      8 9878551     88   95.27%       3   2103
  27775928  1.47357E-04      .003115      8 9881788     86   95.27%       2   2111
  27785938  1.47357E-04      .003115      8 9886815     77   95.27%       3   2111
  27795952  1.47357E-04      .003115      8 9889312     73   95.27%       2   2112
  27805975  1.47357E-04      .003115      8 9892945     86   95.27%       4   2112
  27816051  1.47357E-04      .003115      8 9896911     91   95.27%       2   2118
  27826111  1.47357E-04      .003114      8 9900911     94   95.27%       3   2125
  27836143  1.47357E-04      .003114      8 9905916     91   95.27%       3   2125
  27846167  1.47357E-04      .003114      8 9910009     86   95.27%       4   2126
  27856178  1.47357E-04      .003114      8 9912584     74   95.27%       3   2126
  27866184  1.47357E-04      .003113      8 9916953     73   95.27%       4   2133
  27876194  1.47357E-04      .003112      8 9921275     79   95.27%       3   2138
  27886224  1.47357E-04      .003112      8 9923547     83   95.26%       3   2138
  27896251  1.47357E-04      .003112      8 9927877     94   95.26%       3   2139
 Trying to reduce tree memory usage by 9.3GB (current usage 23.3GB, limit 23.3GB)
 Tree size reducing:   60s elapsed,  92MB/ 100MB saved
  27906272  1.47357E-04      .003112      8 9932494     79   95.26%       3   2199
  27916338  1.47357E-04      .003111      8 9935037     60   95.26%       3   2200
 Tree size  reduced:   66s elapsed, 135MB/ 100MB saved
 Reduced tree memory usage by 135MB (wrote 84MB from 211068 nodes to global file)
  27926372  1.47357E-04      .003111      8 9940301     69   95.26%       4   2214
 Elapsed time (sec): 2215, estimated tree completion: 0.99999
 Heap usage: 25GB (peak 25GB, 5743KB system)
 B&B tree size: 24.2GB total
                23.2GB in memory
                0.6GB global file (storing 0.9GB tree data)
                305MB active node information
  
     Node     BestSoln    BestBound   Sols Active  Depth     Gap     GInf   Time
  27936391  1.47357E-04      .003111      8 9943444     91   95.26%       4   2215
  27946486  1.47357E-04      .003110      8 9948198     89   95.26%       3   2215
  27956544  1.47357E-04      .003110      8 9952329     92   95.26%       2   2215
  27966577  1.47357E-04      .003109      8 9955991     57   95.26%       2   2216
  27976585  1.47357E-04      .003109      8 9958365     65   95.26%       3   2222
  27986631  1.47357E-04      .003109      8 9963385     71   95.26%       3   2228
  27996681  1.47357E-04      .003108      8 9968879     78   95.26%       2   2228
  28006731  1.47357E-04      .003108      8 9972003     88   95.26%       2   2229
  28016745  1.47357E-04      .003108      8 9974662     53   95.26%       3   2229
  28026812  1.47357E-04      .003107      8 9980083     83   95.26%       4   2236
  28036816  1.47357E-04      .003107      8 9984076     69   95.26%       2   2243
  28046832  1.47357E-04      .003107      8 9986943     85   95.26%       2   2243
  28056915  1.47357E-04      .003107      8 9990606     91   95.26%       5   2243
 Trying to reduce tree memory usage by 9.3GB (current usage 23.3GB, limit 23.3GB)
  28066915  1.47357E-04      .003107      8 9993994     91   95.26%       4   2257
 Tree size reducing:   63s elapsed,    0B/ 100MB saved
  28077009  1.47357E-04      .003105      8 10000142     92   95.25%       3   2312
  28087085  1.47357E-04      .003105      8 10002536     89   95.25%       3   2313
 Tree size  reduced:   73s elapsed, 138MB/ 100MB saved
 Reduced tree memory usage by 138MB (wrote 86MB from 212061 nodes to global file)
  28097109  1.47357E-04      .003105      8 10006639     50   95.25%       2   2319
  28107169  1.47357E-04      .003104      8 10011153     91   95.25%       3   2320
  28117177  1.47357E-04      .003104      8 10013893     90   95.25%       3   2328
  28127230  1.47357E-04      .003103      8 10017815     64   95.25%       2   2328
 Elapsed time (sec): 2329, estimated tree completion: 0.99999
 Heap usage: 25GB (peak 25GB, 5743KB system)
 B&B tree size: 24.3GB total
                23.2GB in memory
                0.7GB global file (storing 1.1GB tree data)
                307MB active node information
  
     Node     BestSoln    BestBound   Sols Active  Depth     Gap     GInf   Time
  28137263  1.47357E-04      .003103      8 10021454     74   95.25%       3   2329
  28147301  1.47357E-04      .003103      8 10025287     87   95.25%       3   2335
  28157311  1.47357E-04      .003102      8 10029947     62   95.25%       4   2343
  28167362  1.47357E-04      .003101      8 10033230     89   95.25%       3   2343
  28177391  1.47357E-04      .003101      8 10037256     88   95.25%       5   2343
  28187499  1.47357E-04      .003101      8 10041491     84   95.25%       4   2343
  28197561  1.47357E-04      .003100      8 10045158     82   95.25%       4   2344
  28207575  1.47357E-04      .003100      8 10048529     59   95.25%       2   2355
  28217645  1.47357E-04      .003099      8 10052039     69   95.25%       2   2356
  28227696  1.47357E-04      .003099      8 10057062     60   95.25%       2   2356
  28237753  1.47357E-04      .003099      8 10060065     82   95.25%       5   2356
 Trying to reduce tree memory usage by 9.3GB (current usage 23.3GB, limit 23.3GB)
  28247781  1.47357E-04      .003099      8 10064308     81   95.24%       2   2415
 Tree size reducing:   60s elapsed, 120MB/ 100MB saved
 Tree size  reduced:   64s elapsed, 138MB/ 100MB saved
 Reduced tree memory usage by 138MB (wrote 86MB from 212223 nodes to global file)
  28257785  1.47357E-04      .003099      8 10067141     92   95.24%       3   2423
  28267786  1.47357E-04      .003098      8 10072462     84   95.24%       5   2428
  28277835  1.47357E-04      .003098      8 10075882     75   95.24%       3   2429
  28287852  1.47357E-04      .003097      8 10079685     89   95.24%       3   2429
  28297896  1.47357E-04      .003097      8 10083090     78   95.24%       3   2436
  28307923  1.47357E-04      .003097      8 10086266     89   95.24%       3   2436
  28317952  1.47357E-04      .003096      8 10090068     82   95.24%       4   2436
  28327975  1.47357E-04      .003096      8 10094333     55   95.24%       3   2441
 Elapsed time (sec): 2442, estimated tree completion: 0.99999
 Heap usage: 25GB (peak 25GB, 5743KB system)
 B&B tree size: 24.5GB total
                23.2GB in memory
                0.7GB global file (storing 1.2GB tree data)
                309MB active node information
  
     Node     BestSoln    BestBound   Sols Active  Depth     Gap     GInf   Time
  28338004  1.47357E-04      .003095      8 10098128     83   95.24%       2   2442
  28348044  1.47357E-04      .003095      8 10101509     86   95.24%       3   2448
  28358100  1.47357E-04      .003095      8 10105041     89   95.24%       4   2448
  28368158  1.47357E-04      .003094      8 10109348     87   95.24%       4   2448
  28378196  1.47357E-04      .003094      8 10113839     91   95.24%       2   2454
  28388205  1.47357E-04      .003094      8 10117539     60   95.24%       4   2455
  28398258  1.47357E-04      .003093      8 10120552     84   95.24%       3   2461
  28408282  1.47357E-04      .003093      8 10125261     78   95.24%       3   2461
  28418324  1.47357E-04      .003093      8 10128471     69   95.24%       2   2462
 Trying to reduce tree memory usage by 9.3GB (current usage 23.3GB, limit 23.3GB)
  28428379  1.47357E-04      .003093      8 10131786     86   95.24%       4   2519
 Reduced tree memory usage by 140MB (wrote 87MB from 215871 nodes to global file)
  28438420  1.47357E-04      .003093      8 10135860     65   95.24%       3   2532
  28448492  1.47357E-04      .003093      8 10138354     62   95.24%       3   2532
  28458535  1.47357E-04      .003093      8 10142292     81   95.24%       3   2533
  28468556  1.47357E-04      .003093      8 10147233     90   95.24%       2   2533
  28478556  1.47357E-04      .003093      8 10149873     73   95.24%       4   2533
  28488615  1.47357E-04      .003093      8 10153209     89   95.24%       4   2534
  28498643  1.47357E-04      .003093      8 10157490     91   95.24%       3   2541
  28508681  1.47357E-04      .003093      8 10161473     60   95.24%       3   2546
  28518708  1.47357E-04      .003093      8 10166403     54   95.24%       4   2546
  28528818  1.47357E-04      .003093      8 10168944     87   95.24%       2   2547
 Elapsed time (sec): 2547, estimated tree completion: 0.99999
 Heap usage: 25GB (peak 25GB, 5743KB system)
 B&B tree size: 24.6GB total
                23.2GB in memory
                0.8GB global file (storing 1.3GB tree data)
                312MB active node information
  
     Node     BestSoln    BestBound   Sols Active  Depth     Gap     GInf   Time
  28538837  1.47357E-04      .003089      8 10173969     54   95.23%       4   2547
  28548887  1.47357E-04      .003089      8 10177923     87   95.23%       2   2554
  28558909  1.47357E-04      .003089      8 10181793     85   95.23%       3   2554
  28568928  1.47357E-04      .003088      8 10185924     54   95.23%       3   2559
  28579004  1.47357E-04      .003088      8 10189279     95   95.23%       3   2559
  28589010  1.47357E-04      .003088      8 10192437     57   95.23%       3   2560
  28599042  1.47357E-04      .003087      8 10197381     80   95.23%       3   2566
 Trying to reduce tree memory usage by 9.3GB (current usage 23.3GB, limit 23.3GB)
  28609059  1.47357E-04      .003087      8 10200869     61   95.23%       2   2624
  28619172  1.47357E-04      .003086      8 10204737     90   95.23%       4   2625
 Tree size reducing:   60s elapsed, 127MB/ 100MB saved
 Tree size  reduced:   64s elapsed, 144MB/ 100MB saved
 Reduced tree memory usage by 144MB (wrote 89MB from 217753 nodes to global file)
  28629251  1.47357E-04      .003086      8 10208808     83   95.23%       4   2633
  28639366  1.47357E-04      .003086      8 10211666     88   95.23%       3   2640
  28649374  1.47357E-04      .003086      8 10216404     58   95.23%       3   2641
  28659392  1.47357E-04      .003085      8 10220128     59   95.22%       3   2641
  28669439  1.47357E-04      .003085      8 10224116     64   95.22%       3   2641
  28679477  1.47357E-04      .003085      8 10227743     58   95.22%       3   2642
  28689480  1.47357E-04      .003084      8 10231328     90   95.22%       5   2655
  28699515  1.47357E-04      .003084      8 10234766     52   95.22%       4   2655
  28709593  1.47357E-04      .003084      8 10238252     91   95.22%       3   2655
  28719610  1.47357E-04      .003084      8 10242396     90   95.22%       4   2656
  28729671  1.47357E-04      .003083      8 10247003     89   95.22%       5   2656
 Elapsed time (sec): 2663, estimated tree completion: 0.99999
 Heap usage: 25GB (peak 25GB, 5743KB system)
 B&B tree size: 24.8GB total
                23.2GB in memory
                0.9GB global file (storing 1.5GB tree data)
                314MB active node information
  
     Node     BestSoln    BestBound   Sols Active  Depth     Gap     GInf   Time
  28739705  1.47357E-04      .003083      8 10249931     94   95.22%       4   2663
  28749724  1.47357E-04      .003083      8 10253976     78   95.22%       2   2669
  28759775  1.47357E-04      .003083      8 10257144     81   95.22%       3   2669
  28769828  1.47357E-04      .003083      8 10260936     81   95.22%       3   2669
  28779866  1.47357E-04      .003083      8 10265546     91   95.22%       4   2676
 Trying to reduce tree memory usage by 9.3GB (current usage 23.3GB, limit 23.3GB)
 Tree size reducing:   60s elapsed,  83MB/ 100MB saved
  28789903  1.47357E-04      .003083      8 10269513     92   95.22%       5   2736
  28799940  1.47357E-04      .003083      8 10273827     94   95.22%       4   2737
 Tree size  reduced:   67s elapsed, 143MB/ 100MB saved
 Reduced tree memory usage by 143MB (wrote 89MB from 217772 nodes to global file)
  28809986  1.47357E-04      .003083      8 10277613     85   95.22%       3   2745
  28819986  1.47357E-04      .003080      8 10280834     87   95.22%       3   2745
  28830026  1.47357E-04      .003080      8 10284025     87   95.22%       2   2754
  28840035  1.47357E-04      .003080      8 10289293     75   95.22%       3   2754
  28850090  1.47357E-04      .003079      8 10293134     96   95.21%       4   2755
  28860092  1.47357E-04      .003079      8 10296338     82   95.21%       3   2755
  28870120  1.47357E-04      .003079      8 10299179     87   95.21%       3   2761
  28880166  1.47357E-04      .003078      8 10302672     89   95.21%       4   2768
  28890170  1.47357E-04      .003077      8 10307957     85   95.21%       2   2768
  28900207  1.47357E-04      .003076      8 10312348     86   95.21%       4   2769
  28910217  1.47357E-04      .003076      8 10315356     73   95.21%       2   2769
  28920263  1.47357E-04      .003076      8 10318835     65   95.21%       3   2781
  28930349  1.47357E-04      .003076      8 10323017     71   95.21%       3   2781
 Elapsed time (sec): 2781, estimated tree completion: 0.99999
 Heap usage: 25GB (peak 25GB, 5743KB system)
 B&B tree size: 24.9GB total
                23.3GB in memory
                1.0GB global file (storing 1.6GB tree data)
                316MB active node information
  
     Node     BestSoln    BestBound   Sols Active  Depth     Gap     GInf   Time
  28940386  1.47357E-04      .003076      8 10327205     72   95.21%       2   2781
  28950415  1.47357E-04      .003076      8 10330429     51   95.21%       2   2782
  28960499  1.47357E-04      .003075      8 10334527     94   95.21%       2   2782
 Trying to reduce tree memory usage by 9.3GB (current usage 23.3GB, limit 23.3GB)
 Tree size reducing:   65s elapsed,    0B/ 100MB saved
  28970552  1.47357E-04      .003074      8 10337774     86   95.21%       3   2852
 Tree size  reduced:   76s elapsed, 139MB/ 100MB saved
 Reduced tree memory usage by 139MB (wrote 87MB from 217073 nodes to global file)
  28980580  1.47357E-04      .003074      8 10342654     92   95.21%       3   2859
  28990618  1.47357E-04      .003074      8 10345674     70   95.21%       2   2860
  29000640  1.47357E-04      .003074      8 10349229     89   95.21%       5   2860
  29010690  1.47357E-04      .003073      8 10354061     93   95.21%       4   2860
  29020702  1.47357E-04      .003073      8 10357685     52   95.20%       2   2868
  29030753  1.47357E-04      .003072      8 10361045     91   95.20%       3   2868
  29040813  1.47357E-04      .003072      8 10364292     87   95.20%       3   2868
  29050915  1.47357E-04      .003072      8 10369213     90   95.20%       3   2874
  29060948  1.47357E-04      .003072      8 10372234     80   95.20%       2   2875
  29070973  1.47357E-04      .003072      8 10375170     66   95.20%       2   2881
  29081019  1.47357E-04      .003072      8 10379918     87   95.20%       2   2882
  29091034  1.47357E-04      .003072      8 10383455     80   95.20%       3   2882
  29101059  1.47357E-04      .003072      8 10387733     63   95.20%       3   2882
  29111134  1.47357E-04      .003071      8 10391154     70   95.20%       2   2887
  29121183  1.47357E-04      .003070      8 10395145     75   95.20%       3   2894
  29131199  1.47357E-04      .003070      8 10398406     75   95.20%       4   2894
 Elapsed time (sec): 2895, estimated tree completion: 0.99999
 Heap usage: 25GB (peak 25GB, 5743KB system)
 B&B tree size: 25.1GB total
                23.3GB in memory
                1.1GB global file (storing 1.8GB tree data)
                319MB active node information
  
     Node     BestSoln    BestBound   Sols Active  Depth     Gap     GInf   Time
  29141290  1.47357E-04      .003070      8 10401896     92   95.20%       4   2895
 Trying to reduce tree memory usage by 9.3GB (current usage 23.3GB, limit 23.3GB)
 Tree size reducing:   60s elapsed,  54MB/ 100MB saved
  29151309  1.47357E-04      .003069      8 10405692     56   95.20%       3   2957
  29161359  1.47357E-04      .003069      8 10410096     87   95.20%       3   2958
 Tree size  reduced:   68s elapsed, 148MB/ 100MB saved
 Reduced tree memory usage by 148MB (wrote 91MB from 218174 nodes to global file)
  29171405  1.47357E-04      .003069      8 10413966     63   95.20%       2   2971
  29181495  1.47357E-04      .003069      8 10417143     90   95.20%       3   2972
  29191518  1.47357E-04      .003067      8 10420676     81   95.20%       3   2972
  29201529  1.47357E-04      .003067      8 10424531     63   95.20%       2   2972
  29211603  1.47357E-04      .003067      8 10428263     92   95.20%       2   2980
  29221658  1.47357E-04      .003067      8 10432785     79   95.20%       2   2985
  29231701  1.47357E-04      .003067      8 10436175     88   95.20%       3   2986
  29241705  1.47357E-04      .003067      8 10438946     85   95.20%       5   2986
  29251718  1.47357E-04      .003067      8 10443639     58   95.20%       4   2986
  29261739  1.47357E-04      .003065      8 10448253     68   95.19%       3   2994
  29271788  1.47357E-04      .003065      8 10450480     51   95.19%       2   2994
  29281822  1.47357E-04      .003064      8 10454492     64   95.19%       3   2995
  29291849  1.47357E-04      .003064      8 10458160     92   95.19%       4   3000
  29301850  1.47357E-04      .003063      8 10461987     58   95.19%       4   3000
  29311853  1.47357E-04      .003063      8 10466442     92   95.19%       5   3007
  29321887  1.47357E-04      .003063      8 10470373     95   95.19%       4   3007
  29331935  1.47357E-04      .003063      8 10474735     94   95.19%       4   3008
 Trying to reduce tree memory usage by 9.3GB (current usage 23.3GB, limit 23.3GB)
 Tree size reducing:   60s elapsed,  75MB/ 100MB saved
 Elapsed time (sec): 3069, estimated tree completion: 0.99999
 Heap usage: 25GB (peak 25GB, 9996KB system)
 B&B tree size: 25.2GB total
                23.2GB in memory
                1.2GB global file (storing 2.0GB tree data)
                321MB active node information
  
     Node     BestSoln    BestBound   Sols Active  Depth     Gap     GInf   Time
  29341936  1.47357E-04      .003062      8 10477708     66   95.19%       3   3069
 Tree size  reduced:   68s elapsed, 145MB/ 100MB saved
 Reduced tree memory usage by 145MB (wrote 88MB from 210808 nodes to global file)
  29352000  1.47357E-04      .003062      8 10481782     58   95.19%       3   3076
  29362076  1.47357E-04      .003062      8 10485384     86   95.19%       2   3083
  29372114  1.47357E-04      .003062      8 10489020     79   95.19%       3   3084
  29382155  1.47357E-04      .003061      8 10492819     78   95.19%       3   3084
  29392222  1.47357E-04      .003060      8 10496714     88   95.19%       3   3084
  29402225  1.47357E-04      .003060      8 10500353     54   95.19%       3   3085
  29412290  1.47357E-04      .003060      8 10503937     86   95.18%       4   3098
  29422325  1.47357E-04      .003060      8 10507292     73   95.18%       4   3098
  29432353  1.47357E-04      .003060      8 10511994     89   95.18%       3   3098
  29442367  1.47357E-04      .003059      8 10515666     62   95.18%       4   3099
  29452388  1.47357E-04      .003059      8 10518740     65   95.18%       3   3105
  29462439  1.47357E-04      .003058      8 10523100     87   95.18%       5   3111
  29472442  1.47357E-04      .003058      8 10527137     53   95.18%       3   3111
  29482528  1.47357E-04      .003058      8 10529453     89   95.18%       3   3111
  29492586  1.47357E-04      .003057      8 10533407     60   95.18%       2   3112
  29502598  1.47357E-04      .003057      8 10537551     69   95.18%       2   3119
  29512604  1.47357E-04      .003057      8 10540684     46   95.18%       3   3119
  29522640  1.47357E-04      .003057      8 10545558     77   95.18%       3   3124
 Trying to reduce tree memory usage by 9.3GB (current usage 23.3GB, limit 23.3GB)
 Tree size reducing:   60s elapsed,  28MB/ 100MB saved
  29532652  1.47357E-04      .003057      8 10547890     52   95.18%       2   3187
 Tree size  reduced:   70s elapsed, 145MB/ 100MB saved
 Reduced tree memory usage by 145MB (wrote 89MB from 213811 nodes to global file)
 Elapsed time (sec): 3196, estimated tree completion: 0.99999
 Heap usage: 25GB (peak 25GB, 5743KB system)
 B&B tree size: 25.4GB total
                23.2GB in memory
                1.4GB global file (storing 2.2GB tree data)
                323MB active node information
  
     Node     BestSoln    BestBound   Sols Active  Depth     Gap     GInf   Time
  29542756  1.47357E-04      .003057      8 10551782     95   95.18%       2   3196
  29552874  1.47357E-04      .003055      8 10555359     96   95.18%       2   3196
  29562913  1.47357E-04      .003055      8 10559890     93   95.18%       4   3197
  29572943  1.47357E-04      .003055      8 10563194     74   95.18%       3   3203
  29582958  1.47357E-04      .003055      8 10566966     57   95.18%       2   3203
  29592975  1.47357E-04      .003055      8 10570782     80   95.18%       3   3210
  29603015  1.47357E-04      .003055      8 10574380     57   95.18%       4   3211
  29613093  1.47357E-04      .003055      8 10578410     59   95.18%       2   3211
  29623138  1.47357E-04      .003055      8 10582530     75   95.18%       2   3216
  29633166  1.47357E-04      .003055      8 10587562     67   95.18%       4   3217
  29643170  1.47357E-04      .003055      8 10591057     54   95.18%       2   3224
  29653207  1.47357E-04      .003055      8 10593825     86   95.18%       4   3224
  29663241  1.47357E-04      .003055      8 10596952     88   95.18%       4   3225
  29673285  1.47357E-04      .003055      8 10600574     63   95.18%       3   3225
  29683330  1.47357E-04      .003051      8 10605226     91   95.17%       2   3238
  29693336  1.47357E-04      .003051      8 10608617     49   95.17%       3   3238
  29703390  1.47357E-04      .003050      8 10612635     84   95.17%       3   3239
  29713434  1.47357E-04      .003050      8 10615480     89   95.17%       4   3239
 Trying to reduce tree memory usage by 9.3GB (current usage 23.3GB, limit 23.3GB)
 Tree size reducing:   63s elapsed,    0B/ 100MB saved
  29723460  1.47357E-04      .003049      8 10618640     63   95.17%       3   3307
 Tree size  reduced:   75s elapsed, 147MB/ 100MB saved
 Reduced tree memory usage by 147MB (wrote 91MB from 219541 nodes to global file)
  29733579  1.47357E-04      .003049      8 10623035     87   95.17%       3   3315
 Elapsed time (sec): 3321, estimated tree completion: 0.99999
 Heap usage: 25GB (peak 25GB, 5743KB system)
 B&B tree size: 25.5GB total
                23.2GB in memory
                1.4GB global file (storing 2.3GB tree data)
                325MB active node information
  
     Node     BestSoln    BestBound   Sols Active  Depth     Gap     GInf   Time
  29743613  1.47357E-04      .003049      8 10626759     72   95.17%       3   3321
  29753626  1.47357E-04      .003048      8 10629722     60   95.17%       3   3321
  29763657  1.47357E-04      .003048      8 10632280     79   95.17%       4   3329
  29773659  1.47357E-04      .003048      8 10635770     70   95.17%       2   3330
  29783733  1.47357E-04      .003048      8 10639311     90   95.17%       4   3337
  29793766  1.47357E-04      .003047      8 10641931     80   95.16%       4   3337
  29803833  1.47357E-04      .003047      8 10645494     82   95.16%       4   3337
  29813890  1.47357E-04      .003047      8 10649649     82   95.16%       3   3346
  29823946  1.47357E-04      .003046      8 10653682     99   95.16%       2   3346
  29833954  1.47357E-04      .003046      8 10657276     56   95.16%       2   3346
  29844075  1.47357E-04      .003046      8 10661252     91   95.16%       3   3346
  29854107  1.47357E-04      .003046      8 10665578     71   95.16%       3   3353
  29864159  1.47357E-04      .003045      8 10667857     58   95.16%       3   3362
  29874189  1.47357E-04      .003045      8 10672965     54   95.16%       2   3363
  29884274  1.47357E-04      .003045      8 10677215     72   95.16%       3   3363
  29894344  1.47357E-04      .003045      8 10680076     94   95.16%       4   3363
  29904421  1.47357E-04      .003045      8 10684273     69   95.16%       3   3372
 Trying to reduce tree memory usage by 9.3GB (current usage 23.3GB, limit 23.3GB)
 Tree size reducing:   62s elapsed,    0B/ 100MB saved
  29914503  1.47357E-04      .003045      8 10688587     58   95.16%       2   3447
  29924503  1.47357E-04      .003044      8 10691001     78   95.16%       4   3447
  29934534  1.47357E-04      .003044      8 10695128     78   95.16%       3   3448
 Elapsed time (sec): 3449, estimated tree completion: 0.99999
 Heap usage: 25GB (peak 25GB, 8246KB system)
 B&B tree size: 25.7GB total
                23.2GB in memory
                1.5GB global file (storing 2.5GB tree data)
                328MB active node information
  
     Node     BestSoln    BestBound   Sols Active  Depth     Gap     GInf   Time
  29944586  1.47357E-04      .003043      8 10699914     79   95.16%       3   3449
 Tree size  reduced:   76s elapsed, 144MB/ 100MB saved
 Reduced tree memory usage by 144MB (wrote 89MB from 218963 nodes to global file)
  29954618  1.47357E-04      .003043      8 10704067     70   95.16%       4   3458
  29964627  1.47357E-04      .003043      8 10707756     59   95.16%       3   3464
  29974634  1.47357E-04      .003043      8 10711809     91   95.16%       3   3464
  29984681  1.47357E-04      .003042      8 10714753     65   95.16%       3   3464
  29994701  1.47357E-04      .003041      8 10718615     84   95.16%       3   3465
  30004733  1.47357E-04      .003041      8 10723006     48   95.15%       3   3473
  30014756  1.47357E-04      .003041      8 10725895     85   95.15%       2   3473
  30024758  1.47357E-04      .003040      8 10730571     90   95.15%       3   3479
  30034764  1.47357E-04      .003040      8 10735021     57   95.15%       4   3479
  30044835  1.47357E-04      .003040      8 10737072     95   95.15%       4   3487
  30054893  1.47357E-04      .003039      8 10741043     78   95.15%       3   3487
  30064907  1.47357E-04      .003039      8 10744162     51   95.15%       4   3488
  30074935  1.47357E-04      .003039      8 10748628     89   95.15%       3   3495
  30084966  1.47357E-04      .003039      8 10752444     82   95.15%       3   3495
  30095012  1.47357E-04      .003038      8 10757230     86   95.15%       2   3503
 Trying to reduce tree memory usage by 9.3GB (current usage 23.3GB, limit 23.3GB)
 Tree size reducing:   61s elapsed,    0B/ 100MB saved
  30105074  1.47357E-04      .003038      8 10759356     85   95.15%       3   3569
  30115107  1.47357E-04      .003037      8 10764627     84   95.15%       2   3570
 Tree size  reduced:   74s elapsed, 147MB/ 100MB saved
 Reduced tree memory usage by 147MB (wrote 91MB from 220358 nodes to global file)
  30125144  1.47357E-04      .003037      8 10768769     85   95.15%       2   3578
  30135166  1.47357E-04      .003037      8 10771909     90   95.15%       3   3578
 Elapsed time (sec): 3586, estimated tree completion: 0.99999
 Heap usage: 25GB (peak 25GB, 5743KB system)
 B&B tree size: 25.8GB total
                23.2GB in memory
                1.6GB global file (storing 2.6GB tree data)
                330MB active node information
  
     Node     BestSoln    BestBound   Sols Active  Depth     Gap     GInf   Time
  30145228  1.47357E-04      .003036      8 10775559     86   95.15%       4   3586
  30155249  1.47357E-04      .003036      8 10779553     77   95.15%       3   3587
  30165284  1.47357E-04      .003035      8 10783414     89   95.15%       4   3587
  30175330  1.47357E-04      .003035      8 10786581     52   95.15%       3   3588
  30185386  1.47357E-04      .003035      8 10790911     83   95.15%       3   3602
  30195408  1.47357E-04      .003034      8 10794538     80   95.14%       3   3602
  30205421  1.47357E-04      .003034      8 10798612     79   95.14%       4   3602
  30215450  1.47357E-04      .003034      8 10801709     90   95.14%       3   3603
  30225483  1.47357E-04      .003034      8 10806243     94   95.14%       4   3603
  30235536  1.47357E-04      .003034      8 10810307     83   95.14%       4   3610
  30245563  1.47357E-04      .003034      8 10814701     56   95.14%       3   3615
  30255621  1.47357E-04      .003033      8 10817647     73   95.14%       3   3616
  30265658  1.47357E-04      .003033      8 10821577     87   95.14%       3   3616
  30275703  1.47357E-04      .003033      8 10825232     66   95.14%       4   3616
  30285705  1.47357E-04      .003032      8 10829943     77   95.14%       3   3624
 Trying to reduce tree memory usage by 9.3GB (current usage 23.3GB, limit 23.3GB)
 Tree size reducing:   63s elapsed,    0B/ 100MB saved
  30295732  1.47357E-04      .003032      8 10832335     84   95.14%       4   3692
  30305741  1.47357E-04      .003031      8 10835626     67   95.14%       3   3693
 Tree size  reduced:   75s elapsed, 148MB/ 100MB saved
 Reduced tree memory usage by 148MB (wrote 91MB from 219950 nodes to global file)
  30315775  1.47357E-04      .003031      8 10840480     72   95.14%       3   3700
  30325845  1.47357E-04      .003031      8 10844071     87   95.14%       2   3700
  30335846  1.47357E-04      .003030      8 10846893     71   95.14%       2   3710
 Elapsed time (sec): 3710, estimated tree completion: 0.99999
 Heap usage: 25GB (peak 25GB, 5743KB system)
 B&B tree size: 26.0GB total
                23.2GB in memory
                1.7GB global file (storing 2.8GB tree data)
                332MB active node information
  
     Node     BestSoln    BestBound   Sols Active  Depth     Gap     GInf   Time
  30345864  1.47357E-04      .003030      8 10852262     70   95.14%       3   3710
  30355901  1.47357E-04      .003029      8 10855403     86   95.14%       5   3710
  30365919  1.47357E-04      .003029      8 10858565     90   95.14%       3   3718
  30375994  1.47357E-04      .003029      8 10862824     82   95.14%       3   3725
  30386013  1.47357E-04      .003029      8 10866921     87   95.14%       3   3725
  30396068  1.47357E-04      .003029      8 10871012     92   95.14%       4   3726
  30406069  1.47357E-04      .003028      8 10873899     67   95.13%       3   3726
  30416080  1.47357E-04      .003028      8 10878483     90   95.13%       6   3733
  30426089  1.47357E-04      .003028      8 10881835     60   95.13%       3   3740
  30436092  1.47357E-04      .003027      8 10885175     87   95.13%       4   3740
  30446111  1.47357E-04      .003027      8 10889569     69   95.13%       3   3740
  30456218  1.47357E-04      .003027      8 10893168     98   95.13%       4   3741
  30466258  1.47357E-04      .003026      8 10897684     60   95.13%       3   3741
  30476274  1.47357E-04      .003026      8 10901701     56   95.13%       4   3754
 Trying to reduce tree memory usage by 9.3GB (current usage 23.3GB, limit 23.3GB)
 Tree size reducing:   67s elapsed,    0B/ 100MB saved
  30486325  1.47357E-04      .003025      8 10904819     94   95.13%       3   3827
  30496334  1.47357E-04      .003025      8 10907881     75   95.13%       4   3828
  30506364  1.47357E-04      .003025      8 10912710     70   95.13%       3   3829
 Tree size  reduced:   83s elapsed, 148MB/ 100MB saved
 Reduced tree memory usage by 148MB (wrote 91MB from 220232 nodes to global file)
  30516388  1.47357E-04      .003025      8 10916160     69   95.13%       2   3841
  30526400  1.47357E-04      .003025      8 10919197     68   95.13%       3   3842
  30536437  1.47357E-04      .003024      8 10924820     91   95.13%       2   3851
 Elapsed time (sec): 3851, estimated tree completion: 0.99999
 Heap usage: 25GB (peak 25GB, 5743KB system)
 B&B tree size: 26.2GB total
                23.2GB in memory
                1.8GB global file (storing 2.9GB tree data)
                335MB active node information
  
     Node     BestSoln    BestBound   Sols Active  Depth     Gap     GInf   Time
  30546477  1.47357E-04      .003024      8 10927953     85   95.13%       5   3851
  30556538  1.47357E-04      .003024      8 10930226     85   95.13%       3   3852
  30566563  1.47357E-04      .003024      8 10936246     87   95.13%       3   3862
  30576574  1.47357E-04      .003024      8 10938711     81   95.13%       2   3863
  30586574  1.47357E-04      .003023      8 10942748     50   95.13%       3   3863
  30596641  1.47357E-04      .003022      8 10947325     82   95.12%       3   3863
  30606697  1.47357E-04      .003022      8 10951257     63   95.12%       3   3871
  30616706  1.47357E-04      .003022      8 10954455     74   95.12%       2   3880
  30626750  1.47357E-04      .003021      8 10958122     69   95.12%       2   3880
  30636807  1.47357E-04      .003021      8 10963524     62   95.12%       2   3880
  30646843  1.47357E-04      .003021      8 10966354     97   95.12%       3   3881
  30656871  1.47357E-04      .003021      8 10969885     69   95.12%       2   3881
 Trying to reduce tree memory usage by 9.3GB (current usage 23.3GB, limit 23.3GB)
 Tree size reducing:   75s elapsed,    0B/ 100MB saved
 Tree size  reduced:   88s elapsed, 148MB/ 100MB saved
 Reduced tree memory usage by 148MB (wrote 91MB from 218775 nodes to global file)
  30666873  1.47357E-04      .003020      8 10974495     70   95.12%       2   3969
  30676878  1.47357E-04      .003020      8 10977804     66   95.12%       3   3969
  30686940  1.47357E-04      .003020      8 10981774     90   95.12%       3   3969
  30696978  1.47357E-04      .003020      8 10985883     89   95.12%       3   3970
  30707014  1.47357E-04      .003020      8 10990318     84   95.12%       6   3970
  30717020  1.47357E-04      .003020      8 10993217     75   95.12%       3   3978
  30727066  1.47357E-04      .003020      8 10996874     89   95.12%       3   3978
  30737077  1.47357E-04      .003020      8 11000733     92   95.12%       2   3986
 Elapsed time (sec): 3987, estimated tree completion: 0.99999
 Heap usage: 25GB (peak 25GB, 5743KB system)
 B&B tree size: 26.3GB total
                23.2GB in memory
                1.9GB global file (storing 3.1GB tree data)
                337MB active node information
  
     Node     BestSoln    BestBound   Sols Active  Depth     Gap     GInf   Time
  30747106  1.47357E-04      .003018      8 11004519     72   95.12%       3   3987
  30757117  1.47357E-04      .003018      8 11007932     61   95.12%       3   3987
  30767134  1.47357E-04      .003018      8 11012814     82   95.12%       2   3994
  30777143  1.47357E-04      .003018      8 11016725     69   95.12%       3   3995
  30787198  1.47357E-04      .003018      8 11021166     70   95.12%       3   4001
  30797289  1.47357E-04      .003016      8 11024237     88   95.11%       3   4001
  30807312  1.47357E-04      .003016      8 11028914     88   95.11%       3   4001
  30817354  1.47357E-04      .003016      8 11033575     85   95.11%       4   4011
  30827362  1.47357E-04      .003015      8 11036663     91   95.11%       3   4011
  30837377  1.47357E-04      .003015      8 11040038     91   95.11%       2   4019
  30847451  1.47357E-04      .003015      8 11044220     82   95.11%       3   4019
 Trying to reduce tree memory usage by 9.3GB (current usage 23.3GB, limit 23.3GB)
 Tree size reducing:   76s elapsed,    0B/ 100MB saved
  30857528  1.47357E-04      .003015      8 11048772     89   95.11%       3   4100
  30867546  1.47357E-04      .003015      8 11051793     76   95.11%       4   4101
  30877563  1.47357E-04      .003015      8 11054921     54   95.11%       3   4101
  30887596  1.47357E-04      .003015      8 11059106     90   95.11%       5   4102
 Tree size  reduced:   89s elapsed, 148MB/ 100MB saved
 Reduced tree memory usage by 148MB (wrote 91MB from 219069 nodes to global file)
  30897633  1.47357E-04      .003013      8 11062678     92   95.11%       3   4110
  30907718  1.47357E-04      .003013      8 11065323     91   95.11%       5   4118
  30917750  1.47357E-04      .003012      8 11069552     58   95.11%       3   4118
  30927788  1.47357E-04      .003012      8 11073531     69   95.11%       2   4119
  30937821  1.47357E-04      .003012      8 11076695     84   95.11%       4   4119
 Elapsed time (sec): 4119, estimated tree completion: 0.99999
 Heap usage: 25GB (peak 25GB, 5743KB system)
 B&B tree size: 26.5GB total
                23.2GB in memory
                2.0GB global file (storing 3.2GB tree data)
                339MB active node information
  
     Node     BestSoln    BestBound   Sols Active  Depth     Gap     GInf   Time
  30947838  1.47357E-04      .003012      8 11081295     92   95.11%       3   4119
  30957852  1.47357E-04      .003012      8 11084566     83   95.11%       3   4128
  30967923  1.47357E-04      .003011      8 11089527     94   95.11%       5   4135
  30977956  1.47357E-04      .003011      8 11091953     60   95.11%       4   4136
  30987998  1.47357E-04      .003010      8 11097168     66   95.11%       2   4136
  30998052  1.47357E-04      .003010      8 11101029     86   95.11%       4   4144
  31008057  1.47357E-04      .003009      8 11104413     84   95.10%       3   4145
  31018059  1.47357E-04      .003009      8 11107929     65   95.10%       2   4153
  31028073  1.47357E-04      .003009      8 11111519     80   95.10%       4   4154
  31038158  1.47357E-04      .003009      8 11116327     86   95.10%       3   4154
 Trying to reduce tree memory usage by 9.3GB (current usage 23.3GB, limit 23.3GB)
 Tree size reducing:   77s elapsed,    0B/ 100MB saved
  31048172  1.47357E-04      .003009      8 11119303     62   95.10%       2   4235
  31058235  1.47357E-04      .003008      8 11123479     82   95.10%       4   4236
  31068252  1.47357E-04      .003008      8 11128181     78   95.10%       5   4237
 Tree size  reduced:   90s elapsed, 147MB/ 100MB saved
 Reduced tree memory usage by 147MB (wrote 91MB from 219783 nodes to global file)
  31078305  1.47357E-04      .003008      8 11131988     91   95.10%       2   4245
  31088308  1.47357E-04      .003008      8 11134942     87   95.10%       4   4246
  31098344  1.47357E-04      .003008      8 11139058     55   95.10%       3   4255
  31108352  1.47357E-04      .003008      8 11142840     94   95.10%       4   4255
  31118353  1.47357E-04      .003006      8 11145805     89   95.10%       4   4255
  31128367  1.47357E-04      .003006      8 11150034     71   95.10%       6   4256
  31138449  1.47357E-04      .003006      8 11154509     82   95.10%       6   4262
 Elapsed time (sec): 4270, estimated tree completion: 0.99999
 Heap usage: 25GB (peak 25GB, 5743KB system)
 B&B tree size: 26.6GB total
                23.2GB in memory
                2.1GB global file (storing 3.3GB tree data)
                342MB active node information
  
     Node     BestSoln    BestBound   Sols Active  Depth     Gap     GInf   Time
  31148460  1.47357E-04      .003006      8 11158083     84   95.10%       3   4270
  31158463  1.47357E-04      .003006      8 11161612     68   95.10%       2   4270
  31168463  1.47357E-04      .003005      8 11165932     86   95.10%       4   4270
  31178470  1.47357E-04      .003005      8 11169899     65   95.10%       2   4271
  31188545  1.47357E-04      .003005      8 11172350     90   95.10%       3   4271
  31198574  1.47357E-04      .003005      8 11176499     62   95.10%       3   4288
  31208581  1.47357E-04      .003004      8 11180364     53   95.09%       3   4288
  31218678  1.47357E-04      .003003      8 11183178     71   95.09%       2   4288
  31228703  1.47357E-04      .003003      8 11186916     92   95.09%       3   4289
 Trying to reduce tree memory usage by 9.3GB (current usage 23.3GB, limit 23.3GB)
 Tree size reducing:   77s elapsed,    0B/ 100MB saved
  31238721  1.47357E-04      .003003      8 11190910     93   95.09%       3   4371
  31248735  1.47357E-04      .003003      8 11196061     72   95.09%       4   4372
 Tree size  reduced:   92s elapsed, 142MB/ 100MB saved
 Reduced tree memory usage by 142MB (wrote 88MB from 216821 nodes to global file)
  31258775  1.47357E-04      .003003      8 11199532     70   95.09%       2   4381
  31268851  1.47357E-04      .003002      8 11203369     86   95.09%       3   4382
  31278896  1.47357E-04      .003002      8 11206509     68   95.09%       3   4390
  31288945  1.47357E-04      .003001      8 11211621     89   95.09%       3   4391
  31299025  1.47357E-04      .003000      8 11214373     96   95.09%       5   4398
  31309067  1.47357E-04      .003000      8 11217108     74   95.09%       2   4399
  31319104  1.47357E-04      .003000      8 11221161     57   95.09%       3   4399
  31329132  1.47357E-04      .002999      8 11224949     83   95.09%       2   4411
  31339228  1.47357E-04      .002999      8 11227274     93   95.09%       4   4411
 Elapsed time (sec): 4412, estimated tree completion: 0.99999
 Heap usage: 25GB (peak 25GB, 5743KB system)
 B&B tree size: 26.8GB total
                23.2GB in memory
                2.2GB global file (storing 3.5GB tree data)
                344MB active node information
  
     Node     BestSoln    BestBound   Sols Active  Depth     Gap     GInf   Time
  31349238  1.47357E-04      .002999      8 11230786     82   95.09%       2   4412
  31359260  1.47357E-04      .002999      8 11236024     58   95.09%       3   4421
  31369273  1.47357E-04      .002999      8 11239497     94   95.09%       3   4432
  31379291  1.47357E-04      .002998      8 11242858     88   95.09%       3   4432
  31389319  1.47357E-04      .002998      8 11246868     70   95.08%       2   4432
  31399356  1.47357E-04      .002998      8 11250236     80   95.08%       5   4433
  31409387  1.47357E-04      .002998      8 11254424     77   95.08%       3   4433
  31419427  1.47357E-04      .002997      8 11258704     67   95.08%       2   4450
 Trying to reduce tree memory usage by 9.3GB (current usage 23.3GB, limit 23.3GB)
 Tree size reducing:   67s elapsed,    0B/ 100MB saved
  31429447  1.47357E-04      .002997      8 11260902     86   95.08%       5   4522
  31439481  1.47357E-04      .002997      8 11264822     86   95.08%       3   4523
  31449488  1.47357E-04      .002996      8 11268635     55   95.08%       2   4524
 Tree size  reduced:   81s elapsed, 151MB/ 100MB saved
 Reduced tree memory usage by 151MB (wrote 93MB from 222123 nodes to global file)
  31459531  1.47357E-04      .002995      8 11272905     95   95.08%       3   4533
  31469534  1.47357E-04      .002995      8 11275775     93   95.08%       3   4540
  31479547  1.47357E-04      .002995      8 11279496     87   95.08%       3   4540
  31489549  1.47357E-04      .002995      8 11283889     68   95.08%       2   4541
  31499564  1.47357E-04      .002995      8 11286498     76   95.08%       2   4541
  31509589  1.47357E-04      .002994      8 11290035     63   95.08%       3   4549
  31519614  1.47357E-04      .002994      8 11295182     87   95.08%       3   4556
  31529655  1.47357E-04      .002993      8 11297862     89   95.08%       3   4557
  31539668  1.47357E-04      .002993      8 11303040     69   95.08%       2   4557
 Elapsed time (sec): 4565, estimated tree completion: 0.99999
 Heap usage: 25GB (peak 25GB, 5743KB system)
 B&B tree size: 26.9GB total
                23.2GB in memory
                2.3GB global file (storing 3.6GB tree data)
                346MB active node information
  
     Node     BestSoln    BestBound   Sols Active  Depth     Gap     GInf   Time
  31549696  1.47357E-04      .002993      8 11306463     76   95.08%       2   4565
  31559720  1.47357E-04      .002993      8 11309904     94   95.08%       4   4565
  31569745  1.47357E-04      .002993      8 11312426     50   95.08%       2   4566
  31579760  1.47357E-04      .002993      8 11317247     50   95.08%       3   4566
  31589770  1.47357E-04      .002993      8 11321027     89   95.08%       2   4572
  31599797  1.47357E-04      .002992      8 11325185     64   95.08%       2   4579
  31609801  1.47357E-04      .002991      8 11328250     57   95.07%       4   4580
 Trying to reduce tree memory usage by 9.3GB (current usage 23.3GB, limit 23.3GB)
 Tree size reducing:   65s elapsed,    0B/ 100MB saved
  31619825  1.47357E-04      .002991      8 11333125     74   95.07%       3   4650
  31629832  1.47357E-04      .002991      8 11336852     57   95.07%       4   4651
  31639862  1.47357E-04      .002991      8 11339214     60   95.07%       3   4651
 Tree size  reduced:   79s elapsed, 150MB/ 100MB saved
 Reduced tree memory usage by 150MB (wrote 93MB from 221508 nodes to global file)
  31649946  1.47357E-04      .002991      8 11344618     89   95.07%       4   4661
  31659988  1.47357E-04      .002991      8 11348932     80   95.07%       3   4667
  31670030  1.47357E-04      .002991      8 11352211     61   95.07%       3   4667
  31680044  1.47357E-04      .002990      8 11355846     59   95.07%       2   4667
  31690059  1.47357E-04      .002989      8 11360450     71   95.07%       3   4668
  31700103  1.47357E-04      .002989      8 11363695     88   95.07%       4   4676
  31710166  1.47357E-04      .002989      8 11367355     80   95.07%       3   4677
  31720209  1.47357E-04      .002988      8 11371438     67   95.07%       2   4684
  31730230  1.47357E-04      .002988      8 11375319     89   95.07%       4   4684
  31740268  1.47357E-04      .002988      8 11377238     67   95.07%       4   4684
 Elapsed time (sec): 4692, estimated tree completion: 0.99999
 Heap usage: 25GB (peak 25GB, 5743KB system)
 B&B tree size: 27.1GB total
                23.2GB in memory
                2.3GB global file (storing 3.8GB tree data)
                349MB active node information
  
     Node     BestSoln    BestBound   Sols Active  Depth     Gap     GInf   Time
  31750321  1.47357E-04      .002988      8 11381738     93   95.07%       3   4692
  31760352  1.47357E-04      .002986      8 11387311     59   95.07%       2   4693
  31770433  1.47357E-04      .002986      8 11389510     84   95.07%       2   4698
  31780482  1.47357E-04      .002986      8 11393292     73   95.07%       3   4699
  31790523  1.47357E-04      .002986      8 11397018     71   95.07%       3   4699
  31800526  1.47357E-04      .002986      8 11401197     88   95.07%       2   4707
  31810528  1.47357E-04      .002986      8 11403986     80   95.07%       5   4707
 Trying to reduce tree memory usage by 9.3GB (current usage 23.3GB, limit 23.3GB)
 Tree size reducing:   66s elapsed,    0B/ 100MB saved
  31820539  1.47357E-04      .002985      8 11409143     47   95.06%       2   4778
 Tree size  reduced:   79s elapsed, 151MB/ 100MB saved
 Reduced tree memory usage by 151MB (wrote 93MB from 221614 nodes to global file)
  31830583  1.47357E-04      .002984      8 11413183     80   95.06%       4   4787
  31840672  1.47357E-04      .002984      8 11415792     90   95.06%       3   4793
  31850715  1.47357E-04      .002984      8 11418555     93   95.06%       3   4793
  31860758  1.47357E-04      .002984      8 11423421     83   95.06%       3   4794
  31870784  1.47357E-04      .002983      8 11427055     90   95.06%       3   4794
  31880798  1.47357E-04      .002983      8 11431264     88   95.06%       3   4799
  31890839  1.47357E-04      .002983      8 11435822     66   95.06%       3   4806
  31900846  1.47357E-04      .002983      8 11438618     78   95.06%       2   4806
  31910894  1.47357E-04      .002983      8 11441646     70   95.06%       3   4807
  31920909  1.47357E-04      .002982      8 11445484     81   95.06%       3   4807
  31930917  1.47357E-04      .002982      8 11449587     69   95.06%       2   4807
  31940944  1.47357E-04      .002982      8 11453746     57   95.06%       3   4813
 Elapsed time (sec): 4819, estimated tree completion: 0.99999
 Heap usage: 25GB (peak 25GB, 5743KB system)
 B&B tree size: 27.2GB total
                23.2GB in memory
                2.4GB global file (storing 3.9GB tree data)
                351MB active node information
  
     Node     BestSoln    BestBound   Sols Active  Depth     Gap     GInf   Time
  31950954  1.47357E-04      .002982      8 11457686     68   95.06%       3   4819
  31960971  1.47357E-04      .002981      8 11462232     75   95.06%       4   4820
  31971006  1.47357E-04      .002981      8 11465411     94   95.06%       2   4820
  31981010  1.47357E-04      .002981      8 11470209     92   95.06%       4   4820
  31991031  1.47357E-04      .002980      8 11472204     92   95.06%       3   4827
  32001058  1.47357E-04      .002980      8 11476966     89   95.06%       3   4832
 Trying to reduce tree memory usage by 9.3GB (current usage 23.3GB, limit 23.3GB)
 Tree size reducing:   61s elapsed,    0B/ 100MB saved
  32011063  1.47357E-04      .002980      8 11480846     78   95.06%       4   4898
  32021082  1.47357E-04      .002980      8 11484649     87   95.06%       3   4899
  32031102  1.47357E-04      .002980      8 11488286     67   95.06%       3   4900
 Tree size  reduced:   75s elapsed, 151MB/ 100MB saved
 Reduced tree memory usage by 151MB (wrote 93MB from 221470 nodes to global file)
  32041151  1.47357E-04      .002979      8 11491897     66   95.05%       2   4908
  32051222  1.47357E-04      .002979      8 11495628     89   95.05%       4   4914
  32061235  1.47357E-04      .002978      8 11497552     87   95.05%       2   4914
  32071247  1.47357E-04      .002978      8 11503999     88   95.05%       3   4914
  32081264  1.47357E-04      .002978      8 11507579     81   95.05%       3   4915
  32091335  1.47357E-04      .002977      8 11510179     87   95.05%       3   4921
  32101335  1.47357E-04      .002977      8 11513950     62   95.05%       4   4921
  32111362  1.47357E-04      .002977      8 11519602     68   95.05%       4   4927
  32121380  1.47357E-04      .002977      8 11522027     67   95.05%       2   4927
  32131401  1.47357E-04      .002977      8 11525331     63   95.05%       3   4927
  32141469  1.47357E-04      .002976      8 11531116     92   95.05%       5   4934
 Elapsed time (sec): 4934, estimated tree completion: 0.99999
 Heap usage: 25GB (peak 25GB, 5743KB system)
 B&B tree size: 27.4GB total
                23.2GB in memory
                2.5GB global file (storing 4.1GB tree data)
                353MB active node information
  
     Node     BestSoln    BestBound   Sols Active  Depth     Gap     GInf   Time
  32151490  1.47357E-04      .002976      8 11534527     70   95.05%       3   4934
  32161530  1.47357E-04      .002976      8 11537446     58   95.05%       4   4935
  32171549  1.47357E-04      .002976      8 11541999     56   95.05%       3   4940
  32181602  1.47357E-04      .002974      8 11546258     95   95.05%       5   4947
  32191632  1.47357E-04      .002974      8 11548612     89   95.05%       5   4947
  32201669  1.47357E-04      .002974      8 11553507     62   95.05%       3   4947
 Trying to reduce tree memory usage by 9.3GB (current usage 23.3GB, limit 23.3GB)
 Tree size reducing:   64s elapsed,    0B/ 100MB saved
  32211741  1.47357E-04      .002973      8 11556351     90   95.04%       3   5018
  32221756  1.47357E-04      .002973      8 11561239     87   95.04%       2   5019
 Tree size  reduced:   83s elapsed, 153MB/ 100MB saved
 Reduced tree memory usage by 153MB (wrote 94MB from 222200 nodes to global file)
  32231771  1.47357E-04      .002973      8 11564686     71   95.04%       4   5032
  32241779  1.47357E-04      .002973      8 11567997     57   95.04%       3   5040
  32251785  1.47357E-04      .002972      8 11572746     92   95.04%       4   5041
  32261803  1.47357E-04      .002972      8 11575029     89   95.04%       3   5041
  32271827  1.47357E-04      .002972      8 11579667     63   95.04%       4   5042
  32281879  1.47357E-04      .002971      8 11583430     87   95.04%       2   5051
  32291930  1.47357E-04      .002971      8 11588293     89   95.04%       4   5059
  32301946  1.47357E-04      .002971      8 11590948     70   95.04%       3   5060
  32311950  1.47357E-04      .002971      8 11595627     72   95.04%       3   5060
  32321988  1.47357E-04      .002971      8 11598833     89   95.04%       2   5069
  32332021  1.47357E-04      .002970      8 11603361     84   95.04%       2   5070
  32342040  1.47357E-04      .002970      8 11605708     74   95.04%       2   5070
 Elapsed time (sec): 5077, estimated tree completion: 0.99999
 Heap usage: 25GB (peak 25GB, 5743KB system)
 B&B tree size: 27.5GB total
                23.2GB in memory
                2.6GB global file (storing 4.2GB tree data)
                356MB active node information
  
     Node     BestSoln    BestBound   Sols Active  Depth     Gap     GInf   Time
  32352063  1.47357E-04      .002970      8 11609714     64   95.04%       4   5077
  32362110  1.47357E-04      .002969      8 11612929     65   95.04%       3   5077
  32372124  1.47357E-04      .002969      8 11618000     73   95.04%       3   5086
  32382171  1.47357E-04      .002969      8 11620902     68   95.04%       2   5087
  32392182  1.47357E-04      .002968      8 11623715     88   95.04%       5   5087
  32402282  1.47357E-04      .002968      8 11627353     99   95.04%       4   5095
 Trying to reduce tree memory usage by 9.3GB (current usage 23.3GB, limit 23.3GB)
 Tree size reducing:   85s elapsed,    0B/ 100MB saved
 Tree size  reduced:  102s elapsed, 154MB/ 100MB saved
 Reduced tree memory usage by 154MB (wrote 94MB from 222043 nodes to global file)
  32412306  1.47357E-04      .002968      8 11633506     85   95.04%       3   5197
  32422310  1.47357E-04      .002968      8 11636723     62   95.04%       2   5197
  32432333  1.47357E-04      .002967      8 11639897     88   95.03%       3   5197
  32442445  1.47357E-04      .002967      8 11643800     92   95.03%       5   5198
  32452511  1.47357E-04      .002967      8 11647890     88   95.03%       2   5206
  32462529  1.47357E-04      .002966      8 11651871     59   95.03%       3   5215
  32472592  1.47357E-04      .002966      8 11655881     78   95.03%       3   5216
  32482599  1.47357E-04      .002966      8 11658925     89   95.03%       4   5216
  32492621  1.47357E-04      .002965      8 11662431     90   95.03%       4   5216
  32502688  1.47357E-04      .002965      8 11666218     87   95.03%       3   5225
  32512737  1.47357E-04      .002964      8 11671370     81   95.03%       3   5233
  32522764  1.47357E-04      .002964      8 11674209     88   95.03%       4   5234
  32532776  1.47357E-04      .002964      8 11677470     88   95.03%       3   5234
  32542846  1.47357E-04      .002964      8 11681816     87   95.03%       4   5234
 Elapsed time (sec): 5244, estimated tree completion: 0.99999
 Heap usage: 25GB (peak 25GB, 5743KB system)
 B&B tree size: 27.7GB total
                23.2GB in memory
                2.7GB global file (storing 4.4GB tree data)
                358MB active node information
  
     Node     BestSoln    BestBound   Sols Active  Depth     Gap     GInf   Time
  32552902  1.47357E-04      .002964      8 11686151     85   95.03%       4   5244
  32562996  1.47357E-04      .002963      8 11689104     68   95.03%       2   5252
  32573053  1.47357E-04      .002963      8 11692919     71   95.03%       2   5252
  32583086  1.47357E-04      .002963      8 11697742     77   95.03%       3   5253
  32593161  1.47357E-04      .002963      8 11700463     93   95.03%       4   5253
 Trying to reduce tree memory usage by 9.3GB (current usage 23.3GB, limit 23.3GB)
 Tree size reducing:   92s elapsed,    0B/ 100MB saved
  32603201  1.47357E-04      .002963      8 11704054     62   95.03%       4   5362
  32613238  1.47357E-04      .002963      8 11708442     55   95.03%       2   5363
 Tree size  reduced:  111s elapsed, 152MB/ 100MB saved
 Reduced tree memory usage by 152MB (wrote 94MB from 222035 nodes to global file)
  32623264  1.47357E-04      .002962      8 11712003     87   95.03%       3   5374
  32633365  1.47357E-04      .002961      8 11715187     82   95.02%       2   5374
  32643366  1.47357E-04      .002961      8 11720697     78   95.02%       4   5375
  32653397  1.47357E-04      .002961      8 11724433     70   95.02%       2   5384
  32663398  1.47357E-04      .002961      8 11728474     66   95.02%       3   5384
  32673432  1.47357E-04      .002960      8 11732227     63   95.02%       2   5385
  32683476  1.47357E-04      .002960      8 11735841     56   95.02%       2   5393
  32693487  1.47357E-04      .002959      8 11738601     93   95.02%       3   5402
  32703600  1.47357E-04      .002959      8 11743303     90   95.02%       4   5403
  32713610  1.47357E-04      .002959      8 11747096     63   95.02%       2   5403
  32723658  1.47357E-04      .002959      8 11750140     86   95.02%       5   5404
  32733697  1.47357E-04      .002959      8 11754063     75   95.02%       2   5411
  32743750  1.47357E-04      .002959      8 11757382     86   95.02%       4   5420
 Elapsed time (sec): 5421, estimated tree completion: 0.99999
 Heap usage: 25GB (peak 25GB, 5743KB system)
 B&B tree size: 27.8GB total
                23.3GB in memory
                2.8GB global file (storing 4.5GB tree data)
                360MB active node information
  
     Node     BestSoln    BestBound   Sols Active  Depth     Gap     GInf   Time
  32753813  1.47357E-04      .002959      8 11762215     78   95.02%       3   5421
  32763835  1.47357E-04      .002959      8 11767303     71   95.02%       3   5421
  32773861  1.47357E-04      .002959      8 11769711     83   95.02%       4   5422
  32783900  1.47357E-04      .002959      8 11772709     67   95.02%       3   5422
 Trying to reduce tree memory usage by 9.3GB (current usage 23.3GB, limit 23.3GB)
 Tree size reducing:  100s elapsed,    0B/ 100MB saved
 Tree size  reduced:  117s elapsed, 152MB/ 100MB saved
 Reduced tree memory usage by 152MB (wrote 94MB from 221366 nodes to global file)
  32793915  1.47357E-04      .002957      8 11778090     54   95.02%       4   5539
  32803985  1.47357E-04      .002956      8 11782141     67   95.02%       2   5539
  32814031  1.47357E-04      .002956      8 11785183     81   95.02%       4   5539
  32824065  1.47357E-04      .002956      8 11789648     63   95.02%       3   5540
  32834071  1.47357E-04      .002956      8 11793826     94   95.02%       2   5540
  32844088  1.47357E-04      .002955      8 11797858     67   95.01%       2   5549
  32854155  1.47357E-04      .002955      8 11800380     94   95.01%       4   5550
  32864263  1.47357E-04      .002955      8 11804961     89   95.01%       2   5558
  32874366  1.47357E-04      .002954      8 11808389     94   95.01%       2   5558
  32884447  1.47357E-04      .002954      8 11812725     99   95.01%       2   5558
  32894454  1.47357E-04      .002954      8 11817372     81   95.01%       3   5567
  32904476  1.47357E-04      .002953      8 11820330     82   95.01%       2   5575
  32914478  1.47357E-04      .002953      8 11823587     71   95.01%       3   5576
  32924580  1.47357E-04      .002953      8 11827730     90   95.01%       2   5576
  32934608  1.47357E-04      .002953      8 11830703     68   95.01%       3   5576
  32944648  1.47357E-04      .002953      8 11834268     90   95.01%       4   5587
 Elapsed time (sec): 5587, estimated tree completion: 0.99999
 Heap usage: 25GB (peak 25GB, 5743KB system)
 B&B tree size: 28.0GB total
                23.3GB in memory
                2.9GB global file (storing 4.7GB tree data)
                363MB active node information
  
     Node     BestSoln    BestBound   Sols Active  Depth     Gap     GInf   Time
  32954663  1.47357E-04      .002953      8 11837907     77   95.01%       3   5587
  32964663  1.47357E-04      .002952      8 11841550     55   95.01%       2   5587
  32974704  1.47357E-04      .002952      8 11846022     81   95.01%       3   5596
  32984765  1.47357E-04      .002952      8 11848758     83   95.01%       2   5596
 Trying to reduce tree memory usage by 9.3GB (current usage 23.3GB, limit 23.3GB)
 Tree size reducing:   98s elapsed,    0B/ 100MB saved
  32994791  1.47357E-04      .002952      8 11854397     82   95.01%       2   5702
  33004793  1.47357E-04      .002950      8 11858900     51   95.01%       3   5703
 Tree size  reduced:  116s elapsed, 153MB/ 100MB saved
 Reduced tree memory usage by 153MB (wrote 94MB from 222019 nodes to global file)
  33014837  1.47357E-04      .002950      8 11861864     90   95.01%       3   5713
  33024917  1.47357E-04      .002950      8 11864576     88   95.01%       4   5713
  33034924  1.47357E-04      .002950      8 11869983     64   95.01%       3   5713
  33045025  1.47357E-04      .002950      8 11873226     94   95.01%       5   5722
  33055026  1.47357E-04      .002950      8 11877328     92   95.00%       3   5722
  33065046  1.47357E-04      .002950      8 11881263     92   95.00%       4   5722
  33075087  1.47357E-04      .002949      8 11885872     86   95.00%       3   5729
  33085091  1.47357E-04      .002949      8 11888892     66   95.00%       4   5736
  33095133  1.47357E-04      .002948      8 11892206     83   95.00%       3   5737
  33105149  1.47357E-04      .002948      8 11895677     68   95.00%       3   5737
  33115210  1.47357E-04      .002947      8 11899611     90   95.00%       3   5737
  33125231  1.47357E-04      .002947      8 11903212     73   95.00%       3   5738
  33135253  1.47357E-04      .002947      8 11908256     55   95.00%       4   5745
  33145258  1.47357E-04      .002947      8 11910415     49   95.00%       2   5751
 Elapsed time (sec): 5752, estimated tree completion: 0.99999
 Heap usage: 25GB (peak 25GB, 5743KB system)
 B&B tree size: 28.1GB total
                23.3GB in memory
                3.0GB global file (storing 4.8GB tree data)
                365MB active node information
  
     Node     BestSoln    BestBound   Sols Active  Depth     Gap     GInf   Time
  33155270  1.47357E-04      .002947      8 11915152     55   95.00%       3   5752
  33165310  1.47357E-04      .002947      8 11918827     91   95.00%       3   5752
  33175339  1.47357E-04      .002946      8 11923158     69   95.00%       3   5753
  33185354  1.47357E-04      .002946      8 11926876     76   95.00%       3   5761
 Trying to reduce tree memory usage by 9.3GB (current usage 23.3GB, limit 23.3GB)
 Tree size reducing:   83s elapsed,    0B/ 100MB saved
  33195369  1.47357E-04      .002945      8 11929459     77   95.00%       2   5853
 Tree size  reduced:  100s elapsed, 156MB/ 100MB saved
 Reduced tree memory usage by 156MB (wrote 96MB from 225051 nodes to global file)
  33205393  1.47357E-04      .002945      8 11934667     76   95.00%       3   5861
  33215399  1.47357E-04      .002945      8 11938685     90   95.00%       3   5861
  33225478  1.47357E-04      .002945      8 11941600     80   95.00%       4   5861
  33235512  1.47357E-04      .002945      8 11945478     93   95.00%       4   5870
  33245527  1.47357E-04      .002945      8 11949365     76   95.00%       3   5870
  33255591  1.47357E-04      .002944      8 11953228     85   95.00%       2   5878
  33265677  1.47357E-04      .002943      8 11957674     90   94.99%       3   5878
  33275681  1.47357E-04      .002943      8 11960517     47   94.99%       3   5886
  33285689  1.47357E-04      .002942      8 11963966     77   94.99%       3   5886
  33295709  1.47357E-04      .002942      8 11968862     54   94.99%       4   5886
  33305792  1.47357E-04      .002942      8 11972306     94   94.99%       4   5893
  33315803  1.47357E-04      .002942      8 11976533     96   94.99%       2   5894
  33325814  1.47357E-04      .002942      8 11980629     51   94.99%       3   5901
  33335828  1.47357E-04      .002942      8 11983174     89   94.99%       3   5901
  33345883  1.47357E-04      .002942      8 11986541     90   94.99%       4   5902
 Elapsed time (sec): 5902, estimated tree completion: 0.99999
 Heap usage: 25GB (peak 25GB, 5743KB system)
 B&B tree size: 28.3GB total
                23.3GB in memory
                3.1GB global file (storing 5.0GB tree data)
                367MB active node information
  
     Node     BestSoln    BestBound   Sols Active  Depth     Gap     GInf   Time
  33355905  1.47357E-04      .002942      8 11992426     51   94.99%       4   5902
  33365945  1.47357E-04      .002940      8 11995262     63   94.99%       3   5908
  33376007  1.47357E-04      .002940      8 11998136     82   94.99%       5   5915
  33386049  1.47357E-04      .002940      8 12002024     96   94.99%       5   5916
 Trying to reduce tree memory usage by 9.3GB (current usage 23.3GB, limit 23.3GB)
 Tree size reducing:   69s elapsed,    0B/ 100MB saved
  33396126  1.47357E-04      .002940      8 12005867     89   94.99%       3   5990
  33406150  1.47357E-04      .002940      8 12009334     81   94.99%       3   5992
 Tree size  reduced:   87s elapsed, 153MB/ 100MB saved
 Reduced tree memory usage by 153MB (wrote 94MB from 220503 nodes to global file)
  33416182  1.47357E-04      .002939      8 12013879     52   94.99%       3   6003
  33426243  1.47357E-04      .002939      8 12017412     82   94.99%       3   6010
  33436259  1.47357E-04      .002939      8 12022302     59   94.99%       3   6010
  33446264  1.47357E-04      .002938      8 12026214     88   94.99%       5   6010
  33456300  1.47357E-04      .002938      8 12029744     86   94.98%       3   6011
  33466304  1.47357E-04      .002938      8 12034155     87   94.98%       3   6011
  33476397  1.47357E-04      .002938      8 12039325     90   94.98%       4   6028
  33486506  1.47357E-04      .002938      8 12041823    100   94.98%       5   6028
  33496548  1.47357E-04      .002937      8 12045857     59   94.98%       4   6029
  33506628  1.47357E-04      .002937      8 12049467     55   94.98%       3   6029
  33516726  1.47357E-04      .002937      8 12053051     93   94.98%       3   6038
  33526762  1.47357E-04      .002937      8 12056477     88   94.98%       4   6044
  33536850  1.47357E-04      .002937      8 12060330     92   94.98%       3   6044
  33546917  1.47357E-04      .002937      8 12064897     54   94.98%       3   6045
 Elapsed time (sec): 6045, estimated tree completion: 0.99999
 Heap usage: 25GB (peak 25GB, 5743KB system)
 B&B tree size: 28.4GB total
                23.3GB in memory
                3.2GB global file (storing 5.1GB tree data)
                370MB active node information
  
     Node     BestSoln    BestBound   Sols Active  Depth     Gap     GInf   Time
  33556992  1.47357E-04      .002937      8 12069496     77   94.98%       3   6045
  33567030  1.47357E-04      .002937      8 12072995     89   94.98%       3   6053
  33577064  1.47357E-04      .002935      8 12076107     81   94.98%       2   6054
 Trying to reduce tree memory usage by 9.3GB (current usage 23.3GB, limit 23.3GB)
  33587100  1.47357E-04      .002935      8 12079833     90   94.98%       3   6068
 Tree size reducing:   71s elapsed,    0B/ 100MB saved
  33597109  1.47357E-04      .002934      8 12082868     81   94.98%       3   6137
  33607149  1.47357E-04      .002934      8 12088196     81   94.98%       4   6137
 Tree size  reduced:   88s elapsed, 155MB/ 100MB saved
 Reduced tree memory usage by 155MB (wrote 95MB from 223049 nodes to global file)
  33617188  1.47357E-04      .002934      8 12092975     82   94.98%       2   6148
  33627228  1.47357E-04      .002933      8 12095484     82   94.98%       3   6153
  33637270  1.47357E-04      .002933      8 12098630     85   94.98%       3   6153
  33647312  1.47357E-04      .002933      8 12103877     92   94.98%       4   6154
  33657372  1.47357E-04      .002933      8 12106390     83   94.98%       3   6160
  33667408  1.47357E-04      .002932      8 12109893     86   94.98%       3   6161
  33677444  1.47357E-04      .002932      8 12113728     54   94.98%       2   6161
  33687479  1.47357E-04      .002932      8 12116871     81   94.98%       2   6167
  33697484  1.47357E-04      .002932      8 12121231     60   94.98%       3   6167
  33707537  1.47357E-04      .002931      8 12124522     97   94.97%       3   6173
  33717564  1.47357E-04      .002931      8 12129392     89   94.97%       4   6174
  33727627  1.47357E-04      .002930      8 12133556     94   94.97%       2   6174
  33737662  1.47357E-04      .002930      8 12135626     81   94.97%       3   6180
  33747663  1.47357E-04      .002930      8 12140730     84   94.97%       3   6186
 Elapsed time (sec): 6187, estimated tree completion: 0.99999
 Heap usage: 25GB (peak 25GB, 5743KB system)
 B&B tree size: 28.6GB total
                23.3GB in memory
                3.3GB global file (storing 5.3GB tree data)
                372MB active node information
  
     Node     BestSoln    BestBound   Sols Active  Depth     Gap     GInf   Time
  33757708  1.47357E-04      .002930      8 12144653     90   94.97%       3   6187
  33767760  1.47357E-04      .002930      8 12147425     64   94.97%       4   6187
  33777854  1.47357E-04      .002929      8 12151011     86   94.97%       2   6187
  33787889  1.47357E-04      .002929      8 12155728     84   94.97%       3   6188
 Trying to reduce tree memory usage by 9.3GB (current usage 23.3GB, limit 23.3GB)
 Tree size reducing:   65s elapsed,    0B/ 100MB saved
 Tree size  reduced:   82s elapsed, 160MB/ 100MB saved
 Reduced tree memory usage by 160MB (wrote 97MB from 222171 nodes to global file)
  33797899  1.47357E-04      .002929      8 12159445     78   94.97%       3   6271
  33807957  1.47357E-04      .002929      8 12163002     86   94.97%       3   6271
  33818003  1.47357E-04      .002928      8 12168065     77   94.97%       3   6271
  33828052  1.47357E-04      .002928      8 12171065     87   94.97%       3   6272
  33838059  1.47357E-04      .002927      8 12175127     61   94.97%       4   6272
  33848082  1.47357E-04      .002927      8 12177960     78   94.97%       3   6284
  33858120  1.47357E-04      .002927      8 12181761     92   94.97%       2   6284
  33868121  1.47357E-04      .002927      8 12186006     93   94.97%       4   6284
  33878139  1.47357E-04      .002927      8 12189311     56   94.97%       2   6285
  33888239  1.47357E-04      .002926      8 12192801     94   94.96%       4   6285
  33898242  1.47357E-04      .002926      8 12197053     88   94.96%       3   6292
  33908263  1.47357E-04      .002926      8 12201074     84   94.96%       3   6297
  33918325  1.47357E-04      .002925      8 12205565     92   94.96%       3   6297
  33928348  1.47357E-04      .002925      8 12209249     79   94.96%       2   6298
  33938415  1.47357E-04      .002925      8 12212775     91   94.96%       2   6304
  33948440  1.47357E-04      .002925      8 12216768     91   94.96%       3   6305
 Elapsed time (sec): 6310, estimated tree completion: 0.99999
 Heap usage: 25GB (peak 25GB, 5743KB system)
 B&B tree size: 28.7GB total
                23.3GB in memory
                3.4GB global file (storing 5.4GB tree data)
                374MB active node information
  
     Node     BestSoln    BestBound   Sols Active  Depth     Gap     GInf   Time
  33958476  1.47357E-04      .002925      8 12219601     69   94.96%       4   6310
  33968514  1.47357E-04      .002925      8 12224202     92   94.96%       3   6310
  33978523  1.47357E-04      .002925      8 12228035     84   94.96%       2   6311
  33988526  1.47357E-04      .002925      8 12232007     94   94.96%       4   6317
 Trying to reduce tree memory usage by 9.3GB (current usage 23.3GB, limit 23.3GB)
 Tree size reducing:   69s elapsed,    0B/ 100MB saved
  33998613  1.47357E-04      .002923      8 12235208     85   94.96%       3   6392
  34008672  1.47357E-04      .002923      8 12240132     92   94.96%       3   6393
 Tree size  reduced:   86s elapsed, 154MB/ 100MB saved
 Reduced tree memory usage by 154MB (wrote 95MB from 221197 nodes to global file)
  34018685  1.47357E-04      .002923      8 12245135     79   94.96%       2   6403
  34028701  1.47357E-04      .002923      8 12247302     69   94.96%       3   6404
  34038741  1.47357E-04      .002923      8 12251541     68   94.96%       3   6411
  34048763  1.47357E-04      .002922      8 12256153     93   94.96%       4   6411
  34058799  1.47357E-04      .002922      8 12258940     90   94.96%       3   6412
  34068799  1.47357E-04      .002921      8 12262588     60   94.96%       4   6418
  34078868  1.47357E-04      .002921      8 12266404     86   94.96%       2   6419
  34088891  1.47357E-04      .002921      8 12270959     92   94.95%       3   6426
  34098948  1.47357E-04      .002920      8 12273898     89   94.95%       3   6426
  34109005  1.47357E-04      .002920      8 12276214     94   94.95%       5   6427
  34119037  1.47357E-04      .002920      8 12280406     80   94.95%       4   6427
  34129038  1.47357E-04      .002920      8 12286104     64   94.95%       2   6440
  34139046  1.47357E-04      .002920      8 12287620     60   94.95%       3   6440
  34149047  1.47357E-04      .002920      8 12291881     79   94.95%       4   6441
 Elapsed time (sec): 6441, estimated tree completion: 0.99999
 Heap usage: 25GB (peak 25GB, 5743KB system)
 B&B tree size: 28.9GB total
                23.3GB in memory
                3.5GB global file (storing 5.6GB tree data)
                377MB active node information
  
     Node     BestSoln    BestBound   Sols Active  Depth     Gap     GInf   Time
  34159066  1.47357E-04      .002918      8 12296547     72   94.95%       4   6441
  34169070  1.47357E-04      .002918      8 12299474     47   94.95%       2   6442
  34179089  1.47357E-04      .002918      8 12303162     69   94.95%       2   6456
  34189092  1.47357E-04      .002918      8 12307081     96   94.95%       3   6456
 Trying to reduce tree memory usage by 9.3GB (current usage 23.3GB, limit 23.3GB)
 Tree size reducing:   71s elapsed,    0B/ 100MB saved
  34199138  1.47357E-04      .002918      8 12311064     58   94.95%       3   6534
  34209173  1.47357E-04      .002918      8 12313314     87   94.95%       3   6534
  34219207  1.47357E-04      .002917      8 12318676     89   94.95%       4   6535
 Tree size  reduced:   87s elapsed, 157MB/ 100MB saved
 Reduced tree memory usage by 157MB (wrote 96MB from 224828 nodes to global file)
  34229298  1.47357E-04      .002917      8 12322408     83   94.95%       4   6545
  34239312  1.47357E-04      .002917      8 12326066     92   94.95%       2   6552
  34249386  1.47357E-04      .002917      8 12329920     92   94.95%       3   6553
  34259433  1.47357E-04      .002917      8 12333359     71   94.95%       3   6553
  34269437  1.47357E-04      .002916      8 12337054     83   94.95%       3   6562
  34279480  1.47357E-04      .002916      8 12341644     67   94.95%       3   6562
  34289506  1.47357E-04      .002916      8 12344196     94   94.95%       3   6562
  34299521  1.47357E-04      .002915      8 12348190     88   94.95%       3   6569
  34309554  1.47357E-04      .002915      8 12352552     92   94.95%       3   6570
  34319562  1.47357E-04      .002915      8 12356702     72   94.95%       2   6578
  34329600  1.47357E-04      .002914      8 12360247     87   94.94%       2   6578
  34339625  1.47357E-04      .002914      8 12362297     61   94.94%       3   6584
  34349626  1.47357E-04      .002914      8 12366013     55   94.94%       3   6584
 Elapsed time (sec): 6591, estimated tree completion: 0.99999
 Heap usage: 25GB (peak 25GB, 5743KB system)
 B&B tree size: 29.0GB total
                23.3GB in memory
                3.5GB global file (storing 5.7GB tree data)
                379MB active node information
  
     Node     BestSoln    BestBound   Sols Active  Depth     Gap     GInf   Time
  34359632  1.47357E-04      .002914      8 12370737     48   94.94%       4   6591
  34369669  1.47357E-04      .002914      8 12373979     86   94.94%       4   6592
  34379689  1.47357E-04      .002914      8 12377084     88   94.94%       5   6592
  34389765  1.47357E-04      .002913      8 12381110     91   94.94%       2   6592
  34399832  1.47357E-04      .002912      8 12385535     62   94.94%       4   6599
 Trying to reduce tree memory usage by 9.3GB (current usage 23.3GB, limit 23.3GB)
 Tree size reducing:   78s elapsed,    0B/ 100MB saved
  34409839  1.47357E-04      .002912      8 12389306     82   94.94%       4   6682
  34419862  1.47357E-04      .002912      8 12392743     76   94.94%       4   6683
  34429865  1.47357E-04      .002912      8 12395465     91   94.94%       5   6683
  34439876  1.47357E-04      .002911      8 12400894     85   94.94%       2   6684
 Tree size  reduced:   93s elapsed, 155MB/ 100MB saved
 Reduced tree memory usage by 155MB (wrote 95MB from 222302 nodes to global file)
  34449919  1.47357E-04      .002911      8 12404292     81   94.94%       3   6692
  34459969  1.47357E-04      .002911      8 12408630     58   94.94%       4   6701
  34470020  1.47357E-04      .002911      8 12412066     83   94.94%       4   6701
  34480061  1.47357E-04      .002911      8 12416515     90   94.94%       3   6701
  34490114  1.47357E-04      .002910      8 12419462     81   94.94%       2   6702
  34500172  1.47357E-04      .002910      8 12423152     91   94.94%       2   6709
  34510217  1.47357E-04      .002910      8 12427043     89   94.94%       3   6709
  34520251  1.47357E-04      .002909      8 12431510     60   94.94%       4   6716
  34530278  1.47357E-04      .002909      8 12434881     81   94.94%       2   6716
  34540294  1.47357E-04      .002909      8 12438383     91   94.94%       4   6717
  34550319  1.47357E-04      .002909      8 12443070     95   94.93%       2   6724
 Elapsed time (sec): 6725, estimated tree completion: 0.99999
 Heap usage: 25GB (peak 25GB, 5743KB system)
 B&B tree size: 29.2GB total
                23.2GB in memory
                3.6GB global file (storing 5.9GB tree data)
                381MB active node information
  
     Node     BestSoln    BestBound   Sols Active  Depth     Gap     GInf   Time
  34560325  1.47357E-04      .002909      8 12446138     90   94.93%       3   6725
  34570352  1.47357E-04      .002908      8 12448429     79   94.93%       4   6730
  34580398  1.47357E-04      .002908      8 12452475     76   94.93%       4   6731
  34590404  1.47357E-04      .002908      8 12457129     41   94.93%       4   6731
  34600410  1.47357E-04      .002907      8 12460994     65   94.93%       3   6739
 Trying to reduce tree memory usage by 9.3GB (current usage 23.3GB, limit 23.3GB)
 Tree size reducing:   72s elapsed,    0B/ 100MB saved
  34610426  1.47357E-04      .002907      8 12463975     48   94.93%       3   6817
  34620501  1.47357E-04      .002907      8 12468211     59   94.93%       3   6818
 Tree size  reduced:   88s elapsed, 155MB/ 100MB saved
 Reduced tree memory usage by 155MB (wrote 95MB from 221592 nodes to global file)
  34630533  1.47357E-04      .002907      8 12472684     58   94.93%       3   6828
  34640597  1.47357E-04      .002906      8 12475830     88   94.93%       4   6829
  34650668  1.47357E-04      .002906      8 12478969     93   94.93%       3   6837
  34660672  1.47357E-04      .002906      8 12483527     64   94.93%       3   6837
  34670701  1.47357E-04      .002906      8 12488942     50   94.93%       4   6838
  34680773  1.47357E-04      .002906      8 12492059     63   94.93%       2   6844
  34690841  1.47357E-04      .002906      8 12494867     91   94.93%       2   6851
  34700902  1.47357E-04      .002906      8 12498606     82   94.93%       4   6851
  34710944  1.47357E-04      .002906      8 12501688     60   94.93%       2   6852
  34720979  1.47357E-04      .002904      8 12505516     85   94.93%       2   6852
  34730986  1.47357E-04      .002904      8 12509957     68   94.93%       2   6852
  34741003  1.47357E-04      .002904      8 12513397     61   94.93%       3   6866
  34751037  1.47357E-04      .002903      8 12516560     93   94.92%       5   6866
 Elapsed time (sec): 6866, estimated tree completion: 0.99999
 Heap usage: 25GB (peak 25GB, 5743KB system)
 B&B tree size: 29.3GB total
                23.2GB in memory
                3.7GB global file (storing 6.0GB tree data)
                383MB active node information
  
     Node     BestSoln    BestBound   Sols Active  Depth     Gap     GInf   Time
  34761109  1.47357E-04      .002903      8 12520389     86   94.92%       3   6866
  34771146  1.47357E-04      .002903      8 12525311     83   94.92%       4   6867
  34781186  1.47357E-04      .002903      8 12528285     85   94.92%       3   6867
  34791277  1.47357E-04      .002902      8 12531237     91   94.92%       4   6881
  34801333  1.47357E-04      .002902      8 12536123     84   94.92%       4   6881
 Trying to reduce tree memory usage by 9.3GB (current usage 23.3GB, limit 23.3GB)
 Tree size reducing:   73s elapsed,    0B/ 100MB saved
  34811400  1.47357E-04      .002902      8 12540670     95   94.92%       3   6961
  34821426  1.47357E-04      .002901      8 12543902     66   94.92%       3   6961
 Tree size  reduced:   90s elapsed, 158MB/ 100MB saved
 Reduced tree memory usage by 158MB (wrote 97MB from 225225 nodes to global file)
  34831479  1.47357E-04      .002901      8 12546012     83   94.92%       3   6972
  34841508  1.47357E-04      .002901      8 12551520     69   94.92%       3   6972
  34851516  1.47357E-04      .002901      8 12554943     82   94.92%       3   6979
  34861605  1.47357E-04      .002900      8 12557079     88   94.92%       6   6979
  34871617  1.47357E-04      .002900      8 12563788     62   94.92%       3   6980
  34881652  1.47357E-04      .002900      8 12567569     78   94.92%       3   6987
  34891659  1.47357E-04      .002900      8 12571475     52   94.92%       3   6987
  34901707  1.47357E-04      .002900      8 12574034     90   94.92%       4   6988
  34911711  1.47357E-04      .002899      8 12577489     82   94.92%       3   6994
  34921757  1.47357E-04      .002899      8 12582679     84   94.92%       2   6994
  34931826  1.47357E-04      .002898      8 12586226     55   94.92%       3   7002
  34941852  1.47357E-04      .002898      8 12589767     62   94.92%       4   7002
  34951852  1.47357E-04      .002898      8 12594272     84   94.92%       4   7008
 Elapsed time (sec): 7008, estimated tree completion: 0.99999
 Heap usage: 25GB (peak 25GB, 5743KB system)
 B&B tree size: 29.5GB total
                23.2GB in memory
                3.8GB global file (storing 6.2GB tree data)
                386MB active node information
  
     Node     BestSoln    BestBound   Sols Active  Depth     Gap     GInf   Time
  34961875  1.47357E-04      .002898      8 12596811     87   94.92%       3   7008
  34971907  1.47357E-04      .002898      8 12601573     68   94.92%       3   7017
  34981932  1.47357E-04      .002898      8 12605156     53   94.92%       3   7017
  34991939  1.47357E-04      .002898      8 12607826     62   94.92%       3   7017
  35001963  1.47357E-04      .002898      8 12612744     55   94.92%       3   7017
 Trying to reduce tree memory usage by 9.3GB (current usage 23.3GB, limit 23.3GB)
 Tree size reducing:   74s elapsed,    0B/ 100MB saved
 Tree size  reduced:   92s elapsed, 157MB/ 100MB saved
 Reduced tree memory usage by 157MB (wrote 96MB from 221009 nodes to global file)
  35011980  1.47357E-04      .002897      8 12617900     79   94.91%       4   7110
  35022003  1.47357E-04      .002897      8 12620360     87   94.91%       3   7117
  35032047  1.47357E-04      .002897      8 12623218     78   94.91%       3   7118
  35042076  1.47357E-04      .002897      8 12626885     86   94.91%       5   7118
  35052076  1.47357E-04      .002896      8 12630995     59   94.91%       3   7119
  35062109  1.47357E-04      .002896      8 12635339     63   94.91%       4   7119
  35072118  1.47357E-04      .002896      8 12637702     78   94.91%       4   7133
  35082140  1.47357E-04      .002896      8 12641360     80   94.91%       4   7133
  35092168  1.47357E-04      .002896      8 12646641     89   94.91%       2   7133
  35102176  1.47357E-04      .002896      8 12651143     81   94.91%       2   7134
  35112232  1.47357E-04      .002896      8 12653024     87   94.91%       3   7134
  35122309  1.47357E-04      .002896      8 12657676     87   94.91%       5   7134
  35132313  1.47357E-04      .002896      8 12661030     66   94.91%       4   7142
  35142373  1.47357E-04      .002896      8 12665589     90   94.91%       2   7148
  35152378  1.47357E-04      .002896      8 12669367     87   94.91%       3   7148
 Elapsed time (sec): 7149, estimated tree completion: 0.99999
 Heap usage: 25GB (peak 25GB, 5743KB system)
 B&B tree size: 29.7GB total
                23.2GB in memory
                3.9GB global file (storing 6.4GB tree data)
                388MB active node information
  
     Node     BestSoln    BestBound   Sols Active  Depth     Gap     GInf   Time
  35162403  1.47357E-04      .002896      8 12674462     81   94.91%       2   7149
  35172432  1.47357E-04      .002896      8 12677297     58   94.91%       4   7156
  35182467  1.47357E-04      .002896      8 12681514     92   94.91%       6   7156
  35192482  1.47357E-04      .002893      8 12684059     84   94.91%       2   7156
  35202529  1.47357E-04      .002892      8 12687988     95   94.91%       5   7162
  35212553  1.47357E-04      .002892      8 12692130     88   94.91%       3   7163
 Trying to reduce tree memory usage by 9.3GB (current usage 23.3GB, limit 23.3GB)
 Tree size reducing:   73s elapsed,    0B/ 100MB saved
 Tree size  reduced:   89s elapsed, 162MB/ 100MB saved
 Reduced tree memory usage by 162MB (wrote 98MB from 218870 nodes to global file)
  35222607  1.47357E-04      .002892      8 12696965     77   94.91%       3   7252
  35232645  1.47357E-04      .002892      8 12700395     92   94.91%       3   7252
  35242678  1.47357E-04      .002892      8 12702296     82   94.91%       5   7253
  35252751  1.47357E-04      .002892      8 12705595     89   94.91%       4   7253
  35262817  1.47357E-04      .002892      8 12710808     94   94.91%       3   7253
  35272838  1.47357E-04      .002892      8 12715012     64   94.91%       3   7266
  35282862  1.47357E-04      .002890      8 12717718     87   94.90%       5   7266
  35292872  1.47357E-04      .002890      8 12721715     54   94.90%       4   7266
  35302937  1.47357E-04      .002889      8 12725988     91   94.90%       2   7267
  35312952  1.47357E-04      .002889      8 12729404     68   94.90%       3   7267
  35323008  1.47357E-04      .002889      8 12732659     85   94.90%       4   7281
  35333063  1.47357E-04      .002889      8 12736240     87   94.90%       3   7281
  35343113  1.47357E-04      .002889      8 12739232     88   94.90%       4   7281
 ?262 Warning: Unable to remove shift infeasibilities of 1.30484e-6
  35353118  1.47357E-04      .002888      8 12743978     68   94.90%       4   7282
 Elapsed time (sec): 7282, estimated tree completion: 0.99999
 Heap usage: 25GB (peak 25GB, 5743KB system)
 B&B tree size: 29.8GB total
                23.2GB in memory
                4.0GB global file (storing 6.5GB tree data)
                390MB active node information
  
     Node     BestSoln    BestBound   Sols Active  Depth     Gap     GInf   Time
  35363195  1.47357E-04      .002888      8 12747124     87   94.90%       3   7282
  35373199  1.47357E-04      .002888      8 12752145     86   94.90%       4   7290
  35383272  1.47357E-04      .002888      8 12755011     84   94.90%       3   7296
  35393318  1.47357E-04      .002887      8 12759136     84   94.90%       3   7296
  35403348  1.47357E-04      .002887      8 12762344     85   94.90%       3   7296
  35413394  1.47357E-04      .002887      8 12766193     82   94.90%       4   7304
  35423405  1.47357E-04      .002887      8 12770188     83   94.90%       2   7304
 Trying to reduce tree memory usage by 9.3GB (current usage 23.3GB, limit 23.3GB)
 Tree size reducing:   76s elapsed,    0B/ 100MB saved
 Tree size  reduced:   93s elapsed, 156MB/ 100MB saved
 Reduced tree memory usage by 156MB (wrote 96MB from 221748 nodes to global file)
  35433441  1.47357E-04      .002887      8 12774374     53   94.90%       2   7397
  35443480  1.47357E-04      .002887      8 12778047     88   94.90%       3   7397
  35453501  1.47357E-04      .002886      8 12782096     84   94.89%       2   7405
  35463528  1.47357E-04      .002886      8 12784804     83   94.89%       3   7406
  35473569  1.47357E-04      .002886      8 12788259     91   94.89%       2   7412
  35483599  1.47357E-04      .002884      8 12792448     66   94.89%       3   7412
  35493600  1.47357E-04      .002884      8 12796979     72   94.89%       4   7421
  35503700  1.47357E-04      .002884      8 12799813     96   94.89%       4   7421
  35513719  1.47357E-04      .002884      8 12801968     82   94.89%       3   7421
  35523757  1.47357E-04      .002884      8 12805734     83   94.89%       3   7422
  35533763  1.47357E-04      .002884      8 12811958     86   94.89%       3   7436
  35543793  1.47357E-04      .002884      8 12814054     72   94.89%       2   7436
  35553874  1.47357E-04      .002883      8 12817456     89   94.89%       3   7436
 Elapsed time (sec): 7437, estimated tree completion: 0.99999
 Heap usage: 25GB (peak 25GB, 5743KB system)
 B&B tree size: 29.9GB total
                23.2GB in memory
                4.1GB global file (storing 6.7GB tree data)
                393MB active node information
  
     Node     BestSoln    BestBound   Sols Active  Depth     Gap     GInf   Time
  35563973  1.47357E-04      .002883      8 12821320     90   94.89%       3   7437
  35574026  1.47357E-04      .002883      8 12826082     83   94.89%       3   7437
  35584036  1.47357E-04      .002882      8 12828818     56   94.89%       3   7450
  35594037  1.47357E-04      .002882      8 12832366     79   94.89%       4   7450
  35604120  1.47357E-04      .002882      8 12835875     88   94.89%       4   7450
  35614147  1.47357E-04      .002882      8 12839801     84   94.89%       3   7451
  35624185  1.47357E-04      .002881      8 12843155     87   94.89%       2   7451
  35634208  1.47357E-04      .002881      8 12846602     77   94.89%       4   7463
 Trying to reduce tree memory usage by 9.3GB (current usage 23.3GB, limit 23.3GB)
 Tree size reducing:   74s elapsed,    0B/ 100MB saved
  35644213  1.47357E-04      .002881      8 12850740     57   94.89%       3   7543
  35654217  1.47357E-04      .002880      8 12855738     66   94.88%       2   7544
  35664303  1.47357E-04      .002880      8 12858638     88   94.88%       3   7545
 Tree size  reduced:   91s elapsed, 156MB/ 100MB saved
 Reduced tree memory usage by 156MB (wrote 96MB from 223245 nodes to global file)
  35674335  1.47357E-04      .002880      8 12861720     85   94.88%       4   7554
  35684393  1.47357E-04      .002880      8 12866042     67   94.88%       3   7555
  35694416  1.47357E-04      .002880      8 12869739     63   94.88%       2   7561
  35704437  1.47357E-04      .002880      8 12874163     90   94.88%       3   7562
  35714471  1.47357E-04      .002880      8 12877718     81   94.88%       5   7562
  35724473  1.47357E-04      .002879      8 12881641     76   94.88%       4   7569
  35734512  1.47357E-04      .002879      8 12885013     65   94.88%       2   7570
  35744584  1.47357E-04      .002879      8 12888441     91   94.88%       3   7576
  35754603  1.47357E-04      .002878      8 12892557     83   94.88%       4   7576
 Elapsed time (sec): 7576, estimated tree completion: 0.99999
 Heap usage: 25GB (peak 25GB, 5743KB system)
 B&B tree size: 30.1GB total
                23.2GB in memory
                4.2GB global file (storing 6.8GB tree data)
                395MB active node information
  
     Node     BestSoln    BestBound   Sols Active  Depth     Gap     GInf   Time
  35764621  1.47357E-04      .002878      8 12897166     90   94.88%       3   7577
  35774621  1.47357E-04      .002878      8 12900512     49   94.88%       3   7584
  35784636  1.47357E-04      .002877      8 12904147     72   94.88%       2   7584
  35794675  1.47357E-04      .002877      8 12908004     72   94.88%       2   7585
  35804717  1.47357E-04      .002877      8 12912202     73   94.88%       3   7585
  35814718  1.47357E-04      .002877      8 12915643     59   94.88%       2   7591
  35824782  1.47357E-04      .002876      8 12918771     89   94.88%       4   7598
  35834793  1.47357E-04      .002876      8 12921899     88   94.88%       4   7598
 Trying to reduce tree memory usage by 9.3GB (current usage 23.3GB, limit 23.3GB)
 Tree size reducing:   76s elapsed,    0B/ 100MB saved
  35844826  1.47357E-04      .002876      8 12927521     94   94.88%       4   7681
  35854841  1.47357E-04      .002875      8 12931113     67   94.88%       3   7682
  35864972  1.47357E-04      .002875      8 12934608     91   94.88%       4   7683
 Tree size  reduced:   95s elapsed, 155MB/ 100MB saved
 Reduced tree memory usage by 155MB (wrote 95MB from 221357 nodes to global file)
  35874984  1.47357E-04      .002875      8 12937963     87   94.88%       2   7701
  35885019  1.47357E-04      .002875      8 12941669     84   94.88%       5   7702
  35895029  1.47357E-04      .002875      8 12945593     70   94.88%       3   7702
  35905065  1.47357E-04      .002874      8 12949764     61   94.87%       3   7703
  35915071  1.47357E-04      .002874      8 12953491     48   94.87%       2   7703
  35925103  1.47357E-04      .002874      8 12957088     87   94.87%       3   7710
  35935161  1.47357E-04      .002874      8 12961186     89   94.87%       3   7716
  35945227  1.47357E-04      .002874      8 12965078     92   94.87%       3   7717
  35955269  1.47357E-04      .002874      8 12967359     83   94.87%       5   7717
 Elapsed time (sec): 7725, estimated tree completion: 0.99999
 Heap usage: 25GB (peak 25GB, 5743KB system)
 B&B tree size: 30.2GB total
                23.2GB in memory
                4.3GB global file (storing 7.0GB tree data)
                397MB active node information
  
     Node     BestSoln    BestBound   Sols Active  Depth     Gap     GInf   Time
  35965275  1.47357E-04      .002872      8 12971598     69   94.87%       3   7725
  35975325  1.47357E-04      .002872      8 12975093     94   94.87%       5   7725
  35985378  1.47357E-04      .002872      8 12979860     87   94.87%       3   7732
  35995424  1.47357E-04      .002872      8 12983283     82   94.87%       3   7732
  36005424  1.47357E-04      .002872      8 12986276     83   94.87%       6   7732
  36015429  1.47357E-04      .002871      8 12990386     81   94.87%       2   7740
  36025432  1.47357E-04      .002871      8 12994765     82   94.87%       3   7740
  36035435  1.47357E-04      .002871      8 12996795     63   94.87%       3   7740
 Trying to reduce tree memory usage by 9.3GB (current usage 23.3GB, limit 23.3GB)
 Tree size reducing:   74s elapsed,    0B/ 100MB saved
  36045478  1.47357E-04      .002871      8 13002259     74   94.87%       3   7820
 Tree size  reduced:   91s elapsed, 156MB/ 100MB saved
 Reduced tree memory usage by 156MB (wrote 96MB from 222618 nodes to global file)
  36055481  1.47357E-04      .002870      8 13005143     88   94.87%       3   7832
  36065559  1.47357E-04      .002870      8 13008536     63   94.87%       3   7839
  36075651  1.47357E-04      .002870      8 13012329     88   94.87%       6   7840
  36085758  1.47357E-04      .002870      8 13016852     93   94.87%       2   7840
  36095784  1.47357E-04      .002870      8 13020249     85   94.87%       4   7840
  36105786  1.47357E-04      .002870      8 13024270     70   94.87%       2   7841
  36115811  1.47357E-04      .002870      8 13028544     93   94.87%       3   7855
  36125825  1.47357E-04      .002870      8 13033189     85   94.87%       2   7855
  36135827  1.47357E-04      .002870      8 13037152     68   94.87%       2   7855
  36145833  1.47357E-04      .002869      8 13039788     89   94.86%       2   7856
  36155880  1.47357E-04      .002868      8 13042753     88   94.86%       4   7870
 Elapsed time (sec): 7870, estimated tree completion: 0.99999
 Heap usage: 25GB (peak 25GB, 5743KB system)
 B&B tree size: 30.4GB total
                23.2GB in memory
                4.4GB global file (storing 7.1GB tree data)
                400MB active node information
  
     Node     BestSoln    BestBound   Sols Active  Depth     Gap     GInf   Time
  36165895  1.47357E-04      .002868      8 13046911     42   94.86%       2   7870
  36175989  1.47357E-04      .002868      8 13051607     96   94.86%       3   7870
  36186013  1.47357E-04      .002868      8 13054229     92   94.86%       2   7871
  36196037  1.47357E-04      .002867      8 13057073     91   94.86%       2   7871
  36206070  1.47357E-04      .002867      8 13062819     84   94.86%       4   7879
  36216123  1.47357E-04      .002867      8 13067191     90   94.86%       3   7885
  36226186  1.47357E-04      .002866      8 13070483     73   94.86%       2   7885
  36236234  1.47357E-04      .002866      8 13073057     86   94.86%       4   7886
 Trying to reduce tree memory usage by 9.3GB (current usage 23.3GB, limit 23.3GB)
 Tree size reducing:   76s elapsed,    0B/ 100MB saved
  36246319  1.47357E-04      .002866      8 13077786     86   94.86%       4   7968
 Tree size  reduced:   94s elapsed, 158MB/ 100MB saved
 Reduced tree memory usage by 158MB (wrote 97MB from 222835 nodes to global file)
  36256369  1.47357E-04      .002866      8 13081242     99   94.86%       2   7980
  36266373  1.47357E-04      .002866      8 13085049     88   94.86%       5   7981
  36276414  1.47357E-04      .002865      8 13088315     91   94.86%       3   7987
  36286449  1.47357E-04      .002865      8 13094341     89   94.86%       2   7988
  36296466  1.47357E-04      .002865      8 13099033     68   94.86%       2   7996
  36306467  1.47357E-04      .002865      8 13101004     83   94.86%       3   7996
  36316514  1.47357E-04      .002865      8 13104062     73   94.86%       3   7996
  36326519  1.47357E-04      .002865      8 13109273     86   94.86%       3   7996
  36336519  1.47357E-04      .002865      8 13113472     74   94.86%       5   7997
  36346544  1.47357E-04      .002865      8 13117041     87   94.86%       3   8003
  36356558  1.47357E-04      .002863      8 13120487     88   94.85%       3   8011
 Elapsed time (sec): 8011, estimated tree completion: 0.99999
 Heap usage: 25GB (peak 25GB, 5743KB system)
 B&B tree size: 30.6GB total
                23.2GB in memory
                4.5GB global file (storing 7.3GB tree data)
                402MB active node information
  
     Node     BestSoln    BestBound   Sols Active  Depth     Gap     GInf   Time
  36366611  1.47357E-04      .002863      8 13124255     64   94.85%       3   8011
  36376626  1.47357E-04      .002863      8 13127987     81   94.85%       4   8011
  36386655  1.47357E-04      .002863      8 13132444     76   94.85%       2   8012
  36396685  1.47357E-04      .002863      8 13135664     87   94.85%       3   8019
  36406779  1.47357E-04      .002863      8 13138886     97   94.85%       3   8025
  36416835  1.47357E-04      .002862      8 13142219     60   94.85%       2   8025
  36426882  1.47357E-04      .002862      8 13147650     85   94.85%       4   8026
  36436898  1.47357E-04      .002861      8 13150542     89   94.85%       4   8026
 Trying to reduce tree memory usage by 9.3GB (current usage 23.3GB, limit 23.3GB)
 Tree size reducing:   83s elapsed,    0B/ 100MB saved
  36446990  1.47357E-04      .002861      8 13153844     85   94.85%       3   8114
 Tree size  reduced:  101s elapsed, 155MB/ 100MB saved
 Reduced tree memory usage by 155MB (wrote 95MB from 220837 nodes to global file)
  36457035  1.47357E-04      .002861      8 13157780     67   94.85%       2   8128
  36467039  1.47357E-04      .002861      8 13162902     79   94.85%       5   8128
  36477080  1.47357E-04      .002860      8 13165917     94   94.85%       2   8128
  36487115  1.47357E-04      .002860      8 13169407     68   94.85%       3   8129
  36497146  1.47357E-04      .002860      8 13173869     53   94.85%       3   8137
  36507149  1.47357E-04      .002860      8 13177301     48   94.85%       3   8137
  36517202  1.47357E-04      .002859      8 13181760     92   94.85%       3   8143
  36527243  1.47357E-04      .002859      8 13184829     78   94.85%       2   8144
  36537266  1.47357E-04      .002859      8 13188676     68   94.85%       2   8144
  36547267  1.47357E-04      .002859      8 13192322     77   94.85%       4   8154
  36557291  1.47357E-04      .002859      8 13195774     67   94.85%       3   8154
 Elapsed time (sec): 8161, estimated tree completion: 0.99999
 Heap usage: 25GB (peak 25GB, 5743KB system)
 B&B tree size: 30.7GB total
                23.2GB in memory
                4.6GB global file (storing 7.4GB tree data)
                404MB active node information
  
     Node     BestSoln    BestBound   Sols Active  Depth     Gap     GInf   Time
  36567345  1.47357E-04      .002859      8 13199448     90   94.85%       3   8161
  36577385  1.47357E-04      .002859      8 13202870     50   94.85%       3   8162
  36587401  1.47357E-04      .002858      8 13207313     92   94.84%       4   8170
  36597463  1.47357E-04      .002858      8 13210941     62   94.84%       4   8170
  36607495  1.47357E-04      .002858      8 13214490     84   94.84%       5   8170
  36617500  1.47357E-04      .002858      8 13217244     66   94.84%       2   8171
  36627514  1.47357E-04      .002857      8 13221894     90   94.84%       4   8178
  36637527  1.47357E-04      .002856      8 13226096     73   94.84%       2   8185
 Trying to reduce tree memory usage by 9.3GB (current usage 23.3GB, limit 23.3GB)
  36647567  1.47357E-04      .002856      8 13229216     87   94.84%       3   8194
 Tree size reducing:   80s elapsed,    0B/ 100MB saved
  36657573  1.47357E-04      .002856      8 13233113     89   94.84%       3   8274
  36667574  1.47357E-04      .002856      8 13237260     58   94.84%       4   8275
  36677610  1.47357E-04      .002856      8 13240897     94   94.84%       3   8276
 Tree size  reduced:  103s elapsed, 155MB/ 100MB saved
 Reduced tree memory usage by 155MB (wrote 95MB from 220966 nodes to global file)
  36687662  1.47357E-04      .002856      8 13244981     70   94.84%       2   8295
  36697754  1.47357E-04      .002856      8 13247929     94   94.84%       2   8295
  36707792  1.47357E-04      .002855      8 13251092     81   94.84%       3   8295
  36717811  1.47357E-04      .002855      8 13255805     79   94.84%       2   8296
  36727840  1.47357E-04      .002855      8 13261180     73   94.84%       2   8296
  36737850  1.47357E-04      .002854      8 13263917     78   94.84%       4   8304
  36747866  1.47357E-04      .002854      8 13266206     84   94.84%       4   8310
  36757889  1.47357E-04      .002854      8 13271112     79   94.84%       2   8310
 Elapsed time (sec): 8311, estimated tree completion: 0.99999
 Heap usage: 25GB (peak 25GB, 5743KB system)
 B&B tree size: 30.9GB total
                23.2GB in memory
                4.7GB global file (storing 7.6GB tree data)
                407MB active node information
  
     Node     BestSoln    BestBound   Sols Active  Depth     Gap     GInf   Time
  36767901  1.47357E-04      .002854      8 13275734     80   94.84%       4   8311
  36777960  1.47357E-04      .002853      8 13279327     84   94.84%       2   8311
  36787984  1.47357E-04      .002853      8 13281901     78   94.84%       3   8319
  36798031  1.47357E-04      .002853      8 13284641     88   94.84%       4   8319
  36808073  1.47357E-04      .002853      8 13291493     76   94.84%       4   8325
  36818123  1.47357E-04      .002853      8 13294722     90   94.84%       4   8325
  36828177  1.47357E-04      .002852      8 13298469     74   94.83%       3   8326
  36838228  1.47357E-04      .002852      8 13301155     72   94.83%       2   8334
  36848263  1.47357E-04      .002852      8 13305409     79   94.83%       2   8334
 Trying to reduce tree memory usage by 9.3GB (current usage 23.3GB, limit 23.3GB)
 Tree size reducing:   81s elapsed,    0B/ 100MB saved
  36858282  1.47357E-04      .002852      8 13309844     85   94.83%       3   8423
 Tree size  reduced:  102s elapsed, 156MB/ 100MB saved
 Reduced tree memory usage by 156MB (wrote 95MB from 221658 nodes to global file)
  36868353  1.47357E-04      .002852      8 13313848     86   94.83%       5   8436
  36878419  1.47357E-04      .002852      8 13316500     93   94.83%       3   8437
  36888447  1.47357E-04      .002851      8 13321645     84   94.83%       5   8445
  36898480  1.47357E-04      .002851      8 13324938     86   94.83%       3   8445
  36908499  1.47357E-04      .002851      8 13328894     55   94.83%       2   8446
  36918528  1.47357E-04      .002850      8 13332498     71   94.83%       4   8446
  36928535  1.47357E-04      .002850      8 13336224     64   94.83%       3   8461
  36938579  1.47357E-04      .002850      8 13341372     83   94.83%       4   8461
  36948621  1.47357E-04      .002849      8 13344916     77   94.83%       2   8462
  36958625  1.47357E-04      .002849      8 13347632     85   94.83%       3   8462
 Elapsed time (sec): 8469, estimated tree completion: 0.99999
 Heap usage: 25GB (peak 25GB, 5743KB system)
 B&B tree size: 31.0GB total
                23.2GB in memory
                4.8GB global file (storing 7.7GB tree data)
                409MB active node information
  
     Node     BestSoln    BestBound   Sols Active  Depth     Gap     GInf   Time
  36968643  1.47357E-04      .002849      8 13351748     53   94.83%       2   8469
  36978719  1.47357E-04      .002849      8 13355867     89   94.83%       4   8477
  36988735  1.47357E-04      .002849      8 13360269     85   94.83%       4   8477
  36998751  1.47357E-04      .002848      8 13363278     64   94.83%       4   8478
  37008770  1.47357E-04      .002848      8 13366636     64   94.83%       4   8478
  37018805  1.47357E-04      .002848      8 13370718     89   94.83%       6   8484
  37028882  1.47357E-04      .002848      8 13374829     93   94.83%       2   8492
  37038895  1.47357E-04      .002848      8 13378623     65   94.83%       3   8492
  37048963  1.47357E-04      .002848      8 13382233     94   94.83%       5   8493
 Trying to reduce tree memory usage by 9.3GB (current usage 23.3GB, limit 23.3GB)
 Tree size reducing:   86s elapsed,    0B/ 100MB saved
  37058964  1.47357E-04      .002847      8 13385694     66   94.83%       3   8586
  37068983  1.47357E-04      .002847      8 13389955     88   94.82%       3   8587
 Tree size  reduced:  107s elapsed, 158MB/ 100MB saved
 Reduced tree memory usage by 158MB (wrote 97MB from 222355 nodes to global file)
  37079027  1.47357E-04      .002847      8 13395322     85   94.82%       3   8600
  37089064  1.47357E-04      .002847      8 13398568     90   94.82%       3   8608
  37099077  1.47357E-04      .002846      8 13401275     76   94.82%       3   8609
  37109084  1.47357E-04      .002846      8 13406379     77   94.82%       3   8609
  37119098  1.47357E-04      .002846      8 13410009     92   94.82%       2   8619
  37129167  1.47357E-04      .002845      8 13412960     86   94.82%       2   8620
  37139193  1.47357E-04      .002845      8 13415974     75   94.82%       3   8627
  37149241  1.47357E-04      .002845      8 13421315     58   94.82%       2   8627
  37159283  1.47357E-04      .002845      8 13425366     91   94.82%       4   8628
 Elapsed time (sec): 8637, estimated tree completion: 0.99999
 Heap usage: 25GB (peak 25GB, 5743KB system)
 B&B tree size: 31.2GB total
                23.2GB in memory
                4.9GB global file (storing 7.9GB tree data)
                411MB active node information
  
     Node     BestSoln    BestBound   Sols Active  Depth     Gap     GInf   Time
  37169313  1.47357E-04      .002845      8 13429477     82   94.82%       3   8637
  37179336  1.47357E-04      .002845      8 13432063     50   94.82%       2   8637
  37189389  1.47357E-04      .002844      8 13435109     83   94.82%       4   8645
  37199399  1.47357E-04      .002844      8 13439071     73   94.82%       2   8645
  37209430  1.47357E-04      .002844      8 13442834     86   94.82%       2   8645
  37219471  1.47357E-04      .002844      8 13447352     62   94.82%       2   8654
  37229507  1.47357E-04      .002844      8 13451555     87   94.82%       3   8654
  37239528  1.47357E-04      .002843      8 13455191     89   94.82%       3   8655
  37249537  1.47357E-04      .002843      8 13459672     79   94.82%       5   8662
 Trying to reduce tree memory usage by 9.3GB (current usage 23.3GB, limit 23.3GB)
 Tree size reducing:  104s elapsed,    0B/ 100MB saved
  37259584  1.47357E-04      .002843      8 13462395     80   94.82%       2   8775
  37269652  1.47357E-04      .002842      8 13465549     62   94.82%       2   8775
  37279734  1.47357E-04      .002842      8 13470417     88   94.82%       2   8776
  37289775  1.47357E-04      .002842      8 13473896     89   94.82%       4   8777
  37299792  1.47357E-04      .002842      8 13477151     84   94.82%       4   8778
 Tree size  reduced:  126s elapsed, 155MB/ 100MB saved
 Reduced tree memory usage by 155MB (wrote 95MB from 221152 nodes to global file)
  37309800  1.47357E-04      .002841      8 13480496     68   94.81%       2   8797
  37319840  1.47357E-04      .002841      8 13485105     74   94.81%       2   8798
  37329883  1.47357E-04      .002841      8 13488895     89   94.81%       4   8798
  37339884  1.47357E-04      .002840      8 13492659     91   94.81%       4   8799
  37349949  1.47357E-04      .002840      8 13495623     86   94.81%       3   8808
  37360020  1.47357E-04      .002840      8 13498775     86   94.81%       4   8809
 Elapsed time (sec): 8818, estimated tree completion: 0.99999
 Heap usage: 25GB (peak 25GB, 5743KB system)
 B&B tree size: 31.3GB total
                23.2GB in memory
                5.0GB global file (storing 8.0GB tree data)
                414MB active node information
  
     Node     BestSoln    BestBound   Sols Active  Depth     Gap     GInf   Time
  37370096  1.47357E-04      .002840      8 13503443     94   94.81%       3   8818
  37380151  1.47357E-04      .002839      8 13505777     97   94.81%       4   8818
  37390207  1.47357E-04      .002839      8 13509727     94   94.81%       5   8818
  37400284  1.47357E-04      .002839      8 13514191     89   94.81%       2   8827
  37410293  1.47357E-04      .002839      8 13517334     84   94.81%       2   8828
  37420303  1.47357E-04      .002839      8 13519937     67   94.81%       2   8828
  37430321  1.47357E-04      .002838      8 13524182     55   94.81%       4   8835
  37440356  1.47357E-04      .002838      8 13528980     73   94.81%       4   8844
  37450421  1.47357E-04      .002838      8 13532944     70   94.81%       3   8844
  37460459  1.47357E-04      .002837      8 13536059     80   94.81%       2   8844
 Trying to reduce tree memory usage by 9.3GB (current usage 23.3GB, limit 23.3GB)
 Tree size reducing:   92s elapsed,    0B/ 100MB saved
  37470473  1.47357E-04      .002837      8 13539446     68   94.81%       2   8944
  37480594  1.47357E-04      .002837      8 13544725     82   94.81%       3   8945
 Tree size  reduced:  115s elapsed, 157MB/ 100MB saved
 Reduced tree memory usage by 157MB (wrote 96MB from 222078 nodes to global file)
  37490598  1.47357E-04      .002837      8 13548847     59   94.81%       3   8968
  37500627  1.47357E-04      .002837      8 13551526     88   94.81%       2   8969
  37510634  1.47357E-04      .002836      8 13555898     75   94.80%       2   8969
  37520661  1.47357E-04      .002836      8 13559464     69   94.80%       2   8970
  37530758  1.47357E-04      .002836      8 13563919     79   94.80%       2   8977
  37540794  1.47357E-04      .002835      8 13566631     90   94.80%       3   8977
  37550836  1.47357E-04      .002835      8 13570530     55   94.80%       4   8982
  37560904  1.47357E-04      .002835      8 13574307     91   94.80%       2   8982
 Elapsed time (sec): 8983, estimated tree completion: 0.99999
 Heap usage: 25GB (peak 25GB, 5743KB system)
 B&B tree size: 31.5GB total
                23.2GB in memory
                5.1GB global file (storing 8.2GB tree data)
                416MB active node information
  
     Node     BestSoln    BestBound   Sols Active  Depth     Gap     GInf   Time
  37571008  1.47357E-04      .002834      8 13578635     65   94.80%       2   8983
  37581073  1.47357E-04      .002834      8 13581510     90   94.80%       3   8989
  37591108  1.47357E-04      .002834      8 13586191     88   94.80%       4   8990
  37601130  1.47357E-04      .002834      8 13589707     80   94.80%       4   8995
  37611135  1.47357E-04      .002834      8 13592710     83   94.80%       4   8996
  37621203  1.47357E-04      .002834      8 13598034     96   94.80%       3   8996
  37631233  1.47357E-04      .002834      8 13600455     76   94.80%       4   9002
  37641250  1.47357E-04      .002834      8 13603486     79   94.80%       4   9003
  37651280  1.47357E-04      .002834      8 13607973     65   94.80%       3   9003
  37661285  1.47357E-04      .002833      8 13613728     60   94.80%       2   9004
 Trying to reduce tree memory usage by 9.3GB (current usage 23.3GB, limit 23.3GB)
 Tree size reducing:   80s elapsed,    0B/ 100MB saved
 Tree size  reduced:  102s elapsed, 154MB/ 100MB saved
 Reduced tree memory usage by 154MB (wrote 94MB from 219411 nodes to global file)
  37671290  1.47357E-04      .002832      8 13616480     80   94.80%       3   9106
  37681339  1.47357E-04      .002832      8 13619795     90   94.80%       3   9106
  37691393  1.47357E-04      .002832      8 13623769     91   94.80%       3   9106
  37701413  1.47357E-04      .002832      8 13626777     94   94.80%       4   9107
  37711414  1.47357E-04      .002832      8 13631399     87   94.80%       3   9107
  37721425  1.47357E-04      .002831      8 13635110     57   94.80%       2   9116
  37731505  1.47357E-04      .002831      8 13638415     87   94.80%       2   9124
  37741507  1.47357E-04      .002831      8 13642369     77   94.80%       2   9124
  37751547  1.47357E-04      .002831      8 13647022     72   94.79%       3   9124
  37761600  1.47357E-04      .002830      8 13650374     89   94.79%       5   9125
 Elapsed time (sec): 9134, estimated tree completion: 0.99999
 Heap usage: 25GB (peak 25GB, 5743KB system)
 B&B tree size: 31.6GB total
                23.2GB in memory
                5.1GB global file (storing 8.3GB tree data)
                418MB active node information
  
     Node     BestSoln    BestBound   Sols Active  Depth     Gap     GInf   Time
  37771617  1.47357E-04      .002830      8 13653286     85   94.79%       2   9134
  37781705  1.47357E-04      .002830      8 13658084     83   94.79%       4   9142
  37791738  1.47357E-04      .002830      8 13661079     53   94.79%       2   9142
  37801761  1.47357E-04      .002829      8 13665808     91   94.79%       3   9143
  37811769  1.47357E-04      .002829      8 13669329     84   94.79%       5   9143
  37821774  1.47357E-04      .002829      8 13672867     90   94.79%       3   9151
  37831780  1.47357E-04      .002829      8 13676681     75   94.79%       3   9158
  37841818  1.47357E-04      .002828      8 13682245     75   94.79%       2   9158
  37851855  1.47357E-04      .002828      8 13685624     85   94.79%       4   9159
  37861882  1.47357E-04      .002828      8 13688171     67   94.79%       3   9159
 Trying to reduce tree memory usage by 9.3GB (current usage 23.3GB, limit 23.3GB)
 Tree size reducing:   91s elapsed,    0B/ 100MB saved
  37871882  1.47357E-04      .002828      8 13692024     86   94.79%       4   9267
  37881883  1.47357E-04      .002828      8 13696168     86   94.79%       2   9268
 Tree size  reduced:  115s elapsed, 158MB/ 100MB saved
 Reduced tree memory usage by 158MB (wrote 96MB from 220821 nodes to global file)
  37891885  1.47357E-04      .002827      8 13700025     89   94.79%       4   9282
  37901889  1.47357E-04      .002827      8 13704096     61   94.79%       4   9283
  37911927  1.47357E-04      .002827      8 13707763     82   94.79%       3   9292
  37921987  1.47357E-04      .002827      8 13710761     76   94.79%       2   9293
  37932057  1.47357E-04      .002826      8 13714743     89   94.79%       4   9293
  37942078  1.47357E-04      .002826      8 13718422     51   94.79%       3   9301
  37952133  1.47357E-04      .002826      8 13722832     93   94.79%       3   9302
  37962143  1.47357E-04      .002826      8 13726128     90   94.79%       4   9311
 Elapsed time (sec): 9311, estimated tree completion: 0.99999
 Heap usage: 25GB (peak 25GB, 5743KB system)
 B&B tree size: 31.8GB total
                23.2GB in memory
                5.2GB global file (storing 8.5GB tree data)
                421MB active node information
  
     Node     BestSoln    BestBound   Sols Active  Depth     Gap     GInf   Time
  37972161  1.47357E-04      .002826      8 13728839     87   94.79%       2   9311
  37982170  1.47357E-04      .002825      8 13733333     94   94.78%       4   9312
  37992189  1.47357E-04      .002825      8 13737976     84   94.78%       4   9319
  38002192  1.47357E-04      .002825      8 13740929     75   94.78%       2   9319
  38012249  1.47357E-04      .002825      8 13744182     89   94.78%       4   9328
  38022345  1.47357E-04      .002825      8 13748901     91   94.78%       4   9328
  38032364  1.47357E-04      .002824      8 13752536     84   94.78%       3   9329
  38042396  1.47357E-04      .002824      8 13757559     87   94.78%       3   9336
  38052432  1.47357E-04      .002824      8 13760597     80   94.78%       3   9345
  38062464  1.47357E-04      .002824      8 13763867     79   94.78%       4   9345
  38072486  1.47357E-04      .002823      8 13767349     76   94.78%       3   9346
 Trying to reduce tree memory usage by 9.3GB (current usage 23.3GB, limit 23.3GB)
 Tree size reducing:   93s elapsed,    0B/ 100MB saved
  38082525  1.47357E-04      .002823      8 13771477     84   94.78%       2   9447
  38092546  1.47357E-04      .002823      8 13775020     93   94.78%       3   9448
 Tree size  reduced:  114s elapsed, 154MB/ 100MB saved
 Reduced tree memory usage by 154MB (wrote 94MB from 216066 nodes to global file)
  38102659  1.47357E-04      .002823      8 13779337     94   94.78%       3   9468
  38112664  1.47357E-04      .002822      8 13783311     66   94.78%       3   9468
  38122685  1.47357E-04      .002822      8 13786511     58   94.78%       3   9468
  38132715  1.47357E-04      .002822      8 13790431     71   94.78%       4   9469
  38142812  1.47357E-04      .002822      8 13795226     93   94.78%       4   9469
  38152825  1.47357E-04      .002821      8 13797932     71   94.78%       3   9480
  38162843  1.47357E-04      .002821      8 13801069     75   94.78%       4   9488
 Elapsed time (sec): 9488, estimated tree completion: 0.99999
 Heap usage: 25GB (peak 25GB, 5743KB system)
 B&B tree size: 31.9GB total
                23.2GB in memory
                5.3GB global file (storing 8.7GB tree data)
                423MB active node information
  
     Node     BestSoln    BestBound   Sols Active  Depth     Gap     GInf   Time
  38172913  1.47357E-04      .002821      8 13805370     62   94.78%       4   9488
  38182960  1.47357E-04      .002821      8 13809407     91   94.78%       2   9488
  38192976  1.47357E-04      .002820      8 13812586     82   94.78%       3   9497
  38203029  1.47357E-04      .002820      8 13816284     88   94.78%       5   9497
  38213041  1.47357E-04      .002820      8 13820442     81   94.78%       4   9505
  38223045  1.47357E-04      .002820      8 13824674     53   94.78%       2   9505
  38233066  1.47357E-04      .002820      8 13828350     77   94.77%       3   9506
  38243081  1.47357E-04      .002820      8 13831062     51   94.77%       4   9515
  38253108  1.47357E-04      .002819      8 13834117     92   94.77%       3   9515
  38263121  1.47357E-04      .002819      8 13839107     49   94.77%       2   9523
  38273216  1.47357E-04      .002819      8 13843111     92   94.77%       5   9523
 Trying to reduce tree memory usage by 9.3GB (current usage 23.3GB, limit 23.3GB)
 Tree size reducing:   95s elapsed,    0B/ 100MB saved
  38283242  1.47357E-04      .002818      8 13846988     84   94.77%       4   9623
 Tree size  reduced:  115s elapsed, 153MB/ 100MB saved
 Reduced tree memory usage by 153MB (wrote 93MB from 214536 nodes to global file)
  38293331  1.47357E-04      .002818      8 13850323     88   94.77%       3   9638
  38303370  1.47357E-04      .002818      8 13854289     82   94.77%       3   9638
  38313376  1.47357E-04      .002818      8 13857577     87   94.77%       3   9646
  38323407  1.47357E-04      .002818      8 13860736     77   94.77%       3   9647
  38333458  1.47357E-04      .002818      8 13865482     89   94.77%       4   9647
  38343466  1.47357E-04      .002817      8 13869053     85   94.77%       3   9658
  38353488  1.47357E-04      .002817      8 13872591     88   94.77%       6   9658
  38363519  1.47357E-04      .002817      8 13877105     88   94.77%       2   9658
 Elapsed time (sec): 9666, estimated tree completion: 0.99999
 Heap usage: 25GB (peak 25GB, 5743KB system)
 B&B tree size: 32.1GB total
                23.2GB in memory
                5.4GB global file (storing 8.8GB tree data)
                425MB active node information
  
     Node     BestSoln    BestBound   Sols Active  Depth     Gap     GInf   Time
  38373615  1.47357E-04      .002817      8 13882431    100   94.77%       2   9666
  38383619  1.47357E-04      .002816      8 13884502     58   94.77%       4   9666
  38393671  1.47357E-04      .002816      8 13887964     91   94.77%       5   9675
  38403754  1.47357E-04      .002816      8 13892657     71   94.77%       2   9675
  38413768  1.47357E-04      .002815      8 13898203     95   94.77%       4   9676
  38423770  1.47357E-04      .002815      8 13900408     55   94.77%       4   9676
  38433770  1.47357E-04      .002815      8 13903339     81   94.77%       3   9692
  38443816  1.47357E-04      .002815      8 13907384     82   94.77%       5   9693
  38453821  1.47357E-04      .002815      8 13910912     59   94.77%       2   9693
  38463832  1.47357E-04      .002814      8 13915574     79   94.76%       3   9693
  38473835  1.47357E-04      .002814      8 13920241     90   94.76%       3   9694
 Trying to reduce tree memory usage by 9.3GB (current usage 23.3GB, limit 23.3GB)
 Tree size reducing:   97s elapsed,    0B/ 100MB saved
 Tree size  reduced:  120s elapsed, 156MB/ 100MB saved
 Reduced tree memory usage by 156MB (wrote 96MB from 220651 nodes to global file)
  38483932  1.47357E-04      .002814      8 13922774     69   94.76%       3   9814
  38493947  1.47357E-04      .002814      8 13926122     87   94.76%       3   9822
  38503961  1.47357E-04      .002814      8 13930549     71   94.76%       2   9822
  38514030  1.47357E-04      .002814      8 13934962     90   94.76%       3   9823
  38524107  1.47357E-04      .002814      8 13936533     96   94.76%       3   9823
  38534121  1.47357E-04      .002814      8 13941378     83   94.76%       3   9839
  38544143  1.47357E-04      .002813      8 13946021     51   94.76%       3   9840
  38554146  1.47357E-04      .002813      8 13949059     64   94.76%       3   9840
  38564251  1.47357E-04      .002812      8 13951738     90   94.76%       4   9840
 Elapsed time (sec): 9841, estimated tree completion: 0.99999
 Heap usage: 25GB (peak 25GB, 5743KB system)
 B&B tree size: 32.2GB total
                23.2GB in memory
                5.5GB global file (storing 9.0GB tree data)
                428MB active node information
  
     Node     BestSoln    BestBound   Sols Active  Depth     Gap     GInf   Time
  38574322  1.47357E-04      .002812      8 13956970     90   94.76%       6   9841
  38584331  1.47357E-04      .002812      8 13960317     85   94.76%       3   9850
  38594338  1.47357E-04      .002812      8 13964112     69   94.76%       4   9851
  38604403  1.47357E-04      .002812      8 13968086     96   94.76%       2   9859
  38614446  1.47357E-04      .002811      8 13971758     94   94.76%       4   9859
  38624465  1.47357E-04      .002811      8 13974829     91   94.76%       4   9868
  38634532  1.47357E-04      .002811      8 13979684     87   94.76%       6   9868
  38644589  1.47357E-04      .002811      8 13983496     91   94.76%       4   9869
  38654622  1.47357E-04      .002811      8 13987314     85   94.76%       3   9869
  38664650  1.47357E-04      .002811      8 13990264     76   94.76%       2   9877
  38674699  1.47357E-04      .002811      8 13994874     67   94.76%       3   9887
 Trying to reduce tree memory usage by 9.3GB (current usage 23.3GB, limit 23.3GB)
 Tree size reducing:   95s elapsed,    0B/ 100MB saved
  38684717  1.47357E-04      .002811      8 13998684     82   94.76%       4   9988
  38694751  1.47357E-04      .002811      8 14002675     85   94.76%       4   9990
  38704768  1.47357E-04      .002811      8 14004797     78   94.76%       2   9990
 Tree size  reduced:  116s elapsed, 159MB/ 100MB saved
 Reduced tree memory usage by 159MB (wrote 96MB from 217874 nodes to global file)
  38714780  1.47357E-04      .002811      8 14009480     83   94.76%       4  10003
  38724847  1.47357E-04      .002810      8 14013646     78   94.76%       2  10014
  38734854  1.47357E-04      .002808      8 14017101     67   94.75%       4  10014
  38744861  1.47357E-04      .002808      8 14019583     82   94.75%       2  10014
  38754972  1.47357E-04      .002808      8 14023711     89   94.75%       3  10015
  38764995  1.47357E-04      .002808      8 14028692     67   94.75%       2  10015
 Elapsed time (sec): 10025, estimated tree completion: 0.99999
 Heap usage: 25GB (peak 25GB, 5743KB system)
 B&B tree size: 32.4GB total
                23.2GB in memory
                5.6GB global file (storing 9.1GB tree data)
                430MB active node information
  
     Node     BestSoln    BestBound   Sols Active  Depth     Gap     GInf   Time
  38775017  1.47357E-04      .002808      8 14032498     65   94.75%       2  10025
  38785087  1.47357E-04      .002808      8 14036090     97   94.75%       5  10032
  38795089  1.47357E-04      .002807      8 14041551     80   94.75%       4  10033
  38805099  1.47357E-04      .002807      8 14044709     85   94.75%       3  10033
  38815116  1.47357E-04      .002807      8 14048677     82   94.75%       3  10034
  38825155  1.47357E-04      .002807      8 14051943     70   94.75%       2  10042
  38835159  1.47357E-04      .002807      8 14056350     81   94.75%       3  10043
  38845231  1.47357E-04      .002807      8 14059207     89   94.75%       5  10050
  38855311  1.47357E-04      .002807      8 14062937     81   94.75%       3  10051
  38865355  1.47357E-04      .002807      8 14067829     75   94.75%       4  10051
  38875389  1.47357E-04      .002807      8 14072668     89   94.75%       3  10059
 Trying to reduce tree memory usage by 9.3GB (current usage 23.3GB, limit 23.3GB)
 Tree size reducing:   94s elapsed,    0B/ 100MB saved
  38885432  1.47357E-04      .002807      8 14075591    103   94.75%       4  10160
  38895510  1.47357E-04      .002807      8 14079632     81   94.75%       4  10162
 Tree size  reduced:  116s elapsed, 156MB/ 100MB saved
 Reduced tree memory usage by 156MB (wrote 96MB from 221152 nodes to global file)
  38905580  1.47357E-04      .002807      8 14083842     93   94.75%       2  10176
  38915582  1.47357E-04      .002807      8 14087915     90   94.75%       2  10176
  38925605  1.47357E-04      .002807      8 14091738     84   94.75%       5  10177
  38935641  1.47357E-04      .002807      8 14095356     70   94.75%       4  10187
  38945656  1.47357E-04      .002805      8 14098806     92   94.75%       4  10187
  38955750  1.47357E-04      .002805      8 14103301     94   94.75%       3  10195
  38965879  1.47357E-04      .002804      8 14107583     96   94.75%       3  10196
 Elapsed time (sec): 10204, estimated tree completion: 0.99999
 Heap usage: 25GB (peak 25GB, 5743KB system)
 B&B tree size: 32.5GB total
                23.2GB in memory
                5.7GB global file (storing 9.3GB tree data)
                432MB active node information
  
     Node     BestSoln    BestBound   Sols Active  Depth     Gap     GInf   Time
  38975982  1.47357E-04      .002804      8 14112164     77   94.75%       4  10204
  38985989  1.47357E-04      .002804      8 14114726     80   94.75%       2  10204
  38996014  1.47357E-04      .002803      8 14117256     86   94.74%       3  10205
  39006132  1.47357E-04      .002803      8 14122181     86   94.74%       4  10205
  39016224  1.47357E-04      .002803      8 14127118     87   94.74%       4  10205
  39026241  1.47357E-04      .002802      8 14130272     75   94.74%       3  10220
  39036264  1.47357E-04      .002802      8 14133300     94   94.74%       4  10221
  39046302  1.47357E-04      .002802      8 14138622     83   94.74%       2  10221
  39056310  1.47357E-04      .002802      8 14142609     78   94.74%       3  10221
  39066345  1.47357E-04      .002802      8 14145354     63   94.74%       3  10222
  39076364  1.47357E-04      .002801      8 14148681     83   94.74%       2  10231
 Trying to reduce tree memory usage by 9.3GB (current usage 23.3GB, limit 23.3GB)
 Tree size reducing:  103s elapsed,    0B/ 100MB saved
  39086415  1.47357E-04      .002801      8 14153162     90   94.74%       3  10351
  39096459  1.47357E-04      .002801      8 14156237     83   94.74%       2  10353
  39106473  1.47357E-04      .002801      8 14159917     54   94.74%       3  10354
  39116473  1.47357E-04      .002801      8 14163441     81   94.74%       3  10354
 Tree size  reduced:  127s elapsed, 158MB/ 100MB saved
 Reduced tree memory usage by 158MB (wrote 97MB from 221793 nodes to global file)
  39126505  1.47357E-04      .002800      8 14168060     84   94.74%       2  10368
  39136610  1.47357E-04      .002800      8 14172039     87   94.74%       4  10376
  39146648  1.47357E-04      .002800      8 14176237     91   94.74%       3  10376
  39156676  1.47357E-04      .002800      8 14179741     67   94.74%       2  10377
  39166719  1.47357E-04      .002800      8 14182791     65   94.74%       4  10377
 Elapsed time (sec): 10386, estimated tree completion: 0.99999
 Heap usage: 25GB (peak 25GB, 5743KB system)
 B&B tree size: 32.7GB total
                23.2GB in memory
                5.8GB global file (storing 9.4GB tree data)
                435MB active node information
  
     Node     BestSoln    BestBound   Sols Active  Depth     Gap     GInf   Time
  39176748  1.47357E-04      .002800      8 14186042     62   94.74%       3  10386
  39186748  1.47357E-04      .002800      8 14190075     76   94.74%       2  10387
  39196766  1.47357E-04      .002799      8 14194341     63   94.74%       4  10387
  39206813  1.47357E-04      .002799      8 14197335     88   94.74%       4  10395
  39216877  1.47357E-04      .002799      8 14200865     82   94.74%       5  10396
  39226896  1.47357E-04      .002798      8 14205084     87   94.73%       3  10405
  39236920  1.47357E-04      .002798      8 14208703     87   94.73%       3  10406
  39246993  1.47357E-04      .002798      8 14213440     74   94.73%       2  10406
  39256993  1.47357E-04      .002798      8 14214843     82   94.73%       2  10407
  39267004  1.47357E-04      .002797      8 14219030     87   94.73%       2  10427
  39277043  1.47357E-04      .002797      8 14224165     81   94.73%       3  10427
  39287059  1.47357E-04      .002796      8 14227237     69   94.73%       3  10427
 Trying to reduce tree memory usage by 9.3GB (current usage 23.3GB, limit 23.3GB)
 Tree size reducing:  100s elapsed,    0B/ 100MB saved
  39297114  1.47357E-04      .002796      8 14231291     87   94.73%       4  10535
  39307117  1.47357E-04      .002796      8 14233101     74   94.73%       3  10535
 Tree size  reduced:  121s elapsed, 156MB/ 100MB saved
 Reduced tree memory usage by 156MB (wrote 96MB from 219619 nodes to global file)
  39317186  1.47357E-04      .002796      8 14237889     91   94.73%       3  10554
  39327217  1.47357E-04      .002796      8 14241662     80   94.73%       2  10554
  39337336  1.47357E-04      .002796      8 14246924     86   94.73%       4  10555
  39347341  1.47357E-04      .002795      8 14250006     45   94.73%       4  10555
  39357382  1.47357E-04      .002795      8 14252174     79   94.73%       6  10555
  39367394  1.47357E-04      .002795      8 14256903     67   94.73%       3  10572
 Elapsed time (sec): 10572, estimated tree completion: 0.99999
 Heap usage: 25GB (peak 25GB, 5743KB system)
 B&B tree size: 32.8GB total
                23.2GB in memory
                5.9GB global file (storing 9.6GB tree data)
                437MB active node information
  
     Node     BestSoln    BestBound   Sols Active  Depth     Gap     GInf   Time
  39377425  1.47357E-04      .002795      8 14260468     76   94.73%       6  10572
  39387425  1.47357E-04      .002795      8 14265149     59   94.73%       3  10572
  39397491  1.47357E-04      .002795      8 14267922     71   94.73%       3  10573
  39407518  1.47357E-04      .002795      8 14270729     88   94.73%       4  10573
  39417554  1.47357E-04      .002795      8 14274384     94   94.73%       5  10589
  39427608  1.47357E-04      .002795      8 14279895     91   94.73%       2  10590
  39437691  1.47357E-04      .002795      8 14283670     91   94.73%       4  10590
  39447718  1.47357E-04      .002795      8 14286004     87   94.73%       4  10590
  39457740  1.47357E-04      .002795      8 14290011     94   94.73%       4  10599
  39467795  1.47357E-04      .002795      8 14294543     98   94.73%       4  10600
  39477820  1.47357E-04      .002793      8 14298371     79   94.72%       3  10600
  39487867  1.47357E-04      .002792      8 14301314     68   94.72%       3  10607
  39497887  1.47357E-04      .002792      8 14304715     75   94.72%       3  10608
 Trying to reduce tree memory usage by 9.3GB (current usage 23.3GB, limit 23.3GB)
 Tree size reducing:  111s elapsed,    0B/ 100MB saved
  39507975  1.47357E-04      .002792      8 14308680     92   94.72%       3  10727
  39518006  1.47357E-04      .002792      8 14312588     83   94.72%       3  10729
  39528040  1.47357E-04      .002791      8 14316597     90   94.72%       3  10730
  39538081  1.47357E-04      .002791      8 14319909     72   94.72%       3  10731
 Tree size  reduced:  136s elapsed, 157MB/ 100MB saved
 Reduced tree memory usage by 157MB (wrote 96MB from 221677 nodes to global file)
  39548085  1.47357E-04      .002791      8 14322730     76   94.72%       4  10744
  39558101  1.47357E-04      .002791      8 14327455     88   94.72%       3  10754
  39568226  1.47357E-04      .002791      8 14332136     90   94.72%       3  10754
 Elapsed time (sec): 10755, estimated tree completion: 0.99999
 Heap usage: 25GB (peak 25GB, 5743KB system)
 B&B tree size: 33.0GB total
                23.2GB in memory
                6.0GB global file (storing 9.7GB tree data)
                439MB active node information
  
     Node     BestSoln    BestBound   Sols Active  Depth     Gap     GInf   Time
  39578246  1.47357E-04      .002790      8 14336220     69   94.72%       3  10755
  39588279  1.47357E-04      .002790      8 14340587     73   94.72%       2  10755
  39598306  1.47357E-04      .002790      8 14343932     89   94.72%       5  10763
  39608306  1.47357E-04      .002790      8 14347669     43   94.72%       4  10773
  39618318  1.47357E-04      .002790      8 14352042     67   94.72%       3  10773
  39628389  1.47357E-04      .002790      8 14355452     64   94.72%       2  10774
  39638402  1.47357E-04      .002790      8 14358864     81   94.72%       3  10774
  39648475  1.47357E-04      .002789      8 14361748     91   94.72%       4  10783
  39658495  1.47357E-04      .002789      8 14366044     78   94.72%       3  10792
  39668502  1.47357E-04      .002789      8 14371311     89   94.72%       3  10792
  39678556  1.47357E-04      .002788      8 14374648     63   94.72%       3  10793
  39688624  1.47357E-04      .002788      8 14376965     81   94.72%       2  10793
  39698660  1.47357E-04      .002788      8 14381026     90   94.72%       3  10794
 Trying to reduce tree memory usage by 9.3GB (current usage 23.3GB, limit 23.3GB)
 Tree size reducing:  112s elapsed,    0B/ 100MB saved
  39708696  1.47357E-04      .002788      8 14386566     88   94.71%       3  10914
 Tree size  reduced:  134s elapsed, 157MB/ 100MB saved
 Reduced tree memory usage by 157MB (wrote 96MB from 220038 nodes to global file)
  39718722  1.47357E-04      .002788      8 14390331     76   94.71%       5  10928
  39728745  1.47357E-04      .002788      8 14394458     82   94.71%       4  10929
  39738784  1.47357E-04      .002787      8 14398541     70   94.71%       2  10929
  39748800  1.47357E-04      .002787      8 14401546     61   94.71%       3  10938
  39758835  1.47357E-04      .002786      8 14406340     57   94.71%       4  10938
  39768845  1.47357E-04      .002786      8 14409073     86   94.71%       3  10939
 Elapsed time (sec): 10946, estimated tree completion: 0.99999
 Heap usage: 25GB (peak 25GB, 5743KB system)
 B&B tree size: 33.1GB total
                23.2GB in memory
                6.1GB global file (storing 9.9GB tree data)
                441MB active node information
  
     Node     BestSoln    BestBound   Sols Active  Depth     Gap     GInf   Time
  39778889  1.47357E-04      .002786      8 14412827     71   94.71%       4  10947
  39788929  1.47357E-04      .002786      8 14416268     92   94.71%       2  10947
  39798930  1.47357E-04      .002786      8 14420426     47   94.71%       2  10956
  39808988  1.47357E-04      .002785      8 14424549     82   94.71%       4  10956
  39818991  1.47357E-04      .002785      8 14429052     71   94.71%       3  10957
  39829026  1.47357E-04      .002785      8 14431931     83   94.71%       4  10957
  39839051  1.47357E-04      .002785      8 14436188     70   94.71%       3  10966
  39849062  1.47357E-04      .002784      8 14439874     61   94.71%       4  10976
  39859135  1.47357E-04      .002784      8 14445585     89   94.71%       3  10977
  39869157  1.47357E-04      .002784      8 14447958     86   94.71%       3  10977
  39879159  1.47357E-04      .002784      8 14450905     73   94.71%       3  10977
  39889185  1.47357E-04      .002784      8 14454705     79   94.71%       3  10985
  39899201  1.47357E-04      .002784      8 14460991     89   94.71%       3  10995
 Trying to reduce tree memory usage by 9.3GB (current usage 23.3GB, limit 23.3GB)
  39909277  1.47357E-04      .002784      8 14464070     92   94.71%       4  11005
 Tree size reducing:  106s elapsed,    0B/ 100MB saved
  39919278  1.47357E-04      .002784      8 14466977     92   94.71%       2  11108
  39929328  1.47357E-04      .002784      8 14471161     97   94.71%       2  11109
 Tree size  reduced:  128s elapsed, 158MB/ 100MB saved
 Reduced tree memory usage by 158MB (wrote 96MB from 220369 nodes to global file)
  39939372  1.47357E-04      .002784      8 14473919     71   94.71%       3  11132
  39949388  1.47357E-04      .002783      8 14478558     71   94.71%       3  11132
  39959418  1.47357E-04      .002783      8 14483324     89   94.71%       5  11133
  39969510  1.47357E-04      .002782      8 14486254     83   94.70%       4  11133
 Elapsed time (sec): 11141, estimated tree completion: 0.99999
 Heap usage: 25GB (peak 25GB, 5743KB system)
 B&B tree size: 33.3GB total
                23.2GB in memory
                6.2GB global file (storing 10.0GB tree data)
                444MB active node information
  
     Node     BestSoln    BestBound   Sols Active  Depth     Gap     GInf   Time
  39979546  1.47357E-04      .002782      8 14490017     92   94.70%       2  11141
  39989552  1.47357E-04      .002782      8 14493590     81   94.70%       2  11150
  39999658  1.47357E-04      .002781      8 14498906     71   94.70%       2  11150
  40009708  1.47357E-04      .002781      8 14501868     92   94.70%       4  11151
  40019773  1.47357E-04      .002781      8 14505532     97   94.70%       3  11151
  40029807  1.47357E-04      .002781      8 14510191     46   94.70%       3  11151
  40039841  1.47357E-04      .002781      8 14513142     68   94.70%       2  11162
  40049864  1.47357E-04      .002780      8 14517022     75   94.70%       3  11162
  40059876  1.47357E-04      .002780      8 14520707     74   94.70%       3  11171
  40069881  1.47357E-04      .002780      8 14524082     72   94.70%       4  11171
  40079940  1.47357E-04      .002780      8 14528246     81   94.70%       4  11171
  40090031  1.47357E-04      .002780      8 14532889     92   94.70%       5  11181
  40100067  1.47357E-04      .002780      8 14536554     84   94.70%       3  11182
  40110119  1.47357E-04      .002780      8 14540518     83   94.70%       4  11182
 Trying to reduce tree memory usage by 9.3GB (current usage 23.3GB, limit 23.3GB)
 Tree size reducing:  111s elapsed,    0B/ 100MB saved
  40120141  1.47357E-04      .002779      8 14544258     91   94.70%       3  11302
 Tree size  reduced:  136s elapsed, 156MB/ 100MB saved
 Reduced tree memory usage by 156MB (wrote 95MB from 218729 nodes to global file)
  40130178  1.47357E-04      .002779      8 14547309     62   94.70%       4  11319
  40140188  1.47357E-04      .002779      8 14551426     73   94.70%       3  11319
  40150261  1.47357E-04      .002779      8 14555799     89   94.70%       6  11320
  40160357  1.47357E-04      .002779      8 14557718     95   94.70%       4  11320
  40170367  1.47357E-04      .002779      8 14560788     84   94.70%       3  11329
 Elapsed time (sec): 11339, estimated tree completion: 0.99999
 Heap usage: 25GB (peak 25GB, 5743KB system)
 B&B tree size: 33.4GB total
                23.2GB in memory
                6.3GB global file (storing 10.2GB tree data)
                446MB active node information
  
     Node     BestSoln    BestBound   Sols Active  Depth     Gap     GInf   Time
  40180391  1.47357E-04      .002778      8 14565072     78   94.70%       3  11339
  40190407  1.47357E-04      .002778      8 14569939     87   94.70%       3  11339
  40200410  1.47357E-04      .002778      8 14572562     74   94.70%       4  11340
  40210419  1.47357E-04      .002777      8 14575539     66   94.69%       4  11340
  40220502  1.47357E-04      .002777      8 14579556     83   94.69%       2  11356
  40230579  1.47357E-04      .002777      8 14583332     89   94.69%       2  11357
  40240632  1.47357E-04      .002776      8 14588504     74   94.69%       2  11357
  40250635  1.47357E-04      .002776      8 14591611     60   94.69%       4  11358
  40260683  1.47357E-04      .002776      8 14593613     90   94.69%       2  11358
  40270762  1.47357E-04      .002776      8 14598998     55   94.69%       3  11374
  40280797  1.47357E-04      .002776      8 14601418     54   94.69%       3  11375
  40290852  1.47357E-04      .002776      8 14604078     90   94.69%       3  11375
  40300897  1.47357E-04      .002775      8 14610548     83   94.69%       4  11375
  40310931  1.47357E-04      .002775      8 14612316     76   94.69%       3  11386
  40320961  1.47357E-04      .002775      8 14617400     92   94.69%       4  11395
 Trying to reduce tree memory usage by 9.3GB (current usage 23.3GB, limit 23.3GB)
 Tree size reducing:  105s elapsed,    0B/ 100MB saved
  40331001  1.47357E-04      .002775      8 14620497     53   94.69%       3  11508
  40341045  1.47357E-04      .002774      8 14624848     71   94.69%       2  11509
  40351056  1.47357E-04      .002774      8 14627343     84   94.69%       2  11510
 Tree size  reduced:  129s elapsed, 157MB/ 100MB saved
 Reduced tree memory usage by 157MB (wrote 96MB from 219279 nodes to global file)
  40361105  1.47357E-04      .002774      8 14630598     95   94.69%       2  11524
  40371140  1.47357E-04      .002774      8 14634427     63   94.69%       4  11532
 Elapsed time (sec): 11532, estimated tree completion: 0.99999
 Heap usage: 25GB (peak 25GB, 5743KB system)
 B&B tree size: 33.6GB total
                23.2GB in memory
                6.4GB global file (storing 10.3GB tree data)
                448MB active node information
  
     Node     BestSoln    BestBound   Sols Active  Depth     Gap     GInf   Time
  40381147  1.47357E-04      .002774      8 14639867     88   94.69%       2  11532
  40391192  1.47357E-04      .002773      8 14644101     64   94.69%       2  11533
  40401200  1.47357E-04      .002773      8 14646667     70   94.69%       3  11533
  40411207  1.47357E-04      .002773      8 14650415     89   94.69%       3  11542
  40421265  1.47357E-04      .002773      8 14654861     94   94.69%       3  11549
  40431307  1.47357E-04      .002773      8 14658607     84   94.69%       3  11550
  40441347  1.47357E-04      .002772      8 14662409     75   94.69%       3  11550
  40451418  1.47357E-04      .002772      8 14665387     88   94.69%       3  11550
  40461456  1.47357E-04      .002772      8 14671293     94   94.68%       4  11560
  40471467  1.47357E-04      .002772      8 14674724     87   94.68%       2  11568
  40481494  1.47357E-04      .002772      8 14678489     90   94.68%       6  11568
  40491520  1.47357E-04      .002771      8 14682113     87   94.68%       2  11569
  40501542  1.47357E-04      .002771      8 14685746     86   94.68%       3  11569
  40511603  1.47357E-04      .002771      8 14688887     90   94.68%       4  11579
  40521618  1.47357E-04      .002771      8 14693430     69   94.68%       3  11579
 Trying to reduce tree memory usage by 9.3GB (current usage 23.3GB, limit 23.3GB)
 Tree size reducing:  106s elapsed,    0B/ 100MB saved
  40531647  1.47357E-04      .002771      8 14697862     89   94.68%       3  11694
 Tree size  reduced:  130s elapsed, 159MB/ 100MB saved
 Reduced tree memory usage by 159MB (wrote 97MB from 222185 nodes to global file)
  40541698  1.47357E-04      .002770      8 14701734     94   94.68%       2  11709
  40551716  1.47357E-04      .002770      8 14704272     80   94.68%       3  11717
  40561763  1.47357E-04      .002770      8 14708359     85   94.68%       3  11718
  40571812  1.47357E-04      .002770      8 14712549     78   94.68%       3  11718
 Elapsed time (sec): 11719, estimated tree completion: 0.99999
 Heap usage: 25GB (peak 25GB, 5743KB system)
 B&B tree size: 33.7GB total
                23.2GB in memory
                6.5GB global file (storing 10.5GB tree data)
                451MB active node information
  
     Node     BestSoln    BestBound   Sols Active  Depth     Gap     GInf   Time
  40581857  1.47357E-04      .002769      8 14717146     89   94.68%       3  11719
  40591875  1.47357E-04      .002769      8 14719202     79   94.68%       3  11719
  40601926  1.47357E-04      .002769      8 14723269     72   94.68%       3  11735
  40611961  1.47357E-04      .002769      8 14726869     91   94.68%       4  11736
  40621976  1.47357E-04      .002768      8 14731635     61   94.68%       2  11736
  40632050  1.47357E-04      .002768      8 14735791     91   94.68%       2  11737
  40642147  1.47357E-04      .002768      8 14739203     90   94.68%       5  11746
  40652174  1.47357E-04      .002768      8 14742702     72   94.68%       3  11755
  40662235  1.47357E-04      .002768      8 14746608     66   94.68%       4  11755
  40672271  1.47357E-04      .002767      8 14750734     80   94.68%       2  11755
  40682292  1.47357E-04      .002767      8 14754224     88   94.68%       2  11756
  40692318  1.47357E-04      .002767      8 14757153     85   94.68%       3  11765
  40702369  1.47357E-04      .002767      8 14760173     95   94.68%       3  11772
  40712406  1.47357E-04      .002767      8 14764877     60   94.68%       2  11773
  40722430  1.47357E-04      .002767      8 14769451     84   94.68%       4  11773
  40732512  1.47357E-04      .002767      8 14772061     64   94.68%       3  11774
 Trying to reduce tree memory usage by 9.3GB (current usage 23.3GB, limit 23.3GB)
 Tree size reducing:  110s elapsed,    0B/ 100MB saved
  40742556  1.47357E-04      .002766      8 14775571     95   94.67%       3  11891
  40752571  1.47357E-04      .002766      8 14779778     93   94.67%       3  11893
 Tree size  reduced:  134s elapsed, 157MB/ 100MB saved
 Reduced tree memory usage by 157MB (wrote 96MB from 221193 nodes to global file)
  40762609  1.47357E-04      .002766      8 14783520     61   94.67%       4  11909
  40772627  1.47357E-04      .002766      8 14788484     88   94.67%       3  11909
 Elapsed time (sec): 11918, estimated tree completion: 0.99999
 Heap usage: 25GB (peak 25GB, 5743KB system)
 B&B tree size: 33.9GB total
                23.2GB in memory
                6.6GB global file (storing 10.7GB tree data)
                453MB active node information
  
     Node     BestSoln    BestBound   Sols Active  Depth     Gap     GInf   Time
  40782674  1.47357E-04      .002766      8 14792422     89   94.67%       2  11918
  40792710  1.47357E-04      .002765      8 14795427     84   94.67%       2  11919
  40802722  1.47357E-04      .002765      8 14798231     87   94.67%       4  11919
  40812767  1.47357E-04      .002765      8 14802667     94   94.67%       3  11928
  40822892  1.47357E-04      .002765      8 14808020     88   94.67%       6  11928
  40832968  1.47357E-04      .002764      8 14811249     95   94.67%       4  11938
  40843046  1.47357E-04      .002764      8 14814866     88   94.67%       3  11938
  40853080  1.47357E-04      .002764      8 14818366     80   94.67%       4  11946
  40863089  1.47357E-04      .002764      8 14822541     86   94.67%       3  11946
  40873100  1.47357E-04      .002764      8 14827467     62   94.67%       4  11947
  40883129  1.47357E-04      .002764      8 14829861     71   94.67%       3  11956
  40893140  1.47357E-04      .002764      8 14833218     87   94.67%       4  11956
  40903151  1.47357E-04      .002764      8 14836843     78   94.67%       4  11956
  40913190  1.47357E-04      .002763      8 14842123     72   94.67%       2  11964
  40923213  1.47357E-04      .002762      8 14846074     66   94.67%       3  11973
  40933246  1.47357E-04      .002762      8 14849334     93   94.67%       3  11974
 Trying to reduce tree memory usage by 9.3GB (current usage 23.3GB, limit 23.3GB)
 Tree size reducing:  106s elapsed,    0B/ 100MB saved
  40943308  1.47357E-04      .002762      8 14852437     74   94.67%       4  12087
 Tree size  reduced:  131s elapsed, 155MB/ 100MB saved
 Reduced tree memory usage by 155MB (wrote 95MB from 218609 nodes to global file)
  40953310  1.47357E-04      .002762      8 14856339     77   94.67%       3  12105
  40963360  1.47357E-04      .002762      8 14860819     58   94.67%       3  12106
  40973373  1.47357E-04      .002762      8 14865423     85   94.66%       4  12116
 Elapsed time (sec): 12116, estimated tree completion: 0.99999
 Heap usage: 25GB (peak 25GB, 5743KB system)
 B&B tree size: 34.0GB total
                23.2GB in memory
                6.6GB global file (storing 10.8GB tree data)
                455MB active node information
  
     Node     BestSoln    BestBound   Sols Active  Depth     Gap     GInf   Time
  40983381  1.47357E-04      .002762      8 14868447     76   94.66%       3  12116
  40993431  1.47357E-04      .002762      8 14871303     94   94.66%       2  12117
  41003481  1.47357E-04      .002761      8 14874871     89   94.66%       3  12117
  41013532  1.47357E-04      .002761      8 14880280     70   94.66%       2  12117
  41023549  1.47357E-04      .002760      8 14883937     73   94.66%       2  12135
  41033595  1.47357E-04      .002760      8 14887475     79   94.66%       3  12135
  41043682  1.47357E-04      .002760      8 14890930     91   94.66%       3  12135
  41053691  1.47357E-04      .002760      8 14896361     88   94.66%       5  12136
  41063699  1.47357E-04      .002760      8 14899035     95   94.66%       3  12136
  41073753  1.47357E-04      .002759      8 14902025     68   94.66%       4  12147
  41083772  1.47357E-04      .002759      8 14905534     93   94.66%       4  12147
  41093773  1.47357E-04      .002759      8 14909491     49   94.66%       4  12155
  41103831  1.47357E-04      .002759      8 14914333     89   94.66%       3  12156
  41113865  1.47357E-04      .002759      8 14919011     91   94.66%       3  12165
  41123892  1.47357E-04      .002758      8 14921947     86   94.66%       3  12166
  41133900  1.47357E-04      .002758      8 14924543     85   94.66%       4  12166
 Trying to reduce tree memory usage by 9.3GB (current usage 23.3GB, limit 23.3GB)
 Tree size reducing:  120s elapsed,    0B/ 100MB saved
  41143900  1.47357E-04      .002758      8 14928746     67   94.66%       3  12294
  41153943  1.47357E-04      .002758      8 14933434     89   94.66%       4  12296
 Tree size  reduced:  145s elapsed, 156MB/ 100MB saved
 Reduced tree memory usage by 156MB (wrote 96MB from 219753 nodes to global file)
  41163973  1.47357E-04      .002757      8 14936980     59   94.66%       3  12311
  41174002  1.47357E-04      .002757      8 14940129     87   94.66%       3  12312
 Elapsed time (sec): 12312, estimated tree completion: 0.99999
 Heap usage: 25GB (peak 25GB, 5743KB system)
 B&B tree size: 34.2GB total
                23.2GB in memory
                6.7GB global file (storing 11.0GB tree data)
                458MB active node information
  
     Node     BestSoln    BestBound   Sols Active  Depth     Gap     GInf   Time
  41184018  1.47357E-04      .002757      8 14943869     52   94.66%       2  12312
  41194032  1.47357E-04      .002757      8 14947123     92   94.66%       3  12320
  41204144  1.47357E-04      .002757      8 14951707     99   94.66%       2  12320
  41214167  1.47357E-04      .002757      8 14956098     82   94.65%       5  12330
  41224230  1.47357E-04      .002756      8 14959905     87   94.65%       3  12331
  41234233  1.47357E-04      .002756      8 14963355     90   94.65%       3  12331
  41244300  1.47357E-04      .002756      8 14966627     87   94.65%       4  12332
  41254311  1.47357E-04      .002756      8 14970758     61   94.65%       3  12340
  41264330  1.47357E-04      .002755      8 14976100     51   94.65%       4  12350
  41274416  1.47357E-04      .002755      8 14979629     87   94.65%       4  12351
  41284510  1.47357E-04      .002755      8 14981951     92   94.65%       4  12351
  41294545  1.47357E-04      .002755      8 14985165     91   94.65%       3  12351
  41304567  1.47357E-04      .002755      8 14990256     78   94.65%       2  12360
 ?262 Warning: Unable to remove shift infeasibilities of 1.21698e-6
  41314610  1.47357E-04      .002755      8 14994904     74   94.65%       3  12369
  41324630  1.47357E-04      .002755      8 14999033     55   94.65%       2  12369
  41334646  1.47357E-04      .002754      8 15002848     88   94.65%       4  12370
 Trying to reduce tree memory usage by 9.3GB (current usage 23.3GB, limit 23.3GB)
 Tree size reducing:  105s elapsed,    0B/ 100MB saved
  41344736  1.47357E-04      .002754      8 15006430     89   94.65%       3  12479
  41354764  1.47357E-04      .002754      8 15010803     70   94.65%       3  12482
 Tree size  reduced:  130s elapsed, 157MB/ 100MB saved
 Reduced tree memory usage by 157MB (wrote 96MB from 219967 nodes to global file)
  41364791  1.47357E-04      .002753      8 15015431     75   94.65%       3  12505
  41374834  1.47357E-04      .002753      8 15018487     54   94.65%       2  12506
 Elapsed time (sec): 12506, estimated tree completion: 0.99999
 Heap usage: 25GB (peak 25GB, 5743KB system)
 B&B tree size: 34.3GB total
                23.2GB in memory
                6.8GB global file (storing 11.1GB tree data)
                460MB active node information
  
     Node     BestSoln    BestBound   Sols Active  Depth     Gap     GInf   Time
  41384875  1.47357E-04      .002753      8 15021337     83   94.65%       3  12506
  41394895  1.47357E-04      .002753      8 15024976     85   94.65%       2  12506
  41404952  1.47357E-04      .002753      8 15029793     82   94.65%       2  12513
  41414976  1.47357E-04      .002752      8 15033098     91   94.65%       6  12514
  41424997  1.47357E-04      .002752      8 15036762     62   94.65%       2  12519
  41435006  1.47357E-04      .002752      8 15040403     64   94.65%       3  12520
  41445059  1.47357E-04      .002752      8 15043500     89   94.65%       5  12520
  41455115  1.47357E-04      .002751      8 15048273     89   94.64%       3  12527
  41465129  1.47357E-04      .002751      8 15051749     71   94.64%       4  12527
  41475166  1.47357E-04      .002751      8 15054749     79   94.64%       4  12528
  41485169  1.47357E-04      .002751      8 15059482     55   94.64%       4  12533
  41495180  1.47357E-04      .002751      8 15063805     76   94.64%       4  12534
  41505242  1.47357E-04      .002750      8 15068141     86   94.64%       3  12540
  41515296  1.47357E-04      .002750      8 15071023     86   94.64%       5  12541
  41525351  1.47357E-04      .002750      8 15073920     87   94.64%       2  12541
  41535420  1.47357E-04      .002750      8 15077658     83   94.64%       3  12550
 Trying to reduce tree memory usage by 9.3GB (current usage 23.3GB, limit 23.3GB)
  41545473  1.47357E-04      .002750      8 15082492     84   94.64%       3  12561
 Tree size reducing:  103s elapsed,    0B/ 100MB saved
  41555496  1.47357E-04      .002750      8 15086800     88   94.64%       3  12673
  41565544  1.47357E-04      .002749      8 15091061     90   94.64%       3  12674
  41575556  1.47357E-04      .002749      8 15093991     55   94.64%       3  12675
 Elapsed time (sec): 12676, estimated tree completion: 0.99999
 Heap usage: 25GB (peak 25GB, 7746KB system)
 B&B tree size: 34.5GB total
                23.2GB in memory
                6.9GB global file (storing 11.3GB tree data)
                462MB active node information
  
     Node     BestSoln    BestBound   Sols Active  Depth     Gap     GInf   Time
  41585557  1.47357E-04      .002749      8 15096715     61   94.64%       4  12676
 Tree size  reduced:  129s elapsed, 158MB/ 100MB saved
 Reduced tree memory usage by 158MB (wrote 96MB from 220066 nodes to global file)
  41595584  1.47357E-04      .002749      8 15099867     64   94.64%       3  12702
  41605625  1.47357E-04      .002749      8 15106283     60   94.64%       4  12703
  41615723  1.47357E-04      .002748      8 15109549     92   94.64%       2  12703
  41625738  1.47357E-04      .002748      8 15111896     50   94.64%       4  12703
  41635786  1.47357E-04      .002748      8 15115684     89   94.64%       2  12704
  41645792  1.47357E-04      .002748      8 15120083     89   94.64%       3  12723
  41655827  1.47357E-04      .002748      8 15124901     62   94.64%       3  12723
  41665887  1.47357E-04      .002748      8 15130256     79   94.64%       3  12724
  41675934  1.47357E-04      .002747      8 15132494     88   94.64%       2  12724
  41685985  1.47357E-04      .002747      8 15135600     86   94.64%       3  12724
  41696037  1.47357E-04      .002747      8 15139952     66   94.64%       4  12743
  41706057  1.47357E-04      .002747      8 15144430     67   94.64%       3  12744
  41716079  1.47357E-04      .002747      8 15147509     59   94.64%       3  12744
  41726146  1.47357E-04      .002747      8 15149520     54   94.64%       2  12745
  41736151  1.47357E-04      .002746      8 15154341     93   94.63%       3  12756
  41746189  1.47357E-04      .002746      8 15159123     87   94.63%       3  12765
 Trying to reduce tree memory usage by 9.3GB (current usage 23.3GB, limit 23.3GB)
 Tree size reducing:  118s elapsed,    0B/ 100MB saved
  41756219  1.47357E-04      .002746      8 15162113     76   94.63%       4  12888
  41766280  1.47357E-04      .002746      8 15164791     63   94.63%       2  12891
  41776288  1.47357E-04      .002745      8 15169895     47   94.63%       2  12892
 Tree size  reduced:  143s elapsed, 154MB/ 100MB saved
 Reduced tree memory usage by 154MB (wrote 95MB from 217726 nodes to global file)
 Elapsed time (sec): 12908, estimated tree completion: 0.99999
 Heap usage: 25GB (peak 25GB, 5743KB system)
 B&B tree size: 34.6GB total
                23.2GB in memory
                7.0GB global file (storing 11.4GB tree data)
                465MB active node information
  
     Node     BestSoln    BestBound   Sols Active  Depth     Gap     GInf   Time
  41786316  1.47357E-04      .002745      8 15174051     68   94.63%       2  12908
  41796346  1.47357E-04      .002745      8 15177018     81   94.63%       3  12918
  41806346  1.47357E-04      .002745      8 15180572     83   94.63%       3  12919
  41816456  1.47357E-04      .002744      8 15185399     89   94.63%       3  12919
  41826475  1.47357E-04      .002744      8 15187226     65   94.63%       3  12919
  41836526  1.47357E-04      .002744      8 15192723     93   94.63%       4  12929
  41846595  1.47357E-04      .002744      8 15196230     94   94.63%       4  12938
  41856645  1.47357E-04      .002744      8 15200885     93   94.63%       3  12938
  41866675  1.47357E-04      .002743      8 15204432     91   94.63%       3  12939
  41876748  1.47357E-04      .002743      8 15207831     91   94.63%       5  12939
  41886819  1.47357E-04      .002743      8 15210638     64   94.63%       2  12949
  41896853  1.47357E-04      .002743      8 15215553     84   94.63%       3  12958
  41906854  1.47357E-04      .002743      8 15219776     85   94.63%       2  12958
  41916884  1.47357E-04      .002743      8 15223671     79   94.63%       2  12959
  41926951  1.47357E-04      .002742      8 15228638     70   94.63%       3  12959
  41936974  1.47357E-04      .002742      8 15231778     89   94.63%       3  12970
  41947061  1.47357E-04      .002742      8 15235474     73   94.63%       3  12970
 Trying to reduce tree memory usage by 9.3GB (current usage 23.3GB, limit 23.3GB)
 Tree size reducing:  110s elapsed,    0B/ 100MB saved
  41957068  1.47357E-04      .002742      8 15240007     53   94.63%       2  13093
  41967131  1.47357E-04      .002741      8 15243573     88   94.62%       2  13097
  41977142  1.47357E-04      .002741      8 15246470     85   94.62%       3  13098
 Tree size  reduced:  136s elapsed, 156MB/ 100MB saved
 Reduced tree memory usage by 156MB (wrote 96MB from 219103 nodes to global file)
 Elapsed time (sec): 13116, estimated tree completion: 0.99999
 Heap usage: 25GB (peak 25GB, 5743KB system)
 B&B tree size: 34.8GB total
                23.2GB in memory
                7.1GB global file (storing 11.6GB tree data)
                467MB active node information
  
     Node     BestSoln    BestBound   Sols Active  Depth     Gap     GInf   Time
  41987173  1.47357E-04      .002741      8 15250378     69   94.62%       4  13116
  41997208  1.47357E-04      .002741      8 15255010     90   94.62%       5  13116
  42007210  1.47357E-04      .002741      8 15258063     62   94.62%       3  13124
  42017241  1.47357E-04      .002741      8 15263392     64   94.62%       2  13124
  42027303  1.47357E-04      .002740      8 15267367     81   94.62%       3  13134
  42037355  1.47357E-04      .002740      8 15269714     65   94.62%       3  13135
  42047393  1.47357E-04      .002740      8 15272652     76   94.62%       3  13135
  42057416  1.47357E-04      .002740      8 15276837     81   94.62%       3  13143
  42067469  1.47357E-04      .002740      8 15281483     88   94.62%       3  13143
  42077469  1.47357E-04      .002740      8 15286503     60   94.62%       4  13152
  42087519  1.47357E-04      .002739      8 15289151     67   94.62%       3  13153
  42097559  1.47357E-04      .002739      8 15292603     93   94.62%       5  13153
  42107637  1.47357E-04      .002739      8 15296029     81   94.62%       3  13161
  42117717  1.47357E-04      .002739      8 15300360     88   94.62%       4  13161
  42127781  1.47357E-04      .002739      8 15304976     86   94.62%       2  13171
  42137799  1.47357E-04      .002739      8 15308403     87   94.62%       3  13171
  42147808  1.47357E-04      .002739      8 15312123     55   94.62%       3  13171
 Trying to reduce tree memory usage by 9.3GB (current usage 23.3GB, limit 23.3GB)
  42157813  1.47357E-04      .002739      8 15315835     93   94.62%       3  13191
 Tree size reducing:  123s elapsed,    0B/ 100MB saved
  42167874  1.47357E-04      .002739      8 15319086     54   94.62%       4  13304
 Tree size  reduced:  151s elapsed, 156MB/ 100MB saved
 Reduced tree memory usage by 156MB (wrote 95MB from 217987 nodes to global file)
  42177894  1.47357E-04      .002738      8 15323154     64   94.62%       2  13323
 Elapsed time (sec): 13324, estimated tree completion: 0.99999
 Heap usage: 25GB (peak 25GB, 5743KB system)
 B&B tree size: 34.9GB total
                23.2GB in memory
                7.2GB global file (storing 11.7GB tree data)
                469MB active node information
  
     Node     BestSoln    BestBound   Sols Active  Depth     Gap     GInf   Time
  42187897  1.47357E-04      .002737      8 15327623     91   94.62%       4  13324
  42197916  1.47357E-04      .002737      8 15330408     66   94.62%       2  13324
  42208020  1.47357E-04      .002737      8 15333842     88   94.62%       5  13333
  42218023  1.47357E-04      .002737      8 15338549     80   94.62%       3  13334
  42228057  1.47357E-04      .002737      8 15342719     86   94.62%       4  13344
  42238100  1.47357E-04      .002737      8 15345875     84   94.62%       5  13345
  42248102  1.47357E-04      .002736      8 15350105     79   94.62%       4  13345
  42258132  1.47357E-04      .002736      8 15353472     72   94.61%       3  13354
  42268135  1.47357E-04      .002736      8 15357650     83   94.61%       3  13363
  42278156  1.47357E-04      .002736      8 15361005     86   94.61%       2  13363
  42288206  1.47357E-04      .002735      8 15364601     83   94.61%       3  13364
  42298269  1.47357E-04      .002735      8 15368191     88   94.61%       3  13364
  42308272  1.47357E-04      .002735      8 15372532     68   94.61%       3  13373
  42318275  1.47357E-04      .002735      8 15377474     92   94.61%       4  13382
  42328300  1.47357E-04      .002734      8 15380101     92   94.61%       4  13382
  42338319  1.47357E-04      .002734      8 15383493     86   94.61%       3  13383
  42348340  1.47357E-04      .002734      8 15387333     92   94.61%       3  13383
  42358385  1.47357E-04      .002734      8 15391829     90   94.61%       3  13392
 Trying to reduce tree memory usage by 9.3GB (current usage 23.3GB, limit 23.3GB)
 Tree size reducing:  125s elapsed,    0B/ 100MB saved
  42368422  1.47357E-04      .002734      8 15395467     90   94.61%       5  13525
  42378456  1.47357E-04      .002734      8 15398358     90   94.61%       3  13527
 Elapsed time (sec): 13529, estimated tree completion: 0.99999
 Heap usage: 25GB (peak 25GB, 8246KB system)
 B&B tree size: 35.1GB total
                23.2GB in memory
                7.3GB global file (storing 11.9GB tree data)
                472MB active node information
  
     Node     BestSoln    BestBound   Sols Active  Depth     Gap     GInf   Time
  42388471  1.47357E-04      .002734      8 15403102     61   94.61%       3  13529
  42398479  1.47357E-04      .002733      8 15405716     88   94.61%       3  13529
 Tree size  reduced:  152s elapsed, 155MB/ 100MB saved
 Reduced tree memory usage by 155MB (wrote 95MB from 218149 nodes to global file)
  42408515  1.47357E-04      .002733      8 15410260     94   94.61%       4  13545
  42418519  1.47357E-04      .002733      8 15415341     57   94.61%       3  13555
  42428639  1.47357E-04      .002733      8 15419201     93   94.61%       2  13556
  42438694  1.47357E-04      .002733      8 15422162     92   94.61%       5  13556
  42448739  1.47357E-04      .002732      8 15425669     94   94.61%       3  13557
  42458751  1.47357E-04      .002732      8 15430624     61   94.61%       3  13565
  42468779  1.47357E-04      .002732      8 15433599     62   94.61%       4  13575
  42478836  1.47357E-04      .002732      8 15437971     88   94.61%       2  13575
  42488923  1.47357E-04      .002731      8 15442128     69   94.61%       2  13576
  42498962  1.47357E-04      .002731      8 15445884     76   94.61%       3  13576
  42509014  1.47357E-04      .002731      8 15448906     93   94.61%       4  13586
  42519044  1.47357E-04      .002731      8 15452199     65   94.61%       4  13595
  42529096  1.47357E-04      .002731      8 15456414     69   94.60%       4  13596
  42539120  1.47357E-04      .002731      8 15459370     54   94.60%       4  13596
  42549139  1.47357E-04      .002731      8 15463042     85   94.60%       2  13597
  42559139  1.47357E-04      .002731      8 15467734     82   94.60%       3  13597
 Trying to reduce tree memory usage by 9.3GB (current usage 23.3GB, limit 23.3GB)
  42569156  1.47357E-04      .002730      8 15471943     55   94.60%       2  13627
 Tree size reducing:  118s elapsed,    0B/ 100MB saved
  42579165  1.47357E-04      .002730      8 15475764     71   94.60%       3  13741
 Elapsed time (sec): 13744, estimated tree completion: 0.99999
 Heap usage: 25GB (peak 25GB, 9747KB system)
 B&B tree size: 35.2GB total
                23.2GB in memory
                7.4GB global file (storing 12.0GB tree data)
                474MB active node information
  
     Node     BestSoln    BestBound   Sols Active  Depth     Gap     GInf   Time
  42589201  1.47357E-04      .002729      8 15478129     50   94.60%       3  13744
  42599216  1.47357E-04      .002729      8 15483265     77   94.60%       3  13746
 Tree size  reduced:  148s elapsed, 154MB/ 100MB saved
 Reduced tree memory usage by 154MB (wrote 94MB from 216631 nodes to global file)
  42609267  1.47357E-04      .002729      8 15485931     66   94.60%       4  13764
  42619326  1.47357E-04      .002729      8 15491413     88   94.60%       2  13773
  42629327  1.47357E-04      .002728      8 15495666     61   94.60%       4  13773
  42639341  1.47357E-04      .002728      8 15498373     79   94.60%       3  13774
  42649376  1.47357E-04      .002728      8 15501648     91   94.60%       3  13774
  42659393  1.47357E-04      .002728      8 15505359     86   94.60%       3  13792
  42669407  1.47357E-04      .002728      8 15509027     65   94.60%       2  13793
  42679494  1.47357E-04      .002728      8 15513778     92   94.60%       4  13793
  42689580  1.47357E-04      .002728      8 15517095     96   94.60%       5  13794
  42699635  1.47357E-04      .002728      8 15519256     79   94.60%       4  13794
  42709711  1.47357E-04      .002727      8 15522858     85   94.60%       3  13813
  42719808  1.47357E-04      .002727      8 15528623     86   94.60%       4  13813
  42729833  1.47357E-04      .002726      8 15532016     90   94.60%       5  13813
  42739836  1.47357E-04      .002726      8 15536803     66   94.60%       3  13814
  42749868  1.47357E-04      .002726      8 15540537     90   94.60%       3  13823
  42759875  1.47357E-04      .002726      8 15542941     78   94.60%       3  13832
  42769902  1.47357E-04      .002726      8 15548084     64   94.59%       2  13833
 Trying to reduce tree memory usage by 9.3GB (current usage 23.3GB, limit 23.3GB)
 Tree size reducing:  116s elapsed,    0B/ 100MB saved
  42779950  1.47357E-04      .002726      8 15550780     94   94.59%       3  13957
 Elapsed time (sec): 13960, estimated tree completion: 0.99999
 Heap usage: 25GB (peak 25GB, 9247KB system)
 B&B tree size: 35.4GB total
                23.2GB in memory
                7.5GB global file (storing 12.1GB tree data)
                476MB active node information
  
     Node     BestSoln    BestBound   Sols Active  Depth     Gap     GInf   Time
  42789993  1.47357E-04      .002725      8 15554574     74   94.59%       4  13960
 Tree size  reduced:  145s elapsed, 155MB/ 100MB saved
 Reduced tree memory usage by 155MB (wrote 95MB from 215689 nodes to global file)
  42800089  1.47357E-04      .002725      8 15557480     88   94.59%       2  13978
  42810090  1.47357E-04      .002725      8 15560815     82   94.59%       3  13987
  42820111  1.47357E-04      .002725      8 15565403     59   94.59%       2  13988
  42830124  1.47357E-04      .002725      8 15569557     85   94.59%       3  13988
  42840162  1.47357E-04      .002724      8 15572382     83   94.59%       3  13999
  42850242  1.47357E-04      .002724      8 15576337     78   94.59%       5  13999
  42860292  1.47357E-04      .002724      8 15580359     66   94.59%       4  14007
  42870321  1.47357E-04      .002724      8 15584568     84   94.59%       3  14008
  42880323  1.47357E-04      .002724      8 15588123     66   94.59%       2  14008
  42890339  1.47357E-04      .002724      8 15591936     89   94.59%       2  14018
  42900343  1.47357E-04      .002723      8 15596079     78   94.59%       2  14018
  42910375  1.47357E-04      .002723      8 15598986     82   94.59%       4  14026
  42920471  1.47357E-04      .002723      8 15601762     95   94.59%       2  14026
  42930519  1.47357E-04      .002723      8 15606336     86   94.59%       4  14037
  42940537  1.47357E-04      .002723      8 15610294     85   94.59%       3  14037
  42950647  1.47357E-04      .002722      8 15612917     96   94.59%       3  14038
  42960672  1.47357E-04      .002722      8 15617094     81   94.59%       4  14046
  42970716  1.47357E-04      .002722      8 15621863     86   94.59%       3  14046
  42980762  1.47357E-04      .002722      8 15626142     77   94.59%       3  14056
 Trying to reduce tree memory usage by 9.3GB (current usage 23.3GB, limit 23.3GB)
 Tree size reducing:  117s elapsed,    0B/ 100MB saved
 Elapsed time (sec): 14179, estimated tree completion: 0.99999
 Heap usage: 25GB (peak 25GB, 9997KB system)
 B&B tree size: 35.5GB total
                23.2GB in memory
                7.6GB global file (storing 12.3GB tree data)
                479MB active node information
  
     Node     BestSoln    BestBound   Sols Active  Depth     Gap     GInf   Time
  42990811  1.47357E-04      .002722      8 15628609     82   94.59%       3  14179
  43000900  1.47357E-04      .002722      8 15630811     92   94.59%       3  14181
 Tree size  reduced:  144s elapsed, 158MB/ 100MB saved
 Reduced tree memory usage by 158MB (wrote 96MB from 220373 nodes to global file)
  43010906  1.47357E-04      .002721      8 15634720     92   94.59%       2  14200
  43020915  1.47357E-04      .002721      8 15639733     48   94.59%       3  14200
  43030968  1.47357E-04      .002721      8 15643839     90   94.58%       3  14210
  43041019  1.47357E-04      .002720      8 15645820     90   94.58%       3  14211
  43051064  1.47357E-04      .002720      8 15649741     70   94.58%       2  14211
  43061083  1.47357E-04      .002720      8 15654116     77   94.58%       5  14220
  43071083  1.47357E-04      .002720      8 15658050     54   94.58%       3  14221
  43081128  1.47357E-04      .002719      8 15662911     92   94.58%       2  14230
  43091144  1.47357E-04      .002719      8 15666347     85   94.58%       4  14230
  43101191  1.47357E-04      .002719      8 15669444     88   94.58%       3  14231
  43111271  1.47357E-04      .002719      8 15674774     95   94.58%       4  14231
  43121321  1.47357E-04      .002719      8 15676898     86   94.58%       3  14239
  43131325  1.47357E-04      .002718      8 15680846     81   94.58%       2  14249
  43141366  1.47357E-04      .002718      8 15685542     90   94.58%       4  14250
  43151393  1.47357E-04      .002718      8 15689196     86   94.58%       3  14250
  43161438  1.47357E-04      .002718      8 15691812     82   94.58%       3  14251
  43171487  1.47357E-04      .002718      8 15695946     91   94.58%       2  14268
  43181493  1.47357E-04      .002718      8 15699830     91   94.58%       5  14269
 Trying to reduce tree memory usage by 9.3GB (current usage 23.3GB, limit 23.3GB)
 Tree size reducing:  117s elapsed,    0B/ 100MB saved
 Elapsed time (sec): 14391, estimated tree completion: 0.99999
 Heap usage: 25GB (peak 25GB, 10MB system)
 B&B tree size: 35.7GB total
                23.2GB in memory
                7.6GB global file (storing 12.4GB tree data)
                481MB active node information
  
     Node     BestSoln    BestBound   Sols Active  Depth     Gap     GInf   Time
  43191537  1.47357E-04      .002717      8 15704240     90   94.58%       3  14392
  43201603  1.47357E-04      .002717      8 15706452     83   94.58%       3  14394
  43211647  1.47357E-04      .002717      8 15710849     88   94.58%       2  14396
 Tree size  reduced:  145s elapsed, 156MB/ 100MB saved
 Reduced tree memory usage by 156MB (wrote 96MB from 218693 nodes to global file)
  43221656  1.47357E-04      .002717      8 15714625     61   94.58%       2  14424
  43231720  1.47357E-04      .002717      8 15718281     78   94.58%       3  14424
  43241761  1.47357E-04      .002717      8 15722100     92   94.58%       2  14425
  43251797  1.47357E-04      .002716      8 15725407     87   94.58%       2  14425
  43261854  1.47357E-04      .002716      8 15729032     87   94.58%       3  14425
  43271863  1.47357E-04      .002716      8 15734077     82   94.58%       2  14442
  43281877  1.47357E-04      .002716      8 15738327     61   94.58%       2  14443
  43291935  1.47357E-04      .002716      8 15741699     87   94.57%       4  14443
  43301954  1.47357E-04      .002716      8 15744403     97   94.57%       3  14443
  43311989  1.47357E-04      .002716      8 15748940     64   94.57%       3  14452
  43322069  1.47357E-04      .002716      8 15753052     93   94.57%       3  14461
  43332097  1.47357E-04      .002715      8 15755753     84   94.57%       3  14462
  43342124  1.47357E-04      .002714      8 15759405     88   94.57%       5  14462
  43352139  1.47357E-04      .002714      8 15764623     82   94.57%       3  14463
  43362149  1.47357E-04      .002714      8 15767774     81   94.57%       4  14472
  43372218  1.47357E-04      .002714      8 15771443     71   94.57%       3  14473
  43382249  1.47357E-04      .002714      8 15775399     87   94.57%       2  14482
 Elapsed time (sec): 14483, estimated tree completion: 0.99999
 Heap usage: 25GB (peak 25GB, 5743KB system)
 B&B tree size: 35.8GB total
                23.3GB in memory
                7.7GB global file (storing 12.5GB tree data)
                483MB active node information
  
     Node     BestSoln    BestBound   Sols Active  Depth     Gap     GInf   Time
  43392305  1.47357E-04      .002713      8 15779540     75   94.57%       3  14483
 Trying to reduce tree memory usage by 9.3GB (current usage 23.3GB, limit 23.3GB)
 Tree size reducing:  116s elapsed,    0B/ 100MB saved
  43402320  1.47357E-04      .002713      8 15783655     94   94.57%       3  14607
 Tree size  reduced:  144s elapsed, 157MB/ 100MB saved
 Reduced tree memory usage by 157MB (wrote 96MB from 218102 nodes to global file)
  43412347  1.47357E-04      .002713      8 15786701     96   94.57%       5  14627
  43422395  1.47357E-04      .002713      8 15789707     85   94.57%       4  14627
  43432442  1.47357E-04      .002713      8 15793930     82   94.57%       3  14636
  43442488  1.47357E-04      .002713      8 15798234     97   94.57%       3  14647
  43452503  1.47357E-04      .002712      8 15801935     92   94.57%       6  14648
  43462557  1.47357E-04      .002712      8 15804403     79   94.57%       2  14648
  43472567  1.47357E-04      .002712      8 15807567     59   94.57%       2  14648
  43482573  1.47357E-04      .002712      8 15811023     89   94.57%       3  14657
  43492598  1.47357E-04      .002711      8 15815199     88   94.57%       3  14667
  43502598  1.47357E-04      .002711      8 15820238     88   94.57%       2  14667
  43512619  1.47357E-04      .002711      8 15823981     89   94.57%       5  14668
  43522715  1.47357E-04      .002711      8 15826505     93   94.57%       3  14668
  43532730  1.47357E-04      .002711      8 15831036     91   94.56%       4  14676
  43542793  1.47357E-04      .002711      8 15834074     95   94.56%       3  14685
  43552807  1.47357E-04      .002711      8 15838479     78   94.56%       2  14686
  43562818  1.47357E-04      .002711      8 15842575     63   94.56%       3  14686
  43572878  1.47357E-04      .002710      8 15846074     91   94.56%       3  14687
  43582922  1.47357E-04      .002710      8 15849774     86   94.56%       2  14697
 Elapsed time (sec): 14707, estimated tree completion: 0.99999
 Heap usage: 25GB (peak 25GB, 5743KB system)
 B&B tree size: 36.0GB total
                23.3GB in memory
                7.8GB global file (storing 12.6GB tree data)
                486MB active node information
  
     Node     BestSoln    BestBound   Sols Active  Depth     Gap     GInf   Time
  43592967  1.47357E-04      .002710      8 15853758     89   94.56%       4  14707
 Trying to reduce tree memory usage by 9.3GB (current usage 23.3GB, limit 23.3GB)
 Tree size reducing:  119s elapsed,    0B/ 100MB saved
  43603035  1.47357E-04      .002710      8 15857761     93   94.56%       4  14831
  43613074  1.47357E-04      .002709      8 15861820     82   94.56%       5  14833
  43623116  1.47357E-04      .002709      8 15865476     91   94.56%       3  14834
 Tree size  reduced:  145s elapsed, 157MB/ 100MB saved
 Reduced tree memory usage by 157MB (wrote 96MB from 219942 nodes to global file)
  43633148  1.47357E-04      .002709      8 15869012     49   94.56%       4  14861
  43643149  1.47357E-04      .002709      8 15874338     84   94.56%       4  14862
  43653163  1.47357E-04      .002709      8 15877196     62   94.56%       3  14862
  43663174  1.47357E-04      .002708      8 15880950     82   94.56%       3  14862
  43673211  1.47357E-04      .002708      8 15883718     74   94.56%       2  14863
  43683316  1.47357E-04      .002708      8 15887738     88   94.56%       4  14873
  43693336  1.47357E-04      .002708      8 15892583     81   94.56%       6  14882
  43703375  1.47357E-04      .002707      8 15896849     88   94.56%       3  14882
  43713381  1.47357E-04      .002707      8 15900679     65   94.56%       3  14883
  43723385  1.47357E-04      .002707      8 15904622     87   94.56%       3  14893
  43733438  1.47357E-04      .002707      8 15907083     87   94.56%       3  14894
  43743488  1.47357E-04      .002707      8 15910342     74   94.56%       3  14902
  43753526  1.47357E-04      .002707      8 15915235     88   94.56%       3  14902
  43763542  1.47357E-04      .002706      8 15919717     81   94.56%       2  14903
  43773573  1.47357E-04      .002706      8 15922429     88   94.56%       3  14912
  43783617  1.47357E-04      .002706      8 15926150     49   94.56%       3  14913
 Elapsed time (sec): 14913, estimated tree completion: 0.99999
 Heap usage: 25GB (peak 25GB, 5743KB system)
 B&B tree size: 36.1GB total
                23.3GB in memory
                7.9GB global file (storing 12.8GB tree data)
                488MB active node information
  
     Node     BestSoln    BestBound   Sols Active  Depth     Gap     GInf   Time
  43793631  1.47357E-04      .002706      8 15928307     89   94.56%       2  14913
  43803634  1.47357E-04      .002706      8 15934322     91   94.55%       2  14921
 Trying to reduce tree memory usage by 9.3GB (current usage 23.3GB, limit 23.3GB)
 Tree size reducing:  118s elapsed,    0B/ 100MB saved
  43813644  1.47357E-04      .002706      8 15938563     86   94.55%       3  15044
 Tree size  reduced:  144s elapsed, 156MB/ 100MB saved
 Reduced tree memory usage by 156MB (wrote 96MB from 219261 nodes to global file)
  43823693  1.47357E-04      .002705      8 15942645     54   94.55%       4  15065
  43833737  1.47357E-04      .002705      8 15945278     79   94.55%       3  15065
  43843772  1.47357E-04      .002705      8 15947592     77   94.55%       4  15065
  43853804  1.47357E-04      .002705      8 15952399     69   94.55%       3  15074
  43863833  1.47357E-04      .002705      8 15957924     70   94.55%       2  15074
  43873867  1.47357E-04      .002704      8 15960947     84   94.55%       3  15084
  43883923  1.47357E-04      .002704      8 15964381     92   94.55%       4  15084
  43893971  1.47357E-04      .002704      8 15967398     86   94.55%       3  15084
  43903993  1.47357E-04      .002704      8 15972226     77   94.55%       4  15093
  43914007  1.47357E-04      .002704      8 15975677     93   94.55%       3  15094
  43924026  1.47357E-04      .002704      8 15979844     91   94.55%       3  15104
  43934121  1.47357E-04      .002704      8 15983496     97   94.55%       3  15104
  43944127  1.47357E-04      .002704      8 15986334     75   94.55%       3  15105
  43954139  1.47357E-04      .002704      8 15989351     87   94.55%       5  15105
  43964217  1.47357E-04      .002704      8 15993640     84   94.55%       3  15114
  43974250  1.47357E-04      .002703      8 15998802     59   94.55%       3  15124
  43984298  1.47357E-04      .002702      8 16003165     80   94.55%       4  15124
 Elapsed time (sec): 15125, estimated tree completion: 0.99999
 Heap usage: 25GB (peak 25GB, 5743KB system)
 B&B tree size: 36.3GB total
                23.3GB in memory
                8.0GB global file (storing 12.9GB tree data)
                490MB active node information
  
     Node     BestSoln    BestBound   Sols Active  Depth     Gap     GInf   Time
  43994314  1.47357E-04      .002702      8 16005830     79   94.55%       3  15125
  44004398  1.47357E-04      .002702      8 16008706     84   94.55%       4  15125
 Trying to reduce tree memory usage by 9.3GB (current usage 23.3GB, limit 23.3GB)
 Tree size reducing:  120s elapsed,    0B/ 100MB saved
 Tree size  reduced:  147s elapsed, 156MB/ 100MB saved
 Reduced tree memory usage by 156MB (wrote 96MB from 218606 nodes to global file)
  44014465  1.47357E-04      .002702      8 16014075     90   94.55%       3  15272
  44024482  1.47357E-04      .002702      8 16018461     83   94.55%       3  15273
  44034522  1.47357E-04      .002701      8 16021631     64   94.55%       2  15273
  44044606  1.47357E-04      .002701      8 16026356     94   94.55%       4  15274
  44054665  1.47357E-04      .002701      8 16028504     68   94.55%       2  15274
  44064704  1.47357E-04      .002701      8 16033817     60   94.55%       3  15286
  44074705  1.47357E-04      .002701      8 16037513     91   94.55%       4  15286
  44084723  1.47357E-04      .002701      8 16040756     67   94.55%       3  15287
  44094771  1.47357E-04      .002701      8 16045067     87   94.54%       4  15287
  44104829  1.47357E-04      .002700      8 16048671     80   94.54%       3  15288
  44114904  1.47357E-04      .002700      8 16051748     81   94.54%       4  15294
  44124924  1.47357E-04      .002700      8 16056499     75   94.54%       2  15300
  44134980  1.47357E-04      .002700      8 16059749     75   94.54%       2  15300
  44145074  1.47357E-04      .002699      8 16064847     94   94.54%       3  15301
  44155082  1.47357E-04      .002699      8 16068340     64   94.54%       2  15310
  44165141  1.47357E-04      .002699      8 16072551     91   94.54%       4  15310
  44175166  1.47357E-04      .002699      8 16075666     93   94.54%       4  15319
  44185230  1.47357E-04      .002699      8 16078564     88   94.54%       3  15319
 Elapsed time (sec): 15319, estimated tree completion: 0.99999
 Heap usage: 25GB (peak 25GB, 5743KB system)
 B&B tree size: 36.4GB total
                23.3GB in memory
                8.1GB global file (storing 13.1GB tree data)
                493MB active node information
  
     Node     BestSoln    BestBound   Sols Active  Depth     Gap     GInf   Time
  44195244  1.47357E-04      .002699      8 16082278     87   94.54%       4  15319
  44205338  1.47357E-04      .002699      8 16087155     99   94.54%       5  15329
 Trying to reduce tree memory usage by 9.3GB (current usage 23.3GB, limit 23.3GB)
  44215344  1.47357E-04      .002699      8 16089744     55   94.54%       3  15340
 Tree size reducing:  119s elapsed,    0B/ 100MB saved
  44225355  1.47357E-04      .002698      8 16095296     61   94.54%       3  15455
 Tree size  reduced:  150s elapsed, 155MB/ 100MB saved
 Reduced tree memory usage by 155MB (wrote 95MB from 219046 nodes to global file)
  44235387  1.47357E-04      .002698      8 16099223     81   94.54%       3  15479
  44245441  1.47357E-04      .002698      8 16102491     85   94.54%       4  15480
  44255449  1.47357E-04      .002698      8 16106657     57   94.54%       2  15489
  44265462  1.47357E-04      .002698      8 16110074     60   94.54%       4  15489
  44275486  1.47357E-04      .002698      8 16113932     70   94.54%       2  15490
  44285511  1.47357E-04      .002698      8 16118705     97   94.54%       4  15499
  44295518  1.47357E-04      .002698      8 16122065     57   94.54%       2  15499
  44305520  1.47357E-04      .002697      8 16125822     52   94.54%       3  15508
  44315561  1.47357E-04      .002696      8 16128739     89   94.54%       3  15509
  44325619  1.47357E-04      .002696      8 16133015     76   94.54%       2  15509
  44335621  1.47357E-04      .002696      8 16137020     49   94.54%       2  15510
  44345641  1.47357E-04      .002696      8 16141753     93   94.53%       5  15518
  44355694  1.47357E-04      .002695      8 16145181     88   94.53%       3  15527
  44365735  1.47357E-04      .002695      8 16149841     82   94.53%       3  15527
  44375751  1.47357E-04      .002695      8 16152528     75   94.53%       3  15528
  44385760  1.47357E-04      .002695      8 16155952     53   94.53%       2  15528
 Elapsed time (sec): 15537, estimated tree completion: 0.99999
 Heap usage: 25GB (peak 25GB, 5743KB system)
 B&B tree size: 36.6GB total
                23.3GB in memory
                8.1GB global file (storing 13.2GB tree data)
                495MB active node information
  
     Node     BestSoln    BestBound   Sols Active  Depth     Gap     GInf   Time
  44395809  1.47357E-04      .002695      8 16160039     83   94.53%       3  15537
  44405848  1.47357E-04      .002695      8 16163677     84   94.53%       3  15547
  44415970  1.47357E-04      .002695      8 16168859     85   94.53%       3  15547
 Trying to reduce tree memory usage by 9.3GB (current usage 23.3GB, limit 23.3GB)
 Tree size reducing:  128s elapsed,    0B/ 100MB saved
  44426009  1.47357E-04      .002694      8 16171961     78   94.53%       3  15682
  44436108  1.47357E-04      .002694      8 16175097     94   94.53%       2  15683
 Tree size  reduced:  158s elapsed, 153MB/ 100MB saved
 Reduced tree memory usage by 153MB (wrote 94MB from 215568 nodes to global file)
  44446175  1.47357E-04      .002694      8 16179366     63   94.53%       3  15715
  44456227  1.47357E-04      .002694      8 16182931     86   94.53%       3  15716
  44466236  1.47357E-04      .002694      8 16188450     94   94.53%       4  15716
  44476286  1.47357E-04      .002693      8 16191276     91   94.53%       3  15717
  44486342  1.47357E-04      .002693      8 16193793     88   94.53%       2  15717
  44496370  1.47357E-04      .002693      8 16197278     81   94.53%       3  15728
  44506395  1.47357E-04      .002693      8 16202089     82   94.53%       2  15738
  44516419  1.47357E-04      .002693      8 16207013     86   94.53%       3  15738
  44526470  1.47357E-04      .002692      8 16209985     48   94.53%       4  15739
  44536477  1.47357E-04      .002692      8 16212025     53   94.53%       3  15739
  44546491  1.47357E-04      .002692      8 16217183     84   94.53%       2  15749
  44556504  1.47357E-04      .002692      8 16220300     73   94.53%       4  15757
  44566530  1.47357E-04      .002692      8 16224740     84   94.53%       3  15757
  44576539  1.47357E-04      .002692      8 16228155     70   94.53%       3  15758
  44586629  1.47357E-04      .002692      8 16232403     85   94.53%       3  15758
 Elapsed time (sec): 15769, estimated tree completion: 0.99999
 Heap usage: 25GB (peak 25GB, 5743KB system)
 B&B tree size: 36.7GB total
                23.3GB in memory
                8.2GB global file (storing 13.4GB tree data)
                497MB active node information
  
     Node     BestSoln    BestBound   Sols Active  Depth     Gap     GInf   Time
  44596670  1.47357E-04      .002691      8 16235861     82   94.53%       2  15769
  44606691  1.47357E-04      .002691      8 16239701     65   94.53%       3  15769
  44616733  1.47357E-04      .002691      8 16243480     81   94.53%       3  15779
 Trying to reduce tree memory usage by 9.3GB (current usage 23.3GB, limit 23.3GB)
 Tree size reducing:   92s elapsed,    0B/ 100MB saved
  44626738  1.47357E-04      .002691      8 16248030     80   94.53%       2  15877
 Tree size  reduced:  118s elapsed, 154MB/ 100MB saved
 Reduced tree memory usage by 154MB (wrote 94MB from 217120 nodes to global file)
  44636754  1.47357E-04      .002690      8 16252235     95   94.52%       4  15897
  44646828  1.47357E-04      .002690      8 16255430     79   94.52%       5  15897
  44656869  1.47357E-04      .002690      8 16258942     80   94.52%       4  15898
  44666871  1.47357E-04      .002690      8 16263860     86   94.52%       4  15898
  44676875  1.47357E-04      .002690      8 16267608     79   94.52%       3  15904
  44686902  1.47357E-04      .002690      8 16271812     81   94.52%       3  15911
  44696928  1.47357E-04      .002689      8 16275146     87   94.52%       3  15911
  44706935  1.47357E-04      .002689      8 16279394     88   94.52%       2  15912
  44716992  1.47357E-04      .002689      8 16282725     82   94.52%       3  15912
  44727030  1.47357E-04      .002689      8 16286164     86   94.52%       3  15918
  44737128  1.47357E-04      .002689      8 16290074     84   94.52%       2  15925
  44747135  1.47357E-04      .002688      8 16294954     80   94.52%       3  15925
  44757161  1.47357E-04      .002688      8 16298108     84   94.52%       2  15926
  44767210  1.47357E-04      .002688      8 16301025     87   94.52%       3  15926
  44777264  1.47357E-04      .002688      8 16304337     72   94.52%       2  15926
  44787275  1.47357E-04      .002688      8 16308523     77   94.52%       2  15938
 Elapsed time (sec): 15939, estimated tree completion: 0.99999
 Heap usage: 25GB (peak 25GB, 5743KB system)
 B&B tree size: 36.9GB total
                23.3GB in memory
                8.3GB global file (storing 13.6GB tree data)
                500MB active node information
  
     Node     BestSoln    BestBound   Sols Active  Depth     Gap     GInf   Time
  44797364  1.47357E-04      .002688      8 16312252     64   94.52%       4  15939
  44807365  1.47357E-04      .002688      8 16316279     77   94.52%       3  15939
  44817369  1.47357E-04      .002688      8 16318984     53   94.52%       2  15940
 Trying to reduce tree memory usage by 9.3GB (current usage 23.3GB, limit 23.3GB)
 Tree size reducing:   90s elapsed,    0B/ 100MB saved
  44827406  1.47357E-04      .002688      8 16322861     74   94.52%       3  16035
 Tree size  reduced:  117s elapsed, 156MB/ 100MB saved
 Reduced tree memory usage by 156MB (wrote 95MB from 218652 nodes to global file)
  44837407  1.47357E-04      .002688      8 16326904     68   94.52%       4  16064
  44847466  1.47357E-04      .002687      8 16329471     68   94.52%       2  16064
  44857472  1.47357E-04      .002687      8 16333964     57   94.52%       2  16064
  44867500  1.47357E-04      .002687      8 16337684     79   94.52%       2  16065
  44877553  1.47357E-04      .002686      8 16341058     88   94.51%       2  16065
  44887554  1.47357E-04      .002686      8 16344870     72   94.51%       2  16074
  44897554  1.47357E-04      .002686      8 16347974     84   94.51%       3  16080
  44907556  1.47357E-04      .002686      8 16352068     49   94.51%       2  16080
  44917666  1.47357E-04      .002686      8 16357140     93   94.51%       4  16081
  44927702  1.47357E-04      .002686      8 16359998     85   94.51%       3  16088
  44937726  1.47357E-04      .002686      8 16362111     84   94.51%       4  16088
  44947819  1.47357E-04      .002686      8 16365774     79   94.51%       4  16089
  44957877  1.47357E-04      .002685      8 16370873     92   94.51%       3  16096
  44967910  1.47357E-04      .002684      8 16375702     78   94.51%       3  16096
  44977975  1.47357E-04      .002684      8 16378726     88   94.51%       2  16105
  44988001  1.47357E-04      .002684      8 16381672     79   94.51%       4  16105
 Elapsed time (sec): 16106, estimated tree completion: 0.99999
 Heap usage: 25GB (peak 25GB, 5743KB system)
 B&B tree size: 37.0GB total
                23.3GB in memory
                8.4GB global file (storing 13.7GB tree data)
                502MB active node information
  
     Node     BestSoln    BestBound   Sols Active  Depth     Gap     GInf   Time
  44998087  1.47357E-04      .002684      8 16385389     90   94.51%       4  16106
  45008139  1.47357E-04      .002684      8 16389226     92   94.51%       4  16112
  45018147  1.47357E-04      .002684      8 16392909     84   94.51%       3  16113
  45028178  1.47357E-04      .002684      8 16398337     66   94.51%       4  16120
 Trying to reduce tree memory usage by 9.3GB (current usage 23.3GB, limit 23.3GB)
 Tree size reducing:   99s elapsed,    0B/ 100MB saved
 STOPPING - MAXTIME limit reached (TIMELIMIT=16200.00  time=16220.24).
 Tree size  reduced:  124s elapsed, 154MB/ 100MB saved
 Reduced tree memory usage by 154MB (wrote 94MB from 217299 nodes to global file)
 STOPPING - MAXTIME limit reached (TIMELIMIT=16200.00  time=16244.71).
  *** Search unfinished ***    Time: 16244.71 Nodes:   45031189
 Numerical issues encountered:
    Dual failures    :    290 out of  58293334 (ratio: 0.0000)
    Singular bases   :     10 out of  67003414 (ratio: 0.0000)
 Heap usage: 25GB (peak 25GB, 453KB system)
 Final MINLP bound                     : 2.683495600915409e-03
   Max primal violation      (abs/rel) : 9.900e-06 / 8.226e-07
   Max integer violation     (abs    ) :       0.0
   Number of solutions found / nodes   :         8 /  45031189
   Solution time / primaldual integral :  16244.74s/ 94.974181%
   Work / work units per second        :    271.20 /      0.02
