1/1 feasible solution given by solution candidate storage, new primal bound 6.210000e+01

presolving:
presolving (0 rounds: 0 fast, 0 medium, 0 exhaustive):
 0 deleted vars, 0 deleted constraints, 0 added constraints, 0 tightened bounds, 0 added holes, 0 changed sides, 0 changed coefficients
 0 implications, 0 cliques, 0 implied integral variables (0 bin, 0 int, 0 cont)
presolved problem has 451 variables (420 bin, 0 int, 31 cont) and 540 constraints
    540 constraints of type <linear>
Presolving Time: 0.00
transformed 1/1 original solutions to the transformed problem space

 time | node  | left  |LP iter|LP it/n|mem/heur|mdpt |vars |cons |rows |cuts |sepa|confs|strbr|  dualbound   | primalbound  |  gap   | compl. 
  0.0s|     1 |     0 |   158 |     - |  3880k |   0 | 451 | 540 | 540 |   0 |  0 |   0 |   0 | 3.200000e+01 | 6.210000e+01 |  94.06%| unknown
  0.0s|     1 |     2 |   159 |     - |  3964k |   0 | 451 | 540 | 540 |   0 |  0 |   0 |  40 | 3.200000e+01 | 6.210000e+01 |  94.06%| unknown
  0.1s|   100 |    87 |   543 |   3.9 |  4051k |  25 | 451 | 540 | 540 |   0 |  0 |   0 |  40 | 3.200000e+01 | 6.210000e+01 |  94.06%|   0.31%
  0.1s|   200 |   137 |   898 |   3.7 |  4147k |  51 | 451 | 540 | 540 |   0 |  0 |   0 |  40 | 3.200000e+01 | 6.210000e+01 |  94.06%|   0.31%
  0.2s|   300 |   211 |  1235 |   3.6 |  4178k |  51 | 451 | 540 | 540 |   0 |  0 |   0 |  40 | 3.200000e+01 | 6.210000e+01 |  94.06%|   0.31%
  0.2s|   400 |   275 |  1592 |   3.6 |  4258k |  51 | 451 | 540 | 540 |   0 |  0 |   0 |  40 | 3.200000e+01 | 6.210000e+01 |  94.06%|   0.31%
  0.2s|   500 |   329 |  1942 |   3.6 |  4319k |  51 | 451 | 540 | 540 |   0 |  0 |   0 |  40 | 3.200000e+01 | 6.210000e+01 |  94.06%|   0.31%
  0.3s|   600 |   383 |  2315 |   3.6 |  4430k |  51 | 451 | 540 | 540 |   0 |  0 |   0 |  40 | 3.200000e+01 | 6.210000e+01 |  94.06%|   0.31%
  0.3s|   700 |   431 |  2634 |   3.5 |  4495k |  51 | 451 | 540 | 540 |   0 |  0 |   0 |  40 | 3.200000e+01 | 6.210000e+01 |  94.06%|   0.31%
  0.3s|   800 |   471 |  2944 |   3.5 |  4512k |  51 | 451 | 540 | 540 |   0 |  0 |   0 |  40 | 3.200000e+01 | 6.210000e+01 |  94.06%|   0.31%
  0.4s|   900 |   519 |  3267 |   3.5 |  4670k |  51 | 451 | 540 | 540 |   0 |  0 |   0 |  40 | 3.200000e+01 | 6.210000e+01 |  94.06%|   0.31%
  0.4s|  1000 |   569 |  3584 |   3.4 |  4670k |  57 | 451 | 540 | 540 |   0 |  0 |   0 |  40 | 3.200000e+01 | 6.210000e+01 |  94.06%|   0.31%
  0.4s|  1100 |   615 |  3886 |   3.4 |  4670k |  57 | 451 | 540 | 540 |   0 |  0 |   0 |  40 | 3.200000e+01 | 6.210000e+01 |  94.06%|   0.31%
  0.5s|  1200 |   651 |  4212 |   3.4 |  4793k |  57 | 451 | 540 | 540 |   0 |  0 |   0 |  40 | 3.200000e+01 | 6.210000e+01 |  94.06%|   0.31%
  0.5s|  1300 |   689 |  4517 |   3.4 |  4793k |  57 | 451 | 540 | 540 |   0 |  0 |   0 |  40 | 3.200000e+01 | 6.210000e+01 |  94.06%|   0.31%
 time | node  | left  |LP iter|LP it/n|mem/heur|mdpt |vars |cons |rows |cuts |sepa|confs|strbr|  dualbound   | primalbound  |  gap   | compl. 
  0.5s|  1400 |   721 |  4904 |   3.4 |  4793k |  57 | 451 | 540 | 540 |   0 |  0 |   0 |  40 | 3.200000e+01 | 6.210000e+01 |  94.06%|   0.31%
  0.6s|  1500 |   755 |  5271 |   3.4 |  4794k |  57 | 451 | 540 | 540 |   0 |  0 |   0 |  40 | 3.200000e+01 | 6.210000e+01 |  94.06%|   0.31%
  0.6s|  1600 |   793 |  5616 |   3.4 |  4794k |  57 | 451 | 540 | 540 |   0 |  0 |   0 |  40 | 3.200000e+01 | 6.210000e+01 |  94.06%|   0.31%
  0.6s|  1700 |   829 |  5971 |   3.4 |  4925k |  57 | 451 | 540 | 540 |   0 |  0 |   0 |  40 | 3.200000e+01 | 6.210000e+01 |  94.06%|   0.31%
  0.7s|  1800 |   869 |  6277 |   3.4 |  4989k |  57 | 451 | 540 | 540 |   0 |  0 |   0 |  40 | 3.200000e+01 | 6.210000e+01 |  94.06%|   0.31%
  0.7s|  1900 |   895 |  6625 |   3.4 |  4989k |  57 | 451 | 540 | 540 |   0 |  0 |   0 |  40 | 3.200000e+01 | 6.210000e+01 |  94.06%|   0.31%
  0.7s|  2000 |   933 |  6933 |   3.4 |  5153k |  58 | 451 | 540 | 540 |   0 |  0 |   0 |  40 | 3.200000e+01 | 6.210000e+01 |  94.06%|   0.31%
  0.8s|  2100 |   973 |  7221 |   3.4 |  5153k |  58 | 451 | 540 | 540 |   0 |  0 |   0 |  40 | 3.200000e+01 | 6.210000e+01 |  94.06%|   0.31%
  0.8s|  2200 |   995 |  7558 |   3.4 |  5275k |  58 | 451 | 540 | 540 |   0 |  0 |   0 |  40 | 3.200000e+01 | 6.210000e+01 |  94.06%|   0.31%
  0.8s|  2300 |  1023 |  7877 |   3.4 |  5275k |  61 | 451 | 540 | 540 |   0 |  0 |   0 |  40 | 3.200000e+01 | 6.210000e+01 |  94.06%|   0.31%
  0.9s|  2400 |  1053 |  8238 |   3.4 |  5275k |  61 | 451 | 540 | 540 |   0 |  0 |   0 |  40 | 3.200000e+01 | 6.210000e+01 |  94.06%|   0.31%
  0.9s|  2500 |  1083 |  8597 |   3.4 |  5521k |  61 | 451 | 540 | 540 |   0 |  0 |   0 |  40 | 3.200000e+01 | 6.210000e+01 |  94.06%|   0.31%
  0.9s|  2600 |  1111 |  8927 |   3.4 |  5521k |  61 | 451 | 540 | 540 |   0 |  0 |   0 |  40 | 3.200000e+01 | 6.210000e+01 |  94.06%|   0.31%
  1.0s|  2700 |  1131 |  9246 |   3.4 |  5767k |  61 | 451 | 540 | 540 |   0 |  0 |   0 |  40 | 3.200000e+01 | 6.210000e+01 |  94.06%|   0.31%
  1.0s|  2800 |  1161 |  9588 |   3.4 |  5767k |  61 | 451 | 540 | 540 |   0 |  0 |   0 |  40 | 3.200000e+01 | 6.210000e+01 |  94.06%|   0.31%
 time | node  | left  |LP iter|LP it/n|mem/heur|mdpt |vars |cons |rows |cuts |sepa|confs|strbr|  dualbound   | primalbound  |  gap   | compl. 
  1.1s|  2900 |  1191 |  9930 |   3.4 |  5767k |  61 | 451 | 540 | 540 |   0 |  0 |   0 |  40 | 3.200000e+01 | 6.210000e+01 |  94.06%|   0.31%
  1.1s|  3000 |  1221 | 10256 |   3.4 |  5767k |  63 | 451 | 540 | 540 |   0 |  0 |   0 |  40 | 3.200000e+01 | 6.210000e+01 |  94.06%|   0.31%
  1.1s|  3100 |  1253 | 10557 |   3.4 |  5767k |  63 | 451 | 540 | 540 |   0 |  0 |   0 |  40 | 3.200000e+01 | 6.210000e+01 |  94.06%|   0.31%
  1.2s|  3200 |  1281 | 10864 |   3.3 |  5767k |  63 | 451 | 540 | 540 |   0 |  0 |   0 |  40 | 3.200000e+01 | 6.210000e+01 |  94.06%|   0.31%
  1.2s|  3300 |  1313 | 11170 |   3.3 |  5767k |  63 | 451 | 540 | 540 |   0 |  0 |   0 |  40 | 3.200000e+01 | 6.210000e+01 |  94.06%|   0.31%
  1.2s|  3400 |  1337 | 11476 |   3.3 |  5767k |  63 | 451 | 540 | 540 |   0 |  0 |   0 |  40 | 3.200000e+01 | 6.210000e+01 |  94.06%|   0.31%
  1.3s|  3500 |  1367 | 11749 |   3.3 |  5767k |  63 | 451 | 540 | 540 |   0 |  0 |   0 |  40 | 3.200000e+01 | 6.210000e+01 |  94.06%|   0.31%
  1.3s|  3600 |  1403 | 12060 |   3.3 |  5767k |  63 | 451 | 540 | 540 |   0 |  0 |   0 |  40 | 3.200000e+01 | 6.210000e+01 |  94.06%|   0.31%
  1.3s|  3700 |  1439 | 12365 |   3.3 |  5767k |  63 | 451 | 540 | 540 |   0 |  0 |   0 |  40 | 3.200000e+01 | 6.210000e+01 |  94.06%|   0.31%
  1.4s|  3800 |  1467 | 12706 |   3.3 |  6158k |  63 | 451 | 540 | 540 |   0 |  0 |   0 |  40 | 3.200000e+01 | 6.210000e+01 |  94.06%|   0.31%
  1.4s|  3900 |  1497 | 12965 |   3.3 |  6158k |  75 | 451 | 540 | 540 |   0 |  0 |   0 |  40 | 3.200000e+01 | 6.210000e+01 |  94.06%|   0.31%
  1.4s|  4000 |  1531 | 13271 |   3.3 |  6158k |  78 | 451 | 540 | 540 |   0 |  0 |   0 |  40 | 3.200000e+01 | 6.210000e+01 |  94.06%|   0.31%
  1.5s|  4100 |  1565 | 13515 |   3.3 |  6158k |  78 | 451 | 540 | 540 |   0 |  0 |   0 |  40 | 3.200000e+01 | 6.210000e+01 |  94.06%|   0.31%
  1.5s|  4200 |  1587 | 13778 |   3.2 |  6158k |  78 | 451 | 540 | 540 |   0 |  0 |   0 |  40 | 3.200000e+01 | 6.210000e+01 |  94.06%|   0.31%
  1.5s|  4300 |  1609 | 14062 |   3.2 |  6158k |  78 | 451 | 540 | 540 |   0 |  0 |   0 |  40 | 3.200000e+01 | 6.210000e+01 |  94.06%|   0.31%
 time | node  | left  |LP iter|LP it/n|mem/heur|mdpt |vars |cons |rows |cuts |sepa|confs|strbr|  dualbound   | primalbound  |  gap   | compl. 
  1.6s|  4400 |  1631 | 14351 |   3.2 |  6158k |  78 | 451 | 540 | 540 |   0 |  0 |   0 |  40 | 3.200000e+01 | 6.210000e+01 |  94.06%|   0.31%
  1.6s|  4500 |  1655 | 14618 |   3.2 |  6158k |  78 | 451 | 540 | 540 |   0 |  0 |   0 |  40 | 3.200000e+01 | 6.210000e+01 |  94.06%|   0.31%
  1.6s|  4600 |  1679 | 14831 |   3.2 |  6158k |  78 | 451 | 540 | 540 |   0 |  0 |   0 |  40 | 3.200000e+01 | 6.210000e+01 |  94.06%|   0.31%
  1.7s|  4700 |  1713 | 15140 |   3.2 |  6158k |  78 | 451 | 540 | 540 |   0 |  0 |   0 |  40 | 3.200000e+01 | 6.210000e+01 |  94.06%|   0.31%
  1.7s|  4800 |  1733 | 15395 |   3.2 |  6158k |  78 | 451 | 540 | 540 |   0 |  0 |   0 |  40 | 3.200000e+01 | 6.210000e+01 |  94.06%|   0.31%
  1.7s|  4900 |  1763 | 15679 |   3.2 |  6158k |  78 | 451 | 540 | 540 |   0 |  0 |   0 |  40 | 3.200000e+01 | 6.210000e+01 |  94.06%|   0.31%
  1.8s|  5000 |  1787 | 16047 |   3.2 |  6158k |  78 | 451 | 540 | 540 |   0 |  0 |   0 |  40 | 3.200000e+01 | 6.210000e+01 |  94.06%|   0.31%
  1.8s|  5100 |  1807 | 16343 |   3.2 |  6158k |  78 | 451 | 540 | 540 |   0 |  0 |   0 |  40 | 3.200000e+01 | 6.210000e+01 |  94.06%|   0.31%
  1.8s|  5200 |  1829 | 16640 |   3.2 |  6158k |  78 | 451 | 540 | 540 |   0 |  0 |   0 |  40 | 3.200000e+01 | 6.210000e+01 |  94.06%|   0.31%
  1.9s|  5300 |  1857 | 16888 |   3.2 |  6224k |  78 | 451 | 540 | 540 |   0 |  0 |   0 |  40 | 3.200000e+01 | 6.210000e+01 |  94.06%|   0.31%
  1.9s|  5400 |  1871 | 17135 |   3.1 |  6224k |  78 | 451 | 540 | 540 |   0 |  0 |   0 |  40 | 3.200000e+01 | 6.210000e+01 |  94.06%|   0.31%
  1.9s|  5500 |  1901 | 17430 |   3.1 |  6353k |  78 | 451 | 540 | 540 |   0 |  0 |   0 |  40 | 3.200000e+01 | 6.210000e+01 |  94.06%|   0.31%
  2.0s|  5600 |  1923 | 17718 |   3.1 |  6353k |  78 | 451 | 540 | 540 |   0 |  0 |   0 |  40 | 3.200000e+01 | 6.210000e+01 |  94.06%|   0.31%
  2.0s|  5700 |  1949 | 17996 |   3.1 |  6353k |  78 | 451 | 540 | 540 |   0 |  0 |   0 |  40 | 3.200000e+01 | 6.210000e+01 |  94.06%|   0.31%
  2.0s|  5800 |  1967 | 18282 |   3.1 |  6597k |  78 | 451 | 540 | 540 |   0 |  0 |   0 |  40 | 3.200000e+01 | 6.210000e+01 |  94.06%|   0.31%
 time | node  | left  |LP iter|LP it/n|mem/heur|mdpt |vars |cons |rows |cuts |sepa|confs|strbr|  dualbound   | primalbound  |  gap   | compl. 
  2.1s|  5900 |  1993 | 18581 |   3.1 |  6597k |  78 | 451 | 540 | 540 |   0 |  0 |   0 |  40 | 3.200000e+01 | 6.210000e+01 |  94.06%|   0.31%
  2.1s|  6000 |  2013 | 18839 |   3.1 |  6597k |  78 | 451 | 540 | 540 |   0 |  0 |   0 |  40 | 3.200000e+01 | 6.210000e+01 |  94.06%|   0.31%
  2.1s|  6100 |  2037 | 19195 |   3.1 |  6597k |  78 | 451 | 540 | 540 |   0 |  0 |   0 |  40 | 3.200000e+01 | 6.210000e+01 |  94.06%|   0.31%
  2.2s|  6200 |  2065 | 19424 |   3.1 |  7089k |  78 | 451 | 540 | 540 |   0 |  0 |   0 |  40 | 3.200000e+01 | 6.210000e+01 |  94.06%|   0.31%
  2.2s|  6300 |  2089 | 19669 |   3.1 |  7089k |  78 | 451 | 540 | 540 |   0 |  0 |   0 |  40 | 3.200000e+01 | 6.210000e+01 |  94.06%|   0.31%
  2.2s|  6400 |  2109 | 19927 |   3.1 |  7089k |  78 | 451 | 540 | 540 |   0 |  0 |   0 |  40 | 3.200000e+01 | 6.210000e+01 |  94.06%|   0.31%
  2.3s|  6500 |  2131 | 20174 |   3.1 |  7089k |  78 | 451 | 540 | 540 |   0 |  0 |   0 |  40 | 3.200000e+01 | 6.210000e+01 |  94.06%|   0.31%
  2.3s|  6600 |  2151 | 20436 |   3.1 |  7089k |  78 | 451 | 540 | 540 |   0 |  0 |   0 |  40 | 3.200000e+01 | 6.210000e+01 |  94.06%|   0.31%
  2.3s|  6700 |  2167 | 20694 |   3.1 |  7089k |  78 | 451 | 540 | 540 |   0 |  0 |   0 |  40 | 3.200000e+01 | 6.210000e+01 |  94.06%|   0.31%
  2.4s|  6800 |  2181 | 20994 |   3.1 |  7089k |  78 | 451 | 540 | 540 |   0 |  0 |   0 |  40 | 3.200000e+01 | 6.210000e+01 |  94.06%|   0.31%
  2.4s|  6900 |  2201 | 21249 |   3.1 |  7089k |  78 | 451 | 540 | 540 |   0 |  0 |   0 |  40 | 3.200000e+01 | 6.210000e+01 |  94.06%|   0.31%
  2.4s|  7000 |  2231 | 21493 |   3.0 |  7089k |  78 | 451 | 540 | 540 |   0 |  0 |   0 |  40 | 3.200000e+01 | 6.210000e+01 |  94.06%|   0.31%
  2.5s|  7100 |  2263 | 21754 |   3.0 |  7089k |  78 | 451 | 540 | 540 |   0 |  0 |   0 |  40 | 3.200000e+01 | 6.210000e+01 |  94.06%|   0.31%
  2.5s|  7200 |  2293 | 22034 |   3.0 |  7089k |  78 | 451 | 540 | 540 |   0 |  0 |   0 |  40 | 3.200000e+01 | 6.210000e+01 |  94.06%|   0.31%
  2.5s|  7300 |  2311 | 22340 |   3.0 |  7089k |  78 | 451 | 540 | 540 |   0 |  0 |   0 |  40 | 3.200000e+01 | 6.210000e+01 |  94.06%|   0.31%
 time | node  | left  |LP iter|LP it/n|mem/heur|mdpt |vars |cons |rows |cuts |sepa|confs|strbr|  dualbound   | primalbound  |  gap   | compl. 
  2.6s|  7400 |  2333 | 22608 |   3.0 |  7089k |  78 | 451 | 540 | 540 |   0 |  0 |   0 |  40 | 3.200000e+01 | 6.210000e+01 |  94.06%|   0.31%
  2.6s|  7500 |  2349 | 22878 |   3.0 |  7089k |  78 | 451 | 540 | 540 |   0 |  0 |   0 |  40 | 3.200000e+01 | 6.210000e+01 |  94.06%|   0.31%
  2.6s|  7600 |  2379 | 23120 |   3.0 |  7089k |  78 | 451 | 540 | 540 |   0 |  0 |   0 |  40 | 3.200000e+01 | 6.210000e+01 |  94.06%|   0.31%
  2.7s|  7700 |  2391 | 23369 |   3.0 |  7089k |  78 | 451 | 540 | 540 |   0 |  0 |   0 |  40 | 3.200000e+01 | 6.210000e+01 |  94.06%|   0.31%
  2.7s|  7800 |  2429 | 23642 |   3.0 |  7089k |  78 | 451 | 540 | 540 |   0 |  0 |   0 |  40 | 3.200000e+01 | 6.210000e+01 |  94.06%|   0.31%
  2.7s|  7900 |  2451 | 23929 |   3.0 |  7089k |  78 | 451 | 540 | 540 |   0 |  0 |   0 |  40 | 3.200000e+01 | 6.210000e+01 |  94.06%|   0.31%
  2.8s|  8000 |  2471 | 24151 |   3.0 |  7089k |  78 | 451 | 540 | 540 |   0 |  0 |   0 |  40 | 3.200000e+01 | 6.210000e+01 |  94.06%|   0.31%
  2.8s|  8100 |  2487 | 24392 |   3.0 |  7347k |  78 | 451 | 540 | 540 |   0 |  0 |   0 |  40 | 3.200000e+01 | 6.210000e+01 |  94.06%|   0.31%
  2.8s|  8200 |  2515 | 24630 |   3.0 |  7347k |  78 | 451 | 540 | 540 |   0 |  0 |   0 |  40 | 3.200000e+01 | 6.210000e+01 |  94.06%|   0.31%
  2.9s|  8300 |  2547 | 24902 |   3.0 |  7347k |  78 | 451 | 540 | 540 |   0 |  0 |   0 |  40 | 3.200000e+01 | 6.210000e+01 |  94.06%|   0.31%
  2.9s|  8400 |  2573 | 25189 |   3.0 |  7347k |  78 | 451 | 540 | 540 |   0 |  0 |   0 |  40 | 3.200000e+01 | 6.210000e+01 |  94.06%|   0.31%
  2.9s|  8500 |  2593 | 25470 |   3.0 |  7347k |  78 | 451 | 540 | 540 |   0 |  0 |   0 |  40 | 3.200000e+01 | 6.210000e+01 |  94.06%|   0.31%
  3.0s|  8600 |  2631 | 25721 |   3.0 |  7871k |  78 | 451 | 540 | 540 |   0 |  0 |   0 |  40 | 3.200000e+01 | 6.210000e+01 |  94.06%|   0.31%
  3.0s|  8700 |  2657 | 25970 |   3.0 |  7871k |  78 | 451 | 540 | 540 |   0 |  0 |   0 |  40 | 3.200000e+01 | 6.210000e+01 |  94.06%|   0.31%
  3.0s|  8800 |  2683 | 26214 |   3.0 |  7871k |  78 | 451 | 540 | 540 |   0 |  0 |   0 |  40 | 3.200000e+01 | 6.210000e+01 |  94.06%|   0.31%
 time | node  | left  |LP iter|LP it/n|mem/heur|mdpt |vars |cons |rows |cuts |sepa|confs|strbr|  dualbound   | primalbound  |  gap   | compl. 
  3.1s|  8900 |  2711 | 26426 |   3.0 |  7871k |  84 | 451 | 540 | 540 |   0 |  0 |   0 |  40 | 3.200000e+01 | 6.210000e+01 |  94.06%|   0.31%
  3.1s|  9000 |  2727 | 26684 |   2.9 |  7871k |  84 | 451 | 540 | 540 |   0 |  0 |   0 |  40 | 3.200000e+01 | 6.210000e+01 |  94.06%|   0.31%
  3.1s|  9100 |  2755 | 26988 |   2.9 |  7871k |  84 | 451 | 540 | 540 |   0 |  0 |   0 |  40 | 3.200000e+01 | 6.210000e+01 |  94.06%|   0.31%
  3.2s|  9200 |  2779 | 27237 |   2.9 |  7871k |  84 | 451 | 540 | 540 |   0 |  0 |   0 |  40 | 3.200000e+01 | 6.210000e+01 |  94.06%|   0.31%
  3.2s|  9300 |  2807 | 27530 |   2.9 |  7871k |  84 | 451 | 540 | 540 |   0 |  0 |   0 |  40 | 3.200000e+01 | 6.210000e+01 |  94.06%|   0.31%
  3.2s|  9400 |  2837 | 27785 |   2.9 |  7871k |  84 | 451 | 540 | 540 |   0 |  0 |   0 |  40 | 3.200000e+01 | 6.210000e+01 |  94.06%|   0.31%
  3.3s|  9500 |  2867 | 28064 |   2.9 |  7871k |  84 | 451 | 540 | 540 |   0 |  0 |   0 |  40 | 3.200000e+01 | 6.210000e+01 |  94.06%|   0.31%
  3.3s|  9600 |  2895 | 28340 |   2.9 |  7871k |  84 | 451 | 540 | 540 |   0 |  0 |   0 |  40 | 3.200000e+01 | 6.210000e+01 |  94.06%|   0.31%
  3.3s|  9700 |  2925 | 28598 |   2.9 |  7871k |  84 | 451 | 540 | 540 |   0 |  0 |   0 |  40 | 3.200000e+01 | 6.210000e+01 |  94.06%|   0.31%
  3.4s|  9800 |  2947 | 28890 |   2.9 |  7871k |  84 | 451 | 540 | 540 |   0 |  0 |   0 |  40 | 3.200000e+01 | 6.210000e+01 |  94.06%|   0.31%
  3.4s|  9900 |  2971 | 29133 |   2.9 |  7871k |  84 | 451 | 540 | 540 |   0 |  0 |   0 |  40 | 3.200000e+01 | 6.210000e+01 |  94.06%|   0.31%
  3.4s| 10000 |  2999 | 29405 |   2.9 |  7871k |  84 | 451 | 540 | 540 |   0 |  0 |   0 |  40 | 3.200000e+01 | 6.210000e+01 |  94.06%|   0.31%
  3.5s| 10100 |  3017 | 29649 |   2.9 |  7871k |  84 | 451 | 540 | 540 |   0 |  0 |   0 |  40 | 3.200000e+01 | 6.210000e+01 |  94.06%|   0.31%
  3.5s| 10200 |  3037 | 29921 |   2.9 |  7871k |  84 | 451 | 540 | 540 |   0 |  0 |   0 |  40 | 3.200000e+01 | 6.210000e+01 |  94.06%|   0.31%
  3.5s| 10300 |  3067 | 30185 |   2.9 |  7871k |  84 | 451 | 540 | 540 |   0 |  0 |   0 |  40 | 3.200000e+01 | 6.210000e+01 |  94.06%|   0.31%
 time | node  | left  |LP iter|LP it/n|mem/heur|mdpt |vars |cons |rows |cuts |sepa|confs|strbr|  dualbound   | primalbound  |  gap   | compl. 
  3.6s| 10400 |  3091 | 30415 |   2.9 |  7871k |  84 | 451 | 540 | 540 |   0 |  0 |   0 |  40 | 3.200000e+01 | 6.210000e+01 |  94.06%|   0.31%
  3.6s| 10500 |  3113 | 30662 |   2.9 |  7871k |  87 | 451 | 540 | 540 |   0 |  0 |   0 |  40 | 3.200000e+01 | 6.210000e+01 |  94.06%|   0.31%
  3.6s| 10600 |  3139 | 30877 |   2.9 |  7871k |  87 | 451 | 540 | 540 |   0 |  0 |   0 |  40 | 3.200000e+01 | 6.210000e+01 |  94.06%|   0.31%
  3.7s| 10700 |  3161 | 31163 |   2.9 |  7871k |  87 | 451 | 540 | 540 |   0 |  0 |   0 |  40 | 3.200000e+01 | 6.210000e+01 |  94.06%|   0.31%
  3.7s| 10800 |  3189 | 31363 |   2.9 |  7871k |  87 | 451 | 540 | 540 |   0 |  0 |   0 |  40 | 3.200000e+01 | 6.210000e+01 |  94.06%|   0.31%
  3.7s| 10900 |  3211 | 31615 |   2.9 |  7871k |  87 | 451 | 540 | 540 |   0 |  0 |   0 |  40 | 3.200000e+01 | 6.210000e+01 |  94.06%|   0.31%
  3.8s| 11000 |  3241 | 31876 |   2.9 |  7871k |  87 | 451 | 540 | 540 |   0 |  0 |   0 |  40 | 3.200000e+01 | 6.210000e+01 |  94.06%|   0.31%
  3.8s| 11100 |  3271 | 32148 |   2.9 |  8363k |  87 | 451 | 540 | 540 |   0 |  0 |   0 |  40 | 3.200000e+01 | 6.210000e+01 |  94.06%|   0.31%
  3.8s| 11200 |  3293 | 32435 |   2.9 |  8494k |  87 | 451 | 540 | 540 |   0 |  0 |   0 |  40 | 3.200000e+01 | 6.210000e+01 |  94.06%|   0.31%
  3.9s| 11300 |  3317 | 32734 |   2.9 |  8494k |  87 | 451 | 540 | 540 |   0 |  0 |   0 |  40 | 3.200000e+01 | 6.210000e+01 |  94.06%|   0.31%
  3.9s| 11400 |  3339 | 33019 |   2.9 |  8494k |  87 | 451 | 540 | 540 |   0 |  0 |   0 |  40 | 3.200000e+01 | 6.210000e+01 |  94.06%|   0.31%
  3.9s| 11500 |  3363 | 33347 |   2.9 |  8494k |  87 | 451 | 540 | 540 |   0 |  0 |   0 |  40 | 3.200000e+01 | 6.210000e+01 |  94.06%|   0.31%
  4.0s| 11600 |  3381 | 33675 |   2.9 |  8494k |  87 | 451 | 540 | 540 |   0 |  0 |   0 |  40 | 3.200000e+01 | 6.210000e+01 |  94.06%|   0.31%
  4.0s| 11700 |  3401 | 33957 |   2.9 |  8494k |  87 | 451 | 540 | 540 |   0 |  0 |   0 |  40 | 3.200000e+01 | 6.210000e+01 |  94.06%|   0.31%
  4.0s| 11800 |  3429 | 34228 |   2.9 |  8494k |  87 | 451 | 540 | 540 |   0 |  0 |   0 |  40 | 3.200000e+01 | 6.210000e+01 |  94.06%|   0.31%
 time | node  | left  |LP iter|LP it/n|mem/heur|mdpt |vars |cons |rows |cuts |sepa|confs|strbr|  dualbound   | primalbound  |  gap   | compl. 
  4.1s| 11900 |  3453 | 34495 |   2.9 |  8494k |  87 | 451 | 540 | 540 |   0 |  0 |   0 |  40 | 3.200000e+01 | 6.210000e+01 |  94.06%|   0.31%
  4.1s| 12000 |  3477 | 34802 |   2.9 |  8494k |  87 | 451 | 540 | 540 |   0 |  0 |   0 |  40 | 3.200000e+01 | 6.210000e+01 |  94.06%|   0.31%
  4.1s| 12100 |  3499 | 35103 |   2.9 |  8494k |  87 | 451 | 540 | 540 |   0 |  0 |   0 |  40 | 3.200000e+01 | 6.210000e+01 |  94.06%|   0.31%
  4.2s| 12200 |  3541 | 35379 |   2.9 |  8494k |  87 | 451 | 540 | 540 |   0 |  0 |   0 |  40 | 3.200000e+01 | 6.210000e+01 |  94.06%|   0.31%
  4.2s| 12300 |  3571 | 35672 |   2.9 |  8494k |  87 | 451 | 540 | 540 |   0 |  0 |   0 |  40 | 3.200000e+01 | 6.210000e+01 |  94.06%|   0.31%
  4.2s| 12400 |  3607 | 36008 |   2.9 |  8494k |  87 | 451 | 540 | 540 |   0 |  0 |   0 |  40 | 3.200000e+01 | 6.210000e+01 |  94.06%|   0.31%
  4.3s| 12500 |  3633 | 36289 |   2.9 |  8494k |  87 | 451 | 540 | 540 |   0 |  0 |   0 |  40 | 3.200000e+01 | 6.210000e+01 |  94.06%|   0.31%
  4.3s| 12600 |  3661 | 36571 |   2.9 |  8494k |  87 | 451 | 540 | 540 |   0 |  0 |   0 |  40 | 3.200000e+01 | 6.210000e+01 |  94.06%|   0.31%
  4.3s| 12700 |  3689 | 36853 |   2.9 |  8625k |  87 | 451 | 540 | 540 |   0 |  0 |   0 |  40 | 3.200000e+01 | 6.210000e+01 |  94.06%|   0.31%
  4.4s| 12800 |  3719 | 37102 |   2.9 |  8625k |  87 | 451 | 540 | 540 |   0 |  0 |   0 |  40 | 3.200000e+01 | 6.210000e+01 |  94.06%|   0.31%
  4.4s| 12900 |  3753 | 37373 |   2.9 |  8625k |  87 | 451 | 540 | 540 |   0 |  0 |   0 |  40 | 3.200000e+01 | 6.210000e+01 |  94.06%|   0.31%
  4.4s| 13000 |  3777 | 37675 |   2.9 |  8625k |  87 | 451 | 540 | 540 |   0 |  0 |   0 |  40 | 3.200000e+01 | 6.210000e+01 |  94.06%|   0.31%
  4.5s| 13100 |  3799 | 37965 |   2.9 |  8625k |  87 | 451 | 540 | 540 |   0 |  0 |   0 |  40 | 3.200000e+01 | 6.210000e+01 |  94.06%|   0.31%
  4.5s| 13200 |  3837 | 38247 |   2.9 |  9281k |  87 | 451 | 540 | 540 |   0 |  0 |   0 |  40 | 3.200000e+01 | 6.210000e+01 |  94.06%|   0.31%
  4.5s| 13300 |  3863 | 38550 |   2.9 |  9281k |  87 | 451 | 540 | 540 |   0 |  0 |   0 |  40 | 3.200000e+01 | 6.210000e+01 |  94.06%|   0.31%
 time | node  | left  |LP iter|LP it/n|mem/heur|mdpt |vars |cons |rows |cuts |sepa|confs|strbr|  dualbound   | primalbound  |  gap   | compl. 
  4.6s| 13400 |  3905 | 38783 |   2.9 |  9768k |  87 | 451 | 540 | 540 |   0 |  0 |   0 |  40 | 3.200000e+01 | 6.210000e+01 |  94.06%|   0.31%
  4.6s| 13500 |  3923 | 39055 |   2.9 |  9768k |  87 | 451 | 540 | 540 |   0 |  0 |   0 |  40 | 3.200000e+01 | 6.210000e+01 |  94.06%|   0.31%
  4.6s| 13600 |  3943 | 39372 |   2.9 |  9768k |  87 | 451 | 540 | 540 |   0 |  0 |   0 |  40 | 3.200000e+01 | 6.210000e+01 |  94.06%|   0.31%
  4.7s| 13700 |  3971 | 39627 |   2.9 |  9768k |  87 | 451 | 540 | 540 |   0 |  0 |   0 |  40 | 3.200000e+01 | 6.210000e+01 |  94.06%|   0.31%
  4.7s| 13800 |  4003 | 39926 |   2.9 |  9768k |  87 | 451 | 540 | 540 |   0 |  0 |   0 |  40 | 3.200000e+01 | 6.210000e+01 |  94.06%|   0.31%
  4.7s| 13900 |  4039 | 40211 |   2.9 |  9768k |  87 | 451 | 540 | 540 |   0 |  0 |   0 |  40 | 3.200000e+01 | 6.210000e+01 |  94.06%|   0.31%
  4.8s| 14000 |  4067 | 40538 |   2.9 |  9768k |  87 | 451 | 540 | 540 |   0 |  0 |   0 |  40 | 3.200000e+01 | 6.210000e+01 |  94.06%|   0.31%
  4.8s| 14100 |  4087 | 40774 |   2.9 |  9768k |  87 | 451 | 540 | 540 |   0 |  0 |   0 |  40 | 3.200000e+01 | 6.210000e+01 |  94.06%|   0.31%
  4.8s| 14200 |  4111 | 41034 |   2.9 |  9768k |  87 | 451 | 540 | 540 |   0 |  0 |   0 |  40 | 3.200000e+01 | 6.210000e+01 |  94.06%|   0.31%
  4.9s| 14300 |  4131 | 41341 |   2.9 |  9768k |  87 | 451 | 540 | 540 |   0 |  0 |   0 |  40 | 3.200000e+01 | 6.210000e+01 |  94.06%|   0.31%
  4.9s| 14400 |  4161 | 41632 |   2.9 |  9768k |  87 | 451 | 540 | 540 |   0 |  0 |   0 |  40 | 3.200000e+01 | 6.210000e+01 |  94.06%|   0.31%
  4.9s| 14500 |  4183 | 41919 |   2.9 |  9768k |  87 | 451 | 540 | 540 |   0 |  0 |   0 |  40 | 3.200000e+01 | 6.210000e+01 |  94.06%|   0.31%
  5.0s| 14600 |  4205 | 42209 |   2.9 |  9768k |  87 | 451 | 540 | 540 |   0 |  0 |   0 |  40 | 3.200000e+01 | 6.210000e+01 |  94.06%|   0.31%
  5.0s| 14700 |  4239 | 42469 |   2.9 |  9768k |  87 | 451 | 540 | 540 |   0 |  0 |   0 |  40 | 3.200000e+01 | 6.210000e+01 |  94.06%|   0.31%
  5.0s| 14800 |  4261 | 42690 |   2.9 |  9768k |  87 | 451 | 540 | 540 |   0 |  0 |   0 |  40 | 3.200000e+01 | 6.210000e+01 |  94.06%|   0.31%
 time | node  | left  |LP iter|LP it/n|mem/heur|mdpt |vars |cons |rows |cuts |sepa|confs|strbr|  dualbound   | primalbound  |  gap   | compl. 
  5.1s| 14900 |  4291 | 42978 |   2.9 |  9768k |  87 | 451 | 540 | 540 |   0 |  0 |   0 |  40 | 3.200000e+01 | 6.210000e+01 |  94.06%|   0.31%
  5.1s| 15000 |  4313 | 43278 |   2.9 |  9768k |  87 | 451 | 540 | 540 |   0 |  0 |   0 |  40 | 3.200000e+01 | 6.210000e+01 |  94.06%|   0.31%
  5.1s| 15100 |  4335 | 43567 |   2.9 |  9768k |  87 | 451 | 540 | 540 |   0 |  0 |   0 |  40 | 3.200000e+01 | 6.210000e+01 |  94.06%|   0.31%
  5.2s| 15200 |  4367 | 43863 |   2.9 |  9768k |  87 | 451 | 540 | 540 |   0 |  0 |   0 |  40 | 3.200000e+01 | 6.210000e+01 |  94.06%|   0.31%
  5.2s| 15300 |  4391 | 44137 |   2.9 |  9768k |  87 | 451 | 540 | 540 |   0 |  0 |   0 |  40 | 3.200000e+01 | 6.210000e+01 |  94.06%|   0.31%
  5.2s| 15400 |  4423 | 44410 |   2.9 |  9768k |  87 | 451 | 540 | 540 |   0 |  0 |   0 |  40 | 3.200000e+01 | 6.210000e+01 |  94.06%|   0.31%
  5.3s| 15500 |  4453 | 44691 |   2.9 |  9768k |  87 | 451 | 540 | 540 |   0 |  0 |   0 |  40 | 3.200000e+01 | 6.210000e+01 |  94.06%|   0.31%
  5.3s| 15600 |  4497 | 44987 |   2.9 |  9768k |  87 | 451 | 540 | 540 |   0 |  0 |   0 |  40 | 3.200000e+01 | 6.210000e+01 |  94.06%|   0.31%
  5.3s| 15700 |  4529 | 45312 |   2.9 |  9768k |  87 | 451 | 540 | 540 |   0 |  0 |   0 |  40 | 3.200000e+01 | 6.210000e+01 |  94.06%|   0.31%
  5.4s| 15800 |  4551 | 45573 |   2.9 |  9768k |  87 | 451 | 540 | 540 |   0 |  0 |   0 |  40 | 3.200000e+01 | 6.210000e+01 |  94.06%|   0.31%
  5.4s| 15900 |  4577 | 45836 |   2.9 |  9768k |  87 | 451 | 540 | 540 |   0 |  0 |   0 |  40 | 3.200000e+01 | 6.210000e+01 |  94.06%|   0.31%
  5.4s| 16000 |  4603 | 46094 |   2.9 |  9768k |  87 | 451 | 540 | 540 |   0 |  0 |   0 |  40 | 3.200000e+01 | 6.210000e+01 |  94.06%|   0.31%
  5.5s| 16100 |  4625 | 46351 |   2.9 |  9768k |  89 | 451 | 540 | 540 |   0 |  0 |   0 |  40 | 3.200000e+01 | 6.210000e+01 |  94.06%|   0.31%
  5.5s| 16200 |  4653 | 46662 |   2.9 |  9768k |  91 | 451 | 540 | 540 |   0 |  0 |   0 |  40 | 3.200000e+01 | 6.210000e+01 |  94.06%|   0.31%
  5.5s| 16300 |  4683 | 46952 |   2.9 |  9965k |  91 | 451 | 540 | 540 |   0 |  0 |   0 |  40 | 3.200000e+01 | 6.210000e+01 |  94.06%|   0.31%
 time | node  | left  |LP iter|LP it/n|mem/heur|mdpt |vars |cons |rows |cuts |sepa|confs|strbr|  dualbound   | primalbound  |  gap   | compl. 
  5.6s| 16400 |  4705 | 47236 |   2.9 |  9965k |  91 | 451 | 540 | 540 |   0 |  0 |   0 |  40 | 3.200000e+01 | 6.210000e+01 |  94.06%|   0.31%
  5.6s| 16500 |  4731 | 47518 |   2.9 |  9965k |  91 | 451 | 540 | 540 |   0 |  0 |   0 |  40 | 3.200000e+01 | 6.210000e+01 |  94.06%|   0.31%
  5.7s| 16600 |  4763 | 47815 |   2.9 |  9965k |  91 | 451 | 540 | 540 |   0 |  0 |   0 |  40 | 3.200000e+01 | 6.210000e+01 |  94.06%|   0.31%
  5.7s| 16700 |  4795 | 48087 |   2.9 |    10M |  91 | 451 | 540 | 540 |   0 |  0 |   0 |  40 | 3.200000e+01 | 6.210000e+01 |  94.06%|   0.31%
  5.7s| 16800 |  4819 | 48344 |   2.9 |    10M |  91 | 451 | 540 | 540 |   0 |  0 |   0 |  40 | 3.200000e+01 | 6.210000e+01 |  94.06%|   0.31%
  5.8s| 16900 |  4845 | 48601 |   2.9 |    10M |  91 | 451 | 540 | 540 |   0 |  0 |   0 |  40 | 3.200000e+01 | 6.210000e+01 |  94.06%|   0.31%
  5.8s| 17000 |  4869 | 48868 |   2.9 |    10M |  91 | 451 | 540 | 540 |   0 |  0 |   0 |  40 | 3.200000e+01 | 6.210000e+01 |  94.06%|   0.31%
  5.8s| 17100 |  4891 | 49122 |   2.9 |    10M |  91 | 451 | 540 | 540 |   0 |  0 |   0 |  40 | 3.200000e+01 | 6.210000e+01 |  94.06%|   0.31%
  5.9s| 17200 |  4921 | 49387 |   2.9 |    10M |  91 | 451 | 540 | 540 |   0 |  0 |   0 |  40 | 3.200000e+01 | 6.210000e+01 |  94.06%|   0.31%
  5.9s| 17300 |  4949 | 49689 |   2.9 |    10M |  97 | 451 | 540 | 540 |   0 |  0 |   0 |  40 | 3.200000e+01 | 6.210000e+01 |  94.06%|   0.31%
  5.9s| 17400 |  4977 | 49952 |   2.9 |    10M |  97 | 451 | 540 | 540 |   0 |  0 |   0 |  40 | 3.200000e+01 | 6.210000e+01 |  94.06%|   0.31%
  6.0s| 17500 |  5011 | 50224 |   2.9 |    10M |  97 | 451 | 540 | 540 |   0 |  0 |   0 |  40 | 3.200000e+01 | 6.210000e+01 |  94.06%|   0.31%
  6.0s| 17600 |  5043 | 50496 |   2.9 |    10M |  97 | 451 | 540 | 540 |   0 |  0 |   0 |  40 | 3.200000e+01 | 6.210000e+01 |  94.06%|   0.31%
  6.0s| 17700 |  5077 | 50759 |   2.9 |    10M |  97 | 451 | 540 | 540 |   0 |  0 |   0 |  40 | 3.200000e+01 | 6.210000e+01 |  94.06%|   0.31%
  6.1s| 17800 |  5107 | 51013 |   2.9 |    10M |  97 | 451 | 540 | 540 |   0 |  0 |   0 |  40 | 3.200000e+01 | 6.210000e+01 |  94.06%|   0.31%
 time | node  | left  |LP iter|LP it/n|mem/heur|mdpt |vars |cons |rows |cuts |sepa|confs|strbr|  dualbound   | primalbound  |  gap   | compl. 
  6.1s| 17900 |  5131 | 51263 |   2.9 |    10M |  97 | 451 | 540 | 540 |   0 |  0 |   0 |  40 | 3.200000e+01 | 6.210000e+01 |  94.06%|   0.31%
  6.1s| 18000 |  5155 | 51494 |   2.9 |    10M |  99 | 451 | 540 | 540 |   0 |  0 |   0 |  40 | 3.200000e+01 | 6.210000e+01 |  94.06%|   0.31%
  6.2s| 18100 |  5185 | 51786 |   2.9 |    10M |  99 | 451 | 540 | 540 |   0 |  0 |   0 |  40 | 3.200000e+01 | 6.210000e+01 |  94.06%|   0.31%
  6.2s| 18200 |  5219 | 52095 |   2.9 |    10M |  99 | 451 | 540 | 540 |   0 |  0 |   0 |  40 | 3.200000e+01 | 6.210000e+01 |  94.06%|   0.31%
  6.2s| 18300 |  5253 | 52426 |   2.9 |    10M |  99 | 451 | 540 | 540 |   0 |  0 |   0 |  40 | 3.200000e+01 | 6.210000e+01 |  94.06%|   0.31%
  6.3s| 18400 |  5285 | 52710 |   2.9 |    10M |  99 | 451 | 540 | 540 |   0 |  0 |   0 |  40 | 3.200000e+01 | 6.210000e+01 |  94.06%|   0.31%
  6.3s| 18500 |  5321 | 53009 |   2.9 |    10M |  99 | 451 | 540 | 540 |   0 |  0 |   0 |  40 | 3.200000e+01 | 6.210000e+01 |  94.06%|   0.31%
  6.3s| 18600 |  5357 | 53275 |   2.9 |    10M |  99 | 451 | 540 | 540 |   0 |  0 |   0 |  40 | 3.200000e+01 | 6.210000e+01 |  94.06%|   0.31%
  6.4s| 18700 |  5387 | 53477 |   2.9 |    10M |  99 | 451 | 540 | 540 |   0 |  0 |   0 |  40 | 3.200000e+01 | 6.210000e+01 |  94.06%|   0.31%
  6.4s| 18800 |  5411 | 53847 |   2.9 |    10M |  99 | 451 | 540 | 540 |   0 |  0 |   0 |  40 | 3.200000e+01 | 6.210000e+01 |  94.06%|   0.31%
  6.4s| 18900 |  5443 | 54135 |   2.9 |    10M |  99 | 451 | 540 | 540 |   0 |  0 |   0 |  40 | 3.200000e+01 | 6.210000e+01 |  94.06%|   0.31%
  6.5s| 19000 |  5477 | 54442 |   2.9 |    10M |  99 | 451 | 540 | 540 |   0 |  0 |   0 |  40 | 3.200000e+01 | 6.210000e+01 |  94.06%|   0.31%
  6.5s| 19100 |  5501 | 54717 |   2.9 |    10M |  99 | 451 | 540 | 540 |   0 |  0 |   0 |  40 | 3.200000e+01 | 6.210000e+01 |  94.06%|   0.31%
  6.5s| 19200 |  5527 | 54982 |   2.9 |    10M |  99 | 451 | 540 | 540 |   0 |  0 |   0 |  40 | 3.200000e+01 | 6.210000e+01 |  94.06%|   0.31%
  6.6s| 19300 |  5549 | 55285 |   2.9 |    10M |  99 | 451 | 540 | 540 |   0 |  0 |   0 |  40 | 3.200000e+01 | 6.210000e+01 |  94.06%|   0.31%
 time | node  | left  |LP iter|LP it/n|mem/heur|mdpt |vars |cons |rows |cuts |sepa|confs|strbr|  dualbound   | primalbound  |  gap   | compl. 
  6.6s| 19400 |  5577 | 55529 |   2.9 |    10M |  99 | 451 | 540 | 540 |   0 |  0 |   0 |  40 | 3.200000e+01 | 6.210000e+01 |  94.06%|   0.31%
  6.6s| 19500 |  5603 | 55772 |   2.9 |    10M |  99 | 451 | 540 | 540 |   0 |  0 |   0 |  40 | 3.200000e+01 | 6.210000e+01 |  94.06%|   0.31%
  6.7s| 19600 |  5629 | 56038 |   2.9 |    10M |  99 | 451 | 540 | 540 |   0 |  0 |   0 |  40 | 3.200000e+01 | 6.210000e+01 |  94.06%|   0.31%
  6.7s| 19700 |  5659 | 56308 |   2.9 |    10M |  99 | 451 | 540 | 540 |   0 |  0 |   0 |  40 | 3.200000e+01 | 6.210000e+01 |  94.06%|   0.31%
  6.7s| 19800 |  5681 | 56576 |   2.8 |    10M |  99 | 451 | 540 | 540 |   0 |  0 |   0 |  40 | 3.200000e+01 | 6.210000e+01 |  94.06%|   0.31%
  6.8s| 19900 |  5703 | 56842 |   2.8 |    10M |  99 | 451 | 540 | 540 |   0 |  0 |   0 |  40 | 3.200000e+01 | 6.210000e+01 |  94.06%|   0.31%
  6.8s| 20000 |  5735 | 57166 |   2.9 |    10M |  99 | 451 | 540 | 540 |   0 |  0 |   0 |  40 | 3.200000e+01 | 6.210000e+01 |  94.06%|   0.31%
  6.8s| 20100 |  5759 | 57440 |   2.8 |    10M |  99 | 451 | 540 | 540 |   0 |  0 |   0 |  40 | 3.200000e+01 | 6.210000e+01 |  94.06%|   0.31%
  6.9s| 20200 |  5785 | 57674 |   2.8 |    11M |  99 | 451 | 540 | 540 |   0 |  0 |   0 |  40 | 3.200000e+01 | 6.210000e+01 |  94.06%|   0.31%
  6.9s| 20300 |  5823 | 57949 |   2.8 |    11M |  99 | 451 | 540 | 540 |   0 |  0 |   0 |  40 | 3.200000e+01 | 6.210000e+01 |  94.06%|   0.31%
  6.9s| 20400 |  5853 | 58270 |   2.8 |    11M |  99 | 451 | 540 | 540 |   0 |  0 |   0 |  40 | 3.200000e+01 | 6.210000e+01 |  94.06%|   0.31%
  7.0s| 20500 |  5877 | 58540 |   2.8 |    11M |  99 | 451 | 540 | 540 |   0 |  0 |   0 |  40 | 3.200000e+01 | 6.210000e+01 |  94.06%|   0.31%
  7.0s| 20600 |  5901 | 58782 |   2.8 |    11M |  99 | 451 | 540 | 540 |   0 |  0 |   0 |  40 | 3.200000e+01 | 6.210000e+01 |  94.06%|   0.31%
  7.0s| 20700 |  5923 | 59060 |   2.8 |    11M |  99 | 451 | 540 | 540 |   0 |  0 |   0 |  40 | 3.200000e+01 | 6.210000e+01 |  94.06%|   0.31%
  7.1s| 20800 |  5953 | 59317 |   2.8 |    11M |  99 | 451 | 540 | 540 |   0 |  0 |   0 |  40 | 3.200000e+01 | 6.210000e+01 |  94.06%|   0.31%
 time | node  | left  |LP iter|LP it/n|mem/heur|mdpt |vars |cons |rows |cuts |sepa|confs|strbr|  dualbound   | primalbound  |  gap   | compl. 
  7.1s| 20900 |  5979 | 59647 |   2.8 |    11M |  99 | 451 | 540 | 540 |   0 |  0 |   0 |  40 | 3.200000e+01 | 6.210000e+01 |  94.06%|   0.31%
  7.1s| 21000 |  6005 | 59893 |   2.8 |    11M |  99 | 451 | 540 | 540 |   0 |  0 |   0 |  40 | 3.200000e+01 | 6.210000e+01 |  94.06%|   0.31%
  7.2s| 21100 |  6021 | 60189 |   2.8 |    11M |  99 | 451 | 540 | 540 |   0 |  0 |   0 |  40 | 3.200000e+01 | 6.210000e+01 |  94.06%|   0.31%
  7.2s| 21200 |  6047 | 60469 |   2.8 |    11M |  99 | 451 | 540 | 540 |   0 |  0 |   0 |  40 | 3.200000e+01 | 6.210000e+01 |  94.06%|   0.31%
  7.2s| 21300 |  6081 | 60787 |   2.8 |    11M |  99 | 451 | 540 | 540 |   0 |  0 |   0 |  40 | 3.200000e+01 | 6.210000e+01 |  94.06%|   0.31%
  7.3s| 21400 |  6113 | 61046 |   2.8 |    11M |  99 | 451 | 540 | 540 |   0 |  0 |   0 |  40 | 3.200000e+01 | 6.210000e+01 |  94.06%|   0.31%
  7.3s| 21500 |  6143 | 61323 |   2.8 |    11M |  99 | 451 | 540 | 540 |   0 |  0 |   0 |  40 | 3.200000e+01 | 6.210000e+01 |  94.06%|   0.31%
  7.3s| 21600 |  6171 | 61662 |   2.8 |    11M |  99 | 451 | 540 | 540 |   0 |  0 |   0 |  40 | 3.200000e+01 | 6.210000e+01 |  94.06%|   0.31%
  7.4s| 21700 |  6195 | 61945 |   2.8 |    11M |  99 | 451 | 540 | 540 |   0 |  0 |   0 |  40 | 3.200000e+01 | 6.210000e+01 |  94.06%|   0.31%
  7.4s| 21800 |  6225 | 62212 |   2.8 |    11M |  99 | 451 | 540 | 540 |   0 |  0 |   0 |  40 | 3.200000e+01 | 6.210000e+01 |  94.06%|   0.31%
  7.4s| 21900 |  6261 | 62549 |   2.8 |    11M |  99 | 451 | 540 | 540 |   0 |  0 |   0 |  40 | 3.200000e+01 | 6.210000e+01 |  94.06%|   0.31%
  7.5s| 22000 |  6291 | 62817 |   2.8 |    11M |  99 | 451 | 540 | 540 |   0 |  0 |   0 |  40 | 3.200000e+01 | 6.210000e+01 |  94.06%|   0.31%
  7.5s| 22100 |  6317 | 63073 |   2.8 |    11M |  99 | 451 | 540 | 540 |   0 |  0 |   0 |  40 | 3.200000e+01 | 6.210000e+01 |  94.06%|   0.31%
  7.5s| 22200 |  6341 | 63332 |   2.8 |    11M |  99 | 451 | 540 | 540 |   0 |  0 |   0 |  40 | 3.200000e+01 | 6.210000e+01 |  94.06%|   0.31%
  7.6s| 22300 |  6363 | 63622 |   2.8 |    11M |  99 | 451 | 540 | 540 |   0 |  0 |   0 |  40 | 3.200000e+01 | 6.210000e+01 |  94.06%|   0.31%
 time | node  | left  |LP iter|LP it/n|mem/heur|mdpt |vars |cons |rows |cuts |sepa|confs|strbr|  dualbound   | primalbound  |  gap   | compl. 
  7.6s| 22400 |  6393 | 63939 |   2.8 |    11M |  99 | 451 | 540 | 540 |   0 |  0 |   0 |  40 | 3.200000e+01 | 6.210000e+01 |  94.06%|   0.31%
  7.6s| 22500 |  6419 | 64196 |   2.8 |    11M |  99 | 451 | 540 | 540 |   0 |  0 |   0 |  40 | 3.200000e+01 | 6.210000e+01 |  94.06%|   0.31%
  7.7s| 22600 |  6457 | 64428 |   2.8 |    11M |  99 | 451 | 540 | 540 |   0 |  0 |   0 |  40 | 3.200000e+01 | 6.210000e+01 |  94.06%|   0.31%
  7.7s| 22700 |  6483 | 64710 |   2.8 |    11M |  99 | 451 | 540 | 540 |   0 |  0 |   0 |  40 | 3.200000e+01 | 6.210000e+01 |  94.06%|   0.31%
  7.8s| 22800 |  6519 | 64997 |   2.8 |    11M |  99 | 451 | 540 | 540 |   0 |  0 |   0 |  40 | 3.200000e+01 | 6.210000e+01 |  94.06%|   0.31%
  7.8s| 22900 |  6551 | 65256 |   2.8 |    11M |  99 | 451 | 540 | 540 |   0 |  0 |   0 |  40 | 3.200000e+01 | 6.210000e+01 |  94.06%|   0.31%
  7.8s| 23000 |  6577 | 65555 |   2.8 |    11M |  99 | 451 | 540 | 540 |   0 |  0 |   0 |  40 | 3.200000e+01 | 6.210000e+01 |  94.06%|   0.31%
  7.9s| 23100 |  6611 | 65874 |   2.8 |    11M |  99 | 451 | 540 | 540 |   0 |  0 |   0 |  40 | 3.200000e+01 | 6.210000e+01 |  94.06%|   0.31%
  7.9s| 23200 |  6649 | 66136 |   2.8 |    11M |  99 | 451 | 540 | 540 |   0 |  0 |   0 |  40 | 3.200000e+01 | 6.210000e+01 |  94.06%|   0.31%
  7.9s| 23300 |  6681 | 66433 |   2.8 |    11M |  99 | 451 | 540 | 540 |   0 |  0 |   0 |  40 | 3.200000e+01 | 6.210000e+01 |  94.06%|   0.31%
  8.0s| 23400 |  6715 | 66723 |   2.8 |    11M |  99 | 451 | 540 | 540 |   0 |  0 |   0 |  40 | 3.200000e+01 | 6.210000e+01 |  94.06%|   0.31%
  8.0s| 23500 |  6741 | 67022 |   2.8 |    11M |  99 | 451 | 540 | 540 |   0 |  0 |   0 |  40 | 3.200000e+01 | 6.210000e+01 |  94.06%|   0.31%
  8.0s| 23600 |  6769 | 67305 |   2.8 |    11M |  99 | 451 | 540 | 540 |   0 |  0 |   0 |  40 | 3.200000e+01 | 6.210000e+01 |  94.06%|   0.31%
  8.1s| 23700 |  6787 | 67579 |   2.8 |    11M |  99 | 451 | 540 | 540 |   0 |  0 |   0 |  40 | 3.200000e+01 | 6.210000e+01 |  94.06%|   0.31%
  8.1s| 23800 |  6821 | 67900 |   2.8 |    11M |  99 | 451 | 540 | 540 |   0 |  0 |   0 |  40 | 3.200000e+01 | 6.210000e+01 |  94.06%|   0.31%
 time | node  | left  |LP iter|LP it/n|mem/heur|mdpt |vars |cons |rows |cuts |sepa|confs|strbr|  dualbound   | primalbound  |  gap   | compl. 
  8.1s| 23900 |  6847 | 68167 |   2.8 |    11M |  99 | 451 | 540 | 540 |   0 |  0 |   0 |  40 | 3.200000e+01 | 6.210000e+01 |  94.06%|   0.31%
  8.2s| 24000 |  6867 | 68457 |   2.8 |    11M |  99 | 451 | 540 | 540 |   0 |  0 |   0 |  40 | 3.200000e+01 | 6.210000e+01 |  94.06%|   0.31%
  8.2s| 24100 |  6897 | 68742 |   2.8 |    11M |  99 | 451 | 540 | 540 |   0 |  0 |   0 |  40 | 3.200000e+01 | 6.210000e+01 |  94.06%|   0.31%
  8.2s| 24200 |  6919 | 69048 |   2.8 |    11M |  99 | 451 | 540 | 540 |   0 |  0 |   0 |  40 | 3.200000e+01 | 6.210000e+01 |  94.06%|   0.31%
  8.3s| 24300 |  6955 | 69366 |   2.8 |    11M |  99 | 451 | 540 | 540 |   0 |  0 |   0 |  40 | 3.200000e+01 | 6.210000e+01 |  94.06%|   0.31%
  8.3s| 24400 |  6985 | 69667 |   2.8 |    11M |  99 | 451 | 540 | 540 |   0 |  0 |   0 |  40 | 3.200000e+01 | 6.210000e+01 |  94.06%|   0.31%
  8.3s| 24500 |  7005 | 70005 |   2.9 |    11M |  99 | 451 | 540 | 540 |   0 |  0 |   0 |  40 | 3.200000e+01 | 6.210000e+01 |  94.06%|   0.31%
  8.4s| 24600 |  7033 | 70311 |   2.9 |    11M |  99 | 451 | 540 | 540 |   0 |  0 |   0 |  40 | 3.200000e+01 | 6.210000e+01 |  94.06%|   0.31%
  8.4s| 24700 |  7065 | 70589 |   2.9 |    11M |  99 | 451 | 540 | 540 |   0 |  0 |   0 |  40 | 3.200000e+01 | 6.210000e+01 |  94.06%|   0.31%
  8.4s| 24800 |  7091 | 70847 |   2.9 |    11M |  99 | 451 | 540 | 540 |   0 |  0 |   0 |  40 | 3.200000e+01 | 6.210000e+01 |  94.06%|   0.31%
  8.5s| 24900 |  7123 | 71126 |   2.9 |    11M |  99 | 451 | 540 | 540 |   0 |  0 |   0 |  40 | 3.200000e+01 | 6.210000e+01 |  94.06%|   0.31%
  8.5s| 25000 |  7139 | 71337 |   2.8 |    11M | 101 | 451 | 540 | 540 |   0 |  0 |   0 |  40 | 3.200000e+01 | 6.210000e+01 |  94.06%|   0.31%
  8.5s| 25100 |  7165 | 71565 |   2.8 |    11M | 101 | 451 | 540 | 540 |   0 |  0 |   0 |  40 | 3.200000e+01 | 6.210000e+01 |  94.06%|   0.31%
  8.6s| 25200 |  7201 | 71834 |   2.8 |    11M | 101 | 451 | 540 | 540 |   0 |  0 |   0 |  40 | 3.200000e+01 | 6.210000e+01 |  94.06%|   0.31%
  8.6s| 25300 |  7229 | 72090 |   2.8 |    11M | 101 | 451 | 540 | 540 |   0 |  0 |   0 |  40 | 3.200000e+01 | 6.210000e+01 |  94.06%|   0.31%
 time | node  | left  |LP iter|LP it/n|mem/heur|mdpt |vars |cons |rows |cuts |sepa|confs|strbr|  dualbound   | primalbound  |  gap   | compl. 
  8.6s| 25400 |  7255 | 72373 |   2.8 |    11M | 101 | 451 | 540 | 540 |   0 |  0 |   0 |  40 | 3.200000e+01 | 6.210000e+01 |  94.06%|   0.31%
  8.7s| 25500 |  7287 | 72629 |   2.8 |    11M | 101 | 451 | 540 | 540 |   0 |  0 |   0 |  40 | 3.200000e+01 | 6.210000e+01 |  94.06%|   0.31%
  8.7s| 25600 |  7305 | 72924 |   2.8 |    11M | 101 | 451 | 540 | 540 |   0 |  0 |   0 |  40 | 3.200000e+01 | 6.210000e+01 |  94.06%|   0.31%
  8.7s| 25700 |  7327 | 73168 |   2.8 |    11M | 101 | 451 | 540 | 540 |   0 |  0 |   0 |  40 | 3.200000e+01 | 6.210000e+01 |  94.06%|   0.31%
  8.8s| 25800 |  7357 | 73442 |   2.8 |    11M | 101 | 451 | 540 | 540 |   0 |  0 |   0 |  40 | 3.200000e+01 | 6.210000e+01 |  94.06%|   0.31%
  8.8s| 25900 |  7379 | 73707 |   2.8 |    11M | 101 | 451 | 540 | 540 |   0 |  0 |   0 |  40 | 3.200000e+01 | 6.210000e+01 |  94.06%|   0.31%
  8.8s| 26000 |  7413 | 73973 |   2.8 |    11M | 101 | 451 | 540 | 540 |   0 |  0 |   0 |  40 | 3.200000e+01 | 6.210000e+01 |  94.06%|   0.31%
  8.9s| 26100 |  7439 | 74247 |   2.8 |    11M | 101 | 451 | 540 | 540 |   0 |  0 |   0 |  40 | 3.200000e+01 | 6.210000e+01 |  94.06%|   0.31%
  8.9s| 26200 |  7467 | 74559 |   2.8 |    11M | 101 | 451 | 540 | 540 |   0 |  0 |   0 |  40 | 3.200000e+01 | 6.210000e+01 |  94.06%|   0.31%
  8.9s| 26300 |  7497 | 74800 |   2.8 |    11M | 101 | 451 | 540 | 540 |   0 |  0 |   0 |  40 | 3.200000e+01 | 6.210000e+01 |  94.06%|   0.31%
  9.0s| 26400 |  7523 | 75043 |   2.8 |    11M | 101 | 451 | 540 | 540 |   0 |  0 |   0 |  40 | 3.200000e+01 | 6.210000e+01 |  94.06%|   0.31%
  9.0s| 26500 |  7547 | 75345 |   2.8 |    12M | 101 | 451 | 540 | 540 |   0 |  0 |   0 |  40 | 3.200000e+01 | 6.210000e+01 |  94.06%|   0.31%
  9.0s| 26600 |  7569 | 75600 |   2.8 |    12M | 101 | 451 | 540 | 540 |   0 |  0 |   0 |  40 | 3.200000e+01 | 6.210000e+01 |  94.06%|   0.31%
  9.1s| 26700 |  7593 | 75880 |   2.8 |    12M | 101 | 451 | 540 | 540 |   0 |  0 |   0 |  40 | 3.200000e+01 | 6.210000e+01 |  94.06%|   0.31%
  9.1s| 26800 |  7615 | 76148 |   2.8 |    13M | 101 | 451 | 540 | 540 |   0 |  0 |   0 |  40 | 3.200000e+01 | 6.210000e+01 |  94.06%|   0.31%
 time | node  | left  |LP iter|LP it/n|mem/heur|mdpt |vars |cons |rows |cuts |sepa|confs|strbr|  dualbound   | primalbound  |  gap   | compl. 
  9.1s| 26900 |  7637 | 76400 |   2.8 |    13M | 101 | 451 | 540 | 540 |   0 |  0 |   0 |  40 | 3.200000e+01 | 6.210000e+01 |  94.06%|   0.31%
  9.2s| 27000 |  7667 | 76699 |   2.8 |    14M | 101 | 451 | 540 | 540 |   0 |  0 |   0 |  40 | 3.200000e+01 | 6.210000e+01 |  94.06%|   0.31%
  9.2s| 27100 |  7689 | 76936 |   2.8 |    14M | 101 | 451 | 540 | 540 |   0 |  0 |   0 |  40 | 3.200000e+01 | 6.210000e+01 |  94.06%|   0.31%
  9.2s| 27200 |  7723 | 77218 |   2.8 |    14M | 101 | 451 | 540 | 540 |   0 |  0 |   0 |  40 | 3.200000e+01 | 6.210000e+01 |  94.06%|   0.31%
  9.3s| 27300 |  7757 | 77507 |   2.8 |    14M | 101 | 451 | 540 | 540 |   0 |  0 |   0 |  40 | 3.200000e+01 | 6.210000e+01 |  94.06%|   0.31%
  9.3s| 27400 |  7773 | 77768 |   2.8 |    14M | 101 | 451 | 540 | 540 |   0 |  0 |   0 |  40 | 3.200000e+01 | 6.210000e+01 |  94.06%|   0.31%
  9.3s| 27500 |  7795 | 78016 |   2.8 |    14M | 101 | 451 | 540 | 540 |   0 |  0 |   0 |  40 | 3.200000e+01 | 6.210000e+01 |  94.06%|   0.31%
  9.4s| 27600 |  7819 | 78259 |   2.8 |    14M | 101 | 451 | 540 | 540 |   0 |  0 |   0 |  40 | 3.200000e+01 | 6.210000e+01 |  94.06%|   0.31%
  9.4s| 27700 |  7837 | 78516 |   2.8 |    14M | 101 | 451 | 540 | 540 |   0 |  0 |   0 |  40 | 3.200000e+01 | 6.210000e+01 |  94.06%|   0.31%
  9.4s| 27800 |  7859 | 78778 |   2.8 |    14M | 101 | 451 | 540 | 540 |   0 |  0 |   0 |  40 | 3.200000e+01 | 6.210000e+01 |  94.06%|   0.31%
  9.5s| 27900 |  7883 | 79003 |   2.8 |    14M | 101 | 451 | 540 | 540 |   0 |  0 |   0 |  40 | 3.200000e+01 | 6.210000e+01 |  94.06%|   0.31%
  9.5s| 28000 |  7903 | 79264 |   2.8 |    14M | 101 | 451 | 540 | 540 |   0 |  0 |   0 |  40 | 3.200000e+01 | 6.210000e+01 |  94.06%|   0.31%
  9.5s| 28100 |  7923 | 79515 |   2.8 |    14M | 101 | 451 | 540 | 540 |   0 |  0 |   0 |  40 | 3.200000e+01 | 6.210000e+01 |  94.06%|   0.31%
  9.6s| 28200 |  7947 | 79847 |   2.8 |    14M | 101 | 451 | 540 | 540 |   0 |  0 |   0 |  40 | 3.200000e+01 | 6.210000e+01 |  94.06%|   0.31%
  9.6s| 28300 |  7975 | 80114 |   2.8 |    14M | 101 | 451 | 540 | 540 |   0 |  0 |   0 |  40 | 3.200000e+01 | 6.210000e+01 |  94.06%|   0.31%
 time | node  | left  |LP iter|LP it/n|mem/heur|mdpt |vars |cons |rows |cuts |sepa|confs|strbr|  dualbound   | primalbound  |  gap   | compl. 
  9.6s| 28400 |  8003 | 80377 |   2.8 |    14M | 101 | 451 | 540 | 540 |   0 |  0 |   0 |  40 | 3.200000e+01 | 6.210000e+01 |  94.06%|   0.31%
  9.7s| 28500 |  8025 | 80645 |   2.8 |    14M | 101 | 451 | 540 | 540 |   0 |  0 |   0 |  40 | 3.200000e+01 | 6.210000e+01 |  94.06%|   0.31%
  9.7s| 28600 |  8051 | 80897 |   2.8 |    14M | 101 | 451 | 540 | 540 |   0 |  0 |   0 |  40 | 3.200000e+01 | 6.210000e+01 |  94.06%|   0.31%
  9.7s| 28700 |  8077 | 81173 |   2.8 |    14M | 101 | 451 | 540 | 540 |   0 |  0 |   0 |  40 | 3.200000e+01 | 6.210000e+01 |  94.06%|   0.31%
  9.8s| 28800 |  8105 | 81438 |   2.8 |    14M | 101 | 451 | 540 | 540 |   0 |  0 |   0 |  40 | 3.200000e+01 | 6.210000e+01 |  94.06%|   0.31%
  9.8s| 28900 |  8139 | 81672 |   2.8 |    14M | 101 | 451 | 540 | 540 |   0 |  0 |   0 |  40 | 3.200000e+01 | 6.210000e+01 |  94.06%|   0.31%
  9.8s| 29000 |  8161 | 81913 |   2.8 |    14M | 101 | 451 | 540 | 540 |   0 |  0 |   0 |  40 | 3.200000e+01 | 6.210000e+01 |  94.06%|   0.31%
  9.9s| 29100 |  8191 | 82153 |   2.8 |    14M | 101 | 451 | 540 | 540 |   0 |  0 |   0 |  40 | 3.200000e+01 | 6.210000e+01 |  94.06%|   0.31%
  9.9s| 29200 |  8217 | 82402 |   2.8 |    14M | 101 | 451 | 540 | 540 |   0 |  0 |   0 |  40 | 3.200000e+01 | 6.210000e+01 |  94.06%|   0.31%
 10.0s| 29300 |  8243 | 82637 |   2.8 |    14M | 101 | 451 | 540 | 540 |   0 |  0 |   0 |  40 | 3.200000e+01 | 6.210000e+01 |  94.06%|   0.31%
 10.0s| 29400 |  8265 | 82936 |   2.8 |    14M | 101 | 451 | 540 | 540 |   0 |  0 |   0 |  40 | 3.200000e+01 | 6.210000e+01 |  94.06%|   0.31%
 10.0s| 29500 |  8291 | 83240 |   2.8 |    14M | 101 | 451 | 540 | 540 |   0 |  0 |   0 |  40 | 3.200000e+01 | 6.210000e+01 |  94.06%|   0.31%
 10.1s| 29600 |  8317 | 83571 |   2.8 |    14M | 101 | 451 | 540 | 540 |   0 |  0 |   0 |  40 | 3.200000e+01 | 6.210000e+01 |  94.06%|   0.31%
 10.1s| 29700 |  8339 | 83915 |   2.8 |    14M | 101 | 451 | 540 | 540 |   0 |  0 |   0 |  40 | 3.200000e+01 | 6.210000e+01 |  94.06%|   0.31%
 10.1s| 29800 |  8363 | 84165 |   2.8 |    14M | 101 | 451 | 540 | 540 |   0 |  0 |   0 |  40 | 3.200000e+01 | 6.210000e+01 |  94.06%|   0.31%
 time | node  | left  |LP iter|LP it/n|mem/heur|mdpt |vars |cons |rows |cuts |sepa|confs|strbr|  dualbound   | primalbound  |  gap   | compl. 
 10.2s| 29900 |  8385 | 84447 |   2.8 |    14M | 101 | 451 | 540 | 540 |   0 |  0 |   0 |  40 | 3.200000e+01 | 6.210000e+01 |  94.06%|   0.31%
 10.2s| 30000 |  8417 | 84773 |   2.8 |    14M | 101 | 451 | 540 | 540 |   0 |  0 |   0 |  40 | 3.200000e+01 | 6.210000e+01 |  94.06%|   0.31%
 10.2s| 30100 |  8443 | 85054 |   2.8 |    14M | 101 | 451 | 540 | 540 |   0 |  0 |   0 |  40 | 3.200000e+01 | 6.210000e+01 |  94.06%|   0.31%
 10.3s| 30200 |  8469 | 85300 |   2.8 |    14M | 101 | 451 | 540 | 540 |   0 |  0 |   0 |  40 | 3.200000e+01 | 6.210000e+01 |  94.06%|   0.31%
 10.3s| 30300 |  8491 | 85571 |   2.8 |    14M | 101 | 451 | 540 | 540 |   0 |  0 |   0 |  40 | 3.200000e+01 | 6.210000e+01 |  94.06%|   0.31%
 10.3s| 30400 |  8509 | 85803 |   2.8 |    14M | 101 | 451 | 540 | 540 |   0 |  0 |   0 |  40 | 3.200000e+01 | 6.210000e+01 |  94.06%|   0.31%
 10.4s| 30500 |  8545 | 86052 |   2.8 |    14M | 101 | 451 | 540 | 540 |   0 |  0 |   0 |  40 | 3.200000e+01 | 6.210000e+01 |  94.06%|   0.31%
 10.4s| 30600 |  8573 | 86351 |   2.8 |    14M | 101 | 451 | 540 | 540 |   0 |  0 |   0 |  40 | 3.200000e+01 | 6.210000e+01 |  94.06%|   0.31%
 10.4s| 30700 |  8593 | 86553 |   2.8 |    14M | 101 | 451 | 540 | 540 |   0 |  0 |   0 |  40 | 3.200000e+01 | 6.210000e+01 |  94.06%|   0.31%
 10.5s| 30800 |  8615 | 86827 |   2.8 |    14M | 101 | 451 | 540 | 540 |   0 |  0 |   0 |  40 | 3.200000e+01 | 6.210000e+01 |  94.06%|   0.31%
 10.5s| 30900 |  8639 | 87104 |   2.8 |    14M | 101 | 451 | 540 | 540 |   0 |  0 |   0 |  40 | 3.200000e+01 | 6.210000e+01 |  94.06%|   0.31%
 10.5s| 31000 |  8669 | 87340 |   2.8 |    14M | 101 | 451 | 540 | 540 |   0 |  0 |   0 |  40 | 3.200000e+01 | 6.210000e+01 |  94.06%|   0.31%
 10.6s| 31100 |  8695 | 87560 |   2.8 |    14M | 101 | 451 | 540 | 540 |   0 |  0 |   0 |  40 | 3.200000e+01 | 6.210000e+01 |  94.06%|   0.31%
 10.6s| 31200 |  8733 | 87826 |   2.8 |    15M | 107 | 451 | 540 | 540 |   0 |  0 |   0 |  40 | 3.200000e+01 | 6.210000e+01 |  94.06%|   0.31%
 10.6s| 31300 |  8757 | 88156 |   2.8 |    15M | 107 | 451 | 540 | 540 |   0 |  0 |   0 |  40 | 3.200000e+01 | 6.210000e+01 |  94.06%|   0.31%
 time | node  | left  |LP iter|LP it/n|mem/heur|mdpt |vars |cons |rows |cuts |sepa|confs|strbr|  dualbound   | primalbound  |  gap   | compl. 
 10.7s| 31400 |  8785 | 88405 |   2.8 |    15M | 107 | 451 | 540 | 540 |   0 |  0 |   0 |  40 | 3.200000e+01 | 6.210000e+01 |  94.06%|   0.31%
 10.7s| 31500 |  8805 | 88668 |   2.8 |    15M | 107 | 451 | 540 | 540 |   0 |  0 |   0 |  40 | 3.200000e+01 | 6.210000e+01 |  94.06%|   0.31%
 10.7s| 31600 |  8827 | 88938 |   2.8 |    15M | 107 | 451 | 540 | 540 |   0 |  0 |   0 |  40 | 3.200000e+01 | 6.210000e+01 |  94.06%|   0.31%
 10.8s| 31700 |  8849 | 89196 |   2.8 |    15M | 107 | 451 | 540 | 540 |   0 |  0 |   0 |  40 | 3.200000e+01 | 6.210000e+01 |  94.06%|   0.31%
 10.8s| 31800 |  8863 | 89488 |   2.8 |    15M | 107 | 451 | 540 | 540 |   0 |  0 |   0 |  40 | 3.200000e+01 | 6.210000e+01 |  94.06%|   0.31%
 10.8s| 31900 |  8895 | 89755 |   2.8 |    16M | 107 | 451 | 540 | 540 |   0 |  0 |   0 |  40 | 3.200000e+01 | 6.210000e+01 |  94.06%|   0.31%
 10.9s| 32000 |  8923 | 90007 |   2.8 |    16M | 107 | 451 | 540 | 540 |   0 |  0 |   0 |  40 | 3.200000e+01 | 6.210000e+01 |  94.06%|   0.31%
 10.9s| 32100 |  8941 | 90251 |   2.8 |    16M | 107 | 451 | 540 | 540 |   0 |  0 |   0 |  40 | 3.200000e+01 | 6.210000e+01 |  94.06%|   0.31%
 10.9s| 32200 |  8969 | 90469 |   2.8 |    16M | 107 | 451 | 540 | 540 |   0 |  0 |   0 |  40 | 3.200000e+01 | 6.210000e+01 |  94.06%|   0.31%
 11.0s| 32300 |  8989 | 90701 |   2.8 |    16M | 107 | 451 | 540 | 540 |   0 |  0 |   0 |  40 | 3.200000e+01 | 6.210000e+01 |  94.06%|   0.31%
 11.0s| 32400 |  9007 | 90906 |   2.8 |    16M | 107 | 451 | 540 | 540 |   0 |  0 |   0 |  40 | 3.200000e+01 | 6.210000e+01 |  94.06%|   0.31%
 11.0s| 32500 |  9029 | 91117 |   2.8 |    16M | 107 | 451 | 540 | 540 |   0 |  0 |   0 |  40 | 3.200000e+01 | 6.210000e+01 |  94.06%|   0.31%
 11.1s| 32600 |  9051 | 91353 |   2.8 |    16M | 107 | 451 | 540 | 540 |   0 |  0 |   0 |  40 | 3.200000e+01 | 6.210000e+01 |  94.06%|   0.31%
 11.1s| 32700 |  9069 | 91567 |   2.8 |    16M | 107 | 451 | 540 | 540 |   0 |  0 |   0 |  40 | 3.200000e+01 | 6.210000e+01 |  94.06%|   0.31%
 11.1s| 32800 |  9093 | 91797 |   2.8 |    16M | 107 | 451 | 540 | 540 |   0 |  0 |   0 |  40 | 3.200000e+01 | 6.210000e+01 |  94.06%|   0.31%
 time | node  | left  |LP iter|LP it/n|mem/heur|mdpt |vars |cons |rows |cuts |sepa|confs|strbr|  dualbound   | primalbound  |  gap   | compl. 
 11.2s| 32900 |  9113 | 92030 |   2.8 |    16M | 107 | 451 | 540 | 540 |   0 |  0 |   0 |  40 | 3.200000e+01 | 6.210000e+01 |  94.06%|   0.31%
 11.2s| 33000 |  9131 | 92252 |   2.8 |    16M | 107 | 451 | 540 | 540 |   0 |  0 |   0 |  40 | 3.200000e+01 | 6.210000e+01 |  94.06%|   0.31%
 11.2s| 33100 |  9149 | 92455 |   2.8 |    16M | 107 | 451 | 540 | 540 |   0 |  0 |   0 |  40 | 3.200000e+01 | 6.210000e+01 |  94.06%|   0.31%
 11.3s| 33200 |  9173 | 92706 |   2.8 |    16M | 107 | 451 | 540 | 540 |   0 |  0 |   0 |  40 | 3.200000e+01 | 6.210000e+01 |  94.06%|   0.31%
 11.3s| 33300 |  9193 | 92926 |   2.8 |    16M | 107 | 451 | 540 | 540 |   0 |  0 |   0 |  40 | 3.200000e+01 | 6.210000e+01 |  94.06%|   0.31%
 11.3s| 33400 |  9211 | 93222 |   2.8 |    16M | 107 | 451 | 540 | 540 |   0 |  0 |   0 |  40 | 3.200000e+01 | 6.210000e+01 |  94.06%|   0.31%
 11.4s| 33500 |  9231 | 93484 |   2.8 |    16M | 107 | 451 | 540 | 540 |   0 |  0 |   0 |  40 | 3.200000e+01 | 6.210000e+01 |  94.06%|   0.31%
 11.4s| 33600 |  9243 | 93710 |   2.8 |    16M | 107 | 451 | 540 | 540 |   0 |  0 |   0 |  40 | 3.200000e+01 | 6.210000e+01 |  94.06%|   0.31%
 11.4s| 33700 |  9261 | 93955 |   2.8 |    16M | 107 | 451 | 540 | 540 |   0 |  0 |   0 |  40 | 3.200000e+01 | 6.210000e+01 |  94.06%|   0.31%
 11.5s| 33800 |  9297 | 94229 |   2.8 |    16M | 107 | 451 | 540 | 540 |   0 |  0 |   0 |  40 | 3.200000e+01 | 6.210000e+01 |  94.06%|   0.31%
 11.5s| 33900 |  9317 | 94458 |   2.8 |    16M | 107 | 451 | 540 | 540 |   0 |  0 |   0 |  40 | 3.200000e+01 | 6.210000e+01 |  94.06%|   0.31%
 11.5s| 34000 |  9335 | 94723 |   2.8 |    16M | 107 | 451 | 540 | 540 |   0 |  0 |   0 |  40 | 3.200000e+01 | 6.210000e+01 |  94.06%|   0.31%
 11.6s| 34100 |  9363 | 94973 |   2.8 |    16M | 107 | 451 | 540 | 540 |   0 |  0 |   0 |  40 | 3.200000e+01 | 6.210000e+01 |  94.06%|   0.31%
 11.6s| 34200 |  9381 | 95224 |   2.8 |    16M | 107 | 451 | 540 | 540 |   0 |  0 |   0 |  40 | 3.200000e+01 | 6.210000e+01 |  94.06%|   0.31%
 11.6s| 34300 |  9411 | 95462 |   2.8 |    16M | 107 | 451 | 540 | 540 |   0 |  0 |   0 |  40 | 3.200000e+01 | 6.210000e+01 |  94.06%|   0.31%
 time | node  | left  |LP iter|LP it/n|mem/heur|mdpt |vars |cons |rows |cuts |sepa|confs|strbr|  dualbound   | primalbound  |  gap   | compl. 
 11.7s| 34400 |  9439 | 95820 |   2.8 |    16M | 107 | 451 | 540 | 540 |   0 |  0 |   0 |  40 | 3.200000e+01 | 6.210000e+01 |  94.06%|   0.31%
 11.7s| 34500 |  9463 | 96044 |   2.8 |    16M | 107 | 451 | 540 | 540 |   0 |  0 |   0 |  40 | 3.200000e+01 | 6.210000e+01 |  94.06%|   0.31%
 11.7s| 34600 |  9487 | 96283 |   2.8 |    16M | 107 | 451 | 540 | 540 |   0 |  0 |   0 |  40 | 3.200000e+01 | 6.210000e+01 |  94.06%|   0.31%
 11.8s| 34700 |  9509 | 96535 |   2.8 |    16M | 107 | 451 | 540 | 540 |   0 |  0 |   0 |  40 | 3.200000e+01 | 6.210000e+01 |  94.06%|   0.31%
 11.8s| 34800 |  9541 | 96798 |   2.8 |    16M | 107 | 451 | 540 | 540 |   0 |  0 |   0 |  40 | 3.200000e+01 | 6.210000e+01 |  94.06%|   0.31%
 11.8s| 34900 |  9569 | 97067 |   2.8 |    16M | 107 | 451 | 540 | 540 |   0 |  0 |   0 |  40 | 3.200000e+01 | 6.210000e+01 |  94.06%|   0.31%
 11.9s| 35000 |  9597 | 97290 |   2.8 |    16M | 107 | 451 | 540 | 540 |   0 |  0 |   0 |  40 | 3.200000e+01 | 6.210000e+01 |  94.06%|   0.31%
 11.9s| 35100 |  9623 | 97566 |   2.8 |    16M | 107 | 451 | 540 | 540 |   0 |  0 |   0 |  40 | 3.200000e+01 | 6.210000e+01 |  94.06%|   0.31%
 11.9s| 35200 |  9641 | 97831 |   2.8 |    16M | 107 | 451 | 540 | 540 |   0 |  0 |   0 |  40 | 3.200000e+01 | 6.210000e+01 |  94.06%|   0.31%
 12.0s| 35300 |  9665 | 98055 |   2.8 |    16M | 107 | 451 | 540 | 540 |   0 |  0 |   0 |  40 | 3.200000e+01 | 6.210000e+01 |  94.06%|   0.31%
 12.0s| 35400 |  9687 | 98280 |   2.8 |    16M | 107 | 451 | 540 | 540 |   0 |  0 |   0 |  40 | 3.200000e+01 | 6.210000e+01 |  94.06%|   0.31%
 12.0s| 35500 |  9705 | 98540 |   2.8 |    16M | 107 | 451 | 540 | 540 |   0 |  0 |   0 |  40 | 3.200000e+01 | 6.210000e+01 |  94.06%|   0.31%
 12.1s| 35600 |  9731 | 98822 |   2.8 |    16M | 107 | 451 | 540 | 540 |   0 |  0 |   0 |  40 | 3.200000e+01 | 6.210000e+01 |  94.06%|   0.31%
 12.1s| 35700 |  9753 | 99084 |   2.8 |    16M | 107 | 451 | 540 | 540 |   0 |  0 |   0 |  40 | 3.200000e+01 | 6.210000e+01 |  94.06%|   0.31%
 12.1s| 35800 |  9769 | 99401 |   2.8 |    16M | 107 | 451 | 540 | 540 |   0 |  0 |   0 |  40 | 3.200000e+01 | 6.210000e+01 |  94.06%|   0.31%
 time | node  | left  |LP iter|LP it/n|mem/heur|mdpt |vars |cons |rows |cuts |sepa|confs|strbr|  dualbound   | primalbound  |  gap   | compl. 
 12.2s| 35900 |  9795 | 99678 |   2.8 |    16M | 107 | 451 | 540 | 540 |   0 |  0 |   0 |  40 | 3.200000e+01 | 6.210000e+01 |  94.06%|   0.31%
 12.2s| 36000 |  9813 | 99996 |   2.8 |    16M | 107 | 451 | 540 | 540 |   0 |  0 |   0 |  40 | 3.200000e+01 | 6.210000e+01 |  94.06%|   0.31%
 12.2s| 36100 |  9853 |100264 |   2.8 |    16M | 108 | 451 | 540 | 540 |   0 |  0 |   0 |  40 | 3.200000e+01 | 6.210000e+01 |  94.06%|   0.31%
 12.3s| 36200 |  9883 |100520 |   2.8 |    16M | 108 | 451 | 540 | 540 |   0 |  0 |   0 |  40 | 3.200000e+01 | 6.210000e+01 |  94.06%|   0.31%
 12.3s| 36300 |  9905 |100844 |   2.8 |    16M | 111 | 451 | 540 | 540 |   0 |  0 |   0 |  40 | 3.200000e+01 | 6.210000e+01 |  94.06%|   0.31%
 12.3s| 36400 |  9925 |101088 |   2.8 |    16M | 111 | 451 | 540 | 540 |   0 |  0 |   0 |  40 | 3.200000e+01 | 6.210000e+01 |  94.06%|   0.31%
 12.4s| 36500 |  9951 |101381 |   2.8 |    16M | 111 | 451 | 540 | 540 |   0 |  0 |   0 |  40 | 3.200000e+01 | 6.210000e+01 |  94.06%|   0.31%
 12.4s| 36600 |  9981 |101662 |   2.8 |    16M | 111 | 451 | 540 | 540 |   0 |  0 |   0 |  40 | 3.200000e+01 | 6.210000e+01 |  94.06%|   0.31%
 12.4s| 36700 | 10009 |101964 |   2.8 |    16M | 111 | 451 | 540 | 540 |   0 |  0 |   0 |  40 | 3.200000e+01 | 6.210000e+01 |  94.06%|   0.31%
 12.5s| 36800 | 10027 |102196 |   2.8 |    16M | 111 | 451 | 540 | 540 |   0 |  0 |   0 |  40 | 3.200000e+01 | 6.210000e+01 |  94.06%|   0.31%
 12.5s| 36900 | 10049 |102467 |   2.8 |    16M | 111 | 451 | 540 | 540 |   0 |  0 |   0 |  40 | 3.200000e+01 | 6.210000e+01 |  94.06%|   0.31%
 12.5s| 37000 | 10075 |102741 |   2.8 |    16M | 111 | 451 | 540 | 540 |   0 |  0 |   0 |  40 | 3.200000e+01 | 6.210000e+01 |  94.06%|   0.31%
 12.6s| 37100 | 10101 |102992 |   2.8 |    16M | 111 | 451 | 540 | 540 |   0 |  0 |   0 |  40 | 3.200000e+01 | 6.210000e+01 |  94.06%|   0.31%
 12.6s| 37200 | 10119 |103201 |   2.8 |    16M | 111 | 451 | 540 | 540 |   0 |  0 |   0 |  40 | 3.200000e+01 | 6.210000e+01 |  94.06%|   0.31%
 12.6s| 37300 | 10149 |103469 |   2.8 |    16M | 111 | 451 | 540 | 540 |   0 |  0 |   0 |  40 | 3.200000e+01 | 6.210000e+01 |  94.06%|   0.31%
 time | node  | left  |LP iter|LP it/n|mem/heur|mdpt |vars |cons |rows |cuts |sepa|confs|strbr|  dualbound   | primalbound  |  gap   | compl. 
 12.7s| 37400 | 10179 |103766 |   2.8 |    16M | 111 | 451 | 540 | 540 |   0 |  0 |   0 |  40 | 3.200000e+01 | 6.210000e+01 |  94.06%|   0.31%
 12.7s| 37500 | 10209 |104020 |   2.8 |    16M | 111 | 451 | 540 | 540 |   0 |  0 |   0 |  40 | 3.200000e+01 | 6.210000e+01 |  94.06%|   0.31%
 12.7s| 37600 | 10227 |104302 |   2.8 |    16M | 111 | 451 | 540 | 540 |   0 |  0 |   0 |  40 | 3.200000e+01 | 6.210000e+01 |  94.06%|   0.31%
 12.8s| 37700 | 10251 |104590 |   2.8 |    16M | 111 | 451 | 540 | 540 |   0 |  0 |   0 |  40 | 3.200000e+01 | 6.210000e+01 |  94.06%|   0.31%
 12.8s| 37800 | 10275 |104859 |   2.8 |    16M | 111 | 451 | 540 | 540 |   0 |  0 |   0 |  40 | 3.200000e+01 | 6.210000e+01 |  94.06%|   0.31%
 12.8s| 37900 | 10299 |105101 |   2.8 |    16M | 111 | 451 | 540 | 540 |   0 |  0 |   0 |  40 | 3.200000e+01 | 6.210000e+01 |  94.06%|   0.31%
 12.9s| 38000 | 10323 |105353 |   2.8 |    16M | 111 | 451 | 540 | 540 |   0 |  0 |   0 |  40 | 3.200000e+01 | 6.210000e+01 |  94.06%|   0.31%
 12.9s| 38100 | 10349 |105593 |   2.8 |    16M | 111 | 451 | 540 | 540 |   0 |  0 |   0 |  40 | 3.200000e+01 | 6.210000e+01 |  94.06%|   0.31%
 12.9s| 38200 | 10371 |105874 |   2.8 |    16M | 111 | 451 | 540 | 540 |   0 |  0 |   0 |  40 | 3.200000e+01 | 6.210000e+01 |  94.06%|   0.31%
 13.0s| 38300 | 10399 |106148 |   2.8 |    16M | 111 | 451 | 540 | 540 |   0 |  0 |   0 |  40 | 3.200000e+01 | 6.210000e+01 |  94.06%|   0.31%
 13.0s| 38400 | 10423 |106394 |   2.8 |    16M | 111 | 451 | 540 | 540 |   0 |  0 |   0 |  40 | 3.200000e+01 | 6.210000e+01 |  94.06%|   0.31%
 13.0s| 38500 | 10449 |106691 |   2.8 |    16M | 112 | 451 | 540 | 540 |   0 |  0 |   0 |  40 | 3.200000e+01 | 6.210000e+01 |  94.06%|   0.31%
 13.1s| 38600 | 10473 |106926 |   2.8 |    16M | 112 | 451 | 540 | 540 |   0 |  0 |   0 |  40 | 3.200000e+01 | 6.210000e+01 |  94.06%|   0.31%
 13.1s| 38700 | 10491 |107226 |   2.8 |    16M | 112 | 451 | 540 | 540 |   0 |  0 |   0 |  40 | 3.200000e+01 | 6.210000e+01 |  94.06%|   0.31%
 13.1s| 38800 | 10517 |107462 |   2.8 |    16M | 112 | 451 | 540 | 540 |   0 |  0 |   0 |  40 | 3.200000e+01 | 6.210000e+01 |  94.06%|   0.31%
 time | node  | left  |LP iter|LP it/n|mem/heur|mdpt |vars |cons |rows |cuts |sepa|confs|strbr|  dualbound   | primalbound  |  gap   | compl. 
 13.2s| 38900 | 10535 |107723 |   2.8 |    16M | 112 | 451 | 540 | 540 |   0 |  0 |   0 |  40 | 3.200000e+01 | 6.210000e+01 |  94.06%|   0.31%
 13.2s| 39000 | 10555 |107938 |   2.8 |    16M | 112 | 451 | 540 | 540 |   0 |  0 |   0 |  40 | 3.200000e+01 | 6.210000e+01 |  94.06%|   0.31%
 13.2s| 39100 | 10575 |108215 |   2.8 |    16M | 112 | 451 | 540 | 540 |   0 |  0 |   0 |  40 | 3.200000e+01 | 6.210000e+01 |  94.06%|   0.31%
 13.3s| 39200 | 10593 |108471 |   2.8 |    16M | 112 | 451 | 540 | 540 |   0 |  0 |   0 |  40 | 3.200000e+01 | 6.210000e+01 |  94.06%|   0.31%
 13.3s| 39300 | 10615 |108765 |   2.8 |    16M | 112 | 451 | 540 | 540 |   0 |  0 |   0 |  40 | 3.200000e+01 | 6.210000e+01 |  94.06%|   0.31%
 13.3s| 39400 | 10635 |109045 |   2.8 |    16M | 112 | 451 | 540 | 540 |   0 |  0 |   0 |  40 | 3.200000e+01 | 6.210000e+01 |  94.06%|   0.31%
 13.4s| 39500 | 10663 |109324 |   2.8 |    16M | 112 | 451 | 540 | 540 |   0 |  0 |   0 |  40 | 3.200000e+01 | 6.210000e+01 |  94.06%|   0.31%
 13.4s| 39600 | 10687 |109571 |   2.8 |    16M | 112 | 451 | 540 | 540 |   0 |  0 |   0 |  40 | 3.200000e+01 | 6.210000e+01 |  94.06%|   0.31%
 13.4s| 39700 | 10713 |109864 |   2.8 |    16M | 112 | 451 | 540 | 540 |   0 |  0 |   0 |  40 | 3.200000e+01 | 6.210000e+01 |  94.06%|   0.31%
 13.5s| 39800 | 10731 |110111 |   2.8 |    16M | 112 | 451 | 540 | 540 |   0 |  0 |   0 |  40 | 3.200000e+01 | 6.210000e+01 |  94.06%|   0.31%
 13.5s| 39900 | 10749 |110373 |   2.8 |    16M | 112 | 451 | 540 | 540 |   0 |  0 |   0 |  40 | 3.200000e+01 | 6.210000e+01 |  94.06%|   0.31%
 13.5s| 40000 | 10771 |110599 |   2.8 |    16M | 112 | 451 | 540 | 540 |   0 |  0 |   0 |  40 | 3.200000e+01 | 6.210000e+01 |  94.06%|   0.31%
 13.6s| 40100 | 10793 |110870 |   2.8 |    16M | 112 | 451 | 540 | 540 |   0 |  0 |   0 |  40 | 3.200000e+01 | 6.210000e+01 |  94.06%|   0.31%
 13.6s| 40200 | 10809 |111151 |   2.8 |    16M | 112 | 451 | 540 | 540 |   0 |  0 |   0 |  40 | 3.200000e+01 | 6.210000e+01 |  94.06%|   0.31%
 13.6s| 40300 | 10831 |111408 |   2.8 |    16M | 112 | 451 | 540 | 540 |   0 |  0 |   0 |  40 | 3.200000e+01 | 6.210000e+01 |  94.06%|   0.31%
 time | node  | left  |LP iter|LP it/n|mem/heur|mdpt |vars |cons |rows |cuts |sepa|confs|strbr|  dualbound   | primalbound  |  gap   | compl. 
 13.7s| 40400 | 10853 |111693 |   2.8 |    16M | 112 | 451 | 540 | 540 |   0 |  0 |   0 |  40 | 3.200000e+01 | 6.210000e+01 |  94.06%|   0.31%
 13.7s| 40500 | 10877 |111902 |   2.8 |    16M | 112 | 451 | 540 | 540 |   0 |  0 |   0 |  40 | 3.200000e+01 | 6.210000e+01 |  94.06%|   0.31%
 13.7s| 40600 | 10895 |112222 |   2.8 |    16M | 112 | 451 | 540 | 540 |   0 |  0 |   0 |  40 | 3.200000e+01 | 6.210000e+01 |  94.06%|   0.31%
 13.8s| 40700 | 10927 |112471 |   2.8 |    16M | 112 | 451 | 540 | 540 |   0 |  0 |   0 |  40 | 3.200000e+01 | 6.210000e+01 |  94.06%|   0.31%
 13.8s| 40800 | 10953 |112740 |   2.8 |    16M | 112 | 451 | 540 | 540 |   0 |  0 |   0 |  40 | 3.200000e+01 | 6.210000e+01 |  94.06%|   0.31%
 13.8s| 40900 | 10971 |113023 |   2.8 |    17M | 112 | 451 | 540 | 540 |   0 |  0 |   0 |  40 | 3.200000e+01 | 6.210000e+01 |  94.06%|   0.31%
 13.9s| 41000 | 11009 |113258 |   2.8 |    17M | 112 | 451 | 540 | 540 |   0 |  0 |   0 |  40 | 3.200000e+01 | 6.210000e+01 |  94.06%|   0.31%
 13.9s| 41100 | 11025 |113523 |   2.8 |    17M | 112 | 451 | 540 | 540 |   0 |  0 |   0 |  40 | 3.200000e+01 | 6.210000e+01 |  94.06%|   0.31%
 13.9s| 41200 | 11043 |113820 |   2.8 |    17M | 112 | 451 | 540 | 540 |   0 |  0 |   0 |  40 | 3.200000e+01 | 6.210000e+01 |  94.06%|   0.31%
 14.0s| 41300 | 11073 |114037 |   2.8 |    17M | 112 | 451 | 540 | 540 |   0 |  0 |   0 |  40 | 3.200000e+01 | 6.210000e+01 |  94.06%|   0.31%
 14.0s| 41400 | 11089 |114298 |   2.8 |    17M | 112 | 451 | 540 | 540 |   0 |  0 |   0 |  40 | 3.200000e+01 | 6.210000e+01 |  94.06%|   0.31%
 14.0s| 41500 | 11113 |114545 |   2.8 |    17M | 112 | 451 | 540 | 540 |   0 |  0 |   0 |  40 | 3.200000e+01 | 6.210000e+01 |  94.06%|   0.31%
 14.1s| 41600 | 11129 |114870 |   2.8 |    17M | 112 | 451 | 540 | 540 |   0 |  0 |   0 |  40 | 3.200000e+01 | 6.210000e+01 |  94.06%|   0.31%
 14.1s| 41700 | 11157 |115128 |   2.8 |    17M | 112 | 451 | 540 | 540 |   0 |  0 |   0 |  40 | 3.200000e+01 | 6.210000e+01 |  94.06%|   0.31%
 14.1s| 41800 | 11183 |115346 |   2.8 |    17M | 112 | 451 | 540 | 540 |   0 |  0 |   0 |  40 | 3.200000e+01 | 6.210000e+01 |  94.06%|   0.31%
 time | node  | left  |LP iter|LP it/n|mem/heur|mdpt |vars |cons |rows |cuts |sepa|confs|strbr|  dualbound   | primalbound  |  gap   | compl. 
 14.2s| 41900 | 11205 |115602 |   2.8 |    17M | 112 | 451 | 540 | 540 |   0 |  0 |   0 |  40 | 3.200000e+01 | 6.210000e+01 |  94.06%|   0.31%
 14.2s| 42000 | 11235 |115831 |   2.8 |    17M | 112 | 451 | 540 | 540 |   0 |  0 |   0 |  40 | 3.200000e+01 | 6.210000e+01 |  94.06%|   0.31%
 14.2s| 42100 | 11257 |116083 |   2.8 |    17M | 112 | 451 | 540 | 540 |   0 |  0 |   0 |  40 | 3.200000e+01 | 6.210000e+01 |  94.06%|   0.31%
 14.3s| 42200 | 11279 |116303 |   2.8 |    17M | 112 | 451 | 540 | 540 |   0 |  0 |   0 |  40 | 3.200000e+01 | 6.210000e+01 |  94.06%|   0.31%
 14.3s| 42300 | 11299 |116558 |   2.8 |    17M | 112 | 451 | 540 | 540 |   0 |  0 |   0 |  40 | 3.200000e+01 | 6.210000e+01 |  94.06%|   0.31%
 14.3s| 42400 | 11327 |116832 |   2.8 |    17M | 112 | 451 | 540 | 540 |   0 |  0 |   0 |  40 | 3.200000e+01 | 6.210000e+01 |  94.06%|   0.31%
 14.4s| 42500 | 11351 |117125 |   2.8 |    17M | 112 | 451 | 540 | 540 |   0 |  0 |   0 |  40 | 3.200000e+01 | 6.210000e+01 |  94.06%|   0.31%
 14.4s| 42600 | 11373 |117355 |   2.8 |    17M | 112 | 451 | 540 | 540 |   0 |  0 |   0 |  40 | 3.200000e+01 | 6.210000e+01 |  94.06%|   0.31%
 14.4s| 42700 | 11391 |117637 |   2.8 |    17M | 112 | 451 | 540 | 540 |   0 |  0 |   0 |  40 | 3.200000e+01 | 6.210000e+01 |  94.06%|   0.31%
 14.5s| 42800 | 11413 |117915 |   2.8 |    17M | 112 | 451 | 540 | 540 |   0 |  0 |   0 |  40 | 3.200000e+01 | 6.210000e+01 |  94.06%|   0.31%
 14.5s| 42900 | 11433 |118186 |   2.8 |    17M | 112 | 451 | 540 | 540 |   0 |  0 |   0 |  40 | 3.200000e+01 | 6.210000e+01 |  94.06%|   0.31%
 14.5s| 43000 | 11465 |118456 |   2.8 |    17M | 112 | 451 | 540 | 540 |   0 |  0 |   0 |  40 | 3.200000e+01 | 6.210000e+01 |  94.06%|   0.31%
 14.6s| 43100 | 11483 |118718 |   2.8 |    17M | 112 | 451 | 540 | 540 |   0 |  0 |   0 |  40 | 3.200000e+01 | 6.210000e+01 |  94.06%|   0.31%
 14.6s| 43200 | 11509 |119031 |   2.8 |    17M | 112 | 451 | 540 | 540 |   0 |  0 |   0 |  40 | 3.200000e+01 | 6.210000e+01 |  94.06%|   0.31%
 14.6s| 43300 | 11527 |119284 |   2.8 |    17M | 112 | 451 | 540 | 540 |   0 |  0 |   0 |  40 | 3.200000e+01 | 6.210000e+01 |  94.06%|   0.31%
 time | node  | left  |LP iter|LP it/n|mem/heur|mdpt |vars |cons |rows |cuts |sepa|confs|strbr|  dualbound   | primalbound  |  gap   | compl. 
 14.7s| 43400 | 11545 |119530 |   2.8 |    17M | 112 | 451 | 540 | 540 |   0 |  0 |   0 |  40 | 3.200000e+01 | 6.210000e+01 |  94.06%|   0.31%
 14.7s| 43500 | 11567 |119749 |   2.7 |    17M | 112 | 451 | 540 | 540 |   0 |  0 |   0 |  40 | 3.200000e+01 | 6.210000e+01 |  94.06%|   0.31%
 14.7s| 43600 | 11595 |120025 |   2.7 |    17M | 112 | 451 | 540 | 540 |   0 |  0 |   0 |  40 | 3.200000e+01 | 6.210000e+01 |  94.06%|   0.31%
 14.8s| 43700 | 11621 |120322 |   2.7 |    17M | 112 | 451 | 540 | 540 |   0 |  0 |   0 |  40 | 3.200000e+01 | 6.210000e+01 |  94.06%|   0.31%
 14.8s| 43800 | 11645 |120591 |   2.7 |    17M | 112 | 451 | 540 | 540 |   0 |  0 |   0 |  40 | 3.200000e+01 | 6.210000e+01 |  94.06%|   0.31%
 14.8s| 43900 | 11659 |120857 |   2.7 |    17M | 112 | 451 | 540 | 540 |   0 |  0 |   0 |  40 | 3.200000e+01 | 6.210000e+01 |  94.06%|   0.31%
 14.9s| 44000 | 11679 |121097 |   2.7 |    17M | 112 | 451 | 540 | 540 |   0 |  0 |   0 |  40 | 3.200000e+01 | 6.210000e+01 |  94.06%|   0.31%
 14.9s| 44100 | 11705 |121381 |   2.7 |    17M | 112 | 451 | 540 | 540 |   0 |  0 |   0 |  40 | 3.200000e+01 | 6.210000e+01 |  94.06%|   0.31%
 14.9s| 44200 | 11723 |121684 |   2.7 |    17M | 112 | 451 | 540 | 540 |   0 |  0 |   0 |  40 | 3.200000e+01 | 6.210000e+01 |  94.06%|   0.31%
 15.0s| 44300 | 11743 |121959 |   2.7 |    17M | 112 | 451 | 540 | 540 |   0 |  0 |   0 |  40 | 3.200000e+01 | 6.210000e+01 |  94.06%|   0.31%
 15.0s| 44400 | 11757 |122247 |   2.7 |    17M | 112 | 451 | 540 | 540 |   0 |  0 |   0 |  40 | 3.200000e+01 | 6.210000e+01 |  94.06%|   0.31%
 15.0s| 44500 | 11775 |122530 |   2.7 |    17M | 112 | 451 | 540 | 540 |   0 |  0 |   0 |  40 | 3.200000e+01 | 6.210000e+01 |  94.06%|   0.31%
 15.1s| 44600 | 11793 |122835 |   2.8 |    17M | 112 | 451 | 540 | 540 |   0 |  0 |   0 |  40 | 3.200000e+01 | 6.210000e+01 |  94.06%|   0.31%
 15.1s| 44700 | 11815 |123110 |   2.8 |    17M | 112 | 451 | 540 | 540 |   0 |  0 |   0 |  40 | 3.200000e+01 | 6.210000e+01 |  94.06%|   0.31%
 15.1s| 44800 | 11835 |123370 |   2.8 |    17M | 112 | 451 | 540 | 540 |   0 |  0 |   0 |  40 | 3.200000e+01 | 6.210000e+01 |  94.06%|   0.31%
 time | node  | left  |LP iter|LP it/n|mem/heur|mdpt |vars |cons |rows |cuts |sepa|confs|strbr|  dualbound   | primalbound  |  gap   | compl. 
 15.2s| 44900 | 11865 |123694 |   2.8 |    17M | 112 | 451 | 540 | 540 |   0 |  0 |   0 |  40 | 3.200000e+01 | 6.210000e+01 |  94.06%|   0.31%
 15.2s| 45000 | 11885 |123958 |   2.8 |    17M | 112 | 451 | 540 | 540 |   0 |  0 |   0 |  40 | 3.200000e+01 | 6.210000e+01 |  94.06%|   0.31%
 15.2s| 45100 | 11909 |124233 |   2.8 |    17M | 112 | 451 | 540 | 540 |   0 |  0 |   0 |  40 | 3.200000e+01 | 6.210000e+01 |  94.06%|   0.31%
 15.3s| 45200 | 11927 |124481 |   2.8 |    17M | 112 | 451 | 540 | 540 |   0 |  0 |   0 |  40 | 3.200000e+01 | 6.210000e+01 |  94.06%|   0.31%
 15.3s| 45300 | 11943 |124814 |   2.8 |    17M | 112 | 451 | 540 | 540 |   0 |  0 |   0 |  40 | 3.200000e+01 | 6.210000e+01 |  94.06%|   0.31%
 15.4s| 45400 | 11969 |125093 |   2.8 |    17M | 112 | 451 | 540 | 540 |   0 |  0 |   0 |  40 | 3.200000e+01 | 6.210000e+01 |  94.06%|   0.31%
 15.4s| 45500 | 11989 |125390 |   2.8 |    17M | 112 | 451 | 540 | 540 |   0 |  0 |   0 |  40 | 3.200000e+01 | 6.210000e+01 |  94.06%|   0.31%
 15.4s| 45600 | 12009 |125694 |   2.8 |    17M | 112 | 451 | 540 | 540 |   0 |  0 |   0 |  40 | 3.200000e+01 | 6.210000e+01 |  94.06%|   0.31%
 15.5s| 45700 | 12025 |125964 |   2.8 |    17M | 112 | 451 | 540 | 540 |   0 |  0 |   0 |  40 | 3.200000e+01 | 6.210000e+01 |  94.06%|   0.31%
 15.5s| 45800 | 12049 |126258 |   2.8 |    18M | 112 | 451 | 540 | 540 |   0 |  0 |   0 |  40 | 3.200000e+01 | 6.210000e+01 |  94.06%|   0.31%
 15.5s| 45900 | 12069 |126584 |   2.8 |    18M | 112 | 451 | 540 | 540 |   0 |  0 |   0 |  40 | 3.200000e+01 | 6.210000e+01 |  94.06%|   0.31%
 15.6s| 46000 | 12087 |126905 |   2.8 |    18M | 112 | 451 | 540 | 540 |   0 |  0 |   0 |  40 | 3.200000e+01 | 6.210000e+01 |  94.06%|   0.31%
 15.6s| 46100 | 12117 |127136 |   2.8 |    18M | 112 | 451 | 540 | 540 |   0 |  0 |   0 |  40 | 3.200000e+01 | 6.210000e+01 |  94.06%|   0.31%
 15.6s| 46200 | 12143 |127397 |   2.8 |    18M | 112 | 451 | 540 | 540 |   0 |  0 |   0 |  40 | 3.200000e+01 | 6.210000e+01 |  94.06%|   0.31%
 15.7s| 46300 | 12161 |127677 |   2.8 |    18M | 112 | 451 | 540 | 540 |   0 |  0 |   0 |  40 | 3.200000e+01 | 6.210000e+01 |  94.06%|   0.31%
 time | node  | left  |LP iter|LP it/n|mem/heur|mdpt |vars |cons |rows |cuts |sepa|confs|strbr|  dualbound   | primalbound  |  gap   | compl. 
 15.7s| 46400 | 12173 |127929 |   2.8 |    18M | 112 | 451 | 540 | 540 |   0 |  0 |   0 |  40 | 3.200000e+01 | 6.210000e+01 |  94.06%|   0.31%
 15.7s| 46500 | 12197 |128210 |   2.8 |    18M | 112 | 451 | 540 | 540 |   0 |  0 |   0 |  40 | 3.200000e+01 | 6.210000e+01 |  94.06%|   0.31%
 15.8s| 46600 | 12213 |128445 |   2.8 |    18M | 112 | 451 | 540 | 540 |   0 |  0 |   0 |  40 | 3.200000e+01 | 6.210000e+01 |  94.06%|   0.31%
 15.8s| 46700 | 12235 |128693 |   2.8 |    18M | 112 | 451 | 540 | 540 |   0 |  0 |   0 |  40 | 3.200000e+01 | 6.210000e+01 |  94.06%|   0.31%
 15.8s| 46800 | 12247 |129020 |   2.8 |    18M | 112 | 451 | 540 | 540 |   0 |  0 |   0 |  40 | 3.200000e+01 | 6.210000e+01 |  94.06%|   0.31%
 15.9s| 46900 | 12267 |129311 |   2.8 |    18M | 112 | 451 | 540 | 540 |   0 |  0 |   0 |  40 | 3.200000e+01 | 6.210000e+01 |  94.06%|   0.31%
 15.9s| 47000 | 12281 |129590 |   2.8 |    18M | 112 | 451 | 540 | 540 |   0 |  0 |   0 |  40 | 3.200000e+01 | 6.210000e+01 |  94.06%|   0.31%
 15.9s| 47100 | 12299 |129921 |   2.8 |    18M | 112 | 451 | 540 | 540 |   0 |  0 |   0 |  40 | 3.200000e+01 | 6.210000e+01 |  94.06%|   0.31%
 16.0s| 47200 | 12317 |130169 |   2.8 |    18M | 112 | 451 | 540 | 540 |   0 |  0 |   0 |  40 | 3.200000e+01 | 6.210000e+01 |  94.06%|   0.31%
 16.0s| 47300 | 12335 |130485 |   2.8 |    18M | 112 | 451 | 540 | 540 |   0 |  0 |   0 |  40 | 3.200000e+01 | 6.210000e+01 |  94.06%|   0.31%
 16.0s| 47400 | 12351 |130739 |   2.8 |    18M | 112 | 451 | 540 | 540 |   0 |  0 |   0 |  40 | 3.200000e+01 | 6.210000e+01 |  94.06%|   0.31%
 16.1s| 47500 | 12369 |131038 |   2.8 |    18M | 112 | 451 | 540 | 540 |   0 |  0 |   0 |  40 | 3.200000e+01 | 6.210000e+01 |  94.06%|   0.31%
 16.1s| 47600 | 12391 |131282 |   2.8 |    18M | 112 | 451 | 540 | 540 |   0 |  0 |   0 |  40 | 3.200000e+01 | 6.210000e+01 |  94.06%|   0.31%
 16.1s| 47700 | 12409 |131567 |   2.8 |    18M | 112 | 451 | 540 | 540 |   0 |  0 |   0 |  40 | 3.200000e+01 | 6.210000e+01 |  94.06%|   0.31%
 16.2s| 47800 | 12425 |131897 |   2.8 |    18M | 112 | 451 | 540 | 540 |   0 |  0 |   0 |  40 | 3.200000e+01 | 6.210000e+01 |  94.06%|   0.31%
 time | node  | left  |LP iter|LP it/n|mem/heur|mdpt |vars |cons |rows |cuts |sepa|confs|strbr|  dualbound   | primalbound  |  gap   | compl. 
 16.2s| 47900 | 12439 |132187 |   2.8 |    18M | 112 | 451 | 540 | 540 |   0 |  0 |   0 |  40 | 3.200000e+01 | 6.210000e+01 |  94.06%|   0.31%
 16.2s| 48000 | 12463 |132479 |   2.8 |    18M | 112 | 451 | 540 | 540 |   0 |  0 |   0 |  40 | 3.200000e+01 | 6.210000e+01 |  94.06%|   0.31%
 16.3s| 48100 | 12475 |132782 |   2.8 |    18M | 112 | 451 | 540 | 540 |   0 |  0 |   0 |  40 | 3.200000e+01 | 6.210000e+01 |  94.06%|   0.31%
 16.3s| 48200 | 12497 |133055 |   2.8 |    18M | 112 | 451 | 540 | 540 |   0 |  0 |   0 |  40 | 3.200000e+01 | 6.210000e+01 |  94.06%|   0.31%
 16.3s| 48300 | 12513 |133309 |   2.8 |    18M | 112 | 451 | 540 | 540 |   0 |  0 |   0 |  40 | 3.200000e+01 | 6.210000e+01 |  94.06%|   0.31%
 16.4s| 48400 | 12531 |133595 |   2.8 |    18M | 112 | 451 | 540 | 540 |   0 |  0 |   0 |  40 | 3.200000e+01 | 6.210000e+01 |  94.06%|   0.31%
 16.4s| 48500 | 12547 |133911 |   2.8 |    18M | 112 | 451 | 540 | 540 |   0 |  0 |   0 |  40 | 3.200000e+01 | 6.210000e+01 |  94.06%|   0.31%
 16.4s| 48600 | 12567 |134184 |   2.8 |    18M | 112 | 451 | 540 | 540 |   0 |  0 |   0 |  40 | 3.200000e+01 | 6.210000e+01 |  94.06%|   0.31%
 16.5s| 48700 | 12587 |134450 |   2.8 |    18M | 112 | 451 | 540 | 540 |   0 |  0 |   0 |  40 | 3.200000e+01 | 6.210000e+01 |  94.06%|   0.31%
 16.5s| 48800 | 12609 |134707 |   2.8 |    18M | 112 | 451 | 540 | 540 |   0 |  0 |   0 |  40 | 3.200000e+01 | 6.210000e+01 |  94.06%|   0.31%
 16.5s| 48900 | 12627 |134914 |   2.8 |    18M | 112 | 451 | 540 | 540 |   0 |  0 |   0 |  40 | 3.200000e+01 | 6.210000e+01 |  94.06%|   0.31%
 16.6s| 49000 | 12643 |135148 |   2.8 |    18M | 112 | 451 | 540 | 540 |   0 |  0 |   0 |  40 | 3.200000e+01 | 6.210000e+01 |  94.06%|   0.31%
 16.6s| 49100 | 12671 |135444 |   2.8 |    18M | 112 | 451 | 540 | 540 |   0 |  0 |   0 |  40 | 3.200000e+01 | 6.210000e+01 |  94.06%|   0.31%
 16.6s| 49200 | 12693 |135698 |   2.8 |    18M | 112 | 451 | 540 | 540 |   0 |  0 |   0 |  40 | 3.200000e+01 | 6.210000e+01 |  94.06%|   0.31%
 16.7s| 49300 | 12717 |135961 |   2.8 |    18M | 112 | 451 | 540 | 540 |   0 |  0 |   0 |  40 | 3.200000e+01 | 6.210000e+01 |  94.06%|   0.31%
 time | node  | left  |LP iter|LP it/n|mem/heur|mdpt |vars |cons |rows |cuts |sepa|confs|strbr|  dualbound   | primalbound  |  gap   | compl. 
 16.7s| 49400 | 12737 |136277 |   2.8 |    18M | 112 | 451 | 540 | 540 |   0 |  0 |   0 |  40 | 3.200000e+01 | 6.210000e+01 |  94.06%|   0.31%
 16.7s| 49500 | 12763 |136568 |   2.8 |    18M | 112 | 451 | 540 | 540 |   0 |  0 |   0 |  40 | 3.200000e+01 | 6.210000e+01 |  94.06%|   0.31%
 16.8s| 49600 | 12785 |136810 |   2.8 |    18M | 112 | 451 | 540 | 540 |   0 |  0 |   0 |  40 | 3.200000e+01 | 6.210000e+01 |  94.06%|   0.31%
 16.8s| 49700 | 12809 |137051 |   2.8 |    18M | 112 | 451 | 540 | 540 |   0 |  0 |   0 |  40 | 3.200000e+01 | 6.210000e+01 |  94.06%|   0.31%
 16.8s| 49800 | 12835 |137286 |   2.8 |    18M | 112 | 451 | 540 | 540 |   0 |  0 |   0 |  40 | 3.200000e+01 | 6.210000e+01 |  94.06%|   0.31%
 16.9s| 49900 | 12853 |137556 |   2.8 |    18M | 112 | 451 | 540 | 540 |   0 |  0 |   0 |  40 | 3.200000e+01 | 6.210000e+01 |  94.06%|   0.31%
 16.9s| 50000 | 12867 |137786 |   2.8 |    18M | 112 | 451 | 540 | 540 |   0 |  0 |   0 |  40 | 3.200000e+01 | 6.210000e+01 |  94.06%|   0.31%
 16.9s| 50100 | 12893 |138079 |   2.8 |    18M | 112 | 451 | 540 | 540 |   0 |  0 |   0 |  40 | 3.200000e+01 | 6.210000e+01 |  94.06%|   0.31%
 17.0s| 50200 | 12915 |138320 |   2.8 |    18M | 112 | 451 | 540 | 540 |   0 |  0 |   0 |  40 | 3.200000e+01 | 6.210000e+01 |  94.06%|   0.31%
 17.0s| 50300 | 12937 |138570 |   2.8 |    18M | 112 | 451 | 540 | 540 |   0 |  0 |   0 |  40 | 3.200000e+01 | 6.210000e+01 |  94.06%|   0.31%
 17.0s| 50400 | 12957 |138806 |   2.8 |    18M | 112 | 451 | 540 | 540 |   0 |  0 |   0 |  40 | 3.200000e+01 | 6.210000e+01 |  94.06%|   0.31%
 17.1s| 50500 | 12975 |139032 |   2.8 |    18M | 112 | 451 | 540 | 540 |   0 |  0 |   0 |  40 | 3.200000e+01 | 6.210000e+01 |  94.06%|   0.31%
 17.1s| 50600 | 12995 |139315 |   2.8 |    18M | 112 | 451 | 540 | 540 |   0 |  0 |   0 |  40 | 3.200000e+01 | 6.210000e+01 |  94.06%|   0.31%
 17.1s| 50700 | 13017 |139545 |   2.7 |    18M | 112 | 451 | 540 | 540 |   0 |  0 |   0 |  40 | 3.200000e+01 | 6.210000e+01 |  94.06%|   0.31%
 17.2s| 50800 | 13039 |139765 |   2.7 |    18M | 112 | 451 | 540 | 540 |   0 |  0 |   0 |  40 | 3.200000e+01 | 6.210000e+01 |  94.06%|   0.31%
 time | node  | left  |LP iter|LP it/n|mem/heur|mdpt |vars |cons |rows |cuts |sepa|confs|strbr|  dualbound   | primalbound  |  gap   | compl. 
 17.2s| 50900 | 13063 |139993 |   2.7 |    19M | 112 | 451 | 540 | 540 |   0 |  0 |   0 |  40 | 3.200000e+01 | 6.210000e+01 |  94.06%|   0.31%
 17.2s| 51000 | 13083 |140205 |   2.7 |    19M | 112 | 451 | 540 | 540 |   0 |  0 |   0 |  40 | 3.200000e+01 | 6.210000e+01 |  94.06%|   0.31%
 17.3s| 51100 | 13107 |140427 |   2.7 |    19M | 112 | 451 | 540 | 540 |   0 |  0 |   0 |  40 | 3.200000e+01 | 6.210000e+01 |  94.06%|   0.31%
 17.3s| 51200 | 13131 |140640 |   2.7 |    19M | 112 | 451 | 540 | 540 |   0 |  0 |   0 |  40 | 3.200000e+01 | 6.210000e+01 |  94.06%|   0.31%
 17.3s| 51300 | 13149 |140885 |   2.7 |    19M | 112 | 451 | 540 | 540 |   0 |  0 |   0 |  40 | 3.200000e+01 | 6.210000e+01 |  94.06%|   0.31%
 17.4s| 51400 | 13171 |141150 |   2.7 |    19M | 112 | 451 | 540 | 540 |   0 |  0 |   0 |  40 | 3.200000e+01 | 6.210000e+01 |  94.06%|   0.31%
 17.4s| 51500 | 13193 |141390 |   2.7 |    19M | 112 | 451 | 540 | 540 |   0 |  0 |   0 |  40 | 3.200000e+01 | 6.210000e+01 |  94.06%|   0.31%
 17.4s| 51600 | 13209 |141665 |   2.7 |    19M | 112 | 451 | 540 | 540 |   0 |  0 |   0 |  40 | 3.200000e+01 | 6.210000e+01 |  94.06%|   0.31%
 17.5s| 51700 | 13231 |141945 |   2.7 |    19M | 112 | 451 | 540 | 540 |   0 |  0 |   0 |  40 | 3.200000e+01 | 6.210000e+01 |  94.06%|   0.31%
 17.5s| 51800 | 13253 |142177 |   2.7 |    19M | 112 | 451 | 540 | 540 |   0 |  0 |   0 |  40 | 3.200000e+01 | 6.210000e+01 |  94.06%|   0.31%
 17.5s| 51900 | 13279 |142428 |   2.7 |    19M | 112 | 451 | 540 | 540 |   0 |  0 |   0 |  40 | 3.200000e+01 | 6.210000e+01 |  94.06%|   0.31%
 17.6s| 52000 | 13305 |142709 |   2.7 |    19M | 112 | 451 | 540 | 540 |   0 |  0 |   0 |  40 | 3.200000e+01 | 6.210000e+01 |  94.06%|   0.31%
 17.6s| 52100 | 13321 |142961 |   2.7 |    19M | 112 | 451 | 540 | 540 |   0 |  0 |   0 |  40 | 3.200000e+01 | 6.210000e+01 |  94.06%|   0.31%
 17.6s| 52200 | 13341 |143219 |   2.7 |    19M | 112 | 451 | 540 | 540 |   0 |  0 |   0 |  40 | 3.200000e+01 | 6.210000e+01 |  94.06%|   0.31%
 17.7s| 52300 | 13361 |143478 |   2.7 |    19M | 112 | 451 | 540 | 540 |   0 |  0 |   0 |  40 | 3.200000e+01 | 6.210000e+01 |  94.06%|   0.31%
 time | node  | left  |LP iter|LP it/n|mem/heur|mdpt |vars |cons |rows |cuts |sepa|confs|strbr|  dualbound   | primalbound  |  gap   | compl. 
 17.7s| 52400 | 13381 |143737 |   2.7 |    19M | 112 | 451 | 540 | 540 |   0 |  0 |   0 |  40 | 3.200000e+01 | 6.210000e+01 |  94.06%|   0.31%
 17.7s| 52500 | 13401 |143939 |   2.7 |    19M | 112 | 451 | 540 | 540 |   0 |  0 |   0 |  40 | 3.200000e+01 | 6.210000e+01 |  94.06%|   0.31%
 17.8s| 52600 | 13419 |144149 |   2.7 |    19M | 112 | 451 | 540 | 540 |   0 |  0 |   0 |  40 | 3.200000e+01 | 6.210000e+01 |  94.06%|   0.31%
 17.8s| 52700 | 13433 |144401 |   2.7 |    19M | 112 | 451 | 540 | 540 |   0 |  0 |   0 |  40 | 3.200000e+01 | 6.210000e+01 |  94.06%|   0.31%
 17.8s| 52800 | 13453 |144669 |   2.7 |    19M | 112 | 451 | 540 | 540 |   0 |  0 |   0 |  40 | 3.200000e+01 | 6.210000e+01 |  94.06%|   0.31%
 17.9s| 52900 | 13473 |145001 |   2.7 |    19M | 112 | 451 | 540 | 540 |   0 |  0 |   0 |  40 | 3.200000e+01 | 6.210000e+01 |  94.06%|   0.31%
 17.9s| 53000 | 13497 |145304 |   2.7 |    19M | 112 | 451 | 540 | 540 |   0 |  0 |   0 |  40 | 3.200000e+01 | 6.210000e+01 |  94.06%|   0.31%
 17.9s| 53100 | 13525 |145603 |   2.7 |    19M | 112 | 451 | 540 | 540 |   0 |  0 |   0 |  40 | 3.200000e+01 | 6.210000e+01 |  94.06%|   0.31%
 18.0s| 53200 | 13543 |145848 |   2.7 |    19M | 112 | 451 | 540 | 540 |   0 |  0 |   0 |  40 | 3.200000e+01 | 6.210000e+01 |  94.06%|   0.31%
 18.0s| 53300 | 13563 |146119 |   2.7 |    19M | 112 | 451 | 540 | 540 |   0 |  0 |   0 |  40 | 3.200000e+01 | 6.210000e+01 |  94.06%|   0.31%
 18.0s| 53400 | 13585 |146395 |   2.7 |    19M | 112 | 451 | 540 | 540 |   0 |  0 |   0 |  40 | 3.200000e+01 | 6.210000e+01 |  94.06%|   0.31%
 18.1s| 53500 | 13609 |146728 |   2.7 |    19M | 112 | 451 | 540 | 540 |   0 |  0 |   0 |  40 | 3.200000e+01 | 6.210000e+01 |  94.06%|   0.31%
 18.1s| 53600 | 13627 |146971 |   2.7 |    19M | 112 | 451 | 540 | 540 |   0 |  0 |   0 |  40 | 3.200000e+01 | 6.210000e+01 |  94.06%|   0.31%
 18.1s| 53700 | 13651 |147205 |   2.7 |    19M | 112 | 451 | 540 | 540 |   0 |  0 |   0 |  40 | 3.200000e+01 | 6.210000e+01 |  94.06%|   0.31%
 18.2s| 53800 | 13673 |147433 |   2.7 |    19M | 113 | 451 | 540 | 540 |   0 |  0 |   0 |  40 | 3.200000e+01 | 6.210000e+01 |  94.06%|   0.31%
 time | node  | left  |LP iter|LP it/n|mem/heur|mdpt |vars |cons |rows |cuts |sepa|confs|strbr|  dualbound   | primalbound  |  gap   | compl. 
 18.2s| 53900 | 13693 |147758 |   2.7 |    19M | 113 | 451 | 540 | 540 |   0 |  0 |   0 |  40 | 3.200000e+01 | 6.210000e+01 |  94.06%|   0.31%
 18.2s| 54000 | 13717 |148101 |   2.7 |    19M | 113 | 451 | 540 | 540 |   0 |  0 |   0 |  40 | 3.200000e+01 | 6.210000e+01 |  94.06%|   0.31%
 18.3s| 54100 | 13733 |148396 |   2.7 |    19M | 113 | 451 | 540 | 540 |   0 |  0 |   0 |  40 | 3.200000e+01 | 6.210000e+01 |  94.06%|   0.31%
 18.3s| 54200 | 13753 |148656 |   2.7 |    19M | 113 | 451 | 540 | 540 |   0 |  0 |   0 |  40 | 3.200000e+01 | 6.210000e+01 |  94.06%|   0.31%
 18.3s| 54300 | 13773 |148911 |   2.7 |    19M | 113 | 451 | 540 | 540 |   0 |  0 |   0 |  40 | 3.200000e+01 | 6.210000e+01 |  94.06%|   0.31%
 18.4s| 54400 | 13795 |149168 |   2.7 |    19M | 113 | 451 | 540 | 540 |   0 |  0 |   0 |  40 | 3.200000e+01 | 6.210000e+01 |  94.06%|   0.31%
 18.4s| 54500 | 13813 |149414 |   2.7 |    19M | 113 | 451 | 540 | 540 |   0 |  0 |   0 |  40 | 3.200000e+01 | 6.210000e+01 |  94.06%|   0.31%
 18.4s| 54600 | 13831 |149700 |   2.7 |    19M | 113 | 451 | 540 | 540 |   0 |  0 |   0 |  40 | 3.200000e+01 | 6.210000e+01 |  94.06%|   0.31%
 18.5s| 54700 | 13857 |149974 |   2.7 |    19M | 113 | 451 | 540 | 540 |   0 |  0 |   0 |  40 | 3.200000e+01 | 6.210000e+01 |  94.06%|   0.31%
 18.5s| 54800 | 13885 |150292 |   2.7 |    19M | 113 | 451 | 540 | 540 |   0 |  0 |   0 |  40 | 3.200000e+01 | 6.210000e+01 |  94.06%|   0.31%
 18.5s| 54900 | 13903 |150563 |   2.7 |    19M | 113 | 451 | 540 | 540 |   0 |  0 |   0 |  40 | 3.200000e+01 | 6.210000e+01 |  94.06%|   0.31%
 18.6s| 55000 | 13923 |150845 |   2.7 |    19M | 113 | 451 | 540 | 540 |   0 |  0 |   0 |  40 | 3.200000e+01 | 6.210000e+01 |  94.06%|   0.31%
 18.6s| 55100 | 13943 |151071 |   2.7 |    19M | 113 | 451 | 540 | 540 |   0 |  0 |   0 |  40 | 3.200000e+01 | 6.210000e+01 |  94.06%|   0.31%
 18.6s| 55200 | 13967 |151303 |   2.7 |    19M | 113 | 451 | 540 | 540 |   0 |  0 |   0 |  40 | 3.200000e+01 | 6.210000e+01 |  94.06%|   0.31%
 18.7s| 55300 | 13989 |151554 |   2.7 |    19M | 113 | 451 | 540 | 540 |   0 |  0 |   0 |  40 | 3.200000e+01 | 6.210000e+01 |  94.06%|   0.31%
 time | node  | left  |LP iter|LP it/n|mem/heur|mdpt |vars |cons |rows |cuts |sepa|confs|strbr|  dualbound   | primalbound  |  gap   | compl. 
 18.7s| 55400 | 14009 |151800 |   2.7 |    19M | 113 | 451 | 540 | 540 |   0 |  0 |   0 |  40 | 3.200000e+01 | 6.210000e+01 |  94.06%|   0.31%
 18.7s| 55500 | 14029 |152033 |   2.7 |    19M | 113 | 451 | 540 | 540 |   0 |  0 |   0 |  40 | 3.200000e+01 | 6.210000e+01 |  94.06%|   0.31%
 18.8s| 55600 | 14053 |152302 |   2.7 |    19M | 113 | 451 | 540 | 540 |   0 |  0 |   0 |  40 | 3.200000e+01 | 6.210000e+01 |  94.06%|   0.31%
 18.8s| 55700 | 14079 |152526 |   2.7 |    19M | 113 | 451 | 540 | 540 |   0 |  0 |   0 |  40 | 3.200000e+01 | 6.210000e+01 |  94.06%|   0.31%
 18.8s| 55800 | 14109 |152762 |   2.7 |    19M | 113 | 451 | 540 | 540 |   0 |  0 |   0 |  40 | 3.200000e+01 | 6.210000e+01 |  94.06%|   0.31%
 18.9s| 55900 | 14135 |152981 |   2.7 |    19M | 113 | 451 | 540 | 540 |   0 |  0 |   0 |  40 | 3.200000e+01 | 6.210000e+01 |  94.06%|   0.31%
 18.9s| 56000 | 14161 |153190 |   2.7 |    19M | 120 | 451 | 540 | 540 |   0 |  0 |   0 |  40 | 3.200000e+01 | 6.210000e+01 |  94.06%|   0.31%
 18.9s| 56100 | 14181 |153457 |   2.7 |    19M | 120 | 451 | 540 | 540 |   0 |  0 |   0 |  40 | 3.200000e+01 | 6.210000e+01 |  94.06%|   0.31%
 19.0s| 56200 | 14205 |153676 |   2.7 |    19M | 120 | 451 | 540 | 540 |   0 |  0 |   0 |  40 | 3.200000e+01 | 6.210000e+01 |  94.06%|   0.31%
 19.0s| 56300 | 14225 |153944 |   2.7 |    20M | 120 | 451 | 540 | 540 |   0 |  0 |   0 |  40 | 3.200000e+01 | 6.210000e+01 |  94.06%|   0.31%
 19.0s| 56400 | 14249 |154176 |   2.7 |    20M | 122 | 451 | 540 | 540 |   0 |  0 |   0 |  40 | 3.200000e+01 | 6.210000e+01 |  94.06%|   0.31%
 19.1s| 56500 | 14271 |154424 |   2.7 |    20M | 122 | 451 | 540 | 540 |   0 |  0 |   0 |  40 | 3.200000e+01 | 6.210000e+01 |  94.06%|   0.31%
 19.1s| 56600 | 14291 |154697 |   2.7 |    20M | 122 | 451 | 540 | 540 |   0 |  0 |   0 |  40 | 3.200000e+01 | 6.210000e+01 |  94.06%|   0.31%
 19.1s| 56700 | 14319 |154951 |   2.7 |    20M | 122 | 451 | 540 | 540 |   0 |  0 |   0 |  40 | 3.200000e+01 | 6.210000e+01 |  94.06%|   0.31%
 19.2s| 56800 | 14339 |155204 |   2.7 |    20M | 122 | 451 | 540 | 540 |   0 |  0 |   0 |  40 | 3.200000e+01 | 6.210000e+01 |  94.06%|   0.31%
 time | node  | left  |LP iter|LP it/n|mem/heur|mdpt |vars |cons |rows |cuts |sepa|confs|strbr|  dualbound   | primalbound  |  gap   | compl. 
 19.2s| 56900 | 14369 |155469 |   2.7 |    20M | 122 | 451 | 540 | 540 |   0 |  0 |   0 |  40 | 3.200000e+01 | 6.210000e+01 |  94.06%|   0.31%
 19.2s| 57000 | 14391 |155698 |   2.7 |    20M | 122 | 451 | 540 | 540 |   0 |  0 |   0 |  40 | 3.200000e+01 | 6.210000e+01 |  94.06%|   0.31%
 19.3s| 57100 | 14413 |155993 |   2.7 |    20M | 122 | 451 | 540 | 540 |   0 |  0 |   0 |  40 | 3.200000e+01 | 6.210000e+01 |  94.06%|   0.31%
 19.3s| 57200 | 14435 |156279 |   2.7 |    20M | 122 | 451 | 540 | 540 |   0 |  0 |   0 |  40 | 3.200000e+01 | 6.210000e+01 |  94.06%|   0.31%
 19.3s| 57300 | 14453 |156502 |   2.7 |    20M | 122 | 451 | 540 | 540 |   0 |  0 |   0 |  40 | 3.200000e+01 | 6.210000e+01 |  94.06%|   0.31%
 19.4s| 57400 | 14473 |156735 |   2.7 |    20M | 122 | 451 | 540 | 540 |   0 |  0 |   0 |  40 | 3.200000e+01 | 6.210000e+01 |  94.06%|   0.31%
 19.4s| 57500 | 14495 |157017 |   2.7 |    20M | 122 | 451 | 540 | 540 |   0 |  0 |   0 |  40 | 3.200000e+01 | 6.210000e+01 |  94.06%|   0.31%
 19.4s| 57600 | 14511 |157287 |   2.7 |    20M | 122 | 451 | 540 | 540 |   0 |  0 |   0 |  40 | 3.200000e+01 | 6.210000e+01 |  94.06%|   0.31%
 19.5s| 57700 | 14537 |157563 |   2.7 |    20M | 122 | 451 | 540 | 540 |   0 |  0 |   0 |  40 | 3.200000e+01 | 6.210000e+01 |  94.06%|   0.31%
 19.5s| 57800 | 14563 |157812 |   2.7 |    20M | 122 | 451 | 540 | 540 |   0 |  0 |   0 |  40 | 3.200000e+01 | 6.210000e+01 |  94.06%|   0.31%
 19.5s| 57900 | 14587 |158088 |   2.7 |    20M | 122 | 451 | 540 | 540 |   0 |  0 |   0 |  40 | 3.200000e+01 | 6.210000e+01 |  94.06%|   0.31%
 19.6s| 58000 | 14609 |158360 |   2.7 |    20M | 122 | 451 | 540 | 540 |   0 |  0 |   0 |  40 | 3.200000e+01 | 6.210000e+01 |  94.06%|   0.31%
 19.6s| 58100 | 14625 |158680 |   2.7 |    20M | 122 | 451 | 540 | 540 |   0 |  0 |   0 |  40 | 3.200000e+01 | 6.210000e+01 |  94.06%|   0.31%
 19.6s| 58200 | 14653 |158924 |   2.7 |    20M | 122 | 451 | 540 | 540 |   0 |  0 |   0 |  40 | 3.200000e+01 | 6.210000e+01 |  94.06%|   0.31%
 19.7s| 58300 | 14671 |159198 |   2.7 |    20M | 122 | 451 | 540 | 540 |   0 |  0 |   0 |  40 | 3.200000e+01 | 6.210000e+01 |  94.06%|   0.31%
 time | node  | left  |LP iter|LP it/n|mem/heur|mdpt |vars |cons |rows |cuts |sepa|confs|strbr|  dualbound   | primalbound  |  gap   | compl. 
 19.7s| 58400 | 14691 |159443 |   2.7 |    20M | 122 | 451 | 540 | 540 |   0 |  0 |   0 |  40 | 3.200000e+01 | 6.210000e+01 |  94.06%|   0.31%
 19.7s| 58500 | 14713 |159698 |   2.7 |    20M | 122 | 451 | 540 | 540 |   0 |  0 |   0 |  40 | 3.200000e+01 | 6.210000e+01 |  94.06%|   0.31%
 19.8s| 58600 | 14731 |159930 |   2.7 |    20M | 122 | 451 | 540 | 540 |   0 |  0 |   0 |  40 | 3.200000e+01 | 6.210000e+01 |  94.06%|   0.31%
 19.8s| 58700 | 14745 |160207 |   2.7 |    20M | 122 | 451 | 540 | 540 |   0 |  0 |   0 |  40 | 3.200000e+01 | 6.210000e+01 |  94.06%|   0.31%
 19.8s| 58800 | 14759 |160419 |   2.7 |    20M | 122 | 451 | 540 | 540 |   0 |  0 |   0 |  40 | 3.200000e+01 | 6.210000e+01 |  94.06%|   0.31%
 19.9s| 58900 | 14773 |160700 |   2.7 |    20M | 122 | 451 | 540 | 540 |   0 |  0 |   0 |  40 | 3.200000e+01 | 6.210000e+01 |  94.06%|   0.31%
 19.9s| 59000 | 14785 |160911 |   2.7 |    20M | 122 | 451 | 540 | 540 |   0 |  0 |   0 |  40 | 3.200000e+01 | 6.210000e+01 |  94.06%|   0.31%
 19.9s| 59100 | 14795 |161142 |   2.7 |    20M | 122 | 451 | 540 | 540 |   0 |  0 |   0 |  40 | 3.200000e+01 | 6.210000e+01 |  94.06%|   0.31%
 20.0s| 59200 | 14813 |161409 |   2.7 |    20M | 122 | 451 | 540 | 540 |   0 |  0 |   0 |  40 | 3.200000e+01 | 6.210000e+01 |  94.06%|   0.31%
 20.0s| 59300 | 14831 |161689 |   2.7 |    20M | 122 | 451 | 540 | 540 |   0 |  0 |   0 |  40 | 3.200000e+01 | 6.210000e+01 |  94.06%|   0.31%
 20.0s| 59400 | 14847 |161937 |   2.7 |    20M | 122 | 451 | 540 | 540 |   0 |  0 |   0 |  40 | 3.200000e+01 | 6.210000e+01 |  94.06%|   0.31%
 20.1s| 59500 | 14857 |162228 |   2.7 |    20M | 122 | 451 | 540 | 540 |   0 |  0 |   0 |  40 | 3.200000e+01 | 6.210000e+01 |  94.06%|   0.31%
 20.1s| 59600 | 14879 |162503 |   2.7 |    20M | 122 | 451 | 540 | 540 |   0 |  0 |   0 |  40 | 3.200000e+01 | 6.210000e+01 |  94.06%|   0.31%
 20.1s| 59700 | 14891 |162730 |   2.7 |    20M | 122 | 451 | 540 | 540 |   0 |  0 |   0 |  40 | 3.200000e+01 | 6.210000e+01 |  94.06%|   0.31%
 20.2s| 59800 | 14907 |162983 |   2.7 |    20M | 122 | 451 | 540 | 540 |   0 |  0 |   0 |  40 | 3.200000e+01 | 6.210000e+01 |  94.06%|   0.31%
 time | node  | left  |LP iter|LP it/n|mem/heur|mdpt |vars |cons |rows |cuts |sepa|confs|strbr|  dualbound   | primalbound  |  gap   | compl. 
 20.2s| 59900 | 14929 |163273 |   2.7 |    20M | 122 | 451 | 540 | 540 |   0 |  0 |   0 |  40 | 3.200000e+01 | 6.210000e+01 |  94.06%|   0.31%
 20.2s| 60000 | 14951 |163558 |   2.7 |    20M | 122 | 451 | 540 | 540 |   0 |  0 |   0 |  40 | 3.200000e+01 | 6.210000e+01 |  94.06%|   0.31%
 20.3s| 60100 | 14973 |163839 |   2.7 |    20M | 122 | 451 | 540 | 540 |   0 |  0 |   0 |  40 | 3.200000e+01 | 6.210000e+01 |  94.06%|   0.31%
 20.3s| 60200 | 15003 |164130 |   2.7 |    20M | 122 | 451 | 540 | 540 |   0 |  0 |   0 |  40 | 3.200000e+01 | 6.210000e+01 |  94.06%|   0.31%
 20.3s| 60300 | 15025 |164419 |   2.7 |    20M | 122 | 451 | 540 | 540 |   0 |  0 |   0 |  40 | 3.200000e+01 | 6.210000e+01 |  94.06%|   0.31%
 20.4s| 60400 | 15055 |164760 |   2.7 |    20M | 122 | 451 | 540 | 540 |   0 |  0 |   0 |  40 | 3.200000e+01 | 6.210000e+01 |  94.06%|   0.31%
 20.4s| 60500 | 15079 |165018 |   2.7 |    20M | 122 | 451 | 540 | 540 |   0 |  0 |   0 |  40 | 3.200000e+01 | 6.210000e+01 |  94.06%|   0.31%
 20.4s| 60600 | 15107 |165284 |   2.7 |    20M | 122 | 451 | 540 | 540 |   0 |  0 |   0 |  40 | 3.200000e+01 | 6.210000e+01 |  94.06%|   0.31%
 20.5s| 60700 | 15137 |165572 |   2.7 |    20M | 122 | 451 | 540 | 540 |   0 |  0 |   0 |  40 | 3.200000e+01 | 6.210000e+01 |  94.06%|   0.31%
 20.5s| 60800 | 15165 |165833 |   2.7 |    20M | 122 | 451 | 540 | 540 |   0 |  0 |   0 |  40 | 3.200000e+01 | 6.210000e+01 |  94.06%|   0.31%
 20.5s| 60900 | 15191 |166138 |   2.7 |    21M | 122 | 451 | 540 | 540 |   0 |  0 |   0 |  40 | 3.200000e+01 | 6.210000e+01 |  94.06%|   0.31%
 20.6s| 61000 | 15221 |166385 |   2.7 |    22M | 122 | 451 | 540 | 540 |   0 |  0 |   0 |  40 | 3.200000e+01 | 6.210000e+01 |  94.06%|   0.31%
 20.6s| 61100 | 15241 |166662 |   2.7 |    22M | 122 | 451 | 540 | 540 |   0 |  0 |   0 |  40 | 3.200000e+01 | 6.210000e+01 |  94.06%|   0.31%
 20.6s| 61200 | 15271 |166896 |   2.7 |    22M | 122 | 451 | 540 | 540 |   0 |  0 |   0 |  40 | 3.200000e+01 | 6.210000e+01 |  94.06%|   0.31%
 20.7s| 61300 | 15303 |167157 |   2.7 |    22M | 122 | 451 | 540 | 540 |   0 |  0 |   0 |  40 | 3.200000e+01 | 6.210000e+01 |  94.06%|   0.31%
 time | node  | left  |LP iter|LP it/n|mem/heur|mdpt |vars |cons |rows |cuts |sepa|confs|strbr|  dualbound   | primalbound  |  gap   | compl. 
 20.7s| 61400 | 15331 |167432 |   2.7 |    22M | 122 | 451 | 540 | 540 |   0 |  0 |   0 |  40 | 3.200000e+01 | 6.210000e+01 |  94.06%|   0.31%
 20.7s| 61500 | 15363 |167741 |   2.7 |    22M | 122 | 451 | 540 | 540 |   0 |  0 |   0 |  40 | 3.200000e+01 | 6.210000e+01 |  94.06%|   0.31%
 20.8s| 61600 | 15389 |168008 |   2.7 |    22M | 122 | 451 | 540 | 540 |   0 |  0 |   0 |  40 | 3.200000e+01 | 6.210000e+01 |  94.06%|   0.31%
 20.8s| 61700 | 15421 |168323 |   2.7 |    22M | 122 | 451 | 540 | 540 |   0 |  0 |   0 |  40 | 3.200000e+01 | 6.210000e+01 |  94.06%|   0.31%
 20.8s| 61800 | 15445 |168618 |   2.7 |    22M | 122 | 451 | 540 | 540 |   0 |  0 |   0 |  40 | 3.200000e+01 | 6.210000e+01 |  94.06%|   0.31%
 20.9s| 61900 | 15477 |168888 |   2.7 |    22M | 122 | 451 | 540 | 540 |   0 |  0 |   0 |  40 | 3.200000e+01 | 6.210000e+01 |  94.06%|   0.31%
 20.9s| 62000 | 15493 |169117 |   2.7 |    22M | 122 | 451 | 540 | 540 |   0 |  0 |   0 |  40 | 3.200000e+01 | 6.210000e+01 |  94.06%|   0.31%
 20.9s| 62100 | 15509 |169368 |   2.7 |    22M | 122 | 451 | 540 | 540 |   0 |  0 |   0 |  40 | 3.200000e+01 | 6.210000e+01 |  94.06%|   0.31%
 21.0s| 62200 | 15525 |169622 |   2.7 |    22M | 122 | 451 | 540 | 540 |   0 |  0 |   0 |  40 | 3.200000e+01 | 6.210000e+01 |  94.06%|   0.31%
 21.0s| 62300 | 15545 |169928 |   2.7 |    22M | 122 | 451 | 540 | 540 |   0 |  0 |   0 |  40 | 3.200000e+01 | 6.210000e+01 |  94.06%|   0.31%
 21.0s| 62400 | 15563 |170192 |   2.7 |    22M | 122 | 451 | 540 | 540 |   0 |  0 |   0 |  40 | 3.200000e+01 | 6.210000e+01 |  94.06%|   0.31%
 21.1s| 62500 | 15581 |170421 |   2.7 |    22M | 122 | 451 | 540 | 540 |   0 |  0 |   0 |  40 | 3.200000e+01 | 6.210000e+01 |  94.06%|   0.31%
 21.1s| 62600 | 15609 |170702 |   2.7 |    22M | 122 | 451 | 540 | 540 |   0 |  0 |   0 |  40 | 3.200000e+01 | 6.210000e+01 |  94.06%|   0.31%
 21.1s| 62700 | 15629 |170975 |   2.7 |    22M | 122 | 451 | 540 | 540 |   0 |  0 |   0 |  40 | 3.200000e+01 | 6.210000e+01 |  94.06%|   0.31%
 21.2s| 62800 | 15645 |171267 |   2.7 |    22M | 122 | 451 | 540 | 540 |   0 |  0 |   0 |  40 | 3.200000e+01 | 6.210000e+01 |  94.06%|   0.31%
 time | node  | left  |LP iter|LP it/n|mem/heur|mdpt |vars |cons |rows |cuts |sepa|confs|strbr|  dualbound   | primalbound  |  gap   | compl. 
 21.2s| 62900 | 15661 |171536 |   2.7 |    22M | 122 | 451 | 540 | 540 |   0 |  0 |   0 |  40 | 3.200000e+01 | 6.210000e+01 |  94.06%|   0.31%
 21.2s| 63000 | 15681 |171846 |   2.7 |    22M | 122 | 451 | 540 | 540 |   0 |  0 |   0 |  40 | 3.200000e+01 | 6.210000e+01 |  94.06%|   0.31%
 21.3s| 63100 | 15701 |172123 |   2.7 |    22M | 122 | 451 | 540 | 540 |   0 |  0 |   0 |  40 | 3.200000e+01 | 6.210000e+01 |  94.06%|   0.31%
 21.3s| 63200 | 15723 |172444 |   2.7 |    22M | 122 | 451 | 540 | 540 |   0 |  0 |   0 |  40 | 3.200000e+01 | 6.210000e+01 |  94.06%|   0.31%
 21.3s| 63300 | 15739 |172686 |   2.7 |    22M | 122 | 451 | 540 | 540 |   0 |  0 |   0 |  40 | 3.200000e+01 | 6.210000e+01 |  94.06%|   0.31%
 21.4s| 63400 | 15759 |172969 |   2.7 |    22M | 122 | 451 | 540 | 540 |   0 |  0 |   0 |  40 | 3.200000e+01 | 6.210000e+01 |  94.06%|   0.31%
 21.4s| 63500 | 15777 |173253 |   2.7 |    22M | 122 | 451 | 540 | 540 |   0 |  0 |   0 |  40 | 3.200000e+01 | 6.210000e+01 |  94.06%|   0.31%
 21.4s| 63600 | 15803 |173519 |   2.7 |    22M | 122 | 451 | 540 | 540 |   0 |  0 |   0 |  40 | 3.200000e+01 | 6.210000e+01 |  94.06%|   0.31%
 21.5s| 63700 | 15823 |173784 |   2.7 |    22M | 122 | 451 | 540 | 540 |   0 |  0 |   0 |  40 | 3.200000e+01 | 6.210000e+01 |  94.06%|   0.31%
 21.5s| 63800 | 15845 |174037 |   2.7 |    22M | 122 | 451 | 540 | 540 |   0 |  0 |   0 |  40 | 3.200000e+01 | 6.210000e+01 |  94.06%|   0.31%
 21.5s| 63900 | 15871 |174322 |   2.7 |    22M | 122 | 451 | 540 | 540 |   0 |  0 |   0 |  40 | 3.200000e+01 | 6.210000e+01 |  94.06%|   0.31%
 21.6s| 64000 | 15895 |174555 |   2.7 |    22M | 122 | 451 | 540 | 540 |   0 |  0 |   0 |  40 | 3.200000e+01 | 6.210000e+01 |  94.06%|   0.31%
 21.6s| 64100 | 15913 |174879 |   2.7 |    22M | 122 | 451 | 540 | 540 |   0 |  0 |   0 |  40 | 3.200000e+01 | 6.210000e+01 |  94.06%|   0.31%
 21.6s| 64200 | 15943 |175136 |   2.7 |    22M | 122 | 451 | 540 | 540 |   0 |  0 |   0 |  40 | 3.200000e+01 | 6.210000e+01 |  94.06%|   0.31%
 21.7s| 64300 | 15971 |175387 |   2.7 |    22M | 122 | 451 | 540 | 540 |   0 |  0 |   0 |  40 | 3.200000e+01 | 6.210000e+01 |  94.06%|   0.31%
 time | node  | left  |LP iter|LP it/n|mem/heur|mdpt |vars |cons |rows |cuts |sepa|confs|strbr|  dualbound   | primalbound  |  gap   | compl. 
 21.7s| 64400 | 15991 |175613 |   2.7 |    22M | 122 | 451 | 540 | 540 |   0 |  0 |   0 |  40 | 3.200000e+01 | 6.210000e+01 |  94.06%|   0.31%
 21.7s| 64500 | 16007 |175868 |   2.7 |    22M | 122 | 451 | 540 | 540 |   0 |  0 |   0 |  40 | 3.200000e+01 | 6.210000e+01 |  94.06%|   0.31%
 21.8s| 64600 | 16035 |176195 |   2.7 |    22M | 122 | 451 | 540 | 540 |   0 |  0 |   0 |  40 | 3.200000e+01 | 6.210000e+01 |  94.06%|   0.31%
 21.8s| 64700 | 16057 |176527 |   2.7 |    22M | 122 | 451 | 540 | 540 |   0 |  0 |   0 |  40 | 3.200000e+01 | 6.210000e+01 |  94.06%|   0.31%
 21.8s| 64800 | 16089 |176893 |   2.7 |    22M | 122 | 451 | 540 | 540 |   0 |  0 |   0 |  40 | 3.200000e+01 | 6.210000e+01 |  94.06%|   0.31%
 21.9s| 64900 | 16111 |177212 |   2.7 |    22M | 122 | 451 | 540 | 540 |   0 |  0 |   0 |  40 | 3.200000e+01 | 6.210000e+01 |  94.06%|   0.31%
 21.9s| 65000 | 16137 |177503 |   2.7 |    22M | 122 | 451 | 540 | 540 |   0 |  0 |   0 |  40 | 3.200000e+01 | 6.210000e+01 |  94.06%|   0.31%
 21.9s| 65100 | 16159 |177787 |   2.7 |    22M | 122 | 451 | 540 | 540 |   0 |  0 |   0 |  40 | 3.200000e+01 | 6.210000e+01 |  94.06%|   0.31%
 22.0s| 65200 | 16179 |178017 |   2.7 |    22M | 122 | 451 | 540 | 540 |   0 |  0 |   0 |  40 | 3.200000e+01 | 6.210000e+01 |  94.06%|   0.31%
 22.0s| 65300 | 16205 |178264 |   2.7 |    22M | 122 | 451 | 540 | 540 |   0 |  0 |   0 |  40 | 3.200000e+01 | 6.210000e+01 |  94.06%|   0.31%
 22.0s| 65400 | 16219 |178481 |   2.7 |    22M | 122 | 451 | 540 | 540 |   0 |  0 |   0 |  40 | 3.200000e+01 | 6.210000e+01 |  94.06%|   0.31%
 22.1s| 65500 | 16229 |178707 |   2.7 |    22M | 122 | 451 | 540 | 540 |   0 |  0 |   0 |  40 | 3.200000e+01 | 6.210000e+01 |  94.06%|   0.31%
 22.1s| 65600 | 16247 |178956 |   2.7 |    23M | 122 | 451 | 540 | 540 |   0 |  0 |   0 |  40 | 3.200000e+01 | 6.210000e+01 |  94.06%|   0.31%
 22.1s| 65700 | 16265 |179197 |   2.7 |    23M | 122 | 451 | 540 | 540 |   0 |  0 |   0 |  40 | 3.200000e+01 | 6.210000e+01 |  94.06%|   0.31%
 22.2s| 65800 | 16283 |179491 |   2.7 |    24M | 122 | 451 | 540 | 540 |   0 |  0 |   0 |  40 | 3.200000e+01 | 6.210000e+01 |  94.06%|   0.31%
 time | node  | left  |LP iter|LP it/n|mem/heur|mdpt |vars |cons |rows |cuts |sepa|confs|strbr|  dualbound   | primalbound  |  gap   | compl. 
 22.2s| 65900 | 16305 |179739 |   2.7 |    24M | 122 | 451 | 540 | 540 |   0 |  0 |   0 |  40 | 3.200000e+01 | 6.210000e+01 |  94.06%|   0.31%
 22.2s| 66000 | 16327 |180057 |   2.7 |    24M | 122 | 451 | 540 | 540 |   0 |  0 |   0 |  40 | 3.200000e+01 | 6.210000e+01 |  94.06%|   0.31%
 22.3s| 66100 | 16345 |180348 |   2.7 |    24M | 122 | 451 | 540 | 540 |   0 |  0 |   0 |  40 | 3.200000e+01 | 6.210000e+01 |  94.06%|   0.31%
 22.3s| 66200 | 16361 |180564 |   2.7 |    24M | 122 | 451 | 540 | 540 |   0 |  0 |   0 |  40 | 3.200000e+01 | 6.210000e+01 |  94.06%|   0.31%
 22.3s| 66300 | 16387 |180832 |   2.7 |    24M | 122 | 451 | 540 | 540 |   0 |  0 |   0 |  40 | 3.200000e+01 | 6.210000e+01 |  94.06%|   0.31%
 22.4s| 66400 | 16407 |181147 |   2.7 |    24M | 122 | 451 | 540 | 540 |   0 |  0 |   0 |  40 | 3.200000e+01 | 6.210000e+01 |  94.06%|   0.31%
 22.4s| 66500 | 16427 |181405 |   2.7 |    24M | 122 | 451 | 540 | 540 |   0 |  0 |   0 |  40 | 3.200000e+01 | 6.210000e+01 |  94.06%|   0.31%
 22.4s| 66600 | 16449 |181675 |   2.7 |    24M | 122 | 451 | 540 | 540 |   0 |  0 |   0 |  40 | 3.200000e+01 | 6.210000e+01 |  94.06%|   0.31%
 22.5s| 66700 | 16467 |181936 |   2.7 |    24M | 122 | 451 | 540 | 540 |   0 |  0 |   0 |  40 | 3.200000e+01 | 6.210000e+01 |  94.06%|   0.31%
 22.5s| 66800 | 16489 |182210 |   2.7 |    24M | 122 | 451 | 540 | 540 |   0 |  0 |   0 |  40 | 3.200000e+01 | 6.210000e+01 |  94.06%|   0.31%
 22.5s| 66900 | 16501 |182450 |   2.7 |    24M | 122 | 451 | 540 | 540 |   0 |  0 |   0 |  40 | 3.200000e+01 | 6.210000e+01 |  94.06%|   0.31%
 22.6s| 67000 | 16519 |182711 |   2.7 |    24M | 122 | 451 | 540 | 540 |   0 |  0 |   0 |  40 | 3.200000e+01 | 6.210000e+01 |  94.06%|   0.31%
 22.6s| 67100 | 16539 |183022 |   2.7 |    24M | 122 | 451 | 540 | 540 |   0 |  0 |   0 |  40 | 3.200000e+01 | 6.210000e+01 |  94.06%|   0.31%
 22.6s| 67200 | 16553 |183296 |   2.7 |    24M | 122 | 451 | 540 | 540 |   0 |  0 |   0 |  40 | 3.200000e+01 | 6.210000e+01 |  94.06%|   0.31%
 22.7s| 67300 | 16571 |183557 |   2.7 |    24M | 122 | 451 | 540 | 540 |   0 |  0 |   0 |  40 | 3.200000e+01 | 6.210000e+01 |  94.06%|   0.31%
 time | node  | left  |LP iter|LP it/n|mem/heur|mdpt |vars |cons |rows |cuts |sepa|confs|strbr|  dualbound   | primalbound  |  gap   | compl. 
 22.7s| 67400 | 16597 |183850 |   2.7 |    24M | 122 | 451 | 540 | 540 |   0 |  0 |   0 |  40 | 3.200000e+01 | 6.210000e+01 |  94.06%|   0.31%
 22.7s| 67500 | 16613 |184093 |   2.7 |    24M | 122 | 451 | 540 | 540 |   0 |  0 |   0 |  40 | 3.200000e+01 | 6.210000e+01 |  94.06%|   0.31%
 22.8s| 67600 | 16631 |184319 |   2.7 |    24M | 122 | 451 | 540 | 540 |   0 |  0 |   0 |  40 | 3.200000e+01 | 6.210000e+01 |  94.06%|   0.31%
 22.8s| 67700 | 16651 |184566 |   2.7 |    24M | 122 | 451 | 540 | 540 |   0 |  0 |   0 |  40 | 3.200000e+01 | 6.210000e+01 |  94.06%|   0.31%
 22.8s| 67800 | 16673 |184816 |   2.7 |    24M | 122 | 451 | 540 | 540 |   0 |  0 |   0 |  40 | 3.200000e+01 | 6.210000e+01 |  94.06%|   0.31%
 22.9s| 67900 | 16697 |185078 |   2.7 |    24M | 122 | 451 | 540 | 540 |   0 |  0 |   0 |  40 | 3.200000e+01 | 6.210000e+01 |  94.06%|   0.31%
 22.9s| 68000 | 16719 |185379 |   2.7 |    24M | 122 | 451 | 540 | 540 |   0 |  0 |   0 |  40 | 3.200000e+01 | 6.210000e+01 |  94.06%|   0.31%
 22.9s| 68100 | 16741 |185609 |   2.7 |    24M | 122 | 451 | 540 | 540 |   0 |  0 |   0 |  40 | 3.200000e+01 | 6.210000e+01 |  94.06%|   0.31%
 23.0s| 68200 | 16769 |185846 |   2.7 |    24M | 122 | 451 | 540 | 540 |   0 |  0 |   0 |  40 | 3.200000e+01 | 6.210000e+01 |  94.06%|   0.31%
 23.0s| 68300 | 16793 |186141 |   2.7 |    24M | 122 | 451 | 540 | 540 |   0 |  0 |   0 |  40 | 3.200000e+01 | 6.210000e+01 |  94.06%|   0.31%
 23.0s| 68400 | 16823 |186424 |   2.7 |    24M | 122 | 451 | 540 | 540 |   0 |  0 |   0 |  40 | 3.200000e+01 | 6.210000e+01 |  94.06%|   0.31%
 23.1s| 68500 | 16841 |186665 |   2.7 |    24M | 122 | 451 | 540 | 540 |   0 |  0 |   0 |  40 | 3.200000e+01 | 6.210000e+01 |  94.06%|   0.31%
 23.1s| 68600 | 16859 |186930 |   2.7 |    24M | 122 | 451 | 540 | 540 |   0 |  0 |   0 |  40 | 3.200000e+01 | 6.210000e+01 |  94.06%|   0.31%
 23.1s| 68700 | 16881 |187181 |   2.7 |    24M | 122 | 451 | 540 | 540 |   0 |  0 |   0 |  40 | 3.200000e+01 | 6.210000e+01 |  94.06%|   0.31%
 23.2s| 68800 | 16907 |187451 |   2.7 |    24M | 122 | 451 | 540 | 540 |   0 |  0 |   0 |  40 | 3.200000e+01 | 6.210000e+01 |  94.06%|   0.31%
 time | node  | left  |LP iter|LP it/n|mem/heur|mdpt |vars |cons |rows |cuts |sepa|confs|strbr|  dualbound   | primalbound  |  gap   | compl. 
 23.2s| 68900 | 16931 |187723 |   2.7 |    24M | 122 | 451 | 540 | 540 |   0 |  0 |   0 |  40 | 3.200000e+01 | 6.210000e+01 |  94.06%|   0.31%
 23.2s| 69000 | 16957 |188002 |   2.7 |    24M | 122 | 451 | 540 | 540 |   0 |  0 |   0 |  40 | 3.200000e+01 | 6.210000e+01 |  94.06%|   0.31%
 23.3s| 69100 | 16981 |188257 |   2.7 |    24M | 122 | 451 | 540 | 540 |   0 |  0 |   0 |  40 | 3.200000e+01 | 6.210000e+01 |  94.06%|   0.31%
 23.3s| 69200 | 17009 |188547 |   2.7 |    24M | 122 | 451 | 540 | 540 |   0 |  0 |   0 |  40 | 3.200000e+01 | 6.210000e+01 |  94.06%|   0.31%
 23.3s| 69300 | 17037 |188846 |   2.7 |    24M | 122 | 451 | 540 | 540 |   0 |  0 |   0 |  40 | 3.200000e+01 | 6.210000e+01 |  94.06%|   0.31%
 23.4s| 69400 | 17057 |189099 |   2.7 |    24M | 122 | 451 | 540 | 540 |   0 |  0 |   0 |  40 | 3.200000e+01 | 6.210000e+01 |  94.06%|   0.31%
 23.4s| 69500 | 17075 |189344 |   2.7 |    24M | 122 | 451 | 540 | 540 |   0 |  0 |   0 |  40 | 3.200000e+01 | 6.210000e+01 |  94.06%|   0.31%
 23.4s| 69600 | 17101 |189631 |   2.7 |    24M | 122 | 451 | 540 | 540 |   0 |  0 |   0 |  40 | 3.200000e+01 | 6.210000e+01 |  94.06%|   0.31%
 23.5s| 69700 | 17125 |189885 |   2.7 |    24M | 122 | 451 | 540 | 540 |   0 |  0 |   0 |  40 | 3.200000e+01 | 6.210000e+01 |  94.06%|   0.31%
 23.5s| 69800 | 17149 |190159 |   2.7 |    24M | 122 | 451 | 540 | 540 |   0 |  0 |   0 |  40 | 3.200000e+01 | 6.210000e+01 |  94.06%|   0.31%
 23.5s| 69900 | 17167 |190402 |   2.7 |    24M | 122 | 451 | 540 | 540 |   0 |  0 |   0 |  40 | 3.200000e+01 | 6.210000e+01 |  94.06%|   0.31%
 23.6s| 70000 | 17191 |190691 |   2.7 |    24M | 122 | 451 | 540 | 540 |   0 |  0 |   0 |  40 | 3.200000e+01 | 6.210000e+01 |  94.06%|   0.31%
 23.6s| 70100 | 17217 |190962 |   2.7 |    24M | 122 | 451 | 540 | 540 |   0 |  0 |   0 |  40 | 3.200000e+01 | 6.210000e+01 |  94.06%|   0.31%
 23.6s| 70200 | 17243 |191199 |   2.7 |    24M | 122 | 451 | 540 | 540 |   0 |  0 |   0 |  40 | 3.200000e+01 | 6.210000e+01 |  94.06%|   0.31%
 23.7s| 70300 | 17267 |191462 |   2.7 |    24M | 122 | 451 | 540 | 540 |   0 |  0 |   0 |  40 | 3.200000e+01 | 6.210000e+01 |  94.06%|   0.31%
 time | node  | left  |LP iter|LP it/n|mem/heur|mdpt |vars |cons |rows |cuts |sepa|confs|strbr|  dualbound   | primalbound  |  gap   | compl. 
 23.7s| 70400 | 17289 |191812 |   2.7 |    24M | 122 | 451 | 540 | 540 |   0 |  0 |   0 |  40 | 3.200000e+01 | 6.210000e+01 |  94.06%|   0.31%
 23.7s| 70500 | 17309 |192064 |   2.7 |    24M | 122 | 451 | 540 | 540 |   0 |  0 |   0 |  40 | 3.200000e+01 | 6.210000e+01 |  94.06%|   0.31%
 23.8s| 70600 | 17337 |192294 |   2.7 |    24M | 122 | 451 | 540 | 540 |   0 |  0 |   0 |  40 | 3.200000e+01 | 6.210000e+01 |  94.06%|   0.31%
 23.8s| 70700 | 17355 |192602 |   2.7 |    24M | 122 | 451 | 540 | 540 |   0 |  0 |   0 |  40 | 3.200000e+01 | 6.210000e+01 |  94.06%|   0.31%
 23.8s| 70800 | 17369 |192900 |   2.7 |    25M | 122 | 451 | 540 | 540 |   0 |  0 |   0 |  40 | 3.200000e+01 | 6.210000e+01 |  94.06%|   0.31%
 23.9s| 70900 | 17387 |193194 |   2.7 |    25M | 122 | 451 | 540 | 540 |   0 |  0 |   0 |  40 | 3.200000e+01 | 6.210000e+01 |  94.06%|   0.31%
 23.9s| 71000 | 17407 |193536 |   2.7 |    25M | 122 | 451 | 540 | 540 |   0 |  0 |   0 |  40 | 3.200000e+01 | 6.210000e+01 |  94.06%|   0.31%
 23.9s| 71100 | 17431 |193796 |   2.7 |    25M | 122 | 451 | 540 | 540 |   0 |  0 |   0 |  40 | 3.200000e+01 | 6.210000e+01 |  94.06%|   0.31%
 24.0s| 71200 | 17455 |194111 |   2.7 |    25M | 122 | 451 | 540 | 540 |   0 |  0 |   0 |  40 | 3.200000e+01 | 6.210000e+01 |  94.06%|   0.31%
 24.0s| 71300 | 17473 |194416 |   2.7 |    25M | 122 | 451 | 540 | 540 |   0 |  0 |   0 |  40 | 3.200000e+01 | 6.210000e+01 |  94.06%|   0.31%
 24.1s| 71400 | 17507 |194739 |   2.7 |    25M | 122 | 451 | 540 | 540 |   0 |  0 |   0 |  40 | 3.200000e+01 | 6.210000e+01 |  94.06%|   0.31%
 24.1s| 71500 | 17527 |195021 |   2.7 |    25M | 122 | 451 | 540 | 540 |   0 |  0 |   0 |  40 | 3.200000e+01 | 6.210000e+01 |  94.06%|   0.31%
 24.1s| 71600 | 17543 |195243 |   2.7 |    25M | 122 | 451 | 540 | 540 |   0 |  0 |   0 |  40 | 3.200000e+01 | 6.210000e+01 |  94.06%|   0.31%
 24.2s| 71700 | 17567 |195564 |   2.7 |    25M | 122 | 451 | 540 | 540 |   0 |  0 |   0 |  40 | 3.200000e+01 | 6.210000e+01 |  94.06%|   0.31%
 24.2s| 71800 | 17579 |195809 |   2.7 |    25M | 122 | 451 | 540 | 540 |   0 |  0 |   0 |  40 | 3.200000e+01 | 6.210000e+01 |  94.06%|   0.31%
 time | node  | left  |LP iter|LP it/n|mem/heur|mdpt |vars |cons |rows |cuts |sepa|confs|strbr|  dualbound   | primalbound  |  gap   | compl. 
 24.2s| 71900 | 17595 |196092 |   2.7 |    25M | 122 | 451 | 540 | 540 |   0 |  0 |   0 |  40 | 3.200000e+01 | 6.210000e+01 |  94.06%|   0.31%
 24.3s| 72000 | 17617 |196456 |   2.7 |    25M | 122 | 451 | 540 | 540 |   0 |  0 |   0 |  40 | 3.200000e+01 | 6.210000e+01 |  94.06%|   0.31%
 24.3s| 72100 | 17641 |196732 |   2.7 |    25M | 122 | 451 | 540 | 540 |   0 |  0 |   0 |  40 | 3.200000e+01 | 6.210000e+01 |  94.06%|   0.31%
 24.3s| 72200 | 17665 |197075 |   2.7 |    25M | 122 | 451 | 540 | 540 |   0 |  0 |   0 |  40 | 3.200000e+01 | 6.210000e+01 |  94.06%|   0.31%
 24.4s| 72300 | 17681 |197351 |   2.7 |    25M | 122 | 451 | 540 | 540 |   0 |  0 |   0 |  40 | 3.200000e+01 | 6.210000e+01 |  94.06%|   0.31%
 24.4s| 72400 | 17695 |197620 |   2.7 |    25M | 122 | 451 | 540 | 540 |   0 |  0 |   0 |  40 | 3.200000e+01 | 6.210000e+01 |  94.06%|   0.31%
 24.4s| 72500 | 17711 |197918 |   2.7 |    25M | 122 | 451 | 540 | 540 |   0 |  0 |   0 |  40 | 3.200000e+01 | 6.210000e+01 |  94.06%|   0.31%
 24.5s| 72600 | 17727 |198204 |   2.7 |    25M | 122 | 451 | 540 | 540 |   0 |  0 |   0 |  40 | 3.200000e+01 | 6.210000e+01 |  94.06%|   0.31%
 24.5s| 72700 | 17745 |198484 |   2.7 |    25M | 122 | 451 | 540 | 540 |   0 |  0 |   0 |  40 | 3.200000e+01 | 6.210000e+01 |  94.06%|   0.31%
 24.5s| 72800 | 17769 |198852 |   2.7 |    25M | 122 | 451 | 540 | 540 |   0 |  0 |   0 |  40 | 3.200000e+01 | 6.210000e+01 |  94.06%|   0.31%
 24.6s| 72900 | 17791 |199110 |   2.7 |    25M | 122 | 451 | 540 | 540 |   0 |  0 |   0 |  40 | 3.200000e+01 | 6.210000e+01 |  94.06%|   0.31%
 24.6s| 73000 | 17817 |199373 |   2.7 |    25M | 122 | 451 | 540 | 540 |   0 |  0 |   0 |  40 | 3.200000e+01 | 6.210000e+01 |  94.06%|   0.31%
 24.6s| 73100 | 17841 |199687 |   2.7 |    25M | 122 | 451 | 540 | 540 |   0 |  0 |   0 |  40 | 3.200000e+01 | 6.210000e+01 |  94.06%|   0.31%
 24.7s| 73200 | 17857 |199958 |   2.7 |    25M | 122 | 451 | 540 | 540 |   0 |  0 |   0 |  40 | 3.200000e+01 | 6.210000e+01 |  94.06%|   0.31%
 24.7s| 73300 | 17875 |200231 |   2.7 |    25M | 122 | 451 | 540 | 540 |   0 |  0 |   0 |  40 | 3.200000e+01 | 6.210000e+01 |  94.06%|   0.31%
 time | node  | left  |LP iter|LP it/n|mem/heur|mdpt |vars |cons |rows |cuts |sepa|confs|strbr|  dualbound   | primalbound  |  gap   | compl. 
 24.7s| 73400 | 17895 |200484 |   2.7 |    25M | 122 | 451 | 540 | 540 |   0 |  0 |   0 |  40 | 3.200000e+01 | 6.210000e+01 |  94.06%|   0.31%
 24.8s| 73500 | 17921 |200766 |   2.7 |    25M | 122 | 451 | 540 | 540 |   0 |  0 |   0 |  40 | 3.200000e+01 | 6.210000e+01 |  94.06%|   0.31%
 24.8s| 73600 | 17939 |201062 |   2.7 |    25M | 122 | 451 | 540 | 540 |   0 |  0 |   0 |  40 | 3.200000e+01 | 6.210000e+01 |  94.06%|   0.31%
 24.8s| 73700 | 17965 |201321 |   2.7 |    25M | 122 | 451 | 540 | 540 |   0 |  0 |   0 |  40 | 3.200000e+01 | 6.210000e+01 |  94.06%|   0.31%
 24.9s| 73800 | 17983 |201613 |   2.7 |    25M | 122 | 451 | 540 | 540 |   0 |  0 |   0 |  40 | 3.200000e+01 | 6.210000e+01 |  94.06%|   0.31%
 24.9s| 73900 | 18013 |201872 |   2.7 |    25M | 122 | 451 | 540 | 540 |   0 |  0 |   0 |  40 | 3.200000e+01 | 6.210000e+01 |  94.06%|   0.31%
 24.9s| 74000 | 18035 |202145 |   2.7 |    25M | 122 | 451 | 540 | 540 |   0 |  0 |   0 |  40 | 3.200000e+01 | 6.210000e+01 |  94.06%|   0.31%
 25.0s| 74100 | 18061 |202419 |   2.7 |    25M | 122 | 451 | 540 | 540 |   0 |  0 |   0 |  40 | 3.200000e+01 | 6.210000e+01 |  94.06%|   0.31%
 25.0s| 74200 | 18093 |202717 |   2.7 |    25M | 122 | 451 | 540 | 540 |   0 |  0 |   0 |  40 | 3.200000e+01 | 6.210000e+01 |  94.06%|   0.31%
 25.0s| 74300 | 18109 |202966 |   2.7 |    25M | 122 | 451 | 540 | 540 |   0 |  0 |   0 |  40 | 3.200000e+01 | 6.210000e+01 |  94.06%|   0.31%
 25.1s| 74400 | 18127 |203223 |   2.7 |    25M | 122 | 451 | 540 | 540 |   0 |  0 |   0 |  40 | 3.200000e+01 | 6.210000e+01 |  94.06%|   0.31%
 25.1s| 74500 | 18153 |203462 |   2.7 |    25M | 122 | 451 | 540 | 540 |   0 |  0 |   0 |  40 | 3.200000e+01 | 6.210000e+01 |  94.06%|   0.31%
 25.1s| 74600 | 18171 |203746 |   2.7 |    25M | 122 | 451 | 540 | 540 |   0 |  0 |   0 |  40 | 3.200000e+01 | 6.210000e+01 |  94.06%|   0.31%
 25.2s| 74700 | 18187 |204008 |   2.7 |    25M | 122 | 451 | 540 | 540 |   0 |  0 |   0 |  40 | 3.200000e+01 | 6.210000e+01 |  94.06%|   0.31%
 25.2s| 74800 | 18213 |204273 |   2.7 |    25M | 122 | 451 | 540 | 540 |   0 |  0 |   0 |  40 | 3.200000e+01 | 6.210000e+01 |  94.06%|   0.31%
 time | node  | left  |LP iter|LP it/n|mem/heur|mdpt |vars |cons |rows |cuts |sepa|confs|strbr|  dualbound   | primalbound  |  gap   | compl. 
 25.2s| 74900 | 18237 |204523 |   2.7 |    25M | 122 | 451 | 540 | 540 |   0 |  0 |   0 |  40 | 3.200000e+01 | 6.210000e+01 |  94.06%|   0.31%
 25.3s| 75000 | 18265 |204869 |   2.7 |    25M | 122 | 451 | 540 | 540 |   0 |  0 |   0 |  40 | 3.200000e+01 | 6.210000e+01 |  94.06%|   0.31%
 25.3s| 75100 | 18281 |205132 |   2.7 |    25M | 122 | 451 | 540 | 540 |   0 |  0 |   0 |  40 | 3.200000e+01 | 6.210000e+01 |  94.06%|   0.31%
 25.3s| 75200 | 18307 |205425 |   2.7 |    25M | 122 | 451 | 540 | 540 |   0 |  0 |   0 |  40 | 3.200000e+01 | 6.210000e+01 |  94.06%|   0.31%
 25.4s| 75300 | 18335 |205810 |   2.7 |    25M | 122 | 451 | 540 | 540 |   0 |  0 |   0 |  40 | 3.200000e+01 | 6.210000e+01 |  94.06%|   0.31%
 25.4s| 75400 | 18359 |206040 |   2.7 |    25M | 122 | 451 | 540 | 540 |   0 |  0 |   0 |  40 | 3.200000e+01 | 6.210000e+01 |  94.06%|   0.31%
 25.4s| 75500 | 18389 |206360 |   2.7 |    25M | 122 | 451 | 540 | 540 |   0 |  0 |   0 |  40 | 3.200000e+01 | 6.210000e+01 |  94.06%|   0.31%
 25.5s| 75600 | 18407 |206641 |   2.7 |    25M | 122 | 451 | 540 | 540 |   0 |  0 |   0 |  40 | 3.200000e+01 | 6.210000e+01 |  94.06%|   0.31%
 25.5s| 75700 | 18437 |206855 |   2.7 |    25M | 122 | 451 | 540 | 540 |   0 |  0 |   0 |  40 | 3.200000e+01 | 6.210000e+01 |  94.06%|   0.31%
 25.5s| 75800 | 18457 |207153 |   2.7 |    25M | 122 | 451 | 540 | 540 |   0 |  0 |   0 |  40 | 3.200000e+01 | 6.210000e+01 |  94.06%|   0.31%
 25.6s| 75900 | 18475 |207408 |   2.7 |    25M | 122 | 451 | 540 | 540 |   0 |  0 |   0 |  40 | 3.200000e+01 | 6.210000e+01 |  94.06%|   0.31%
 25.6s| 76000 | 18503 |207702 |   2.7 |    25M | 122 | 451 | 540 | 540 |   0 |  0 |   0 |  40 | 3.200000e+01 | 6.210000e+01 |  94.06%|   0.31%
 25.6s| 76100 | 18527 |208037 |   2.7 |    25M | 122 | 451 | 540 | 540 |   0 |  0 |   0 |  40 | 3.200000e+01 | 6.210000e+01 |  94.06%|   0.31%
 25.7s| 76200 | 18547 |208292 |   2.7 |    25M | 122 | 451 | 540 | 540 |   0 |  0 |   0 |  40 | 3.200000e+01 | 6.210000e+01 |  94.06%|   0.31%
 25.7s| 76300 | 18565 |208528 |   2.7 |    25M | 122 | 451 | 540 | 540 |   0 |  0 |   0 |  40 | 3.200000e+01 | 6.210000e+01 |  94.06%|   0.31%
 time | node  | left  |LP iter|LP it/n|mem/heur|mdpt |vars |cons |rows |cuts |sepa|confs|strbr|  dualbound   | primalbound  |  gap   | compl. 
 25.7s| 76400 | 18589 |208797 |   2.7 |    25M | 122 | 451 | 540 | 540 |   0 |  0 |   0 |  40 | 3.200000e+01 | 6.210000e+01 |  94.06%|   0.31%
 25.8s| 76500 | 18613 |209103 |   2.7 |    25M | 122 | 451 | 540 | 540 |   0 |  0 |   0 |  40 | 3.200000e+01 | 6.210000e+01 |  94.06%|   0.31%
 25.8s| 76600 | 18629 |209327 |   2.7 |    25M | 122 | 451 | 540 | 540 |   0 |  0 |   0 |  40 | 3.200000e+01 | 6.210000e+01 |  94.06%|   0.31%
 25.8s| 76700 | 18651 |209550 |   2.7 |    25M | 122 | 451 | 540 | 540 |   0 |  0 |   0 |  40 | 3.200000e+01 | 6.210000e+01 |  94.06%|   0.31%
 25.9s| 76800 | 18667 |209786 |   2.7 |    25M | 122 | 451 | 540 | 540 |   0 |  0 |   0 |  40 | 3.200000e+01 | 6.210000e+01 |  94.06%|   0.31%
 25.9s| 76900 | 18689 |210014 |   2.7 |    25M | 122 | 451 | 540 | 540 |   0 |  0 |   0 |  40 | 3.200000e+01 | 6.210000e+01 |  94.06%|   0.31%
 25.9s| 77000 | 18719 |210323 |   2.7 |    25M | 122 | 451 | 540 | 540 |   0 |  0 |   0 |  40 | 3.200000e+01 | 6.210000e+01 |  94.06%|   0.31%
 26.0s| 77100 | 18739 |210584 |   2.7 |    25M | 122 | 451 | 540 | 540 |   0 |  0 |   0 |  40 | 3.200000e+01 | 6.210000e+01 |  94.06%|   0.31%
 26.0s| 77200 | 18759 |210817 |   2.7 |    25M | 122 | 451 | 540 | 540 |   0 |  0 |   0 |  40 | 3.200000e+01 | 6.210000e+01 |  94.06%|   0.31%
 26.0s| 77300 | 18781 |211096 |   2.7 |    25M | 122 | 451 | 540 | 540 |   0 |  0 |   0 |  40 | 3.200000e+01 | 6.210000e+01 |  94.06%|   0.31%
 26.1s| 77400 | 18799 |211439 |   2.7 |    25M | 122 | 451 | 540 | 540 |   0 |  0 |   0 |  40 | 3.200000e+01 | 6.210000e+01 |  94.06%|   0.31%
 26.1s| 77500 | 18821 |211726 |   2.7 |    25M | 122 | 451 | 540 | 540 |   0 |  0 |   0 |  40 | 3.200000e+01 | 6.210000e+01 |  94.06%|   0.31%
 26.1s| 77600 | 18849 |212008 |   2.7 |    25M | 122 | 451 | 540 | 540 |   0 |  0 |   0 |  40 | 3.200000e+01 | 6.210000e+01 |  94.06%|   0.31%
 26.2s| 77700 | 18869 |212226 |   2.7 |    25M | 122 | 451 | 540 | 540 |   0 |  0 |   0 |  40 | 3.200000e+01 | 6.210000e+01 |  94.06%|   0.31%
 26.2s| 77800 | 18889 |212530 |   2.7 |    25M | 122 | 451 | 540 | 540 |   0 |  0 |   0 |  40 | 3.200000e+01 | 6.210000e+01 |  94.06%|   0.31%
 time | node  | left  |LP iter|LP it/n|mem/heur|mdpt |vars |cons |rows |cuts |sepa|confs|strbr|  dualbound   | primalbound  |  gap   | compl. 
 26.2s| 77900 | 18899 |212769 |   2.7 |    25M | 122 | 451 | 540 | 540 |   0 |  0 |   0 |  40 | 3.200000e+01 | 6.210000e+01 |  94.06%|   0.31%
 26.3s| 78000 | 18921 |213021 |   2.7 |    25M | 122 | 451 | 540 | 540 |   0 |  0 |   0 |  40 | 3.200000e+01 | 6.210000e+01 |  94.06%|   0.31%
 26.3s| 78100 | 18947 |213308 |   2.7 |    25M | 122 | 451 | 540 | 540 |   0 |  0 |   0 |  40 | 3.200000e+01 | 6.210000e+01 |  94.06%|   0.31%
 26.3s| 78200 | 18973 |213570 |   2.7 |    25M | 122 | 451 | 540 | 540 |   0 |  0 |   0 |  40 | 3.200000e+01 | 6.210000e+01 |  94.06%|   0.31%
 26.4s| 78300 | 18987 |213862 |   2.7 |    25M | 122 | 451 | 540 | 540 |   0 |  0 |   0 |  40 | 3.200000e+01 | 6.210000e+01 |  94.06%|   0.31%
 26.4s| 78400 | 19009 |214083 |   2.7 |    25M | 122 | 451 | 540 | 540 |   0 |  0 |   0 |  40 | 3.200000e+01 | 6.210000e+01 |  94.06%|   0.31%
 26.4s| 78500 | 19039 |214349 |   2.7 |    25M | 122 | 451 | 540 | 540 |   0 |  0 |   0 |  40 | 3.200000e+01 | 6.210000e+01 |  94.06%|   0.31%
 26.5s| 78600 | 19061 |214707 |   2.7 |    26M | 122 | 451 | 540 | 540 |   0 |  0 |   0 |  40 | 3.200000e+01 | 6.210000e+01 |  94.06%|   0.31%
 26.5s| 78700 | 19083 |215000 |   2.7 |    26M | 122 | 451 | 540 | 540 |   0 |  0 |   0 |  40 | 3.200000e+01 | 6.210000e+01 |  94.06%|   0.31%
 26.5s| 78800 | 19105 |215352 |   2.7 |    26M | 122 | 451 | 540 | 540 |   0 |  0 |   0 |  40 | 3.200000e+01 | 6.210000e+01 |  94.06%|   0.31%
 26.6s| 78900 | 19119 |215588 |   2.7 |    26M | 122 | 451 | 540 | 540 |   0 |  0 |   0 |  40 | 3.200000e+01 | 6.210000e+01 |  94.06%|   0.31%
 26.6s| 79000 | 19145 |215807 |   2.7 |    26M | 122 | 451 | 540 | 540 |   0 |  0 |   0 |  40 | 3.200000e+01 | 6.210000e+01 |  94.06%|   0.31%
 26.6s| 79100 | 19169 |216093 |   2.7 |    26M | 122 | 451 | 540 | 540 |   0 |  0 |   0 |  40 | 3.200000e+01 | 6.210000e+01 |  94.06%|   0.31%
 26.7s| 79200 | 19199 |216359 |   2.7 |    26M | 122 | 451 | 540 | 540 |   0 |  0 |   0 |  40 | 3.200000e+01 | 6.210000e+01 |  94.06%|   0.31%
 26.7s| 79300 | 19217 |216657 |   2.7 |    26M | 122 | 451 | 540 | 540 |   0 |  0 |   0 |  40 | 3.200000e+01 | 6.210000e+01 |  94.06%|   0.31%
 time | node  | left  |LP iter|LP it/n|mem/heur|mdpt |vars |cons |rows |cuts |sepa|confs|strbr|  dualbound   | primalbound  |  gap   | compl. 
 26.7s| 79400 | 19237 |216916 |   2.7 |    26M | 122 | 451 | 540 | 540 |   0 |  0 |   0 |  40 | 3.200000e+01 | 6.210000e+01 |  94.06%|   0.31%
 26.8s| 79500 | 19253 |217166 |   2.7 |    26M | 122 | 451 | 540 | 540 |   0 |  0 |   0 |  40 | 3.200000e+01 | 6.210000e+01 |  94.06%|   0.31%
 26.8s| 79600 | 19269 |217447 |   2.7 |    26M | 122 | 451 | 540 | 540 |   0 |  0 |   0 |  40 | 3.200000e+01 | 6.210000e+01 |  94.06%|   0.31%
 26.8s| 79700 | 19293 |217673 |   2.7 |    26M | 122 | 451 | 540 | 540 |   0 |  0 |   0 |  40 | 3.200000e+01 | 6.210000e+01 |  94.06%|   0.31%
 26.9s| 79800 | 19325 |217979 |   2.7 |    26M | 122 | 451 | 540 | 540 |   0 |  0 |   0 |  40 | 3.200000e+01 | 6.210000e+01 |  94.06%|   0.31%
 26.9s| 79900 | 19345 |218226 |   2.7 |    26M | 122 | 451 | 540 | 540 |   0 |  0 |   0 |  40 | 3.200000e+01 | 6.210000e+01 |  94.06%|   0.31%
 26.9s| 80000 | 19361 |218449 |   2.7 |    26M | 122 | 451 | 540 | 540 |   0 |  0 |   0 |  40 | 3.200000e+01 | 6.210000e+01 |  94.06%|   0.31%
 27.0s| 80100 | 19387 |218702 |   2.7 |    26M | 122 | 451 | 540 | 540 |   0 |  0 |   0 |  40 | 3.200000e+01 | 6.210000e+01 |  94.06%|   0.31%
 27.0s| 80200 | 19411 |219000 |   2.7 |    26M | 122 | 451 | 540 | 540 |   0 |  0 |   0 |  40 | 3.200000e+01 | 6.210000e+01 |  94.06%|   0.31%
 27.0s| 80300 | 19429 |219254 |   2.7 |    26M | 122 | 451 | 540 | 540 |   0 |  0 |   0 |  40 | 3.200000e+01 | 6.210000e+01 |  94.06%|   0.31%
 27.1s| 80400 | 19447 |219545 |   2.7 |    26M | 122 | 451 | 540 | 540 |   0 |  0 |   0 |  40 | 3.200000e+01 | 6.210000e+01 |  94.06%|   0.31%
 27.1s| 80500 | 19469 |219780 |   2.7 |    26M | 122 | 451 | 540 | 540 |   0 |  0 |   0 |  40 | 3.200000e+01 | 6.210000e+01 |  94.06%|   0.31%
 27.1s| 80600 | 19487 |220013 |   2.7 |    26M | 122 | 451 | 540 | 540 |   0 |  0 |   0 |  40 | 3.200000e+01 | 6.210000e+01 |  94.06%|   0.31%
 27.2s| 80700 | 19503 |220286 |   2.7 |    26M | 122 | 451 | 540 | 540 |   0 |  0 |   0 |  40 | 3.200000e+01 | 6.210000e+01 |  94.06%|   0.31%
 27.2s| 80800 | 19519 |220596 |   2.7 |    26M | 122 | 451 | 540 | 540 |   0 |  0 |   0 |  40 | 3.200000e+01 | 6.210000e+01 |  94.06%|   0.31%
 time | node  | left  |LP iter|LP it/n|mem/heur|mdpt |vars |cons |rows |cuts |sepa|confs|strbr|  dualbound   | primalbound  |  gap   | compl. 
 27.2s| 80900 | 19535 |220873 |   2.7 |    26M | 122 | 451 | 540 | 540 |   0 |  0 |   0 |  40 | 3.200000e+01 | 6.210000e+01 |  94.06%|   0.31%
 27.3s| 81000 | 19551 |221118 |   2.7 |    26M | 122 | 451 | 540 | 540 |   0 |  0 |   0 |  40 | 3.200000e+01 | 6.210000e+01 |  94.06%|   0.31%
 27.3s| 81100 | 19567 |221399 |   2.7 |    26M | 122 | 451 | 540 | 540 |   0 |  0 |   0 |  40 | 3.200000e+01 | 6.210000e+01 |  94.06%|   0.31%
 27.3s| 81200 | 19593 |221732 |   2.7 |    26M | 122 | 451 | 540 | 540 |   0 |  0 |   0 |  40 | 3.200000e+01 | 6.210000e+01 |  94.06%|   0.31%
 27.4s| 81300 | 19617 |222019 |   2.7 |    26M | 122 | 451 | 540 | 540 |   0 |  0 |   0 |  40 | 3.200000e+01 | 6.210000e+01 |  94.06%|   0.31%
 27.4s| 81400 | 19645 |222302 |   2.7 |    26M | 122 | 451 | 540 | 540 |   0 |  0 |   0 |  40 | 3.200000e+01 | 6.210000e+01 |  94.06%|   0.31%
 27.4s| 81500 | 19667 |222596 |   2.7 |    26M | 122 | 451 | 540 | 540 |   0 |  0 |   0 |  40 | 3.200000e+01 | 6.210000e+01 |  94.06%|   0.31%
 27.5s| 81600 | 19689 |222859 |   2.7 |    26M | 122 | 451 | 540 | 540 |   0 |  0 |   0 |  40 | 3.200000e+01 | 6.210000e+01 |  94.06%|   0.31%
 27.5s| 81700 | 19711 |223170 |   2.7 |    26M | 122 | 451 | 540 | 540 |   0 |  0 |   0 |  40 | 3.200000e+01 | 6.210000e+01 |  94.06%|   0.31%
 27.5s| 81800 | 19727 |223435 |   2.7 |    26M | 122 | 451 | 540 | 540 |   0 |  0 |   0 |  40 | 3.200000e+01 | 6.210000e+01 |  94.06%|   0.31%
 27.6s| 81900 | 19757 |223733 |   2.7 |    26M | 122 | 451 | 540 | 540 |   0 |  0 |   0 |  40 | 3.200000e+01 | 6.210000e+01 |  94.06%|   0.31%
 27.6s| 82000 | 19779 |224011 |   2.7 |    26M | 122 | 451 | 540 | 540 |   0 |  0 |   0 |  40 | 3.200000e+01 | 6.210000e+01 |  94.06%|   0.31%
 27.6s| 82100 | 19807 |224268 |   2.7 |    26M | 122 | 451 | 540 | 540 |   0 |  0 |   0 |  40 | 3.200000e+01 | 6.210000e+01 |  94.06%|   0.31%
 27.7s| 82200 | 19831 |224550 |   2.7 |    26M | 122 | 451 | 540 | 540 |   0 |  0 |   0 |  40 | 3.200000e+01 | 6.210000e+01 |  94.06%|   0.31%
 27.7s| 82300 | 19853 |224816 |   2.7 |    26M | 122 | 451 | 540 | 540 |   0 |  0 |   0 |  40 | 3.200000e+01 | 6.210000e+01 |  94.06%|   0.31%
 time | node  | left  |LP iter|LP it/n|mem/heur|mdpt |vars |cons |rows |cuts |sepa|confs|strbr|  dualbound   | primalbound  |  gap   | compl. 
 27.7s| 82400 | 19873 |225106 |   2.7 |    26M | 122 | 451 | 540 | 540 |   0 |  0 |   0 |  40 | 3.200000e+01 | 6.210000e+01 |  94.06%|   0.31%
 27.8s| 82500 | 19903 |225337 |   2.7 |    26M | 122 | 451 | 540 | 540 |   0 |  0 |   0 |  40 | 3.200000e+01 | 6.210000e+01 |  94.06%|   0.31%
 27.8s| 82600 | 19933 |225627 |   2.7 |    26M | 122 | 451 | 540 | 540 |   0 |  0 |   0 |  40 | 3.200000e+01 | 6.210000e+01 |  94.06%|   0.31%
 27.8s| 82700 | 19959 |225886 |   2.7 |    26M | 122 | 451 | 540 | 540 |   0 |  0 |   0 |  40 | 3.200000e+01 | 6.210000e+01 |  94.06%|   0.31%
 27.9s| 82800 | 19979 |226126 |   2.7 |    26M | 122 | 451 | 540 | 540 |   0 |  0 |   0 |  40 | 3.200000e+01 | 6.210000e+01 |  94.06%|   0.31%
 27.9s| 82900 | 19999 |226404 |   2.7 |    26M | 122 | 451 | 540 | 540 |   0 |  0 |   0 |  40 | 3.200000e+01 | 6.210000e+01 |  94.06%|   0.31%
 27.9s| 83000 | 20031 |226726 |   2.7 |    26M | 122 | 451 | 540 | 540 |   0 |  0 |   0 |  40 | 3.200000e+01 | 6.210000e+01 |  94.06%|   0.31%
 28.0s| 83100 | 20061 |227050 |   2.7 |    26M | 122 | 451 | 540 | 540 |   0 |  0 |   0 |  40 | 3.200000e+01 | 6.210000e+01 |  94.06%|   0.31%
 28.0s| 83200 | 20081 |227279 |   2.7 |    26M | 122 | 451 | 540 | 540 |   0 |  0 |   0 |  40 | 3.200000e+01 | 6.210000e+01 |  94.06%|   0.31%
 28.0s| 83300 | 20103 |227527 |   2.7 |    27M | 122 | 451 | 540 | 540 |   0 |  0 |   0 |  40 | 3.200000e+01 | 6.210000e+01 |  94.06%|   0.31%
 28.1s| 83400 | 20119 |227798 |   2.7 |    27M | 122 | 451 | 540 | 540 |   0 |  0 |   0 |  40 | 3.200000e+01 | 6.210000e+01 |  94.06%|   0.31%
 28.1s| 83500 | 20141 |228050 |   2.7 |    27M | 122 | 451 | 540 | 540 |   0 |  0 |   0 |  40 | 3.200000e+01 | 6.210000e+01 |  94.06%|   0.31%
 28.1s| 83600 | 20171 |228312 |   2.7 |    27M | 122 | 451 | 540 | 540 |   0 |  0 |   0 |  40 | 3.200000e+01 | 6.210000e+01 |  94.06%|   0.31%
 28.2s| 83700 | 20187 |228572 |   2.7 |    27M | 122 | 451 | 540 | 540 |   0 |  0 |   0 |  40 | 3.200000e+01 | 6.210000e+01 |  94.06%|   0.31%
 28.2s| 83800 | 20207 |228796 |   2.7 |    27M | 122 | 451 | 540 | 540 |   0 |  0 |   0 |  40 | 3.200000e+01 | 6.210000e+01 |  94.06%|   0.31%
 time | node  | left  |LP iter|LP it/n|mem/heur|mdpt |vars |cons |rows |cuts |sepa|confs|strbr|  dualbound   | primalbound  |  gap   | compl. 
 28.2s| 83900 | 20247 |229116 |   2.7 |    27M | 122 | 451 | 540 | 540 |   0 |  0 |   0 |  40 | 3.200000e+01 | 6.210000e+01 |  94.06%|   0.31%
 28.3s| 84000 | 20277 |229416 |   2.7 |    27M | 122 | 451 | 540 | 540 |   0 |  0 |   0 |  40 | 3.200000e+01 | 6.210000e+01 |  94.06%|   0.31%
 28.3s| 84100 | 20305 |229739 |   2.7 |    27M | 122 | 451 | 540 | 540 |   0 |  0 |   0 |  40 | 3.200000e+01 | 6.210000e+01 |  94.06%|   0.31%
 28.3s| 84200 | 20333 |229965 |   2.7 |    27M | 122 | 451 | 540 | 540 |   0 |  0 |   0 |  40 | 3.200000e+01 | 6.210000e+01 |  94.06%|   0.31%
 28.4s| 84300 | 20365 |230272 |   2.7 |    27M | 122 | 451 | 540 | 540 |   0 |  0 |   0 |  40 | 3.200000e+01 | 6.210000e+01 |  94.06%|   0.31%
 28.4s| 84400 | 20395 |230537 |   2.7 |    27M | 122 | 451 | 540 | 540 |   0 |  0 |   0 |  40 | 3.200000e+01 | 6.210000e+01 |  94.06%|   0.31%
 28.4s| 84500 | 20423 |230813 |   2.7 |    27M | 122 | 451 | 540 | 540 |   0 |  0 |   0 |  40 | 3.200000e+01 | 6.210000e+01 |  94.06%|   0.31%
 28.5s| 84600 | 20441 |231070 |   2.7 |    27M | 122 | 451 | 540 | 540 |   0 |  0 |   0 |  40 | 3.200000e+01 | 6.210000e+01 |  94.06%|   0.31%
 28.5s| 84700 | 20457 |231274 |   2.7 |    27M | 122 | 451 | 540 | 540 |   0 |  0 |   0 |  40 | 3.200000e+01 | 6.210000e+01 |  94.06%|   0.31%
 28.5s| 84800 | 20471 |231498 |   2.7 |    27M | 122 | 451 | 540 | 540 |   0 |  0 |   0 |  40 | 3.200000e+01 | 6.210000e+01 |  94.06%|   0.31%
 28.6s| 84900 | 20485 |231715 |   2.7 |    27M | 122 | 451 | 540 | 540 |   0 |  0 |   0 |  40 | 3.200000e+01 | 6.210000e+01 |  94.06%|   0.31%
 28.6s| 85000 | 20511 |231959 |   2.7 |    27M | 122 | 451 | 540 | 540 |   0 |  0 |   0 |  40 | 3.200000e+01 | 6.210000e+01 |  94.06%|   0.31%
 28.6s| 85100 | 20529 |232163 |   2.7 |    27M | 122 | 451 | 540 | 540 |   0 |  0 |   0 |  40 | 3.200000e+01 | 6.210000e+01 |  94.06%|   0.31%
 28.7s| 85200 | 20549 |232387 |   2.7 |    27M | 122 | 451 | 540 | 540 |   0 |  0 |   0 |  40 | 3.200000e+01 | 6.210000e+01 |  94.06%|   0.31%
 28.7s| 85300 | 20563 |232628 |   2.7 |    27M | 122 | 451 | 540 | 540 |   0 |  0 |   0 |  40 | 3.200000e+01 | 6.210000e+01 |  94.06%|   0.31%
 time | node  | left  |LP iter|LP it/n|mem/heur|mdpt |vars |cons |rows |cuts |sepa|confs|strbr|  dualbound   | primalbound  |  gap   | compl. 
 28.7s| 85400 | 20589 |232861 |   2.7 |    27M | 122 | 451 | 540 | 540 |   0 |  0 |   0 |  40 | 3.200000e+01 | 6.210000e+01 |  94.06%|   0.31%
 28.8s| 85500 | 20615 |233131 |   2.7 |    27M | 122 | 451 | 540 | 540 |   0 |  0 |   0 |  40 | 3.200000e+01 | 6.210000e+01 |  94.06%|   0.31%
 28.8s| 85600 | 20637 |233460 |   2.7 |    27M | 122 | 451 | 540 | 540 |   0 |  0 |   0 |  40 | 3.200000e+01 | 6.210000e+01 |  94.06%|   0.31%
 28.8s| 85700 | 20657 |233705 |   2.7 |    27M | 122 | 451 | 540 | 540 |   0 |  0 |   0 |  40 | 3.200000e+01 | 6.210000e+01 |  94.06%|   0.31%
 28.9s| 85800 | 20675 |233939 |   2.7 |    27M | 122 | 451 | 540 | 540 |   0 |  0 |   0 |  40 | 3.200000e+01 | 6.210000e+01 |  94.06%|   0.31%
 28.9s| 85900 | 20699 |234180 |   2.7 |    27M | 122 | 451 | 540 | 540 |   0 |  0 |   0 |  40 | 3.200000e+01 | 6.210000e+01 |  94.06%|   0.31%
 28.9s| 86000 | 20717 |234429 |   2.7 |    27M | 122 | 451 | 540 | 540 |   0 |  0 |   0 |  40 | 3.200000e+01 | 6.210000e+01 |  94.06%|   0.31%
 29.0s| 86100 | 20731 |234641 |   2.7 |    27M | 122 | 451 | 540 | 540 |   0 |  0 |   0 |  40 | 3.200000e+01 | 6.210000e+01 |  94.06%|   0.31%
 29.0s| 86200 | 20755 |234892 |   2.7 |    27M | 122 | 451 | 540 | 540 |   0 |  0 |   0 |  40 | 3.200000e+01 | 6.210000e+01 |  94.06%|   0.31%
 29.0s| 86300 | 20767 |235165 |   2.7 |    27M | 122 | 451 | 540 | 540 |   0 |  0 |   0 |  40 | 3.200000e+01 | 6.210000e+01 |  94.06%|   0.31%
 29.1s| 86400 | 20785 |235407 |   2.7 |    27M | 122 | 451 | 540 | 540 |   0 |  0 |   0 |  40 | 3.200000e+01 | 6.210000e+01 |  94.06%|   0.31%
 29.1s| 86500 | 20823 |235669 |   2.7 |    27M | 122 | 451 | 540 | 540 |   0 |  0 |   0 |  40 | 3.200000e+01 | 6.210000e+01 |  94.06%|   0.31%
 29.1s| 86600 | 20843 |235913 |   2.7 |    27M | 122 | 451 | 540 | 540 |   0 |  0 |   0 |  40 | 3.200000e+01 | 6.210000e+01 |  94.06%|   0.31%
 29.2s| 86700 | 20863 |236162 |   2.7 |    27M | 122 | 451 | 540 | 540 |   0 |  0 |   0 |  40 | 3.200000e+01 | 6.210000e+01 |  94.06%|   0.31%
 29.2s| 86800 | 20881 |236409 |   2.7 |    27M | 122 | 451 | 540 | 540 |   0 |  0 |   0 |  40 | 3.200000e+01 | 6.210000e+01 |  94.06%|   0.31%
 time | node  | left  |LP iter|LP it/n|mem/heur|mdpt |vars |cons |rows |cuts |sepa|confs|strbr|  dualbound   | primalbound  |  gap   | compl. 
 29.2s| 86900 | 20903 |236693 |   2.7 |    27M | 122 | 451 | 540 | 540 |   0 |  0 |   0 |  40 | 3.200000e+01 | 6.210000e+01 |  94.06%|   0.31%
 29.3s| 87000 | 20931 |236918 |   2.7 |    27M | 122 | 451 | 540 | 540 |   0 |  0 |   0 |  40 | 3.200000e+01 | 6.210000e+01 |  94.06%|   0.31%
 29.3s| 87100 | 20963 |237169 |   2.7 |    27M | 122 | 451 | 540 | 540 |   0 |  0 |   0 |  40 | 3.200000e+01 | 6.210000e+01 |  94.06%|   0.31%
 29.4s| 87200 | 20985 |237413 |   2.7 |    27M | 122 | 451 | 540 | 540 |   0 |  0 |   0 |  40 | 3.200000e+01 | 6.210000e+01 |  94.06%|   0.31%
 29.4s| 87300 | 21005 |237662 |   2.7 |    27M | 122 | 451 | 540 | 540 |   0 |  0 |   0 |  40 | 3.200000e+01 | 6.210000e+01 |  94.06%|   0.31%
 29.4s| 87400 | 21025 |237917 |   2.7 |    27M | 122 | 451 | 540 | 540 |   0 |  0 |   0 |  40 | 3.200000e+01 | 6.210000e+01 |  94.06%|   0.31%
 29.5s| 87500 | 21045 |238137 |   2.7 |    27M | 122 | 451 | 540 | 540 |   0 |  0 |   0 |  40 | 3.200000e+01 | 6.210000e+01 |  94.06%|   0.31%
 29.5s| 87600 | 21075 |238374 |   2.7 |    27M | 122 | 451 | 540 | 540 |   0 |  0 |   0 |  40 | 3.200000e+01 | 6.210000e+01 |  94.06%|   0.31%
 29.5s| 87700 | 21091 |238612 |   2.7 |    27M | 122 | 451 | 540 | 540 |   0 |  0 |   0 |  40 | 3.200000e+01 | 6.210000e+01 |  94.06%|   0.31%
 29.6s| 87800 | 21107 |238833 |   2.7 |    27M | 122 | 451 | 540 | 540 |   0 |  0 |   0 |  40 | 3.200000e+01 | 6.210000e+01 |  94.06%|   0.31%
 29.6s| 87900 | 21127 |239080 |   2.7 |    27M | 127 | 451 | 540 | 540 |   0 |  0 |   0 |  40 | 3.200000e+01 | 6.210000e+01 |  94.06%|   0.31%
 29.6s| 88000 | 21149 |239297 |   2.7 |    27M | 127 | 451 | 540 | 540 |   0 |  0 |   0 |  40 | 3.200000e+01 | 6.210000e+01 |  94.06%|   0.31%
 29.7s| 88100 | 21185 |239534 |   2.7 |    27M | 127 | 451 | 540 | 540 |   0 |  0 |   0 |  40 | 3.200000e+01 | 6.210000e+01 |  94.06%|   0.31%
 29.7s| 88200 | 21213 |239883 |   2.7 |    27M | 127 | 451 | 540 | 540 |   0 |  0 |   0 |  40 | 3.200000e+01 | 6.210000e+01 |  94.06%|   0.31%
 29.7s| 88300 | 21237 |240141 |   2.7 |    27M | 127 | 451 | 540 | 540 |   0 |  0 |   0 |  40 | 3.200000e+01 | 6.210000e+01 |  94.06%|   0.31%
 time | node  | left  |LP iter|LP it/n|mem/heur|mdpt |vars |cons |rows |cuts |sepa|confs|strbr|  dualbound   | primalbound  |  gap   | compl. 
 29.8s| 88400 | 21261 |240435 |   2.7 |    27M | 127 | 451 | 540 | 540 |   0 |  0 |   0 |  40 | 3.200000e+01 | 6.210000e+01 |  94.06%|   0.31%
 29.8s| 88500 | 21279 |240741 |   2.7 |    27M | 127 | 451 | 540 | 540 |   0 |  0 |   0 |  40 | 3.200000e+01 | 6.210000e+01 |  94.06%|   0.31%
 29.8s| 88600 | 21307 |240985 |   2.7 |    27M | 127 | 451 | 540 | 540 |   0 |  0 |   0 |  40 | 3.200000e+01 | 6.210000e+01 |  94.06%|   0.31%
 29.9s| 88700 | 21331 |241209 |   2.7 |    27M | 127 | 451 | 540 | 540 |   0 |  0 |   0 |  40 | 3.200000e+01 | 6.210000e+01 |  94.06%|   0.31%
 29.9s| 88800 | 21363 |241491 |   2.7 |    27M | 127 | 451 | 540 | 540 |   0 |  0 |   0 |  40 | 3.200000e+01 | 6.210000e+01 |  94.06%|   0.31%
 29.9s| 88900 | 21381 |241765 |   2.7 |    27M | 127 | 451 | 540 | 540 |   0 |  0 |   0 |  40 | 3.200000e+01 | 6.210000e+01 |  94.06%|   0.31%
 30.0s| 89000 | 21397 |242027 |   2.7 |    27M | 127 | 451 | 540 | 540 |   0 |  0 |   0 |  40 | 3.200000e+01 | 6.210000e+01 |  94.06%|   0.31%
 30.0s| 89100 | 21423 |242254 |   2.7 |    27M | 127 | 451 | 540 | 540 |   0 |  0 |   0 |  40 | 3.200000e+01 | 6.210000e+01 |  94.06%|   0.31%
 30.0s| 89200 | 21445 |242480 |   2.7 |    27M | 127 | 451 | 540 | 540 |   0 |  0 |   0 |  40 | 3.200000e+01 | 6.210000e+01 |  94.06%|   0.31%
 30.1s| 89300 | 21471 |242752 |   2.7 |    27M | 127 | 451 | 540 | 540 |   0 |  0 |   0 |  40 | 3.200000e+01 | 6.210000e+01 |  94.06%|   0.31%
 30.1s| 89400 | 21489 |243011 |   2.7 |    27M | 127 | 451 | 540 | 540 |   0 |  0 |   0 |  40 | 3.200000e+01 | 6.210000e+01 |  94.06%|   0.31%
 30.1s| 89500 | 21519 |243252 |   2.7 |    27M | 127 | 451 | 540 | 540 |   0 |  0 |   0 |  40 | 3.200000e+01 | 6.210000e+01 |  94.06%|   0.31%
 30.2s| 89600 | 21541 |243496 |   2.7 |    27M | 127 | 451 | 540 | 540 |   0 |  0 |   0 |  40 | 3.200000e+01 | 6.210000e+01 |  94.06%|   0.31%
 30.2s| 89700 | 21561 |243819 |   2.7 |    27M | 127 | 451 | 540 | 540 |   0 |  0 |   0 |  40 | 3.200000e+01 | 6.210000e+01 |  94.06%|   0.31%
 30.2s| 89800 | 21587 |244155 |   2.7 |    27M | 127 | 451 | 540 | 540 |   0 |  0 |   0 |  40 | 3.200000e+01 | 6.210000e+01 |  94.06%|   0.31%
 time | node  | left  |LP iter|LP it/n|mem/heur|mdpt |vars |cons |rows |cuts |sepa|confs|strbr|  dualbound   | primalbound  |  gap   | compl. 
 30.3s| 89900 | 21607 |244449 |   2.7 |    27M | 127 | 451 | 540 | 540 |   0 |  0 |   0 |  40 | 3.200000e+01 | 6.210000e+01 |  94.06%|   0.31%
 30.3s| 90000 | 21621 |244656 |   2.7 |    27M | 127 | 451 | 540 | 540 |   0 |  0 |   0 |  40 | 3.200000e+01 | 6.210000e+01 |  94.06%|   0.31%
 30.3s| 90100 | 21637 |244897 |   2.7 |    27M | 127 | 451 | 540 | 540 |   0 |  0 |   0 |  40 | 3.200000e+01 | 6.210000e+01 |  94.06%|   0.31%
 30.4s| 90200 | 21657 |245172 |   2.7 |    27M | 127 | 451 | 540 | 540 |   0 |  0 |   0 |  40 | 3.200000e+01 | 6.210000e+01 |  94.06%|   0.31%
 30.4s| 90300 | 21677 |245398 |   2.7 |    27M | 127 | 451 | 540 | 540 |   0 |  0 |   0 |  40 | 3.200000e+01 | 6.210000e+01 |  94.06%|   0.31%
 30.4s| 90400 | 21701 |245629 |   2.7 |    27M | 127 | 451 | 540 | 540 |   0 |  0 |   0 |  40 | 3.200000e+01 | 6.210000e+01 |  94.06%|   0.31%
 30.5s| 90500 | 21715 |245892 |   2.7 |    28M | 127 | 451 | 540 | 540 |   0 |  0 |   0 |  40 | 3.200000e+01 | 6.210000e+01 |  94.06%|   0.31%
 30.5s| 90600 | 21735 |246142 |   2.7 |    28M | 127 | 451 | 540 | 540 |   0 |  0 |   0 |  40 | 3.200000e+01 | 6.210000e+01 |  94.06%|   0.31%
 30.5s| 90700 | 21757 |246361 |   2.7 |    28M | 127 | 451 | 540 | 540 |   0 |  0 |   0 |  40 | 3.200000e+01 | 6.210000e+01 |  94.06%|   0.31%
 30.6s| 90800 | 21781 |246579 |   2.7 |    28M | 127 | 451 | 540 | 540 |   0 |  0 |   0 |  40 | 3.200000e+01 | 6.210000e+01 |  94.06%|   0.31%
 30.6s| 90900 | 21803 |246822 |   2.7 |    28M | 127 | 451 | 540 | 540 |   0 |  0 |   0 |  40 | 3.200000e+01 | 6.210000e+01 |  94.06%|   0.31%
 30.6s| 91000 | 21825 |247111 |   2.7 |    28M | 127 | 451 | 540 | 540 |   0 |  0 |   0 |  40 | 3.200000e+01 | 6.210000e+01 |  94.06%|   0.31%
 30.7s| 91100 | 21849 |247388 |   2.7 |    28M | 127 | 451 | 540 | 540 |   0 |  0 |   0 |  40 | 3.200000e+01 | 6.210000e+01 |  94.06%|   0.31%
 30.7s| 91200 | 21873 |247669 |   2.7 |    28M | 127 | 451 | 540 | 540 |   0 |  0 |   0 |  40 | 3.200000e+01 | 6.210000e+01 |  94.06%|   0.31%
 30.7s| 91300 | 21889 |247929 |   2.7 |    28M | 127 | 451 | 540 | 540 |   0 |  0 |   0 |  40 | 3.200000e+01 | 6.210000e+01 |  94.06%|   0.31%
 time | node  | left  |LP iter|LP it/n|mem/heur|mdpt |vars |cons |rows |cuts |sepa|confs|strbr|  dualbound   | primalbound  |  gap   | compl. 
 30.8s| 91400 | 21907 |248212 |   2.7 |    28M | 127 | 451 | 540 | 540 |   0 |  0 |   0 |  40 | 3.200000e+01 | 6.210000e+01 |  94.06%|   0.31%
 30.8s| 91500 | 21929 |248507 |   2.7 |    28M | 127 | 451 | 540 | 540 |   0 |  0 |   0 |  40 | 3.200000e+01 | 6.210000e+01 |  94.06%|   0.31%
 30.8s| 91600 | 21951 |248763 |   2.7 |    28M | 127 | 451 | 540 | 540 |   0 |  0 |   0 |  40 | 3.200000e+01 | 6.210000e+01 |  94.06%|   0.31%
 30.9s| 91700 | 21973 |248988 |   2.7 |    28M | 127 | 451 | 540 | 540 |   0 |  0 |   0 |  40 | 3.200000e+01 | 6.210000e+01 |  94.06%|   0.31%
 30.9s| 91800 | 22005 |249309 |   2.7 |    28M | 127 | 451 | 540 | 540 |   0 |  0 |   0 |  40 | 3.200000e+01 | 6.210000e+01 |  94.06%|   0.31%
 30.9s| 91900 | 22025 |249552 |   2.7 |    28M | 127 | 451 | 540 | 540 |   0 |  0 |   0 |  40 | 3.200000e+01 | 6.210000e+01 |  94.06%|   0.31%
 31.0s| 92000 | 22043 |249851 |   2.7 |    28M | 127 | 451 | 540 | 540 |   0 |  0 |   0 |  40 | 3.200000e+01 | 6.210000e+01 |  94.06%|   0.31%
 31.0s| 92100 | 22073 |250103 |   2.7 |    28M | 127 | 451 | 540 | 540 |   0 |  0 |   0 |  40 | 3.200000e+01 | 6.210000e+01 |  94.06%|   0.31%
 31.0s| 92200 | 22093 |250348 |   2.7 |    28M | 127 | 451 | 540 | 540 |   0 |  0 |   0 |  40 | 3.200000e+01 | 6.210000e+01 |  94.06%|   0.31%
 31.1s| 92300 | 22115 |250583 |   2.7 |    28M | 127 | 451 | 540 | 540 |   0 |  0 |   0 |  40 | 3.200000e+01 | 6.210000e+01 |  94.06%|   0.31%
 31.1s| 92400 | 22141 |250790 |   2.7 |    28M | 127 | 451 | 540 | 540 |   0 |  0 |   0 |  40 | 3.200000e+01 | 6.210000e+01 |  94.06%|   0.31%
 31.1s| 92500 | 22159 |251051 |   2.7 |    28M | 127 | 451 | 540 | 540 |   0 |  0 |   0 |  40 | 3.200000e+01 | 6.210000e+01 |  94.06%|   0.31%
 31.2s| 92600 | 22181 |251292 |   2.7 |    28M | 127 | 451 | 540 | 540 |   0 |  0 |   0 |  40 | 3.200000e+01 | 6.210000e+01 |  94.06%|   0.31%
 31.2s| 92700 | 22199 |251532 |   2.7 |    28M | 127 | 451 | 540 | 540 |   0 |  0 |   0 |  40 | 3.200000e+01 | 6.210000e+01 |  94.06%|   0.31%
 31.2s| 92800 | 22221 |251768 |   2.7 |    28M | 127 | 451 | 540 | 540 |   0 |  0 |   0 |  40 | 3.200000e+01 | 6.210000e+01 |  94.06%|   0.31%
 time | node  | left  |LP iter|LP it/n|mem/heur|mdpt |vars |cons |rows |cuts |sepa|confs|strbr|  dualbound   | primalbound  |  gap   | compl. 
 31.3s| 92900 | 22241 |251984 |   2.7 |    28M | 127 | 451 | 540 | 540 |   0 |  0 |   0 |  40 | 3.200000e+01 | 6.210000e+01 |  94.06%|   0.31%
 31.3s| 93000 | 22259 |252244 |   2.7 |    28M | 127 | 451 | 540 | 540 |   0 |  0 |   0 |  40 | 3.200000e+01 | 6.210000e+01 |  94.06%|   0.31%
 31.3s| 93100 | 22283 |252521 |   2.7 |    28M | 127 | 451 | 540 | 540 |   0 |  0 |   0 |  40 | 3.200000e+01 | 6.210000e+01 |  94.06%|   0.31%
 31.4s| 93200 | 22303 |252773 |   2.7 |    28M | 127 | 451 | 540 | 540 |   0 |  0 |   0 |  40 | 3.200000e+01 | 6.210000e+01 |  94.06%|   0.31%
 31.4s| 93300 | 22323 |252997 |   2.7 |    28M | 127 | 451 | 540 | 540 |   0 |  0 |   0 |  40 | 3.200000e+01 | 6.210000e+01 |  94.06%|   0.31%
 31.4s| 93400 | 22351 |253268 |   2.7 |    28M | 127 | 451 | 540 | 540 |   0 |  0 |   0 |  40 | 3.200000e+01 | 6.210000e+01 |  94.06%|   0.31%
 31.5s| 93500 | 22371 |253558 |   2.7 |    28M | 127 | 451 | 540 | 540 |   0 |  0 |   0 |  40 | 3.200000e+01 | 6.210000e+01 |  94.06%|   0.31%
 31.5s| 93600 | 22385 |253782 |   2.7 |    28M | 127 | 451 | 540 | 540 |   0 |  0 |   0 |  40 | 3.200000e+01 | 6.210000e+01 |  94.06%|   0.31%
 31.5s| 93700 | 22417 |254052 |   2.7 |    28M | 127 | 451 | 540 | 540 |   0 |  0 |   0 |  40 | 3.200000e+01 | 6.210000e+01 |  94.06%|   0.31%
 31.6s| 93800 | 22441 |254315 |   2.7 |    28M | 127 | 451 | 540 | 540 |   0 |  0 |   0 |  40 | 3.200000e+01 | 6.210000e+01 |  94.06%|   0.31%
 31.6s| 93900 | 22463 |254595 |   2.7 |    28M | 127 | 451 | 540 | 540 |   0 |  0 |   0 |  40 | 3.200000e+01 | 6.210000e+01 |  94.06%|   0.31%
 31.6s| 94000 | 22481 |254804 |   2.7 |    28M | 127 | 451 | 540 | 540 |   0 |  0 |   0 |  40 | 3.200000e+01 | 6.210000e+01 |  94.06%|   0.31%
 31.7s| 94100 | 22511 |255031 |   2.7 |    28M | 127 | 451 | 540 | 540 |   0 |  0 |   0 |  40 | 3.200000e+01 | 6.210000e+01 |  94.06%|   0.31%
 31.7s| 94200 | 22525 |255299 |   2.7 |    28M | 127 | 451 | 540 | 540 |   0 |  0 |   0 |  40 | 3.200000e+01 | 6.210000e+01 |  94.06%|   0.31%
 31.7s| 94300 | 22547 |255555 |   2.7 |    28M | 127 | 451 | 540 | 540 |   0 |  0 |   0 |  40 | 3.200000e+01 | 6.210000e+01 |  94.06%|   0.31%
 time | node  | left  |LP iter|LP it/n|mem/heur|mdpt |vars |cons |rows |cuts |sepa|confs|strbr|  dualbound   | primalbound  |  gap   | compl. 
 31.8s| 94400 | 22565 |255861 |   2.7 |    28M | 127 | 451 | 540 | 540 |   0 |  0 |   0 |  40 | 3.200000e+01 | 6.210000e+01 |  94.06%|   0.31%
 31.8s| 94500 | 22587 |256149 |   2.7 |    28M | 127 | 451 | 540 | 540 |   0 |  0 |   0 |  40 | 3.200000e+01 | 6.210000e+01 |  94.06%|   0.31%
 31.8s| 94600 | 22625 |256457 |   2.7 |    28M | 127 | 451 | 540 | 540 |   0 |  0 |   0 |  40 | 3.200000e+01 | 6.210000e+01 |  94.06%|   0.31%
 31.9s| 94700 | 22647 |256697 |   2.7 |    28M | 127 | 451 | 540 | 540 |   0 |  0 |   0 |  40 | 3.200000e+01 | 6.210000e+01 |  94.06%|   0.31%
 31.9s| 94800 | 22671 |257003 |   2.7 |    28M | 127 | 451 | 540 | 540 |   0 |  0 |   0 |  40 | 3.200000e+01 | 6.210000e+01 |  94.06%|   0.31%
 31.9s| 94900 | 22693 |257213 |   2.7 |    28M | 127 | 451 | 540 | 540 |   0 |  0 |   0 |  40 | 3.200000e+01 | 6.210000e+01 |  94.06%|   0.31%
 32.0s| 95000 | 22717 |257560 |   2.7 |    28M | 127 | 451 | 540 | 540 |   0 |  0 |   0 |  40 | 3.200000e+01 | 6.210000e+01 |  94.06%|   0.31%
 32.0s| 95100 | 22745 |257853 |   2.7 |    28M | 127 | 451 | 540 | 540 |   0 |  0 |   0 |  40 | 3.200000e+01 | 6.210000e+01 |  94.06%|   0.31%
 32.0s| 95200 | 22761 |258086 |   2.7 |    28M | 127 | 451 | 540 | 540 |   0 |  0 |   0 |  40 | 3.200000e+01 | 6.210000e+01 |  94.06%|   0.31%
 32.1s| 95300 | 22785 |258317 |   2.7 |    28M | 127 | 451 | 540 | 540 |   0 |  0 |   0 |  40 | 3.200000e+01 | 6.210000e+01 |  94.06%|   0.31%
 32.1s| 95400 | 22805 |258648 |   2.7 |    29M | 127 | 451 | 540 | 540 |   0 |  0 |   0 |  40 | 3.200000e+01 | 6.210000e+01 |  94.06%|   0.31%
 32.1s| 95500 | 22821 |258906 |   2.7 |    29M | 127 | 451 | 540 | 540 |   0 |  0 |   0 |  40 | 3.200000e+01 | 6.210000e+01 |  94.06%|   0.31%
 32.2s| 95600 | 22847 |259150 |   2.7 |    29M | 127 | 451 | 540 | 540 |   0 |  0 |   0 |  40 | 3.200000e+01 | 6.210000e+01 |  94.06%|   0.31%
 32.2s| 95700 | 22873 |259394 |   2.7 |    29M | 127 | 451 | 540 | 540 |   0 |  0 |   0 |  40 | 3.200000e+01 | 6.210000e+01 |  94.06%|   0.31%
 32.2s| 95800 | 22891 |259668 |   2.7 |    29M | 127 | 451 | 540 | 540 |   0 |  0 |   0 |  40 | 3.200000e+01 | 6.210000e+01 |  94.06%|   0.31%
 time | node  | left  |LP iter|LP it/n|mem/heur|mdpt |vars |cons |rows |cuts |sepa|confs|strbr|  dualbound   | primalbound  |  gap   | compl. 
 32.3s| 95900 | 22911 |259902 |   2.7 |    29M | 127 | 451 | 540 | 540 |   0 |  0 |   0 |  40 | 3.200000e+01 | 6.210000e+01 |  94.06%|   0.31%
 32.3s| 96000 | 22929 |260146 |   2.7 |    29M | 127 | 451 | 540 | 540 |   0 |  0 |   0 |  40 | 3.200000e+01 | 6.210000e+01 |  94.06%|   0.31%
 32.3s| 96100 | 22963 |260380 |   2.7 |    29M | 127 | 451 | 540 | 540 |   0 |  0 |   0 |  40 | 3.200000e+01 | 6.210000e+01 |  94.06%|   0.31%
 32.4s| 96200 | 22981 |260638 |   2.7 |    29M | 127 | 451 | 540 | 540 |   0 |  0 |   0 |  40 | 3.200000e+01 | 6.210000e+01 |  94.06%|   0.31%
 32.4s| 96300 | 23013 |260846 |   2.7 |    29M | 127 | 451 | 540 | 540 |   0 |  0 |   0 |  40 | 3.200000e+01 | 6.210000e+01 |  94.06%|   0.31%
 32.4s| 96400 | 23033 |261076 |   2.7 |    29M | 127 | 451 | 540 | 540 |   0 |  0 |   0 |  40 | 3.200000e+01 | 6.210000e+01 |  94.06%|   0.31%
 32.5s| 96500 | 23061 |261329 |   2.7 |    29M | 127 | 451 | 540 | 540 |   0 |  0 |   0 |  40 | 3.200000e+01 | 6.210000e+01 |  94.06%|   0.31%
 32.5s| 96600 | 23077 |261593 |   2.7 |    29M | 127 | 451 | 540 | 540 |   0 |  0 |   0 |  40 | 3.200000e+01 | 6.210000e+01 |  94.06%|   0.31%
 32.5s| 96700 | 23099 |261898 |   2.7 |    29M | 127 | 451 | 540 | 540 |   0 |  0 |   0 |  40 | 3.200000e+01 | 6.210000e+01 |  94.06%|   0.31%
 32.6s| 96800 | 23123 |262219 |   2.7 |    29M | 127 | 451 | 540 | 540 |   0 |  0 |   0 |  40 | 3.200000e+01 | 6.210000e+01 |  94.06%|   0.31%
 32.6s| 96900 | 23147 |262480 |   2.7 |    29M | 127 | 451 | 540 | 540 |   0 |  0 |   0 |  40 | 3.200000e+01 | 6.210000e+01 |  94.06%|   0.31%
 32.6s| 97000 | 23181 |262735 |   2.7 |    29M | 127 | 451 | 540 | 540 |   0 |  0 |   0 |  40 | 3.200000e+01 | 6.210000e+01 |  94.06%|   0.31%
 32.7s| 97100 | 23199 |262935 |   2.7 |    29M | 127 | 451 | 540 | 540 |   0 |  0 |   0 |  40 | 3.200000e+01 | 6.210000e+01 |  94.06%|   0.31%
 32.7s| 97200 | 23211 |263179 |   2.7 |    29M | 127 | 451 | 540 | 540 |   0 |  0 |   0 |  40 | 3.200000e+01 | 6.210000e+01 |  94.06%|   0.31%
 32.7s| 97300 | 23247 |263449 |   2.7 |    29M | 127 | 451 | 540 | 540 |   0 |  0 |   0 |  40 | 3.200000e+01 | 6.210000e+01 |  94.06%|   0.31%
 time | node  | left  |LP iter|LP it/n|mem/heur|mdpt |vars |cons |rows |cuts |sepa|confs|strbr|  dualbound   | primalbound  |  gap   | compl. 
 32.8s| 97400 | 23283 |263771 |   2.7 |    29M | 127 | 451 | 540 | 540 |   0 |  0 |   0 |  40 | 3.200000e+01 | 6.210000e+01 |  94.06%|   0.31%
 32.8s| 97500 | 23313 |264042 |   2.7 |    29M | 127 | 451 | 540 | 540 |   0 |  0 |   0 |  40 | 3.200000e+01 | 6.210000e+01 |  94.06%|   0.31%
 32.8s| 97600 | 23339 |264293 |   2.7 |    29M | 127 | 451 | 540 | 540 |   0 |  0 |   0 |  40 | 3.200000e+01 | 6.210000e+01 |  94.06%|   0.31%
 32.9s| 97700 | 23359 |264575 |   2.7 |    29M | 127 | 451 | 540 | 540 |   0 |  0 |   0 |  40 | 3.200000e+01 | 6.210000e+01 |  94.06%|   0.31%
 32.9s| 97800 | 23379 |264844 |   2.7 |    29M | 127 | 451 | 540 | 540 |   0 |  0 |   0 |  40 | 3.200000e+01 | 6.210000e+01 |  94.06%|   0.31%
 32.9s| 97900 | 23407 |265076 |   2.7 |    30M | 127 | 451 | 540 | 540 |   0 |  0 |   0 |  40 | 3.200000e+01 | 6.210000e+01 |  94.06%|   0.31%
 33.0s| 98000 | 23437 |265311 |   2.7 |    30M | 127 | 451 | 540 | 540 |   0 |  0 |   0 |  40 | 3.200000e+01 | 6.210000e+01 |  94.06%|   0.31%
 33.0s| 98100 | 23471 |265539 |   2.7 |    30M | 127 | 451 | 540 | 540 |   0 |  0 |   0 |  40 | 3.200000e+01 | 6.210000e+01 |  94.06%|   0.31%
 33.1s| 98200 | 23491 |265810 |   2.7 |    30M | 127 | 451 | 540 | 540 |   0 |  0 |   0 |  40 | 3.200000e+01 | 6.210000e+01 |  94.06%|   0.31%
 33.1s| 98300 | 23511 |266059 |   2.7 |    30M | 127 | 451 | 540 | 540 |   0 |  0 |   0 |  40 | 3.200000e+01 | 6.210000e+01 |  94.06%|   0.31%
 33.1s| 98400 | 23537 |266305 |   2.7 |    30M | 127 | 451 | 540 | 540 |   0 |  0 |   0 |  40 | 3.200000e+01 | 6.210000e+01 |  94.06%|   0.31%
 33.2s| 98500 | 23561 |266543 |   2.7 |    30M | 127 | 451 | 540 | 540 |   0 |  0 |   0 |  40 | 3.200000e+01 | 6.210000e+01 |  94.06%|   0.31%
 33.2s| 98600 | 23591 |266813 |   2.7 |    30M | 127 | 451 | 540 | 540 |   0 |  0 |   0 |  40 | 3.200000e+01 | 6.210000e+01 |  94.06%|   0.31%
 33.2s| 98700 | 23605 |267106 |   2.7 |    30M | 127 | 451 | 540 | 540 |   0 |  0 |   0 |  40 | 3.200000e+01 | 6.210000e+01 |  94.06%|   0.31%
 33.3s| 98800 | 23631 |267376 |   2.7 |    30M | 127 | 451 | 540 | 540 |   0 |  0 |   0 |  40 | 3.200000e+01 | 6.210000e+01 |  94.06%|   0.31%
 time | node  | left  |LP iter|LP it/n|mem/heur|mdpt |vars |cons |rows |cuts |sepa|confs|strbr|  dualbound   | primalbound  |  gap   | compl. 
 33.3s| 98900 | 23651 |267641 |   2.7 |    30M | 127 | 451 | 540 | 540 |   0 |  0 |   0 |  40 | 3.200000e+01 | 6.210000e+01 |  94.06%|   0.31%
 33.3s| 99000 | 23685 |267978 |   2.7 |    30M | 127 | 451 | 540 | 540 |   0 |  0 |   0 |  40 | 3.200000e+01 | 6.210000e+01 |  94.06%|   0.31%
 33.4s| 99100 | 23713 |268241 |   2.7 |    30M | 127 | 451 | 540 | 540 |   0 |  0 |   0 |  40 | 3.200000e+01 | 6.210000e+01 |  94.06%|   0.31%
 33.4s| 99200 | 23739 |268559 |   2.7 |    30M | 127 | 451 | 540 | 540 |   0 |  0 |   0 |  40 | 3.200000e+01 | 6.210000e+01 |  94.06%|   0.31%
 33.4s| 99300 | 23757 |268816 |   2.7 |    30M | 127 | 451 | 540 | 540 |   0 |  0 |   0 |  40 | 3.200000e+01 | 6.210000e+01 |  94.06%|   0.31%
 33.5s| 99400 | 23777 |269071 |   2.7 |    30M | 127 | 451 | 540 | 540 |   0 |  0 |   0 |  40 | 3.200000e+01 | 6.210000e+01 |  94.06%|   0.31%
 33.5s| 99500 | 23801 |269302 |   2.7 |    30M | 127 | 451 | 540 | 540 |   0 |  0 |   0 |  40 | 3.200000e+01 | 6.210000e+01 |  94.06%|   0.31%
 33.5s| 99600 | 23817 |269553 |   2.7 |    30M | 127 | 451 | 540 | 540 |   0 |  0 |   0 |  40 | 3.200000e+01 | 6.210000e+01 |  94.06%|   0.31%
 33.6s| 99700 | 23847 |269782 |   2.7 |    30M | 127 | 451 | 540 | 540 |   0 |  0 |   0 |  40 | 3.200000e+01 | 6.210000e+01 |  94.06%|   0.31%
 33.6s| 99800 | 23879 |270078 |   2.7 |    30M | 127 | 451 | 540 | 540 |   0 |  0 |   0 |  40 | 3.200000e+01 | 6.210000e+01 |  94.06%|   0.31%
 33.6s| 99900 | 23903 |270341 |   2.7 |    30M | 127 | 451 | 540 | 540 |   0 |  0 |   0 |  40 | 3.200000e+01 | 6.210000e+01 |  94.06%|   0.31%
 33.7s|100000 | 23927 |270588 |   2.7 |    30M | 127 | 451 | 540 | 540 |   0 |  0 |   0 |  40 | 3.200000e+01 | 6.210000e+01 |  94.06%|   0.31%
 33.7s|100100 | 23949 |270851 |   2.7 |    30M | 127 | 451 | 540 | 540 |   0 |  0 |   0 |  40 | 3.200000e+01 | 6.210000e+01 |  94.06%|   0.31%
 33.7s|100200 | 23975 |271160 |   2.7 |    31M | 127 | 451 | 540 | 540 |   0 |  0 |   0 |  40 | 3.200000e+01 | 6.210000e+01 |  94.06%|   0.31%
 33.8s|100300 | 23997 |271471 |   2.7 |    31M | 127 | 451 | 540 | 540 |   0 |  0 |   0 |  40 | 3.200000e+01 | 6.210000e+01 |  94.06%|   0.31%
 time | node  | left  |LP iter|LP it/n|mem/heur|mdpt |vars |cons |rows |cuts |sepa|confs|strbr|  dualbound   | primalbound  |  gap   | compl. 
 33.8s|100400 | 24019 |271699 |   2.7 |    31M | 127 | 451 | 540 | 540 |   0 |  0 |   0 |  40 | 3.200000e+01 | 6.210000e+01 |  94.06%|   0.31%
 33.8s|100500 | 24049 |271962 |   2.7 |    31M | 127 | 451 | 540 | 540 |   0 |  0 |   0 |  40 | 3.200000e+01 | 6.210000e+01 |  94.06%|   0.31%
 33.9s|100600 | 24073 |272180 |   2.7 |    31M | 127 | 451 | 540 | 540 |   0 |  0 |   0 |  40 | 3.200000e+01 | 6.210000e+01 |  94.06%|   0.31%
 33.9s|100700 | 24101 |272422 |   2.7 |    31M | 127 | 451 | 540 | 540 |   0 |  0 |   0 |  40 | 3.200000e+01 | 6.210000e+01 |  94.06%|   0.31%
 33.9s|100800 | 24117 |272674 |   2.7 |    31M | 127 | 451 | 540 | 540 |   0 |  0 |   0 |  40 | 3.200000e+01 | 6.210000e+01 |  94.06%|   0.31%
 34.0s|100900 | 24153 |272937 |   2.7 |    31M | 127 | 451 | 540 | 540 |   0 |  0 |   0 |  40 | 3.200000e+01 | 6.210000e+01 |  94.06%|   0.31%
 34.0s|101000 | 24173 |273133 |   2.7 |    31M | 127 | 451 | 540 | 540 |   0 |  0 |   0 |  40 | 3.200000e+01 | 6.210000e+01 |  94.06%|   0.31%
 34.0s|101100 | 24199 |273380 |   2.7 |    31M | 127 | 451 | 540 | 540 |   0 |  0 |   0 |  40 | 3.200000e+01 | 6.210000e+01 |  94.06%|   0.31%
 34.1s|101200 | 24217 |273612 |   2.7 |    31M | 127 | 451 | 540 | 540 |   0 |  0 |   0 |  40 | 3.200000e+01 | 6.210000e+01 |  94.06%|   0.31%
 34.1s|101300 | 24231 |273861 |   2.7 |    31M | 127 | 451 | 540 | 540 |   0 |  0 |   0 |  40 | 3.200000e+01 | 6.210000e+01 |  94.06%|   0.31%
 34.1s|101400 | 24251 |274109 |   2.7 |    31M | 127 | 451 | 540 | 540 |   0 |  0 |   0 |  40 | 3.200000e+01 | 6.210000e+01 |  94.06%|   0.31%
 34.2s|101500 | 24271 |274399 |   2.7 |    31M | 127 | 451 | 540 | 540 |   0 |  0 |   0 |  40 | 3.200000e+01 | 6.210000e+01 |  94.06%|   0.31%
 34.2s|101600 | 24303 |274628 |   2.7 |    31M | 127 | 451 | 540 | 540 |   0 |  0 |   0 |  40 | 3.200000e+01 | 6.210000e+01 |  94.06%|   0.31%
 34.2s|101700 | 24329 |274866 |   2.7 |    31M | 127 | 451 | 540 | 540 |   0 |  0 |   0 |  40 | 3.200000e+01 | 6.210000e+01 |  94.06%|   0.31%
 34.3s|101800 | 24357 |275164 |   2.7 |    31M | 127 | 451 | 540 | 540 |   0 |  0 |   0 |  40 | 3.200000e+01 | 6.210000e+01 |  94.06%|   0.31%
 time | node  | left  |LP iter|LP it/n|mem/heur|mdpt |vars |cons |rows |cuts |sepa|confs|strbr|  dualbound   | primalbound  |  gap   | compl. 
 34.3s|101900 | 24381 |275419 |   2.7 |    31M | 128 | 451 | 540 | 540 |   0 |  0 |   0 |  40 | 3.200000e+01 | 6.210000e+01 |  94.06%|   0.31%
 34.3s|102000 | 24399 |275683 |   2.7 |    31M | 128 | 451 | 540 | 540 |   0 |  0 |   0 |  40 | 3.200000e+01 | 6.210000e+01 |  94.06%|   0.31%
 34.4s|102100 | 24425 |275939 |   2.7 |    31M | 128 | 451 | 540 | 540 |   0 |  0 |   0 |  40 | 3.200000e+01 | 6.210000e+01 |  94.06%|   0.31%
 34.4s|102200 | 24447 |276179 |   2.7 |    31M | 128 | 451 | 540 | 540 |   0 |  0 |   0 |  40 | 3.200000e+01 | 6.210000e+01 |  94.06%|   0.31%
 34.4s|102300 | 24471 |276407 |   2.7 |    31M | 128 | 451 | 540 | 540 |   0 |  0 |   0 |  40 | 3.200000e+01 | 6.210000e+01 |  94.06%|   0.31%
 34.5s|102400 | 24487 |276651 |   2.7 |    31M | 128 | 451 | 540 | 540 |   0 |  0 |   0 |  40 | 3.200000e+01 | 6.210000e+01 |  94.06%|   0.31%
 34.5s|102500 | 24517 |276919 |   2.7 |    31M | 128 | 451 | 540 | 540 |   0 |  0 |   0 |  40 | 3.200000e+01 | 6.210000e+01 |  94.06%|   0.31%
 34.5s|102600 | 24543 |277175 |   2.7 |    31M | 128 | 451 | 540 | 540 |   0 |  0 |   0 |  40 | 3.200000e+01 | 6.210000e+01 |  94.06%|   0.31%
 34.6s|102700 | 24567 |277463 |   2.7 |    31M | 128 | 451 | 540 | 540 |   0 |  0 |   0 |  40 | 3.200000e+01 | 6.210000e+01 |  94.06%|   0.31%
 34.6s|102800 | 24585 |277761 |   2.7 |    31M | 128 | 451 | 540 | 540 |   0 |  0 |   0 |  40 | 3.200000e+01 | 6.210000e+01 |  94.06%|   0.31%
 34.6s|102900 | 24605 |278007 |   2.7 |    31M | 128 | 451 | 540 | 540 |   0 |  0 |   0 |  40 | 3.200000e+01 | 6.210000e+01 |  94.06%|   0.31%
 34.7s|103000 | 24629 |278297 |   2.7 |    31M | 128 | 451 | 540 | 540 |   0 |  0 |   0 |  40 | 3.200000e+01 | 6.210000e+01 |  94.06%|   0.31%
 34.7s|103100 | 24643 |278520 |   2.7 |    31M | 128 | 451 | 540 | 540 |   0 |  0 |   0 |  40 | 3.200000e+01 | 6.210000e+01 |  94.06%|   0.31%
 34.7s|103200 | 24669 |278847 |   2.7 |    31M | 129 | 451 | 540 | 540 |   0 |  0 |   0 |  40 | 3.200000e+01 | 6.210000e+01 |  94.06%|   0.31%
 34.8s|103300 | 24685 |279178 |   2.7 |    31M | 129 | 451 | 540 | 540 |   0 |  0 |   0 |  40 | 3.200000e+01 | 6.210000e+01 |  94.06%|   0.31%
 time | node  | left  |LP iter|LP it/n|mem/heur|mdpt |vars |cons |rows |cuts |sepa|confs|strbr|  dualbound   | primalbound  |  gap   | compl. 
 34.8s|103400 | 24717 |279459 |   2.7 |    31M | 129 | 451 | 540 | 540 |   0 |  0 |   0 |  40 | 3.200000e+01 | 6.210000e+01 |  94.06%|   0.31%
 34.8s|103500 | 24735 |279724 |   2.7 |    31M | 129 | 451 | 540 | 540 |   0 |  0 |   0 |  40 | 3.200000e+01 | 6.210000e+01 |  94.06%|   0.31%
 34.9s|103600 | 24751 |279999 |   2.7 |    31M | 129 | 451 | 540 | 540 |   0 |  0 |   0 |  40 | 3.200000e+01 | 6.210000e+01 |  94.06%|   0.31%
 34.9s|103700 | 24779 |280227 |   2.7 |    31M | 129 | 451 | 540 | 540 |   0 |  0 |   0 |  40 | 3.200000e+01 | 6.210000e+01 |  94.06%|   0.31%
 34.9s|103800 | 24795 |280473 |   2.7 |    31M | 129 | 451 | 540 | 540 |   0 |  0 |   0 |  40 | 3.200000e+01 | 6.210000e+01 |  94.06%|   0.31%
 35.0s|103900 | 24819 |280761 |   2.7 |    31M | 129 | 451 | 540 | 540 |   0 |  0 |   0 |  40 | 3.200000e+01 | 6.210000e+01 |  94.06%|   0.31%
 35.0s|104000 | 24833 |281019 |   2.7 |    31M | 129 | 451 | 540 | 540 |   0 |  0 |   0 |  40 | 3.200000e+01 | 6.210000e+01 |  94.06%|   0.31%
 35.0s|104100 | 24861 |281252 |   2.7 |    31M | 129 | 451 | 540 | 540 |   0 |  0 |   0 |  40 | 3.200000e+01 | 6.210000e+01 |  94.06%|   0.31%
 35.1s|104200 | 24879 |281492 |   2.7 |    31M | 129 | 451 | 540 | 540 |   0 |  0 |   0 |  40 | 3.200000e+01 | 6.210000e+01 |  94.06%|   0.31%
 35.1s|104300 | 24897 |281716 |   2.7 |    31M | 129 | 451 | 540 | 540 |   0 |  0 |   0 |  40 | 3.200000e+01 | 6.210000e+01 |  94.06%|   0.31%
 35.1s|104400 | 24923 |281968 |   2.7 |    31M | 129 | 451 | 540 | 540 |   0 |  0 |   0 |  40 | 3.200000e+01 | 6.210000e+01 |  94.06%|   0.31%
 35.2s|104500 | 24945 |282300 |   2.7 |    31M | 129 | 451 | 540 | 540 |   0 |  0 |   0 |  40 | 3.200000e+01 | 6.210000e+01 |  94.06%|   0.31%
 35.2s|104600 | 24963 |282609 |   2.7 |    32M | 129 | 451 | 540 | 540 |   0 |  0 |   0 |  40 | 3.200000e+01 | 6.210000e+01 |  94.06%|   0.31%
 35.2s|104700 | 24983 |282860 |   2.7 |    32M | 129 | 451 | 540 | 540 |   0 |  0 |   0 |  40 | 3.200000e+01 | 6.210000e+01 |  94.06%|   0.31%
 35.3s|104800 | 25005 |283083 |   2.7 |    32M | 129 | 451 | 540 | 540 |   0 |  0 |   0 |  40 | 3.200000e+01 | 6.210000e+01 |  94.06%|   0.31%
 time | node  | left  |LP iter|LP it/n|mem/heur|mdpt |vars |cons |rows |cuts |sepa|confs|strbr|  dualbound   | primalbound  |  gap   | compl. 
 35.3s|104900 | 25039 |283322 |   2.7 |    32M | 129 | 451 | 540 | 540 |   0 |  0 |   0 |  40 | 3.200000e+01 | 6.210000e+01 |  94.06%|   0.31%
 35.3s|105000 | 25065 |283550 |   2.7 |    32M | 129 | 451 | 540 | 540 |   0 |  0 |   0 |  40 | 3.200000e+01 | 6.210000e+01 |  94.06%|   0.31%
 35.4s|105100 | 25079 |283792 |   2.7 |    32M | 129 | 451 | 540 | 540 |   0 |  0 |   0 |  40 | 3.200000e+01 | 6.210000e+01 |  94.06%|   0.31%
 35.4s|105200 | 25099 |284035 |   2.7 |    32M | 129 | 451 | 540 | 540 |   0 |  0 |   0 |  40 | 3.200000e+01 | 6.210000e+01 |  94.06%|   0.31%
 35.4s|105300 | 25119 |284272 |   2.7 |    32M | 129 | 451 | 540 | 540 |   0 |  0 |   0 |  40 | 3.200000e+01 | 6.210000e+01 |  94.06%|   0.31%
 35.5s|105400 | 25145 |284522 |   2.7 |    32M | 129 | 451 | 540 | 540 |   0 |  0 |   0 |  40 | 3.200000e+01 | 6.210000e+01 |  94.06%|   0.31%
 35.5s|105500 | 25165 |284773 |   2.7 |    32M | 129 | 451 | 540 | 540 |   0 |  0 |   0 |  40 | 3.200000e+01 | 6.210000e+01 |  94.06%|   0.31%
 35.5s|105600 | 25181 |285023 |   2.7 |    32M | 129 | 451 | 540 | 540 |   0 |  0 |   0 |  40 | 3.200000e+01 | 6.210000e+01 |  94.06%|   0.31%
 35.6s|105700 | 25201 |285311 |   2.7 |    32M | 129 | 451 | 540 | 540 |   0 |  0 |   0 |  40 | 3.200000e+01 | 6.210000e+01 |  94.06%|   0.31%
 35.6s|105800 | 25225 |285535 |   2.7 |    32M | 129 | 451 | 540 | 540 |   0 |  0 |   0 |  40 | 3.200000e+01 | 6.210000e+01 |  94.06%|   0.31%
 35.6s|105900 | 25243 |285751 |   2.7 |    32M | 129 | 451 | 540 | 540 |   0 |  0 |   0 |  40 | 3.200000e+01 | 6.210000e+01 |  94.06%|   0.31%
 35.7s|106000 | 25259 |285988 |   2.7 |    32M | 129 | 451 | 540 | 540 |   0 |  0 |   0 |  40 | 3.200000e+01 | 6.210000e+01 |  94.06%|   0.31%
 35.7s|106100 | 25279 |286287 |   2.7 |    32M | 129 | 451 | 540 | 540 |   0 |  0 |   0 |  40 | 3.200000e+01 | 6.210000e+01 |  94.06%|   0.31%
 35.7s|106200 | 25303 |286556 |   2.7 |    32M | 129 | 451 | 540 | 540 |   0 |  0 |   0 |  40 | 3.200000e+01 | 6.210000e+01 |  94.06%|   0.31%
 35.8s|106300 | 25321 |286840 |   2.7 |    32M | 129 | 451 | 540 | 540 |   0 |  0 |   0 |  40 | 3.200000e+01 | 6.210000e+01 |  94.06%|   0.31%
 time | node  | left  |LP iter|LP it/n|mem/heur|mdpt |vars |cons |rows |cuts |sepa|confs|strbr|  dualbound   | primalbound  |  gap   | compl. 
 35.8s|106400 | 25331 |287084 |   2.7 |    32M | 129 | 451 | 540 | 540 |   0 |  0 |   0 |  40 | 3.200000e+01 | 6.210000e+01 |  94.06%|   0.31%
 35.8s|106500 | 25351 |287399 |   2.7 |    32M | 129 | 451 | 540 | 540 |   0 |  0 |   0 |  40 | 3.200000e+01 | 6.210000e+01 |  94.06%|   0.31%
 35.9s|106600 | 25369 |287634 |   2.7 |    32M | 129 | 451 | 540 | 540 |   0 |  0 |   0 |  40 | 3.200000e+01 | 6.210000e+01 |  94.06%|   0.31%
 35.9s|106700 | 25393 |287879 |   2.7 |    32M | 129 | 451 | 540 | 540 |   0 |  0 |   0 |  40 | 3.200000e+01 | 6.210000e+01 |  94.06%|   0.31%
 35.9s|106800 | 25415 |288144 |   2.7 |    32M | 129 | 451 | 540 | 540 |   0 |  0 |   0 |  40 | 3.200000e+01 | 6.210000e+01 |  94.06%|   0.31%
 36.0s|106900 | 25441 |288389 |   2.7 |    32M | 129 | 451 | 540 | 540 |   0 |  0 |   0 |  40 | 3.200000e+01 | 6.210000e+01 |  94.06%|   0.31%
 36.0s|107000 | 25455 |288614 |   2.7 |    32M | 129 | 451 | 540 | 540 |   0 |  0 |   0 |  40 | 3.200000e+01 | 6.210000e+01 |  94.06%|   0.31%
 36.0s|107100 | 25481 |288885 |   2.7 |    32M | 129 | 451 | 540 | 540 |   0 |  0 |   0 |  40 | 3.200000e+01 | 6.210000e+01 |  94.06%|   0.31%
 36.1s|107200 | 25505 |289149 |   2.7 |    32M | 129 | 451 | 540 | 540 |   0 |  0 |   0 |  40 | 3.200000e+01 | 6.210000e+01 |  94.06%|   0.31%
 36.1s|107300 | 25529 |289467 |   2.7 |    32M | 129 | 451 | 540 | 540 |   0 |  0 |   0 |  40 | 3.200000e+01 | 6.210000e+01 |  94.06%|   0.31%
 36.1s|107400 | 25551 |289759 |   2.7 |    32M | 129 | 451 | 540 | 540 |   0 |  0 |   0 |  40 | 3.200000e+01 | 6.210000e+01 |  94.06%|   0.31%
 36.2s|107500 | 25573 |290036 |   2.7 |    32M | 129 | 451 | 540 | 540 |   0 |  0 |   0 |  40 | 3.200000e+01 | 6.210000e+01 |  94.06%|   0.31%
 36.2s|107600 | 25591 |290288 |   2.7 |    32M | 129 | 451 | 540 | 540 |   0 |  0 |   0 |  40 | 3.200000e+01 | 6.210000e+01 |  94.06%|   0.31%
 36.2s|107700 | 25609 |290591 |   2.7 |    32M | 129 | 451 | 540 | 540 |   0 |  0 |   0 |  40 | 3.200000e+01 | 6.210000e+01 |  94.06%|   0.31%
 36.3s|107800 | 25625 |290856 |   2.7 |    32M | 129 | 451 | 540 | 540 |   0 |  0 |   0 |  40 | 3.200000e+01 | 6.210000e+01 |  94.06%|   0.31%
 time | node  | left  |LP iter|LP it/n|mem/heur|mdpt |vars |cons |rows |cuts |sepa|confs|strbr|  dualbound   | primalbound  |  gap   | compl. 
 36.3s|107900 | 25637 |291141 |   2.7 |    32M | 129 | 451 | 540 | 540 |   0 |  0 |   0 |  40 | 3.200000e+01 | 6.210000e+01 |  94.06%|   0.31%
 36.3s|108000 | 25665 |291396 |   2.7 |    32M | 129 | 451 | 540 | 540 |   0 |  0 |   0 |  40 | 3.200000e+01 | 6.210000e+01 |  94.06%|   0.31%
 36.4s|108100 | 25679 |291622 |   2.7 |    32M | 129 | 451 | 540 | 540 |   0 |  0 |   0 |  40 | 3.200000e+01 | 6.210000e+01 |  94.06%|   0.31%
 36.4s|108200 | 25705 |291886 |   2.7 |    32M | 129 | 451 | 540 | 540 |   0 |  0 |   0 |  40 | 3.200000e+01 | 6.210000e+01 |  94.06%|   0.31%
 36.4s|108300 | 25725 |292147 |   2.7 |    33M | 129 | 451 | 540 | 540 |   0 |  0 |   0 |  40 | 3.200000e+01 | 6.210000e+01 |  94.06%|   0.31%
 36.5s|108400 | 25749 |292407 |   2.7 |    33M | 129 | 451 | 540 | 540 |   0 |  0 |   0 |  40 | 3.200000e+01 | 6.210000e+01 |  94.06%|   0.31%
 36.5s|108500 | 25765 |292659 |   2.7 |    33M | 129 | 451 | 540 | 540 |   0 |  0 |   0 |  40 | 3.200000e+01 | 6.210000e+01 |  94.06%|   0.31%
 36.5s|108600 | 25781 |292975 |   2.7 |    33M | 129 | 451 | 540 | 540 |   0 |  0 |   0 |  40 | 3.200000e+01 | 6.210000e+01 |  94.06%|   0.31%
 36.6s|108700 | 25803 |293177 |   2.7 |    33M | 129 | 451 | 540 | 540 |   0 |  0 |   0 |  40 | 3.200000e+01 | 6.210000e+01 |  94.06%|   0.31%
 36.6s|108800 | 25829 |293431 |   2.7 |    33M | 129 | 451 | 540 | 540 |   0 |  0 |   0 |  40 | 3.200000e+01 | 6.210000e+01 |  94.06%|   0.31%
 36.6s|108900 | 25849 |293718 |   2.7 |    33M | 129 | 451 | 540 | 540 |   0 |  0 |   0 |  40 | 3.200000e+01 | 6.210000e+01 |  94.06%|   0.31%
 36.7s|109000 | 25875 |293967 |   2.7 |    33M | 129 | 451 | 540 | 540 |   0 |  0 |   0 |  40 | 3.200000e+01 | 6.210000e+01 |  94.06%|   0.31%
 36.7s|109100 | 25889 |294254 |   2.7 |    33M | 129 | 451 | 540 | 540 |   0 |  0 |   0 |  40 | 3.200000e+01 | 6.210000e+01 |  94.06%|   0.31%
 36.7s|109200 | 25921 |294500 |   2.7 |    33M | 129 | 451 | 540 | 540 |   0 |  0 |   0 |  40 | 3.200000e+01 | 6.210000e+01 |  94.06%|   0.31%
 36.8s|109300 | 25937 |294824 |   2.7 |    33M | 129 | 451 | 540 | 540 |   0 |  0 |   0 |  40 | 3.200000e+01 | 6.210000e+01 |  94.06%|   0.31%
 time | node  | left  |LP iter|LP it/n|mem/heur|mdpt |vars |cons |rows |cuts |sepa|confs|strbr|  dualbound   | primalbound  |  gap   | compl. 
 36.8s|109400 | 25965 |295039 |   2.7 |    33M | 129 | 451 | 540 | 540 |   0 |  0 |   0 |  40 | 3.200000e+01 | 6.210000e+01 |  94.06%|   0.31%
 36.8s|109500 | 25983 |295343 |   2.7 |    33M | 129 | 451 | 540 | 540 |   0 |  0 |   0 |  40 | 3.200000e+01 | 6.210000e+01 |  94.06%|   0.31%
 36.9s|109600 | 25999 |295593 |   2.7 |    33M | 129 | 451 | 540 | 540 |   0 |  0 |   0 |  40 | 3.200000e+01 | 6.210000e+01 |  94.06%|   0.31%
 36.9s|109700 | 26021 |295833 |   2.7 |    33M | 129 | 451 | 540 | 540 |   0 |  0 |   0 |  40 | 3.200000e+01 | 6.210000e+01 |  94.06%|   0.31%
 36.9s|109800 | 26039 |296093 |   2.7 |    33M | 129 | 451 | 540 | 540 |   0 |  0 |   0 |  40 | 3.200000e+01 | 6.210000e+01 |  94.06%|   0.31%
 37.0s|109900 | 26059 |296375 |   2.7 |    33M | 129 | 451 | 540 | 540 |   0 |  0 |   0 |  40 | 3.200000e+01 | 6.210000e+01 |  94.06%|   0.31%
 37.0s|110000 | 26077 |296643 |   2.7 |    33M | 129 | 451 | 540 | 540 |   0 |  0 |   0 |  40 | 3.200000e+01 | 6.210000e+01 |  94.06%|   0.31%
 37.0s|110100 | 26099 |296894 |   2.7 |    34M | 129 | 451 | 540 | 540 |   0 |  0 |   0 |  40 | 3.200000e+01 | 6.210000e+01 |  94.06%|   0.31%
 37.1s|110200 | 26117 |297162 |   2.7 |    34M | 129 | 451 | 540 | 540 |   0 |  0 |   0 |  40 | 3.200000e+01 | 6.210000e+01 |  94.06%|   0.31%
 37.1s|110300 | 26133 |297403 |   2.7 |    34M | 129 | 451 | 540 | 540 |   0 |  0 |   0 |  40 | 3.200000e+01 | 6.210000e+01 |  94.06%|   0.31%
 37.1s|110400 | 26153 |297676 |   2.7 |    34M | 129 | 451 | 540 | 540 |   0 |  0 |   0 |  40 | 3.200000e+01 | 6.210000e+01 |  94.06%|   0.31%
 37.2s|110500 | 26175 |297908 |   2.7 |    34M | 129 | 451 | 540 | 540 |   0 |  0 |   0 |  40 | 3.200000e+01 | 6.210000e+01 |  94.06%|   0.31%
 37.2s|110600 | 26195 |298140 |   2.7 |    34M | 129 | 451 | 540 | 540 |   0 |  0 |   0 |  40 | 3.200000e+01 | 6.210000e+01 |  94.06%|   0.31%
 37.2s|110700 | 26209 |298387 |   2.7 |    34M | 129 | 451 | 540 | 540 |   0 |  0 |   0 |  40 | 3.200000e+01 | 6.210000e+01 |  94.06%|   0.31%
 37.3s|110800 | 26235 |298620 |   2.7 |    34M | 129 | 451 | 540 | 540 |   0 |  0 |   0 |  40 | 3.200000e+01 | 6.210000e+01 |  94.06%|   0.31%
 time | node  | left  |LP iter|LP it/n|mem/heur|mdpt |vars |cons |rows |cuts |sepa|confs|strbr|  dualbound   | primalbound  |  gap   | compl. 
 37.3s|110900 | 26261 |298993 |   2.7 |    34M | 129 | 451 | 540 | 540 |   0 |  0 |   0 |  40 | 3.200000e+01 | 6.210000e+01 |  94.06%|   0.31%
 37.4s|111000 | 26285 |299317 |   2.7 |    34M | 129 | 451 | 540 | 540 |   0 |  0 |   0 |  40 | 3.200000e+01 | 6.210000e+01 |  94.06%|   0.31%
 37.4s|111100 | 26303 |299610 |   2.7 |    34M | 129 | 451 | 540 | 540 |   0 |  0 |   0 |  40 | 3.200000e+01 | 6.210000e+01 |  94.06%|   0.31%
 37.4s|111200 | 26323 |299874 |   2.7 |    34M | 129 | 451 | 540 | 540 |   0 |  0 |   0 |  40 | 3.200000e+01 | 6.210000e+01 |  94.06%|   0.31%
 37.5s|111300 | 26343 |300164 |   2.7 |    34M | 129 | 451 | 540 | 540 |   0 |  0 |   0 |  40 | 3.200000e+01 | 6.210000e+01 |  94.06%|   0.31%
 37.5s|111400 | 26363 |300409 |   2.7 |    34M | 129 | 451 | 540 | 540 |   0 |  0 |   0 |  40 | 3.200000e+01 | 6.210000e+01 |  94.06%|   0.31%
 37.5s|111500 | 26381 |300689 |   2.7 |    34M | 129 | 451 | 540 | 540 |   0 |  0 |   0 |  40 | 3.200000e+01 | 6.210000e+01 |  94.06%|   0.31%
 37.6s|111600 | 26417 |300946 |   2.7 |    34M | 129 | 451 | 540 | 540 |   0 |  0 |   0 |  40 | 3.200000e+01 | 6.210000e+01 |  94.06%|   0.31%
 37.6s|111700 | 26439 |301233 |   2.7 |    34M | 129 | 451 | 540 | 540 |   0 |  0 |   0 |  40 | 3.200000e+01 | 6.210000e+01 |  94.06%|   0.31%
 37.6s|111800 | 26459 |301514 |   2.7 |    34M | 129 | 451 | 540 | 540 |   0 |  0 |   0 |  40 | 3.200000e+01 | 6.210000e+01 |  94.06%|   0.31%
 37.7s|111900 | 26481 |301814 |   2.7 |    34M | 129 | 451 | 540 | 540 |   0 |  0 |   0 |  40 | 3.200000e+01 | 6.210000e+01 |  94.06%|   0.31%
 37.7s|112000 | 26495 |302057 |   2.7 |    34M | 129 | 451 | 540 | 540 |   0 |  0 |   0 |  40 | 3.200000e+01 | 6.210000e+01 |  94.06%|   0.31%
 37.7s|112100 | 26525 |302269 |   2.7 |    34M | 129 | 451 | 540 | 540 |   0 |  0 |   0 |  40 | 3.200000e+01 | 6.210000e+01 |  94.06%|   0.31%
 37.8s|112200 | 26547 |302582 |   2.7 |    34M | 129 | 451 | 540 | 540 |   0 |  0 |   0 |  40 | 3.200000e+01 | 6.210000e+01 |  94.06%|   0.31%
 37.8s|112300 | 26567 |302854 |   2.7 |    34M | 129 | 451 | 540 | 540 |   0 |  0 |   0 |  40 | 3.200000e+01 | 6.210000e+01 |  94.06%|   0.31%
 time | node  | left  |LP iter|LP it/n|mem/heur|mdpt |vars |cons |rows |cuts |sepa|confs|strbr|  dualbound   | primalbound  |  gap   | compl. 
 37.8s|112400 | 26587 |303158 |   2.7 |    34M | 129 | 451 | 540 | 540 |   0 |  0 |   0 |  40 | 3.200000e+01 | 6.210000e+01 |  94.06%|   0.31%
 37.9s|112500 | 26603 |303456 |   2.7 |    34M | 129 | 451 | 540 | 540 |   0 |  0 |   0 |  40 | 3.200000e+01 | 6.210000e+01 |  94.06%|   0.31%
 37.9s|112600 | 26627 |303723 |   2.7 |    34M | 129 | 451 | 540 | 540 |   0 |  0 |   0 |  40 | 3.200000e+01 | 6.210000e+01 |  94.06%|   0.31%
 37.9s|112700 | 26643 |303999 |   2.7 |    34M | 129 | 451 | 540 | 540 |   0 |  0 |   0 |  40 | 3.200000e+01 | 6.210000e+01 |  94.06%|   0.31%
 38.0s|112800 | 26673 |304262 |   2.7 |    34M | 129 | 451 | 540 | 540 |   0 |  0 |   0 |  40 | 3.200000e+01 | 6.210000e+01 |  94.06%|   0.31%
 38.0s|112900 | 26689 |304491 |   2.7 |    34M | 129 | 451 | 540 | 540 |   0 |  0 |   0 |  40 | 3.200000e+01 | 6.210000e+01 |  94.06%|   0.31%
 38.0s|113000 | 26725 |304732 |   2.7 |    34M | 129 | 451 | 540 | 540 |   0 |  0 |   0 |  40 | 3.200000e+01 | 6.210000e+01 |  94.06%|   0.31%
 38.1s|113100 | 26747 |304985 |   2.7 |    34M | 129 | 451 | 540 | 540 |   0 |  0 |   0 |  40 | 3.200000e+01 | 6.210000e+01 |  94.06%|   0.31%
 38.1s|113200 | 26761 |305231 |   2.7 |    34M | 129 | 451 | 540 | 540 |   0 |  0 |   0 |  40 | 3.200000e+01 | 6.210000e+01 |  94.06%|   0.31%
 38.1s|113300 | 26781 |305508 |   2.7 |    34M | 129 | 451 | 540 | 540 |   0 |  0 |   0 |  40 | 3.200000e+01 | 6.210000e+01 |  94.06%|   0.31%
 38.2s|113400 | 26803 |305745 |   2.7 |    34M | 129 | 451 | 540 | 540 |   0 |  0 |   0 |  40 | 3.200000e+01 | 6.210000e+01 |  94.06%|   0.31%
 38.2s|113500 | 26823 |305972 |   2.7 |    34M | 129 | 451 | 540 | 540 |   0 |  0 |   0 |  40 | 3.200000e+01 | 6.210000e+01 |  94.06%|   0.31%
 38.2s|113600 | 26837 |306255 |   2.7 |    34M | 129 | 451 | 540 | 540 |   0 |  0 |   0 |  40 | 3.200000e+01 | 6.210000e+01 |  94.06%|   0.31%
 38.3s|113700 | 26867 |306505 |   2.7 |    34M | 129 | 451 | 540 | 540 |   0 |  0 |   0 |  40 | 3.200000e+01 | 6.210000e+01 |  94.06%|   0.31%
 38.3s|113800 | 26883 |306698 |   2.7 |    34M | 129 | 451 | 540 | 540 |   0 |  0 |   0 |  40 | 3.200000e+01 | 6.210000e+01 |  94.06%|   0.31%
 time | node  | left  |LP iter|LP it/n|mem/heur|mdpt |vars |cons |rows |cuts |sepa|confs|strbr|  dualbound   | primalbound  |  gap   | compl. 
 38.3s|113900 | 26919 |306980 |   2.7 |    34M | 129 | 451 | 540 | 540 |   0 |  0 |   0 |  40 | 3.200000e+01 | 6.210000e+01 |  94.06%|   0.31%
 38.4s|114000 | 26931 |307273 |   2.7 |    34M | 129 | 451 | 540 | 540 |   0 |  0 |   0 |  40 | 3.200000e+01 | 6.210000e+01 |  94.06%|   0.31%
 38.4s|114100 | 26947 |307520 |   2.7 |    34M | 129 | 451 | 540 | 540 |   0 |  0 |   0 |  40 | 3.200000e+01 | 6.210000e+01 |  94.06%|   0.31%
 38.4s|114200 | 26967 |307766 |   2.7 |    34M | 129 | 451 | 540 | 540 |   0 |  0 |   0 |  40 | 3.200000e+01 | 6.210000e+01 |  94.06%|   0.31%
 38.5s|114300 | 26985 |308018 |   2.7 |    34M | 129 | 451 | 540 | 540 |   0 |  0 |   0 |  40 | 3.200000e+01 | 6.210000e+01 |  94.06%|   0.31%
 38.5s|114400 | 27007 |308306 |   2.7 |    34M | 129 | 451 | 540 | 540 |   0 |  0 |   0 |  40 | 3.200000e+01 | 6.210000e+01 |  94.06%|   0.31%
 38.5s|114500 | 27025 |308534 |   2.7 |    34M | 129 | 451 | 540 | 540 |   0 |  0 |   0 |  40 | 3.200000e+01 | 6.210000e+01 |  94.06%|   0.31%
 38.6s|114600 | 27043 |308758 |   2.7 |    34M | 129 | 451 | 540 | 540 |   0 |  0 |   0 |  40 | 3.200000e+01 | 6.210000e+01 |  94.06%|   0.31%
 38.6s|114700 | 27067 |309007 |   2.7 |    34M | 129 | 451 | 540 | 540 |   0 |  0 |   0 |  40 | 3.200000e+01 | 6.210000e+01 |  94.06%|   0.31%
 38.6s|114800 | 27097 |309242 |   2.7 |    34M | 129 | 451 | 540 | 540 |   0 |  0 |   0 |  40 | 3.200000e+01 | 6.210000e+01 |  94.06%|   0.31%
 38.7s|114900 | 27119 |309521 |   2.7 |    34M | 129 | 451 | 540 | 540 |   0 |  0 |   0 |  40 | 3.200000e+01 | 6.210000e+01 |  94.06%|   0.31%
 38.7s|115000 | 27155 |309767 |   2.7 |    34M | 129 | 451 | 540 | 540 |   0 |  0 |   0 |  40 | 3.200000e+01 | 6.210000e+01 |  94.06%|   0.31%
 38.7s|115100 | 27179 |310006 |   2.7 |    34M | 129 | 451 | 540 | 540 |   0 |  0 |   0 |  40 | 3.200000e+01 | 6.210000e+01 |  94.06%|   0.31%
 38.8s|115200 | 27205 |310303 |   2.7 |    34M | 129 | 451 | 540 | 540 |   0 |  0 |   0 |  40 | 3.200000e+01 | 6.210000e+01 |  94.06%|   0.31%
 38.8s|115300 | 27223 |310551 |   2.7 |    34M | 129 | 451 | 540 | 540 |   0 |  0 |   0 |  40 | 3.200000e+01 | 6.210000e+01 |  94.06%|   0.31%
 time | node  | left  |LP iter|LP it/n|mem/heur|mdpt |vars |cons |rows |cuts |sepa|confs|strbr|  dualbound   | primalbound  |  gap   | compl. 
 38.8s|115400 | 27251 |310845 |   2.7 |    34M | 129 | 451 | 540 | 540 |   0 |  0 |   0 |  40 | 3.200000e+01 | 6.210000e+01 |  94.06%|   0.31%
 38.9s|115500 | 27287 |311136 |   2.7 |    34M | 129 | 451 | 540 | 540 |   0 |  0 |   0 |  40 | 3.200000e+01 | 6.210000e+01 |  94.06%|   0.31%
 38.9s|115600 | 27301 |311366 |   2.7 |    34M | 129 | 451 | 540 | 540 |   0 |  0 |   0 |  40 | 3.200000e+01 | 6.210000e+01 |  94.06%|   0.31%
 38.9s|115700 | 27325 |311623 |   2.7 |    34M | 129 | 451 | 540 | 540 |   0 |  0 |   0 |  40 | 3.200000e+01 | 6.210000e+01 |  94.06%|   0.31%
 39.0s|115800 | 27347 |311884 |   2.7 |    34M | 129 | 451 | 540 | 540 |   0 |  0 |   0 |  40 | 3.200000e+01 | 6.210000e+01 |  94.06%|   0.31%
 39.0s|115900 | 27375 |312098 |   2.7 |    34M | 129 | 451 | 540 | 540 |   0 |  0 |   0 |  40 | 3.200000e+01 | 6.210000e+01 |  94.06%|   0.31%
 39.0s|116000 | 27403 |312385 |   2.7 |    34M | 129 | 451 | 540 | 540 |   0 |  0 |   0 |  40 | 3.200000e+01 | 6.210000e+01 |  94.06%|   0.31%
 39.1s|116100 | 27429 |312634 |   2.7 |    34M | 129 | 451 | 540 | 540 |   0 |  0 |   0 |  40 | 3.200000e+01 | 6.210000e+01 |  94.06%|   0.31%
 39.1s|116200 | 27451 |312960 |   2.7 |    34M | 129 | 451 | 540 | 540 |   0 |  0 |   0 |  40 | 3.200000e+01 | 6.210000e+01 |  94.06%|   0.31%
 39.1s|116300 | 27477 |313268 |   2.7 |    34M | 129 | 451 | 540 | 540 |   0 |  0 |   0 |  40 | 3.200000e+01 | 6.210000e+01 |  94.06%|   0.31%
 39.2s|116400 | 27501 |313514 |   2.7 |    34M | 129 | 451 | 540 | 540 |   0 |  0 |   0 |  40 | 3.200000e+01 | 6.210000e+01 |  94.06%|   0.31%
 39.2s|116500 | 27523 |313758 |   2.7 |    34M | 129 | 451 | 540 | 540 |   0 |  0 |   0 |  40 | 3.200000e+01 | 6.210000e+01 |  94.06%|   0.31%
 39.2s|116600 | 27545 |314030 |   2.7 |    34M | 129 | 451 | 540 | 540 |   0 |  0 |   0 |  40 | 3.200000e+01 | 6.210000e+01 |  94.06%|   0.31%
 39.3s|116700 | 27567 |314302 |   2.7 |    34M | 129 | 451 | 540 | 540 |   0 |  0 |   0 |  40 | 3.200000e+01 | 6.210000e+01 |  94.06%|   0.31%
 39.3s|116800 | 27599 |314558 |   2.7 |    34M | 129 | 451 | 540 | 540 |   0 |  0 |   0 |  40 | 3.200000e+01 | 6.210000e+01 |  94.06%|   0.31%
 time | node  | left  |LP iter|LP it/n|mem/heur|mdpt |vars |cons |rows |cuts |sepa|confs|strbr|  dualbound   | primalbound  |  gap   | compl. 
 39.3s|116900 | 27619 |314807 |   2.7 |    34M | 129 | 451 | 540 | 540 |   0 |  0 |   0 |  40 | 3.200000e+01 | 6.210000e+01 |  94.06%|   0.31%
 39.4s|117000 | 27639 |315077 |   2.7 |    34M | 129 | 451 | 540 | 540 |   0 |  0 |   0 |  40 | 3.200000e+01 | 6.210000e+01 |  94.06%|   0.31%
 39.4s|117100 | 27667 |315336 |   2.7 |    34M | 129 | 451 | 540 | 540 |   0 |  0 |   0 |  40 | 3.200000e+01 | 6.210000e+01 |  94.06%|   0.31%
 39.4s|117200 | 27679 |315521 |   2.7 |    34M | 129 | 451 | 540 | 540 |   0 |  0 |   0 |  40 | 3.200000e+01 | 6.210000e+01 |  94.06%|   0.31%
 39.5s|117300 | 27693 |315843 |   2.7 |    34M | 129 | 451 | 540 | 540 |   0 |  0 |   0 |  40 | 3.200000e+01 | 6.210000e+01 |  94.06%|   0.31%
 39.5s|117400 | 27715 |316104 |   2.7 |    34M | 129 | 451 | 540 | 540 |   0 |  0 |   0 |  40 | 3.200000e+01 | 6.210000e+01 |  94.06%|   0.31%
 39.5s|117500 | 27741 |316351 |   2.7 |    34M | 129 | 451 | 540 | 540 |   0 |  0 |   0 |  40 | 3.200000e+01 | 6.210000e+01 |  94.06%|   0.31%
 39.6s|117600 | 27763 |316602 |   2.7 |    34M | 129 | 451 | 540 | 540 |   0 |  0 |   0 |  40 | 3.200000e+01 | 6.210000e+01 |  94.06%|   0.31%
 39.6s|117700 | 27773 |316839 |   2.7 |    34M | 129 | 451 | 540 | 540 |   0 |  0 |   0 |  40 | 3.200000e+01 | 6.210000e+01 |  94.06%|   0.31%
 39.6s|117800 | 27803 |317082 |   2.7 |    34M | 129 | 451 | 540 | 540 |   0 |  0 |   0 |  40 | 3.200000e+01 | 6.210000e+01 |  94.06%|   0.31%
 39.7s|117900 | 27817 |317374 |   2.7 |    34M | 129 | 451 | 540 | 540 |   0 |  0 |   0 |  40 | 3.200000e+01 | 6.210000e+01 |  94.06%|   0.31%
 39.7s|118000 | 27845 |317667 |   2.7 |    34M | 129 | 451 | 540 | 540 |   0 |  0 |   0 |  40 | 3.200000e+01 | 6.210000e+01 |  94.06%|   0.31%
 39.7s|118100 | 27869 |317940 |   2.7 |    34M | 129 | 451 | 540 | 540 |   0 |  0 |   0 |  40 | 3.200000e+01 | 6.210000e+01 |  94.06%|   0.31%
 39.8s|118200 | 27885 |318219 |   2.7 |    34M | 129 | 451 | 540 | 540 |   0 |  0 |   0 |  40 | 3.200000e+01 | 6.210000e+01 |  94.06%|   0.31%
 39.8s|118300 | 27907 |318466 |   2.7 |    34M | 129 | 451 | 540 | 540 |   0 |  0 |   0 |  40 | 3.200000e+01 | 6.210000e+01 |  94.06%|   0.31%
 time | node  | left  |LP iter|LP it/n|mem/heur|mdpt |vars |cons |rows |cuts |sepa|confs|strbr|  dualbound   | primalbound  |  gap   | compl. 
 39.8s|118400 | 27933 |318714 |   2.7 |    34M | 129 | 451 | 540 | 540 |   0 |  0 |   0 |  40 | 3.200000e+01 | 6.210000e+01 |  94.06%|   0.31%
 39.9s|118500 | 27959 |318966 |   2.7 |    34M | 129 | 451 | 540 | 540 |   0 |  0 |   0 |  40 | 3.200000e+01 | 6.210000e+01 |  94.06%|   0.31%
 39.9s|118600 | 27981 |319276 |   2.7 |    34M | 129 | 451 | 540 | 540 |   0 |  0 |   0 |  40 | 3.200000e+01 | 6.210000e+01 |  94.06%|   0.31%
 39.9s|118700 | 28003 |319495 |   2.7 |    34M | 129 | 451 | 540 | 540 |   0 |  0 |   0 |  40 | 3.200000e+01 | 6.210000e+01 |  94.06%|   0.31%
 40.0s|118800 | 28031 |319782 |   2.7 |    34M | 129 | 451 | 540 | 540 |   0 |  0 |   0 |  40 | 3.200000e+01 | 6.210000e+01 |  94.06%|   0.31%
 40.0s|118900 | 28053 |320059 |   2.7 |    34M | 129 | 451 | 540 | 540 |   0 |  0 |   0 |  40 | 3.200000e+01 | 6.210000e+01 |  94.06%|   0.31%
 40.0s|119000 | 28075 |320286 |   2.7 |    34M | 129 | 451 | 540 | 540 |   0 |  0 |   0 |  40 | 3.200000e+01 | 6.210000e+01 |  94.06%|   0.31%
 40.1s|119100 | 28093 |320554 |   2.7 |    34M | 129 | 451 | 540 | 540 |   0 |  0 |   0 |  40 | 3.200000e+01 | 6.210000e+01 |  94.06%|   0.31%
 40.1s|119200 | 28123 |320850 |   2.7 |    34M | 129 | 451 | 540 | 540 |   0 |  0 |   0 |  40 | 3.200000e+01 | 6.210000e+01 |  94.06%|   0.31%
 40.1s|119300 | 28143 |321161 |   2.7 |    34M | 129 | 451 | 540 | 540 |   0 |  0 |   0 |  40 | 3.200000e+01 | 6.210000e+01 |  94.06%|   0.31%
 40.2s|119400 | 28177 |321392 |   2.7 |    34M | 129 | 451 | 540 | 540 |   0 |  0 |   0 |  40 | 3.200000e+01 | 6.210000e+01 |  94.06%|   0.31%
 40.2s|119500 | 28205 |321627 |   2.7 |    34M | 129 | 451 | 540 | 540 |   0 |  0 |   0 |  40 | 3.200000e+01 | 6.210000e+01 |  94.06%|   0.31%
 40.2s|119600 | 28233 |321878 |   2.7 |    34M | 129 | 451 | 540 | 540 |   0 |  0 |   0 |  40 | 3.200000e+01 | 6.210000e+01 |  94.06%|   0.31%
 40.3s|119700 | 28255 |322146 |   2.7 |    34M | 129 | 451 | 540 | 540 |   0 |  0 |   0 |  40 | 3.200000e+01 | 6.210000e+01 |  94.06%|   0.31%
 40.3s|119800 | 28285 |322380 |   2.7 |    34M | 129 | 451 | 540 | 540 |   0 |  0 |   0 |  40 | 3.200000e+01 | 6.210000e+01 |  94.06%|   0.31%
 time | node  | left  |LP iter|LP it/n|mem/heur|mdpt |vars |cons |rows |cuts |sepa|confs|strbr|  dualbound   | primalbound  |  gap   | compl. 
 40.3s|119900 | 28307 |322677 |   2.7 |    35M | 129 | 451 | 540 | 540 |   0 |  0 |   0 |  40 | 3.200000e+01 | 6.210000e+01 |  94.06%|   0.31%
 40.4s|120000 | 28337 |322953 |   2.7 |    35M | 129 | 451 | 540 | 540 |   0 |  0 |   0 |  40 | 3.200000e+01 | 6.210000e+01 |  94.06%|   0.31%
 40.4s|120100 | 28357 |323195 |   2.7 |    35M | 129 | 451 | 540 | 540 |   0 |  0 |   0 |  40 | 3.200000e+01 | 6.210000e+01 |  94.06%|   0.31%
 40.4s|120200 | 28373 |323451 |   2.7 |    35M | 129 | 451 | 540 | 540 |   0 |  0 |   0 |  40 | 3.200000e+01 | 6.210000e+01 |  94.06%|   0.31%
 40.5s|120300 | 28383 |323704 |   2.7 |    35M | 129 | 451 | 540 | 540 |   0 |  0 |   0 |  40 | 3.200000e+01 | 6.210000e+01 |  94.06%|   0.31%
 40.5s|120400 | 28409 |323984 |   2.7 |    35M | 129 | 451 | 540 | 540 |   0 |  0 |   0 |  40 | 3.200000e+01 | 6.210000e+01 |  94.06%|   0.31%
 40.5s|120500 | 28431 |324242 |   2.7 |    35M | 129 | 451 | 540 | 540 |   0 |  0 |   0 |  40 | 3.200000e+01 | 6.210000e+01 |  94.06%|   0.31%
 40.6s|120600 | 28453 |324522 |   2.7 |    35M | 129 | 451 | 540 | 540 |   0 |  0 |   0 |  40 | 3.200000e+01 | 6.210000e+01 |  94.06%|   0.31%
 40.6s|120700 | 28473 |324756 |   2.7 |    35M | 129 | 451 | 540 | 540 |   0 |  0 |   0 |  40 | 3.200000e+01 | 6.210000e+01 |  94.06%|   0.31%
 40.6s|120800 | 28493 |325078 |   2.7 |    35M | 129 | 451 | 540 | 540 |   0 |  0 |   0 |  40 | 3.200000e+01 | 6.210000e+01 |  94.06%|   0.31%
 40.7s|120900 | 28519 |325388 |   2.7 |    35M | 129 | 451 | 540 | 540 |   0 |  0 |   0 |  40 | 3.200000e+01 | 6.210000e+01 |  94.06%|   0.31%
 40.7s|121000 | 28537 |325691 |   2.7 |    35M | 129 | 451 | 540 | 540 |   0 |  0 |   0 |  40 | 3.200000e+01 | 6.210000e+01 |  94.06%|   0.31%
 40.7s|121100 | 28561 |325962 |   2.7 |    35M | 129 | 451 | 540 | 540 |   0 |  0 |   0 |  40 | 3.200000e+01 | 6.210000e+01 |  94.06%|   0.31%
 40.8s|121200 | 28587 |326200 |   2.7 |    35M | 129 | 451 | 540 | 540 |   0 |  0 |   0 |  40 | 3.200000e+01 | 6.210000e+01 |  94.06%|   0.31%
 40.8s|121300 | 28613 |326426 |   2.7 |    35M | 129 | 451 | 540 | 540 |   0 |  0 |   0 |  40 | 3.200000e+01 | 6.210000e+01 |  94.06%|   0.31%
 time | node  | left  |LP iter|LP it/n|mem/heur|mdpt |vars |cons |rows |cuts |sepa|confs|strbr|  dualbound   | primalbound  |  gap   | compl. 
 40.8s|121400 | 28641 |326628 |   2.7 |    35M | 129 | 451 | 540 | 540 |   0 |  0 |   0 |  40 | 3.200000e+01 | 6.210000e+01 |  94.06%|   0.31%
 40.9s|121500 | 28669 |326916 |   2.7 |    35M | 129 | 451 | 540 | 540 |   0 |  0 |   0 |  40 | 3.200000e+01 | 6.210000e+01 |  94.06%|   0.31%
 40.9s|121600 | 28695 |327200 |   2.7 |    35M | 129 | 451 | 540 | 540 |   0 |  0 |   0 |  40 | 3.200000e+01 | 6.210000e+01 |  94.06%|   0.31%
 40.9s|121700 | 28725 |327430 |   2.7 |    35M | 129 | 451 | 540 | 540 |   0 |  0 |   0 |  40 | 3.200000e+01 | 6.210000e+01 |  94.06%|   0.31%
 41.0s|121800 | 28751 |327736 |   2.7 |    35M | 129 | 451 | 540 | 540 |   0 |  0 |   0 |  40 | 3.200000e+01 | 6.210000e+01 |  94.06%|   0.31%
 41.0s|121900 | 28767 |327964 |   2.7 |    35M | 129 | 451 | 540 | 540 |   0 |  0 |   0 |  40 | 3.200000e+01 | 6.210000e+01 |  94.06%|   0.31%
 41.0s|122000 | 28799 |328293 |   2.7 |    35M | 129 | 451 | 540 | 540 |   0 |  0 |   0 |  40 | 3.200000e+01 | 6.210000e+01 |  94.06%|   0.31%
 41.1s|122100 | 28831 |328550 |   2.7 |    35M | 129 | 451 | 540 | 540 |   0 |  0 |   0 |  40 | 3.200000e+01 | 6.210000e+01 |  94.06%|   0.31%
 41.1s|122200 | 28857 |328813 |   2.7 |    35M | 129 | 451 | 540 | 540 |   0 |  0 |   0 |  40 | 3.200000e+01 | 6.210000e+01 |  94.06%|   0.31%
 41.1s|122300 | 28879 |329078 |   2.7 |    35M | 129 | 451 | 540 | 540 |   0 |  0 |   0 |  40 | 3.200000e+01 | 6.210000e+01 |  94.06%|   0.31%
 41.2s|122400 | 28915 |329275 |   2.7 |    35M | 129 | 451 | 540 | 540 |   0 |  0 |   0 |  40 | 3.200000e+01 | 6.210000e+01 |  94.06%|   0.31%
 41.2s|122500 | 28943 |329559 |   2.7 |    35M | 129 | 451 | 540 | 540 |   0 |  0 |   0 |  40 | 3.200000e+01 | 6.210000e+01 |  94.06%|   0.31%
 41.2s|122600 | 28965 |329824 |   2.7 |    35M | 129 | 451 | 540 | 540 |   0 |  0 |   0 |  40 | 3.200000e+01 | 6.210000e+01 |  94.06%|   0.31%
 41.3s|122700 | 28987 |330048 |   2.7 |    35M | 129 | 451 | 540 | 540 |   0 |  0 |   0 |  40 | 3.200000e+01 | 6.210000e+01 |  94.06%|   0.31%
 41.3s|122800 | 29011 |330343 |   2.7 |    35M | 129 | 451 | 540 | 540 |   0 |  0 |   0 |  40 | 3.200000e+01 | 6.210000e+01 |  94.06%|   0.31%
 time | node  | left  |LP iter|LP it/n|mem/heur|mdpt |vars |cons |rows |cuts |sepa|confs|strbr|  dualbound   | primalbound  |  gap   | compl. 
 41.3s|122900 | 29035 |330640 |   2.7 |    35M | 129 | 451 | 540 | 540 |   0 |  0 |   0 |  40 | 3.200000e+01 | 6.210000e+01 |  94.06%|   0.31%
 41.4s|123000 | 29055 |330877 |   2.7 |    35M | 129 | 451 | 540 | 540 |   0 |  0 |   0 |  40 | 3.200000e+01 | 6.210000e+01 |  94.06%|   0.31%
 41.4s|123100 | 29077 |331103 |   2.7 |    35M | 129 | 451 | 540 | 540 |   0 |  0 |   0 |  40 | 3.200000e+01 | 6.210000e+01 |  94.06%|   0.31%
 41.4s|123200 | 29115 |331375 |   2.7 |    35M | 129 | 451 | 540 | 540 |   0 |  0 |   0 |  40 | 3.200000e+01 | 6.210000e+01 |  94.06%|   0.31%
 41.5s|123300 | 29141 |331645 |   2.7 |    35M | 129 | 451 | 540 | 540 |   0 |  0 |   0 |  40 | 3.200000e+01 | 6.210000e+01 |  94.06%|   0.31%
 41.5s|123400 | 29163 |331937 |   2.7 |    35M | 129 | 451 | 540 | 540 |   0 |  0 |   0 |  40 | 3.200000e+01 | 6.210000e+01 |  94.06%|   0.31%
 41.5s|123500 | 29183 |332129 |   2.7 |    35M | 129 | 451 | 540 | 540 |   0 |  0 |   0 |  40 | 3.200000e+01 | 6.210000e+01 |  94.06%|   0.31%
 41.6s|123600 | 29209 |332335 |   2.7 |    35M | 129 | 451 | 540 | 540 |   0 |  0 |   0 |  40 | 3.200000e+01 | 6.210000e+01 |  94.06%|   0.31%
 41.6s|123700 | 29231 |332587 |   2.7 |    35M | 129 | 451 | 540 | 540 |   0 |  0 |   0 |  40 | 3.200000e+01 | 6.210000e+01 |  94.06%|   0.31%
 41.7s|123800 | 29261 |332909 |   2.7 |    35M | 129 | 451 | 540 | 540 |   0 |  0 |   0 |  40 | 3.200000e+01 | 6.210000e+01 |  94.06%|   0.31%
 41.7s|123900 | 29285 |333212 |   2.7 |    35M | 129 | 451 | 540 | 540 |   0 |  0 |   0 |  40 | 3.200000e+01 | 6.210000e+01 |  94.06%|   0.31%
 41.7s|124000 | 29309 |333446 |   2.7 |    35M | 129 | 451 | 540 | 540 |   0 |  0 |   0 |  40 | 3.200000e+01 | 6.210000e+01 |  94.06%|   0.31%
 41.8s|124100 | 29333 |333724 |   2.7 |    35M | 129 | 451 | 540 | 540 |   0 |  0 |   0 |  40 | 3.200000e+01 | 6.210000e+01 |  94.06%|   0.31%
 41.8s|124200 | 29351 |333922 |   2.7 |    35M | 129 | 451 | 540 | 540 |   0 |  0 |   0 |  40 | 3.200000e+01 | 6.210000e+01 |  94.06%|   0.31%
 41.8s|124300 | 29379 |334138 |   2.7 |    35M | 129 | 451 | 540 | 540 |   0 |  0 |   0 |  40 | 3.200000e+01 | 6.210000e+01 |  94.06%|   0.31%
 time | node  | left  |LP iter|LP it/n|mem/heur|mdpt |vars |cons |rows |cuts |sepa|confs|strbr|  dualbound   | primalbound  |  gap   | compl. 
 41.8s|124400 | 29407 |334371 |   2.7 |    35M | 129 | 451 | 540 | 540 |   0 |  0 |   0 |  40 | 3.200000e+01 | 6.210000e+01 |  94.06%|   0.31%
 41.9s|124500 | 29435 |334603 |   2.7 |    35M | 129 | 451 | 540 | 540 |   0 |  0 |   0 |  40 | 3.200000e+01 | 6.210000e+01 |  94.06%|   0.31%
 41.9s|124600 | 29459 |334813 |   2.7 |    36M | 129 | 451 | 540 | 540 |   0 |  0 |   0 |  40 | 3.200000e+01 | 6.210000e+01 |  94.06%|   0.31%
 41.9s|124700 | 29477 |335080 |   2.7 |    36M | 129 | 451 | 540 | 540 |   0 |  0 |   0 |  40 | 3.200000e+01 | 6.210000e+01 |  94.06%|   0.31%
 42.0s|124800 | 29509 |335359 |   2.7 |    37M | 129 | 451 | 540 | 540 |   0 |  0 |   0 |  40 | 3.200000e+01 | 6.210000e+01 |  94.06%|   0.31%
 42.0s|124900 | 29529 |335577 |   2.7 |    37M | 129 | 451 | 540 | 540 |   0 |  0 |   0 |  40 | 3.200000e+01 | 6.210000e+01 |  94.06%|   0.31%
 42.1s|125000 | 29551 |335823 |   2.7 |    37M | 129 | 451 | 540 | 540 |   0 |  0 |   0 |  40 | 3.200000e+01 | 6.210000e+01 |  94.06%|   0.31%
 42.1s|125100 | 29575 |336042 |   2.7 |    37M | 129 | 451 | 540 | 540 |   0 |  0 |   0 |  40 | 3.200000e+01 | 6.210000e+01 |  94.06%|   0.31%
 42.1s|125200 | 29597 |336320 |   2.7 |    37M | 129 | 451 | 540 | 540 |   0 |  0 |   0 |  40 | 3.200000e+01 | 6.210000e+01 |  94.06%|   0.31%
 42.2s|125300 | 29619 |336533 |   2.7 |    37M | 129 | 451 | 540 | 540 |   0 |  0 |   0 |  40 | 3.200000e+01 | 6.210000e+01 |  94.06%|   0.31%
 42.2s|125400 | 29639 |336751 |   2.7 |    37M | 129 | 451 | 540 | 540 |   0 |  0 |   0 |  40 | 3.200000e+01 | 6.210000e+01 |  94.06%|   0.31%
 42.2s|125500 | 29651 |336982 |   2.7 |    37M | 129 | 451 | 540 | 540 |   0 |  0 |   0 |  40 | 3.200000e+01 | 6.210000e+01 |  94.06%|   0.31%
 42.2s|125600 | 29677 |337256 |   2.7 |    37M | 129 | 451 | 540 | 540 |   0 |  0 |   0 |  40 | 3.200000e+01 | 6.210000e+01 |  94.06%|   0.31%
 42.3s|125700 | 29693 |337490 |   2.7 |    37M | 129 | 451 | 540 | 540 |   0 |  0 |   0 |  40 | 3.200000e+01 | 6.210000e+01 |  94.06%|   0.31%
 42.3s|125800 | 29709 |337693 |   2.7 |    37M | 129 | 451 | 540 | 540 |   0 |  0 |   0 |  40 | 3.200000e+01 | 6.210000e+01 |  94.06%|   0.31%
 time | node  | left  |LP iter|LP it/n|mem/heur|mdpt |vars |cons |rows |cuts |sepa|confs|strbr|  dualbound   | primalbound  |  gap   | compl. 
 42.3s|125900 | 29731 |337913 |   2.7 |    37M | 129 | 451 | 540 | 540 |   0 |  0 |   0 |  40 | 3.200000e+01 | 6.210000e+01 |  94.06%|   0.31%
 42.4s|126000 | 29759 |338217 |   2.7 |    37M | 129 | 451 | 540 | 540 |   0 |  0 |   0 |  40 | 3.200000e+01 | 6.210000e+01 |  94.06%|   0.31%
 42.4s|126100 | 29777 |338445 |   2.7 |    37M | 129 | 451 | 540 | 540 |   0 |  0 |   0 |  40 | 3.200000e+01 | 6.210000e+01 |  94.06%|   0.31%
 42.4s|126200 | 29803 |338748 |   2.7 |    37M | 129 | 451 | 540 | 540 |   0 |  0 |   0 |  40 | 3.200000e+01 | 6.210000e+01 |  94.06%|   0.31%
 42.5s|126300 | 29835 |339007 |   2.7 |    37M | 129 | 451 | 540 | 540 |   0 |  0 |   0 |  40 | 3.200000e+01 | 6.210000e+01 |  94.06%|   0.31%
 42.5s|126400 | 29855 |339256 |   2.7 |    37M | 129 | 451 | 540 | 540 |   0 |  0 |   0 |  40 | 3.200000e+01 | 6.210000e+01 |  94.06%|   0.31%
 42.5s|126500 | 29885 |339459 |   2.7 |    37M | 129 | 451 | 540 | 540 |   0 |  0 |   0 |  40 | 3.200000e+01 | 6.210000e+01 |  94.06%|   0.31%
 42.6s|126600 | 29903 |339716 |   2.7 |    37M | 129 | 451 | 540 | 540 |   0 |  0 |   0 |  40 | 3.200000e+01 | 6.210000e+01 |  94.06%|   0.31%
 42.6s|126700 | 29919 |339938 |   2.7 |    37M | 129 | 451 | 540 | 540 |   0 |  0 |   0 |  40 | 3.200000e+01 | 6.210000e+01 |  94.06%|   0.31%
 42.6s|126800 | 29935 |340173 |   2.7 |    37M | 129 | 451 | 540 | 540 |   0 |  0 |   0 |  40 | 3.200000e+01 | 6.210000e+01 |  94.06%|   0.31%
 42.7s|126900 | 29961 |340450 |   2.7 |    37M | 129 | 451 | 540 | 540 |   0 |  0 |   0 |  40 | 3.200000e+01 | 6.210000e+01 |  94.06%|   0.31%
 42.7s|127000 | 29979 |340668 |   2.7 |    37M | 129 | 451 | 540 | 540 |   0 |  0 |   0 |  40 | 3.200000e+01 | 6.210000e+01 |  94.06%|   0.31%
 42.8s|127100 | 30015 |340915 |   2.7 |    37M | 129 | 451 | 540 | 540 |   0 |  0 |   0 |  40 | 3.200000e+01 | 6.210000e+01 |  94.06%|   0.31%
 42.8s|127200 | 30035 |341170 |   2.7 |    37M | 129 | 451 | 540 | 540 |   0 |  0 |   0 |  40 | 3.200000e+01 | 6.210000e+01 |  94.06%|   0.31%
 42.8s|127300 | 30063 |341457 |   2.7 |    37M | 129 | 451 | 540 | 540 |   0 |  0 |   0 |  40 | 3.200000e+01 | 6.210000e+01 |  94.06%|   0.31%
 time | node  | left  |LP iter|LP it/n|mem/heur|mdpt |vars |cons |rows |cuts |sepa|confs|strbr|  dualbound   | primalbound  |  gap   | compl. 
 42.9s|127400 | 30085 |341708 |   2.7 |    37M | 129 | 451 | 540 | 540 |   0 |  0 |   0 |  40 | 3.200000e+01 | 6.210000e+01 |  94.06%|   0.31%
 42.9s|127500 | 30107 |341903 |   2.7 |    37M | 129 | 451 | 540 | 540 |   0 |  0 |   0 |  40 | 3.200000e+01 | 6.210000e+01 |  94.06%|   0.31%
 42.9s|127600 | 30133 |342144 |   2.7 |    37M | 129 | 451 | 540 | 540 |   0 |  0 |   0 |  40 | 3.200000e+01 | 6.210000e+01 |  94.06%|   0.31%
 43.0s|127700 | 30159 |342372 |   2.7 |    37M | 129 | 451 | 540 | 540 |   0 |  0 |   0 |  40 | 3.200000e+01 | 6.210000e+01 |  94.06%|   0.31%
 43.0s|127800 | 30181 |342637 |   2.7 |    37M | 129 | 451 | 540 | 540 |   0 |  0 |   0 |  40 | 3.200000e+01 | 6.210000e+01 |  94.06%|   0.31%
 43.0s|127900 | 30201 |342885 |   2.7 |    37M | 129 | 451 | 540 | 540 |   0 |  0 |   0 |  40 | 3.200000e+01 | 6.210000e+01 |  94.06%|   0.31%
 43.1s|128000 | 30217 |343145 |   2.7 |    37M | 129 | 451 | 540 | 540 |   0 |  0 |   0 |  40 | 3.200000e+01 | 6.210000e+01 |  94.06%|   0.31%
 43.1s|128100 | 30241 |343427 |   2.7 |    37M | 129 | 451 | 540 | 540 |   0 |  0 |   0 |  40 | 3.200000e+01 | 6.210000e+01 |  94.06%|   0.31%
 43.1s|128200 | 30271 |343654 |   2.7 |    37M | 129 | 451 | 540 | 540 |   0 |  0 |   0 |  40 | 3.200000e+01 | 6.210000e+01 |  94.06%|   0.31%
 43.2s|128300 | 30283 |343914 |   2.7 |    37M | 129 | 451 | 540 | 540 |   0 |  0 |   0 |  40 | 3.200000e+01 | 6.210000e+01 |  94.06%|   0.31%
 43.2s|128400 | 30311 |344208 |   2.7 |    37M | 129 | 451 | 540 | 540 |   0 |  0 |   0 |  40 | 3.200000e+01 | 6.210000e+01 |  94.06%|   0.31%
 43.2s|128500 | 30339 |344441 |   2.7 |    37M | 129 | 451 | 540 | 540 |   0 |  0 |   0 |  40 | 3.200000e+01 | 6.210000e+01 |  94.06%|   0.31%
 43.3s|128600 | 30363 |344682 |   2.7 |    37M | 129 | 451 | 540 | 540 |   0 |  0 |   0 |  40 | 3.200000e+01 | 6.210000e+01 |  94.06%|   0.31%
 43.3s|128700 | 30377 |344898 |   2.7 |    37M | 129 | 451 | 540 | 540 |   0 |  0 |   0 |  40 | 3.200000e+01 | 6.210000e+01 |  94.06%|   0.31%
 43.3s|128800 | 30395 |345089 |   2.7 |    37M | 129 | 451 | 540 | 540 |   0 |  0 |   0 |  40 | 3.200000e+01 | 6.210000e+01 |  94.06%|   0.31%
 time | node  | left  |LP iter|LP it/n|mem/heur|mdpt |vars |cons |rows |cuts |sepa|confs|strbr|  dualbound   | primalbound  |  gap   | compl. 
 43.4s|128900 | 30415 |345367 |   2.7 |    37M | 129 | 451 | 540 | 540 |   0 |  0 |   0 |  40 | 3.200000e+01 | 6.210000e+01 |  94.06%|   0.31%
 43.4s|129000 | 30433 |345620 |   2.7 |    37M | 129 | 451 | 540 | 540 |   0 |  0 |   0 |  40 | 3.200000e+01 | 6.210000e+01 |  94.06%|   0.31%
 43.4s|129100 | 30449 |345854 |   2.7 |    37M | 129 | 451 | 540 | 540 |   0 |  0 |   0 |  40 | 3.200000e+01 | 6.210000e+01 |  94.06%|   0.31%
 43.5s|129200 | 30481 |346122 |   2.7 |    37M | 129 | 451 | 540 | 540 |   0 |  0 |   0 |  40 | 3.200000e+01 | 6.210000e+01 |  94.06%|   0.31%
 43.5s|129300 | 30507 |346363 |   2.7 |    37M | 129 | 451 | 540 | 540 |   0 |  0 |   0 |  40 | 3.200000e+01 | 6.210000e+01 |  94.06%|   0.31%
 43.5s|129400 | 30527 |346580 |   2.7 |    37M | 129 | 451 | 540 | 540 |   0 |  0 |   0 |  40 | 3.200000e+01 | 6.210000e+01 |  94.06%|   0.31%
 43.6s|129500 | 30553 |346880 |   2.7 |    38M | 129 | 451 | 540 | 540 |   0 |  0 |   0 |  40 | 3.200000e+01 | 6.210000e+01 |  94.06%|   0.31%
 43.6s|129600 | 30585 |347145 |   2.7 |    38M | 129 | 451 | 540 | 540 |   0 |  0 |   0 |  40 | 3.200000e+01 | 6.210000e+01 |  94.06%|   0.31%
 43.6s|129700 | 30609 |347439 |   2.7 |    38M | 129 | 451 | 540 | 540 |   0 |  0 |   0 |  40 | 3.200000e+01 | 6.210000e+01 |  94.06%|   0.31%
 43.7s|129800 | 30637 |347699 |   2.7 |    38M | 129 | 451 | 540 | 540 |   0 |  0 |   0 |  40 | 3.200000e+01 | 6.210000e+01 |  94.06%|   0.31%
 43.7s|129900 | 30661 |347963 |   2.7 |    38M | 129 | 451 | 540 | 540 |   0 |  0 |   0 |  40 | 3.200000e+01 | 6.210000e+01 |  94.06%|   0.31%
 43.7s|130000 | 30689 |348270 |   2.7 |    38M | 129 | 451 | 540 | 540 |   0 |  0 |   0 |  40 | 3.200000e+01 | 6.210000e+01 |  94.06%|   0.31%
 43.8s|130100 | 30703 |348504 |   2.7 |    38M | 129 | 451 | 540 | 540 |   0 |  0 |   0 |  40 | 3.200000e+01 | 6.210000e+01 |  94.06%|   0.31%
 43.8s|130200 | 30733 |348730 |   2.7 |    38M | 129 | 451 | 540 | 540 |   0 |  0 |   0 |  40 | 3.200000e+01 | 6.210000e+01 |  94.06%|   0.31%
 43.8s|130300 | 30751 |348889 |   2.7 |    38M | 129 | 451 | 540 | 540 |   0 |  0 |   0 |  40 | 3.200000e+01 | 6.210000e+01 |  94.06%|   0.31%
 time | node  | left  |LP iter|LP it/n|mem/heur|mdpt |vars |cons |rows |cuts |sepa|confs|strbr|  dualbound   | primalbound  |  gap   | compl. 
 43.9s|130400 | 30773 |349119 |   2.7 |    38M | 129 | 451 | 540 | 540 |   0 |  0 |   0 |  40 | 3.200000e+01 | 6.210000e+01 |  94.06%|   0.31%
 43.9s|130500 | 30801 |349374 |   2.7 |    38M | 129 | 451 | 540 | 540 |   0 |  0 |   0 |  40 | 3.200000e+01 | 6.210000e+01 |  94.06%|   0.31%
 43.9s|130600 | 30825 |349606 |   2.7 |    38M | 129 | 451 | 540 | 540 |   0 |  0 |   0 |  40 | 3.200000e+01 | 6.210000e+01 |  94.06%|   0.31%
 44.0s|130700 | 30845 |349840 |   2.7 |    38M | 129 | 451 | 540 | 540 |   0 |  0 |   0 |  40 | 3.200000e+01 | 6.210000e+01 |  94.06%|   0.31%
 44.0s|130800 | 30867 |350114 |   2.7 |    38M | 129 | 451 | 540 | 540 |   0 |  0 |   0 |  40 | 3.200000e+01 | 6.210000e+01 |  94.06%|   0.31%
 44.0s|130900 | 30889 |350384 |   2.7 |    38M | 129 | 451 | 540 | 540 |   0 |  0 |   0 |  40 | 3.200000e+01 | 6.210000e+01 |  94.06%|   0.31%
 44.1s|131000 | 30915 |350615 |   2.7 |    38M | 129 | 451 | 540 | 540 |   0 |  0 |   0 |  40 | 3.200000e+01 | 6.210000e+01 |  94.06%|   0.31%
 44.1s|131100 | 30939 |350957 |   2.7 |    38M | 129 | 451 | 540 | 540 |   0 |  0 |   0 |  40 | 3.200000e+01 | 6.210000e+01 |  94.06%|   0.31%
 44.1s|131200 | 30955 |351208 |   2.7 |    38M | 129 | 451 | 540 | 540 |   0 |  0 |   0 |  40 | 3.200000e+01 | 6.210000e+01 |  94.06%|   0.31%
 44.2s|131300 | 30977 |351395 |   2.7 |    38M | 129 | 451 | 540 | 540 |   0 |  0 |   0 |  40 | 3.200000e+01 | 6.210000e+01 |  94.06%|   0.31%
 44.2s|131400 | 31005 |351620 |   2.7 |    38M | 129 | 451 | 540 | 540 |   0 |  0 |   0 |  40 | 3.200000e+01 | 6.210000e+01 |  94.06%|   0.31%
 44.2s|131500 | 31033 |351824 |   2.7 |    38M | 129 | 451 | 540 | 540 |   0 |  0 |   0 |  40 | 3.200000e+01 | 6.210000e+01 |  94.06%|   0.31%
 44.3s|131600 | 31057 |352056 |   2.7 |    38M | 129 | 451 | 540 | 540 |   0 |  0 |   0 |  40 | 3.200000e+01 | 6.210000e+01 |  94.06%|   0.31%
 44.3s|131700 | 31077 |352279 |   2.7 |    38M | 129 | 451 | 540 | 540 |   0 |  0 |   0 |  40 | 3.200000e+01 | 6.210000e+01 |  94.06%|   0.31%
 44.3s|131800 | 31101 |352509 |   2.7 |    38M | 129 | 451 | 540 | 540 |   0 |  0 |   0 |  40 | 3.200000e+01 | 6.210000e+01 |  94.06%|   0.31%
 time | node  | left  |LP iter|LP it/n|mem/heur|mdpt |vars |cons |rows |cuts |sepa|confs|strbr|  dualbound   | primalbound  |  gap   | compl. 
 44.4s|131900 | 31121 |352750 |   2.7 |    38M | 129 | 451 | 540 | 540 |   0 |  0 |   0 |  40 | 3.200000e+01 | 6.210000e+01 |  94.06%|   0.31%
 44.4s|132000 | 31147 |353039 |   2.7 |    38M | 129 | 451 | 540 | 540 |   0 |  0 |   0 |  40 | 3.200000e+01 | 6.210000e+01 |  94.06%|   0.31%
 44.4s|132100 | 31173 |353292 |   2.7 |    38M | 129 | 451 | 540 | 540 |   0 |  0 |   0 |  40 | 3.200000e+01 | 6.210000e+01 |  94.06%|   0.31%
 44.5s|132200 | 31195 |353595 |   2.7 |    38M | 129 | 451 | 540 | 540 |   0 |  0 |   0 |  40 | 3.200000e+01 | 6.210000e+01 |  94.06%|   0.31%
 44.5s|132300 | 31217 |353837 |   2.7 |    38M | 129 | 451 | 540 | 540 |   0 |  0 |   0 |  40 | 3.200000e+01 | 6.210000e+01 |  94.06%|   0.31%
 44.5s|132400 | 31241 |354119 |   2.7 |    38M | 129 | 451 | 540 | 540 |   0 |  0 |   0 |  40 | 3.200000e+01 | 6.210000e+01 |  94.06%|   0.31%
 44.6s|132500 | 31263 |354382 |   2.7 |    38M | 129 | 451 | 540 | 540 |   0 |  0 |   0 |  40 | 3.200000e+01 | 6.210000e+01 |  94.06%|   0.31%
 44.6s|132600 | 31287 |354631 |   2.7 |    38M | 129 | 451 | 540 | 540 |   0 |  0 |   0 |  40 | 3.200000e+01 | 6.210000e+01 |  94.06%|   0.31%
 44.6s|132700 | 31309 |354893 |   2.7 |    38M | 129 | 451 | 540 | 540 |   0 |  0 |   0 |  40 | 3.200000e+01 | 6.210000e+01 |  94.06%|   0.31%
 44.7s|132800 | 31337 |355155 |   2.7 |    38M | 129 | 451 | 540 | 540 |   0 |  0 |   0 |  40 | 3.200000e+01 | 6.210000e+01 |  94.06%|   0.31%
 44.7s|132900 | 31363 |355405 |   2.7 |    38M | 129 | 451 | 540 | 540 |   0 |  0 |   0 |  40 | 3.200000e+01 | 6.210000e+01 |  94.06%|   0.31%
 44.7s|133000 | 31393 |355640 |   2.7 |    38M | 129 | 451 | 540 | 540 |   0 |  0 |   0 |  40 | 3.200000e+01 | 6.210000e+01 |  94.06%|   0.31%
 44.8s|133100 | 31409 |355887 |   2.7 |    38M | 129 | 451 | 540 | 540 |   0 |  0 |   0 |  40 | 3.200000e+01 | 6.210000e+01 |  94.06%|   0.31%
 44.8s|133200 | 31439 |356175 |   2.7 |    38M | 129 | 451 | 540 | 540 |   0 |  0 |   0 |  40 | 3.200000e+01 | 6.210000e+01 |  94.06%|   0.31%
 44.8s|133300 | 31463 |356449 |   2.7 |    38M | 129 | 451 | 540 | 540 |   0 |  0 |   0 |  40 | 3.200000e+01 | 6.210000e+01 |  94.06%|   0.31%
 time | node  | left  |LP iter|LP it/n|mem/heur|mdpt |vars |cons |rows |cuts |sepa|confs|strbr|  dualbound   | primalbound  |  gap   | compl. 
 44.9s|133400 | 31489 |356691 |   2.7 |    38M | 129 | 451 | 540 | 540 |   0 |  0 |   0 |  40 | 3.200000e+01 | 6.210000e+01 |  94.06%|   0.31%
 44.9s|133500 | 31513 |356969 |   2.7 |    38M | 129 | 451 | 540 | 540 |   0 |  0 |   0 |  40 | 3.200000e+01 | 6.210000e+01 |  94.06%|   0.31%
 44.9s|133600 | 31531 |357203 |   2.7 |    38M | 129 | 451 | 540 | 540 |   0 |  0 |   0 |  40 | 3.200000e+01 | 6.210000e+01 |  94.06%|   0.31%
 45.0s|133700 | 31561 |357473 |   2.7 |    38M | 129 | 451 | 540 | 540 |   0 |  0 |   0 |  40 | 3.200000e+01 | 6.210000e+01 |  94.06%|   0.31%
 45.0s|133800 | 31587 |357766 |   2.7 |    38M | 129 | 451 | 540 | 540 |   0 |  0 |   0 |  40 | 3.200000e+01 | 6.210000e+01 |  94.06%|   0.31%
 45.0s|133900 | 31609 |357989 |   2.7 |    38M | 129 | 451 | 540 | 540 |   0 |  0 |   0 |  40 | 3.200000e+01 | 6.210000e+01 |  94.06%|   0.31%
 45.1s|134000 | 31629 |358244 |   2.7 |    38M | 129 | 451 | 540 | 540 |   0 |  0 |   0 |  40 | 3.200000e+01 | 6.210000e+01 |  94.06%|   0.31%
 45.1s|134100 | 31653 |358534 |   2.7 |    39M | 129 | 451 | 540 | 540 |   0 |  0 |   0 |  40 | 3.200000e+01 | 6.210000e+01 |  94.06%|   0.31%
 45.1s|134200 | 31681 |358761 |   2.7 |    39M | 129 | 451 | 540 | 540 |   0 |  0 |   0 |  40 | 3.200000e+01 | 6.210000e+01 |  94.06%|   0.31%
 45.2s|134300 | 31705 |359002 |   2.7 |    40M | 129 | 451 | 540 | 540 |   0 |  0 |   0 |  40 | 3.200000e+01 | 6.210000e+01 |  94.06%|   0.31%
 45.2s|134400 | 31727 |359245 |   2.7 |    40M | 129 | 451 | 540 | 540 |   0 |  0 |   0 |  40 | 3.200000e+01 | 6.210000e+01 |  94.06%|   0.31%
 45.2s|134500 | 31753 |359491 |   2.7 |    40M | 129 | 451 | 540 | 540 |   0 |  0 |   0 |  40 | 3.200000e+01 | 6.210000e+01 |  94.06%|   0.31%
 45.3s|134600 | 31777 |359738 |   2.7 |    40M | 129 | 451 | 540 | 540 |   0 |  0 |   0 |  40 | 3.200000e+01 | 6.210000e+01 |  94.06%|   0.31%
 45.3s|134700 | 31805 |360036 |   2.7 |    40M | 129 | 451 | 540 | 540 |   0 |  0 |   0 |  40 | 3.200000e+01 | 6.210000e+01 |  94.06%|   0.31%
 45.3s|134800 | 31833 |360274 |   2.7 |    40M | 129 | 451 | 540 | 540 |   0 |  0 |   0 |  40 | 3.200000e+01 | 6.210000e+01 |  94.06%|   0.31%
 time | node  | left  |LP iter|LP it/n|mem/heur|mdpt |vars |cons |rows |cuts |sepa|confs|strbr|  dualbound   | primalbound  |  gap   | compl. 
 45.4s|134900 | 31857 |360546 |   2.7 |    40M | 129 | 451 | 540 | 540 |   0 |  0 |   0 |  40 | 3.200000e+01 | 6.210000e+01 |  94.06%|   0.31%
 45.4s|135000 | 31887 |360798 |   2.7 |    40M | 129 | 451 | 540 | 540 |   0 |  0 |   0 |  40 | 3.200000e+01 | 6.210000e+01 |  94.06%|   0.31%
 45.4s|135100 | 31907 |361085 |   2.7 |    40M | 129 | 451 | 540 | 540 |   0 |  0 |   0 |  40 | 3.200000e+01 | 6.210000e+01 |  94.06%|   0.31%
 45.5s|135200 | 31933 |361367 |   2.7 |    40M | 129 | 451 | 540 | 540 |   0 |  0 |   0 |  40 | 3.200000e+01 | 6.210000e+01 |  94.06%|   0.31%
 45.5s|135300 | 31955 |361583 |   2.7 |    40M | 129 | 451 | 540 | 540 |   0 |  0 |   0 |  40 | 3.200000e+01 | 6.210000e+01 |  94.06%|   0.31%
 45.5s|135400 | 31987 |361843 |   2.7 |    40M | 129 | 451 | 540 | 540 |   0 |  0 |   0 |  40 | 3.200000e+01 | 6.210000e+01 |  94.06%|   0.31%
 45.6s|135500 | 32009 |362115 |   2.7 |    40M | 129 | 451 | 540 | 540 |   0 |  0 |   0 |  40 | 3.200000e+01 | 6.210000e+01 |  94.06%|   0.31%
 45.6s|135600 | 32033 |362399 |   2.7 |    40M | 129 | 451 | 540 | 540 |   0 |  0 |   0 |  40 | 3.200000e+01 | 6.210000e+01 |  94.06%|   0.31%
 45.6s|135700 | 32051 |362680 |   2.7 |    40M | 129 | 451 | 540 | 540 |   0 |  0 |   0 |  40 | 3.200000e+01 | 6.210000e+01 |  94.06%|   0.31%
 45.7s|135800 | 32077 |362969 |   2.7 |    40M | 129 | 451 | 540 | 540 |   0 |  0 |   0 |  40 | 3.200000e+01 | 6.210000e+01 |  94.06%|   0.31%
 45.7s|135900 | 32105 |363212 |   2.7 |    40M | 129 | 451 | 540 | 540 |   0 |  0 |   0 |  40 | 3.200000e+01 | 6.210000e+01 |  94.06%|   0.31%
 45.7s|136000 | 32125 |363445 |   2.7 |    40M | 129 | 451 | 540 | 540 |   0 |  0 |   0 |  40 | 3.200000e+01 | 6.210000e+01 |  94.06%|   0.31%
 45.8s|136100 | 32147 |363673 |   2.7 |    40M | 129 | 451 | 540 | 540 |   0 |  0 |   0 |  40 | 3.200000e+01 | 6.210000e+01 |  94.06%|   0.31%
 45.8s|136200 | 32167 |363908 |   2.7 |    40M | 129 | 451 | 540 | 540 |   0 |  0 |   0 |  40 | 3.200000e+01 | 6.210000e+01 |  94.06%|   0.31%
 45.8s|136300 | 32191 |364199 |   2.7 |    40M | 129 | 451 | 540 | 540 |   0 |  0 |   0 |  40 | 3.200000e+01 | 6.210000e+01 |  94.06%|   0.31%
 time | node  | left  |LP iter|LP it/n|mem/heur|mdpt |vars |cons |rows |cuts |sepa|confs|strbr|  dualbound   | primalbound  |  gap   | compl. 
 45.9s|136400 | 32227 |364457 |   2.7 |    40M | 129 | 451 | 540 | 540 |   0 |  0 |   0 |  40 | 3.200000e+01 | 6.210000e+01 |  94.06%|   0.31%
 45.9s|136500 | 32263 |364722 |   2.7 |    40M | 129 | 451 | 540 | 540 |   0 |  0 |   0 |  40 | 3.200000e+01 | 6.210000e+01 |  94.06%|   0.31%
 46.0s|136600 | 32293 |365009 |   2.7 |    40M | 129 | 451 | 540 | 540 |   0 |  0 |   0 |  40 | 3.200000e+01 | 6.210000e+01 |  94.06%|   0.31%
 46.0s|136700 | 32309 |365232 |   2.7 |    40M | 129 | 451 | 540 | 540 |   0 |  0 |   0 |  40 | 3.200000e+01 | 6.210000e+01 |  94.06%|   0.31%
 46.0s|136800 | 32333 |365540 |   2.7 |    40M | 129 | 451 | 540 | 540 |   0 |  0 |   0 |  40 | 3.200000e+01 | 6.210000e+01 |  94.06%|   0.31%
 46.1s|136900 | 32353 |365791 |   2.7 |    40M | 129 | 451 | 540 | 540 |   0 |  0 |   0 |  40 | 3.200000e+01 | 6.210000e+01 |  94.06%|   0.31%
 46.1s|137000 | 32381 |366027 |   2.7 |    40M | 129 | 451 | 540 | 540 |   0 |  0 |   0 |  40 | 3.200000e+01 | 6.210000e+01 |  94.06%|   0.31%
 46.1s|137100 | 32415 |366368 |   2.7 |    40M | 129 | 451 | 540 | 540 |   0 |  0 |   0 |  40 | 3.200000e+01 | 6.210000e+01 |  94.06%|   0.31%
 46.2s|137200 | 32447 |366632 |   2.7 |    40M | 129 | 451 | 540 | 540 |   0 |  0 |   0 |  40 | 3.200000e+01 | 6.210000e+01 |  94.06%|   0.31%
 46.2s|137300 | 32469 |366946 |   2.7 |    40M | 129 | 451 | 540 | 540 |   0 |  0 |   0 |  40 | 3.200000e+01 | 6.210000e+01 |  94.06%|   0.31%
 46.2s|137400 | 32497 |367266 |   2.7 |    40M | 129 | 451 | 540 | 540 |   0 |  0 |   0 |  40 | 3.200000e+01 | 6.210000e+01 |  94.06%|   0.31%
 46.3s|137500 | 32531 |367619 |   2.7 |    40M | 129 | 451 | 540 | 540 |   0 |  0 |   0 |  40 | 3.200000e+01 | 6.210000e+01 |  94.06%|   0.31%
 46.3s|137600 | 32561 |367921 |   2.7 |    40M | 129 | 451 | 540 | 540 |   0 |  0 |   0 |  40 | 3.200000e+01 | 6.210000e+01 |  94.06%|   0.31%
 46.3s|137700 | 32585 |368207 |   2.7 |    40M | 129 | 451 | 540 | 540 |   0 |  0 |   0 |  40 | 3.200000e+01 | 6.210000e+01 |  94.06%|   0.31%
 46.4s|137800 | 32623 |368507 |   2.7 |    40M | 129 | 451 | 540 | 540 |   0 |  0 |   0 |  40 | 3.200000e+01 | 6.210000e+01 |  94.06%|   0.31%
 time | node  | left  |LP iter|LP it/n|mem/heur|mdpt |vars |cons |rows |cuts |sepa|confs|strbr|  dualbound   | primalbound  |  gap   | compl. 
 46.4s|137900 | 32647 |368805 |   2.7 |    40M | 129 | 451 | 540 | 540 |   0 |  0 |   0 |  40 | 3.200000e+01 | 6.210000e+01 |  94.06%|   0.31%
 46.4s|138000 | 32673 |369033 |   2.7 |    40M | 129 | 451 | 540 | 540 |   0 |  0 |   0 |  40 | 3.200000e+01 | 6.210000e+01 |  94.06%|   0.31%
 46.5s|138100 | 32703 |369321 |   2.7 |    40M | 129 | 451 | 540 | 540 |   0 |  0 |   0 |  40 | 3.200000e+01 | 6.210000e+01 |  94.06%|   0.31%
 46.5s|138200 | 32727 |369584 |   2.7 |    40M | 129 | 451 | 540 | 540 |   0 |  0 |   0 |  40 | 3.200000e+01 | 6.210000e+01 |  94.06%|   0.31%
 46.5s|138300 | 32753 |369842 |   2.7 |    40M | 129 | 451 | 540 | 540 |   0 |  0 |   0 |  40 | 3.200000e+01 | 6.210000e+01 |  94.06%|   0.31%
 46.6s|138400 | 32779 |370109 |   2.7 |    40M | 129 | 451 | 540 | 540 |   0 |  0 |   0 |  40 | 3.200000e+01 | 6.210000e+01 |  94.06%|   0.31%
 46.6s|138500 | 32807 |370399 |   2.7 |    40M | 129 | 451 | 540 | 540 |   0 |  0 |   0 |  40 | 3.200000e+01 | 6.210000e+01 |  94.06%|   0.31%
 46.6s|138600 | 32835 |370618 |   2.7 |    40M | 129 | 451 | 540 | 540 |   0 |  0 |   0 |  40 | 3.200000e+01 | 6.210000e+01 |  94.06%|   0.31%
 46.7s|138700 | 32865 |370883 |   2.7 |    40M | 129 | 451 | 540 | 540 |   0 |  0 |   0 |  40 | 3.200000e+01 | 6.210000e+01 |  94.06%|   0.31%
 46.7s|138800 | 32889 |371098 |   2.7 |    40M | 129 | 451 | 540 | 540 |   0 |  0 |   0 |  40 | 3.200000e+01 | 6.210000e+01 |  94.06%|   0.31%
 46.7s|138900 | 32909 |371363 |   2.7 |    41M | 129 | 451 | 540 | 540 |   0 |  0 |   0 |  40 | 3.200000e+01 | 6.210000e+01 |  94.06%|   0.31%
 46.8s|139000 | 32939 |371640 |   2.7 |    41M | 129 | 451 | 540 | 540 |   0 |  0 |   0 |  40 | 3.200000e+01 | 6.210000e+01 |  94.06%|   0.31%
 46.8s|139100 | 32961 |371886 |   2.7 |    41M | 129 | 451 | 540 | 540 |   0 |  0 |   0 |  40 | 3.200000e+01 | 6.210000e+01 |  94.06%|   0.31%
 46.8s|139200 | 32975 |372138 |   2.7 |    41M | 129 | 451 | 540 | 540 |   0 |  0 |   0 |  40 | 3.200000e+01 | 6.210000e+01 |  94.06%|   0.31%
 46.9s|139300 | 32999 |372386 |   2.7 |    41M | 129 | 451 | 540 | 540 |   0 |  0 |   0 |  40 | 3.200000e+01 | 6.210000e+01 |  94.06%|   0.31%
 time | node  | left  |LP iter|LP it/n|mem/heur|mdpt |vars |cons |rows |cuts |sepa|confs|strbr|  dualbound   | primalbound  |  gap   | compl. 
 46.9s|139400 | 33021 |372642 |   2.7 |    41M | 129 | 451 | 540 | 540 |   0 |  0 |   0 |  40 | 3.200000e+01 | 6.210000e+01 |  94.06%|   0.31%
 46.9s|139500 | 33045 |372972 |   2.7 |    41M | 129 | 451 | 540 | 540 |   0 |  0 |   0 |  40 | 3.200000e+01 | 6.210000e+01 |  94.06%|   0.31%
 47.0s|139600 | 33075 |373264 |   2.7 |    41M | 129 | 451 | 540 | 540 |   0 |  0 |   0 |  40 | 3.200000e+01 | 6.210000e+01 |  94.06%|   0.31%
 47.0s|139700 | 33097 |373558 |   2.7 |    41M | 129 | 451 | 540 | 540 |   0 |  0 |   0 |  40 | 3.200000e+01 | 6.210000e+01 |  94.06%|   0.31%
 47.0s|139800 | 33123 |373806 |   2.7 |    41M | 129 | 451 | 540 | 540 |   0 |  0 |   0 |  40 | 3.200000e+01 | 6.210000e+01 |  94.06%|   0.31%
 47.1s|139900 | 33145 |374134 |   2.7 |    41M | 129 | 451 | 540 | 540 |   0 |  0 |   0 |  40 | 3.200000e+01 | 6.210000e+01 |  94.06%|   0.31%
 47.1s|140000 | 33173 |374481 |   2.7 |    41M | 129 | 451 | 540 | 540 |   0 |  0 |   0 |  40 | 3.200000e+01 | 6.210000e+01 |  94.06%|   0.31%
 47.1s|140100 | 33209 |374772 |   2.7 |    41M | 129 | 451 | 540 | 540 |   0 |  0 |   0 |  40 | 3.200000e+01 | 6.210000e+01 |  94.06%|   0.31%
 47.2s|140200 | 33227 |375048 |   2.7 |    41M | 129 | 451 | 540 | 540 |   0 |  0 |   0 |  40 | 3.200000e+01 | 6.210000e+01 |  94.06%|   0.31%
 47.2s|140300 | 33251 |375283 |   2.7 |    41M | 129 | 451 | 540 | 540 |   0 |  0 |   0 |  40 | 3.200000e+01 | 6.210000e+01 |  94.06%|   0.31%
 47.2s|140400 | 33279 |375586 |   2.7 |    41M | 129 | 451 | 540 | 540 |   0 |  0 |   0 |  40 | 3.200000e+01 | 6.210000e+01 |  94.06%|   0.31%
 47.3s|140500 | 33301 |375847 |   2.7 |    41M | 129 | 451 | 540 | 540 |   0 |  0 |   0 |  40 | 3.200000e+01 | 6.210000e+01 |  94.06%|   0.31%
 47.3s|140600 | 33319 |376112 |   2.7 |    41M | 129 | 451 | 540 | 540 |   0 |  0 |   0 |  40 | 3.200000e+01 | 6.210000e+01 |  94.06%|   0.31%
 47.3s|140700 | 33343 |376379 |   2.7 |    41M | 129 | 451 | 540 | 540 |   0 |  0 |   0 |  40 | 3.200000e+01 | 6.210000e+01 |  94.06%|   0.31%
 47.4s|140800 | 33371 |376676 |   2.7 |    41M | 129 | 451 | 540 | 540 |   0 |  0 |   0 |  40 | 3.200000e+01 | 6.210000e+01 |  94.06%|   0.31%
 time | node  | left  |LP iter|LP it/n|mem/heur|mdpt |vars |cons |rows |cuts |sepa|confs|strbr|  dualbound   | primalbound  |  gap   | compl. 
 47.4s|140900 | 33397 |376942 |   2.7 |    41M | 129 | 451 | 540 | 540 |   0 |  0 |   0 |  40 | 3.200000e+01 | 6.210000e+01 |  94.06%|   0.31%
 47.4s|141000 | 33413 |377200 |   2.7 |    41M | 129 | 451 | 540 | 540 |   0 |  0 |   0 |  40 | 3.200000e+01 | 6.210000e+01 |  94.06%|   0.31%
 47.5s|141100 | 33447 |377476 |   2.7 |    41M | 129 | 451 | 540 | 540 |   0 |  0 |   0 |  40 | 3.200000e+01 | 6.210000e+01 |  94.06%|   0.31%
 47.5s|141200 | 33465 |377728 |   2.7 |    41M | 129 | 451 | 540 | 540 |   0 |  0 |   0 |  40 | 3.200000e+01 | 6.210000e+01 |  94.06%|   0.31%
 47.5s|141300 | 33493 |378024 |   2.7 |    41M | 129 | 451 | 540 | 540 |   0 |  0 |   0 |  40 | 3.200000e+01 | 6.210000e+01 |  94.06%|   0.31%
 47.6s|141400 | 33515 |378321 |   2.7 |    41M | 129 | 451 | 540 | 540 |   0 |  0 |   0 |  40 | 3.200000e+01 | 6.210000e+01 |  94.06%|   0.31%
 47.6s|141500 | 33539 |378588 |   2.7 |    41M | 129 | 451 | 540 | 540 |   0 |  0 |   0 |  40 | 3.200000e+01 | 6.210000e+01 |  94.06%|   0.31%
 47.6s|141600 | 33555 |378848 |   2.7 |    41M | 129 | 451 | 540 | 540 |   0 |  0 |   0 |  40 | 3.200000e+01 | 6.210000e+01 |  94.06%|   0.31%
 47.7s|141700 | 33583 |379097 |   2.7 |    41M | 129 | 451 | 540 | 540 |   0 |  0 |   0 |  40 | 3.200000e+01 | 6.210000e+01 |  94.06%|   0.31%
 47.7s|141800 | 33601 |379353 |   2.7 |    41M | 129 | 451 | 540 | 540 |   0 |  0 |   0 |  40 | 3.200000e+01 | 6.210000e+01 |  94.06%|   0.31%
 47.7s|141900 | 33619 |379635 |   2.7 |    41M | 129 | 451 | 540 | 540 |   0 |  0 |   0 |  40 | 3.200000e+01 | 6.210000e+01 |  94.06%|   0.31%
 47.8s|142000 | 33631 |379835 |   2.7 |    41M | 129 | 451 | 540 | 540 |   0 |  0 |   0 |  40 | 3.200000e+01 | 6.210000e+01 |  94.06%|   0.31%
 47.8s|142100 | 33657 |380116 |   2.7 |    41M | 129 | 451 | 540 | 540 |   0 |  0 |   0 |  40 | 3.200000e+01 | 6.210000e+01 |  94.06%|   0.31%
 47.8s|142200 | 33677 |380338 |   2.7 |    41M | 129 | 451 | 540 | 540 |   0 |  0 |   0 |  40 | 3.200000e+01 | 6.210000e+01 |  94.06%|   0.31%
 47.9s|142300 | 33699 |380579 |   2.7 |    41M | 129 | 451 | 540 | 540 |   0 |  0 |   0 |  40 | 3.200000e+01 | 6.210000e+01 |  94.06%|   0.31%
 time | node  | left  |LP iter|LP it/n|mem/heur|mdpt |vars |cons |rows |cuts |sepa|confs|strbr|  dualbound   | primalbound  |  gap   | compl. 
 47.9s|142400 | 33719 |380835 |   2.7 |    41M | 129 | 451 | 540 | 540 |   0 |  0 |   0 |  40 | 3.200000e+01 | 6.210000e+01 |  94.06%|   0.31%
 47.9s|142500 | 33751 |381116 |   2.7 |    42M | 129 | 451 | 540 | 540 |   0 |  0 |   0 |  40 | 3.200000e+01 | 6.210000e+01 |  94.06%|   0.31%
 48.0s|142600 | 33777 |381426 |   2.7 |    42M | 129 | 451 | 540 | 540 |   0 |  0 |   0 |  40 | 3.200000e+01 | 6.210000e+01 |  94.06%|   0.31%
 48.0s|142700 | 33801 |381716 |   2.7 |    42M | 129 | 451 | 540 | 540 |   0 |  0 |   0 |  40 | 3.200000e+01 | 6.210000e+01 |  94.06%|   0.31%
 48.0s|142800 | 33833 |381955 |   2.7 |    42M | 129 | 451 | 540 | 540 |   0 |  0 |   0 |  40 | 3.200000e+01 | 6.210000e+01 |  94.06%|   0.31%
 48.1s|142900 | 33859 |382172 |   2.7 |    42M | 129 | 451 | 540 | 540 |   0 |  0 |   0 |  40 | 3.200000e+01 | 6.210000e+01 |  94.06%|   0.31%
 48.1s|143000 | 33889 |382441 |   2.7 |    42M | 129 | 451 | 540 | 540 |   0 |  0 |   0 |  40 | 3.200000e+01 | 6.210000e+01 |  94.06%|   0.31%
 48.1s|143100 | 33907 |382713 |   2.7 |    42M | 129 | 451 | 540 | 540 |   0 |  0 |   0 |  40 | 3.200000e+01 | 6.210000e+01 |  94.06%|   0.31%
 48.2s|143200 | 33927 |382952 |   2.7 |    42M | 129 | 451 | 540 | 540 |   0 |  0 |   0 |  40 | 3.200000e+01 | 6.210000e+01 |  94.06%|   0.31%
 48.2s|143300 | 33959 |383258 |   2.7 |    42M | 129 | 451 | 540 | 540 |   0 |  0 |   0 |  40 | 3.200000e+01 | 6.210000e+01 |  94.06%|   0.31%
 48.2s|143400 | 33977 |383544 |   2.7 |    42M | 129 | 451 | 540 | 540 |   0 |  0 |   0 |  40 | 3.200000e+01 | 6.210000e+01 |  94.06%|   0.31%
 48.3s|143500 | 33997 |383838 |   2.7 |    42M | 129 | 451 | 540 | 540 |   0 |  0 |   0 |  40 | 3.200000e+01 | 6.210000e+01 |  94.06%|   0.31%
 48.3s|143600 | 34021 |384122 |   2.7 |    42M | 129 | 451 | 540 | 540 |   0 |  0 |   0 |  40 | 3.200000e+01 | 6.210000e+01 |  94.06%|   0.31%
 48.3s|143700 | 34043 |384403 |   2.7 |    42M | 129 | 451 | 540 | 540 |   0 |  0 |   0 |  40 | 3.200000e+01 | 6.210000e+01 |  94.06%|   0.31%
 48.4s|143800 | 34065 |384689 |   2.7 |    42M | 129 | 451 | 540 | 540 |   0 |  0 |   0 |  40 | 3.200000e+01 | 6.210000e+01 |  94.06%|   0.31%
 time | node  | left  |LP iter|LP it/n|mem/heur|mdpt |vars |cons |rows |cuts |sepa|confs|strbr|  dualbound   | primalbound  |  gap   | compl. 
 48.4s|143900 | 34083 |384958 |   2.7 |    42M | 129 | 451 | 540 | 540 |   0 |  0 |   0 |  40 | 3.200000e+01 | 6.210000e+01 |  94.06%|   0.31%
 48.4s|144000 | 34103 |385235 |   2.7 |    42M | 129 | 451 | 540 | 540 |   0 |  0 |   0 |  40 | 3.200000e+01 | 6.210000e+01 |  94.06%|   0.31%
 48.5s|144100 | 34127 |385508 |   2.7 |    42M | 129 | 451 | 540 | 540 |   0 |  0 |   0 |  40 | 3.200000e+01 | 6.210000e+01 |  94.06%|   0.31%
 48.5s|144200 | 34153 |385765 |   2.7 |    42M | 129 | 451 | 540 | 540 |   0 |  0 |   0 |  40 | 3.200000e+01 | 6.210000e+01 |  94.06%|   0.31%
 48.5s|144300 | 34185 |386041 |   2.7 |    42M | 129 | 451 | 540 | 540 |   0 |  0 |   0 |  40 | 3.200000e+01 | 6.210000e+01 |  94.06%|   0.31%
 48.6s|144400 | 34209 |386301 |   2.7 |    42M | 129 | 451 | 540 | 540 |   0 |  0 |   0 |  40 | 3.200000e+01 | 6.210000e+01 |  94.06%|   0.31%
 48.6s|144500 | 34233 |386556 |   2.7 |    42M | 129 | 451 | 540 | 540 |   0 |  0 |   0 |  40 | 3.200000e+01 | 6.210000e+01 |  94.06%|   0.31%
 48.7s|144600 | 34269 |386844 |   2.7 |    42M | 129 | 451 | 540 | 540 |   0 |  0 |   0 |  40 | 3.200000e+01 | 6.210000e+01 |  94.06%|   0.31%
 48.7s|144700 | 34297 |387122 |   2.7 |    42M | 129 | 451 | 540 | 540 |   0 |  0 |   0 |  40 | 3.200000e+01 | 6.210000e+01 |  94.06%|   0.31%
 48.7s|144800 | 34327 |387456 |   2.7 |    42M | 129 | 451 | 540 | 540 |   0 |  0 |   0 |  40 | 3.200000e+01 | 6.210000e+01 |  94.06%|   0.31%
 48.8s|144900 | 34349 |387704 |   2.7 |    42M | 129 | 451 | 540 | 540 |   0 |  0 |   0 |  40 | 3.200000e+01 | 6.210000e+01 |  94.06%|   0.31%
 48.8s|145000 | 34395 |387949 |   2.7 |    42M | 129 | 451 | 540 | 540 |   0 |  0 |   0 |  40 | 3.200000e+01 | 6.210000e+01 |  94.06%|   0.31%
 48.8s|145100 | 34413 |388230 |   2.7 |    42M | 129 | 451 | 540 | 540 |   0 |  0 |   0 |  40 | 3.200000e+01 | 6.210000e+01 |  94.06%|   0.31%
 48.9s|145200 | 34429 |388510 |   2.7 |    42M | 129 | 451 | 540 | 540 |   0 |  0 |   0 |  40 | 3.200000e+01 | 6.210000e+01 |  94.06%|   0.31%
 48.9s|145300 | 34459 |388748 |   2.7 |    42M | 129 | 451 | 540 | 540 |   0 |  0 |   0 |  40 | 3.200000e+01 | 6.210000e+01 |  94.06%|   0.31%
 time | node  | left  |LP iter|LP it/n|mem/heur|mdpt |vars |cons |rows |cuts |sepa|confs|strbr|  dualbound   | primalbound  |  gap   | compl. 
 48.9s|145400 | 34491 |388984 |   2.7 |    42M | 129 | 451 | 540 | 540 |   0 |  0 |   0 |  40 | 3.200000e+01 | 6.210000e+01 |  94.06%|   0.31%
 49.0s|145500 | 34505 |389268 |   2.7 |    42M | 129 | 451 | 540 | 540 |   0 |  0 |   0 |  40 | 3.200000e+01 | 6.210000e+01 |  94.06%|   0.31%
 49.0s|145600 | 34523 |389484 |   2.7 |    42M | 129 | 451 | 540 | 540 |   0 |  0 |   0 |  40 | 3.200000e+01 | 6.210000e+01 |  94.06%|   0.31%
 49.0s|145700 | 34543 |389753 |   2.7 |    42M | 129 | 451 | 540 | 540 |   0 |  0 |   0 |  40 | 3.200000e+01 | 6.210000e+01 |  94.06%|   0.31%
 49.1s|145800 | 34561 |389995 |   2.7 |    42M | 129 | 451 | 540 | 540 |   0 |  0 |   0 |  40 | 3.200000e+01 | 6.210000e+01 |  94.06%|   0.31%
 49.1s|145900 | 34581 |390301 |   2.7 |    42M | 129 | 451 | 540 | 540 |   0 |  0 |   0 |  40 | 3.200000e+01 | 6.210000e+01 |  94.06%|   0.31%
 49.1s|146000 | 34597 |390572 |   2.7 |    42M | 129 | 451 | 540 | 540 |   0 |  0 |   0 |  40 | 3.200000e+01 | 6.210000e+01 |  94.06%|   0.31%
 49.2s|146100 | 34621 |390819 |   2.7 |    42M | 129 | 451 | 540 | 540 |   0 |  0 |   0 |  40 | 3.200000e+01 | 6.210000e+01 |  94.06%|   0.31%
 49.2s|146200 | 34651 |391038 |   2.7 |    42M | 129 | 451 | 540 | 540 |   0 |  0 |   0 |  40 | 3.200000e+01 | 6.210000e+01 |  94.06%|   0.31%
 49.2s|146300 | 34673 |391256 |   2.7 |    42M | 129 | 451 | 540 | 540 |   0 |  0 |   0 |  40 | 3.200000e+01 | 6.210000e+01 |  94.06%|   0.31%
 49.3s|146400 | 34691 |391527 |   2.7 |    43M | 129 | 451 | 540 | 540 |   0 |  0 |   0 |  40 | 3.200000e+01 | 6.210000e+01 |  94.06%|   0.31%
 49.3s|146500 | 34713 |391821 |   2.7 |    43M | 129 | 451 | 540 | 540 |   0 |  0 |   0 |  40 | 3.200000e+01 | 6.210000e+01 |  94.06%|   0.31%
 49.3s|146600 | 34743 |392088 |   2.7 |    43M | 129 | 451 | 540 | 540 |   0 |  0 |   0 |  40 | 3.200000e+01 | 6.210000e+01 |  94.06%|   0.31%
 49.4s|146700 | 34769 |392336 |   2.7 |    43M | 129 | 451 | 540 | 540 |   0 |  0 |   0 |  40 | 3.200000e+01 | 6.210000e+01 |  94.06%|   0.31%
 49.4s|146800 | 34789 |392574 |   2.7 |    43M | 129 | 451 | 540 | 540 |   0 |  0 |   0 |  40 | 3.200000e+01 | 6.210000e+01 |  94.06%|   0.31%
 time | node  | left  |LP iter|LP it/n|mem/heur|mdpt |vars |cons |rows |cuts |sepa|confs|strbr|  dualbound   | primalbound  |  gap   | compl. 
 49.4s|146900 | 34817 |392819 |   2.7 |    43M | 129 | 451 | 540 | 540 |   0 |  0 |   0 |  40 | 3.200000e+01 | 6.210000e+01 |  94.06%|   0.31%
 49.5s|147000 | 34845 |393057 |   2.7 |    43M | 129 | 451 | 540 | 540 |   0 |  0 |   0 |  40 | 3.200000e+01 | 6.210000e+01 |  94.06%|   0.31%
 49.5s|147100 | 34865 |393340 |   2.7 |    43M | 129 | 451 | 540 | 540 |   0 |  0 |   0 |  40 | 3.200000e+01 | 6.210000e+01 |  94.06%|   0.31%
 49.5s|147200 | 34897 |393571 |   2.7 |    43M | 129 | 451 | 540 | 540 |   0 |  0 |   0 |  40 | 3.200000e+01 | 6.210000e+01 |  94.06%|   0.31%
 49.6s|147300 | 34939 |393816 |   2.7 |    43M | 129 | 451 | 540 | 540 |   0 |  0 |   0 |  40 | 3.200000e+01 | 6.210000e+01 |  94.06%|   0.31%
 49.6s|147400 | 34961 |394068 |   2.7 |    43M | 129 | 451 | 540 | 540 |   0 |  0 |   0 |  40 | 3.200000e+01 | 6.210000e+01 |  94.06%|   0.31%
 49.6s|147500 | 34983 |394335 |   2.7 |    43M | 129 | 451 | 540 | 540 |   0 |  0 |   0 |  40 | 3.200000e+01 | 6.210000e+01 |  94.06%|   0.31%
 49.7s|147600 | 35005 |394633 |   2.7 |    43M | 129 | 451 | 540 | 540 |   0 |  0 |   0 |  40 | 3.200000e+01 | 6.210000e+01 |  94.06%|   0.31%
 49.7s|147700 | 35025 |394904 |   2.7 |    43M | 129 | 451 | 540 | 540 |   0 |  0 |   0 |  40 | 3.200000e+01 | 6.210000e+01 |  94.06%|   0.31%
 49.7s|147800 | 35047 |395145 |   2.7 |    43M | 129 | 451 | 540 | 540 |   0 |  0 |   0 |  40 | 3.200000e+01 | 6.210000e+01 |  94.06%|   0.31%
 49.8s|147900 | 35061 |395411 |   2.7 |    43M | 129 | 451 | 540 | 540 |   0 |  0 |   0 |  40 | 3.200000e+01 | 6.210000e+01 |  94.06%|   0.31%
 49.8s|148000 | 35089 |395719 |   2.7 |    43M | 129 | 451 | 540 | 540 |   0 |  0 |   0 |  40 | 3.200000e+01 | 6.210000e+01 |  94.06%|   0.31%
 49.8s|148100 | 35121 |395975 |   2.7 |    43M | 129 | 451 | 540 | 540 |   0 |  0 |   0 |  40 | 3.200000e+01 | 6.210000e+01 |  94.06%|   0.31%
 49.9s|148200 | 35139 |396236 |   2.7 |    43M | 129 | 451 | 540 | 540 |   0 |  0 |   0 |  40 | 3.200000e+01 | 6.210000e+01 |  94.06%|   0.31%
 49.9s|148300 | 35159 |396488 |   2.7 |    43M | 129 | 451 | 540 | 540 |   0 |  0 |   0 |  40 | 3.200000e+01 | 6.210000e+01 |  94.06%|   0.31%
 time | node  | left  |LP iter|LP it/n|mem/heur|mdpt |vars |cons |rows |cuts |sepa|confs|strbr|  dualbound   | primalbound  |  gap   | compl. 
 49.9s|148400 | 35175 |396747 |   2.7 |    43M | 129 | 451 | 540 | 540 |   0 |  0 |   0 |  40 | 3.200000e+01 | 6.210000e+01 |  94.06%|   0.31%
 50.0s|148500 | 35199 |397059 |   2.7 |    43M | 129 | 451 | 540 | 540 |   0 |  0 |   0 |  40 | 3.200000e+01 | 6.210000e+01 |  94.06%|   0.31%
 50.0s|148600 | 35217 |397308 |   2.7 |    43M | 129 | 451 | 540 | 540 |   0 |  0 |   0 |  40 | 3.200000e+01 | 6.210000e+01 |  94.06%|   0.31%
 50.0s|148700 | 35237 |397581 |   2.7 |    43M | 129 | 451 | 540 | 540 |   0 |  0 |   0 |  40 | 3.200000e+01 | 6.210000e+01 |  94.06%|   0.31%
 50.1s|148800 | 35263 |397809 |   2.7 |    43M | 129 | 451 | 540 | 540 |   0 |  0 |   0 |  40 | 3.200000e+01 | 6.210000e+01 |  94.06%|   0.31%
 50.1s|148900 | 35283 |398069 |   2.7 |    43M | 129 | 451 | 540 | 540 |   0 |  0 |   0 |  40 | 3.200000e+01 | 6.210000e+01 |  94.06%|   0.31%
 50.1s|149000 | 35305 |398318 |   2.7 |    43M | 129 | 451 | 540 | 540 |   0 |  0 |   0 |  40 | 3.200000e+01 | 6.210000e+01 |  94.06%|   0.31%
 50.2s|149100 | 35335 |398573 |   2.7 |    43M | 129 | 451 | 540 | 540 |   0 |  0 |   0 |  40 | 3.200000e+01 | 6.210000e+01 |  94.06%|   0.31%
 50.2s|149200 | 35351 |398805 |   2.7 |    43M | 129 | 451 | 540 | 540 |   0 |  0 |   0 |  40 | 3.200000e+01 | 6.210000e+01 |  94.06%|   0.31%
 50.2s|149300 | 35387 |399074 |   2.7 |    43M | 129 | 451 | 540 | 540 |   0 |  0 |   0 |  40 | 3.200000e+01 | 6.210000e+01 |  94.06%|   0.31%
 50.3s|149400 | 35417 |399345 |   2.7 |    43M | 129 | 451 | 540 | 540 |   0 |  0 |   0 |  40 | 3.200000e+01 | 6.210000e+01 |  94.06%|   0.31%
 50.3s|149500 | 35439 |399588 |   2.7 |    43M | 129 | 451 | 540 | 540 |   0 |  0 |   0 |  40 | 3.200000e+01 | 6.210000e+01 |  94.06%|   0.31%
 50.3s|149600 | 35461 |399876 |   2.7 |    43M | 129 | 451 | 540 | 540 |   0 |  0 |   0 |  40 | 3.200000e+01 | 6.210000e+01 |  94.06%|   0.31%
 50.4s|149700 | 35485 |400144 |   2.7 |    44M | 129 | 451 | 540 | 540 |   0 |  0 |   0 |  40 | 3.200000e+01 | 6.210000e+01 |  94.06%|   0.31%
 50.4s|149800 | 35509 |400445 |   2.7 |    44M | 129 | 451 | 540 | 540 |   0 |  0 |   0 |  40 | 3.200000e+01 | 6.210000e+01 |  94.06%|   0.31%
 time | node  | left  |LP iter|LP it/n|mem/heur|mdpt |vars |cons |rows |cuts |sepa|confs|strbr|  dualbound   | primalbound  |  gap   | compl. 
 50.4s|149900 | 35533 |400734 |   2.7 |    44M | 129 | 451 | 540 | 540 |   0 |  0 |   0 |  40 | 3.200000e+01 | 6.210000e+01 |  94.06%|   0.31%
 50.5s|150000 | 35553 |400956 |   2.7 |    44M | 129 | 451 | 540 | 540 |   0 |  0 |   0 |  40 | 3.200000e+01 | 6.210000e+01 |  94.06%|   0.31%
 50.5s|150100 | 35573 |401215 |   2.7 |    44M | 129 | 451 | 540 | 540 |   0 |  0 |   0 |  40 | 3.200000e+01 | 6.210000e+01 |  94.06%|   0.31%
 50.5s|150200 | 35605 |401463 |   2.7 |    44M | 129 | 451 | 540 | 540 |   0 |  0 |   0 |  40 | 3.200000e+01 | 6.210000e+01 |  94.06%|   0.31%
 50.6s|150300 | 35627 |401694 |   2.7 |    44M | 129 | 451 | 540 | 540 |   0 |  0 |   0 |  40 | 3.200000e+01 | 6.210000e+01 |  94.06%|   0.31%
 50.6s|150400 | 35643 |402020 |   2.7 |    44M | 129 | 451 | 540 | 540 |   0 |  0 |   0 |  40 | 3.200000e+01 | 6.210000e+01 |  94.06%|   0.31%
 50.6s|150500 | 35665 |402299 |   2.7 |    44M | 129 | 451 | 540 | 540 |   0 |  0 |   0 |  40 | 3.200000e+01 | 6.210000e+01 |  94.06%|   0.31%
 50.7s|150600 | 35689 |402579 |   2.7 |    44M | 129 | 451 | 540 | 540 |   0 |  0 |   0 |  40 | 3.200000e+01 | 6.210000e+01 |  94.06%|   0.31%
 50.7s|150700 | 35719 |402869 |   2.7 |    44M | 129 | 451 | 540 | 540 |   0 |  0 |   0 |  40 | 3.200000e+01 | 6.210000e+01 |  94.06%|   0.31%
 50.7s|150800 | 35749 |403178 |   2.7 |    44M | 129 | 451 | 540 | 540 |   0 |  0 |   0 |  40 | 3.200000e+01 | 6.210000e+01 |  94.06%|   0.31%
 50.8s|150900 | 35771 |403417 |   2.7 |    44M | 129 | 451 | 540 | 540 |   0 |  0 |   0 |  40 | 3.200000e+01 | 6.210000e+01 |  94.06%|   0.31%
 50.8s|151000 | 35801 |403764 |   2.7 |    44M | 129 | 451 | 540 | 540 |   0 |  0 |   0 |  40 | 3.200000e+01 | 6.210000e+01 |  94.06%|   0.31%
 50.8s|151100 | 35825 |404030 |   2.7 |    44M | 129 | 451 | 540 | 540 |   0 |  0 |   0 |  40 | 3.200000e+01 | 6.210000e+01 |  94.06%|   0.31%
 50.9s|151200 | 35847 |404252 |   2.7 |    44M | 129 | 451 | 540 | 540 |   0 |  0 |   0 |  40 | 3.200000e+01 | 6.210000e+01 |  94.06%|   0.31%
 50.9s|151300 | 35873 |404475 |   2.7 |    44M | 129 | 451 | 540 | 540 |   0 |  0 |   0 |  40 | 3.200000e+01 | 6.210000e+01 |  94.06%|   0.31%
 time | node  | left  |LP iter|LP it/n|mem/heur|mdpt |vars |cons |rows |cuts |sepa|confs|strbr|  dualbound   | primalbound  |  gap   | compl. 
 50.9s|151400 | 35893 |404779 |   2.7 |    44M | 129 | 451 | 540 | 540 |   0 |  0 |   0 |  40 | 3.200000e+01 | 6.210000e+01 |  94.06%|   0.31%
 51.0s|151500 | 35915 |405066 |   2.7 |    44M | 129 | 451 | 540 | 540 |   0 |  0 |   0 |  40 | 3.200000e+01 | 6.210000e+01 |  94.06%|   0.31%
 51.0s|151600 | 35935 |405344 |   2.7 |    44M | 129 | 451 | 540 | 540 |   0 |  0 |   0 |  40 | 3.200000e+01 | 6.210000e+01 |  94.06%|   0.31%
 51.0s|151700 | 35957 |405642 |   2.7 |    44M | 129 | 451 | 540 | 540 |   0 |  0 |   0 |  40 | 3.200000e+01 | 6.210000e+01 |  94.06%|   0.31%
 51.1s|151800 | 35977 |405935 |   2.7 |    44M | 129 | 451 | 540 | 540 |   0 |  0 |   0 |  40 | 3.200000e+01 | 6.210000e+01 |  94.06%|   0.31%
 51.1s|151900 | 35999 |406181 |   2.7 |    44M | 129 | 451 | 540 | 540 |   0 |  0 |   0 |  40 | 3.200000e+01 | 6.210000e+01 |  94.06%|   0.31%
 51.1s|152000 | 36017 |406402 |   2.7 |    44M | 129 | 451 | 540 | 540 |   0 |  0 |   0 |  40 | 3.200000e+01 | 6.210000e+01 |  94.06%|   0.31%
 51.2s|152100 | 36037 |406633 |   2.7 |    44M | 129 | 451 | 540 | 540 |   0 |  0 |   0 |  40 | 3.200000e+01 | 6.210000e+01 |  94.06%|   0.31%
 51.2s|152200 | 36061 |406895 |   2.7 |    44M | 129 | 451 | 540 | 540 |   0 |  0 |   0 |  40 | 3.200000e+01 | 6.210000e+01 |  94.06%|   0.31%
 51.2s|152300 | 36079 |407139 |   2.7 |    44M | 129 | 451 | 540 | 540 |   0 |  0 |   0 |  40 | 3.200000e+01 | 6.210000e+01 |  94.06%|   0.31%
 51.3s|152400 | 36097 |407368 |   2.7 |    44M | 129 | 451 | 540 | 540 |   0 |  0 |   0 |  40 | 3.200000e+01 | 6.210000e+01 |  94.06%|   0.31%
 51.3s|152500 | 36125 |407691 |   2.7 |    44M | 129 | 451 | 540 | 540 |   0 |  0 |   0 |  40 | 3.200000e+01 | 6.210000e+01 |  94.06%|   0.31%
 51.4s|152600 | 36159 |407968 |   2.7 |    44M | 129 | 451 | 540 | 540 |   0 |  0 |   0 |  40 | 3.200000e+01 | 6.210000e+01 |  94.06%|   0.31%
 51.4s|152700 | 36193 |408224 |   2.7 |    44M | 129 | 451 | 540 | 540 |   0 |  0 |   0 |  40 | 3.200000e+01 | 6.210000e+01 |  94.06%|   0.31%
 51.4s|152800 | 36215 |408504 |   2.7 |    44M | 129 | 451 | 540 | 540 |   0 |  0 |   0 |  40 | 3.200000e+01 | 6.210000e+01 |  94.06%|   0.31%
 time | node  | left  |LP iter|LP it/n|mem/heur|mdpt |vars |cons |rows |cuts |sepa|confs|strbr|  dualbound   | primalbound  |  gap   | compl. 
 51.5s|152900 | 36241 |408792 |   2.7 |    44M | 129 | 451 | 540 | 540 |   0 |  0 |   0 |  40 | 3.200000e+01 | 6.210000e+01 |  94.06%|   0.31%
 51.5s|153000 | 36257 |409020 |   2.7 |    44M | 129 | 451 | 540 | 540 |   0 |  0 |   0 |  40 | 3.200000e+01 | 6.210000e+01 |  94.06%|   0.31%
 51.5s|153100 | 36281 |409240 |   2.7 |    44M | 129 | 451 | 540 | 540 |   0 |  0 |   0 |  40 | 3.200000e+01 | 6.210000e+01 |  94.06%|   0.31%
 51.6s|153200 | 36307 |409455 |   2.7 |    44M | 129 | 451 | 540 | 540 |   0 |  0 |   0 |  40 | 3.200000e+01 | 6.210000e+01 |  94.06%|   0.31%
 51.6s|153300 | 36331 |409675 |   2.7 |    44M | 129 | 451 | 540 | 540 |   0 |  0 |   0 |  40 | 3.200000e+01 | 6.210000e+01 |  94.06%|   0.31%
 51.6s|153400 | 36357 |409928 |   2.7 |    44M | 129 | 451 | 540 | 540 |   0 |  0 |   0 |  40 | 3.200000e+01 | 6.210000e+01 |  94.06%|   0.31%
 51.7s|153500 | 36381 |410187 |   2.7 |    44M | 129 | 451 | 540 | 540 |   0 |  0 |   0 |  40 | 3.200000e+01 | 6.210000e+01 |  94.06%|   0.31%
 51.7s|153600 | 36405 |410513 |   2.7 |    44M | 129 | 451 | 540 | 540 |   0 |  0 |   0 |  40 | 3.200000e+01 | 6.210000e+01 |  94.06%|   0.31%
 51.7s|153700 | 36421 |410784 |   2.7 |    44M | 129 | 451 | 540 | 540 |   0 |  0 |   0 |  40 | 3.200000e+01 | 6.210000e+01 |  94.06%|   0.31%
 51.8s|153800 | 36447 |411052 |   2.7 |    44M | 129 | 451 | 540 | 540 |   0 |  0 |   0 |  40 | 3.200000e+01 | 6.210000e+01 |  94.06%|   0.31%
 51.8s|153900 | 36477 |411266 |   2.7 |    44M | 129 | 451 | 540 | 540 |   0 |  0 |   0 |  40 | 3.200000e+01 | 6.210000e+01 |  94.06%|   0.31%
 51.8s|154000 | 36499 |411483 |   2.7 |    44M | 129 | 451 | 540 | 540 |   0 |  0 |   0 |  40 | 3.200000e+01 | 6.210000e+01 |  94.06%|   0.31%
 51.9s|154100 | 36521 |411748 |   2.7 |    44M | 129 | 451 | 540 | 540 |   0 |  0 |   0 |  40 | 3.200000e+01 | 6.210000e+01 |  94.06%|   0.31%
 51.9s|154200 | 36541 |411978 |   2.7 |    44M | 129 | 451 | 540 | 540 |   0 |  0 |   0 |  40 | 3.200000e+01 | 6.210000e+01 |  94.06%|   0.31%
 51.9s|154300 | 36571 |412218 |   2.7 |    44M | 129 | 451 | 540 | 540 |   0 |  0 |   0 |  40 | 3.200000e+01 | 6.210000e+01 |  94.06%|   0.31%
 time | node  | left  |LP iter|LP it/n|mem/heur|mdpt |vars |cons |rows |cuts |sepa|confs|strbr|  dualbound   | primalbound  |  gap   | compl. 
 52.0s|154400 | 36593 |412520 |   2.7 |    44M | 129 | 451 | 540 | 540 |   0 |  0 |   0 |  40 | 3.200000e+01 | 6.210000e+01 |  94.06%|   0.31%
 52.0s|154500 | 36615 |412781 |   2.7 |    44M | 129 | 451 | 540 | 540 |   0 |  0 |   0 |  40 | 3.200000e+01 | 6.210000e+01 |  94.06%|   0.31%
 52.0s|154600 | 36639 |413084 |   2.7 |    44M | 129 | 451 | 540 | 540 |   0 |  0 |   0 |  40 | 3.200000e+01 | 6.210000e+01 |  94.06%|   0.31%
 52.1s|154700 | 36667 |413407 |   2.7 |    44M | 129 | 451 | 540 | 540 |   0 |  0 |   0 |  40 | 3.200000e+01 | 6.210000e+01 |  94.06%|   0.31%
 52.1s|154800 | 36695 |413726 |   2.7 |    44M | 129 | 451 | 540 | 540 |   0 |  0 |   0 |  40 | 3.200000e+01 | 6.210000e+01 |  94.06%|   0.31%
 52.1s|154900 | 36721 |414030 |   2.7 |    44M | 129 | 451 | 540 | 540 |   0 |  0 |   0 |  40 | 3.200000e+01 | 6.210000e+01 |  94.06%|   0.31%
 52.2s|155000 | 36747 |414350 |   2.7 |    44M | 129 | 451 | 540 | 540 |   0 |  0 |   0 |  40 | 3.200000e+01 | 6.210000e+01 |  94.06%|   0.31%
 52.2s|155100 | 36775 |414673 |   2.7 |    44M | 129 | 451 | 540 | 540 |   0 |  0 |   0 |  40 | 3.200000e+01 | 6.210000e+01 |  94.06%|   0.31%
 52.2s|155200 | 36807 |414957 |   2.7 |    44M | 129 | 451 | 540 | 540 |   0 |  0 |   0 |  40 | 3.200000e+01 | 6.210000e+01 |  94.06%|   0.31%
 52.3s|155300 | 36845 |415223 |   2.7 |    44M | 129 | 451 | 540 | 540 |   0 |  0 |   0 |  40 | 3.200000e+01 | 6.210000e+01 |  94.06%|   0.31%
 52.3s|155400 | 36869 |415571 |   2.7 |    44M | 129 | 451 | 540 | 540 |   0 |  0 |   0 |  40 | 3.200000e+01 | 6.210000e+01 |  94.06%|   0.31%
 52.3s|155500 | 36889 |415816 |   2.7 |    44M | 129 | 451 | 540 | 540 |   0 |  0 |   0 |  40 | 3.200000e+01 | 6.210000e+01 |  94.06%|   0.31%
 52.4s|155600 | 36917 |416009 |   2.7 |    44M | 129 | 451 | 540 | 540 |   0 |  0 |   0 |  40 | 3.200000e+01 | 6.210000e+01 |  94.06%|   0.31%
 52.4s|155700 | 36949 |416284 |   2.7 |    44M | 129 | 451 | 540 | 540 |   0 |  0 |   0 |  40 | 3.200000e+01 | 6.210000e+01 |  94.06%|   0.31%
 52.4s|155800 | 36971 |416520 |   2.7 |    44M | 129 | 451 | 540 | 540 |   0 |  0 |   0 |  40 | 3.200000e+01 | 6.210000e+01 |  94.06%|   0.31%
 time | node  | left  |LP iter|LP it/n|mem/heur|mdpt |vars |cons |rows |cuts |sepa|confs|strbr|  dualbound   | primalbound  |  gap   | compl. 
 52.5s|155900 | 36999 |416792 |   2.7 |    44M | 129 | 451 | 540 | 540 |   0 |  0 |   0 |  40 | 3.200000e+01 | 6.210000e+01 |  94.06%|   0.31%
 52.5s|156000 | 37017 |417005 |   2.7 |    44M | 129 | 451 | 540 | 540 |   0 |  0 |   0 |  40 | 3.200000e+01 | 6.210000e+01 |  94.06%|   0.31%
 52.5s|156100 | 37049 |417197 |   2.7 |    44M | 129 | 451 | 540 | 540 |   0 |  0 |   0 |  40 | 3.200000e+01 | 6.210000e+01 |  94.06%|   0.31%
 52.6s|156200 | 37079 |417440 |   2.7 |    44M | 129 | 451 | 540 | 540 |   0 |  0 |   0 |  40 | 3.200000e+01 | 6.210000e+01 |  94.06%|   0.31%
 52.6s|156300 | 37103 |417672 |   2.7 |    44M | 129 | 451 | 540 | 540 |   0 |  0 |   0 |  40 | 3.200000e+01 | 6.210000e+01 |  94.06%|   0.31%
 52.6s|156400 | 37133 |417878 |   2.7 |    44M | 129 | 451 | 540 | 540 |   0 |  0 |   0 |  40 | 3.200000e+01 | 6.210000e+01 |  94.06%|   0.31%
 52.7s|156500 | 37153 |418120 |   2.7 |    44M | 129 | 451 | 540 | 540 |   0 |  0 |   0 |  40 | 3.200000e+01 | 6.210000e+01 |  94.06%|   0.31%
 52.7s|156600 | 37173 |418383 |   2.7 |    44M | 129 | 451 | 540 | 540 |   0 |  0 |   0 |  40 | 3.200000e+01 | 6.210000e+01 |  94.06%|   0.31%
 52.7s|156700 | 37199 |418659 |   2.7 |    44M | 129 | 451 | 540 | 540 |   0 |  0 |   0 |  40 | 3.200000e+01 | 6.210000e+01 |  94.06%|   0.31%
 52.8s|156800 | 37219 |418881 |   2.7 |    44M | 129 | 451 | 540 | 540 |   0 |  0 |   0 |  40 | 3.200000e+01 | 6.210000e+01 |  94.06%|   0.31%
 52.8s|156900 | 37233 |419157 |   2.7 |    44M | 129 | 451 | 540 | 540 |   0 |  0 |   0 |  40 | 3.200000e+01 | 6.210000e+01 |  94.06%|   0.31%
 52.8s|157000 | 37251 |419438 |   2.7 |    44M | 129 | 451 | 540 | 540 |   0 |  0 |   0 |  40 | 3.200000e+01 | 6.210000e+01 |  94.06%|   0.31%
 52.9s|157100 | 37279 |419665 |   2.7 |    44M | 129 | 451 | 540 | 540 |   0 |  0 |   0 |  40 | 3.200000e+01 | 6.210000e+01 |  94.06%|   0.31%
 52.9s|157200 | 37309 |419899 |   2.7 |    44M | 129 | 451 | 540 | 540 |   0 |  0 |   0 |  40 | 3.200000e+01 | 6.210000e+01 |  94.06%|   0.31%
 52.9s|157300 | 37333 |420142 |   2.7 |    44M | 129 | 451 | 540 | 540 |   0 |  0 |   0 |  40 | 3.200000e+01 | 6.210000e+01 |  94.06%|   0.31%
 time | node  | left  |LP iter|LP it/n|mem/heur|mdpt |vars |cons |rows |cuts |sepa|confs|strbr|  dualbound   | primalbound  |  gap   | compl. 
 53.0s|157400 | 37351 |420382 |   2.7 |    44M | 129 | 451 | 540 | 540 |   0 |  0 |   0 |  40 | 3.200000e+01 | 6.210000e+01 |  94.06%|   0.31%
 53.0s|157500 | 37381 |420601 |   2.7 |    44M | 129 | 451 | 540 | 540 |   0 |  0 |   0 |  40 | 3.200000e+01 | 6.210000e+01 |  94.06%|   0.31%
 53.0s|157600 | 37403 |420839 |   2.7 |    44M | 129 | 451 | 540 | 540 |   0 |  0 |   0 |  40 | 3.200000e+01 | 6.210000e+01 |  94.06%|   0.31%
 53.1s|157700 | 37433 |421138 |   2.7 |    44M | 129 | 451 | 540 | 540 |   0 |  0 |   0 |  40 | 3.200000e+01 | 6.210000e+01 |  94.06%|   0.31%
 53.1s|157800 | 37461 |421378 |   2.7 |    44M | 129 | 451 | 540 | 540 |   0 |  0 |   0 |  40 | 3.200000e+01 | 6.210000e+01 |  94.06%|   0.31%
 53.1s|157900 | 37489 |421616 |   2.7 |    45M | 129 | 451 | 540 | 540 |   0 |  0 |   0 |  40 | 3.200000e+01 | 6.210000e+01 |  94.06%|   0.31%
 53.2s|158000 | 37511 |421887 |   2.7 |    45M | 129 | 451 | 540 | 540 |   0 |  0 |   0 |  40 | 3.200000e+01 | 6.210000e+01 |  94.06%|   0.31%
 53.2s|158100 | 37525 |422142 |   2.7 |    45M | 129 | 451 | 540 | 540 |   0 |  0 |   0 |  40 | 3.200000e+01 | 6.210000e+01 |  94.06%|   0.31%
 53.2s|158200 | 37543 |422445 |   2.7 |    45M | 129 | 451 | 540 | 540 |   0 |  0 |   0 |  40 | 3.200000e+01 | 6.210000e+01 |  94.06%|   0.31%
 53.3s|158300 | 37569 |422704 |   2.7 |    45M | 129 | 451 | 540 | 540 |   0 |  0 |   0 |  40 | 3.200000e+01 | 6.210000e+01 |  94.06%|   0.31%
 53.3s|158400 | 37597 |423018 |   2.7 |    45M | 129 | 451 | 540 | 540 |   0 |  0 |   0 |  40 | 3.200000e+01 | 6.210000e+01 |  94.06%|   0.31%
 53.3s|158500 | 37611 |423273 |   2.7 |    45M | 129 | 451 | 540 | 540 |   0 |  0 |   0 |  40 | 3.200000e+01 | 6.210000e+01 |  94.06%|   0.31%
 53.4s|158600 | 37637 |423502 |   2.7 |    45M | 129 | 451 | 540 | 540 |   0 |  0 |   0 |  40 | 3.200000e+01 | 6.210000e+01 |  94.06%|   0.31%
 53.4s|158700 | 37653 |423732 |   2.7 |    45M | 129 | 451 | 540 | 540 |   0 |  0 |   0 |  40 | 3.200000e+01 | 6.210000e+01 |  94.06%|   0.31%
 53.4s|158800 | 37681 |423989 |   2.7 |    45M | 129 | 451 | 540 | 540 |   0 |  0 |   0 |  40 | 3.200000e+01 | 6.210000e+01 |  94.06%|   0.31%
 time | node  | left  |LP iter|LP it/n|mem/heur|mdpt |vars |cons |rows |cuts |sepa|confs|strbr|  dualbound   | primalbound  |  gap   | compl. 
 53.5s|158900 | 37697 |424269 |   2.7 |    45M | 129 | 451 | 540 | 540 |   0 |  0 |   0 |  40 | 3.200000e+01 | 6.210000e+01 |  94.06%|   0.31%
 53.5s|159000 | 37723 |424545 |   2.7 |    45M | 129 | 451 | 540 | 540 |   0 |  0 |   0 |  40 | 3.200000e+01 | 6.210000e+01 |  94.06%|   0.31%
 53.5s|159100 | 37745 |424854 |   2.7 |    45M | 129 | 451 | 540 | 540 |   0 |  0 |   0 |  40 | 3.200000e+01 | 6.210000e+01 |  94.06%|   0.31%
 53.6s|159200 | 37761 |425103 |   2.7 |    45M | 129 | 451 | 540 | 540 |   0 |  0 |   0 |  40 | 3.200000e+01 | 6.210000e+01 |  94.06%|   0.31%
 53.6s|159300 | 37789 |425306 |   2.7 |    45M | 129 | 451 | 540 | 540 |   0 |  0 |   0 |  40 | 3.200000e+01 | 6.210000e+01 |  94.06%|   0.31%
 53.6s|159400 | 37817 |425544 |   2.7 |    45M | 129 | 451 | 540 | 540 |   0 |  0 |   0 |  40 | 3.200000e+01 | 6.210000e+01 |  94.06%|   0.31%
 53.7s|159500 | 37841 |425837 |   2.7 |    45M | 129 | 451 | 540 | 540 |   0 |  0 |   0 |  40 | 3.200000e+01 | 6.210000e+01 |  94.06%|   0.31%
 53.7s|159600 | 37857 |426103 |   2.7 |    45M | 129 | 451 | 540 | 540 |   0 |  0 |   0 |  40 | 3.200000e+01 | 6.210000e+01 |  94.06%|   0.31%
 53.7s|159700 | 37885 |426339 |   2.7 |    45M | 129 | 451 | 540 | 540 |   0 |  0 |   0 |  40 | 3.200000e+01 | 6.210000e+01 |  94.06%|   0.31%
 53.8s|159800 | 37901 |426597 |   2.7 |    45M | 129 | 451 | 540 | 540 |   0 |  0 |   0 |  40 | 3.200000e+01 | 6.210000e+01 |  94.06%|   0.31%
 53.8s|159900 | 37923 |426835 |   2.7 |    45M | 129 | 451 | 540 | 540 |   0 |  0 |   0 |  40 | 3.200000e+01 | 6.210000e+01 |  94.06%|   0.31%
 53.8s|160000 | 37943 |427083 |   2.7 |    45M | 129 | 451 | 540 | 540 |   0 |  0 |   0 |  40 | 3.200000e+01 | 6.210000e+01 |  94.06%|   0.31%
 53.9s|160100 | 37957 |427370 |   2.7 |    45M | 129 | 451 | 540 | 540 |   0 |  0 |   0 |  40 | 3.200000e+01 | 6.210000e+01 |  94.06%|   0.31%
 53.9s|160200 | 37987 |427620 |   2.7 |    45M | 129 | 451 | 540 | 540 |   0 |  0 |   0 |  40 | 3.200000e+01 | 6.210000e+01 |  94.06%|   0.31%
 53.9s|160300 | 38005 |427880 |   2.7 |    45M | 129 | 451 | 540 | 540 |   0 |  0 |   0 |  40 | 3.200000e+01 | 6.210000e+01 |  94.06%|   0.31%
 time | node  | left  |LP iter|LP it/n|mem/heur|mdpt |vars |cons |rows |cuts |sepa|confs|strbr|  dualbound   | primalbound  |  gap   | compl. 
 54.0s|160400 | 38023 |428124 |   2.7 |    45M | 129 | 451 | 540 | 540 |   0 |  0 |   0 |  40 | 3.200000e+01 | 6.210000e+01 |  94.06%|   0.31%
 54.0s|160500 | 38047 |428325 |   2.7 |    45M | 129 | 451 | 540 | 540 |   0 |  0 |   0 |  40 | 3.200000e+01 | 6.210000e+01 |  94.06%|   0.31%
 54.0s|160600 | 38065 |428657 |   2.7 |    45M | 129 | 451 | 540 | 540 |   0 |  0 |   0 |  40 | 3.200000e+01 | 6.210000e+01 |  94.06%|   0.31%
 54.1s|160700 | 38085 |428908 |   2.7 |    45M | 129 | 451 | 540 | 540 |   0 |  0 |   0 |  40 | 3.200000e+01 | 6.210000e+01 |  94.06%|   0.31%
 54.1s|160800 | 38107 |429258 |   2.7 |    45M | 129 | 451 | 540 | 540 |   0 |  0 |   0 |  40 | 3.200000e+01 | 6.210000e+01 |  94.06%|   0.31%
 54.1s|160900 | 38123 |429471 |   2.7 |    45M | 129 | 451 | 540 | 540 |   0 |  0 |   0 |  40 | 3.200000e+01 | 6.210000e+01 |  94.06%|   0.31%
 54.2s|161000 | 38147 |429723 |   2.7 |    45M | 129 | 451 | 540 | 540 |   0 |  0 |   0 |  40 | 3.200000e+01 | 6.210000e+01 |  94.06%|   0.31%
 54.2s|161100 | 38165 |430008 |   2.7 |    45M | 129 | 451 | 540 | 540 |   0 |  0 |   0 |  40 | 3.200000e+01 | 6.210000e+01 |  94.06%|   0.31%
 54.2s|161200 | 38193 |430256 |   2.7 |    45M | 129 | 451 | 540 | 540 |   0 |  0 |   0 |  40 | 3.200000e+01 | 6.210000e+01 |  94.06%|   0.31%
 54.3s|161300 | 38215 |430492 |   2.7 |    45M | 129 | 451 | 540 | 540 |   0 |  0 |   0 |  40 | 3.200000e+01 | 6.210000e+01 |  94.06%|   0.31%
 54.3s|161400 | 38229 |430727 |   2.7 |    45M | 129 | 451 | 540 | 540 |   0 |  0 |   0 |  40 | 3.200000e+01 | 6.210000e+01 |  94.06%|   0.31%
 54.3s|161500 | 38247 |431041 |   2.7 |    45M | 129 | 451 | 540 | 540 |   0 |  0 |   0 |  40 | 3.200000e+01 | 6.210000e+01 |  94.06%|   0.31%
 54.4s|161600 | 38271 |431301 |   2.7 |    45M | 129 | 451 | 540 | 540 |   0 |  0 |   0 |  40 | 3.200000e+01 | 6.210000e+01 |  94.06%|   0.31%
 54.4s|161700 | 38289 |431558 |   2.7 |    45M | 129 | 451 | 540 | 540 |   0 |  0 |   0 |  40 | 3.200000e+01 | 6.210000e+01 |  94.06%|   0.31%
 54.4s|161800 | 38307 |431774 |   2.7 |    45M | 129 | 451 | 540 | 540 |   0 |  0 |   0 |  40 | 3.200000e+01 | 6.210000e+01 |  94.06%|   0.31%
 time | node  | left  |LP iter|LP it/n|mem/heur|mdpt |vars |cons |rows |cuts |sepa|confs|strbr|  dualbound   | primalbound  |  gap   | compl. 
 54.5s|161900 | 38327 |432049 |   2.7 |    45M | 129 | 451 | 540 | 540 |   0 |  0 |   0 |  40 | 3.200000e+01 | 6.210000e+01 |  94.06%|   0.31%
 54.5s|162000 | 38349 |432318 |   2.7 |    45M | 129 | 451 | 540 | 540 |   0 |  0 |   0 |  40 | 3.200000e+01 | 6.210000e+01 |  94.06%|   0.31%
 54.5s|162100 | 38365 |432534 |   2.7 |    45M | 129 | 451 | 540 | 540 |   0 |  0 |   0 |  40 | 3.200000e+01 | 6.210000e+01 |  94.06%|   0.31%
 54.6s|162200 | 38389 |432770 |   2.7 |    45M | 129 | 451 | 540 | 540 |   0 |  0 |   0 |  40 | 3.200000e+01 | 6.210000e+01 |  94.06%|   0.31%
 54.6s|162300 | 38415 |433104 |   2.7 |    45M | 129 | 451 | 540 | 540 |   0 |  0 |   0 |  40 | 3.200000e+01 | 6.210000e+01 |  94.06%|   0.31%
 54.6s|162400 | 38437 |433324 |   2.7 |    45M | 129 | 451 | 540 | 540 |   0 |  0 |   0 |  40 | 3.200000e+01 | 6.210000e+01 |  94.06%|   0.31%
 54.7s|162500 | 38453 |433573 |   2.7 |    45M | 129 | 451 | 540 | 540 |   0 |  0 |   0 |  40 | 3.200000e+01 | 6.210000e+01 |  94.06%|   0.31%
 54.7s|162600 | 38475 |433850 |   2.7 |    45M | 129 | 451 | 540 | 540 |   0 |  0 |   0 |  40 | 3.200000e+01 | 6.210000e+01 |  94.06%|   0.31%
 54.7s|162700 | 38495 |434070 |   2.7 |    45M | 129 | 451 | 540 | 540 |   0 |  0 |   0 |  40 | 3.200000e+01 | 6.210000e+01 |  94.06%|   0.31%
 54.8s|162800 | 38517 |434307 |   2.7 |    45M | 129 | 451 | 540 | 540 |   0 |  0 |   0 |  40 | 3.200000e+01 | 6.210000e+01 |  94.06%|   0.31%
 54.8s|162900 | 38541 |434526 |   2.7 |    46M | 129 | 451 | 540 | 540 |   0 |  0 |   0 |  40 | 3.200000e+01 | 6.210000e+01 |  94.06%|   0.31%
 54.9s|163000 | 38567 |434775 |   2.7 |    46M | 129 | 451 | 540 | 540 |   0 |  0 |   0 |  40 | 3.200000e+01 | 6.210000e+01 |  94.06%|   0.31%
 54.9s|163100 | 38593 |435049 |   2.7 |    46M | 129 | 451 | 540 | 540 |   0 |  0 |   0 |  40 | 3.200000e+01 | 6.210000e+01 |  94.06%|   0.31%
 54.9s|163200 | 38609 |435330 |   2.7 |    46M | 129 | 451 | 540 | 540 |   0 |  0 |   0 |  40 | 3.200000e+01 | 6.210000e+01 |  94.06%|   0.31%
 55.0s|163300 | 38637 |435634 |   2.7 |    46M | 129 | 451 | 540 | 540 |   0 |  0 |   0 |  40 | 3.200000e+01 | 6.210000e+01 |  94.06%|   0.31%
 time | node  | left  |LP iter|LP it/n|mem/heur|mdpt |vars |cons |rows |cuts |sepa|confs|strbr|  dualbound   | primalbound  |  gap   | compl. 
 55.0s|163400 | 38663 |435903 |   2.7 |    46M | 129 | 451 | 540 | 540 |   0 |  0 |   0 |  40 | 3.200000e+01 | 6.210000e+01 |  94.06%|   0.31%
 55.0s|163500 | 38687 |436173 |   2.7 |    46M | 129 | 451 | 540 | 540 |   0 |  0 |   0 |  40 | 3.200000e+01 | 6.210000e+01 |  94.06%|   0.31%
 55.1s|163600 | 38705 |436427 |   2.7 |    46M | 129 | 451 | 540 | 540 |   0 |  0 |   0 |  40 | 3.200000e+01 | 6.210000e+01 |  94.06%|   0.31%
 55.1s|163700 | 38725 |436657 |   2.7 |    46M | 129 | 451 | 540 | 540 |   0 |  0 |   0 |  40 | 3.200000e+01 | 6.210000e+01 |  94.06%|   0.31%
 55.1s|163800 | 38747 |436913 |   2.7 |    46M | 129 | 451 | 540 | 540 |   0 |  0 |   0 |  40 | 3.200000e+01 | 6.210000e+01 |  94.06%|   0.31%
 55.2s|163900 | 38775 |437164 |   2.7 |    46M | 129 | 451 | 540 | 540 |   0 |  0 |   0 |  40 | 3.200000e+01 | 6.210000e+01 |  94.06%|   0.31%
 55.2s|164000 | 38797 |437436 |   2.7 |    46M | 129 | 451 | 540 | 540 |   0 |  0 |   0 |  40 | 3.200000e+01 | 6.210000e+01 |  94.06%|   0.31%
 55.2s|164100 | 38825 |437695 |   2.7 |    46M | 129 | 451 | 540 | 540 |   0 |  0 |   0 |  40 | 3.200000e+01 | 6.210000e+01 |  94.06%|   0.31%
 55.3s|164200 | 38849 |437947 |   2.7 |    46M | 129 | 451 | 540 | 540 |   0 |  0 |   0 |  40 | 3.200000e+01 | 6.210000e+01 |  94.06%|   0.31%
 55.3s|164300 | 38873 |438213 |   2.7 |    46M | 129 | 451 | 540 | 540 |   0 |  0 |   0 |  40 | 3.200000e+01 | 6.210000e+01 |  94.06%|   0.31%
 55.3s|164400 | 38893 |438464 |   2.7 |    46M | 129 | 451 | 540 | 540 |   0 |  0 |   0 |  40 | 3.200000e+01 | 6.210000e+01 |  94.06%|   0.31%
 55.4s|164500 | 38917 |438728 |   2.7 |    46M | 129 | 451 | 540 | 540 |   0 |  0 |   0 |  40 | 3.200000e+01 | 6.210000e+01 |  94.06%|   0.31%
 55.4s|164600 | 38937 |439009 |   2.7 |    46M | 129 | 451 | 540 | 540 |   0 |  0 |   0 |  40 | 3.200000e+01 | 6.210000e+01 |  94.06%|   0.31%
 55.4s|164700 | 38963 |439219 |   2.7 |    46M | 129 | 451 | 540 | 540 |   0 |  0 |   0 |  40 | 3.200000e+01 | 6.210000e+01 |  94.06%|   0.31%
 55.5s|164800 | 38983 |439457 |   2.7 |    46M | 129 | 451 | 540 | 540 |   0 |  0 |   0 |  40 | 3.200000e+01 | 6.210000e+01 |  94.06%|   0.31%
 time | node  | left  |LP iter|LP it/n|mem/heur|mdpt |vars |cons |rows |cuts |sepa|confs|strbr|  dualbound   | primalbound  |  gap   | compl. 
 55.5s|164900 | 39011 |439730 |   2.7 |    46M | 129 | 451 | 540 | 540 |   0 |  0 |   0 |  40 | 3.200000e+01 | 6.210000e+01 |  94.06%|   0.31%
 55.5s|165000 | 39039 |439992 |   2.7 |    46M | 129 | 451 | 540 | 540 |   0 |  0 |   0 |  40 | 3.200000e+01 | 6.210000e+01 |  94.06%|   0.31%
 55.6s|165100 | 39061 |440197 |   2.7 |    46M | 129 | 451 | 540 | 540 |   0 |  0 |   0 |  40 | 3.200000e+01 | 6.210000e+01 |  94.06%|   0.31%
 55.6s|165200 | 39087 |440479 |   2.7 |    46M | 129 | 451 | 540 | 540 |   0 |  0 |   0 |  40 | 3.200000e+01 | 6.210000e+01 |  94.06%|   0.31%
 55.6s|165300 | 39115 |440774 |   2.7 |    46M | 129 | 451 | 540 | 540 |   0 |  0 |   0 |  40 | 3.200000e+01 | 6.210000e+01 |  94.06%|   0.31%
 55.7s|165400 | 39145 |441050 |   2.7 |    46M | 129 | 451 | 540 | 540 |   0 |  0 |   0 |  40 | 3.200000e+01 | 6.210000e+01 |  94.06%|   0.31%
 55.7s|165500 | 39169 |441326 |   2.7 |    46M | 129 | 451 | 540 | 540 |   0 |  0 |   0 |  40 | 3.200000e+01 | 6.210000e+01 |  94.06%|   0.31%
 55.7s|165600 | 39189 |441552 |   2.7 |    46M | 129 | 451 | 540 | 540 |   0 |  0 |   0 |  40 | 3.200000e+01 | 6.210000e+01 |  94.06%|   0.31%
 55.8s|165700 | 39209 |441847 |   2.7 |    46M | 129 | 451 | 540 | 540 |   0 |  0 |   0 |  40 | 3.200000e+01 | 6.210000e+01 |  94.06%|   0.31%
 55.8s|165800 | 39235 |442056 |   2.7 |    46M | 129 | 451 | 540 | 540 |   0 |  0 |   0 |  40 | 3.200000e+01 | 6.210000e+01 |  94.06%|   0.31%
 55.9s|165900 | 39263 |442284 |   2.7 |    46M | 129 | 451 | 540 | 540 |   0 |  0 |   0 |  40 | 3.200000e+01 | 6.210000e+01 |  94.06%|   0.31%
 55.9s|166000 | 39283 |442537 |   2.7 |    46M | 129 | 451 | 540 | 540 |   0 |  0 |   0 |  40 | 3.200000e+01 | 6.210000e+01 |  94.06%|   0.31%
 55.9s|166100 | 39311 |442805 |   2.7 |    46M | 129 | 451 | 540 | 540 |   0 |  0 |   0 |  40 | 3.200000e+01 | 6.210000e+01 |  94.06%|   0.31%
 56.0s|166200 | 39327 |443046 |   2.7 |    46M | 129 | 451 | 540 | 540 |   0 |  0 |   0 |  40 | 3.200000e+01 | 6.210000e+01 |  94.06%|   0.31%
 56.0s|166300 | 39341 |443334 |   2.7 |    46M | 129 | 451 | 540 | 540 |   0 |  0 |   0 |  40 | 3.200000e+01 | 6.210000e+01 |  94.06%|   0.31%
 time | node  | left  |LP iter|LP it/n|mem/heur|mdpt |vars |cons |rows |cuts |sepa|confs|strbr|  dualbound   | primalbound  |  gap   | compl. 
 56.0s|166400 | 39361 |443553 |   2.7 |    46M | 129 | 451 | 540 | 540 |   0 |  0 |   0 |  40 | 3.200000e+01 | 6.210000e+01 |  94.06%|   0.31%
 56.1s|166500 | 39385 |443824 |   2.7 |    46M | 129 | 451 | 540 | 540 |   0 |  0 |   0 |  40 | 3.200000e+01 | 6.210000e+01 |  94.06%|   0.31%
 56.1s|166600 | 39407 |444074 |   2.7 |    46M | 129 | 451 | 540 | 540 |   0 |  0 |   0 |  40 | 3.200000e+01 | 6.210000e+01 |  94.06%|   0.31%
 56.1s|166700 | 39443 |444362 |   2.7 |    46M | 129 | 451 | 540 | 540 |   0 |  0 |   0 |  40 | 3.200000e+01 | 6.210000e+01 |  94.06%|   0.31%
 56.2s|166800 | 39463 |444622 |   2.7 |    46M | 129 | 451 | 540 | 540 |   0 |  0 |   0 |  40 | 3.200000e+01 | 6.210000e+01 |  94.06%|   0.31%
 56.2s|166900 | 39501 |444881 |   2.7 |    46M | 129 | 451 | 540 | 540 |   0 |  0 |   0 |  40 | 3.200000e+01 | 6.210000e+01 |  94.06%|   0.31%
 56.2s|167000 | 39527 |445134 |   2.7 |    46M | 129 | 451 | 540 | 540 |   0 |  0 |   0 |  40 | 3.200000e+01 | 6.210000e+01 |  94.06%|   0.31%
 56.3s|167100 | 39551 |445364 |   2.7 |    46M | 129 | 451 | 540 | 540 |   0 |  0 |   0 |  40 | 3.200000e+01 | 6.210000e+01 |  94.06%|   0.31%
 56.3s|167200 | 39575 |445638 |   2.7 |    46M | 129 | 451 | 540 | 540 |   0 |  0 |   0 |  40 | 3.200000e+01 | 6.210000e+01 |  94.06%|   0.31%
 56.3s|167300 | 39593 |445897 |   2.7 |    46M | 129 | 451 | 540 | 540 |   0 |  0 |   0 |  40 | 3.200000e+01 | 6.210000e+01 |  94.06%|   0.31%
 56.4s|167400 | 39615 |446136 |   2.7 |    46M | 129 | 451 | 540 | 540 |   0 |  0 |   0 |  40 | 3.200000e+01 | 6.210000e+01 |  94.06%|   0.31%
 56.4s|167500 | 39635 |446339 |   2.7 |    46M | 129 | 451 | 540 | 540 |   0 |  0 |   0 |  40 | 3.200000e+01 | 6.210000e+01 |  94.06%|   0.31%
 56.4s|167600 | 39661 |446590 |   2.7 |    46M | 129 | 451 | 540 | 540 |   0 |  0 |   0 |  40 | 3.200000e+01 | 6.210000e+01 |  94.06%|   0.31%
 56.5s|167700 | 39689 |446826 |   2.7 |    47M | 129 | 451 | 540 | 540 |   0 |  0 |   0 |  40 | 3.200000e+01 | 6.210000e+01 |  94.06%|   0.31%
 56.5s|167800 | 39715 |447083 |   2.7 |    47M | 129 | 451 | 540 | 540 |   0 |  0 |   0 |  40 | 3.200000e+01 | 6.210000e+01 |  94.06%|   0.31%
 time | node  | left  |LP iter|LP it/n|mem/heur|mdpt |vars |cons |rows |cuts |sepa|confs|strbr|  dualbound   | primalbound  |  gap   | compl. 
 56.5s|167900 | 39731 |447407 |   2.7 |    47M | 129 | 451 | 540 | 540 |   0 |  0 |   0 |  40 | 3.200000e+01 | 6.210000e+01 |  94.06%|   0.31%
 56.6s|168000 | 39761 |447663 |   2.7 |    47M | 129 | 451 | 540 | 540 |   0 |  0 |   0 |  40 | 3.200000e+01 | 6.210000e+01 |  94.06%|   0.31%
 56.6s|168100 | 39783 |447875 |   2.7 |    47M | 129 | 451 | 540 | 540 |   0 |  0 |   0 |  40 | 3.200000e+01 | 6.210000e+01 |  94.06%|   0.31%
 56.6s|168200 | 39817 |448159 |   2.7 |    47M | 129 | 451 | 540 | 540 |   0 |  0 |   0 |  40 | 3.200000e+01 | 6.210000e+01 |  94.06%|   0.31%
 56.7s|168300 | 39841 |448422 |   2.7 |    47M | 129 | 451 | 540 | 540 |   0 |  0 |   0 |  40 | 3.200000e+01 | 6.210000e+01 |  94.06%|   0.31%
 56.7s|168400 | 39859 |448656 |   2.7 |    47M | 129 | 451 | 540 | 540 |   0 |  0 |   0 |  40 | 3.200000e+01 | 6.210000e+01 |  94.06%|   0.31%
 56.7s|168500 | 39883 |448898 |   2.7 |    47M | 129 | 451 | 540 | 540 |   0 |  0 |   0 |  40 | 3.200000e+01 | 6.210000e+01 |  94.06%|   0.31%
 56.8s|168600 | 39911 |449124 |   2.7 |    47M | 129 | 451 | 540 | 540 |   0 |  0 |   0 |  40 | 3.200000e+01 | 6.210000e+01 |  94.06%|   0.31%
 56.8s|168700 | 39939 |449333 |   2.7 |    47M | 129 | 451 | 540 | 540 |   0 |  0 |   0 |  40 | 3.200000e+01 | 6.210000e+01 |  94.06%|   0.31%
 56.8s|168800 | 39971 |449603 |   2.7 |    47M | 129 | 451 | 540 | 540 |   0 |  0 |   0 |  40 | 3.200000e+01 | 6.210000e+01 |  94.06%|   0.31%
 56.9s|168900 | 40001 |449850 |   2.7 |    48M | 129 | 451 | 540 | 540 |   0 |  0 |   0 |  40 | 3.200000e+01 | 6.210000e+01 |  94.06%|   0.31%
 56.9s|169000 | 40027 |450096 |   2.7 |    48M | 129 | 451 | 540 | 540 |   0 |  0 |   0 |  40 | 3.200000e+01 | 6.210000e+01 |  94.06%|   0.31%
 56.9s|169100 | 40055 |450354 |   2.7 |    48M | 129 | 451 | 540 | 540 |   0 |  0 |   0 |  40 | 3.200000e+01 | 6.210000e+01 |  94.06%|   0.31%
 57.0s|169200 | 40075 |450618 |   2.7 |    48M | 129 | 451 | 540 | 540 |   0 |  0 |   0 |  40 | 3.200000e+01 | 6.210000e+01 |  94.06%|   0.31%
 57.0s|169300 | 40097 |450869 |   2.7 |    48M | 129 | 451 | 540 | 540 |   0 |  0 |   0 |  40 | 3.200000e+01 | 6.210000e+01 |  94.06%|   0.31%
 time | node  | left  |LP iter|LP it/n|mem/heur|mdpt |vars |cons |rows |cuts |sepa|confs|strbr|  dualbound   | primalbound  |  gap   | compl. 
 57.0s|169400 | 40117 |451106 |   2.7 |    48M | 129 | 451 | 540 | 540 |   0 |  0 |   0 |  40 | 3.200000e+01 | 6.210000e+01 |  94.06%|   0.31%
 57.1s|169500 | 40151 |451337 |   2.7 |    48M | 129 | 451 | 540 | 540 |   0 |  0 |   0 |  40 | 3.200000e+01 | 6.210000e+01 |  94.06%|   0.31%
 57.1s|169600 | 40183 |451551 |   2.7 |    48M | 129 | 451 | 540 | 540 |   0 |  0 |   0 |  40 | 3.200000e+01 | 6.210000e+01 |  94.06%|   0.31%
 57.1s|169700 | 40213 |451790 |   2.7 |    48M | 129 | 451 | 540 | 540 |   0 |  0 |   0 |  40 | 3.200000e+01 | 6.210000e+01 |  94.06%|   0.31%
 57.2s|169800 | 40239 |452030 |   2.7 |    48M | 129 | 451 | 540 | 540 |   0 |  0 |   0 |  40 | 3.200000e+01 | 6.210000e+01 |  94.06%|   0.31%
 57.2s|169900 | 40263 |452295 |   2.7 |    48M | 129 | 451 | 540 | 540 |   0 |  0 |   0 |  40 | 3.200000e+01 | 6.210000e+01 |  94.06%|   0.31%
 57.2s|170000 | 40287 |452509 |   2.7 |    48M | 129 | 451 | 540 | 540 |   0 |  0 |   0 |  40 | 3.200000e+01 | 6.210000e+01 |  94.06%|   0.31%
 57.3s|170100 | 40309 |452745 |   2.7 |    48M | 129 | 451 | 540 | 540 |   0 |  0 |   0 |  40 | 3.200000e+01 | 6.210000e+01 |  94.06%|   0.31%
 57.3s|170200 | 40329 |452951 |   2.7 |    48M | 129 | 451 | 540 | 540 |   0 |  0 |   0 |  40 | 3.200000e+01 | 6.210000e+01 |  94.06%|   0.31%
 57.3s|170300 | 40351 |453219 |   2.7 |    48M | 129 | 451 | 540 | 540 |   0 |  0 |   0 |  40 | 3.200000e+01 | 6.210000e+01 |  94.06%|   0.31%
 57.4s|170400 | 40379 |453471 |   2.7 |    48M | 129 | 451 | 540 | 540 |   0 |  0 |   0 |  40 | 3.200000e+01 | 6.210000e+01 |  94.06%|   0.31%
 57.4s|170500 | 40407 |453696 |   2.7 |    48M | 129 | 451 | 540 | 540 |   0 |  0 |   0 |  40 | 3.200000e+01 | 6.210000e+01 |  94.06%|   0.31%
 57.4s|170600 | 40431 |453895 |   2.7 |    48M | 129 | 451 | 540 | 540 |   0 |  0 |   0 |  40 | 3.200000e+01 | 6.210000e+01 |  94.06%|   0.31%
 57.5s|170700 | 40455 |454152 |   2.7 |    48M | 129 | 451 | 540 | 540 |   0 |  0 |   0 |  40 | 3.200000e+01 | 6.210000e+01 |  94.06%|   0.31%
 57.5s|170800 | 40489 |454495 |   2.7 |    48M | 129 | 451 | 540 | 540 |   0 |  0 |   0 |  40 | 3.200000e+01 | 6.210000e+01 |  94.06%|   0.31%
 time | node  | left  |LP iter|LP it/n|mem/heur|mdpt |vars |cons |rows |cuts |sepa|confs|strbr|  dualbound   | primalbound  |  gap   | compl. 
 57.5s|170900 | 40505 |454701 |   2.7 |    48M | 129 | 451 | 540 | 540 |   0 |  0 |   0 |  40 | 3.200000e+01 | 6.210000e+01 |  94.06%|   0.31%
 57.6s|171000 | 40531 |454977 |   2.7 |    48M | 129 | 451 | 540 | 540 |   0 |  0 |   0 |  40 | 3.200000e+01 | 6.210000e+01 |  94.06%|   0.31%
 57.6s|171100 | 40565 |455207 |   2.7 |    48M | 129 | 451 | 540 | 540 |   0 |  0 |   0 |  40 | 3.200000e+01 | 6.210000e+01 |  94.06%|   0.31%
 57.6s|171200 | 40589 |455435 |   2.7 |    48M | 129 | 451 | 540 | 540 |   0 |  0 |   0 |  40 | 3.200000e+01 | 6.210000e+01 |  94.06%|   0.31%
 57.7s|171300 | 40627 |455667 |   2.7 |    48M | 129 | 451 | 540 | 540 |   0 |  0 |   0 |  40 | 3.200000e+01 | 6.210000e+01 |  94.06%|   0.31%
 57.7s|171400 | 40651 |455888 |   2.7 |    48M | 129 | 451 | 540 | 540 |   0 |  0 |   0 |  40 | 3.200000e+01 | 6.210000e+01 |  94.06%|   0.31%
 57.7s|171500 | 40673 |456103 |   2.7 |    48M | 129 | 451 | 540 | 540 |   0 |  0 |   0 |  40 | 3.200000e+01 | 6.210000e+01 |  94.06%|   0.31%
 57.8s|171600 | 40703 |456312 |   2.7 |    48M | 129 | 451 | 540 | 540 |   0 |  0 |   0 |  40 | 3.200000e+01 | 6.210000e+01 |  94.06%|   0.31%
 57.8s|171700 | 40725 |456576 |   2.7 |    48M | 129 | 451 | 540 | 540 |   0 |  0 |   0 |  40 | 3.200000e+01 | 6.210000e+01 |  94.06%|   0.31%
 57.8s|171800 | 40745 |456807 |   2.7 |    48M | 129 | 451 | 540 | 540 |   0 |  0 |   0 |  40 | 3.200000e+01 | 6.210000e+01 |  94.06%|   0.31%
 57.9s|171900 | 40771 |457040 |   2.7 |    48M | 129 | 451 | 540 | 540 |   0 |  0 |   0 |  40 | 3.200000e+01 | 6.210000e+01 |  94.06%|   0.31%
 57.9s|172000 | 40795 |457259 |   2.7 |    48M | 129 | 451 | 540 | 540 |   0 |  0 |   0 |  40 | 3.200000e+01 | 6.210000e+01 |  94.06%|   0.31%
 57.9s|172100 | 40823 |457499 |   2.7 |    48M | 129 | 451 | 540 | 540 |   0 |  0 |   0 |  40 | 3.200000e+01 | 6.210000e+01 |  94.06%|   0.31%
 58.0s|172200 | 40851 |457770 |   2.7 |    48M | 129 | 451 | 540 | 540 |   0 |  0 |   0 |  40 | 3.200000e+01 | 6.210000e+01 |  94.06%|   0.31%
 58.0s|172300 | 40873 |458016 |   2.7 |    48M | 129 | 451 | 540 | 540 |   0 |  0 |   0 |  40 | 3.200000e+01 | 6.210000e+01 |  94.06%|   0.31%
 time | node  | left  |LP iter|LP it/n|mem/heur|mdpt |vars |cons |rows |cuts |sepa|confs|strbr|  dualbound   | primalbound  |  gap   | compl. 
 58.0s|172400 | 40895 |458288 |   2.7 |    48M | 129 | 451 | 540 | 540 |   0 |  0 |   0 |  40 | 3.200000e+01 | 6.210000e+01 |  94.06%|   0.31%
 58.1s|172500 | 40921 |458542 |   2.7 |    48M | 129 | 451 | 540 | 540 |   0 |  0 |   0 |  40 | 3.200000e+01 | 6.210000e+01 |  94.06%|   0.31%
 58.1s|172600 | 40937 |458778 |   2.7 |    48M | 129 | 451 | 540 | 540 |   0 |  0 |   0 |  40 | 3.200000e+01 | 6.210000e+01 |  94.06%|   0.31%
 58.1s|172700 | 40957 |459014 |   2.7 |    48M | 129 | 451 | 540 | 540 |   0 |  0 |   0 |  40 | 3.200000e+01 | 6.210000e+01 |  94.06%|   0.31%
 58.2s|172800 | 40975 |459263 |   2.7 |    48M | 129 | 451 | 540 | 540 |   0 |  0 |   0 |  40 | 3.200000e+01 | 6.210000e+01 |  94.06%|   0.31%
 58.2s|172900 | 41001 |459530 |   2.7 |    48M | 129 | 451 | 540 | 540 |   0 |  0 |   0 |  40 | 3.200000e+01 | 6.210000e+01 |  94.06%|   0.31%
 58.2s|173000 | 41015 |459788 |   2.7 |    48M | 129 | 451 | 540 | 540 |   0 |  0 |   0 |  40 | 3.200000e+01 | 6.210000e+01 |  94.06%|   0.31%
 58.3s|173100 | 41041 |460070 |   2.7 |    48M | 129 | 451 | 540 | 540 |   0 |  0 |   0 |  40 | 3.200000e+01 | 6.210000e+01 |  94.06%|   0.31%
 58.3s|173200 | 41061 |460319 |   2.7 |    48M | 129 | 451 | 540 | 540 |   0 |  0 |   0 |  40 | 3.200000e+01 | 6.210000e+01 |  94.06%|   0.31%
 58.3s|173300 | 41087 |460597 |   2.7 |    48M | 129 | 451 | 540 | 540 |   0 |  0 |   0 |  40 | 3.200000e+01 | 6.210000e+01 |  94.06%|   0.31%
 58.4s|173400 | 41111 |460869 |   2.7 |    48M | 129 | 451 | 540 | 540 |   0 |  0 |   0 |  40 | 3.200000e+01 | 6.210000e+01 |  94.06%|   0.31%
 58.4s|173500 | 41141 |461169 |   2.7 |    48M | 129 | 451 | 540 | 540 |   0 |  0 |   0 |  40 | 3.200000e+01 | 6.210000e+01 |  94.06%|   0.31%
 58.4s|173600 | 41165 |461475 |   2.7 |    48M | 129 | 451 | 540 | 540 |   0 |  0 |   0 |  40 | 3.200000e+01 | 6.210000e+01 |  94.06%|   0.31%
 58.5s|173700 | 41185 |461749 |   2.7 |    48M | 129 | 451 | 540 | 540 |   0 |  0 |   0 |  40 | 3.200000e+01 | 6.210000e+01 |  94.06%|   0.31%
 58.5s|173800 | 41203 |461915 |   2.7 |    48M | 129 | 451 | 540 | 540 |   0 |  0 |   0 |  40 | 3.200000e+01 | 6.210000e+01 |  94.06%|   0.31%
 time | node  | left  |LP iter|LP it/n|mem/heur|mdpt |vars |cons |rows |cuts |sepa|confs|strbr|  dualbound   | primalbound  |  gap   | compl. 
 58.5s|173900 | 41223 |462135 |   2.7 |    48M | 129 | 451 | 540 | 540 |   0 |  0 |   0 |  40 | 3.200000e+01 | 6.210000e+01 |  94.06%|   0.31%
 58.6s|174000 | 41243 |462346 |   2.7 |    48M | 129 | 451 | 540 | 540 |   0 |  0 |   0 |  40 | 3.200000e+01 | 6.210000e+01 |  94.06%|   0.31%
 58.6s|174100 | 41255 |462557 |   2.7 |    48M | 129 | 451 | 540 | 540 |   0 |  0 |   0 |  40 | 3.200000e+01 | 6.210000e+01 |  94.06%|   0.31%
 58.6s|174200 | 41279 |462790 |   2.7 |    48M | 129 | 451 | 540 | 540 |   0 |  0 |   0 |  40 | 3.200000e+01 | 6.210000e+01 |  94.06%|   0.31%
 58.7s|174300 | 41297 |463052 |   2.7 |    48M | 129 | 451 | 540 | 540 |   0 |  0 |   0 |  40 | 3.200000e+01 | 6.210000e+01 |  94.06%|   0.31%
 58.7s|174400 | 41313 |463299 |   2.7 |    48M | 129 | 451 | 540 | 540 |   0 |  0 |   0 |  40 | 3.200000e+01 | 6.210000e+01 |  94.06%|   0.31%
 58.7s|174500 | 41327 |463510 |   2.7 |    48M | 129 | 451 | 540 | 540 |   0 |  0 |   0 |  40 | 3.200000e+01 | 6.210000e+01 |  94.06%|   0.31%
 58.8s|174600 | 41349 |463749 |   2.7 |    48M | 129 | 451 | 540 | 540 |   0 |  0 |   0 |  40 | 3.200000e+01 | 6.210000e+01 |  94.06%|   0.31%
 58.8s|174700 | 41369 |463993 |   2.7 |    48M | 129 | 451 | 540 | 540 |   0 |  0 |   0 |  40 | 3.200000e+01 | 6.210000e+01 |  94.06%|   0.31%
 58.8s|174800 | 41387 |464299 |   2.7 |    48M | 129 | 451 | 540 | 540 |   0 |  0 |   0 |  40 | 3.200000e+01 | 6.210000e+01 |  94.06%|   0.31%
 58.9s|174900 | 41411 |464634 |   2.7 |    48M | 129 | 451 | 540 | 540 |   0 |  0 |   0 |  40 | 3.200000e+01 | 6.210000e+01 |  94.06%|   0.31%
 58.9s|175000 | 41431 |464885 |   2.7 |    48M | 129 | 451 | 540 | 540 |   0 |  0 |   0 |  40 | 3.200000e+01 | 6.210000e+01 |  94.06%|   0.31%
 58.9s|175100 | 41453 |465149 |   2.7 |    48M | 129 | 451 | 540 | 540 |   0 |  0 |   0 |  40 | 3.200000e+01 | 6.210000e+01 |  94.06%|   0.31%
 59.0s|175200 | 41475 |465443 |   2.7 |    49M | 129 | 451 | 540 | 540 |   0 |  0 |   0 |  40 | 3.200000e+01 | 6.210000e+01 |  94.06%|   0.31%
 59.0s|175300 | 41491 |465742 |   2.7 |    49M | 129 | 451 | 540 | 540 |   0 |  0 |   0 |  40 | 3.200000e+01 | 6.210000e+01 |  94.06%|   0.31%
 time | node  | left  |LP iter|LP it/n|mem/heur|mdpt |vars |cons |rows |cuts |sepa|confs|strbr|  dualbound   | primalbound  |  gap   | compl. 
 59.0s|175400 | 41515 |466074 |   2.7 |    49M | 129 | 451 | 540 | 540 |   0 |  0 |   0 |  40 | 3.200000e+01 | 6.210000e+01 |  94.06%|   0.31%
 59.1s|175500 | 41533 |466329 |   2.7 |    49M | 129 | 451 | 540 | 540 |   0 |  0 |   0 |  40 | 3.200000e+01 | 6.210000e+01 |  94.06%|   0.31%
 59.1s|175600 | 41551 |466576 |   2.7 |    49M | 129 | 451 | 540 | 540 |   0 |  0 |   0 |  40 | 3.200000e+01 | 6.210000e+01 |  94.06%|   0.31%
 59.1s|175700 | 41571 |466866 |   2.7 |    49M | 129 | 451 | 540 | 540 |   0 |  0 |   0 |  40 | 3.200000e+01 | 6.210000e+01 |  94.06%|   0.31%
 59.2s|175800 | 41587 |467151 |   2.7 |    49M | 129 | 451 | 540 | 540 |   0 |  0 |   0 |  40 | 3.200000e+01 | 6.210000e+01 |  94.06%|   0.31%
 59.2s|175900 | 41607 |467459 |   2.7 |    49M | 129 | 451 | 540 | 540 |   0 |  0 |   0 |  40 | 3.200000e+01 | 6.210000e+01 |  94.06%|   0.31%
 59.2s|176000 | 41625 |467727 |   2.7 |    49M | 129 | 451 | 540 | 540 |   0 |  0 |   0 |  40 | 3.200000e+01 | 6.210000e+01 |  94.06%|   0.31%
 59.3s|176100 | 41647 |467961 |   2.7 |    49M | 129 | 451 | 540 | 540 |   0 |  0 |   0 |  40 | 3.200000e+01 | 6.210000e+01 |  94.06%|   0.31%
 59.3s|176200 | 41673 |468224 |   2.7 |    49M | 129 | 451 | 540 | 540 |   0 |  0 |   0 |  40 | 3.200000e+01 | 6.210000e+01 |  94.06%|   0.31%
 59.3s|176300 | 41691 |468455 |   2.7 |    49M | 129 | 451 | 540 | 540 |   0 |  0 |   0 |  40 | 3.200000e+01 | 6.210000e+01 |  94.06%|   0.31%
 59.4s|176400 | 41717 |468704 |   2.7 |    49M | 129 | 451 | 540 | 540 |   0 |  0 |   0 |  40 | 3.200000e+01 | 6.210000e+01 |  94.06%|   0.31%
 59.4s|176500 | 41733 |468959 |   2.7 |    49M | 129 | 451 | 540 | 540 |   0 |  0 |   0 |  40 | 3.200000e+01 | 6.210000e+01 |  94.06%|   0.31%
 59.4s|176600 | 41767 |469235 |   2.7 |    49M | 129 | 451 | 540 | 540 |   0 |  0 |   0 |  40 | 3.200000e+01 | 6.210000e+01 |  94.06%|   0.31%
 59.5s|176700 | 41797 |469500 |   2.7 |    49M | 129 | 451 | 540 | 540 |   0 |  0 |   0 |  40 | 3.200000e+01 | 6.210000e+01 |  94.06%|   0.31%
 59.5s|176800 | 41813 |469769 |   2.7 |    49M | 129 | 451 | 540 | 540 |   0 |  0 |   0 |  40 | 3.200000e+01 | 6.210000e+01 |  94.06%|   0.31%
 time | node  | left  |LP iter|LP it/n|mem/heur|mdpt |vars |cons |rows |cuts |sepa|confs|strbr|  dualbound   | primalbound  |  gap   | compl. 
 59.5s|176900 | 41843 |470022 |   2.7 |    49M | 129 | 451 | 540 | 540 |   0 |  0 |   0 |  40 | 3.200000e+01 | 6.210000e+01 |  94.06%|   0.31%
 59.6s|177000 | 41873 |470299 |   2.7 |    49M | 129 | 451 | 540 | 540 |   0 |  0 |   0 |  40 | 3.200000e+01 | 6.210000e+01 |  94.06%|   0.31%
 59.6s|177100 | 41901 |470588 |   2.7 |    49M | 129 | 451 | 540 | 540 |   0 |  0 |   0 |  40 | 3.200000e+01 | 6.210000e+01 |  94.06%|   0.31%
 59.6s|177200 | 41943 |470854 |   2.7 |    49M | 129 | 451 | 540 | 540 |   0 |  0 |   0 |  40 | 3.200000e+01 | 6.210000e+01 |  94.06%|   0.31%
 59.7s|177300 | 41983 |471124 |   2.7 |    50M | 129 | 451 | 540 | 540 |   0 |  0 |   0 |  40 | 3.200000e+01 | 6.210000e+01 |  94.06%|   0.31%
 59.7s|177400 | 42013 |471439 |   2.7 |    50M | 129 | 451 | 540 | 540 |   0 |  0 |   0 |  40 | 3.200000e+01 | 6.210000e+01 |  94.06%|   0.31%
 59.7s|177500 | 42055 |471769 |   2.7 |    50M | 129 | 451 | 540 | 540 |   0 |  0 |   0 |  40 | 3.200000e+01 | 6.210000e+01 |  94.06%|   0.31%
 59.8s|177600 | 42075 |472006 |   2.7 |    50M | 129 | 451 | 540 | 540 |   0 |  0 |   0 |  40 | 3.200000e+01 | 6.210000e+01 |  94.06%|   0.31%
 59.8s|177700 | 42107 |472221 |   2.7 |    50M | 129 | 451 | 540 | 540 |   0 |  0 |   0 |  40 | 3.200000e+01 | 6.210000e+01 |  94.06%|   0.31%
 59.8s|177800 | 42139 |472495 |   2.7 |    50M | 129 | 451 | 540 | 540 |   0 |  0 |   0 |  40 | 3.200000e+01 | 6.210000e+01 |  94.06%|   0.31%
 59.9s|177900 | 42169 |472728 |   2.7 |    50M | 129 | 451 | 540 | 540 |   0 |  0 |   0 |  40 | 3.200000e+01 | 6.210000e+01 |  94.06%|   0.31%
 59.9s|178000 | 42203 |473035 |   2.7 |    50M | 129 | 451 | 540 | 540 |   0 |  0 |   0 |  40 | 3.200000e+01 | 6.210000e+01 |  94.06%|   0.31%
 59.9s|178100 | 42231 |473321 |   2.7 |    50M | 129 | 451 | 540 | 540 |   0 |  0 |   0 |  40 | 3.200000e+01 | 6.210000e+01 |  94.06%|   0.31%
 60.0s|178200 | 42265 |473567 |   2.7 |    50M | 129 | 451 | 540 | 540 |   0 |  0 |   0 |  40 | 3.200000e+01 | 6.210000e+01 |  94.06%|   0.31%
 60.0s|178300 | 42289 |473809 |   2.7 |    50M | 129 | 451 | 540 | 540 |   0 |  0 |   0 |  40 | 3.200000e+01 | 6.210000e+01 |  94.06%|   0.31%
 time | node  | left  |LP iter|LP it/n|mem/heur|mdpt |vars |cons |rows |cuts |sepa|confs|strbr|  dualbound   | primalbound  |  gap   | compl. 
 60.0s|178400 | 42321 |474109 |   2.7 |    50M | 129 | 451 | 540 | 540 |   0 |  0 |   0 |  40 | 3.200000e+01 | 6.210000e+01 |  94.06%|   0.31%
 60.1s|178500 | 42347 |474341 |   2.7 |    50M | 129 | 451 | 540 | 540 |   0 |  0 |   0 |  40 | 3.200000e+01 | 6.210000e+01 |  94.06%|   0.31%
 60.1s|178600 | 42375 |474550 |   2.7 |    50M | 129 | 451 | 540 | 540 |   0 |  0 |   0 |  40 | 3.200000e+01 | 6.210000e+01 |  94.06%|   0.31%
 60.2s|178700 | 42401 |474873 |   2.7 |    50M | 129 | 451 | 540 | 540 |   0 |  0 |   0 |  40 | 3.200000e+01 | 6.210000e+01 |  94.06%|   0.31%
 60.2s|178800 | 42431 |475094 |   2.7 |    50M | 129 | 451 | 540 | 540 |   0 |  0 |   0 |  40 | 3.200000e+01 | 6.210000e+01 |  94.06%|   0.31%
 60.2s|178900 | 42455 |475333 |   2.7 |    50M | 129 | 451 | 540 | 540 |   0 |  0 |   0 |  40 | 3.200000e+01 | 6.210000e+01 |  94.06%|   0.31%
 60.3s|179000 | 42487 |475575 |   2.7 |    50M | 129 | 451 | 540 | 540 |   0 |  0 |   0 |  40 | 3.200000e+01 | 6.210000e+01 |  94.06%|   0.31%
 60.3s|179100 | 42515 |475826 |   2.7 |    50M | 129 | 451 | 540 | 540 |   0 |  0 |   0 |  40 | 3.200000e+01 | 6.210000e+01 |  94.06%|   0.31%
 60.3s|179200 | 42539 |476125 |   2.7 |    51M | 129 | 451 | 540 | 540 |   0 |  0 |   0 |  40 | 3.200000e+01 | 6.210000e+01 |  94.06%|   0.31%
 60.4s|179300 | 42565 |476351 |   2.7 |    51M | 129 | 451 | 540 | 540 |   0 |  0 |   0 |  40 | 3.200000e+01 | 6.210000e+01 |  94.06%|   0.31%
 60.4s|179400 | 42595 |476584 |   2.7 |    51M | 129 | 451 | 540 | 540 |   0 |  0 |   0 |  40 | 3.200000e+01 | 6.210000e+01 |  94.06%|   0.31%
 60.4s|179500 | 42629 |476833 |   2.7 |    51M | 129 | 451 | 540 | 540 |   0 |  0 |   0 |  40 | 3.200000e+01 | 6.210000e+01 |  94.06%|   0.31%
 60.5s|179600 | 42663 |477093 |   2.7 |    51M | 129 | 451 | 540 | 540 |   0 |  0 |   0 |  40 | 3.200000e+01 | 6.210000e+01 |  94.06%|   0.31%
 60.5s|179700 | 42681 |477349 |   2.7 |    51M | 129 | 451 | 540 | 540 |   0 |  0 |   0 |  40 | 3.200000e+01 | 6.210000e+01 |  94.06%|   0.31%
 60.5s|179800 | 42713 |477600 |   2.7 |    51M | 129 | 451 | 540 | 540 |   0 |  0 |   0 |  40 | 3.200000e+01 | 6.210000e+01 |  94.06%|   0.31%
 time | node  | left  |LP iter|LP it/n|mem/heur|mdpt |vars |cons |rows |cuts |sepa|confs|strbr|  dualbound   | primalbound  |  gap   | compl. 
 60.6s|179900 | 42751 |477880 |   2.7 |    51M | 129 | 451 | 540 | 540 |   0 |  0 |   0 |  40 | 3.200000e+01 | 6.210000e+01 |  94.06%|   0.31%
 60.6s|180000 | 42771 |478170 |   2.7 |    51M | 129 | 451 | 540 | 540 |   0 |  0 |   0 |  40 | 3.200000e+01 | 6.210000e+01 |  94.06%|   0.31%
 60.6s|180100 | 42791 |478422 |   2.7 |    51M | 129 | 451 | 540 | 540 |   0 |  0 |   0 |  40 | 3.200000e+01 | 6.210000e+01 |  94.06%|   0.31%
 60.7s|180200 | 42819 |478656 |   2.7 |    51M | 129 | 451 | 540 | 540 |   0 |  0 |   0 |  40 | 3.200000e+01 | 6.210000e+01 |  94.06%|   0.31%
 60.7s|180300 | 42843 |478891 |   2.7 |    51M | 129 | 451 | 540 | 540 |   0 |  0 |   0 |  40 | 3.200000e+01 | 6.210000e+01 |  94.06%|   0.31%
 60.7s|180400 | 42877 |479173 |   2.7 |    51M | 129 | 451 | 540 | 540 |   0 |  0 |   0 |  40 | 3.200000e+01 | 6.210000e+01 |  94.06%|   0.31%
 60.8s|180500 | 42903 |479404 |   2.7 |    51M | 129 | 451 | 540 | 540 |   0 |  0 |   0 |  40 | 3.200000e+01 | 6.210000e+01 |  94.06%|   0.31%
 60.8s|180600 | 42931 |479696 |   2.7 |    51M | 129 | 451 | 540 | 540 |   0 |  0 |   0 |  40 | 3.200000e+01 | 6.210000e+01 |  94.06%|   0.31%
 60.8s|180700 | 42955 |479941 |   2.7 |    51M | 129 | 451 | 540 | 540 |   0 |  0 |   0 |  40 | 3.200000e+01 | 6.210000e+01 |  94.06%|   0.31%
 60.9s|180800 | 42991 |480198 |   2.7 |    51M | 129 | 451 | 540 | 540 |   0 |  0 |   0 |  40 | 3.200000e+01 | 6.210000e+01 |  94.06%|   0.31%
 60.9s|180900 | 43017 |480447 |   2.7 |    51M | 129 | 451 | 540 | 540 |   0 |  0 |   0 |  40 | 3.200000e+01 | 6.210000e+01 |  94.06%|   0.31%
 60.9s|181000 | 43047 |480698 |   2.7 |    51M | 129 | 451 | 540 | 540 |   0 |  0 |   0 |  40 | 3.200000e+01 | 6.210000e+01 |  94.06%|   0.31%
 61.0s|181100 | 43077 |480951 |   2.7 |    51M | 129 | 451 | 540 | 540 |   0 |  0 |   0 |  40 | 3.200000e+01 | 6.210000e+01 |  94.06%|   0.31%
 61.0s|181200 | 43105 |481190 |   2.7 |    51M | 129 | 451 | 540 | 540 |   0 |  0 |   0 |  40 | 3.200000e+01 | 6.210000e+01 |  94.06%|   0.31%
 61.0s|181300 | 43129 |481486 |   2.7 |    51M | 129 | 451 | 540 | 540 |   0 |  0 |   0 |  40 | 3.200000e+01 | 6.210000e+01 |  94.06%|   0.31%
 time | node  | left  |LP iter|LP it/n|mem/heur|mdpt |vars |cons |rows |cuts |sepa|confs|strbr|  dualbound   | primalbound  |  gap   | compl. 
 61.1s|181400 | 43157 |481764 |   2.7 |    51M | 129 | 451 | 540 | 540 |   0 |  0 |   0 |  40 | 3.200000e+01 | 6.210000e+01 |  94.06%|   0.31%
 61.1s|181500 | 43185 |482003 |   2.7 |    51M | 129 | 451 | 540 | 540 |   0 |  0 |   0 |  40 | 3.200000e+01 | 6.210000e+01 |  94.06%|   0.31%
 61.1s|181600 | 43211 |482252 |   2.7 |    51M | 129 | 451 | 540 | 540 |   0 |  0 |   0 |  40 | 3.200000e+01 | 6.210000e+01 |  94.06%|   0.31%
 61.2s|181700 | 43239 |482510 |   2.7 |    51M | 129 | 451 | 540 | 540 |   0 |  0 |   0 |  40 | 3.200000e+01 | 6.210000e+01 |  94.06%|   0.31%
 61.2s|181800 | 43263 |482751 |   2.7 |    51M | 129 | 451 | 540 | 540 |   0 |  0 |   0 |  40 | 3.200000e+01 | 6.210000e+01 |  94.06%|   0.31%
 61.2s|181900 | 43293 |483023 |   2.7 |    51M | 129 | 451 | 540 | 540 |   0 |  0 |   0 |  40 | 3.200000e+01 | 6.210000e+01 |  94.06%|   0.31%
 61.3s|182000 | 43331 |483297 |   2.7 |    51M | 129 | 451 | 540 | 540 |   0 |  0 |   0 |  40 | 3.200000e+01 | 6.210000e+01 |  94.06%|   0.31%
 61.3s|182100 | 43347 |483573 |   2.7 |    51M | 129 | 451 | 540 | 540 |   0 |  0 |   0 |  40 | 3.200000e+01 | 6.210000e+01 |  94.06%|   0.31%
 61.3s|182200 | 43363 |483816 |   2.7 |    51M | 129 | 451 | 540 | 540 |   0 |  0 |   0 |  40 | 3.200000e+01 | 6.210000e+01 |  94.06%|   0.31%
 61.4s|182300 | 43395 |484065 |   2.7 |    51M | 129 | 451 | 540 | 540 |   0 |  0 |   0 |  40 | 3.200000e+01 | 6.210000e+01 |  94.06%|   0.31%
 61.4s|182400 | 43423 |484315 |   2.7 |    51M | 129 | 451 | 540 | 540 |   0 |  0 |   0 |  40 | 3.200000e+01 | 6.210000e+01 |  94.06%|   0.31%
 61.4s|182500 | 43451 |484587 |   2.7 |    51M | 129 | 451 | 540 | 540 |   0 |  0 |   0 |  40 | 3.200000e+01 | 6.210000e+01 |  94.06%|   0.31%
 61.5s|182600 | 43479 |484858 |   2.7 |    51M | 129 | 451 | 540 | 540 |   0 |  0 |   0 |  40 | 3.200000e+01 | 6.210000e+01 |  94.06%|   0.31%
 61.5s|182700 | 43509 |485146 |   2.7 |    51M | 129 | 451 | 540 | 540 |   0 |  0 |   0 |  40 | 3.200000e+01 | 6.210000e+01 |  94.06%|   0.31%
 61.5s|182800 | 43541 |485415 |   2.7 |    51M | 129 | 451 | 540 | 540 |   0 |  0 |   0 |  40 | 3.200000e+01 | 6.210000e+01 |  94.06%|   0.31%
 time | node  | left  |LP iter|LP it/n|mem/heur|mdpt |vars |cons |rows |cuts |sepa|confs|strbr|  dualbound   | primalbound  |  gap   | compl. 
 61.6s|182900 | 43563 |485645 |   2.7 |    51M | 129 | 451 | 540 | 540 |   0 |  0 |   0 |  40 | 3.200000e+01 | 6.210000e+01 |  94.06%|   0.31%
 61.6s|183000 | 43597 |485910 |   2.7 |    51M | 129 | 451 | 540 | 540 |   0 |  0 |   0 |  40 | 3.200000e+01 | 6.210000e+01 |  94.06%|   0.31%
 61.6s|183100 | 43627 |486181 |   2.7 |    51M | 129 | 451 | 540 | 540 |   0 |  0 |   0 |  40 | 3.200000e+01 | 6.210000e+01 |  94.06%|   0.31%
 61.7s|183200 | 43655 |486460 |   2.7 |    51M | 129 | 451 | 540 | 540 |   0 |  0 |   0 |  40 | 3.200000e+01 | 6.210000e+01 |  94.06%|   0.31%
 61.7s|183300 | 43691 |486764 |   2.7 |    51M | 129 | 451 | 540 | 540 |   0 |  0 |   0 |  40 | 3.200000e+01 | 6.210000e+01 |  94.06%|   0.31%
 61.7s|183400 | 43717 |487005 |   2.7 |    51M | 129 | 451 | 540 | 540 |   0 |  0 |   0 |  40 | 3.200000e+01 | 6.210000e+01 |  94.06%|   0.31%
 61.8s|183500 | 43745 |487210 |   2.7 |    51M | 129 | 451 | 540 | 540 |   0 |  0 |   0 |  40 | 3.200000e+01 | 6.210000e+01 |  94.06%|   0.31%
 61.8s|183600 | 43761 |487465 |   2.7 |    51M | 129 | 451 | 540 | 540 |   0 |  0 |   0 |  40 | 3.200000e+01 | 6.210000e+01 |  94.06%|   0.31%
 61.8s|183700 | 43777 |487672 |   2.7 |    51M | 129 | 451 | 540 | 540 |   0 |  0 |   0 |  40 | 3.200000e+01 | 6.210000e+01 |  94.06%|   0.31%
 61.9s|183800 | 43797 |487885 |   2.7 |    51M | 129 | 451 | 540 | 540 |   0 |  0 |   0 |  40 | 3.200000e+01 | 6.210000e+01 |  94.06%|   0.31%
 61.9s|183900 | 43821 |488160 |   2.7 |    51M | 129 | 451 | 540 | 540 |   0 |  0 |   0 |  40 | 3.200000e+01 | 6.210000e+01 |  94.06%|   0.31%
 61.9s|184000 | 43851 |488373 |   2.7 |    51M | 129 | 451 | 540 | 540 |   0 |  0 |   0 |  40 | 3.200000e+01 | 6.210000e+01 |  94.06%|   0.31%
 62.0s|184100 | 43885 |488611 |   2.7 |    51M | 129 | 451 | 540 | 540 |   0 |  0 |   0 |  40 | 3.200000e+01 | 6.210000e+01 |  94.06%|   0.31%
 62.0s|184200 | 43907 |488826 |   2.7 |    51M | 129 | 451 | 540 | 540 |   0 |  0 |   0 |  40 | 3.200000e+01 | 6.210000e+01 |  94.06%|   0.31%
 62.0s|184300 | 43929 |489106 |   2.7 |    51M | 129 | 451 | 540 | 540 |   0 |  0 |   0 |  40 | 3.200000e+01 | 6.210000e+01 |  94.06%|   0.31%
 time | node  | left  |LP iter|LP it/n|mem/heur|mdpt |vars |cons |rows |cuts |sepa|confs|strbr|  dualbound   | primalbound  |  gap   | compl. 
 62.1s|184400 | 43959 |489342 |   2.7 |    51M | 129 | 451 | 540 | 540 |   0 |  0 |   0 |  40 | 3.200000e+01 | 6.210000e+01 |  94.06%|   0.31%
 62.1s|184500 | 43989 |489564 |   2.7 |    51M | 129 | 451 | 540 | 540 |   0 |  0 |   0 |  40 | 3.200000e+01 | 6.210000e+01 |  94.06%|   0.31%
 62.1s|184600 | 44011 |489786 |   2.7 |    51M | 129 | 451 | 540 | 540 |   0 |  0 |   0 |  40 | 3.200000e+01 | 6.210000e+01 |  94.06%|   0.31%
 62.2s|184700 | 44029 |490004 |   2.7 |    51M | 129 | 451 | 540 | 540 |   0 |  0 |   0 |  40 | 3.200000e+01 | 6.210000e+01 |  94.06%|   0.31%
 62.2s|184800 | 44059 |490222 |   2.7 |    51M | 129 | 451 | 540 | 540 |   0 |  0 |   0 |  40 | 3.200000e+01 | 6.210000e+01 |  94.06%|   0.31%
 62.2s|184900 | 44085 |490444 |   2.7 |    51M | 129 | 451 | 540 | 540 |   0 |  0 |   0 |  40 | 3.200000e+01 | 6.210000e+01 |  94.06%|   0.31%
 62.3s|185000 | 44099 |490663 |   2.7 |    51M | 129 | 451 | 540 | 540 |   0 |  0 |   0 |  40 | 3.200000e+01 | 6.210000e+01 |  94.06%|   0.31%
 62.3s|185100 | 44125 |490953 |   2.7 |    51M | 129 | 451 | 540 | 540 |   0 |  0 |   0 |  40 | 3.200000e+01 | 6.210000e+01 |  94.06%|   0.31%
 62.3s|185200 | 44143 |491196 |   2.7 |    51M | 129 | 451 | 540 | 540 |   0 |  0 |   0 |  40 | 3.200000e+01 | 6.210000e+01 |  94.06%|   0.31%
 62.4s|185300 | 44163 |491470 |   2.7 |    51M | 129 | 451 | 540 | 540 |   0 |  0 |   0 |  40 | 3.200000e+01 | 6.210000e+01 |  94.06%|   0.31%
 62.4s|185400 | 44177 |491734 |   2.7 |    51M | 129 | 451 | 540 | 540 |   0 |  0 |   0 |  40 | 3.200000e+01 | 6.210000e+01 |  94.06%|   0.31%
 62.4s|185500 | 44209 |492000 |   2.7 |    51M | 129 | 451 | 540 | 540 |   0 |  0 |   0 |  40 | 3.200000e+01 | 6.210000e+01 |  94.06%|   0.31%
 62.5s|185600 | 44235 |492235 |   2.7 |    51M | 129 | 451 | 540 | 540 |   0 |  0 |   0 |  40 | 3.200000e+01 | 6.210000e+01 |  94.06%|   0.31%
 62.5s|185700 | 44259 |492546 |   2.7 |    51M | 129 | 451 | 540 | 540 |   0 |  0 |   0 |  40 | 3.200000e+01 | 6.210000e+01 |  94.06%|   0.31%
 62.5s|185800 | 44287 |492799 |   2.7 |    51M | 129 | 451 | 540 | 540 |   0 |  0 |   0 |  40 | 3.200000e+01 | 6.210000e+01 |  94.06%|   0.31%
 time | node  | left  |LP iter|LP it/n|mem/heur|mdpt |vars |cons |rows |cuts |sepa|confs|strbr|  dualbound   | primalbound  |  gap   | compl. 
 62.6s|185900 | 44319 |493057 |   2.7 |    51M | 129 | 451 | 540 | 540 |   0 |  0 |   0 |  40 | 3.200000e+01 | 6.210000e+01 |  94.06%|   0.31%
 62.6s|186000 | 44337 |493346 |   2.7 |    51M | 129 | 451 | 540 | 540 |   0 |  0 |   0 |  40 | 3.200000e+01 | 6.210000e+01 |  94.06%|   0.31%
 62.6s|186100 | 44361 |493586 |   2.7 |    51M | 129 | 451 | 540 | 540 |   0 |  0 |   0 |  40 | 3.200000e+01 | 6.210000e+01 |  94.06%|   0.31%
 62.7s|186200 | 44379 |493883 |   2.7 |    51M | 129 | 451 | 540 | 540 |   0 |  0 |   0 |  40 | 3.200000e+01 | 6.210000e+01 |  94.06%|   0.31%
 62.7s|186300 | 44411 |494165 |   2.7 |    52M | 129 | 451 | 540 | 540 |   0 |  0 |   0 |  40 | 3.200000e+01 | 6.210000e+01 |  94.06%|   0.31%
 62.7s|186400 | 44435 |494406 |   2.7 |    52M | 129 | 451 | 540 | 540 |   0 |  0 |   0 |  40 | 3.200000e+01 | 6.210000e+01 |  94.06%|   0.31%
 62.8s|186500 | 44463 |494718 |   2.7 |    52M | 129 | 451 | 540 | 540 |   0 |  0 |   0 |  40 | 3.200000e+01 | 6.210000e+01 |  94.06%|   0.31%
 62.8s|186600 | 44489 |494986 |   2.7 |    52M | 129 | 451 | 540 | 540 |   0 |  0 |   0 |  40 | 3.200000e+01 | 6.210000e+01 |  94.06%|   0.31%
 62.8s|186700 | 44521 |495285 |   2.7 |    52M | 129 | 451 | 540 | 540 |   0 |  0 |   0 |  40 | 3.200000e+01 | 6.210000e+01 |  94.06%|   0.31%
 62.9s|186800 | 44553 |495623 |   2.7 |    52M | 134 | 451 | 540 | 540 |   0 |  0 |   0 |  40 | 3.200000e+01 | 6.210000e+01 |  94.06%|   0.31%
 62.9s|186900 | 44579 |495849 |   2.7 |    52M | 134 | 451 | 540 | 540 |   0 |  0 |   0 |  40 | 3.200000e+01 | 6.210000e+01 |  94.06%|   0.31%
 63.0s|187000 | 44611 |496172 |   2.7 |    52M | 134 | 451 | 540 | 540 |   0 |  0 |   0 |  40 | 3.200000e+01 | 6.210000e+01 |  94.06%|   0.31%
 63.0s|187100 | 44645 |496448 |   2.7 |    52M | 134 | 451 | 540 | 540 |   0 |  0 |   0 |  40 | 3.200000e+01 | 6.210000e+01 |  94.06%|   0.31%
 63.0s|187200 | 44677 |496721 |   2.7 |    52M | 134 | 451 | 540 | 540 |   0 |  0 |   0 |  40 | 3.200000e+01 | 6.210000e+01 |  94.06%|   0.31%
 63.1s|187300 | 44713 |496976 |   2.7 |    52M | 134 | 451 | 540 | 540 |   0 |  0 |   0 |  40 | 3.200000e+01 | 6.210000e+01 |  94.06%|   0.31%
 time | node  | left  |LP iter|LP it/n|mem/heur|mdpt |vars |cons |rows |cuts |sepa|confs|strbr|  dualbound   | primalbound  |  gap   | compl. 
 63.1s|187400 | 44735 |497213 |   2.7 |    52M | 134 | 451 | 540 | 540 |   0 |  0 |   0 |  40 | 3.200000e+01 | 6.210000e+01 |  94.06%|   0.31%
 63.1s|187500 | 44755 |497488 |   2.7 |    52M | 134 | 451 | 540 | 540 |   0 |  0 |   0 |  40 | 3.200000e+01 | 6.210000e+01 |  94.06%|   0.31%
 63.2s|187600 | 44781 |497742 |   2.7 |    52M | 134 | 451 | 540 | 540 |   0 |  0 |   0 |  40 | 3.200000e+01 | 6.210000e+01 |  94.06%|   0.31%
 63.2s|187700 | 44813 |497998 |   2.7 |    52M | 134 | 451 | 540 | 540 |   0 |  0 |   0 |  40 | 3.200000e+01 | 6.210000e+01 |  94.06%|   0.31%
 63.2s|187800 | 44845 |498252 |   2.7 |    52M | 134 | 451 | 540 | 540 |   0 |  0 |   0 |  40 | 3.200000e+01 | 6.210000e+01 |  94.06%|   0.31%
 63.3s|187900 | 44867 |498522 |   2.7 |    52M | 134 | 451 | 540 | 540 |   0 |  0 |   0 |  40 | 3.200000e+01 | 6.210000e+01 |  94.06%|   0.31%
 63.3s|188000 | 44899 |498787 |   2.7 |    52M | 134 | 451 | 540 | 540 |   0 |  0 |   0 |  40 | 3.200000e+01 | 6.210000e+01 |  94.06%|   0.31%
 63.3s|188100 | 44921 |499004 |   2.7 |    52M | 134 | 451 | 540 | 540 |   0 |  0 |   0 |  40 | 3.200000e+01 | 6.210000e+01 |  94.06%|   0.31%
 63.4s|188200 | 44953 |499231 |   2.7 |    52M | 134 | 451 | 540 | 540 |   0 |  0 |   0 |  40 | 3.200000e+01 | 6.210000e+01 |  94.06%|   0.31%
 63.4s|188300 | 44979 |499478 |   2.7 |    52M | 134 | 451 | 540 | 540 |   0 |  0 |   0 |  40 | 3.200000e+01 | 6.210000e+01 |  94.06%|   0.31%
 63.4s|188400 | 45007 |499732 |   2.7 |    52M | 134 | 451 | 540 | 540 |   0 |  0 |   0 |  40 | 3.200000e+01 | 6.210000e+01 |  94.06%|   0.31%
 63.5s|188500 | 45035 |499932 |   2.7 |    52M | 134 | 451 | 540 | 540 |   0 |  0 |   0 |  40 | 3.200000e+01 | 6.210000e+01 |  94.06%|   0.31%
 63.5s|188600 | 45059 |500223 |   2.7 |    52M | 134 | 451 | 540 | 540 |   0 |  0 |   0 |  40 | 3.200000e+01 | 6.210000e+01 |  94.06%|   0.31%
 63.5s|188700 | 45093 |500543 |   2.7 |    52M | 134 | 451 | 540 | 540 |   0 |  0 |   0 |  40 | 3.200000e+01 | 6.210000e+01 |  94.06%|   0.31%
 63.6s|188800 | 45129 |500802 |   2.7 |    52M | 134 | 451 | 540 | 540 |   0 |  0 |   0 |  40 | 3.200000e+01 | 6.210000e+01 |  94.06%|   0.31%
 time | node  | left  |LP iter|LP it/n|mem/heur|mdpt |vars |cons |rows |cuts |sepa|confs|strbr|  dualbound   | primalbound  |  gap   | compl. 
 63.6s|188900 | 45159 |501068 |   2.7 |    52M | 134 | 451 | 540 | 540 |   0 |  0 |   0 |  40 | 3.200000e+01 | 6.210000e+01 |  94.06%|   0.31%
 63.6s|189000 | 45177 |501310 |   2.7 |    52M | 134 | 451 | 540 | 540 |   0 |  0 |   0 |  40 | 3.200000e+01 | 6.210000e+01 |  94.06%|   0.31%
 63.7s|189100 | 45201 |501606 |   2.7 |    52M | 134 | 451 | 540 | 540 |   0 |  0 |   0 |  40 | 3.200000e+01 | 6.210000e+01 |  94.06%|   0.31%
 63.7s|189200 | 45223 |501842 |   2.7 |    52M | 134 | 451 | 540 | 540 |   0 |  0 |   0 |  40 | 3.200000e+01 | 6.210000e+01 |  94.06%|   0.31%
 63.7s|189300 | 45249 |502080 |   2.7 |    52M | 134 | 451 | 540 | 540 |   0 |  0 |   0 |  40 | 3.200000e+01 | 6.210000e+01 |  94.06%|   0.31%
 63.8s|189400 | 45273 |502304 |   2.7 |    52M | 134 | 451 | 540 | 540 |   0 |  0 |   0 |  40 | 3.200000e+01 | 6.210000e+01 |  94.06%|   0.31%
 63.8s|189500 | 45297 |502517 |   2.7 |    52M | 134 | 451 | 540 | 540 |   0 |  0 |   0 |  40 | 3.200000e+01 | 6.210000e+01 |  94.06%|   0.31%
 63.8s|189600 | 45319 |502768 |   2.7 |    52M | 134 | 451 | 540 | 540 |   0 |  0 |   0 |  40 | 3.200000e+01 | 6.210000e+01 |  94.06%|   0.31%
 63.9s|189700 | 45345 |502965 |   2.7 |    52M | 134 | 451 | 540 | 540 |   0 |  0 |   0 |  40 | 3.200000e+01 | 6.210000e+01 |  94.06%|   0.31%
 63.9s|189800 | 45373 |503178 |   2.7 |    52M | 134 | 451 | 540 | 540 |   0 |  0 |   0 |  40 | 3.200000e+01 | 6.210000e+01 |  94.06%|   0.31%
 63.9s|189900 | 45403 |503423 |   2.7 |    52M | 134 | 451 | 540 | 540 |   0 |  0 |   0 |  40 | 3.200000e+01 | 6.210000e+01 |  94.06%|   0.31%
 64.0s|190000 | 45429 |503652 |   2.6 |    52M | 134 | 451 | 540 | 540 |   0 |  0 |   0 |  40 | 3.200000e+01 | 6.210000e+01 |  94.06%|   0.31%
 64.0s|190100 | 45459 |503873 |   2.6 |    52M | 134 | 451 | 540 | 540 |   0 |  0 |   0 |  40 | 3.200000e+01 | 6.210000e+01 |  94.06%|   0.31%
 64.0s|190200 | 45481 |504109 |   2.6 |    52M | 134 | 451 | 540 | 540 |   0 |  0 |   0 |  40 | 3.200000e+01 | 6.210000e+01 |  94.06%|   0.31%
 64.1s|190300 | 45505 |504346 |   2.6 |    52M | 134 | 451 | 540 | 540 |   0 |  0 |   0 |  40 | 3.200000e+01 | 6.210000e+01 |  94.06%|   0.31%
 time | node  | left  |LP iter|LP it/n|mem/heur|mdpt |vars |cons |rows |cuts |sepa|confs|strbr|  dualbound   | primalbound  |  gap   | compl. 
 64.1s|190400 | 45525 |504575 |   2.6 |    52M | 134 | 451 | 540 | 540 |   0 |  0 |   0 |  40 | 3.200000e+01 | 6.210000e+01 |  94.06%|   0.31%
 64.1s|190500 | 45555 |504844 |   2.6 |    52M | 134 | 451 | 540 | 540 |   0 |  0 |   0 |  40 | 3.200000e+01 | 6.210000e+01 |  94.06%|   0.31%
 64.2s|190600 | 45577 |505081 |   2.6 |    52M | 134 | 451 | 540 | 540 |   0 |  0 |   0 |  40 | 3.200000e+01 | 6.210000e+01 |  94.06%|   0.31%
 64.2s|190700 | 45603 |505304 |   2.6 |    52M | 134 | 451 | 540 | 540 |   0 |  0 |   0 |  40 | 3.200000e+01 | 6.210000e+01 |  94.06%|   0.31%
 64.2s|190800 | 45621 |505537 |   2.6 |    53M | 134 | 451 | 540 | 540 |   0 |  0 |   0 |  40 | 3.200000e+01 | 6.210000e+01 |  94.06%|   0.31%
 64.3s|190900 | 45643 |505789 |   2.6 |    53M | 134 | 451 | 540 | 540 |   0 |  0 |   0 |  40 | 3.200000e+01 | 6.210000e+01 |  94.06%|   0.31%
 64.3s|191000 | 45663 |506014 |   2.6 |    53M | 134 | 451 | 540 | 540 |   0 |  0 |   0 |  40 | 3.200000e+01 | 6.210000e+01 |  94.06%|   0.31%
 64.3s|191100 | 45687 |506264 |   2.6 |    53M | 134 | 451 | 540 | 540 |   0 |  0 |   0 |  40 | 3.200000e+01 | 6.210000e+01 |  94.06%|   0.31%
 64.4s|191200 | 45707 |506530 |   2.6 |    53M | 134 | 451 | 540 | 540 |   0 |  0 |   0 |  40 | 3.200000e+01 | 6.210000e+01 |  94.06%|   0.31%
 64.4s|191300 | 45727 |506767 |   2.6 |    53M | 134 | 451 | 540 | 540 |   0 |  0 |   0 |  40 | 3.200000e+01 | 6.210000e+01 |  94.06%|   0.31%
 64.4s|191400 | 45749 |507055 |   2.6 |    53M | 134 | 451 | 540 | 540 |   0 |  0 |   0 |  40 | 3.200000e+01 | 6.210000e+01 |  94.06%|   0.31%
 64.5s|191500 | 45767 |507325 |   2.6 |    53M | 134 | 451 | 540 | 540 |   0 |  0 |   0 |  40 | 3.200000e+01 | 6.210000e+01 |  94.06%|   0.31%
 64.5s|191600 | 45789 |507619 |   2.6 |    53M | 134 | 451 | 540 | 540 |   0 |  0 |   0 |  40 | 3.200000e+01 | 6.210000e+01 |  94.06%|   0.31%
 64.5s|191700 | 45807 |507908 |   2.6 |    53M | 134 | 451 | 540 | 540 |   0 |  0 |   0 |  40 | 3.200000e+01 | 6.210000e+01 |  94.06%|   0.31%
 64.6s|191800 | 45827 |508162 |   2.6 |    53M | 134 | 451 | 540 | 540 |   0 |  0 |   0 |  40 | 3.200000e+01 | 6.210000e+01 |  94.06%|   0.31%
 time | node  | left  |LP iter|LP it/n|mem/heur|mdpt |vars |cons |rows |cuts |sepa|confs|strbr|  dualbound   | primalbound  |  gap   | compl. 
 64.6s|191900 | 45853 |508436 |   2.6 |    53M | 134 | 451 | 540 | 540 |   0 |  0 |   0 |  40 | 3.200000e+01 | 6.210000e+01 |  94.06%|   0.31%
 64.6s|192000 | 45873 |508694 |   2.6 |    53M | 134 | 451 | 540 | 540 |   0 |  0 |   0 |  40 | 3.200000e+01 | 6.210000e+01 |  94.06%|   0.31%
 64.7s|192100 | 45895 |508970 |   2.6 |    53M | 134 | 451 | 540 | 540 |   0 |  0 |   0 |  40 | 3.200000e+01 | 6.210000e+01 |  94.06%|   0.31%
 64.7s|192200 | 45921 |509251 |   2.6 |    53M | 134 | 451 | 540 | 540 |   0 |  0 |   0 |  40 | 3.200000e+01 | 6.210000e+01 |  94.06%|   0.31%
 64.7s|192300 | 45943 |509491 |   2.6 |    53M | 134 | 451 | 540 | 540 |   0 |  0 |   0 |  40 | 3.200000e+01 | 6.210000e+01 |  94.06%|   0.31%
 64.8s|192400 | 45967 |509721 |   2.6 |    53M | 134 | 451 | 540 | 540 |   0 |  0 |   0 |  40 | 3.200000e+01 | 6.210000e+01 |  94.06%|   0.31%
 64.8s|192500 | 45991 |509943 |   2.6 |    53M | 134 | 451 | 540 | 540 |   0 |  0 |   0 |  40 | 3.200000e+01 | 6.210000e+01 |  94.06%|   0.31%
 64.8s|192600 | 46015 |510179 |   2.6 |    53M | 134 | 451 | 540 | 540 |   0 |  0 |   0 |  40 | 3.200000e+01 | 6.210000e+01 |  94.06%|   0.31%
 64.9s|192700 | 46041 |510531 |   2.6 |    53M | 134 | 451 | 540 | 540 |   0 |  0 |   0 |  40 | 3.200000e+01 | 6.210000e+01 |  94.06%|   0.31%
 64.9s|192800 | 46065 |510825 |   2.6 |    53M | 134 | 451 | 540 | 540 |   0 |  0 |   0 |  40 | 3.200000e+01 | 6.210000e+01 |  94.06%|   0.31%
 65.0s|192900 | 46089 |511026 |   2.6 |    53M | 134 | 451 | 540 | 540 |   0 |  0 |   0 |  40 | 3.200000e+01 | 6.210000e+01 |  94.06%|   0.31%
 65.0s|193000 | 46113 |511392 |   2.6 |    53M | 134 | 451 | 540 | 540 |   0 |  0 |   0 |  40 | 3.200000e+01 | 6.210000e+01 |  94.06%|   0.31%
 65.0s|193100 | 46139 |511694 |   2.6 |    53M | 134 | 451 | 540 | 540 |   0 |  0 |   0 |  40 | 3.200000e+01 | 6.210000e+01 |  94.06%|   0.31%
 65.1s|193200 | 46165 |511990 |   2.6 |    53M | 134 | 451 | 540 | 540 |   0 |  0 |   0 |  40 | 3.200000e+01 | 6.210000e+01 |  94.06%|   0.31%
 65.1s|193300 | 46191 |512355 |   2.6 |    53M | 134 | 451 | 540 | 540 |   0 |  0 |   0 |  40 | 3.200000e+01 | 6.210000e+01 |  94.06%|   0.31%
 time | node  | left  |LP iter|LP it/n|mem/heur|mdpt |vars |cons |rows |cuts |sepa|confs|strbr|  dualbound   | primalbound  |  gap   | compl. 
 65.1s|193400 | 46201 |512572 |   2.6 |    53M | 134 | 451 | 540 | 540 |   0 |  0 |   0 |  40 | 3.200000e+01 | 6.210000e+01 |  94.06%|   0.31%
 65.2s|193500 | 46221 |512928 |   2.6 |    53M | 134 | 451 | 540 | 540 |   0 |  0 |   0 |  40 | 3.200000e+01 | 6.210000e+01 |  94.06%|   0.31%
 65.2s|193600 | 46245 |513198 |   2.7 |    53M | 134 | 451 | 540 | 540 |   0 |  0 |   0 |  40 | 3.200000e+01 | 6.210000e+01 |  94.06%|   0.31%
 65.2s|193700 | 46271 |513444 |   2.6 |    53M | 134 | 451 | 540 | 540 |   0 |  0 |   0 |  40 | 3.200000e+01 | 6.210000e+01 |  94.06%|   0.31%
 65.3s|193800 | 46295 |513747 |   2.7 |    53M | 134 | 451 | 540 | 540 |   0 |  0 |   0 |  40 | 3.200000e+01 | 6.210000e+01 |  94.06%|   0.31%
 65.3s|193900 | 46319 |514059 |   2.7 |    53M | 134 | 451 | 540 | 540 |   0 |  0 |   0 |  40 | 3.200000e+01 | 6.210000e+01 |  94.06%|   0.31%
 65.3s|194000 | 46337 |514322 |   2.7 |    53M | 134 | 451 | 540 | 540 |   0 |  0 |   0 |  40 | 3.200000e+01 | 6.210000e+01 |  94.06%|   0.31%
 65.4s|194100 | 46365 |514635 |   2.7 |    53M | 134 | 451 | 540 | 540 |   0 |  0 |   0 |  40 | 3.200000e+01 | 6.210000e+01 |  94.06%|   0.31%
 65.4s|194200 | 46393 |514954 |   2.7 |    53M | 134 | 451 | 540 | 540 |   0 |  0 |   0 |  40 | 3.200000e+01 | 6.210000e+01 |  94.06%|   0.31%
 65.4s|194300 | 46415 |515239 |   2.7 |    53M | 134 | 451 | 540 | 540 |   0 |  0 |   0 |  40 | 3.200000e+01 | 6.210000e+01 |  94.06%|   0.31%
 65.5s|194400 | 46439 |515581 |   2.7 |    53M | 134 | 451 | 540 | 540 |   0 |  0 |   0 |  40 | 3.200000e+01 | 6.210000e+01 |  94.06%|   0.31%
 65.5s|194500 | 46461 |515855 |   2.7 |    53M | 134 | 451 | 540 | 540 |   0 |  0 |   0 |  40 | 3.200000e+01 | 6.210000e+01 |  94.06%|   0.31%
 65.5s|194600 | 46483 |516171 |   2.7 |    53M | 134 | 451 | 540 | 540 |   0 |  0 |   0 |  40 | 3.200000e+01 | 6.210000e+01 |  94.06%|   0.31%
 65.6s|194700 | 46513 |516489 |   2.7 |    53M | 134 | 451 | 540 | 540 |   0 |  0 |   0 |  40 | 3.200000e+01 | 6.210000e+01 |  94.06%|   0.31%
 65.6s|194800 | 46527 |516753 |   2.7 |    53M | 134 | 451 | 540 | 540 |   0 |  0 |   0 |  40 | 3.200000e+01 | 6.210000e+01 |  94.06%|   0.31%
 time | node  | left  |LP iter|LP it/n|mem/heur|mdpt |vars |cons |rows |cuts |sepa|confs|strbr|  dualbound   | primalbound  |  gap   | compl. 
 65.6s|194900 | 46543 |517020 |   2.7 |    53M | 134 | 451 | 540 | 540 |   0 |  0 |   0 |  40 | 3.200000e+01 | 6.210000e+01 |  94.06%|   0.31%
 65.7s|195000 | 46567 |517313 |   2.7 |    53M | 134 | 451 | 540 | 540 |   0 |  0 |   0 |  40 | 3.200000e+01 | 6.210000e+01 |  94.06%|   0.31%
 65.7s|195100 | 46587 |517564 |   2.7 |    53M | 134 | 451 | 540 | 540 |   0 |  0 |   0 |  40 | 3.200000e+01 | 6.210000e+01 |  94.06%|   0.31%
 65.8s|195200 | 46617 |517781 |   2.7 |    53M | 134 | 451 | 540 | 540 |   0 |  0 |   0 |  40 | 3.200000e+01 | 6.210000e+01 |  94.06%|   0.31%
 65.8s|195300 | 46633 |518027 |   2.7 |    53M | 134 | 451 | 540 | 540 |   0 |  0 |   0 |  40 | 3.200000e+01 | 6.210000e+01 |  94.06%|   0.31%
 65.8s|195400 | 46655 |518321 |   2.7 |    53M | 134 | 451 | 540 | 540 |   0 |  0 |   0 |  40 | 3.200000e+01 | 6.210000e+01 |  94.06%|   0.31%
 65.9s|195500 | 46677 |518670 |   2.7 |    53M | 134 | 451 | 540 | 540 |   0 |  0 |   0 |  40 | 3.200000e+01 | 6.210000e+01 |  94.06%|   0.31%
 65.9s|195600 | 46701 |518911 |   2.7 |    53M | 134 | 451 | 540 | 540 |   0 |  0 |   0 |  40 | 3.200000e+01 | 6.210000e+01 |  94.06%|   0.31%
 65.9s|195700 | 46721 |519141 |   2.7 |    54M | 134 | 451 | 540 | 540 |   0 |  0 |   0 |  40 | 3.200000e+01 | 6.210000e+01 |  94.06%|   0.31%
 66.0s|195800 | 46747 |519352 |   2.7 |    54M | 134 | 451 | 540 | 540 |   0 |  0 |   0 |  40 | 3.200000e+01 | 6.210000e+01 |  94.06%|   0.31%
 66.0s|195900 | 46765 |519539 |   2.7 |    54M | 134 | 451 | 540 | 540 |   0 |  0 |   0 |  40 | 3.200000e+01 | 6.210000e+01 |  94.06%|   0.31%
 66.0s|196000 | 46787 |519771 |   2.7 |    54M | 134 | 451 | 540 | 540 |   0 |  0 |   0 |  40 | 3.200000e+01 | 6.210000e+01 |  94.06%|   0.31%
 66.1s|196100 | 46807 |520065 |   2.7 |    54M | 134 | 451 | 540 | 540 |   0 |  0 |   0 |  40 | 3.200000e+01 | 6.210000e+01 |  94.06%|   0.31%
 66.1s|196200 | 46825 |520392 |   2.7 |    54M | 134 | 451 | 540 | 540 |   0 |  0 |   0 |  40 | 3.200000e+01 | 6.210000e+01 |  94.06%|   0.31%
 66.1s|196300 | 46853 |520673 |   2.7 |    54M | 134 | 451 | 540 | 540 |   0 |  0 |   0 |  40 | 3.200000e+01 | 6.210000e+01 |  94.06%|   0.31%
 time | node  | left  |LP iter|LP it/n|mem/heur|mdpt |vars |cons |rows |cuts |sepa|confs|strbr|  dualbound   | primalbound  |  gap   | compl. 
 66.2s|196400 | 46873 |520903 |   2.7 |    54M | 134 | 451 | 540 | 540 |   0 |  0 |   0 |  40 | 3.200000e+01 | 6.210000e+01 |  94.06%|   0.31%
 66.2s|196500 | 46893 |521199 |   2.7 |    54M | 134 | 451 | 540 | 540 |   0 |  0 |   0 |  40 | 3.200000e+01 | 6.210000e+01 |  94.06%|   0.31%
 66.2s|196600 | 46911 |521429 |   2.7 |    54M | 134 | 451 | 540 | 540 |   0 |  0 |   0 |  40 | 3.200000e+01 | 6.210000e+01 |  94.06%|   0.31%
 66.3s|196700 | 46937 |521725 |   2.7 |    54M | 134 | 451 | 540 | 540 |   0 |  0 |   0 |  40 | 3.200000e+01 | 6.210000e+01 |  94.06%|   0.31%
 66.3s|196800 | 46961 |522030 |   2.7 |    54M | 134 | 451 | 540 | 540 |   0 |  0 |   0 |  40 | 3.200000e+01 | 6.210000e+01 |  94.06%|   0.31%
 66.3s|196900 | 46985 |522296 |   2.7 |    54M | 134 | 451 | 540 | 540 |   0 |  0 |   0 |  40 | 3.200000e+01 | 6.210000e+01 |  94.06%|   0.31%
 66.4s|197000 | 47021 |522582 |   2.7 |    54M | 134 | 451 | 540 | 540 |   0 |  0 |   0 |  40 | 3.200000e+01 | 6.210000e+01 |  94.06%|   0.31%
 66.4s|197100 | 47039 |522851 |   2.7 |    54M | 134 | 451 | 540 | 540 |   0 |  0 |   0 |  40 | 3.200000e+01 | 6.210000e+01 |  94.06%|   0.31%
 66.4s|197200 | 47065 |523081 |   2.7 |    54M | 134 | 451 | 540 | 540 |   0 |  0 |   0 |  40 | 3.200000e+01 | 6.210000e+01 |  94.06%|   0.31%
 66.5s|197300 | 47091 |523323 |   2.7 |    54M | 134 | 451 | 540 | 540 |   0 |  0 |   0 |  40 | 3.200000e+01 | 6.210000e+01 |  94.06%|   0.31%
 66.5s|197400 | 47117 |523654 |   2.7 |    54M | 134 | 451 | 540 | 540 |   0 |  0 |   0 |  40 | 3.200000e+01 | 6.210000e+01 |  94.06%|   0.31%
 66.5s|197500 | 47151 |523916 |   2.7 |    54M | 134 | 451 | 540 | 540 |   0 |  0 |   0 |  40 | 3.200000e+01 | 6.210000e+01 |  94.06%|   0.31%
 66.6s|197600 | 47175 |524257 |   2.7 |    54M | 134 | 451 | 540 | 540 |   0 |  0 |   0 |  40 | 3.200000e+01 | 6.210000e+01 |  94.06%|   0.31%
 66.6s|197700 | 47195 |524541 |   2.7 |    54M | 134 | 451 | 540 | 540 |   0 |  0 |   0 |  40 | 3.200000e+01 | 6.210000e+01 |  94.06%|   0.31%
 66.6s|197800 | 47215 |524828 |   2.7 |    54M | 134 | 451 | 540 | 540 |   0 |  0 |   0 |  40 | 3.200000e+01 | 6.210000e+01 |  94.06%|   0.31%
 time | node  | left  |LP iter|LP it/n|mem/heur|mdpt |vars |cons |rows |cuts |sepa|confs|strbr|  dualbound   | primalbound  |  gap   | compl. 
 66.7s|197900 | 47241 |525071 |   2.7 |    54M | 134 | 451 | 540 | 540 |   0 |  0 |   0 |  40 | 3.200000e+01 | 6.210000e+01 |  94.06%|   0.31%
 66.7s|198000 | 47261 |525326 |   2.7 |    54M | 134 | 451 | 540 | 540 |   0 |  0 |   0 |  40 | 3.200000e+01 | 6.210000e+01 |  94.06%|   0.31%
 66.8s|198100 | 47277 |525596 |   2.7 |    54M | 134 | 451 | 540 | 540 |   0 |  0 |   0 |  40 | 3.200000e+01 | 6.210000e+01 |  94.06%|   0.31%
 66.8s|198200 | 47303 |525912 |   2.7 |    54M | 134 | 451 | 540 | 540 |   0 |  0 |   0 |  40 | 3.200000e+01 | 6.210000e+01 |  94.06%|   0.31%
 66.8s|198300 | 47321 |526188 |   2.7 |    54M | 134 | 451 | 540 | 540 |   0 |  0 |   0 |  40 | 3.200000e+01 | 6.210000e+01 |  94.06%|   0.31%
 66.9s|198400 | 47353 |526421 |   2.7 |    54M | 134 | 451 | 540 | 540 |   0 |  0 |   0 |  40 | 3.200000e+01 | 6.210000e+01 |  94.06%|   0.31%
 66.9s|198500 | 47371 |526673 |   2.7 |    54M | 134 | 451 | 540 | 540 |   0 |  0 |   0 |  40 | 3.200000e+01 | 6.210000e+01 |  94.06%|   0.31%
 66.9s|198600 | 47399 |526959 |   2.7 |    54M | 134 | 451 | 540 | 540 |   0 |  0 |   0 |  40 | 3.200000e+01 | 6.210000e+01 |  94.06%|   0.31%
 67.0s|198700 | 47423 |527225 |   2.7 |    54M | 134 | 451 | 540 | 540 |   0 |  0 |   0 |  40 | 3.200000e+01 | 6.210000e+01 |  94.06%|   0.31%
 67.0s|198800 | 47459 |527517 |   2.7 |    54M | 134 | 451 | 540 | 540 |   0 |  0 |   0 |  40 | 3.200000e+01 | 6.210000e+01 |  94.06%|   0.31%
 67.0s|198900 | 47481 |527770 |   2.7 |    54M | 134 | 451 | 540 | 540 |   0 |  0 |   0 |  40 | 3.200000e+01 | 6.210000e+01 |  94.06%|   0.31%
 67.1s|199000 | 47507 |528027 |   2.7 |    54M | 134 | 451 | 540 | 540 |   0 |  0 |   0 |  40 | 3.200000e+01 | 6.210000e+01 |  94.06%|   0.31%
 67.1s|199100 | 47527 |528246 |   2.7 |    54M | 134 | 451 | 540 | 540 |   0 |  0 |   0 |  40 | 3.200000e+01 | 6.210000e+01 |  94.06%|   0.31%
 67.1s|199200 | 47557 |528557 |   2.7 |    54M | 134 | 451 | 540 | 540 |   0 |  0 |   0 |  40 | 3.200000e+01 | 6.210000e+01 |  94.06%|   0.31%
 67.2s|199300 | 47581 |528792 |   2.7 |    54M | 134 | 451 | 540 | 540 |   0 |  0 |   0 |  40 | 3.200000e+01 | 6.210000e+01 |  94.06%|   0.31%
 time | node  | left  |LP iter|LP it/n|mem/heur|mdpt |vars |cons |rows |cuts |sepa|confs|strbr|  dualbound   | primalbound  |  gap   | compl. 
 67.2s|199400 | 47609 |529069 |   2.7 |    54M | 134 | 451 | 540 | 540 |   0 |  0 |   0 |  40 | 3.200000e+01 | 6.210000e+01 |  94.06%|   0.31%
 67.3s|199500 | 47629 |529327 |   2.7 |    54M | 134 | 451 | 540 | 540 |   0 |  0 |   0 |  40 | 3.200000e+01 | 6.210000e+01 |  94.06%|   0.31%
 67.3s|199600 | 47669 |529602 |   2.7 |    54M | 134 | 451 | 540 | 540 |   0 |  0 |   0 |  40 | 3.200000e+01 | 6.210000e+01 |  94.06%|   0.31%
 67.3s|199700 | 47681 |529853 |   2.7 |    54M | 134 | 451 | 540 | 540 |   0 |  0 |   0 |  40 | 3.200000e+01 | 6.210000e+01 |  94.06%|   0.31%
 67.4s|199800 | 47707 |530124 |   2.7 |    54M | 134 | 451 | 540 | 540 |   0 |  0 |   0 |  40 | 3.200000e+01 | 6.210000e+01 |  94.06%|   0.31%
 67.4s|199900 | 47721 |530341 |   2.7 |    54M | 134 | 451 | 540 | 540 |   0 |  0 |   0 |  40 | 3.200000e+01 | 6.210000e+01 |  94.06%|   0.31%
 67.4s|200000 | 47747 |530647 |   2.7 |    54M | 134 | 451 | 540 | 540 |   0 |  0 |   0 |  40 | 3.200000e+01 | 6.210000e+01 |  94.06%|   0.31%
 67.5s|200100 | 47773 |530873 |   2.7 |    54M | 134 | 451 | 540 | 540 |   0 |  0 |   0 |  40 | 3.200000e+01 | 6.210000e+01 |  94.06%|   0.31%
 67.5s|200200 | 47803 |531129 |   2.7 |    54M | 134 | 451 | 540 | 540 |   0 |  0 |   0 |  40 | 3.200000e+01 | 6.210000e+01 |  94.06%|   0.31%
 67.5s|200300 | 47829 |531372 |   2.7 |    54M | 134 | 451 | 540 | 540 |   0 |  0 |   0 |  40 | 3.200000e+01 | 6.210000e+01 |  94.06%|   0.31%
 67.6s|200400 | 47873 |531628 |   2.7 |    55M | 134 | 451 | 540 | 540 |   0 |  0 |   0 |  40 | 3.200000e+01 | 6.210000e+01 |  94.06%|   0.31%
 67.6s|200500 | 47901 |531889 |   2.7 |    55M | 134 | 451 | 540 | 540 |   0 |  0 |   0 |  40 | 3.200000e+01 | 6.210000e+01 |  94.06%|   0.31%
 67.6s|200600 | 47927 |532103 |   2.7 |    55M | 134 | 451 | 540 | 540 |   0 |  0 |   0 |  40 | 3.200000e+01 | 6.210000e+01 |  94.06%|   0.31%
 67.7s|200700 | 47957 |532328 |   2.7 |    55M | 134 | 451 | 540 | 540 |   0 |  0 |   0 |  40 | 3.200000e+01 | 6.210000e+01 |  94.06%|   0.31%
 67.7s|200800 | 48005 |532591 |   2.7 |    55M | 134 | 451 | 540 | 540 |   0 |  0 |   0 |  40 | 3.200000e+01 | 6.210000e+01 |  94.06%|   0.31%
 time | node  | left  |LP iter|LP it/n|mem/heur|mdpt |vars |cons |rows |cuts |sepa|confs|strbr|  dualbound   | primalbound  |  gap   | compl. 
 67.8s|200900 | 48037 |532846 |   2.7 |    55M | 134 | 451 | 540 | 540 |   0 |  0 |   0 |  40 | 3.200000e+01 | 6.210000e+01 |  94.06%|   0.31%
 67.8s|201000 | 48065 |533042 |   2.7 |    55M | 134 | 451 | 540 | 540 |   0 |  0 |   0 |  40 | 3.200000e+01 | 6.210000e+01 |  94.06%|   0.31%
 67.8s|201100 | 48085 |533313 |   2.7 |    55M | 134 | 451 | 540 | 540 |   0 |  0 |   0 |  40 | 3.200000e+01 | 6.210000e+01 |  94.06%|   0.31%
 67.9s|201200 | 48117 |533557 |   2.7 |    55M | 134 | 451 | 540 | 540 |   0 |  0 |   0 |  40 | 3.200000e+01 | 6.210000e+01 |  94.06%|   0.31%
 67.9s|201300 | 48139 |533847 |   2.7 |    55M | 134 | 451 | 540 | 540 |   0 |  0 |   0 |  40 | 3.200000e+01 | 6.210000e+01 |  94.06%|   0.31%
 67.9s|201400 | 48165 |534085 |   2.7 |    55M | 134 | 451 | 540 | 540 |   0 |  0 |   0 |  40 | 3.200000e+01 | 6.210000e+01 |  94.06%|   0.31%
 68.0s|201500 | 48195 |534353 |   2.7 |    55M | 134 | 451 | 540 | 540 |   0 |  0 |   0 |  40 | 3.200000e+01 | 6.210000e+01 |  94.06%|   0.31%
 68.0s|201600 | 48223 |534587 |   2.7 |    56M | 134 | 451 | 540 | 540 |   0 |  0 |   0 |  40 | 3.200000e+01 | 6.210000e+01 |  94.06%|   0.31%
 68.0s|201700 | 48247 |534810 |   2.7 |    56M | 134 | 451 | 540 | 540 |   0 |  0 |   0 |  40 | 3.200000e+01 | 6.210000e+01 |  94.06%|   0.31%
 68.1s|201800 | 48271 |535058 |   2.7 |    56M | 134 | 451 | 540 | 540 |   0 |  0 |   0 |  40 | 3.200000e+01 | 6.210000e+01 |  94.06%|   0.31%
 68.1s|201900 | 48305 |535327 |   2.7 |    56M | 134 | 451 | 540 | 540 |   0 |  0 |   0 |  40 | 3.200000e+01 | 6.210000e+01 |  94.06%|   0.31%
 68.1s|202000 | 48343 |535566 |   2.7 |    56M | 134 | 451 | 540 | 540 |   0 |  0 |   0 |  40 | 3.200000e+01 | 6.210000e+01 |  94.06%|   0.31%
 68.2s|202100 | 48379 |535823 |   2.7 |    56M | 134 | 451 | 540 | 540 |   0 |  0 |   0 |  40 | 3.200000e+01 | 6.210000e+01 |  94.06%|   0.31%
 68.2s|202200 | 48411 |536090 |   2.7 |    56M | 134 | 451 | 540 | 540 |   0 |  0 |   0 |  40 | 3.200000e+01 | 6.210000e+01 |  94.06%|   0.31%
 68.3s|202300 | 48437 |536341 |   2.7 |    56M | 134 | 451 | 540 | 540 |   0 |  0 |   0 |  40 | 3.200000e+01 | 6.210000e+01 |  94.06%|   0.31%
 time | node  | left  |LP iter|LP it/n|mem/heur|mdpt |vars |cons |rows |cuts |sepa|confs|strbr|  dualbound   | primalbound  |  gap   | compl. 
 68.3s|202400 | 48467 |536587 |   2.7 |    56M | 134 | 451 | 540 | 540 |   0 |  0 |   0 |  40 | 3.200000e+01 | 6.210000e+01 |  94.06%|   0.31%
 68.3s|202500 | 48497 |536801 |   2.7 |    56M | 134 | 451 | 540 | 540 |   0 |  0 |   0 |  40 | 3.200000e+01 | 6.210000e+01 |  94.06%|   0.31%
 68.4s|202600 | 48531 |537073 |   2.7 |    56M | 134 | 451 | 540 | 540 |   0 |  0 |   0 |  40 | 3.200000e+01 | 6.210000e+01 |  94.06%|   0.31%
 68.4s|202700 | 48561 |537326 |   2.7 |    56M | 134 | 451 | 540 | 540 |   0 |  0 |   0 |  40 | 3.200000e+01 | 6.210000e+01 |  94.06%|   0.31%
 68.4s|202800 | 48593 |537591 |   2.7 |    56M | 134 | 451 | 540 | 540 |   0 |  0 |   0 |  40 | 3.200000e+01 | 6.210000e+01 |  94.06%|   0.31%
 68.5s|202900 | 48621 |537812 |   2.6 |    56M | 134 | 451 | 540 | 540 |   0 |  0 |   0 |  40 | 3.200000e+01 | 6.210000e+01 |  94.06%|   0.31%
 68.5s|203000 | 48653 |538079 |   2.6 |    56M | 134 | 451 | 540 | 540 |   0 |  0 |   0 |  40 | 3.200000e+01 | 6.210000e+01 |  94.06%|   0.31%
 68.5s|203100 | 48679 |538287 |   2.6 |    56M | 134 | 451 | 540 | 540 |   0 |  0 |   0 |  40 | 3.200000e+01 | 6.210000e+01 |  94.06%|   0.31%
 68.6s|203200 | 48713 |538492 |   2.6 |    56M | 134 | 451 | 540 | 540 |   0 |  0 |   0 |  40 | 3.200000e+01 | 6.210000e+01 |  94.06%|   0.31%
 68.6s|203300 | 48741 |538723 |   2.6 |    56M | 134 | 451 | 540 | 540 |   0 |  0 |   0 |  40 | 3.200000e+01 | 6.210000e+01 |  94.06%|   0.31%
 68.6s|203400 | 48763 |538948 |   2.6 |    56M | 134 | 451 | 540 | 540 |   0 |  0 |   0 |  40 | 3.200000e+01 | 6.210000e+01 |  94.06%|   0.31%
 68.7s|203500 | 48797 |539210 |   2.6 |    56M | 134 | 451 | 540 | 540 |   0 |  0 |   0 |  40 | 3.200000e+01 | 6.210000e+01 |  94.06%|   0.31%
 68.7s|203600 | 48823 |539459 |   2.6 |    56M | 134 | 451 | 540 | 540 |   0 |  0 |   0 |  40 | 3.200000e+01 | 6.210000e+01 |  94.06%|   0.31%
 68.7s|203700 | 48853 |539728 |   2.6 |    56M | 134 | 451 | 540 | 540 |   0 |  0 |   0 |  40 | 3.200000e+01 | 6.210000e+01 |  94.06%|   0.31%
 68.8s|203800 | 48875 |540004 |   2.6 |    56M | 134 | 451 | 540 | 540 |   0 |  0 |   0 |  40 | 3.200000e+01 | 6.210000e+01 |  94.06%|   0.31%
 time | node  | left  |LP iter|LP it/n|mem/heur|mdpt |vars |cons |rows |cuts |sepa|confs|strbr|  dualbound   | primalbound  |  gap   | compl. 
 68.8s|203900 | 48903 |540220 |   2.6 |    56M | 134 | 451 | 540 | 540 |   0 |  0 |   0 |  40 | 3.200000e+01 | 6.210000e+01 |  94.06%|   0.31%
 68.8s|204000 | 48931 |540503 |   2.6 |    56M | 134 | 451 | 540 | 540 |   0 |  0 |   0 |  40 | 3.200000e+01 | 6.210000e+01 |  94.06%|   0.31%
 68.9s|204100 | 48959 |540771 |   2.6 |    56M | 134 | 451 | 540 | 540 |   0 |  0 |   0 |  40 | 3.200000e+01 | 6.210000e+01 |  94.06%|   0.31%
 68.9s|204200 | 48995 |541058 |   2.6 |    56M | 134 | 451 | 540 | 540 |   0 |  0 |   0 |  40 | 3.200000e+01 | 6.210000e+01 |  94.06%|   0.31%
 68.9s|204300 | 49023 |541313 |   2.6 |    56M | 134 | 451 | 540 | 540 |   0 |  0 |   0 |  40 | 3.200000e+01 | 6.210000e+01 |  94.06%|   0.31%
 69.0s|204400 | 49051 |541558 |   2.6 |    56M | 134 | 451 | 540 | 540 |   0 |  0 |   0 |  40 | 3.200000e+01 | 6.210000e+01 |  94.06%|   0.31%
 69.0s|204500 | 49079 |541826 |   2.6 |    56M | 134 | 451 | 540 | 540 |   0 |  0 |   0 |  40 | 3.200000e+01 | 6.210000e+01 |  94.06%|   0.31%
 69.0s|204600 | 49107 |542057 |   2.6 |    56M | 134 | 451 | 540 | 540 |   0 |  0 |   0 |  40 | 3.200000e+01 | 6.210000e+01 |  94.06%|   0.31%
 69.1s|204700 | 49139 |542318 |   2.6 |    56M | 134 | 451 | 540 | 540 |   0 |  0 |   0 |  40 | 3.200000e+01 | 6.210000e+01 |  94.06%|   0.31%
 69.1s|204800 | 49167 |542523 |   2.6 |    57M | 134 | 451 | 540 | 540 |   0 |  0 |   0 |  40 | 3.200000e+01 | 6.210000e+01 |  94.06%|   0.31%
 69.1s|204900 | 49197 |542785 |   2.6 |    57M | 134 | 451 | 540 | 540 |   0 |  0 |   0 |  40 | 3.200000e+01 | 6.210000e+01 |  94.06%|   0.31%
 69.2s|205000 | 49227 |543041 |   2.6 |    57M | 134 | 451 | 540 | 540 |   0 |  0 |   0 |  40 | 3.200000e+01 | 6.210000e+01 |  94.06%|   0.31%
 69.2s|205100 | 49251 |543281 |   2.6 |    57M | 134 | 451 | 540 | 540 |   0 |  0 |   0 |  40 | 3.200000e+01 | 6.210000e+01 |  94.06%|   0.31%
 69.2s|205200 | 49285 |543523 |   2.6 |    57M | 134 | 451 | 540 | 540 |   0 |  0 |   0 |  40 | 3.200000e+01 | 6.210000e+01 |  94.06%|   0.31%
 69.3s|205300 | 49309 |543780 |   2.6 |    57M | 134 | 451 | 540 | 540 |   0 |  0 |   0 |  40 | 3.200000e+01 | 6.210000e+01 |  94.06%|   0.31%
 time | node  | left  |LP iter|LP it/n|mem/heur|mdpt |vars |cons |rows |cuts |sepa|confs|strbr|  dualbound   | primalbound  |  gap   | compl. 
 69.3s|205400 | 49331 |544037 |   2.6 |    57M | 134 | 451 | 540 | 540 |   0 |  0 |   0 |  40 | 3.200000e+01 | 6.210000e+01 |  94.06%|   0.31%
 69.3s|205500 | 49361 |544307 |   2.6 |    57M | 134 | 451 | 540 | 540 |   0 |  0 |   0 |  40 | 3.200000e+01 | 6.210000e+01 |  94.06%|   0.31%
 69.4s|205600 | 49391 |544549 |   2.6 |    57M | 134 | 451 | 540 | 540 |   0 |  0 |   0 |  40 | 3.200000e+01 | 6.210000e+01 |  94.06%|   0.31%
 69.4s|205700 | 49423 |544809 |   2.6 |    57M | 134 | 451 | 540 | 540 |   0 |  0 |   0 |  40 | 3.200000e+01 | 6.210000e+01 |  94.06%|   0.31%
 69.5s|205800 | 49451 |545133 |   2.6 |    57M | 134 | 451 | 540 | 540 |   0 |  0 |   0 |  40 | 3.200000e+01 | 6.210000e+01 |  94.06%|   0.31%
 69.5s|205900 | 49477 |545440 |   2.6 |    57M | 134 | 451 | 540 | 540 |   0 |  0 |   0 |  40 | 3.200000e+01 | 6.210000e+01 |  94.06%|   0.31%
 69.5s|206000 | 49501 |545699 |   2.6 |    57M | 134 | 451 | 540 | 540 |   0 |  0 |   0 |  40 | 3.200000e+01 | 6.210000e+01 |  94.06%|   0.31%
 69.6s|206100 | 49537 |545946 |   2.6 |    57M | 134 | 451 | 540 | 540 |   0 |  0 |   0 |  40 | 3.200000e+01 | 6.210000e+01 |  94.06%|   0.31%
 69.6s|206200 | 49565 |546203 |   2.6 |    57M | 134 | 451 | 540 | 540 |   0 |  0 |   0 |  40 | 3.200000e+01 | 6.210000e+01 |  94.06%|   0.31%
 69.6s|206300 | 49593 |546493 |   2.6 |    57M | 134 | 451 | 540 | 540 |   0 |  0 |   0 |  40 | 3.200000e+01 | 6.210000e+01 |  94.06%|   0.31%
 69.7s|206400 | 49623 |546757 |   2.6 |    57M | 134 | 451 | 540 | 540 |   0 |  0 |   0 |  40 | 3.200000e+01 | 6.210000e+01 |  94.06%|   0.31%
 69.7s|206500 | 49647 |547047 |   2.6 |    57M | 134 | 451 | 540 | 540 |   0 |  0 |   0 |  40 | 3.200000e+01 | 6.210000e+01 |  94.06%|   0.31%
 69.7s|206600 | 49671 |547324 |   2.6 |    57M | 134 | 451 | 540 | 540 |   0 |  0 |   0 |  40 | 3.200000e+01 | 6.210000e+01 |  94.06%|   0.31%
 69.8s|206700 | 49691 |547625 |   2.6 |    57M | 134 | 451 | 540 | 540 |   0 |  0 |   0 |  40 | 3.200000e+01 | 6.210000e+01 |  94.06%|   0.31%
 69.8s|206800 | 49721 |547867 |   2.6 |    57M | 134 | 451 | 540 | 540 |   0 |  0 |   0 |  40 | 3.200000e+01 | 6.210000e+01 |  94.06%|   0.31%
 time | node  | left  |LP iter|LP it/n|mem/heur|mdpt |vars |cons |rows |cuts |sepa|confs|strbr|  dualbound   | primalbound  |  gap   | compl. 
 69.8s|206900 | 49749 |548162 |   2.6 |    57M | 134 | 451 | 540 | 540 |   0 |  0 |   0 |  40 | 3.200000e+01 | 6.210000e+01 |  94.06%|   0.31%
 69.9s|207000 | 49777 |548415 |   2.6 |    57M | 134 | 451 | 540 | 540 |   0 |  0 |   0 |  40 | 3.200000e+01 | 6.210000e+01 |  94.06%|   0.31%
 69.9s|207100 | 49805 |548691 |   2.6 |    57M | 134 | 451 | 540 | 540 |   0 |  0 |   0 |  40 | 3.200000e+01 | 6.210000e+01 |  94.06%|   0.31%
 69.9s|207200 | 49827 |548998 |   2.6 |    57M | 134 | 451 | 540 | 540 |   0 |  0 |   0 |  40 | 3.200000e+01 | 6.210000e+01 |  94.06%|   0.31%
 70.0s|207300 | 49859 |549310 |   2.6 |    57M | 134 | 451 | 540 | 540 |   0 |  0 |   0 |  40 | 3.200000e+01 | 6.210000e+01 |  94.06%|   0.31%
 70.0s|207400 | 49883 |549609 |   2.6 |    57M | 134 | 451 | 540 | 540 |   0 |  0 |   0 |  40 | 3.200000e+01 | 6.210000e+01 |  94.06%|   0.31%
 70.0s|207500 | 49915 |549848 |   2.6 |    57M | 134 | 451 | 540 | 540 |   0 |  0 |   0 |  40 | 3.200000e+01 | 6.210000e+01 |  94.06%|   0.31%
 70.1s|207600 | 49943 |550089 |   2.6 |    57M | 134 | 451 | 540 | 540 |   0 |  0 |   0 |  40 | 3.200000e+01 | 6.210000e+01 |  94.06%|   0.31%
 70.1s|207700 | 49975 |550329 |   2.6 |    57M | 134 | 451 | 540 | 540 |   0 |  0 |   0 |  40 | 3.200000e+01 | 6.210000e+01 |  94.06%|   0.31%
 70.1s|207800 | 49993 |550576 |   2.6 |    57M | 134 | 451 | 540 | 540 |   0 |  0 |   0 |  40 | 3.200000e+01 | 6.210000e+01 |  94.06%|   0.31%
 70.2s|207900 | 50019 |550808 |   2.6 |    57M | 134 | 451 | 540 | 540 |   0 |  0 |   0 |  40 | 3.200000e+01 | 6.210000e+01 |  94.06%|   0.31%
 70.2s|208000 | 50047 |551055 |   2.6 |    57M | 134 | 451 | 540 | 540 |   0 |  0 |   0 |  40 | 3.200000e+01 | 6.210000e+01 |  94.06%|   0.31%
 70.2s|208100 | 50073 |551357 |   2.6 |    57M | 134 | 451 | 540 | 540 |   0 |  0 |   0 |  40 | 3.200000e+01 | 6.210000e+01 |  94.06%|   0.31%
 70.3s|208200 | 50101 |551632 |   2.6 |    57M | 134 | 451 | 540 | 540 |   0 |  0 |   0 |  40 | 3.200000e+01 | 6.210000e+01 |  94.06%|   0.31%
 70.3s|208300 | 50127 |551926 |   2.6 |    57M | 134 | 451 | 540 | 540 |   0 |  0 |   0 |  40 | 3.200000e+01 | 6.210000e+01 |  94.06%|   0.31%
 time | node  | left  |LP iter|LP it/n|mem/heur|mdpt |vars |cons |rows |cuts |sepa|confs|strbr|  dualbound   | primalbound  |  gap   | compl. 
 70.3s|208400 | 50151 |552259 |   2.6 |    57M | 134 | 451 | 540 | 540 |   0 |  0 |   0 |  40 | 3.200000e+01 | 6.210000e+01 |  94.06%|   0.31%
 70.4s|208500 | 50179 |552556 |   2.6 |    57M | 134 | 451 | 540 | 540 |   0 |  0 |   0 |  40 | 3.200000e+01 | 6.210000e+01 |  94.06%|   0.31%
 70.4s|208600 | 50209 |552810 |   2.6 |    57M | 134 | 451 | 540 | 540 |   0 |  0 |   0 |  40 | 3.200000e+01 | 6.210000e+01 |  94.06%|   0.31%
 70.4s|208700 | 50233 |553081 |   2.6 |    57M | 134 | 451 | 540 | 540 |   0 |  0 |   0 |  40 | 3.200000e+01 | 6.210000e+01 |  94.06%|   0.31%
 70.5s|208800 | 50253 |553397 |   2.6 |    57M | 134 | 451 | 540 | 540 |   0 |  0 |   0 |  40 | 3.200000e+01 | 6.210000e+01 |  94.06%|   0.31%
 70.5s|208900 | 50273 |553648 |   2.6 |    57M | 134 | 451 | 540 | 540 |   0 |  0 |   0 |  40 | 3.200000e+01 | 6.210000e+01 |  94.06%|   0.31%
 70.5s|209000 | 50293 |553883 |   2.6 |    57M | 134 | 451 | 540 | 540 |   0 |  0 |   0 |  40 | 3.200000e+01 | 6.210000e+01 |  94.06%|   0.31%
 70.6s|209100 | 50317 |554127 |   2.6 |    57M | 134 | 451 | 540 | 540 |   0 |  0 |   0 |  40 | 3.200000e+01 | 6.210000e+01 |  94.06%|   0.31%
 70.6s|209200 | 50337 |554426 |   2.6 |    57M | 134 | 451 | 540 | 540 |   0 |  0 |   0 |  40 | 3.200000e+01 | 6.210000e+01 |  94.06%|   0.31%
 70.6s|209300 | 50357 |554736 |   2.6 |    57M | 134 | 451 | 540 | 540 |   0 |  0 |   0 |  40 | 3.200000e+01 | 6.210000e+01 |  94.06%|   0.31%
 70.7s|209400 | 50383 |555033 |   2.6 |    57M | 134 | 451 | 540 | 540 |   0 |  0 |   0 |  40 | 3.200000e+01 | 6.210000e+01 |  94.06%|   0.31%
 70.7s|209500 | 50407 |555281 |   2.6 |    57M | 134 | 451 | 540 | 540 |   0 |  0 |   0 |  40 | 3.200000e+01 | 6.210000e+01 |  94.06%|   0.31%
 70.7s|209600 | 50433 |555533 |   2.6 |    57M | 134 | 451 | 540 | 540 |   0 |  0 |   0 |  40 | 3.200000e+01 | 6.210000e+01 |  94.06%|   0.31%
 70.8s|209700 | 50461 |555776 |   2.6 |    57M | 134 | 451 | 540 | 540 |   0 |  0 |   0 |  40 | 3.200000e+01 | 6.210000e+01 |  94.06%|   0.31%
 70.8s|209800 | 50485 |556038 |   2.6 |    57M | 134 | 451 | 540 | 540 |   0 |  0 |   0 |  40 | 3.200000e+01 | 6.210000e+01 |  94.06%|   0.31%
 time | node  | left  |LP iter|LP it/n|mem/heur|mdpt |vars |cons |rows |cuts |sepa|confs|strbr|  dualbound   | primalbound  |  gap   | compl. 
 70.9s|209900 | 50511 |556290 |   2.6 |    57M | 134 | 451 | 540 | 540 |   0 |  0 |   0 |  40 | 3.200000e+01 | 6.210000e+01 |  94.06%|   0.31%
 70.9s|210000 | 50535 |556525 |   2.6 |    57M | 134 | 451 | 540 | 540 |   0 |  0 |   0 |  40 | 3.200000e+01 | 6.210000e+01 |  94.06%|   0.31%
 70.9s|210100 | 50563 |556864 |   2.6 |    57M | 134 | 451 | 540 | 540 |   0 |  0 |   0 |  40 | 3.200000e+01 | 6.210000e+01 |  94.06%|   0.31%
 71.0s|210200 | 50591 |557134 |   2.6 |    57M | 134 | 451 | 540 | 540 |   0 |  0 |   0 |  40 | 3.200000e+01 | 6.210000e+01 |  94.06%|   0.31%
 71.0s|210300 | 50617 |557352 |   2.6 |    57M | 134 | 451 | 540 | 540 |   0 |  0 |   0 |  40 | 3.200000e+01 | 6.210000e+01 |  94.06%|   0.31%
 71.0s|210400 | 50641 |557640 |   2.6 |    57M | 134 | 451 | 540 | 540 |   0 |  0 |   0 |  40 | 3.200000e+01 | 6.210000e+01 |  94.06%|   0.31%
 71.1s|210500 | 50669 |557888 |   2.6 |    57M | 134 | 451 | 540 | 540 |   0 |  0 |   0 |  40 | 3.200000e+01 | 6.210000e+01 |  94.06%|   0.31%
 71.1s|210600 | 50695 |558207 |   2.6 |    57M | 134 | 451 | 540 | 540 |   0 |  0 |   0 |  40 | 3.200000e+01 | 6.210000e+01 |  94.06%|   0.31%
 71.1s|210700 | 50717 |558468 |   2.6 |    57M | 134 | 451 | 540 | 540 |   0 |  0 |   0 |  40 | 3.200000e+01 | 6.210000e+01 |  94.06%|   0.31%
 71.2s|210800 | 50737 |558738 |   2.6 |    57M | 134 | 451 | 540 | 540 |   0 |  0 |   0 |  40 | 3.200000e+01 | 6.210000e+01 |  94.06%|   0.31%
 71.2s|210900 | 50759 |559058 |   2.7 |    57M | 134 | 451 | 540 | 540 |   0 |  0 |   0 |  40 | 3.200000e+01 | 6.210000e+01 |  94.06%|   0.31%
 71.2s|211000 | 50787 |559359 |   2.7 |    57M | 134 | 451 | 540 | 540 |   0 |  0 |   0 |  40 | 3.200000e+01 | 6.210000e+01 |  94.06%|   0.31%
 71.3s|211100 | 50811 |559600 |   2.7 |    57M | 134 | 451 | 540 | 540 |   0 |  0 |   0 |  40 | 3.200000e+01 | 6.210000e+01 |  94.06%|   0.31%
 71.3s|211200 | 50835 |559844 |   2.7 |    57M | 134 | 451 | 540 | 540 |   0 |  0 |   0 |  40 | 3.200000e+01 | 6.210000e+01 |  94.06%|   0.31%
 71.3s|211300 | 50861 |560093 |   2.6 |    57M | 134 | 451 | 540 | 540 |   0 |  0 |   0 |  40 | 3.200000e+01 | 6.210000e+01 |  94.06%|   0.31%
 time | node  | left  |LP iter|LP it/n|mem/heur|mdpt |vars |cons |rows |cuts |sepa|confs|strbr|  dualbound   | primalbound  |  gap   | compl. 
 71.4s|211400 | 50883 |560351 |   2.6 |    57M | 134 | 451 | 540 | 540 |   0 |  0 |   0 |  40 | 3.200000e+01 | 6.210000e+01 |  94.06%|   0.31%
 71.4s|211500 | 50905 |560616 |   2.6 |    57M | 134 | 451 | 540 | 540 |   0 |  0 |   0 |  40 | 3.200000e+01 | 6.210000e+01 |  94.06%|   0.31%
 71.4s|211600 | 50927 |560862 |   2.6 |    57M | 134 | 451 | 540 | 540 |   0 |  0 |   0 |  40 | 3.200000e+01 | 6.210000e+01 |  94.06%|   0.31%
 71.5s|211700 | 50949 |561052 |   2.6 |    57M | 134 | 451 | 540 | 540 |   0 |  0 |   0 |  40 | 3.200000e+01 | 6.210000e+01 |  94.06%|   0.31%
 71.5s|211800 | 50975 |561291 |   2.6 |    57M | 134 | 451 | 540 | 540 |   0 |  0 |   0 |  40 | 3.200000e+01 | 6.210000e+01 |  94.06%|   0.31%
 71.5s|211900 | 51007 |561539 |   2.6 |    57M | 134 | 451 | 540 | 540 |   0 |  0 |   0 |  40 | 3.200000e+01 | 6.210000e+01 |  94.06%|   0.31%
 71.6s|212000 | 51037 |561762 |   2.6 |    57M | 134 | 451 | 540 | 540 |   0 |  0 |   0 |  40 | 3.200000e+01 | 6.210000e+01 |  94.06%|   0.31%
 71.6s|212100 | 51059 |561990 |   2.6 |    57M | 134 | 451 | 540 | 540 |   0 |  0 |   0 |  40 | 3.200000e+01 | 6.210000e+01 |  94.06%|   0.31%
 71.6s|212200 | 51081 |562290 |   2.6 |    57M | 134 | 451 | 540 | 540 |   0 |  0 |   0 |  40 | 3.200000e+01 | 6.210000e+01 |  94.06%|   0.31%
 71.7s|212300 | 51105 |562543 |   2.6 |    57M | 134 | 451 | 540 | 540 |   0 |  0 |   0 |  40 | 3.200000e+01 | 6.210000e+01 |  94.06%|   0.31%
 71.7s|212400 | 51133 |562777 |   2.6 |    57M | 134 | 451 | 540 | 540 |   0 |  0 |   0 |  40 | 3.200000e+01 | 6.210000e+01 |  94.06%|   0.31%
 71.7s|212500 | 51157 |563039 |   2.6 |    57M | 134 | 451 | 540 | 540 |   0 |  0 |   0 |  40 | 3.200000e+01 | 6.210000e+01 |  94.06%|   0.31%
 71.8s|212600 | 51181 |563317 |   2.6 |    57M | 134 | 451 | 540 | 540 |   0 |  0 |   0 |  40 | 3.200000e+01 | 6.210000e+01 |  94.06%|   0.31%
 71.8s|212700 | 51209 |563588 |   2.6 |    57M | 134 | 451 | 540 | 540 |   0 |  0 |   0 |  40 | 3.200000e+01 | 6.210000e+01 |  94.06%|   0.31%
 71.8s|212800 | 51239 |563838 |   2.6 |    58M | 134 | 451 | 540 | 540 |   0 |  0 |   0 |  40 | 3.200000e+01 | 6.210000e+01 |  94.06%|   0.31%
 time | node  | left  |LP iter|LP it/n|mem/heur|mdpt |vars |cons |rows |cuts |sepa|confs|strbr|  dualbound   | primalbound  |  gap   | compl. 
 71.9s|212900 | 51257 |564106 |   2.6 |    58M | 134 | 451 | 540 | 540 |   0 |  0 |   0 |  40 | 3.200000e+01 | 6.210000e+01 |  94.06%|   0.31%
 71.9s|213000 | 51281 |564358 |   2.6 |    58M | 134 | 451 | 540 | 540 |   0 |  0 |   0 |  40 | 3.200000e+01 | 6.210000e+01 |  94.06%|   0.31%
 71.9s|213100 | 51303 |564640 |   2.6 |    58M | 134 | 451 | 540 | 540 |   0 |  0 |   0 |  40 | 3.200000e+01 | 6.210000e+01 |  94.06%|   0.31%
 72.0s|213200 | 51323 |564913 |   2.6 |    58M | 134 | 451 | 540 | 540 |   0 |  0 |   0 |  40 | 3.200000e+01 | 6.210000e+01 |  94.06%|   0.31%
 72.0s|213300 | 51351 |565159 |   2.6 |    58M | 134 | 451 | 540 | 540 |   0 |  0 |   0 |  40 | 3.200000e+01 | 6.210000e+01 |  94.06%|   0.31%
 72.0s|213400 | 51379 |565417 |   2.6 |    58M | 134 | 451 | 540 | 540 |   0 |  0 |   0 |  40 | 3.200000e+01 | 6.210000e+01 |  94.06%|   0.31%
 72.1s|213500 | 51403 |565701 |   2.6 |    58M | 134 | 451 | 540 | 540 |   0 |  0 |   0 |  40 | 3.200000e+01 | 6.210000e+01 |  94.06%|   0.31%
 72.1s|213600 | 51431 |565937 |   2.6 |    58M | 134 | 451 | 540 | 540 |   0 |  0 |   0 |  40 | 3.200000e+01 | 6.210000e+01 |  94.06%|   0.31%
 72.1s|213700 | 51449 |566279 |   2.6 |    58M | 134 | 451 | 540 | 540 |   0 |  0 |   0 |  40 | 3.200000e+01 | 6.210000e+01 |  94.06%|   0.31%
 72.2s|213800 | 51475 |566536 |   2.6 |    59M | 134 | 451 | 540 | 540 |   0 |  0 |   0 |  40 | 3.200000e+01 | 6.210000e+01 |  94.06%|   0.31%
 72.2s|213900 | 51503 |566780 |   2.6 |    59M | 134 | 451 | 540 | 540 |   0 |  0 |   0 |  40 | 3.200000e+01 | 6.210000e+01 |  94.06%|   0.31%
 72.2s|214000 | 51529 |567029 |   2.6 |    59M | 134 | 451 | 540 | 540 |   0 |  0 |   0 |  40 | 3.200000e+01 | 6.210000e+01 |  94.06%|   0.31%
 72.3s|214100 | 51563 |567285 |   2.6 |    59M | 134 | 451 | 540 | 540 |   0 |  0 |   0 |  40 | 3.200000e+01 | 6.210000e+01 |  94.06%|   0.31%
 72.3s|214200 | 51589 |567542 |   2.6 |    59M | 134 | 451 | 540 | 540 |   0 |  0 |   0 |  40 | 3.200000e+01 | 6.210000e+01 |  94.06%|   0.31%
 72.4s|214300 | 51611 |567787 |   2.6 |    59M | 134 | 451 | 540 | 540 |   0 |  0 |   0 |  40 | 3.200000e+01 | 6.210000e+01 |  94.06%|   0.31%
 time | node  | left  |LP iter|LP it/n|mem/heur|mdpt |vars |cons |rows |cuts |sepa|confs|strbr|  dualbound   | primalbound  |  gap   | compl. 
 72.4s|214400 | 51635 |568060 |   2.6 |    59M | 134 | 451 | 540 | 540 |   0 |  0 |   0 |  40 | 3.200000e+01 | 6.210000e+01 |  94.06%|   0.31%
 72.4s|214500 | 51665 |568337 |   2.6 |    59M | 134 | 451 | 540 | 540 |   0 |  0 |   0 |  40 | 3.200000e+01 | 6.210000e+01 |  94.06%|   0.31%
 72.5s|214600 | 51677 |568547 |   2.6 |    59M | 134 | 451 | 540 | 540 |   0 |  0 |   0 |  40 | 3.200000e+01 | 6.210000e+01 |  94.06%|   0.31%
 72.5s|214700 | 51709 |568817 |   2.6 |    59M | 134 | 451 | 540 | 540 |   0 |  0 |   0 |  40 | 3.200000e+01 | 6.210000e+01 |  94.06%|   0.31%
 72.5s|214800 | 51733 |569053 |   2.6 |    59M | 134 | 451 | 540 | 540 |   0 |  0 |   0 |  40 | 3.200000e+01 | 6.210000e+01 |  94.06%|   0.31%
 72.6s|214900 | 51763 |569328 |   2.6 |    59M | 134 | 451 | 540 | 540 |   0 |  0 |   0 |  40 | 3.200000e+01 | 6.210000e+01 |  94.06%|   0.31%
 72.6s|215000 | 51801 |569568 |   2.6 |    59M | 134 | 451 | 540 | 540 |   0 |  0 |   0 |  40 | 3.200000e+01 | 6.210000e+01 |  94.06%|   0.31%
 72.6s|215100 | 51835 |569824 |   2.6 |    59M | 134 | 451 | 540 | 540 |   0 |  0 |   0 |  40 | 3.200000e+01 | 6.210000e+01 |  94.06%|   0.31%
 72.7s|215200 | 51861 |570051 |   2.6 |    60M | 134 | 451 | 540 | 540 |   0 |  0 |   0 |  40 | 3.200000e+01 | 6.210000e+01 |  94.06%|   0.31%
 72.7s|215300 | 51901 |570318 |   2.6 |    60M | 134 | 451 | 540 | 540 |   0 |  0 |   0 |  40 | 3.200000e+01 | 6.210000e+01 |  94.06%|   0.31%
 72.7s|215400 | 51931 |570588 |   2.6 |    60M | 134 | 451 | 540 | 540 |   0 |  0 |   0 |  40 | 3.200000e+01 | 6.210000e+01 |  94.06%|   0.31%
 72.8s|215500 | 51953 |570830 |   2.6 |    60M | 134 | 451 | 540 | 540 |   0 |  0 |   0 |  40 | 3.200000e+01 | 6.210000e+01 |  94.06%|   0.31%
 72.8s|215600 | 51995 |571107 |   2.6 |    60M | 134 | 451 | 540 | 540 |   0 |  0 |   0 |  40 | 3.200000e+01 | 6.210000e+01 |  94.06%|   0.31%
 72.8s|215700 | 52025 |571353 |   2.6 |    60M | 134 | 451 | 540 | 540 |   0 |  0 |   0 |  40 | 3.200000e+01 | 6.210000e+01 |  94.06%|   0.31%
 72.9s|215800 | 52067 |571587 |   2.6 |    60M | 134 | 451 | 540 | 540 |   0 |  0 |   0 |  40 | 3.200000e+01 | 6.210000e+01 |  94.06%|   0.31%
 time | node  | left  |LP iter|LP it/n|mem/heur|mdpt |vars |cons |rows |cuts |sepa|confs|strbr|  dualbound   | primalbound  |  gap   | compl. 
 72.9s|215900 | 52109 |571819 |   2.6 |    60M | 134 | 451 | 540 | 540 |   0 |  0 |   0 |  40 | 3.200000e+01 | 6.210000e+01 |  94.06%|   0.31%
 72.9s|216000 | 52149 |572062 |   2.6 |    60M | 134 | 451 | 540 | 540 |   0 |  0 |   0 |  40 | 3.200000e+01 | 6.210000e+01 |  94.06%|   0.31%
 73.0s|216100 | 52191 |572315 |   2.6 |    60M | 134 | 451 | 540 | 540 |   0 |  0 |   0 |  40 | 3.200000e+01 | 6.210000e+01 |  94.06%|   0.31%
 73.0s|216200 | 52221 |572550 |   2.6 |    60M | 134 | 451 | 540 | 540 |   0 |  0 |   0 |  40 | 3.200000e+01 | 6.210000e+01 |  94.06%|   0.31%
 73.0s|216300 | 52255 |572796 |   2.6 |    60M | 134 | 451 | 540 | 540 |   0 |  0 |   0 |  40 | 3.200000e+01 | 6.210000e+01 |  94.06%|   0.31%
 73.1s|216400 | 52287 |573014 |   2.6 |    60M | 134 | 451 | 540 | 540 |   0 |  0 |   0 |  40 | 3.200000e+01 | 6.210000e+01 |  94.06%|   0.31%
 73.1s|216500 | 52319 |573258 |   2.6 |    60M | 134 | 451 | 540 | 540 |   0 |  0 |   0 |  40 | 3.200000e+01 | 6.210000e+01 |  94.06%|   0.31%
 73.1s|216600 | 52355 |573504 |   2.6 |    60M | 134 | 451 | 540 | 540 |   0 |  0 |   0 |  40 | 3.200000e+01 | 6.210000e+01 |  94.06%|   0.31%
 73.2s|216700 | 52397 |573728 |   2.6 |    60M | 134 | 451 | 540 | 540 |   0 |  0 |   0 |  40 | 3.200000e+01 | 6.210000e+01 |  94.06%|   0.31%
 73.2s|216800 | 52437 |573948 |   2.6 |    60M | 134 | 451 | 540 | 540 |   0 |  0 |   0 |  40 | 3.200000e+01 | 6.210000e+01 |  94.06%|   0.31%
 73.3s|216900 | 52465 |574184 |   2.6 |    60M | 134 | 451 | 540 | 540 |   0 |  0 |   0 |  40 | 3.200000e+01 | 6.210000e+01 |  94.06%|   0.31%
 73.3s|217000 | 52499 |574404 |   2.6 |    60M | 134 | 451 | 540 | 540 |   0 |  0 |   0 |  40 | 3.200000e+01 | 6.210000e+01 |  94.06%|   0.31%
 73.3s|217100 | 52525 |574641 |   2.6 |    60M | 134 | 451 | 540 | 540 |   0 |  0 |   0 |  40 | 3.200000e+01 | 6.210000e+01 |  94.06%|   0.31%
 73.4s|217200 | 52557 |574867 |   2.6 |    60M | 134 | 451 | 540 | 540 |   0 |  0 |   0 |  40 | 3.200000e+01 | 6.210000e+01 |  94.06%|   0.31%
 73.4s|217300 | 52595 |575122 |   2.6 |    60M | 134 | 451 | 540 | 540 |   0 |  0 |   0 |  40 | 3.200000e+01 | 6.210000e+01 |  94.06%|   0.31%
 time | node  | left  |LP iter|LP it/n|mem/heur|mdpt |vars |cons |rows |cuts |sepa|confs|strbr|  dualbound   | primalbound  |  gap   | compl. 
 73.4s|217400 | 52635 |575384 |   2.6 |    60M | 134 | 451 | 540 | 540 |   0 |  0 |   0 |  40 | 3.200000e+01 | 6.210000e+01 |  94.06%|   0.31%
 73.5s|217500 | 52661 |575655 |   2.6 |    60M | 134 | 451 | 540 | 540 |   0 |  0 |   0 |  40 | 3.200000e+01 | 6.210000e+01 |  94.06%|   0.31%
 73.5s|217600 | 52691 |575976 |   2.6 |    60M | 134 | 451 | 540 | 540 |   0 |  0 |   0 |  40 | 3.200000e+01 | 6.210000e+01 |  94.06%|   0.31%
 73.5s|217700 | 52725 |576251 |   2.6 |    60M | 134 | 451 | 540 | 540 |   0 |  0 |   0 |  40 | 3.200000e+01 | 6.210000e+01 |  94.06%|   0.31%
 73.6s|217800 | 52747 |576496 |   2.6 |    60M | 134 | 451 | 540 | 540 |   0 |  0 |   0 |  40 | 3.200000e+01 | 6.210000e+01 |  94.06%|   0.31%
 73.6s|217900 | 52779 |576744 |   2.6 |    60M | 134 | 451 | 540 | 540 |   0 |  0 |   0 |  40 | 3.200000e+01 | 6.210000e+01 |  94.06%|   0.31%
 73.6s|218000 | 52807 |577005 |   2.6 |    60M | 134 | 451 | 540 | 540 |   0 |  0 |   0 |  40 | 3.200000e+01 | 6.210000e+01 |  94.06%|   0.31%
 73.7s|218100 | 52841 |577231 |   2.6 |    60M | 134 | 451 | 540 | 540 |   0 |  0 |   0 |  40 | 3.200000e+01 | 6.210000e+01 |  94.06%|   0.31%
 73.7s|218200 | 52871 |577449 |   2.6 |    60M | 134 | 451 | 540 | 540 |   0 |  0 |   0 |  40 | 3.200000e+01 | 6.210000e+01 |  94.06%|   0.31%
 73.7s|218300 | 52903 |577683 |   2.6 |    60M | 134 | 451 | 540 | 540 |   0 |  0 |   0 |  40 | 3.200000e+01 | 6.210000e+01 |  94.06%|   0.31%
 73.8s|218400 | 52937 |577928 |   2.6 |    60M | 134 | 451 | 540 | 540 |   0 |  0 |   0 |  40 | 3.200000e+01 | 6.210000e+01 |  94.06%|   0.31%
 73.8s|218500 | 52965 |578177 |   2.6 |    60M | 134 | 451 | 540 | 540 |   0 |  0 |   0 |  40 | 3.200000e+01 | 6.210000e+01 |  94.06%|   0.31%
 73.8s|218600 | 52997 |578389 |   2.6 |    60M | 134 | 451 | 540 | 540 |   0 |  0 |   0 |  40 | 3.200000e+01 | 6.210000e+01 |  94.06%|   0.31%
 73.9s|218700 | 53035 |578659 |   2.6 |    60M | 134 | 451 | 540 | 540 |   0 |  0 |   0 |  40 | 3.200000e+01 | 6.210000e+01 |  94.06%|   0.31%
 73.9s|218800 | 53059 |578923 |   2.6 |    60M | 134 | 451 | 540 | 540 |   0 |  0 |   0 |  40 | 3.200000e+01 | 6.210000e+01 |  94.06%|   0.31%
 time | node  | left  |LP iter|LP it/n|mem/heur|mdpt |vars |cons |rows |cuts |sepa|confs|strbr|  dualbound   | primalbound  |  gap   | compl. 
 73.9s|218900 | 53079 |579261 |   2.6 |    60M | 134 | 451 | 540 | 540 |   0 |  0 |   0 |  40 | 3.200000e+01 | 6.210000e+01 |  94.06%|   0.31%
 74.0s|219000 | 53107 |579634 |   2.6 |    60M | 134 | 451 | 540 | 540 |   0 |  0 |   0 |  40 | 3.200000e+01 | 6.210000e+01 |  94.06%|   0.31%
 74.0s|219100 | 53125 |579886 |   2.6 |    60M | 134 | 451 | 540 | 540 |   0 |  0 |   0 |  40 | 3.200000e+01 | 6.210000e+01 |  94.06%|   0.31%
 74.0s|219200 | 53157 |580163 |   2.6 |    60M | 134 | 451 | 540 | 540 |   0 |  0 |   0 |  40 | 3.200000e+01 | 6.210000e+01 |  94.06%|   0.31%
 74.1s|219300 | 53173 |580386 |   2.6 |    60M | 134 | 451 | 540 | 540 |   0 |  0 |   0 |  40 | 3.200000e+01 | 6.210000e+01 |  94.06%|   0.31%
 74.1s|219400 | 53191 |580655 |   2.6 |    60M | 134 | 451 | 540 | 540 |   0 |  0 |   0 |  40 | 3.200000e+01 | 6.210000e+01 |  94.06%|   0.31%
 74.1s|219500 | 53217 |580864 |   2.6 |    60M | 134 | 451 | 540 | 540 |   0 |  0 |   0 |  40 | 3.200000e+01 | 6.210000e+01 |  94.06%|   0.31%
 74.2s|219600 | 53249 |581168 |   2.6 |    60M | 134 | 451 | 540 | 540 |   0 |  0 |   0 |  40 | 3.200000e+01 | 6.210000e+01 |  94.06%|   0.31%
 74.2s|219700 | 53277 |581421 |   2.6 |    60M | 134 | 451 | 540 | 540 |   0 |  0 |   0 |  40 | 3.200000e+01 | 6.210000e+01 |  94.06%|   0.31%
 74.2s|219800 | 53303 |581678 |   2.6 |    60M | 134 | 451 | 540 | 540 |   0 |  0 |   0 |  40 | 3.200000e+01 | 6.210000e+01 |  94.06%|   0.31%
 74.3s|219900 | 53331 |581907 |   2.6 |    60M | 134 | 451 | 540 | 540 |   0 |  0 |   0 |  40 | 3.200000e+01 | 6.210000e+01 |  94.06%|   0.31%
 74.3s|220000 | 53363 |582215 |   2.6 |    60M | 134 | 451 | 540 | 540 |   0 |  0 |   0 |  40 | 3.200000e+01 | 6.210000e+01 |  94.06%|   0.31%
 74.3s|220100 | 53397 |582495 |   2.6 |    60M | 134 | 451 | 540 | 540 |   0 |  0 |   0 |  40 | 3.200000e+01 | 6.210000e+01 |  94.06%|   0.31%
 74.4s|220200 | 53435 |582752 |   2.6 |    60M | 134 | 451 | 540 | 540 |   0 |  0 |   0 |  40 | 3.200000e+01 | 6.210000e+01 |  94.06%|   0.31%
 74.4s|220300 | 53453 |583038 |   2.6 |    60M | 134 | 451 | 540 | 540 |   0 |  0 |   0 |  40 | 3.200000e+01 | 6.210000e+01 |  94.06%|   0.31%
 time | node  | left  |LP iter|LP it/n|mem/heur|mdpt |vars |cons |rows |cuts |sepa|confs|strbr|  dualbound   | primalbound  |  gap   | compl. 
 74.5s|220400 | 53485 |583344 |   2.6 |    60M | 134 | 451 | 540 | 540 |   0 |  0 |   0 |  40 | 3.200000e+01 | 6.210000e+01 |  94.06%|   0.31%
 74.5s|220500 | 53503 |583706 |   2.6 |    60M | 134 | 451 | 540 | 540 |   0 |  0 |   0 |  40 | 3.200000e+01 | 6.210000e+01 |  94.06%|   0.31%
 74.5s|220600 | 53527 |584043 |   2.6 |    60M | 134 | 451 | 540 | 540 |   0 |  0 |   0 |  40 | 3.200000e+01 | 6.210000e+01 |  94.06%|   0.31%
 74.6s|220700 | 53555 |584295 |   2.6 |    60M | 134 | 451 | 540 | 540 |   0 |  0 |   0 |  40 | 3.200000e+01 | 6.210000e+01 |  94.06%|   0.31%
 74.6s|220800 | 53575 |584683 |   2.6 |    60M | 134 | 451 | 540 | 540 |   0 |  0 |   0 |  40 | 3.200000e+01 | 6.210000e+01 |  94.06%|   0.31%
 74.6s|220900 | 53593 |584940 |   2.6 |    60M | 134 | 451 | 540 | 540 |   0 |  0 |   0 |  40 | 3.200000e+01 | 6.210000e+01 |  94.06%|   0.31%
 74.7s|221000 | 53611 |585207 |   2.6 |    60M | 134 | 451 | 540 | 540 |   0 |  0 |   0 |  40 | 3.200000e+01 | 6.210000e+01 |  94.06%|   0.31%
 74.7s|221100 | 53637 |585537 |   2.6 |    60M | 134 | 451 | 540 | 540 |   0 |  0 |   0 |  40 | 3.200000e+01 | 6.210000e+01 |  94.06%|   0.31%
 74.7s|221200 | 53659 |585842 |   2.6 |    60M | 134 | 451 | 540 | 540 |   0 |  0 |   0 |  40 | 3.200000e+01 | 6.210000e+01 |  94.06%|   0.31%
 74.8s|221300 | 53671 |586064 |   2.6 |    60M | 134 | 451 | 540 | 540 |   0 |  0 |   0 |  40 | 3.200000e+01 | 6.210000e+01 |  94.06%|   0.31%
 74.8s|221400 | 53697 |586372 |   2.6 |    60M | 134 | 451 | 540 | 540 |   0 |  0 |   0 |  40 | 3.200000e+01 | 6.210000e+01 |  94.06%|   0.31%
 74.8s|221500 | 53717 |586689 |   2.6 |    60M | 134 | 451 | 540 | 540 |   0 |  0 |   0 |  40 | 3.200000e+01 | 6.210000e+01 |  94.06%|   0.31%
 74.9s|221600 | 53747 |586971 |   2.6 |    60M | 134 | 451 | 540 | 540 |   0 |  0 |   0 |  40 | 3.200000e+01 | 6.210000e+01 |  94.06%|   0.31%
 74.9s|221700 | 53763 |587234 |   2.6 |    60M | 134 | 451 | 540 | 540 |   0 |  0 |   0 |  40 | 3.200000e+01 | 6.210000e+01 |  94.06%|   0.31%
 74.9s|221800 | 53779 |587533 |   2.6 |    60M | 134 | 451 | 540 | 540 |   0 |  0 |   0 |  40 | 3.200000e+01 | 6.210000e+01 |  94.06%|   0.31%
 time | node  | left  |LP iter|LP it/n|mem/heur|mdpt |vars |cons |rows |cuts |sepa|confs|strbr|  dualbound   | primalbound  |  gap   | compl. 
 75.0s|221900 | 53797 |587875 |   2.6 |    60M | 134 | 451 | 540 | 540 |   0 |  0 |   0 |  40 | 3.200000e+01 | 6.210000e+01 |  94.06%|   0.31%
 75.0s|222000 | 53823 |588209 |   2.6 |    60M | 134 | 451 | 540 | 540 |   0 |  0 |   0 |  40 | 3.200000e+01 | 6.210000e+01 |  94.06%|   0.31%
 75.0s|222100 | 53849 |588561 |   2.6 |    60M | 134 | 451 | 540 | 540 |   0 |  0 |   0 |  40 | 3.200000e+01 | 6.210000e+01 |  94.06%|   0.31%
 75.1s|222200 | 53867 |588856 |   2.6 |    60M | 134 | 451 | 540 | 540 |   0 |  0 |   0 |  40 | 3.200000e+01 | 6.210000e+01 |  94.06%|   0.31%
 75.1s|222300 | 53889 |589147 |   2.6 |    60M | 134 | 451 | 540 | 540 |   0 |  0 |   0 |  40 | 3.200000e+01 | 6.210000e+01 |  94.06%|   0.31%
 75.1s|222400 | 53915 |589443 |   2.6 |    60M | 134 | 451 | 540 | 540 |   0 |  0 |   0 |  40 | 3.200000e+01 | 6.210000e+01 |  94.06%|   0.31%
 75.2s|222500 | 53933 |589711 |   2.6 |    60M | 134 | 451 | 540 | 540 |   0 |  0 |   0 |  40 | 3.200000e+01 | 6.210000e+01 |  94.06%|   0.31%
 75.2s|222600 | 53957 |589984 |   2.6 |    60M | 134 | 451 | 540 | 540 |   0 |  0 |   0 |  40 | 3.200000e+01 | 6.210000e+01 |  94.06%|   0.31%
 75.2s|222700 | 53979 |590289 |   2.6 |    60M | 134 | 451 | 540 | 540 |   0 |  0 |   0 |  40 | 3.200000e+01 | 6.210000e+01 |  94.06%|   0.31%
 75.3s|222800 | 54009 |590537 |   2.6 |    60M | 134 | 451 | 540 | 540 |   0 |  0 |   0 |  40 | 3.200000e+01 | 6.210000e+01 |  94.06%|   0.31%
 75.3s|222900 | 54037 |590849 |   2.7 |    61M | 134 | 451 | 540 | 540 |   0 |  0 |   0 |  40 | 3.200000e+01 | 6.210000e+01 |  94.06%|   0.31%
 75.4s|223000 | 54061 |591140 |   2.7 |    61M | 134 | 451 | 540 | 540 |   0 |  0 |   0 |  40 | 3.200000e+01 | 6.210000e+01 |  94.06%|   0.31%
 75.4s|223100 | 54083 |591438 |   2.7 |    61M | 134 | 451 | 540 | 540 |   0 |  0 |   0 |  40 | 3.200000e+01 | 6.210000e+01 |  94.06%|   0.31%
 75.4s|223200 | 54107 |591688 |   2.7 |    61M | 134 | 451 | 540 | 540 |   0 |  0 |   0 |  40 | 3.200000e+01 | 6.210000e+01 |  94.06%|   0.31%
 75.5s|223300 | 54127 |591966 |   2.7 |    61M | 134 | 451 | 540 | 540 |   0 |  0 |   0 |  40 | 3.200000e+01 | 6.210000e+01 |  94.06%|   0.31%
 time | node  | left  |LP iter|LP it/n|mem/heur|mdpt |vars |cons |rows |cuts |sepa|confs|strbr|  dualbound   | primalbound  |  gap   | compl. 
 75.5s|223400 | 54161 |592247 |   2.7 |    61M | 134 | 451 | 540 | 540 |   0 |  0 |   0 |  40 | 3.200000e+01 | 6.210000e+01 |  94.06%|   0.31%
 75.5s|223500 | 54183 |592498 |   2.7 |    61M | 134 | 451 | 540 | 540 |   0 |  0 |   0 |  40 | 3.200000e+01 | 6.210000e+01 |  94.06%|   0.31%
 75.6s|223600 | 54201 |592764 |   2.7 |    61M | 134 | 451 | 540 | 540 |   0 |  0 |   0 |  40 | 3.200000e+01 | 6.210000e+01 |  94.06%|   0.31%
 75.6s|223700 | 54223 |593040 |   2.7 |    61M | 134 | 451 | 540 | 540 |   0 |  0 |   0 |  40 | 3.200000e+01 | 6.210000e+01 |  94.06%|   0.31%
 75.6s|223800 | 54251 |593341 |   2.7 |    61M | 134 | 451 | 540 | 540 |   0 |  0 |   0 |  40 | 3.200000e+01 | 6.210000e+01 |  94.06%|   0.31%
 75.7s|223900 | 54271 |593661 |   2.7 |    61M | 134 | 451 | 540 | 540 |   0 |  0 |   0 |  40 | 3.200000e+01 | 6.210000e+01 |  94.06%|   0.31%
 75.7s|224000 | 54291 |593952 |   2.7 |    61M | 134 | 451 | 540 | 540 |   0 |  0 |   0 |  40 | 3.200000e+01 | 6.210000e+01 |  94.06%|   0.31%
 75.7s|224100 | 54315 |594200 |   2.7 |    61M | 134 | 451 | 540 | 540 |   0 |  0 |   0 |  40 | 3.200000e+01 | 6.210000e+01 |  94.06%|   0.31%
 75.8s|224200 | 54335 |594444 |   2.7 |    61M | 134 | 451 | 540 | 540 |   0 |  0 |   0 |  40 | 3.200000e+01 | 6.210000e+01 |  94.06%|   0.31%
 75.8s|224300 | 54361 |594666 |   2.7 |    61M | 134 | 451 | 540 | 540 |   0 |  0 |   0 |  40 | 3.200000e+01 | 6.210000e+01 |  94.06%|   0.31%
 75.8s|224400 | 54381 |594953 |   2.7 |    61M | 134 | 451 | 540 | 540 |   0 |  0 |   0 |  40 | 3.200000e+01 | 6.210000e+01 |  94.06%|   0.31%
 75.9s|224500 | 54407 |595190 |   2.7 |    61M | 134 | 451 | 540 | 540 |   0 |  0 |   0 |  40 | 3.200000e+01 | 6.210000e+01 |  94.06%|   0.31%
 75.9s|224600 | 54417 |595445 |   2.7 |    61M | 134 | 451 | 540 | 540 |   0 |  0 |   0 |  40 | 3.200000e+01 | 6.210000e+01 |  94.06%|   0.31%
 75.9s|224700 | 54439 |595698 |   2.7 |    61M | 134 | 451 | 540 | 540 |   0 |  0 |   0 |  40 | 3.200000e+01 | 6.210000e+01 |  94.06%|   0.31%
 76.0s|224800 | 54467 |595978 |   2.7 |    61M | 134 | 451 | 540 | 540 |   0 |  0 |   0 |  40 | 3.200000e+01 | 6.210000e+01 |  94.06%|   0.31%
 time | node  | left  |LP iter|LP it/n|mem/heur|mdpt |vars |cons |rows |cuts |sepa|confs|strbr|  dualbound   | primalbound  |  gap   | compl. 
 76.0s|224900 | 54491 |596210 |   2.7 |    61M | 134 | 451 | 540 | 540 |   0 |  0 |   0 |  40 | 3.200000e+01 | 6.210000e+01 |  94.06%|   0.31%
 76.0s|225000 | 54511 |596491 |   2.7 |    61M | 134 | 451 | 540 | 540 |   0 |  0 |   0 |  40 | 3.200000e+01 | 6.210000e+01 |  94.06%|   0.31%
 76.1s|225100 | 54527 |596830 |   2.7 |    61M | 134 | 451 | 540 | 540 |   0 |  0 |   0 |  40 | 3.200000e+01 | 6.210000e+01 |  94.06%|   0.31%
 76.1s|225200 | 54547 |597086 |   2.7 |    61M | 134 | 451 | 540 | 540 |   0 |  0 |   0 |  40 | 3.200000e+01 | 6.210000e+01 |  94.06%|   0.31%
 76.1s|225300 | 54557 |597350 |   2.7 |    61M | 134 | 451 | 540 | 540 |   0 |  0 |   0 |  40 | 3.200000e+01 | 6.210000e+01 |  94.06%|   0.31%
 76.2s|225400 | 54571 |597694 |   2.7 |    61M | 134 | 451 | 540 | 540 |   0 |  0 |   0 |  40 | 3.200000e+01 | 6.210000e+01 |  94.06%|   0.31%
 76.2s|225500 | 54587 |597983 |   2.7 |    61M | 134 | 451 | 540 | 540 |   0 |  0 |   0 |  40 | 3.200000e+01 | 6.210000e+01 |  94.06%|   0.31%
 76.2s|225600 | 54613 |598251 |   2.7 |    61M | 134 | 451 | 540 | 540 |   0 |  0 |   0 |  40 | 3.200000e+01 | 6.210000e+01 |  94.06%|   0.31%
 76.3s|225700 | 54639 |598514 |   2.7 |    61M | 134 | 451 | 540 | 540 |   0 |  0 |   0 |  40 | 3.200000e+01 | 6.210000e+01 |  94.06%|   0.31%
 76.3s|225800 | 54653 |598777 |   2.7 |    61M | 134 | 451 | 540 | 540 |   0 |  0 |   0 |  40 | 3.200000e+01 | 6.210000e+01 |  94.06%|   0.31%
 76.3s|225900 | 54669 |599072 |   2.7 |    61M | 134 | 451 | 540 | 540 |   0 |  0 |   0 |  40 | 3.200000e+01 | 6.210000e+01 |  94.06%|   0.31%
 76.4s|226000 | 54689 |599336 |   2.7 |    61M | 134 | 451 | 540 | 540 |   0 |  0 |   0 |  40 | 3.200000e+01 | 6.210000e+01 |  94.06%|   0.31%
 76.4s|226100 | 54709 |599572 |   2.7 |    61M | 134 | 451 | 540 | 540 |   0 |  0 |   0 |  40 | 3.200000e+01 | 6.210000e+01 |  94.06%|   0.31%
 76.4s|226200 | 54725 |599863 |   2.7 |    61M | 134 | 451 | 540 | 540 |   0 |  0 |   0 |  40 | 3.200000e+01 | 6.210000e+01 |  94.06%|   0.31%
 76.5s|226300 | 54743 |600168 |   2.7 |    61M | 134 | 451 | 540 | 540 |   0 |  0 |   0 |  40 | 3.200000e+01 | 6.210000e+01 |  94.06%|   0.31%
 time | node  | left  |LP iter|LP it/n|mem/heur|mdpt |vars |cons |rows |cuts |sepa|confs|strbr|  dualbound   | primalbound  |  gap   | compl. 
 76.5s|226400 | 54763 |600427 |   2.7 |    61M | 134 | 451 | 540 | 540 |   0 |  0 |   0 |  40 | 3.200000e+01 | 6.210000e+01 |  94.06%|   0.31%
 76.5s|226500 | 54777 |600676 |   2.7 |    61M | 134 | 451 | 540 | 540 |   0 |  0 |   0 |  40 | 3.200000e+01 | 6.210000e+01 |  94.06%|   0.31%
 76.6s|226600 | 54805 |600903 |   2.7 |    61M | 134 | 451 | 540 | 540 |   0 |  0 |   0 |  40 | 3.200000e+01 | 6.210000e+01 |  94.06%|   0.31%
 76.6s|226700 | 54815 |601209 |   2.7 |    61M | 134 | 451 | 540 | 540 |   0 |  0 |   0 |  40 | 3.200000e+01 | 6.210000e+01 |  94.06%|   0.31%
 76.6s|226800 | 54839 |601451 |   2.7 |    61M | 134 | 451 | 540 | 540 |   0 |  0 |   0 |  40 | 3.200000e+01 | 6.210000e+01 |  94.06%|   0.31%
 76.7s|226900 | 54869 |601728 |   2.7 |    61M | 134 | 451 | 540 | 540 |   0 |  0 |   0 |  40 | 3.200000e+01 | 6.210000e+01 |  94.06%|   0.31%
 76.7s|227000 | 54895 |601964 |   2.7 |    61M | 134 | 451 | 540 | 540 |   0 |  0 |   0 |  40 | 3.200000e+01 | 6.210000e+01 |  94.06%|   0.31%
 76.7s|227100 | 54923 |602260 |   2.7 |    61M | 134 | 451 | 540 | 540 |   0 |  0 |   0 |  40 | 3.200000e+01 | 6.210000e+01 |  94.06%|   0.31%
 76.8s|227200 | 54945 |602505 |   2.7 |    61M | 134 | 451 | 540 | 540 |   0 |  0 |   0 |  40 | 3.200000e+01 | 6.210000e+01 |  94.06%|   0.31%
 76.8s|227300 | 54975 |602760 |   2.7 |    61M | 134 | 451 | 540 | 540 |   0 |  0 |   0 |  40 | 3.200000e+01 | 6.210000e+01 |  94.06%|   0.31%
 76.8s|227400 | 55005 |602984 |   2.7 |    61M | 134 | 451 | 540 | 540 |   0 |  0 |   0 |  40 | 3.200000e+01 | 6.210000e+01 |  94.06%|   0.31%
 76.9s|227500 | 55031 |603265 |   2.7 |    61M | 134 | 451 | 540 | 540 |   0 |  0 |   0 |  40 | 3.200000e+01 | 6.210000e+01 |  94.06%|   0.31%
 76.9s|227600 | 55055 |603561 |   2.7 |    61M | 134 | 451 | 540 | 540 |   0 |  0 |   0 |  40 | 3.200000e+01 | 6.210000e+01 |  94.06%|   0.31%
 76.9s|227700 | 55079 |603805 |   2.7 |    61M | 134 | 451 | 540 | 540 |   0 |  0 |   0 |  40 | 3.200000e+01 | 6.210000e+01 |  94.06%|   0.31%
 77.0s|227800 | 55097 |604021 |   2.7 |    61M | 134 | 451 | 540 | 540 |   0 |  0 |   0 |  40 | 3.200000e+01 | 6.210000e+01 |  94.06%|   0.31%
 time | node  | left  |LP iter|LP it/n|mem/heur|mdpt |vars |cons |rows |cuts |sepa|confs|strbr|  dualbound   | primalbound  |  gap   | compl. 
 77.0s|227900 | 55121 |604288 |   2.7 |    61M | 134 | 451 | 540 | 540 |   0 |  0 |   0 |  40 | 3.200000e+01 | 6.210000e+01 |  94.06%|   0.31%
 77.0s|228000 | 55153 |604519 |   2.7 |    61M | 134 | 451 | 540 | 540 |   0 |  0 |   0 |  40 | 3.200000e+01 | 6.210000e+01 |  94.06%|   0.31%
 77.1s|228100 | 55175 |604782 |   2.7 |    61M | 134 | 451 | 540 | 540 |   0 |  0 |   0 |  40 | 3.200000e+01 | 6.210000e+01 |  94.06%|   0.31%
 77.1s|228200 | 55203 |605068 |   2.7 |    61M | 134 | 451 | 540 | 540 |   0 |  0 |   0 |  40 | 3.200000e+01 | 6.210000e+01 |  94.06%|   0.31%
 77.1s|228300 | 55227 |605372 |   2.7 |    62M | 134 | 451 | 540 | 540 |   0 |  0 |   0 |  40 | 3.200000e+01 | 6.210000e+01 |  94.06%|   0.31%
 77.2s|228400 | 55251 |605647 |   2.7 |    62M | 134 | 451 | 540 | 540 |   0 |  0 |   0 |  40 | 3.200000e+01 | 6.210000e+01 |  94.06%|   0.31%
 77.2s|228500 | 55267 |605888 |   2.7 |    62M | 134 | 451 | 540 | 540 |   0 |  0 |   0 |  40 | 3.200000e+01 | 6.210000e+01 |  94.06%|   0.31%
 77.2s|228600 | 55281 |606228 |   2.7 |    62M | 134 | 451 | 540 | 540 |   0 |  0 |   0 |  40 | 3.200000e+01 | 6.210000e+01 |  94.06%|   0.31%
 77.3s|228700 | 55315 |606547 |   2.7 |    62M | 134 | 451 | 540 | 540 |   0 |  0 |   0 |  40 | 3.200000e+01 | 6.210000e+01 |  94.06%|   0.31%
 77.3s|228800 | 55335 |606864 |   2.7 |    62M | 134 | 451 | 540 | 540 |   0 |  0 |   0 |  40 | 3.200000e+01 | 6.210000e+01 |  94.06%|   0.31%
 77.3s|228900 | 55361 |607117 |   2.7 |    62M | 134 | 451 | 540 | 540 |   0 |  0 |   0 |  40 | 3.200000e+01 | 6.210000e+01 |  94.06%|   0.31%
 77.4s|229000 | 55397 |607364 |   2.7 |    62M | 134 | 451 | 540 | 540 |   0 |  0 |   0 |  40 | 3.200000e+01 | 6.210000e+01 |  94.06%|   0.31%
 77.4s|229100 | 55417 |607623 |   2.7 |    62M | 134 | 451 | 540 | 540 |   0 |  0 |   0 |  40 | 3.200000e+01 | 6.210000e+01 |  94.06%|   0.31%
 77.4s|229200 | 55439 |607917 |   2.7 |    62M | 134 | 451 | 540 | 540 |   0 |  0 |   0 |  40 | 3.200000e+01 | 6.210000e+01 |  94.06%|   0.31%
 77.5s|229300 | 55455 |608196 |   2.7 |    62M | 134 | 451 | 540 | 540 |   0 |  0 |   0 |  40 | 3.200000e+01 | 6.210000e+01 |  94.06%|   0.31%
 time | node  | left  |LP iter|LP it/n|mem/heur|mdpt |vars |cons |rows |cuts |sepa|confs|strbr|  dualbound   | primalbound  |  gap   | compl. 
 77.5s|229400 | 55477 |608490 |   2.7 |    62M | 134 | 451 | 540 | 540 |   0 |  0 |   0 |  40 | 3.200000e+01 | 6.210000e+01 |  94.06%|   0.31%
 77.6s|229500 | 55501 |608767 |   2.7 |    62M | 134 | 451 | 540 | 540 |   0 |  0 |   0 |  40 | 3.200000e+01 | 6.210000e+01 |  94.06%|   0.31%
 77.6s|229600 | 55531 |609039 |   2.7 |    62M | 134 | 451 | 540 | 540 |   0 |  0 |   0 |  40 | 3.200000e+01 | 6.210000e+01 |  94.06%|   0.31%
 77.6s|229700 | 55555 |609353 |   2.7 |    62M | 134 | 451 | 540 | 540 |   0 |  0 |   0 |  40 | 3.200000e+01 | 6.210000e+01 |  94.06%|   0.31%
 77.7s|229800 | 55577 |609664 |   2.7 |    62M | 134 | 451 | 540 | 540 |   0 |  0 |   0 |  40 | 3.200000e+01 | 6.210000e+01 |  94.06%|   0.31%
 77.7s|229900 | 55597 |609961 |   2.7 |    62M | 134 | 451 | 540 | 540 |   0 |  0 |   0 |  40 | 3.200000e+01 | 6.210000e+01 |  94.06%|   0.31%
 77.7s|230000 | 55611 |610226 |   2.7 |    62M | 134 | 451 | 540 | 540 |   0 |  0 |   0 |  40 | 3.200000e+01 | 6.210000e+01 |  94.06%|   0.31%
 77.8s|230100 | 55629 |610548 |   2.7 |    62M | 134 | 451 | 540 | 540 |   0 |  0 |   0 |  40 | 3.200000e+01 | 6.210000e+01 |  94.06%|   0.31%
 77.8s|230200 | 55649 |610842 |   2.7 |    62M | 134 | 451 | 540 | 540 |   0 |  0 |   0 |  40 | 3.200000e+01 | 6.210000e+01 |  94.06%|   0.31%
 77.8s|230300 | 55673 |611049 |   2.7 |    62M | 134 | 451 | 540 | 540 |   0 |  0 |   0 |  40 | 3.200000e+01 | 6.210000e+01 |  94.06%|   0.31%
 77.9s|230400 | 55689 |611376 |   2.7 |    62M | 134 | 451 | 540 | 540 |   0 |  0 |   0 |  40 | 3.200000e+01 | 6.210000e+01 |  94.06%|   0.31%
 77.9s|230500 | 55705 |611669 |   2.7 |    62M | 134 | 451 | 540 | 540 |   0 |  0 |   0 |  40 | 3.200000e+01 | 6.210000e+01 |  94.06%|   0.31%
 77.9s|230600 | 55727 |611953 |   2.7 |    62M | 134 | 451 | 540 | 540 |   0 |  0 |   0 |  40 | 3.200000e+01 | 6.210000e+01 |  94.06%|   0.31%
 78.0s|230700 | 55761 |612242 |   2.7 |    62M | 134 | 451 | 540 | 540 |   0 |  0 |   0 |  40 | 3.200000e+01 | 6.210000e+01 |  94.06%|   0.31%
 78.0s|230800 | 55779 |612463 |   2.7 |    62M | 134 | 451 | 540 | 540 |   0 |  0 |   0 |  40 | 3.200000e+01 | 6.210000e+01 |  94.06%|   0.31%
 time | node  | left  |LP iter|LP it/n|mem/heur|mdpt |vars |cons |rows |cuts |sepa|confs|strbr|  dualbound   | primalbound  |  gap   | compl. 
 78.0s|230900 | 55813 |612718 |   2.7 |    62M | 134 | 451 | 540 | 540 |   0 |  0 |   0 |  40 | 3.200000e+01 | 6.210000e+01 |  94.06%|   0.31%
 78.1s|231000 | 55831 |613017 |   2.7 |    62M | 134 | 451 | 540 | 540 |   0 |  0 |   0 |  40 | 3.200000e+01 | 6.210000e+01 |  94.06%|   0.31%
 78.1s|231100 | 55849 |613327 |   2.7 |    62M | 134 | 451 | 540 | 540 |   0 |  0 |   0 |  40 | 3.200000e+01 | 6.210000e+01 |  94.06%|   0.31%
 78.1s|231200 | 55875 |613591 |   2.7 |    62M | 134 | 451 | 540 | 540 |   0 |  0 |   0 |  40 | 3.200000e+01 | 6.210000e+01 |  94.06%|   0.31%
 78.2s|231300 | 55901 |613928 |   2.7 |    62M | 134 | 451 | 540 | 540 |   0 |  0 |   0 |  40 | 3.200000e+01 | 6.210000e+01 |  94.06%|   0.31%
 78.2s|231400 | 55933 |614160 |   2.7 |    62M | 134 | 451 | 540 | 540 |   0 |  0 |   0 |  40 | 3.200000e+01 | 6.210000e+01 |  94.06%|   0.31%
 78.2s|231500 | 55963 |614401 |   2.7 |    62M | 134 | 451 | 540 | 540 |   0 |  0 |   0 |  40 | 3.200000e+01 | 6.210000e+01 |  94.06%|   0.31%
 78.3s|231600 | 55987 |614665 |   2.7 |    62M | 134 | 451 | 540 | 540 |   0 |  0 |   0 |  40 | 3.200000e+01 | 6.210000e+01 |  94.06%|   0.31%
 78.3s|231700 | 56017 |614912 |   2.7 |    62M | 134 | 451 | 540 | 540 |   0 |  0 |   0 |  40 | 3.200000e+01 | 6.210000e+01 |  94.06%|   0.31%
 78.3s|231800 | 56041 |615147 |   2.7 |    62M | 134 | 451 | 540 | 540 |   0 |  0 |   0 |  40 | 3.200000e+01 | 6.210000e+01 |  94.06%|   0.31%
 78.4s|231900 | 56071 |615419 |   2.7 |    62M | 134 | 451 | 540 | 540 |   0 |  0 |   0 |  40 | 3.200000e+01 | 6.210000e+01 |  94.06%|   0.31%
 78.4s|232000 | 56093 |615668 |   2.7 |    62M | 134 | 451 | 540 | 540 |   0 |  0 |   0 |  40 | 3.200000e+01 | 6.210000e+01 |  94.06%|   0.31%
 78.4s|232100 | 56115 |615957 |   2.7 |    62M | 134 | 451 | 540 | 540 |   0 |  0 |   0 |  40 | 3.200000e+01 | 6.210000e+01 |  94.06%|   0.31%
 78.5s|232200 | 56155 |616197 |   2.7 |    62M | 134 | 451 | 540 | 540 |   0 |  0 |   0 |  40 | 3.200000e+01 | 6.210000e+01 |  94.06%|   0.31%
 78.5s|232300 | 56177 |616445 |   2.7 |    62M | 134 | 451 | 540 | 540 |   0 |  0 |   0 |  40 | 3.200000e+01 | 6.210000e+01 |  94.06%|   0.31%
 time | node  | left  |LP iter|LP it/n|mem/heur|mdpt |vars |cons |rows |cuts |sepa|confs|strbr|  dualbound   | primalbound  |  gap   | compl. 
 78.5s|232400 | 56203 |616710 |   2.7 |    62M | 134 | 451 | 540 | 540 |   0 |  0 |   0 |  40 | 3.200000e+01 | 6.210000e+01 |  94.06%|   0.31%
 78.6s|232500 | 56221 |616967 |   2.7 |    62M | 134 | 451 | 540 | 540 |   0 |  0 |   0 |  40 | 3.200000e+01 | 6.210000e+01 |  94.06%|   0.31%
 78.6s|232600 | 56241 |617236 |   2.7 |    62M | 134 | 451 | 540 | 540 |   0 |  0 |   0 |  40 | 3.200000e+01 | 6.210000e+01 |  94.06%|   0.31%
 78.6s|232700 | 56259 |617537 |   2.7 |    63M | 134 | 451 | 540 | 540 |   0 |  0 |   0 |  40 | 3.200000e+01 | 6.210000e+01 |  94.06%|   0.31%
 78.7s|232800 | 56281 |617818 |   2.7 |    63M | 134 | 451 | 540 | 540 |   0 |  0 |   0 |  40 | 3.200000e+01 | 6.210000e+01 |  94.06%|   0.31%
 78.7s|232900 | 56311 |618029 |   2.7 |    63M | 134 | 451 | 540 | 540 |   0 |  0 |   0 |  40 | 3.200000e+01 | 6.210000e+01 |  94.06%|   0.31%
 78.7s|233000 | 56333 |618321 |   2.7 |    63M | 134 | 451 | 540 | 540 |   0 |  0 |   0 |  40 | 3.200000e+01 | 6.210000e+01 |  94.06%|   0.31%
 78.8s|233100 | 56355 |618553 |   2.7 |    63M | 134 | 451 | 540 | 540 |   0 |  0 |   0 |  40 | 3.200000e+01 | 6.210000e+01 |  94.06%|   0.31%
 78.8s|233200 | 56377 |618834 |   2.7 |    63M | 134 | 451 | 540 | 540 |   0 |  0 |   0 |  40 | 3.200000e+01 | 6.210000e+01 |  94.06%|   0.31%
 78.8s|233300 | 56395 |619126 |   2.7 |    63M | 134 | 451 | 540 | 540 |   0 |  0 |   0 |  40 | 3.200000e+01 | 6.210000e+01 |  94.06%|   0.31%
 78.9s|233400 | 56429 |619370 |   2.7 |    63M | 134 | 451 | 540 | 540 |   0 |  0 |   0 |  40 | 3.200000e+01 | 6.210000e+01 |  94.06%|   0.31%
 78.9s|233500 | 56447 |619588 |   2.7 |    63M | 134 | 451 | 540 | 540 |   0 |  0 |   0 |  40 | 3.200000e+01 | 6.210000e+01 |  94.06%|   0.31%
 79.0s|233600 | 56479 |619806 |   2.7 |    63M | 134 | 451 | 540 | 540 |   0 |  0 |   0 |  40 | 3.200000e+01 | 6.210000e+01 |  94.06%|   0.31%
 79.0s|233700 | 56501 |620027 |   2.7 |    63M | 134 | 451 | 540 | 540 |   0 |  0 |   0 |  40 | 3.200000e+01 | 6.210000e+01 |  94.06%|   0.31%
 79.0s|233800 | 56533 |620306 |   2.7 |    63M | 134 | 451 | 540 | 540 |   0 |  0 |   0 |  40 | 3.200000e+01 | 6.210000e+01 |  94.06%|   0.31%
 time | node  | left  |LP iter|LP it/n|mem/heur|mdpt |vars |cons |rows |cuts |sepa|confs|strbr|  dualbound   | primalbound  |  gap   | compl. 
 79.1s|233900 | 56561 |620571 |   2.7 |    63M | 134 | 451 | 540 | 540 |   0 |  0 |   0 |  40 | 3.200000e+01 | 6.210000e+01 |  94.06%|   0.31%
 79.1s|234000 | 56589 |620871 |   2.7 |    63M | 134 | 451 | 540 | 540 |   0 |  0 |   0 |  40 | 3.200000e+01 | 6.210000e+01 |  94.06%|   0.31%
 79.1s|234100 | 56619 |621121 |   2.7 |    63M | 134 | 451 | 540 | 540 |   0 |  0 |   0 |  40 | 3.200000e+01 | 6.210000e+01 |  94.06%|   0.31%
 79.2s|234200 | 56647 |621369 |   2.7 |    63M | 134 | 451 | 540 | 540 |   0 |  0 |   0 |  40 | 3.200000e+01 | 6.210000e+01 |  94.06%|   0.31%
 79.2s|234300 | 56673 |621612 |   2.7 |    63M | 134 | 451 | 540 | 540 |   0 |  0 |   0 |  40 | 3.200000e+01 | 6.210000e+01 |  94.06%|   0.31%
 79.2s|234400 | 56693 |621913 |   2.7 |    63M | 134 | 451 | 540 | 540 |   0 |  0 |   0 |  40 | 3.200000e+01 | 6.210000e+01 |  94.06%|   0.31%
 79.3s|234500 | 56719 |622222 |   2.7 |    64M | 134 | 451 | 540 | 540 |   0 |  0 |   0 |  40 | 3.200000e+01 | 6.210000e+01 |  94.06%|   0.31%
 79.3s|234600 | 56745 |622468 |   2.7 |    64M | 134 | 451 | 540 | 540 |   0 |  0 |   0 |  40 | 3.200000e+01 | 6.210000e+01 |  94.06%|   0.31%
 79.3s|234700 | 56773 |622708 |   2.7 |    64M | 134 | 451 | 540 | 540 |   0 |  0 |   0 |  40 | 3.200000e+01 | 6.210000e+01 |  94.06%|   0.31%
 79.4s|234800 | 56815 |622939 |   2.7 |    64M | 134 | 451 | 540 | 540 |   0 |  0 |   0 |  40 | 3.200000e+01 | 6.210000e+01 |  94.06%|   0.31%
 79.4s|234900 | 56839 |623289 |   2.7 |    64M | 134 | 451 | 540 | 540 |   0 |  0 |   0 |  40 | 3.200000e+01 | 6.210000e+01 |  94.06%|   0.31%
 79.4s|235000 | 56861 |623538 |   2.7 |    64M | 134 | 451 | 540 | 540 |   0 |  0 |   0 |  40 | 3.200000e+01 | 6.210000e+01 |  94.06%|   0.31%
 79.5s|235100 | 56889 |623838 |   2.7 |    64M | 134 | 451 | 540 | 540 |   0 |  0 |   0 |  40 | 3.200000e+01 | 6.210000e+01 |  94.06%|   0.31%
 79.5s|235200 | 56911 |624113 |   2.7 |    64M | 134 | 451 | 540 | 540 |   0 |  0 |   0 |  40 | 3.200000e+01 | 6.210000e+01 |  94.06%|   0.31%
 79.5s|235300 | 56947 |624346 |   2.7 |    64M | 134 | 451 | 540 | 540 |   0 |  0 |   0 |  40 | 3.200000e+01 | 6.210000e+01 |  94.06%|   0.31%
 time | node  | left  |LP iter|LP it/n|mem/heur|mdpt |vars |cons |rows |cuts |sepa|confs|strbr|  dualbound   | primalbound  |  gap   | compl. 
 79.6s|235400 | 56971 |624606 |   2.7 |    64M | 134 | 451 | 540 | 540 |   0 |  0 |   0 |  40 | 3.200000e+01 | 6.210000e+01 |  94.06%|   0.31%
 79.6s|235500 | 56989 |624865 |   2.7 |    64M | 134 | 451 | 540 | 540 |   0 |  0 |   0 |  40 | 3.200000e+01 | 6.210000e+01 |  94.06%|   0.31%
 79.6s|235600 | 57019 |625100 |   2.7 |    64M | 134 | 451 | 540 | 540 |   0 |  0 |   0 |  40 | 3.200000e+01 | 6.210000e+01 |  94.06%|   0.31%
 79.7s|235700 | 57053 |625356 |   2.7 |    64M | 134 | 451 | 540 | 540 |   0 |  0 |   0 |  40 | 3.200000e+01 | 6.210000e+01 |  94.06%|   0.31%
 79.7s|235800 | 57085 |625624 |   2.7 |    64M | 134 | 451 | 540 | 540 |   0 |  0 |   0 |  40 | 3.200000e+01 | 6.210000e+01 |  94.06%|   0.31%
 79.7s|235900 | 57109 |625953 |   2.7 |    64M | 134 | 451 | 540 | 540 |   0 |  0 |   0 |  40 | 3.200000e+01 | 6.210000e+01 |  94.06%|   0.31%
 79.8s|236000 | 57127 |626231 |   2.7 |    64M | 134 | 451 | 540 | 540 |   0 |  0 |   0 |  40 | 3.200000e+01 | 6.210000e+01 |  94.06%|   0.31%
 79.8s|236100 | 57147 |626581 |   2.7 |    64M | 134 | 451 | 540 | 540 |   0 |  0 |   0 |  40 | 3.200000e+01 | 6.210000e+01 |  94.06%|   0.31%
 79.8s|236200 | 57169 |626808 |   2.7 |    64M | 134 | 451 | 540 | 540 |   0 |  0 |   0 |  40 | 3.200000e+01 | 6.210000e+01 |  94.06%|   0.31%
 79.9s|236300 | 57197 |627055 |   2.7 |    64M | 134 | 451 | 540 | 540 |   0 |  0 |   0 |  40 | 3.200000e+01 | 6.210000e+01 |  94.06%|   0.31%
 79.9s|236400 | 57223 |627307 |   2.7 |    64M | 134 | 451 | 540 | 540 |   0 |  0 |   0 |  40 | 3.200000e+01 | 6.210000e+01 |  94.06%|   0.31%
 79.9s|236500 | 57241 |627632 |   2.7 |    64M | 134 | 451 | 540 | 540 |   0 |  0 |   0 |  40 | 3.200000e+01 | 6.210000e+01 |  94.06%|   0.31%
 80.0s|236600 | 57275 |627873 |   2.7 |    64M | 134 | 451 | 540 | 540 |   0 |  0 |   0 |  40 | 3.200000e+01 | 6.210000e+01 |  94.06%|   0.31%
 80.0s|236700 | 57311 |628147 |   2.7 |    64M | 134 | 451 | 540 | 540 |   0 |  0 |   0 |  40 | 3.200000e+01 | 6.210000e+01 |  94.06%|   0.31%
 80.0s|236800 | 57335 |628447 |   2.7 |    64M | 134 | 451 | 540 | 540 |   0 |  0 |   0 |  40 | 3.200000e+01 | 6.210000e+01 |  94.06%|   0.31%
 time | node  | left  |LP iter|LP it/n|mem/heur|mdpt |vars |cons |rows |cuts |sepa|confs|strbr|  dualbound   | primalbound  |  gap   | compl. 
 80.1s|236900 | 57361 |628691 |   2.7 |    64M | 134 | 451 | 540 | 540 |   0 |  0 |   0 |  40 | 3.200000e+01 | 6.210000e+01 |  94.06%|   0.31%
 80.1s|237000 | 57393 |628941 |   2.7 |    64M | 134 | 451 | 540 | 540 |   0 |  0 |   0 |  40 | 3.200000e+01 | 6.210000e+01 |  94.06%|   0.31%
 80.1s|237100 | 57423 |629169 |   2.7 |    64M | 134 | 451 | 540 | 540 |   0 |  0 |   0 |  40 | 3.200000e+01 | 6.210000e+01 |  94.06%|   0.31%
 80.2s|237200 | 57447 |629460 |   2.7 |    64M | 134 | 451 | 540 | 540 |   0 |  0 |   0 |  40 | 3.200000e+01 | 6.210000e+01 |  94.06%|   0.31%
 80.2s|237300 | 57471 |629687 |   2.7 |    64M | 134 | 451 | 540 | 540 |   0 |  0 |   0 |  40 | 3.200000e+01 | 6.210000e+01 |  94.06%|   0.31%
 80.2s|237400 | 57495 |629911 |   2.7 |    64M | 134 | 451 | 540 | 540 |   0 |  0 |   0 |  40 | 3.200000e+01 | 6.210000e+01 |  94.06%|   0.31%
 80.3s|237500 | 57527 |630140 |   2.7 |    64M | 134 | 451 | 540 | 540 |   0 |  0 |   0 |  40 | 3.200000e+01 | 6.210000e+01 |  94.06%|   0.31%
 80.3s|237600 | 57545 |630368 |   2.7 |    64M | 134 | 451 | 540 | 540 |   0 |  0 |   0 |  40 | 3.200000e+01 | 6.210000e+01 |  94.06%|   0.31%
 80.3s|237700 | 57565 |630620 |   2.7 |    64M | 134 | 451 | 540 | 540 |   0 |  0 |   0 |  40 | 3.200000e+01 | 6.210000e+01 |  94.06%|   0.31%
 80.4s|237800 | 57589 |630857 |   2.7 |    64M | 134 | 451 | 540 | 540 |   0 |  0 |   0 |  40 | 3.200000e+01 | 6.210000e+01 |  94.06%|   0.31%
 80.4s|237900 | 57617 |631089 |   2.7 |    64M | 134 | 451 | 540 | 540 |   0 |  0 |   0 |  40 | 3.200000e+01 | 6.210000e+01 |  94.06%|   0.31%
 80.4s|238000 | 57637 |631326 |   2.7 |    64M | 134 | 451 | 540 | 540 |   0 |  0 |   0 |  40 | 3.200000e+01 | 6.210000e+01 |  94.06%|   0.31%
 80.5s|238100 | 57659 |631554 |   2.7 |    64M | 134 | 451 | 540 | 540 |   0 |  0 |   0 |  40 | 3.200000e+01 | 6.210000e+01 |  94.06%|   0.31%
 80.5s|238200 | 57691 |631776 |   2.7 |    64M | 134 | 451 | 540 | 540 |   0 |  0 |   0 |  40 | 3.200000e+01 | 6.210000e+01 |  94.06%|   0.31%
 80.5s|238300 | 57711 |632014 |   2.7 |    64M | 134 | 451 | 540 | 540 |   0 |  0 |   0 |  40 | 3.200000e+01 | 6.210000e+01 |  94.06%|   0.31%
 time | node  | left  |LP iter|LP it/n|mem/heur|mdpt |vars |cons |rows |cuts |sepa|confs|strbr|  dualbound   | primalbound  |  gap   | compl. 
 80.6s|238400 | 57741 |632243 |   2.7 |    64M | 134 | 451 | 540 | 540 |   0 |  0 |   0 |  40 | 3.200000e+01 | 6.210000e+01 |  94.06%|   0.31%
 80.6s|238500 | 57763 |632505 |   2.7 |    64M | 134 | 451 | 540 | 540 |   0 |  0 |   0 |  40 | 3.200000e+01 | 6.210000e+01 |  94.06%|   0.31%
 80.6s|238600 | 57787 |632773 |   2.7 |    64M | 134 | 451 | 540 | 540 |   0 |  0 |   0 |  40 | 3.200000e+01 | 6.210000e+01 |  94.06%|   0.31%
 80.7s|238700 | 57805 |632997 |   2.7 |    64M | 134 | 451 | 540 | 540 |   0 |  0 |   0 |  40 | 3.200000e+01 | 6.210000e+01 |  94.06%|   0.31%
 80.7s|238800 | 57835 |633205 |   2.7 |    64M | 134 | 451 | 540 | 540 |   0 |  0 |   0 |  40 | 3.200000e+01 | 6.210000e+01 |  94.06%|   0.31%
 80.7s|238900 | 57851 |633434 |   2.7 |    64M | 134 | 451 | 540 | 540 |   0 |  0 |   0 |  40 | 3.200000e+01 | 6.210000e+01 |  94.06%|   0.31%
 80.8s|239000 | 57873 |633649 |   2.7 |    64M | 134 | 451 | 540 | 540 |   0 |  0 |   0 |  40 | 3.200000e+01 | 6.210000e+01 |  94.06%|   0.31%
 80.8s|239100 | 57895 |633879 |   2.7 |    64M | 134 | 451 | 540 | 540 |   0 |  0 |   0 |  40 | 3.200000e+01 | 6.210000e+01 |  94.06%|   0.31%
 80.8s|239200 | 57919 |634121 |   2.7 |    64M | 134 | 451 | 540 | 540 |   0 |  0 |   0 |  40 | 3.200000e+01 | 6.210000e+01 |  94.06%|   0.31%
 80.9s|239300 | 57953 |634372 |   2.7 |    64M | 134 | 451 | 540 | 540 |   0 |  0 |   0 |  40 | 3.200000e+01 | 6.210000e+01 |  94.06%|   0.31%
 80.9s|239400 | 57979 |634580 |   2.7 |    64M | 134 | 451 | 540 | 540 |   0 |  0 |   0 |  40 | 3.200000e+01 | 6.210000e+01 |  94.06%|   0.31%
 80.9s|239500 | 57999 |634859 |   2.7 |    64M | 134 | 451 | 540 | 540 |   0 |  0 |   0 |  40 | 3.200000e+01 | 6.210000e+01 |  94.06%|   0.31%
 81.0s|239600 | 58025 |635083 |   2.6 |    64M | 134 | 451 | 540 | 540 |   0 |  0 |   0 |  40 | 3.200000e+01 | 6.210000e+01 |  94.06%|   0.31%
 81.0s|239700 | 58053 |635319 |   2.6 |    64M | 134 | 451 | 540 | 540 |   0 |  0 |   0 |  40 | 3.200000e+01 | 6.210000e+01 |  94.06%|   0.31%
 81.1s|239800 | 58077 |635554 |   2.6 |    64M | 134 | 451 | 540 | 540 |   0 |  0 |   0 |  40 | 3.200000e+01 | 6.210000e+01 |  94.06%|   0.31%
 time | node  | left  |LP iter|LP it/n|mem/heur|mdpt |vars |cons |rows |cuts |sepa|confs|strbr|  dualbound   | primalbound  |  gap   | compl. 
 81.1s|239900 | 58105 |635754 |   2.6 |    64M | 134 | 451 | 540 | 540 |   0 |  0 |   0 |  40 | 3.200000e+01 | 6.210000e+01 |  94.06%|   0.31%
 81.1s|240000 | 58125 |636001 |   2.6 |    65M | 134 | 451 | 540 | 540 |   0 |  0 |   0 |  40 | 3.200000e+01 | 6.210000e+01 |  94.06%|   0.31%
 81.2s|240100 | 58147 |636217 |   2.6 |    65M | 134 | 451 | 540 | 540 |   0 |  0 |   0 |  40 | 3.200000e+01 | 6.210000e+01 |  94.06%|   0.31%
 81.2s|240200 | 58175 |636458 |   2.6 |    65M | 134 | 451 | 540 | 540 |   0 |  0 |   0 |  40 | 3.200000e+01 | 6.210000e+01 |  94.06%|   0.31%
 81.2s|240300 | 58191 |636679 |   2.6 |    65M | 134 | 451 | 540 | 540 |   0 |  0 |   0 |  40 | 3.200000e+01 | 6.210000e+01 |  94.06%|   0.31%
 81.3s|240400 | 58221 |636946 |   2.6 |    65M | 134 | 451 | 540 | 540 |   0 |  0 |   0 |  40 | 3.200000e+01 | 6.210000e+01 |  94.06%|   0.31%
 81.3s|240500 | 58239 |637161 |   2.6 |    65M | 134 | 451 | 540 | 540 |   0 |  0 |   0 |  40 | 3.200000e+01 | 6.210000e+01 |  94.06%|   0.31%
 81.3s|240600 | 58273 |637421 |   2.6 |    65M | 134 | 451 | 540 | 540 |   0 |  0 |   0 |  40 | 3.200000e+01 | 6.210000e+01 |  94.06%|   0.31%
 81.4s|240700 | 58291 |637655 |   2.6 |    65M | 134 | 451 | 540 | 540 |   0 |  0 |   0 |  40 | 3.200000e+01 | 6.210000e+01 |  94.06%|   0.31%
 81.4s|240800 | 58315 |637944 |   2.6 |    65M | 134 | 451 | 540 | 540 |   0 |  0 |   0 |  40 | 3.200000e+01 | 6.210000e+01 |  94.06%|   0.31%
 81.4s|240900 | 58345 |638228 |   2.6 |    65M | 134 | 451 | 540 | 540 |   0 |  0 |   0 |  40 | 3.200000e+01 | 6.210000e+01 |  94.06%|   0.31%
 81.5s|241000 | 58373 |638455 |   2.6 |    65M | 134 | 451 | 540 | 540 |   0 |  0 |   0 |  40 | 3.200000e+01 | 6.210000e+01 |  94.06%|   0.31%
 81.5s|241100 | 58399 |638721 |   2.6 |    65M | 134 | 451 | 540 | 540 |   0 |  0 |   0 |  40 | 3.200000e+01 | 6.210000e+01 |  94.06%|   0.31%
 81.5s|241200 | 58431 |638991 |   2.6 |    65M | 134 | 451 | 540 | 540 |   0 |  0 |   0 |  40 | 3.200000e+01 | 6.210000e+01 |  94.06%|   0.31%
 81.6s|241300 | 58457 |639318 |   2.6 |    65M | 134 | 451 | 540 | 540 |   0 |  0 |   0 |  40 | 3.200000e+01 | 6.210000e+01 |  94.06%|   0.31%
 time | node  | left  |LP iter|LP it/n|mem/heur|mdpt |vars |cons |rows |cuts |sepa|confs|strbr|  dualbound   | primalbound  |  gap   | compl. 
 81.6s|241400 | 58475 |639556 |   2.6 |    65M | 134 | 451 | 540 | 540 |   0 |  0 |   0 |  40 | 3.200000e+01 | 6.210000e+01 |  94.06%|   0.31%
 81.6s|241500 | 58503 |639852 |   2.6 |    65M | 134 | 451 | 540 | 540 |   0 |  0 |   0 |  40 | 3.200000e+01 | 6.210000e+01 |  94.06%|   0.31%
 81.7s|241600 | 58525 |640137 |   2.6 |    65M | 134 | 451 | 540 | 540 |   0 |  0 |   0 |  40 | 3.200000e+01 | 6.210000e+01 |  94.06%|   0.31%
 81.7s|241700 | 58545 |640420 |   2.6 |    65M | 134 | 451 | 540 | 540 |   0 |  0 |   0 |  40 | 3.200000e+01 | 6.210000e+01 |  94.06%|   0.31%
 81.7s|241800 | 58571 |640638 |   2.6 |    65M | 134 | 451 | 540 | 540 |   0 |  0 |   0 |  40 | 3.200000e+01 | 6.210000e+01 |  94.06%|   0.31%
 81.8s|241900 | 58595 |640919 |   2.6 |    65M | 134 | 451 | 540 | 540 |   0 |  0 |   0 |  40 | 3.200000e+01 | 6.210000e+01 |  94.06%|   0.31%
 81.8s|242000 | 58617 |641153 |   2.6 |    66M | 134 | 451 | 540 | 540 |   0 |  0 |   0 |  40 | 3.200000e+01 | 6.210000e+01 |  94.06%|   0.31%
 81.8s|242100 | 58639 |641419 |   2.6 |    66M | 134 | 451 | 540 | 540 |   0 |  0 |   0 |  40 | 3.200000e+01 | 6.210000e+01 |  94.06%|   0.31%
 81.9s|242200 | 58665 |641680 |   2.6 |    66M | 134 | 451 | 540 | 540 |   0 |  0 |   0 |  40 | 3.200000e+01 | 6.210000e+01 |  94.06%|   0.31%
 81.9s|242300 | 58689 |641895 |   2.6 |    66M | 134 | 451 | 540 | 540 |   0 |  0 |   0 |  40 | 3.200000e+01 | 6.210000e+01 |  94.06%|   0.31%
 81.9s|242400 | 58727 |642136 |   2.6 |    66M | 134 | 451 | 540 | 540 |   0 |  0 |   0 |  40 | 3.200000e+01 | 6.210000e+01 |  94.06%|   0.31%
 82.0s|242500 | 58749 |642395 |   2.6 |    66M | 134 | 451 | 540 | 540 |   0 |  0 |   0 |  40 | 3.200000e+01 | 6.210000e+01 |  94.06%|   0.31%
 82.0s|242600 | 58773 |642633 |   2.6 |    66M | 134 | 451 | 540 | 540 |   0 |  0 |   0 |  40 | 3.200000e+01 | 6.210000e+01 |  94.06%|   0.31%
 82.0s|242700 | 58797 |642899 |   2.6 |    66M | 134 | 451 | 540 | 540 |   0 |  0 |   0 |  40 | 3.200000e+01 | 6.210000e+01 |  94.06%|   0.31%
 82.1s|242800 | 58827 |643125 |   2.6 |    66M | 134 | 451 | 540 | 540 |   0 |  0 |   0 |  40 | 3.200000e+01 | 6.210000e+01 |  94.06%|   0.31%
 time | node  | left  |LP iter|LP it/n|mem/heur|mdpt |vars |cons |rows |cuts |sepa|confs|strbr|  dualbound   | primalbound  |  gap   | compl. 
 82.1s|242900 | 58861 |643394 |   2.6 |    66M | 134 | 451 | 540 | 540 |   0 |  0 |   0 |  40 | 3.200000e+01 | 6.210000e+01 |  94.06%|   0.31%
 82.1s|243000 | 58891 |643630 |   2.6 |    66M | 134 | 451 | 540 | 540 |   0 |  0 |   0 |  40 | 3.200000e+01 | 6.210000e+01 |  94.06%|   0.31%
 82.2s|243100 | 58913 |643862 |   2.6 |    66M | 134 | 451 | 540 | 540 |   0 |  0 |   0 |  40 | 3.200000e+01 | 6.210000e+01 |  94.06%|   0.31%
 82.2s|243200 | 58929 |644100 |   2.6 |    66M | 134 | 451 | 540 | 540 |   0 |  0 |   0 |  40 | 3.200000e+01 | 6.210000e+01 |  94.06%|   0.31%
 82.2s|243300 | 58949 |644350 |   2.6 |    66M | 134 | 451 | 540 | 540 |   0 |  0 |   0 |  40 | 3.200000e+01 | 6.210000e+01 |  94.06%|   0.31%
 82.3s|243400 | 58981 |644588 |   2.6 |    66M | 134 | 451 | 540 | 540 |   0 |  0 |   0 |  40 | 3.200000e+01 | 6.210000e+01 |  94.06%|   0.31%
 82.3s|243500 | 59007 |644824 |   2.6 |    66M | 134 | 451 | 540 | 540 |   0 |  0 |   0 |  40 | 3.200000e+01 | 6.210000e+01 |  94.06%|   0.31%
 82.3s|243600 | 59031 |645042 |   2.6 |    68M | 134 | 451 | 540 | 540 |   0 |  0 |   0 |  40 | 3.200000e+01 | 6.210000e+01 |  94.06%|   0.31%
 82.4s|243700 | 59049 |645310 |   2.6 |    68M | 134 | 451 | 540 | 540 |   0 |  0 |   0 |  40 | 3.200000e+01 | 6.210000e+01 |  94.06%|   0.31%
 82.4s|243800 | 59073 |645557 |   2.6 |    68M | 134 | 451 | 540 | 540 |   0 |  0 |   0 |  40 | 3.200000e+01 | 6.210000e+01 |  94.06%|   0.31%
 82.4s|243900 | 59097 |645810 |   2.6 |    68M | 134 | 451 | 540 | 540 |   0 |  0 |   0 |  40 | 3.200000e+01 | 6.210000e+01 |  94.06%|   0.31%
 82.5s|244000 | 59117 |646019 |   2.6 |    68M | 134 | 451 | 540 | 540 |   0 |  0 |   0 |  40 | 3.200000e+01 | 6.210000e+01 |  94.06%|   0.31%
 82.5s|244100 | 59139 |646283 |   2.6 |    68M | 134 | 451 | 540 | 540 |   0 |  0 |   0 |  40 | 3.200000e+01 | 6.210000e+01 |  94.06%|   0.31%
 82.5s|244200 | 59159 |646547 |   2.6 |    68M | 134 | 451 | 540 | 540 |   0 |  0 |   0 |  40 | 3.200000e+01 | 6.210000e+01 |  94.06%|   0.31%
 82.6s|244300 | 59179 |646768 |   2.6 |    68M | 134 | 451 | 540 | 540 |   0 |  0 |   0 |  40 | 3.200000e+01 | 6.210000e+01 |  94.06%|   0.31%
 time | node  | left  |LP iter|LP it/n|mem/heur|mdpt |vars |cons |rows |cuts |sepa|confs|strbr|  dualbound   | primalbound  |  gap   | compl. 
 82.6s|244400 | 59211 |646995 |   2.6 |    68M | 134 | 451 | 540 | 540 |   0 |  0 |   0 |  40 | 3.200000e+01 | 6.210000e+01 |  94.06%|   0.31%
 82.6s|244500 | 59241 |647282 |   2.6 |    68M | 134 | 451 | 540 | 540 |   0 |  0 |   0 |  40 | 3.200000e+01 | 6.210000e+01 |  94.06%|   0.31%
 82.7s|244600 | 59261 |647521 |   2.6 |    68M | 134 | 451 | 540 | 540 |   0 |  0 |   0 |  40 | 3.200000e+01 | 6.210000e+01 |  94.06%|   0.31%
 82.7s|244700 | 59289 |647831 |   2.6 |    68M | 134 | 451 | 540 | 540 |   0 |  0 |   0 |  40 | 3.200000e+01 | 6.210000e+01 |  94.06%|   0.31%
 82.7s|244800 | 59319 |648128 |   2.6 |    68M | 134 | 451 | 540 | 540 |   0 |  0 |   0 |  40 | 3.200000e+01 | 6.210000e+01 |  94.06%|   0.31%
 82.8s|244900 | 59345 |648402 |   2.6 |    68M | 134 | 451 | 540 | 540 |   0 |  0 |   0 |  40 | 3.200000e+01 | 6.210000e+01 |  94.06%|   0.31%
 82.8s|245000 | 59375 |648656 |   2.6 |    68M | 134 | 451 | 540 | 540 |   0 |  0 |   0 |  40 | 3.200000e+01 | 6.210000e+01 |  94.06%|   0.31%
 82.8s|245100 | 59403 |648884 |   2.6 |    68M | 134 | 451 | 540 | 540 |   0 |  0 |   0 |  40 | 3.200000e+01 | 6.210000e+01 |  94.06%|   0.31%
 82.9s|245200 | 59429 |649124 |   2.6 |    68M | 134 | 451 | 540 | 540 |   0 |  0 |   0 |  40 | 3.200000e+01 | 6.210000e+01 |  94.06%|   0.31%
 82.9s|245300 | 59445 |649370 |   2.6 |    68M | 134 | 451 | 540 | 540 |   0 |  0 |   0 |  40 | 3.200000e+01 | 6.210000e+01 |  94.06%|   0.31%
 82.9s|245400 | 59467 |649664 |   2.6 |    68M | 134 | 451 | 540 | 540 |   0 |  0 |   0 |  40 | 3.200000e+01 | 6.210000e+01 |  94.06%|   0.31%
 83.0s|245500 | 59485 |649887 |   2.6 |    68M | 134 | 451 | 540 | 540 |   0 |  0 |   0 |  40 | 3.200000e+01 | 6.210000e+01 |  94.06%|   0.31%
 83.0s|245600 | 59515 |650115 |   2.6 |    68M | 134 | 451 | 540 | 540 |   0 |  0 |   0 |  40 | 3.200000e+01 | 6.210000e+01 |  94.06%|   0.31%
 83.0s|245700 | 59537 |650331 |   2.6 |    68M | 134 | 451 | 540 | 540 |   0 |  0 |   0 |  40 | 3.200000e+01 | 6.210000e+01 |  94.06%|   0.31%
 83.1s|245800 | 59557 |650535 |   2.6 |    68M | 134 | 451 | 540 | 540 |   0 |  0 |   0 |  40 | 3.200000e+01 | 6.210000e+01 |  94.06%|   0.31%
 time | node  | left  |LP iter|LP it/n|mem/heur|mdpt |vars |cons |rows |cuts |sepa|confs|strbr|  dualbound   | primalbound  |  gap   | compl. 
 83.1s|245900 | 59573 |650793 |   2.6 |    68M | 134 | 451 | 540 | 540 |   0 |  0 |   0 |  40 | 3.200000e+01 | 6.210000e+01 |  94.06%|   0.31%
 83.1s|246000 | 59603 |651016 |   2.6 |    68M | 134 | 451 | 540 | 540 |   0 |  0 |   0 |  40 | 3.200000e+01 | 6.210000e+01 |  94.06%|   0.31%
 83.2s|246100 | 59625 |651238 |   2.6 |    68M | 134 | 451 | 540 | 540 |   0 |  0 |   0 |  40 | 3.200000e+01 | 6.210000e+01 |  94.06%|   0.31%
 83.2s|246200 | 59643 |651572 |   2.6 |    68M | 134 | 451 | 540 | 540 |   0 |  0 |   0 |  40 | 3.200000e+01 | 6.210000e+01 |  94.06%|   0.31%
 83.2s|246300 | 59667 |651837 |   2.6 |    68M | 134 | 451 | 540 | 540 |   0 |  0 |   0 |  40 | 3.200000e+01 | 6.210000e+01 |  94.06%|   0.31%
 83.3s|246400 | 59689 |652177 |   2.6 |    68M | 134 | 451 | 540 | 540 |   0 |  0 |   0 |  40 | 3.200000e+01 | 6.210000e+01 |  94.06%|   0.31%
 83.3s|246500 | 59711 |652468 |   2.6 |    68M | 134 | 451 | 540 | 540 |   0 |  0 |   0 |  40 | 3.200000e+01 | 6.210000e+01 |  94.06%|   0.31%
 83.3s|246600 | 59735 |652721 |   2.6 |    68M | 134 | 451 | 540 | 540 |   0 |  0 |   0 |  40 | 3.200000e+01 | 6.210000e+01 |  94.06%|   0.31%
 83.4s|246700 | 59763 |653044 |   2.6 |    68M | 134 | 451 | 540 | 540 |   0 |  0 |   0 |  40 | 3.200000e+01 | 6.210000e+01 |  94.06%|   0.31%
 83.4s|246800 | 59781 |653304 |   2.6 |    68M | 134 | 451 | 540 | 540 |   0 |  0 |   0 |  40 | 3.200000e+01 | 6.210000e+01 |  94.06%|   0.31%
 83.5s|246900 | 59799 |653613 |   2.6 |    68M | 134 | 451 | 540 | 540 |   0 |  0 |   0 |  40 | 3.200000e+01 | 6.210000e+01 |  94.06%|   0.31%
 83.5s|247000 | 59823 |653816 |   2.6 |    68M | 134 | 451 | 540 | 540 |   0 |  0 |   0 |  40 | 3.200000e+01 | 6.210000e+01 |  94.06%|   0.31%
 83.5s|247100 | 59853 |654065 |   2.6 |    68M | 134 | 451 | 540 | 540 |   0 |  0 |   0 |  40 | 3.200000e+01 | 6.210000e+01 |  94.06%|   0.31%
 83.6s|247200 | 59873 |654366 |   2.6 |    68M | 134 | 451 | 540 | 540 |   0 |  0 |   0 |  40 | 3.200000e+01 | 6.210000e+01 |  94.06%|   0.31%
 83.6s|247300 | 59895 |654581 |   2.6 |    68M | 134 | 451 | 540 | 540 |   0 |  0 |   0 |  40 | 3.200000e+01 | 6.210000e+01 |  94.06%|   0.31%
 time | node  | left  |LP iter|LP it/n|mem/heur|mdpt |vars |cons |rows |cuts |sepa|confs|strbr|  dualbound   | primalbound  |  gap   | compl. 
 83.6s|247400 | 59917 |654836 |   2.6 |    68M | 134 | 451 | 540 | 540 |   0 |  0 |   0 |  40 | 3.200000e+01 | 6.210000e+01 |  94.06%|   0.31%
 83.7s|247500 | 59945 |655167 |   2.6 |    68M | 134 | 451 | 540 | 540 |   0 |  0 |   0 |  40 | 3.200000e+01 | 6.210000e+01 |  94.06%|   0.31%
 83.7s|247600 | 59967 |655429 |   2.6 |    68M | 134 | 451 | 540 | 540 |   0 |  0 |   0 |  40 | 3.200000e+01 | 6.210000e+01 |  94.06%|   0.31%
 83.7s|247700 | 59995 |655696 |   2.6 |    68M | 134 | 451 | 540 | 540 |   0 |  0 |   0 |  40 | 3.200000e+01 | 6.210000e+01 |  94.06%|   0.31%
 83.8s|247800 | 60017 |656001 |   2.6 |    68M | 134 | 451 | 540 | 540 |   0 |  0 |   0 |  40 | 3.200000e+01 | 6.210000e+01 |  94.06%|   0.31%
 83.8s|247900 | 60047 |656222 |   2.6 |    68M | 134 | 451 | 540 | 540 |   0 |  0 |   0 |  40 | 3.200000e+01 | 6.210000e+01 |  94.06%|   0.31%
 83.8s|248000 | 60063 |656507 |   2.6 |    68M | 134 | 451 | 540 | 540 |   0 |  0 |   0 |  40 | 3.200000e+01 | 6.210000e+01 |  94.06%|   0.31%
 83.9s|248100 | 60085 |656770 |   2.6 |    68M | 134 | 451 | 540 | 540 |   0 |  0 |   0 |  40 | 3.200000e+01 | 6.210000e+01 |  94.06%|   0.31%
 83.9s|248200 | 60105 |657039 |   2.6 |    68M | 134 | 451 | 540 | 540 |   0 |  0 |   0 |  40 | 3.200000e+01 | 6.210000e+01 |  94.06%|   0.31%
 83.9s|248300 | 60137 |657269 |   2.6 |    68M | 134 | 451 | 540 | 540 |   0 |  0 |   0 |  40 | 3.200000e+01 | 6.210000e+01 |  94.06%|   0.31%
 84.0s|248400 | 60163 |657502 |   2.6 |    68M | 134 | 451 | 540 | 540 |   0 |  0 |   0 |  40 | 3.200000e+01 | 6.210000e+01 |  94.06%|   0.31%
 84.0s|248500 | 60181 |657782 |   2.6 |    68M | 134 | 451 | 540 | 540 |   0 |  0 |   0 |  40 | 3.200000e+01 | 6.210000e+01 |  94.06%|   0.31%
 84.0s|248600 | 60211 |658092 |   2.6 |    68M | 134 | 451 | 540 | 540 |   0 |  0 |   0 |  40 | 3.200000e+01 | 6.210000e+01 |  94.06%|   0.31%
 84.1s|248700 | 60239 |658342 |   2.6 |    68M | 134 | 451 | 540 | 540 |   0 |  0 |   0 |  40 | 3.200000e+01 | 6.210000e+01 |  94.06%|   0.31%
 84.1s|248800 | 60257 |658572 |   2.6 |    68M | 134 | 451 | 540 | 540 |   0 |  0 |   0 |  40 | 3.200000e+01 | 6.210000e+01 |  94.06%|   0.31%
 time | node  | left  |LP iter|LP it/n|mem/heur|mdpt |vars |cons |rows |cuts |sepa|confs|strbr|  dualbound   | primalbound  |  gap   | compl. 
 84.1s|248900 | 60287 |658814 |   2.6 |    68M | 134 | 451 | 540 | 540 |   0 |  0 |   0 |  40 | 3.200000e+01 | 6.210000e+01 |  94.06%|   0.31%
 84.2s|249000 | 60307 |659059 |   2.6 |    68M | 134 | 451 | 540 | 540 |   0 |  0 |   0 |  40 | 3.200000e+01 | 6.210000e+01 |  94.06%|   0.31%
 84.2s|249100 | 60335 |659365 |   2.6 |    69M | 134 | 451 | 540 | 540 |   0 |  0 |   0 |  40 | 3.200000e+01 | 6.210000e+01 |  94.06%|   0.31%
 84.2s|249200 | 60359 |659634 |   2.6 |    69M | 134 | 451 | 540 | 540 |   0 |  0 |   0 |  40 | 3.200000e+01 | 6.210000e+01 |  94.06%|   0.31%
 84.3s|249300 | 60385 |659880 |   2.6 |    69M | 134 | 451 | 540 | 540 |   0 |  0 |   0 |  40 | 3.200000e+01 | 6.210000e+01 |  94.06%|   0.31%
 84.3s|249400 | 60411 |660124 |   2.6 |    69M | 134 | 451 | 540 | 540 |   0 |  0 |   0 |  40 | 3.200000e+01 | 6.210000e+01 |  94.06%|   0.31%
 84.3s|249500 | 60437 |660387 |   2.6 |    70M | 134 | 451 | 540 | 540 |   0 |  0 |   0 |  40 | 3.200000e+01 | 6.210000e+01 |  94.06%|   0.31%
 84.4s|249600 | 60469 |660596 |   2.6 |    70M | 134 | 451 | 540 | 540 |   0 |  0 |   0 |  40 | 3.200000e+01 | 6.210000e+01 |  94.06%|   0.31%
 84.4s|249700 | 60499 |660833 |   2.6 |    70M | 134 | 451 | 540 | 540 |   0 |  0 |   0 |  40 | 3.200000e+01 | 6.210000e+01 |  94.06%|   0.31%
 84.4s|249800 | 60523 |661057 |   2.6 |    70M | 134 | 451 | 540 | 540 |   0 |  0 |   0 |  40 | 3.200000e+01 | 6.210000e+01 |  94.06%|   0.31%
 84.5s|249900 | 60537 |661285 |   2.6 |    70M | 134 | 451 | 540 | 540 |   0 |  0 |   0 |  40 | 3.200000e+01 | 6.210000e+01 |  94.06%|   0.31%
 84.5s|250000 | 60555 |661545 |   2.6 |    70M | 134 | 451 | 540 | 540 |   0 |  0 |   0 |  40 | 3.200000e+01 | 6.210000e+01 |  94.06%|   0.31%
 84.5s|250100 | 60583 |661749 |   2.6 |    70M | 134 | 451 | 540 | 540 |   0 |  0 |   0 |  40 | 3.200000e+01 | 6.210000e+01 |  94.06%|   0.31%
 84.6s|250200 | 60607 |661997 |   2.6 |    70M | 134 | 451 | 540 | 540 |   0 |  0 |   0 |  40 | 3.200000e+01 | 6.210000e+01 |  94.06%|   0.31%
 84.6s|250300 | 60631 |662235 |   2.6 |    70M | 134 | 451 | 540 | 540 |   0 |  0 |   0 |  40 | 3.200000e+01 | 6.210000e+01 |  94.06%|   0.31%
 time | node  | left  |LP iter|LP it/n|mem/heur|mdpt |vars |cons |rows |cuts |sepa|confs|strbr|  dualbound   | primalbound  |  gap   | compl. 
 84.6s|250400 | 60655 |662453 |   2.6 |    70M | 134 | 451 | 540 | 540 |   0 |  0 |   0 |  40 | 3.200000e+01 | 6.210000e+01 |  94.06%|   0.31%
 84.7s|250500 | 60673 |662697 |   2.6 |    70M | 134 | 451 | 540 | 540 |   0 |  0 |   0 |  40 | 3.200000e+01 | 6.210000e+01 |  94.06%|   0.31%
 84.7s|250600 | 60697 |662956 |   2.6 |    70M | 134 | 451 | 540 | 540 |   0 |  0 |   0 |  40 | 3.200000e+01 | 6.210000e+01 |  94.06%|   0.31%
 84.7s|250700 | 60729 |663236 |   2.6 |    70M | 134 | 451 | 540 | 540 |   0 |  0 |   0 |  40 | 3.200000e+01 | 6.210000e+01 |  94.06%|   0.31%
 84.8s|250800 | 60763 |663506 |   2.6 |    70M | 134 | 451 | 540 | 540 |   0 |  0 |   0 |  40 | 3.200000e+01 | 6.210000e+01 |  94.06%|   0.31%
 84.8s|250900 | 60801 |663829 |   2.6 |    70M | 134 | 451 | 540 | 540 |   0 |  0 |   0 |  40 | 3.200000e+01 | 6.210000e+01 |  94.06%|   0.31%
 84.8s|251000 | 60833 |664091 |   2.6 |    70M | 134 | 451 | 540 | 540 |   0 |  0 |   0 |  40 | 3.200000e+01 | 6.210000e+01 |  94.06%|   0.31%
 84.9s|251100 | 60855 |664383 |   2.6 |    70M | 134 | 451 | 540 | 540 |   0 |  0 |   0 |  40 | 3.200000e+01 | 6.210000e+01 |  94.06%|   0.31%
 84.9s|251200 | 60879 |664638 |   2.6 |    70M | 134 | 451 | 540 | 540 |   0 |  0 |   0 |  40 | 3.200000e+01 | 6.210000e+01 |  94.06%|   0.31%
 84.9s|251300 | 60911 |664863 |   2.6 |    70M | 134 | 451 | 540 | 540 |   0 |  0 |   0 |  40 | 3.200000e+01 | 6.210000e+01 |  94.06%|   0.31%
 85.0s|251400 | 60933 |665156 |   2.6 |    70M | 134 | 451 | 540 | 540 |   0 |  0 |   0 |  40 | 3.200000e+01 | 6.210000e+01 |  94.06%|   0.31%
 85.0s|251500 | 60959 |665493 |   2.6 |    70M | 134 | 451 | 540 | 540 |   0 |  0 |   0 |  40 | 3.200000e+01 | 6.210000e+01 |  94.06%|   0.31%
 85.0s|251600 | 60981 |665776 |   2.6 |    70M | 134 | 451 | 540 | 540 |   0 |  0 |   0 |  40 | 3.200000e+01 | 6.210000e+01 |  94.06%|   0.31%
 85.1s|251700 | 61005 |666050 |   2.6 |    70M | 134 | 451 | 540 | 540 |   0 |  0 |   0 |  40 | 3.200000e+01 | 6.210000e+01 |  94.06%|   0.31%
 85.1s|251800 | 61027 |666279 |   2.6 |    70M | 134 | 451 | 540 | 540 |   0 |  0 |   0 |  40 | 3.200000e+01 | 6.210000e+01 |  94.06%|   0.31%
 time | node  | left  |LP iter|LP it/n|mem/heur|mdpt |vars |cons |rows |cuts |sepa|confs|strbr|  dualbound   | primalbound  |  gap   | compl. 
 85.1s|251900 | 61051 |666592 |   2.6 |    70M | 134 | 451 | 540 | 540 |   0 |  0 |   0 |  40 | 3.200000e+01 | 6.210000e+01 |  94.06%|   0.31%
 85.2s|252000 | 61077 |666894 |   2.6 |    70M | 134 | 451 | 540 | 540 |   0 |  0 |   0 |  40 | 3.200000e+01 | 6.210000e+01 |  94.06%|   0.31%
 85.2s|252100 | 61101 |667125 |   2.6 |    70M | 134 | 451 | 540 | 540 |   0 |  0 |   0 |  40 | 3.200000e+01 | 6.210000e+01 |  94.06%|   0.31%
 85.2s|252200 | 61125 |667397 |   2.6 |    70M | 134 | 451 | 540 | 540 |   0 |  0 |   0 |  40 | 3.200000e+01 | 6.210000e+01 |  94.06%|   0.31%
 85.3s|252300 | 61149 |667656 |   2.6 |    70M | 134 | 451 | 540 | 540 |   0 |  0 |   0 |  40 | 3.200000e+01 | 6.210000e+01 |  94.06%|   0.31%
 85.3s|252400 | 61167 |667965 |   2.6 |    70M | 134 | 451 | 540 | 540 |   0 |  0 |   0 |  40 | 3.200000e+01 | 6.210000e+01 |  94.06%|   0.31%
 85.3s|252500 | 61187 |668246 |   2.6 |    70M | 134 | 451 | 540 | 540 |   0 |  0 |   0 |  40 | 3.200000e+01 | 6.210000e+01 |  94.06%|   0.31%
 85.4s|252600 | 61209 |668503 |   2.6 |    70M | 134 | 451 | 540 | 540 |   0 |  0 |   0 |  40 | 3.200000e+01 | 6.210000e+01 |  94.06%|   0.31%
 85.4s|252700 | 61233 |668734 |   2.6 |    70M | 134 | 451 | 540 | 540 |   0 |  0 |   0 |  40 | 3.200000e+01 | 6.210000e+01 |  94.06%|   0.31%
 85.5s|252800 | 61259 |668971 |   2.6 |    70M | 134 | 451 | 540 | 540 |   0 |  0 |   0 |  40 | 3.200000e+01 | 6.210000e+01 |  94.06%|   0.31%
 85.5s|252900 | 61287 |669249 |   2.6 |    70M | 134 | 451 | 540 | 540 |   0 |  0 |   0 |  40 | 3.200000e+01 | 6.210000e+01 |  94.06%|   0.31%
 85.5s|253000 | 61311 |669508 |   2.6 |    70M | 134 | 451 | 540 | 540 |   0 |  0 |   0 |  40 | 3.200000e+01 | 6.210000e+01 |  94.06%|   0.31%
 85.6s|253100 | 61333 |669752 |   2.6 |    70M | 134 | 451 | 540 | 540 |   0 |  0 |   0 |  40 | 3.200000e+01 | 6.210000e+01 |  94.06%|   0.31%
 85.6s|253200 | 61357 |670038 |   2.6 |    70M | 134 | 451 | 540 | 540 |   0 |  0 |   0 |  40 | 3.200000e+01 | 6.210000e+01 |  94.06%|   0.31%
 85.6s|253300 | 61375 |670264 |   2.6 |    70M | 134 | 451 | 540 | 540 |   0 |  0 |   0 |  40 | 3.200000e+01 | 6.210000e+01 |  94.06%|   0.31%
 time | node  | left  |LP iter|LP it/n|mem/heur|mdpt |vars |cons |rows |cuts |sepa|confs|strbr|  dualbound   | primalbound  |  gap   | compl. 
 85.7s|253400 | 61395 |670611 |   2.6 |    70M | 134 | 451 | 540 | 540 |   0 |  0 |   0 |  40 | 3.200000e+01 | 6.210000e+01 |  94.06%|   0.31%
 85.7s|253500 | 61425 |670892 |   2.6 |    70M | 134 | 451 | 540 | 540 |   0 |  0 |   0 |  40 | 3.200000e+01 | 6.210000e+01 |  94.06%|   0.31%
 85.7s|253600 | 61447 |671155 |   2.6 |    70M | 134 | 451 | 540 | 540 |   0 |  0 |   0 |  40 | 3.200000e+01 | 6.210000e+01 |  94.06%|   0.31%
 85.8s|253700 | 61469 |671416 |   2.6 |    70M | 134 | 451 | 540 | 540 |   0 |  0 |   0 |  40 | 3.200000e+01 | 6.210000e+01 |  94.06%|   0.31%
 85.8s|253800 | 61495 |671705 |   2.6 |    70M | 134 | 451 | 540 | 540 |   0 |  0 |   0 |  40 | 3.200000e+01 | 6.210000e+01 |  94.06%|   0.31%
 85.8s|253900 | 61519 |671998 |   2.6 |    70M | 134 | 451 | 540 | 540 |   0 |  0 |   0 |  40 | 3.200000e+01 | 6.210000e+01 |  94.06%|   0.31%
 85.9s|254000 | 61539 |672257 |   2.6 |    70M | 134 | 451 | 540 | 540 |   0 |  0 |   0 |  40 | 3.200000e+01 | 6.210000e+01 |  94.06%|   0.31%
 85.9s|254100 | 61557 |672529 |   2.6 |    70M | 134 | 451 | 540 | 540 |   0 |  0 |   0 |  40 | 3.200000e+01 | 6.210000e+01 |  94.06%|   0.31%
 86.0s|254200 | 61579 |672865 |   2.6 |    70M | 134 | 451 | 540 | 540 |   0 |  0 |   0 |  40 | 3.200000e+01 | 6.210000e+01 |  94.06%|   0.31%
 86.0s|254300 | 61597 |673133 |   2.6 |    70M | 134 | 451 | 540 | 540 |   0 |  0 |   0 |  40 | 3.200000e+01 | 6.210000e+01 |  94.06%|   0.31%
 86.0s|254400 | 61623 |673412 |   2.6 |    70M | 134 | 451 | 540 | 540 |   0 |  0 |   0 |  40 | 3.200000e+01 | 6.210000e+01 |  94.06%|   0.31%
 86.1s|254500 | 61637 |673662 |   2.6 |    70M | 134 | 451 | 540 | 540 |   0 |  0 |   0 |  40 | 3.200000e+01 | 6.210000e+01 |  94.06%|   0.31%
 86.1s|254600 | 61655 |673941 |   2.6 |    70M | 134 | 451 | 540 | 540 |   0 |  0 |   0 |  40 | 3.200000e+01 | 6.210000e+01 |  94.06%|   0.31%
 86.1s|254700 | 61693 |674212 |   2.6 |    71M | 134 | 451 | 540 | 540 |   0 |  0 |   0 |  40 | 3.200000e+01 | 6.210000e+01 |  94.06%|   0.31%
 86.2s|254800 | 61711 |674519 |   2.6 |    71M | 134 | 451 | 540 | 540 |   0 |  0 |   0 |  40 | 3.200000e+01 | 6.210000e+01 |  94.06%|   0.31%
 time | node  | left  |LP iter|LP it/n|mem/heur|mdpt |vars |cons |rows |cuts |sepa|confs|strbr|  dualbound   | primalbound  |  gap   | compl. 
 86.2s|254900 | 61727 |674713 |   2.6 |    71M | 134 | 451 | 540 | 540 |   0 |  0 |   0 |  40 | 3.200000e+01 | 6.210000e+01 |  94.06%|   0.31%
 86.2s|255000 | 61747 |674988 |   2.6 |    71M | 134 | 451 | 540 | 540 |   0 |  0 |   0 |  40 | 3.200000e+01 | 6.210000e+01 |  94.06%|   0.31%
 86.3s|255100 | 61765 |675219 |   2.6 |    71M | 134 | 451 | 540 | 540 |   0 |  0 |   0 |  40 | 3.200000e+01 | 6.210000e+01 |  94.06%|   0.31%
 86.3s|255200 | 61789 |675481 |   2.6 |    71M | 134 | 451 | 540 | 540 |   0 |  0 |   0 |  40 | 3.200000e+01 | 6.210000e+01 |  94.06%|   0.31%
 86.3s|255300 | 61815 |675763 |   2.6 |    71M | 134 | 451 | 540 | 540 |   0 |  0 |   0 |  40 | 3.200000e+01 | 6.210000e+01 |  94.06%|   0.31%
 86.4s|255400 | 61839 |676025 |   2.6 |    71M | 134 | 451 | 540 | 540 |   0 |  0 |   0 |  40 | 3.200000e+01 | 6.210000e+01 |  94.06%|   0.31%
 86.4s|255500 | 61871 |676255 |   2.6 |    71M | 134 | 451 | 540 | 540 |   0 |  0 |   0 |  40 | 3.200000e+01 | 6.210000e+01 |  94.06%|   0.31%
 86.4s|255600 | 61895 |676491 |   2.6 |    71M | 134 | 451 | 540 | 540 |   0 |  0 |   0 |  40 | 3.200000e+01 | 6.210000e+01 |  94.06%|   0.31%
 86.5s|255700 | 61909 |676708 |   2.6 |    71M | 134 | 451 | 540 | 540 |   0 |  0 |   0 |  40 | 3.200000e+01 | 6.210000e+01 |  94.06%|   0.31%
 86.5s|255800 | 61925 |677003 |   2.6 |    71M | 134 | 451 | 540 | 540 |   0 |  0 |   0 |  40 | 3.200000e+01 | 6.210000e+01 |  94.06%|   0.31%
 86.5s|255900 | 61947 |677330 |   2.6 |    71M | 134 | 451 | 540 | 540 |   0 |  0 |   0 |  40 | 3.200000e+01 | 6.210000e+01 |  94.06%|   0.31%
 86.6s|256000 | 61969 |677598 |   2.6 |    71M | 134 | 451 | 540 | 540 |   0 |  0 |   0 |  40 | 3.200000e+01 | 6.210000e+01 |  94.06%|   0.31%
 86.6s|256100 | 61997 |677820 |   2.6 |    71M | 134 | 451 | 540 | 540 |   0 |  0 |   0 |  40 | 3.200000e+01 | 6.210000e+01 |  94.06%|   0.31%
 86.7s|256200 | 62015 |678131 |   2.6 |    71M | 134 | 451 | 540 | 540 |   0 |  0 |   0 |  40 | 3.200000e+01 | 6.210000e+01 |  94.06%|   0.31%
 86.7s|256300 | 62041 |678347 |   2.6 |    71M | 134 | 451 | 540 | 540 |   0 |  0 |   0 |  40 | 3.200000e+01 | 6.210000e+01 |  94.06%|   0.31%
 time | node  | left  |LP iter|LP it/n|mem/heur|mdpt |vars |cons |rows |cuts |sepa|confs|strbr|  dualbound   | primalbound  |  gap   | compl. 
 86.7s|256400 | 62065 |678563 |   2.6 |    71M | 134 | 451 | 540 | 540 |   0 |  0 |   0 |  40 | 3.200000e+01 | 6.210000e+01 |  94.06%|   0.31%
 86.8s|256500 | 62083 |678784 |   2.6 |    71M | 134 | 451 | 540 | 540 |   0 |  0 |   0 |  40 | 3.200000e+01 | 6.210000e+01 |  94.06%|   0.31%
 86.8s|256600 | 62111 |679019 |   2.6 |    71M | 134 | 451 | 540 | 540 |   0 |  0 |   0 |  40 | 3.200000e+01 | 6.210000e+01 |  94.06%|   0.31%
 86.8s|256700 | 62137 |679275 |   2.6 |    71M | 134 | 451 | 540 | 540 |   0 |  0 |   0 |  40 | 3.200000e+01 | 6.210000e+01 |  94.06%|   0.31%
 86.9s|256800 | 62171 |679543 |   2.6 |    71M | 134 | 451 | 540 | 540 |   0 |  0 |   0 |  40 | 3.200000e+01 | 6.210000e+01 |  94.06%|   0.31%
 86.9s|256900 | 62199 |679799 |   2.6 |    71M | 134 | 451 | 540 | 540 |   0 |  0 |   0 |  40 | 3.200000e+01 | 6.210000e+01 |  94.06%|   0.31%
 86.9s|257000 | 62223 |680035 |   2.6 |    71M | 134 | 451 | 540 | 540 |   0 |  0 |   0 |  40 | 3.200000e+01 | 6.210000e+01 |  94.06%|   0.31%
 87.0s|257100 | 62247 |680257 |   2.6 |    71M | 134 | 451 | 540 | 540 |   0 |  0 |   0 |  40 | 3.200000e+01 | 6.210000e+01 |  94.06%|   0.31%
 87.0s|257200 | 62275 |680495 |   2.6 |    71M | 134 | 451 | 540 | 540 |   0 |  0 |   0 |  40 | 3.200000e+01 | 6.210000e+01 |  94.06%|   0.31%
 87.0s|257300 | 62301 |680776 |   2.6 |    71M | 134 | 451 | 540 | 540 |   0 |  0 |   0 |  40 | 3.200000e+01 | 6.210000e+01 |  94.06%|   0.31%
 87.1s|257400 | 62329 |681050 |   2.6 |    71M | 134 | 451 | 540 | 540 |   0 |  0 |   0 |  40 | 3.200000e+01 | 6.210000e+01 |  94.06%|   0.31%
 87.1s|257500 | 62349 |681288 |   2.6 |    71M | 134 | 451 | 540 | 540 |   0 |  0 |   0 |  40 | 3.200000e+01 | 6.210000e+01 |  94.06%|   0.31%
 87.1s|257600 | 62369 |681583 |   2.6 |    71M | 134 | 451 | 540 | 540 |   0 |  0 |   0 |  40 | 3.200000e+01 | 6.210000e+01 |  94.06%|   0.31%
 87.2s|257700 | 62393 |681827 |   2.6 |    71M | 134 | 451 | 540 | 540 |   0 |  0 |   0 |  40 | 3.200000e+01 | 6.210000e+01 |  94.06%|   0.31%
 87.2s|257800 | 62413 |682095 |   2.6 |    71M | 134 | 451 | 540 | 540 |   0 |  0 |   0 |  40 | 3.200000e+01 | 6.210000e+01 |  94.06%|   0.31%
 time | node  | left  |LP iter|LP it/n|mem/heur|mdpt |vars |cons |rows |cuts |sepa|confs|strbr|  dualbound   | primalbound  |  gap   | compl. 
 87.2s|257900 | 62437 |682380 |   2.6 |    71M | 134 | 451 | 540 | 540 |   0 |  0 |   0 |  40 | 3.200000e+01 | 6.210000e+01 |  94.06%|   0.31%
 87.3s|258000 | 62459 |682603 |   2.6 |    71M | 134 | 451 | 540 | 540 |   0 |  0 |   0 |  40 | 3.200000e+01 | 6.210000e+01 |  94.06%|   0.31%
 87.3s|258100 | 62475 |682823 |   2.6 |    71M | 134 | 451 | 540 | 540 |   0 |  0 |   0 |  40 | 3.200000e+01 | 6.210000e+01 |  94.06%|   0.31%
 87.3s|258200 | 62495 |683053 |   2.6 |    71M | 134 | 451 | 540 | 540 |   0 |  0 |   0 |  40 | 3.200000e+01 | 6.210000e+01 |  94.06%|   0.31%
 87.4s|258300 | 62515 |683298 |   2.6 |    71M | 134 | 451 | 540 | 540 |   0 |  0 |   0 |  40 | 3.200000e+01 | 6.210000e+01 |  94.06%|   0.31%
 87.4s|258400 | 62539 |683526 |   2.6 |    71M | 134 | 451 | 540 | 540 |   0 |  0 |   0 |  40 | 3.200000e+01 | 6.210000e+01 |  94.06%|   0.31%
 87.4s|258500 | 62575 |683758 |   2.6 |    71M | 134 | 451 | 540 | 540 |   0 |  0 |   0 |  40 | 3.200000e+01 | 6.210000e+01 |  94.06%|   0.31%
 87.5s|258600 | 62605 |684035 |   2.6 |    71M | 134 | 451 | 540 | 540 |   0 |  0 |   0 |  40 | 3.200000e+01 | 6.210000e+01 |  94.06%|   0.31%
 87.5s|258700 | 62631 |684290 |   2.6 |    71M | 134 | 451 | 540 | 540 |   0 |  0 |   0 |  40 | 3.200000e+01 | 6.210000e+01 |  94.06%|   0.31%
 87.5s|258800 | 62659 |684543 |   2.6 |    71M | 134 | 451 | 540 | 540 |   0 |  0 |   0 |  40 | 3.200000e+01 | 6.210000e+01 |  94.06%|   0.31%
 87.6s|258900 | 62681 |684806 |   2.6 |    71M | 134 | 451 | 540 | 540 |   0 |  0 |   0 |  40 | 3.200000e+01 | 6.210000e+01 |  94.06%|   0.31%
 87.6s|259000 | 62703 |685109 |   2.6 |    71M | 134 | 451 | 540 | 540 |   0 |  0 |   0 |  40 | 3.200000e+01 | 6.210000e+01 |  94.06%|   0.31%
 87.6s|259100 | 62725 |685390 |   2.6 |    71M | 134 | 451 | 540 | 540 |   0 |  0 |   0 |  40 | 3.200000e+01 | 6.210000e+01 |  94.06%|   0.31%
 87.7s|259200 | 62743 |685608 |   2.6 |    71M | 134 | 451 | 540 | 540 |   0 |  0 |   0 |  40 | 3.200000e+01 | 6.210000e+01 |  94.06%|   0.31%
 87.7s|259300 | 62765 |685885 |   2.6 |    71M | 134 | 451 | 540 | 540 |   0 |  0 |   0 |  40 | 3.200000e+01 | 6.210000e+01 |  94.06%|   0.31%
 time | node  | left  |LP iter|LP it/n|mem/heur|mdpt |vars |cons |rows |cuts |sepa|confs|strbr|  dualbound   | primalbound  |  gap   | compl. 
 87.7s|259400 | 62783 |686136 |   2.6 |    71M | 134 | 451 | 540 | 540 |   0 |  0 |   0 |  40 | 3.200000e+01 | 6.210000e+01 |  94.06%|   0.31%
 87.8s|259500 | 62797 |686370 |   2.6 |    71M | 134 | 451 | 540 | 540 |   0 |  0 |   0 |  40 | 3.200000e+01 | 6.210000e+01 |  94.06%|   0.31%
 87.8s|259600 | 62827 |686621 |   2.6 |    71M | 134 | 451 | 540 | 540 |   0 |  0 |   0 |  40 | 3.200000e+01 | 6.210000e+01 |  94.06%|   0.31%
 87.8s|259700 | 62851 |686843 |   2.6 |    71M | 134 | 451 | 540 | 540 |   0 |  0 |   0 |  40 | 3.200000e+01 | 6.210000e+01 |  94.06%|   0.31%
 87.9s|259800 | 62881 |687098 |   2.6 |    71M | 134 | 451 | 540 | 540 |   0 |  0 |   0 |  40 | 3.200000e+01 | 6.210000e+01 |  94.06%|   0.31%
 87.9s|259900 | 62901 |687313 |   2.6 |    71M | 134 | 451 | 540 | 540 |   0 |  0 |   0 |  40 | 3.200000e+01 | 6.210000e+01 |  94.06%|   0.31%
 87.9s|260000 | 62921 |687539 |   2.6 |    71M | 134 | 451 | 540 | 540 |   0 |  0 |   0 |  40 | 3.200000e+01 | 6.210000e+01 |  94.06%|   0.31%
 88.0s|260100 | 62945 |687763 |   2.6 |    71M | 134 | 451 | 540 | 540 |   0 |  0 |   0 |  40 | 3.200000e+01 | 6.210000e+01 |  94.06%|   0.31%
 88.0s|260200 | 62963 |687983 |   2.6 |    71M | 134 | 451 | 540 | 540 |   0 |  0 |   0 |  40 | 3.200000e+01 | 6.210000e+01 |  94.06%|   0.31%
 88.0s|260300 | 62983 |688264 |   2.6 |    71M | 134 | 451 | 540 | 540 |   0 |  0 |   0 |  40 | 3.200000e+01 | 6.210000e+01 |  94.06%|   0.31%
 88.1s|260400 | 63007 |688576 |   2.6 |    71M | 134 | 451 | 540 | 540 |   0 |  0 |   0 |  40 | 3.200000e+01 | 6.210000e+01 |  94.06%|   0.31%
 88.1s|260500 | 63035 |688835 |   2.6 |    71M | 134 | 451 | 540 | 540 |   0 |  0 |   0 |  40 | 3.200000e+01 | 6.210000e+01 |  94.06%|   0.31%
 88.1s|260600 | 63061 |689065 |   2.6 |    71M | 134 | 451 | 540 | 540 |   0 |  0 |   0 |  40 | 3.200000e+01 | 6.210000e+01 |  94.06%|   0.31%
 88.2s|260700 | 63083 |689286 |   2.6 |    71M | 134 | 451 | 540 | 540 |   0 |  0 |   0 |  40 | 3.200000e+01 | 6.210000e+01 |  94.06%|   0.31%
 88.2s|260800 | 63107 |689539 |   2.6 |    71M | 134 | 451 | 540 | 540 |   0 |  0 |   0 |  40 | 3.200000e+01 | 6.210000e+01 |  94.06%|   0.31%
 time | node  | left  |LP iter|LP it/n|mem/heur|mdpt |vars |cons |rows |cuts |sepa|confs|strbr|  dualbound   | primalbound  |  gap   | compl. 
 88.2s|260900 | 63135 |689800 |   2.6 |    71M | 134 | 451 | 540 | 540 |   0 |  0 |   0 |  40 | 3.200000e+01 | 6.210000e+01 |  94.06%|   0.31%
 88.3s|261000 | 63151 |690038 |   2.6 |    71M | 134 | 451 | 540 | 540 |   0 |  0 |   0 |  40 | 3.200000e+01 | 6.210000e+01 |  94.06%|   0.31%
 88.3s|261100 | 63171 |690303 |   2.6 |    72M | 134 | 451 | 540 | 540 |   0 |  0 |   0 |  40 | 3.200000e+01 | 6.210000e+01 |  94.06%|   0.31%
 88.3s|261200 | 63191 |690518 |   2.6 |    72M | 134 | 451 | 540 | 540 |   0 |  0 |   0 |  40 | 3.200000e+01 | 6.210000e+01 |  94.06%|   0.31%
 88.4s|261300 | 63223 |690776 |   2.6 |    72M | 134 | 451 | 540 | 540 |   0 |  0 |   0 |  40 | 3.200000e+01 | 6.210000e+01 |  94.06%|   0.31%
 88.4s|261400 | 63243 |691016 |   2.6 |    72M | 134 | 451 | 540 | 540 |   0 |  0 |   0 |  40 | 3.200000e+01 | 6.210000e+01 |  94.06%|   0.31%
 88.4s|261500 | 63273 |691256 |   2.6 |    72M | 134 | 451 | 540 | 540 |   0 |  0 |   0 |  40 | 3.200000e+01 | 6.210000e+01 |  94.06%|   0.31%
 88.5s|261600 | 63301 |691512 |   2.6 |    72M | 134 | 451 | 540 | 540 |   0 |  0 |   0 |  40 | 3.200000e+01 | 6.210000e+01 |  94.06%|   0.31%
 88.5s|261700 | 63321 |691762 |   2.6 |    72M | 134 | 451 | 540 | 540 |   0 |  0 |   0 |  40 | 3.200000e+01 | 6.210000e+01 |  94.06%|   0.31%
 88.5s|261800 | 63339 |692019 |   2.6 |    72M | 134 | 451 | 540 | 540 |   0 |  0 |   0 |  40 | 3.200000e+01 | 6.210000e+01 |  94.06%|   0.31%
 88.6s|261900 | 63359 |692266 |   2.6 |    72M | 134 | 451 | 540 | 540 |   0 |  0 |   0 |  40 | 3.200000e+01 | 6.210000e+01 |  94.06%|   0.31%
 88.6s|262000 | 63373 |692479 |   2.6 |    72M | 134 | 451 | 540 | 540 |   0 |  0 |   0 |  40 | 3.200000e+01 | 6.210000e+01 |  94.06%|   0.31%
 88.6s|262100 | 63403 |692717 |   2.6 |    72M | 134 | 451 | 540 | 540 |   0 |  0 |   0 |  40 | 3.200000e+01 | 6.210000e+01 |  94.06%|   0.31%
 88.7s|262200 | 63431 |692958 |   2.6 |    72M | 134 | 451 | 540 | 540 |   0 |  0 |   0 |  40 | 3.200000e+01 | 6.210000e+01 |  94.06%|   0.31%
 88.7s|262300 | 63453 |693217 |   2.6 |    72M | 134 | 451 | 540 | 540 |   0 |  0 |   0 |  40 | 3.200000e+01 | 6.210000e+01 |  94.06%|   0.31%
 time | node  | left  |LP iter|LP it/n|mem/heur|mdpt |vars |cons |rows |cuts |sepa|confs|strbr|  dualbound   | primalbound  |  gap   | compl. 
 88.7s|262400 | 63475 |693458 |   2.6 |    72M | 134 | 451 | 540 | 540 |   0 |  0 |   0 |  40 | 3.200000e+01 | 6.210000e+01 |  94.06%|   0.31%
 88.8s|262500 | 63499 |693687 |   2.6 |    72M | 134 | 451 | 540 | 540 |   0 |  0 |   0 |  40 | 3.200000e+01 | 6.210000e+01 |  94.06%|   0.31%
 88.8s|262600 | 63531 |693923 |   2.6 |    72M | 134 | 451 | 540 | 540 |   0 |  0 |   0 |  40 | 3.200000e+01 | 6.210000e+01 |  94.06%|   0.31%
 88.8s|262700 | 63561 |694186 |   2.6 |    72M | 134 | 451 | 540 | 540 |   0 |  0 |   0 |  40 | 3.200000e+01 | 6.210000e+01 |  94.06%|   0.31%
 88.9s|262800 | 63607 |694502 |   2.6 |    72M | 134 | 451 | 540 | 540 |   0 |  0 |   0 |  40 | 3.200000e+01 | 6.210000e+01 |  94.06%|   0.31%
 88.9s|262900 | 63643 |694719 |   2.6 |    72M | 134 | 451 | 540 | 540 |   0 |  0 |   0 |  40 | 3.200000e+01 | 6.210000e+01 |  94.06%|   0.31%
 89.0s|263000 | 63669 |694956 |   2.6 |    72M | 134 | 451 | 540 | 540 |   0 |  0 |   0 |  40 | 3.200000e+01 | 6.210000e+01 |  94.06%|   0.31%
 89.0s|263100 | 63697 |695168 |   2.6 |    72M | 134 | 451 | 540 | 540 |   0 |  0 |   0 |  40 | 3.200000e+01 | 6.210000e+01 |  94.06%|   0.31%
 89.0s|263200 | 63723 |695408 |   2.6 |    72M | 134 | 451 | 540 | 540 |   0 |  0 |   0 |  40 | 3.200000e+01 | 6.210000e+01 |  94.06%|   0.31%
 89.1s|263300 | 63745 |695631 |   2.6 |    72M | 134 | 451 | 540 | 540 |   0 |  0 |   0 |  40 | 3.200000e+01 | 6.210000e+01 |  94.06%|   0.31%
 89.1s|263400 | 63777 |695873 |   2.6 |    72M | 134 | 451 | 540 | 540 |   0 |  0 |   0 |  40 | 3.200000e+01 | 6.210000e+01 |  94.06%|   0.31%
 89.1s|263500 | 63809 |696091 |   2.6 |    72M | 134 | 451 | 540 | 540 |   0 |  0 |   0 |  40 | 3.200000e+01 | 6.210000e+01 |  94.06%|   0.31%
 89.1s|263600 | 63831 |696297 |   2.6 |    72M | 134 | 451 | 540 | 540 |   0 |  0 |   0 |  40 | 3.200000e+01 | 6.210000e+01 |  94.06%|   0.31%
 89.2s|263700 | 63855 |696491 |   2.6 |    72M | 134 | 451 | 540 | 540 |   0 |  0 |   0 |  40 | 3.200000e+01 | 6.210000e+01 |  94.06%|   0.31%
 89.2s|263800 | 63883 |696749 |   2.6 |    72M | 134 | 451 | 540 | 540 |   0 |  0 |   0 |  40 | 3.200000e+01 | 6.210000e+01 |  94.06%|   0.31%
 time | node  | left  |LP iter|LP it/n|mem/heur|mdpt |vars |cons |rows |cuts |sepa|confs|strbr|  dualbound   | primalbound  |  gap   | compl. 
 89.2s|263900 | 63913 |696996 |   2.6 |    72M | 134 | 451 | 540 | 540 |   0 |  0 |   0 |  40 | 3.200000e+01 | 6.210000e+01 |  94.06%|   0.31%
 89.3s|264000 | 63941 |697193 |   2.6 |    72M | 134 | 451 | 540 | 540 |   0 |  0 |   0 |  40 | 3.200000e+01 | 6.210000e+01 |  94.06%|   0.31%
 89.3s|264100 | 63967 |697384 |   2.6 |    72M | 134 | 451 | 540 | 540 |   0 |  0 |   0 |  40 | 3.200000e+01 | 6.210000e+01 |  94.06%|   0.31%
 89.3s|264200 | 63993 |697624 |   2.6 |    72M | 134 | 451 | 540 | 540 |   0 |  0 |   0 |  40 | 3.200000e+01 | 6.210000e+01 |  94.06%|   0.31%
 89.4s|264300 | 64023 |697855 |   2.6 |    72M | 134 | 451 | 540 | 540 |   0 |  0 |   0 |  40 | 3.200000e+01 | 6.210000e+01 |  94.06%|   0.31%
 89.4s|264400 | 64045 |698073 |   2.6 |    72M | 134 | 451 | 540 | 540 |   0 |  0 |   0 |  40 | 3.200000e+01 | 6.210000e+01 |  94.06%|   0.31%
 89.4s|264500 | 64071 |698330 |   2.6 |    72M | 134 | 451 | 540 | 540 |   0 |  0 |   0 |  40 | 3.200000e+01 | 6.210000e+01 |  94.06%|   0.31%
 89.5s|264600 | 64095 |698571 |   2.6 |    72M | 134 | 451 | 540 | 540 |   0 |  0 |   0 |  40 | 3.200000e+01 | 6.210000e+01 |  94.06%|   0.31%
 89.5s|264700 | 64127 |698797 |   2.6 |    72M | 134 | 451 | 540 | 540 |   0 |  0 |   0 |  40 | 3.200000e+01 | 6.210000e+01 |  94.06%|   0.31%
 89.6s|264800 | 64157 |699012 |   2.6 |    72M | 134 | 451 | 540 | 540 |   0 |  0 |   0 |  40 | 3.200000e+01 | 6.210000e+01 |  94.06%|   0.31%
 89.6s|264900 | 64175 |699237 |   2.6 |    72M | 134 | 451 | 540 | 540 |   0 |  0 |   0 |  40 | 3.200000e+01 | 6.210000e+01 |  94.06%|   0.31%
 89.6s|265000 | 64201 |699455 |   2.6 |    72M | 134 | 451 | 540 | 540 |   0 |  0 |   0 |  40 | 3.200000e+01 | 6.210000e+01 |  94.06%|   0.31%
 89.6s|265100 | 64223 |699680 |   2.6 |    72M | 134 | 451 | 540 | 540 |   0 |  0 |   0 |  40 | 3.200000e+01 | 6.210000e+01 |  94.06%|   0.31%
 89.7s|265200 | 64249 |699902 |   2.6 |    72M | 134 | 451 | 540 | 540 |   0 |  0 |   0 |  40 | 3.200000e+01 | 6.210000e+01 |  94.06%|   0.31%
 89.7s|265300 | 64273 |700140 |   2.6 |    72M | 134 | 451 | 540 | 540 |   0 |  0 |   0 |  40 | 3.200000e+01 | 6.210000e+01 |  94.06%|   0.31%
 time | node  | left  |LP iter|LP it/n|mem/heur|mdpt |vars |cons |rows |cuts |sepa|confs|strbr|  dualbound   | primalbound  |  gap   | compl. 
 89.7s|265400 | 64301 |700354 |   2.6 |    72M | 134 | 451 | 540 | 540 |   0 |  0 |   0 |  40 | 3.200000e+01 | 6.210000e+01 |  94.06%|   0.31%
 89.8s|265500 | 64327 |700581 |   2.6 |    72M | 134 | 451 | 540 | 540 |   0 |  0 |   0 |  40 | 3.200000e+01 | 6.210000e+01 |  94.06%|   0.31%
 89.8s|265600 | 64341 |700795 |   2.6 |    72M | 134 | 451 | 540 | 540 |   0 |  0 |   0 |  40 | 3.200000e+01 | 6.210000e+01 |  94.06%|   0.31%
 89.8s|265700 | 64365 |701013 |   2.6 |    73M | 134 | 451 | 540 | 540 |   0 |  0 |   0 |  40 | 3.200000e+01 | 6.210000e+01 |  94.06%|   0.31%
 89.9s|265800 | 64393 |701261 |   2.6 |    73M | 134 | 451 | 540 | 540 |   0 |  0 |   0 |  40 | 3.200000e+01 | 6.210000e+01 |  94.06%|   0.31%
 89.9s|265900 | 64419 |701514 |   2.6 |    73M | 134 | 451 | 540 | 540 |   0 |  0 |   0 |  40 | 3.200000e+01 | 6.210000e+01 |  94.06%|   0.31%
 89.9s|266000 | 64445 |701760 |   2.6 |    73M | 134 | 451 | 540 | 540 |   0 |  0 |   0 |  40 | 3.200000e+01 | 6.210000e+01 |  94.06%|   0.31%
 90.0s|266100 | 64475 |702033 |   2.6 |    73M | 134 | 451 | 540 | 540 |   0 |  0 |   0 |  40 | 3.200000e+01 | 6.210000e+01 |  94.06%|   0.31%
 90.0s|266200 | 64503 |702265 |   2.6 |    73M | 134 | 451 | 540 | 540 |   0 |  0 |   0 |  40 | 3.200000e+01 | 6.210000e+01 |  94.06%|   0.31%
 90.0s|266300 | 64523 |702486 |   2.6 |    73M | 134 | 451 | 540 | 540 |   0 |  0 |   0 |  40 | 3.200000e+01 | 6.210000e+01 |  94.06%|   0.31%
 90.1s|266400 | 64549 |702744 |   2.6 |    73M | 134 | 451 | 540 | 540 |   0 |  0 |   0 |  40 | 3.200000e+01 | 6.210000e+01 |  94.06%|   0.31%
 90.1s|266500 | 64575 |703017 |   2.6 |    73M | 134 | 451 | 540 | 540 |   0 |  0 |   0 |  40 | 3.200000e+01 | 6.210000e+01 |  94.06%|   0.31%
 90.1s|266600 | 64605 |703223 |   2.6 |    73M | 134 | 451 | 540 | 540 |   0 |  0 |   0 |  40 | 3.200000e+01 | 6.210000e+01 |  94.06%|   0.31%
 90.2s|266700 | 64635 |703441 |   2.6 |    73M | 134 | 451 | 540 | 540 |   0 |  0 |   0 |  40 | 3.200000e+01 | 6.210000e+01 |  94.06%|   0.31%
 90.2s|266800 | 64661 |703729 |   2.6 |    73M | 134 | 451 | 540 | 540 |   0 |  0 |   0 |  40 | 3.200000e+01 | 6.210000e+01 |  94.06%|   0.31%
 time | node  | left  |LP iter|LP it/n|mem/heur|mdpt |vars |cons |rows |cuts |sepa|confs|strbr|  dualbound   | primalbound  |  gap   | compl. 
 90.2s|266900 | 64689 |704018 |   2.6 |    73M | 134 | 451 | 540 | 540 |   0 |  0 |   0 |  40 | 3.200000e+01 | 6.210000e+01 |  94.06%|   0.31%
 90.3s|267000 | 64727 |704268 |   2.6 |    73M | 134 | 451 | 540 | 540 |   0 |  0 |   0 |  40 | 3.200000e+01 | 6.210000e+01 |  94.06%|   0.31%
 90.3s|267100 | 64755 |704534 |   2.6 |    73M | 134 | 451 | 540 | 540 |   0 |  0 |   0 |  40 | 3.200000e+01 | 6.210000e+01 |  94.06%|   0.31%
 90.3s|267200 | 64781 |704773 |   2.6 |    73M | 134 | 451 | 540 | 540 |   0 |  0 |   0 |  40 | 3.200000e+01 | 6.210000e+01 |  94.06%|   0.31%
 90.4s|267300 | 64807 |704960 |   2.6 |    73M | 134 | 451 | 540 | 540 |   0 |  0 |   0 |  40 | 3.200000e+01 | 6.210000e+01 |  94.06%|   0.31%
 90.4s|267400 | 64829 |705205 |   2.6 |    73M | 134 | 451 | 540 | 540 |   0 |  0 |   0 |  40 | 3.200000e+01 | 6.210000e+01 |  94.06%|   0.31%
 90.4s|267500 | 64851 |705423 |   2.6 |    73M | 134 | 451 | 540 | 540 |   0 |  0 |   0 |  40 | 3.200000e+01 | 6.210000e+01 |  94.06%|   0.31%
 90.5s|267600 | 64877 |705651 |   2.6 |    73M | 134 | 451 | 540 | 540 |   0 |  0 |   0 |  40 | 3.200000e+01 | 6.210000e+01 |  94.06%|   0.31%
 90.5s|267700 | 64903 |705894 |   2.6 |    73M | 134 | 451 | 540 | 540 |   0 |  0 |   0 |  40 | 3.200000e+01 | 6.210000e+01 |  94.06%|   0.31%
 90.5s|267800 | 64933 |706123 |   2.6 |    73M | 134 | 451 | 540 | 540 |   0 |  0 |   0 |  40 | 3.200000e+01 | 6.210000e+01 |  94.06%|   0.31%
 90.6s|267900 | 64963 |706416 |   2.6 |    73M | 134 | 451 | 540 | 540 |   0 |  0 |   0 |  40 | 3.200000e+01 | 6.210000e+01 |  94.06%|   0.31%
 90.6s|268000 | 64993 |706679 |   2.6 |    73M | 134 | 451 | 540 | 540 |   0 |  0 |   0 |  40 | 3.200000e+01 | 6.210000e+01 |  94.06%|   0.31%
 90.7s|268100 | 65019 |706955 |   2.6 |    73M | 134 | 451 | 540 | 540 |   0 |  0 |   0 |  40 | 3.200000e+01 | 6.210000e+01 |  94.06%|   0.31%
 90.7s|268200 | 65039 |707149 |   2.6 |    74M | 134 | 451 | 540 | 540 |   0 |  0 |   0 |  40 | 3.200000e+01 | 6.210000e+01 |  94.06%|   0.31%
 90.7s|268300 | 65069 |707365 |   2.6 |    74M | 134 | 451 | 540 | 540 |   0 |  0 |   0 |  40 | 3.200000e+01 | 6.210000e+01 |  94.06%|   0.31%
 time | node  | left  |LP iter|LP it/n|mem/heur|mdpt |vars |cons |rows |cuts |sepa|confs|strbr|  dualbound   | primalbound  |  gap   | compl. 
 90.8s|268400 | 65095 |707565 |   2.6 |    74M | 134 | 451 | 540 | 540 |   0 |  0 |   0 |  40 | 3.200000e+01 | 6.210000e+01 |  94.06%|   0.31%
 90.8s|268500 | 65117 |707815 |   2.6 |    74M | 134 | 451 | 540 | 540 |   0 |  0 |   0 |  40 | 3.200000e+01 | 6.210000e+01 |  94.06%|   0.31%
 90.8s|268600 | 65149 |708083 |   2.6 |    74M | 134 | 451 | 540 | 540 |   0 |  0 |   0 |  40 | 3.200000e+01 | 6.210000e+01 |  94.06%|   0.31%
 90.9s|268700 | 65171 |708295 |   2.6 |    74M | 134 | 451 | 540 | 540 |   0 |  0 |   0 |  40 | 3.200000e+01 | 6.210000e+01 |  94.06%|   0.31%
 90.9s|268800 | 65189 |708545 |   2.6 |    74M | 134 | 451 | 540 | 540 |   0 |  0 |   0 |  40 | 3.200000e+01 | 6.210000e+01 |  94.06%|   0.31%
 90.9s|268900 | 65211 |708779 |   2.6 |    74M | 134 | 451 | 540 | 540 |   0 |  0 |   0 |  40 | 3.200000e+01 | 6.210000e+01 |  94.06%|   0.31%
 91.0s|269000 | 65249 |709018 |   2.6 |    74M | 134 | 451 | 540 | 540 |   0 |  0 |   0 |  40 | 3.200000e+01 | 6.210000e+01 |  94.06%|   0.31%
 91.0s|269100 | 65275 |709299 |   2.6 |    74M | 134 | 451 | 540 | 540 |   0 |  0 |   0 |  40 | 3.200000e+01 | 6.210000e+01 |  94.06%|   0.31%
 91.0s|269200 | 65305 |709577 |   2.6 |    74M | 134 | 451 | 540 | 540 |   0 |  0 |   0 |  40 | 3.200000e+01 | 6.210000e+01 |  94.06%|   0.31%
 91.1s|269300 | 65325 |709807 |   2.6 |    74M | 134 | 451 | 540 | 540 |   0 |  0 |   0 |  40 | 3.200000e+01 | 6.210000e+01 |  94.06%|   0.31%
 91.1s|269400 | 65361 |710095 |   2.6 |    74M | 134 | 451 | 540 | 540 |   0 |  0 |   0 |  40 | 3.200000e+01 | 6.210000e+01 |  94.06%|   0.31%
 91.1s|269500 | 65391 |710372 |   2.6 |    74M | 134 | 451 | 540 | 540 |   0 |  0 |   0 |  40 | 3.200000e+01 | 6.210000e+01 |  94.06%|   0.31%
 91.2s|269600 | 65433 |710670 |   2.6 |    74M | 134 | 451 | 540 | 540 |   0 |  0 |   0 |  40 | 3.200000e+01 | 6.210000e+01 |  94.06%|   0.31%
 91.2s|269700 | 65467 |710934 |   2.6 |    74M | 134 | 451 | 540 | 540 |   0 |  0 |   0 |  40 | 3.200000e+01 | 6.210000e+01 |  94.06%|   0.31%
 91.2s|269800 | 65503 |711217 |   2.6 |    74M | 134 | 451 | 540 | 540 |   0 |  0 |   0 |  40 | 3.200000e+01 | 6.210000e+01 |  94.06%|   0.31%
 time | node  | left  |LP iter|LP it/n|mem/heur|mdpt |vars |cons |rows |cuts |sepa|confs|strbr|  dualbound   | primalbound  |  gap   | compl. 
 91.3s|269900 | 65523 |711525 |   2.6 |    74M | 134 | 451 | 540 | 540 |   0 |  0 |   0 |  40 | 3.200000e+01 | 6.210000e+01 |  94.06%|   0.31%
 91.3s|270000 | 65543 |711725 |   2.6 |    74M | 134 | 451 | 540 | 540 |   0 |  0 |   0 |  40 | 3.200000e+01 | 6.210000e+01 |  94.06%|   0.31%
 91.3s|270100 | 65571 |711968 |   2.6 |    74M | 134 | 451 | 540 | 540 |   0 |  0 |   0 |  40 | 3.200000e+01 | 6.210000e+01 |  94.06%|   0.31%
 91.4s|270200 | 65593 |712177 |   2.6 |    75M | 134 | 451 | 540 | 540 |   0 |  0 |   0 |  40 | 3.200000e+01 | 6.210000e+01 |  94.06%|   0.31%
 91.4s|270300 | 65623 |712447 |   2.6 |    75M | 134 | 451 | 540 | 540 |   0 |  0 |   0 |  40 | 3.200000e+01 | 6.210000e+01 |  94.06%|   0.31%
 91.4s|270400 | 65659 |712678 |   2.6 |    75M | 134 | 451 | 540 | 540 |   0 |  0 |   0 |  40 | 3.200000e+01 | 6.210000e+01 |  94.06%|   0.31%
 91.5s|270500 | 65695 |712936 |   2.6 |    75M | 134 | 451 | 540 | 540 |   0 |  0 |   0 |  40 | 3.200000e+01 | 6.210000e+01 |  94.06%|   0.31%
 91.5s|270600 | 65727 |713215 |   2.6 |    75M | 134 | 451 | 540 | 540 |   0 |  0 |   0 |  40 | 3.200000e+01 | 6.210000e+01 |  94.06%|   0.31%
 91.5s|270700 | 65763 |713430 |   2.6 |    75M | 134 | 451 | 540 | 540 |   0 |  0 |   0 |  40 | 3.200000e+01 | 6.210000e+01 |  94.06%|   0.31%
 91.6s|270800 | 65785 |713663 |   2.6 |    75M | 134 | 451 | 540 | 540 |   0 |  0 |   0 |  40 | 3.200000e+01 | 6.210000e+01 |  94.06%|   0.31%
 91.6s|270900 | 65801 |713894 |   2.6 |    75M | 134 | 451 | 540 | 540 |   0 |  0 |   0 |  40 | 3.200000e+01 | 6.210000e+01 |  94.06%|   0.31%
 91.6s|271000 | 65827 |714150 |   2.6 |    75M | 134 | 451 | 540 | 540 |   0 |  0 |   0 |  40 | 3.200000e+01 | 6.210000e+01 |  94.06%|   0.31%
 91.7s|271100 | 65847 |714382 |   2.6 |    75M | 134 | 451 | 540 | 540 |   0 |  0 |   0 |  40 | 3.200000e+01 | 6.210000e+01 |  94.06%|   0.31%
 91.7s|271200 | 65865 |714610 |   2.6 |    75M | 134 | 451 | 540 | 540 |   0 |  0 |   0 |  40 | 3.200000e+01 | 6.210000e+01 |  94.06%|   0.31%
 91.7s|271300 | 65889 |714834 |   2.6 |    75M | 134 | 451 | 540 | 540 |   0 |  0 |   0 |  40 | 3.200000e+01 | 6.210000e+01 |  94.06%|   0.31%
 time | node  | left  |LP iter|LP it/n|mem/heur|mdpt |vars |cons |rows |cuts |sepa|confs|strbr|  dualbound   | primalbound  |  gap   | compl. 
 91.8s|271400 | 65927 |715112 |   2.6 |    75M | 134 | 451 | 540 | 540 |   0 |  0 |   0 |  40 | 3.200000e+01 | 6.210000e+01 |  94.06%|   0.31%
 91.8s|271500 | 65949 |715396 |   2.6 |    75M | 134 | 451 | 540 | 540 |   0 |  0 |   0 |  40 | 3.200000e+01 | 6.210000e+01 |  94.06%|   0.31%
 91.8s|271600 | 65979 |715630 |   2.6 |    75M | 134 | 451 | 540 | 540 |   0 |  0 |   0 |  40 | 3.200000e+01 | 6.210000e+01 |  94.06%|   0.31%
 91.9s|271700 | 66011 |715922 |   2.6 |    75M | 134 | 451 | 540 | 540 |   0 |  0 |   0 |  40 | 3.200000e+01 | 6.210000e+01 |  94.06%|   0.31%
 91.9s|271800 | 66031 |716149 |   2.6 |    75M | 134 | 451 | 540 | 540 |   0 |  0 |   0 |  40 | 3.200000e+01 | 6.210000e+01 |  94.06%|   0.31%
 91.9s|271900 | 66067 |716402 |   2.6 |    75M | 134 | 451 | 540 | 540 |   0 |  0 |   0 |  40 | 3.200000e+01 | 6.210000e+01 |  94.06%|   0.31%
 92.0s|272000 | 66091 |716631 |   2.6 |    75M | 134 | 451 | 540 | 540 |   0 |  0 |   0 |  40 | 3.200000e+01 | 6.210000e+01 |  94.06%|   0.31%
 92.0s|272100 | 66119 |716891 |   2.6 |    75M | 134 | 451 | 540 | 540 |   0 |  0 |   0 |  40 | 3.200000e+01 | 6.210000e+01 |  94.06%|   0.31%
 92.0s|272200 | 66145 |717133 |   2.6 |    75M | 134 | 451 | 540 | 540 |   0 |  0 |   0 |  40 | 3.200000e+01 | 6.210000e+01 |  94.06%|   0.31%
 92.1s|272300 | 66161 |717341 |   2.6 |    75M | 134 | 451 | 540 | 540 |   0 |  0 |   0 |  40 | 3.200000e+01 | 6.210000e+01 |  94.06%|   0.31%
 92.1s|272400 | 66195 |717617 |   2.6 |    75M | 134 | 451 | 540 | 540 |   0 |  0 |   0 |  40 | 3.200000e+01 | 6.210000e+01 |  94.06%|   0.31%
 92.1s|272500 | 66225 |717839 |   2.6 |    75M | 134 | 451 | 540 | 540 |   0 |  0 |   0 |  40 | 3.200000e+01 | 6.210000e+01 |  94.06%|   0.31%
 92.2s|272600 | 66241 |718099 |   2.6 |    75M | 134 | 451 | 540 | 540 |   0 |  0 |   0 |  40 | 3.200000e+01 | 6.210000e+01 |  94.06%|   0.31%
 92.2s|272700 | 66259 |718294 |   2.6 |    75M | 134 | 451 | 540 | 540 |   0 |  0 |   0 |  40 | 3.200000e+01 | 6.210000e+01 |  94.06%|   0.31%
 92.2s|272800 | 66281 |718510 |   2.6 |    75M | 134 | 451 | 540 | 540 |   0 |  0 |   0 |  40 | 3.200000e+01 | 6.210000e+01 |  94.06%|   0.31%
 time | node  | left  |LP iter|LP it/n|mem/heur|mdpt |vars |cons |rows |cuts |sepa|confs|strbr|  dualbound   | primalbound  |  gap   | compl. 
 92.3s|272900 | 66311 |718750 |   2.6 |    75M | 134 | 451 | 540 | 540 |   0 |  0 |   0 |  40 | 3.200000e+01 | 6.210000e+01 |  94.06%|   0.31%
 92.3s|273000 | 66327 |718970 |   2.6 |    75M | 134 | 451 | 540 | 540 |   0 |  0 |   0 |  40 | 3.200000e+01 | 6.210000e+01 |  94.06%|   0.31%
 92.3s|273100 | 66353 |719226 |   2.6 |    75M | 134 | 451 | 540 | 540 |   0 |  0 |   0 |  40 | 3.200000e+01 | 6.210000e+01 |  94.06%|   0.31%
 92.4s|273200 | 66373 |719473 |   2.6 |    75M | 134 | 451 | 540 | 540 |   0 |  0 |   0 |  40 | 3.200000e+01 | 6.210000e+01 |  94.06%|   0.31%
 92.4s|273300 | 66393 |719711 |   2.6 |    75M | 134 | 451 | 540 | 540 |   0 |  0 |   0 |  40 | 3.200000e+01 | 6.210000e+01 |  94.06%|   0.31%
 92.4s|273400 | 66417 |719974 |   2.6 |    75M | 134 | 451 | 540 | 540 |   0 |  0 |   0 |  40 | 3.200000e+01 | 6.210000e+01 |  94.06%|   0.31%
 92.5s|273500 | 66441 |720214 |   2.6 |    75M | 134 | 451 | 540 | 540 |   0 |  0 |   0 |  40 | 3.200000e+01 | 6.210000e+01 |  94.06%|   0.31%
 92.5s|273600 | 66471 |720450 |   2.6 |    75M | 134 | 451 | 540 | 540 |   0 |  0 |   0 |  40 | 3.200000e+01 | 6.210000e+01 |  94.06%|   0.31%
 92.5s|273700 | 66495 |720734 |   2.6 |    75M | 134 | 451 | 540 | 540 |   0 |  0 |   0 |  40 | 3.200000e+01 | 6.210000e+01 |  94.06%|   0.31%
 92.6s|273800 | 66515 |720984 |   2.6 |    75M | 134 | 451 | 540 | 540 |   0 |  0 |   0 |  40 | 3.200000e+01 | 6.210000e+01 |  94.06%|   0.31%
 92.6s|273900 | 66539 |721177 |   2.6 |    75M | 134 | 451 | 540 | 540 |   0 |  0 |   0 |  40 | 3.200000e+01 | 6.210000e+01 |  94.06%|   0.31%
 92.6s|274000 | 66561 |721422 |   2.6 |    75M | 134 | 451 | 540 | 540 |   0 |  0 |   0 |  40 | 3.200000e+01 | 6.210000e+01 |  94.06%|   0.31%
 92.7s|274100 | 66579 |721679 |   2.6 |    75M | 134 | 451 | 540 | 540 |   0 |  0 |   0 |  40 | 3.200000e+01 | 6.210000e+01 |  94.06%|   0.31%
 92.7s|274200 | 66603 |721916 |   2.6 |    75M | 134 | 451 | 540 | 540 |   0 |  0 |   0 |  40 | 3.200000e+01 | 6.210000e+01 |  94.06%|   0.31%
 92.7s|274300 | 66629 |722141 |   2.6 |    75M | 134 | 451 | 540 | 540 |   0 |  0 |   0 |  40 | 3.200000e+01 | 6.210000e+01 |  94.06%|   0.31%
 time | node  | left  |LP iter|LP it/n|mem/heur|mdpt |vars |cons |rows |cuts |sepa|confs|strbr|  dualbound   | primalbound  |  gap   | compl. 
 92.8s|274400 | 66657 |722374 |   2.6 |    75M | 134 | 451 | 540 | 540 |   0 |  0 |   0 |  40 | 3.200000e+01 | 6.210000e+01 |  94.06%|   0.31%
 92.8s|274500 | 66687 |722644 |   2.6 |    75M | 134 | 451 | 540 | 540 |   0 |  0 |   0 |  40 | 3.200000e+01 | 6.210000e+01 |  94.06%|   0.31%
 92.8s|274600 | 66711 |722898 |   2.6 |    75M | 134 | 451 | 540 | 540 |   0 |  0 |   0 |  40 | 3.200000e+01 | 6.210000e+01 |  94.06%|   0.31%
 92.9s|274700 | 66743 |723187 |   2.6 |    75M | 134 | 451 | 540 | 540 |   0 |  0 |   0 |  40 | 3.200000e+01 | 6.210000e+01 |  94.06%|   0.31%
 92.9s|274800 | 66769 |723429 |   2.6 |    75M | 134 | 451 | 540 | 540 |   0 |  0 |   0 |  40 | 3.200000e+01 | 6.210000e+01 |  94.06%|   0.31%
 92.9s|274900 | 66797 |723701 |   2.6 |    75M | 134 | 451 | 540 | 540 |   0 |  0 |   0 |  40 | 3.200000e+01 | 6.210000e+01 |  94.06%|   0.31%
 93.0s|275000 | 66821 |723913 |   2.6 |    75M | 134 | 451 | 540 | 540 |   0 |  0 |   0 |  40 | 3.200000e+01 | 6.210000e+01 |  94.06%|   0.31%
 93.0s|275100 | 66847 |724169 |   2.6 |    75M | 134 | 451 | 540 | 540 |   0 |  0 |   0 |  40 | 3.200000e+01 | 6.210000e+01 |  94.06%|   0.31%
 93.0s|275200 | 66871 |724402 |   2.6 |    75M | 134 | 451 | 540 | 540 |   0 |  0 |   0 |  40 | 3.200000e+01 | 6.210000e+01 |  94.06%|   0.31%
 93.1s|275300 | 66887 |724659 |   2.6 |    75M | 134 | 451 | 540 | 540 |   0 |  0 |   0 |  40 | 3.200000e+01 | 6.210000e+01 |  94.06%|   0.31%
 93.1s|275400 | 66913 |724900 |   2.6 |    75M | 134 | 451 | 540 | 540 |   0 |  0 |   0 |  40 | 3.200000e+01 | 6.210000e+01 |  94.06%|   0.31%
 93.1s|275500 | 66933 |725148 |   2.6 |    75M | 134 | 451 | 540 | 540 |   0 |  0 |   0 |  40 | 3.200000e+01 | 6.210000e+01 |  94.06%|   0.31%
 93.2s|275600 | 66949 |725400 |   2.6 |    75M | 134 | 451 | 540 | 540 |   0 |  0 |   0 |  40 | 3.200000e+01 | 6.210000e+01 |  94.06%|   0.31%
 93.2s|275700 | 66967 |725643 |   2.6 |    75M | 134 | 451 | 540 | 540 |   0 |  0 |   0 |  40 | 3.200000e+01 | 6.210000e+01 |  94.06%|   0.31%
 93.2s|275800 | 66995 |725905 |   2.6 |    75M | 134 | 451 | 540 | 540 |   0 |  0 |   0 |  40 | 3.200000e+01 | 6.210000e+01 |  94.06%|   0.31%
 time | node  | left  |LP iter|LP it/n|mem/heur|mdpt |vars |cons |rows |cuts |sepa|confs|strbr|  dualbound   | primalbound  |  gap   | compl. 
 93.3s|275900 | 67023 |726177 |   2.6 |    75M | 134 | 451 | 540 | 540 |   0 |  0 |   0 |  40 | 3.200000e+01 | 6.210000e+01 |  94.06%|   0.31%
 93.3s|276000 | 67053 |726376 |   2.6 |    75M | 134 | 451 | 540 | 540 |   0 |  0 |   0 |  40 | 3.200000e+01 | 6.210000e+01 |  94.06%|   0.31%
 93.3s|276100 | 67077 |726613 |   2.6 |    75M | 134 | 451 | 540 | 540 |   0 |  0 |   0 |  40 | 3.200000e+01 | 6.210000e+01 |  94.06%|   0.31%
 93.4s|276200 | 67107 |726869 |   2.6 |    75M | 134 | 451 | 540 | 540 |   0 |  0 |   0 |  40 | 3.200000e+01 | 6.210000e+01 |  94.06%|   0.31%
 93.4s|276300 | 67127 |727110 |   2.6 |    75M | 134 | 451 | 540 | 540 |   0 |  0 |   0 |  40 | 3.200000e+01 | 6.210000e+01 |  94.06%|   0.31%
 93.4s|276400 | 67149 |727364 |   2.6 |    75M | 134 | 451 | 540 | 540 |   0 |  0 |   0 |  40 | 3.200000e+01 | 6.210000e+01 |  94.06%|   0.31%
 93.5s|276500 | 67173 |727627 |   2.6 |    75M | 134 | 451 | 540 | 540 |   0 |  0 |   0 |  40 | 3.200000e+01 | 6.210000e+01 |  94.06%|   0.31%
 93.5s|276600 | 67197 |727867 |   2.6 |    75M | 134 | 451 | 540 | 540 |   0 |  0 |   0 |  40 | 3.200000e+01 | 6.210000e+01 |  94.06%|   0.31%
 93.5s|276700 | 67223 |728105 |   2.6 |    75M | 134 | 451 | 540 | 540 |   0 |  0 |   0 |  40 | 3.200000e+01 | 6.210000e+01 |  94.06%|   0.31%
 93.6s|276800 | 67249 |728367 |   2.6 |    75M | 134 | 451 | 540 | 540 |   0 |  0 |   0 |  40 | 3.200000e+01 | 6.210000e+01 |  94.06%|   0.31%
 93.6s|276900 | 67273 |728595 |   2.6 |    75M | 134 | 451 | 540 | 540 |   0 |  0 |   0 |  40 | 3.200000e+01 | 6.210000e+01 |  94.06%|   0.31%
 93.6s|277000 | 67297 |728879 |   2.6 |    75M | 134 | 451 | 540 | 540 |   0 |  0 |   0 |  40 | 3.200000e+01 | 6.210000e+01 |  94.06%|   0.31%
 93.7s|277100 | 67327 |729117 |   2.6 |    75M | 134 | 451 | 540 | 540 |   0 |  0 |   0 |  40 | 3.200000e+01 | 6.210000e+01 |  94.06%|   0.31%
 93.7s|277200 | 67351 |729343 |   2.6 |    75M | 134 | 451 | 540 | 540 |   0 |  0 |   0 |  40 | 3.200000e+01 | 6.210000e+01 |  94.06%|   0.31%
 93.7s|277300 | 67383 |729607 |   2.6 |    75M | 134 | 451 | 540 | 540 |   0 |  0 |   0 |  40 | 3.200000e+01 | 6.210000e+01 |  94.06%|   0.31%
 time | node  | left  |LP iter|LP it/n|mem/heur|mdpt |vars |cons |rows |cuts |sepa|confs|strbr|  dualbound   | primalbound  |  gap   | compl. 
 93.8s|277400 | 67403 |729821 |   2.6 |    75M | 134 | 451 | 540 | 540 |   0 |  0 |   0 |  40 | 3.200000e+01 | 6.210000e+01 |  94.06%|   0.31%
 93.8s|277500 | 67429 |730062 |   2.6 |    75M | 134 | 451 | 540 | 540 |   0 |  0 |   0 |  40 | 3.200000e+01 | 6.210000e+01 |  94.06%|   0.31%
 93.8s|277600 | 67455 |730321 |   2.6 |    75M | 134 | 451 | 540 | 540 |   0 |  0 |   0 |  40 | 3.200000e+01 | 6.210000e+01 |  94.06%|   0.31%
 93.9s|277700 | 67477 |730618 |   2.6 |    75M | 134 | 451 | 540 | 540 |   0 |  0 |   0 |  40 | 3.200000e+01 | 6.210000e+01 |  94.06%|   0.31%
 93.9s|277800 | 67495 |730849 |   2.6 |    75M | 134 | 451 | 540 | 540 |   0 |  0 |   0 |  40 | 3.200000e+01 | 6.210000e+01 |  94.06%|   0.31%
 93.9s|277900 | 67515 |731074 |   2.6 |    75M | 134 | 451 | 540 | 540 |   0 |  0 |   0 |  40 | 3.200000e+01 | 6.210000e+01 |  94.06%|   0.31%
 94.0s|278000 | 67533 |731314 |   2.6 |    75M | 134 | 451 | 540 | 540 |   0 |  0 |   0 |  40 | 3.200000e+01 | 6.210000e+01 |  94.06%|   0.31%
 94.0s|278100 | 67553 |731603 |   2.6 |    75M | 134 | 451 | 540 | 540 |   0 |  0 |   0 |  40 | 3.200000e+01 | 6.210000e+01 |  94.06%|   0.31%
 94.0s|278200 | 67579 |731874 |   2.6 |    75M | 134 | 451 | 540 | 540 |   0 |  0 |   0 |  40 | 3.200000e+01 | 6.210000e+01 |  94.06%|   0.31%
 94.1s|278300 | 67603 |732131 |   2.6 |    75M | 134 | 451 | 540 | 540 |   0 |  0 |   0 |  40 | 3.200000e+01 | 6.210000e+01 |  94.06%|   0.31%
 94.1s|278400 | 67625 |732350 |   2.6 |    75M | 134 | 451 | 540 | 540 |   0 |  0 |   0 |  40 | 3.200000e+01 | 6.210000e+01 |  94.06%|   0.31%
 94.1s|278500 | 67649 |732575 |   2.6 |    75M | 134 | 451 | 540 | 540 |   0 |  0 |   0 |  40 | 3.200000e+01 | 6.210000e+01 |  94.06%|   0.31%
 94.2s|278600 | 67667 |732804 |   2.6 |    75M | 134 | 451 | 540 | 540 |   0 |  0 |   0 |  40 | 3.200000e+01 | 6.210000e+01 |  94.06%|   0.31%
 94.2s|278700 | 67691 |733037 |   2.6 |    75M | 134 | 451 | 540 | 540 |   0 |  0 |   0 |  40 | 3.200000e+01 | 6.210000e+01 |  94.06%|   0.31%
 94.2s|278800 | 67715 |733286 |   2.6 |    75M | 134 | 451 | 540 | 540 |   0 |  0 |   0 |  40 | 3.200000e+01 | 6.210000e+01 |  94.06%|   0.31%
 time | node  | left  |LP iter|LP it/n|mem/heur|mdpt |vars |cons |rows |cuts |sepa|confs|strbr|  dualbound   | primalbound  |  gap   | compl. 
 94.3s|278900 | 67739 |733509 |   2.6 |    75M | 134 | 451 | 540 | 540 |   0 |  0 |   0 |  40 | 3.200000e+01 | 6.210000e+01 |  94.06%|   0.31%
 94.3s|279000 | 67757 |733748 |   2.6 |    75M | 134 | 451 | 540 | 540 |   0 |  0 |   0 |  40 | 3.200000e+01 | 6.210000e+01 |  94.06%|   0.31%
 94.3s|279100 | 67781 |733987 |   2.6 |    75M | 134 | 451 | 540 | 540 |   0 |  0 |   0 |  40 | 3.200000e+01 | 6.210000e+01 |  94.06%|   0.31%
 94.4s|279200 | 67809 |734266 |   2.6 |    75M | 134 | 451 | 540 | 540 |   0 |  0 |   0 |  40 | 3.200000e+01 | 6.210000e+01 |  94.06%|   0.31%
 94.4s|279300 | 67837 |734528 |   2.6 |    75M | 134 | 451 | 540 | 540 |   0 |  0 |   0 |  40 | 3.200000e+01 | 6.210000e+01 |  94.06%|   0.31%
 94.4s|279400 | 67877 |734760 |   2.6 |    75M | 134 | 451 | 540 | 540 |   0 |  0 |   0 |  40 | 3.200000e+01 | 6.210000e+01 |  94.06%|   0.31%
 94.5s|279500 | 67905 |734999 |   2.6 |    75M | 134 | 451 | 540 | 540 |   0 |  0 |   0 |  40 | 3.200000e+01 | 6.210000e+01 |  94.06%|   0.31%
 94.5s|279600 | 67935 |735262 |   2.6 |    76M | 134 | 451 | 540 | 540 |   0 |  0 |   0 |  40 | 3.200000e+01 | 6.210000e+01 |  94.06%|   0.31%
 94.5s|279700 | 67969 |735536 |   2.6 |    76M | 134 | 451 | 540 | 540 |   0 |  0 |   0 |  40 | 3.200000e+01 | 6.210000e+01 |  94.06%|   0.31%
 94.6s|279800 | 67999 |735767 |   2.6 |    76M | 134 | 451 | 540 | 540 |   0 |  0 |   0 |  40 | 3.200000e+01 | 6.210000e+01 |  94.06%|   0.31%
 94.6s|279900 | 68031 |736045 |   2.6 |    76M | 134 | 451 | 540 | 540 |   0 |  0 |   0 |  40 | 3.200000e+01 | 6.210000e+01 |  94.06%|   0.31%
 94.6s|280000 | 68061 |736299 |   2.6 |    76M | 134 | 451 | 540 | 540 |   0 |  0 |   0 |  40 | 3.200000e+01 | 6.210000e+01 |  94.06%|   0.31%
 94.7s|280100 | 68095 |736627 |   2.6 |    76M | 134 | 451 | 540 | 540 |   0 |  0 |   0 |  40 | 3.200000e+01 | 6.210000e+01 |  94.06%|   0.31%
 94.7s|280200 | 68123 |736864 |   2.6 |    76M | 134 | 451 | 540 | 540 |   0 |  0 |   0 |  40 | 3.200000e+01 | 6.210000e+01 |  94.06%|   0.31%
 94.7s|280300 | 68149 |737136 |   2.6 |    76M | 134 | 451 | 540 | 540 |   0 |  0 |   0 |  40 | 3.200000e+01 | 6.210000e+01 |  94.06%|   0.31%
 time | node  | left  |LP iter|LP it/n|mem/heur|mdpt |vars |cons |rows |cuts |sepa|confs|strbr|  dualbound   | primalbound  |  gap   | compl. 
 94.8s|280400 | 68171 |737368 |   2.6 |    76M | 134 | 451 | 540 | 540 |   0 |  0 |   0 |  40 | 3.200000e+01 | 6.210000e+01 |  94.06%|   0.31%
 94.8s|280500 | 68193 |737613 |   2.6 |    76M | 134 | 451 | 540 | 540 |   0 |  0 |   0 |  40 | 3.200000e+01 | 6.210000e+01 |  94.06%|   0.31%
 94.8s|280600 | 68215 |737861 |   2.6 |    76M | 134 | 451 | 540 | 540 |   0 |  0 |   0 |  40 | 3.200000e+01 | 6.210000e+01 |  94.06%|   0.31%
 94.9s|280700 | 68241 |738119 |   2.6 |    76M | 134 | 451 | 540 | 540 |   0 |  0 |   0 |  40 | 3.200000e+01 | 6.210000e+01 |  94.06%|   0.31%
 94.9s|280800 | 68261 |738359 |   2.6 |    76M | 134 | 451 | 540 | 540 |   0 |  0 |   0 |  40 | 3.200000e+01 | 6.210000e+01 |  94.06%|   0.31%
 94.9s|280900 | 68283 |738602 |   2.6 |    77M | 134 | 451 | 540 | 540 |   0 |  0 |   0 |  40 | 3.200000e+01 | 6.210000e+01 |  94.06%|   0.31%
 95.0s|281000 | 68311 |738839 |   2.6 |    77M | 134 | 451 | 540 | 540 |   0 |  0 |   0 |  40 | 3.200000e+01 | 6.210000e+01 |  94.06%|   0.31%
 95.0s|281100 | 68331 |739105 |   2.6 |    77M | 134 | 451 | 540 | 540 |   0 |  0 |   0 |  40 | 3.200000e+01 | 6.210000e+01 |  94.06%|   0.31%
 95.0s|281200 | 68357 |739335 |   2.6 |    77M | 134 | 451 | 540 | 540 |   0 |  0 |   0 |  40 | 3.200000e+01 | 6.210000e+01 |  94.06%|   0.31%
 95.1s|281300 | 68383 |739560 |   2.6 |    77M | 134 | 451 | 540 | 540 |   0 |  0 |   0 |  40 | 3.200000e+01 | 6.210000e+01 |  94.06%|   0.31%
 95.1s|281400 | 68401 |739820 |   2.6 |    77M | 134 | 451 | 540 | 540 |   0 |  0 |   0 |  40 | 3.200000e+01 | 6.210000e+01 |  94.06%|   0.31%
 95.1s|281500 | 68427 |740054 |   2.6 |    77M | 134 | 451 | 540 | 540 |   0 |  0 |   0 |  40 | 3.200000e+01 | 6.210000e+01 |  94.06%|   0.31%
 95.2s|281600 | 68447 |740262 |   2.6 |    77M | 134 | 451 | 540 | 540 |   0 |  0 |   0 |  40 | 3.200000e+01 | 6.210000e+01 |  94.06%|   0.31%
 95.2s|281700 | 68469 |740483 |   2.6 |    77M | 134 | 451 | 540 | 540 |   0 |  0 |   0 |  40 | 3.200000e+01 | 6.210000e+01 |  94.06%|   0.31%
 95.2s|281800 | 68491 |740714 |   2.6 |    77M | 134 | 451 | 540 | 540 |   0 |  0 |   0 |  40 | 3.200000e+01 | 6.210000e+01 |  94.06%|   0.31%
 time | node  | left  |LP iter|LP it/n|mem/heur|mdpt |vars |cons |rows |cuts |sepa|confs|strbr|  dualbound   | primalbound  |  gap   | compl. 
 95.3s|281900 | 68517 |740930 |   2.6 |    77M | 134 | 451 | 540 | 540 |   0 |  0 |   0 |  40 | 3.200000e+01 | 6.210000e+01 |  94.06%|   0.31%
 95.3s|282000 | 68539 |741141 |   2.6 |    77M | 134 | 451 | 540 | 540 |   0 |  0 |   0 |  40 | 3.200000e+01 | 6.210000e+01 |  94.06%|   0.31%
 95.3s|282100 | 68559 |741366 |   2.6 |    77M | 134 | 451 | 540 | 540 |   0 |  0 |   0 |  40 | 3.200000e+01 | 6.210000e+01 |  94.06%|   0.31%
 95.4s|282200 | 68589 |741582 |   2.6 |    77M | 134 | 451 | 540 | 540 |   0 |  0 |   0 |  40 | 3.200000e+01 | 6.210000e+01 |  94.06%|   0.31%
 95.4s|282300 | 68615 |741772 |   2.6 |    77M | 134 | 451 | 540 | 540 |   0 |  0 |   0 |  40 | 3.200000e+01 | 6.210000e+01 |  94.06%|   0.31%
 95.4s|282400 | 68637 |741984 |   2.6 |    77M | 134 | 451 | 540 | 540 |   0 |  0 |   0 |  40 | 3.200000e+01 | 6.210000e+01 |  94.06%|   0.31%
 95.5s|282500 | 68659 |742201 |   2.6 |    77M | 134 | 451 | 540 | 540 |   0 |  0 |   0 |  40 | 3.200000e+01 | 6.210000e+01 |  94.06%|   0.31%
 95.5s|282600 | 68685 |742418 |   2.6 |    77M | 134 | 451 | 540 | 540 |   0 |  0 |   0 |  40 | 3.200000e+01 | 6.210000e+01 |  94.06%|   0.31%
 95.5s|282700 | 68707 |742639 |   2.6 |    77M | 134 | 451 | 540 | 540 |   0 |  0 |   0 |  40 | 3.200000e+01 | 6.210000e+01 |  94.06%|   0.31%
 95.5s|282800 | 68731 |742858 |   2.6 |    77M | 134 | 451 | 540 | 540 |   0 |  0 |   0 |  40 | 3.200000e+01 | 6.210000e+01 |  94.06%|   0.31%
 95.6s|282900 | 68755 |743065 |   2.6 |    77M | 134 | 451 | 540 | 540 |   0 |  0 |   0 |  40 | 3.200000e+01 | 6.210000e+01 |  94.06%|   0.31%
 95.6s|283000 | 68775 |743270 |   2.6 |    77M | 134 | 451 | 540 | 540 |   0 |  0 |   0 |  40 | 3.200000e+01 | 6.210000e+01 |  94.06%|   0.31%
 95.6s|283100 | 68797 |743516 |   2.6 |    77M | 134 | 451 | 540 | 540 |   0 |  0 |   0 |  40 | 3.200000e+01 | 6.210000e+01 |  94.06%|   0.31%
 95.7s|283200 | 68827 |743757 |   2.6 |    77M | 134 | 451 | 540 | 540 |   0 |  0 |   0 |  40 | 3.200000e+01 | 6.210000e+01 |  94.06%|   0.31%
 95.7s|283300 | 68853 |743988 |   2.6 |    77M | 134 | 451 | 540 | 540 |   0 |  0 |   0 |  40 | 3.200000e+01 | 6.210000e+01 |  94.06%|   0.31%
 time | node  | left  |LP iter|LP it/n|mem/heur|mdpt |vars |cons |rows |cuts |sepa|confs|strbr|  dualbound   | primalbound  |  gap   | compl. 
 95.7s|283400 | 68881 |744238 |   2.6 |    77M | 134 | 451 | 540 | 540 |   0 |  0 |   0 |  40 | 3.200000e+01 | 6.210000e+01 |  94.06%|   0.31%
 95.8s|283500 | 68905 |744491 |   2.6 |    77M | 134 | 451 | 540 | 540 |   0 |  0 |   0 |  40 | 3.200000e+01 | 6.210000e+01 |  94.06%|   0.31%
 95.8s|283600 | 68937 |744743 |   2.6 |    77M | 134 | 451 | 540 | 540 |   0 |  0 |   0 |  40 | 3.200000e+01 | 6.210000e+01 |  94.06%|   0.31%
 95.9s|283700 | 68981 |744982 |   2.6 |    77M | 134 | 451 | 540 | 540 |   0 |  0 |   0 |  40 | 3.200000e+01 | 6.210000e+01 |  94.06%|   0.31%
 95.9s|283800 | 69005 |745193 |   2.6 |    77M | 134 | 451 | 540 | 540 |   0 |  0 |   0 |  40 | 3.200000e+01 | 6.210000e+01 |  94.06%|   0.31%
 95.9s|283900 | 69037 |745458 |   2.6 |    77M | 134 | 451 | 540 | 540 |   0 |  0 |   0 |  40 | 3.200000e+01 | 6.210000e+01 |  94.06%|   0.31%
 96.0s|284000 | 69059 |745702 |   2.6 |    77M | 134 | 451 | 540 | 540 |   0 |  0 |   0 |  40 | 3.200000e+01 | 6.210000e+01 |  94.06%|   0.31%
 96.0s|284100 | 69087 |745912 |   2.6 |    77M | 134 | 451 | 540 | 540 |   0 |  0 |   0 |  40 | 3.200000e+01 | 6.210000e+01 |  94.06%|   0.31%
 96.0s|284200 | 69119 |746150 |   2.6 |    77M | 134 | 451 | 540 | 540 |   0 |  0 |   0 |  40 | 3.200000e+01 | 6.210000e+01 |  94.06%|   0.31%
 96.0s|284300 | 69147 |746395 |   2.6 |    77M | 134 | 451 | 540 | 540 |   0 |  0 |   0 |  40 | 3.200000e+01 | 6.210000e+01 |  94.06%|   0.31%
 96.1s|284400 | 69175 |746685 |   2.6 |    77M | 134 | 451 | 540 | 540 |   0 |  0 |   0 |  40 | 3.200000e+01 | 6.210000e+01 |  94.06%|   0.31%
 96.1s|284500 | 69197 |746958 |   2.6 |    78M | 134 | 451 | 540 | 540 |   0 |  0 |   0 |  40 | 3.200000e+01 | 6.210000e+01 |  94.06%|   0.31%
 96.2s|284600 | 69217 |747200 |   2.6 |    78M | 134 | 451 | 540 | 540 |   0 |  0 |   0 |  40 | 3.200000e+01 | 6.210000e+01 |  94.06%|   0.31%
 96.2s|284700 | 69245 |747452 |   2.6 |    78M | 134 | 451 | 540 | 540 |   0 |  0 |   0 |  40 | 3.200000e+01 | 6.210000e+01 |  94.06%|   0.31%
 96.2s|284800 | 69271 |747708 |   2.6 |    78M | 134 | 451 | 540 | 540 |   0 |  0 |   0 |  40 | 3.200000e+01 | 6.210000e+01 |  94.06%|   0.31%
 time | node  | left  |LP iter|LP it/n|mem/heur|mdpt |vars |cons |rows |cuts |sepa|confs|strbr|  dualbound   | primalbound  |  gap   | compl. 
 96.3s|284900 | 69299 |747967 |   2.6 |    78M | 134 | 451 | 540 | 540 |   0 |  0 |   0 |  40 | 3.200000e+01 | 6.210000e+01 |  94.06%|   0.31%
 96.3s|285000 | 69329 |748214 |   2.6 |    78M | 134 | 451 | 540 | 540 |   0 |  0 |   0 |  40 | 3.200000e+01 | 6.210000e+01 |  94.06%|   0.31%
 96.3s|285100 | 69355 |748452 |   2.6 |    78M | 134 | 451 | 540 | 540 |   0 |  0 |   0 |  40 | 3.200000e+01 | 6.210000e+01 |  94.06%|   0.31%
 96.4s|285200 | 69377 |748682 |   2.6 |    78M | 134 | 451 | 540 | 540 |   0 |  0 |   0 |  40 | 3.200000e+01 | 6.210000e+01 |  94.06%|   0.31%
 96.4s|285300 | 69397 |748950 |   2.6 |    78M | 134 | 451 | 540 | 540 |   0 |  0 |   0 |  40 | 3.200000e+01 | 6.210000e+01 |  94.06%|   0.31%
 96.4s|285400 | 69417 |749209 |   2.6 |    78M | 134 | 451 | 540 | 540 |   0 |  0 |   0 |  40 | 3.200000e+01 | 6.210000e+01 |  94.06%|   0.31%
 96.5s|285500 | 69445 |749467 |   2.6 |    78M | 134 | 451 | 540 | 540 |   0 |  0 |   0 |  40 | 3.200000e+01 | 6.210000e+01 |  94.06%|   0.31%
 96.5s|285600 | 69481 |749723 |   2.6 |    78M | 134 | 451 | 540 | 540 |   0 |  0 |   0 |  40 | 3.200000e+01 | 6.210000e+01 |  94.06%|   0.31%
 96.5s|285700 | 69509 |749972 |   2.6 |    78M | 134 | 451 | 540 | 540 |   0 |  0 |   0 |  40 | 3.200000e+01 | 6.210000e+01 |  94.06%|   0.31%
 96.6s|285800 | 69535 |750213 |   2.6 |    78M | 134 | 451 | 540 | 540 |   0 |  0 |   0 |  40 | 3.200000e+01 | 6.210000e+01 |  94.06%|   0.31%
 96.6s|285900 | 69553 |750440 |   2.6 |    78M | 134 | 451 | 540 | 540 |   0 |  0 |   0 |  40 | 3.200000e+01 | 6.210000e+01 |  94.06%|   0.31%
 96.6s|286000 | 69587 |750694 |   2.6 |    78M | 134 | 451 | 540 | 540 |   0 |  0 |   0 |  40 | 3.200000e+01 | 6.210000e+01 |  94.06%|   0.31%
 96.6s|286100 | 69613 |750909 |   2.6 |    78M | 134 | 451 | 540 | 540 |   0 |  0 |   0 |  40 | 3.200000e+01 | 6.210000e+01 |  94.06%|   0.31%
 96.7s|286200 | 69641 |751135 |   2.6 |    78M | 134 | 451 | 540 | 540 |   0 |  0 |   0 |  40 | 3.200000e+01 | 6.210000e+01 |  94.06%|   0.31%
 96.7s|286300 | 69667 |751344 |   2.6 |    78M | 134 | 451 | 540 | 540 |   0 |  0 |   0 |  40 | 3.200000e+01 | 6.210000e+01 |  94.06%|   0.31%
 time | node  | left  |LP iter|LP it/n|mem/heur|mdpt |vars |cons |rows |cuts |sepa|confs|strbr|  dualbound   | primalbound  |  gap   | compl. 
 96.7s|286400 | 69695 |751593 |   2.6 |    78M | 134 | 451 | 540 | 540 |   0 |  0 |   0 |  40 | 3.200000e+01 | 6.210000e+01 |  94.06%|   0.31%
 96.8s|286500 | 69723 |751837 |   2.6 |    78M | 134 | 451 | 540 | 540 |   0 |  0 |   0 |  40 | 3.200000e+01 | 6.210000e+01 |  94.06%|   0.31%
 96.8s|286600 | 69763 |752045 |   2.6 |    78M | 134 | 451 | 540 | 540 |   0 |  0 |   0 |  40 | 3.200000e+01 | 6.210000e+01 |  94.06%|   0.31%
 96.8s|286700 | 69793 |752263 |   2.6 |    78M | 134 | 451 | 540 | 540 |   0 |  0 |   0 |  40 | 3.200000e+01 | 6.210000e+01 |  94.06%|   0.31%
 96.9s|286800 | 69827 |752486 |   2.6 |    78M | 134 | 451 | 540 | 540 |   0 |  0 |   0 |  40 | 3.200000e+01 | 6.210000e+01 |  94.06%|   0.31%
 96.9s|286900 | 69859 |752712 |   2.6 |    78M | 134 | 451 | 540 | 540 |   0 |  0 |   0 |  40 | 3.200000e+01 | 6.210000e+01 |  94.06%|   0.31%
 97.0s|287000 | 69893 |752945 |   2.6 |    78M | 134 | 451 | 540 | 540 |   0 |  0 |   0 |  40 | 3.200000e+01 | 6.210000e+01 |  94.06%|   0.31%
 97.0s|287100 | 69913 |753164 |   2.6 |    78M | 134 | 451 | 540 | 540 |   0 |  0 |   0 |  40 | 3.200000e+01 | 6.210000e+01 |  94.06%|   0.31%
 97.0s|287200 | 69937 |753370 |   2.6 |    78M | 134 | 451 | 540 | 540 |   0 |  0 |   0 |  40 | 3.200000e+01 | 6.210000e+01 |  94.06%|   0.31%
 97.0s|287300 | 69979 |753603 |   2.6 |    78M | 134 | 451 | 540 | 540 |   0 |  0 |   0 |  40 | 3.200000e+01 | 6.210000e+01 |  94.06%|   0.31%
 97.1s|287400 | 70009 |753825 |   2.6 |    78M | 134 | 451 | 540 | 540 |   0 |  0 |   0 |  40 | 3.200000e+01 | 6.210000e+01 |  94.06%|   0.31%
 97.1s|287500 | 70045 |754045 |   2.6 |    78M | 134 | 451 | 540 | 540 |   0 |  0 |   0 |  40 | 3.200000e+01 | 6.210000e+01 |  94.06%|   0.31%
 97.2s|287600 | 70081 |754253 |   2.6 |    78M | 134 | 451 | 540 | 540 |   0 |  0 |   0 |  40 | 3.200000e+01 | 6.210000e+01 |  94.06%|   0.31%
 97.2s|287700 | 70115 |754461 |   2.6 |    78M | 134 | 451 | 540 | 540 |   0 |  0 |   0 |  40 | 3.200000e+01 | 6.210000e+01 |  94.06%|   0.31%
 97.2s|287800 | 70149 |754660 |   2.6 |    78M | 134 | 451 | 540 | 540 |   0 |  0 |   0 |  40 | 3.200000e+01 | 6.210000e+01 |  94.06%|   0.31%
 time | node  | left  |LP iter|LP it/n|mem/heur|mdpt |vars |cons |rows |cuts |sepa|confs|strbr|  dualbound   | primalbound  |  gap   | compl. 
 97.3s|287900 | 70191 |754876 |   2.6 |    78M | 134 | 451 | 540 | 540 |   0 |  0 |   0 |  40 | 3.200000e+01 | 6.210000e+01 |  94.06%|   0.31%
 97.3s|288000 | 70223 |755086 |   2.6 |    78M | 134 | 451 | 540 | 540 |   0 |  0 |   0 |  40 | 3.200000e+01 | 6.210000e+01 |  94.06%|   0.31%
 97.3s|288100 | 70259 |755304 |   2.6 |    78M | 134 | 451 | 540 | 540 |   0 |  0 |   0 |  40 | 3.200000e+01 | 6.210000e+01 |  94.06%|   0.31%
 97.4s|288200 | 70291 |755545 |   2.6 |    78M | 134 | 451 | 540 | 540 |   0 |  0 |   0 |  40 | 3.200000e+01 | 6.210000e+01 |  94.06%|   0.31%
 97.4s|288300 | 70313 |755755 |   2.6 |    78M | 134 | 451 | 540 | 540 |   0 |  0 |   0 |  40 | 3.200000e+01 | 6.210000e+01 |  94.06%|   0.31%
 97.4s|288400 | 70347 |755999 |   2.6 |    78M | 134 | 451 | 540 | 540 |   0 |  0 |   0 |  40 | 3.200000e+01 | 6.210000e+01 |  94.06%|   0.31%
 97.5s|288500 | 70379 |756224 |   2.6 |    78M | 134 | 451 | 540 | 540 |   0 |  0 |   0 |  40 | 3.200000e+01 | 6.210000e+01 |  94.06%|   0.31%
 97.5s|288600 | 70409 |756443 |   2.6 |    79M | 134 | 451 | 540 | 540 |   0 |  0 |   0 |  40 | 3.200000e+01 | 6.210000e+01 |  94.06%|   0.31%
 97.5s|288700 | 70443 |756663 |   2.6 |    79M | 134 | 451 | 540 | 540 |   0 |  0 |   0 |  40 | 3.200000e+01 | 6.210000e+01 |  94.06%|   0.31%
 97.6s|288800 | 70477 |756891 |   2.6 |    79M | 134 | 451 | 540 | 540 |   0 |  0 |   0 |  40 | 3.200000e+01 | 6.210000e+01 |  94.06%|   0.31%
 97.6s|288900 | 70513 |757119 |   2.6 |    79M | 134 | 451 | 540 | 540 |   0 |  0 |   0 |  40 | 3.200000e+01 | 6.210000e+01 |  94.06%|   0.31%
 97.6s|289000 | 70559 |757338 |   2.6 |    79M | 134 | 451 | 540 | 540 |   0 |  0 |   0 |  40 | 3.200000e+01 | 6.210000e+01 |  94.06%|   0.31%
 97.7s|289100 | 70605 |757546 |   2.6 |    79M | 134 | 451 | 540 | 540 |   0 |  0 |   0 |  40 | 3.200000e+01 | 6.210000e+01 |  94.06%|   0.31%
 97.7s|289200 | 70631 |757756 |   2.6 |    79M | 134 | 451 | 540 | 540 |   0 |  0 |   0 |  40 | 3.200000e+01 | 6.210000e+01 |  94.06%|   0.31%
 97.7s|289300 | 70671 |757963 |   2.6 |    79M | 134 | 451 | 540 | 540 |   0 |  0 |   0 |  40 | 3.200000e+01 | 6.210000e+01 |  94.06%|   0.31%
 time | node  | left  |LP iter|LP it/n|mem/heur|mdpt |vars |cons |rows |cuts |sepa|confs|strbr|  dualbound   | primalbound  |  gap   | compl. 
 97.8s|289400 | 70717 |758183 |   2.6 |    79M | 134 | 451 | 540 | 540 |   0 |  0 |   0 |  40 | 3.200000e+01 | 6.210000e+01 |  94.06%|   0.31%
 97.8s|289500 | 70755 |758407 |   2.6 |    79M | 134 | 451 | 540 | 540 |   0 |  0 |   0 |  40 | 3.200000e+01 | 6.210000e+01 |  94.06%|   0.31%
 97.8s|289600 | 70797 |758629 |   2.6 |    79M | 134 | 451 | 540 | 540 |   0 |  0 |   0 |  40 | 3.200000e+01 | 6.210000e+01 |  94.06%|   0.31%
 97.9s|289700 | 70835 |758851 |   2.6 |    79M | 134 | 451 | 540 | 540 |   0 |  0 |   0 |  40 | 3.200000e+01 | 6.210000e+01 |  94.06%|   0.31%
 97.9s|289800 | 70873 |759080 |   2.6 |    79M | 134 | 451 | 540 | 540 |   0 |  0 |   0 |  40 | 3.200000e+01 | 6.210000e+01 |  94.06%|   0.31%
 97.9s|289900 | 70915 |759295 |   2.6 |    79M | 134 | 451 | 540 | 540 |   0 |  0 |   0 |  40 | 3.200000e+01 | 6.210000e+01 |  94.06%|   0.31%
 98.0s|290000 | 70953 |759532 |   2.6 |    79M | 134 | 451 | 540 | 540 |   0 |  0 |   0 |  40 | 3.200000e+01 | 6.210000e+01 |  94.06%|   0.31%
 98.0s|290100 | 70983 |759769 |   2.6 |    79M | 134 | 451 | 540 | 540 |   0 |  0 |   0 |  40 | 3.200000e+01 | 6.210000e+01 |  94.06%|   0.31%
 98.0s|290200 | 71013 |760001 |   2.6 |    79M | 134 | 451 | 540 | 540 |   0 |  0 |   0 |  40 | 3.200000e+01 | 6.210000e+01 |  94.06%|   0.31%
 98.1s|290300 | 71041 |760217 |   2.6 |    79M | 134 | 451 | 540 | 540 |   0 |  0 |   0 |  40 | 3.200000e+01 | 6.210000e+01 |  94.06%|   0.31%
 98.1s|290400 | 71073 |760405 |   2.6 |    79M | 134 | 451 | 540 | 540 |   0 |  0 |   0 |  40 | 3.200000e+01 | 6.210000e+01 |  94.06%|   0.31%
 98.1s|290500 | 71101 |760626 |   2.6 |    79M | 134 | 451 | 540 | 540 |   0 |  0 |   0 |  40 | 3.200000e+01 | 6.210000e+01 |  94.06%|   0.31%
 98.2s|290600 | 71125 |760841 |   2.6 |    79M | 134 | 451 | 540 | 540 |   0 |  0 |   0 |  40 | 3.200000e+01 | 6.210000e+01 |  94.06%|   0.31%
 98.2s|290700 | 71161 |761053 |   2.6 |    79M | 134 | 451 | 540 | 540 |   0 |  0 |   0 |  40 | 3.200000e+01 | 6.210000e+01 |  94.06%|   0.31%
 98.2s|290800 | 71195 |761277 |   2.6 |    79M | 134 | 451 | 540 | 540 |   0 |  0 |   0 |  40 | 3.200000e+01 | 6.210000e+01 |  94.06%|   0.31%
 time | node  | left  |LP iter|LP it/n|mem/heur|mdpt |vars |cons |rows |cuts |sepa|confs|strbr|  dualbound   | primalbound  |  gap   | compl. 
 98.3s|290900 | 71229 |761506 |   2.6 |    79M | 134 | 451 | 540 | 540 |   0 |  0 |   0 |  40 | 3.200000e+01 | 6.210000e+01 |  94.06%|   0.31%
 98.3s|291000 | 71261 |761740 |   2.6 |    79M | 134 | 451 | 540 | 540 |   0 |  0 |   0 |  40 | 3.200000e+01 | 6.210000e+01 |  94.06%|   0.31%
 98.3s|291100 | 71305 |761977 |   2.6 |    79M | 134 | 451 | 540 | 540 |   0 |  0 |   0 |  40 | 3.200000e+01 | 6.210000e+01 |  94.06%|   0.31%
 98.4s|291200 | 71331 |762184 |   2.6 |    79M | 134 | 451 | 540 | 540 |   0 |  0 |   0 |  40 | 3.200000e+01 | 6.210000e+01 |  94.06%|   0.31%
 98.4s|291300 | 71361 |762422 |   2.6 |    79M | 134 | 451 | 540 | 540 |   0 |  0 |   0 |  40 | 3.200000e+01 | 6.210000e+01 |  94.06%|   0.31%
 98.5s|291400 | 71405 |762650 |   2.6 |    79M | 134 | 451 | 540 | 540 |   0 |  0 |   0 |  40 | 3.200000e+01 | 6.210000e+01 |  94.06%|   0.31%
 98.5s|291500 | 71433 |762881 |   2.6 |    79M | 134 | 451 | 540 | 540 |   0 |  0 |   0 |  40 | 3.200000e+01 | 6.210000e+01 |  94.06%|   0.31%
 98.5s|291600 | 71477 |763104 |   2.6 |    79M | 134 | 451 | 540 | 540 |   0 |  0 |   0 |  40 | 3.200000e+01 | 6.210000e+01 |  94.06%|   0.31%
 98.6s|291700 | 71517 |763321 |   2.6 |    79M | 134 | 451 | 540 | 540 |   0 |  0 |   0 |  40 | 3.200000e+01 | 6.210000e+01 |  94.06%|   0.31%
 98.6s|291800 | 71545 |763560 |   2.6 |    79M | 134 | 451 | 540 | 540 |   0 |  0 |   0 |  40 | 3.200000e+01 | 6.210000e+01 |  94.06%|   0.31%
 98.6s|291900 | 71575 |763756 |   2.6 |    79M | 134 | 451 | 540 | 540 |   0 |  0 |   0 |  40 | 3.200000e+01 | 6.210000e+01 |  94.06%|   0.31%
 98.7s|292000 | 71611 |763993 |   2.6 |    79M | 134 | 451 | 540 | 540 |   0 |  0 |   0 |  40 | 3.200000e+01 | 6.210000e+01 |  94.06%|   0.31%
 98.7s|292100 | 71639 |764233 |   2.6 |    79M | 134 | 451 | 540 | 540 |   0 |  0 |   0 |  40 | 3.200000e+01 | 6.210000e+01 |  94.06%|   0.31%
 98.7s|292200 | 71677 |764465 |   2.6 |    79M | 134 | 451 | 540 | 540 |   0 |  0 |   0 |  40 | 3.200000e+01 | 6.210000e+01 |  94.06%|   0.31%
 98.8s|292300 | 71705 |764702 |   2.6 |    79M | 134 | 451 | 540 | 540 |   0 |  0 |   0 |  40 | 3.200000e+01 | 6.210000e+01 |  94.06%|   0.31%
 time | node  | left  |LP iter|LP it/n|mem/heur|mdpt |vars |cons |rows |cuts |sepa|confs|strbr|  dualbound   | primalbound  |  gap   | compl. 
 98.8s|292400 | 71737 |764937 |   2.6 |    79M | 134 | 451 | 540 | 540 |   0 |  0 |   0 |  40 | 3.200000e+01 | 6.210000e+01 |  94.06%|   0.31%
 98.8s|292500 | 71773 |765184 |   2.6 |    79M | 134 | 451 | 540 | 540 |   0 |  0 |   0 |  40 | 3.200000e+01 | 6.210000e+01 |  94.06%|   0.31%
 98.9s|292600 | 71833 |765403 |   2.6 |    80M | 134 | 451 | 540 | 540 |   0 |  0 |   0 |  40 | 3.200000e+01 | 6.210000e+01 |  94.06%|   0.31%
 98.9s|292700 | 71877 |765627 |   2.6 |    80M | 134 | 451 | 540 | 540 |   0 |  0 |   0 |  40 | 3.200000e+01 | 6.210000e+01 |  94.06%|   0.31%
 98.9s|292800 | 71901 |765872 |   2.6 |    80M | 134 | 451 | 540 | 540 |   0 |  0 |   0 |  40 | 3.200000e+01 | 6.210000e+01 |  94.06%|   0.31%
 99.0s|292900 | 71923 |766109 |   2.6 |    80M | 134 | 451 | 540 | 540 |   0 |  0 |   0 |  40 | 3.200000e+01 | 6.210000e+01 |  94.06%|   0.31%
 99.0s|293000 | 71955 |766345 |   2.6 |    80M | 134 | 451 | 540 | 540 |   0 |  0 |   0 |  40 | 3.200000e+01 | 6.210000e+01 |  94.06%|   0.31%
 99.0s|293100 | 71981 |766594 |   2.6 |    80M | 134 | 451 | 540 | 540 |   0 |  0 |   0 |  40 | 3.200000e+01 | 6.210000e+01 |  94.06%|   0.31%
 99.1s|293200 | 72013 |766829 |   2.6 |    80M | 134 | 451 | 540 | 540 |   0 |  0 |   0 |  40 | 3.200000e+01 | 6.210000e+01 |  94.06%|   0.31%
 99.1s|293300 | 72043 |767045 |   2.6 |    80M | 134 | 451 | 540 | 540 |   0 |  0 |   0 |  40 | 3.200000e+01 | 6.210000e+01 |  94.06%|   0.31%
 99.1s|293400 | 72075 |767250 |   2.6 |    80M | 134 | 451 | 540 | 540 |   0 |  0 |   0 |  40 | 3.200000e+01 | 6.210000e+01 |  94.06%|   0.31%
 99.2s|293500 | 72105 |767476 |   2.6 |    80M | 134 | 451 | 540 | 540 |   0 |  0 |   0 |  40 | 3.200000e+01 | 6.210000e+01 |  94.06%|   0.31%
 99.2s|293600 | 72135 |767710 |   2.6 |    80M | 134 | 451 | 540 | 540 |   0 |  0 |   0 |  40 | 3.200000e+01 | 6.210000e+01 |  94.06%|   0.31%
 99.2s|293700 | 72163 |767916 |   2.6 |    80M | 134 | 451 | 540 | 540 |   0 |  0 |   0 |  40 | 3.200000e+01 | 6.210000e+01 |  94.06%|   0.31%
 99.3s|293800 | 72187 |768196 |   2.6 |    80M | 134 | 451 | 540 | 540 |   0 |  0 |   0 |  40 | 3.200000e+01 | 6.210000e+01 |  94.06%|   0.31%
 time | node  | left  |LP iter|LP it/n|mem/heur|mdpt |vars |cons |rows |cuts |sepa|confs|strbr|  dualbound   | primalbound  |  gap   | compl. 
 99.3s|293900 | 72223 |768441 |   2.6 |    80M | 134 | 451 | 540 | 540 |   0 |  0 |   0 |  40 | 3.200000e+01 | 6.210000e+01 |  94.06%|   0.31%
 99.3s|294000 | 72253 |768648 |   2.6 |    80M | 134 | 451 | 540 | 540 |   0 |  0 |   0 |  40 | 3.200000e+01 | 6.210000e+01 |  94.06%|   0.31%
 99.4s|294100 | 72285 |768886 |   2.6 |    80M | 134 | 451 | 540 | 540 |   0 |  0 |   0 |  40 | 3.200000e+01 | 6.210000e+01 |  94.06%|   0.31%
 99.4s|294200 | 72317 |769117 |   2.6 |    80M | 134 | 451 | 540 | 540 |   0 |  0 |   0 |  40 | 3.200000e+01 | 6.210000e+01 |  94.06%|   0.31%
 99.4s|294300 | 72365 |769335 |   2.6 |    80M | 134 | 451 | 540 | 540 |   0 |  0 |   0 |  40 | 3.200000e+01 | 6.210000e+01 |  94.06%|   0.31%
 99.5s|294400 | 72395 |769553 |   2.6 |    80M | 134 | 451 | 540 | 540 |   0 |  0 |   0 |  40 | 3.200000e+01 | 6.210000e+01 |  94.06%|   0.31%
 99.5s|294500 | 72431 |769779 |   2.6 |    80M | 134 | 451 | 540 | 540 |   0 |  0 |   0 |  40 | 3.200000e+01 | 6.210000e+01 |  94.06%|   0.31%
 99.5s|294600 | 72459 |769987 |   2.6 |    80M | 134 | 451 | 540 | 540 |   0 |  0 |   0 |  40 | 3.200000e+01 | 6.210000e+01 |  94.06%|   0.31%
 99.6s|294700 | 72497 |770209 |   2.6 |    80M | 134 | 451 | 540 | 540 |   0 |  0 |   0 |  40 | 3.200000e+01 | 6.210000e+01 |  94.06%|   0.31%
 99.6s|294800 | 72539 |770427 |   2.6 |    80M | 134 | 451 | 540 | 540 |   0 |  0 |   0 |  40 | 3.200000e+01 | 6.210000e+01 |  94.06%|   0.31%
 99.6s|294900 | 72571 |770634 |   2.6 |    80M | 134 | 451 | 540 | 540 |   0 |  0 |   0 |  40 | 3.200000e+01 | 6.210000e+01 |  94.06%|   0.31%
 99.7s|295000 | 72607 |770847 |   2.6 |    80M | 134 | 451 | 540 | 540 |   0 |  0 |   0 |  40 | 3.200000e+01 | 6.210000e+01 |  94.06%|   0.31%
 99.7s|295100 | 72641 |771075 |   2.6 |    80M | 134 | 451 | 540 | 540 |   0 |  0 |   0 |  40 | 3.200000e+01 | 6.210000e+01 |  94.06%|   0.31%
 99.7s|295200 | 72669 |771272 |   2.6 |    80M | 134 | 451 | 540 | 540 |   0 |  0 |   0 |  40 | 3.200000e+01 | 6.210000e+01 |  94.06%|   0.31%
 99.8s|295300 | 72705 |771496 |   2.6 |    80M | 134 | 451 | 540 | 540 |   0 |  0 |   0 |  40 | 3.200000e+01 | 6.210000e+01 |  94.06%|   0.31%
 time | node  | left  |LP iter|LP it/n|mem/heur|mdpt |vars |cons |rows |cuts |sepa|confs|strbr|  dualbound   | primalbound  |  gap   | compl. 
 99.8s|295400 | 72733 |771701 |   2.6 |    80M | 134 | 451 | 540 | 540 |   0 |  0 |   0 |  40 | 3.200000e+01 | 6.210000e+01 |  94.06%|   0.31%
 99.8s|295500 | 72761 |771910 |   2.6 |    80M | 134 | 451 | 540 | 540 |   0 |  0 |   0 |  40 | 3.200000e+01 | 6.210000e+01 |  94.06%|   0.31%
 99.9s|295600 | 72787 |772137 |   2.6 |    80M | 134 | 451 | 540 | 540 |   0 |  0 |   0 |  40 | 3.200000e+01 | 6.210000e+01 |  94.06%|   0.31%
 99.9s|295700 | 72809 |772309 |   2.6 |    80M | 134 | 451 | 540 | 540 |   0 |  0 |   0 |  40 | 3.200000e+01 | 6.210000e+01 |  94.06%|   0.31%
 99.9s|295800 | 72833 |772525 |   2.6 |    80M | 134 | 451 | 540 | 540 |   0 |  0 |   0 |  40 | 3.200000e+01 | 6.210000e+01 |  94.06%|   0.31%
  100s|295900 | 72861 |772735 |   2.6 |    80M | 134 | 451 | 540 | 540 |   0 |  0 |   0 |  40 | 3.200000e+01 | 6.210000e+01 |  94.06%|   0.31%
  100s|296000 | 72897 |772967 |   2.6 |    80M | 134 | 451 | 540 | 540 |   0 |  0 |   0 |  40 | 3.200000e+01 | 6.210000e+01 |  94.06%|   0.31%
  100s|296100 | 72929 |773170 |   2.6 |    80M | 134 | 451 | 540 | 540 |   0 |  0 |   0 |  40 | 3.200000e+01 | 6.210000e+01 |  94.06%|   0.31%
  100s|296200 | 72957 |773388 |   2.6 |    80M | 134 | 451 | 540 | 540 |   0 |  0 |   0 |  40 | 3.200000e+01 | 6.210000e+01 |  94.06%|   0.31%
  100s|296300 | 72981 |773610 |   2.6 |    80M | 134 | 451 | 540 | 540 |   0 |  0 |   0 |  40 | 3.200000e+01 | 6.210000e+01 |  94.06%|   0.31%
  100s|296400 | 73005 |773840 |   2.6 |    80M | 134 | 451 | 540 | 540 |   0 |  0 |   0 |  40 | 3.200000e+01 | 6.210000e+01 |  94.06%|   0.31%
  100s|296500 | 73031 |774072 |   2.6 |    80M | 134 | 451 | 540 | 540 |   0 |  0 |   0 |  40 | 3.200000e+01 | 6.210000e+01 |  94.06%|   0.31%
  100s|296600 | 73059 |774312 |   2.6 |    80M | 134 | 451 | 540 | 540 |   0 |  0 |   0 |  40 | 3.200000e+01 | 6.210000e+01 |  94.06%|   0.31%
  100s|296700 | 73081 |774566 |   2.6 |    80M | 134 | 451 | 540 | 540 |   0 |  0 |   0 |  40 | 3.200000e+01 | 6.210000e+01 |  94.06%|   0.31%
  100s|296800 | 73117 |774841 |   2.6 |    81M | 134 | 451 | 540 | 540 |   0 |  0 |   0 |  40 | 3.200000e+01 | 6.210000e+01 |  94.06%|   0.31%
 time | node  | left  |LP iter|LP it/n|mem/heur|mdpt |vars |cons |rows |cuts |sepa|confs|strbr|  dualbound   | primalbound  |  gap   | compl. 
  100s|296900 | 73143 |775111 |   2.6 |    81M | 134 | 451 | 540 | 540 |   0 |  0 |   0 |  40 | 3.200000e+01 | 6.210000e+01 |  94.06%|   0.31%
  100s|297000 | 73171 |775391 |   2.6 |    81M | 134 | 451 | 540 | 540 |   0 |  0 |   0 |  40 | 3.200000e+01 | 6.210000e+01 |  94.06%|   0.31%
  100s|297100 | 73197 |775628 |   2.6 |    81M | 134 | 451 | 540 | 540 |   0 |  0 |   0 |  40 | 3.200000e+01 | 6.210000e+01 |  94.06%|   0.31%
  100s|297200 | 73219 |775871 |   2.6 |    81M | 134 | 451 | 540 | 540 |   0 |  0 |   0 |  40 | 3.200000e+01 | 6.210000e+01 |  94.06%|   0.31%
  100s|297300 | 73251 |776091 |   2.6 |    81M | 134 | 451 | 540 | 540 |   0 |  0 |   0 |  40 | 3.200000e+01 | 6.210000e+01 |  94.06%|   0.31%
  100s|297400 | 73281 |776303 |   2.6 |    81M | 134 | 451 | 540 | 540 |   0 |  0 |   0 |  40 | 3.200000e+01 | 6.210000e+01 |  94.06%|   0.31%
  101s|297500 | 73305 |776548 |   2.6 |    81M | 134 | 451 | 540 | 540 |   0 |  0 |   0 |  40 | 3.200000e+01 | 6.210000e+01 |  94.06%|   0.31%
  101s|297600 | 73327 |776806 |   2.6 |    81M | 134 | 451 | 540 | 540 |   0 |  0 |   0 |  40 | 3.200000e+01 | 6.210000e+01 |  94.06%|   0.31%
  101s|297700 | 73359 |777056 |   2.6 |    81M | 134 | 451 | 540 | 540 |   0 |  0 |   0 |  40 | 3.200000e+01 | 6.210000e+01 |  94.06%|   0.31%
  101s|297800 | 73389 |777291 |   2.6 |    81M | 134 | 451 | 540 | 540 |   0 |  0 |   0 |  40 | 3.200000e+01 | 6.210000e+01 |  94.06%|   0.31%
  101s|297900 | 73427 |777566 |   2.6 |    82M | 134 | 451 | 540 | 540 |   0 |  0 |   0 |  40 | 3.200000e+01 | 6.210000e+01 |  94.06%|   0.31%
  101s|298000 | 73457 |777820 |   2.6 |    82M | 134 | 451 | 540 | 540 |   0 |  0 |   0 |  40 | 3.200000e+01 | 6.210000e+01 |  94.06%|   0.31%
  101s|298100 | 73485 |778068 |   2.6 |    82M | 134 | 451 | 540 | 540 |   0 |  0 |   0 |  40 | 3.200000e+01 | 6.210000e+01 |  94.06%|   0.31%
  101s|298200 | 73517 |778317 |   2.6 |    82M | 134 | 451 | 540 | 540 |   0 |  0 |   0 |  40 | 3.200000e+01 | 6.210000e+01 |  94.06%|   0.31%
  101s|298300 | 73551 |778576 |   2.6 |    82M | 134 | 451 | 540 | 540 |   0 |  0 |   0 |  40 | 3.200000e+01 | 6.210000e+01 |  94.06%|   0.31%
 time | node  | left  |LP iter|LP it/n|mem/heur|mdpt |vars |cons |rows |cuts |sepa|confs|strbr|  dualbound   | primalbound  |  gap   | compl. 
  101s|298400 | 73581 |778850 |   2.6 |    82M | 134 | 451 | 540 | 540 |   0 |  0 |   0 |  40 | 3.200000e+01 | 6.210000e+01 |  94.06%|   0.31%
  101s|298500 | 73613 |779089 |   2.6 |    82M | 134 | 451 | 540 | 540 |   0 |  0 |   0 |  40 | 3.200000e+01 | 6.210000e+01 |  94.06%|   0.31%
  101s|298600 | 73637 |779327 |   2.6 |    82M | 134 | 451 | 540 | 540 |   0 |  0 |   0 |  40 | 3.200000e+01 | 6.210000e+01 |  94.06%|   0.31%
  101s|298700 | 73663 |779585 |   2.6 |    82M | 134 | 451 | 540 | 540 |   0 |  0 |   0 |  40 | 3.200000e+01 | 6.210000e+01 |  94.06%|   0.31%
  101s|298800 | 73689 |779844 |   2.6 |    82M | 134 | 451 | 540 | 540 |   0 |  0 |   0 |  40 | 3.200000e+01 | 6.210000e+01 |  94.06%|   0.31%
  101s|298900 | 73717 |780104 |   2.6 |    82M | 134 | 451 | 540 | 540 |   0 |  0 |   0 |  40 | 3.200000e+01 | 6.210000e+01 |  94.06%|   0.31%
  101s|299000 | 73751 |780353 |   2.6 |    82M | 134 | 451 | 540 | 540 |   0 |  0 |   0 |  40 | 3.200000e+01 | 6.210000e+01 |  94.06%|   0.31%
  101s|299100 | 73785 |780580 |   2.6 |    82M | 134 | 451 | 540 | 540 |   0 |  0 |   0 |  40 | 3.200000e+01 | 6.210000e+01 |  94.06%|   0.31%
  101s|299200 | 73809 |780832 |   2.6 |    82M | 134 | 451 | 540 | 540 |   0 |  0 |   0 |  40 | 3.200000e+01 | 6.210000e+01 |  94.06%|   0.31%
  101s|299300 | 73833 |781063 |   2.6 |    82M | 134 | 451 | 540 | 540 |   0 |  0 |   0 |  40 | 3.200000e+01 | 6.210000e+01 |  94.06%|   0.31%
  101s|299400 | 73859 |781338 |   2.6 |    82M | 134 | 451 | 540 | 540 |   0 |  0 |   0 |  40 | 3.200000e+01 | 6.210000e+01 |  94.06%|   0.31%
  101s|299500 | 73883 |781610 |   2.6 |    82M | 134 | 451 | 540 | 540 |   0 |  0 |   0 |  40 | 3.200000e+01 | 6.210000e+01 |  94.06%|   0.31%
  101s|299600 | 73913 |781848 |   2.6 |    82M | 134 | 451 | 540 | 540 |   0 |  0 |   0 |  40 | 3.200000e+01 | 6.210000e+01 |  94.06%|   0.31%
  101s|299700 | 73955 |782131 |   2.6 |    82M | 134 | 451 | 540 | 540 |   0 |  0 |   0 |  40 | 3.200000e+01 | 6.210000e+01 |  94.06%|   0.31%
  101s|299800 | 73981 |782365 |   2.6 |    82M | 134 | 451 | 540 | 540 |   0 |  0 |   0 |  40 | 3.200000e+01 | 6.210000e+01 |  94.06%|   0.31%
 time | node  | left  |LP iter|LP it/n|mem/heur|mdpt |vars |cons |rows |cuts |sepa|confs|strbr|  dualbound   | primalbound  |  gap   | compl. 
  101s|299900 | 74013 |782593 |   2.6 |    82M | 134 | 451 | 540 | 540 |   0 |  0 |   0 |  40 | 3.200000e+01 | 6.210000e+01 |  94.06%|   0.31%
  101s|300000 | 74039 |782831 |   2.6 |    82M | 134 | 451 | 540 | 540 |   0 |  0 |   0 |  40 | 3.200000e+01 | 6.210000e+01 |  94.06%|   0.31%
  101s|300100 | 74065 |783068 |   2.6 |    82M | 134 | 451 | 540 | 540 |   0 |  0 |   0 |  40 | 3.200000e+01 | 6.210000e+01 |  94.06%|   0.31%
  101s|300200 | 74093 |783341 |   2.6 |    82M | 134 | 451 | 540 | 540 |   0 |  0 |   0 |  40 | 3.200000e+01 | 6.210000e+01 |  94.06%|   0.31%
  101s|300300 | 74117 |783665 |   2.6 |    82M | 134 | 451 | 540 | 540 |   0 |  0 |   0 |  40 | 3.200000e+01 | 6.210000e+01 |  94.06%|   0.31%
  101s|300400 | 74141 |783902 |   2.6 |    82M | 134 | 451 | 540 | 540 |   0 |  0 |   0 |  40 | 3.200000e+01 | 6.210000e+01 |  94.06%|   0.31%
  102s|300500 | 74171 |784146 |   2.6 |    82M | 134 | 451 | 540 | 540 |   0 |  0 |   0 |  40 | 3.200000e+01 | 6.210000e+01 |  94.06%|   0.31%
  102s|300600 | 74207 |784402 |   2.6 |    82M | 134 | 451 | 540 | 540 |   0 |  0 |   0 |  40 | 3.200000e+01 | 6.210000e+01 |  94.06%|   0.31%
  102s|300700 | 74239 |784655 |   2.6 |    82M | 134 | 451 | 540 | 540 |   0 |  0 |   0 |  40 | 3.200000e+01 | 6.210000e+01 |  94.06%|   0.31%
  102s|300800 | 74267 |784904 |   2.6 |    82M | 134 | 451 | 540 | 540 |   0 |  0 |   0 |  40 | 3.200000e+01 | 6.210000e+01 |  94.06%|   0.31%
  102s|300900 | 74289 |785137 |   2.6 |    82M | 134 | 451 | 540 | 540 |   0 |  0 |   0 |  40 | 3.200000e+01 | 6.210000e+01 |  94.06%|   0.31%
  102s|301000 | 74309 |785388 |   2.6 |    82M | 134 | 451 | 540 | 540 |   0 |  0 |   0 |  40 | 3.200000e+01 | 6.210000e+01 |  94.06%|   0.31%
  102s|301100 | 74337 |785633 |   2.6 |    82M | 134 | 451 | 540 | 540 |   0 |  0 |   0 |  40 | 3.200000e+01 | 6.210000e+01 |  94.06%|   0.31%
  102s|301200 | 74369 |785879 |   2.6 |    83M | 134 | 451 | 540 | 540 |   0 |  0 |   0 |  40 | 3.200000e+01 | 6.210000e+01 |  94.06%|   0.31%
  102s|301300 | 74405 |786129 |   2.6 |    83M | 134 | 451 | 540 | 540 |   0 |  0 |   0 |  40 | 3.200000e+01 | 6.210000e+01 |  94.06%|   0.31%
 time | node  | left  |LP iter|LP it/n|mem/heur|mdpt |vars |cons |rows |cuts |sepa|confs|strbr|  dualbound   | primalbound  |  gap   | compl. 
  102s|301400 | 74423 |786376 |   2.6 |    83M | 134 | 451 | 540 | 540 |   0 |  0 |   0 |  40 | 3.200000e+01 | 6.210000e+01 |  94.06%|   0.31%
  102s|301500 | 74447 |786614 |   2.6 |    83M | 134 | 451 | 540 | 540 |   0 |  0 |   0 |  40 | 3.200000e+01 | 6.210000e+01 |  94.06%|   0.31%
  102s|301600 | 74477 |786847 |   2.6 |    83M | 134 | 451 | 540 | 540 |   0 |  0 |   0 |  40 | 3.200000e+01 | 6.210000e+01 |  94.06%|   0.31%
  102s|301700 | 74505 |787100 |   2.6 |    83M | 134 | 451 | 540 | 540 |   0 |  0 |   0 |  40 | 3.200000e+01 | 6.210000e+01 |  94.06%|   0.31%
  102s|301800 | 74539 |787352 |   2.6 |    83M | 134 | 451 | 540 | 540 |   0 |  0 |   0 |  40 | 3.200000e+01 | 6.210000e+01 |  94.06%|   0.31%
  102s|301900 | 74567 |787582 |   2.6 |    83M | 134 | 451 | 540 | 540 |   0 |  0 |   0 |  40 | 3.200000e+01 | 6.210000e+01 |  94.06%|   0.31%
  102s|302000 | 74597 |787832 |   2.6 |    83M | 134 | 451 | 540 | 540 |   0 |  0 |   0 |  40 | 3.200000e+01 | 6.210000e+01 |  94.06%|   0.31%
  102s|302100 | 74629 |788094 |   2.6 |    83M | 134 | 451 | 540 | 540 |   0 |  0 |   0 |  40 | 3.200000e+01 | 6.210000e+01 |  94.06%|   0.31%
  102s|302200 | 74667 |788365 |   2.6 |    83M | 134 | 451 | 540 | 540 |   0 |  0 |   0 |  40 | 3.200000e+01 | 6.210000e+01 |  94.06%|   0.31%
  102s|302300 | 74699 |788637 |   2.6 |    83M | 134 | 451 | 540 | 540 |   0 |  0 |   0 |  40 | 3.200000e+01 | 6.210000e+01 |  94.06%|   0.31%
  102s|302400 | 74737 |788877 |   2.6 |    83M | 134 | 451 | 540 | 540 |   0 |  0 |   0 |  40 | 3.200000e+01 | 6.210000e+01 |  94.06%|   0.31%
  102s|302500 | 74773 |789104 |   2.6 |    83M | 134 | 451 | 540 | 540 |   0 |  0 |   0 |  40 | 3.200000e+01 | 6.210000e+01 |  94.06%|   0.31%
  102s|302600 | 74813 |789379 |   2.6 |    83M | 134 | 451 | 540 | 540 |   0 |  0 |   0 |  40 | 3.200000e+01 | 6.210000e+01 |  94.06%|   0.31%
  102s|302700 | 74843 |789644 |   2.6 |    83M | 134 | 451 | 540 | 540 |   0 |  0 |   0 |  40 | 3.200000e+01 | 6.210000e+01 |  94.06%|   0.31%
  102s|302800 | 74879 |789913 |   2.6 |    83M | 134 | 451 | 540 | 540 |   0 |  0 |   0 |  40 | 3.200000e+01 | 6.210000e+01 |  94.06%|   0.31%
 time | node  | left  |LP iter|LP it/n|mem/heur|mdpt |vars |cons |rows |cuts |sepa|confs|strbr|  dualbound   | primalbound  |  gap   | compl. 
  102s|302900 | 74911 |790181 |   2.6 |    83M | 134 | 451 | 540 | 540 |   0 |  0 |   0 |  40 | 3.200000e+01 | 6.210000e+01 |  94.06%|   0.31%
  102s|303000 | 74949 |790401 |   2.6 |    83M | 134 | 451 | 540 | 540 |   0 |  0 |   0 |  40 | 3.200000e+01 | 6.210000e+01 |  94.06%|   0.31%
  102s|303100 | 74983 |790627 |   2.6 |    83M | 134 | 451 | 540 | 540 |   0 |  0 |   0 |  40 | 3.200000e+01 | 6.210000e+01 |  94.06%|   0.31%
  102s|303200 | 75019 |790873 |   2.6 |    83M | 134 | 451 | 540 | 540 |   0 |  0 |   0 |  40 | 3.200000e+01 | 6.210000e+01 |  94.06%|   0.31%
  102s|303300 | 75049 |791096 |   2.6 |    83M | 134 | 451 | 540 | 540 |   0 |  0 |   0 |  40 | 3.200000e+01 | 6.210000e+01 |  94.06%|   0.31%
  102s|303400 | 75085 |791336 |   2.6 |    83M | 134 | 451 | 540 | 540 |   0 |  0 |   0 |  40 | 3.200000e+01 | 6.210000e+01 |  94.06%|   0.31%
  103s|303500 | 75125 |791603 |   2.6 |    83M | 134 | 451 | 540 | 540 |   0 |  0 |   0 |  40 | 3.200000e+01 | 6.210000e+01 |  94.06%|   0.31%
  103s|303600 | 75165 |791900 |   2.6 |    83M | 134 | 451 | 540 | 540 |   0 |  0 |   0 |  40 | 3.200000e+01 | 6.210000e+01 |  94.06%|   0.31%
  103s|303700 | 75205 |792166 |   2.6 |    83M | 134 | 451 | 540 | 540 |   0 |  0 |   0 |  40 | 3.200000e+01 | 6.210000e+01 |  94.06%|   0.31%
  103s|303800 | 75251 |792458 |   2.6 |    83M | 134 | 451 | 540 | 540 |   0 |  0 |   0 |  40 | 3.200000e+01 | 6.210000e+01 |  94.06%|   0.31%
  103s|303900 | 75293 |792775 |   2.6 |    83M | 134 | 451 | 540 | 540 |   0 |  0 |   0 |  40 | 3.200000e+01 | 6.210000e+01 |  94.06%|   0.31%
  103s|304000 | 75339 |793030 |   2.6 |    83M | 134 | 451 | 540 | 540 |   0 |  0 |   0 |  40 | 3.200000e+01 | 6.210000e+01 |  94.06%|   0.31%
  103s|304100 | 75379 |793279 |   2.6 |    83M | 134 | 451 | 540 | 540 |   0 |  0 |   0 |  40 | 3.200000e+01 | 6.210000e+01 |  94.06%|   0.31%
  103s|304200 | 75419 |793545 |   2.6 |    83M | 134 | 451 | 540 | 540 |   0 |  0 |   0 |  40 | 3.200000e+01 | 6.210000e+01 |  94.06%|   0.31%
  103s|304300 | 75447 |793778 |   2.6 |    83M | 134 | 451 | 540 | 540 |   0 |  0 |   0 |  40 | 3.200000e+01 | 6.210000e+01 |  94.06%|   0.31%
 time | node  | left  |LP iter|LP it/n|mem/heur|mdpt |vars |cons |rows |cuts |sepa|confs|strbr|  dualbound   | primalbound  |  gap   | compl. 
  103s|304400 | 75471 |794010 |   2.6 |    83M | 134 | 451 | 540 | 540 |   0 |  0 |   0 |  40 | 3.200000e+01 | 6.210000e+01 |  94.06%|   0.31%
  103s|304500 | 75499 |794272 |   2.6 |    83M | 134 | 451 | 540 | 540 |   0 |  0 |   0 |  40 | 3.200000e+01 | 6.210000e+01 |  94.06%|   0.31%
  103s|304600 | 75521 |794543 |   2.6 |    83M | 134 | 451 | 540 | 540 |   0 |  0 |   0 |  40 | 3.200000e+01 | 6.210000e+01 |  94.06%|   0.31%
  103s|304700 | 75545 |794788 |   2.6 |    83M | 134 | 451 | 540 | 540 |   0 |  0 |   0 |  40 | 3.200000e+01 | 6.210000e+01 |  94.06%|   0.31%
  103s|304800 | 75577 |795061 |   2.6 |    83M | 134 | 451 | 540 | 540 |   0 |  0 |   0 |  40 | 3.200000e+01 | 6.210000e+01 |  94.06%|   0.31%
  103s|304900 | 75609 |795317 |   2.6 |    83M | 134 | 451 | 540 | 540 |   0 |  0 |   0 |  40 | 3.200000e+01 | 6.210000e+01 |  94.06%|   0.31%
  103s|305000 | 75645 |795585 |   2.6 |    83M | 134 | 451 | 540 | 540 |   0 |  0 |   0 |  40 | 3.200000e+01 | 6.210000e+01 |  94.06%|   0.31%
  103s|305100 | 75685 |795858 |   2.6 |    83M | 134 | 451 | 540 | 540 |   0 |  0 |   0 |  40 | 3.200000e+01 | 6.210000e+01 |  94.06%|   0.31%
  103s|305200 | 75729 |796114 |   2.6 |    83M | 134 | 451 | 540 | 540 |   0 |  0 |   0 |  40 | 3.200000e+01 | 6.210000e+01 |  94.06%|   0.31%
  103s|305300 | 75767 |796368 |   2.6 |    83M | 134 | 451 | 540 | 540 |   0 |  0 |   0 |  40 | 3.200000e+01 | 6.210000e+01 |  94.06%|   0.31%
  103s|305400 | 75807 |796604 |   2.6 |    83M | 134 | 451 | 540 | 540 |   0 |  0 |   0 |  40 | 3.200000e+01 | 6.210000e+01 |  94.06%|   0.31%
  103s|305500 | 75855 |796850 |   2.6 |    83M | 134 | 451 | 540 | 540 |   0 |  0 |   0 |  40 | 3.200000e+01 | 6.210000e+01 |  94.06%|   0.31%
  103s|305600 | 75901 |797098 |   2.6 |    83M | 134 | 451 | 540 | 540 |   0 |  0 |   0 |  40 | 3.200000e+01 | 6.210000e+01 |  94.06%|   0.31%
  103s|305700 | 75949 |797354 |   2.6 |    83M | 134 | 451 | 540 | 540 |   0 |  0 |   0 |  40 | 3.200000e+01 | 6.210000e+01 |  94.06%|   0.31%
  103s|305800 | 75989 |797601 |   2.6 |    83M | 134 | 451 | 540 | 540 |   0 |  0 |   0 |  40 | 3.200000e+01 | 6.210000e+01 |  94.06%|   0.31%
 time | node  | left  |LP iter|LP it/n|mem/heur|mdpt |vars |cons |rows |cuts |sepa|confs|strbr|  dualbound   | primalbound  |  gap   | compl. 
  103s|305900 | 76033 |797842 |   2.6 |    84M | 134 | 451 | 540 | 540 |   0 |  0 |   0 |  40 | 3.200000e+01 | 6.210000e+01 |  94.06%|   0.31%
  103s|306000 | 76079 |798127 |   2.6 |    84M | 134 | 451 | 540 | 540 |   0 |  0 |   0 |  40 | 3.200000e+01 | 6.210000e+01 |  94.06%|   0.31%
  103s|306100 | 76121 |798414 |   2.6 |    84M | 134 | 451 | 540 | 540 |   0 |  0 |   0 |  40 | 3.200000e+01 | 6.210000e+01 |  94.06%|   0.31%
  103s|306200 | 76161 |798677 |   2.6 |    84M | 134 | 451 | 540 | 540 |   0 |  0 |   0 |  40 | 3.200000e+01 | 6.210000e+01 |  94.06%|   0.31%
  103s|306300 | 76207 |798901 |   2.6 |    84M | 134 | 451 | 540 | 540 |   0 |  0 |   0 |  40 | 3.200000e+01 | 6.210000e+01 |  94.06%|   0.31%
  104s|306400 | 76237 |799124 |   2.6 |    84M | 134 | 451 | 540 | 540 |   0 |  0 |   0 |  40 | 3.200000e+01 | 6.210000e+01 |  94.06%|   0.31%
  104s|306500 | 76273 |799366 |   2.6 |    84M | 134 | 451 | 540 | 540 |   0 |  0 |   0 |  40 | 3.200000e+01 | 6.210000e+01 |  94.06%|   0.31%
  104s|306600 | 76315 |799608 |   2.6 |    84M | 134 | 451 | 540 | 540 |   0 |  0 |   0 |  40 | 3.200000e+01 | 6.210000e+01 |  94.06%|   0.31%
  104s|306700 | 76357 |799840 |   2.6 |    84M | 134 | 451 | 540 | 540 |   0 |  0 |   0 |  40 | 3.200000e+01 | 6.210000e+01 |  94.06%|   0.31%
  104s|306800 | 76401 |800087 |   2.6 |    84M | 134 | 451 | 540 | 540 |   0 |  0 |   0 |  40 | 3.200000e+01 | 6.210000e+01 |  94.06%|   0.31%
  104s|306900 | 76441 |800324 |   2.6 |    84M | 134 | 451 | 540 | 540 |   0 |  0 |   0 |  40 | 3.200000e+01 | 6.210000e+01 |  94.06%|   0.31%
  104s|307000 | 76491 |800585 |   2.6 |    84M | 134 | 451 | 540 | 540 |   0 |  0 |   0 |  40 | 3.200000e+01 | 6.210000e+01 |  94.06%|   0.31%
  104s|307100 | 76533 |800822 |   2.6 |    84M | 134 | 451 | 540 | 540 |   0 |  0 |   0 |  40 | 3.200000e+01 | 6.210000e+01 |  94.06%|   0.31%
  104s|307200 | 76577 |801076 |   2.6 |    84M | 134 | 451 | 540 | 540 |   0 |  0 |   0 |  40 | 3.200000e+01 | 6.210000e+01 |  94.06%|   0.31%
  104s|307300 | 76623 |801352 |   2.6 |    84M | 134 | 451 | 540 | 540 |   0 |  0 |   0 |  40 | 3.200000e+01 | 6.210000e+01 |  94.06%|   0.31%
 time | node  | left  |LP iter|LP it/n|mem/heur|mdpt |vars |cons |rows |cuts |sepa|confs|strbr|  dualbound   | primalbound  |  gap   | compl. 
  104s|307400 | 76663 |801644 |   2.6 |    84M | 134 | 451 | 540 | 540 |   0 |  0 |   0 |  40 | 3.200000e+01 | 6.210000e+01 |  94.06%|   0.31%
  104s|307500 | 76707 |801910 |   2.6 |    84M | 134 | 451 | 540 | 540 |   0 |  0 |   0 |  40 | 3.200000e+01 | 6.210000e+01 |  94.06%|   0.31%
  104s|307600 | 76751 |802165 |   2.6 |    84M | 134 | 451 | 540 | 540 |   0 |  0 |   0 |  40 | 3.200000e+01 | 6.210000e+01 |  94.06%|   0.31%
  104s|307700 | 76789 |802416 |   2.6 |    84M | 134 | 451 | 540 | 540 |   0 |  0 |   0 |  40 | 3.200000e+01 | 6.210000e+01 |  94.06%|   0.31%
  104s|307800 | 76817 |802693 |   2.6 |    84M | 134 | 451 | 540 | 540 |   0 |  0 |   0 |  40 | 3.200000e+01 | 6.210000e+01 |  94.06%|   0.31%
  104s|307900 | 76859 |802935 |   2.6 |    84M | 134 | 451 | 540 | 540 |   0 |  0 |   0 |  40 | 3.200000e+01 | 6.210000e+01 |  94.06%|   0.31%
  104s|308000 | 76903 |803175 |   2.6 |    84M | 134 | 451 | 540 | 540 |   0 |  0 |   0 |  40 | 3.200000e+01 | 6.210000e+01 |  94.06%|   0.31%
  104s|308100 | 76953 |803433 |   2.6 |    84M | 134 | 451 | 540 | 540 |   0 |  0 |   0 |  40 | 3.200000e+01 | 6.210000e+01 |  94.06%|   0.31%
  104s|308200 | 76989 |803721 |   2.6 |    84M | 134 | 451 | 540 | 540 |   0 |  0 |   0 |  40 | 3.200000e+01 | 6.210000e+01 |  94.06%|   0.31%
  104s|308300 | 77035 |804005 |   2.6 |    84M | 134 | 451 | 540 | 540 |   0 |  0 |   0 |  40 | 3.200000e+01 | 6.210000e+01 |  94.06%|   0.31%
  104s|308400 | 77075 |804287 |   2.6 |    84M | 134 | 451 | 540 | 540 |   0 |  0 |   0 |  40 | 3.200000e+01 | 6.210000e+01 |  94.06%|   0.31%
  104s|308500 | 77101 |804551 |   2.6 |    84M | 134 | 451 | 540 | 540 |   0 |  0 |   0 |  40 | 3.200000e+01 | 6.210000e+01 |  94.06%|   0.31%
  104s|308600 | 77139 |804805 |   2.6 |    84M | 134 | 451 | 540 | 540 |   0 |  0 |   0 |  40 | 3.200000e+01 | 6.210000e+01 |  94.06%|   0.31%
  104s|308700 | 77183 |805081 |   2.6 |    84M | 134 | 451 | 540 | 540 |   0 |  0 |   0 |  40 | 3.200000e+01 | 6.210000e+01 |  94.06%|   0.31%
  104s|308800 | 77215 |805277 |   2.6 |    84M | 134 | 451 | 540 | 540 |   0 |  0 |   0 |  40 | 3.200000e+01 | 6.210000e+01 |  94.06%|   0.31%
 time | node  | left  |LP iter|LP it/n|mem/heur|mdpt |vars |cons |rows |cuts |sepa|confs|strbr|  dualbound   | primalbound  |  gap   | compl. 
  104s|308900 | 77249 |805556 |   2.6 |    84M | 134 | 451 | 540 | 540 |   0 |  0 |   0 |  40 | 3.200000e+01 | 6.210000e+01 |  94.06%|   0.31%
  104s|309000 | 77279 |805809 |   2.6 |    84M | 134 | 451 | 540 | 540 |   0 |  0 |   0 |  40 | 3.200000e+01 | 6.210000e+01 |  94.06%|   0.31%
  104s|309100 | 77307 |806062 |   2.6 |    84M | 134 | 451 | 540 | 540 |   0 |  0 |   0 |  40 | 3.200000e+01 | 6.210000e+01 |  94.06%|   0.31%
  104s|309200 | 77349 |806381 |   2.6 |    84M | 134 | 451 | 540 | 540 |   0 |  0 |   0 |  40 | 3.200000e+01 | 6.210000e+01 |  94.06%|   0.31%
  105s|309300 | 77383 |806651 |   2.6 |    84M | 134 | 451 | 540 | 540 |   0 |  0 |   0 |  40 | 3.200000e+01 | 6.210000e+01 |  94.06%|   0.31%
  105s|309400 | 77423 |806923 |   2.6 |    84M | 134 | 451 | 540 | 540 |   0 |  0 |   0 |  40 | 3.200000e+01 | 6.210000e+01 |  94.06%|   0.31%
  105s|309500 | 77467 |807251 |   2.6 |    84M | 134 | 451 | 540 | 540 |   0 |  0 |   0 |  40 | 3.200000e+01 | 6.210000e+01 |  94.06%|   0.31%
  105s|309600 | 77497 |807489 |   2.6 |    84M | 134 | 451 | 540 | 540 |   0 |  0 |   0 |  40 | 3.200000e+01 | 6.210000e+01 |  94.06%|   0.31%
  105s|309700 | 77531 |807753 |   2.6 |    84M | 134 | 451 | 540 | 540 |   0 |  0 |   0 |  40 | 3.200000e+01 | 6.210000e+01 |  94.06%|   0.31%
  105s|309800 | 77561 |808014 |   2.6 |    84M | 134 | 451 | 540 | 540 |   0 |  0 |   0 |  40 | 3.200000e+01 | 6.210000e+01 |  94.06%|   0.31%
  105s|309900 | 77591 |808255 |   2.6 |    84M | 134 | 451 | 540 | 540 |   0 |  0 |   0 |  40 | 3.200000e+01 | 6.210000e+01 |  94.06%|   0.31%
  105s|310000 | 77623 |808521 |   2.6 |    84M | 134 | 451 | 540 | 540 |   0 |  0 |   0 |  40 | 3.200000e+01 | 6.210000e+01 |  94.06%|   0.31%
  105s|310100 | 77655 |808769 |   2.6 |    84M | 134 | 451 | 540 | 540 |   0 |  0 |   0 |  40 | 3.200000e+01 | 6.210000e+01 |  94.06%|   0.31%
  105s|310200 | 77687 |809029 |   2.6 |    84M | 134 | 451 | 540 | 540 |   0 |  0 |   0 |  40 | 3.200000e+01 | 6.210000e+01 |  94.06%|   0.31%
  105s|310300 | 77723 |809309 |   2.6 |    84M | 134 | 451 | 540 | 540 |   0 |  0 |   0 |  40 | 3.200000e+01 | 6.210000e+01 |  94.06%|   0.31%
 time | node  | left  |LP iter|LP it/n|mem/heur|mdpt |vars |cons |rows |cuts |sepa|confs|strbr|  dualbound   | primalbound  |  gap   | compl. 
  105s|310400 | 77749 |809559 |   2.6 |    84M | 134 | 451 | 540 | 540 |   0 |  0 |   0 |  40 | 3.200000e+01 | 6.210000e+01 |  94.06%|   0.31%
  105s|310500 | 77773 |809809 |   2.6 |    84M | 134 | 451 | 540 | 540 |   0 |  0 |   0 |  40 | 3.200000e+01 | 6.210000e+01 |  94.06%|   0.31%
  105s|310600 | 77821 |810071 |   2.6 |    84M | 134 | 451 | 540 | 540 |   0 |  0 |   0 |  40 | 3.200000e+01 | 6.210000e+01 |  94.06%|   0.31%
  105s|310700 | 77863 |810332 |   2.6 |    84M | 134 | 451 | 540 | 540 |   0 |  0 |   0 |  40 | 3.200000e+01 | 6.210000e+01 |  94.06%|   0.31%
  105s|310800 | 77911 |810620 |   2.6 |    84M | 134 | 451 | 540 | 540 |   0 |  0 |   0 |  40 | 3.200000e+01 | 6.210000e+01 |  94.06%|   0.31%
  105s|310900 | 77933 |810848 |   2.6 |    84M | 134 | 451 | 540 | 540 |   0 |  0 |   0 |  40 | 3.200000e+01 | 6.210000e+01 |  94.06%|   0.31%
  105s|311000 | 77967 |811068 |   2.6 |    84M | 134 | 451 | 540 | 540 |   0 |  0 |   0 |  40 | 3.200000e+01 | 6.210000e+01 |  94.06%|   0.31%
  105s|311100 | 77993 |811316 |   2.6 |    84M | 134 | 451 | 540 | 540 |   0 |  0 |   0 |  40 | 3.200000e+01 | 6.210000e+01 |  94.06%|   0.31%
  105s|311200 | 78021 |811541 |   2.6 |    84M | 134 | 451 | 540 | 540 |   0 |  0 |   0 |  40 | 3.200000e+01 | 6.210000e+01 |  94.06%|   0.31%
  105s|311300 | 78053 |811763 |   2.6 |    85M | 134 | 451 | 540 | 540 |   0 |  0 |   0 |  40 | 3.200000e+01 | 6.210000e+01 |  94.06%|   0.31%
  105s|311400 | 78073 |812005 |   2.6 |    86M | 134 | 451 | 540 | 540 |   0 |  0 |   0 |  40 | 3.200000e+01 | 6.210000e+01 |  94.06%|   0.31%
  105s|311500 | 78105 |812246 |   2.6 |    86M | 134 | 451 | 540 | 540 |   0 |  0 |   0 |  40 | 3.200000e+01 | 6.210000e+01 |  94.06%|   0.31%
  105s|311600 | 78137 |812486 |   2.6 |    86M | 134 | 451 | 540 | 540 |   0 |  0 |   0 |  40 | 3.200000e+01 | 6.210000e+01 |  94.06%|   0.31%
  105s|311700 | 78161 |812734 |   2.6 |    86M | 134 | 451 | 540 | 540 |   0 |  0 |   0 |  40 | 3.200000e+01 | 6.210000e+01 |  94.06%|   0.31%
  105s|311800 | 78187 |812976 |   2.6 |    86M | 134 | 451 | 540 | 540 |   0 |  0 |   0 |  40 | 3.200000e+01 | 6.210000e+01 |  94.06%|   0.31%
 time | node  | left  |LP iter|LP it/n|mem/heur|mdpt |vars |cons |rows |cuts |sepa|confs|strbr|  dualbound   | primalbound  |  gap   | compl. 
  105s|311900 | 78233 |813231 |   2.6 |    86M | 134 | 451 | 540 | 540 |   0 |  0 |   0 |  40 | 3.200000e+01 | 6.210000e+01 |  94.06%|   0.31%
  105s|312000 | 78265 |813473 |   2.6 |    86M | 134 | 451 | 540 | 540 |   0 |  0 |   0 |  40 | 3.200000e+01 | 6.210000e+01 |  94.06%|   0.31%
  105s|312100 | 78309 |813725 |   2.6 |    86M | 134 | 451 | 540 | 540 |   0 |  0 |   0 |  40 | 3.200000e+01 | 6.210000e+01 |  94.06%|   0.31%
  106s|312200 | 78339 |814031 |   2.6 |    86M | 134 | 451 | 540 | 540 |   0 |  0 |   0 |  40 | 3.200000e+01 | 6.210000e+01 |  94.06%|   0.31%
  106s|312300 | 78369 |814240 |   2.6 |    86M | 134 | 451 | 540 | 540 |   0 |  0 |   0 |  40 | 3.200000e+01 | 6.210000e+01 |  94.06%|   0.31%
  106s|312400 | 78391 |814489 |   2.6 |    86M | 134 | 451 | 540 | 540 |   0 |  0 |   0 |  40 | 3.200000e+01 | 6.210000e+01 |  94.06%|   0.31%
  106s|312500 | 78415 |814709 |   2.6 |    86M | 134 | 451 | 540 | 540 |   0 |  0 |   0 |  40 | 3.200000e+01 | 6.210000e+01 |  94.06%|   0.31%
  106s|312600 | 78443 |814961 |   2.6 |    86M | 134 | 451 | 540 | 540 |   0 |  0 |   0 |  40 | 3.200000e+01 | 6.210000e+01 |  94.06%|   0.31%
  106s|312700 | 78479 |815181 |   2.6 |    86M | 134 | 451 | 540 | 540 |   0 |  0 |   0 |  40 | 3.200000e+01 | 6.210000e+01 |  94.06%|   0.31%
  106s|312800 | 78517 |815401 |   2.6 |    86M | 134 | 451 | 540 | 540 |   0 |  0 |   0 |  40 | 3.200000e+01 | 6.210000e+01 |  94.06%|   0.31%
  106s|312900 | 78553 |815658 |   2.6 |    86M | 134 | 451 | 540 | 540 |   0 |  0 |   0 |  40 | 3.200000e+01 | 6.210000e+01 |  94.06%|   0.31%
  106s|313000 | 78581 |815859 |   2.6 |    86M | 134 | 451 | 540 | 540 |   0 |  0 |   0 |  40 | 3.200000e+01 | 6.210000e+01 |  94.06%|   0.31%
  106s|313100 | 78611 |816112 |   2.6 |    86M | 134 | 451 | 540 | 540 |   0 |  0 |   0 |  40 | 3.200000e+01 | 6.210000e+01 |  94.06%|   0.31%
  106s|313200 | 78655 |816343 |   2.6 |    86M | 134 | 451 | 540 | 540 |   0 |  0 |   0 |  40 | 3.200000e+01 | 6.210000e+01 |  94.06%|   0.31%
  106s|313300 | 78701 |816611 |   2.6 |    86M | 134 | 451 | 540 | 540 |   0 |  0 |   0 |  40 | 3.200000e+01 | 6.210000e+01 |  94.06%|   0.31%
 time | node  | left  |LP iter|LP it/n|mem/heur|mdpt |vars |cons |rows |cuts |sepa|confs|strbr|  dualbound   | primalbound  |  gap   | compl. 
  106s|313400 | 78751 |816936 |   2.6 |    86M | 134 | 451 | 540 | 540 |   0 |  0 |   0 |  40 | 3.200000e+01 | 6.210000e+01 |  94.06%|   0.31%
  106s|313500 | 78793 |817250 |   2.6 |    86M | 134 | 451 | 540 | 540 |   0 |  0 |   0 |  40 | 3.200000e+01 | 6.210000e+01 |  94.06%|   0.31%
  106s|313600 | 78829 |817558 |   2.6 |    86M | 134 | 451 | 540 | 540 |   0 |  0 |   0 |  40 | 3.200000e+01 | 6.210000e+01 |  94.06%|   0.31%
  106s|313700 | 78861 |817808 |   2.6 |    86M | 134 | 451 | 540 | 540 |   0 |  0 |   0 |  40 | 3.200000e+01 | 6.210000e+01 |  94.06%|   0.31%
  106s|313800 | 78901 |818030 |   2.6 |    86M | 134 | 451 | 540 | 540 |   0 |  0 |   0 |  40 | 3.200000e+01 | 6.210000e+01 |  94.06%|   0.31%
  106s|313900 | 78939 |818340 |   2.6 |    86M | 134 | 451 | 540 | 540 |   0 |  0 |   0 |  40 | 3.200000e+01 | 6.210000e+01 |  94.06%|   0.31%
  106s|314000 | 78985 |818652 |   2.6 |    86M | 134 | 451 | 540 | 540 |   0 |  0 |   0 |  40 | 3.200000e+01 | 6.210000e+01 |  94.06%|   0.31%
  106s|314100 | 79019 |818936 |   2.6 |    86M | 134 | 451 | 540 | 540 |   0 |  0 |   0 |  40 | 3.200000e+01 | 6.210000e+01 |  94.06%|   0.31%
  106s|314200 | 79053 |819167 |   2.6 |    86M | 134 | 451 | 540 | 540 |   0 |  0 |   0 |  40 | 3.200000e+01 | 6.210000e+01 |  94.06%|   0.31%
  106s|314300 | 79093 |819410 |   2.6 |    86M | 134 | 451 | 540 | 540 |   0 |  0 |   0 |  40 | 3.200000e+01 | 6.210000e+01 |  94.06%|   0.31%
  106s|314400 | 79123 |819633 |   2.6 |    86M | 134 | 451 | 540 | 540 |   0 |  0 |   0 |  40 | 3.200000e+01 | 6.210000e+01 |  94.06%|   0.31%
  106s|314500 | 79161 |819919 |   2.6 |    86M | 134 | 451 | 540 | 540 |   0 |  0 |   0 |  40 | 3.200000e+01 | 6.210000e+01 |  94.06%|   0.31%
  106s|314600 | 79199 |820228 |   2.6 |    86M | 134 | 451 | 540 | 540 |   0 |  0 |   0 |  40 | 3.200000e+01 | 6.210000e+01 |  94.06%|   0.31%
  106s|314700 | 79233 |820524 |   2.6 |    86M | 134 | 451 | 540 | 540 |   0 |  0 |   0 |  40 | 3.200000e+01 | 6.210000e+01 |  94.06%|   0.31%
  106s|314800 | 79281 |820802 |   2.6 |    86M | 134 | 451 | 540 | 540 |   0 |  0 |   0 |  40 | 3.200000e+01 | 6.210000e+01 |  94.06%|   0.31%
 time | node  | left  |LP iter|LP it/n|mem/heur|mdpt |vars |cons |rows |cuts |sepa|confs|strbr|  dualbound   | primalbound  |  gap   | compl. 
  106s|314900 | 79313 |821063 |   2.6 |    86M | 134 | 451 | 540 | 540 |   0 |  0 |   0 |  40 | 3.200000e+01 | 6.210000e+01 |  94.06%|   0.31%
  106s|315000 | 79349 |821360 |   2.6 |    86M | 134 | 451 | 540 | 540 |   0 |  0 |   0 |  40 | 3.200000e+01 | 6.210000e+01 |  94.06%|   0.31%
  107s|315100 | 79375 |821671 |   2.6 |    86M | 134 | 451 | 540 | 540 |   0 |  0 |   0 |  40 | 3.200000e+01 | 6.210000e+01 |  94.06%|   0.31%
  107s|315200 | 79411 |821892 |   2.6 |    86M | 134 | 451 | 540 | 540 |   0 |  0 |   0 |  40 | 3.200000e+01 | 6.210000e+01 |  94.06%|   0.31%
  107s|315300 | 79435 |822154 |   2.6 |    86M | 134 | 451 | 540 | 540 |   0 |  0 |   0 |  40 | 3.200000e+01 | 6.210000e+01 |  94.06%|   0.31%
  107s|315400 | 79463 |822436 |   2.6 |    86M | 134 | 451 | 540 | 540 |   0 |  0 |   0 |  40 | 3.200000e+01 | 6.210000e+01 |  94.06%|   0.31%
  107s|315500 | 79501 |822680 |   2.6 |    86M | 134 | 451 | 540 | 540 |   0 |  0 |   0 |  40 | 3.200000e+01 | 6.210000e+01 |  94.06%|   0.31%
  107s|315600 | 79523 |822923 |   2.6 |    86M | 134 | 451 | 540 | 540 |   0 |  0 |   0 |  40 | 3.200000e+01 | 6.210000e+01 |  94.06%|   0.31%
  107s|315700 | 79557 |823169 |   2.6 |    86M | 134 | 451 | 540 | 540 |   0 |  0 |   0 |  40 | 3.200000e+01 | 6.210000e+01 |  94.06%|   0.31%
  107s|315800 | 79583 |823391 |   2.6 |    86M | 134 | 451 | 540 | 540 |   0 |  0 |   0 |  40 | 3.200000e+01 | 6.210000e+01 |  94.06%|   0.31%
  107s|315900 | 79623 |823664 |   2.6 |    86M | 134 | 451 | 540 | 540 |   0 |  0 |   0 |  40 | 3.200000e+01 | 6.210000e+01 |  94.06%|   0.31%
  107s|316000 | 79655 |823942 |   2.6 |    86M | 134 | 451 | 540 | 540 |   0 |  0 |   0 |  40 | 3.200000e+01 | 6.210000e+01 |  94.06%|   0.31%
  107s|316100 | 79695 |824180 |   2.6 |    86M | 134 | 451 | 540 | 540 |   0 |  0 |   0 |  40 | 3.200000e+01 | 6.210000e+01 |  94.06%|   0.31%
  107s|316200 | 79737 |824437 |   2.6 |    86M | 134 | 451 | 540 | 540 |   0 |  0 |   0 |  40 | 3.200000e+01 | 6.210000e+01 |  94.06%|   0.31%
  107s|316300 | 79777 |824733 |   2.6 |    86M | 134 | 451 | 540 | 540 |   0 |  0 |   0 |  40 | 3.200000e+01 | 6.210000e+01 |  94.06%|   0.31%
 time | node  | left  |LP iter|LP it/n|mem/heur|mdpt |vars |cons |rows |cuts |sepa|confs|strbr|  dualbound   | primalbound  |  gap   | compl. 
  107s|316400 | 79803 |824987 |   2.6 |    86M | 134 | 451 | 540 | 540 |   0 |  0 |   0 |  40 | 3.200000e+01 | 6.210000e+01 |  94.06%|   0.31%
  107s|316500 | 79849 |825252 |   2.6 |    86M | 134 | 451 | 540 | 540 |   0 |  0 |   0 |  40 | 3.200000e+01 | 6.210000e+01 |  94.06%|   0.31%
  107s|316600 | 79897 |825534 |   2.6 |    86M | 134 | 451 | 540 | 540 |   0 |  0 |   0 |  40 | 3.200000e+01 | 6.210000e+01 |  94.06%|   0.31%
  107s|316700 | 79919 |825743 |   2.6 |    86M | 134 | 451 | 540 | 540 |   0 |  0 |   0 |  40 | 3.200000e+01 | 6.210000e+01 |  94.06%|   0.31%
  107s|316800 | 79949 |825995 |   2.6 |    86M | 134 | 451 | 540 | 540 |   0 |  0 |   0 |  40 | 3.200000e+01 | 6.210000e+01 |  94.06%|   0.31%
  107s|316900 | 79985 |826278 |   2.6 |    86M | 134 | 451 | 540 | 540 |   0 |  0 |   0 |  40 | 3.200000e+01 | 6.210000e+01 |  94.06%|   0.31%
  107s|317000 | 80017 |826537 |   2.6 |    86M | 134 | 451 | 540 | 540 |   0 |  0 |   0 |  40 | 3.200000e+01 | 6.210000e+01 |  94.06%|   0.31%
  107s|317100 | 80043 |826747 |   2.6 |    87M | 134 | 451 | 540 | 540 |   0 |  0 |   0 |  40 | 3.200000e+01 | 6.210000e+01 |  94.06%|   0.31%
  107s|317200 | 80075 |827004 |   2.6 |    87M | 134 | 451 | 540 | 540 |   0 |  0 |   0 |  40 | 3.200000e+01 | 6.210000e+01 |  94.06%|   0.31%
  107s|317300 | 80103 |827286 |   2.6 |    87M | 134 | 451 | 540 | 540 |   0 |  0 |   0 |  40 | 3.200000e+01 | 6.210000e+01 |  94.06%|   0.31%
  107s|317400 | 80143 |827550 |   2.6 |    87M | 134 | 451 | 540 | 540 |   0 |  0 |   0 |  40 | 3.200000e+01 | 6.210000e+01 |  94.06%|   0.31%
  107s|317500 | 80169 |827827 |   2.6 |    87M | 134 | 451 | 540 | 540 |   0 |  0 |   0 |  40 | 3.200000e+01 | 6.210000e+01 |  94.06%|   0.31%
  107s|317600 | 80197 |828044 |   2.6 |    87M | 134 | 451 | 540 | 540 |   0 |  0 |   0 |  40 | 3.200000e+01 | 6.210000e+01 |  94.06%|   0.31%
  107s|317700 | 80229 |828301 |   2.6 |    87M | 134 | 451 | 540 | 540 |   0 |  0 |   0 |  40 | 3.200000e+01 | 6.210000e+01 |  94.06%|   0.31%
  107s|317800 | 80253 |828567 |   2.6 |    87M | 134 | 451 | 540 | 540 |   0 |  0 |   0 |  40 | 3.200000e+01 | 6.210000e+01 |  94.06%|   0.31%
 time | node  | left  |LP iter|LP it/n|mem/heur|mdpt |vars |cons |rows |cuts |sepa|confs|strbr|  dualbound   | primalbound  |  gap   | compl. 
  107s|317900 | 80289 |828811 |   2.6 |    87M | 134 | 451 | 540 | 540 |   0 |  0 |   0 |  40 | 3.200000e+01 | 6.210000e+01 |  94.06%|   0.31%
  108s|318000 | 80309 |829069 |   2.6 |    87M | 134 | 451 | 540 | 540 |   0 |  0 |   0 |  40 | 3.200000e+01 | 6.210000e+01 |  94.06%|   0.31%
  108s|318100 | 80337 |829374 |   2.6 |    87M | 134 | 451 | 540 | 540 |   0 |  0 |   0 |  40 | 3.200000e+01 | 6.210000e+01 |  94.06%|   0.31%
  108s|318200 | 80373 |829640 |   2.6 |    87M | 134 | 451 | 540 | 540 |   0 |  0 |   0 |  40 | 3.200000e+01 | 6.210000e+01 |  94.06%|   0.31%
  108s|318300 | 80393 |829925 |   2.6 |    87M | 134 | 451 | 540 | 540 |   0 |  0 |   0 |  40 | 3.200000e+01 | 6.210000e+01 |  94.06%|   0.31%
  108s|318400 | 80417 |830215 |   2.6 |    87M | 134 | 451 | 540 | 540 |   0 |  0 |   0 |  40 | 3.200000e+01 | 6.210000e+01 |  94.06%|   0.31%
  108s|318500 | 80451 |830470 |   2.6 |    87M | 134 | 451 | 540 | 540 |   0 |  0 |   0 |  40 | 3.200000e+01 | 6.210000e+01 |  94.06%|   0.31%
  108s|318600 | 80491 |830731 |   2.6 |    87M | 134 | 451 | 540 | 540 |   0 |  0 |   0 |  40 | 3.200000e+01 | 6.210000e+01 |  94.06%|   0.31%
  108s|318700 | 80523 |831052 |   2.6 |    87M | 134 | 451 | 540 | 540 |   0 |  0 |   0 |  40 | 3.200000e+01 | 6.210000e+01 |  94.06%|   0.31%
  108s|318800 | 80551 |831298 |   2.6 |    87M | 134 | 451 | 540 | 540 |   0 |  0 |   0 |  40 | 3.200000e+01 | 6.210000e+01 |  94.06%|   0.31%
  108s|318900 | 80577 |831546 |   2.6 |    87M | 134 | 451 | 540 | 540 |   0 |  0 |   0 |  40 | 3.200000e+01 | 6.210000e+01 |  94.06%|   0.31%
  108s|319000 | 80601 |831766 |   2.6 |    87M | 134 | 451 | 540 | 540 |   0 |  0 |   0 |  40 | 3.200000e+01 | 6.210000e+01 |  94.06%|   0.31%
  108s|319100 | 80625 |832035 |   2.6 |    87M | 134 | 451 | 540 | 540 |   0 |  0 |   0 |  40 | 3.200000e+01 | 6.210000e+01 |  94.06%|   0.31%
  108s|319200 | 80659 |832277 |   2.6 |    87M | 134 | 451 | 540 | 540 |   0 |  0 |   0 |  40 | 3.200000e+01 | 6.210000e+01 |  94.06%|   0.31%
  108s|319300 | 80687 |832562 |   2.6 |    87M | 134 | 451 | 540 | 540 |   0 |  0 |   0 |  40 | 3.200000e+01 | 6.210000e+01 |  94.06%|   0.31%
 time | node  | left  |LP iter|LP it/n|mem/heur|mdpt |vars |cons |rows |cuts |sepa|confs|strbr|  dualbound   | primalbound  |  gap   | compl. 
  108s|319400 | 80711 |832808 |   2.6 |    87M | 134 | 451 | 540 | 540 |   0 |  0 |   0 |  40 | 3.200000e+01 | 6.210000e+01 |  94.06%|   0.31%
  108s|319500 | 80731 |833043 |   2.6 |    87M | 134 | 451 | 540 | 540 |   0 |  0 |   0 |  40 | 3.200000e+01 | 6.210000e+01 |  94.06%|   0.31%
  108s|319600 | 80759 |833322 |   2.6 |    87M | 134 | 451 | 540 | 540 |   0 |  0 |   0 |  40 | 3.200000e+01 | 6.210000e+01 |  94.06%|   0.31%
  108s|319700 | 80789 |833550 |   2.6 |    87M | 134 | 451 | 540 | 540 |   0 |  0 |   0 |  40 | 3.200000e+01 | 6.210000e+01 |  94.06%|   0.31%
  108s|319800 | 80821 |833823 |   2.6 |    87M | 134 | 451 | 540 | 540 |   0 |  0 |   0 |  40 | 3.200000e+01 | 6.210000e+01 |  94.06%|   0.31%
  108s|319900 | 80853 |834072 |   2.6 |    87M | 134 | 451 | 540 | 540 |   0 |  0 |   0 |  40 | 3.200000e+01 | 6.210000e+01 |  94.06%|   0.31%
  108s|320000 | 80883 |834335 |   2.6 |    87M | 134 | 451 | 540 | 540 |   0 |  0 |   0 |  40 | 3.200000e+01 | 6.210000e+01 |  94.06%|   0.31%
  108s|320100 | 80913 |834605 |   2.6 |    87M | 134 | 451 | 540 | 540 |   0 |  0 |   0 |  40 | 3.200000e+01 | 6.210000e+01 |  94.06%|   0.31%
  108s|320200 | 80945 |834881 |   2.6 |    87M | 134 | 451 | 540 | 540 |   0 |  0 |   0 |  40 | 3.200000e+01 | 6.210000e+01 |  94.06%|   0.31%
  108s|320300 | 80977 |835157 |   2.6 |    87M | 134 | 451 | 540 | 540 |   0 |  0 |   0 |  40 | 3.200000e+01 | 6.210000e+01 |  94.06%|   0.31%
  108s|320400 | 81007 |835461 |   2.6 |    87M | 134 | 451 | 540 | 540 |   0 |  0 |   0 |  40 | 3.200000e+01 | 6.210000e+01 |  94.06%|   0.31%
  108s|320500 | 81041 |835735 |   2.6 |    87M | 134 | 451 | 540 | 540 |   0 |  0 |   0 |  40 | 3.200000e+01 | 6.210000e+01 |  94.06%|   0.31%
  108s|320600 | 81073 |836033 |   2.6 |    87M | 134 | 451 | 540 | 540 |   0 |  0 |   0 |  40 | 3.200000e+01 | 6.210000e+01 |  94.06%|   0.31%
  108s|320700 | 81115 |836294 |   2.6 |    87M | 134 | 451 | 540 | 540 |   0 |  0 |   0 |  40 | 3.200000e+01 | 6.210000e+01 |  94.06%|   0.31%
  108s|320800 | 81149 |836551 |   2.6 |    87M | 134 | 451 | 540 | 540 |   0 |  0 |   0 |  40 | 3.200000e+01 | 6.210000e+01 |  94.06%|   0.31%
 time | node  | left  |LP iter|LP it/n|mem/heur|mdpt |vars |cons |rows |cuts |sepa|confs|strbr|  dualbound   | primalbound  |  gap   | compl. 
  109s|320900 | 81167 |836796 |   2.6 |    87M | 134 | 451 | 540 | 540 |   0 |  0 |   0 |  40 | 3.200000e+01 | 6.210000e+01 |  94.06%|   0.31%
  109s|321000 | 81199 |837037 |   2.6 |    87M | 134 | 451 | 540 | 540 |   0 |  0 |   0 |  40 | 3.200000e+01 | 6.210000e+01 |  94.06%|   0.31%
  109s|321100 | 81231 |837280 |   2.6 |    87M | 134 | 451 | 540 | 540 |   0 |  0 |   0 |  40 | 3.200000e+01 | 6.210000e+01 |  94.06%|   0.31%
  109s|321200 | 81259 |837515 |   2.6 |    87M | 134 | 451 | 540 | 540 |   0 |  0 |   0 |  40 | 3.200000e+01 | 6.210000e+01 |  94.06%|   0.31%
  109s|321300 | 81291 |837817 |   2.6 |    87M | 134 | 451 | 540 | 540 |   0 |  0 |   0 |  40 | 3.200000e+01 | 6.210000e+01 |  94.06%|   0.31%
  109s|321400 | 81325 |838104 |   2.6 |    87M | 134 | 451 | 540 | 540 |   0 |  0 |   0 |  40 | 3.200000e+01 | 6.210000e+01 |  94.06%|   0.31%
  109s|321500 | 81361 |838359 |   2.6 |    87M | 134 | 451 | 540 | 540 |   0 |  0 |   0 |  40 | 3.200000e+01 | 6.210000e+01 |  94.06%|   0.31%
  109s|321600 | 81381 |838603 |   2.6 |    88M | 134 | 451 | 540 | 540 |   0 |  0 |   0 |  40 | 3.200000e+01 | 6.210000e+01 |  94.06%|   0.31%
  109s|321700 | 81413 |838869 |   2.6 |    88M | 134 | 451 | 540 | 540 |   0 |  0 |   0 |  40 | 3.200000e+01 | 6.210000e+01 |  94.06%|   0.31%
  109s|321800 | 81449 |839105 |   2.6 |    88M | 134 | 451 | 540 | 540 |   0 |  0 |   0 |  40 | 3.200000e+01 | 6.210000e+01 |  94.06%|   0.31%
  109s|321900 | 81473 |839393 |   2.6 |    88M | 134 | 451 | 540 | 540 |   0 |  0 |   0 |  40 | 3.200000e+01 | 6.210000e+01 |  94.06%|   0.31%
  109s|322000 | 81509 |839689 |   2.6 |    88M | 134 | 451 | 540 | 540 |   0 |  0 |   0 |  40 | 3.200000e+01 | 6.210000e+01 |  94.06%|   0.31%
  109s|322100 | 81541 |839937 |   2.6 |    88M | 134 | 451 | 540 | 540 |   0 |  0 |   0 |  40 | 3.200000e+01 | 6.210000e+01 |  94.06%|   0.31%
  109s|322200 | 81565 |840191 |   2.6 |    88M | 134 | 451 | 540 | 540 |   0 |  0 |   0 |  40 | 3.200000e+01 | 6.210000e+01 |  94.06%|   0.31%
  109s|322300 | 81587 |840451 |   2.6 |    88M | 134 | 451 | 540 | 540 |   0 |  0 |   0 |  40 | 3.200000e+01 | 6.210000e+01 |  94.06%|   0.31%
 time | node  | left  |LP iter|LP it/n|mem/heur|mdpt |vars |cons |rows |cuts |sepa|confs|strbr|  dualbound   | primalbound  |  gap   | compl. 
  109s|322400 | 81615 |840714 |   2.6 |    88M | 134 | 451 | 540 | 540 |   0 |  0 |   0 |  40 | 3.200000e+01 | 6.210000e+01 |  94.06%|   0.31%
  109s|322500 | 81647 |840942 |   2.6 |    88M | 134 | 451 | 540 | 540 |   0 |  0 |   0 |  40 | 3.200000e+01 | 6.210000e+01 |  94.06%|   0.31%
  109s|322600 | 81675 |841190 |   2.6 |    88M | 134 | 451 | 540 | 540 |   0 |  0 |   0 |  40 | 3.200000e+01 | 6.210000e+01 |  94.06%|   0.31%
  109s|322700 | 81709 |841452 |   2.6 |    88M | 134 | 451 | 540 | 540 |   0 |  0 |   0 |  40 | 3.200000e+01 | 6.210000e+01 |  94.06%|   0.31%
  109s|322800 | 81743 |841712 |   2.6 |    89M | 134 | 451 | 540 | 540 |   0 |  0 |   0 |  40 | 3.200000e+01 | 6.210000e+01 |  94.06%|   0.31%
  109s|322900 | 81791 |841959 |   2.6 |    89M | 134 | 451 | 540 | 540 |   0 |  0 |   0 |  40 | 3.200000e+01 | 6.210000e+01 |  94.06%|   0.31%
  109s|323000 | 81831 |842233 |   2.6 |    89M | 134 | 451 | 540 | 540 |   0 |  0 |   0 |  40 | 3.200000e+01 | 6.210000e+01 |  94.06%|   0.31%
  109s|323100 | 81867 |842506 |   2.6 |    89M | 134 | 451 | 540 | 540 |   0 |  0 |   0 |  40 | 3.200000e+01 | 6.210000e+01 |  94.06%|   0.31%
  109s|323200 | 81901 |842791 |   2.6 |    89M | 134 | 451 | 540 | 540 |   0 |  0 |   0 |  40 | 3.200000e+01 | 6.210000e+01 |  94.06%|   0.31%
  109s|323300 | 81925 |843041 |   2.6 |    89M | 134 | 451 | 540 | 540 |   0 |  0 |   0 |  40 | 3.200000e+01 | 6.210000e+01 |  94.06%|   0.31%
  109s|323400 | 81945 |843254 |   2.6 |    89M | 134 | 451 | 540 | 540 |   0 |  0 |   0 |  40 | 3.200000e+01 | 6.210000e+01 |  94.06%|   0.31%
  109s|323500 | 81971 |843502 |   2.6 |    89M | 134 | 451 | 540 | 540 |   0 |  0 |   0 |  40 | 3.200000e+01 | 6.210000e+01 |  94.06%|   0.31%
  109s|323600 | 82001 |843707 |   2.6 |    89M | 134 | 451 | 540 | 540 |   0 |  0 |   0 |  40 | 3.200000e+01 | 6.210000e+01 |  94.06%|   0.31%
  109s|323700 | 82029 |843964 |   2.6 |    89M | 134 | 451 | 540 | 540 |   0 |  0 |   0 |  40 | 3.200000e+01 | 6.210000e+01 |  94.06%|   0.31%
  110s|323800 | 82055 |844228 |   2.6 |    89M | 134 | 451 | 540 | 540 |   0 |  0 |   0 |  40 | 3.200000e+01 | 6.210000e+01 |  94.06%|   0.31%
 time | node  | left  |LP iter|LP it/n|mem/heur|mdpt |vars |cons |rows |cuts |sepa|confs|strbr|  dualbound   | primalbound  |  gap   | compl. 
  110s|323900 | 82091 |844452 |   2.6 |    89M | 134 | 451 | 540 | 540 |   0 |  0 |   0 |  40 | 3.200000e+01 | 6.210000e+01 |  94.06%|   0.31%
  110s|324000 | 82119 |844726 |   2.6 |    89M | 134 | 451 | 540 | 540 |   0 |  0 |   0 |  40 | 3.200000e+01 | 6.210000e+01 |  94.06%|   0.31%
  110s|324100 | 82153 |844967 |   2.6 |    89M | 134 | 451 | 540 | 540 |   0 |  0 |   0 |  40 | 3.200000e+01 | 6.210000e+01 |  94.06%|   0.31%
  110s|324200 | 82175 |845224 |   2.6 |    89M | 134 | 451 | 540 | 540 |   0 |  0 |   0 |  40 | 3.200000e+01 | 6.210000e+01 |  94.06%|   0.31%
  110s|324300 | 82201 |845447 |   2.6 |    89M | 134 | 451 | 540 | 540 |   0 |  0 |   0 |  40 | 3.200000e+01 | 6.210000e+01 |  94.06%|   0.31%
  110s|324400 | 82239 |845695 |   2.6 |    89M | 134 | 451 | 540 | 540 |   0 |  0 |   0 |  40 | 3.200000e+01 | 6.210000e+01 |  94.06%|   0.31%
  110s|324500 | 82275 |845934 |   2.6 |    89M | 134 | 451 | 540 | 540 |   0 |  0 |   0 |  40 | 3.200000e+01 | 6.210000e+01 |  94.06%|   0.31%
  110s|324600 | 82313 |846223 |   2.6 |    89M | 134 | 451 | 540 | 540 |   0 |  0 |   0 |  40 | 3.200000e+01 | 6.210000e+01 |  94.06%|   0.31%
  110s|324700 | 82353 |846466 |   2.6 |    89M | 134 | 451 | 540 | 540 |   0 |  0 |   0 |  40 | 3.200000e+01 | 6.210000e+01 |  94.06%|   0.31%
  110s|324800 | 82399 |846716 |   2.6 |    89M | 134 | 451 | 540 | 540 |   0 |  0 |   0 |  40 | 3.200000e+01 | 6.210000e+01 |  94.06%|   0.31%
  110s|324900 | 82433 |846982 |   2.6 |    89M | 134 | 451 | 540 | 540 |   0 |  0 |   0 |  40 | 3.200000e+01 | 6.210000e+01 |  94.06%|   0.31%
  110s|325000 | 82475 |847252 |   2.6 |    89M | 134 | 451 | 540 | 540 |   0 |  0 |   0 |  40 | 3.200000e+01 | 6.210000e+01 |  94.06%|   0.31%
  110s|325100 | 82511 |847536 |   2.6 |    89M | 134 | 451 | 540 | 540 |   0 |  0 |   0 |  40 | 3.200000e+01 | 6.210000e+01 |  94.06%|   0.31%
  110s|325200 | 82541 |847788 |   2.6 |    89M | 134 | 451 | 540 | 540 |   0 |  0 |   0 |  40 | 3.200000e+01 | 6.210000e+01 |  94.06%|   0.31%
  110s|325300 | 82581 |848040 |   2.6 |    89M | 134 | 451 | 540 | 540 |   0 |  0 |   0 |  40 | 3.200000e+01 | 6.210000e+01 |  94.06%|   0.31%
 time | node  | left  |LP iter|LP it/n|mem/heur|mdpt |vars |cons |rows |cuts |sepa|confs|strbr|  dualbound   | primalbound  |  gap   | compl. 
  110s|325400 | 82625 |848292 |   2.6 |    89M | 134 | 451 | 540 | 540 |   0 |  0 |   0 |  40 | 3.200000e+01 | 6.210000e+01 |  94.06%|   0.31%
  110s|325500 | 82657 |848546 |   2.6 |    89M | 134 | 451 | 540 | 540 |   0 |  0 |   0 |  40 | 3.200000e+01 | 6.210000e+01 |  94.06%|   0.31%
  110s|325600 | 82691 |848798 |   2.6 |    89M | 134 | 451 | 540 | 540 |   0 |  0 |   0 |  40 | 3.200000e+01 | 6.210000e+01 |  94.06%|   0.31%
  110s|325700 | 82729 |849076 |   2.6 |    89M | 134 | 451 | 540 | 540 |   0 |  0 |   0 |  40 | 3.200000e+01 | 6.210000e+01 |  94.06%|   0.31%
  110s|325800 | 82765 |849346 |   2.6 |    90M | 134 | 451 | 540 | 540 |   0 |  0 |   0 |  40 | 3.200000e+01 | 6.210000e+01 |  94.06%|   0.31%
  110s|325900 | 82805 |849648 |   2.6 |    90M | 134 | 451 | 540 | 540 |   0 |  0 |   0 |  40 | 3.200000e+01 | 6.210000e+01 |  94.06%|   0.31%
  110s|326000 | 82845 |849927 |   2.6 |    90M | 134 | 451 | 540 | 540 |   0 |  0 |   0 |  40 | 3.200000e+01 | 6.210000e+01 |  94.06%|   0.31%
  110s|326100 | 82893 |850223 |   2.6 |    90M | 134 | 451 | 540 | 540 |   0 |  0 |   0 |  40 | 3.200000e+01 | 6.210000e+01 |  94.06%|   0.31%
  110s|326200 | 82933 |850506 |   2.6 |    90M | 134 | 451 | 540 | 540 |   0 |  0 |   0 |  40 | 3.200000e+01 | 6.210000e+01 |  94.06%|   0.31%
  110s|326300 | 82973 |850831 |   2.6 |    90M | 134 | 451 | 540 | 540 |   0 |  0 |   0 |  40 | 3.200000e+01 | 6.210000e+01 |  94.06%|   0.31%
  110s|326400 | 83015 |851163 |   2.6 |    90M | 134 | 451 | 540 | 540 |   0 |  0 |   0 |  40 | 3.200000e+01 | 6.210000e+01 |  94.06%|   0.31%
  110s|326500 | 83051 |851452 |   2.6 |    90M | 134 | 451 | 540 | 540 |   0 |  0 |   0 |  40 | 3.200000e+01 | 6.210000e+01 |  94.06%|   0.31%
  110s|326600 | 83091 |851756 |   2.6 |    90M | 134 | 451 | 540 | 540 |   0 |  0 |   0 |  40 | 3.200000e+01 | 6.210000e+01 |  94.06%|   0.31%
  111s|326700 | 83133 |852093 |   2.6 |    90M | 134 | 451 | 540 | 540 |   0 |  0 |   0 |  40 | 3.200000e+01 | 6.210000e+01 |  94.06%|   0.31%
  111s|326800 | 83163 |852412 |   2.6 |    90M | 134 | 451 | 540 | 540 |   0 |  0 |   0 |  40 | 3.200000e+01 | 6.210000e+01 |  94.06%|   0.31%
 time | node  | left  |LP iter|LP it/n|mem/heur|mdpt |vars |cons |rows |cuts |sepa|confs|strbr|  dualbound   | primalbound  |  gap   | compl. 
  111s|326900 | 83197 |852787 |   2.6 |    90M | 134 | 451 | 540 | 540 |   0 |  0 |   0 |  40 | 3.200000e+01 | 6.210000e+01 |  94.06%|   0.31%
  111s|327000 | 83215 |853018 |   2.6 |    90M | 134 | 451 | 540 | 540 |   0 |  0 |   0 |  40 | 3.200000e+01 | 6.210000e+01 |  94.06%|   0.31%
  111s|327100 | 83249 |853323 |   2.6 |    90M | 134 | 451 | 540 | 540 |   0 |  0 |   0 |  40 | 3.200000e+01 | 6.210000e+01 |  94.06%|   0.31%
  111s|327200 | 83279 |853637 |   2.6 |    90M | 134 | 451 | 540 | 540 |   0 |  0 |   0 |  40 | 3.200000e+01 | 6.210000e+01 |  94.06%|   0.31%
  111s|327300 | 83305 |853901 |   2.6 |    90M | 134 | 451 | 540 | 540 |   0 |  0 |   0 |  40 | 3.200000e+01 | 6.210000e+01 |  94.06%|   0.31%
  111s|327400 | 83331 |854131 |   2.6 |    90M | 134 | 451 | 540 | 540 |   0 |  0 |   0 |  40 | 3.200000e+01 | 6.210000e+01 |  94.06%|   0.31%
  111s|327500 | 83365 |854354 |   2.6 |    90M | 134 | 451 | 540 | 540 |   0 |  0 |   0 |  40 | 3.200000e+01 | 6.210000e+01 |  94.06%|   0.31%
  111s|327600 | 83395 |854599 |   2.6 |    90M | 134 | 451 | 540 | 540 |   0 |  0 |   0 |  40 | 3.200000e+01 | 6.210000e+01 |  94.06%|   0.31%
  111s|327700 | 83419 |854856 |   2.6 |    90M | 134 | 451 | 540 | 540 |   0 |  0 |   0 |  40 | 3.200000e+01 | 6.210000e+01 |  94.06%|   0.31%
  111s|327800 | 83435 |855104 |   2.6 |    90M | 134 | 451 | 540 | 540 |   0 |  0 |   0 |  40 | 3.200000e+01 | 6.210000e+01 |  94.06%|   0.31%
  111s|327900 | 83463 |855360 |   2.6 |    90M | 134 | 451 | 540 | 540 |   0 |  0 |   0 |  40 | 3.200000e+01 | 6.210000e+01 |  94.06%|   0.31%
  111s|328000 | 83485 |855616 |   2.6 |    90M | 134 | 451 | 540 | 540 |   0 |  0 |   0 |  40 | 3.200000e+01 | 6.210000e+01 |  94.06%|   0.31%
  111s|328100 | 83503 |855885 |   2.6 |    90M | 134 | 451 | 540 | 540 |   0 |  0 |   0 |  40 | 3.200000e+01 | 6.210000e+01 |  94.06%|   0.31%
  111s|328200 | 83525 |856131 |   2.6 |    90M | 134 | 451 | 540 | 540 |   0 |  0 |   0 |  40 | 3.200000e+01 | 6.210000e+01 |  94.06%|   0.31%
  111s|328300 | 83549 |856348 |   2.6 |    90M | 134 | 451 | 540 | 540 |   0 |  0 |   0 |  40 | 3.200000e+01 | 6.210000e+01 |  94.06%|   0.31%
 time | node  | left  |LP iter|LP it/n|mem/heur|mdpt |vars |cons |rows |cuts |sepa|confs|strbr|  dualbound   | primalbound  |  gap   | compl. 
  111s|328400 | 83577 |856597 |   2.6 |    90M | 134 | 451 | 540 | 540 |   0 |  0 |   0 |  40 | 3.200000e+01 | 6.210000e+01 |  94.06%|   0.31%
  111s|328500 | 83601 |856874 |   2.6 |    90M | 134 | 451 | 540 | 540 |   0 |  0 |   0 |  40 | 3.200000e+01 | 6.210000e+01 |  94.06%|   0.31%
  111s|328600 | 83633 |857110 |   2.6 |    90M | 134 | 451 | 540 | 540 |   0 |  0 |   0 |  40 | 3.200000e+01 | 6.210000e+01 |  94.06%|   0.31%
  111s|328700 | 83665 |857368 |   2.6 |    90M | 134 | 451 | 540 | 540 |   0 |  0 |   0 |  40 | 3.200000e+01 | 6.210000e+01 |  94.06%|   0.31%
  111s|328800 | 83697 |857642 |   2.6 |    90M | 134 | 451 | 540 | 540 |   0 |  0 |   0 |  40 | 3.200000e+01 | 6.210000e+01 |  94.06%|   0.31%
  111s|328900 | 83727 |857924 |   2.6 |    90M | 134 | 451 | 540 | 540 |   0 |  0 |   0 |  40 | 3.200000e+01 | 6.210000e+01 |  94.06%|   0.31%
  111s|329000 | 83759 |858180 |   2.6 |    90M | 134 | 451 | 540 | 540 |   0 |  0 |   0 |  40 | 3.200000e+01 | 6.210000e+01 |  94.06%|   0.31%
  111s|329100 | 83789 |858453 |   2.6 |    90M | 134 | 451 | 540 | 540 |   0 |  0 |   0 |  40 | 3.200000e+01 | 6.210000e+01 |  94.06%|   0.31%
  111s|329200 | 83819 |858689 |   2.6 |    90M | 134 | 451 | 540 | 540 |   0 |  0 |   0 |  40 | 3.200000e+01 | 6.210000e+01 |  94.06%|   0.31%
  111s|329300 | 83849 |858946 |   2.6 |    90M | 134 | 451 | 540 | 540 |   0 |  0 |   0 |  40 | 3.200000e+01 | 6.210000e+01 |  94.06%|   0.31%
  111s|329400 | 83873 |859192 |   2.6 |    90M | 134 | 451 | 540 | 540 |   0 |  0 |   0 |  40 | 3.200000e+01 | 6.210000e+01 |  94.06%|   0.31%
  111s|329500 | 83903 |859433 |   2.6 |    90M | 134 | 451 | 540 | 540 |   0 |  0 |   0 |  40 | 3.200000e+01 | 6.210000e+01 |  94.06%|   0.31%
  112s|329600 | 83935 |859710 |   2.6 |    90M | 134 | 451 | 540 | 540 |   0 |  0 |   0 |  40 | 3.200000e+01 | 6.210000e+01 |  94.06%|   0.31%
  112s|329700 | 83961 |859950 |   2.6 |    90M | 134 | 451 | 540 | 540 |   0 |  0 |   0 |  40 | 3.200000e+01 | 6.210000e+01 |  94.06%|   0.31%
  112s|329800 | 83989 |860211 |   2.6 |    90M | 134 | 451 | 540 | 540 |   0 |  0 |   0 |  40 | 3.200000e+01 | 6.210000e+01 |  94.06%|   0.31%
 time | node  | left  |LP iter|LP it/n|mem/heur|mdpt |vars |cons |rows |cuts |sepa|confs|strbr|  dualbound   | primalbound  |  gap   | compl. 
  112s|329900 | 84023 |860488 |   2.6 |    90M | 134 | 451 | 540 | 540 |   0 |  0 |   0 |  40 | 3.200000e+01 | 6.210000e+01 |  94.06%|   0.31%
  112s|330000 | 84059 |860751 |   2.6 |    90M | 134 | 451 | 540 | 540 |   0 |  0 |   0 |  40 | 3.200000e+01 | 6.210000e+01 |  94.06%|   0.31%
  112s|330100 | 84089 |861025 |   2.6 |    90M | 134 | 451 | 540 | 540 |   0 |  0 |   0 |  40 | 3.200000e+01 | 6.210000e+01 |  94.06%|   0.31%
  112s|330200 | 84121 |861292 |   2.6 |    90M | 134 | 451 | 540 | 540 |   0 |  0 |   0 |  40 | 3.200000e+01 | 6.210000e+01 |  94.06%|   0.31%
  112s|330300 | 84159 |861560 |   2.6 |    90M | 134 | 451 | 540 | 540 |   0 |  0 |   0 |  40 | 3.200000e+01 | 6.210000e+01 |  94.06%|   0.31%
  112s|330400 | 84197 |861826 |   2.6 |    90M | 134 | 451 | 540 | 540 |   0 |  0 |   0 |  40 | 3.200000e+01 | 6.210000e+01 |  94.06%|   0.31%
  112s|330500 | 84227 |862134 |   2.6 |    90M | 134 | 451 | 540 | 540 |   0 |  0 |   0 |  40 | 3.200000e+01 | 6.210000e+01 |  94.06%|   0.31%
  112s|330600 | 84247 |862428 |   2.6 |    90M | 134 | 451 | 540 | 540 |   0 |  0 |   0 |  40 | 3.200000e+01 | 6.210000e+01 |  94.06%|   0.31%
  112s|330700 | 84275 |862690 |   2.6 |    90M | 134 | 451 | 540 | 540 |   0 |  0 |   0 |  40 | 3.200000e+01 | 6.210000e+01 |  94.06%|   0.31%
  112s|330800 | 84309 |862963 |   2.6 |    90M | 134 | 451 | 540 | 540 |   0 |  0 |   0 |  40 | 3.200000e+01 | 6.210000e+01 |  94.06%|   0.31%
  112s|330900 | 84335 |863255 |   2.6 |    90M | 134 | 451 | 540 | 540 |   0 |  0 |   0 |  40 | 3.200000e+01 | 6.210000e+01 |  94.06%|   0.31%
  112s|331000 | 84371 |863503 |   2.6 |    90M | 134 | 451 | 540 | 540 |   0 |  0 |   0 |  40 | 3.200000e+01 | 6.210000e+01 |  94.06%|   0.31%
  112s|331100 | 84403 |863775 |   2.6 |    91M | 134 | 451 | 540 | 540 |   0 |  0 |   0 |  40 | 3.200000e+01 | 6.210000e+01 |  94.06%|   0.31%
  112s|331200 | 84435 |864017 |   2.6 |    91M | 134 | 451 | 540 | 540 |   0 |  0 |   0 |  40 | 3.200000e+01 | 6.210000e+01 |  94.06%|   0.31%
  112s|331300 | 84471 |864306 |   2.6 |    91M | 134 | 451 | 540 | 540 |   0 |  0 |   0 |  40 | 3.200000e+01 | 6.210000e+01 |  94.06%|   0.31%
 time | node  | left  |LP iter|LP it/n|mem/heur|mdpt |vars |cons |rows |cuts |sepa|confs|strbr|  dualbound   | primalbound  |  gap   | compl. 
  112s|331400 | 84499 |864591 |   2.6 |    91M | 134 | 451 | 540 | 540 |   0 |  0 |   0 |  40 | 3.200000e+01 | 6.210000e+01 |  94.06%|   0.31%
  112s|331500 | 84519 |864853 |   2.6 |    91M | 134 | 451 | 540 | 540 |   0 |  0 |   0 |  40 | 3.200000e+01 | 6.210000e+01 |  94.06%|   0.31%
  112s|331600 | 84551 |865178 |   2.6 |    91M | 134 | 451 | 540 | 540 |   0 |  0 |   0 |  40 | 3.200000e+01 | 6.210000e+01 |  94.06%|   0.31%
  112s|331700 | 84581 |865470 |   2.6 |    91M | 134 | 451 | 540 | 540 |   0 |  0 |   0 |  40 | 3.200000e+01 | 6.210000e+01 |  94.06%|   0.31%
  112s|331800 | 84617 |865728 |   2.6 |    91M | 134 | 451 | 540 | 540 |   0 |  0 |   0 |  40 | 3.200000e+01 | 6.210000e+01 |  94.06%|   0.31%
  112s|331900 | 84641 |866031 |   2.6 |    91M | 134 | 451 | 540 | 540 |   0 |  0 |   0 |  40 | 3.200000e+01 | 6.210000e+01 |  94.06%|   0.31%
  112s|332000 | 84675 |866319 |   2.6 |    91M | 134 | 451 | 540 | 540 |   0 |  0 |   0 |  40 | 3.200000e+01 | 6.210000e+01 |  94.06%|   0.31%
  112s|332100 | 84695 |866572 |   2.6 |    91M | 134 | 451 | 540 | 540 |   0 |  0 |   0 |  40 | 3.200000e+01 | 6.210000e+01 |  94.06%|   0.31%
  112s|332200 | 84713 |866838 |   2.6 |    91M | 134 | 451 | 540 | 540 |   0 |  0 |   0 |  40 | 3.200000e+01 | 6.210000e+01 |  94.06%|   0.31%
  112s|332300 | 84741 |867100 |   2.6 |    91M | 134 | 451 | 540 | 540 |   0 |  0 |   0 |  40 | 3.200000e+01 | 6.210000e+01 |  94.06%|   0.31%
  113s|332400 | 84771 |867361 |   2.6 |    91M | 134 | 451 | 540 | 540 |   0 |  0 |   0 |  40 | 3.200000e+01 | 6.210000e+01 |  94.06%|   0.31%
  113s|332500 | 84795 |867617 |   2.6 |    91M | 134 | 451 | 540 | 540 |   0 |  0 |   0 |  40 | 3.200000e+01 | 6.210000e+01 |  94.06%|   0.31%
  113s|332600 | 84831 |867927 |   2.6 |    91M | 134 | 451 | 540 | 540 |   0 |  0 |   0 |  40 | 3.200000e+01 | 6.210000e+01 |  94.06%|   0.31%
  113s|332700 | 84865 |868222 |   2.6 |    91M | 134 | 451 | 540 | 540 |   0 |  0 |   0 |  40 | 3.200000e+01 | 6.210000e+01 |  94.06%|   0.31%
  113s|332800 | 84895 |868459 |   2.6 |    91M | 134 | 451 | 540 | 540 |   0 |  0 |   0 |  40 | 3.200000e+01 | 6.210000e+01 |  94.06%|   0.31%
 time | node  | left  |LP iter|LP it/n|mem/heur|mdpt |vars |cons |rows |cuts |sepa|confs|strbr|  dualbound   | primalbound  |  gap   | compl. 
  113s|332900 | 84933 |868717 |   2.6 |    91M | 134 | 451 | 540 | 540 |   0 |  0 |   0 |  40 | 3.200000e+01 | 6.210000e+01 |  94.06%|   0.31%
  113s|333000 | 84951 |869007 |   2.6 |    91M | 134 | 451 | 540 | 540 |   0 |  0 |   0 |  40 | 3.200000e+01 | 6.210000e+01 |  94.06%|   0.31%
  113s|333100 | 84975 |869256 |   2.6 |    91M | 134 | 451 | 540 | 540 |   0 |  0 |   0 |  40 | 3.200000e+01 | 6.210000e+01 |  94.06%|   0.31%
  113s|333200 | 85003 |869523 |   2.6 |    91M | 134 | 451 | 540 | 540 |   0 |  0 |   0 |  40 | 3.200000e+01 | 6.210000e+01 |  94.06%|   0.31%
  113s|333300 | 85025 |869745 |   2.6 |    91M | 134 | 451 | 540 | 540 |   0 |  0 |   0 |  40 | 3.200000e+01 | 6.210000e+01 |  94.06%|   0.31%
  113s|333400 | 85055 |869976 |   2.6 |    91M | 134 | 451 | 540 | 540 |   0 |  0 |   0 |  40 | 3.200000e+01 | 6.210000e+01 |  94.06%|   0.31%
  113s|333500 | 85081 |870288 |   2.6 |    91M | 134 | 451 | 540 | 540 |   0 |  0 |   0 |  40 | 3.200000e+01 | 6.210000e+01 |  94.06%|   0.31%
  113s|333600 | 85103 |870569 |   2.6 |    91M | 134 | 451 | 540 | 540 |   0 |  0 |   0 |  40 | 3.200000e+01 | 6.210000e+01 |  94.06%|   0.31%
  113s|333700 | 85127 |870819 |   2.6 |    91M | 134 | 451 | 540 | 540 |   0 |  0 |   0 |  40 | 3.200000e+01 | 6.210000e+01 |  94.06%|   0.31%
  113s|333800 | 85167 |871062 |   2.6 |    91M | 134 | 451 | 540 | 540 |   0 |  0 |   0 |  40 | 3.200000e+01 | 6.210000e+01 |  94.06%|   0.31%
  113s|333900 | 85195 |871369 |   2.6 |    91M | 134 | 451 | 540 | 540 |   0 |  0 |   0 |  40 | 3.200000e+01 | 6.210000e+01 |  94.06%|   0.31%
  113s|334000 | 85217 |871585 |   2.6 |    91M | 134 | 451 | 540 | 540 |   0 |  0 |   0 |  40 | 3.200000e+01 | 6.210000e+01 |  94.06%|   0.31%
  113s|334100 | 85237 |871836 |   2.6 |    91M | 134 | 451 | 540 | 540 |   0 |  0 |   0 |  40 | 3.200000e+01 | 6.210000e+01 |  94.06%|   0.31%
  113s|334200 | 85269 |872079 |   2.6 |    91M | 134 | 451 | 540 | 540 |   0 |  0 |   0 |  40 | 3.200000e+01 | 6.210000e+01 |  94.06%|   0.31%
  113s|334300 | 85299 |872365 |   2.6 |    91M | 134 | 451 | 540 | 540 |   0 |  0 |   0 |  40 | 3.200000e+01 | 6.210000e+01 |  94.06%|   0.31%
 time | node  | left  |LP iter|LP it/n|mem/heur|mdpt |vars |cons |rows |cuts |sepa|confs|strbr|  dualbound   | primalbound  |  gap   | compl. 
  113s|334400 | 85323 |872648 |   2.6 |    91M | 134 | 451 | 540 | 540 |   0 |  0 |   0 |  40 | 3.200000e+01 | 6.210000e+01 |  94.06%|   0.31%
  113s|334500 | 85349 |872950 |   2.6 |    91M | 134 | 451 | 540 | 540 |   0 |  0 |   0 |  40 | 3.200000e+01 | 6.210000e+01 |  94.06%|   0.31%
  113s|334600 | 85381 |873218 |   2.6 |    91M | 134 | 451 | 540 | 540 |   0 |  0 |   0 |  40 | 3.200000e+01 | 6.210000e+01 |  94.06%|   0.31%
  113s|334700 | 85401 |873498 |   2.6 |    91M | 134 | 451 | 540 | 540 |   0 |  0 |   0 |  40 | 3.200000e+01 | 6.210000e+01 |  94.06%|   0.31%
  113s|334800 | 85425 |873762 |   2.6 |    92M | 134 | 451 | 540 | 540 |   0 |  0 |   0 |  40 | 3.200000e+01 | 6.210000e+01 |  94.06%|   0.31%
  113s|334900 | 85461 |874014 |   2.6 |    92M | 134 | 451 | 540 | 540 |   0 |  0 |   0 |  40 | 3.200000e+01 | 6.210000e+01 |  94.06%|   0.31%
  113s|335000 | 85491 |874310 |   2.6 |    92M | 134 | 451 | 540 | 540 |   0 |  0 |   0 |  40 | 3.200000e+01 | 6.210000e+01 |  94.06%|   0.31%
  113s|335100 | 85519 |874581 |   2.6 |    92M | 134 | 451 | 540 | 540 |   0 |  0 |   0 |  40 | 3.200000e+01 | 6.210000e+01 |  94.06%|   0.31%
  113s|335200 | 85543 |874889 |   2.6 |    92M | 134 | 451 | 540 | 540 |   0 |  0 |   0 |  40 | 3.200000e+01 | 6.210000e+01 |  94.06%|   0.31%
  114s|335300 | 85569 |875176 |   2.6 |    92M | 134 | 451 | 540 | 540 |   0 |  0 |   0 |  40 | 3.200000e+01 | 6.210000e+01 |  94.06%|   0.31%
  114s|335400 | 85599 |875448 |   2.6 |    92M | 134 | 451 | 540 | 540 |   0 |  0 |   0 |  40 | 3.200000e+01 | 6.210000e+01 |  94.06%|   0.31%
  114s|335500 | 85625 |875703 |   2.6 |    92M | 134 | 451 | 540 | 540 |   0 |  0 |   0 |  40 | 3.200000e+01 | 6.210000e+01 |  94.06%|   0.31%
  114s|335600 | 85655 |875968 |   2.6 |    92M | 134 | 451 | 540 | 540 |   0 |  0 |   0 |  40 | 3.200000e+01 | 6.210000e+01 |  94.06%|   0.31%
  114s|335700 | 85689 |876250 |   2.6 |    92M | 134 | 451 | 540 | 540 |   0 |  0 |   0 |  40 | 3.200000e+01 | 6.210000e+01 |  94.06%|   0.31%
  114s|335800 | 85721 |876511 |   2.6 |    92M | 134 | 451 | 540 | 540 |   0 |  0 |   0 |  40 | 3.200000e+01 | 6.210000e+01 |  94.06%|   0.31%
 time | node  | left  |LP iter|LP it/n|mem/heur|mdpt |vars |cons |rows |cuts |sepa|confs|strbr|  dualbound   | primalbound  |  gap   | compl. 
  114s|335900 | 85759 |876819 |   2.6 |    92M | 134 | 451 | 540 | 540 |   0 |  0 |   0 |  40 | 3.200000e+01 | 6.210000e+01 |  94.06%|   0.31%
  114s|336000 | 85795 |877084 |   2.6 |    92M | 134 | 451 | 540 | 540 |   0 |  0 |   0 |  40 | 3.200000e+01 | 6.210000e+01 |  94.06%|   0.31%
  114s|336100 | 85829 |877323 |   2.6 |    92M | 134 | 451 | 540 | 540 |   0 |  0 |   0 |  40 | 3.200000e+01 | 6.210000e+01 |  94.06%|   0.31%
  114s|336200 | 85857 |877571 |   2.6 |    92M | 134 | 451 | 540 | 540 |   0 |  0 |   0 |  40 | 3.200000e+01 | 6.210000e+01 |  94.06%|   0.31%
  114s|336300 | 85883 |877818 |   2.6 |    92M | 134 | 451 | 540 | 540 |   0 |  0 |   0 |  40 | 3.200000e+01 | 6.210000e+01 |  94.06%|   0.31%
  114s|336400 | 85911 |878071 |   2.6 |    92M | 134 | 451 | 540 | 540 |   0 |  0 |   0 |  40 | 3.200000e+01 | 6.210000e+01 |  94.06%|   0.31%
  114s|336500 | 85943 |878377 |   2.6 |    92M | 134 | 451 | 540 | 540 |   0 |  0 |   0 |  40 | 3.200000e+01 | 6.210000e+01 |  94.06%|   0.31%
  114s|336600 | 85973 |878640 |   2.6 |    92M | 134 | 451 | 540 | 540 |   0 |  0 |   0 |  40 | 3.200000e+01 | 6.210000e+01 |  94.06%|   0.31%
  114s|336700 | 85995 |878883 |   2.6 |    92M | 134 | 451 | 540 | 540 |   0 |  0 |   0 |  40 | 3.200000e+01 | 6.210000e+01 |  94.06%|   0.31%
  114s|336800 | 86025 |879129 |   2.6 |    92M | 134 | 451 | 540 | 540 |   0 |  0 |   0 |  40 | 3.200000e+01 | 6.210000e+01 |  94.06%|   0.31%
  114s|336900 | 86065 |879355 |   2.6 |    92M | 134 | 451 | 540 | 540 |   0 |  0 |   0 |  40 | 3.200000e+01 | 6.210000e+01 |  94.06%|   0.31%
  114s|337000 | 86097 |879595 |   2.6 |    92M | 134 | 451 | 540 | 540 |   0 |  0 |   0 |  40 | 3.200000e+01 | 6.210000e+01 |  94.06%|   0.31%
  114s|337100 | 86139 |879848 |   2.6 |    92M | 134 | 451 | 540 | 540 |   0 |  0 |   0 |  40 | 3.200000e+01 | 6.210000e+01 |  94.06%|   0.31%
  114s|337200 | 86181 |880115 |   2.6 |    92M | 134 | 451 | 540 | 540 |   0 |  0 |   0 |  40 | 3.200000e+01 | 6.210000e+01 |  94.06%|   0.31%
  114s|337300 | 86221 |880408 |   2.6 |    92M | 134 | 451 | 540 | 540 |   0 |  0 |   0 |  40 | 3.200000e+01 | 6.210000e+01 |  94.06%|   0.31%
 time | node  | left  |LP iter|LP it/n|mem/heur|mdpt |vars |cons |rows |cuts |sepa|confs|strbr|  dualbound   | primalbound  |  gap   | compl. 
  114s|337400 | 86251 |880664 |   2.6 |    92M | 134 | 451 | 540 | 540 |   0 |  0 |   0 |  40 | 3.200000e+01 | 6.210000e+01 |  94.06%|   0.31%
  114s|337500 | 86275 |880911 |   2.6 |    92M | 134 | 451 | 540 | 540 |   0 |  0 |   0 |  40 | 3.200000e+01 | 6.210000e+01 |  94.06%|   0.31%
  114s|337600 | 86321 |881159 |   2.6 |    92M | 134 | 451 | 540 | 540 |   0 |  0 |   0 |  40 | 3.200000e+01 | 6.210000e+01 |  94.06%|   0.31%
  114s|337700 | 86355 |881404 |   2.6 |    92M | 134 | 451 | 540 | 540 |   0 |  0 |   0 |  40 | 3.200000e+01 | 6.210000e+01 |  94.06%|   0.31%
  114s|337800 | 86389 |881659 |   2.6 |    92M | 134 | 451 | 540 | 540 |   0 |  0 |   0 |  40 | 3.200000e+01 | 6.210000e+01 |  94.06%|   0.31%
  114s|337900 | 86429 |881910 |   2.6 |    92M | 134 | 451 | 540 | 540 |   0 |  0 |   0 |  40 | 3.200000e+01 | 6.210000e+01 |  94.06%|   0.31%
  114s|338000 | 86457 |882182 |   2.6 |    92M | 134 | 451 | 540 | 540 |   0 |  0 |   0 |  40 | 3.200000e+01 | 6.210000e+01 |  94.06%|   0.31%
  114s|338100 | 86483 |882388 |   2.6 |    92M | 134 | 451 | 540 | 540 |   0 |  0 |   0 |  40 | 3.200000e+01 | 6.210000e+01 |  94.06%|   0.31%
  114s|338200 | 86503 |882586 |   2.6 |    92M | 134 | 451 | 540 | 540 |   0 |  0 |   0 |  40 | 3.200000e+01 | 6.210000e+01 |  94.06%|   0.31%
  115s|338300 | 86535 |882809 |   2.6 |    92M | 134 | 451 | 540 | 540 |   0 |  0 |   0 |  40 | 3.200000e+01 | 6.210000e+01 |  94.06%|   0.31%
  115s|338400 | 86563 |883062 |   2.6 |    92M | 134 | 451 | 540 | 540 |   0 |  0 |   0 |  40 | 3.200000e+01 | 6.210000e+01 |  94.06%|   0.31%
  115s|338500 | 86591 |883276 |   2.6 |    92M | 134 | 451 | 540 | 540 |   0 |  0 |   0 |  40 | 3.200000e+01 | 6.210000e+01 |  94.06%|   0.31%
  115s|338600 | 86625 |883519 |   2.6 |    92M | 134 | 451 | 540 | 540 |   0 |  0 |   0 |  40 | 3.200000e+01 | 6.210000e+01 |  94.06%|   0.31%
  115s|338700 | 86653 |883760 |   2.6 |    92M | 134 | 451 | 540 | 540 |   0 |  0 |   0 |  40 | 3.200000e+01 | 6.210000e+01 |  94.06%|   0.31%
  115s|338800 | 86679 |884024 |   2.6 |    92M | 134 | 451 | 540 | 540 |   0 |  0 |   0 |  40 | 3.200000e+01 | 6.210000e+01 |  94.06%|   0.31%
 time | node  | left  |LP iter|LP it/n|mem/heur|mdpt |vars |cons |rows |cuts |sepa|confs|strbr|  dualbound   | primalbound  |  gap   | compl. 
  115s|338900 | 86703 |884302 |   2.6 |    92M | 134 | 451 | 540 | 540 |   0 |  0 |   0 |  40 | 3.200000e+01 | 6.210000e+01 |  94.06%|   0.31%
  115s|339000 | 86727 |884538 |   2.6 |    92M | 134 | 451 | 540 | 540 |   0 |  0 |   0 |  40 | 3.200000e+01 | 6.210000e+01 |  94.06%|   0.31%
  115s|339100 | 86761 |884772 |   2.6 |    92M | 134 | 451 | 540 | 540 |   0 |  0 |   0 |  40 | 3.200000e+01 | 6.210000e+01 |  94.06%|   0.31%
  115s|339200 | 86797 |885052 |   2.6 |    93M | 134 | 451 | 540 | 540 |   0 |  0 |   0 |  40 | 3.200000e+01 | 6.210000e+01 |  94.06%|   0.31%
  115s|339300 | 86819 |885309 |   2.6 |    93M | 134 | 451 | 540 | 540 |   0 |  0 |   0 |  40 | 3.200000e+01 | 6.210000e+01 |  94.06%|   0.31%
  115s|339400 | 86849 |885565 |   2.6 |    93M | 134 | 451 | 540 | 540 |   0 |  0 |   0 |  40 | 3.200000e+01 | 6.210000e+01 |  94.06%|   0.31%
  115s|339500 | 86875 |885824 |   2.6 |    93M | 134 | 451 | 540 | 540 |   0 |  0 |   0 |  40 | 3.200000e+01 | 6.210000e+01 |  94.06%|   0.31%
  115s|339600 | 86901 |886087 |   2.6 |    93M | 134 | 451 | 540 | 540 |   0 |  0 |   0 |  40 | 3.200000e+01 | 6.210000e+01 |  94.06%|   0.31%
  115s|339700 | 86931 |886367 |   2.6 |    93M | 134 | 451 | 540 | 540 |   0 |  0 |   0 |  40 | 3.200000e+01 | 6.210000e+01 |  94.06%|   0.31%
  115s|339800 | 86957 |886642 |   2.6 |    93M | 134 | 451 | 540 | 540 |   0 |  0 |   0 |  40 | 3.200000e+01 | 6.210000e+01 |  94.06%|   0.31%
  115s|339900 | 86989 |886924 |   2.6 |    93M | 134 | 451 | 540 | 540 |   0 |  0 |   0 |  40 | 3.200000e+01 | 6.210000e+01 |  94.06%|   0.31%
  115s|340000 | 87025 |887238 |   2.6 |    93M | 134 | 451 | 540 | 540 |   0 |  0 |   0 |  40 | 3.200000e+01 | 6.210000e+01 |  94.06%|   0.31%
  115s|340100 | 87063 |887548 |   2.6 |    93M | 134 | 451 | 540 | 540 |   0 |  0 |   0 |  40 | 3.200000e+01 | 6.210000e+01 |  94.06%|   0.31%
  115s|340200 | 87095 |887832 |   2.6 |    93M | 134 | 451 | 540 | 540 |   0 |  0 |   0 |  40 | 3.200000e+01 | 6.210000e+01 |  94.06%|   0.31%
  115s|340300 | 87137 |888082 |   2.6 |    93M | 134 | 451 | 540 | 540 |   0 |  0 |   0 |  40 | 3.200000e+01 | 6.210000e+01 |  94.06%|   0.31%
 time | node  | left  |LP iter|LP it/n|mem/heur|mdpt |vars |cons |rows |cuts |sepa|confs|strbr|  dualbound   | primalbound  |  gap   | compl. 
  115s|340400 | 87181 |888363 |   2.6 |    93M | 134 | 451 | 540 | 540 |   0 |  0 |   0 |  40 | 3.200000e+01 | 6.210000e+01 |  94.06%|   0.31%
  115s|340500 | 87223 |888622 |   2.6 |    93M | 134 | 451 | 540 | 540 |   0 |  0 |   0 |  40 | 3.200000e+01 | 6.210000e+01 |  94.06%|   0.31%
  115s|340600 | 87267 |888868 |   2.6 |    93M | 134 | 451 | 540 | 540 |   0 |  0 |   0 |  40 | 3.200000e+01 | 6.210000e+01 |  94.06%|   0.31%
  115s|340700 | 87301 |889156 |   2.6 |    93M | 134 | 451 | 540 | 540 |   0 |  0 |   0 |  40 | 3.200000e+01 | 6.210000e+01 |  94.06%|   0.31%
  115s|340800 | 87333 |889400 |   2.6 |    93M | 134 | 451 | 540 | 540 |   0 |  0 |   0 |  40 | 3.200000e+01 | 6.210000e+01 |  94.06%|   0.31%
  115s|340900 | 87373 |889635 |   2.6 |    93M | 134 | 451 | 540 | 540 |   0 |  0 |   0 |  40 | 3.200000e+01 | 6.210000e+01 |  94.06%|   0.31%
  115s|341000 | 87403 |889896 |   2.6 |    93M | 134 | 451 | 540 | 540 |   0 |  0 |   0 |  40 | 3.200000e+01 | 6.210000e+01 |  94.06%|   0.31%
  115s|341100 | 87429 |890163 |   2.6 |    93M | 134 | 451 | 540 | 540 |   0 |  0 |   0 |  40 | 3.200000e+01 | 6.210000e+01 |  94.06%|   0.31%
  116s|341200 | 87471 |890403 |   2.6 |    93M | 134 | 451 | 540 | 540 |   0 |  0 |   0 |  40 | 3.200000e+01 | 6.210000e+01 |  94.06%|   0.31%
  116s|341300 | 87513 |890648 |   2.6 |    93M | 134 | 451 | 540 | 540 |   0 |  0 |   0 |  40 | 3.200000e+01 | 6.210000e+01 |  94.06%|   0.31%
  116s|341400 | 87551 |890942 |   2.6 |    93M | 134 | 451 | 540 | 540 |   0 |  0 |   0 |  40 | 3.200000e+01 | 6.210000e+01 |  94.06%|   0.31%
  116s|341500 | 87593 |891222 |   2.6 |    93M | 134 | 451 | 540 | 540 |   0 |  0 |   0 |  40 | 3.200000e+01 | 6.210000e+01 |  94.06%|   0.31%
  116s|341600 | 87637 |891489 |   2.6 |    93M | 134 | 451 | 540 | 540 |   0 |  0 |   0 |  40 | 3.200000e+01 | 6.210000e+01 |  94.06%|   0.31%
  116s|341700 | 87679 |891752 |   2.6 |    93M | 134 | 451 | 540 | 540 |   0 |  0 |   0 |  40 | 3.200000e+01 | 6.210000e+01 |  94.06%|   0.31%
  116s|341800 | 87721 |892010 |   2.6 |    93M | 134 | 451 | 540 | 540 |   0 |  0 |   0 |  40 | 3.200000e+01 | 6.210000e+01 |  94.06%|   0.31%
 time | node  | left  |LP iter|LP it/n|mem/heur|mdpt |vars |cons |rows |cuts |sepa|confs|strbr|  dualbound   | primalbound  |  gap   | compl. 
  116s|341900 | 87761 |892281 |   2.6 |    93M | 134 | 451 | 540 | 540 |   0 |  0 |   0 |  40 | 3.200000e+01 | 6.210000e+01 |  94.06%|   0.31%
  116s|342000 | 87801 |892561 |   2.6 |    93M | 134 | 451 | 540 | 540 |   0 |  0 |   0 |  40 | 3.200000e+01 | 6.210000e+01 |  94.06%|   0.31%
  116s|342100 | 87837 |892833 |   2.6 |    93M | 134 | 451 | 540 | 540 |   0 |  0 |   0 |  40 | 3.200000e+01 | 6.210000e+01 |  94.06%|   0.31%
  116s|342200 | 87875 |893094 |   2.6 |    93M | 134 | 451 | 540 | 540 |   0 |  0 |   0 |  40 | 3.200000e+01 | 6.210000e+01 |  94.06%|   0.31%
  116s|342300 | 87911 |893366 |   2.6 |    93M | 134 | 451 | 540 | 540 |   0 |  0 |   0 |  40 | 3.200000e+01 | 6.210000e+01 |  94.06%|   0.31%
  116s|342400 | 87945 |893647 |   2.6 |    93M | 134 | 451 | 540 | 540 |   0 |  0 |   0 |  40 | 3.200000e+01 | 6.210000e+01 |  94.06%|   0.31%
  116s|342500 | 87979 |893915 |   2.6 |    93M | 134 | 451 | 540 | 540 |   0 |  0 |   0 |  40 | 3.200000e+01 | 6.210000e+01 |  94.06%|   0.31%
  116s|342600 | 88013 |894197 |   2.6 |    93M | 134 | 451 | 540 | 540 |   0 |  0 |   0 |  40 | 3.200000e+01 | 6.210000e+01 |  94.06%|   0.31%
  116s|342700 | 88033 |894425 |   2.6 |    93M | 134 | 451 | 540 | 540 |   0 |  0 |   0 |  40 | 3.200000e+01 | 6.210000e+01 |  94.06%|   0.31%
  116s|342800 | 88063 |894673 |   2.6 |    93M | 134 | 451 | 540 | 540 |   0 |  0 |   0 |  40 | 3.200000e+01 | 6.210000e+01 |  94.06%|   0.31%
  116s|342900 | 88087 |894917 |   2.6 |    93M | 134 | 451 | 540 | 540 |   0 |  0 |   0 |  40 | 3.200000e+01 | 6.210000e+01 |  94.06%|   0.31%
  116s|343000 | 88121 |895157 |   2.6 |    93M | 134 | 451 | 540 | 540 |   0 |  0 |   0 |  40 | 3.200000e+01 | 6.210000e+01 |  94.06%|   0.31%
  116s|343100 | 88147 |895374 |   2.6 |    93M | 134 | 451 | 540 | 540 |   0 |  0 |   0 |  40 | 3.200000e+01 | 6.210000e+01 |  94.06%|   0.31%
  116s|343200 | 88177 |895645 |   2.6 |    94M | 134 | 451 | 540 | 540 |   0 |  0 |   0 |  40 | 3.200000e+01 | 6.210000e+01 |  94.06%|   0.31%
  116s|343300 | 88205 |895910 |   2.6 |    94M | 134 | 451 | 540 | 540 |   0 |  0 |   0 |  40 | 3.200000e+01 | 6.210000e+01 |  94.06%|   0.31%
 time | node  | left  |LP iter|LP it/n|mem/heur|mdpt |vars |cons |rows |cuts |sepa|confs|strbr|  dualbound   | primalbound  |  gap   | compl. 
  116s|343400 | 88241 |896157 |   2.6 |    94M | 134 | 451 | 540 | 540 |   0 |  0 |   0 |  40 | 3.200000e+01 | 6.210000e+01 |  94.06%|   0.31%
  116s|343500 | 88265 |896389 |   2.6 |    94M | 134 | 451 | 540 | 540 |   0 |  0 |   0 |  40 | 3.200000e+01 | 6.210000e+01 |  94.06%|   0.31%
  116s|343600 | 88281 |896625 |   2.6 |    94M | 134 | 451 | 540 | 540 |   0 |  0 |   0 |  40 | 3.200000e+01 | 6.210000e+01 |  94.06%|   0.31%
  116s|343700 | 88309 |896846 |   2.6 |    94M | 134 | 451 | 540 | 540 |   0 |  0 |   0 |  40 | 3.200000e+01 | 6.210000e+01 |  94.06%|   0.31%
  116s|343800 | 88337 |897095 |   2.6 |    94M | 134 | 451 | 540 | 540 |   0 |  0 |   0 |  40 | 3.200000e+01 | 6.210000e+01 |  94.06%|   0.31%
  116s|343900 | 88375 |897328 |   2.6 |    94M | 134 | 451 | 540 | 540 |   0 |  0 |   0 |  40 | 3.200000e+01 | 6.210000e+01 |  94.06%|   0.31%
  116s|344000 | 88401 |897566 |   2.6 |    94M | 134 | 451 | 540 | 540 |   0 |  0 |   0 |  40 | 3.200000e+01 | 6.210000e+01 |  94.06%|   0.31%
  117s|344100 | 88431 |897810 |   2.6 |    94M | 134 | 451 | 540 | 540 |   0 |  0 |   0 |  40 | 3.200000e+01 | 6.210000e+01 |  94.06%|   0.31%
  117s|344200 | 88451 |898009 |   2.6 |    94M | 134 | 451 | 540 | 540 |   0 |  0 |   0 |  40 | 3.200000e+01 | 6.210000e+01 |  94.06%|   0.31%
  117s|344300 | 88485 |898270 |   2.6 |    94M | 134 | 451 | 540 | 540 |   0 |  0 |   0 |  40 | 3.200000e+01 | 6.210000e+01 |  94.06%|   0.31%
  117s|344400 | 88519 |898571 |   2.6 |    94M | 134 | 451 | 540 | 540 |   0 |  0 |   0 |  40 | 3.200000e+01 | 6.210000e+01 |  94.06%|   0.31%
  117s|344500 | 88545 |898828 |   2.6 |    94M | 134 | 451 | 540 | 540 |   0 |  0 |   0 |  40 | 3.200000e+01 | 6.210000e+01 |  94.06%|   0.31%
  117s|344600 | 88579 |899111 |   2.6 |    94M | 134 | 451 | 540 | 540 |   0 |  0 |   0 |  40 | 3.200000e+01 | 6.210000e+01 |  94.06%|   0.31%
  117s|344700 | 88607 |899381 |   2.6 |    94M | 134 | 451 | 540 | 540 |   0 |  0 |   0 |  40 | 3.200000e+01 | 6.210000e+01 |  94.06%|   0.31%
  117s|344800 | 88631 |899655 |   2.6 |    94M | 134 | 451 | 540 | 540 |   0 |  0 |   0 |  40 | 3.200000e+01 | 6.210000e+01 |  94.06%|   0.31%
 time | node  | left  |LP iter|LP it/n|mem/heur|mdpt |vars |cons |rows |cuts |sepa|confs|strbr|  dualbound   | primalbound  |  gap   | compl. 
  117s|344900 | 88663 |899929 |   2.6 |    94M | 134 | 451 | 540 | 540 |   0 |  0 |   0 |  40 | 3.200000e+01 | 6.210000e+01 |  94.06%|   0.31%
  117s|345000 | 88691 |900196 |   2.6 |    94M | 134 | 451 | 540 | 540 |   0 |  0 |   0 |  40 | 3.200000e+01 | 6.210000e+01 |  94.06%|   0.31%
  117s|345100 | 88719 |900474 |   2.6 |    94M | 134 | 451 | 540 | 540 |   0 |  0 |   0 |  40 | 3.200000e+01 | 6.210000e+01 |  94.06%|   0.31%
  117s|345200 | 88741 |900745 |   2.6 |    94M | 134 | 451 | 540 | 540 |   0 |  0 |   0 |  40 | 3.200000e+01 | 6.210000e+01 |  94.06%|   0.31%
  117s|345300 | 88769 |901008 |   2.6 |    94M | 134 | 451 | 540 | 540 |   0 |  0 |   0 |  40 | 3.200000e+01 | 6.210000e+01 |  94.06%|   0.31%
  117s|345400 | 88789 |901260 |   2.6 |    94M | 134 | 451 | 540 | 540 |   0 |  0 |   0 |  40 | 3.200000e+01 | 6.210000e+01 |  94.06%|   0.31%
  117s|345500 | 88807 |901528 |   2.6 |    94M | 134 | 451 | 540 | 540 |   0 |  0 |   0 |  40 | 3.200000e+01 | 6.210000e+01 |  94.06%|   0.31%
  117s|345600 | 88825 |901805 |   2.6 |    94M | 134 | 451 | 540 | 540 |   0 |  0 |   0 |  40 | 3.200000e+01 | 6.210000e+01 |  94.06%|   0.31%
  117s|345700 | 88855 |902038 |   2.6 |    94M | 134 | 451 | 540 | 540 |   0 |  0 |   0 |  40 | 3.200000e+01 | 6.210000e+01 |  94.06%|   0.31%
  117s|345800 | 88879 |902296 |   2.6 |    94M | 134 | 451 | 540 | 540 |   0 |  0 |   0 |  40 | 3.200000e+01 | 6.210000e+01 |  94.06%|   0.31%
  117s|345900 | 88907 |902565 |   2.6 |    94M | 134 | 451 | 540 | 540 |   0 |  0 |   0 |  40 | 3.200000e+01 | 6.210000e+01 |  94.06%|   0.31%
  117s|346000 | 88935 |902832 |   2.6 |    94M | 134 | 451 | 540 | 540 |   0 |  0 |   0 |  40 | 3.200000e+01 | 6.210000e+01 |  94.06%|   0.31%
  117s|346100 | 88955 |903052 |   2.6 |    94M | 134 | 451 | 540 | 540 |   0 |  0 |   0 |  40 | 3.200000e+01 | 6.210000e+01 |  94.06%|   0.31%
  117s|346200 | 88973 |903289 |   2.6 |    94M | 134 | 451 | 540 | 540 |   0 |  0 |   0 |  40 | 3.200000e+01 | 6.210000e+01 |  94.06%|   0.31%
  117s|346300 | 88993 |903528 |   2.6 |    94M | 134 | 451 | 540 | 540 |   0 |  0 |   0 |  40 | 3.200000e+01 | 6.210000e+01 |  94.06%|   0.31%
 time | node  | left  |LP iter|LP it/n|mem/heur|mdpt |vars |cons |rows |cuts |sepa|confs|strbr|  dualbound   | primalbound  |  gap   | compl. 
  117s|346400 | 89019 |903778 |   2.6 |    94M | 134 | 451 | 540 | 540 |   0 |  0 |   0 |  40 | 3.200000e+01 | 6.210000e+01 |  94.06%|   0.31%
  117s|346500 | 89049 |904045 |   2.6 |    94M | 134 | 451 | 540 | 540 |   0 |  0 |   0 |  40 | 3.200000e+01 | 6.210000e+01 |  94.06%|   0.31%
  117s|346600 | 89081 |904248 |   2.6 |    94M | 134 | 451 | 540 | 540 |   0 |  0 |   0 |  40 | 3.200000e+01 | 6.210000e+01 |  94.06%|   0.31%
  117s|346700 | 89105 |904498 |   2.6 |    94M | 134 | 451 | 540 | 540 |   0 |  0 |   0 |  40 | 3.200000e+01 | 6.210000e+01 |  94.06%|   0.31%
  117s|346800 | 89137 |904803 |   2.6 |    94M | 134 | 451 | 540 | 540 |   0 |  0 |   0 |  40 | 3.200000e+01 | 6.210000e+01 |  94.06%|   0.31%
  117s|346900 | 89163 |905064 |   2.6 |    94M | 134 | 451 | 540 | 540 |   0 |  0 |   0 |  40 | 3.200000e+01 | 6.210000e+01 |  94.06%|   0.31%
  118s|347000 | 89193 |905356 |   2.6 |    94M | 134 | 451 | 540 | 540 |   0 |  0 |   0 |  40 | 3.200000e+01 | 6.210000e+01 |  94.06%|   0.31%
  118s|347100 | 89225 |905656 |   2.6 |    94M | 134 | 451 | 540 | 540 |   0 |  0 |   0 |  40 | 3.200000e+01 | 6.210000e+01 |  94.06%|   0.31%
  118s|347200 | 89259 |905954 |   2.6 |    94M | 134 | 451 | 540 | 540 |   0 |  0 |   0 |  40 | 3.200000e+01 | 6.210000e+01 |  94.06%|   0.31%
  118s|347300 | 89289 |906249 |   2.6 |    94M | 134 | 451 | 540 | 540 |   0 |  0 |   0 |  40 | 3.200000e+01 | 6.210000e+01 |  94.06%|   0.31%
  118s|347400 | 89319 |906521 |   2.6 |    94M | 134 | 451 | 540 | 540 |   0 |  0 |   0 |  40 | 3.200000e+01 | 6.210000e+01 |  94.06%|   0.31%
  118s|347500 | 89343 |906800 |   2.6 |    94M | 134 | 451 | 540 | 540 |   0 |  0 |   0 |  40 | 3.200000e+01 | 6.210000e+01 |  94.06%|   0.31%
  118s|347600 | 89367 |907094 |   2.6 |    94M | 134 | 451 | 540 | 540 |   0 |  0 |   0 |  40 | 3.200000e+01 | 6.210000e+01 |  94.06%|   0.31%
  118s|347700 | 89391 |907330 |   2.6 |    94M | 134 | 451 | 540 | 540 |   0 |  0 |   0 |  40 | 3.200000e+01 | 6.210000e+01 |  94.06%|   0.31%
  118s|347800 | 89421 |907555 |   2.6 |    95M | 134 | 451 | 540 | 540 |   0 |  0 |   0 |  40 | 3.200000e+01 | 6.210000e+01 |  94.06%|   0.31%
 time | node  | left  |LP iter|LP it/n|mem/heur|mdpt |vars |cons |rows |cuts |sepa|confs|strbr|  dualbound   | primalbound  |  gap   | compl. 
  118s|347900 | 89443 |907769 |   2.6 |    95M | 134 | 451 | 540 | 540 |   0 |  0 |   0 |  40 | 3.200000e+01 | 6.210000e+01 |  94.06%|   0.31%
  118s|348000 | 89475 |907995 |   2.6 |    95M | 134 | 451 | 540 | 540 |   0 |  0 |   0 |  40 | 3.200000e+01 | 6.210000e+01 |  94.06%|   0.31%
  118s|348100 | 89503 |908261 |   2.6 |    95M | 134 | 451 | 540 | 540 |   0 |  0 |   0 |  40 | 3.200000e+01 | 6.210000e+01 |  94.06%|   0.31%
  118s|348200 | 89527 |908594 |   2.6 |    95M | 134 | 451 | 540 | 540 |   0 |  0 |   0 |  40 | 3.200000e+01 | 6.210000e+01 |  94.06%|   0.31%
  118s|348300 | 89551 |908855 |   2.6 |    95M | 134 | 451 | 540 | 540 |   0 |  0 |   0 |  40 | 3.200000e+01 | 6.210000e+01 |  94.06%|   0.31%
  118s|348400 | 89577 |909095 |   2.6 |    95M | 134 | 451 | 540 | 540 |   0 |  0 |   0 |  40 | 3.200000e+01 | 6.210000e+01 |  94.06%|   0.31%
  118s|348500 | 89613 |909333 |   2.6 |    95M | 134 | 451 | 540 | 540 |   0 |  0 |   0 |  40 | 3.200000e+01 | 6.210000e+01 |  94.06%|   0.31%
  118s|348600 | 89649 |909586 |   2.6 |    95M | 134 | 451 | 540 | 540 |   0 |  0 |   0 |  40 | 3.200000e+01 | 6.210000e+01 |  94.06%|   0.31%
  118s|348700 | 89677 |909829 |   2.6 |    95M | 134 | 451 | 540 | 540 |   0 |  0 |   0 |  40 | 3.200000e+01 | 6.210000e+01 |  94.06%|   0.31%
  118s|348800 | 89705 |910052 |   2.6 |    95M | 134 | 451 | 540 | 540 |   0 |  0 |   0 |  40 | 3.200000e+01 | 6.210000e+01 |  94.06%|   0.31%
  118s|348900 | 89733 |910267 |   2.6 |    95M | 134 | 451 | 540 | 540 |   0 |  0 |   0 |  40 | 3.200000e+01 | 6.210000e+01 |  94.06%|   0.31%
  118s|349000 | 89767 |910548 |   2.6 |    95M | 134 | 451 | 540 | 540 |   0 |  0 |   0 |  40 | 3.200000e+01 | 6.210000e+01 |  94.06%|   0.31%
  118s|349100 | 89803 |910805 |   2.6 |    95M | 134 | 451 | 540 | 540 |   0 |  0 |   0 |  40 | 3.200000e+01 | 6.210000e+01 |  94.06%|   0.31%
  118s|349200 | 89835 |911030 |   2.6 |    95M | 134 | 451 | 540 | 540 |   0 |  0 |   0 |  40 | 3.200000e+01 | 6.210000e+01 |  94.06%|   0.31%
  118s|349300 | 89867 |911267 |   2.6 |    95M | 134 | 451 | 540 | 540 |   0 |  0 |   0 |  40 | 3.200000e+01 | 6.210000e+01 |  94.06%|   0.31%
 time | node  | left  |LP iter|LP it/n|mem/heur|mdpt |vars |cons |rows |cuts |sepa|confs|strbr|  dualbound   | primalbound  |  gap   | compl. 
  118s|349400 | 89897 |911552 |   2.6 |    96M | 134 | 451 | 540 | 540 |   0 |  0 |   0 |  40 | 3.200000e+01 | 6.210000e+01 |  94.06%|   0.31%
  118s|349500 | 89931 |911796 |   2.6 |    96M | 134 | 451 | 540 | 540 |   0 |  0 |   0 |  40 | 3.200000e+01 | 6.210000e+01 |  94.06%|   0.31%
  118s|349600 | 89967 |912032 |   2.6 |    96M | 134 | 451 | 540 | 540 |   0 |  0 |   0 |  40 | 3.200000e+01 | 6.210000e+01 |  94.06%|   0.31%
  118s|349700 | 89987 |912230 |   2.6 |    96M | 134 | 451 | 540 | 540 |   0 |  0 |   0 |  40 | 3.200000e+01 | 6.210000e+01 |  94.06%|   0.31%
  118s|349800 | 90009 |912429 |   2.6 |    96M | 134 | 451 | 540 | 540 |   0 |  0 |   0 |  40 | 3.200000e+01 | 6.210000e+01 |  94.06%|   0.31%
  118s|349900 | 90029 |912610 |   2.6 |    96M | 134 | 451 | 540 | 540 |   0 |  0 |   0 |  40 | 3.200000e+01 | 6.210000e+01 |  94.06%|   0.31%
  119s|350000 | 90053 |912866 |   2.6 |    96M | 134 | 451 | 540 | 540 |   0 |  0 |   0 |  40 | 3.200000e+01 | 6.210000e+01 |  94.06%|   0.31%
  119s|350100 | 90085 |913062 |   2.6 |    96M | 134 | 451 | 540 | 540 |   0 |  0 |   0 |  40 | 3.200000e+01 | 6.210000e+01 |  94.06%|   0.31%
  119s|350200 | 90109 |913294 |   2.6 |    96M | 134 | 451 | 540 | 540 |   0 |  0 |   0 |  40 | 3.200000e+01 | 6.210000e+01 |  94.06%|   0.31%
  119s|350300 | 90135 |913549 |   2.6 |    96M | 134 | 451 | 540 | 540 |   0 |  0 |   0 |  40 | 3.200000e+01 | 6.210000e+01 |  94.06%|   0.31%
  119s|350400 | 90163 |913728 |   2.6 |    96M | 134 | 451 | 540 | 540 |   0 |  0 |   0 |  40 | 3.200000e+01 | 6.210000e+01 |  94.06%|   0.31%
  119s|350500 | 90193 |913927 |   2.6 |    96M | 134 | 451 | 540 | 540 |   0 |  0 |   0 |  40 | 3.200000e+01 | 6.210000e+01 |  94.06%|   0.31%
  119s|350600 | 90223 |914122 |   2.6 |    96M | 134 | 451 | 540 | 540 |   0 |  0 |   0 |  40 | 3.200000e+01 | 6.210000e+01 |  94.06%|   0.31%
  119s|350700 | 90255 |914342 |   2.6 |    96M | 134 | 451 | 540 | 540 |   0 |  0 |   0 |  40 | 3.200000e+01 | 6.210000e+01 |  94.06%|   0.31%
  119s|350800 | 90281 |914543 |   2.6 |    96M | 134 | 451 | 540 | 540 |   0 |  0 |   0 |  40 | 3.200000e+01 | 6.210000e+01 |  94.06%|   0.31%
 time | node  | left  |LP iter|LP it/n|mem/heur|mdpt |vars |cons |rows |cuts |sepa|confs|strbr|  dualbound   | primalbound  |  gap   | compl. 
  119s|350900 | 90313 |914738 |   2.6 |    96M | 134 | 451 | 540 | 540 |   0 |  0 |   0 |  40 | 3.200000e+01 | 6.210000e+01 |  94.06%|   0.31%
  119s|351000 | 90339 |914990 |   2.6 |    96M | 134 | 451 | 540 | 540 |   0 |  0 |   0 |  40 | 3.200000e+01 | 6.210000e+01 |  94.06%|   0.31%
  119s|351100 | 90369 |915250 |   2.6 |    96M | 134 | 451 | 540 | 540 |   0 |  0 |   0 |  40 | 3.200000e+01 | 6.210000e+01 |  94.06%|   0.31%
  119s|351200 | 90407 |915492 |   2.6 |    96M | 134 | 451 | 540 | 540 |   0 |  0 |   0 |  40 | 3.200000e+01 | 6.210000e+01 |  94.06%|   0.31%
  119s|351300 | 90429 |915707 |   2.6 |    96M | 134 | 451 | 540 | 540 |   0 |  0 |   0 |  40 | 3.200000e+01 | 6.210000e+01 |  94.06%|   0.31%
  119s|351400 | 90451 |915898 |   2.6 |    96M | 134 | 451 | 540 | 540 |   0 |  0 |   0 |  40 | 3.200000e+01 | 6.210000e+01 |  94.06%|   0.31%
  119s|351500 | 90481 |916128 |   2.6 |    96M | 134 | 451 | 540 | 540 |   0 |  0 |   0 |  40 | 3.200000e+01 | 6.210000e+01 |  94.06%|   0.31%
  119s|351600 | 90509 |916328 |   2.6 |    96M | 134 | 451 | 540 | 540 |   0 |  0 |   0 |  40 | 3.200000e+01 | 6.210000e+01 |  94.06%|   0.31%
  119s|351700 | 90535 |916540 |   2.6 |    96M | 134 | 451 | 540 | 540 |   0 |  0 |   0 |  40 | 3.200000e+01 | 6.210000e+01 |  94.06%|   0.31%
  119s|351800 | 90565 |916768 |   2.6 |    96M | 134 | 451 | 540 | 540 |   0 |  0 |   0 |  40 | 3.200000e+01 | 6.210000e+01 |  94.06%|   0.31%
  119s|351900 | 90597 |917016 |   2.6 |    96M | 134 | 451 | 540 | 540 |   0 |  0 |   0 |  40 | 3.200000e+01 | 6.210000e+01 |  94.06%|   0.31%
  119s|352000 | 90617 |917251 |   2.6 |    96M | 134 | 451 | 540 | 540 |   0 |  0 |   0 |  40 | 3.200000e+01 | 6.210000e+01 |  94.06%|   0.31%
  119s|352100 | 90639 |917464 |   2.6 |    96M | 134 | 451 | 540 | 540 |   0 |  0 |   0 |  40 | 3.200000e+01 | 6.210000e+01 |  94.06%|   0.31%
  119s|352200 | 90669 |917706 |   2.6 |    96M | 134 | 451 | 540 | 540 |   0 |  0 |   0 |  40 | 3.200000e+01 | 6.210000e+01 |  94.06%|   0.31%
  119s|352300 | 90715 |917932 |   2.6 |    97M | 134 | 451 | 540 | 540 |   0 |  0 |   0 |  40 | 3.200000e+01 | 6.210000e+01 |  94.06%|   0.31%
 time | node  | left  |LP iter|LP it/n|mem/heur|mdpt |vars |cons |rows |cuts |sepa|confs|strbr|  dualbound   | primalbound  |  gap   | compl. 
  119s|352400 | 90759 |918183 |   2.6 |    97M | 134 | 451 | 540 | 540 |   0 |  0 |   0 |  40 | 3.200000e+01 | 6.210000e+01 |  94.06%|   0.31%
  119s|352500 | 90799 |918419 |   2.6 |    97M | 134 | 451 | 540 | 540 |   0 |  0 |   0 |  40 | 3.200000e+01 | 6.210000e+01 |  94.06%|   0.31%
  119s|352600 | 90833 |918690 |   2.6 |    97M | 134 | 451 | 540 | 540 |   0 |  0 |   0 |  40 | 3.200000e+01 | 6.210000e+01 |  94.06%|   0.31%
  119s|352700 | 90875 |918969 |   2.6 |    97M | 134 | 451 | 540 | 540 |   0 |  0 |   0 |  40 | 3.200000e+01 | 6.210000e+01 |  94.06%|   0.31%
  119s|352800 | 90915 |919222 |   2.6 |    97M | 134 | 451 | 540 | 540 |   0 |  0 |   0 |  40 | 3.200000e+01 | 6.210000e+01 |  94.06%|   0.31%
  120s|352900 | 90955 |919463 |   2.6 |    97M | 134 | 451 | 540 | 540 |   0 |  0 |   0 |  40 | 3.200000e+01 | 6.210000e+01 |  94.06%|   0.31%
  120s|353000 | 90999 |919683 |   2.6 |    97M | 134 | 451 | 540 | 540 |   0 |  0 |   0 |  40 | 3.200000e+01 | 6.210000e+01 |  94.06%|   0.31%
  120s|353100 | 91037 |919921 |   2.6 |    97M | 134 | 451 | 540 | 540 |   0 |  0 |   0 |  40 | 3.200000e+01 | 6.210000e+01 |  94.06%|   0.31%
  120s|353200 | 91067 |920144 |   2.6 |    97M | 134 | 451 | 540 | 540 |   0 |  0 |   0 |  40 | 3.200000e+01 | 6.210000e+01 |  94.06%|   0.31%
  120s|353300 | 91095 |920413 |   2.6 |    97M | 134 | 451 | 540 | 540 |   0 |  0 |   0 |  40 | 3.200000e+01 | 6.210000e+01 |  94.06%|   0.31%
  120s|353400 | 91127 |920677 |   2.6 |    97M | 134 | 451 | 540 | 540 |   0 |  0 |   0 |  40 | 3.200000e+01 | 6.210000e+01 |  94.06%|   0.31%
  120s|353500 | 91155 |920876 |   2.6 |    97M | 134 | 451 | 540 | 540 |   0 |  0 |   0 |  40 | 3.200000e+01 | 6.210000e+01 |  94.06%|   0.31%
  120s|353600 | 91175 |921085 |   2.6 |    97M | 134 | 451 | 540 | 540 |   0 |  0 |   0 |  40 | 3.200000e+01 | 6.210000e+01 |  94.06%|   0.31%
  120s|353700 | 91201 |921325 |   2.6 |    97M | 134 | 451 | 540 | 540 |   0 |  0 |   0 |  40 | 3.200000e+01 | 6.210000e+01 |  94.06%|   0.31%
  120s|353800 | 91223 |921559 |   2.6 |    97M | 134 | 451 | 540 | 540 |   0 |  0 |   0 |  40 | 3.200000e+01 | 6.210000e+01 |  94.06%|   0.31%
 time | node  | left  |LP iter|LP it/n|mem/heur|mdpt |vars |cons |rows |cuts |sepa|confs|strbr|  dualbound   | primalbound  |  gap   | compl. 
  120s|353900 | 91253 |921767 |   2.6 |    97M | 134 | 451 | 540 | 540 |   0 |  0 |   0 |  40 | 3.200000e+01 | 6.210000e+01 |  94.06%|   0.31%
  120s|354000 | 91285 |921986 |   2.6 |    97M | 134 | 451 | 540 | 540 |   0 |  0 |   0 |  40 | 3.200000e+01 | 6.210000e+01 |  94.06%|   0.31%
  120s|354100 | 91319 |922222 |   2.6 |    97M | 134 | 451 | 540 | 540 |   0 |  0 |   0 |  40 | 3.200000e+01 | 6.210000e+01 |  94.06%|   0.31%
  120s|354200 | 91343 |922434 |   2.6 |    97M | 134 | 451 | 540 | 540 |   0 |  0 |   0 |  40 | 3.200000e+01 | 6.210000e+01 |  94.06%|   0.31%
  120s|354300 | 91373 |922664 |   2.6 |    97M | 134 | 451 | 540 | 540 |   0 |  0 |   0 |  40 | 3.200000e+01 | 6.210000e+01 |  94.06%|   0.31%
  120s|354400 | 91403 |922897 |   2.6 |    97M | 134 | 451 | 540 | 540 |   0 |  0 |   0 |  40 | 3.200000e+01 | 6.210000e+01 |  94.06%|   0.31%
  120s|354500 | 91433 |923121 |   2.6 |    97M | 134 | 451 | 540 | 540 |   0 |  0 |   0 |  40 | 3.200000e+01 | 6.210000e+01 |  94.06%|   0.31%
  120s|354600 | 91461 |923355 |   2.6 |    97M | 134 | 451 | 540 | 540 |   0 |  0 |   0 |  40 | 3.200000e+01 | 6.210000e+01 |  94.06%|   0.31%
  120s|354700 | 91491 |923596 |   2.6 |    97M | 134 | 451 | 540 | 540 |   0 |  0 |   0 |  40 | 3.200000e+01 | 6.210000e+01 |  94.06%|   0.31%
  120s|354800 | 91517 |923845 |   2.6 |    97M | 134 | 451 | 540 | 540 |   0 |  0 |   0 |  40 | 3.200000e+01 | 6.210000e+01 |  94.06%|   0.31%
  120s|354900 | 91545 |924068 |   2.6 |    97M | 134 | 451 | 540 | 540 |   0 |  0 |   0 |  40 | 3.200000e+01 | 6.210000e+01 |  94.06%|   0.31%
  120s|355000 | 91571 |924308 |   2.6 |    97M | 134 | 451 | 540 | 540 |   0 |  0 |   0 |  40 | 3.200000e+01 | 6.210000e+01 |  94.06%|   0.31%
  120s|355100 | 91595 |924570 |   2.6 |    97M | 134 | 451 | 540 | 540 |   0 |  0 |   0 |  40 | 3.200000e+01 | 6.210000e+01 |  94.06%|   0.31%
  120s|355200 | 91625 |924812 |   2.6 |    97M | 134 | 451 | 540 | 540 |   0 |  0 |   0 |  40 | 3.200000e+01 | 6.210000e+01 |  94.06%|   0.31%
  120s|355300 | 91651 |925066 |   2.6 |    97M | 134 | 451 | 540 | 540 |   0 |  0 |   0 |  40 | 3.200000e+01 | 6.210000e+01 |  94.06%|   0.31%
 time | node  | left  |LP iter|LP it/n|mem/heur|mdpt |vars |cons |rows |cuts |sepa|confs|strbr|  dualbound   | primalbound  |  gap   | compl. 
  120s|355400 | 91673 |925338 |   2.6 |    97M | 134 | 451 | 540 | 540 |   0 |  0 |   0 |  40 | 3.200000e+01 | 6.210000e+01 |  94.06%|   0.31%
  120s|355500 | 91703 |925566 |   2.6 |    97M | 134 | 451 | 540 | 540 |   0 |  0 |   0 |  40 | 3.200000e+01 | 6.210000e+01 |  94.06%|   0.31%
  120s|355600 | 91733 |925795 |   2.6 |    97M | 134 | 451 | 540 | 540 |   0 |  0 |   0 |  40 | 3.200000e+01 | 6.210000e+01 |  94.06%|   0.31%
  120s|355700 | 91757 |926029 |   2.6 |    97M | 134 | 451 | 540 | 540 |   0 |  0 |   0 |  40 | 3.200000e+01 | 6.210000e+01 |  94.06%|   0.31%
  120s|355800 | 91795 |926307 |   2.6 |    97M | 134 | 451 | 540 | 540 |   0 |  0 |   0 |  40 | 3.200000e+01 | 6.210000e+01 |  94.06%|   0.31%
  121s|355900 | 91823 |926609 |   2.6 |    97M | 134 | 451 | 540 | 540 |   0 |  0 |   0 |  40 | 3.200000e+01 | 6.210000e+01 |  94.06%|   0.31%
  121s|356000 | 91849 |926838 |   2.6 |    97M | 134 | 451 | 540 | 540 |   0 |  0 |   0 |  40 | 3.200000e+01 | 6.210000e+01 |  94.06%|   0.31%
  121s|356100 | 91873 |927050 |   2.6 |    97M | 134 | 451 | 540 | 540 |   0 |  0 |   0 |  40 | 3.200000e+01 | 6.210000e+01 |  94.06%|   0.31%
  121s|356200 | 91901 |927265 |   2.6 |    97M | 134 | 451 | 540 | 540 |   0 |  0 |   0 |  40 | 3.200000e+01 | 6.210000e+01 |  94.06%|   0.31%
  121s|356300 | 91919 |927483 |   2.6 |    97M | 134 | 451 | 540 | 540 |   0 |  0 |   0 |  40 | 3.200000e+01 | 6.210000e+01 |  94.06%|   0.31%
  121s|356400 | 91947 |927709 |   2.6 |    97M | 134 | 451 | 540 | 540 |   0 |  0 |   0 |  40 | 3.200000e+01 | 6.210000e+01 |  94.06%|   0.31%
  121s|356500 | 91965 |927932 |   2.6 |    97M | 134 | 451 | 540 | 540 |   0 |  0 |   0 |  40 | 3.200000e+01 | 6.210000e+01 |  94.06%|   0.31%
  121s|356600 | 91995 |928133 |   2.6 |    98M | 134 | 451 | 540 | 540 |   0 |  0 |   0 |  40 | 3.200000e+01 | 6.210000e+01 |  94.06%|   0.31%
  121s|356700 | 92013 |928366 |   2.6 |    98M | 134 | 451 | 540 | 540 |   0 |  0 |   0 |  40 | 3.200000e+01 | 6.210000e+01 |  94.06%|   0.31%
  121s|356800 | 92039 |928584 |   2.6 |    98M | 134 | 451 | 540 | 540 |   0 |  0 |   0 |  40 | 3.200000e+01 | 6.210000e+01 |  94.06%|   0.31%
 time | node  | left  |LP iter|LP it/n|mem/heur|mdpt |vars |cons |rows |cuts |sepa|confs|strbr|  dualbound   | primalbound  |  gap   | compl. 
  121s|356900 | 92063 |928819 |   2.6 |    98M | 134 | 451 | 540 | 540 |   0 |  0 |   0 |  40 | 3.200000e+01 | 6.210000e+01 |  94.06%|   0.31%
  121s|357000 | 92095 |929043 |   2.6 |    98M | 134 | 451 | 540 | 540 |   0 |  0 |   0 |  40 | 3.200000e+01 | 6.210000e+01 |  94.06%|   0.31%
  121s|357100 | 92127 |929275 |   2.6 |    98M | 134 | 451 | 540 | 540 |   0 |  0 |   0 |  40 | 3.200000e+01 | 6.210000e+01 |  94.06%|   0.31%
  121s|357200 | 92159 |929517 |   2.6 |    98M | 134 | 451 | 540 | 540 |   0 |  0 |   0 |  40 | 3.200000e+01 | 6.210000e+01 |  94.06%|   0.31%
  121s|357300 | 92191 |929734 |   2.6 |    98M | 134 | 451 | 540 | 540 |   0 |  0 |   0 |  40 | 3.200000e+01 | 6.210000e+01 |  94.06%|   0.31%
  121s|357400 | 92219 |929958 |   2.6 |    98M | 134 | 451 | 540 | 540 |   0 |  0 |   0 |  40 | 3.200000e+01 | 6.210000e+01 |  94.06%|   0.31%
  121s|357500 | 92245 |930176 |   2.6 |    98M | 134 | 451 | 540 | 540 |   0 |  0 |   0 |  40 | 3.200000e+01 | 6.210000e+01 |  94.06%|   0.31%
  121s|357600 | 92265 |930394 |   2.6 |    98M | 134 | 451 | 540 | 540 |   0 |  0 |   0 |  40 | 3.200000e+01 | 6.210000e+01 |  94.06%|   0.31%
  121s|357700 | 92297 |930628 |   2.6 |    98M | 134 | 451 | 540 | 540 |   0 |  0 |   0 |  40 | 3.200000e+01 | 6.210000e+01 |  94.06%|   0.31%
  121s|357800 | 92327 |930830 |   2.6 |    98M | 134 | 451 | 540 | 540 |   0 |  0 |   0 |  40 | 3.200000e+01 | 6.210000e+01 |  94.06%|   0.31%
  121s|357900 | 92347 |931066 |   2.6 |    98M | 134 | 451 | 540 | 540 |   0 |  0 |   0 |  40 | 3.200000e+01 | 6.210000e+01 |  94.06%|   0.31%
  121s|358000 | 92377 |931307 |   2.6 |    98M | 134 | 451 | 540 | 540 |   0 |  0 |   0 |  40 | 3.200000e+01 | 6.210000e+01 |  94.06%|   0.31%
  121s|358100 | 92395 |931564 |   2.6 |    98M | 134 | 451 | 540 | 540 |   0 |  0 |   0 |  40 | 3.200000e+01 | 6.210000e+01 |  94.06%|   0.31%
  121s|358200 | 92415 |931785 |   2.6 |    98M | 134 | 451 | 540 | 540 |   0 |  0 |   0 |  40 | 3.200000e+01 | 6.210000e+01 |  94.06%|   0.31%
  121s|358300 | 92443 |931994 |   2.6 |    98M | 134 | 451 | 540 | 540 |   0 |  0 |   0 |  40 | 3.200000e+01 | 6.210000e+01 |  94.06%|   0.31%
 time | node  | left  |LP iter|LP it/n|mem/heur|mdpt |vars |cons |rows |cuts |sepa|confs|strbr|  dualbound   | primalbound  |  gap   | compl. 
  121s|358400 | 92471 |932234 |   2.6 |    98M | 134 | 451 | 540 | 540 |   0 |  0 |   0 |  40 | 3.200000e+01 | 6.210000e+01 |  94.06%|   0.31%
  121s|358500 | 92495 |932428 |   2.6 |    98M | 134 | 451 | 540 | 540 |   0 |  0 |   0 |  40 | 3.200000e+01 | 6.210000e+01 |  94.06%|   0.31%
  121s|358600 | 92519 |932646 |   2.6 |    98M | 134 | 451 | 540 | 540 |   0 |  0 |   0 |  40 | 3.200000e+01 | 6.210000e+01 |  94.06%|   0.31%
  121s|358700 | 92545 |932855 |   2.6 |    98M | 134 | 451 | 540 | 540 |   0 |  0 |   0 |  40 | 3.200000e+01 | 6.210000e+01 |  94.06%|   0.31%
  121s|358800 | 92573 |933110 |   2.6 |    98M | 134 | 451 | 540 | 540 |   0 |  0 |   0 |  40 | 3.200000e+01 | 6.210000e+01 |  94.06%|   0.31%
  122s|358900 | 92589 |933362 |   2.6 |    98M | 134 | 451 | 540 | 540 |   0 |  0 |   0 |  40 | 3.200000e+01 | 6.210000e+01 |  94.06%|   0.31%
  122s|359000 | 92613 |933580 |   2.6 |    98M | 134 | 451 | 540 | 540 |   0 |  0 |   0 |  40 | 3.200000e+01 | 6.210000e+01 |  94.06%|   0.31%
  122s|359100 | 92629 |933826 |   2.6 |    98M | 134 | 451 | 540 | 540 |   0 |  0 |   0 |  40 | 3.200000e+01 | 6.210000e+01 |  94.06%|   0.31%
  122s|359200 | 92655 |934071 |   2.6 |    98M | 134 | 451 | 540 | 540 |   0 |  0 |   0 |  40 | 3.200000e+01 | 6.210000e+01 |  94.06%|   0.31%
  122s|359300 | 92685 |934322 |   2.6 |    98M | 134 | 451 | 540 | 540 |   0 |  0 |   0 |  40 | 3.200000e+01 | 6.210000e+01 |  94.06%|   0.31%
  122s|359400 | 92705 |934513 |   2.6 |    98M | 134 | 451 | 540 | 540 |   0 |  0 |   0 |  40 | 3.200000e+01 | 6.210000e+01 |  94.06%|   0.31%
  122s|359500 | 92731 |934726 |   2.6 |    98M | 134 | 451 | 540 | 540 |   0 |  0 |   0 |  40 | 3.200000e+01 | 6.210000e+01 |  94.06%|   0.31%
  122s|359600 | 92757 |934967 |   2.6 |    98M | 134 | 451 | 540 | 540 |   0 |  0 |   0 |  40 | 3.200000e+01 | 6.210000e+01 |  94.06%|   0.31%
  122s|359700 | 92777 |935199 |   2.6 |    98M | 134 | 451 | 540 | 540 |   0 |  0 |   0 |  40 | 3.200000e+01 | 6.210000e+01 |  94.06%|   0.31%
  122s|359800 | 92799 |935497 |   2.6 |    98M | 134 | 451 | 540 | 540 |   0 |  0 |   0 |  40 | 3.200000e+01 | 6.210000e+01 |  94.06%|   0.31%
 time | node  | left  |LP iter|LP it/n|mem/heur|mdpt |vars |cons |rows |cuts |sepa|confs|strbr|  dualbound   | primalbound  |  gap   | compl. 
  122s|359900 | 92821 |935719 |   2.6 |    98M | 134 | 451 | 540 | 540 |   0 |  0 |   0 |  40 | 3.200000e+01 | 6.210000e+01 |  94.06%|   0.31%
  122s|360000 | 92847 |935947 |   2.6 |    98M | 134 | 451 | 540 | 540 |   0 |  0 |   0 |  40 | 3.200000e+01 | 6.210000e+01 |  94.06%|   0.31%
  122s|360100 | 92893 |936252 |   2.6 |    98M | 134 | 451 | 540 | 540 |   0 |  0 |   0 |  40 | 3.200000e+01 | 6.210000e+01 |  94.06%|   0.31%
  122s|360200 | 92931 |936514 |   2.6 |    98M | 134 | 451 | 540 | 540 |   0 |  0 |   0 |  40 | 3.200000e+01 | 6.210000e+01 |  94.06%|   0.31%
  122s|360300 | 92967 |936758 |   2.6 |    98M | 134 | 451 | 540 | 540 |   0 |  0 |   0 |  40 | 3.200000e+01 | 6.210000e+01 |  94.06%|   0.31%
  122s|360400 | 93021 |936999 |   2.6 |    98M | 134 | 451 | 540 | 540 |   0 |  0 |   0 |  40 | 3.200000e+01 | 6.210000e+01 |  94.06%|   0.31%
  122s|360500 | 93075 |937248 |   2.6 |    98M | 134 | 451 | 540 | 540 |   0 |  0 |   0 |  40 | 3.200000e+01 | 6.210000e+01 |  94.06%|   0.31%
  122s|360600 | 93131 |937487 |   2.6 |    98M | 134 | 451 | 540 | 540 |   0 |  0 |   0 |  40 | 3.200000e+01 | 6.210000e+01 |  94.06%|   0.31%
  122s|360700 | 93173 |937725 |   2.6 |    98M | 134 | 451 | 540 | 540 |   0 |  0 |   0 |  40 | 3.200000e+01 | 6.210000e+01 |  94.06%|   0.31%
  122s|360800 | 93245 |937982 |   2.6 |    98M | 134 | 451 | 540 | 540 |   0 |  0 |   0 |  40 | 3.200000e+01 | 6.210000e+01 |  94.06%|   0.31%
  122s|360900 | 93309 |938235 |   2.6 |    98M | 134 | 451 | 540 | 540 |   0 |  0 |   0 |  40 | 3.200000e+01 | 6.210000e+01 |  94.06%|   0.31%
  122s|361000 | 93327 |938448 |   2.6 |    98M | 134 | 451 | 540 | 540 |   0 |  0 |   0 |  40 | 3.200000e+01 | 6.210000e+01 |  94.06%|   0.31%
  122s|361100 | 93349 |938691 |   2.6 |    98M | 134 | 451 | 540 | 540 |   0 |  0 |   0 |  40 | 3.200000e+01 | 6.210000e+01 |  94.06%|   0.31%
  122s|361200 | 93377 |938945 |   2.6 |    98M | 134 | 451 | 540 | 540 |   0 |  0 |   0 |  40 | 3.200000e+01 | 6.210000e+01 |  94.06%|   0.31%
  122s|361300 | 93413 |939189 |   2.6 |    98M | 134 | 451 | 540 | 540 |   0 |  0 |   0 |  40 | 3.200000e+01 | 6.210000e+01 |  94.06%|   0.31%
 time | node  | left  |LP iter|LP it/n|mem/heur|mdpt |vars |cons |rows |cuts |sepa|confs|strbr|  dualbound   | primalbound  |  gap   | compl. 
  122s|361400 | 93445 |939425 |   2.6 |    98M | 134 | 451 | 540 | 540 |   0 |  0 |   0 |  40 | 3.200000e+01 | 6.210000e+01 |  94.06%|   0.31%
  122s|361500 | 93471 |939639 |   2.6 |    98M | 134 | 451 | 540 | 540 |   0 |  0 |   0 |  40 | 3.200000e+01 | 6.210000e+01 |  94.06%|   0.31%
  122s|361600 | 93503 |939869 |   2.6 |    98M | 134 | 451 | 540 | 540 |   0 |  0 |   0 |  40 | 3.200000e+01 | 6.210000e+01 |  94.06%|   0.31%
  122s|361700 | 93527 |940115 |   2.6 |    98M | 134 | 451 | 540 | 540 |   0 |  0 |   0 |  40 | 3.200000e+01 | 6.210000e+01 |  94.06%|   0.31%
  123s|361800 | 93559 |940371 |   2.6 |    98M | 134 | 451 | 540 | 540 |   0 |  0 |   0 |  40 | 3.200000e+01 | 6.210000e+01 |  94.06%|   0.31%
  123s|361900 | 93589 |940598 |   2.6 |    98M | 134 | 451 | 540 | 540 |   0 |  0 |   0 |  40 | 3.200000e+01 | 6.210000e+01 |  94.06%|   0.31%
  123s|362000 | 93629 |940811 |   2.6 |    98M | 134 | 451 | 540 | 540 |   0 |  0 |   0 |  40 | 3.200000e+01 | 6.210000e+01 |  94.06%|   0.31%
  123s|362100 | 93651 |941046 |   2.6 |    98M | 134 | 451 | 540 | 540 |   0 |  0 |   0 |  40 | 3.200000e+01 | 6.210000e+01 |  94.06%|   0.31%
  123s|362200 | 93689 |941282 |   2.6 |    98M | 134 | 451 | 540 | 540 |   0 |  0 |   0 |  40 | 3.200000e+01 | 6.210000e+01 |  94.06%|   0.31%
  123s|362300 | 93727 |941500 |   2.6 |    99M | 134 | 451 | 540 | 540 |   0 |  0 |   0 |  40 | 3.200000e+01 | 6.210000e+01 |  94.06%|   0.31%
  123s|362400 | 93773 |941744 |   2.6 |    99M | 134 | 451 | 540 | 540 |   0 |  0 |   0 |  40 | 3.200000e+01 | 6.210000e+01 |  94.06%|   0.31%
  123s|362500 | 93817 |942041 |   2.6 |    99M | 134 | 451 | 540 | 540 |   0 |  0 |   0 |  40 | 3.200000e+01 | 6.210000e+01 |  94.06%|   0.31%
  123s|362600 | 93857 |942302 |   2.6 |    99M | 134 | 451 | 540 | 540 |   0 |  0 |   0 |  40 | 3.200000e+01 | 6.210000e+01 |  94.06%|   0.31%
  123s|362700 | 93895 |942542 |   2.6 |    99M | 134 | 451 | 540 | 540 |   0 |  0 |   0 |  40 | 3.200000e+01 | 6.210000e+01 |  94.06%|   0.31%
  123s|362800 | 93931 |942814 |   2.6 |    99M | 134 | 451 | 540 | 540 |   0 |  0 |   0 |  40 | 3.200000e+01 | 6.210000e+01 |  94.06%|   0.31%
 time | node  | left  |LP iter|LP it/n|mem/heur|mdpt |vars |cons |rows |cuts |sepa|confs|strbr|  dualbound   | primalbound  |  gap   | compl. 
  123s|362900 | 93967 |943070 |   2.6 |    99M | 134 | 451 | 540 | 540 |   0 |  0 |   0 |  40 | 3.200000e+01 | 6.210000e+01 |  94.06%|   0.31%
  123s|363000 | 94009 |943328 |   2.6 |    99M | 134 | 451 | 540 | 540 |   0 |  0 |   0 |  40 | 3.200000e+01 | 6.210000e+01 |  94.06%|   0.31%
  123s|363100 | 94047 |943569 |   2.6 |    99M | 134 | 451 | 540 | 540 |   0 |  0 |   0 |  40 | 3.200000e+01 | 6.210000e+01 |  94.06%|   0.31%
  123s|363200 | 94069 |943820 |   2.6 |    99M | 134 | 451 | 540 | 540 |   0 |  0 |   0 |  40 | 3.200000e+01 | 6.210000e+01 |  94.06%|   0.31%
  123s|363300 | 94093 |944059 |   2.6 |    99M | 134 | 451 | 540 | 540 |   0 |  0 |   0 |  40 | 3.200000e+01 | 6.210000e+01 |  94.06%|   0.31%
  123s|363400 | 94119 |944307 |   2.6 |    99M | 134 | 451 | 540 | 540 |   0 |  0 |   0 |  40 | 3.200000e+01 | 6.210000e+01 |  94.06%|   0.31%
  123s|363500 | 94149 |944569 |   2.6 |    99M | 134 | 451 | 540 | 540 |   0 |  0 |   0 |  40 | 3.200000e+01 | 6.210000e+01 |  94.06%|   0.31%
  123s|363600 | 94179 |944809 |   2.6 |    99M | 134 | 451 | 540 | 540 |   0 |  0 |   0 |  40 | 3.200000e+01 | 6.210000e+01 |  94.06%|   0.31%
  123s|363700 | 94201 |945049 |   2.6 |    99M | 134 | 451 | 540 | 540 |   0 |  0 |   0 |  40 | 3.200000e+01 | 6.210000e+01 |  94.06%|   0.31%
  123s|363800 | 94233 |945333 |   2.6 |    99M | 134 | 451 | 540 | 540 |   0 |  0 |   0 |  40 | 3.200000e+01 | 6.210000e+01 |  94.06%|   0.31%
  123s|363900 | 94263 |945565 |   2.6 |    99M | 134 | 451 | 540 | 540 |   0 |  0 |   0 |  40 | 3.200000e+01 | 6.210000e+01 |  94.06%|   0.31%
  123s|364000 | 94289 |945814 |   2.6 |    99M | 134 | 451 | 540 | 540 |   0 |  0 |   0 |  40 | 3.200000e+01 | 6.210000e+01 |  94.06%|   0.31%
  123s|364100 | 94319 |946044 |   2.6 |    99M | 134 | 451 | 540 | 540 |   0 |  0 |   0 |  40 | 3.200000e+01 | 6.210000e+01 |  94.06%|   0.31%
  123s|364200 | 94349 |946334 |   2.6 |    99M | 134 | 451 | 540 | 540 |   0 |  0 |   0 |  40 | 3.200000e+01 | 6.210000e+01 |  94.06%|   0.31%
  123s|364300 | 94383 |946587 |   2.6 |    99M | 134 | 451 | 540 | 540 |   0 |  0 |   0 |  40 | 3.200000e+01 | 6.210000e+01 |  94.06%|   0.31%
 time | node  | left  |LP iter|LP it/n|mem/heur|mdpt |vars |cons |rows |cuts |sepa|confs|strbr|  dualbound   | primalbound  |  gap   | compl. 
  123s|364400 | 94419 |946821 |   2.6 |    99M | 134 | 451 | 540 | 540 |   0 |  0 |   0 |  40 | 3.200000e+01 | 6.210000e+01 |  94.06%|   0.31%
  123s|364500 | 94445 |947032 |   2.6 |    99M | 134 | 451 | 540 | 540 |   0 |  0 |   0 |  40 | 3.200000e+01 | 6.210000e+01 |  94.06%|   0.31%
  123s|364600 | 94471 |947293 |   2.6 |    99M | 134 | 451 | 540 | 540 |   0 |  0 |   0 |  40 | 3.200000e+01 | 6.210000e+01 |  94.06%|   0.31%
  124s|364700 | 94497 |947542 |   2.6 |    99M | 134 | 451 | 540 | 540 |   0 |  0 |   0 |  40 | 3.200000e+01 | 6.210000e+01 |  94.06%|   0.31%
  124s|364800 | 94525 |947790 |   2.6 |    99M | 134 | 451 | 540 | 540 |   0 |  0 |   0 |  40 | 3.200000e+01 | 6.210000e+01 |  94.06%|   0.31%
  124s|364900 | 94559 |947992 |   2.6 |    99M | 134 | 451 | 540 | 540 |   0 |  0 |   0 |  40 | 3.200000e+01 | 6.210000e+01 |  94.06%|   0.31%
  124s|365000 | 94595 |948232 |   2.6 |    99M | 134 | 451 | 540 | 540 |   0 |  0 |   0 |  40 | 3.200000e+01 | 6.210000e+01 |  94.06%|   0.31%
  124s|365100 | 94627 |948492 |   2.6 |    99M | 134 | 451 | 540 | 540 |   0 |  0 |   0 |  40 | 3.200000e+01 | 6.210000e+01 |  94.06%|   0.31%
  124s|365200 | 94657 |948780 |   2.6 |    99M | 134 | 451 | 540 | 540 |   0 |  0 |   0 |  40 | 3.200000e+01 | 6.210000e+01 |  94.06%|   0.31%
  124s|365300 | 94687 |949028 |   2.6 |    99M | 134 | 451 | 540 | 540 |   0 |  0 |   0 |  40 | 3.200000e+01 | 6.210000e+01 |  94.06%|   0.31%
  124s|365400 | 94717 |949294 |   2.6 |    99M | 134 | 451 | 540 | 540 |   0 |  0 |   0 |  40 | 3.200000e+01 | 6.210000e+01 |  94.06%|   0.31%
  124s|365500 | 94755 |949532 |   2.6 |    99M | 134 | 451 | 540 | 540 |   0 |  0 |   0 |  40 | 3.200000e+01 | 6.210000e+01 |  94.06%|   0.31%
  124s|365600 | 94779 |949806 |   2.6 |    99M | 134 | 451 | 540 | 540 |   0 |  0 |   0 |  40 | 3.200000e+01 | 6.210000e+01 |  94.06%|   0.31%
  124s|365700 | 94805 |950095 |   2.6 |    99M | 134 | 451 | 540 | 540 |   0 |  0 |   0 |  40 | 3.200000e+01 | 6.210000e+01 |  94.06%|   0.31%
  124s|365800 | 94843 |950347 |   2.6 |    99M | 134 | 451 | 540 | 540 |   0 |  0 |   0 |  40 | 3.200000e+01 | 6.210000e+01 |  94.06%|   0.31%
 time | node  | left  |LP iter|LP it/n|mem/heur|mdpt |vars |cons |rows |cuts |sepa|confs|strbr|  dualbound   | primalbound  |  gap   | compl. 
  124s|365900 | 94887 |950604 |   2.6 |    99M | 134 | 451 | 540 | 540 |   0 |  0 |   0 |  40 | 3.200000e+01 | 6.210000e+01 |  94.06%|   0.31%
  124s|366000 | 94925 |950841 |   2.6 |    99M | 134 | 451 | 540 | 540 |   0 |  0 |   0 |  40 | 3.200000e+01 | 6.210000e+01 |  94.06%|   0.31%
  124s|366100 | 94949 |951127 |   2.6 |    99M | 134 | 451 | 540 | 540 |   0 |  0 |   0 |  40 | 3.200000e+01 | 6.210000e+01 |  94.06%|   0.31%
  124s|366200 | 94995 |951385 |   2.6 |    99M | 134 | 451 | 540 | 540 |   0 |  0 |   0 |  40 | 3.200000e+01 | 6.210000e+01 |  94.06%|   0.31%
  124s|366300 | 95039 |951617 |   2.6 |    99M | 134 | 451 | 540 | 540 |   0 |  0 |   0 |  40 | 3.200000e+01 | 6.210000e+01 |  94.06%|   0.31%
  124s|366400 | 95081 |951840 |   2.6 |    99M | 134 | 451 | 540 | 540 |   0 |  0 |   0 |  40 | 3.200000e+01 | 6.210000e+01 |  94.06%|   0.31%
  124s|366500 | 95113 |952102 |   2.6 |    99M | 134 | 451 | 540 | 540 |   0 |  0 |   0 |  40 | 3.200000e+01 | 6.210000e+01 |  94.06%|   0.31%
  124s|366600 | 95159 |952336 |   2.6 |    99M | 134 | 451 | 540 | 540 |   0 |  0 |   0 |  40 | 3.200000e+01 | 6.210000e+01 |  94.06%|   0.31%
  124s|366700 | 95213 |952592 |   2.6 |    99M | 134 | 451 | 540 | 540 |   0 |  0 |   0 |  40 | 3.200000e+01 | 6.210000e+01 |  94.06%|   0.31%
  124s|366800 | 95253 |952828 |   2.6 |    99M | 134 | 451 | 540 | 540 |   0 |  0 |   0 |  40 | 3.200000e+01 | 6.210000e+01 |  94.06%|   0.31%
  124s|366900 | 95303 |953067 |   2.6 |    99M | 134 | 451 | 540 | 540 |   0 |  0 |   0 |  40 | 3.200000e+01 | 6.210000e+01 |  94.06%|   0.31%
  124s|367000 | 95349 |953315 |   2.6 |    99M | 134 | 451 | 540 | 540 |   0 |  0 |   0 |  40 | 3.200000e+01 | 6.210000e+01 |  94.06%|   0.31%
  124s|367100 | 95381 |953558 |   2.6 |    99M | 134 | 451 | 540 | 540 |   0 |  0 |   0 |  40 | 3.200000e+01 | 6.210000e+01 |  94.06%|   0.31%
  124s|367200 | 95429 |953861 |   2.6 |    99M | 134 | 451 | 540 | 540 |   0 |  0 |   0 |  40 | 3.200000e+01 | 6.210000e+01 |  94.06%|   0.31%
  124s|367300 | 95475 |954159 |   2.6 |    99M | 134 | 451 | 540 | 540 |   0 |  0 |   0 |  40 | 3.200000e+01 | 6.210000e+01 |  94.06%|   0.31%
 time | node  | left  |LP iter|LP it/n|mem/heur|mdpt |vars |cons |rows |cuts |sepa|confs|strbr|  dualbound   | primalbound  |  gap   | compl. 
  124s|367400 | 95509 |954386 |   2.6 |    99M | 134 | 451 | 540 | 540 |   0 |  0 |   0 |  40 | 3.200000e+01 | 6.210000e+01 |  94.06%|   0.31%
  124s|367500 | 95547 |954638 |   2.6 |    99M | 134 | 451 | 540 | 540 |   0 |  0 |   0 |  40 | 3.200000e+01 | 6.210000e+01 |  94.06%|   0.31%
  125s|367600 | 95573 |954931 |   2.6 |   100M | 134 | 451 | 540 | 540 |   0 |  0 |   0 |  40 | 3.200000e+01 | 6.210000e+01 |  94.06%|   0.31%
  125s|367700 | 95599 |955237 |   2.6 |   100M | 134 | 451 | 540 | 540 |   0 |  0 |   0 |  40 | 3.200000e+01 | 6.210000e+01 |  94.06%|   0.31%
  125s|367800 | 95627 |955506 |   2.6 |   100M | 134 | 451 | 540 | 540 |   0 |  0 |   0 |  40 | 3.200000e+01 | 6.210000e+01 |  94.06%|   0.31%
  125s|367900 | 95653 |955781 |   2.6 |   100M | 134 | 451 | 540 | 540 |   0 |  0 |   0 |  40 | 3.200000e+01 | 6.210000e+01 |  94.06%|   0.31%
  125s|368000 | 95689 |956009 |   2.6 |   100M | 134 | 451 | 540 | 540 |   0 |  0 |   0 |  40 | 3.200000e+01 | 6.210000e+01 |  94.06%|   0.31%
  125s|368100 | 95723 |956302 |   2.6 |   100M | 134 | 451 | 540 | 540 |   0 |  0 |   0 |  40 | 3.200000e+01 | 6.210000e+01 |  94.06%|   0.31%
  125s|368200 | 95757 |956615 |   2.6 |   100M | 134 | 451 | 540 | 540 |   0 |  0 |   0 |  40 | 3.200000e+01 | 6.210000e+01 |  94.06%|   0.31%
  125s|368300 | 95803 |956899 |   2.6 |   100M | 134 | 451 | 540 | 540 |   0 |  0 |   0 |  40 | 3.200000e+01 | 6.210000e+01 |  94.06%|   0.31%
  125s|368400 | 95843 |957193 |   2.6 |   100M | 134 | 451 | 540 | 540 |   0 |  0 |   0 |  40 | 3.200000e+01 | 6.210000e+01 |  94.06%|   0.31%
  125s|368500 | 95871 |957422 |   2.6 |   100M | 134 | 451 | 540 | 540 |   0 |  0 |   0 |  40 | 3.200000e+01 | 6.210000e+01 |  94.06%|   0.31%
  125s|368600 | 95895 |957635 |   2.6 |   100M | 134 | 451 | 540 | 540 |   0 |  0 |   0 |  40 | 3.200000e+01 | 6.210000e+01 |  94.06%|   0.31%
  125s|368700 | 95919 |957863 |   2.6 |   100M | 134 | 451 | 540 | 540 |   0 |  0 |   0 |  40 | 3.200000e+01 | 6.210000e+01 |  94.06%|   0.31%
  125s|368800 | 95945 |958125 |   2.6 |   100M | 134 | 451 | 540 | 540 |   0 |  0 |   0 |  40 | 3.200000e+01 | 6.210000e+01 |  94.06%|   0.31%
 time | node  | left  |LP iter|LP it/n|mem/heur|mdpt |vars |cons |rows |cuts |sepa|confs|strbr|  dualbound   | primalbound  |  gap   | compl. 
  125s|368900 | 95979 |958355 |   2.6 |   100M | 134 | 451 | 540 | 540 |   0 |  0 |   0 |  40 | 3.200000e+01 | 6.210000e+01 |  94.06%|   0.31%
  125s|369000 | 96001 |958569 |   2.6 |   100M | 134 | 451 | 540 | 540 |   0 |  0 |   0 |  40 | 3.200000e+01 | 6.210000e+01 |  94.06%|   0.31%
  125s|369100 | 96027 |958802 |   2.6 |   100M | 134 | 451 | 540 | 540 |   0 |  0 |   0 |  40 | 3.200000e+01 | 6.210000e+01 |  94.06%|   0.31%
  125s|369200 | 96045 |958996 |   2.6 |   101M | 134 | 451 | 540 | 540 |   0 |  0 |   0 |  40 | 3.200000e+01 | 6.210000e+01 |  94.06%|   0.31%
  125s|369300 | 96073 |959221 |   2.6 |   101M | 134 | 451 | 540 | 540 |   0 |  0 |   0 |  40 | 3.200000e+01 | 6.210000e+01 |  94.06%|   0.31%
  125s|369400 | 96103 |959446 |   2.6 |   101M | 134 | 451 | 540 | 540 |   0 |  0 |   0 |  40 | 3.200000e+01 | 6.210000e+01 |  94.06%|   0.31%
  125s|369500 | 96129 |959736 |   2.6 |   101M | 134 | 451 | 540 | 540 |   0 |  0 |   0 |  40 | 3.200000e+01 | 6.210000e+01 |  94.06%|   0.31%
  125s|369600 | 96155 |959965 |   2.6 |   101M | 134 | 451 | 540 | 540 |   0 |  0 |   0 |  40 | 3.200000e+01 | 6.210000e+01 |  94.06%|   0.31%
  125s|369700 | 96187 |960201 |   2.6 |   101M | 134 | 451 | 540 | 540 |   0 |  0 |   0 |  40 | 3.200000e+01 | 6.210000e+01 |  94.06%|   0.31%
  125s|369800 | 96219 |960500 |   2.6 |   101M | 134 | 451 | 540 | 540 |   0 |  0 |   0 |  40 | 3.200000e+01 | 6.210000e+01 |  94.06%|   0.31%
  125s|369900 | 96251 |960742 |   2.6 |   101M | 134 | 451 | 540 | 540 |   0 |  0 |   0 |  40 | 3.200000e+01 | 6.210000e+01 |  94.06%|   0.31%
  125s|370000 | 96291 |960994 |   2.6 |   101M | 134 | 451 | 540 | 540 |   0 |  0 |   0 |  40 | 3.200000e+01 | 6.210000e+01 |  94.06%|   0.31%
  125s|370100 | 96323 |961215 |   2.6 |   101M | 134 | 451 | 540 | 540 |   0 |  0 |   0 |  40 | 3.200000e+01 | 6.210000e+01 |  94.06%|   0.31%
  125s|370200 | 96341 |961424 |   2.6 |   101M | 134 | 451 | 540 | 540 |   0 |  0 |   0 |  40 | 3.200000e+01 | 6.210000e+01 |  94.06%|   0.31%
  125s|370300 | 96403 |961683 |   2.6 |   101M | 134 | 451 | 540 | 540 |   0 |  0 |   0 |  40 | 3.200000e+01 | 6.210000e+01 |  94.06%|   0.31%
 time | node  | left  |LP iter|LP it/n|mem/heur|mdpt |vars |cons |rows |cuts |sepa|confs|strbr|  dualbound   | primalbound  |  gap   | compl. 
  125s|370400 | 96425 |961894 |   2.6 |   101M | 134 | 451 | 540 | 540 |   0 |  0 |   0 |  40 | 3.200000e+01 | 6.210000e+01 |  94.06%|   0.31%
  126s|370500 | 96451 |962136 |   2.6 |   101M | 134 | 451 | 540 | 540 |   0 |  0 |   0 |  40 | 3.200000e+01 | 6.210000e+01 |  94.06%|   0.31%
  126s|370600 | 96469 |962363 |   2.6 |   101M | 134 | 451 | 540 | 540 |   0 |  0 |   0 |  40 | 3.200000e+01 | 6.210000e+01 |  94.06%|   0.31%
  126s|370700 | 96495 |962580 |   2.6 |   101M | 134 | 451 | 540 | 540 |   0 |  0 |   0 |  40 | 3.200000e+01 | 6.210000e+01 |  94.06%|   0.31%
  126s|370800 | 96515 |962817 |   2.6 |   101M | 134 | 451 | 540 | 540 |   0 |  0 |   0 |  40 | 3.200000e+01 | 6.210000e+01 |  94.06%|   0.31%
  126s|370900 | 96537 |963039 |   2.6 |   101M | 134 | 451 | 540 | 540 |   0 |  0 |   0 |  40 | 3.200000e+01 | 6.210000e+01 |  94.06%|   0.31%
  126s|371000 | 96557 |963265 |   2.6 |   101M | 134 | 451 | 540 | 540 |   0 |  0 |   0 |  40 | 3.200000e+01 | 6.210000e+01 |  94.06%|   0.31%
  126s|371100 | 96585 |963503 |   2.6 |   101M | 134 | 451 | 540 | 540 |   0 |  0 |   0 |  40 | 3.200000e+01 | 6.210000e+01 |  94.06%|   0.31%
  126s|371200 | 96623 |963750 |   2.6 |   101M | 134 | 451 | 540 | 540 |   0 |  0 |   0 |  40 | 3.200000e+01 | 6.210000e+01 |  94.06%|   0.31%
  126s|371300 | 96663 |963976 |   2.6 |   101M | 134 | 451 | 540 | 540 |   0 |  0 |   0 |  40 | 3.200000e+01 | 6.210000e+01 |  94.06%|   0.31%
  126s|371400 | 96693 |964223 |   2.6 |   101M | 134 | 451 | 540 | 540 |   0 |  0 |   0 |  40 | 3.200000e+01 | 6.210000e+01 |  94.06%|   0.31%
  126s|371500 | 96733 |964472 |   2.6 |   101M | 134 | 451 | 540 | 540 |   0 |  0 |   0 |  40 | 3.200000e+01 | 6.210000e+01 |  94.06%|   0.31%
  126s|371600 | 96755 |964716 |   2.6 |   101M | 134 | 451 | 540 | 540 |   0 |  0 |   0 |  40 | 3.200000e+01 | 6.210000e+01 |  94.06%|   0.31%
  126s|371700 | 96789 |964986 |   2.6 |   102M | 134 | 451 | 540 | 540 |   0 |  0 |   0 |  40 | 3.200000e+01 | 6.210000e+01 |  94.06%|   0.31%
  126s|371800 | 96821 |965221 |   2.6 |   102M | 134 | 451 | 540 | 540 |   0 |  0 |   0 |  40 | 3.200000e+01 | 6.210000e+01 |  94.06%|   0.31%
 time | node  | left  |LP iter|LP it/n|mem/heur|mdpt |vars |cons |rows |cuts |sepa|confs|strbr|  dualbound   | primalbound  |  gap   | compl. 
  126s|371900 | 96837 |965413 |   2.6 |   102M | 134 | 451 | 540 | 540 |   0 |  0 |   0 |  40 | 3.200000e+01 | 6.210000e+01 |  94.06%|   0.31%
  126s|372000 | 96861 |965642 |   2.6 |   102M | 134 | 451 | 540 | 540 |   0 |  0 |   0 |  40 | 3.200000e+01 | 6.210000e+01 |  94.06%|   0.31%
  126s|372100 | 96883 |965895 |   2.6 |   102M | 134 | 451 | 540 | 540 |   0 |  0 |   0 |  40 | 3.200000e+01 | 6.210000e+01 |  94.06%|   0.31%
  126s|372200 | 96901 |966094 |   2.6 |   102M | 134 | 451 | 540 | 540 |   0 |  0 |   0 |  40 | 3.200000e+01 | 6.210000e+01 |  94.06%|   0.31%
  126s|372300 | 96923 |966305 |   2.6 |   102M | 134 | 451 | 540 | 540 |   0 |  0 |   0 |  40 | 3.200000e+01 | 6.210000e+01 |  94.06%|   0.31%
  126s|372400 | 96951 |966518 |   2.6 |   102M | 134 | 451 | 540 | 540 |   0 |  0 |   0 |  40 | 3.200000e+01 | 6.210000e+01 |  94.06%|   0.31%
  126s|372500 | 96973 |966736 |   2.6 |   102M | 134 | 451 | 540 | 540 |   0 |  0 |   0 |  40 | 3.200000e+01 | 6.210000e+01 |  94.06%|   0.31%
  126s|372600 | 97005 |966937 |   2.6 |   102M | 134 | 451 | 540 | 540 |   0 |  0 |   0 |  40 | 3.200000e+01 | 6.210000e+01 |  94.06%|   0.31%
  126s|372700 | 97043 |967162 |   2.6 |   102M | 134 | 451 | 540 | 540 |   0 |  0 |   0 |  40 | 3.200000e+01 | 6.210000e+01 |  94.06%|   0.31%
  126s|372800 | 97069 |967428 |   2.6 |   102M | 134 | 451 | 540 | 540 |   0 |  0 |   0 |  40 | 3.200000e+01 | 6.210000e+01 |  94.06%|   0.31%
  126s|372900 | 97103 |967664 |   2.6 |   102M | 134 | 451 | 540 | 540 |   0 |  0 |   0 |  40 | 3.200000e+01 | 6.210000e+01 |  94.06%|   0.31%
  126s|373000 | 97131 |967886 |   2.6 |   102M | 134 | 451 | 540 | 540 |   0 |  0 |   0 |  40 | 3.200000e+01 | 6.210000e+01 |  94.06%|   0.31%
  126s|373100 | 97163 |968123 |   2.6 |   102M | 134 | 451 | 540 | 540 |   0 |  0 |   0 |  40 | 3.200000e+01 | 6.210000e+01 |  94.06%|   0.31%
  126s|373200 | 97201 |968349 |   2.6 |   102M | 134 | 451 | 540 | 540 |   0 |  0 |   0 |  40 | 3.200000e+01 | 6.210000e+01 |  94.06%|   0.31%
  126s|373300 | 97235 |968575 |   2.6 |   102M | 134 | 451 | 540 | 540 |   0 |  0 |   0 |  40 | 3.200000e+01 | 6.210000e+01 |  94.06%|   0.31%
 time | node  | left  |LP iter|LP it/n|mem/heur|mdpt |vars |cons |rows |cuts |sepa|confs|strbr|  dualbound   | primalbound  |  gap   | compl. 
  126s|373400 | 97263 |968774 |   2.6 |   102M | 134 | 451 | 540 | 540 |   0 |  0 |   0 |  40 | 3.200000e+01 | 6.210000e+01 |  94.06%|   0.31%
  127s|373500 | 97289 |968985 |   2.6 |   102M | 134 | 451 | 540 | 540 |   0 |  0 |   0 |  40 | 3.200000e+01 | 6.210000e+01 |  94.06%|   0.31%
  127s|373600 | 97313 |969204 |   2.6 |   102M | 134 | 451 | 540 | 540 |   0 |  0 |   0 |  40 | 3.200000e+01 | 6.210000e+01 |  94.06%|   0.31%
  127s|373700 | 97337 |969411 |   2.6 |   102M | 134 | 451 | 540 | 540 |   0 |  0 |   0 |  40 | 3.200000e+01 | 6.210000e+01 |  94.06%|   0.31%
  127s|373800 | 97365 |969625 |   2.6 |   102M | 134 | 451 | 540 | 540 |   0 |  0 |   0 |  40 | 3.200000e+01 | 6.210000e+01 |  94.06%|   0.31%
  127s|373900 | 97401 |969858 |   2.6 |   102M | 134 | 451 | 540 | 540 |   0 |  0 |   0 |  40 | 3.200000e+01 | 6.210000e+01 |  94.06%|   0.31%
  127s|374000 | 97439 |970106 |   2.6 |   102M | 134 | 451 | 540 | 540 |   0 |  0 |   0 |  40 | 3.200000e+01 | 6.210000e+01 |  94.06%|   0.31%
  127s|374100 | 97467 |970330 |   2.6 |   102M | 134 | 451 | 540 | 540 |   0 |  0 |   0 |  40 | 3.200000e+01 | 6.210000e+01 |  94.06%|   0.31%
  127s|374200 | 97509 |970618 |   2.6 |   102M | 134 | 451 | 540 | 540 |   0 |  0 |   0 |  40 | 3.200000e+01 | 6.210000e+01 |  94.06%|   0.31%
  127s|374300 | 97551 |970905 |   2.6 |   102M | 134 | 451 | 540 | 540 |   0 |  0 |   0 |  40 | 3.200000e+01 | 6.210000e+01 |  94.06%|   0.31%
  127s|374400 | 97573 |971144 |   2.6 |   102M | 134 | 451 | 540 | 540 |   0 |  0 |   0 |  40 | 3.200000e+01 | 6.210000e+01 |  94.06%|   0.31%
  127s|374500 | 97603 |971392 |   2.6 |   102M | 134 | 451 | 540 | 540 |   0 |  0 |   0 |  40 | 3.200000e+01 | 6.210000e+01 |  94.06%|   0.31%
  127s|374600 | 97637 |971647 |   2.6 |   102M | 134 | 451 | 540 | 540 |   0 |  0 |   0 |  40 | 3.200000e+01 | 6.210000e+01 |  94.06%|   0.31%
  127s|374700 | 97661 |971892 |   2.6 |   102M | 134 | 451 | 540 | 540 |   0 |  0 |   0 |  40 | 3.200000e+01 | 6.210000e+01 |  94.06%|   0.31%
  127s|374800 | 97679 |972116 |   2.6 |   102M | 134 | 451 | 540 | 540 |   0 |  0 |   0 |  40 | 3.200000e+01 | 6.210000e+01 |  94.06%|   0.31%
 time | node  | left  |LP iter|LP it/n|mem/heur|mdpt |vars |cons |rows |cuts |sepa|confs|strbr|  dualbound   | primalbound  |  gap   | compl. 
  127s|374900 | 97709 |972386 |   2.6 |   102M | 134 | 451 | 540 | 540 |   0 |  0 |   0 |  40 | 3.200000e+01 | 6.210000e+01 |  94.06%|   0.31%
  127s|375000 | 97729 |972632 |   2.6 |   102M | 134 | 451 | 540 | 540 |   0 |  0 |   0 |  40 | 3.200000e+01 | 6.210000e+01 |  94.06%|   0.31%
  127s|375100 | 97753 |972851 |   2.6 |   102M | 134 | 451 | 540 | 540 |   0 |  0 |   0 |  40 | 3.200000e+01 | 6.210000e+01 |  94.06%|   0.31%
  127s|375200 | 97769 |973064 |   2.6 |   102M | 134 | 451 | 540 | 540 |   0 |  0 |   0 |  40 | 3.200000e+01 | 6.210000e+01 |  94.06%|   0.31%
  127s|375300 | 97797 |973308 |   2.6 |   102M | 134 | 451 | 540 | 540 |   0 |  0 |   0 |  40 | 3.200000e+01 | 6.210000e+01 |  94.06%|   0.31%
  127s|375400 | 97831 |973543 |   2.6 |   102M | 134 | 451 | 540 | 540 |   0 |  0 |   0 |  40 | 3.200000e+01 | 6.210000e+01 |  94.06%|   0.31%
  127s|375500 | 97857 |973796 |   2.6 |   102M | 134 | 451 | 540 | 540 |   0 |  0 |   0 |  40 | 3.200000e+01 | 6.210000e+01 |  94.06%|   0.31%
  127s|375600 | 97891 |974028 |   2.6 |   102M | 134 | 451 | 540 | 540 |   0 |  0 |   0 |  40 | 3.200000e+01 | 6.210000e+01 |  94.06%|   0.31%
  127s|375700 | 97939 |974301 |   2.6 |   102M | 134 | 451 | 540 | 540 |   0 |  0 |   0 |  40 | 3.200000e+01 | 6.210000e+01 |  94.06%|   0.31%
  127s|375800 | 97977 |974526 |   2.6 |   102M | 134 | 451 | 540 | 540 |   0 |  0 |   0 |  40 | 3.200000e+01 | 6.210000e+01 |  94.06%|   0.31%
  127s|375900 | 97997 |974770 |   2.6 |   102M | 134 | 451 | 540 | 540 |   0 |  0 |   0 |  40 | 3.200000e+01 | 6.210000e+01 |  94.06%|   0.31%
  127s|376000 | 98025 |974999 |   2.6 |   102M | 134 | 451 | 540 | 540 |   0 |  0 |   0 |  40 | 3.200000e+01 | 6.210000e+01 |  94.06%|   0.31%
  127s|376100 | 98055 |975256 |   2.6 |   102M | 134 | 451 | 540 | 540 |   0 |  0 |   0 |  40 | 3.200000e+01 | 6.210000e+01 |  94.06%|   0.31%
  127s|376200 | 98081 |975509 |   2.6 |   102M | 134 | 451 | 540 | 540 |   0 |  0 |   0 |  40 | 3.200000e+01 | 6.210000e+01 |  94.06%|   0.31%
  127s|376300 | 98113 |975721 |   2.6 |   102M | 134 | 451 | 540 | 540 |   0 |  0 |   0 |  40 | 3.200000e+01 | 6.210000e+01 |  94.06%|   0.31%
 time | node  | left  |LP iter|LP it/n|mem/heur|mdpt |vars |cons |rows |cuts |sepa|confs|strbr|  dualbound   | primalbound  |  gap   | compl. 
  128s|376400 | 98149 |975940 |   2.6 |   103M | 134 | 451 | 540 | 540 |   0 |  0 |   0 |  40 | 3.200000e+01 | 6.210000e+01 |  94.06%|   0.31%
  128s|376500 | 98181 |976178 |   2.6 |   103M | 134 | 451 | 540 | 540 |   0 |  0 |   0 |  40 | 3.200000e+01 | 6.210000e+01 |  94.06%|   0.31%
  128s|376600 | 98209 |976430 |   2.6 |   103M | 134 | 451 | 540 | 540 |   0 |  0 |   0 |  40 | 3.200000e+01 | 6.210000e+01 |  94.06%|   0.31%
  128s|376700 | 98233 |976650 |   2.6 |   103M | 134 | 451 | 540 | 540 |   0 |  0 |   0 |  40 | 3.200000e+01 | 6.210000e+01 |  94.06%|   0.31%
  128s|376800 | 98261 |976897 |   2.6 |   103M | 134 | 451 | 540 | 540 |   0 |  0 |   0 |  40 | 3.200000e+01 | 6.210000e+01 |  94.06%|   0.31%
  128s|376900 | 98289 |977128 |   2.6 |   103M | 134 | 451 | 540 | 540 |   0 |  0 |   0 |  40 | 3.200000e+01 | 6.210000e+01 |  94.06%|   0.31%
  128s|377000 | 98323 |977365 |   2.6 |   103M | 134 | 451 | 540 | 540 |   0 |  0 |   0 |  40 | 3.200000e+01 | 6.210000e+01 |  94.06%|   0.31%
  128s|377100 | 98345 |977639 |   2.6 |   103M | 134 | 451 | 540 | 540 |   0 |  0 |   0 |  40 | 3.200000e+01 | 6.210000e+01 |  94.06%|   0.31%
  128s|377200 | 98385 |977896 |   2.6 |   103M | 134 | 451 | 540 | 540 |   0 |  0 |   0 |  40 | 3.200000e+01 | 6.210000e+01 |  94.06%|   0.31%
  128s|377300 | 98431 |978150 |   2.6 |   103M | 134 | 451 | 540 | 540 |   0 |  0 |   0 |  40 | 3.200000e+01 | 6.210000e+01 |  94.06%|   0.31%
  128s|377400 | 98479 |978456 |   2.6 |   103M | 134 | 451 | 540 | 540 |   0 |  0 |   0 |  40 | 3.200000e+01 | 6.210000e+01 |  94.06%|   0.31%
  128s|377500 | 98507 |978754 |   2.6 |   103M | 134 | 451 | 540 | 540 |   0 |  0 |   0 |  40 | 3.200000e+01 | 6.210000e+01 |  94.06%|   0.31%
  128s|377600 | 98541 |979001 |   2.6 |   103M | 134 | 451 | 540 | 540 |   0 |  0 |   0 |  40 | 3.200000e+01 | 6.210000e+01 |  94.06%|   0.31%
  128s|377700 | 98577 |979302 |   2.6 |   103M | 134 | 451 | 540 | 540 |   0 |  0 |   0 |  40 | 3.200000e+01 | 6.210000e+01 |  94.06%|   0.31%
  128s|377800 | 98611 |979535 |   2.6 |   103M | 134 | 451 | 540 | 540 |   0 |  0 |   0 |  40 | 3.200000e+01 | 6.210000e+01 |  94.06%|   0.31%
 time | node  | left  |LP iter|LP it/n|mem/heur|mdpt |vars |cons |rows |cuts |sepa|confs|strbr|  dualbound   | primalbound  |  gap   | compl. 
  128s|377900 | 98655 |979765 |   2.6 |   104M | 134 | 451 | 540 | 540 |   0 |  0 |   0 |  40 | 3.200000e+01 | 6.210000e+01 |  94.06%|   0.31%
  128s|378000 | 98695 |979997 |   2.6 |   104M | 134 | 451 | 540 | 540 |   0 |  0 |   0 |  40 | 3.200000e+01 | 6.210000e+01 |  94.06%|   0.31%
  128s|378100 | 98723 |980222 |   2.6 |   104M | 134 | 451 | 540 | 540 |   0 |  0 |   0 |  40 | 3.200000e+01 | 6.210000e+01 |  94.06%|   0.31%
  128s|378200 | 98749 |980459 |   2.6 |   104M | 134 | 451 | 540 | 540 |   0 |  0 |   0 |  40 | 3.200000e+01 | 6.210000e+01 |  94.06%|   0.31%
  128s|378300 | 98775 |980689 |   2.6 |   104M | 134 | 451 | 540 | 540 |   0 |  0 |   0 |  40 | 3.200000e+01 | 6.210000e+01 |  94.06%|   0.31%
  128s|378400 | 98797 |980925 |   2.6 |   104M | 134 | 451 | 540 | 540 |   0 |  0 |   0 |  40 | 3.200000e+01 | 6.210000e+01 |  94.06%|   0.31%
  128s|378500 | 98827 |981210 |   2.6 |   104M | 134 | 451 | 540 | 540 |   0 |  0 |   0 |  40 | 3.200000e+01 | 6.210000e+01 |  94.06%|   0.31%
  128s|378600 | 98845 |981449 |   2.6 |   104M | 134 | 451 | 540 | 540 |   0 |  0 |   0 |  40 | 3.200000e+01 | 6.210000e+01 |  94.06%|   0.31%
  128s|378700 | 98873 |981710 |   2.6 |   104M | 134 | 451 | 540 | 540 |   0 |  0 |   0 |  40 | 3.200000e+01 | 6.210000e+01 |  94.06%|   0.31%
  128s|378800 | 98897 |981954 |   2.6 |   104M | 134 | 451 | 540 | 540 |   0 |  0 |   0 |  40 | 3.200000e+01 | 6.210000e+01 |  94.06%|   0.31%
  128s|378900 | 98919 |982207 |   2.6 |   104M | 134 | 451 | 540 | 540 |   0 |  0 |   0 |  40 | 3.200000e+01 | 6.210000e+01 |  94.06%|   0.31%
  128s|379000 | 98947 |982469 |   2.6 |   104M | 134 | 451 | 540 | 540 |   0 |  0 |   0 |  40 | 3.200000e+01 | 6.210000e+01 |  94.06%|   0.31%
  128s|379100 | 98973 |982707 |   2.6 |   104M | 134 | 451 | 540 | 540 |   0 |  0 |   0 |  40 | 3.200000e+01 | 6.210000e+01 |  94.06%|   0.31%
  128s|379200 | 98997 |982923 |   2.6 |   104M | 134 | 451 | 540 | 540 |   0 |  0 |   0 |  40 | 3.200000e+01 | 6.210000e+01 |  94.06%|   0.31%
  129s|379300 | 99021 |983207 |   2.6 |   104M | 134 | 451 | 540 | 540 |   0 |  0 |   0 |  40 | 3.200000e+01 | 6.210000e+01 |  94.06%|   0.31%
 time | node  | left  |LP iter|LP it/n|mem/heur|mdpt |vars |cons |rows |cuts |sepa|confs|strbr|  dualbound   | primalbound  |  gap   | compl. 
  129s|379400 | 99047 |983470 |   2.6 |   104M | 134 | 451 | 540 | 540 |   0 |  0 |   0 |  40 | 3.200000e+01 | 6.210000e+01 |  94.06%|   0.31%
  129s|379500 | 99073 |983730 |   2.6 |   104M | 134 | 451 | 540 | 540 |   0 |  0 |   0 |  40 | 3.200000e+01 | 6.210000e+01 |  94.06%|   0.31%
  129s|379600 | 99101 |983952 |   2.6 |   104M | 134 | 451 | 540 | 540 |   0 |  0 |   0 |  40 | 3.200000e+01 | 6.210000e+01 |  94.06%|   0.31%
  129s|379700 | 99125 |984142 |   2.6 |   104M | 134 | 451 | 540 | 540 |   0 |  0 |   0 |  40 | 3.200000e+01 | 6.210000e+01 |  94.06%|   0.31%
  129s|379800 | 99145 |984343 |   2.6 |   104M | 134 | 451 | 540 | 540 |   0 |  0 |   0 |  40 | 3.200000e+01 | 6.210000e+01 |  94.06%|   0.31%
  129s|379900 | 99161 |984562 |   2.6 |   104M | 134 | 451 | 540 | 540 |   0 |  0 |   0 |  40 | 3.200000e+01 | 6.210000e+01 |  94.06%|   0.31%
  129s|380000 | 99179 |984800 |   2.6 |   104M | 134 | 451 | 540 | 540 |   0 |  0 |   0 |  40 | 3.200000e+01 | 6.210000e+01 |  94.06%|   0.31%
  129s|380100 | 99207 |985030 |   2.6 |   104M | 134 | 451 | 540 | 540 |   0 |  0 |   0 |  40 | 3.200000e+01 | 6.210000e+01 |  94.06%|   0.31%
  129s|380200 | 99233 |985254 |   2.6 |   104M | 134 | 451 | 540 | 540 |   0 |  0 |   0 |  40 | 3.200000e+01 | 6.210000e+01 |  94.06%|   0.31%
  129s|380300 | 99257 |985484 |   2.6 |   104M | 134 | 451 | 540 | 540 |   0 |  0 |   0 |  40 | 3.200000e+01 | 6.210000e+01 |  94.06%|   0.31%
  129s|380400 | 99275 |985690 |   2.6 |   104M | 134 | 451 | 540 | 540 |   0 |  0 |   0 |  40 | 3.200000e+01 | 6.210000e+01 |  94.06%|   0.31%
  129s|380500 | 99301 |985914 |   2.6 |   104M | 134 | 451 | 540 | 540 |   0 |  0 |   0 |  40 | 3.200000e+01 | 6.210000e+01 |  94.06%|   0.31%
  129s|380600 | 99323 |986127 |   2.6 |   104M | 134 | 451 | 540 | 540 |   0 |  0 |   0 |  40 | 3.200000e+01 | 6.210000e+01 |  94.06%|   0.31%
  129s|380700 | 99349 |986366 |   2.6 |   104M | 134 | 451 | 540 | 540 |   0 |  0 |   0 |  40 | 3.200000e+01 | 6.210000e+01 |  94.06%|   0.31%
  129s|380800 | 99377 |986627 |   2.6 |   104M | 134 | 451 | 540 | 540 |   0 |  0 |   0 |  40 | 3.200000e+01 | 6.210000e+01 |  94.06%|   0.31%
 time | node  | left  |LP iter|LP it/n|mem/heur|mdpt |vars |cons |rows |cuts |sepa|confs|strbr|  dualbound   | primalbound  |  gap   | compl. 
  129s|380900 | 99397 |986804 |   2.6 |   104M | 134 | 451 | 540 | 540 |   0 |  0 |   0 |  40 | 3.200000e+01 | 6.210000e+01 |  94.06%|   0.31%
  129s|381000 | 99423 |987025 |   2.6 |   104M | 134 | 451 | 540 | 540 |   0 |  0 |   0 |  40 | 3.200000e+01 | 6.210000e+01 |  94.06%|   0.31%
  129s|381100 | 99451 |987264 |   2.6 |   104M | 134 | 451 | 540 | 540 |   0 |  0 |   0 |  40 | 3.200000e+01 | 6.210000e+01 |  94.06%|   0.31%
  129s|381200 | 99487 |987516 |   2.6 |   104M | 134 | 451 | 540 | 540 |   0 |  0 |   0 |  40 | 3.200000e+01 | 6.210000e+01 |  94.06%|   0.31%
  129s|381300 | 99509 |987739 |   2.6 |   104M | 134 | 451 | 540 | 540 |   0 |  0 |   0 |  40 | 3.200000e+01 | 6.210000e+01 |  94.06%|   0.31%
  129s|381400 | 99535 |987931 |   2.6 |   104M | 134 | 451 | 540 | 540 |   0 |  0 |   0 |  40 | 3.200000e+01 | 6.210000e+01 |  94.06%|   0.31%
  129s|381500 | 99561 |988142 |   2.6 |   104M | 134 | 451 | 540 | 540 |   0 |  0 |   0 |  40 | 3.200000e+01 | 6.210000e+01 |  94.06%|   0.31%
  129s|381600 | 99579 |988373 |   2.6 |   104M | 134 | 451 | 540 | 540 |   0 |  0 |   0 |  40 | 3.200000e+01 | 6.210000e+01 |  94.06%|   0.31%
  129s|381700 | 99599 |988617 |   2.6 |   104M | 134 | 451 | 540 | 540 |   0 |  0 |   0 |  40 | 3.200000e+01 | 6.210000e+01 |  94.06%|   0.31%
  129s|381800 | 99619 |988869 |   2.6 |   104M | 134 | 451 | 540 | 540 |   0 |  0 |   0 |  40 | 3.200000e+01 | 6.210000e+01 |  94.06%|   0.31%
  129s|381900 | 99641 |989069 |   2.6 |   104M | 134 | 451 | 540 | 540 |   0 |  0 |   0 |  40 | 3.200000e+01 | 6.210000e+01 |  94.06%|   0.31%
  129s|382000 | 99667 |989284 |   2.6 |   104M | 134 | 451 | 540 | 540 |   0 |  0 |   0 |  40 | 3.200000e+01 | 6.210000e+01 |  94.06%|   0.31%
  129s|382100 | 99691 |989504 |   2.6 |   104M | 134 | 451 | 540 | 540 |   0 |  0 |   0 |  40 | 3.200000e+01 | 6.210000e+01 |  94.06%|   0.31%
  129s|382200 | 99713 |989706 |   2.6 |   104M | 134 | 451 | 540 | 540 |   0 |  0 |   0 |  40 | 3.200000e+01 | 6.210000e+01 |  94.06%|   0.31%
  130s|382300 | 99735 |989908 |   2.6 |   104M | 134 | 451 | 540 | 540 |   0 |  0 |   0 |  40 | 3.200000e+01 | 6.210000e+01 |  94.06%|   0.31%
 time | node  | left  |LP iter|LP it/n|mem/heur|mdpt |vars |cons |rows |cuts |sepa|confs|strbr|  dualbound   | primalbound  |  gap   | compl. 
  130s|382400 | 99761 |990112 |   2.6 |   104M | 134 | 451 | 540 | 540 |   0 |  0 |   0 |  40 | 3.200000e+01 | 6.210000e+01 |  94.06%|   0.31%
  130s|382500 | 99781 |990351 |   2.6 |   104M | 134 | 451 | 540 | 540 |   0 |  0 |   0 |  40 | 3.200000e+01 | 6.210000e+01 |  94.06%|   0.31%
  130s|382600 | 99801 |990566 |   2.6 |   105M | 134 | 451 | 540 | 540 |   0 |  0 |   0 |  40 | 3.200000e+01 | 6.210000e+01 |  94.06%|   0.31%
  130s|382700 | 99823 |990786 |   2.6 |   105M | 134 | 451 | 540 | 540 |   0 |  0 |   0 |  40 | 3.200000e+01 | 6.210000e+01 |  94.06%|   0.31%
  130s|382800 | 99855 |990999 |   2.6 |   105M | 134 | 451 | 540 | 540 |   0 |  0 |   0 |  40 | 3.200000e+01 | 6.210000e+01 |  94.06%|   0.31%
  130s|382900 | 99875 |991239 |   2.6 |   105M | 134 | 451 | 540 | 540 |   0 |  0 |   0 |  40 | 3.200000e+01 | 6.210000e+01 |  94.06%|   0.31%
  130s|383000 | 99893 |991485 |   2.6 |   105M | 134 | 451 | 540 | 540 |   0 |  0 |   0 |  40 | 3.200000e+01 | 6.210000e+01 |  94.06%|   0.31%
  130s|383100 | 99915 |991714 |   2.6 |   105M | 134 | 451 | 540 | 540 |   0 |  0 |   0 |  40 | 3.200000e+01 | 6.210000e+01 |  94.06%|   0.31%
  130s|383200 | 99937 |991997 |   2.6 |   105M | 134 | 451 | 540 | 540 |   0 |  0 |   0 |  40 | 3.200000e+01 | 6.210000e+01 |  94.06%|   0.31%
  130s|383300 | 99963 |992244 |   2.6 |   105M | 134 | 451 | 540 | 540 |   0 |  0 |   0 |  40 | 3.200000e+01 | 6.210000e+01 |  94.06%|   0.31%
  130s|383400 | 99985 |992463 |   2.6 |   105M | 134 | 451 | 540 | 540 |   0 |  0 |   0 |  40 | 3.200000e+01 | 6.210000e+01 |  94.06%|   0.31%
  130s|383500 |100001 |992644 |   2.6 |   105M | 134 | 451 | 540 | 540 |   0 |  0 |   0 |  40 | 3.200000e+01 | 6.210000e+01 |  94.06%|   0.31%
  130s|383600 |100023 |992881 |   2.6 |   105M | 134 | 451 | 540 | 540 |   0 |  0 |   0 |  40 | 3.200000e+01 | 6.210000e+01 |  94.06%|   0.31%
  130s|383700 |100053 |993110 |   2.6 |   105M | 134 | 451 | 540 | 540 |   0 |  0 |   0 |  40 | 3.200000e+01 | 6.210000e+01 |  94.06%|   0.31%
  130s|383800 |100075 |993328 |   2.6 |   105M | 134 | 451 | 540 | 540 |   0 |  0 |   0 |  40 | 3.200000e+01 | 6.210000e+01 |  94.06%|   0.31%
 time | node  | left  |LP iter|LP it/n|mem/heur|mdpt |vars |cons |rows |cuts |sepa|confs|strbr|  dualbound   | primalbound  |  gap   | compl. 
  130s|383900 |100097 |993561 |   2.6 |   105M | 134 | 451 | 540 | 540 |   0 |  0 |   0 |  40 | 3.200000e+01 | 6.210000e+01 |  94.06%|   0.31%
  130s|384000 |100119 |993799 |   2.6 |   105M | 134 | 451 | 540 | 540 |   0 |  0 |   0 |  40 | 3.200000e+01 | 6.210000e+01 |  94.06%|   0.31%
  130s|384100 |100131 |994014 |   2.6 |   105M | 134 | 451 | 540 | 540 |   0 |  0 |   0 |  40 | 3.200000e+01 | 6.210000e+01 |  94.06%|   0.31%
  130s|384200 |100151 |994238 |   2.6 |   105M | 134 | 451 | 540 | 540 |   0 |  0 |   0 |  40 | 3.200000e+01 | 6.210000e+01 |  94.06%|   0.31%
  130s|384300 |100171 |994436 |   2.6 |   105M | 134 | 451 | 540 | 540 |   0 |  0 |   0 |  40 | 3.200000e+01 | 6.210000e+01 |  94.06%|   0.31%
  130s|384400 |100197 |994642 |   2.6 |   105M | 134 | 451 | 540 | 540 |   0 |  0 |   0 |  40 | 3.200000e+01 | 6.210000e+01 |  94.06%|   0.31%
  130s|384500 |100227 |994901 |   2.6 |   105M | 134 | 451 | 540 | 540 |   0 |  0 |   0 |  40 | 3.200000e+01 | 6.210000e+01 |  94.06%|   0.31%
  130s|384600 |100253 |995128 |   2.6 |   105M | 134 | 451 | 540 | 540 |   0 |  0 |   0 |  40 | 3.200000e+01 | 6.210000e+01 |  94.06%|   0.31%
  130s|384700 |100273 |995342 |   2.6 |   105M | 134 | 451 | 540 | 540 |   0 |  0 |   0 |  40 | 3.200000e+01 | 6.210000e+01 |  94.06%|   0.31%
  130s|384800 |100295 |995568 |   2.6 |   105M | 134 | 451 | 540 | 540 |   0 |  0 |   0 |  40 | 3.200000e+01 | 6.210000e+01 |  94.06%|   0.31%
  130s|384900 |100317 |995783 |   2.6 |   105M | 134 | 451 | 540 | 540 |   0 |  0 |   0 |  40 | 3.200000e+01 | 6.210000e+01 |  94.06%|   0.31%
  130s|385000 |100341 |995999 |   2.6 |   105M | 134 | 451 | 540 | 540 |   0 |  0 |   0 |  40 | 3.200000e+01 | 6.210000e+01 |  94.06%|   0.31%
  130s|385100 |100359 |996218 |   2.6 |   105M | 134 | 451 | 540 | 540 |   0 |  0 |   0 |  40 | 3.200000e+01 | 6.210000e+01 |  94.06%|   0.31%
  130s|385200 |100379 |996453 |   2.6 |   105M | 134 | 451 | 540 | 540 |   0 |  0 |   0 |  40 | 3.200000e+01 | 6.210000e+01 |  94.06%|   0.31%
  131s|385300 |100409 |996677 |   2.6 |   105M | 134 | 451 | 540 | 540 |   0 |  0 |   0 |  40 | 3.200000e+01 | 6.210000e+01 |  94.06%|   0.31%
 time | node  | left  |LP iter|LP it/n|mem/heur|mdpt |vars |cons |rows |cuts |sepa|confs|strbr|  dualbound   | primalbound  |  gap   | compl. 
  131s|385400 |100427 |996911 |   2.6 |   105M | 134 | 451 | 540 | 540 |   0 |  0 |   0 |  40 | 3.200000e+01 | 6.210000e+01 |  94.06%|   0.31%
  131s|385500 |100449 |997136 |   2.6 |   105M | 134 | 451 | 540 | 540 |   0 |  0 |   0 |  40 | 3.200000e+01 | 6.210000e+01 |  94.06%|   0.31%
  131s|385600 |100479 |997404 |   2.6 |   105M | 134 | 451 | 540 | 540 |   0 |  0 |   0 |  40 | 3.200000e+01 | 6.210000e+01 |  94.06%|   0.31%
  131s|385700 |100495 |997653 |   2.6 |   105M | 134 | 451 | 540 | 540 |   0 |  0 |   0 |  40 | 3.200000e+01 | 6.210000e+01 |  94.06%|   0.31%
  131s|385800 |100519 |997871 |   2.6 |   105M | 134 | 451 | 540 | 540 |   0 |  0 |   0 |  40 | 3.200000e+01 | 6.210000e+01 |  94.06%|   0.31%
  131s|385900 |100545 |998100 |   2.6 |   105M | 134 | 451 | 540 | 540 |   0 |  0 |   0 |  40 | 3.200000e+01 | 6.210000e+01 |  94.06%|   0.31%
  131s|386000 |100569 |998296 |   2.6 |   105M | 134 | 451 | 540 | 540 |   0 |  0 |   0 |  40 | 3.200000e+01 | 6.210000e+01 |  94.06%|   0.31%
  131s|386100 |100575 |998514 |   2.6 |   105M | 134 | 451 | 540 | 540 |   0 |  0 |   0 |  40 | 3.200000e+01 | 6.210000e+01 |  94.06%|   0.31%
  131s|386200 |100587 |998732 |   2.6 |   105M | 134 | 451 | 540 | 540 |   0 |  0 |   0 |  40 | 3.200000e+01 | 6.210000e+01 |  94.06%|   0.31%
  131s|386300 |100617 |998983 |   2.6 |   105M | 134 | 451 | 540 | 540 |   0 |  0 |   0 |  40 | 3.200000e+01 | 6.210000e+01 |  94.06%|   0.31%
  131s|386400 |100661 |999212 |   2.6 |   105M | 134 | 451 | 540 | 540 |   0 |  0 |   0 |  40 | 3.200000e+01 | 6.210000e+01 |  94.06%|   0.31%
  131s|386500 |100693 |999426 |   2.6 |   105M | 134 | 451 | 540 | 540 |   0 |  0 |   0 |  40 | 3.200000e+01 | 6.210000e+01 |  94.06%|   0.31%
  131s|386600 |100713 |999639 |   2.6 |   105M | 134 | 451 | 540 | 540 |   0 |  0 |   0 |  40 | 3.200000e+01 | 6.210000e+01 |  94.06%|   0.31%
  131s|386700 |100753 |999885 |   2.6 |   105M | 134 | 451 | 540 | 540 |   0 |  0 |   0 |  40 | 3.200000e+01 | 6.210000e+01 |  94.06%|   0.31%
  131s|386800 |100789 |  1000k|   2.6 |   105M | 134 | 451 | 540 | 540 |   0 |  0 |   0 |  40 | 3.200000e+01 | 6.210000e+01 |  94.06%|   0.31%
 time | node  | left  |LP iter|LP it/n|mem/heur|mdpt |vars |cons |rows |cuts |sepa|confs|strbr|  dualbound   | primalbound  |  gap   | compl. 
  131s|386900 |100813 |  1000k|   2.6 |   105M | 134 | 451 | 540 | 540 |   0 |  0 |   0 |  40 | 3.200000e+01 | 6.210000e+01 |  94.06%|   0.31%
  131s|387000 |100835 |  1000k|   2.6 |   105M | 134 | 451 | 540 | 540 |   0 |  0 |   0 |  40 | 3.200000e+01 | 6.210000e+01 |  94.06%|   0.31%
  131s|387100 |100877 |  1000k|   2.6 |   105M | 134 | 451 | 540 | 540 |   0 |  0 |   0 |  40 | 3.200000e+01 | 6.210000e+01 |  94.06%|   0.31%
  131s|387200 |100909 |  1001k|   2.6 |   105M | 134 | 451 | 540 | 540 |   0 |  0 |   0 |  40 | 3.200000e+01 | 6.210000e+01 |  94.06%|   0.31%
  131s|387300 |100939 |  1001k|   2.6 |   106M | 134 | 451 | 540 | 540 |   0 |  0 |   0 |  40 | 3.200000e+01 | 6.210000e+01 |  94.06%|   0.31%
  131s|387400 |100961 |  1001k|   2.6 |   106M | 134 | 451 | 540 | 540 |   0 |  0 |   0 |  40 | 3.200000e+01 | 6.210000e+01 |  94.06%|   0.31%
  131s|387500 |100985 |  1001k|   2.6 |   106M | 134 | 451 | 540 | 540 |   0 |  0 |   0 |  40 | 3.200000e+01 | 6.210000e+01 |  94.06%|   0.31%
  131s|387600 |101011 |  1002k|   2.6 |   106M | 134 | 451 | 540 | 540 |   0 |  0 |   0 |  40 | 3.200000e+01 | 6.210000e+01 |  94.06%|   0.31%
  131s|387700 |101043 |  1002k|   2.6 |   106M | 134 | 451 | 540 | 540 |   0 |  0 |   0 |  40 | 3.200000e+01 | 6.210000e+01 |  94.06%|   0.31%
  131s|387800 |101075 |  1002k|   2.6 |   106M | 134 | 451 | 540 | 540 |   0 |  0 |   0 |  40 | 3.200000e+01 | 6.210000e+01 |  94.06%|   0.31%
  131s|387900 |101105 |  1003k|   2.6 |   106M | 134 | 451 | 540 | 540 |   0 |  0 |   0 |  40 | 3.200000e+01 | 6.210000e+01 |  94.06%|   0.31%
  131s|388000 |101131 |  1003k|   2.6 |   106M | 134 | 451 | 540 | 540 |   0 |  0 |   0 |  40 | 3.200000e+01 | 6.210000e+01 |  94.06%|   0.31%
  131s|388100 |101165 |  1003k|   2.6 |   106M | 134 | 451 | 540 | 540 |   0 |  0 |   0 |  40 | 3.200000e+01 | 6.210000e+01 |  94.06%|   0.31%
  132s|388200 |101189 |  1003k|   2.6 |   106M | 134 | 451 | 540 | 540 |   0 |  0 |   0 |  40 | 3.200000e+01 | 6.210000e+01 |  94.06%|   0.31%
  132s|388300 |101227 |  1004k|   2.6 |   106M | 134 | 451 | 540 | 540 |   0 |  0 |   0 |  40 | 3.200000e+01 | 6.210000e+01 |  94.06%|   0.31%
 time | node  | left  |LP iter|LP it/n|mem/heur|mdpt |vars |cons |rows |cuts |sepa|confs|strbr|  dualbound   | primalbound  |  gap   | compl. 
  132s|388400 |101261 |  1004k|   2.6 |   106M | 134 | 451 | 540 | 540 |   0 |  0 |   0 |  40 | 3.200000e+01 | 6.210000e+01 |  94.06%|   0.31%
  132s|388500 |101299 |  1004k|   2.6 |   106M | 134 | 451 | 540 | 540 |   0 |  0 |   0 |  40 | 3.200000e+01 | 6.210000e+01 |  94.06%|   0.31%
  132s|388600 |101337 |  1004k|   2.6 |   106M | 134 | 451 | 540 | 540 |   0 |  0 |   0 |  40 | 3.200000e+01 | 6.210000e+01 |  94.06%|   0.31%
  132s|388700 |101373 |  1005k|   2.6 |   106M | 134 | 451 | 540 | 540 |   0 |  0 |   0 |  40 | 3.200000e+01 | 6.210000e+01 |  94.06%|   0.31%
  132s|388800 |101423 |  1005k|   2.6 |   106M | 134 | 451 | 540 | 540 |   0 |  0 |   0 |  40 | 3.200000e+01 | 6.210000e+01 |  94.06%|   0.31%
  132s|388900 |101461 |  1005k|   2.6 |   106M | 134 | 451 | 540 | 540 |   0 |  0 |   0 |  40 | 3.200000e+01 | 6.210000e+01 |  94.06%|   0.31%
  132s|389000 |101493 |  1006k|   2.6 |   106M | 134 | 451 | 540 | 540 |   0 |  0 |   0 |  40 | 3.200000e+01 | 6.210000e+01 |  94.06%|   0.31%
  132s|389100 |101519 |  1006k|   2.6 |   106M | 134 | 451 | 540 | 540 |   0 |  0 |   0 |  40 | 3.200000e+01 | 6.210000e+01 |  94.06%|   0.31%
  132s|389200 |101551 |  1006k|   2.6 |   106M | 134 | 451 | 540 | 540 |   0 |  0 |   0 |  40 | 3.200000e+01 | 6.210000e+01 |  94.06%|   0.31%
  132s|389300 |101591 |  1007k|   2.6 |   106M | 134 | 451 | 540 | 540 |   0 |  0 |   0 |  40 | 3.200000e+01 | 6.210000e+01 |  94.06%|   0.31%
  132s|389400 |101617 |  1007k|   2.6 |   106M | 134 | 451 | 540 | 540 |   0 |  0 |   0 |  40 | 3.200000e+01 | 6.210000e+01 |  94.06%|   0.31%
  132s|389500 |101651 |  1007k|   2.6 |   106M | 134 | 451 | 540 | 540 |   0 |  0 |   0 |  40 | 3.200000e+01 | 6.210000e+01 |  94.06%|   0.31%
  132s|389600 |101679 |  1007k|   2.6 |   106M | 134 | 451 | 540 | 540 |   0 |  0 |   0 |  40 | 3.200000e+01 | 6.210000e+01 |  94.06%|   0.31%
  132s|389700 |101715 |  1008k|   2.6 |   106M | 134 | 451 | 540 | 540 |   0 |  0 |   0 |  40 | 3.200000e+01 | 6.210000e+01 |  94.06%|   0.31%
  132s|389800 |101757 |  1008k|   2.6 |   106M | 134 | 451 | 540 | 540 |   0 |  0 |   0 |  40 | 3.200000e+01 | 6.210000e+01 |  94.06%|   0.31%
 time | node  | left  |LP iter|LP it/n|mem/heur|mdpt |vars |cons |rows |cuts |sepa|confs|strbr|  dualbound   | primalbound  |  gap   | compl. 
  132s|389900 |101785 |  1008k|   2.6 |   106M | 134 | 451 | 540 | 540 |   0 |  0 |   0 |  40 | 3.200000e+01 | 6.210000e+01 |  94.06%|   0.31%
  132s|390000 |101809 |  1008k|   2.6 |   106M | 134 | 451 | 540 | 540 |   0 |  0 |   0 |  40 | 3.200000e+01 | 6.210000e+01 |  94.06%|   0.31%
  132s|390100 |101831 |  1009k|   2.6 |   106M | 134 | 451 | 540 | 540 |   0 |  0 |   0 |  40 | 3.200000e+01 | 6.210000e+01 |  94.06%|   0.31%
  132s|390200 |101873 |  1009k|   2.6 |   106M | 134 | 451 | 540 | 540 |   0 |  0 |   0 |  40 | 3.200000e+01 | 6.210000e+01 |  94.06%|   0.31%
  132s|390300 |101915 |  1009k|   2.6 |   106M | 134 | 451 | 540 | 540 |   0 |  0 |   0 |  40 | 3.200000e+01 | 6.210000e+01 |  94.06%|   0.31%
  132s|390400 |101957 |  1009k|   2.6 |   106M | 134 | 451 | 540 | 540 |   0 |  0 |   0 |  40 | 3.200000e+01 | 6.210000e+01 |  94.06%|   0.31%
  132s|390500 |101985 |  1010k|   2.6 |   106M | 134 | 451 | 540 | 540 |   0 |  0 |   0 |  40 | 3.200000e+01 | 6.210000e+01 |  94.06%|   0.31%
  132s|390600 |102013 |  1010k|   2.6 |   106M | 134 | 451 | 540 | 540 |   0 |  0 |   0 |  40 | 3.200000e+01 | 6.210000e+01 |  94.06%|   0.31%
  132s|390700 |102041 |  1010k|   2.6 |   106M | 134 | 451 | 540 | 540 |   0 |  0 |   0 |  40 | 3.200000e+01 | 6.210000e+01 |  94.06%|   0.31%
  132s|390800 |102075 |  1010k|   2.6 |   106M | 134 | 451 | 540 | 540 |   0 |  0 |   0 |  40 | 3.200000e+01 | 6.210000e+01 |  94.06%|   0.31%
  132s|390900 |102103 |  1011k|   2.6 |   106M | 134 | 451 | 540 | 540 |   0 |  0 |   0 |  40 | 3.200000e+01 | 6.210000e+01 |  94.06%|   0.31%
  132s|391000 |102129 |  1011k|   2.6 |   106M | 134 | 451 | 540 | 540 |   0 |  0 |   0 |  40 | 3.200000e+01 | 6.210000e+01 |  94.06%|   0.31%
  133s|391100 |102159 |  1011k|   2.6 |   106M | 134 | 451 | 540 | 540 |   0 |  0 |   0 |  40 | 3.200000e+01 | 6.210000e+01 |  94.06%|   0.31%
  133s|391200 |102187 |  1011k|   2.6 |   106M | 134 | 451 | 540 | 540 |   0 |  0 |   0 |  40 | 3.200000e+01 | 6.210000e+01 |  94.06%|   0.31%
  133s|391300 |102223 |  1012k|   2.6 |   106M | 134 | 451 | 540 | 540 |   0 |  0 |   0 |  40 | 3.200000e+01 | 6.210000e+01 |  94.06%|   0.31%
 time | node  | left  |LP iter|LP it/n|mem/heur|mdpt |vars |cons |rows |cuts |sepa|confs|strbr|  dualbound   | primalbound  |  gap   | compl. 
  133s|391400 |102259 |  1012k|   2.6 |   106M | 134 | 451 | 540 | 540 |   0 |  0 |   0 |  40 | 3.200000e+01 | 6.210000e+01 |  94.06%|   0.31%
  133s|391500 |102307 |  1012k|   2.6 |   107M | 134 | 451 | 540 | 540 |   0 |  0 |   0 |  40 | 3.200000e+01 | 6.210000e+01 |  94.06%|   0.31%
  133s|391600 |102341 |  1012k|   2.6 |   107M | 134 | 451 | 540 | 540 |   0 |  0 |   0 |  40 | 3.200000e+01 | 6.210000e+01 |  94.06%|   0.31%
  133s|391700 |102373 |  1013k|   2.6 |   107M | 134 | 451 | 540 | 540 |   0 |  0 |   0 |  40 | 3.200000e+01 | 6.210000e+01 |  94.06%|   0.31%
  133s|391800 |102405 |  1013k|   2.6 |   107M | 134 | 451 | 540 | 540 |   0 |  0 |   0 |  40 | 3.200000e+01 | 6.210000e+01 |  94.06%|   0.31%
  133s|391900 |102455 |  1013k|   2.6 |   107M | 134 | 451 | 540 | 540 |   0 |  0 |   0 |  40 | 3.200000e+01 | 6.210000e+01 |  94.06%|   0.31%
  133s|392000 |102475 |  1013k|   2.6 |   107M | 134 | 451 | 540 | 540 |   0 |  0 |   0 |  40 | 3.200000e+01 | 6.210000e+01 |  94.06%|   0.31%
  133s|392100 |102503 |  1014k|   2.6 |   107M | 134 | 451 | 540 | 540 |   0 |  0 |   0 |  40 | 3.200000e+01 | 6.210000e+01 |  94.06%|   0.31%
  133s|392200 |102515 |  1014k|   2.6 |   107M | 134 | 451 | 540 | 540 |   0 |  0 |   0 |  40 | 3.200000e+01 | 6.210000e+01 |  94.06%|   0.31%
  133s|392300 |102529 |  1014k|   2.6 |   107M | 134 | 451 | 540 | 540 |   0 |  0 |   0 |  40 | 3.200000e+01 | 6.210000e+01 |  94.06%|   0.31%
  133s|392400 |102553 |  1014k|   2.6 |   107M | 134 | 451 | 540 | 540 |   0 |  0 |   0 |  40 | 3.200000e+01 | 6.210000e+01 |  94.06%|   0.31%
  133s|392500 |102579 |  1015k|   2.6 |   107M | 134 | 451 | 540 | 540 |   0 |  0 |   0 |  40 | 3.200000e+01 | 6.210000e+01 |  94.06%|   0.31%
  133s|392600 |102609 |  1015k|   2.6 |   107M | 134 | 451 | 540 | 540 |   0 |  0 |   0 |  40 | 3.200000e+01 | 6.210000e+01 |  94.06%|   0.31%
  133s|392700 |102625 |  1015k|   2.6 |   107M | 134 | 451 | 540 | 540 |   0 |  0 |   0 |  40 | 3.200000e+01 | 6.210000e+01 |  94.06%|   0.31%
  133s|392800 |102649 |  1015k|   2.6 |   107M | 134 | 451 | 540 | 540 |   0 |  0 |   0 |  40 | 3.200000e+01 | 6.210000e+01 |  94.06%|   0.31%
 time | node  | left  |LP iter|LP it/n|mem/heur|mdpt |vars |cons |rows |cuts |sepa|confs|strbr|  dualbound   | primalbound  |  gap   | compl. 
  133s|392900 |102671 |  1016k|   2.6 |   107M | 134 | 451 | 540 | 540 |   0 |  0 |   0 |  40 | 3.200000e+01 | 6.210000e+01 |  94.06%|   0.31%
  133s|393000 |102693 |  1016k|   2.6 |   107M | 134 | 451 | 540 | 540 |   0 |  0 |   0 |  40 | 3.200000e+01 | 6.210000e+01 |  94.06%|   0.31%
  133s|393100 |102715 |  1016k|   2.6 |   107M | 134 | 451 | 540 | 540 |   0 |  0 |   0 |  40 | 3.200000e+01 | 6.210000e+01 |  94.06%|   0.31%
  133s|393200 |102749 |  1016k|   2.6 |   107M | 134 | 451 | 540 | 540 |   0 |  0 |   0 |  40 | 3.200000e+01 | 6.210000e+01 |  94.06%|   0.31%
  133s|393300 |102787 |  1017k|   2.6 |   107M | 134 | 451 | 540 | 540 |   0 |  0 |   0 |  40 | 3.200000e+01 | 6.210000e+01 |  94.06%|   0.31%
  133s|393400 |102819 |  1017k|   2.6 |   107M | 134 | 451 | 540 | 540 |   0 |  0 |   0 |  40 | 3.200000e+01 | 6.210000e+01 |  94.06%|   0.31%
  133s|393500 |102839 |  1017k|   2.6 |   107M | 134 | 451 | 540 | 540 |   0 |  0 |   0 |  40 | 3.200000e+01 | 6.210000e+01 |  94.06%|   0.31%
  133s|393600 |102867 |  1017k|   2.6 |   107M | 134 | 451 | 540 | 540 |   0 |  0 |   0 |  40 | 3.200000e+01 | 6.210000e+01 |  94.06%|   0.31%
  133s|393700 |102907 |  1018k|   2.6 |   107M | 134 | 451 | 540 | 540 |   0 |  0 |   0 |  40 | 3.200000e+01 | 6.210000e+01 |  94.06%|   0.31%
  133s|393800 |102937 |  1018k|   2.6 |   107M | 134 | 451 | 540 | 540 |   0 |  0 |   0 |  40 | 3.200000e+01 | 6.210000e+01 |  94.06%|   0.31%
  133s|393900 |102979 |  1018k|   2.6 |   107M | 134 | 451 | 540 | 540 |   0 |  0 |   0 |  40 | 3.200000e+01 | 6.210000e+01 |  94.06%|   0.31%
  134s|394000 |103037 |  1018k|   2.6 |   107M | 134 | 451 | 540 | 540 |   0 |  0 |   0 |  40 | 3.200000e+01 | 6.210000e+01 |  94.06%|   0.31%
  134s|394100 |103069 |  1019k|   2.6 |   107M | 134 | 451 | 540 | 540 |   0 |  0 |   0 |  40 | 3.200000e+01 | 6.210000e+01 |  94.06%|   0.31%
  134s|394200 |103113 |  1019k|   2.6 |   107M | 134 | 451 | 540 | 540 |   0 |  0 |   0 |  40 | 3.200000e+01 | 6.210000e+01 |  94.06%|   0.31%
  134s|394300 |103161 |  1019k|   2.6 |   107M | 134 | 451 | 540 | 540 |   0 |  0 |   0 |  40 | 3.200000e+01 | 6.210000e+01 |  94.06%|   0.31%
 time | node  | left  |LP iter|LP it/n|mem/heur|mdpt |vars |cons |rows |cuts |sepa|confs|strbr|  dualbound   | primalbound  |  gap   | compl. 
  134s|394400 |103207 |  1019k|   2.6 |   107M | 134 | 451 | 540 | 540 |   0 |  0 |   0 |  40 | 3.200000e+01 | 6.210000e+01 |  94.06%|   0.31%
  134s|394500 |103253 |  1020k|   2.6 |   107M | 134 | 451 | 540 | 540 |   0 |  0 |   0 |  40 | 3.200000e+01 | 6.210000e+01 |  94.06%|   0.31%
  134s|394600 |103299 |  1020k|   2.6 |   107M | 134 | 451 | 540 | 540 |   0 |  0 |   0 |  40 | 3.200000e+01 | 6.210000e+01 |  94.06%|   0.31%
  134s|394700 |103335 |  1020k|   2.6 |   107M | 134 | 451 | 540 | 540 |   0 |  0 |   0 |  40 | 3.200000e+01 | 6.210000e+01 |  94.06%|   0.31%
  134s|394800 |103371 |  1020k|   2.6 |   107M | 134 | 451 | 540 | 540 |   0 |  0 |   0 |  40 | 3.200000e+01 | 6.210000e+01 |  94.06%|   0.31%
  134s|394900 |103411 |  1021k|   2.6 |   107M | 134 | 451 | 540 | 540 |   0 |  0 |   0 |  40 | 3.200000e+01 | 6.210000e+01 |  94.06%|   0.31%
  134s|395000 |103447 |  1021k|   2.6 |   107M | 134 | 451 | 540 | 540 |   0 |  0 |   0 |  40 | 3.200000e+01 | 6.210000e+01 |  94.06%|   0.31%
  134s|395100 |103475 |  1021k|   2.6 |   107M | 134 | 451 | 540 | 540 |   0 |  0 |   0 |  40 | 3.200000e+01 | 6.210000e+01 |  94.06%|   0.31%
  134s|395200 |103503 |  1021k|   2.6 |   107M | 134 | 451 | 540 | 540 |   0 |  0 |   0 |  40 | 3.200000e+01 | 6.210000e+01 |  94.06%|   0.31%
  134s|395300 |103521 |  1022k|   2.6 |   107M | 134 | 451 | 540 | 540 |   0 |  0 |   0 |  40 | 3.200000e+01 | 6.210000e+01 |  94.06%|   0.31%
  134s|395400 |103545 |  1022k|   2.6 |   107M | 134 | 451 | 540 | 540 |   0 |  0 |   0 |  40 | 3.200000e+01 | 6.210000e+01 |  94.06%|   0.31%
  134s|395500 |103601 |  1022k|   2.6 |   107M | 134 | 451 | 540 | 540 |   0 |  0 |   0 |  40 | 3.200000e+01 | 6.210000e+01 |  94.06%|   0.31%
  134s|395600 |103639 |  1023k|   2.6 |   107M | 134 | 451 | 540 | 540 |   0 |  0 |   0 |  40 | 3.200000e+01 | 6.210000e+01 |  94.06%|   0.31%
  134s|395700 |103673 |  1023k|   2.6 |   107M | 134 | 451 | 540 | 540 |   0 |  0 |   0 |  40 | 3.200000e+01 | 6.210000e+01 |  94.06%|   0.31%
  134s|395800 |103715 |  1023k|   2.6 |   108M | 134 | 451 | 540 | 540 |   0 |  0 |   0 |  40 | 3.200000e+01 | 6.210000e+01 |  94.06%|   0.31%
 time | node  | left  |LP iter|LP it/n|mem/heur|mdpt |vars |cons |rows |cuts |sepa|confs|strbr|  dualbound   | primalbound  |  gap   | compl. 
  134s|395900 |103743 |  1024k|   2.6 |   108M | 134 | 451 | 540 | 540 |   0 |  0 |   0 |  40 | 3.200000e+01 | 6.210000e+01 |  94.06%|   0.31%
  134s|396000 |103789 |  1024k|   2.6 |   108M | 134 | 451 | 540 | 540 |   0 |  0 |   0 |  40 | 3.200000e+01 | 6.210000e+01 |  94.06%|   0.31%
  134s|396100 |103845 |  1024k|   2.6 |   108M | 134 | 451 | 540 | 540 |   0 |  0 |   0 |  40 | 3.200000e+01 | 6.210000e+01 |  94.06%|   0.31%
  134s|396200 |103885 |  1024k|   2.6 |   108M | 134 | 451 | 540 | 540 |   0 |  0 |   0 |  40 | 3.200000e+01 | 6.210000e+01 |  94.06%|   0.31%
  134s|396300 |103923 |  1025k|   2.6 |   108M | 134 | 451 | 540 | 540 |   0 |  0 |   0 |  40 | 3.200000e+01 | 6.210000e+01 |  94.06%|   0.31%
  134s|396400 |103971 |  1025k|   2.6 |   108M | 134 | 451 | 540 | 540 |   0 |  0 |   0 |  40 | 3.200000e+01 | 6.210000e+01 |  94.06%|   0.31%
  134s|396500 |104017 |  1025k|   2.6 |   108M | 134 | 451 | 540 | 540 |   0 |  0 |   0 |  40 | 3.200000e+01 | 6.210000e+01 |  94.06%|   0.31%
  134s|396600 |104057 |  1026k|   2.6 |   108M | 134 | 451 | 540 | 540 |   0 |  0 |   0 |  40 | 3.200000e+01 | 6.210000e+01 |  94.06%|   0.31%
  134s|396700 |104075 |  1026k|   2.6 |   108M | 134 | 451 | 540 | 540 |   0 |  0 |   0 |  40 | 3.200000e+01 | 6.210000e+01 |  94.06%|   0.31%
  135s|396800 |104097 |  1026k|   2.6 |   108M | 134 | 451 | 540 | 540 |   0 |  0 |   0 |  40 | 3.200000e+01 | 6.210000e+01 |  94.06%|   0.31%
  135s|396900 |104117 |  1026k|   2.6 |   108M | 134 | 451 | 540 | 540 |   0 |  0 |   0 |  40 | 3.200000e+01 | 6.210000e+01 |  94.06%|   0.31%
  135s|397000 |104141 |  1027k|   2.6 |   108M | 134 | 451 | 540 | 540 |   0 |  0 |   0 |  40 | 3.200000e+01 | 6.210000e+01 |  94.06%|   0.31%
  135s|397100 |104171 |  1027k|   2.6 |   108M | 134 | 451 | 540 | 540 |   0 |  0 |   0 |  40 | 3.200000e+01 | 6.210000e+01 |  94.06%|   0.31%
  135s|397200 |104203 |  1027k|   2.6 |   108M | 134 | 451 | 540 | 540 |   0 |  0 |   0 |  40 | 3.200000e+01 | 6.210000e+01 |  94.06%|   0.31%
  135s|397300 |104233 |  1028k|   2.6 |   108M | 134 | 451 | 540 | 540 |   0 |  0 |   0 |  40 | 3.200000e+01 | 6.210000e+01 |  94.06%|   0.31%
 time | node  | left  |LP iter|LP it/n|mem/heur|mdpt |vars |cons |rows |cuts |sepa|confs|strbr|  dualbound   | primalbound  |  gap   | compl. 
  135s|397400 |104271 |  1028k|   2.6 |   108M | 134 | 451 | 540 | 540 |   0 |  0 |   0 |  40 | 3.200000e+01 | 6.210000e+01 |  94.06%|   0.31%
  135s|397500 |104301 |  1028k|   2.6 |   108M | 134 | 451 | 540 | 540 |   0 |  0 |   0 |  40 | 3.200000e+01 | 6.210000e+01 |  94.06%|   0.31%
  135s|397600 |104327 |  1028k|   2.6 |   109M | 134 | 451 | 540 | 540 |   0 |  0 |   0 |  40 | 3.200000e+01 | 6.210000e+01 |  94.06%|   0.31%
  135s|397700 |104355 |  1029k|   2.6 |   109M | 134 | 451 | 540 | 540 |   0 |  0 |   0 |  40 | 3.200000e+01 | 6.210000e+01 |  94.06%|   0.31%
  135s|397800 |104387 |  1029k|   2.6 |   109M | 134 | 451 | 540 | 540 |   0 |  0 |   0 |  40 | 3.200000e+01 | 6.210000e+01 |  94.06%|   0.31%
  135s|397900 |104407 |  1029k|   2.6 |   109M | 134 | 451 | 540 | 540 |   0 |  0 |   0 |  40 | 3.200000e+01 | 6.210000e+01 |  94.06%|   0.31%
  135s|398000 |104435 |  1030k|   2.6 |   109M | 134 | 451 | 540 | 540 |   0 |  0 |   0 |  40 | 3.200000e+01 | 6.210000e+01 |  94.06%|   0.31%
  135s|398100 |104461 |  1030k|   2.6 |   109M | 134 | 451 | 540 | 540 |   0 |  0 |   0 |  40 | 3.200000e+01 | 6.210000e+01 |  94.06%|   0.31%
  135s|398200 |104483 |  1030k|   2.6 |   109M | 134 | 451 | 540 | 540 |   0 |  0 |   0 |  40 | 3.200000e+01 | 6.210000e+01 |  94.06%|   0.31%
  135s|398300 |104505 |  1031k|   2.6 |   109M | 134 | 451 | 540 | 540 |   0 |  0 |   0 |  40 | 3.200000e+01 | 6.210000e+01 |  94.06%|   0.31%
  135s|398400 |104535 |  1031k|   2.6 |   109M | 134 | 451 | 540 | 540 |   0 |  0 |   0 |  40 | 3.200000e+01 | 6.210000e+01 |  94.06%|   0.31%
  135s|398500 |104565 |  1031k|   2.6 |   109M | 134 | 451 | 540 | 540 |   0 |  0 |   0 |  40 | 3.200000e+01 | 6.210000e+01 |  94.06%|   0.31%
  135s|398600 |104597 |  1031k|   2.6 |   109M | 134 | 451 | 540 | 540 |   0 |  0 |   0 |  40 | 3.200000e+01 | 6.210000e+01 |  94.06%|   0.31%
  135s|398700 |104627 |  1032k|   2.6 |   109M | 134 | 451 | 540 | 540 |   0 |  0 |   0 |  40 | 3.200000e+01 | 6.210000e+01 |  94.06%|   0.31%
  135s|398800 |104651 |  1032k|   2.6 |   109M | 134 | 451 | 540 | 540 |   0 |  0 |   0 |  40 | 3.200000e+01 | 6.210000e+01 |  94.06%|   0.31%
 time | node  | left  |LP iter|LP it/n|mem/heur|mdpt |vars |cons |rows |cuts |sepa|confs|strbr|  dualbound   | primalbound  |  gap   | compl. 
  135s|398900 |104701 |  1032k|   2.6 |   109M | 134 | 451 | 540 | 540 |   0 |  0 |   0 |  40 | 3.200000e+01 | 6.210000e+01 |  94.06%|   0.31%
  135s|399000 |104721 |  1033k|   2.6 |   109M | 134 | 451 | 540 | 540 |   0 |  0 |   0 |  40 | 3.200000e+01 | 6.210000e+01 |  94.06%|   0.31%
  135s|399100 |104745 |  1033k|   2.6 |   109M | 134 | 451 | 540 | 540 |   0 |  0 |   0 |  40 | 3.200000e+01 | 6.210000e+01 |  94.06%|   0.31%
  135s|399200 |104767 |  1033k|   2.6 |   109M | 134 | 451 | 540 | 540 |   0 |  0 |   0 |  40 | 3.200000e+01 | 6.210000e+01 |  94.06%|   0.31%
  135s|399300 |104807 |  1033k|   2.6 |   109M | 134 | 451 | 540 | 540 |   0 |  0 |   0 |  40 | 3.200000e+01 | 6.210000e+01 |  94.06%|   0.31%
  135s|399400 |104853 |  1034k|   2.6 |   109M | 134 | 451 | 540 | 540 |   0 |  0 |   0 |  40 | 3.200000e+01 | 6.210000e+01 |  94.06%|   0.31%
  135s|399500 |104881 |  1034k|   2.6 |   109M | 134 | 451 | 540 | 540 |   0 |  0 |   0 |  40 | 3.200000e+01 | 6.210000e+01 |  94.06%|   0.31%
  135s|399600 |104923 |  1034k|   2.6 |   109M | 134 | 451 | 540 | 540 |   0 |  0 |   0 |  40 | 3.200000e+01 | 6.210000e+01 |  94.06%|   0.31%
  136s|399700 |104963 |  1034k|   2.6 |   109M | 134 | 451 | 540 | 540 |   0 |  0 |   0 |  40 | 3.200000e+01 | 6.210000e+01 |  94.06%|   0.31%
  136s|399800 |105001 |  1035k|   2.6 |   109M | 134 | 451 | 540 | 540 |   0 |  0 |   0 |  40 | 3.200000e+01 | 6.210000e+01 |  94.06%|   0.31%
  136s|399900 |105045 |  1035k|   2.6 |   109M | 134 | 451 | 540 | 540 |   0 |  0 |   0 |  40 | 3.200000e+01 | 6.210000e+01 |  94.06%|   0.31%
  136s|400000 |105087 |  1035k|   2.6 |   109M | 134 | 451 | 540 | 540 |   0 |  0 |   0 |  40 | 3.200000e+01 | 6.210000e+01 |  94.06%|   0.31%
  136s|400100 |105121 |  1035k|   2.6 |   109M | 134 | 451 | 540 | 540 |   0 |  0 |   0 |  40 | 3.200000e+01 | 6.210000e+01 |  94.06%|   0.31%
  136s|400200 |105149 |  1036k|   2.6 |   109M | 134 | 451 | 540 | 540 |   0 |  0 |   0 |  40 | 3.200000e+01 | 6.210000e+01 |  94.06%|   0.31%
  136s|400300 |105185 |  1036k|   2.6 |   109M | 134 | 451 | 540 | 540 |   0 |  0 |   0 |  40 | 3.200000e+01 | 6.210000e+01 |  94.06%|   0.31%
 time | node  | left  |LP iter|LP it/n|mem/heur|mdpt |vars |cons |rows |cuts |sepa|confs|strbr|  dualbound   | primalbound  |  gap   | compl. 
  136s|400400 |105213 |  1036k|   2.6 |   109M | 134 | 451 | 540 | 540 |   0 |  0 |   0 |  40 | 3.200000e+01 | 6.210000e+01 |  94.06%|   0.31%
  136s|400500 |105241 |  1036k|   2.6 |   109M | 134 | 451 | 540 | 540 |   0 |  0 |   0 |  40 | 3.200000e+01 | 6.210000e+01 |  94.06%|   0.31%
  136s|400600 |105279 |  1037k|   2.6 |   109M | 134 | 451 | 540 | 540 |   0 |  0 |   0 |  40 | 3.200000e+01 | 6.210000e+01 |  94.06%|   0.31%
  136s|400700 |105315 |  1037k|   2.6 |   109M | 134 | 451 | 540 | 540 |   0 |  0 |   0 |  40 | 3.200000e+01 | 6.210000e+01 |  94.06%|   0.31%
  136s|400800 |105353 |  1037k|   2.6 |   109M | 134 | 451 | 540 | 540 |   0 |  0 |   0 |  40 | 3.200000e+01 | 6.210000e+01 |  94.06%|   0.31%
  136s|400900 |105383 |  1037k|   2.6 |   109M | 134 | 451 | 540 | 540 |   0 |  0 |   0 |  40 | 3.200000e+01 | 6.210000e+01 |  94.06%|   0.31%
  136s|401000 |105417 |  1038k|   2.6 |   109M | 134 | 451 | 540 | 540 |   0 |  0 |   0 |  40 | 3.200000e+01 | 6.210000e+01 |  94.06%|   0.31%
  136s|401100 |105449 |  1038k|   2.6 |   109M | 134 | 451 | 540 | 540 |   0 |  0 |   0 |  40 | 3.200000e+01 | 6.210000e+01 |  94.06%|   0.31%
  136s|401200 |105499 |  1038k|   2.6 |   109M | 134 | 451 | 540 | 540 |   0 |  0 |   0 |  40 | 3.200000e+01 | 6.210000e+01 |  94.06%|   0.31%
  136s|401300 |105539 |  1038k|   2.6 |   109M | 134 | 451 | 540 | 540 |   0 |  0 |   0 |  40 | 3.200000e+01 | 6.210000e+01 |  94.06%|   0.31%
  136s|401400 |105565 |  1039k|   2.6 |   109M | 134 | 451 | 540 | 540 |   0 |  0 |   0 |  40 | 3.200000e+01 | 6.210000e+01 |  94.06%|   0.31%
  136s|401500 |105593 |  1039k|   2.6 |   109M | 134 | 451 | 540 | 540 |   0 |  0 |   0 |  40 | 3.200000e+01 | 6.210000e+01 |  94.06%|   0.31%
  136s|401600 |105629 |  1039k|   2.6 |   109M | 134 | 451 | 540 | 540 |   0 |  0 |   0 |  40 | 3.200000e+01 | 6.210000e+01 |  94.06%|   0.31%
  136s|401700 |105677 |  1039k|   2.6 |   109M | 134 | 451 | 540 | 540 |   0 |  0 |   0 |  40 | 3.200000e+01 | 6.210000e+01 |  94.06%|   0.31%
  136s|401800 |105711 |  1040k|   2.6 |   109M | 134 | 451 | 540 | 540 |   0 |  0 |   0 |  40 | 3.200000e+01 | 6.210000e+01 |  94.06%|   0.31%
 time | node  | left  |LP iter|LP it/n|mem/heur|mdpt |vars |cons |rows |cuts |sepa|confs|strbr|  dualbound   | primalbound  |  gap   | compl. 
  136s|401900 |105743 |  1040k|   2.6 |   109M | 134 | 451 | 540 | 540 |   0 |  0 |   0 |  40 | 3.200000e+01 | 6.210000e+01 |  94.06%|   0.31%
  136s|402000 |105789 |  1040k|   2.6 |   109M | 134 | 451 | 540 | 540 |   0 |  0 |   0 |  40 | 3.200000e+01 | 6.210000e+01 |  94.06%|   0.31%
  136s|402100 |105821 |  1040k|   2.6 |   109M | 134 | 451 | 540 | 540 |   0 |  0 |   0 |  40 | 3.200000e+01 | 6.210000e+01 |  94.06%|   0.31%
  136s|402200 |105849 |  1041k|   2.6 |   109M | 134 | 451 | 540 | 540 |   0 |  0 |   0 |  40 | 3.200000e+01 | 6.210000e+01 |  94.06%|   0.31%
  136s|402300 |105887 |  1041k|   2.6 |   109M | 134 | 451 | 540 | 540 |   0 |  0 |   0 |  40 | 3.200000e+01 | 6.210000e+01 |  94.06%|   0.31%
  136s|402400 |105923 |  1041k|   2.6 |   109M | 134 | 451 | 540 | 540 |   0 |  0 |   0 |  40 | 3.200000e+01 | 6.210000e+01 |  94.06%|   0.31%
  136s|402500 |105955 |  1041k|   2.6 |   109M | 134 | 451 | 540 | 540 |   0 |  0 |   0 |  40 | 3.200000e+01 | 6.210000e+01 |  94.06%|   0.31%
  137s|402600 |106017 |  1042k|   2.6 |   109M | 134 | 451 | 540 | 540 |   0 |  0 |   0 |  40 | 3.200000e+01 | 6.210000e+01 |  94.06%|   0.31%
  137s|402700 |106071 |  1042k|   2.6 |   109M | 134 | 451 | 540 | 540 |   0 |  0 |   0 |  40 | 3.200000e+01 | 6.210000e+01 |  94.06%|   0.31%
  137s|402800 |106105 |  1042k|   2.6 |   109M | 134 | 451 | 540 | 540 |   0 |  0 |   0 |  40 | 3.200000e+01 | 6.210000e+01 |  94.06%|   0.31%
  137s|402900 |106149 |  1042k|   2.6 |   109M | 134 | 451 | 540 | 540 |   0 |  0 |   0 |  40 | 3.200000e+01 | 6.210000e+01 |  94.06%|   0.31%
  137s|403000 |106181 |  1043k|   2.6 |   109M | 134 | 451 | 540 | 540 |   0 |  0 |   0 |  40 | 3.200000e+01 | 6.210000e+01 |  94.06%|   0.31%
  137s|403100 |106229 |  1043k|   2.6 |   109M | 134 | 451 | 540 | 540 |   0 |  0 |   0 |  40 | 3.200000e+01 | 6.210000e+01 |  94.06%|   0.31%
  137s|403200 |106261 |  1043k|   2.6 |   109M | 134 | 451 | 540 | 540 |   0 |  0 |   0 |  40 | 3.200000e+01 | 6.210000e+01 |  94.06%|   0.31%
  137s|403300 |106309 |  1043k|   2.6 |   109M | 134 | 451 | 540 | 540 |   0 |  0 |   0 |  40 | 3.200000e+01 | 6.210000e+01 |  94.06%|   0.31%
 time | node  | left  |LP iter|LP it/n|mem/heur|mdpt |vars |cons |rows |cuts |sepa|confs|strbr|  dualbound   | primalbound  |  gap   | compl. 
  137s|403400 |106363 |  1044k|   2.6 |   110M | 134 | 451 | 540 | 540 |   0 |  0 |   0 |  40 | 3.200000e+01 | 6.210000e+01 |  94.06%|   0.31%
  137s|403500 |106409 |  1044k|   2.6 |   111M | 134 | 451 | 540 | 540 |   0 |  0 |   0 |  40 | 3.200000e+01 | 6.210000e+01 |  94.06%|   0.31%
  137s|403600 |106463 |  1044k|   2.6 |   111M | 134 | 451 | 540 | 540 |   0 |  0 |   0 |  40 | 3.200000e+01 | 6.210000e+01 |  94.06%|   0.31%
  137s|403700 |106509 |  1044k|   2.6 |   111M | 134 | 451 | 540 | 540 |   0 |  0 |   0 |  40 | 3.200000e+01 | 6.210000e+01 |  94.06%|   0.31%
  137s|403800 |106547 |  1045k|   2.6 |   111M | 134 | 451 | 540 | 540 |   0 |  0 |   0 |  40 | 3.200000e+01 | 6.210000e+01 |  94.06%|   0.31%
  137s|403900 |106567 |  1045k|   2.6 |   111M | 134 | 451 | 540 | 540 |   0 |  0 |   0 |  40 | 3.200000e+01 | 6.210000e+01 |  94.06%|   0.31%
  137s|404000 |106605 |  1045k|   2.6 |   111M | 134 | 451 | 540 | 540 |   0 |  0 |   0 |  40 | 3.200000e+01 | 6.210000e+01 |  94.06%|   0.31%
  137s|404100 |106637 |  1045k|   2.6 |   111M | 134 | 451 | 540 | 540 |   0 |  0 |   0 |  40 | 3.200000e+01 | 6.210000e+01 |  94.06%|   0.31%
  137s|404200 |106673 |  1046k|   2.6 |   111M | 134 | 451 | 540 | 540 |   0 |  0 |   0 |  40 | 3.200000e+01 | 6.210000e+01 |  94.06%|   0.31%
  137s|404300 |106711 |  1046k|   2.6 |   111M | 134 | 451 | 540 | 540 |   0 |  0 |   0 |  40 | 3.200000e+01 | 6.210000e+01 |  94.06%|   0.31%
  137s|404400 |106749 |  1046k|   2.6 |   111M | 134 | 451 | 540 | 540 |   0 |  0 |   0 |  40 | 3.200000e+01 | 6.210000e+01 |  94.06%|   0.31%
  137s|404500 |106787 |  1046k|   2.6 |   111M | 134 | 451 | 540 | 540 |   0 |  0 |   0 |  40 | 3.200000e+01 | 6.210000e+01 |  94.06%|   0.31%
  137s|404600 |106833 |  1047k|   2.6 |   111M | 134 | 451 | 540 | 540 |   0 |  0 |   0 |  40 | 3.200000e+01 | 6.210000e+01 |  94.06%|   0.31%
  137s|404700 |106893 |  1047k|   2.6 |   111M | 134 | 451 | 540 | 540 |   0 |  0 |   0 |  40 | 3.200000e+01 | 6.210000e+01 |  94.06%|   0.31%
  137s|404800 |106941 |  1047k|   2.6 |   111M | 134 | 451 | 540 | 540 |   0 |  0 |   0 |  40 | 3.200000e+01 | 6.210000e+01 |  94.06%|   0.31%
 time | node  | left  |LP iter|LP it/n|mem/heur|mdpt |vars |cons |rows |cuts |sepa|confs|strbr|  dualbound   | primalbound  |  gap   | compl. 
  137s|404900 |106991 |  1047k|   2.6 |   111M | 134 | 451 | 540 | 540 |   0 |  0 |   0 |  40 | 3.200000e+01 | 6.210000e+01 |  94.06%|   0.31%
  137s|405000 |107025 |  1048k|   2.6 |   111M | 134 | 451 | 540 | 540 |   0 |  0 |   0 |  40 | 3.200000e+01 | 6.210000e+01 |  94.06%|   0.31%
  137s|405100 |107091 |  1048k|   2.6 |   111M | 134 | 451 | 540 | 540 |   0 |  0 |   0 |  40 | 3.200000e+01 | 6.210000e+01 |  94.06%|   0.31%
  137s|405200 |107139 |  1048k|   2.6 |   111M | 134 | 451 | 540 | 540 |   0 |  0 |   0 |  40 | 3.200000e+01 | 6.210000e+01 |  94.06%|   0.31%
