1/1 feasible solution given by solution candidate storage, new primal bound 7.700000e+01

presolving:
presolving (0 rounds: 0 fast, 0 medium, 0 exhaustive):
 0 deleted vars, 0 deleted constraints, 0 added constraints, 0 tightened bounds, 0 added holes, 0 changed sides, 0 changed coefficients
 0 implications, 0 cliques, 0 implied integral variables (0 bin, 0 int, 0 cont)
presolved problem has 241 variables (210 bin, 0 int, 31 cont) and 1275 constraints
   1275 constraints of type <linear>
Presolving Time: 0.00
transformed 1/1 original solutions to the transformed problem space

 time | node  | left  |LP iter|LP it/n|mem/heur|mdpt |vars |cons |rows |cuts |sepa|confs|strbr|  dualbound   | primalbound  |  gap   | compl. 
  0.0s|     1 |     0 |   186 |     - |  4542k |   0 | 241 |1275 |1275 |   0 |  0 |   0 |   0 | 5.000000e+01 | 7.700000e+01 |  54.00%| unknown
  0.0s|     1 |     2 |   190 |     - |  4601k |   0 | 241 |1275 |1275 |   0 |  0 |   0 |  17 | 5.000000e+01 | 7.700000e+01 |  54.00%| unknown
  0.1s|   100 |    99 |   924 |   7.5 |  4753k |  77 | 241 |1275 |1275 |   0 |  0 |   0 |  17 | 5.000000e+01 | 7.700000e+01 |  54.00%| unknown
  0.1s|   200 |   195 |  2248 |  10.4 |  4792k |  83 | 241 |1275 |1275 |   0 |  0 |   0 |  17 | 5.000000e+01 | 7.700000e+01 |  54.00%| unknown
  0.2s|   300 |   293 |  2878 |   9.0 |  5355k |  89 | 241 |1275 |1275 |   0 |  0 |   0 |  17 | 5.000000e+01 | 7.700000e+01 |  54.00%| unknown
  0.2s|   400 |   389 |  3416 |   8.1 |  5482k |  89 | 241 |1275 |1275 |   0 |  0 |   0 |  17 | 5.000000e+01 | 7.700000e+01 |  54.00%| unknown
  0.3s|   500 |   483 |  4109 |   7.9 |  5613k |  89 | 241 |1275 |1275 |   0 |  0 |   0 |  17 | 5.000000e+01 | 7.700000e+01 |  54.00%| unknown
  0.3s|   600 |   577 |  4913 |   7.9 |  5613k | 109 | 241 |1275 |1275 |   0 |  0 |   0 |  17 | 5.000000e+01 | 7.700000e+01 |  54.00%| unknown
  0.4s|   700 |   669 |  5689 |   7.9 |  5646k | 111 | 241 |1275 |1275 |   0 |  0 |   0 |  17 | 5.000000e+01 | 7.700000e+01 |  54.00%| unknown
  0.4s|   800 |   767 |  6320 |   7.7 |  5900k | 111 | 241 |1275 |1275 |   0 |  0 |   0 |  17 | 5.000000e+01 | 7.700000e+01 |  54.00%| unknown
  0.5s|   900 |   863 |  6986 |   7.6 |  5900k | 111 | 241 |1275 |1275 |   0 |  0 |   0 |  17 | 5.000000e+01 | 7.700000e+01 |  54.00%| unknown
  0.5s|  1000 |   961 |  7585 |   7.4 |  5933k | 111 | 241 |1275 |1275 |   0 |  0 |   0 |  17 | 5.000000e+01 | 7.700000e+01 |  54.00%| unknown
  0.5s|  1100 |  1061 |  8258 |   7.3 |  5933k | 111 | 241 |1275 |1275 |   0 |  0 |   0 |  17 | 5.000000e+01 | 7.700000e+01 |  54.00%| unknown
  0.6s|  1200 |  1153 |  8944 |   7.3 |  5933k | 111 | 241 |1275 |1275 |   0 |  0 |   0 |  17 | 5.000000e+01 | 7.700000e+01 |  54.00%| unknown
  0.6s|  1300 |  1249 |  9513 |   7.2 |  5997k | 111 | 241 |1275 |1275 |   0 |  0 |   0 |  17 | 5.000000e+01 | 7.700000e+01 |  54.00%| unknown
 time | node  | left  |LP iter|LP it/n|mem/heur|mdpt |vars |cons |rows |cuts |sepa|confs|strbr|  dualbound   | primalbound  |  gap   | compl. 
  0.7s|  1400 |  1345 | 10138 |   7.1 |  5997k | 111 | 241 |1275 |1275 |   0 |  0 |   0 |  17 | 5.000000e+01 | 7.700000e+01 |  54.00%| unknown
  0.7s|  1500 |  1445 | 10733 |   7.0 |  6389k | 111 | 241 |1275 |1275 |   0 |  0 |   0 |  17 | 5.000000e+01 | 7.700000e+01 |  54.00%| unknown
  0.8s|  1600 |  1543 | 11291 |   6.9 |  6635k | 111 | 241 |1275 |1275 |   0 |  0 |   0 |  17 | 5.000000e+01 | 7.700000e+01 |  54.00%| unknown
  0.8s|  1700 |  1639 | 11799 |   6.8 |  6635k | 111 | 241 |1275 |1275 |   0 |  0 |   0 |  17 | 5.000000e+01 | 7.700000e+01 |  54.00%| unknown
  0.9s|  1800 |  1733 | 12479 |   6.8 |  6635k | 111 | 241 |1275 |1275 |   0 |  0 |   0 |  17 | 5.000000e+01 | 7.700000e+01 |  54.00%| unknown
  0.9s|  1900 |  1819 | 13164 |   6.8 |  6635k | 111 | 241 |1275 |1275 |   0 |  0 |   0 |  17 | 5.000000e+01 | 7.700000e+01 |  54.00%| unknown
  1.0s|  2000 |  1913 | 13917 |   6.9 |  7683k | 111 | 241 |1275 |1275 |   0 |  0 |   0 |  17 | 5.000000e+01 | 7.700000e+01 |  54.00%| unknown
  1.0s|  2100 |  2005 | 14539 |   6.8 |  7683k | 111 | 241 |1275 |1275 |   0 |  0 |   0 |  17 | 5.000000e+01 | 7.700000e+01 |  54.00%| unknown
  1.1s|  2200 |  2099 | 15323 |   6.9 |  7683k | 111 | 241 |1275 |1275 |   0 |  0 |   0 |  17 | 5.000000e+01 | 7.700000e+01 |  54.00%| unknown
  1.1s|  2300 |  2197 | 15948 |   6.9 |  7683k | 111 | 241 |1275 |1275 |   0 |  0 |   0 |  17 | 5.000000e+01 | 7.700000e+01 |  54.00%| unknown
  1.1s|  2400 |  2293 | 16719 |   6.9 |  7683k | 111 | 241 |1275 |1275 |   0 |  0 |   0 |  17 | 5.000000e+01 | 7.700000e+01 |  54.00%| unknown
  1.2s|  2500 |  2387 | 17376 |   6.9 |  7683k | 111 | 241 |1275 |1275 |   0 |  0 |   0 |  17 | 5.000000e+01 | 7.700000e+01 |  54.00%| unknown
  1.2s|  2600 |  2481 | 17976 |   6.8 |  7683k | 111 | 241 |1275 |1275 |   0 |  0 |   0 |  17 | 5.000000e+01 | 7.700000e+01 |  54.00%| unknown
  1.3s|  2700 |  2581 | 18541 |   6.8 |  7813k | 111 | 241 |1275 |1275 |   0 |  0 |   0 |  17 | 5.000000e+01 | 7.700000e+01 |  54.00%| unknown
  1.3s|  2800 |  2671 | 19124 |   6.8 |  7813k | 111 | 241 |1275 |1275 |   0 |  0 |   0 |  17 | 5.000000e+01 | 7.700000e+01 |  54.00%| unknown
 time | node  | left  |LP iter|LP it/n|mem/heur|mdpt |vars |cons |rows |cuts |sepa|confs|strbr|  dualbound   | primalbound  |  gap   | compl. 
  1.4s|  2900 |  2759 | 19983 |   6.8 |  8337k | 111 | 241 |1275 |1275 |   0 |  0 |   0 |  17 | 5.000000e+01 | 7.700000e+01 |  54.00%| unknown
  1.4s|  3000 |  2859 | 20615 |   6.8 |  8337k | 111 | 241 |1275 |1275 |   0 |  0 |   0 |  17 | 5.000000e+01 | 7.700000e+01 |  54.00%| unknown
  1.5s|  3100 |  2959 | 21237 |   6.8 |  8337k | 111 | 241 |1275 |1275 |   0 |  0 |   0 |  17 | 5.000000e+01 | 7.700000e+01 |  54.00%| unknown
  1.5s|  3200 |  3055 | 21899 |   6.8 |  8828k | 111 | 241 |1275 |1275 |   0 |  0 |   0 |  17 | 5.000000e+01 | 7.700000e+01 |  54.00%| unknown
  1.6s|  3300 |  3149 | 22975 |   6.9 |  8828k | 111 | 241 |1275 |1275 |   0 |  0 |   0 |  17 | 5.000000e+01 | 7.700000e+01 |  54.00%| unknown
  1.6s|  3400 |  3247 | 23911 |   7.0 |  8828k | 111 | 241 |1275 |1275 |   0 |  0 |   0 |  17 | 5.000000e+01 | 7.700000e+01 |  54.00%| unknown
  1.7s|  3500 |  3341 | 24986 |   7.1 |  8828k | 111 | 241 |1275 |1275 |   0 |  0 |   0 |  17 | 5.000000e+01 | 7.700000e+01 |  54.00%| unknown
  1.7s|  3600 |  3437 | 26182 |   7.2 |  8828k | 111 | 241 |1275 |1275 |   0 |  0 |   0 |  17 | 5.000000e+01 | 7.700000e+01 |  54.00%| unknown
  1.8s|  3700 |  3531 | 26964 |   7.2 |  8828k | 111 | 241 |1275 |1275 |   0 |  0 |   0 |  17 | 5.000000e+01 | 7.700000e+01 |  54.00%| unknown
  1.8s|  3800 |  3627 | 27625 |   7.2 |  8828k | 111 | 241 |1275 |1275 |   0 |  0 |   0 |  17 | 5.000000e+01 | 7.700000e+01 |  54.00%| unknown
  1.9s|  3900 |  3721 | 28366 |   7.2 |  8960k | 111 | 241 |1275 |1275 |   0 |  0 |   0 |  17 | 5.000000e+01 | 7.700000e+01 |  54.00%| unknown
  1.9s|  4000 |  3819 | 28996 |   7.2 |  8960k | 111 | 241 |1275 |1275 |   0 |  0 |   0 |  17 | 5.000000e+01 | 7.700000e+01 |  54.00%| unknown
  2.0s|  4100 |  3915 | 29811 |   7.2 |  8960k | 111 | 241 |1275 |1275 |   0 |  0 |   0 |  17 | 5.000000e+01 | 7.700000e+01 |  54.00%| unknown
* 2.0s|  4188 |  3933 | 30344 |   7.2 |    LP  | 111 | 241 |1275 |1275 |   0 |  0 |   0 |  17 | 5.000000e+01 | 7.400000e+01 |  48.00%| unknown
  2.0s|  4200 |  3943 | 30432 |   7.2 |  8992k | 111 | 241 |1275 |1275 |   0 |  0 |   0 |  17 | 5.000000e+01 | 7.400000e+01 |  48.00%| unknown
 time | node  | left  |LP iter|LP it/n|mem/heur|mdpt |vars |cons |rows |cuts |sepa|confs|strbr|  dualbound   | primalbound  |  gap   | compl. 
  2.0s|  4300 |  4027 | 31080 |   7.2 |  8992k | 112 | 241 |1275 |1275 |   0 |  0 |   0 |  17 | 5.000000e+01 | 7.400000e+01 |  48.00%| unknown
  2.1s|  4400 |  4101 | 31798 |   7.2 |  8992k | 112 | 241 |1275 |1275 |   0 |  0 |   0 |  17 | 5.000000e+01 | 7.400000e+01 |  48.00%| unknown
  2.1s|  4500 |  4199 | 32385 |   7.2 |  9189k | 112 | 241 |1275 |1275 |   0 |  0 |   0 |  17 | 5.000000e+01 | 7.400000e+01 |  48.00%| unknown
  2.2s|  4600 |  4291 | 32972 |   7.1 |  9189k | 112 | 241 |1275 |1275 |   0 |  0 |   0 |  17 | 5.000000e+01 | 7.400000e+01 |  48.00%| unknown
  2.2s|  4700 |  4369 | 33444 |   7.1 |  9189k | 118 | 241 |1275 |1275 |   0 |  0 |   0 |  17 | 5.000000e+01 | 7.400000e+01 |  48.00%| unknown
  2.3s|  4800 |  4427 | 33983 |   7.0 |  9363k | 127 | 241 |1275 |1275 |   0 |  0 |   0 |  46 | 5.000000e+01 | 7.400000e+01 |  48.00%| unknown
  2.3s|  4900 |  4521 | 34596 |   7.0 |  9363k | 127 | 241 |1275 |1275 |   0 |  0 |   0 |  46 | 5.000000e+01 | 7.400000e+01 |  48.00%| unknown
  2.4s|  5000 |  4609 | 35133 |   7.0 |  9363k | 140 | 241 |1275 |1275 |   0 |  0 |   0 |  52 | 5.000000e+01 | 7.400000e+01 |  48.00%| unknown
  2.4s|  5100 |  4695 | 35631 |   7.0 |  9364k | 162 | 241 |1275 |1275 |   0 |  0 |   0 |  69 | 5.000000e+01 | 7.400000e+01 |  48.00%| unknown
  2.5s|  5200 |  4777 | 36246 |   6.9 |  9366k | 162 | 241 |1275 |1275 |   0 |  0 |   0 |  86 | 5.000000e+01 | 7.400000e+01 |  48.00%| unknown
  2.6s|  5300 |  4851 | 36758 |   6.9 |  9366k | 162 | 241 |1275 |1275 |   0 |  0 |   0 |  86 | 5.000000e+01 | 7.400000e+01 |  48.00%| unknown
  2.6s|  5400 |  4931 | 37299 |   6.9 |  9366k | 162 | 241 |1275 |1275 |   0 |  0 |   0 | 101 | 5.000000e+01 | 7.400000e+01 |  48.00%| unknown
  2.7s|  5500 |  5001 | 38041 |   6.9 |  9366k | 162 | 241 |1275 |1275 |   0 |  0 |   0 | 101 | 5.000000e+01 | 7.400000e+01 |  48.00%| unknown
  2.7s|  5600 |  5091 | 38755 |   6.9 |    10M | 162 | 241 |1275 |1275 |   0 |  0 |   0 | 101 | 5.000000e+01 | 7.400000e+01 |  48.00%| unknown
  2.7s|  5700 |  5181 | 39325 |   6.9 |    10M | 162 | 241 |1275 |1275 |   0 |  0 |   0 | 101 | 5.000000e+01 | 7.400000e+01 |  48.00%| unknown
 time | node  | left  |LP iter|LP it/n|mem/heur|mdpt |vars |cons |rows |cuts |sepa|confs|strbr|  dualbound   | primalbound  |  gap   | compl. 
  2.8s|  5800 |  5275 | 39907 |   6.8 |    10M | 162 | 241 |1275 |1275 |   0 |  0 |   0 | 101 | 5.000000e+01 | 7.400000e+01 |  48.00%| unknown
  2.8s|  5900 |  5357 | 40383 |   6.8 |    10M | 162 | 241 |1275 |1275 |   0 |  0 |   0 | 101 | 5.000000e+01 | 7.400000e+01 |  48.00%| unknown
  2.9s|  6000 |  5449 | 41130 |   6.8 |    11M | 162 | 241 |1275 |1275 |   0 |  0 |   0 | 101 | 5.000000e+01 | 7.400000e+01 |  48.00%| unknown
  2.9s|  6100 |  5543 | 41685 |   6.8 |    11M | 162 | 241 |1275 |1275 |   0 |  0 |   0 | 101 | 5.000000e+01 | 7.400000e+01 |  48.00%| unknown
* 3.0s|  6196 |  5505 | 42285 |   6.8 |    LP  | 162 | 241 |1275 |1275 |   0 |  0 |   0 | 101 | 5.000000e+01 | 6.800000e+01 |  36.00%|   9.20%
  3.0s|  6200 |  5509 | 42303 |   6.8 |    11M | 162 | 241 |1275 |1275 |   0 |  0 |   0 | 101 | 5.000000e+01 | 6.800000e+01 |  36.00%|   9.20%
  3.0s|  6300 |  5589 | 42874 |   6.8 |    11M | 162 | 241 |1275 |1275 |   0 |  0 |   0 | 112 | 5.000000e+01 | 6.800000e+01 |  36.00%|   9.20%
  3.1s|  6400 |  5677 | 43262 |   6.7 |    11M | 162 | 241 |1275 |1275 |   0 |  0 |   0 | 112 | 5.000000e+01 | 6.800000e+01 |  36.00%|   9.20%
  3.1s|  6500 |  5749 | 43986 |   6.7 |    11M | 162 | 241 |1275 |1275 |   0 |  0 |   0 | 115 | 5.000000e+01 | 6.800000e+01 |  36.00%|   9.20%
  3.2s|  6600 |  5819 | 44584 |   6.7 |    11M | 162 | 241 |1275 |1275 |   0 |  0 |   0 | 115 | 5.000000e+01 | 6.800000e+01 |  36.00%|   9.20%
  3.2s|  6700 |  5899 | 45280 |   6.7 |    11M | 162 | 241 |1275 |1275 |   0 |  0 |   0 | 115 | 5.000000e+01 | 6.800000e+01 |  36.00%|   9.20%
  3.3s|  6800 |  5989 | 46010 |   6.7 |    11M | 162 | 241 |1275 |1275 |   0 |  0 |   0 | 115 | 5.000000e+01 | 6.800000e+01 |  36.00%|   9.20%
  3.3s|  6900 |  6079 | 46773 |   6.8 |    11M | 162 | 241 |1275 |1275 |   0 |  0 |   0 | 115 | 5.000000e+01 | 6.800000e+01 |  36.00%|   9.20%
  3.4s|  7000 |  6159 | 47342 |   6.7 |    11M | 162 | 241 |1275 |1275 |   0 |  0 |   0 | 115 | 5.000000e+01 | 6.800000e+01 |  36.00%|   9.20%
  3.4s|  7100 |  6243 | 47868 |   6.7 |    11M | 162 | 241 |1275 |1275 |   0 |  0 |   0 | 115 | 5.000000e+01 | 6.800000e+01 |  36.00%|   9.20%
 time | node  | left  |LP iter|LP it/n|mem/heur|mdpt |vars |cons |rows |cuts |sepa|confs|strbr|  dualbound   | primalbound  |  gap   | compl. 
  3.5s|  7200 |  6323 | 48412 |   6.7 |    11M | 162 | 241 |1275 |1275 |   0 |  0 |   0 | 115 | 5.000000e+01 | 6.800000e+01 |  36.00%|   9.20%
  3.5s|  7300 |  6397 | 49000 |   6.7 |    11M | 162 | 241 |1275 |1275 |   0 |  0 |   0 | 115 | 5.000000e+01 | 6.800000e+01 |  36.00%|   9.21%
  3.5s|  7400 |  6489 | 49698 |   6.7 |    11M | 162 | 241 |1275 |1275 |   0 |  0 |   0 | 115 | 5.000000e+01 | 6.800000e+01 |  36.00%|   9.21%
  3.6s|  7500 |  6583 | 50286 |   6.7 |    11M | 162 | 241 |1275 |1275 |   0 |  0 |   0 | 115 | 5.000000e+01 | 6.800000e+01 |  36.00%|   9.21%
  3.6s|  7600 |  6661 | 51206 |   6.7 |    11M | 162 | 241 |1275 |1275 |   0 |  0 |   0 | 115 | 5.000000e+01 | 6.800000e+01 |  36.00%|   9.21%
  3.7s|  7700 |  6745 | 51974 |   6.7 |    11M | 162 | 241 |1275 |1275 |   0 |  0 |   0 | 115 | 5.000000e+01 | 6.800000e+01 |  36.00%|   9.23%
  3.7s|  7800 |  6831 | 52783 |   6.7 |    11M | 162 | 241 |1275 |1275 |   0 |  0 |   0 | 115 | 5.000000e+01 | 6.800000e+01 |  36.00%|   9.23%
  3.8s|  7900 |  6911 | 53336 |   6.7 |    11M | 162 | 241 |1275 |1275 |   0 |  0 |   0 | 115 | 5.000000e+01 | 6.800000e+01 |  36.00%|   9.23%
  3.8s|  8000 |  6985 | 53814 |   6.7 |    11M | 162 | 241 |1275 |1275 |   0 |  0 |   0 | 115 | 5.000000e+01 | 6.800000e+01 |  36.00%|   9.23%
  3.9s|  8100 |  7069 | 54331 |   6.7 |    11M | 162 | 241 |1275 |1275 |   0 |  0 |   0 | 115 | 5.000000e+01 | 6.800000e+01 |  36.00%|   9.25%
  3.9s|  8200 |  7159 | 55091 |   6.7 |    11M | 162 | 241 |1275 |1275 |   0 |  0 |   0 | 115 | 5.000000e+01 | 6.800000e+01 |  36.00%|   9.25%
  4.0s|  8300 |  7245 | 55612 |   6.7 |    11M | 162 | 241 |1275 |1275 |   0 |  0 |   0 | 115 | 5.000000e+01 | 6.800000e+01 |  36.00%|   9.25%
  4.0s|  8400 |  7335 | 56337 |   6.7 |    11M | 162 | 241 |1275 |1275 |   0 |  0 |   0 | 115 | 5.000000e+01 | 6.800000e+01 |  36.00%|   9.25%
  4.0s|  8500 |  7423 | 56853 |   6.7 |    12M | 162 | 241 |1275 |1275 |   0 |  0 |   0 | 122 | 5.000000e+01 | 6.800000e+01 |  36.00%|   9.25%
  4.1s|  8600 |  7493 | 57303 |   6.6 |    12M | 162 | 241 |1275 |1275 |   0 |  0 |   0 | 122 | 5.000000e+01 | 6.800000e+01 |  36.00%|   9.25%
 time | node  | left  |LP iter|LP it/n|mem/heur|mdpt |vars |cons |rows |cuts |sepa|confs|strbr|  dualbound   | primalbound  |  gap   | compl. 
  4.1s|  8700 |  7567 | 57771 |   6.6 |    12M | 162 | 241 |1275 |1275 |   0 |  0 |   0 | 122 | 5.000000e+01 | 6.800000e+01 |  36.00%|   9.25%
  4.2s|  8800 |  7643 | 58536 |   6.6 |    12M | 162 | 241 |1275 |1275 |   0 |  0 |   0 | 122 | 5.000000e+01 | 6.800000e+01 |  36.00%|   9.25%
  4.2s|  8900 |  7739 | 59172 |   6.6 |    12M | 162 | 241 |1275 |1275 |   0 |  0 |   0 | 122 | 5.000000e+01 | 6.800000e+01 |  36.00%|   9.25%
  4.3s|  9000 |  7817 | 59915 |   6.6 |    12M | 162 | 241 |1275 |1275 |   0 |  0 |   0 | 122 | 5.000000e+01 | 6.800000e+01 |  36.00%|   9.25%
  4.3s|  9100 |  7901 | 60718 |   6.7 |    12M | 162 | 241 |1275 |1275 |   0 |  0 |   0 | 122 | 5.000000e+01 | 6.800000e+01 |  36.00%|   9.25%
  4.4s|  9200 |  7977 | 62178 |   6.7 |    12M | 162 | 241 |1275 |1275 |   0 |  0 |   0 | 134 | 5.000000e+01 | 6.800000e+01 |  36.00%|   9.26%
  4.4s|  9300 |  8057 | 62940 |   6.7 |    12M | 162 | 241 |1275 |1275 |   0 |  0 |   0 | 134 | 5.000000e+01 | 6.800000e+01 |  36.00%|   9.26%
  4.5s|  9400 |  8137 | 64920 |   6.9 |    12M | 162 | 241 |1275 |1275 |   0 |  0 |   0 | 134 | 5.000000e+01 | 6.800000e+01 |  36.00%|   9.27%
  4.5s|  9500 |  8215 | 66655 |   7.0 |    12M | 162 | 241 |1275 |1275 |   0 |  0 |   0 | 137 | 5.000000e+01 | 6.800000e+01 |  36.00%|   9.28%
  4.6s|  9600 |  8283 | 68008 |   7.1 |    12M | 162 | 241 |1275 |1275 |   0 |  0 |   0 | 137 | 5.000000e+01 | 6.800000e+01 |  36.00%|   9.29%
  4.7s|  9700 |  8367 | 70735 |   7.3 |    14M | 162 | 241 |1275 |1275 |   0 |  0 |   0 | 137 | 5.000000e+01 | 6.800000e+01 |  36.00%|   9.29%
  4.7s|  9800 |  8441 | 72435 |   7.4 |    14M | 162 | 241 |1275 |1275 |   0 |  0 |   0 | 137 | 5.000000e+01 | 6.800000e+01 |  36.00%|   9.29%
  4.8s|  9900 |  8515 | 74166 |   7.5 |    14M | 162 | 241 |1275 |1275 |   0 |  0 |   0 | 147 | 5.000000e+01 | 6.800000e+01 |  36.00%|   9.29%
  4.8s| 10000 |  8603 | 76208 |   7.6 |    14M | 162 | 241 |1275 |1275 |   0 |  0 |   0 | 147 | 5.000000e+01 | 6.800000e+01 |  36.00%|   9.29%
  4.9s| 10100 |  8671 | 77385 |   7.6 |    14M | 162 | 241 |1275 |1275 |   0 |  0 |   0 | 147 | 5.000000e+01 | 6.800000e+01 |  36.00%|   9.29%
 time | node  | left  |LP iter|LP it/n|mem/heur|mdpt |vars |cons |rows |cuts |sepa|confs|strbr|  dualbound   | primalbound  |  gap   | compl. 
  4.9s| 10200 |  8741 | 79093 |   7.7 |    14M | 162 | 241 |1275 |1275 |   0 |  0 |   0 | 147 | 5.000000e+01 | 6.800000e+01 |  36.00%|   9.30%
  5.0s| 10300 |  8823 | 80862 |   7.8 |    14M | 162 | 241 |1275 |1275 |   0 |  0 |   0 | 176 | 5.000000e+01 | 6.800000e+01 |  36.00%|   9.30%
  5.1s| 10400 |  8879 | 82119 |   7.9 |    14M | 162 | 241 |1275 |1275 |   0 |  0 |   0 | 176 | 5.000000e+01 | 6.800000e+01 |  36.00%|   9.31%
  5.1s| 10500 |  8953 | 83905 |   8.0 |    14M | 162 | 241 |1275 |1275 |   0 |  0 |   0 | 176 | 5.000000e+01 | 6.800000e+01 |  36.00%|   9.32%
  5.2s| 10600 |  9035 | 85705 |   8.1 |    14M | 162 | 241 |1275 |1275 |   0 |  0 |   0 | 176 | 5.000000e+01 | 6.800000e+01 |  36.00%|   9.32%
  5.2s| 10700 |  9107 | 88128 |   8.2 |    14M | 162 | 241 |1275 |1275 |   0 |  0 |   0 | 176 | 5.000000e+01 | 6.800000e+01 |  36.00%|   9.34%
  5.3s| 10800 |  9183 | 89399 |   8.3 |    14M | 162 | 241 |1275 |1275 |   0 |  0 |   0 | 185 | 5.000000e+01 | 6.800000e+01 |  36.00%|   9.34%
  5.4s| 10900 |  9265 | 91682 |   8.4 |    14M | 162 | 241 |1275 |1275 |   0 |  0 |   0 | 185 | 5.000000e+01 | 6.800000e+01 |  36.00%|   9.34%
  5.4s| 11000 |  9353 | 94275 |   8.6 |    14M | 162 | 241 |1275 |1275 |   0 |  0 |   0 | 185 | 5.000000e+01 | 6.800000e+01 |  36.00%|   9.34%
  5.5s| 11100 |  9421 | 95622 |   8.6 |    14M | 162 | 241 |1275 |1275 |   0 |  0 |   0 | 185 | 5.000000e+01 | 6.800000e+01 |  36.00%|   9.35%
  5.5s| 11200 |  9505 | 97169 |   8.7 |    14M | 162 | 241 |1275 |1275 |   0 |  0 |   0 | 185 | 5.000000e+01 | 6.800000e+01 |  36.00%|   9.35%
  5.6s| 11300 |  9579 | 97902 |   8.6 |    14M | 162 | 241 |1275 |1275 |   0 |  0 |   0 | 189 | 5.000000e+01 | 6.800000e+01 |  36.00%|   9.35%
  5.6s| 11400 |  9651 | 98926 |   8.7 |    14M | 162 | 241 |1275 |1275 |   0 |  0 |   0 | 209 | 5.000000e+01 | 6.800000e+01 |  36.00%|   9.36%
  5.7s| 11500 |  9721 |100826 |   8.8 |    14M | 162 | 241 |1275 |1275 |   0 |  0 |   0 | 209 | 5.000000e+01 | 6.800000e+01 |  36.00%|   9.36%
  5.8s| 11600 |  9809 |102762 |   8.8 |    14M | 162 | 241 |1275 |1275 |   0 |  0 |   0 | 209 | 5.000000e+01 | 6.800000e+01 |  36.00%|   9.36%
 time | node  | left  |LP iter|LP it/n|mem/heur|mdpt |vars |cons |rows |cuts |sepa|confs|strbr|  dualbound   | primalbound  |  gap   | compl. 
  5.8s| 11700 |  9887 |104494 |   8.9 |    14M | 162 | 241 |1275 |1275 |   0 |  0 |   0 | 209 | 5.000000e+01 | 6.800000e+01 |  36.00%|   9.36%
  5.9s| 11800 |  9973 |107023 |   9.1 |    15M | 162 | 241 |1275 |1275 |   0 |  0 |   0 | 209 | 5.000000e+01 | 6.800000e+01 |  36.00%|   9.36%
  5.9s| 11900 | 10065 |108667 |   9.1 |    15M | 162 | 241 |1275 |1275 |   0 |  0 |   0 | 209 | 5.000000e+01 | 6.800000e+01 |  36.00%|   9.36%
  6.0s| 12000 | 10133 |110031 |   9.2 |    15M | 162 | 241 |1275 |1275 |   0 |  0 |   0 | 209 | 5.000000e+01 | 6.800000e+01 |  36.00%|   9.37%
  6.0s| 12100 | 10205 |111486 |   9.2 |    15M | 162 | 241 |1275 |1275 |   0 |  0 |   0 | 209 | 5.000000e+01 | 6.800000e+01 |  36.00%|   9.39%
  6.1s| 12200 | 10281 |113390 |   9.3 |    15M | 171 | 241 |1275 |1275 |   0 |  0 |   0 | 209 | 5.000000e+01 | 6.800000e+01 |  36.00%|   9.39%
  6.1s| 12300 | 10347 |114077 |   9.3 |    15M | 171 | 241 |1275 |1275 |   0 |  0 |   0 | 209 | 5.000000e+01 | 6.800000e+01 |  36.00%|   9.40%
  6.2s| 12400 | 10407 |115895 |   9.3 |    15M | 171 | 241 |1275 |1275 |   0 |  0 |   0 | 243 | 5.000000e+01 | 6.800000e+01 |  36.00%|   9.40%
  6.3s| 12500 | 10499 |118435 |   9.5 |    15M | 171 | 241 |1275 |1275 |   0 |  0 |   0 | 243 | 5.000000e+01 | 6.800000e+01 |  36.00%|   9.40%
  6.3s| 12600 | 10571 |119792 |   9.5 |    15M | 171 | 241 |1275 |1275 |   0 |  0 |   0 | 243 | 5.000000e+01 | 6.800000e+01 |  36.00%|   9.40%
  6.4s| 12700 | 10653 |122258 |   9.6 |    15M | 171 | 241 |1275 |1275 |   0 |  0 |   0 | 243 | 5.000000e+01 | 6.800000e+01 |  36.00%|   9.40%
  6.5s| 12800 | 10737 |123711 |   9.7 |    15M | 171 | 241 |1275 |1275 |   0 |  0 |   0 | 243 | 5.000000e+01 | 6.800000e+01 |  36.00%|   9.40%
  6.5s| 12900 | 10821 |125239 |   9.7 |    15M | 171 | 241 |1275 |1275 |   0 |  0 |   0 | 243 | 5.000000e+01 | 6.800000e+01 |  36.00%|   9.40%
  6.6s| 13000 | 10891 |127099 |   9.8 |    15M | 171 | 241 |1275 |1275 |   0 |  0 |   0 | 243 | 5.000000e+01 | 6.800000e+01 |  36.00%|   9.40%
  6.6s| 13100 | 10983 |130144 |   9.9 |    15M | 171 | 241 |1275 |1275 |   0 |  0 |   0 | 243 | 5.000000e+01 | 6.800000e+01 |  36.00%|   9.40%
 time | node  | left  |LP iter|LP it/n|mem/heur|mdpt |vars |cons |rows |cuts |sepa|confs|strbr|  dualbound   | primalbound  |  gap   | compl. 
  6.7s| 13200 | 11057 |130823 |   9.9 |    15M | 171 | 241 |1275 |1275 |   0 |  0 |   0 | 243 | 5.000000e+01 | 6.800000e+01 |  36.00%|   9.40%
  6.7s| 13300 | 11133 |131564 |   9.9 |    15M | 171 | 241 |1275 |1275 |   0 |  0 |   0 | 243 | 5.000000e+01 | 6.800000e+01 |  36.00%|   9.40%
  6.8s| 13400 | 11187 |132313 |   9.9 |    15M | 171 | 241 |1275 |1275 |   0 |  0 |   0 | 243 | 5.000000e+01 | 6.800000e+01 |  36.00%|   9.40%
  6.8s| 13500 | 11259 |133264 |   9.9 |    15M | 171 | 241 |1275 |1275 |   0 |  0 |   0 | 243 | 5.000000e+01 | 6.800000e+01 |  36.00%|   9.40%
  6.9s| 13600 | 11347 |135992 |  10.0 |    15M | 171 | 241 |1275 |1275 |   0 |  0 |   0 | 243 | 5.000000e+01 | 6.800000e+01 |  36.00%|   9.40%
  6.9s| 13700 | 11417 |136939 |  10.0 |    15M | 171 | 241 |1275 |1275 |   0 |  0 |   0 | 243 | 5.000000e+01 | 6.800000e+01 |  36.00%|   9.40%
  7.0s| 13800 | 11477 |139751 |  10.1 |    15M | 171 | 241 |1275 |1275 |   0 |  0 |   0 | 243 | 5.000000e+01 | 6.800000e+01 |  36.00%|   9.40%
  7.0s| 13900 | 11563 |141255 |  10.1 |    15M | 171 | 241 |1275 |1275 |   0 |  0 |   0 | 243 | 5.000000e+01 | 6.800000e+01 |  36.00%|   9.40%
  7.1s| 14000 | 11647 |143294 |  10.2 |    15M | 171 | 241 |1275 |1275 |   0 |  0 |   0 | 243 | 5.000000e+01 | 6.800000e+01 |  36.00%|   9.40%
  7.2s| 14100 | 11731 |144952 |  10.3 |    15M | 171 | 241 |1275 |1275 |   0 |  0 |   0 | 243 | 5.000000e+01 | 6.800000e+01 |  36.00%|   9.40%
  7.3s| 14200 | 11807 |148869 |  10.5 |    16M | 171 | 241 |1275 |1275 |   0 |  0 |   0 | 243 | 5.000000e+01 | 6.800000e+01 |  36.00%|   9.40%
  7.3s| 14300 | 11883 |150099 |  10.5 |    16M | 171 | 241 |1275 |1275 |   0 |  0 |   0 | 243 | 5.000000e+01 | 6.800000e+01 |  36.00%|   9.40%
  7.4s| 14400 | 11951 |151368 |  10.5 |    16M | 171 | 241 |1275 |1275 |   0 |  0 |   0 | 243 | 5.000000e+01 | 6.800000e+01 |  36.00%|   9.42%
  7.4s| 14500 | 12029 |152865 |  10.5 |    16M | 171 | 241 |1275 |1275 |   0 |  0 |   0 | 243 | 5.000000e+01 | 6.800000e+01 |  36.00%|   9.42%
  7.4s| 14600 | 12109 |153335 |  10.5 |    16M | 171 | 241 |1275 |1275 |   0 |  0 |   0 | 243 | 5.000000e+01 | 6.800000e+01 |  36.00%|   9.42%
 time | node  | left  |LP iter|LP it/n|mem/heur|mdpt |vars |cons |rows |cuts |sepa|confs|strbr|  dualbound   | primalbound  |  gap   | compl. 
  7.5s| 14700 | 12195 |157114 |  10.7 |    16M | 171 | 241 |1275 |1275 |   0 |  0 |   0 | 243 | 5.000000e+01 | 6.800000e+01 |  36.00%|   9.42%
  7.6s| 14800 | 12271 |159246 |  10.7 |    16M | 171 | 241 |1275 |1275 |   0 |  0 |   0 | 243 | 5.000000e+01 | 6.800000e+01 |  36.00%|   9.42%
  7.7s| 14900 | 12343 |160553 |  10.8 |    16M | 171 | 241 |1275 |1275 |   0 |  0 |   0 | 243 | 5.000000e+01 | 6.800000e+01 |  36.00%|   9.42%
  7.7s| 15000 | 12405 |161777 |  10.8 |    16M | 171 | 241 |1275 |1275 |   0 |  0 |   0 | 243 | 5.000000e+01 | 6.800000e+01 |  36.00%|   9.42%
  7.8s| 15100 | 12485 |163241 |  10.8 |    17M | 171 | 241 |1275 |1275 |   0 |  0 |   0 | 243 | 5.000000e+01 | 6.800000e+01 |  36.00%|   9.42%
  7.8s| 15200 | 12565 |164757 |  10.8 |    17M | 171 | 241 |1275 |1275 |   0 |  0 |   0 | 264 | 5.000000e+01 | 6.800000e+01 |  36.00%|   9.42%
  7.9s| 15300 | 12641 |165854 |  10.8 |    17M | 171 | 241 |1275 |1275 |   0 |  0 |   0 | 264 | 5.000000e+01 | 6.800000e+01 |  36.00%|   9.42%
  7.9s| 15400 | 12717 |166617 |  10.8 |    17M | 171 | 241 |1275 |1275 |   0 |  0 |   0 | 264 | 5.000000e+01 | 6.800000e+01 |  36.00%|   9.42%
  8.0s| 15500 | 12799 |168404 |  10.9 |    17M | 171 | 241 |1275 |1275 |   0 |  0 |   0 | 264 | 5.000000e+01 | 6.800000e+01 |  36.00%|   9.42%
  8.0s| 15600 | 12873 |170392 |  10.9 |    17M | 171 | 241 |1275 |1275 |   0 |  0 |   0 | 264 | 5.000000e+01 | 6.800000e+01 |  36.00%|   9.42%
  8.1s| 15700 | 12957 |172563 |  11.0 |    17M | 171 | 241 |1275 |1275 |   0 |  0 |   0 | 290 | 5.000000e+01 | 6.800000e+01 |  36.00%|   9.43%
  8.2s| 15800 | 13031 |174842 |  11.1 |    17M | 171 | 241 |1275 |1275 |   0 |  0 |   0 | 290 | 5.000000e+01 | 6.800000e+01 |  36.00%|   9.43%
* 8.2s| 15828 | 11040 |174918 |  11.0 |    LP  | 186 | 241 |1275 |1275 |   0 |  0 |   0 | 290 | 5.000000e+01 | 5.900000e+01 |  18.00%|   9.72%
  8.2s| 15900 | 11090 |176267 |  11.1 |    17M | 186 | 241 |1275 |1275 |   0 |  0 |   0 | 290 | 5.000000e+01 | 5.900000e+01 |  18.00%|   9.72%
  8.3s| 16000 | 11160 |176759 |  11.0 |    17M | 186 | 241 |1275 |1275 |   0 |  0 |   0 | 290 | 5.000000e+01 | 5.900000e+01 |  18.00%|   9.72%
 time | node  | left  |LP iter|LP it/n|mem/heur|mdpt |vars |cons |rows |cuts |sepa|confs|strbr|  dualbound   | primalbound  |  gap   | compl. 
  8.3s| 16100 | 11232 |178734 |  11.1 |    17M | 186 | 241 |1275 |1275 |   0 |  0 |   0 | 290 | 5.000000e+01 | 5.900000e+01 |  18.00%|   9.72%
  8.4s| 16200 | 11288 |179502 |  11.1 |    17M | 186 | 241 |1275 |1275 |   0 |  0 |   0 | 301 | 5.000000e+01 | 5.900000e+01 |  18.00%|   9.72%
  8.4s| 16300 | 11358 |180518 |  11.1 |    17M | 186 | 241 |1275 |1275 |   0 |  0 |   0 | 309 | 5.000000e+01 | 5.900000e+01 |  18.00%|   9.73%
  8.5s| 16400 | 11414 |181371 |  11.0 |    17M | 186 | 241 |1275 |1275 |   0 |  0 |   0 | 309 | 5.000000e+01 | 5.900000e+01 |  18.00%|   9.74%
  8.5s| 16500 | 11492 |182669 |  11.1 |    17M | 186 | 241 |1275 |1275 |   0 |  0 |   0 | 309 | 5.000000e+01 | 5.900000e+01 |  18.00%|   9.74%
  8.6s| 16600 | 11570 |184691 |  11.1 |    17M | 186 | 241 |1275 |1275 |   0 |  0 |   0 | 309 | 5.000000e+01 | 5.900000e+01 |  18.00%|   9.74%
  8.6s| 16700 | 11642 |185955 |  11.1 |    17M | 186 | 241 |1275 |1275 |   0 |  0 |   0 | 309 | 5.000000e+01 | 5.900000e+01 |  18.00%|   9.74%
  8.7s| 16800 | 11718 |187598 |  11.2 |    17M | 186 | 241 |1275 |1275 |   0 |  0 |   0 | 309 | 5.000000e+01 | 5.900000e+01 |  18.00%|   9.75%
  8.7s| 16900 | 11790 |189603 |  11.2 |    17M | 186 | 241 |1275 |1275 |   0 |  0 |   0 | 309 | 5.000000e+01 | 5.900000e+01 |  18.00%|   9.75%
  8.8s| 17000 | 11846 |191019 |  11.2 |    17M | 186 | 241 |1275 |1275 |   0 |  0 |   0 | 309 | 5.000000e+01 | 5.900000e+01 |  18.00%|   9.75%
  8.8s| 17100 | 11924 |192389 |  11.2 |    17M | 186 | 241 |1275 |1275 |   0 |  0 |   0 | 309 | 5.000000e+01 | 5.900000e+01 |  18.00%|   9.75%
  8.9s| 17200 | 11992 |194901 |  11.3 |    17M | 186 | 241 |1275 |1275 |   0 |  0 |   0 | 309 | 5.000000e+01 | 5.900000e+01 |  18.00%|   9.75%
  9.0s| 17300 | 12052 |196370 |  11.3 |    17M | 186 | 241 |1275 |1275 |   0 |  0 |   0 | 309 | 5.000000e+01 | 5.900000e+01 |  18.00%|   9.75%
  9.0s| 17400 | 12130 |197904 |  11.4 |    17M | 186 | 241 |1275 |1275 |   0 |  0 |   0 | 309 | 5.000000e+01 | 5.900000e+01 |  18.00%|   9.75%
  9.1s| 17500 | 12194 |199375 |  11.4 |    17M | 186 | 241 |1275 |1275 |   0 |  0 |   0 | 309 | 5.000000e+01 | 5.900000e+01 |  18.00%|   9.75%
 time | node  | left  |LP iter|LP it/n|mem/heur|mdpt |vars |cons |rows |cuts |sepa|confs|strbr|  dualbound   | primalbound  |  gap   | compl. 
  9.1s| 17600 | 12256 |200022 |  11.4 |    17M | 186 | 241 |1275 |1275 |   0 |  0 |   0 | 319 | 5.000000e+01 | 5.900000e+01 |  18.00%|   9.75%
  9.2s| 17700 | 12326 |202388 |  11.4 |    17M | 186 | 241 |1275 |1275 |   0 |  0 |   0 | 319 | 5.000000e+01 | 5.900000e+01 |  18.00%|   9.76%
  9.2s| 17800 | 12398 |204479 |  11.5 |    17M | 186 | 241 |1275 |1275 |   0 |  0 |   0 | 319 | 5.000000e+01 | 5.900000e+01 |  18.00%|   9.76%
  9.3s| 17900 | 12458 |205563 |  11.5 |    17M | 186 | 241 |1275 |1275 |   0 |  0 |   0 | 319 | 5.000000e+01 | 5.900000e+01 |  18.00%|   9.76%
  9.3s| 18000 | 12530 |207131 |  11.5 |    17M | 186 | 241 |1275 |1275 |   0 |  0 |   0 | 319 | 5.000000e+01 | 5.900000e+01 |  18.00%|   9.76%
  9.4s| 18100 | 12598 |208161 |  11.5 |    17M | 186 | 241 |1275 |1275 |   0 |  0 |   0 | 325 | 5.000000e+01 | 5.900000e+01 |  18.00%|   9.76%
  9.4s| 18200 | 12656 |209251 |  11.5 |    17M | 186 | 241 |1275 |1275 |   0 |  0 |   0 | 330 | 5.000000e+01 | 5.900000e+01 |  18.00%|   9.77%
  9.5s| 18300 | 12718 |210085 |  11.5 |    17M | 186 | 241 |1275 |1275 |   0 |  0 |   0 | 330 | 5.000000e+01 | 5.900000e+01 |  18.00%|   9.78%
  9.5s| 18400 | 12784 |211285 |  11.5 |    17M | 186 | 241 |1275 |1275 |   0 |  0 |   0 | 330 | 5.000000e+01 | 5.900000e+01 |  18.00%|   9.79%
  9.6s| 18500 | 12844 |211965 |  11.4 |    17M | 186 | 241 |1275 |1275 |   0 |  0 |   0 | 330 | 5.000000e+01 | 5.900000e+01 |  18.00%|   9.79%
  9.6s| 18600 | 12902 |212717 |  11.4 |    17M | 186 | 241 |1275 |1275 |   0 |  0 |   0 | 366 | 5.000000e+01 | 5.900000e+01 |  18.00%|   9.79%
  9.7s| 18700 | 12948 |213737 |  11.4 |    17M | 186 | 241 |1275 |1275 |   0 |  0 |   0 | 366 | 5.000000e+01 | 5.900000e+01 |  18.00%|   9.79%
  9.7s| 18800 | 13014 |214654 |  11.4 |    17M | 186 | 241 |1275 |1275 |   0 |  0 |   0 | 366 | 5.000000e+01 | 5.900000e+01 |  18.00%|   9.79%
  9.8s| 18900 | 13082 |215763 |  11.4 |    17M | 186 | 241 |1275 |1275 |   0 |  0 |   0 | 366 | 5.000000e+01 | 5.900000e+01 |  18.00%|   9.80%
  9.8s| 19000 | 13140 |217220 |  11.4 |    17M | 186 | 241 |1275 |1275 |   0 |  0 |   0 | 366 | 5.000000e+01 | 5.900000e+01 |  18.00%|   9.81%
 time | node  | left  |LP iter|LP it/n|mem/heur|mdpt |vars |cons |rows |cuts |sepa|confs|strbr|  dualbound   | primalbound  |  gap   | compl. 
  9.9s| 19100 | 13214 |218491 |  11.4 |    17M | 186 | 241 |1275 |1275 |   0 |  0 |   0 | 366 | 5.000000e+01 | 5.900000e+01 |  18.00%|   9.82%
  9.9s| 19200 | 13290 |220099 |  11.5 |    17M | 186 | 241 |1275 |1275 |   0 |  0 |   0 | 366 | 5.000000e+01 | 5.900000e+01 |  18.00%|   9.82%
 10.0s| 19300 | 13368 |222506 |  11.5 |    17M | 186 | 241 |1275 |1275 |   0 |  0 |   0 | 366 | 5.000000e+01 | 5.900000e+01 |  18.00%|   9.82%
 10.1s| 19400 | 13426 |223899 |  11.5 |    17M | 186 | 241 |1275 |1275 |   0 |  0 |   0 | 366 | 5.000000e+01 | 5.900000e+01 |  18.00%|   9.82%
 10.1s| 19500 | 13510 |225108 |  11.5 |    17M | 186 | 241 |1275 |1275 |   0 |  0 |   0 | 366 | 5.000000e+01 | 5.900000e+01 |  18.00%|   9.82%
 10.2s| 19600 | 13576 |226466 |  11.5 |    17M | 186 | 241 |1275 |1275 |   0 |  0 |   0 | 366 | 5.000000e+01 | 5.900000e+01 |  18.00%|   9.82%
 10.2s| 19700 | 13644 |228051 |  11.6 |    18M | 186 | 241 |1275 |1275 |   0 |  0 |   0 | 366 | 5.000000e+01 | 5.900000e+01 |  18.00%|   9.98%
 10.3s| 19800 | 13710 |228931 |  11.6 |    18M | 186 | 241 |1275 |1275 |   0 |  0 |   0 | 366 | 5.000000e+01 | 5.900000e+01 |  18.00%|   9.99%
 10.3s| 19900 | 13786 |230094 |  11.6 |    18M | 186 | 241 |1275 |1275 |   0 |  0 |   0 | 366 | 5.000000e+01 | 5.900000e+01 |  18.00%|  10.00%
 10.4s| 20000 | 13860 |231433 |  11.6 |    18M | 186 | 241 |1275 |1275 |   0 |  0 |   0 | 366 | 5.000000e+01 | 5.900000e+01 |  18.00%|  10.00%
 10.4s| 20100 | 13930 |233172 |  11.6 |    18M | 186 | 241 |1275 |1275 |   0 |  0 |   0 | 366 | 5.000000e+01 | 5.900000e+01 |  18.00%|  10.00%
 10.5s| 20200 | 14010 |235134 |  11.6 |    18M | 186 | 241 |1275 |1275 |   0 |  0 |   0 | 366 | 5.000000e+01 | 5.900000e+01 |  18.00%|  10.01%
 10.5s| 20300 | 14064 |236049 |  11.6 |    18M | 186 | 241 |1275 |1275 |   0 |  0 |   0 | 366 | 5.000000e+01 | 5.900000e+01 |  18.00%|  10.02%
 10.6s| 20400 | 14116 |237220 |  11.6 |    18M | 186 | 241 |1275 |1275 |   0 |  0 |   0 | 366 | 5.000000e+01 | 5.900000e+01 |  18.00%|  10.02%
 10.6s| 20500 | 14182 |238122 |  11.6 |    18M | 186 | 241 |1275 |1275 |   0 |  0 |   0 | 366 | 5.000000e+01 | 5.900000e+01 |  18.00%|  10.02%
 time | node  | left  |LP iter|LP it/n|mem/heur|mdpt |vars |cons |rows |cuts |sepa|confs|strbr|  dualbound   | primalbound  |  gap   | compl. 
 10.7s| 20600 | 14250 |238818 |  11.6 |    18M | 186 | 241 |1275 |1275 |   0 |  0 |   0 | 366 | 5.000000e+01 | 5.900000e+01 |  18.00%|  10.02%
 10.7s| 20700 | 14318 |239386 |  11.6 |    18M | 186 | 241 |1275 |1275 |   0 |  0 |   0 | 366 | 5.000000e+01 | 5.900000e+01 |  18.00%|  10.02%
 10.8s| 20800 | 14374 |240480 |  11.6 |    18M | 186 | 241 |1275 |1275 |   0 |  0 |   0 | 374 | 5.000000e+01 | 5.900000e+01 |  18.00%|  10.02%
 10.8s| 20900 | 14416 |241589 |  11.6 |    18M | 186 | 241 |1275 |1275 |   0 |  0 |   0 | 392 | 5.000000e+01 | 5.900000e+01 |  18.00%|  10.02%
 10.9s| 21000 | 14474 |243048 |  11.6 |    18M | 186 | 241 |1275 |1275 |   0 |  0 |   0 | 400 | 5.000000e+01 | 5.900000e+01 |  18.00%|  10.02%
 10.9s| 21100 | 14548 |244585 |  11.6 |    18M | 186 | 241 |1275 |1275 |   0 |  0 |   0 | 400 | 5.000000e+01 | 5.900000e+01 |  18.00%|  10.02%
 11.0s| 21200 | 14622 |246216 |  11.6 |    18M | 186 | 241 |1275 |1275 |   0 |  0 |   0 | 400 | 5.000000e+01 | 5.900000e+01 |  18.00%|  10.02%
 11.0s| 21300 | 14698 |247647 |  11.6 |    18M | 186 | 241 |1275 |1275 |   0 |  0 |   0 | 400 | 5.000000e+01 | 5.900000e+01 |  18.00%|  10.03%
 11.1s| 21400 | 14770 |248607 |  11.6 |    18M | 186 | 241 |1275 |1275 |   0 |  0 |   0 | 400 | 5.000000e+01 | 5.900000e+01 |  18.00%|  10.03%
 11.1s| 21500 | 14844 |250439 |  11.6 |    18M | 186 | 241 |1275 |1275 |   0 |  0 |   0 | 400 | 5.000000e+01 | 5.900000e+01 |  18.00%|  10.03%
 11.2s| 21600 | 14916 |251187 |  11.6 |    18M | 186 | 241 |1275 |1275 |   0 |  0 |   0 | 400 | 5.000000e+01 | 5.900000e+01 |  18.00%|  10.03%
 11.2s| 21700 | 14984 |251670 |  11.6 |    19M | 186 | 241 |1275 |1275 |   0 |  0 |   0 | 400 | 5.000000e+01 | 5.900000e+01 |  18.00%|  10.03%
 11.2s| 21800 | 15048 |252148 |  11.6 |    19M | 186 | 241 |1275 |1275 |   0 |  0 |   0 | 400 | 5.000000e+01 | 5.900000e+01 |  18.00%|  10.03%
 11.3s| 21900 | 15090 |252587 |  11.5 |    19M | 186 | 241 |1275 |1275 |   0 |  0 |   0 | 400 | 5.000000e+01 | 5.900000e+01 |  18.00%|  10.03%
 11.3s| 22000 | 15132 |253232 |  11.5 |    19M | 186 | 241 |1275 |1275 |   0 |  0 |   0 | 400 | 5.000000e+01 | 5.900000e+01 |  18.00%|  10.03%
 time | node  | left  |LP iter|LP it/n|mem/heur|mdpt |vars |cons |rows |cuts |sepa|confs|strbr|  dualbound   | primalbound  |  gap   | compl. 
 11.4s| 22100 | 15190 |254491 |  11.5 |    19M | 186 | 241 |1275 |1275 |   0 |  0 |   0 | 400 | 5.000000e+01 | 5.900000e+01 |  18.00%|  10.03%
 11.4s| 22200 | 15260 |255584 |  11.5 |    19M | 186 | 241 |1275 |1275 |   0 |  0 |   0 | 400 | 5.000000e+01 | 5.900000e+01 |  18.00%|  10.03%
 11.4s| 22300 | 15314 |256322 |  11.5 |    19M | 186 | 241 |1275 |1275 |   0 |  0 |   0 | 400 | 5.000000e+01 | 5.900000e+01 |  18.00%|  10.04%
 11.5s| 22400 | 15364 |257251 |  11.5 |    19M | 186 | 241 |1275 |1275 |   0 |  0 |   0 | 407 | 5.000000e+01 | 5.900000e+01 |  18.00%|  10.04%
 11.5s| 22500 | 15436 |258543 |  11.5 |    19M | 186 | 241 |1275 |1275 |   0 |  0 |   0 | 407 | 5.000000e+01 | 5.900000e+01 |  18.00%|  10.04%
 11.6s| 22600 | 15506 |260328 |  11.5 |    19M | 186 | 241 |1275 |1275 |   0 |  0 |   0 | 407 | 5.000000e+01 | 5.900000e+01 |  18.00%|  10.06%
 11.6s| 22700 | 15552 |260737 |  11.5 |    19M | 186 | 241 |1275 |1275 |   0 |  0 |   0 | 414 | 5.000000e+01 | 5.900000e+01 |  18.00%|  10.06%
 11.7s| 22800 | 15600 |261830 |  11.5 |    19M | 186 | 241 |1275 |1275 |   0 |  0 |   0 | 419 | 5.000000e+01 | 5.900000e+01 |  18.00%|  10.06%
 11.7s| 22900 | 15668 |263034 |  11.5 |    19M | 186 | 241 |1275 |1275 |   0 |  0 |   0 | 419 | 5.000000e+01 | 5.900000e+01 |  18.00%|  10.06%
 11.8s| 23000 | 15738 |264728 |  11.5 |    19M | 186 | 241 |1275 |1275 |   0 |  0 |   0 | 419 | 5.000000e+01 | 5.900000e+01 |  18.00%|  10.07%
 11.8s| 23100 | 15808 |266051 |  11.5 |    19M | 186 | 241 |1275 |1275 |   0 |  0 |   0 | 419 | 5.000000e+01 | 5.900000e+01 |  18.00%|  10.07%
 11.9s| 23200 | 15882 |266739 |  11.5 |    20M | 186 | 241 |1275 |1275 |   0 |  0 |   0 | 419 | 5.000000e+01 | 5.900000e+01 |  18.00%|  10.07%
 11.9s| 23300 | 15958 |267706 |  11.5 |    20M | 186 | 241 |1275 |1275 |   0 |  0 |   0 | 419 | 5.000000e+01 | 5.900000e+01 |  18.00%|  10.07%
 12.0s| 23400 | 16034 |268534 |  11.5 |    20M | 186 | 241 |1275 |1275 |   0 |  0 |   0 | 419 | 5.000000e+01 | 5.900000e+01 |  18.00%|  10.07%
 12.0s| 23500 | 16120 |269150 |  11.4 |    20M | 186 | 241 |1275 |1275 |   0 |  0 |   0 | 426 | 5.000000e+01 | 5.900000e+01 |  18.00%|  10.07%
 time | node  | left  |LP iter|LP it/n|mem/heur|mdpt |vars |cons |rows |cuts |sepa|confs|strbr|  dualbound   | primalbound  |  gap   | compl. 
 12.0s| 23600 | 16184 |269670 |  11.4 |    20M | 186 | 241 |1275 |1275 |   0 |  0 |   0 | 429 | 5.000000e+01 | 5.900000e+01 |  18.00%|  10.07%
 12.1s| 23700 | 16236 |270257 |  11.4 |    20M | 186 | 241 |1275 |1275 |   0 |  0 |   0 | 429 | 5.000000e+01 | 5.900000e+01 |  18.00%|  10.07%
 12.1s| 23800 | 16298 |270800 |  11.4 |    20M | 186 | 241 |1275 |1275 |   0 |  0 |   0 | 429 | 5.000000e+01 | 5.900000e+01 |  18.00%|  10.07%
 12.1s| 23900 | 16366 |271364 |  11.3 |    20M | 186 | 241 |1275 |1275 |   0 |  0 |   0 | 429 | 5.000000e+01 | 5.900000e+01 |  18.00%|  10.07%
 12.2s| 24000 | 16404 |271747 |  11.3 |    20M | 186 | 241 |1275 |1275 |   0 |  0 |   0 | 434 | 5.000000e+01 | 5.900000e+01 |  18.00%|  10.07%
 12.2s| 24100 | 16462 |272595 |  11.3 |    20M | 186 | 241 |1275 |1275 |   0 |  0 |   0 | 434 | 5.000000e+01 | 5.900000e+01 |  18.00%|  10.07%
 12.3s| 24200 | 16508 |273040 |  11.3 |    20M | 186 | 241 |1275 |1275 |   0 |  0 |   0 | 434 | 5.000000e+01 | 5.900000e+01 |  18.00%|  10.07%
 12.3s| 24300 | 16556 |273420 |  11.2 |    20M | 186 | 241 |1275 |1275 |   0 |  0 |   0 | 434 | 5.000000e+01 | 5.900000e+01 |  18.00%|  10.07%
 12.3s| 24400 | 16616 |274049 |  11.2 |    20M | 186 | 241 |1275 |1275 |   0 |  0 |   0 | 434 | 5.000000e+01 | 5.900000e+01 |  18.00%|  10.07%
 12.4s| 24500 | 16688 |275275 |  11.2 |    20M | 186 | 241 |1275 |1275 |   0 |  0 |   0 | 434 | 5.000000e+01 | 5.900000e+01 |  18.00%|  10.07%
 12.4s| 24600 | 16748 |275770 |  11.2 |    21M | 186 | 241 |1275 |1275 |   0 |  0 |   0 | 441 | 5.000000e+01 | 5.900000e+01 |  18.00%|  10.07%
 12.5s| 24700 | 16820 |276454 |  11.2 |    21M | 186 | 241 |1275 |1275 |   0 |  0 |   0 | 441 | 5.000000e+01 | 5.900000e+01 |  18.00%|  10.07%
 12.5s| 24800 | 16888 |277281 |  11.2 |    21M | 186 | 241 |1275 |1275 |   0 |  0 |   0 | 441 | 5.000000e+01 | 5.900000e+01 |  18.00%|  10.07%
 12.5s| 24900 | 16960 |277916 |  11.2 |    21M | 186 | 241 |1275 |1275 |   0 |  0 |   0 | 441 | 5.000000e+01 | 5.900000e+01 |  18.00%|  10.07%
 12.6s| 25000 | 17030 |279348 |  11.2 |    21M | 186 | 241 |1275 |1275 |   0 |  0 |   0 | 459 | 5.000000e+01 | 5.900000e+01 |  18.00%|  10.07%
 time | node  | left  |LP iter|LP it/n|mem/heur|mdpt |vars |cons |rows |cuts |sepa|confs|strbr|  dualbound   | primalbound  |  gap   | compl. 
 12.7s| 25100 | 17098 |280769 |  11.2 |    21M | 186 | 241 |1275 |1275 |   0 |  0 |   0 | 459 | 5.000000e+01 | 5.900000e+01 |  18.00%|  10.07%
 12.7s| 25200 | 17166 |281979 |  11.2 |    21M | 186 | 241 |1275 |1275 |   0 |  0 |   0 | 491 | 5.000000e+01 | 5.900000e+01 |  18.00%|  10.08%
 12.8s| 25300 | 17234 |283490 |  11.2 |    21M | 186 | 241 |1275 |1275 |   0 |  0 |   0 | 513 | 5.000000e+01 | 5.900000e+01 |  18.00%|  10.09%
 12.9s| 25400 | 17312 |285607 |  11.2 |    21M | 186 | 241 |1275 |1275 |   0 |  0 |   0 | 513 | 5.000000e+01 | 5.900000e+01 |  18.00%|  10.09%
 12.9s| 25500 | 17390 |287700 |  11.3 |    21M | 186 | 241 |1275 |1275 |   0 |  0 |   0 | 513 | 5.000000e+01 | 5.900000e+01 |  18.00%|  10.09%
 13.0s| 25600 | 17452 |288746 |  11.3 |    21M | 186 | 241 |1275 |1275 |   0 |  0 |   0 | 513 | 5.000000e+01 | 5.900000e+01 |  18.00%|  10.11%
 13.0s| 25700 | 17514 |290298 |  11.3 |    21M | 186 | 241 |1275 |1275 |   0 |  0 |   0 | 513 | 5.000000e+01 | 5.900000e+01 |  18.00%|  10.11%
 13.1s| 25800 | 17586 |291760 |  11.3 |    21M | 186 | 241 |1275 |1275 |   0 |  0 |   0 | 513 | 5.000000e+01 | 5.900000e+01 |  18.00%|  10.12%
 13.1s| 25900 | 17662 |292585 |  11.3 |    21M | 186 | 241 |1275 |1275 |   0 |  0 |   0 | 513 | 5.000000e+01 | 5.900000e+01 |  18.00%|  10.12%
 13.1s| 26000 | 17728 |293348 |  11.3 |    21M | 186 | 241 |1275 |1275 |   0 |  0 |   0 | 513 | 5.000000e+01 | 5.900000e+01 |  18.00%|  10.13%
 13.2s| 26100 | 17790 |294681 |  11.3 |    21M | 186 | 241 |1275 |1275 |   0 |  0 |   0 | 516 | 5.000000e+01 | 5.900000e+01 |  18.00%|  10.13%
 13.2s| 26200 | 17850 |295933 |  11.3 |    21M | 186 | 241 |1275 |1275 |   0 |  0 |   0 | 516 | 5.000000e+01 | 5.900000e+01 |  18.00%|  10.13%
 13.3s| 26300 | 17892 |296271 |  11.3 |    21M | 186 | 241 |1275 |1275 |   0 |  0 |   0 | 523 | 5.000000e+01 | 5.900000e+01 |  18.00%|  10.13%
 13.3s| 26400 | 17944 |297234 |  11.3 |    21M | 186 | 241 |1275 |1275 |   0 |  0 |   0 | 531 | 5.000000e+01 | 5.900000e+01 |  18.00%|  10.13%
 13.4s| 26500 | 18004 |298082 |  11.2 |    21M | 186 | 241 |1275 |1275 |   0 |  0 |   0 | 531 | 5.000000e+01 | 5.900000e+01 |  18.00%|  10.13%
 time | node  | left  |LP iter|LP it/n|mem/heur|mdpt |vars |cons |rows |cuts |sepa|confs|strbr|  dualbound   | primalbound  |  gap   | compl. 
 13.4s| 26600 | 18070 |299416 |  11.2 |    21M | 186 | 241 |1275 |1275 |   0 |  0 |   0 | 531 | 5.000000e+01 | 5.900000e+01 |  18.00%|  10.14%
 13.5s| 26700 | 18140 |300425 |  11.2 |    21M | 186 | 241 |1275 |1275 |   0 |  0 |   0 | 531 | 5.000000e+01 | 5.900000e+01 |  18.00%|  10.14%
 13.5s| 26800 | 18198 |301889 |  11.3 |    21M | 186 | 241 |1275 |1275 |   0 |  0 |   0 | 531 | 5.000000e+01 | 5.900000e+01 |  18.00%|  10.15%
 13.6s| 26900 | 18256 |303038 |  11.3 |    21M | 186 | 241 |1275 |1275 |   0 |  0 |   0 | 531 | 5.000000e+01 | 5.900000e+01 |  18.00%|  10.16%
 13.6s| 27000 | 18332 |304006 |  11.3 |    22M | 186 | 241 |1275 |1275 |   0 |  0 |   0 | 531 | 5.000000e+01 | 5.900000e+01 |  18.00%|  10.16%
*13.7s| 27096 | 16509 |304599 |  11.2 |    LP  | 186 | 241 |1275 |1275 |   0 |  0 |   0 | 550 | 5.000000e+01 | 5.500000e+01 |  10.00%|  10.16%
 13.7s| 27100 | 16509 |304608 |  11.2 |    23M | 186 | 241 |1275 |1275 |   0 |  0 |   0 | 550 | 5.000000e+01 | 5.500000e+01 |  10.00%|  10.16%
 13.7s| 27200 | 16549 |305193 |  11.2 |    23M | 186 | 241 |1275 |1275 |   0 |  0 |   0 | 550 | 5.000000e+01 | 5.500000e+01 |  10.00%|  10.19%
 13.8s| 27300 | 16609 |306370 |  11.2 |    23M | 186 | 241 |1275 |1275 |   0 |  0 |   0 | 550 | 5.000000e+01 | 5.500000e+01 |  10.00%|  10.20%
 13.8s| 27400 | 16645 |306898 |  11.2 |    23M | 186 | 241 |1275 |1275 |   0 |  0 |   0 | 582 | 5.000000e+01 | 5.500000e+01 |  10.00%|  10.20%
 13.9s| 27500 | 16701 |307741 |  11.2 |    23M | 186 | 241 |1275 |1275 |   0 |  0 |   0 | 596 | 5.000000e+01 | 5.500000e+01 |  10.00%|  10.21%
 13.9s| 27600 | 16781 |309031 |  11.2 |    23M | 186 | 241 |1275 |1275 |   0 |  0 |   0 | 596 | 5.000000e+01 | 5.500000e+01 |  10.00%|  10.21%
 14.0s| 27700 | 16853 |310352 |  11.2 |    23M | 186 | 241 |1275 |1275 |   0 |  0 |   0 | 596 | 5.000000e+01 | 5.500000e+01 |  10.00%|  10.22%
 14.0s| 27800 | 16929 |312736 |  11.2 |    23M | 186 | 241 |1275 |1275 |   0 |  0 |   0 | 596 | 5.000000e+01 | 5.500000e+01 |  10.00%|  10.22%
 14.1s| 27900 | 16987 |313981 |  11.2 |    23M | 186 | 241 |1275 |1275 |   0 |  0 |   0 | 603 | 5.000000e+01 | 5.500000e+01 |  10.00%|  10.24%
 time | node  | left  |LP iter|LP it/n|mem/heur|mdpt |vars |cons |rows |cuts |sepa|confs|strbr|  dualbound   | primalbound  |  gap   | compl. 
 14.1s| 28000 | 17039 |314361 |  11.2 |    23M | 186 | 241 |1275 |1275 |   0 |  0 |   0 | 603 | 5.000000e+01 | 5.500000e+01 |  10.00%|  10.24%
 14.1s| 28100 | 17087 |315260 |  11.2 |    23M | 186 | 241 |1275 |1275 |   0 |  0 |   0 | 603 | 5.000000e+01 | 5.500000e+01 |  10.00%|  10.24%
 14.2s| 28200 | 17147 |316828 |  11.2 |    23M | 186 | 241 |1275 |1275 |   0 |  0 |   0 | 603 | 5.000000e+01 | 5.500000e+01 |  10.00%|  10.25%
 14.2s| 28300 | 17213 |317690 |  11.2 |    23M | 186 | 241 |1275 |1275 |   0 |  0 |   0 | 603 | 5.000000e+01 | 5.500000e+01 |  10.00%|  10.25%
 14.3s| 28400 | 17289 |319546 |  11.2 |    23M | 186 | 241 |1275 |1275 |   0 |  0 |   0 | 603 | 5.000000e+01 | 5.500000e+01 |  10.00%|  10.25%
 14.4s| 28500 | 17373 |321305 |  11.3 |    23M | 186 | 241 |1275 |1275 |   0 |  0 |   0 | 603 | 5.000000e+01 | 5.500000e+01 |  10.00%|  10.25%
 14.4s| 28600 | 17423 |322241 |  11.3 |    23M | 186 | 241 |1275 |1275 |   0 |  0 |   0 | 603 | 5.000000e+01 | 5.500000e+01 |  10.00%|  10.25%
 14.4s| 28700 | 17467 |322750 |  11.2 |    23M | 186 | 241 |1275 |1275 |   0 |  0 |   0 | 603 | 5.000000e+01 | 5.500000e+01 |  10.00%|  10.25%
 14.5s| 28800 | 17511 |323314 |  11.2 |    23M | 186 | 241 |1275 |1275 |   0 |  0 |   0 | 603 | 5.000000e+01 | 5.500000e+01 |  10.00%|  10.25%
 14.5s| 28900 | 17559 |323737 |  11.2 |    23M | 186 | 241 |1275 |1275 |   0 |  0 |   0 | 603 | 5.000000e+01 | 5.500000e+01 |  10.00%|  10.25%
 14.5s| 29000 | 17603 |324098 |  11.2 |    23M | 186 | 241 |1275 |1275 |   0 |  0 |   0 | 603 | 5.000000e+01 | 5.500000e+01 |  10.00%|  10.25%
 14.6s| 29100 | 17655 |324861 |  11.2 |    23M | 186 | 241 |1275 |1275 |   0 |  0 |   0 | 603 | 5.000000e+01 | 5.500000e+01 |  10.00%|  10.25%
 14.6s| 29200 | 17709 |326379 |  11.2 |    23M | 186 | 241 |1275 |1275 |   0 |  0 |   0 | 603 | 5.000000e+01 | 5.500000e+01 |  10.00%|  10.25%
 14.7s| 29300 | 17779 |327150 |  11.2 |    23M | 186 | 241 |1275 |1275 |   0 |  0 |   0 | 603 | 5.000000e+01 | 5.500000e+01 |  10.00%|  10.26%
 14.7s| 29400 | 17845 |328353 |  11.2 |    23M | 186 | 241 |1275 |1275 |   0 |  0 |   0 | 603 | 5.000000e+01 | 5.500000e+01 |  10.00%|  10.26%
 time | node  | left  |LP iter|LP it/n|mem/heur|mdpt |vars |cons |rows |cuts |sepa|confs|strbr|  dualbound   | primalbound  |  gap   | compl. 
 14.8s| 29500 | 17911 |328891 |  11.1 |    23M | 186 | 241 |1275 |1275 |   0 |  0 |   0 | 616 | 5.000000e+01 | 5.500000e+01 |  10.00%|  10.26%
 14.8s| 29600 | 17971 |330627 |  11.2 |    23M | 186 | 241 |1275 |1275 |   0 |  0 |   0 | 618 | 5.000000e+01 | 5.500000e+01 |  10.00%|  10.26%
 14.9s| 29700 | 18029 |331554 |  11.2 |    23M | 186 | 241 |1275 |1275 |   0 |  0 |   0 | 618 | 5.000000e+01 | 5.500000e+01 |  10.00%|  10.26%
 14.9s| 29800 | 18079 |332560 |  11.2 |    23M | 186 | 241 |1275 |1275 |   0 |  0 |   0 | 618 | 5.000000e+01 | 5.500000e+01 |  10.00%|  10.26%
 15.0s| 29900 | 18133 |334177 |  11.2 |    23M | 186 | 241 |1275 |1275 |   0 |  0 |   0 | 618 | 5.000000e+01 | 5.500000e+01 |  10.00%|  10.27%
 15.0s| 30000 | 18197 |336247 |  11.2 |    23M | 186 | 241 |1275 |1275 |   0 |  0 |   0 | 618 | 5.000000e+01 | 5.500000e+01 |  10.00%|  10.28%
 15.1s| 30100 | 18257 |337413 |  11.2 |    23M | 186 | 241 |1275 |1275 |   0 |  0 |   0 | 618 | 5.000000e+01 | 5.500000e+01 |  10.00%|  10.28%
 15.1s| 30200 | 18315 |338427 |  11.2 |    23M | 186 | 241 |1275 |1275 |   0 |  0 |   0 | 618 | 5.000000e+01 | 5.500000e+01 |  10.00%|  10.28%
 15.2s| 30300 | 18373 |339827 |  11.2 |    23M | 186 | 241 |1275 |1275 |   0 |  0 |   0 | 618 | 5.000000e+01 | 5.500000e+01 |  10.00%|  10.28%
 15.2s| 30400 | 18433 |341017 |  11.2 |    23M | 186 | 241 |1275 |1275 |   0 |  0 |   0 | 618 | 5.000000e+01 | 5.500000e+01 |  10.00%|  10.28%
 15.3s| 30500 | 18485 |341359 |  11.2 |    23M | 186 | 241 |1275 |1275 |   0 |  0 |   0 | 618 | 5.000000e+01 | 5.500000e+01 |  10.00%|  10.28%
 15.3s| 30600 | 18511 |341752 |  11.2 |    23M | 186 | 241 |1275 |1275 |   0 |  0 |   0 | 618 | 5.000000e+01 | 5.500000e+01 |  10.00%|  10.28%
 15.3s| 30700 | 18549 |342128 |  11.1 |    23M | 186 | 241 |1275 |1275 |   0 |  0 |   0 | 623 | 5.000000e+01 | 5.500000e+01 |  10.00%|  10.28%
 15.4s| 30800 | 18603 |342520 |  11.1 |    23M | 186 | 241 |1275 |1275 |   0 |  0 |   0 | 638 | 5.000000e+01 | 5.500000e+01 |  10.00%|  10.28%
 15.4s| 30900 | 18653 |342953 |  11.1 |    23M | 186 | 241 |1275 |1275 |   0 |  0 |   0 | 638 | 5.000000e+01 | 5.500000e+01 |  10.00%|  10.28%
 time | node  | left  |LP iter|LP it/n|mem/heur|mdpt |vars |cons |rows |cuts |sepa|confs|strbr|  dualbound   | primalbound  |  gap   | compl. 
 15.4s| 31000 | 18685 |343592 |  11.1 |    23M | 186 | 241 |1275 |1275 |   0 |  0 |   0 | 638 | 5.000000e+01 | 5.500000e+01 |  10.00%|  10.28%
 15.5s| 31100 | 18735 |344373 |  11.1 |    23M | 186 | 241 |1275 |1275 |   0 |  0 |   0 | 638 | 5.000000e+01 | 5.500000e+01 |  10.00%|  10.28%
 15.5s| 31200 | 18805 |346628 |  11.1 |    23M | 186 | 241 |1275 |1275 |   0 |  0 |   0 | 638 | 5.000000e+01 | 5.500000e+01 |  10.00%|  10.29%
 15.6s| 31300 | 18855 |348453 |  11.1 |    23M | 186 | 241 |1275 |1275 |   0 |  0 |   0 | 638 | 5.000000e+01 | 5.500000e+01 |  10.00%|  10.30%
 15.7s| 31400 | 18929 |350250 |  11.1 |    23M | 186 | 241 |1275 |1275 |   0 |  0 |   0 | 638 | 5.000000e+01 | 5.500000e+01 |  10.00%|  10.30%
 15.7s| 31500 | 19005 |352204 |  11.2 |    23M | 186 | 241 |1275 |1275 |   0 |  0 |   0 | 638 | 5.000000e+01 | 5.500000e+01 |  10.00%|  10.31%
 15.8s| 31600 | 19071 |352927 |  11.2 |    23M | 186 | 241 |1275 |1275 |   0 |  0 |   0 | 647 | 5.000000e+01 | 5.500000e+01 |  10.00%|  10.31%
 15.8s| 31700 | 19125 |353611 |  11.1 |    23M | 186 | 241 |1275 |1275 |   0 |  0 |   0 | 647 | 5.000000e+01 | 5.500000e+01 |  10.00%|  10.31%
 15.9s| 31800 | 19177 |354630 |  11.1 |    23M | 186 | 241 |1275 |1275 |   0 |  0 |   0 | 647 | 5.000000e+01 | 5.500000e+01 |  10.00%|  10.31%
 15.9s| 31900 | 19223 |355555 |  11.1 |    23M | 186 | 241 |1275 |1275 |   0 |  0 |   0 | 647 | 5.000000e+01 | 5.500000e+01 |  10.00%|  10.32%
 16.0s| 32000 | 19285 |356347 |  11.1 |    23M | 186 | 241 |1275 |1275 |   0 |  0 |   0 | 647 | 5.000000e+01 | 5.500000e+01 |  10.00%|  10.32%
 16.0s| 32100 | 19331 |356996 |  11.1 |    23M | 186 | 241 |1275 |1275 |   0 |  0 |   0 | 647 | 5.000000e+01 | 5.500000e+01 |  10.00%|  10.32%
 16.0s| 32200 | 19365 |357421 |  11.1 |    23M | 186 | 241 |1275 |1275 |   0 |  0 |   0 | 647 | 5.000000e+01 | 5.500000e+01 |  10.00%|  10.32%
 16.1s| 32300 | 19415 |357830 |  11.1 |    23M | 186 | 241 |1275 |1275 |   0 |  0 |   0 | 649 | 5.000000e+01 | 5.500000e+01 |  10.00%|  10.32%
 16.1s| 32400 | 19463 |358284 |  11.1 |    23M | 186 | 241 |1275 |1275 |   0 |  0 |   0 | 649 | 5.000000e+01 | 5.500000e+01 |  10.00%|  10.32%
 time | node  | left  |LP iter|LP it/n|mem/heur|mdpt |vars |cons |rows |cuts |sepa|confs|strbr|  dualbound   | primalbound  |  gap   | compl. 
 16.2s| 32500 | 19515 |358708 |  11.0 |    23M | 186 | 241 |1275 |1275 |   0 |  0 |   0 | 649 | 5.000000e+01 | 5.500000e+01 |  10.00%|  10.32%
 16.2s| 32600 | 19569 |359199 |  11.0 |    23M | 186 | 241 |1275 |1275 |   0 |  0 |   0 | 653 | 5.000000e+01 | 5.500000e+01 |  10.00%|  10.32%
 16.3s| 32700 | 19621 |359652 |  11.0 |    23M | 186 | 241 |1275 |1275 |   0 |  0 |   0 | 653 | 5.000000e+01 | 5.500000e+01 |  10.00%|  10.32%
 16.3s| 32800 | 19683 |360557 |  11.0 |    23M | 186 | 241 |1275 |1275 |   0 |  0 |   0 | 653 | 5.000000e+01 | 5.500000e+01 |  10.00%|  10.32%
 16.3s| 32900 | 19767 |361327 |  11.0 |    23M | 186 | 241 |1275 |1275 |   0 |  0 |   0 | 653 | 5.000000e+01 | 5.500000e+01 |  10.00%|  10.32%
 16.4s| 33000 | 19819 |361781 |  11.0 |    23M | 186 | 241 |1275 |1275 |   0 |  0 |   0 | 653 | 5.000000e+01 | 5.500000e+01 |  10.00%|  10.32%
 16.4s| 33100 | 19863 |362232 |  10.9 |    23M | 186 | 241 |1275 |1275 |   0 |  0 |   0 | 653 | 5.000000e+01 | 5.500000e+01 |  10.00%|  10.32%
 16.5s| 33200 | 19925 |362899 |  10.9 |    23M | 186 | 241 |1275 |1275 |   0 |  0 |   0 | 653 | 5.000000e+01 | 5.500000e+01 |  10.00%|  10.32%
 16.5s| 33300 | 19953 |363412 |  10.9 |    23M | 186 | 241 |1275 |1275 |   0 |  0 |   0 | 656 | 5.000000e+01 | 5.500000e+01 |  10.00%|  10.32%
 16.6s| 33400 | 20025 |364386 |  10.9 |    23M | 186 | 241 |1275 |1275 |   0 |  0 |   0 | 656 | 5.000000e+01 | 5.500000e+01 |  10.00%|  10.32%
 16.6s| 33500 | 20099 |365431 |  10.9 |    23M | 186 | 241 |1275 |1275 |   0 |  0 |   0 | 656 | 5.000000e+01 | 5.500000e+01 |  10.00%|  10.32%
 16.7s| 33600 | 20163 |365986 |  10.9 |    23M | 186 | 241 |1275 |1275 |   0 |  0 |   0 | 656 | 5.000000e+01 | 5.500000e+01 |  10.00%|  10.32%
 16.7s| 33700 | 20199 |366547 |  10.9 |    23M | 186 | 241 |1275 |1275 |   0 |  0 |   0 | 670 | 5.000000e+01 | 5.500000e+01 |  10.00%|  10.33%
 16.8s| 33800 | 20229 |367070 |  10.9 |    23M | 186 | 241 |1275 |1275 |   0 |  0 |   0 | 682 | 5.000000e+01 | 5.500000e+01 |  10.00%|  10.33%
 16.8s| 33900 | 20297 |367893 |  10.8 |    23M | 186 | 241 |1275 |1275 |   0 |  0 |   0 | 685 | 5.000000e+01 | 5.500000e+01 |  10.00%|  10.33%
 time | node  | left  |LP iter|LP it/n|mem/heur|mdpt |vars |cons |rows |cuts |sepa|confs|strbr|  dualbound   | primalbound  |  gap   | compl. 
 16.9s| 34000 | 20359 |368884 |  10.8 |    23M | 186 | 241 |1275 |1275 |   0 |  0 |   0 | 685 | 5.000000e+01 | 5.500000e+01 |  10.00%|  10.33%
 16.9s| 34100 | 20435 |369530 |  10.8 |    23M | 186 | 241 |1275 |1275 |   0 |  0 |   0 | 685 | 5.000000e+01 | 5.500000e+01 |  10.00%|  10.33%
 17.0s| 34200 | 20501 |370283 |  10.8 |    23M | 186 | 241 |1275 |1275 |   0 |  0 |   0 | 685 | 5.000000e+01 | 5.500000e+01 |  10.00%|  10.33%
 17.0s| 34300 | 20561 |371241 |  10.8 |    23M | 186 | 241 |1275 |1275 |   0 |  0 |   0 | 685 | 5.000000e+01 | 5.500000e+01 |  10.00%|  10.33%
 17.0s| 34400 | 20629 |372012 |  10.8 |    23M | 186 | 241 |1275 |1275 |   0 |  0 |   0 | 685 | 5.000000e+01 | 5.500000e+01 |  10.00%|  10.33%
 17.1s| 34500 | 20701 |372716 |  10.8 |    23M | 186 | 241 |1275 |1275 |   0 |  0 |   0 | 685 | 5.000000e+01 | 5.500000e+01 |  10.00%|  10.33%
 17.1s| 34600 | 20757 |373382 |  10.8 |    23M | 186 | 241 |1275 |1275 |   0 |  0 |   0 | 685 | 5.000000e+01 | 5.500000e+01 |  10.00%|  10.33%
 17.2s| 34700 | 20817 |373986 |  10.8 |    23M | 186 | 241 |1275 |1275 |   0 |  0 |   0 | 685 | 5.000000e+01 | 5.500000e+01 |  10.00%|  10.34%
 17.2s| 34800 | 20875 |374527 |  10.8 |    24M | 186 | 241 |1275 |1275 |   0 |  0 |   0 | 685 | 5.000000e+01 | 5.500000e+01 |  10.00%|  10.34%
 17.3s| 34900 | 20935 |375282 |  10.7 |    25M | 186 | 241 |1275 |1275 |   0 |  0 |   0 | 685 | 5.000000e+01 | 5.500000e+01 |  10.00%|  10.34%
 17.3s| 35000 | 20985 |375950 |  10.7 |    25M | 186 | 241 |1275 |1275 |   0 |  0 |   0 | 685 | 5.000000e+01 | 5.500000e+01 |  10.00%|  10.34%
 17.4s| 35100 | 21053 |376720 |  10.7 |    25M | 186 | 241 |1275 |1275 |   0 |  0 |   0 | 685 | 5.000000e+01 | 5.500000e+01 |  10.00%|  10.34%
 17.4s| 35200 | 21113 |377432 |  10.7 |    25M | 186 | 241 |1275 |1275 |   0 |  0 |   0 | 685 | 5.000000e+01 | 5.500000e+01 |  10.00%|  10.34%
 17.4s| 35300 | 21171 |378130 |  10.7 |    25M | 186 | 241 |1275 |1275 |   0 |  0 |   0 | 685 | 5.000000e+01 | 5.500000e+01 |  10.00%|  10.34%
 17.5s| 35400 | 21223 |378925 |  10.7 |    25M | 186 | 241 |1275 |1275 |   0 |  0 |   0 | 685 | 5.000000e+01 | 5.500000e+01 |  10.00%|  10.34%
 time | node  | left  |LP iter|LP it/n|mem/heur|mdpt |vars |cons |rows |cuts |sepa|confs|strbr|  dualbound   | primalbound  |  gap   | compl. 
 17.5s| 35500 | 21281 |379440 |  10.7 |    25M | 186 | 241 |1275 |1275 |   0 |  0 |   0 | 685 | 5.000000e+01 | 5.500000e+01 |  10.00%|  10.34%
 17.6s| 35600 | 21329 |380789 |  10.7 |    25M | 186 | 241 |1275 |1275 |   0 |  0 |   0 | 685 | 5.000000e+01 | 5.500000e+01 |  10.00%|  10.34%
 17.6s| 35700 | 21411 |382315 |  10.7 |    25M | 186 | 241 |1275 |1275 |   0 |  0 |   0 | 685 | 5.000000e+01 | 5.500000e+01 |  10.00%|  10.34%
 17.7s| 35800 | 21479 |383446 |  10.7 |    25M | 186 | 241 |1275 |1275 |   0 |  0 |   0 | 685 | 5.000000e+01 | 5.500000e+01 |  10.00%|  10.34%
 17.7s| 35900 | 21515 |384341 |  10.7 |    26M | 186 | 241 |1275 |1275 |   0 |  0 |   0 | 685 | 5.000000e+01 | 5.500000e+01 |  10.00%|  10.35%
 17.8s| 36000 | 21557 |385431 |  10.7 |    26M | 186 | 241 |1275 |1275 |   0 |  0 |   0 | 685 | 5.000000e+01 | 5.500000e+01 |  10.00%|  10.35%
 17.8s| 36100 | 21605 |386557 |  10.7 |    26M | 186 | 241 |1275 |1275 |   0 |  0 |   0 | 685 | 5.000000e+01 | 5.500000e+01 |  10.00%|  10.35%
 17.9s| 36200 | 21653 |388047 |  10.7 |    26M | 186 | 241 |1275 |1275 |   0 |  0 |   0 | 698 | 5.000000e+01 | 5.500000e+01 |  10.00%|  10.35%
 17.9s| 36300 | 21697 |389420 |  10.7 |    26M | 186 | 241 |1275 |1275 |   0 |  0 |   0 | 698 | 5.000000e+01 | 5.500000e+01 |  10.00%|  10.35%
 18.0s| 36400 | 21761 |390826 |  10.7 |    26M | 186 | 241 |1275 |1275 |   0 |  0 |   0 | 698 | 5.000000e+01 | 5.500000e+01 |  10.00%|  10.36%
 18.0s| 36500 | 21825 |393081 |  10.8 |    26M | 186 | 241 |1275 |1275 |   0 |  0 |   0 | 698 | 5.000000e+01 | 5.500000e+01 |  10.00%|  10.36%
 18.1s| 36600 | 21905 |395725 |  10.8 |    26M | 186 | 241 |1275 |1275 |   0 |  0 |   0 | 698 | 5.000000e+01 | 5.500000e+01 |  10.00%|  10.36%
 18.2s| 36700 | 21977 |396848 |  10.8 |    26M | 186 | 241 |1275 |1275 |   0 |  0 |   0 | 708 | 5.000000e+01 | 5.500000e+01 |  10.00%|  10.36%
 18.2s| 36800 | 22051 |397677 |  10.8 |    26M | 186 | 241 |1275 |1275 |   0 |  0 |   0 | 708 | 5.000000e+01 | 5.500000e+01 |  10.00%|  10.37%
 18.3s| 36900 | 22133 |399678 |  10.8 |    26M | 186 | 241 |1275 |1275 |   0 |  0 |   0 | 708 | 5.000000e+01 | 5.500000e+01 |  10.00%|  10.37%
 time | node  | left  |LP iter|LP it/n|mem/heur|mdpt |vars |cons |rows |cuts |sepa|confs|strbr|  dualbound   | primalbound  |  gap   | compl. 
 18.3s| 37000 | 22203 |403419 |  10.9 |    26M | 186 | 241 |1275 |1275 |   0 |  0 |   0 | 708 | 5.000000e+01 | 5.500000e+01 |  10.00%|  10.37%
 18.4s| 37100 | 22249 |404781 |  10.9 |    26M | 186 | 241 |1275 |1275 |   0 |  0 |   0 | 708 | 5.000000e+01 | 5.500000e+01 |  10.00%|  10.37%
 18.5s| 37200 | 22333 |407581 |  11.0 |    26M | 186 | 241 |1275 |1275 |   0 |  0 |   0 | 708 | 5.000000e+01 | 5.500000e+01 |  10.00%|  10.37%
 18.5s| 37300 | 22411 |408991 |  11.0 |    26M | 186 | 241 |1275 |1275 |   0 |  0 |   0 | 708 | 5.000000e+01 | 5.500000e+01 |  10.00%|  10.37%
 18.6s| 37400 | 22485 |410423 |  11.0 |    26M | 186 | 241 |1275 |1275 |   0 |  0 |   0 | 708 | 5.000000e+01 | 5.500000e+01 |  10.00%|  10.37%
 18.6s| 37500 | 22539 |411320 |  11.0 |    26M | 186 | 241 |1275 |1275 |   0 |  0 |   0 | 708 | 5.000000e+01 | 5.500000e+01 |  10.00%|  10.38%
 18.7s| 37600 | 22587 |411846 |  10.9 |    26M | 186 | 241 |1275 |1275 |   0 |  0 |   0 | 708 | 5.000000e+01 | 5.500000e+01 |  10.00%|  10.38%
 18.7s| 37700 | 22653 |412983 |  10.9 |    26M | 186 | 241 |1275 |1275 |   0 |  0 |   0 | 708 | 5.000000e+01 | 5.500000e+01 |  10.00%|  10.38%
 18.8s| 37800 | 22721 |413916 |  10.9 |    26M | 186 | 241 |1275 |1275 |   0 |  0 |   0 | 721 | 5.000000e+01 | 5.500000e+01 |  10.00%|  10.38%
 18.8s| 37900 | 22787 |415210 |  11.0 |    26M | 186 | 241 |1275 |1275 |   0 |  0 |   0 | 721 | 5.000000e+01 | 5.500000e+01 |  10.00%|  10.39%
 18.9s| 38000 | 22855 |417161 |  11.0 |    26M | 186 | 241 |1275 |1275 |   0 |  0 |   0 | 721 | 5.000000e+01 | 5.500000e+01 |  10.00%|  10.39%
 18.9s| 38100 | 22899 |418157 |  11.0 |    26M | 186 | 241 |1275 |1275 |   0 |  0 |   0 | 724 | 5.000000e+01 | 5.500000e+01 |  10.00%|  10.40%
 19.0s| 38200 | 22959 |419441 |  11.0 |    26M | 186 | 241 |1275 |1275 |   0 |  0 |   0 | 724 | 5.000000e+01 | 5.500000e+01 |  10.00%|  10.40%
 19.0s| 38300 | 23013 |420898 |  11.0 |    26M | 186 | 241 |1275 |1275 |   0 |  0 |   0 | 724 | 5.000000e+01 | 5.500000e+01 |  10.00%|  10.40%
 19.1s| 38400 | 23069 |422284 |  11.0 |    26M | 186 | 241 |1275 |1275 |   0 |  0 |   0 | 724 | 5.000000e+01 | 5.500000e+01 |  10.00%|  10.40%
 time | node  | left  |LP iter|LP it/n|mem/heur|mdpt |vars |cons |rows |cuts |sepa|confs|strbr|  dualbound   | primalbound  |  gap   | compl. 
 19.1s| 38500 | 23131 |423122 |  11.0 |    26M | 186 | 241 |1275 |1275 |   0 |  0 |   0 | 724 | 5.000000e+01 | 5.500000e+01 |  10.00%|  10.40%
 19.1s| 38600 | 23191 |424463 |  11.0 |    26M | 186 | 241 |1275 |1275 |   0 |  0 |   0 | 724 | 5.000000e+01 | 5.500000e+01 |  10.00%|  10.40%
 19.2s| 38700 | 23243 |425931 |  11.0 |    26M | 186 | 241 |1275 |1275 |   0 |  0 |   0 | 724 | 5.000000e+01 | 5.500000e+01 |  10.00%|  10.40%
 19.3s| 38800 | 23305 |427576 |  11.0 |    26M | 186 | 241 |1275 |1275 |   0 |  0 |   0 | 724 | 5.000000e+01 | 5.500000e+01 |  10.00%|  10.40%
 19.3s| 38900 | 23361 |428801 |  11.0 |    26M | 186 | 241 |1275 |1275 |   0 |  0 |   0 | 724 | 5.000000e+01 | 5.500000e+01 |  10.00%|  10.40%
 19.3s| 39000 | 23415 |429867 |  11.0 |    27M | 186 | 241 |1275 |1275 |   0 |  0 |   0 | 724 | 5.000000e+01 | 5.500000e+01 |  10.00%|  10.40%
 19.4s| 39100 | 23477 |431091 |  11.0 |    27M | 186 | 241 |1275 |1275 |   0 |  0 |   0 | 733 | 5.000000e+01 | 5.500000e+01 |  10.00%|  10.41%
 19.4s| 39200 | 23551 |432344 |  11.0 |    27M | 186 | 241 |1275 |1275 |   0 |  0 |   0 | 737 | 5.000000e+01 | 5.500000e+01 |  10.00%|  10.41%
 19.5s| 39300 | 23619 |433553 |  11.0 |    27M | 186 | 241 |1275 |1275 |   0 |  0 |   0 | 737 | 5.000000e+01 | 5.500000e+01 |  10.00%|  10.41%
 19.5s| 39400 | 23689 |434837 |  11.0 |    27M | 186 | 241 |1275 |1275 |   0 |  0 |   0 | 737 | 5.000000e+01 | 5.500000e+01 |  10.00%|  10.41%
 19.6s| 39500 | 23747 |435838 |  11.0 |    27M | 186 | 241 |1275 |1275 |   0 |  0 |   0 | 737 | 5.000000e+01 | 5.500000e+01 |  10.00%|  10.41%
 19.6s| 39600 | 23807 |436778 |  11.0 |    27M | 186 | 241 |1275 |1275 |   0 |  0 |   0 | 737 | 5.000000e+01 | 5.500000e+01 |  10.00%|  10.42%
 19.7s| 39700 | 23839 |437822 |  11.0 |    27M | 186 | 241 |1275 |1275 |   0 |  0 |   0 | 740 | 5.000000e+01 | 5.500000e+01 |  10.00%|  10.42%
 19.7s| 39800 | 23889 |439097 |  11.0 |    27M | 186 | 241 |1275 |1275 |   0 |  0 |   0 | 740 | 5.000000e+01 | 5.500000e+01 |  10.00%|  10.42%
 19.8s| 39900 | 23947 |440094 |  11.0 |    27M | 186 | 241 |1275 |1275 |   0 |  0 |   0 | 740 | 5.000000e+01 | 5.500000e+01 |  10.00%|  10.43%
 time | node  | left  |LP iter|LP it/n|mem/heur|mdpt |vars |cons |rows |cuts |sepa|confs|strbr|  dualbound   | primalbound  |  gap   | compl. 
 19.8s| 40000 | 24001 |441492 |  11.0 |    27M | 186 | 241 |1275 |1275 |   0 |  0 |   0 | 740 | 5.000000e+01 | 5.500000e+01 |  10.00%|  10.43%
 19.9s| 40100 | 24059 |442597 |  11.0 |    27M | 186 | 241 |1275 |1275 |   0 |  0 |   0 | 740 | 5.000000e+01 | 5.500000e+01 |  10.00%|  10.43%
 19.9s| 40200 | 24125 |444027 |  11.0 |    27M | 186 | 241 |1275 |1275 |   0 |  0 |   0 | 740 | 5.000000e+01 | 5.500000e+01 |  10.00%|  10.43%
 19.9s| 40300 | 24177 |444783 |  11.0 |    27M | 186 | 241 |1275 |1275 |   0 |  0 |   0 | 740 | 5.000000e+01 | 5.500000e+01 |  10.00%|  10.44%
 20.0s| 40400 | 24249 |446858 |  11.1 |    27M | 186 | 241 |1275 |1275 |   0 |  0 |   0 | 750 | 5.000000e+01 | 5.500000e+01 |  10.00%|  10.44%
 20.1s| 40500 | 24305 |448368 |  11.1 |    27M | 186 | 241 |1275 |1275 |   0 |  0 |   0 | 754 | 5.000000e+01 | 5.500000e+01 |  10.00%|  10.45%
 20.1s| 40600 | 24355 |449901 |  11.1 |    27M | 186 | 241 |1275 |1275 |   0 |  0 |   0 | 754 | 5.000000e+01 | 5.500000e+01 |  10.00%|  10.47%
 20.2s| 40700 | 24415 |452145 |  11.1 |    27M | 186 | 241 |1275 |1275 |   0 |  0 |   0 | 754 | 5.000000e+01 | 5.500000e+01 |  10.00%|  10.48%
 20.2s| 40800 | 24473 |453251 |  11.1 |    27M | 186 | 241 |1275 |1275 |   0 |  0 |   0 | 754 | 5.000000e+01 | 5.500000e+01 |  10.00%|  10.49%
 20.3s| 40900 | 24529 |454705 |  11.1 |    27M | 186 | 241 |1275 |1275 |   0 |  0 |   0 | 754 | 5.000000e+01 | 5.500000e+01 |  10.00%|  10.51%
 20.3s| 41000 | 24591 |455916 |  11.1 |    27M | 186 | 241 |1275 |1275 |   0 |  0 |   0 | 754 | 5.000000e+01 | 5.500000e+01 |  10.00%|  10.51%
 20.4s| 41100 | 24647 |457361 |  11.1 |    27M | 186 | 241 |1275 |1275 |   0 |  0 |   0 | 754 | 5.000000e+01 | 5.500000e+01 |  10.00%|  10.52%
 20.4s| 41200 | 24707 |458232 |  11.1 |    27M | 186 | 241 |1275 |1275 |   0 |  0 |   0 | 754 | 5.000000e+01 | 5.500000e+01 |  10.00%|  10.53%
 20.5s| 41300 | 24773 |459428 |  11.1 |    28M | 186 | 241 |1275 |1275 |   0 |  0 |   0 | 762 | 5.000000e+01 | 5.500000e+01 |  10.00%|  10.53%
 20.5s| 41400 | 24839 |460899 |  11.1 |    29M | 186 | 241 |1275 |1275 |   0 |  0 |   0 | 762 | 5.000000e+01 | 5.500000e+01 |  10.00%|  10.54%
 time | node  | left  |LP iter|LP it/n|mem/heur|mdpt |vars |cons |rows |cuts |sepa|confs|strbr|  dualbound   | primalbound  |  gap   | compl. 
 20.6s| 41500 | 24899 |462745 |  11.1 |    29M | 186 | 241 |1275 |1275 |   0 |  0 |   0 | 762 | 5.000000e+01 | 5.500000e+01 |  10.00%|  10.55%
 20.6s| 41600 | 24961 |463746 |  11.1 |    29M | 186 | 241 |1275 |1275 |   0 |  0 |   0 | 762 | 5.000000e+01 | 5.500000e+01 |  10.00%|  10.56%
 20.7s| 41700 | 25031 |464528 |  11.1 |    29M | 186 | 241 |1275 |1275 |   0 |  0 |   0 | 762 | 5.000000e+01 | 5.500000e+01 |  10.00%|  10.56%
 20.7s| 41800 | 25089 |465228 |  11.1 |    29M | 186 | 241 |1275 |1275 |   0 |  0 |   0 | 762 | 5.000000e+01 | 5.500000e+01 |  10.00%|  10.56%
 20.8s| 41900 | 25163 |466244 |  11.1 |    29M | 186 | 241 |1275 |1275 |   0 |  0 |   0 | 784 | 5.000000e+01 | 5.500000e+01 |  10.00%|  10.56%
 20.8s| 42000 | 25213 |466616 |  11.1 |    29M | 186 | 241 |1275 |1275 |   0 |  0 |   0 | 790 | 5.000000e+01 | 5.500000e+01 |  10.00%|  10.56%
 20.9s| 42100 | 25273 |468140 |  11.1 |    29M | 186 | 241 |1275 |1275 |   0 |  0 |   0 | 796 | 5.000000e+01 | 5.500000e+01 |  10.00%|  10.57%
 20.9s| 42200 | 25313 |469040 |  11.1 |    29M | 186 | 241 |1275 |1275 |   0 |  0 |   0 | 796 | 5.000000e+01 | 5.500000e+01 |  10.00%|  10.59%
 20.9s| 42300 | 25389 |469817 |  11.1 |    29M | 186 | 241 |1275 |1275 |   0 |  0 |   0 | 796 | 5.000000e+01 | 5.500000e+01 |  10.00%|  10.59%
 21.0s| 42400 | 25455 |470523 |  11.1 |    29M | 186 | 241 |1275 |1275 |   0 |  0 |   0 | 796 | 5.000000e+01 | 5.500000e+01 |  10.00%|  10.60%
 21.1s| 42500 | 25529 |472677 |  11.1 |    29M | 186 | 241 |1275 |1275 |   0 |  0 |   0 | 796 | 5.000000e+01 | 5.500000e+01 |  10.00%|  10.60%
 21.1s| 42600 | 25603 |473497 |  11.1 |    29M | 186 | 241 |1275 |1275 |   0 |  0 |   0 | 796 | 5.000000e+01 | 5.500000e+01 |  10.00%|  10.61%
 21.1s| 42700 | 25653 |474477 |  11.1 |    29M | 186 | 241 |1275 |1275 |   0 |  0 |   0 | 796 | 5.000000e+01 | 5.500000e+01 |  10.00%|  10.63%
 21.2s| 42800 | 25709 |475290 |  11.1 |    29M | 186 | 241 |1275 |1275 |   0 |  0 |   0 | 796 | 5.000000e+01 | 5.500000e+01 |  10.00%|  10.64%
 21.2s| 42900 | 25757 |476475 |  11.1 |    29M | 186 | 241 |1275 |1275 |   0 |  0 |   0 | 796 | 5.000000e+01 | 5.500000e+01 |  10.00%|  10.65%
 time | node  | left  |LP iter|LP it/n|mem/heur|mdpt |vars |cons |rows |cuts |sepa|confs|strbr|  dualbound   | primalbound  |  gap   | compl. 
 21.3s| 43000 | 25821 |478052 |  11.1 |    29M | 186 | 241 |1275 |1275 |   0 |  0 |   0 | 796 | 5.000000e+01 | 5.500000e+01 |  10.00%|  10.65%
 21.3s| 43100 | 25867 |479348 |  11.1 |    29M | 186 | 241 |1275 |1275 |   0 |  0 |   0 | 796 | 5.000000e+01 | 5.500000e+01 |  10.00%|  10.65%
 21.4s| 43200 | 25935 |480941 |  11.1 |    29M | 186 | 241 |1275 |1275 |   0 |  0 |   0 | 796 | 5.000000e+01 | 5.500000e+01 |  10.00%|  10.66%
 21.4s| 43300 | 26021 |482343 |  11.1 |    29M | 186 | 241 |1275 |1275 |   0 |  0 |   0 | 796 | 5.000000e+01 | 5.500000e+01 |  10.00%|  10.66%
 21.5s| 43400 | 26083 |483933 |  11.1 |    29M | 186 | 241 |1275 |1275 |   0 |  0 |   0 | 796 | 5.000000e+01 | 5.500000e+01 |  10.00%|  10.67%
 21.6s| 43500 | 26159 |485231 |  11.2 |    29M | 186 | 241 |1275 |1275 |   0 |  0 |   0 | 796 | 5.000000e+01 | 5.500000e+01 |  10.00%|  10.67%
 21.6s| 43600 | 26227 |486499 |  11.2 |    29M | 186 | 241 |1275 |1275 |   0 |  0 |   0 | 796 | 5.000000e+01 | 5.500000e+01 |  10.00%|  10.68%
 21.7s| 43700 | 26283 |487660 |  11.2 |    29M | 186 | 241 |1275 |1275 |   0 |  0 |   0 | 796 | 5.000000e+01 | 5.500000e+01 |  10.00%|  10.69%
 21.7s| 43800 | 26333 |488451 |  11.1 |    29M | 186 | 241 |1275 |1275 |   0 |  0 |   0 | 796 | 5.000000e+01 | 5.500000e+01 |  10.00%|  10.69%
 21.8s| 43900 | 26403 |490089 |  11.2 |    29M | 186 | 241 |1275 |1275 |   0 |  0 |   0 | 796 | 5.000000e+01 | 5.500000e+01 |  10.00%|  10.69%
 21.8s| 44000 | 26473 |492000 |  11.2 |    29M | 186 | 241 |1275 |1275 |   0 |  0 |   0 | 796 | 5.000000e+01 | 5.500000e+01 |  10.00%|  10.69%
 21.9s| 44100 | 26531 |493177 |  11.2 |    29M | 186 | 241 |1275 |1275 |   0 |  0 |   0 | 796 | 5.000000e+01 | 5.500000e+01 |  10.00%|  10.70%
 21.9s| 44200 | 26601 |494406 |  11.2 |    29M | 186 | 241 |1275 |1275 |   0 |  0 |   0 | 796 | 5.000000e+01 | 5.500000e+01 |  10.00%|  10.70%
 22.0s| 44300 | 26671 |496011 |  11.2 |    29M | 186 | 241 |1275 |1275 |   0 |  0 |   0 | 796 | 5.000000e+01 | 5.500000e+01 |  10.00%|  10.71%
 22.0s| 44400 | 26749 |497689 |  11.2 |    29M | 186 | 241 |1275 |1275 |   0 |  0 |   0 | 799 | 5.000000e+01 | 5.500000e+01 |  10.00%|  10.71%
 time | node  | left  |LP iter|LP it/n|mem/heur|mdpt |vars |cons |rows |cuts |sepa|confs|strbr|  dualbound   | primalbound  |  gap   | compl. 
 22.1s| 44500 | 26827 |499147 |  11.2 |    29M | 186 | 241 |1275 |1275 |   0 |  0 |   0 | 799 | 5.000000e+01 | 5.500000e+01 |  10.00%|  10.71%
 22.1s| 44600 | 26895 |500033 |  11.2 |    29M | 186 | 241 |1275 |1275 |   0 |  0 |   0 | 799 | 5.000000e+01 | 5.500000e+01 |  10.00%|  10.72%
 22.2s| 44700 | 26971 |501550 |  11.2 |    29M | 186 | 241 |1275 |1275 |   0 |  0 |   0 | 799 | 5.000000e+01 | 5.500000e+01 |  10.00%|  10.72%
 22.2s| 44800 | 27023 |503172 |  11.2 |    29M | 186 | 241 |1275 |1275 |   0 |  0 |   0 | 799 | 5.000000e+01 | 5.500000e+01 |  10.00%|  10.73%
 22.3s| 44900 | 27095 |505136 |  11.2 |    29M | 186 | 241 |1275 |1275 |   0 |  0 |   0 | 799 | 5.000000e+01 | 5.500000e+01 |  10.00%|  10.73%
 22.3s| 45000 | 27157 |507006 |  11.3 |    29M | 186 | 241 |1275 |1275 |   0 |  0 |   0 | 799 | 5.000000e+01 | 5.500000e+01 |  10.00%|  10.73%
 22.4s| 45100 | 27197 |507528 |  11.2 |    29M | 186 | 241 |1275 |1275 |   0 |  0 |   0 | 799 | 5.000000e+01 | 5.500000e+01 |  10.00%|  10.74%
 22.4s| 45200 | 27221 |508085 |  11.2 |    29M | 186 | 241 |1275 |1275 |   0 |  0 |   0 | 799 | 5.000000e+01 | 5.500000e+01 |  10.00%|  10.77%
 22.5s| 45300 | 27275 |508989 |  11.2 |    29M | 186 | 241 |1275 |1275 |   0 |  0 |   0 | 799 | 5.000000e+01 | 5.500000e+01 |  10.00%|  10.78%
 22.5s| 45400 | 27325 |510266 |  11.2 |    29M | 186 | 241 |1275 |1275 |   0 |  0 |   0 | 799 | 5.000000e+01 | 5.500000e+01 |  10.00%|  10.78%
 22.6s| 45500 | 27397 |511626 |  11.2 |    29M | 186 | 241 |1275 |1275 |   0 |  0 |   0 | 799 | 5.000000e+01 | 5.500000e+01 |  10.00%|  10.78%
 22.6s| 45600 | 27449 |513114 |  11.2 |    29M | 186 | 241 |1275 |1275 |   0 |  0 |   0 | 799 | 5.000000e+01 | 5.500000e+01 |  10.00%|  10.79%
 22.7s| 45700 | 27493 |514653 |  11.3 |    29M | 186 | 241 |1275 |1275 |   0 |  0 |   0 | 799 | 5.000000e+01 | 5.500000e+01 |  10.00%|  10.81%
 22.7s| 45800 | 27549 |516013 |  11.3 |    29M | 186 | 241 |1275 |1275 |   0 |  0 |   0 | 799 | 5.000000e+01 | 5.500000e+01 |  10.00%|  10.81%
 22.8s| 45900 | 27591 |516970 |  11.3 |    29M | 186 | 241 |1275 |1275 |   0 |  0 |   0 | 806 | 5.000000e+01 | 5.500000e+01 |  10.00%|  10.84%
 time | node  | left  |LP iter|LP it/n|mem/heur|mdpt |vars |cons |rows |cuts |sepa|confs|strbr|  dualbound   | primalbound  |  gap   | compl. 
 22.8s| 46000 | 27641 |517657 |  11.2 |    29M | 186 | 241 |1275 |1275 |   0 |  0 |   0 | 813 | 5.000000e+01 | 5.500000e+01 |  10.00%|  10.84%
 22.9s| 46100 | 27693 |518912 |  11.3 |    29M | 186 | 241 |1275 |1275 |   0 |  0 |   0 | 813 | 5.000000e+01 | 5.500000e+01 |  10.00%|  10.86%
 22.9s| 46200 | 27751 |519642 |  11.2 |    29M | 186 | 241 |1275 |1275 |   0 |  0 |   0 | 816 | 5.000000e+01 | 5.500000e+01 |  10.00%|  10.86%
 22.9s| 46300 | 27797 |520408 |  11.2 |    29M | 186 | 241 |1275 |1275 |   0 |  0 |   0 | 816 | 5.000000e+01 | 5.500000e+01 |  10.00%|  10.86%
 23.0s| 46400 | 27841 |521570 |  11.2 |    29M | 186 | 241 |1275 |1275 |   0 |  0 |   0 | 828 | 5.000000e+01 | 5.500000e+01 |  10.00%|  10.87%
 23.0s| 46500 | 27907 |522539 |  11.2 |    29M | 186 | 241 |1275 |1275 |   0 |  0 |   0 | 828 | 5.000000e+01 | 5.500000e+01 |  10.00%|  10.87%
 23.1s| 46600 | 27953 |523129 |  11.2 |    29M | 186 | 241 |1275 |1275 |   0 |  0 |   0 | 828 | 5.000000e+01 | 5.500000e+01 |  10.00%|  10.89%
 23.1s| 46700 | 27993 |524436 |  11.2 |    29M | 186 | 241 |1275 |1275 |   0 |  0 |   0 | 828 | 5.000000e+01 | 5.500000e+01 |  10.00%|  10.90%
 23.2s| 46800 | 28067 |525905 |  11.2 |    29M | 186 | 241 |1275 |1275 |   0 |  0 |   0 | 834 | 5.000000e+01 | 5.500000e+01 |  10.00%|  10.90%
 23.2s| 46900 | 28125 |527561 |  11.2 |    29M | 186 | 241 |1275 |1275 |   0 |  0 |   0 | 834 | 5.000000e+01 | 5.500000e+01 |  10.00%|  10.91%
 23.3s| 47000 | 28191 |528336 |  11.2 |    30M | 186 | 241 |1275 |1275 |   0 |  0 |   0 | 834 | 5.000000e+01 | 5.500000e+01 |  10.00%|  10.91%
 23.3s| 47100 | 28253 |530275 |  11.3 |    30M | 186 | 241 |1275 |1275 |   0 |  0 |   0 | 834 | 5.000000e+01 | 5.500000e+01 |  10.00%|  10.91%
 23.4s| 47200 | 28343 |532721 |  11.3 |    31M | 186 | 241 |1275 |1275 |   0 |  0 |   0 | 834 | 5.000000e+01 | 5.500000e+01 |  10.00%|  10.91%
 23.5s| 47300 | 28391 |534721 |  11.3 |    31M | 186 | 241 |1275 |1275 |   0 |  0 |   0 | 834 | 5.000000e+01 | 5.500000e+01 |  10.00%|  10.92%
 23.5s| 47400 | 28465 |535779 |  11.3 |    31M | 186 | 241 |1275 |1275 |   0 |  0 |   0 | 834 | 5.000000e+01 | 5.500000e+01 |  10.00%|  10.92%
 time | node  | left  |LP iter|LP it/n|mem/heur|mdpt |vars |cons |rows |cuts |sepa|confs|strbr|  dualbound   | primalbound  |  gap   | compl. 
 23.6s| 47500 | 28537 |537276 |  11.3 |    31M | 186 | 241 |1275 |1275 |   0 |  0 |   0 | 834 | 5.000000e+01 | 5.500000e+01 |  10.00%|  10.92%
 23.6s| 47600 | 28607 |538544 |  11.3 |    31M | 186 | 241 |1275 |1275 |   0 |  0 |   0 | 834 | 5.000000e+01 | 5.500000e+01 |  10.00%|  10.93%
 23.7s| 47700 | 28665 |540406 |  11.3 |    31M | 186 | 241 |1275 |1275 |   0 |  0 |   0 | 834 | 5.000000e+01 | 5.500000e+01 |  10.00%|  10.94%
 23.7s| 47800 | 28749 |541860 |  11.3 |    31M | 186 | 241 |1275 |1275 |   0 |  0 |   0 | 834 | 5.000000e+01 | 5.500000e+01 |  10.00%|  10.95%
 23.8s| 47900 | 28819 |542874 |  11.3 |    31M | 186 | 241 |1275 |1275 |   0 |  0 |   0 | 834 | 5.000000e+01 | 5.500000e+01 |  10.00%|  10.96%
 23.8s| 48000 | 28893 |543764 |  11.3 |    32M | 186 | 241 |1275 |1275 |   0 |  0 |   0 | 834 | 5.000000e+01 | 5.500000e+01 |  10.00%|  10.97%
 23.8s| 48100 | 28973 |544535 |  11.3 |    32M | 186 | 241 |1275 |1275 |   0 |  0 |   0 | 834 | 5.000000e+01 | 5.500000e+01 |  10.00%|  10.97%
 23.9s| 48200 | 29061 |546007 |  11.3 |    32M | 186 | 241 |1275 |1275 |   0 |  0 |   0 | 834 | 5.000000e+01 | 5.500000e+01 |  10.00%|  10.97%
 24.0s| 48300 | 29129 |547336 |  11.3 |    32M | 186 | 241 |1275 |1275 |   0 |  0 |   0 | 834 | 5.000000e+01 | 5.500000e+01 |  10.00%|  10.97%
 24.0s| 48400 | 29205 |549007 |  11.3 |    32M | 186 | 241 |1275 |1275 |   0 |  0 |   0 | 834 | 5.000000e+01 | 5.500000e+01 |  10.00%|  10.98%
 24.1s| 48500 | 29271 |550027 |  11.3 |    32M | 186 | 241 |1275 |1275 |   0 |  0 |   0 | 834 | 5.000000e+01 | 5.500000e+01 |  10.00%|  10.98%
 24.1s| 48600 | 29343 |551593 |  11.3 |    32M | 186 | 241 |1275 |1275 |   0 |  0 |   0 | 834 | 5.000000e+01 | 5.500000e+01 |  10.00%|  10.98%
 24.1s| 48700 | 29395 |552389 |  11.3 |    32M | 186 | 241 |1275 |1275 |   0 |  0 |   0 | 834 | 5.000000e+01 | 5.500000e+01 |  10.00%|  10.98%
 24.2s| 48800 | 29459 |553505 |  11.3 |    32M | 186 | 241 |1275 |1275 |   0 |  0 |   0 | 834 | 5.000000e+01 | 5.500000e+01 |  10.00%|  10.98%
 24.2s| 48900 | 29517 |554944 |  11.3 |    33M | 186 | 241 |1275 |1275 |   0 |  0 |   0 | 834 | 5.000000e+01 | 5.500000e+01 |  10.00%|  10.99%
 time | node  | left  |LP iter|LP it/n|mem/heur|mdpt |vars |cons |rows |cuts |sepa|confs|strbr|  dualbound   | primalbound  |  gap   | compl. 
 24.3s| 49000 | 29569 |556661 |  11.4 |    33M | 186 | 241 |1275 |1275 |   0 |  0 |   0 | 834 | 5.000000e+01 | 5.500000e+01 |  10.00%|  10.99%
 24.3s| 49100 | 29627 |557593 |  11.4 |    33M | 186 | 241 |1275 |1275 |   0 |  0 |   0 | 834 | 5.000000e+01 | 5.500000e+01 |  10.00%|  11.00%
 24.4s| 49200 | 29691 |558728 |  11.4 |    33M | 186 | 241 |1275 |1275 |   0 |  0 |   0 | 834 | 5.000000e+01 | 5.500000e+01 |  10.00%|  11.01%
 24.4s| 49300 | 29757 |559411 |  11.3 |    33M | 186 | 241 |1275 |1275 |   0 |  0 |   0 | 834 | 5.000000e+01 | 5.500000e+01 |  10.00%|  11.01%
 24.5s| 49400 | 29795 |560169 |  11.3 |    33M | 186 | 241 |1275 |1275 |   0 |  0 |   0 | 834 | 5.000000e+01 | 5.500000e+01 |  10.00%|  11.02%
 24.5s| 49500 | 29845 |560676 |  11.3 |    33M | 186 | 241 |1275 |1275 |   0 |  0 |   0 | 834 | 5.000000e+01 | 5.500000e+01 |  10.00%|  11.02%
 24.5s| 49600 | 29893 |561559 |  11.3 |    33M | 186 | 241 |1275 |1275 |   0 |  0 |   0 | 834 | 5.000000e+01 | 5.500000e+01 |  10.00%|  11.02%
 24.6s| 49700 | 29941 |562456 |  11.3 |    33M | 186 | 241 |1275 |1275 |   0 |  0 |   0 | 834 | 5.000000e+01 | 5.500000e+01 |  10.00%|  11.03%
 24.6s| 49800 | 30005 |563474 |  11.3 |    33M | 186 | 241 |1275 |1275 |   0 |  0 |   0 | 834 | 5.000000e+01 | 5.500000e+01 |  10.00%|  11.04%
 24.7s| 49900 | 30069 |564990 |  11.3 |    33M | 186 | 241 |1275 |1275 |   0 |  0 |   0 | 834 | 5.000000e+01 | 5.500000e+01 |  10.00%|  11.05%
 24.7s| 50000 | 30131 |565757 |  11.3 |    33M | 186 | 241 |1275 |1275 |   0 |  0 |   0 | 841 | 5.000000e+01 | 5.500000e+01 |  10.00%|  11.05%
 24.8s| 50100 | 30201 |567862 |  11.3 |    33M | 186 | 241 |1275 |1275 |   0 |  0 |   0 | 841 | 5.000000e+01 | 5.500000e+01 |  10.00%|  11.06%
 24.9s| 50200 | 30261 |570216 |  11.4 |    33M | 186 | 241 |1275 |1275 |   0 |  0 |   0 | 848 | 5.000000e+01 | 5.500000e+01 |  10.00%|  11.08%
 24.9s| 50300 | 30329 |571342 |  11.4 |    33M | 186 | 241 |1275 |1275 |   0 |  0 |   0 | 848 | 5.000000e+01 | 5.500000e+01 |  10.00%|  11.08%
 24.9s| 50400 | 30387 |572259 |  11.4 |    33M | 186 | 241 |1275 |1275 |   0 |  0 |   0 | 848 | 5.000000e+01 | 5.500000e+01 |  10.00%|  11.09%
 time | node  | left  |LP iter|LP it/n|mem/heur|mdpt |vars |cons |rows |cuts |sepa|confs|strbr|  dualbound   | primalbound  |  gap   | compl. 
 25.0s| 50500 | 30437 |573418 |  11.4 |    33M | 186 | 241 |1275 |1275 |   0 |  0 |   0 | 848 | 5.000000e+01 | 5.500000e+01 |  10.00%|  11.09%
 25.0s| 50600 | 30481 |574944 |  11.4 |    33M | 186 | 241 |1275 |1275 |   0 |  0 |   0 | 848 | 5.000000e+01 | 5.500000e+01 |  10.00%|  11.09%
 25.1s| 50700 | 30553 |577523 |  11.4 |    33M | 186 | 241 |1275 |1275 |   0 |  0 |   0 | 848 | 5.000000e+01 | 5.500000e+01 |  10.00%|  11.09%
 25.1s| 50800 | 30603 |578179 |  11.4 |    33M | 186 | 241 |1275 |1275 |   0 |  0 |   0 | 848 | 5.000000e+01 | 5.500000e+01 |  10.00%|  11.09%
 25.2s| 50900 | 30655 |579472 |  11.4 |    33M | 186 | 241 |1275 |1275 |   0 |  0 |   0 | 852 | 5.000000e+01 | 5.500000e+01 |  10.00%|  11.10%
 25.2s| 51000 | 30713 |580396 |  11.4 |    33M | 186 | 241 |1275 |1275 |   0 |  0 |   0 | 852 | 5.000000e+01 | 5.500000e+01 |  10.00%|  11.11%
 25.3s| 51100 | 30749 |580869 |  11.4 |    33M | 186 | 241 |1275 |1275 |   0 |  0 |   0 | 852 | 5.000000e+01 | 5.500000e+01 |  10.00%|  11.11%
 25.3s| 51200 | 30799 |582355 |  11.4 |    33M | 186 | 241 |1275 |1275 |   0 |  0 |   0 | 852 | 5.000000e+01 | 5.500000e+01 |  10.00%|  11.11%
 25.4s| 51300 | 30863 |583948 |  11.4 |    33M | 186 | 241 |1275 |1275 |   0 |  0 |   0 | 852 | 5.000000e+01 | 5.500000e+01 |  10.00%|  11.12%
 25.4s| 51400 | 30923 |586100 |  11.4 |    33M | 186 | 241 |1275 |1275 |   0 |  0 |   0 | 852 | 5.000000e+01 | 5.500000e+01 |  10.00%|  11.13%
 25.5s| 51500 | 30987 |586891 |  11.4 |    33M | 186 | 241 |1275 |1275 |   0 |  0 |   0 | 867 | 5.000000e+01 | 5.500000e+01 |  10.00%|  11.13%
 25.5s| 51600 | 31053 |587781 |  11.4 |    33M | 186 | 241 |1275 |1275 |   0 |  0 |   0 | 867 | 5.000000e+01 | 5.500000e+01 |  10.00%|  11.14%
 25.6s| 51700 | 31103 |588906 |  11.4 |    33M | 186 | 241 |1275 |1275 |   0 |  0 |   0 | 867 | 5.000000e+01 | 5.500000e+01 |  10.00%|  11.16%
 25.6s| 51800 | 31143 |589321 |  11.4 |    34M | 186 | 241 |1275 |1275 |   0 |  0 |   0 | 867 | 5.000000e+01 | 5.500000e+01 |  10.00%|  11.18%
 25.7s| 51900 | 31175 |590178 |  11.4 |    34M | 186 | 241 |1275 |1275 |   0 |  0 |   0 | 867 | 5.000000e+01 | 5.500000e+01 |  10.00%|  11.19%
 time | node  | left  |LP iter|LP it/n|mem/heur|mdpt |vars |cons |rows |cuts |sepa|confs|strbr|  dualbound   | primalbound  |  gap   | compl. 
 25.7s| 52000 | 31227 |590980 |  11.4 |    34M | 186 | 241 |1275 |1275 |   0 |  0 |   0 | 867 | 5.000000e+01 | 5.500000e+01 |  10.00%|  11.20%
 25.7s| 52100 | 31283 |591808 |  11.4 |    34M | 186 | 241 |1275 |1275 |   0 |  0 |   0 | 867 | 5.000000e+01 | 5.500000e+01 |  10.00%|  11.20%
 25.8s| 52200 | 31317 |592279 |  11.3 |    34M | 186 | 241 |1275 |1275 |   0 |  0 |   0 | 867 | 5.000000e+01 | 5.500000e+01 |  10.00%|  11.20%
 25.8s| 52300 | 31363 |593114 |  11.3 |    34M | 186 | 241 |1275 |1275 |   0 |  0 |   0 | 871 | 5.000000e+01 | 5.500000e+01 |  10.00%|  11.21%
 25.9s| 52400 | 31409 |594290 |  11.3 |    34M | 186 | 241 |1275 |1275 |   0 |  0 |   0 | 871 | 5.000000e+01 | 5.500000e+01 |  10.00%|  11.21%
 25.9s| 52500 | 31439 |595073 |  11.3 |    34M | 186 | 241 |1275 |1275 |   0 |  0 |   0 | 871 | 5.000000e+01 | 5.500000e+01 |  10.00%|  11.22%
 26.0s| 52600 | 31499 |596395 |  11.3 |    34M | 186 | 241 |1275 |1275 |   0 |  0 |   0 | 903 | 5.000000e+01 | 5.500000e+01 |  10.00%|  11.22%
 26.0s| 52700 | 31539 |597487 |  11.3 |    35M | 186 | 241 |1275 |1275 |   0 |  0 |   0 | 903 | 5.000000e+01 | 5.500000e+01 |  10.00%|  11.23%
 26.1s| 52800 | 31585 |598588 |  11.3 |    35M | 186 | 241 |1275 |1275 |   0 |  0 |   0 | 909 | 5.000000e+01 | 5.500000e+01 |  10.00%|  11.24%
 26.1s| 52900 | 31629 |599160 |  11.3 |    35M | 186 | 241 |1275 |1275 |   0 |  0 |   0 | 911 | 5.000000e+01 | 5.500000e+01 |  10.00%|  11.24%
 26.2s| 53000 | 31657 |600631 |  11.3 |    35M | 186 | 241 |1275 |1275 |   0 |  0 |   0 | 917 | 5.000000e+01 | 5.500000e+01 |  10.00%|  11.24%
 26.2s| 53100 | 31711 |602712 |  11.3 |    35M | 186 | 241 |1275 |1275 |   0 |  0 |   0 | 917 | 5.000000e+01 | 5.500000e+01 |  10.00%|  11.25%
 26.3s| 53200 | 31763 |603488 |  11.3 |    35M | 186 | 241 |1275 |1275 |   0 |  0 |   0 | 917 | 5.000000e+01 | 5.500000e+01 |  10.00%|  11.25%
 26.3s| 53300 | 31811 |604566 |  11.3 |    35M | 186 | 241 |1275 |1275 |   0 |  0 |   0 | 969 | 5.000000e+01 | 5.500000e+01 |  10.00%|  11.25%
 26.4s| 53400 | 31853 |605214 |  11.3 |    35M | 186 | 241 |1275 |1275 |   0 |  0 |   0 | 976 | 5.000000e+01 | 5.500000e+01 |  10.00%|  11.26%
 time | node  | left  |LP iter|LP it/n|mem/heur|mdpt |vars |cons |rows |cuts |sepa|confs|strbr|  dualbound   | primalbound  |  gap   | compl. 
 26.4s| 53500 | 31899 |606317 |  11.3 |    35M | 186 | 241 |1275 |1275 |   0 |  0 |   0 | 976 | 5.000000e+01 | 5.500000e+01 |  10.00%|  11.26%
 26.5s| 53600 | 31931 |607840 |  11.3 |    35M | 186 | 241 |1275 |1275 |   0 |  0 |   0 | 976 | 5.000000e+01 | 5.500000e+01 |  10.00%|  11.28%
 26.5s| 53700 | 31987 |609114 |  11.3 |    35M | 186 | 241 |1275 |1275 |   0 |  0 |   0 | 980 | 5.000000e+01 | 5.500000e+01 |  10.00%|  11.28%
 26.6s| 53800 | 32037 |609623 |  11.3 |    35M | 186 | 241 |1275 |1275 |   0 |  0 |   0 | 984 | 5.000000e+01 | 5.500000e+01 |  10.00%|  11.28%
 26.6s| 53900 | 32089 |609982 |  11.3 |    35M | 186 | 241 |1275 |1275 |   0 |  0 |   0 | 984 | 5.000000e+01 | 5.500000e+01 |  10.00%|  11.28%
 26.6s| 54000 | 32127 |610397 |  11.3 |    35M | 186 | 241 |1275 |1275 |   0 |  0 |   0 | 984 | 5.000000e+01 | 5.500000e+01 |  10.00%|  11.28%
 26.7s| 54100 | 32163 |610767 |  11.3 |    35M | 186 | 241 |1275 |1275 |   0 |  0 |   0 | 984 | 5.000000e+01 | 5.500000e+01 |  10.00%|  11.28%
 26.7s| 54200 | 32219 |611121 |  11.3 |    35M | 186 | 241 |1275 |1275 |   0 |  0 |   0 | 984 | 5.000000e+01 | 5.500000e+01 |  10.00%|  11.28%
 26.7s| 54300 | 32265 |611626 |  11.3 |    35M | 186 | 241 |1275 |1275 |   0 |  0 |   0 | 984 | 5.000000e+01 | 5.500000e+01 |  10.00%|  11.28%
 26.8s| 54400 | 32303 |612265 |  11.3 |    35M | 186 | 241 |1275 |1275 |   0 |  0 |   0 | 984 | 5.000000e+01 | 5.500000e+01 |  10.00%|  11.28%
 26.8s| 54500 | 32341 |613349 |  11.3 |    35M | 186 | 241 |1275 |1275 |   0 |  0 |   0 | 989 | 5.000000e+01 | 5.500000e+01 |  10.00%|  11.29%
 26.9s| 54600 | 32389 |613978 |  11.2 |    35M | 186 | 241 |1275 |1275 |   0 |  0 |   0 |1000 | 5.000000e+01 | 5.500000e+01 |  10.00%|  11.29%
 26.9s| 54700 | 32459 |616127 |  11.3 |    35M | 186 | 241 |1275 |1275 |   0 |  0 |   0 |1000 | 5.000000e+01 | 5.500000e+01 |  10.00%|  11.29%
 27.0s| 54800 | 32521 |618573 |  11.3 |    35M | 186 | 241 |1275 |1275 |   0 |  0 |   0 |1000 | 5.000000e+01 | 5.500000e+01 |  10.00%|  11.30%
 27.0s| 54900 | 32583 |619551 |  11.3 |    35M | 186 | 241 |1275 |1275 |   0 |  0 |   0 |1010 | 5.000000e+01 | 5.500000e+01 |  10.00%|  11.30%
 time | node  | left  |LP iter|LP it/n|mem/heur|mdpt |vars |cons |rows |cuts |sepa|confs|strbr|  dualbound   | primalbound  |  gap   | compl. 
 27.1s| 55000 | 32621 |620049 |  11.3 |    35M | 186 | 241 |1275 |1275 |   0 |  0 |   0 |1010 | 5.000000e+01 | 5.500000e+01 |  10.00%|  11.30%
 27.1s| 55100 | 32649 |620410 |  11.3 |    35M | 186 | 241 |1275 |1275 |   0 |  0 |   0 |1010 | 5.000000e+01 | 5.500000e+01 |  10.00%|  11.31%
 27.1s| 55200 | 32687 |620775 |  11.2 |    35M | 186 | 241 |1275 |1275 |   0 |  0 |   0 |1010 | 5.000000e+01 | 5.500000e+01 |  10.00%|  11.31%
 27.2s| 55300 | 32739 |622195 |  11.2 |    35M | 186 | 241 |1275 |1275 |   0 |  0 |   0 |1010 | 5.000000e+01 | 5.500000e+01 |  10.00%|  11.32%
 27.2s| 55400 | 32801 |622998 |  11.2 |    35M | 186 | 241 |1275 |1275 |   0 |  0 |   0 |1010 | 5.000000e+01 | 5.500000e+01 |  10.00%|  11.32%
 27.3s| 55500 | 32857 |623535 |  11.2 |    35M | 186 | 241 |1275 |1275 |   0 |  0 |   0 |1010 | 5.000000e+01 | 5.500000e+01 |  10.00%|  11.32%
 27.3s| 55600 | 32907 |623890 |  11.2 |    35M | 186 | 241 |1275 |1275 |   0 |  0 |   0 |1010 | 5.000000e+01 | 5.500000e+01 |  10.00%|  11.32%
 27.4s| 55700 | 32967 |624555 |  11.2 |    35M | 186 | 241 |1275 |1275 |   0 |  0 |   0 |1010 | 5.000000e+01 | 5.500000e+01 |  10.00%|  11.32%
 27.4s| 55800 | 33015 |625028 |  11.2 |    36M | 186 | 241 |1275 |1275 |   0 |  0 |   0 |1010 | 5.000000e+01 | 5.500000e+01 |  10.00%|  11.32%
 27.4s| 55900 | 33049 |625455 |  11.2 |    36M | 186 | 241 |1275 |1275 |   0 |  0 |   0 |1010 | 5.000000e+01 | 5.500000e+01 |  10.00%|  11.32%
 27.5s| 56000 | 33097 |625730 |  11.2 |    36M | 186 | 241 |1275 |1275 |   0 |  0 |   0 |1010 | 5.000000e+01 | 5.500000e+01 |  10.00%|  11.32%
 27.5s| 56100 | 33145 |626167 |  11.2 |    36M | 186 | 241 |1275 |1275 |   0 |  0 |   0 |1010 | 5.000000e+01 | 5.500000e+01 |  10.00%|  11.32%
 27.5s| 56200 | 33185 |626444 |  11.1 |    36M | 186 | 241 |1275 |1275 |   0 |  0 |   0 |1010 | 5.000000e+01 | 5.500000e+01 |  10.00%|  11.32%
 27.6s| 56300 | 33233 |626719 |  11.1 |    36M | 186 | 241 |1275 |1275 |   0 |  0 |   0 |1010 | 5.000000e+01 | 5.500000e+01 |  10.00%|  11.32%
 27.6s| 56400 | 33263 |627034 |  11.1 |    36M | 186 | 241 |1275 |1275 |   0 |  0 |   0 |1010 | 5.000000e+01 | 5.500000e+01 |  10.00%|  11.32%
 time | node  | left  |LP iter|LP it/n|mem/heur|mdpt |vars |cons |rows |cuts |sepa|confs|strbr|  dualbound   | primalbound  |  gap   | compl. 
 27.6s| 56500 | 33297 |627522 |  11.1 |    36M | 186 | 241 |1275 |1275 |   0 |  0 |   0 |1010 | 5.000000e+01 | 5.500000e+01 |  10.00%|  11.32%
 27.7s| 56600 | 33319 |627789 |  11.1 |    36M | 186 | 241 |1275 |1275 |   0 |  0 |   0 |1015 | 5.000000e+01 | 5.500000e+01 |  10.00%|  11.32%
 27.7s| 56700 | 33349 |628099 |  11.1 |    36M | 186 | 241 |1275 |1275 |   0 |  0 |   0 |1015 | 5.000000e+01 | 5.500000e+01 |  10.00%|  11.32%
 27.7s| 56800 | 33377 |628381 |  11.1 |    36M | 186 | 241 |1275 |1275 |   0 |  0 |   0 |1015 | 5.000000e+01 | 5.500000e+01 |  10.00%|  11.32%
 27.8s| 56900 | 33425 |628692 |  11.0 |    36M | 186 | 241 |1275 |1275 |   0 |  0 |   0 |1015 | 5.000000e+01 | 5.500000e+01 |  10.00%|  11.33%
 27.8s| 57000 | 33471 |629000 |  11.0 |    36M | 186 | 241 |1275 |1275 |   0 |  0 |   0 |1015 | 5.000000e+01 | 5.500000e+01 |  10.00%|  11.33%
 27.8s| 57100 | 33497 |629268 |  11.0 |    36M | 186 | 241 |1275 |1275 |   0 |  0 |   0 |1015 | 5.000000e+01 | 5.500000e+01 |  10.00%|  11.33%
 27.9s| 57200 | 33549 |630355 |  11.0 |    36M | 186 | 241 |1275 |1275 |   0 |  0 |   0 |1018 | 5.000000e+01 | 5.500000e+01 |  10.00%|  11.33%
 27.9s| 57300 | 33589 |630682 |  11.0 |    36M | 186 | 241 |1275 |1275 |   0 |  0 |   0 |1018 | 5.000000e+01 | 5.500000e+01 |  10.00%|  11.33%
 27.9s| 57400 | 33621 |630970 |  11.0 |    36M | 186 | 241 |1275 |1275 |   0 |  0 |   0 |1018 | 5.000000e+01 | 5.500000e+01 |  10.00%|  11.33%
 28.0s| 57500 | 33667 |631252 |  11.0 |    36M | 186 | 241 |1275 |1275 |   0 |  0 |   0 |1018 | 5.000000e+01 | 5.500000e+01 |  10.00%|  11.33%
 28.0s| 57600 | 33703 |631528 |  11.0 |    36M | 186 | 241 |1275 |1275 |   0 |  0 |   0 |1018 | 5.000000e+01 | 5.500000e+01 |  10.00%|  11.33%
 28.0s| 57700 | 33757 |631812 |  10.9 |    36M | 186 | 241 |1275 |1275 |   0 |  0 |   0 |1018 | 5.000000e+01 | 5.500000e+01 |  10.00%|  11.33%
 28.1s| 57800 | 33795 |632107 |  10.9 |    36M | 186 | 241 |1275 |1275 |   0 |  0 |   0 |1018 | 5.000000e+01 | 5.500000e+01 |  10.00%|  11.33%
 28.1s| 57900 | 33841 |632424 |  10.9 |    36M | 186 | 241 |1275 |1275 |   0 |  0 |   0 |1018 | 5.000000e+01 | 5.500000e+01 |  10.00%|  11.33%
 time | node  | left  |LP iter|LP it/n|mem/heur|mdpt |vars |cons |rows |cuts |sepa|confs|strbr|  dualbound   | primalbound  |  gap   | compl. 
 28.1s| 58000 | 33883 |632767 |  10.9 |    36M | 186 | 241 |1275 |1275 |   0 |  0 |   0 |1018 | 5.000000e+01 | 5.500000e+01 |  10.00%|  11.33%
 28.2s| 58100 | 33931 |633071 |  10.9 |    36M | 186 | 241 |1275 |1275 |   0 |  0 |   0 |1018 | 5.000000e+01 | 5.500000e+01 |  10.00%|  11.33%
 28.2s| 58200 | 33985 |633439 |  10.9 |    36M | 186 | 241 |1275 |1275 |   0 |  0 |   0 |1018 | 5.000000e+01 | 5.500000e+01 |  10.00%|  11.33%
 28.2s| 58300 | 34029 |633766 |  10.9 |    36M | 186 | 241 |1275 |1275 |   0 |  0 |   0 |1018 | 5.000000e+01 | 5.500000e+01 |  10.00%|  11.33%
 28.3s| 58400 | 34067 |634101 |  10.9 |    36M | 186 | 241 |1275 |1275 |   0 |  0 |   0 |1018 | 5.000000e+01 | 5.500000e+01 |  10.00%|  11.33%
 28.3s| 58500 | 34111 |634440 |  10.8 |    36M | 186 | 241 |1275 |1275 |   0 |  0 |   0 |1018 | 5.000000e+01 | 5.500000e+01 |  10.00%|  11.33%
 28.3s| 58600 | 34145 |634751 |  10.8 |    36M | 186 | 241 |1275 |1275 |   0 |  0 |   0 |1018 | 5.000000e+01 | 5.500000e+01 |  10.00%|  11.33%
 28.4s| 58700 | 34189 |635117 |  10.8 |    36M | 186 | 241 |1275 |1275 |   0 |  0 |   0 |1018 | 5.000000e+01 | 5.500000e+01 |  10.00%|  11.33%
 28.4s| 58800 | 34233 |635408 |  10.8 |    36M | 186 | 241 |1275 |1275 |   0 |  0 |   0 |1018 | 5.000000e+01 | 5.500000e+01 |  10.00%|  11.33%
 28.4s| 58900 | 34285 |635685 |  10.8 |    36M | 186 | 241 |1275 |1275 |   0 |  0 |   0 |1018 | 5.000000e+01 | 5.500000e+01 |  10.00%|  11.33%
 28.5s| 59000 | 34327 |635987 |  10.8 |    36M | 186 | 241 |1275 |1275 |   0 |  0 |   0 |1018 | 5.000000e+01 | 5.500000e+01 |  10.00%|  11.33%
 28.5s| 59100 | 34377 |636299 |  10.8 |    36M | 186 | 241 |1275 |1275 |   0 |  0 |   0 |1018 | 5.000000e+01 | 5.500000e+01 |  10.00%|  11.33%
 28.5s| 59200 | 34415 |636570 |  10.7 |    36M | 186 | 241 |1275 |1275 |   0 |  0 |   0 |1018 | 5.000000e+01 | 5.500000e+01 |  10.00%|  11.33%
 28.6s| 59300 | 34447 |636841 |  10.7 |    36M | 186 | 241 |1275 |1275 |   0 |  0 |   0 |1018 | 5.000000e+01 | 5.500000e+01 |  10.00%|  11.33%
 28.6s| 59400 | 34483 |637152 |  10.7 |    36M | 186 | 241 |1275 |1275 |   0 |  0 |   0 |1018 | 5.000000e+01 | 5.500000e+01 |  10.00%|  11.33%
 time | node  | left  |LP iter|LP it/n|mem/heur|mdpt |vars |cons |rows |cuts |sepa|confs|strbr|  dualbound   | primalbound  |  gap   | compl. 
 28.6s| 59500 | 34527 |637495 |  10.7 |    36M | 186 | 241 |1275 |1275 |   0 |  0 |   0 |1018 | 5.000000e+01 | 5.500000e+01 |  10.00%|  11.33%
 28.7s| 59600 | 34563 |637823 |  10.7 |    36M | 186 | 241 |1275 |1275 |   0 |  0 |   0 |1018 | 5.000000e+01 | 5.500000e+01 |  10.00%|  11.33%
 28.7s| 59700 | 34603 |638139 |  10.7 |    36M | 186 | 241 |1275 |1275 |   0 |  0 |   0 |1018 | 5.000000e+01 | 5.500000e+01 |  10.00%|  11.33%
 28.7s| 59800 | 34633 |638455 |  10.7 |    36M | 186 | 241 |1275 |1275 |   0 |  0 |   0 |1018 | 5.000000e+01 | 5.500000e+01 |  10.00%|  11.33%
 28.8s| 59900 | 34663 |638764 |  10.7 |    36M | 186 | 241 |1275 |1275 |   0 |  0 |   0 |1018 | 5.000000e+01 | 5.500000e+01 |  10.00%|  11.33%
 28.8s| 60000 | 34711 |639050 |  10.6 |    36M | 186 | 241 |1275 |1275 |   0 |  0 |   0 |1018 | 5.000000e+01 | 5.500000e+01 |  10.00%|  11.33%
 28.8s| 60100 | 34755 |639361 |  10.6 |    36M | 186 | 241 |1275 |1275 |   0 |  0 |   0 |1018 | 5.000000e+01 | 5.500000e+01 |  10.00%|  11.33%
 28.9s| 60200 | 34807 |639660 |  10.6 |    37M | 186 | 241 |1275 |1275 |   0 |  0 |   0 |1018 | 5.000000e+01 | 5.500000e+01 |  10.00%|  11.33%
 28.9s| 60300 | 34843 |639988 |  10.6 |    37M | 186 | 241 |1275 |1275 |   0 |  0 |   0 |1018 | 5.000000e+01 | 5.500000e+01 |  10.00%|  11.33%
 28.9s| 60400 | 34881 |640253 |  10.6 |    37M | 186 | 241 |1275 |1275 |   0 |  0 |   0 |1018 | 5.000000e+01 | 5.500000e+01 |  10.00%|  11.33%
 29.0s| 60500 | 34917 |640530 |  10.6 |    37M | 186 | 241 |1275 |1275 |   0 |  0 |   0 |1018 | 5.000000e+01 | 5.500000e+01 |  10.00%|  11.33%
 29.0s| 60600 | 34957 |640827 |  10.6 |    37M | 186 | 241 |1275 |1275 |   0 |  0 |   0 |1018 | 5.000000e+01 | 5.500000e+01 |  10.00%|  11.33%
 29.0s| 60700 | 34987 |641125 |  10.6 |    37M | 186 | 241 |1275 |1275 |   0 |  0 |   0 |1019 | 5.000000e+01 | 5.500000e+01 |  10.00%|  11.33%
 29.1s| 60800 | 35015 |641421 |  10.5 |    37M | 186 | 241 |1275 |1275 |   0 |  0 |   0 |1019 | 5.000000e+01 | 5.500000e+01 |  10.00%|  11.33%
 29.1s| 60900 | 35041 |641728 |  10.5 |    37M | 186 | 241 |1275 |1275 |   0 |  0 |   0 |1019 | 5.000000e+01 | 5.500000e+01 |  10.00%|  11.33%
 time | node  | left  |LP iter|LP it/n|mem/heur|mdpt |vars |cons |rows |cuts |sepa|confs|strbr|  dualbound   | primalbound  |  gap   | compl. 
 29.1s| 61000 | 35097 |641999 |  10.5 |    37M | 186 | 241 |1275 |1275 |   0 |  0 |   0 |1031 | 5.000000e+01 | 5.500000e+01 |  10.00%|  11.33%
 29.2s| 61100 | 35143 |642323 |  10.5 |    37M | 186 | 241 |1275 |1275 |   0 |  0 |   0 |1043 | 5.000000e+01 | 5.500000e+01 |  10.00%|  11.33%
 29.2s| 61200 | 35175 |642571 |  10.5 |    37M | 186 | 241 |1275 |1275 |   0 |  0 |   0 |1043 | 5.000000e+01 | 5.500000e+01 |  10.00%|  11.33%
 29.2s| 61300 | 35219 |642892 |  10.5 |    37M | 186 | 241 |1275 |1275 |   0 |  0 |   0 |1043 | 5.000000e+01 | 5.500000e+01 |  10.00%|  11.33%
 29.3s| 61400 | 35269 |643218 |  10.5 |    37M | 186 | 241 |1275 |1275 |   0 |  0 |   0 |1043 | 5.000000e+01 | 5.500000e+01 |  10.00%|  11.33%
 29.3s| 61500 | 35297 |643445 |  10.5 |    37M | 186 | 241 |1275 |1275 |   0 |  0 |   0 |1043 | 5.000000e+01 | 5.500000e+01 |  10.00%|  11.33%
 29.3s| 61600 | 35339 |643758 |  10.4 |    38M | 186 | 241 |1275 |1275 |   0 |  0 |   0 |1043 | 5.000000e+01 | 5.500000e+01 |  10.00%|  11.33%
 29.4s| 61700 | 35359 |644081 |  10.4 |    38M | 186 | 241 |1275 |1275 |   0 |  0 |   0 |1043 | 5.000000e+01 | 5.500000e+01 |  10.00%|  11.33%
 29.4s| 61800 | 35393 |644355 |  10.4 |    38M | 186 | 241 |1275 |1275 |   0 |  0 |   0 |1043 | 5.000000e+01 | 5.500000e+01 |  10.00%|  11.33%
 29.4s| 61900 | 35417 |644601 |  10.4 |    38M | 186 | 241 |1275 |1275 |   0 |  0 |   0 |1043 | 5.000000e+01 | 5.500000e+01 |  10.00%|  11.33%
 29.5s| 62000 | 35457 |645128 |  10.4 |    38M | 186 | 241 |1275 |1275 |   0 |  0 |   0 |1043 | 5.000000e+01 | 5.500000e+01 |  10.00%|  11.33%
 29.5s| 62100 | 35497 |645486 |  10.4 |    38M | 186 | 241 |1275 |1275 |   0 |  0 |   0 |1043 | 5.000000e+01 | 5.500000e+01 |  10.00%|  11.33%
 29.5s| 62200 | 35529 |645856 |  10.4 |    38M | 186 | 241 |1275 |1275 |   0 |  0 |   0 |1043 | 5.000000e+01 | 5.500000e+01 |  10.00%|  11.33%
 29.6s| 62300 | 35577 |646233 |  10.4 |    38M | 186 | 241 |1275 |1275 |   0 |  0 |   0 |1043 | 5.000000e+01 | 5.500000e+01 |  10.00%|  11.33%
 29.6s| 62400 | 35613 |646617 |  10.4 |    38M | 186 | 241 |1275 |1275 |   0 |  0 |   0 |1043 | 5.000000e+01 | 5.500000e+01 |  10.00%|  11.33%
 time | node  | left  |LP iter|LP it/n|mem/heur|mdpt |vars |cons |rows |cuts |sepa|confs|strbr|  dualbound   | primalbound  |  gap   | compl. 
 29.6s| 62500 | 35647 |646949 |  10.3 |    38M | 186 | 241 |1275 |1275 |   0 |  0 |   0 |1043 | 5.000000e+01 | 5.500000e+01 |  10.00%|  11.33%
 29.7s| 62600 | 35689 |647315 |  10.3 |    38M | 186 | 241 |1275 |1275 |   0 |  0 |   0 |1043 | 5.000000e+01 | 5.500000e+01 |  10.00%|  11.33%
 29.7s| 62700 | 35729 |647687 |  10.3 |    38M | 186 | 241 |1275 |1275 |   0 |  0 |   0 |1043 | 5.000000e+01 | 5.500000e+01 |  10.00%|  11.33%
 29.7s| 62800 | 35765 |648066 |  10.3 |    38M | 186 | 241 |1275 |1275 |   0 |  0 |   0 |1043 | 5.000000e+01 | 5.500000e+01 |  10.00%|  11.33%
 29.8s| 62900 | 35813 |648437 |  10.3 |    38M | 186 | 241 |1275 |1275 |   0 |  0 |   0 |1043 | 5.000000e+01 | 5.500000e+01 |  10.00%|  11.33%
 29.8s| 63000 | 35843 |648729 |  10.3 |    38M | 186 | 241 |1275 |1275 |   0 |  0 |   0 |1043 | 5.000000e+01 | 5.500000e+01 |  10.00%|  11.33%
 29.8s| 63100 | 35885 |649150 |  10.3 |    38M | 186 | 241 |1275 |1275 |   0 |  0 |   0 |1043 | 5.000000e+01 | 5.500000e+01 |  10.00%|  11.33%
 29.9s| 63200 | 35933 |649534 |  10.3 |    39M | 186 | 241 |1275 |1275 |   0 |  0 |   0 |1043 | 5.000000e+01 | 5.500000e+01 |  10.00%|  11.33%
 29.9s| 63300 | 35981 |649942 |  10.3 |    39M | 186 | 241 |1275 |1275 |   0 |  0 |   0 |1043 | 5.000000e+01 | 5.500000e+01 |  10.00%|  11.33%
 29.9s| 63400 | 36015 |650253 |  10.3 |    39M | 186 | 241 |1275 |1275 |   0 |  0 |   0 |1043 | 5.000000e+01 | 5.500000e+01 |  10.00%|  11.33%
 30.0s| 63500 | 36051 |650562 |  10.2 |    39M | 186 | 241 |1275 |1275 |   0 |  0 |   0 |1043 | 5.000000e+01 | 5.500000e+01 |  10.00%|  11.33%
 30.0s| 63600 | 36081 |650904 |  10.2 |    39M | 186 | 241 |1275 |1275 |   0 |  0 |   0 |1048 | 5.000000e+01 | 5.500000e+01 |  10.00%|  11.33%
 30.0s| 63700 | 36139 |651867 |  10.2 |    39M | 186 | 241 |1275 |1275 |   0 |  0 |   0 |1048 | 5.000000e+01 | 5.500000e+01 |  10.00%|  11.33%
 30.1s| 63800 | 36213 |653133 |  10.2 |    39M | 186 | 241 |1275 |1275 |   0 |  0 |   0 |1048 | 5.000000e+01 | 5.500000e+01 |  10.00%|  11.33%
 30.1s| 63900 | 36249 |653528 |  10.2 |    39M | 186 | 241 |1275 |1275 |   0 |  0 |   0 |1048 | 5.000000e+01 | 5.500000e+01 |  10.00%|  11.33%
 time | node  | left  |LP iter|LP it/n|mem/heur|mdpt |vars |cons |rows |cuts |sepa|confs|strbr|  dualbound   | primalbound  |  gap   | compl. 
 30.2s| 64000 | 36277 |653788 |  10.2 |    39M | 186 | 241 |1275 |1275 |   0 |  0 |   0 |1048 | 5.000000e+01 | 5.500000e+01 |  10.00%|  11.33%
 30.2s| 64100 | 36299 |654045 |  10.2 |    39M | 186 | 241 |1275 |1275 |   0 |  0 |   0 |1048 | 5.000000e+01 | 5.500000e+01 |  10.00%|  11.33%
 30.2s| 64200 | 36319 |654523 |  10.2 |    39M | 186 | 241 |1275 |1275 |   0 |  0 |   0 |1048 | 5.000000e+01 | 5.500000e+01 |  10.00%|  11.33%
 30.3s| 64300 | 36369 |656122 |  10.2 |    39M | 186 | 241 |1275 |1275 |   0 |  0 |   0 |1048 | 5.000000e+01 | 5.500000e+01 |  10.00%|  11.34%
 30.3s| 64400 | 36405 |657290 |  10.2 |    39M | 186 | 241 |1275 |1275 |   0 |  0 |   0 |1048 | 5.000000e+01 | 5.500000e+01 |  10.00%|  11.35%
 30.4s| 64500 | 36447 |657573 |  10.2 |    39M | 186 | 241 |1275 |1275 |   0 |  0 |   0 |1048 | 5.000000e+01 | 5.500000e+01 |  10.00%|  11.35%
 30.4s| 64600 | 36485 |658439 |  10.2 |    39M | 186 | 241 |1275 |1275 |   0 |  0 |   0 |1052 | 5.000000e+01 | 5.500000e+01 |  10.00%|  11.35%
 30.5s| 64700 | 36571 |660215 |  10.2 |    39M | 186 | 241 |1275 |1275 |   0 |  0 |   0 |1052 | 5.000000e+01 | 5.500000e+01 |  10.00%|  11.35%
 30.5s| 64800 | 36627 |661522 |  10.2 |    39M | 186 | 241 |1275 |1275 |   0 |  0 |   0 |1052 | 5.000000e+01 | 5.500000e+01 |  10.00%|  11.36%
 30.5s| 64900 | 36667 |661861 |  10.2 |    39M | 186 | 241 |1275 |1275 |   0 |  0 |   0 |1052 | 5.000000e+01 | 5.500000e+01 |  10.00%|  11.36%
 30.6s| 65000 | 36721 |663174 |  10.2 |    39M | 186 | 241 |1275 |1275 |   0 |  0 |   0 |1052 | 5.000000e+01 | 5.500000e+01 |  10.00%|  11.37%
 30.6s| 65100 | 36779 |663867 |  10.2 |    39M | 186 | 241 |1275 |1275 |   0 |  0 |   0 |1052 | 5.000000e+01 | 5.500000e+01 |  10.00%|  11.37%
 30.7s| 65200 | 36823 |664571 |  10.2 |    39M | 186 | 241 |1275 |1275 |   0 |  0 |   0 |1052 | 5.000000e+01 | 5.500000e+01 |  10.00%|  11.37%
 30.7s| 65300 | 36853 |664944 |  10.2 |    39M | 186 | 241 |1275 |1275 |   0 |  0 |   0 |1052 | 5.000000e+01 | 5.500000e+01 |  10.00%|  11.37%
 30.7s| 65400 | 36901 |665284 |  10.2 |    39M | 186 | 241 |1275 |1275 |   0 |  0 |   0 |1052 | 5.000000e+01 | 5.500000e+01 |  10.00%|  11.37%
 time | node  | left  |LP iter|LP it/n|mem/heur|mdpt |vars |cons |rows |cuts |sepa|confs|strbr|  dualbound   | primalbound  |  gap   | compl. 
 30.8s| 65500 | 36949 |665625 |  10.2 |    39M | 186 | 241 |1275 |1275 |   0 |  0 |   0 |1052 | 5.000000e+01 | 5.500000e+01 |  10.00%|  11.37%
 30.8s| 65600 | 36985 |665939 |  10.1 |    39M | 186 | 241 |1275 |1275 |   0 |  0 |   0 |1052 | 5.000000e+01 | 5.500000e+01 |  10.00%|  11.37%
 30.8s| 65700 | 37031 |666240 |  10.1 |    39M | 186 | 241 |1275 |1275 |   0 |  0 |   0 |1052 | 5.000000e+01 | 5.500000e+01 |  10.00%|  11.37%
 30.9s| 65800 | 37077 |666584 |  10.1 |    39M | 186 | 241 |1275 |1275 |   0 |  0 |   0 |1052 | 5.000000e+01 | 5.500000e+01 |  10.00%|  11.37%
 30.9s| 65900 | 37107 |666939 |  10.1 |    39M | 186 | 241 |1275 |1275 |   0 |  0 |   0 |1052 | 5.000000e+01 | 5.500000e+01 |  10.00%|  11.37%
 30.9s| 66000 | 37143 |667230 |  10.1 |    39M | 186 | 241 |1275 |1275 |   0 |  0 |   0 |1052 | 5.000000e+01 | 5.500000e+01 |  10.00%|  11.37%
 31.0s| 66100 | 37171 |667545 |  10.1 |    39M | 186 | 241 |1275 |1275 |   0 |  0 |   0 |1052 | 5.000000e+01 | 5.500000e+01 |  10.00%|  11.37%
 31.0s| 66200 | 37207 |667841 |  10.1 |    39M | 186 | 241 |1275 |1275 |   0 |  0 |   0 |1052 | 5.000000e+01 | 5.500000e+01 |  10.00%|  11.37%
 31.1s| 66300 | 37249 |670647 |  10.1 |    39M | 186 | 241 |1275 |1275 |   0 |  0 |   0 |1052 | 5.000000e+01 | 5.500000e+01 |  10.00%|  11.38%
 31.1s| 66400 | 37295 |671020 |  10.1 |    39M | 186 | 241 |1275 |1275 |   0 |  0 |   0 |1052 | 5.000000e+01 | 5.500000e+01 |  10.00%|  11.38%
 31.2s| 66500 | 37345 |671843 |  10.1 |    39M | 186 | 241 |1275 |1275 |   0 |  0 |   0 |1052 | 5.000000e+01 | 5.500000e+01 |  10.00%|  11.39%
 31.2s| 66600 | 37393 |672156 |  10.1 |    39M | 186 | 241 |1275 |1275 |   0 |  0 |   0 |1052 | 5.000000e+01 | 5.500000e+01 |  10.00%|  11.39%
 31.2s| 66700 | 37439 |672543 |  10.1 |    39M | 186 | 241 |1275 |1275 |   0 |  0 |   0 |1052 | 5.000000e+01 | 5.500000e+01 |  10.00%|  11.39%
 31.3s| 66800 | 37505 |673530 |  10.1 |    39M | 186 | 241 |1275 |1275 |   0 |  0 |   0 |1052 | 5.000000e+01 | 5.500000e+01 |  10.00%|  11.39%
 31.3s| 66900 | 37543 |673964 |  10.1 |    39M | 186 | 241 |1275 |1275 |   0 |  0 |   0 |1052 | 5.000000e+01 | 5.500000e+01 |  10.00%|  11.39%
 time | node  | left  |LP iter|LP it/n|mem/heur|mdpt |vars |cons |rows |cuts |sepa|confs|strbr|  dualbound   | primalbound  |  gap   | compl. 
 31.3s| 67000 | 37593 |674308 |  10.1 |    39M | 186 | 241 |1275 |1275 |   0 |  0 |   0 |1052 | 5.000000e+01 | 5.500000e+01 |  10.00%|  11.39%
 31.4s| 67100 | 37633 |674652 |  10.1 |    39M | 186 | 241 |1275 |1275 |   0 |  0 |   0 |1052 | 5.000000e+01 | 5.500000e+01 |  10.00%|  11.39%
 31.4s| 67200 | 37673 |675089 |  10.0 |    39M | 186 | 241 |1275 |1275 |   0 |  0 |   0 |1062 | 5.000000e+01 | 5.500000e+01 |  10.00%|  11.39%
 31.4s| 67300 | 37709 |675387 |  10.0 |    39M | 186 | 241 |1275 |1275 |   0 |  0 |   0 |1062 | 5.000000e+01 | 5.500000e+01 |  10.00%|  11.39%
 31.5s| 67400 | 37747 |675733 |  10.0 |    39M | 186 | 241 |1275 |1275 |   0 |  0 |   0 |1062 | 5.000000e+01 | 5.500000e+01 |  10.00%|  11.39%
 31.5s| 67500 | 37805 |676166 |  10.0 |    39M | 186 | 241 |1275 |1275 |   0 |  0 |   0 |1062 | 5.000000e+01 | 5.500000e+01 |  10.00%|  11.39%
 31.5s| 67600 | 37855 |676640 |  10.0 |    39M | 186 | 241 |1275 |1275 |   0 |  0 |   0 |1062 | 5.000000e+01 | 5.500000e+01 |  10.00%|  11.39%
 31.6s| 67700 | 37915 |678780 |  10.0 |    39M | 186 | 241 |1275 |1275 |   0 |  0 |   0 |1062 | 5.000000e+01 | 5.500000e+01 |  10.00%|  11.40%
 31.6s| 67800 | 37965 |679491 |  10.0 |    39M | 186 | 241 |1275 |1275 |   0 |  0 |   0 |1062 | 5.000000e+01 | 5.500000e+01 |  10.00%|  11.40%
 31.7s| 67900 | 38027 |680009 |  10.0 |    39M | 186 | 241 |1275 |1275 |   0 |  0 |   0 |1062 | 5.000000e+01 | 5.500000e+01 |  10.00%|  11.41%
 31.7s| 68000 | 38105 |681428 |  10.0 |    39M | 186 | 241 |1275 |1275 |   0 |  0 |   0 |1062 | 5.000000e+01 | 5.500000e+01 |  10.00%|  11.41%
 31.8s| 68100 | 38159 |682140 |  10.0 |    40M | 186 | 241 |1275 |1275 |   0 |  0 |   0 |1062 | 5.000000e+01 | 5.500000e+01 |  10.00%|  11.41%
 31.8s| 68200 | 38213 |682505 |  10.0 |    40M | 186 | 241 |1275 |1275 |   0 |  0 |   0 |1062 | 5.000000e+01 | 5.500000e+01 |  10.00%|  11.41%
 31.8s| 68300 | 38265 |682896 |  10.0 |    40M | 186 | 241 |1275 |1275 |   0 |  0 |   0 |1062 | 5.000000e+01 | 5.500000e+01 |  10.00%|  11.41%
 31.9s| 68400 | 38311 |683202 |  10.0 |    40M | 186 | 241 |1275 |1275 |   0 |  0 |   0 |1068 | 5.000000e+01 | 5.500000e+01 |  10.00%|  11.41%
 time | node  | left  |LP iter|LP it/n|mem/heur|mdpt |vars |cons |rows |cuts |sepa|confs|strbr|  dualbound   | primalbound  |  gap   | compl. 
 31.9s| 68500 | 38335 |683559 |  10.0 |    41M | 186 | 241 |1275 |1275 |   0 |  0 |   0 |1073 | 5.000000e+01 | 5.500000e+01 |  10.00%|  11.41%
 31.9s| 68600 | 38367 |683959 |  10.0 |    41M | 186 | 241 |1275 |1275 |   0 |  0 |   0 |1073 | 5.000000e+01 | 5.500000e+01 |  10.00%|  11.41%
 32.0s| 68700 | 38421 |684511 |  10.0 |    41M | 186 | 241 |1275 |1275 |   0 |  0 |   0 |1073 | 5.000000e+01 | 5.500000e+01 |  10.00%|  11.41%
 32.0s| 68800 | 38479 |685098 |  10.0 |    41M | 186 | 241 |1275 |1275 |   0 |  0 |   0 |1073 | 5.000000e+01 | 5.500000e+01 |  10.00%|  11.42%
 32.1s| 68900 | 38539 |685842 |  10.0 |    41M | 186 | 241 |1275 |1275 |   0 |  0 |   0 |1073 | 5.000000e+01 | 5.500000e+01 |  10.00%|  11.42%
 32.1s| 69000 | 38593 |686560 |   9.9 |    41M | 186 | 241 |1275 |1275 |   0 |  0 |   0 |1073 | 5.000000e+01 | 5.500000e+01 |  10.00%|  11.42%
 32.1s| 69100 | 38657 |686889 |   9.9 |    41M | 186 | 241 |1275 |1275 |   0 |  0 |   0 |1073 | 5.000000e+01 | 5.500000e+01 |  10.00%|  11.42%
 32.2s| 69200 | 38707 |687216 |   9.9 |    41M | 186 | 241 |1275 |1275 |   0 |  0 |   0 |1073 | 5.000000e+01 | 5.500000e+01 |  10.00%|  11.42%
 32.2s| 69300 | 38749 |687561 |   9.9 |    42M | 186 | 241 |1275 |1275 |   0 |  0 |   0 |1073 | 5.000000e+01 | 5.500000e+01 |  10.00%|  11.42%
 32.2s| 69400 | 38801 |687992 |   9.9 |    42M | 186 | 241 |1275 |1275 |   0 |  0 |   0 |1073 | 5.000000e+01 | 5.500000e+01 |  10.00%|  11.42%
 32.3s| 69500 | 38849 |688331 |   9.9 |    42M | 186 | 241 |1275 |1275 |   0 |  0 |   0 |1073 | 5.000000e+01 | 5.500000e+01 |  10.00%|  11.42%
 32.3s| 69600 | 38895 |688831 |   9.9 |    42M | 186 | 241 |1275 |1275 |   0 |  0 |   0 |1073 | 5.000000e+01 | 5.500000e+01 |  10.00%|  11.42%
 32.4s| 69700 | 38931 |689446 |   9.9 |    42M | 186 | 241 |1275 |1275 |   0 |  0 |   0 |1073 | 5.000000e+01 | 5.500000e+01 |  10.00%|  11.42%
 32.4s| 69800 | 38967 |691004 |   9.9 |    42M | 186 | 241 |1275 |1275 |   0 |  0 |   0 |1073 | 5.000000e+01 | 5.500000e+01 |  10.00%|  11.42%
 32.5s| 69900 | 39039 |692656 |   9.9 |    42M | 186 | 241 |1275 |1275 |   0 |  0 |   0 |1073 | 5.000000e+01 | 5.500000e+01 |  10.00%|  11.43%
 time | node  | left  |LP iter|LP it/n|mem/heur|mdpt |vars |cons |rows |cuts |sepa|confs|strbr|  dualbound   | primalbound  |  gap   | compl. 
 32.5s| 70000 | 39079 |693149 |   9.9 |    42M | 186 | 241 |1275 |1275 |   0 |  0 |   0 |1073 | 5.000000e+01 | 5.500000e+01 |  10.00%|  11.43%
 32.6s| 70100 | 39147 |695834 |   9.9 |    42M | 186 | 241 |1275 |1275 |   0 |  0 |   0 |1073 | 5.000000e+01 | 5.500000e+01 |  10.00%|  11.43%
 32.6s| 70200 | 39201 |696601 |   9.9 |    42M | 186 | 241 |1275 |1275 |   0 |  0 |   0 |1073 | 5.000000e+01 | 5.500000e+01 |  10.00%|  11.43%
 32.6s| 70300 | 39267 |697737 |   9.9 |    42M | 186 | 241 |1275 |1275 |   0 |  0 |   0 |1073 | 5.000000e+01 | 5.500000e+01 |  10.00%|  11.43%
 32.7s| 70400 | 39315 |698188 |   9.9 |    42M | 186 | 241 |1275 |1275 |   0 |  0 |   0 |1073 | 5.000000e+01 | 5.500000e+01 |  10.00%|  11.44%
 32.7s| 70500 | 39367 |699044 |   9.9 |    42M | 186 | 241 |1275 |1275 |   0 |  0 |   0 |1073 | 5.000000e+01 | 5.500000e+01 |  10.00%|  11.44%
 32.8s| 70600 | 39407 |699662 |   9.9 |    42M | 186 | 241 |1275 |1275 |   0 |  0 |   0 |1073 | 5.000000e+01 | 5.500000e+01 |  10.00%|  11.44%
 32.8s| 70700 | 39433 |699992 |   9.9 |    42M | 186 | 241 |1275 |1275 |   0 |  0 |   0 |1090 | 5.000000e+01 | 5.500000e+01 |  10.00%|  11.44%
 32.8s| 70800 | 39473 |700634 |   9.9 |    42M | 186 | 241 |1275 |1275 |   0 |  0 |   0 |1090 | 5.000000e+01 | 5.500000e+01 |  10.00%|  11.45%
 32.9s| 70900 | 39523 |701364 |   9.9 |    42M | 186 | 241 |1275 |1275 |   0 |  0 |   0 |1090 | 5.000000e+01 | 5.500000e+01 |  10.00%|  11.47%
 32.9s| 71000 | 39575 |701746 |   9.9 |    42M | 186 | 241 |1275 |1275 |   0 |  0 |   0 |1090 | 5.000000e+01 | 5.500000e+01 |  10.00%|  11.47%
 32.9s| 71100 | 39621 |702105 |   9.9 |    42M | 186 | 241 |1275 |1275 |   0 |  0 |   0 |1090 | 5.000000e+01 | 5.500000e+01 |  10.00%|  11.47%
 33.0s| 71200 | 39675 |702451 |   9.9 |    42M | 186 | 241 |1275 |1275 |   0 |  0 |   0 |1090 | 5.000000e+01 | 5.500000e+01 |  10.00%|  11.47%
 33.0s| 71300 | 39713 |702848 |   9.9 |    42M | 186 | 241 |1275 |1275 |   0 |  0 |   0 |1090 | 5.000000e+01 | 5.500000e+01 |  10.00%|  11.47%
 33.1s| 71400 | 39775 |703260 |   9.8 |    42M | 186 | 241 |1275 |1275 |   0 |  0 |   0 |1092 | 5.000000e+01 | 5.500000e+01 |  10.00%|  11.47%
 time | node  | left  |LP iter|LP it/n|mem/heur|mdpt |vars |cons |rows |cuts |sepa|confs|strbr|  dualbound   | primalbound  |  gap   | compl. 
 33.1s| 71500 | 39813 |703639 |   9.8 |    42M | 186 | 241 |1275 |1275 |   0 |  0 |   0 |1092 | 5.000000e+01 | 5.500000e+01 |  10.00%|  11.47%
 33.1s| 71600 | 39843 |703954 |   9.8 |    42M | 186 | 241 |1275 |1275 |   0 |  0 |   0 |1092 | 5.000000e+01 | 5.500000e+01 |  10.00%|  11.47%
 33.2s| 71700 | 39869 |704285 |   9.8 |    42M | 186 | 241 |1275 |1275 |   0 |  0 |   0 |1092 | 5.000000e+01 | 5.500000e+01 |  10.00%|  11.47%
 33.2s| 71800 | 39923 |705234 |   9.8 |    42M | 186 | 241 |1275 |1275 |   0 |  0 |   0 |1092 | 5.000000e+01 | 5.500000e+01 |  10.00%|  11.47%
 33.2s| 71900 | 39991 |706861 |   9.8 |    42M | 186 | 241 |1275 |1275 |   0 |  0 |   0 |1092 | 5.000000e+01 | 5.500000e+01 |  10.00%|  11.48%
 33.3s| 72000 | 40039 |707879 |   9.8 |    42M | 186 | 241 |1275 |1275 |   0 |  0 |   0 |1116 | 5.000000e+01 | 5.500000e+01 |  10.00%|  11.48%
 33.3s| 72100 | 40095 |708642 |   9.8 |    42M | 186 | 241 |1275 |1275 |   0 |  0 |   0 |1116 | 5.000000e+01 | 5.500000e+01 |  10.00%|  11.48%
 33.4s| 72200 | 40151 |710339 |   9.8 |    42M | 186 | 241 |1275 |1275 |   0 |  0 |   0 |1116 | 5.000000e+01 | 5.500000e+01 |  10.00%|  11.48%
 33.4s| 72300 | 40215 |711310 |   9.8 |    42M | 186 | 241 |1275 |1275 |   0 |  0 |   0 |1116 | 5.000000e+01 | 5.500000e+01 |  10.00%|  11.48%
 33.5s| 72400 | 40289 |712967 |   9.8 |    42M | 186 | 241 |1275 |1275 |   0 |  0 |   0 |1116 | 5.000000e+01 | 5.500000e+01 |  10.00%|  11.49%
 33.5s| 72500 | 40335 |713600 |   9.8 |    42M | 186 | 241 |1275 |1275 |   0 |  0 |   0 |1116 | 5.000000e+01 | 5.500000e+01 |  10.00%|  11.49%
 33.6s| 72600 | 40411 |714943 |   9.8 |    42M | 186 | 241 |1275 |1275 |   0 |  0 |   0 |1116 | 5.000000e+01 | 5.500000e+01 |  10.00%|  11.50%
 33.6s| 72700 | 40463 |715392 |   9.8 |    42M | 186 | 241 |1275 |1275 |   0 |  0 |   0 |1129 | 5.000000e+01 | 5.500000e+01 |  10.00%|  11.50%
 33.7s| 72800 | 40507 |715657 |   9.8 |    42M | 186 | 241 |1275 |1275 |   0 |  0 |   0 |1129 | 5.000000e+01 | 5.500000e+01 |  10.00%|  11.50%
 33.7s| 72900 | 40547 |716025 |   9.8 |    42M | 186 | 241 |1275 |1275 |   0 |  0 |   0 |1129 | 5.000000e+01 | 5.500000e+01 |  10.00%|  11.50%
 time | node  | left  |LP iter|LP it/n|mem/heur|mdpt |vars |cons |rows |cuts |sepa|confs|strbr|  dualbound   | primalbound  |  gap   | compl. 
 33.7s| 73000 | 40569 |716800 |   9.8 |    42M | 186 | 241 |1275 |1275 |   0 |  0 |   0 |1129 | 5.000000e+01 | 5.500000e+01 |  10.00%|  11.50%
 33.8s| 73100 | 40631 |718190 |   9.8 |    42M | 186 | 241 |1275 |1275 |   0 |  0 |   0 |1129 | 5.000000e+01 | 5.500000e+01 |  10.00%|  11.51%
 33.8s| 73200 | 40677 |719590 |   9.8 |    42M | 186 | 241 |1275 |1275 |   0 |  0 |   0 |1129 | 5.000000e+01 | 5.500000e+01 |  10.00%|  11.51%
 33.9s| 73300 | 40739 |720810 |   9.8 |    42M | 186 | 241 |1275 |1275 |   0 |  0 |   0 |1129 | 5.000000e+01 | 5.500000e+01 |  10.00%|  11.51%
 33.9s| 73400 | 40799 |722280 |   9.8 |    42M | 186 | 241 |1275 |1275 |   0 |  0 |   0 |1129 | 5.000000e+01 | 5.500000e+01 |  10.00%|  11.51%
 34.0s| 73500 | 40869 |723354 |   9.8 |    42M | 186 | 241 |1275 |1275 |   0 |  0 |   0 |1129 | 5.000000e+01 | 5.500000e+01 |  10.00%|  11.52%
 34.1s| 73600 | 40957 |725647 |   9.9 |    42M | 186 | 241 |1275 |1275 |   0 |  0 |   0 |1129 | 5.000000e+01 | 5.500000e+01 |  10.00%|  11.52%
 34.1s| 73700 | 41023 |726805 |   9.9 |    42M | 186 | 241 |1275 |1275 |   0 |  0 |   0 |1129 | 5.000000e+01 | 5.500000e+01 |  10.00%|  11.53%
 34.1s| 73800 | 41067 |727582 |   9.9 |    42M | 186 | 241 |1275 |1275 |   0 |  0 |   0 |1129 | 5.000000e+01 | 5.500000e+01 |  10.00%|  11.54%
 34.2s| 73900 | 41131 |728551 |   9.9 |    42M | 186 | 241 |1275 |1275 |   0 |  0 |   0 |1129 | 5.000000e+01 | 5.500000e+01 |  10.00%|  11.54%
 34.2s| 74000 | 41179 |728887 |   9.8 |    42M | 186 | 241 |1275 |1275 |   0 |  0 |   0 |1129 | 5.000000e+01 | 5.500000e+01 |  10.00%|  11.54%
 34.3s| 74100 | 41225 |729280 |   9.8 |    42M | 186 | 241 |1275 |1275 |   0 |  0 |   0 |1129 | 5.000000e+01 | 5.500000e+01 |  10.00%|  11.54%
 34.3s| 74200 | 41275 |729623 |   9.8 |    42M | 186 | 241 |1275 |1275 |   0 |  0 |   0 |1129 | 5.000000e+01 | 5.500000e+01 |  10.00%|  11.54%
 34.3s| 74300 | 41321 |729956 |   9.8 |    42M | 186 | 241 |1275 |1275 |   0 |  0 |   0 |1129 | 5.000000e+01 | 5.500000e+01 |  10.00%|  11.54%
 34.4s| 74400 | 41363 |730327 |   9.8 |    42M | 186 | 241 |1275 |1275 |   0 |  0 |   0 |1129 | 5.000000e+01 | 5.500000e+01 |  10.00%|  11.54%
 time | node  | left  |LP iter|LP it/n|mem/heur|mdpt |vars |cons |rows |cuts |sepa|confs|strbr|  dualbound   | primalbound  |  gap   | compl. 
 34.4s| 74500 | 41427 |730697 |   9.8 |    43M | 186 | 241 |1275 |1275 |   0 |  0 |   0 |1129 | 5.000000e+01 | 5.500000e+01 |  10.00%|  11.54%
 34.4s| 74600 | 41469 |731090 |   9.8 |    43M | 186 | 241 |1275 |1275 |   0 |  0 |   0 |1129 | 5.000000e+01 | 5.500000e+01 |  10.00%|  11.54%
 34.5s| 74700 | 41507 |731450 |   9.8 |    43M | 186 | 241 |1275 |1275 |   0 |  0 |   0 |1129 | 5.000000e+01 | 5.500000e+01 |  10.00%|  11.54%
 34.5s| 74800 | 41561 |731818 |   9.8 |    43M | 186 | 241 |1275 |1275 |   0 |  0 |   0 |1129 | 5.000000e+01 | 5.500000e+01 |  10.00%|  11.54%
 34.5s| 74900 | 41609 |732242 |   9.8 |    43M | 186 | 241 |1275 |1275 |   0 |  0 |   0 |1129 | 5.000000e+01 | 5.500000e+01 |  10.00%|  11.54%
 34.6s| 75000 | 41651 |732603 |   9.8 |    43M | 186 | 241 |1275 |1275 |   0 |  0 |   0 |1129 | 5.000000e+01 | 5.500000e+01 |  10.00%|  11.54%
 34.6s| 75100 | 41693 |732961 |   9.8 |    43M | 186 | 241 |1275 |1275 |   0 |  0 |   0 |1129 | 5.000000e+01 | 5.500000e+01 |  10.00%|  11.54%
 34.6s| 75200 | 41743 |733328 |   9.7 |    43M | 186 | 241 |1275 |1275 |   0 |  0 |   0 |1129 | 5.000000e+01 | 5.500000e+01 |  10.00%|  11.54%
 34.7s| 75300 | 41775 |733677 |   9.7 |    43M | 186 | 241 |1275 |1275 |   0 |  0 |   0 |1129 | 5.000000e+01 | 5.500000e+01 |  10.00%|  11.54%
 34.7s| 75400 | 41817 |734060 |   9.7 |    43M | 186 | 241 |1275 |1275 |   0 |  0 |   0 |1129 | 5.000000e+01 | 5.500000e+01 |  10.00%|  11.54%
 34.7s| 75500 | 41847 |734526 |   9.7 |    43M | 186 | 241 |1275 |1275 |   0 |  0 |   0 |1129 | 5.000000e+01 | 5.500000e+01 |  10.00%|  11.54%
 34.8s| 75600 | 41891 |734902 |   9.7 |    43M | 186 | 241 |1275 |1275 |   0 |  0 |   0 |1129 | 5.000000e+01 | 5.500000e+01 |  10.00%|  11.54%
 34.8s| 75700 | 41903 |735361 |   9.7 |    43M | 186 | 241 |1275 |1275 |   0 |  0 |   0 |1129 | 5.000000e+01 | 5.500000e+01 |  10.00%|  11.54%
 34.8s| 75800 | 41941 |736032 |   9.7 |    43M | 186 | 241 |1275 |1275 |   0 |  0 |   0 |1129 | 5.000000e+01 | 5.500000e+01 |  10.00%|  11.54%
 34.9s| 75900 | 42001 |736497 |   9.7 |    43M | 186 | 241 |1275 |1275 |   0 |  0 |   0 |1129 | 5.000000e+01 | 5.500000e+01 |  10.00%|  11.54%
 time | node  | left  |LP iter|LP it/n|mem/heur|mdpt |vars |cons |rows |cuts |sepa|confs|strbr|  dualbound   | primalbound  |  gap   | compl. 
 34.9s| 76000 | 42049 |737232 |   9.7 |    44M | 186 | 241 |1275 |1275 |   0 |  0 |   0 |1129 | 5.000000e+01 | 5.500000e+01 |  10.00%|  11.54%
 34.9s| 76100 | 42105 |738247 |   9.7 |    44M | 186 | 241 |1275 |1275 |   0 |  0 |   0 |1129 | 5.000000e+01 | 5.500000e+01 |  10.00%|  11.55%
 35.0s| 76200 | 42163 |738868 |   9.7 |    44M | 186 | 241 |1275 |1275 |   0 |  0 |   0 |1129 | 5.000000e+01 | 5.500000e+01 |  10.00%|  11.55%
 35.0s| 76300 | 42203 |740033 |   9.7 |    44M | 186 | 241 |1275 |1275 |   0 |  0 |   0 |1129 | 5.000000e+01 | 5.500000e+01 |  10.00%|  11.56%
 35.1s| 76400 | 42273 |741221 |   9.7 |    44M | 186 | 241 |1275 |1275 |   0 |  0 |   0 |1129 | 5.000000e+01 | 5.500000e+01 |  10.00%|  11.56%
 35.1s| 76500 | 42349 |741597 |   9.7 |    44M | 186 | 241 |1275 |1275 |   0 |  0 |   0 |1129 | 5.000000e+01 | 5.500000e+01 |  10.00%|  11.56%
 35.1s| 76600 | 42395 |742445 |   9.7 |    44M | 186 | 241 |1275 |1275 |   0 |  0 |   0 |1129 | 5.000000e+01 | 5.500000e+01 |  10.00%|  11.56%
 35.2s| 76700 | 42451 |743240 |   9.7 |    44M | 186 | 241 |1275 |1275 |   0 |  0 |   0 |1129 | 5.000000e+01 | 5.500000e+01 |  10.00%|  11.56%
 35.2s| 76800 | 42505 |744155 |   9.7 |    44M | 186 | 241 |1275 |1275 |   0 |  0 |   0 |1129 | 5.000000e+01 | 5.500000e+01 |  10.00%|  11.56%
 35.3s| 76900 | 42555 |744967 |   9.7 |    44M | 186 | 241 |1275 |1275 |   0 |  0 |   0 |1129 | 5.000000e+01 | 5.500000e+01 |  10.00%|  11.56%
 35.3s| 77000 | 42605 |745751 |   9.7 |    44M | 186 | 241 |1275 |1275 |   0 |  0 |   0 |1129 | 5.000000e+01 | 5.500000e+01 |  10.00%|  11.56%
 35.3s| 77100 | 42663 |746719 |   9.7 |    44M | 186 | 241 |1275 |1275 |   0 |  0 |   0 |1129 | 5.000000e+01 | 5.500000e+01 |  10.00%|  11.56%
 35.4s| 77200 | 42715 |747576 |   9.7 |    44M | 186 | 241 |1275 |1275 |   0 |  0 |   0 |1129 | 5.000000e+01 | 5.500000e+01 |  10.00%|  11.56%
 35.4s| 77300 | 42753 |748199 |   9.7 |    44M | 186 | 241 |1275 |1275 |   0 |  0 |   0 |1129 | 5.000000e+01 | 5.500000e+01 |  10.00%|  11.56%
 35.4s| 77400 | 42799 |748933 |   9.7 |    44M | 186 | 241 |1275 |1275 |   0 |  0 |   0 |1129 | 5.000000e+01 | 5.500000e+01 |  10.00%|  11.56%
 time | node  | left  |LP iter|LP it/n|mem/heur|mdpt |vars |cons |rows |cuts |sepa|confs|strbr|  dualbound   | primalbound  |  gap   | compl. 
 35.5s| 77500 | 42859 |749671 |   9.7 |    44M | 186 | 241 |1275 |1275 |   0 |  0 |   0 |1129 | 5.000000e+01 | 5.500000e+01 |  10.00%|  11.56%
 35.5s| 77600 | 42907 |750358 |   9.7 |    44M | 186 | 241 |1275 |1275 |   0 |  0 |   0 |1129 | 5.000000e+01 | 5.500000e+01 |  10.00%|  11.57%
 35.6s| 77700 | 42963 |750776 |   9.7 |    44M | 186 | 241 |1275 |1275 |   0 |  0 |   0 |1129 | 5.000000e+01 | 5.500000e+01 |  10.00%|  11.57%
 35.6s| 77800 | 43005 |751104 |   9.7 |    44M | 186 | 241 |1275 |1275 |   0 |  0 |   0 |1129 | 5.000000e+01 | 5.500000e+01 |  10.00%|  11.57%
 35.6s| 77900 | 43041 |751397 |   9.6 |    44M | 186 | 241 |1275 |1275 |   0 |  0 |   0 |1129 | 5.000000e+01 | 5.500000e+01 |  10.00%|  11.57%
 35.7s| 78000 | 43081 |751689 |   9.6 |    44M | 186 | 241 |1275 |1275 |   0 |  0 |   0 |1129 | 5.000000e+01 | 5.500000e+01 |  10.00%|  11.57%
 35.7s| 78100 | 43115 |752019 |   9.6 |    44M | 186 | 241 |1275 |1275 |   0 |  0 |   0 |1129 | 5.000000e+01 | 5.500000e+01 |  10.00%|  11.57%
 35.7s| 78200 | 43159 |752356 |   9.6 |    44M | 186 | 241 |1275 |1275 |   0 |  0 |   0 |1129 | 5.000000e+01 | 5.500000e+01 |  10.00%|  11.57%
 35.8s| 78300 | 43195 |752616 |   9.6 |    44M | 186 | 241 |1275 |1275 |   0 |  0 |   0 |1129 | 5.000000e+01 | 5.500000e+01 |  10.00%|  11.57%
 35.8s| 78400 | 43227 |752904 |   9.6 |    44M | 186 | 241 |1275 |1275 |   0 |  0 |   0 |1129 | 5.000000e+01 | 5.500000e+01 |  10.00%|  11.57%
 35.8s| 78500 | 43259 |753211 |   9.6 |    44M | 186 | 241 |1275 |1275 |   0 |  0 |   0 |1129 | 5.000000e+01 | 5.500000e+01 |  10.00%|  11.57%
 35.8s| 78600 | 43273 |753478 |   9.6 |    45M | 186 | 241 |1275 |1275 |   0 |  0 |   0 |1129 | 5.000000e+01 | 5.500000e+01 |  10.00%|  11.57%
 35.9s| 78700 | 43285 |753796 |   9.6 |    45M | 186 | 241 |1275 |1275 |   0 |  0 |   0 |1129 | 5.000000e+01 | 5.500000e+01 |  10.00%|  11.57%
 35.9s| 78800 | 43331 |754420 |   9.6 |    45M | 186 | 241 |1275 |1275 |   0 |  0 |   0 |1129 | 5.000000e+01 | 5.500000e+01 |  10.00%|  11.57%
 36.0s| 78900 | 43387 |755248 |   9.6 |    45M | 186 | 241 |1275 |1275 |   0 |  0 |   0 |1148 | 5.000000e+01 | 5.500000e+01 |  10.00%|  11.57%
 time | node  | left  |LP iter|LP it/n|mem/heur|mdpt |vars |cons |rows |cuts |sepa|confs|strbr|  dualbound   | primalbound  |  gap   | compl. 
 36.0s| 79000 | 43435 |756532 |   9.6 |    45M | 186 | 241 |1275 |1275 |   0 |  0 |   0 |1182 | 5.000000e+01 | 5.500000e+01 |  10.00%|  11.57%
 36.1s| 79100 | 43485 |757824 |   9.6 |    45M | 186 | 241 |1275 |1275 |   0 |  0 |   0 |1197 | 5.000000e+01 | 5.500000e+01 |  10.00%|  11.57%
 36.1s| 79200 | 43539 |758245 |   9.6 |    45M | 186 | 241 |1275 |1275 |   0 |  0 |   0 |1197 | 5.000000e+01 | 5.500000e+01 |  10.00%|  11.57%
 36.2s| 79300 | 43577 |759016 |   9.6 |    45M | 186 | 241 |1275 |1275 |   0 |  0 |   0 |1197 | 5.000000e+01 | 5.500000e+01 |  10.00%|  11.58%
 36.2s| 79400 | 43641 |760208 |   9.6 |    45M | 186 | 241 |1275 |1275 |   0 |  0 |   0 |1197 | 5.000000e+01 | 5.500000e+01 |  10.00%|  11.58%
 36.3s| 79500 | 43689 |760835 |   9.6 |    45M | 186 | 241 |1275 |1275 |   0 |  0 |   0 |1197 | 5.000000e+01 | 5.500000e+01 |  10.00%|  11.58%
 36.3s| 79600 | 43731 |761532 |   9.6 |    45M | 186 | 241 |1275 |1275 |   0 |  0 |   0 |1197 | 5.000000e+01 | 5.500000e+01 |  10.00%|  11.59%
 36.3s| 79700 | 43785 |761849 |   9.6 |    45M | 186 | 241 |1275 |1275 |   0 |  0 |   0 |1197 | 5.000000e+01 | 5.500000e+01 |  10.00%|  11.59%
 36.4s| 79800 | 43825 |762266 |   9.5 |    45M | 186 | 241 |1275 |1275 |   0 |  0 |   0 |1197 | 5.000000e+01 | 5.500000e+01 |  10.00%|  11.59%
 36.4s| 79900 | 43861 |763416 |   9.6 |    45M | 186 | 241 |1275 |1275 |   0 |  0 |   0 |1197 | 5.000000e+01 | 5.500000e+01 |  10.00%|  11.60%
 36.5s| 80000 | 43925 |763997 |   9.5 |    45M | 186 | 241 |1275 |1275 |   0 |  0 |   0 |1197 | 5.000000e+01 | 5.500000e+01 |  10.00%|  11.60%
 36.5s| 80100 | 43995 |764464 |   9.5 |    45M | 186 | 241 |1275 |1275 |   0 |  0 |   0 |1197 | 5.000000e+01 | 5.500000e+01 |  10.00%|  11.60%
 36.5s| 80200 | 44057 |766110 |   9.6 |    45M | 186 | 241 |1275 |1275 |   0 |  0 |   0 |1197 | 5.000000e+01 | 5.500000e+01 |  10.00%|  11.60%
 36.6s| 80300 | 44123 |767374 |   9.6 |    45M | 186 | 241 |1275 |1275 |   0 |  0 |   0 |1197 | 5.000000e+01 | 5.500000e+01 |  10.00%|  11.60%
 36.6s| 80400 | 44163 |768068 |   9.6 |    45M | 186 | 241 |1275 |1275 |   0 |  0 |   0 |1197 | 5.000000e+01 | 5.500000e+01 |  10.00%|  11.60%
 time | node  | left  |LP iter|LP it/n|mem/heur|mdpt |vars |cons |rows |cuts |sepa|confs|strbr|  dualbound   | primalbound  |  gap   | compl. 
 36.7s| 80500 | 44189 |768781 |   9.5 |    45M | 186 | 241 |1275 |1275 |   0 |  0 |   0 |1202 | 5.000000e+01 | 5.500000e+01 |  10.00%|  11.61%
 36.7s| 80600 | 44235 |769955 |   9.6 |    45M | 186 | 241 |1275 |1275 |   0 |  0 |   0 |1202 | 5.000000e+01 | 5.500000e+01 |  10.00%|  11.61%
 36.7s| 80700 | 44277 |770256 |   9.5 |    45M | 186 | 241 |1275 |1275 |   0 |  0 |   0 |1202 | 5.000000e+01 | 5.500000e+01 |  10.00%|  11.61%
 36.8s| 80800 | 44307 |770528 |   9.5 |    45M | 186 | 241 |1275 |1275 |   0 |  0 |   0 |1202 | 5.000000e+01 | 5.500000e+01 |  10.00%|  11.61%
 36.8s| 80900 | 44345 |771778 |   9.5 |    45M | 186 | 241 |1275 |1275 |   0 |  0 |   0 |1202 | 5.000000e+01 | 5.500000e+01 |  10.00%|  11.61%
 36.9s| 81000 | 44405 |772814 |   9.5 |    45M | 186 | 241 |1275 |1275 |   0 |  0 |   0 |1202 | 5.000000e+01 | 5.500000e+01 |  10.00%|  11.61%
 36.9s| 81100 | 44461 |773419 |   9.5 |    45M | 186 | 241 |1275 |1275 |   0 |  0 |   0 |1202 | 5.000000e+01 | 5.500000e+01 |  10.00%|  11.62%
 36.9s| 81200 | 44529 |773899 |   9.5 |    45M | 186 | 241 |1275 |1275 |   0 |  0 |   0 |1202 | 5.000000e+01 | 5.500000e+01 |  10.00%|  11.62%
 37.0s| 81300 | 44613 |774738 |   9.5 |    45M | 186 | 241 |1275 |1275 |   0 |  0 |   0 |1202 | 5.000000e+01 | 5.500000e+01 |  10.00%|  11.62%
 37.0s| 81400 | 44687 |776266 |   9.5 |    45M | 186 | 241 |1275 |1275 |   0 |  0 |   0 |1202 | 5.000000e+01 | 5.500000e+01 |  10.00%|  11.62%
 37.1s| 81500 | 44755 |777001 |   9.5 |    46M | 186 | 241 |1275 |1275 |   0 |  0 |   0 |1202 | 5.000000e+01 | 5.500000e+01 |  10.00%|  11.62%
 37.1s| 81600 | 44805 |778492 |   9.5 |    46M | 186 | 241 |1275 |1275 |   0 |  0 |   0 |1202 | 5.000000e+01 | 5.500000e+01 |  10.00%|  11.62%
 37.2s| 81700 | 44867 |779922 |   9.5 |    46M | 186 | 241 |1275 |1275 |   0 |  0 |   0 |1202 | 5.000000e+01 | 5.500000e+01 |  10.00%|  11.62%
 37.2s| 81800 | 44911 |780382 |   9.5 |    46M | 186 | 241 |1275 |1275 |   0 |  0 |   0 |1202 | 5.000000e+01 | 5.500000e+01 |  10.00%|  11.62%
 37.3s| 81900 | 44965 |780875 |   9.5 |    46M | 186 | 241 |1275 |1275 |   0 |  0 |   0 |1202 | 5.000000e+01 | 5.500000e+01 |  10.00%|  11.62%
 time | node  | left  |LP iter|LP it/n|mem/heur|mdpt |vars |cons |rows |cuts |sepa|confs|strbr|  dualbound   | primalbound  |  gap   | compl. 
 37.3s| 82000 | 45029 |781654 |   9.5 |    46M | 186 | 241 |1275 |1275 |   0 |  0 |   0 |1202 | 5.000000e+01 | 5.500000e+01 |  10.00%|  11.62%
 37.3s| 82100 | 45091 |782701 |   9.5 |    46M | 186 | 241 |1275 |1275 |   0 |  0 |   0 |1202 | 5.000000e+01 | 5.500000e+01 |  10.00%|  11.62%
 37.4s| 82200 | 45151 |784037 |   9.5 |    46M | 186 | 241 |1275 |1275 |   0 |  0 |   0 |1202 | 5.000000e+01 | 5.500000e+01 |  10.00%|  11.62%
 37.4s| 82300 | 45211 |784289 |   9.5 |    46M | 186 | 241 |1275 |1275 |   0 |  0 |   0 |1202 | 5.000000e+01 | 5.500000e+01 |  10.00%|  11.62%
 37.5s| 82400 | 45249 |784599 |   9.5 |    46M | 186 | 241 |1275 |1275 |   0 |  0 |   0 |1202 | 5.000000e+01 | 5.500000e+01 |  10.00%|  11.62%
 37.5s| 82500 | 45283 |784917 |   9.5 |    46M | 186 | 241 |1275 |1275 |   0 |  0 |   0 |1202 | 5.000000e+01 | 5.500000e+01 |  10.00%|  11.62%
 37.5s| 82600 | 45321 |785157 |   9.5 |    46M | 186 | 241 |1275 |1275 |   0 |  0 |   0 |1202 | 5.000000e+01 | 5.500000e+01 |  10.00%|  11.62%
 37.5s| 82700 | 45349 |785443 |   9.5 |    46M | 186 | 241 |1275 |1275 |   0 |  0 |   0 |1202 | 5.000000e+01 | 5.500000e+01 |  10.00%|  11.62%
 37.6s| 82800 | 45383 |785664 |   9.5 |    46M | 186 | 241 |1275 |1275 |   0 |  0 |   0 |1202 | 5.000000e+01 | 5.500000e+01 |  10.00%|  11.62%
 37.6s| 82900 | 45429 |785989 |   9.5 |    46M | 186 | 241 |1275 |1275 |   0 |  0 |   0 |1202 | 5.000000e+01 | 5.500000e+01 |  10.00%|  11.62%
 37.6s| 83000 | 45449 |786370 |   9.5 |    46M | 186 | 241 |1275 |1275 |   0 |  0 |   0 |1202 | 5.000000e+01 | 5.500000e+01 |  10.00%|  11.62%
 37.7s| 83100 | 45475 |787299 |   9.5 |    46M | 186 | 241 |1275 |1275 |   0 |  0 |   0 |1206 | 5.000000e+01 | 5.500000e+01 |  10.00%|  11.62%
 37.7s| 83200 | 45537 |788312 |   9.5 |    46M | 186 | 241 |1275 |1275 |   0 |  0 |   0 |1206 | 5.000000e+01 | 5.500000e+01 |  10.00%|  11.62%
 37.8s| 83300 | 45591 |789249 |   9.5 |    46M | 186 | 241 |1275 |1275 |   0 |  0 |   0 |1206 | 5.000000e+01 | 5.500000e+01 |  10.00%|  11.63%
 37.8s| 83400 | 45655 |790195 |   9.5 |    46M | 186 | 241 |1275 |1275 |   0 |  0 |   0 |1212 | 5.000000e+01 | 5.500000e+01 |  10.00%|  11.63%
 time | node  | left  |LP iter|LP it/n|mem/heur|mdpt |vars |cons |rows |cuts |sepa|confs|strbr|  dualbound   | primalbound  |  gap   | compl. 
 37.9s| 83500 | 45681 |791251 |   9.5 |    46M | 186 | 241 |1275 |1275 |   0 |  0 |   0 |1239 | 5.000000e+01 | 5.500000e+01 |  10.00%|  11.63%
 37.9s| 83600 | 45731 |791938 |   9.5 |    46M | 186 | 241 |1275 |1275 |   0 |  0 |   0 |1239 | 5.000000e+01 | 5.500000e+01 |  10.00%|  11.63%
 38.0s| 83700 | 45785 |793043 |   9.5 |    48M | 186 | 241 |1275 |1275 |   0 |  0 |   0 |1239 | 5.000000e+01 | 5.500000e+01 |  10.00%|  11.63%
 38.0s| 83800 | 45837 |793305 |   9.5 |    48M | 186 | 241 |1275 |1275 |   0 |  0 |   0 |1239 | 5.000000e+01 | 5.500000e+01 |  10.00%|  11.64%
 38.0s| 83900 | 45875 |793650 |   9.5 |    48M | 186 | 241 |1275 |1275 |   0 |  0 |   0 |1239 | 5.000000e+01 | 5.500000e+01 |  10.00%|  11.64%
 38.1s| 84000 | 45909 |793920 |   9.4 |    48M | 186 | 241 |1275 |1275 |   0 |  0 |   0 |1239 | 5.000000e+01 | 5.500000e+01 |  10.00%|  11.64%
 38.1s| 84100 | 45943 |794263 |   9.4 |    48M | 186 | 241 |1275 |1275 |   0 |  0 |   0 |1239 | 5.000000e+01 | 5.500000e+01 |  10.00%|  11.64%
 38.1s| 84200 | 45955 |794558 |   9.4 |    48M | 186 | 241 |1275 |1275 |   0 |  0 |   0 |1239 | 5.000000e+01 | 5.500000e+01 |  10.00%|  11.64%
 38.2s| 84300 | 46001 |795529 |   9.4 |    48M | 186 | 241 |1275 |1275 |   0 |  0 |   0 |1241 | 5.000000e+01 | 5.500000e+01 |  10.00%|  11.64%
 38.2s| 84400 | 46071 |797186 |   9.4 |    48M | 186 | 241 |1275 |1275 |   0 |  0 |   0 |1241 | 5.000000e+01 | 5.500000e+01 |  10.00%|  11.64%
 38.3s| 84500 | 46141 |798538 |   9.4 |    48M | 186 | 241 |1275 |1275 |   0 |  0 |   0 |1241 | 5.000000e+01 | 5.500000e+01 |  10.00%|  11.64%
 38.3s| 84600 | 46207 |799805 |   9.5 |    48M | 186 | 241 |1275 |1275 |   0 |  0 |   0 |1241 | 5.000000e+01 | 5.500000e+01 |  10.00%|  11.64%
 38.4s| 84700 | 46269 |800985 |   9.5 |    48M | 186 | 241 |1275 |1275 |   0 |  0 |   0 |1241 | 5.000000e+01 | 5.500000e+01 |  10.00%|  11.66%
 38.4s| 84800 | 46317 |802442 |   9.5 |    48M | 186 | 241 |1275 |1275 |   0 |  0 |   0 |1241 | 5.000000e+01 | 5.500000e+01 |  10.00%|  11.66%
 38.5s| 84900 | 46365 |803384 |   9.5 |    48M | 186 | 241 |1275 |1275 |   0 |  0 |   0 |1241 | 5.000000e+01 | 5.500000e+01 |  10.00%|  11.66%
 time | node  | left  |LP iter|LP it/n|mem/heur|mdpt |vars |cons |rows |cuts |sepa|confs|strbr|  dualbound   | primalbound  |  gap   | compl. 
 38.5s| 85000 | 46419 |805429 |   9.5 |    48M | 186 | 241 |1275 |1275 |   0 |  0 |   0 |1241 | 5.000000e+01 | 5.500000e+01 |  10.00%|  11.67%
 38.6s| 85100 | 46469 |806040 |   9.5 |    48M | 186 | 241 |1275 |1275 |   0 |  0 |   0 |1241 | 5.000000e+01 | 5.500000e+01 |  10.00%|  11.68%
 38.6s| 85200 | 46523 |806927 |   9.5 |    48M | 186 | 241 |1275 |1275 |   0 |  0 |   0 |1241 | 5.000000e+01 | 5.500000e+01 |  10.00%|  11.68%
 38.7s| 85300 | 46561 |807646 |   9.5 |    48M | 186 | 241 |1275 |1275 |   0 |  0 |   0 |1241 | 5.000000e+01 | 5.500000e+01 |  10.00%|  11.68%
 38.7s| 85400 | 46629 |808949 |   9.5 |    48M | 186 | 241 |1275 |1275 |   0 |  0 |   0 |1241 | 5.000000e+01 | 5.500000e+01 |  10.00%|  11.68%
 38.7s| 85500 | 46691 |810138 |   9.5 |    48M | 186 | 241 |1275 |1275 |   0 |  0 |   0 |1241 | 5.000000e+01 | 5.500000e+01 |  10.00%|  11.69%
 38.8s| 85600 | 46773 |812541 |   9.5 |    48M | 186 | 241 |1275 |1275 |   0 |  0 |   0 |1241 | 5.000000e+01 | 5.500000e+01 |  10.00%|  11.70%
 38.9s| 85700 | 46833 |813832 |   9.5 |    48M | 186 | 241 |1275 |1275 |   0 |  0 |   0 |1250 | 5.000000e+01 | 5.500000e+01 |  10.00%|  11.70%
 38.9s| 85800 | 46883 |814944 |   9.5 |    48M | 186 | 241 |1275 |1275 |   0 |  0 |   0 |1251 | 5.000000e+01 | 5.500000e+01 |  10.00%|  11.70%
 39.0s| 85900 | 46959 |817673 |   9.5 |    48M | 186 | 241 |1275 |1275 |   0 |  0 |   0 |1251 | 5.000000e+01 | 5.500000e+01 |  10.00%|  11.70%
 39.0s| 86000 | 47005 |818490 |   9.5 |    48M | 186 | 241 |1275 |1275 |   0 |  0 |   0 |1256 | 5.000000e+01 | 5.500000e+01 |  10.00%|  11.70%
 39.1s| 86100 | 47071 |819910 |   9.5 |    48M | 186 | 241 |1275 |1275 |   0 |  0 |   0 |1256 | 5.000000e+01 | 5.500000e+01 |  10.00%|  11.70%
 39.1s| 86200 | 47129 |820858 |   9.5 |    48M | 186 | 241 |1275 |1275 |   0 |  0 |   0 |1256 | 5.000000e+01 | 5.500000e+01 |  10.00%|  11.70%
 39.2s| 86300 | 47175 |821981 |   9.5 |    48M | 186 | 241 |1275 |1275 |   0 |  0 |   0 |1256 | 5.000000e+01 | 5.500000e+01 |  10.00%|  11.70%
 39.2s| 86400 | 47243 |823399 |   9.5 |    48M | 186 | 241 |1275 |1275 |   0 |  0 |   0 |1256 | 5.000000e+01 | 5.500000e+01 |  10.00%|  11.71%
 time | node  | left  |LP iter|LP it/n|mem/heur|mdpt |vars |cons |rows |cuts |sepa|confs|strbr|  dualbound   | primalbound  |  gap   | compl. 
 39.3s| 86500 | 47313 |824358 |   9.5 |    48M | 186 | 241 |1275 |1275 |   0 |  0 |   0 |1256 | 5.000000e+01 | 5.500000e+01 |  10.00%|  11.72%
 39.3s| 86600 | 47347 |825773 |   9.5 |    48M | 186 | 241 |1275 |1275 |   0 |  0 |   0 |1256 | 5.000000e+01 | 5.500000e+01 |  10.00%|  11.73%
 39.4s| 86700 | 47391 |826197 |   9.5 |    48M | 186 | 241 |1275 |1275 |   0 |  0 |   0 |1256 | 5.000000e+01 | 5.500000e+01 |  10.00%|  11.73%
 39.4s| 86800 | 47451 |826845 |   9.5 |    48M | 186 | 241 |1275 |1275 |   0 |  0 |   0 |1256 | 5.000000e+01 | 5.500000e+01 |  10.00%|  11.73%
 39.4s| 86900 | 47543 |827650 |   9.5 |    48M | 186 | 241 |1275 |1275 |   0 |  0 |   0 |1256 | 5.000000e+01 | 5.500000e+01 |  10.00%|  11.73%
 39.5s| 87000 | 47583 |828722 |   9.5 |    48M | 186 | 241 |1275 |1275 |   0 |  0 |   0 |1256 | 5.000000e+01 | 5.500000e+01 |  10.00%|  11.73%
 39.5s| 87100 | 47655 |830309 |   9.5 |    48M | 186 | 241 |1275 |1275 |   0 |  0 |   0 |1256 | 5.000000e+01 | 5.500000e+01 |  10.00%|  11.74%
 39.6s| 87200 | 47715 |831213 |   9.5 |    48M | 186 | 241 |1275 |1275 |   0 |  0 |   0 |1256 | 5.000000e+01 | 5.500000e+01 |  10.00%|  11.74%
 39.6s| 87300 | 47791 |832697 |   9.5 |    48M | 186 | 241 |1275 |1275 |   0 |  0 |   0 |1256 | 5.000000e+01 | 5.500000e+01 |  10.00%|  11.74%
 39.7s| 87400 | 47847 |833682 |   9.5 |    48M | 186 | 241 |1275 |1275 |   0 |  0 |   0 |1256 | 5.000000e+01 | 5.500000e+01 |  10.00%|  11.75%
 39.7s| 87500 | 47911 |834491 |   9.5 |    48M | 186 | 241 |1275 |1275 |   0 |  0 |   0 |1256 | 5.000000e+01 | 5.500000e+01 |  10.00%|  11.75%
 39.8s| 87600 | 47963 |835421 |   9.5 |    48M | 186 | 241 |1275 |1275 |   0 |  0 |   0 |1256 | 5.000000e+01 | 5.500000e+01 |  10.00%|  11.75%
 39.8s| 87700 | 48023 |836471 |   9.5 |    48M | 186 | 241 |1275 |1275 |   0 |  0 |   0 |1256 | 5.000000e+01 | 5.500000e+01 |  10.00%|  11.75%
 39.8s| 87800 | 48069 |837638 |   9.5 |    48M | 186 | 241 |1275 |1275 |   0 |  0 |   0 |1256 | 5.000000e+01 | 5.500000e+01 |  10.00%|  11.75%
 39.9s| 87900 | 48129 |838578 |   9.5 |    49M | 186 | 241 |1275 |1275 |   0 |  0 |   0 |1256 | 5.000000e+01 | 5.500000e+01 |  10.00%|  11.75%
 time | node  | left  |LP iter|LP it/n|mem/heur|mdpt |vars |cons |rows |cuts |sepa|confs|strbr|  dualbound   | primalbound  |  gap   | compl. 
 39.9s| 88000 | 48185 |839516 |   9.5 |    49M | 186 | 241 |1275 |1275 |   0 |  0 |   0 |1256 | 5.000000e+01 | 5.500000e+01 |  10.00%|  11.75%
 40.0s| 88100 | 48233 |840088 |   9.5 |    49M | 186 | 241 |1275 |1275 |   0 |  0 |   0 |1256 | 5.000000e+01 | 5.500000e+01 |  10.00%|  11.75%
 40.0s| 88200 | 48269 |840922 |   9.5 |    49M | 186 | 241 |1275 |1275 |   0 |  0 |   0 |1256 | 5.000000e+01 | 5.500000e+01 |  10.00%|  11.75%
 40.0s| 88300 | 48321 |841956 |   9.5 |    50M | 186 | 241 |1275 |1275 |   0 |  0 |   0 |1256 | 5.000000e+01 | 5.500000e+01 |  10.00%|  11.75%
 40.1s| 88400 | 48397 |842797 |   9.5 |    50M | 186 | 241 |1275 |1275 |   0 |  0 |   0 |1256 | 5.000000e+01 | 5.500000e+01 |  10.00%|  11.75%
 40.1s| 88500 | 48461 |843389 |   9.5 |    50M | 186 | 241 |1275 |1275 |   0 |  0 |   0 |1256 | 5.000000e+01 | 5.500000e+01 |  10.00%|  11.75%
 40.2s| 88600 | 48493 |843788 |   9.5 |    50M | 186 | 241 |1275 |1275 |   0 |  0 |   0 |1273 | 5.000000e+01 | 5.500000e+01 |  10.00%|  11.75%
 40.2s| 88700 | 48531 |845451 |   9.5 |    50M | 186 | 241 |1275 |1275 |   0 |  0 |   0 |1293 | 5.000000e+01 | 5.500000e+01 |  10.00%|  11.76%
 40.3s| 88800 | 48589 |845940 |   9.5 |    50M | 186 | 241 |1275 |1275 |   0 |  0 |   0 |1293 | 5.000000e+01 | 5.500000e+01 |  10.00%|  11.77%
 40.3s| 88900 | 48629 |846285 |   9.5 |    50M | 186 | 241 |1275 |1275 |   0 |  0 |   0 |1293 | 5.000000e+01 | 5.500000e+01 |  10.00%|  11.77%
 40.3s| 89000 | 48665 |846611 |   9.5 |    50M | 186 | 241 |1275 |1275 |   0 |  0 |   0 |1293 | 5.000000e+01 | 5.500000e+01 |  10.00%|  11.77%
 40.4s| 89100 | 48707 |846957 |   9.5 |    50M | 186 | 241 |1275 |1275 |   0 |  0 |   0 |1293 | 5.000000e+01 | 5.500000e+01 |  10.00%|  11.77%
 40.4s| 89200 | 48771 |847790 |   9.5 |    50M | 186 | 241 |1275 |1275 |   0 |  0 |   0 |1293 | 5.000000e+01 | 5.500000e+01 |  10.00%|  11.77%
 40.4s| 89300 | 48817 |848548 |   9.5 |    50M | 186 | 241 |1275 |1275 |   0 |  0 |   0 |1295 | 5.000000e+01 | 5.500000e+01 |  10.00%|  11.77%
 40.5s| 89400 | 48869 |849413 |   9.5 |    50M | 186 | 241 |1275 |1275 |   0 |  0 |   0 |1295 | 5.000000e+01 | 5.500000e+01 |  10.00%|  11.78%
 time | node  | left  |LP iter|LP it/n|mem/heur|mdpt |vars |cons |rows |cuts |sepa|confs|strbr|  dualbound   | primalbound  |  gap   | compl. 
 40.5s| 89500 | 48917 |849946 |   9.5 |    50M | 186 | 241 |1275 |1275 |   0 |  0 |   0 |1295 | 5.000000e+01 | 5.500000e+01 |  10.00%|  11.78%
 40.6s| 89600 | 48953 |850678 |   9.5 |    50M | 186 | 241 |1275 |1275 |   0 |  0 |   0 |1295 | 5.000000e+01 | 5.500000e+01 |  10.00%|  11.78%
 40.6s| 89700 | 48983 |851744 |   9.5 |    50M | 186 | 241 |1275 |1275 |   0 |  0 |   0 |1295 | 5.000000e+01 | 5.500000e+01 |  10.00%|  11.78%
 40.7s| 89800 | 49043 |852364 |   9.5 |    50M | 186 | 241 |1275 |1275 |   0 |  0 |   0 |1296 | 5.000000e+01 | 5.500000e+01 |  10.00%|  11.78%
 40.7s| 89900 | 49093 |853374 |   9.5 |    50M | 186 | 241 |1275 |1275 |   0 |  0 |   0 |1296 | 5.000000e+01 | 5.500000e+01 |  10.00%|  11.79%
 40.7s| 90000 | 49153 |854162 |   9.5 |    50M | 186 | 241 |1275 |1275 |   0 |  0 |   0 |1296 | 5.000000e+01 | 5.500000e+01 |  10.00%|  11.79%
 40.8s| 90100 | 49227 |856345 |   9.5 |    50M | 186 | 241 |1275 |1275 |   0 |  0 |   0 |1296 | 5.000000e+01 | 5.500000e+01 |  10.00%|  11.79%
 40.9s| 90200 | 49295 |858555 |   9.5 |    50M | 186 | 241 |1275 |1275 |   0 |  0 |   0 |1296 | 5.000000e+01 | 5.500000e+01 |  10.00%|  11.79%
 40.9s| 90300 | 49331 |859505 |   9.5 |    50M | 186 | 241 |1275 |1275 |   0 |  0 |   0 |1296 | 5.000000e+01 | 5.500000e+01 |  10.00%|  11.79%
 41.0s| 90400 | 49401 |860495 |   9.5 |    50M | 186 | 241 |1275 |1275 |   0 |  0 |   0 |1296 | 5.000000e+01 | 5.500000e+01 |  10.00%|  11.80%
 41.0s| 90500 | 49449 |861356 |   9.5 |    50M | 186 | 241 |1275 |1275 |   0 |  0 |   0 |1296 | 5.000000e+01 | 5.500000e+01 |  10.00%|  11.80%
 41.0s| 90600 | 49535 |862873 |   9.5 |    51M | 186 | 241 |1275 |1275 |   0 |  0 |   0 |1296 | 5.000000e+01 | 5.500000e+01 |  10.00%|  11.80%
 41.1s| 90700 | 49603 |863719 |   9.5 |    51M | 186 | 241 |1275 |1275 |   0 |  0 |   0 |1296 | 5.000000e+01 | 5.500000e+01 |  10.00%|  11.80%
 41.1s| 90800 | 49659 |864170 |   9.5 |    51M | 186 | 241 |1275 |1275 |   0 |  0 |   0 |1296 | 5.000000e+01 | 5.500000e+01 |  10.00%|  11.80%
 41.2s| 90900 | 49699 |864500 |   9.5 |    51M | 186 | 241 |1275 |1275 |   0 |  0 |   0 |1296 | 5.000000e+01 | 5.500000e+01 |  10.00%|  11.80%
 time | node  | left  |LP iter|LP it/n|mem/heur|mdpt |vars |cons |rows |cuts |sepa|confs|strbr|  dualbound   | primalbound  |  gap   | compl. 
 41.2s| 91000 | 49743 |864925 |   9.5 |    51M | 186 | 241 |1275 |1275 |   0 |  0 |   0 |1296 | 5.000000e+01 | 5.500000e+01 |  10.00%|  11.80%
 41.2s| 91100 | 49797 |865834 |   9.5 |    51M | 186 | 241 |1275 |1275 |   0 |  0 |   0 |1296 | 5.000000e+01 | 5.500000e+01 |  10.00%|  11.81%
 41.3s| 91200 | 49843 |866711 |   9.5 |    51M | 186 | 241 |1275 |1275 |   0 |  0 |   0 |1296 | 5.000000e+01 | 5.500000e+01 |  10.00%|  11.81%
 41.3s| 91300 | 49875 |867178 |   9.5 |    51M | 186 | 241 |1275 |1275 |   0 |  0 |   0 |1296 | 5.000000e+01 | 5.500000e+01 |  10.00%|  11.81%
 41.3s| 91400 | 49925 |868034 |   9.5 |    51M | 186 | 241 |1275 |1275 |   0 |  0 |   0 |1296 | 5.000000e+01 | 5.500000e+01 |  10.00%|  11.81%
 41.4s| 91500 | 49961 |868379 |   9.5 |    51M | 186 | 241 |1275 |1275 |   0 |  0 |   0 |1296 | 5.000000e+01 | 5.500000e+01 |  10.00%|  11.82%
 41.4s| 91600 | 49993 |868852 |   9.5 |    51M | 186 | 241 |1275 |1275 |   0 |  0 |   0 |1296 | 5.000000e+01 | 5.500000e+01 |  10.00%|  11.83%
 41.5s| 91700 | 50057 |869839 |   9.5 |    51M | 186 | 241 |1275 |1275 |   0 |  0 |   0 |1296 | 5.000000e+01 | 5.500000e+01 |  10.00%|  11.83%
 41.5s| 91800 | 50119 |871069 |   9.5 |    51M | 186 | 241 |1275 |1275 |   0 |  0 |   0 |1296 | 5.000000e+01 | 5.500000e+01 |  10.00%|  11.84%
 41.5s| 91900 | 50169 |871966 |   9.5 |    51M | 186 | 241 |1275 |1275 |   0 |  0 |   0 |1296 | 5.000000e+01 | 5.500000e+01 |  10.00%|  11.84%
 41.6s| 92000 | 50229 |872572 |   9.5 |    51M | 186 | 241 |1275 |1275 |   0 |  0 |   0 |1297 | 5.000000e+01 | 5.500000e+01 |  10.00%|  11.84%
 41.6s| 92100 | 50297 |873338 |   9.5 |    51M | 186 | 241 |1275 |1275 |   0 |  0 |   0 |1297 | 5.000000e+01 | 5.500000e+01 |  10.00%|  11.84%
 41.7s| 92200 | 50359 |874179 |   9.5 |    51M | 186 | 241 |1275 |1275 |   0 |  0 |   0 |1297 | 5.000000e+01 | 5.500000e+01 |  10.00%|  11.84%
 41.7s| 92300 | 50399 |875061 |   9.5 |    51M | 186 | 241 |1275 |1275 |   0 |  0 |   0 |1297 | 5.000000e+01 | 5.500000e+01 |  10.00%|  11.84%
 41.8s| 92400 | 50487 |877188 |   9.5 |    51M | 186 | 241 |1275 |1275 |   0 |  0 |   0 |1297 | 5.000000e+01 | 5.500000e+01 |  10.00%|  11.84%
 time | node  | left  |LP iter|LP it/n|mem/heur|mdpt |vars |cons |rows |cuts |sepa|confs|strbr|  dualbound   | primalbound  |  gap   | compl. 
 41.8s| 92500 | 50541 |879092 |   9.5 |    51M | 186 | 241 |1275 |1275 |   0 |  0 |   0 |1297 | 5.000000e+01 | 5.500000e+01 |  10.00%|  11.84%
 41.9s| 92600 | 50613 |880318 |   9.5 |    51M | 186 | 241 |1275 |1275 |   0 |  0 |   0 |1297 | 5.000000e+01 | 5.500000e+01 |  10.00%|  11.84%
 41.9s| 92700 | 50681 |881725 |   9.5 |    51M | 186 | 241 |1275 |1275 |   0 |  0 |   0 |1297 | 5.000000e+01 | 5.500000e+01 |  10.00%|  11.84%
 42.0s| 92800 | 50773 |883687 |   9.5 |    51M | 186 | 241 |1275 |1275 |   0 |  0 |   0 |1297 | 5.000000e+01 | 5.500000e+01 |  10.00%|  11.84%
 42.0s| 92900 | 50801 |883965 |   9.5 |    51M | 186 | 241 |1275 |1275 |   0 |  0 |   0 |1297 | 5.000000e+01 | 5.500000e+01 |  10.00%|  11.84%
 42.1s| 93000 | 50869 |885529 |   9.5 |    51M | 186 | 241 |1275 |1275 |   0 |  0 |   0 |1297 | 5.000000e+01 | 5.500000e+01 |  10.00%|  11.84%
 42.1s| 93100 | 50927 |886326 |   9.5 |    51M | 186 | 241 |1275 |1275 |   0 |  0 |   0 |1297 | 5.000000e+01 | 5.500000e+01 |  10.00%|  11.85%
 42.1s| 93200 | 50963 |887057 |   9.5 |    51M | 186 | 241 |1275 |1275 |   0 |  0 |   0 |1297 | 5.000000e+01 | 5.500000e+01 |  10.00%|  11.85%
 42.2s| 93300 | 51037 |889051 |   9.5 |    51M | 186 | 241 |1275 |1275 |   0 |  0 |   0 |1297 | 5.000000e+01 | 5.500000e+01 |  10.00%|  11.85%
 42.3s| 93400 | 51105 |890855 |   9.5 |    51M | 186 | 241 |1275 |1275 |   0 |  0 |   0 |1297 | 5.000000e+01 | 5.500000e+01 |  10.00%|  11.85%
 42.3s| 93500 | 51159 |891208 |   9.5 |    51M | 186 | 241 |1275 |1275 |   0 |  0 |   0 |1297 | 5.000000e+01 | 5.500000e+01 |  10.00%|  11.85%
 42.3s| 93600 | 51183 |891523 |   9.5 |    51M | 186 | 241 |1275 |1275 |   0 |  0 |   0 |1297 | 5.000000e+01 | 5.500000e+01 |  10.00%|  11.85%
 42.4s| 93700 | 51207 |891805 |   9.5 |    51M | 186 | 241 |1275 |1275 |   0 |  0 |   0 |1297 | 5.000000e+01 | 5.500000e+01 |  10.00%|  11.85%
 42.4s| 93800 | 51231 |892097 |   9.5 |    51M | 186 | 241 |1275 |1275 |   0 |  0 |   0 |1297 | 5.000000e+01 | 5.500000e+01 |  10.00%|  11.85%
 42.4s| 93900 | 51249 |892416 |   9.5 |    51M | 186 | 241 |1275 |1275 |   0 |  0 |   0 |1297 | 5.000000e+01 | 5.500000e+01 |  10.00%|  11.85%
 time | node  | left  |LP iter|LP it/n|mem/heur|mdpt |vars |cons |rows |cuts |sepa|confs|strbr|  dualbound   | primalbound  |  gap   | compl. 
 42.5s| 94000 | 51281 |893295 |   9.5 |    51M | 186 | 241 |1275 |1275 |   0 |  0 |   0 |1298 | 5.000000e+01 | 5.500000e+01 |  10.00%|  11.86%
 42.5s| 94100 | 51333 |894609 |   9.5 |    51M | 186 | 241 |1275 |1275 |   0 |  0 |   0 |1298 | 5.000000e+01 | 5.500000e+01 |  10.00%|  11.86%
 42.6s| 94200 | 51371 |895339 |   9.5 |    51M | 186 | 241 |1275 |1275 |   0 |  0 |   0 |1298 | 5.000000e+01 | 5.500000e+01 |  10.00%|  11.87%
 42.6s| 94300 | 51419 |895997 |   9.5 |    51M | 186 | 241 |1275 |1275 |   0 |  0 |   0 |1298 | 5.000000e+01 | 5.500000e+01 |  10.00%|  11.87%
 42.6s| 94400 | 51455 |896369 |   9.5 |    52M | 186 | 241 |1275 |1275 |   0 |  0 |   0 |1298 | 5.000000e+01 | 5.500000e+01 |  10.00%|  11.87%
 42.7s| 94500 | 51487 |896704 |   9.5 |    52M | 186 | 241 |1275 |1275 |   0 |  0 |   0 |1298 | 5.000000e+01 | 5.500000e+01 |  10.00%|  11.87%
 42.7s| 94600 | 51517 |897064 |   9.5 |    52M | 186 | 241 |1275 |1275 |   0 |  0 |   0 |1298 | 5.000000e+01 | 5.500000e+01 |  10.00%|  11.87%
 42.7s| 94700 | 51553 |897512 |   9.5 |    52M | 186 | 241 |1275 |1275 |   0 |  0 |   0 |1298 | 5.000000e+01 | 5.500000e+01 |  10.00%|  11.87%
 42.8s| 94800 | 51599 |898410 |   9.5 |    52M | 186 | 241 |1275 |1275 |   0 |  0 |   0 |1298 | 5.000000e+01 | 5.500000e+01 |  10.00%|  11.87%
 42.8s| 94900 | 51667 |899585 |   9.5 |    52M | 186 | 241 |1275 |1275 |   0 |  0 |   0 |1298 | 5.000000e+01 | 5.500000e+01 |  10.00%|  11.87%
 42.9s| 95000 | 51719 |900592 |   9.5 |    52M | 186 | 241 |1275 |1275 |   0 |  0 |   0 |1298 | 5.000000e+01 | 5.500000e+01 |  10.00%|  11.87%
 42.9s| 95100 | 51785 |901693 |   9.5 |    52M | 186 | 241 |1275 |1275 |   0 |  0 |   0 |1298 | 5.000000e+01 | 5.500000e+01 |  10.00%|  11.87%
 42.9s| 95200 | 51837 |903037 |   9.5 |    52M | 186 | 241 |1275 |1275 |   0 |  0 |   0 |1298 | 5.000000e+01 | 5.500000e+01 |  10.00%|  11.87%
 43.0s| 95300 | 51903 |904052 |   9.5 |    52M | 186 | 241 |1275 |1275 |   0 |  0 |   0 |1298 | 5.000000e+01 | 5.500000e+01 |  10.00%|  11.87%
 43.0s| 95400 | 51961 |905209 |   9.5 |    52M | 186 | 241 |1275 |1275 |   0 |  0 |   0 |1298 | 5.000000e+01 | 5.500000e+01 |  10.00%|  11.87%
 time | node  | left  |LP iter|LP it/n|mem/heur|mdpt |vars |cons |rows |cuts |sepa|confs|strbr|  dualbound   | primalbound  |  gap   | compl. 
 43.1s| 95500 | 52003 |905733 |   9.5 |    52M | 186 | 241 |1275 |1275 |   0 |  0 |   0 |1298 | 5.000000e+01 | 5.500000e+01 |  10.00%|  11.87%
 43.1s| 95600 | 52027 |906085 |   9.5 |    52M | 186 | 241 |1275 |1275 |   0 |  0 |   0 |1298 | 5.000000e+01 | 5.500000e+01 |  10.00%|  11.87%
 43.1s| 95700 | 52073 |907034 |   9.5 |    52M | 186 | 241 |1275 |1275 |   0 |  0 |   0 |1298 | 5.000000e+01 | 5.500000e+01 |  10.00%|  11.87%
 43.2s| 95800 | 52109 |908174 |   9.5 |    52M | 186 | 241 |1275 |1275 |   0 |  0 |   0 |1298 | 5.000000e+01 | 5.500000e+01 |  10.00%|  11.87%
 43.2s| 95900 | 52173 |908519 |   9.5 |    52M | 186 | 241 |1275 |1275 |   0 |  0 |   0 |1308 | 5.000000e+01 | 5.500000e+01 |  10.00%|  11.87%
 43.3s| 96000 | 52213 |909557 |   9.5 |    52M | 186 | 241 |1275 |1275 |   0 |  0 |   0 |1312 | 5.000000e+01 | 5.500000e+01 |  10.00%|  11.88%
 43.3s| 96100 | 52257 |910165 |   9.5 |    52M | 186 | 241 |1275 |1275 |   0 |  0 |   0 |1312 | 5.000000e+01 | 5.500000e+01 |  10.00%|  11.89%
 43.3s| 96200 | 52285 |910715 |   9.5 |    52M | 186 | 241 |1275 |1275 |   0 |  0 |   0 |1312 | 5.000000e+01 | 5.500000e+01 |  10.00%|  11.89%
 43.4s| 96300 | 52323 |911405 |   9.5 |    52M | 186 | 241 |1275 |1275 |   0 |  0 |   0 |1312 | 5.000000e+01 | 5.500000e+01 |  10.00%|  11.89%
 43.4s| 96400 | 52387 |911701 |   9.5 |    52M | 186 | 241 |1275 |1275 |   0 |  0 |   0 |1312 | 5.000000e+01 | 5.500000e+01 |  10.00%|  11.89%
 43.4s| 96500 | 52423 |911962 |   9.4 |    52M | 186 | 241 |1275 |1275 |   0 |  0 |   0 |1312 | 5.000000e+01 | 5.500000e+01 |  10.00%|  11.89%
 43.5s| 96600 | 52453 |913153 |   9.5 |    52M | 186 | 241 |1275 |1275 |   0 |  0 |   0 |1312 | 5.000000e+01 | 5.500000e+01 |  10.00%|  11.89%
 43.5s| 96700 | 52517 |914361 |   9.5 |    52M | 186 | 241 |1275 |1275 |   0 |  0 |   0 |1312 | 5.000000e+01 | 5.500000e+01 |  10.00%|  11.89%
 43.6s| 96800 | 52545 |914856 |   9.4 |    52M | 186 | 241 |1275 |1275 |   0 |  0 |   0 |1312 | 5.000000e+01 | 5.500000e+01 |  10.00%|  11.89%
 43.6s| 96900 | 52599 |915682 |   9.4 |    52M | 186 | 241 |1275 |1275 |   0 |  0 |   0 |1312 | 5.000000e+01 | 5.500000e+01 |  10.00%|  11.89%
 time | node  | left  |LP iter|LP it/n|mem/heur|mdpt |vars |cons |rows |cuts |sepa|confs|strbr|  dualbound   | primalbound  |  gap   | compl. 
 43.7s| 97000 | 52641 |916514 |   9.4 |    52M | 186 | 241 |1275 |1275 |   0 |  0 |   0 |1312 | 5.000000e+01 | 5.500000e+01 |  10.00%|  11.90%
 43.7s| 97100 | 52717 |918527 |   9.5 |    52M | 186 | 241 |1275 |1275 |   0 |  0 |   0 |1312 | 5.000000e+01 | 5.500000e+01 |  10.00%|  11.90%
 43.8s| 97200 | 52783 |919741 |   9.5 |    52M | 186 | 241 |1275 |1275 |   0 |  0 |   0 |1312 | 5.000000e+01 | 5.500000e+01 |  10.00%|  11.90%
 43.8s| 97300 | 52863 |921079 |   9.5 |    52M | 186 | 241 |1275 |1275 |   0 |  0 |   0 |1312 | 5.000000e+01 | 5.500000e+01 |  10.00%|  11.90%
 43.8s| 97400 | 52907 |921325 |   9.5 |    52M | 186 | 241 |1275 |1275 |   0 |  0 |   0 |1312 | 5.000000e+01 | 5.500000e+01 |  10.00%|  11.90%
 43.9s| 97500 | 52951 |921721 |   9.5 |    53M | 186 | 241 |1275 |1275 |   0 |  0 |   0 |1312 | 5.000000e+01 | 5.500000e+01 |  10.00%|  11.90%
 43.9s| 97600 | 52987 |922081 |   9.4 |    53M | 186 | 241 |1275 |1275 |   0 |  0 |   0 |1312 | 5.000000e+01 | 5.500000e+01 |  10.00%|  11.90%
 43.9s| 97700 | 53013 |922327 |   9.4 |    53M | 186 | 241 |1275 |1275 |   0 |  0 |   0 |1312 | 5.000000e+01 | 5.500000e+01 |  10.00%|  11.90%
 44.0s| 97800 | 53043 |922634 |   9.4 |    53M | 186 | 241 |1275 |1275 |   0 |  0 |   0 |1312 | 5.000000e+01 | 5.500000e+01 |  10.00%|  11.90%
 44.0s| 97900 | 53081 |923030 |   9.4 |    53M | 186 | 241 |1275 |1275 |   0 |  0 |   0 |1312 | 5.000000e+01 | 5.500000e+01 |  10.00%|  11.90%
 44.0s| 98000 | 53119 |923398 |   9.4 |    53M | 186 | 241 |1275 |1275 |   0 |  0 |   0 |1312 | 5.000000e+01 | 5.500000e+01 |  10.00%|  11.90%
 44.1s| 98100 | 53157 |923764 |   9.4 |    53M | 186 | 241 |1275 |1275 |   0 |  0 |   0 |1312 | 5.000000e+01 | 5.500000e+01 |  10.00%|  11.90%
 44.1s| 98200 | 53169 |924100 |   9.4 |    53M | 186 | 241 |1275 |1275 |   0 |  0 |   0 |1312 | 5.000000e+01 | 5.500000e+01 |  10.00%|  11.90%
 44.1s| 98300 | 53177 |924535 |   9.4 |    53M | 186 | 241 |1275 |1275 |   0 |  0 |   0 |1312 | 5.000000e+01 | 5.500000e+01 |  10.00%|  11.90%
 44.2s| 98400 | 53223 |924795 |   9.4 |    53M | 186 | 241 |1275 |1275 |   0 |  0 |   0 |1312 | 5.000000e+01 | 5.500000e+01 |  10.00%|  11.90%
 time | node  | left  |LP iter|LP it/n|mem/heur|mdpt |vars |cons |rows |cuts |sepa|confs|strbr|  dualbound   | primalbound  |  gap   | compl. 
 44.2s| 98500 | 53269 |925043 |   9.4 |    53M | 186 | 241 |1275 |1275 |   0 |  0 |   0 |1312 | 5.000000e+01 | 5.500000e+01 |  10.00%|  11.90%
 44.2s| 98600 | 53311 |925437 |   9.4 |    53M | 186 | 241 |1275 |1275 |   0 |  0 |   0 |1312 | 5.000000e+01 | 5.500000e+01 |  10.00%|  11.90%
 44.3s| 98700 | 53349 |926300 |   9.4 |    53M | 186 | 241 |1275 |1275 |   0 |  0 |   0 |1312 | 5.000000e+01 | 5.500000e+01 |  10.00%|  11.90%
 44.3s| 98800 | 53395 |927592 |   9.4 |    53M | 186 | 241 |1275 |1275 |   0 |  0 |   0 |1324 | 5.000000e+01 | 5.500000e+01 |  10.00%|  11.90%
 44.4s| 98900 | 53445 |928605 |   9.4 |    53M | 186 | 241 |1275 |1275 |   0 |  0 |   0 |1324 | 5.000000e+01 | 5.500000e+01 |  10.00%|  11.91%
 44.4s| 99000 | 53495 |929337 |   9.4 |    53M | 186 | 241 |1275 |1275 |   0 |  0 |   0 |1330 | 5.000000e+01 | 5.500000e+01 |  10.00%|  11.91%
 44.5s| 99100 | 53529 |929914 |   9.4 |    53M | 186 | 241 |1275 |1275 |   0 |  0 |   0 |1361 | 5.000000e+01 | 5.500000e+01 |  10.00%|  11.91%
 44.5s| 99200 | 53575 |930475 |   9.4 |    53M | 186 | 241 |1275 |1275 |   0 |  0 |   0 |1361 | 5.000000e+01 | 5.500000e+01 |  10.00%|  11.91%
 44.6s| 99300 | 53601 |930817 |   9.4 |    54M | 186 | 241 |1275 |1275 |   0 |  0 |   0 |1366 | 5.000000e+01 | 5.500000e+01 |  10.00%|  11.91%
 44.6s| 99400 | 53651 |931413 |   9.4 |    54M | 186 | 241 |1275 |1275 |   0 |  0 |   0 |1366 | 5.000000e+01 | 5.500000e+01 |  10.00%|  11.91%
 44.7s| 99500 | 53699 |932415 |   9.4 |    54M | 186 | 241 |1275 |1275 |   0 |  0 |   0 |1381 | 5.000000e+01 | 5.500000e+01 |  10.00%|  11.91%
 44.7s| 99600 | 53729 |932916 |   9.4 |    54M | 186 | 241 |1275 |1275 |   0 |  0 |   0 |1381 | 5.000000e+01 | 5.500000e+01 |  10.00%|  11.91%
 44.7s| 99700 | 53773 |933588 |   9.4 |    54M | 186 | 241 |1275 |1275 |   0 |  0 |   0 |1381 | 5.000000e+01 | 5.500000e+01 |  10.00%|  11.92%
 44.8s| 99800 | 53819 |933873 |   9.4 |    54M | 186 | 241 |1275 |1275 |   0 |  0 |   0 |1381 | 5.000000e+01 | 5.500000e+01 |  10.00%|  11.92%
 44.8s| 99900 | 53851 |934126 |   9.3 |    54M | 186 | 241 |1275 |1275 |   0 |  0 |   0 |1381 | 5.000000e+01 | 5.500000e+01 |  10.00%|  11.92%
 time | node  | left  |LP iter|LP it/n|mem/heur|mdpt |vars |cons |rows |cuts |sepa|confs|strbr|  dualbound   | primalbound  |  gap   | compl. 
 44.8s|100000 | 53867 |935117 |   9.3 |    54M | 186 | 241 |1275 |1275 |   0 |  0 |   0 |1381 | 5.000000e+01 | 5.500000e+01 |  10.00%|  11.92%
 44.9s|100100 | 53909 |936464 |   9.4 |    54M | 186 | 241 |1275 |1275 |   0 |  0 |   0 |1381 | 5.000000e+01 | 5.500000e+01 |  10.00%|  11.92%
 44.9s|100200 | 53937 |937173 |   9.4 |    54M | 186 | 241 |1275 |1275 |   0 |  0 |   0 |1381 | 5.000000e+01 | 5.500000e+01 |  10.00%|  11.92%
 45.0s|100300 | 53969 |938423 |   9.4 |    54M | 186 | 241 |1275 |1275 |   0 |  0 |   0 |1381 | 5.000000e+01 | 5.500000e+01 |  10.00%|  11.93%
 45.0s|100400 | 54007 |939346 |   9.4 |    54M | 186 | 241 |1275 |1275 |   0 |  0 |   0 |1381 | 5.000000e+01 | 5.500000e+01 |  10.00%|  11.93%
 45.1s|100500 | 54061 |941631 |   9.4 |    54M | 186 | 241 |1275 |1275 |   0 |  0 |   0 |1381 | 5.000000e+01 | 5.500000e+01 |  10.00%|  11.93%
 45.1s|100600 | 54115 |942219 |   9.4 |    54M | 186 | 241 |1275 |1275 |   0 |  0 |   0 |1381 | 5.000000e+01 | 5.500000e+01 |  10.00%|  11.93%
 45.1s|100700 | 54175 |942890 |   9.4 |    54M | 186 | 241 |1275 |1275 |   0 |  0 |   0 |1381 | 5.000000e+01 | 5.500000e+01 |  10.00%|  11.93%
 45.2s|100800 | 54245 |944667 |   9.4 |    54M | 186 | 241 |1275 |1275 |   0 |  0 |   0 |1381 | 5.000000e+01 | 5.500000e+01 |  10.00%|  11.93%
 45.3s|100900 | 54291 |946123 |   9.4 |    54M | 186 | 241 |1275 |1275 |   0 |  0 |   0 |1381 | 5.000000e+01 | 5.500000e+01 |  10.00%|  11.94%
 45.3s|101000 | 54349 |946812 |   9.4 |    54M | 186 | 241 |1275 |1275 |   0 |  0 |   0 |1381 | 5.000000e+01 | 5.500000e+01 |  10.00%|  11.94%
 45.3s|101100 | 54411 |947791 |   9.4 |    54M | 186 | 241 |1275 |1275 |   0 |  0 |   0 |1381 | 5.000000e+01 | 5.500000e+01 |  10.00%|  11.94%
 45.4s|101200 | 54461 |948107 |   9.4 |    54M | 186 | 241 |1275 |1275 |   0 |  0 |   0 |1381 | 5.000000e+01 | 5.500000e+01 |  10.00%|  11.94%
 45.4s|101300 | 54499 |948464 |   9.4 |    54M | 186 | 241 |1275 |1275 |   0 |  0 |   0 |1381 | 5.000000e+01 | 5.500000e+01 |  10.00%|  11.94%
 45.4s|101400 | 54521 |948799 |   9.4 |    54M | 186 | 241 |1275 |1275 |   0 |  0 |   0 |1381 | 5.000000e+01 | 5.500000e+01 |  10.00%|  11.94%
 time | node  | left  |LP iter|LP it/n|mem/heur|mdpt |vars |cons |rows |cuts |sepa|confs|strbr|  dualbound   | primalbound  |  gap   | compl. 
 45.5s|101500 | 54551 |949041 |   9.3 |    54M | 186 | 241 |1275 |1275 |   0 |  0 |   0 |1381 | 5.000000e+01 | 5.500000e+01 |  10.00%|  11.94%
 45.5s|101600 | 54571 |949309 |   9.3 |    54M | 186 | 241 |1275 |1275 |   0 |  0 |   0 |1381 | 5.000000e+01 | 5.500000e+01 |  10.00%|  11.94%
 45.5s|101700 | 54613 |949620 |   9.3 |    54M | 186 | 241 |1275 |1275 |   0 |  0 |   0 |1381 | 5.000000e+01 | 5.500000e+01 |  10.00%|  11.95%
 45.6s|101800 | 54655 |949948 |   9.3 |    54M | 186 | 241 |1275 |1275 |   0 |  0 |   0 |1381 | 5.000000e+01 | 5.500000e+01 |  10.00%|  11.95%
 45.6s|101900 | 54687 |950291 |   9.3 |    54M | 186 | 241 |1275 |1275 |   0 |  0 |   0 |1381 | 5.000000e+01 | 5.500000e+01 |  10.00%|  11.95%
 45.6s|102000 | 54725 |950876 |   9.3 |    55M | 186 | 241 |1275 |1275 |   0 |  0 |   0 |1381 | 5.000000e+01 | 5.500000e+01 |  10.00%|  11.97%
 45.7s|102100 | 54775 |951693 |   9.3 |    55M | 186 | 241 |1275 |1275 |   0 |  0 |   0 |1382 | 5.000000e+01 | 5.500000e+01 |  10.00%|  11.97%
 45.7s|102200 | 54841 |953406 |   9.3 |    55M | 186 | 241 |1275 |1275 |   0 |  0 |   0 |1382 | 5.000000e+01 | 5.500000e+01 |  10.00%|  11.97%
 45.8s|102300 | 54891 |954603 |   9.3 |    55M | 186 | 241 |1275 |1275 |   0 |  0 |   0 |1382 | 5.000000e+01 | 5.500000e+01 |  10.00%|  11.97%
 45.8s|102400 | 54957 |955435 |   9.3 |    55M | 186 | 241 |1275 |1275 |   0 |  0 |   0 |1382 | 5.000000e+01 | 5.500000e+01 |  10.00%|  11.97%
 45.9s|102500 | 55027 |956843 |   9.3 |    55M | 186 | 241 |1275 |1275 |   0 |  0 |   0 |1385 | 5.000000e+01 | 5.500000e+01 |  10.00%|  11.98%
 45.9s|102600 | 55101 |957760 |   9.3 |    55M | 186 | 241 |1275 |1275 |   0 |  0 |   0 |1385 | 5.000000e+01 | 5.500000e+01 |  10.00%|  11.98%
 46.0s|102700 | 55177 |958541 |   9.3 |    55M | 186 | 241 |1275 |1275 |   0 |  0 |   0 |1385 | 5.000000e+01 | 5.500000e+01 |  10.00%|  11.98%
 46.0s|102800 | 55219 |958827 |   9.3 |    55M | 186 | 241 |1275 |1275 |   0 |  0 |   0 |1385 | 5.000000e+01 | 5.500000e+01 |  10.00%|  11.98%
 46.0s|102900 | 55261 |959064 |   9.3 |    55M | 186 | 241 |1275 |1275 |   0 |  0 |   0 |1385 | 5.000000e+01 | 5.500000e+01 |  10.00%|  11.98%
 time | node  | left  |LP iter|LP it/n|mem/heur|mdpt |vars |cons |rows |cuts |sepa|confs|strbr|  dualbound   | primalbound  |  gap   | compl. 
 46.1s|103000 | 55285 |959428 |   9.3 |    55M | 186 | 241 |1275 |1275 |   0 |  0 |   0 |1385 | 5.000000e+01 | 5.500000e+01 |  10.00%|  11.98%
 46.1s|103100 | 55305 |959718 |   9.3 |    55M | 186 | 241 |1275 |1275 |   0 |  0 |   0 |1385 | 5.000000e+01 | 5.500000e+01 |  10.00%|  11.98%
 46.1s|103200 | 55339 |959988 |   9.3 |    55M | 186 | 241 |1275 |1275 |   0 |  0 |   0 |1385 | 5.000000e+01 | 5.500000e+01 |  10.00%|  11.98%
 46.2s|103300 | 55367 |960281 |   9.3 |    55M | 186 | 241 |1275 |1275 |   0 |  0 |   0 |1385 | 5.000000e+01 | 5.500000e+01 |  10.00%|  11.98%
 46.2s|103400 | 55403 |960579 |   9.3 |    55M | 186 | 241 |1275 |1275 |   0 |  0 |   0 |1385 | 5.000000e+01 | 5.500000e+01 |  10.00%|  11.98%
 46.2s|103500 | 55433 |960890 |   9.3 |    55M | 186 | 241 |1275 |1275 |   0 |  0 |   0 |1385 | 5.000000e+01 | 5.500000e+01 |  10.00%|  11.98%
 46.3s|103600 | 55465 |961250 |   9.3 |    55M | 186 | 241 |1275 |1275 |   0 |  0 |   0 |1385 | 5.000000e+01 | 5.500000e+01 |  10.00%|  11.98%
 46.3s|103700 | 55503 |961622 |   9.3 |    55M | 186 | 241 |1275 |1275 |   0 |  0 |   0 |1385 | 5.000000e+01 | 5.500000e+01 |  10.00%|  11.98%
 46.3s|103800 | 55531 |961873 |   9.3 |    55M | 186 | 241 |1275 |1275 |   0 |  0 |   0 |1385 | 5.000000e+01 | 5.500000e+01 |  10.00%|  11.98%
 46.4s|103900 | 55575 |962132 |   9.3 |    55M | 186 | 241 |1275 |1275 |   0 |  0 |   0 |1385 | 5.000000e+01 | 5.500000e+01 |  10.00%|  11.98%
 46.4s|104000 | 55605 |962389 |   9.3 |    55M | 186 | 241 |1275 |1275 |   0 |  0 |   0 |1385 | 5.000000e+01 | 5.500000e+01 |  10.00%|  11.98%
 46.4s|104100 | 55633 |962692 |   9.2 |    56M | 186 | 241 |1275 |1275 |   0 |  0 |   0 |1385 | 5.000000e+01 | 5.500000e+01 |  10.00%|  11.98%
 46.5s|104200 | 55663 |962936 |   9.2 |    56M | 186 | 241 |1275 |1275 |   0 |  0 |   0 |1385 | 5.000000e+01 | 5.500000e+01 |  10.00%|  11.98%
 46.5s|104300 | 55703 |963303 |   9.2 |    56M | 186 | 241 |1275 |1275 |   0 |  0 |   0 |1385 | 5.000000e+01 | 5.500000e+01 |  10.00%|  11.99%
 46.5s|104400 | 55737 |963618 |   9.2 |    56M | 186 | 241 |1275 |1275 |   0 |  0 |   0 |1385 | 5.000000e+01 | 5.500000e+01 |  10.00%|  11.99%
 time | node  | left  |LP iter|LP it/n|mem/heur|mdpt |vars |cons |rows |cuts |sepa|confs|strbr|  dualbound   | primalbound  |  gap   | compl. 
 46.5s|104500 | 55763 |963898 |   9.2 |    56M | 186 | 241 |1275 |1275 |   0 |  0 |   0 |1385 | 5.000000e+01 | 5.500000e+01 |  10.00%|  11.99%
 46.6s|104600 | 55809 |964814 |   9.2 |    56M | 186 | 241 |1275 |1275 |   0 |  0 |   0 |1385 | 5.000000e+01 | 5.500000e+01 |  10.00%|  11.99%
 46.6s|104700 | 55871 |966584 |   9.2 |    56M | 186 | 241 |1275 |1275 |   0 |  0 |   0 |1385 | 5.000000e+01 | 5.500000e+01 |  10.00%|  11.99%
 46.7s|104800 | 55911 |967255 |   9.2 |    56M | 186 | 241 |1275 |1275 |   0 |  0 |   0 |1385 | 5.000000e+01 | 5.500000e+01 |  10.00%|  11.99%
 46.7s|104900 | 55951 |968722 |   9.2 |    56M | 186 | 241 |1275 |1275 |   0 |  0 |   0 |1385 | 5.000000e+01 | 5.500000e+01 |  10.00%|  12.00%
 46.8s|105000 | 55995 |969162 |   9.2 |    56M | 186 | 241 |1275 |1275 |   0 |  0 |   0 |1385 | 5.000000e+01 | 5.500000e+01 |  10.00%|  12.00%
 46.8s|105100 | 56053 |970923 |   9.2 |    56M | 186 | 241 |1275 |1275 |   0 |  0 |   0 |1385 | 5.000000e+01 | 5.500000e+01 |  10.00%|  12.00%
 46.9s|105200 | 56093 |971679 |   9.2 |    56M | 186 | 241 |1275 |1275 |   0 |  0 |   0 |1385 | 5.000000e+01 | 5.500000e+01 |  10.00%|  12.00%
 46.9s|105300 | 56165 |973335 |   9.2 |    56M | 186 | 241 |1275 |1275 |   0 |  0 |   0 |1385 | 5.000000e+01 | 5.500000e+01 |  10.00%|  12.00%
 47.0s|105400 | 56225 |976081 |   9.3 |    56M | 186 | 241 |1275 |1275 |   0 |  0 |   0 |1385 | 5.000000e+01 | 5.500000e+01 |  10.00%|  12.00%
 47.0s|105500 | 56265 |976498 |   9.3 |    56M | 186 | 241 |1275 |1275 |   0 |  0 |   0 |1385 | 5.000000e+01 | 5.500000e+01 |  10.00%|  12.00%
 47.1s|105600 | 56329 |978585 |   9.3 |    56M | 186 | 241 |1275 |1275 |   0 |  0 |   0 |1385 | 5.000000e+01 | 5.500000e+01 |  10.00%|  12.01%
 47.1s|105700 | 56379 |979229 |   9.3 |    56M | 186 | 241 |1275 |1275 |   0 |  0 |   0 |1385 | 5.000000e+01 | 5.500000e+01 |  10.00%|  12.01%
 47.2s|105800 | 56441 |980313 |   9.3 |    56M | 186 | 241 |1275 |1275 |   0 |  0 |   0 |1385 | 5.000000e+01 | 5.500000e+01 |  10.00%|  12.01%
 47.2s|105900 | 56507 |981284 |   9.3 |    56M | 186 | 241 |1275 |1275 |   0 |  0 |   0 |1385 | 5.000000e+01 | 5.500000e+01 |  10.00%|  12.02%
 time | node  | left  |LP iter|LP it/n|mem/heur|mdpt |vars |cons |rows |cuts |sepa|confs|strbr|  dualbound   | primalbound  |  gap   | compl. 
 47.3s|106000 | 56581 |981678 |   9.3 |    56M | 186 | 241 |1275 |1275 |   0 |  0 |   0 |1386 | 5.000000e+01 | 5.500000e+01 |  10.00%|  12.02%
 47.3s|106100 | 56651 |982689 |   9.3 |    56M | 186 | 241 |1275 |1275 |   0 |  0 |   0 |1386 | 5.000000e+01 | 5.500000e+01 |  10.00%|  12.02%
 47.4s|106200 | 56725 |983678 |   9.3 |    56M | 186 | 241 |1275 |1275 |   0 |  0 |   0 |1386 | 5.000000e+01 | 5.500000e+01 |  10.00%|  12.02%
 47.4s|106300 | 56765 |984320 |   9.3 |    56M | 186 | 241 |1275 |1275 |   0 |  0 |   0 |1386 | 5.000000e+01 | 5.500000e+01 |  10.00%|  12.02%
 47.4s|106400 | 56825 |984792 |   9.3 |    56M | 186 | 241 |1275 |1275 |   0 |  0 |   0 |1386 | 5.000000e+01 | 5.500000e+01 |  10.00%|  12.02%
 47.5s|106500 | 56859 |985250 |   9.2 |    56M | 186 | 241 |1275 |1275 |   0 |  0 |   0 |1386 | 5.000000e+01 | 5.500000e+01 |  10.00%|  12.02%
 47.5s|106600 | 56913 |985980 |   9.2 |    56M | 186 | 241 |1275 |1275 |   0 |  0 |   0 |1386 | 5.000000e+01 | 5.500000e+01 |  10.00%|  12.02%
 47.5s|106700 | 56981 |987227 |   9.3 |    56M | 186 | 241 |1275 |1275 |   0 |  0 |   0 |1386 | 5.000000e+01 | 5.500000e+01 |  10.00%|  12.02%
 47.6s|106800 | 57025 |987895 |   9.2 |    56M | 186 | 241 |1275 |1275 |   0 |  0 |   0 |1396 | 5.000000e+01 | 5.500000e+01 |  10.00%|  12.02%
 47.6s|106900 | 57077 |988412 |   9.2 |    56M | 186 | 241 |1275 |1275 |   0 |  0 |   0 |1396 | 5.000000e+01 | 5.500000e+01 |  10.00%|  12.02%
 47.7s|107000 | 57143 |989712 |   9.2 |    56M | 186 | 241 |1275 |1275 |   0 |  0 |   0 |1396 | 5.000000e+01 | 5.500000e+01 |  10.00%|  12.03%
 47.7s|107100 | 57195 |990874 |   9.3 |    56M | 186 | 241 |1275 |1275 |   0 |  0 |   0 |1396 | 5.000000e+01 | 5.500000e+01 |  10.00%|  12.03%
 47.8s|107200 | 57263 |992209 |   9.3 |    56M | 186 | 241 |1275 |1275 |   0 |  0 |   0 |1396 | 5.000000e+01 | 5.500000e+01 |  10.00%|  12.03%
 47.8s|107300 | 57311 |993022 |   9.3 |    56M | 186 | 241 |1275 |1275 |   0 |  0 |   0 |1396 | 5.000000e+01 | 5.500000e+01 |  10.00%|  12.03%
 47.8s|107400 | 57351 |993513 |   9.2 |    56M | 186 | 241 |1275 |1275 |   0 |  0 |   0 |1396 | 5.000000e+01 | 5.500000e+01 |  10.00%|  12.03%
 time | node  | left  |LP iter|LP it/n|mem/heur|mdpt |vars |cons |rows |cuts |sepa|confs|strbr|  dualbound   | primalbound  |  gap   | compl. 
 47.9s|107500 | 57393 |993888 |   9.2 |    56M | 186 | 241 |1275 |1275 |   0 |  0 |   0 |1396 | 5.000000e+01 | 5.500000e+01 |  10.00%|  12.03%
 47.9s|107600 | 57447 |995201 |   9.2 |    56M | 186 | 241 |1275 |1275 |   0 |  0 |   0 |1403 | 5.000000e+01 | 5.500000e+01 |  10.00%|  12.03%
 48.0s|107700 | 57487 |995764 |   9.2 |    56M | 186 | 241 |1275 |1275 |   0 |  0 |   0 |1404 | 5.000000e+01 | 5.500000e+01 |  10.00%|  12.03%
 48.0s|107800 | 57529 |996866 |   9.2 |    56M | 186 | 241 |1275 |1275 |   0 |  0 |   0 |1404 | 5.000000e+01 | 5.500000e+01 |  10.00%|  12.03%
 48.1s|107900 | 57577 |997401 |   9.2 |    56M | 186 | 241 |1275 |1275 |   0 |  0 |   0 |1404 | 5.000000e+01 | 5.500000e+01 |  10.00%|  12.04%
 48.1s|108000 | 57613 |997760 |   9.2 |    56M | 186 | 241 |1275 |1275 |   0 |  0 |   0 |1404 | 5.000000e+01 | 5.500000e+01 |  10.00%|  12.05%
 48.1s|108100 | 57647 |998252 |   9.2 |    56M | 186 | 241 |1275 |1275 |   0 |  0 |   0 |1404 | 5.000000e+01 | 5.500000e+01 |  10.00%|  12.05%
 48.2s|108200 | 57687 |998835 |   9.2 |    56M | 186 | 241 |1275 |1275 |   0 |  0 |   0 |1404 | 5.000000e+01 | 5.500000e+01 |  10.00%|  12.06%
 48.2s|108300 | 57747 |999205 |   9.2 |    57M | 186 | 241 |1275 |1275 |   0 |  0 |   0 |1407 | 5.000000e+01 | 5.500000e+01 |  10.00%|  12.07%
 48.2s|108400 | 57789 |999642 |   9.2 |    57M | 186 | 241 |1275 |1275 |   0 |  0 |   0 |1407 | 5.000000e+01 | 5.500000e+01 |  10.00%|  12.07%
 48.3s|108500 | 57827 |  1000k|   9.2 |    57M | 186 | 241 |1275 |1275 |   0 |  0 |   0 |1407 | 5.000000e+01 | 5.500000e+01 |  10.00%|  12.08%
 48.3s|108600 | 57875 |  1001k|   9.2 |    57M | 186 | 241 |1275 |1275 |   0 |  0 |   0 |1407 | 5.000000e+01 | 5.500000e+01 |  10.00%|  12.08%
 48.4s|108700 | 57935 |  1001k|   9.2 |    57M | 186 | 241 |1275 |1275 |   0 |  0 |   0 |1407 | 5.000000e+01 | 5.500000e+01 |  10.00%|  12.08%
 48.4s|108800 | 57979 |  1003k|   9.2 |    57M | 186 | 241 |1275 |1275 |   0 |  0 |   0 |1410 | 5.000000e+01 | 5.500000e+01 |  10.00%|  12.08%
 48.4s|108900 | 58035 |  1003k|   9.2 |    57M | 186 | 241 |1275 |1275 |   0 |  0 |   0 |1410 | 5.000000e+01 | 5.500000e+01 |  10.00%|  12.09%
 time | node  | left  |LP iter|LP it/n|mem/heur|mdpt |vars |cons |rows |cuts |sepa|confs|strbr|  dualbound   | primalbound  |  gap   | compl. 
 48.5s|109000 | 58085 |  1004k|   9.2 |    58M | 186 | 241 |1275 |1275 |   0 |  0 |   0 |1410 | 5.000000e+01 | 5.500000e+01 |  10.00%|  12.09%
 48.5s|109100 | 58171 |  1005k|   9.2 |    58M | 186 | 241 |1275 |1275 |   0 |  0 |   0 |1410 | 5.000000e+01 | 5.500000e+01 |  10.00%|  12.09%
 48.6s|109200 | 58249 |  1007k|   9.2 |    58M | 186 | 241 |1275 |1275 |   0 |  0 |   0 |1410 | 5.000000e+01 | 5.500000e+01 |  10.00%|  12.09%
 48.6s|109300 | 58333 |  1008k|   9.2 |    58M | 186 | 241 |1275 |1275 |   0 |  0 |   0 |1410 | 5.000000e+01 | 5.500000e+01 |  10.00%|  12.09%
 48.7s|109400 | 58399 |  1009k|   9.2 |    58M | 186 | 241 |1275 |1275 |   0 |  0 |   0 |1410 | 5.000000e+01 | 5.500000e+01 |  10.00%|  12.09%
 48.7s|109500 | 58461 |  1010k|   9.2 |    58M | 186 | 241 |1275 |1275 |   0 |  0 |   0 |1410 | 5.000000e+01 | 5.500000e+01 |  10.00%|  12.09%
 48.7s|109600 | 58511 |  1010k|   9.2 |    58M | 186 | 241 |1275 |1275 |   0 |  0 |   0 |1410 | 5.000000e+01 | 5.500000e+01 |  10.00%|  12.09%
 48.8s|109700 | 58581 |  1011k|   9.2 |    58M | 186 | 241 |1275 |1275 |   0 |  0 |   0 |1410 | 5.000000e+01 | 5.500000e+01 |  10.00%|  12.09%
 48.8s|109800 | 58619 |  1011k|   9.2 |    58M | 186 | 241 |1275 |1275 |   0 |  0 |   0 |1410 | 5.000000e+01 | 5.500000e+01 |  10.00%|  12.09%
 48.9s|109900 | 58663 |  1012k|   9.2 |    58M | 186 | 241 |1275 |1275 |   0 |  0 |   0 |1410 | 5.000000e+01 | 5.500000e+01 |  10.00%|  12.09%
 48.9s|110000 | 58723 |  1013k|   9.2 |    58M | 186 | 241 |1275 |1275 |   0 |  0 |   0 |1410 | 5.000000e+01 | 5.500000e+01 |  10.00%|  12.09%
 48.9s|110100 | 58803 |  1014k|   9.2 |    58M | 186 | 241 |1275 |1275 |   0 |  0 |   0 |1410 | 5.000000e+01 | 5.500000e+01 |  10.00%|  12.09%
 49.0s|110200 | 58883 |  1015k|   9.2 |    58M | 186 | 241 |1275 |1275 |   0 |  0 |   0 |1410 | 5.000000e+01 | 5.500000e+01 |  10.00%|  12.09%
 49.0s|110300 | 58931 |  1016k|   9.2 |    58M | 186 | 241 |1275 |1275 |   0 |  0 |   0 |1410 | 5.000000e+01 | 5.500000e+01 |  10.00%|  12.09%
 49.1s|110400 | 58957 |  1017k|   9.2 |    58M | 186 | 241 |1275 |1275 |   0 |  0 |   0 |1410 | 5.000000e+01 | 5.500000e+01 |  10.00%|  12.09%
 time | node  | left  |LP iter|LP it/n|mem/heur|mdpt |vars |cons |rows |cuts |sepa|confs|strbr|  dualbound   | primalbound  |  gap   | compl. 
 49.1s|110500 | 58997 |  1017k|   9.2 |    58M | 186 | 241 |1275 |1275 |   0 |  0 |   0 |1410 | 5.000000e+01 | 5.500000e+01 |  10.00%|  12.09%
 49.1s|110600 | 59051 |  1017k|   9.2 |    60M | 186 | 241 |1275 |1275 |   0 |  0 |   0 |1410 | 5.000000e+01 | 5.500000e+01 |  10.00%|  12.09%
 49.2s|110700 | 59119 |  1018k|   9.2 |    60M | 186 | 241 |1275 |1275 |   0 |  0 |   0 |1410 | 5.000000e+01 | 5.500000e+01 |  10.00%|  12.09%
 49.2s|110800 | 59183 |  1019k|   9.2 |    60M | 186 | 241 |1275 |1275 |   0 |  0 |   0 |1410 | 5.000000e+01 | 5.500000e+01 |  10.00%|  12.09%
 49.3s|110900 | 59247 |  1020k|   9.2 |    60M | 186 | 241 |1275 |1275 |   0 |  0 |   0 |1410 | 5.000000e+01 | 5.500000e+01 |  10.00%|  12.09%
 49.3s|111000 | 59313 |  1021k|   9.2 |    60M | 186 | 241 |1275 |1275 |   0 |  0 |   0 |1410 | 5.000000e+01 | 5.500000e+01 |  10.00%|  12.09%
 49.3s|111100 | 59367 |  1022k|   9.2 |    60M | 186 | 241 |1275 |1275 |   0 |  0 |   0 |1410 | 5.000000e+01 | 5.500000e+01 |  10.00%|  12.09%
 49.4s|111200 | 59437 |  1022k|   9.2 |    60M | 186 | 241 |1275 |1275 |   0 |  0 |   0 |1410 | 5.000000e+01 | 5.500000e+01 |  10.00%|  12.09%
 49.4s|111300 | 59479 |  1023k|   9.2 |    60M | 186 | 241 |1275 |1275 |   0 |  0 |   0 |1410 | 5.000000e+01 | 5.500000e+01 |  10.00%|  12.09%
 49.4s|111400 | 59521 |  1024k|   9.2 |    60M | 186 | 241 |1275 |1275 |   0 |  0 |   0 |1410 | 5.000000e+01 | 5.500000e+01 |  10.00%|  12.10%
 49.5s|111500 | 59559 |  1024k|   9.2 |    60M | 186 | 241 |1275 |1275 |   0 |  0 |   0 |1410 | 5.000000e+01 | 5.500000e+01 |  10.00%|  12.10%
 49.5s|111600 | 59601 |  1024k|   9.2 |    60M | 186 | 241 |1275 |1275 |   0 |  0 |   0 |1415 | 5.000000e+01 | 5.500000e+01 |  10.00%|  12.10%
 49.6s|111700 | 59633 |  1025k|   9.2 |    60M | 186 | 241 |1275 |1275 |   0 |  0 |   0 |1421 | 5.000000e+01 | 5.500000e+01 |  10.00%|  12.10%
 49.6s|111800 | 59681 |  1025k|   9.2 |    60M | 186 | 241 |1275 |1275 |   0 |  0 |   0 |1421 | 5.000000e+01 | 5.500000e+01 |  10.00%|  12.10%
 49.6s|111900 | 59721 |  1026k|   9.2 |    60M | 186 | 241 |1275 |1275 |   0 |  0 |   0 |1421 | 5.000000e+01 | 5.500000e+01 |  10.00%|  12.10%
 time | node  | left  |LP iter|LP it/n|mem/heur|mdpt |vars |cons |rows |cuts |sepa|confs|strbr|  dualbound   | primalbound  |  gap   | compl. 
 49.7s|112000 | 59769 |  1026k|   9.2 |    60M | 186 | 241 |1275 |1275 |   0 |  0 |   0 |1421 | 5.000000e+01 | 5.500000e+01 |  10.00%|  12.10%
 49.7s|112100 | 59801 |  1026k|   9.2 |    60M | 186 | 241 |1275 |1275 |   0 |  0 |   0 |1421 | 5.000000e+01 | 5.500000e+01 |  10.00%|  12.10%
 49.7s|112200 | 59849 |  1028k|   9.2 |    60M | 186 | 241 |1275 |1275 |   0 |  0 |   0 |1421 | 5.000000e+01 | 5.500000e+01 |  10.00%|  12.10%
 49.8s|112300 | 59891 |  1028k|   9.2 |    61M | 186 | 241 |1275 |1275 |   0 |  0 |   0 |1421 | 5.000000e+01 | 5.500000e+01 |  10.00%|  12.10%
 49.8s|112400 | 59955 |  1030k|   9.2 |    61M | 186 | 241 |1275 |1275 |   0 |  0 |   0 |1421 | 5.000000e+01 | 5.500000e+01 |  10.00%|  12.10%
 49.9s|112500 | 60015 |  1032k|   9.2 |    61M | 186 | 241 |1275 |1275 |   0 |  0 |   0 |1421 | 5.000000e+01 | 5.500000e+01 |  10.00%|  12.10%
 49.9s|112600 | 60071 |  1033k|   9.2 |    61M | 186 | 241 |1275 |1275 |   0 |  0 |   0 |1421 | 5.000000e+01 | 5.500000e+01 |  10.00%|  12.10%
 50.0s|112700 | 60133 |  1034k|   9.2 |    61M | 186 | 241 |1275 |1275 |   0 |  0 |   0 |1421 | 5.000000e+01 | 5.500000e+01 |  10.00%|  12.11%
 50.0s|112800 | 60185 |  1035k|   9.2 |    61M | 186 | 241 |1275 |1275 |   0 |  0 |   0 |1421 | 5.000000e+01 | 5.500000e+01 |  10.00%|  12.11%
 50.1s|112900 | 60215 |  1035k|   9.2 |    61M | 186 | 241 |1275 |1275 |   0 |  0 |   0 |1421 | 5.000000e+01 | 5.500000e+01 |  10.00%|  12.11%
 50.1s|113000 | 60251 |  1035k|   9.2 |    61M | 186 | 241 |1275 |1275 |   0 |  0 |   0 |1421 | 5.000000e+01 | 5.500000e+01 |  10.00%|  12.11%
 50.1s|113100 | 60301 |  1036k|   9.2 |    61M | 186 | 241 |1275 |1275 |   0 |  0 |   0 |1421 | 5.000000e+01 | 5.500000e+01 |  10.00%|  12.11%
 50.2s|113200 | 60343 |  1036k|   9.2 |    61M | 186 | 241 |1275 |1275 |   0 |  0 |   0 |1421 | 5.000000e+01 | 5.500000e+01 |  10.00%|  12.11%
 50.2s|113300 | 60393 |  1037k|   9.2 |    61M | 186 | 241 |1275 |1275 |   0 |  0 |   0 |1421 | 5.000000e+01 | 5.500000e+01 |  10.00%|  12.11%
 50.2s|113400 | 60435 |  1038k|   9.2 |    61M | 186 | 241 |1275 |1275 |   0 |  0 |   0 |1421 | 5.000000e+01 | 5.500000e+01 |  10.00%|  12.12%
 time | node  | left  |LP iter|LP it/n|mem/heur|mdpt |vars |cons |rows |cuts |sepa|confs|strbr|  dualbound   | primalbound  |  gap   | compl. 
 50.3s|113500 | 60465 |  1039k|   9.2 |    61M | 186 | 241 |1275 |1275 |   0 |  0 |   0 |1421 | 5.000000e+01 | 5.500000e+01 |  10.00%|  12.13%
 50.3s|113600 | 60505 |  1040k|   9.2 |    61M | 186 | 241 |1275 |1275 |   0 |  0 |   0 |1421 | 5.000000e+01 | 5.500000e+01 |  10.00%|  12.13%
 50.4s|113700 | 60525 |  1040k|   9.2 |    61M | 186 | 241 |1275 |1275 |   0 |  0 |   0 |1421 | 5.000000e+01 | 5.500000e+01 |  10.00%|  12.13%
 50.4s|113800 | 60569 |  1041k|   9.1 |    61M | 186 | 241 |1275 |1275 |   0 |  0 |   0 |1421 | 5.000000e+01 | 5.500000e+01 |  10.00%|  12.13%
 50.4s|113900 | 60609 |  1041k|   9.1 |    62M | 186 | 241 |1275 |1275 |   0 |  0 |   0 |1421 | 5.000000e+01 | 5.500000e+01 |  10.00%|  12.13%
 50.5s|114000 | 60649 |  1041k|   9.1 |    62M | 186 | 241 |1275 |1275 |   0 |  0 |   0 |1421 | 5.000000e+01 | 5.500000e+01 |  10.00%|  12.13%
 50.5s|114100 | 60673 |  1042k|   9.1 |    62M | 186 | 241 |1275 |1275 |   0 |  0 |   0 |1429 | 5.000000e+01 | 5.500000e+01 |  10.00%|  12.13%
 50.6s|114200 | 60721 |  1043k|   9.1 |    62M | 186 | 241 |1275 |1275 |   0 |  0 |   0 |1429 | 5.000000e+01 | 5.500000e+01 |  10.00%|  12.14%
 50.6s|114300 | 60779 |  1044k|   9.1 |    62M | 186 | 241 |1275 |1275 |   0 |  0 |   0 |1429 | 5.000000e+01 | 5.500000e+01 |  10.00%|  12.14%
 50.6s|114400 | 60823 |  1044k|   9.1 |    62M | 186 | 241 |1275 |1275 |   0 |  0 |   0 |1429 | 5.000000e+01 | 5.500000e+01 |  10.00%|  12.14%
 50.7s|114500 | 60865 |  1045k|   9.1 |    62M | 186 | 241 |1275 |1275 |   0 |  0 |   0 |1429 | 5.000000e+01 | 5.500000e+01 |  10.00%|  12.14%
 50.7s|114600 | 60903 |  1045k|   9.1 |    62M | 186 | 241 |1275 |1275 |   0 |  0 |   0 |1429 | 5.000000e+01 | 5.500000e+01 |  10.00%|  12.14%
 50.7s|114700 | 60957 |  1047k|   9.1 |    62M | 186 | 241 |1275 |1275 |   0 |  0 |   0 |1429 | 5.000000e+01 | 5.500000e+01 |  10.00%|  12.14%
 50.8s|114800 | 61039 |  1049k|   9.1 |    62M | 186 | 241 |1275 |1275 |   0 |  0 |   0 |1429 | 5.000000e+01 | 5.500000e+01 |  10.00%|  12.15%
 50.8s|114900 | 61097 |  1049k|   9.1 |    62M | 186 | 241 |1275 |1275 |   0 |  0 |   0 |1429 | 5.000000e+01 | 5.500000e+01 |  10.00%|  12.15%
 time | node  | left  |LP iter|LP it/n|mem/heur|mdpt |vars |cons |rows |cuts |sepa|confs|strbr|  dualbound   | primalbound  |  gap   | compl. 
 50.9s|115000 | 61169 |  1050k|   9.1 |    62M | 186 | 241 |1275 |1275 |   0 |  0 |   0 |1468 | 5.000000e+01 | 5.500000e+01 |  10.00%|  12.15%
 51.0s|115100 | 61211 |  1051k|   9.1 |    62M | 186 | 241 |1275 |1275 |   0 |  0 |   0 |1468 | 5.000000e+01 | 5.500000e+01 |  10.00%|  12.15%
 51.0s|115200 | 61253 |  1052k|   9.1 |    62M | 186 | 241 |1275 |1275 |   0 |  0 |   0 |1468 | 5.000000e+01 | 5.500000e+01 |  10.00%|  12.15%
 51.0s|115300 | 61299 |  1053k|   9.1 |    62M | 186 | 241 |1275 |1275 |   0 |  0 |   0 |1469 | 5.000000e+01 | 5.500000e+01 |  10.00%|  12.15%
 51.1s|115400 | 61343 |  1054k|   9.1 |    62M | 186 | 241 |1275 |1275 |   0 |  0 |   0 |1469 | 5.000000e+01 | 5.500000e+01 |  10.00%|  12.15%
 51.1s|115500 | 61387 |  1054k|   9.1 |    63M | 186 | 241 |1275 |1275 |   0 |  0 |   0 |1469 | 5.000000e+01 | 5.500000e+01 |  10.00%|  12.15%
 51.2s|115600 | 61407 |  1054k|   9.1 |    63M | 186 | 241 |1275 |1275 |   0 |  0 |   0 |1469 | 5.000000e+01 | 5.500000e+01 |  10.00%|  12.15%
 51.2s|115700 | 61429 |  1055k|   9.1 |    63M | 186 | 241 |1275 |1275 |   0 |  0 |   0 |1469 | 5.000000e+01 | 5.500000e+01 |  10.00%|  12.15%
 51.2s|115800 | 61449 |  1055k|   9.1 |    63M | 186 | 241 |1275 |1275 |   0 |  0 |   0 |1469 | 5.000000e+01 | 5.500000e+01 |  10.00%|  12.15%
 51.3s|115900 | 61483 |  1056k|   9.1 |    63M | 186 | 241 |1275 |1275 |   0 |  0 |   0 |1469 | 5.000000e+01 | 5.500000e+01 |  10.00%|  12.15%
 51.3s|116000 | 61507 |  1056k|   9.1 |    63M | 186 | 241 |1275 |1275 |   0 |  0 |   0 |1469 | 5.000000e+01 | 5.500000e+01 |  10.00%|  12.15%
 51.3s|116100 | 61547 |  1057k|   9.1 |    63M | 186 | 241 |1275 |1275 |   0 |  0 |   0 |1469 | 5.000000e+01 | 5.500000e+01 |  10.00%|  12.15%
 51.4s|116200 | 61579 |  1057k|   9.1 |    63M | 186 | 241 |1275 |1275 |   0 |  0 |   0 |1473 | 5.000000e+01 | 5.500000e+01 |  10.00%|  12.15%
 51.4s|116300 | 61605 |  1058k|   9.1 |    63M | 186 | 241 |1275 |1275 |   0 |  0 |   0 |1473 | 5.000000e+01 | 5.500000e+01 |  10.00%|  12.15%
 51.4s|116400 | 61633 |  1059k|   9.1 |    63M | 186 | 241 |1275 |1275 |   0 |  0 |   0 |1473 | 5.000000e+01 | 5.500000e+01 |  10.00%|  12.15%
 time | node  | left  |LP iter|LP it/n|mem/heur|mdpt |vars |cons |rows |cuts |sepa|confs|strbr|  dualbound   | primalbound  |  gap   | compl. 
 51.5s|116500 | 61681 |  1059k|   9.1 |    63M | 186 | 241 |1275 |1275 |   0 |  0 |   0 |1473 | 5.000000e+01 | 5.500000e+01 |  10.00%|  12.15%
 51.5s|116600 | 61707 |  1060k|   9.1 |    63M | 186 | 241 |1275 |1275 |   0 |  0 |   0 |1478 | 5.000000e+01 | 5.500000e+01 |  10.00%|  12.15%
 51.5s|116700 | 61739 |  1060k|   9.1 |    63M | 186 | 241 |1275 |1275 |   0 |  0 |   0 |1481 | 5.000000e+01 | 5.500000e+01 |  10.00%|  12.15%
 51.6s|116800 | 61767 |  1061k|   9.1 |    63M | 186 | 241 |1275 |1275 |   0 |  0 |   0 |1483 | 5.000000e+01 | 5.500000e+01 |  10.00%|  12.15%
 51.6s|116900 | 61791 |  1061k|   9.1 |    63M | 186 | 241 |1275 |1275 |   0 |  0 |   0 |1483 | 5.000000e+01 | 5.500000e+01 |  10.00%|  12.15%
 51.7s|117000 | 61841 |  1062k|   9.1 |    63M | 186 | 241 |1275 |1275 |   0 |  0 |   0 |1483 | 5.000000e+01 | 5.500000e+01 |  10.00%|  12.15%
 51.7s|117100 | 61905 |  1064k|   9.1 |    63M | 186 | 241 |1275 |1275 |   0 |  0 |   0 |1483 | 5.000000e+01 | 5.500000e+01 |  10.00%|  12.15%
 51.8s|117200 | 61963 |  1064k|   9.1 |    63M | 186 | 241 |1275 |1275 |   0 |  0 |   0 |1483 | 5.000000e+01 | 5.500000e+01 |  10.00%|  12.15%
 51.8s|117300 | 62005 |  1065k|   9.1 |    63M | 186 | 241 |1275 |1275 |   0 |  0 |   0 |1483 | 5.000000e+01 | 5.500000e+01 |  10.00%|  12.16%
 51.8s|117400 | 62035 |  1066k|   9.1 |    63M | 186 | 241 |1275 |1275 |   0 |  0 |   0 |1483 | 5.000000e+01 | 5.500000e+01 |  10.00%|  12.16%
 51.9s|117500 | 62079 |  1067k|   9.1 |    63M | 186 | 241 |1275 |1275 |   0 |  0 |   0 |1483 | 5.000000e+01 | 5.500000e+01 |  10.00%|  12.16%
 51.9s|117600 | 62113 |  1068k|   9.1 |    63M | 186 | 241 |1275 |1275 |   0 |  0 |   0 |1483 | 5.000000e+01 | 5.500000e+01 |  10.00%|  12.17%
 52.0s|117700 | 62157 |  1068k|   9.1 |    63M | 186 | 241 |1275 |1275 |   0 |  0 |   0 |1487 | 5.000000e+01 | 5.500000e+01 |  10.00%|  12.17%
 52.0s|117800 | 62217 |  1069k|   9.1 |    63M | 186 | 241 |1275 |1275 |   0 |  0 |   0 |1490 | 5.000000e+01 | 5.500000e+01 |  10.00%|  12.17%
 52.0s|117900 | 62251 |  1070k|   9.1 |    63M | 186 | 241 |1275 |1275 |   0 |  0 |   0 |1490 | 5.000000e+01 | 5.500000e+01 |  10.00%|  12.17%
 time | node  | left  |LP iter|LP it/n|mem/heur|mdpt |vars |cons |rows |cuts |sepa|confs|strbr|  dualbound   | primalbound  |  gap   | compl. 
 52.1s|118000 | 62291 |  1071k|   9.1 |    63M | 186 | 241 |1275 |1275 |   0 |  0 |   0 |1490 | 5.000000e+01 | 5.500000e+01 |  10.00%|  12.18%
 52.1s|118100 | 62327 |  1072k|   9.1 |    63M | 186 | 241 |1275 |1275 |   0 |  0 |   0 |1490 | 5.000000e+01 | 5.500000e+01 |  10.00%|  12.18%
 52.2s|118200 | 62385 |  1072k|   9.1 |    63M | 186 | 241 |1275 |1275 |   0 |  0 |   0 |1490 | 5.000000e+01 | 5.500000e+01 |  10.00%|  12.18%
 52.2s|118300 | 62429 |  1073k|   9.1 |    63M | 186 | 241 |1275 |1275 |   0 |  0 |   0 |1490 | 5.000000e+01 | 5.500000e+01 |  10.00%|  12.18%
 52.2s|118400 | 62491 |  1073k|   9.1 |    63M | 186 | 241 |1275 |1275 |   0 |  0 |   0 |1490 | 5.000000e+01 | 5.500000e+01 |  10.00%|  12.18%
 52.3s|118500 | 62537 |  1074k|   9.1 |    63M | 186 | 241 |1275 |1275 |   0 |  0 |   0 |1490 | 5.000000e+01 | 5.500000e+01 |  10.00%|  12.18%
 52.3s|118600 | 62593 |  1074k|   9.1 |    63M | 186 | 241 |1275 |1275 |   0 |  0 |   0 |1490 | 5.000000e+01 | 5.500000e+01 |  10.00%|  12.18%
 52.3s|118700 | 62657 |  1075k|   9.1 |    63M | 186 | 241 |1275 |1275 |   0 |  0 |   0 |1490 | 5.000000e+01 | 5.500000e+01 |  10.00%|  12.18%
 52.4s|118800 | 62709 |  1076k|   9.1 |    63M | 186 | 241 |1275 |1275 |   0 |  0 |   0 |1490 | 5.000000e+01 | 5.500000e+01 |  10.00%|  12.18%
 52.4s|118900 | 62753 |  1077k|   9.1 |    63M | 186 | 241 |1275 |1275 |   0 |  0 |   0 |1493 | 5.000000e+01 | 5.500000e+01 |  10.00%|  12.18%
 52.5s|119000 | 62799 |  1078k|   9.1 |    63M | 186 | 241 |1275 |1275 |   0 |  0 |   0 |1493 | 5.000000e+01 | 5.500000e+01 |  10.00%|  12.19%
 52.5s|119100 | 62847 |  1078k|   9.1 |    63M | 186 | 241 |1275 |1275 |   0 |  0 |   0 |1493 | 5.000000e+01 | 5.500000e+01 |  10.00%|  12.19%
 52.5s|119200 | 62889 |  1079k|   9.1 |    63M | 186 | 241 |1275 |1275 |   0 |  0 |   0 |1493 | 5.000000e+01 | 5.500000e+01 |  10.00%|  12.19%
 52.6s|119300 | 62941 |  1079k|   9.0 |    63M | 186 | 241 |1275 |1275 |   0 |  0 |   0 |1493 | 5.000000e+01 | 5.500000e+01 |  10.00%|  12.19%
 52.6s|119400 | 62997 |  1080k|   9.0 |    63M | 186 | 241 |1275 |1275 |   0 |  0 |   0 |1493 | 5.000000e+01 | 5.500000e+01 |  10.00%|  12.19%
 time | node  | left  |LP iter|LP it/n|mem/heur|mdpt |vars |cons |rows |cuts |sepa|confs|strbr|  dualbound   | primalbound  |  gap   | compl. 
 52.7s|119500 | 63049 |  1081k|   9.0 |    64M | 186 | 241 |1275 |1275 |   0 |  0 |   0 |1493 | 5.000000e+01 | 5.500000e+01 |  10.00%|  12.19%
 52.7s|119600 | 63109 |  1082k|   9.0 |    64M | 186 | 241 |1275 |1275 |   0 |  0 |   0 |1493 | 5.000000e+01 | 5.500000e+01 |  10.00%|  12.19%
 52.7s|119700 | 63161 |  1083k|   9.1 |    64M | 186 | 241 |1275 |1275 |   0 |  0 |   0 |1493 | 5.000000e+01 | 5.500000e+01 |  10.00%|  12.19%
 52.8s|119800 | 63241 |  1084k|   9.1 |    64M | 186 | 241 |1275 |1275 |   0 |  0 |   0 |1493 | 5.000000e+01 | 5.500000e+01 |  10.00%|  12.19%
 52.8s|119900 | 63301 |  1085k|   9.1 |    64M | 186 | 241 |1275 |1275 |   0 |  0 |   0 |1493 | 5.000000e+01 | 5.500000e+01 |  10.00%|  12.19%
 52.9s|120000 | 63363 |  1087k|   9.1 |    64M | 186 | 241 |1275 |1275 |   0 |  0 |   0 |1493 | 5.000000e+01 | 5.500000e+01 |  10.00%|  12.19%
 52.9s|120100 | 63425 |  1088k|   9.1 |    64M | 186 | 241 |1275 |1275 |   0 |  0 |   0 |1493 | 5.000000e+01 | 5.500000e+01 |  10.00%|  12.20%
 53.0s|120200 | 63481 |  1089k|   9.1 |    64M | 186 | 241 |1275 |1275 |   0 |  0 |   0 |1507 | 5.000000e+01 | 5.500000e+01 |  10.00%|  12.20%
 53.0s|120300 | 63513 |  1090k|   9.1 |    64M | 186 | 241 |1275 |1275 |   0 |  0 |   0 |1509 | 5.000000e+01 | 5.500000e+01 |  10.00%|  12.22%
 53.1s|120400 | 63553 |  1091k|   9.1 |    64M | 186 | 241 |1275 |1275 |   0 |  0 |   0 |1509 | 5.000000e+01 | 5.500000e+01 |  10.00%|  12.22%
 53.1s|120500 | 63613 |  1091k|   9.1 |    64M | 186 | 241 |1275 |1275 |   0 |  0 |   0 |1509 | 5.000000e+01 | 5.500000e+01 |  10.00%|  12.22%
 53.1s|120600 | 63683 |  1092k|   9.1 |    64M | 186 | 241 |1275 |1275 |   0 |  0 |   0 |1513 | 5.000000e+01 | 5.500000e+01 |  10.00%|  12.22%
 53.2s|120700 | 63715 |  1093k|   9.1 |    64M | 186 | 241 |1275 |1275 |   0 |  0 |   0 |1513 | 5.000000e+01 | 5.500000e+01 |  10.00%|  12.22%
 53.2s|120800 | 63755 |  1093k|   9.1 |    64M | 186 | 241 |1275 |1275 |   0 |  0 |   0 |1513 | 5.000000e+01 | 5.500000e+01 |  10.00%|  12.22%
 53.3s|120900 | 63829 |  1094k|   9.1 |    64M | 186 | 241 |1275 |1275 |   0 |  0 |   0 |1513 | 5.000000e+01 | 5.500000e+01 |  10.00%|  12.22%
 time | node  | left  |LP iter|LP it/n|mem/heur|mdpt |vars |cons |rows |cuts |sepa|confs|strbr|  dualbound   | primalbound  |  gap   | compl. 
 53.3s|121000 | 63867 |  1094k|   9.0 |    64M | 186 | 241 |1275 |1275 |   0 |  0 |   0 |1513 | 5.000000e+01 | 5.500000e+01 |  10.00%|  12.22%
 53.3s|121100 | 63929 |  1095k|   9.0 |    64M | 186 | 241 |1275 |1275 |   0 |  0 |   0 |1513 | 5.000000e+01 | 5.500000e+01 |  10.00%|  12.22%
 53.4s|121200 | 63959 |  1096k|   9.0 |    64M | 186 | 241 |1275 |1275 |   0 |  0 |   0 |1517 | 5.000000e+01 | 5.500000e+01 |  10.00%|  12.22%
 53.4s|121300 | 64029 |  1098k|   9.1 |    64M | 186 | 241 |1275 |1275 |   0 |  0 |   0 |1517 | 5.000000e+01 | 5.500000e+01 |  10.00%|  12.22%
 53.5s|121400 | 64085 |  1098k|   9.0 |    64M | 186 | 241 |1275 |1275 |   0 |  0 |   0 |1517 | 5.000000e+01 | 5.500000e+01 |  10.00%|  12.23%
 53.5s|121500 | 64121 |  1098k|   9.0 |    64M | 186 | 241 |1275 |1275 |   0 |  0 |   0 |1517 | 5.000000e+01 | 5.500000e+01 |  10.00%|  12.23%
 53.5s|121600 | 64171 |  1099k|   9.0 |    64M | 186 | 241 |1275 |1275 |   0 |  0 |   0 |1517 | 5.000000e+01 | 5.500000e+01 |  10.00%|  12.23%
 53.6s|121700 | 64217 |  1099k|   9.0 |    64M | 186 | 241 |1275 |1275 |   0 |  0 |   0 |1517 | 5.000000e+01 | 5.500000e+01 |  10.00%|  12.23%
 53.6s|121800 | 64259 |  1100k|   9.0 |    64M | 186 | 241 |1275 |1275 |   0 |  0 |   0 |1517 | 5.000000e+01 | 5.500000e+01 |  10.00%|  12.23%
 53.6s|121900 | 64315 |  1100k|   9.0 |    64M | 186 | 241 |1275 |1275 |   0 |  0 |   0 |1517 | 5.000000e+01 | 5.500000e+01 |  10.00%|  12.23%
 53.7s|122000 | 64361 |  1100k|   9.0 |    64M | 186 | 241 |1275 |1275 |   0 |  0 |   0 |1517 | 5.000000e+01 | 5.500000e+01 |  10.00%|  12.23%
 53.7s|122100 | 64407 |  1101k|   9.0 |    64M | 186 | 241 |1275 |1275 |   0 |  0 |   0 |1517 | 5.000000e+01 | 5.500000e+01 |  10.00%|  12.23%
 53.7s|122200 | 64455 |  1101k|   9.0 |    64M | 186 | 241 |1275 |1275 |   0 |  0 |   0 |1517 | 5.000000e+01 | 5.500000e+01 |  10.00%|  12.23%
 53.8s|122300 | 64499 |  1101k|   9.0 |    64M | 186 | 241 |1275 |1275 |   0 |  0 |   0 |1517 | 5.000000e+01 | 5.500000e+01 |  10.00%|  12.23%
 53.8s|122400 | 64535 |  1102k|   9.0 |    64M | 186 | 241 |1275 |1275 |   0 |  0 |   0 |1517 | 5.000000e+01 | 5.500000e+01 |  10.00%|  12.23%
 time | node  | left  |LP iter|LP it/n|mem/heur|mdpt |vars |cons |rows |cuts |sepa|confs|strbr|  dualbound   | primalbound  |  gap   | compl. 
 53.8s|122500 | 64581 |  1102k|   9.0 |    64M | 186 | 241 |1275 |1275 |   0 |  0 |   0 |1517 | 5.000000e+01 | 5.500000e+01 |  10.00%|  12.23%
 53.9s|122600 | 64625 |  1102k|   9.0 |    64M | 186 | 241 |1275 |1275 |   0 |  0 |   0 |1517 | 5.000000e+01 | 5.500000e+01 |  10.00%|  12.23%
 53.9s|122700 | 64671 |  1103k|   9.0 |    64M | 186 | 241 |1275 |1275 |   0 |  0 |   0 |1521 | 5.000000e+01 | 5.500000e+01 |  10.00%|  12.23%
 53.9s|122800 | 64681 |  1103k|   9.0 |    64M | 186 | 241 |1275 |1275 |   0 |  0 |   0 |1523 | 5.000000e+01 | 5.500000e+01 |  10.00%|  12.23%
 54.0s|122900 | 64713 |  1103k|   9.0 |    66M | 186 | 241 |1275 |1275 |   0 |  0 |   0 |1523 | 5.000000e+01 | 5.500000e+01 |  10.00%|  12.23%
 54.0s|123000 | 64759 |  1104k|   9.0 |    66M | 186 | 241 |1275 |1275 |   0 |  0 |   0 |1523 | 5.000000e+01 | 5.500000e+01 |  10.00%|  12.23%
 54.1s|123100 | 64815 |  1106k|   9.0 |    66M | 186 | 241 |1275 |1275 |   0 |  0 |   0 |1523 | 5.000000e+01 | 5.500000e+01 |  10.00%|  12.23%
 54.1s|123200 | 64907 |  1108k|   9.0 |    66M | 186 | 241 |1275 |1275 |   0 |  0 |   0 |1523 | 5.000000e+01 | 5.500000e+01 |  10.00%|  12.23%
 54.2s|123300 | 64979 |  1111k|   9.0 |    66M | 186 | 241 |1275 |1275 |   0 |  0 |   0 |1523 | 5.000000e+01 | 5.500000e+01 |  10.00%|  12.23%
 54.2s|123400 | 65069 |  1112k|   9.0 |    66M | 186 | 241 |1275 |1275 |   0 |  0 |   0 |1523 | 5.000000e+01 | 5.500000e+01 |  10.00%|  12.23%
 54.3s|123500 | 65141 |  1113k|   9.0 |    66M | 186 | 241 |1275 |1275 |   0 |  0 |   0 |1523 | 5.000000e+01 | 5.500000e+01 |  10.00%|  12.23%
 54.3s|123600 | 65207 |  1114k|   9.0 |    66M | 186 | 241 |1275 |1275 |   0 |  0 |   0 |1523 | 5.000000e+01 | 5.500000e+01 |  10.00%|  12.23%
 54.4s|123700 | 65269 |  1116k|   9.0 |    66M | 186 | 241 |1275 |1275 |   0 |  0 |   0 |1523 | 5.000000e+01 | 5.500000e+01 |  10.00%|  12.23%
 54.4s|123800 | 65353 |  1118k|   9.0 |    66M | 186 | 241 |1275 |1275 |   0 |  0 |   0 |1523 | 5.000000e+01 | 5.500000e+01 |  10.00%|  12.23%
 54.5s|123900 | 65411 |  1118k|   9.0 |    66M | 186 | 241 |1275 |1275 |   0 |  0 |   0 |1523 | 5.000000e+01 | 5.500000e+01 |  10.00%|  12.23%
 time | node  | left  |LP iter|LP it/n|mem/heur|mdpt |vars |cons |rows |cuts |sepa|confs|strbr|  dualbound   | primalbound  |  gap   | compl. 
 54.5s|124000 | 65469 |  1119k|   9.0 |    66M | 186 | 241 |1275 |1275 |   0 |  0 |   0 |1523 | 5.000000e+01 | 5.500000e+01 |  10.00%|  12.23%
 54.6s|124100 | 65521 |  1119k|   9.0 |    66M | 186 | 241 |1275 |1275 |   0 |  0 |   0 |1523 | 5.000000e+01 | 5.500000e+01 |  10.00%|  12.24%
 54.6s|124200 | 65591 |  1120k|   9.0 |    66M | 186 | 241 |1275 |1275 |   0 |  0 |   0 |1523 | 5.000000e+01 | 5.500000e+01 |  10.00%|  12.24%
 54.6s|124300 | 65661 |  1121k|   9.0 |    66M | 186 | 241 |1275 |1275 |   0 |  0 |   0 |1523 | 5.000000e+01 | 5.500000e+01 |  10.00%|  12.24%
 54.7s|124400 | 65735 |  1121k|   9.0 |    66M | 186 | 241 |1275 |1275 |   0 |  0 |   0 |1523 | 5.000000e+01 | 5.500000e+01 |  10.00%|  12.24%
 54.7s|124500 | 65805 |  1122k|   9.0 |    66M | 186 | 241 |1275 |1275 |   0 |  0 |   0 |1523 | 5.000000e+01 | 5.500000e+01 |  10.00%|  12.24%
 54.7s|124600 | 65855 |  1123k|   9.0 |    66M | 186 | 241 |1275 |1275 |   0 |  0 |   0 |1523 | 5.000000e+01 | 5.500000e+01 |  10.00%|  12.24%
 54.8s|124700 | 65885 |  1123k|   9.0 |    66M | 186 | 241 |1275 |1275 |   0 |  0 |   0 |1523 | 5.000000e+01 | 5.500000e+01 |  10.00%|  12.25%
 54.8s|124800 | 65933 |  1123k|   9.0 |    66M | 186 | 241 |1275 |1275 |   0 |  0 |   0 |1523 | 5.000000e+01 | 5.500000e+01 |  10.00%|  12.25%
 54.8s|124900 | 65989 |  1124k|   9.0 |    66M | 186 | 241 |1275 |1275 |   0 |  0 |   0 |1523 | 5.000000e+01 | 5.500000e+01 |  10.00%|  12.25%
 54.9s|125000 | 66031 |  1124k|   9.0 |    66M | 186 | 241 |1275 |1275 |   0 |  0 |   0 |1523 | 5.000000e+01 | 5.500000e+01 |  10.00%|  12.26%
 54.9s|125100 | 66103 |  1125k|   9.0 |    66M | 186 | 241 |1275 |1275 |   0 |  0 |   0 |1523 | 5.000000e+01 | 5.500000e+01 |  10.00%|  12.26%
 54.9s|125200 | 66175 |  1125k|   9.0 |    66M | 186 | 241 |1275 |1275 |   0 |  0 |   0 |1523 | 5.000000e+01 | 5.500000e+01 |  10.00%|  12.26%
 55.0s|125300 | 66247 |  1126k|   9.0 |    66M | 186 | 241 |1275 |1275 |   0 |  0 |   0 |1523 | 5.000000e+01 | 5.500000e+01 |  10.00%|  12.26%
 55.0s|125400 | 66311 |  1126k|   9.0 |    66M | 186 | 241 |1275 |1275 |   0 |  0 |   0 |1523 | 5.000000e+01 | 5.500000e+01 |  10.00%|  12.26%
 time | node  | left  |LP iter|LP it/n|mem/heur|mdpt |vars |cons |rows |cuts |sepa|confs|strbr|  dualbound   | primalbound  |  gap   | compl. 
 55.1s|125500 | 66363 |  1127k|   9.0 |    66M | 186 | 241 |1275 |1275 |   0 |  0 |   0 |1550 | 5.000000e+01 | 5.500000e+01 |  10.00%|  12.26%
 55.1s|125600 | 66441 |  1129k|   9.0 |    66M | 186 | 241 |1275 |1275 |   0 |  0 |   0 |1550 | 5.000000e+01 | 5.500000e+01 |  10.00%|  12.26%
 55.2s|125700 | 66515 |  1130k|   9.0 |    66M | 186 | 241 |1275 |1275 |   0 |  0 |   0 |1550 | 5.000000e+01 | 5.500000e+01 |  10.00%|  12.26%
 55.2s|125800 | 66571 |  1131k|   9.0 |    66M | 186 | 241 |1275 |1275 |   0 |  0 |   0 |1550 | 5.000000e+01 | 5.500000e+01 |  10.00%|  12.26%
 55.2s|125900 | 66607 |  1131k|   9.0 |    66M | 186 | 241 |1275 |1275 |   0 |  0 |   0 |1550 | 5.000000e+01 | 5.500000e+01 |  10.00%|  12.26%
 55.3s|126000 | 66627 |  1131k|   9.0 |    66M | 186 | 241 |1275 |1275 |   0 |  0 |   0 |1550 | 5.000000e+01 | 5.500000e+01 |  10.00%|  12.26%
 55.3s|126100 | 66677 |  1131k|   9.0 |    67M | 186 | 241 |1275 |1275 |   0 |  0 |   0 |1550 | 5.000000e+01 | 5.500000e+01 |  10.00%|  12.26%
 55.3s|126200 | 66717 |  1132k|   9.0 |    67M | 186 | 241 |1275 |1275 |   0 |  0 |   0 |1550 | 5.000000e+01 | 5.500000e+01 |  10.00%|  12.26%
 55.4s|126300 | 66783 |  1132k|   9.0 |    67M | 186 | 241 |1275 |1275 |   0 |  0 |   0 |1550 | 5.000000e+01 | 5.500000e+01 |  10.00%|  12.26%
 55.4s|126400 | 66841 |  1134k|   9.0 |    67M | 186 | 241 |1275 |1275 |   0 |  0 |   0 |1550 | 5.000000e+01 | 5.500000e+01 |  10.00%|  12.26%
 55.5s|126500 | 66877 |  1134k|   9.0 |    67M | 186 | 241 |1275 |1275 |   0 |  0 |   0 |1550 | 5.000000e+01 | 5.500000e+01 |  10.00%|  12.26%
 55.5s|126600 | 66935 |  1135k|   9.0 |    67M | 186 | 241 |1275 |1275 |   0 |  0 |   0 |1550 | 5.000000e+01 | 5.500000e+01 |  10.00%|  12.26%
 55.6s|126700 | 67011 |  1137k|   9.0 |    67M | 186 | 241 |1275 |1275 |   0 |  0 |   0 |1552 | 5.000000e+01 | 5.500000e+01 |  10.00%|  12.26%
 55.6s|126800 | 67077 |  1137k|   9.0 |    67M | 186 | 241 |1275 |1275 |   0 |  0 |   0 |1552 | 5.000000e+01 | 5.500000e+01 |  10.00%|  12.26%
 55.6s|126900 | 67103 |  1138k|   9.0 |    67M | 186 | 241 |1275 |1275 |   0 |  0 |   0 |1552 | 5.000000e+01 | 5.500000e+01 |  10.00%|  12.27%
 time | node  | left  |LP iter|LP it/n|mem/heur|mdpt |vars |cons |rows |cuts |sepa|confs|strbr|  dualbound   | primalbound  |  gap   | compl. 
 55.7s|127000 | 67173 |  1139k|   9.0 |    67M | 186 | 241 |1275 |1275 |   0 |  0 |   0 |1552 | 5.000000e+01 | 5.500000e+01 |  10.00%|  12.27%
 55.7s|127100 | 67215 |  1140k|   9.0 |    67M | 186 | 241 |1275 |1275 |   0 |  0 |   0 |1552 | 5.000000e+01 | 5.500000e+01 |  10.00%|  12.27%
 55.8s|127200 | 67267 |  1142k|   9.0 |    67M | 186 | 241 |1275 |1275 |   0 |  0 |   0 |1552 | 5.000000e+01 | 5.500000e+01 |  10.00%|  12.27%
 55.8s|127300 | 67321 |  1142k|   9.0 |    67M | 186 | 241 |1275 |1275 |   0 |  0 |   0 |1552 | 5.000000e+01 | 5.500000e+01 |  10.00%|  12.27%
 55.9s|127400 | 67375 |  1144k|   9.0 |    67M | 186 | 241 |1275 |1275 |   0 |  0 |   0 |1552 | 5.000000e+01 | 5.500000e+01 |  10.00%|  12.27%
 55.9s|127500 | 67431 |  1144k|   9.0 |    67M | 186 | 241 |1275 |1275 |   0 |  0 |   0 |1552 | 5.000000e+01 | 5.500000e+01 |  10.00%|  12.27%
 55.9s|127600 | 67479 |  1146k|   9.0 |    67M | 186 | 241 |1275 |1275 |   0 |  0 |   0 |1552 | 5.000000e+01 | 5.500000e+01 |  10.00%|  12.27%
 56.0s|127700 | 67527 |  1146k|   9.0 |    67M | 186 | 241 |1275 |1275 |   0 |  0 |   0 |1552 | 5.000000e+01 | 5.500000e+01 |  10.00%|  12.27%
 56.0s|127800 | 67571 |  1147k|   9.0 |    67M | 186 | 241 |1275 |1275 |   0 |  0 |   0 |1552 | 5.000000e+01 | 5.500000e+01 |  10.00%|  12.27%
 56.1s|127900 | 67621 |  1148k|   9.0 |    67M | 186 | 241 |1275 |1275 |   0 |  0 |   0 |1552 | 5.000000e+01 | 5.500000e+01 |  10.00%|  12.28%
 56.1s|128000 | 67665 |  1148k|   9.0 |    67M | 186 | 241 |1275 |1275 |   0 |  0 |   0 |1552 | 5.000000e+01 | 5.500000e+01 |  10.00%|  12.28%
 56.1s|128100 | 67723 |  1150k|   9.0 |    67M | 186 | 241 |1275 |1275 |   0 |  0 |   0 |1552 | 5.000000e+01 | 5.500000e+01 |  10.00%|  12.28%
 56.2s|128200 | 67763 |  1150k|   9.0 |    67M | 186 | 241 |1275 |1275 |   0 |  0 |   0 |1552 | 5.000000e+01 | 5.500000e+01 |  10.00%|  12.28%
 56.2s|128300 | 67817 |  1151k|   9.0 |    67M | 186 | 241 |1275 |1275 |   0 |  0 |   0 |1552 | 5.000000e+01 | 5.500000e+01 |  10.00%|  12.28%
 56.3s|128400 | 67855 |  1152k|   9.0 |    67M | 186 | 241 |1275 |1275 |   0 |  0 |   0 |1552 | 5.000000e+01 | 5.500000e+01 |  10.00%|  12.28%
 time | node  | left  |LP iter|LP it/n|mem/heur|mdpt |vars |cons |rows |cuts |sepa|confs|strbr|  dualbound   | primalbound  |  gap   | compl. 
 56.3s|128500 | 67905 |  1152k|   9.0 |    67M | 186 | 241 |1275 |1275 |   0 |  0 |   0 |1552 | 5.000000e+01 | 5.500000e+01 |  10.00%|  12.29%
 56.3s|128600 | 67987 |  1153k|   9.0 |    67M | 186 | 241 |1275 |1275 |   0 |  0 |   0 |1552 | 5.000000e+01 | 5.500000e+01 |  10.00%|  12.29%
 56.4s|128700 | 68051 |  1154k|   9.0 |    69M | 186 | 241 |1275 |1275 |   0 |  0 |   0 |1552 | 5.000000e+01 | 5.500000e+01 |  10.00%|  12.29%
 56.4s|128800 | 68107 |  1155k|   9.0 |    69M | 186 | 241 |1275 |1275 |   0 |  0 |   0 |1552 | 5.000000e+01 | 5.500000e+01 |  10.00%|  12.29%
 56.5s|128900 | 68151 |  1155k|   9.0 |    69M | 186 | 241 |1275 |1275 |   0 |  0 |   0 |1552 | 5.000000e+01 | 5.500000e+01 |  10.00%|  12.29%
 56.5s|129000 | 68185 |  1156k|   9.0 |    69M | 186 | 241 |1275 |1275 |   0 |  0 |   0 |1552 | 5.000000e+01 | 5.500000e+01 |  10.00%|  12.29%
 56.5s|129100 | 68241 |  1156k|   9.0 |    69M | 186 | 241 |1275 |1275 |   0 |  0 |   0 |1552 | 5.000000e+01 | 5.500000e+01 |  10.00%|  12.29%
 56.6s|129200 | 68285 |  1157k|   9.0 |    69M | 186 | 241 |1275 |1275 |   0 |  0 |   0 |1552 | 5.000000e+01 | 5.500000e+01 |  10.00%|  12.29%
 56.6s|129300 | 68321 |  1157k|   9.0 |    69M | 186 | 241 |1275 |1275 |   0 |  0 |   0 |1552 | 5.000000e+01 | 5.500000e+01 |  10.00%|  12.29%
 56.6s|129400 | 68367 |  1157k|   8.9 |    69M | 186 | 241 |1275 |1275 |   0 |  0 |   0 |1552 | 5.000000e+01 | 5.500000e+01 |  10.00%|  12.29%
 56.7s|129500 | 68413 |  1158k|   8.9 |    69M | 186 | 241 |1275 |1275 |   0 |  0 |   0 |1552 | 5.000000e+01 | 5.500000e+01 |  10.00%|  12.29%
 56.7s|129600 | 68451 |  1158k|   8.9 |    69M | 186 | 241 |1275 |1275 |   0 |  0 |   0 |1555 | 5.000000e+01 | 5.500000e+01 |  10.00%|  12.29%
 56.7s|129700 | 68467 |  1159k|   8.9 |    69M | 186 | 241 |1275 |1275 |   0 |  0 |   0 |1557 | 5.000000e+01 | 5.500000e+01 |  10.00%|  12.30%
 56.8s|129800 | 68507 |  1159k|   8.9 |    69M | 186 | 241 |1275 |1275 |   0 |  0 |   0 |1557 | 5.000000e+01 | 5.500000e+01 |  10.00%|  12.30%
 56.8s|129900 | 68565 |  1161k|   8.9 |    69M | 186 | 241 |1275 |1275 |   0 |  0 |   0 |1557 | 5.000000e+01 | 5.500000e+01 |  10.00%|  12.31%
 time | node  | left  |LP iter|LP it/n|mem/heur|mdpt |vars |cons |rows |cuts |sepa|confs|strbr|  dualbound   | primalbound  |  gap   | compl. 
 56.9s|130000 | 68659 |  1163k|   9.0 |    69M | 186 | 241 |1275 |1275 |   0 |  0 |   0 |1557 | 5.000000e+01 | 5.500000e+01 |  10.00%|  12.31%
 56.9s|130100 | 68725 |  1164k|   9.0 |    69M | 186 | 241 |1275 |1275 |   0 |  0 |   0 |1557 | 5.000000e+01 | 5.500000e+01 |  10.00%|  12.31%
 57.0s|130200 | 68783 |  1166k|   9.0 |    69M | 186 | 241 |1275 |1275 |   0 |  0 |   0 |1557 | 5.000000e+01 | 5.500000e+01 |  10.00%|  12.31%
 57.0s|130300 | 68829 |  1167k|   9.0 |    69M | 186 | 241 |1275 |1275 |   0 |  0 |   0 |1563 | 5.000000e+01 | 5.500000e+01 |  10.00%|  12.31%
 57.1s|130400 | 68897 |  1168k|   9.0 |    69M | 186 | 241 |1275 |1275 |   0 |  0 |   0 |1563 | 5.000000e+01 | 5.500000e+01 |  10.00%|  12.32%
 57.1s|130500 | 68961 |  1169k|   9.0 |    69M | 186 | 241 |1275 |1275 |   0 |  0 |   0 |1563 | 5.000000e+01 | 5.500000e+01 |  10.00%|  12.32%
 57.2s|130600 | 69033 |  1170k|   9.0 |    69M | 186 | 241 |1275 |1275 |   0 |  0 |   0 |1563 | 5.000000e+01 | 5.500000e+01 |  10.00%|  12.32%
 57.2s|130700 | 69083 |  1170k|   9.0 |    69M | 186 | 241 |1275 |1275 |   0 |  0 |   0 |1563 | 5.000000e+01 | 5.500000e+01 |  10.00%|  12.33%
 57.2s|130800 | 69125 |  1171k|   9.0 |    69M | 186 | 241 |1275 |1275 |   0 |  0 |   0 |1563 | 5.000000e+01 | 5.500000e+01 |  10.00%|  12.33%
 57.3s|130900 | 69173 |  1171k|   9.0 |    69M | 186 | 241 |1275 |1275 |   0 |  0 |   0 |1563 | 5.000000e+01 | 5.500000e+01 |  10.00%|  12.33%
 57.3s|131000 | 69223 |  1172k|   8.9 |    69M | 186 | 241 |1275 |1275 |   0 |  0 |   0 |1563 | 5.000000e+01 | 5.500000e+01 |  10.00%|  12.34%
 57.4s|131100 | 69287 |  1173k|   8.9 |    69M | 186 | 241 |1275 |1275 |   0 |  0 |   0 |1563 | 5.000000e+01 | 5.500000e+01 |  10.00%|  12.34%
 57.4s|131200 | 69345 |  1174k|   9.0 |    69M | 186 | 241 |1275 |1275 |   0 |  0 |   0 |1563 | 5.000000e+01 | 5.500000e+01 |  10.00%|  12.34%
 57.4s|131300 | 69391 |  1175k|   8.9 |    69M | 186 | 241 |1275 |1275 |   0 |  0 |   0 |1563 | 5.000000e+01 | 5.500000e+01 |  10.00%|  12.34%
 57.5s|131400 | 69413 |  1175k|   8.9 |    69M | 186 | 241 |1275 |1275 |   0 |  0 |   0 |1602 | 5.000000e+01 | 5.500000e+01 |  10.00%|  12.34%
 time | node  | left  |LP iter|LP it/n|mem/heur|mdpt |vars |cons |rows |cuts |sepa|confs|strbr|  dualbound   | primalbound  |  gap   | compl. 
 57.6s|131500 | 69453 |  1177k|   8.9 |    69M | 186 | 241 |1275 |1275 |   0 |  0 |   0 |1614 | 5.000000e+01 | 5.500000e+01 |  10.00%|  12.34%
 57.6s|131600 | 69481 |  1177k|   8.9 |    69M | 186 | 241 |1275 |1275 |   0 |  0 |   0 |1631 | 5.000000e+01 | 5.500000e+01 |  10.00%|  12.34%
 57.6s|131700 | 69523 |  1178k|   8.9 |    69M | 186 | 241 |1275 |1275 |   0 |  0 |   0 |1631 | 5.000000e+01 | 5.500000e+01 |  10.00%|  12.34%
 57.7s|131800 | 69563 |  1178k|   8.9 |    69M | 186 | 241 |1275 |1275 |   0 |  0 |   0 |1633 | 5.000000e+01 | 5.500000e+01 |  10.00%|  12.34%
 57.7s|131900 | 69585 |  1178k|   8.9 |    69M | 186 | 241 |1275 |1275 |   0 |  0 |   0 |1636 | 5.000000e+01 | 5.500000e+01 |  10.00%|  12.34%
 57.7s|132000 | 69609 |  1179k|   8.9 |    69M | 186 | 241 |1275 |1275 |   0 |  0 |   0 |1636 | 5.000000e+01 | 5.500000e+01 |  10.00%|  12.34%
 57.8s|132100 | 69655 |  1179k|   8.9 |    69M | 186 | 241 |1275 |1275 |   0 |  0 |   0 |1636 | 5.000000e+01 | 5.500000e+01 |  10.00%|  12.34%
 57.8s|132200 | 69717 |  1180k|   8.9 |    69M | 186 | 241 |1275 |1275 |   0 |  0 |   0 |1644 | 5.000000e+01 | 5.500000e+01 |  10.00%|  12.34%
 57.9s|132300 | 69785 |  1181k|   8.9 |    69M | 186 | 241 |1275 |1275 |   0 |  0 |   0 |1644 | 5.000000e+01 | 5.500000e+01 |  10.00%|  12.34%
 57.9s|132400 | 69863 |  1182k|   8.9 |    69M | 186 | 241 |1275 |1275 |   0 |  0 |   0 |1644 | 5.000000e+01 | 5.500000e+01 |  10.00%|  12.34%
 57.9s|132500 | 69925 |  1183k|   8.9 |    69M | 186 | 241 |1275 |1275 |   0 |  0 |   0 |1644 | 5.000000e+01 | 5.500000e+01 |  10.00%|  12.34%
 58.0s|132600 | 69987 |  1183k|   8.9 |    69M | 186 | 241 |1275 |1275 |   0 |  0 |   0 |1644 | 5.000000e+01 | 5.500000e+01 |  10.00%|  12.34%
 58.0s|132700 | 70051 |  1184k|   8.9 |    69M | 186 | 241 |1275 |1275 |   0 |  0 |   0 |1644 | 5.000000e+01 | 5.500000e+01 |  10.00%|  12.34%
 58.1s|132800 | 70093 |  1185k|   8.9 |    69M | 186 | 241 |1275 |1275 |   0 |  0 |   0 |1644 | 5.000000e+01 | 5.500000e+01 |  10.00%|  12.34%
 58.1s|132900 | 70135 |  1186k|   8.9 |    69M | 186 | 241 |1275 |1275 |   0 |  0 |   0 |1644 | 5.000000e+01 | 5.500000e+01 |  10.00%|  12.34%
 time | node  | left  |LP iter|LP it/n|mem/heur|mdpt |vars |cons |rows |cuts |sepa|confs|strbr|  dualbound   | primalbound  |  gap   | compl. 
 58.1s|133000 | 70179 |  1186k|   8.9 |    69M | 186 | 241 |1275 |1275 |   0 |  0 |   0 |1644 | 5.000000e+01 | 5.500000e+01 |  10.00%|  12.34%
 58.2s|133100 | 70235 |  1187k|   8.9 |    69M | 186 | 241 |1275 |1275 |   0 |  0 |   0 |1644 | 5.000000e+01 | 5.500000e+01 |  10.00%|  12.35%
 58.2s|133200 | 70287 |  1188k|   8.9 |    69M | 186 | 241 |1275 |1275 |   0 |  0 |   0 |1644 | 5.000000e+01 | 5.500000e+01 |  10.00%|  12.35%
 58.3s|133300 | 70355 |  1189k|   8.9 |    69M | 186 | 241 |1275 |1275 |   0 |  0 |   0 |1644 | 5.000000e+01 | 5.500000e+01 |  10.00%|  12.35%
 58.3s|133400 | 70425 |  1189k|   8.9 |    69M | 186 | 241 |1275 |1275 |   0 |  0 |   0 |1644 | 5.000000e+01 | 5.500000e+01 |  10.00%|  12.35%
 58.3s|133500 | 70479 |  1190k|   8.9 |    70M | 186 | 241 |1275 |1275 |   0 |  0 |   0 |1644 | 5.000000e+01 | 5.500000e+01 |  10.00%|  12.35%
 58.4s|133600 | 70515 |  1190k|   8.9 |    70M | 186 | 241 |1275 |1275 |   0 |  0 |   0 |1644 | 5.000000e+01 | 5.500000e+01 |  10.00%|  12.35%
 58.4s|133700 | 70541 |  1191k|   8.9 |    71M | 186 | 241 |1275 |1275 |   0 |  0 |   0 |1644 | 5.000000e+01 | 5.500000e+01 |  10.00%|  12.35%
 58.4s|133800 | 70601 |  1191k|   8.9 |    71M | 186 | 241 |1275 |1275 |   0 |  0 |   0 |1644 | 5.000000e+01 | 5.500000e+01 |  10.00%|  12.35%
 58.5s|133900 | 70643 |  1191k|   8.9 |    71M | 186 | 241 |1275 |1275 |   0 |  0 |   0 |1644 | 5.000000e+01 | 5.500000e+01 |  10.00%|  12.35%
 58.5s|134000 | 70673 |  1192k|   8.9 |    71M | 186 | 241 |1275 |1275 |   0 |  0 |   0 |1644 | 5.000000e+01 | 5.500000e+01 |  10.00%|  12.35%
 58.5s|134100 | 70699 |  1192k|   8.9 |    71M | 186 | 241 |1275 |1275 |   0 |  0 |   0 |1644 | 5.000000e+01 | 5.500000e+01 |  10.00%|  12.36%
 58.6s|134200 | 70751 |  1194k|   8.9 |    71M | 186 | 241 |1275 |1275 |   0 |  0 |   0 |1644 | 5.000000e+01 | 5.500000e+01 |  10.00%|  12.36%
 58.6s|134300 | 70793 |  1195k|   8.9 |    71M | 186 | 241 |1275 |1275 |   0 |  0 |   0 |1644 | 5.000000e+01 | 5.500000e+01 |  10.00%|  12.36%
 58.7s|134400 | 70849 |  1195k|   8.9 |    71M | 186 | 241 |1275 |1275 |   0 |  0 |   0 |1644 | 5.000000e+01 | 5.500000e+01 |  10.00%|  12.36%
 time | node  | left  |LP iter|LP it/n|mem/heur|mdpt |vars |cons |rows |cuts |sepa|confs|strbr|  dualbound   | primalbound  |  gap   | compl. 
 58.7s|134500 | 70907 |  1196k|   8.9 |    71M | 186 | 241 |1275 |1275 |   0 |  0 |   0 |1644 | 5.000000e+01 | 5.500000e+01 |  10.00%|  12.36%
 58.7s|134600 | 70951 |  1196k|   8.9 |    71M | 186 | 241 |1275 |1275 |   0 |  0 |   0 |1644 | 5.000000e+01 | 5.500000e+01 |  10.00%|  12.36%
 58.8s|134700 | 70985 |  1197k|   8.9 |    71M | 186 | 241 |1275 |1275 |   0 |  0 |   0 |1644 | 5.000000e+01 | 5.500000e+01 |  10.00%|  12.36%
 58.8s|134800 | 70999 |  1197k|   8.9 |    71M | 186 | 241 |1275 |1275 |   0 |  0 |   0 |1644 | 5.000000e+01 | 5.500000e+01 |  10.00%|  12.36%
 58.8s|134900 | 71047 |  1198k|   8.9 |    71M | 186 | 241 |1275 |1275 |   0 |  0 |   0 |1644 | 5.000000e+01 | 5.500000e+01 |  10.00%|  12.36%
 58.9s|135000 | 71083 |  1198k|   8.9 |    71M | 186 | 241 |1275 |1275 |   0 |  0 |   0 |1644 | 5.000000e+01 | 5.500000e+01 |  10.00%|  12.36%
 58.9s|135100 | 71095 |  1199k|   8.9 |    71M | 186 | 241 |1275 |1275 |   0 |  0 |   0 |1644 | 5.000000e+01 | 5.500000e+01 |  10.00%|  12.36%
 59.0s|135200 | 71131 |  1199k|   8.9 |    71M | 186 | 241 |1275 |1275 |   0 |  0 |   0 |1652 | 5.000000e+01 | 5.500000e+01 |  10.00%|  12.36%
 59.0s|135300 | 71155 |  1199k|   8.9 |    71M | 186 | 241 |1275 |1275 |   0 |  0 |   0 |1652 | 5.000000e+01 | 5.500000e+01 |  10.00%|  12.36%
 59.0s|135400 | 71203 |  1200k|   8.9 |    71M | 186 | 241 |1275 |1275 |   0 |  0 |   0 |1652 | 5.000000e+01 | 5.500000e+01 |  10.00%|  12.36%
 59.1s|135500 | 71259 |  1201k|   8.9 |    71M | 186 | 241 |1275 |1275 |   0 |  0 |   0 |1652 | 5.000000e+01 | 5.500000e+01 |  10.00%|  12.36%
 59.1s|135600 | 71307 |  1203k|   8.9 |    71M | 186 | 241 |1275 |1275 |   0 |  0 |   0 |1652 | 5.000000e+01 | 5.500000e+01 |  10.00%|  12.37%
 59.2s|135700 | 71363 |  1203k|   8.9 |    72M | 186 | 241 |1275 |1275 |   0 |  0 |   0 |1652 | 5.000000e+01 | 5.500000e+01 |  10.00%|  12.37%
 59.2s|135800 | 71409 |  1204k|   8.9 |    72M | 186 | 241 |1275 |1275 |   0 |  0 |   0 |1652 | 5.000000e+01 | 5.500000e+01 |  10.00%|  12.37%
 59.2s|135900 | 71485 |  1204k|   8.9 |    72M | 186 | 241 |1275 |1275 |   0 |  0 |   0 |1652 | 5.000000e+01 | 5.500000e+01 |  10.00%|  12.37%
 time | node  | left  |LP iter|LP it/n|mem/heur|mdpt |vars |cons |rows |cuts |sepa|confs|strbr|  dualbound   | primalbound  |  gap   | compl. 
 59.3s|136000 | 71551 |  1205k|   8.9 |    72M | 186 | 241 |1275 |1275 |   0 |  0 |   0 |1652 | 5.000000e+01 | 5.500000e+01 |  10.00%|  12.37%
 59.3s|136100 | 71631 |  1207k|   8.9 |    72M | 186 | 241 |1275 |1275 |   0 |  0 |   0 |1652 | 5.000000e+01 | 5.500000e+01 |  10.00%|  12.37%
 59.4s|136200 | 71693 |  1207k|   8.9 |    72M | 186 | 241 |1275 |1275 |   0 |  0 |   0 |1652 | 5.000000e+01 | 5.500000e+01 |  10.00%|  12.37%
 59.4s|136300 | 71779 |  1209k|   8.9 |    72M | 186 | 241 |1275 |1275 |   0 |  0 |   0 |1652 | 5.000000e+01 | 5.500000e+01 |  10.00%|  12.37%
 59.5s|136400 | 71865 |  1210k|   8.9 |    72M | 186 | 241 |1275 |1275 |   0 |  0 |   0 |1652 | 5.000000e+01 | 5.500000e+01 |  10.00%|  12.37%
 59.5s|136500 | 71927 |  1210k|   8.9 |    72M | 186 | 241 |1275 |1275 |   0 |  0 |   0 |1652 | 5.000000e+01 | 5.500000e+01 |  10.00%|  12.37%
 59.5s|136600 | 72003 |  1211k|   8.9 |    72M | 186 | 241 |1275 |1275 |   0 |  0 |   0 |1652 | 5.000000e+01 | 5.500000e+01 |  10.00%|  12.37%
 59.6s|136700 | 72075 |  1212k|   8.9 |    72M | 186 | 241 |1275 |1275 |   0 |  0 |   0 |1652 | 5.000000e+01 | 5.500000e+01 |  10.00%|  12.37%
 59.6s|136800 | 72153 |  1213k|   8.9 |    72M | 186 | 241 |1275 |1275 |   0 |  0 |   0 |1652 | 5.000000e+01 | 5.500000e+01 |  10.00%|  12.37%
 59.7s|136900 | 72239 |  1215k|   8.9 |    72M | 186 | 241 |1275 |1275 |   0 |  0 |   0 |1652 | 5.000000e+01 | 5.500000e+01 |  10.00%|  12.37%
 59.7s|137000 | 72311 |  1215k|   8.9 |    72M | 186 | 241 |1275 |1275 |   0 |  0 |   0 |1655 | 5.000000e+01 | 5.500000e+01 |  10.00%|  12.37%
 59.8s|137100 | 72365 |  1216k|   8.9 |    72M | 186 | 241 |1275 |1275 |   0 |  0 |   0 |1659 | 5.000000e+01 | 5.500000e+01 |  10.00%|  12.37%
 59.8s|137200 | 72419 |  1217k|   8.9 |    72M | 186 | 241 |1275 |1275 |   0 |  0 |   0 |1659 | 5.000000e+01 | 5.500000e+01 |  10.00%|  12.37%
 59.8s|137300 | 72491 |  1218k|   8.9 |    72M | 186 | 241 |1275 |1275 |   0 |  0 |   0 |1659 | 5.000000e+01 | 5.500000e+01 |  10.00%|  12.37%
 59.9s|137400 | 72563 |  1219k|   8.9 |    72M | 186 | 241 |1275 |1275 |   0 |  0 |   0 |1659 | 5.000000e+01 | 5.500000e+01 |  10.00%|  12.37%
 time | node  | left  |LP iter|LP it/n|mem/heur|mdpt |vars |cons |rows |cuts |sepa|confs|strbr|  dualbound   | primalbound  |  gap   | compl. 
 59.9s|137500 | 72633 |  1220k|   8.9 |    72M | 186 | 241 |1275 |1275 |   0 |  0 |   0 |1659 | 5.000000e+01 | 5.500000e+01 |  10.00%|  12.37%
 60.0s|137600 | 72705 |  1221k|   8.9 |    72M | 186 | 241 |1275 |1275 |   0 |  0 |   0 |1659 | 5.000000e+01 | 5.500000e+01 |  10.00%|  12.37%
 60.0s|137700 | 72757 |  1221k|   8.9 |    72M | 186 | 241 |1275 |1275 |   0 |  0 |   0 |1659 | 5.000000e+01 | 5.500000e+01 |  10.00%|  12.37%
 60.0s|137800 | 72817 |  1222k|   8.9 |    72M | 186 | 241 |1275 |1275 |   0 |  0 |   0 |1659 | 5.000000e+01 | 5.500000e+01 |  10.00%|  12.37%
 60.1s|137900 | 72849 |  1222k|   8.9 |    72M | 186 | 241 |1275 |1275 |   0 |  0 |   0 |1659 | 5.000000e+01 | 5.500000e+01 |  10.00%|  12.37%
 60.1s|138000 | 72891 |  1223k|   8.9 |    72M | 186 | 241 |1275 |1275 |   0 |  0 |   0 |1659 | 5.000000e+01 | 5.500000e+01 |  10.00%|  12.37%
 60.1s|138100 | 72953 |  1224k|   8.9 |    72M | 186 | 241 |1275 |1275 |   0 |  0 |   0 |1659 | 5.000000e+01 | 5.500000e+01 |  10.00%|  12.37%
 60.2s|138200 | 73015 |  1225k|   8.9 |    72M | 186 | 241 |1275 |1275 |   0 |  0 |   0 |1659 | 5.000000e+01 | 5.500000e+01 |  10.00%|  12.37%
 60.2s|138300 | 73089 |  1226k|   8.9 |    72M | 186 | 241 |1275 |1275 |   0 |  0 |   0 |1659 | 5.000000e+01 | 5.500000e+01 |  10.00%|  12.37%
 60.3s|138400 | 73159 |  1226k|   8.9 |    73M | 186 | 241 |1275 |1275 |   0 |  0 |   0 |1659 | 5.000000e+01 | 5.500000e+01 |  10.00%|  12.37%
 60.3s|138500 | 73209 |  1227k|   8.9 |    73M | 186 | 241 |1275 |1275 |   0 |  0 |   0 |1659 | 5.000000e+01 | 5.500000e+01 |  10.00%|  12.37%
 60.3s|138600 | 73271 |  1228k|   8.9 |    73M | 186 | 241 |1275 |1275 |   0 |  0 |   0 |1659 | 5.000000e+01 | 5.500000e+01 |  10.00%|  12.37%
 60.4s|138700 | 73341 |  1228k|   8.9 |    73M | 186 | 241 |1275 |1275 |   0 |  0 |   0 |1659 | 5.000000e+01 | 5.500000e+01 |  10.00%|  12.37%
 60.4s|138800 | 73391 |  1229k|   8.9 |    73M | 186 | 241 |1275 |1275 |   0 |  0 |   0 |1659 | 5.000000e+01 | 5.500000e+01 |  10.00%|  12.37%
 60.5s|138900 | 73449 |  1230k|   8.9 |    73M | 186 | 241 |1275 |1275 |   0 |  0 |   0 |1659 | 5.000000e+01 | 5.500000e+01 |  10.00%|  12.37%
 time | node  | left  |LP iter|LP it/n|mem/heur|mdpt |vars |cons |rows |cuts |sepa|confs|strbr|  dualbound   | primalbound  |  gap   | compl. 
 60.5s|139000 | 73503 |  1231k|   8.9 |    73M | 186 | 241 |1275 |1275 |   0 |  0 |   0 |1659 | 5.000000e+01 | 5.500000e+01 |  10.00%|  12.37%
 60.5s|139100 | 73553 |  1232k|   8.9 |    73M | 186 | 241 |1275 |1275 |   0 |  0 |   0 |1659 | 5.000000e+01 | 5.500000e+01 |  10.00%|  12.37%
 60.6s|139200 | 73611 |  1233k|   8.9 |    73M | 186 | 241 |1275 |1275 |   0 |  0 |   0 |1659 | 5.000000e+01 | 5.500000e+01 |  10.00%|  12.37%
 60.6s|139300 | 73683 |  1234k|   8.9 |    73M | 186 | 241 |1275 |1275 |   0 |  0 |   0 |1659 | 5.000000e+01 | 5.500000e+01 |  10.00%|  12.37%
 60.7s|139400 | 73719 |  1235k|   8.9 |    73M | 186 | 241 |1275 |1275 |   0 |  0 |   0 |1659 | 5.000000e+01 | 5.500000e+01 |  10.00%|  12.37%
 60.7s|139500 | 73749 |  1235k|   8.9 |    73M | 186 | 241 |1275 |1275 |   0 |  0 |   0 |1659 | 5.000000e+01 | 5.500000e+01 |  10.00%|  12.37%
 60.7s|139600 | 73771 |  1236k|   8.9 |    73M | 186 | 241 |1275 |1275 |   0 |  0 |   0 |1659 | 5.000000e+01 | 5.500000e+01 |  10.00%|  12.37%
 60.8s|139700 | 73841 |  1237k|   8.9 |    73M | 186 | 241 |1275 |1275 |   0 |  0 |   0 |1659 | 5.000000e+01 | 5.500000e+01 |  10.00%|  12.37%
 60.8s|139800 | 73889 |  1238k|   8.9 |    73M | 186 | 241 |1275 |1275 |   0 |  0 |   0 |1659 | 5.000000e+01 | 5.500000e+01 |  10.00%|  12.37%
 60.9s|139900 | 73925 |  1238k|   8.9 |    73M | 186 | 241 |1275 |1275 |   0 |  0 |   0 |1659 | 5.000000e+01 | 5.500000e+01 |  10.00%|  12.37%
 60.9s|140000 | 73929 |  1239k|   8.9 |    73M | 186 | 241 |1275 |1275 |   0 |  0 |   0 |1659 | 5.000000e+01 | 5.500000e+01 |  10.00%|  12.37%
 60.9s|140100 | 73985 |  1240k|   8.9 |    73M | 186 | 241 |1275 |1275 |   0 |  0 |   0 |1659 | 5.000000e+01 | 5.500000e+01 |  10.00%|  12.37%
 61.0s|140200 | 74065 |  1241k|   8.9 |    73M | 186 | 241 |1275 |1275 |   0 |  0 |   0 |1659 | 5.000000e+01 | 5.500000e+01 |  10.00%|  12.37%
 61.0s|140300 | 74129 |  1242k|   8.9 |    73M | 186 | 241 |1275 |1275 |   0 |  0 |   0 |1659 | 5.000000e+01 | 5.500000e+01 |  10.00%|  12.37%
 61.1s|140400 | 74187 |  1243k|   8.9 |    73M | 186 | 241 |1275 |1275 |   0 |  0 |   0 |1669 | 5.000000e+01 | 5.500000e+01 |  10.00%|  12.37%
 time | node  | left  |LP iter|LP it/n|mem/heur|mdpt |vars |cons |rows |cuts |sepa|confs|strbr|  dualbound   | primalbound  |  gap   | compl. 
 61.1s|140500 | 74253 |  1243k|   8.9 |    73M | 186 | 241 |1275 |1275 |   0 |  0 |   0 |1669 | 5.000000e+01 | 5.500000e+01 |  10.00%|  12.37%
 61.1s|140600 | 74311 |  1244k|   8.9 |    73M | 186 | 241 |1275 |1275 |   0 |  0 |   0 |1669 | 5.000000e+01 | 5.500000e+01 |  10.00%|  12.37%
 61.2s|140700 | 74373 |  1245k|   8.8 |    73M | 186 | 241 |1275 |1275 |   0 |  0 |   0 |1669 | 5.000000e+01 | 5.500000e+01 |  10.00%|  12.37%
 61.2s|140800 | 74405 |  1245k|   8.8 |    73M | 186 | 241 |1275 |1275 |   0 |  0 |   0 |1669 | 5.000000e+01 | 5.500000e+01 |  10.00%|  12.37%
 61.3s|140900 | 74459 |  1246k|   8.8 |    73M | 186 | 241 |1275 |1275 |   0 |  0 |   0 |1669 | 5.000000e+01 | 5.500000e+01 |  10.00%|  12.37%
 61.3s|141000 | 74495 |  1246k|   8.8 |    73M | 186 | 241 |1275 |1275 |   0 |  0 |   0 |1669 | 5.000000e+01 | 5.500000e+01 |  10.00%|  12.37%
 61.3s|141100 | 74533 |  1246k|   8.8 |    73M | 186 | 241 |1275 |1275 |   0 |  0 |   0 |1669 | 5.000000e+01 | 5.500000e+01 |  10.00%|  12.37%
 61.4s|141200 | 74569 |  1247k|   8.8 |    73M | 186 | 241 |1275 |1275 |   0 |  0 |   0 |1669 | 5.000000e+01 | 5.500000e+01 |  10.00%|  12.37%
 61.4s|141300 | 74601 |  1247k|   8.8 |    73M | 186 | 241 |1275 |1275 |   0 |  0 |   0 |1669 | 5.000000e+01 | 5.500000e+01 |  10.00%|  12.37%
 61.4s|141400 | 74675 |  1248k|   8.8 |    73M | 186 | 241 |1275 |1275 |   0 |  0 |   0 |1669 | 5.000000e+01 | 5.500000e+01 |  10.00%|  12.37%
 61.5s|141500 | 74721 |  1250k|   8.8 |    75M | 186 | 241 |1275 |1275 |   0 |  0 |   0 |1669 | 5.000000e+01 | 5.500000e+01 |  10.00%|  12.37%
 61.5s|141600 | 74767 |  1251k|   8.8 |    75M | 186 | 241 |1275 |1275 |   0 |  0 |   0 |1669 | 5.000000e+01 | 5.500000e+01 |  10.00%|  12.37%
 61.6s|141700 | 74823 |  1252k|   8.8 |    75M | 186 | 241 |1275 |1275 |   0 |  0 |   0 |1669 | 5.000000e+01 | 5.500000e+01 |  10.00%|  12.38%
 61.6s|141800 | 74863 |  1253k|   8.8 |    75M | 186 | 241 |1275 |1275 |   0 |  0 |   0 |1672 | 5.000000e+01 | 5.500000e+01 |  10.00%|  12.38%
 61.7s|141900 | 74899 |  1253k|   8.8 |    75M | 186 | 241 |1275 |1275 |   0 |  0 |   0 |1672 | 5.000000e+01 | 5.500000e+01 |  10.00%|  12.38%
 time | node  | left  |LP iter|LP it/n|mem/heur|mdpt |vars |cons |rows |cuts |sepa|confs|strbr|  dualbound   | primalbound  |  gap   | compl. 
 61.7s|142000 | 74955 |  1254k|   8.8 |    75M | 186 | 241 |1275 |1275 |   0 |  0 |   0 |1672 | 5.000000e+01 | 5.500000e+01 |  10.00%|  12.38%
 61.7s|142100 | 75019 |  1255k|   8.8 |    75M | 186 | 241 |1275 |1275 |   0 |  0 |   0 |1672 | 5.000000e+01 | 5.500000e+01 |  10.00%|  12.38%
 61.8s|142200 | 75077 |  1255k|   8.8 |    75M | 186 | 241 |1275 |1275 |   0 |  0 |   0 |1672 | 5.000000e+01 | 5.500000e+01 |  10.00%|  12.38%
 61.8s|142300 | 75131 |  1256k|   8.8 |    75M | 186 | 241 |1275 |1275 |   0 |  0 |   0 |1672 | 5.000000e+01 | 5.500000e+01 |  10.00%|  12.38%
 61.9s|142400 | 75189 |  1257k|   8.8 |    75M | 186 | 241 |1275 |1275 |   0 |  0 |   0 |1672 | 5.000000e+01 | 5.500000e+01 |  10.00%|  12.38%
 61.9s|142500 | 75249 |  1258k|   8.8 |    75M | 186 | 241 |1275 |1275 |   0 |  0 |   0 |1672 | 5.000000e+01 | 5.500000e+01 |  10.00%|  12.38%
 61.9s|142600 | 75307 |  1258k|   8.8 |    75M | 186 | 241 |1275 |1275 |   0 |  0 |   0 |1672 | 5.000000e+01 | 5.500000e+01 |  10.00%|  12.38%
 62.0s|142700 | 75329 |  1258k|   8.8 |    75M | 186 | 241 |1275 |1275 |   0 |  0 |   0 |1672 | 5.000000e+01 | 5.500000e+01 |  10.00%|  12.38%
 62.0s|142800 | 75375 |  1259k|   8.8 |    75M | 186 | 241 |1275 |1275 |   0 |  0 |   0 |1672 | 5.000000e+01 | 5.500000e+01 |  10.00%|  12.38%
 62.0s|142900 | 75425 |  1259k|   8.8 |    75M | 186 | 241 |1275 |1275 |   0 |  0 |   0 |1672 | 5.000000e+01 | 5.500000e+01 |  10.00%|  12.38%
 62.1s|143000 | 75471 |  1260k|   8.8 |    75M | 186 | 241 |1275 |1275 |   0 |  0 |   0 |1672 | 5.000000e+01 | 5.500000e+01 |  10.00%|  12.38%
 62.1s|143100 | 75517 |  1260k|   8.8 |    75M | 186 | 241 |1275 |1275 |   0 |  0 |   0 |1672 | 5.000000e+01 | 5.500000e+01 |  10.00%|  12.38%
 62.1s|143200 | 75553 |  1260k|   8.8 |    75M | 186 | 241 |1275 |1275 |   0 |  0 |   0 |1672 | 5.000000e+01 | 5.500000e+01 |  10.00%|  12.38%
 62.2s|143300 | 75587 |  1260k|   8.8 |    75M | 186 | 241 |1275 |1275 |   0 |  0 |   0 |1672 | 5.000000e+01 | 5.500000e+01 |  10.00%|  12.38%
 62.2s|143400 | 75651 |  1261k|   8.8 |    75M | 186 | 241 |1275 |1275 |   0 |  0 |   0 |1672 | 5.000000e+01 | 5.500000e+01 |  10.00%|  12.38%
 time | node  | left  |LP iter|LP it/n|mem/heur|mdpt |vars |cons |rows |cuts |sepa|confs|strbr|  dualbound   | primalbound  |  gap   | compl. 
 62.2s|143500 | 75703 |  1262k|   8.8 |    75M | 186 | 241 |1275 |1275 |   0 |  0 |   0 |1672 | 5.000000e+01 | 5.500000e+01 |  10.00%|  12.38%
 62.3s|143600 | 75755 |  1263k|   8.8 |    75M | 186 | 241 |1275 |1275 |   0 |  0 |   0 |1672 | 5.000000e+01 | 5.500000e+01 |  10.00%|  12.38%
 62.3s|143700 | 75823 |  1263k|   8.8 |    75M | 186 | 241 |1275 |1275 |   0 |  0 |   0 |1672 | 5.000000e+01 | 5.500000e+01 |  10.00%|  12.38%
 62.3s|143800 | 75879 |  1264k|   8.8 |    75M | 186 | 241 |1275 |1275 |   0 |  0 |   0 |1672 | 5.000000e+01 | 5.500000e+01 |  10.00%|  12.38%
 62.4s|143900 | 75959 |  1265k|   8.8 |    75M | 186 | 241 |1275 |1275 |   0 |  0 |   0 |1672 | 5.000000e+01 | 5.500000e+01 |  10.00%|  12.38%
 62.4s|144000 | 76035 |  1266k|   8.8 |    75M | 186 | 241 |1275 |1275 |   0 |  0 |   0 |1672 | 5.000000e+01 | 5.500000e+01 |  10.00%|  12.38%
 62.5s|144100 | 76115 |  1267k|   8.8 |    75M | 186 | 241 |1275 |1275 |   0 |  0 |   0 |1672 | 5.000000e+01 | 5.500000e+01 |  10.00%|  12.38%
 62.5s|144200 | 76157 |  1267k|   8.8 |    75M | 186 | 241 |1275 |1275 |   0 |  0 |   0 |1672 | 5.000000e+01 | 5.500000e+01 |  10.00%|  12.38%
 62.5s|144300 | 76239 |  1268k|   8.8 |    75M | 186 | 241 |1275 |1275 |   0 |  0 |   0 |1672 | 5.000000e+01 | 5.500000e+01 |  10.00%|  12.38%
 62.6s|144400 | 76307 |  1270k|   8.8 |    75M | 186 | 241 |1275 |1275 |   0 |  0 |   0 |1672 | 5.000000e+01 | 5.500000e+01 |  10.00%|  12.38%
 62.7s|144500 | 76367 |  1272k|   8.8 |    75M | 186 | 241 |1275 |1275 |   0 |  0 |   0 |1672 | 5.000000e+01 | 5.500000e+01 |  10.00%|  12.38%
 62.7s|144600 | 76413 |  1273k|   8.8 |    75M | 186 | 241 |1275 |1275 |   0 |  0 |   0 |1672 | 5.000000e+01 | 5.500000e+01 |  10.00%|  12.38%
 62.8s|144700 | 76473 |  1274k|   8.8 |    75M | 186 | 241 |1275 |1275 |   0 |  0 |   0 |1672 | 5.000000e+01 | 5.500000e+01 |  10.00%|  12.38%
 62.8s|144800 | 76535 |  1275k|   8.8 |    75M | 186 | 241 |1275 |1275 |   0 |  0 |   0 |1672 | 5.000000e+01 | 5.500000e+01 |  10.00%|  12.38%
 62.9s|144900 | 76581 |  1276k|   8.8 |    75M | 186 | 241 |1275 |1275 |   0 |  0 |   0 |1685 | 5.000000e+01 | 5.500000e+01 |  10.00%|  12.38%
 time | node  | left  |LP iter|LP it/n|mem/heur|mdpt |vars |cons |rows |cuts |sepa|confs|strbr|  dualbound   | primalbound  |  gap   | compl. 
 62.9s|145000 | 76659 |  1278k|   8.8 |    75M | 186 | 241 |1275 |1275 |   0 |  0 |   0 |1685 | 5.000000e+01 | 5.500000e+01 |  10.00%|  12.38%
 63.0s|145100 | 76725 |  1279k|   8.8 |    75M | 186 | 241 |1275 |1275 |   0 |  0 |   0 |1685 | 5.000000e+01 | 5.500000e+01 |  10.00%|  12.38%
 63.0s|145200 | 76791 |  1280k|   8.8 |    75M | 186 | 241 |1275 |1275 |   0 |  0 |   0 |1685 | 5.000000e+01 | 5.500000e+01 |  10.00%|  12.38%
 63.0s|145300 | 76833 |  1281k|   8.8 |    75M | 186 | 241 |1275 |1275 |   0 |  0 |   0 |1685 | 5.000000e+01 | 5.500000e+01 |  10.00%|  12.38%
 63.1s|145400 | 76867 |  1281k|   8.8 |    75M | 186 | 241 |1275 |1275 |   0 |  0 |   0 |1685 | 5.000000e+01 | 5.500000e+01 |  10.00%|  12.38%
 63.1s|145500 | 76931 |  1282k|   8.8 |    75M | 186 | 241 |1275 |1275 |   0 |  0 |   0 |1685 | 5.000000e+01 | 5.500000e+01 |  10.00%|  12.38%
 63.2s|145600 | 76969 |  1283k|   8.8 |    75M | 186 | 241 |1275 |1275 |   0 |  0 |   0 |1685 | 5.000000e+01 | 5.500000e+01 |  10.00%|  12.38%
 63.2s|145700 | 77027 |  1284k|   8.8 |    75M | 186 | 241 |1275 |1275 |   0 |  0 |   0 |1685 | 5.000000e+01 | 5.500000e+01 |  10.00%|  12.38%
 63.3s|145800 | 77077 |  1285k|   8.8 |    75M | 186 | 241 |1275 |1275 |   0 |  0 |   0 |1685 | 5.000000e+01 | 5.500000e+01 |  10.00%|  12.39%
 63.3s|145900 | 77129 |  1286k|   8.8 |    75M | 186 | 241 |1275 |1275 |   0 |  0 |   0 |1685 | 5.000000e+01 | 5.500000e+01 |  10.00%|  12.39%
 63.3s|146000 | 77165 |  1287k|   8.8 |    75M | 186 | 241 |1275 |1275 |   0 |  0 |   0 |1685 | 5.000000e+01 | 5.500000e+01 |  10.00%|  12.39%
 63.4s|146100 | 77195 |  1288k|   8.8 |    75M | 186 | 241 |1275 |1275 |   0 |  0 |   0 |1690 | 5.000000e+01 | 5.500000e+01 |  10.00%|  12.39%
 63.4s|146200 | 77263 |  1289k|   8.8 |    75M | 186 | 241 |1275 |1275 |   0 |  0 |   0 |1690 | 5.000000e+01 | 5.500000e+01 |  10.00%|  12.39%
 63.5s|146300 | 77315 |  1289k|   8.8 |    75M | 186 | 241 |1275 |1275 |   0 |  0 |   0 |1690 | 5.000000e+01 | 5.500000e+01 |  10.00%|  12.39%
 63.5s|146400 | 77347 |  1290k|   8.8 |    75M | 186 | 241 |1275 |1275 |   0 |  0 |   0 |1690 | 5.000000e+01 | 5.500000e+01 |  10.00%|  12.39%
 time | node  | left  |LP iter|LP it/n|mem/heur|mdpt |vars |cons |rows |cuts |sepa|confs|strbr|  dualbound   | primalbound  |  gap   | compl. 
 63.6s|146500 | 77395 |  1290k|   8.8 |    75M | 186 | 241 |1275 |1275 |   0 |  0 |   0 |1708 | 5.000000e+01 | 5.500000e+01 |  10.00%|  12.39%
 63.6s|146600 | 77461 |  1291k|   8.8 |    75M | 186 | 241 |1275 |1275 |   0 |  0 |   0 |1708 | 5.000000e+01 | 5.500000e+01 |  10.00%|  12.39%
 63.6s|146700 | 77499 |  1291k|   8.8 |    75M | 186 | 241 |1275 |1275 |   0 |  0 |   0 |1708 | 5.000000e+01 | 5.500000e+01 |  10.00%|  12.39%
 63.7s|146800 | 77519 |  1292k|   8.8 |    75M | 186 | 241 |1275 |1275 |   0 |  0 |   0 |1751 | 5.000000e+01 | 5.500000e+01 |  10.00%|  12.39%
 63.7s|146900 | 77581 |  1293k|   8.8 |    75M | 186 | 241 |1275 |1275 |   0 |  0 |   0 |1751 | 5.000000e+01 | 5.500000e+01 |  10.00%|  12.39%
 63.8s|147000 | 77645 |  1294k|   8.8 |    76M | 186 | 241 |1275 |1275 |   0 |  0 |   0 |1751 | 5.000000e+01 | 5.500000e+01 |  10.00%|  12.39%
 63.8s|147100 | 77667 |  1294k|   8.8 |    76M | 186 | 241 |1275 |1275 |   0 |  0 |   0 |1751 | 5.000000e+01 | 5.500000e+01 |  10.00%|  12.39%
 63.9s|147200 | 77715 |  1295k|   8.8 |    76M | 186 | 241 |1275 |1275 |   0 |  0 |   0 |1751 | 5.000000e+01 | 5.500000e+01 |  10.00%|  12.39%
 63.9s|147300 | 77777 |  1295k|   8.8 |    76M | 186 | 241 |1275 |1275 |   0 |  0 |   0 |1751 | 5.000000e+01 | 5.500000e+01 |  10.00%|  12.39%
 63.9s|147400 | 77837 |  1296k|   8.8 |    76M | 186 | 241 |1275 |1275 |   0 |  0 |   0 |1751 | 5.000000e+01 | 5.500000e+01 |  10.00%|  12.39%
 64.0s|147500 | 77867 |  1296k|   8.8 |    76M | 186 | 241 |1275 |1275 |   0 |  0 |   0 |1760 | 5.000000e+01 | 5.500000e+01 |  10.00%|  12.39%
 64.0s|147600 | 77915 |  1297k|   8.8 |    76M | 186 | 241 |1275 |1275 |   0 |  0 |   0 |1760 | 5.000000e+01 | 5.500000e+01 |  10.00%|  12.39%
 64.0s|147700 | 77949 |  1297k|   8.8 |    76M | 186 | 241 |1275 |1275 |   0 |  0 |   0 |1760 | 5.000000e+01 | 5.500000e+01 |  10.00%|  12.39%
 64.1s|147800 | 77999 |  1298k|   8.8 |    76M | 186 | 241 |1275 |1275 |   0 |  0 |   0 |1760 | 5.000000e+01 | 5.500000e+01 |  10.00%|  12.39%
 64.1s|147900 | 78049 |  1298k|   8.8 |    77M | 186 | 241 |1275 |1275 |   0 |  0 |   0 |1760 | 5.000000e+01 | 5.500000e+01 |  10.00%|  12.39%
 time | node  | left  |LP iter|LP it/n|mem/heur|mdpt |vars |cons |rows |cuts |sepa|confs|strbr|  dualbound   | primalbound  |  gap   | compl. 
 64.2s|148000 | 78123 |  1299k|   8.8 |    77M | 186 | 241 |1275 |1275 |   0 |  0 |   0 |1760 | 5.000000e+01 | 5.500000e+01 |  10.00%|  12.39%
 64.2s|148100 | 78183 |  1300k|   8.8 |    77M | 186 | 241 |1275 |1275 |   0 |  0 |   0 |1760 | 5.000000e+01 | 5.500000e+01 |  10.00%|  12.39%
 64.2s|148200 | 78219 |  1300k|   8.8 |    77M | 186 | 241 |1275 |1275 |   0 |  0 |   0 |1765 | 5.000000e+01 | 5.500000e+01 |  10.00%|  12.39%
 64.3s|148300 | 78253 |  1301k|   8.8 |    77M | 186 | 241 |1275 |1275 |   0 |  0 |   0 |1769 | 5.000000e+01 | 5.500000e+01 |  10.00%|  12.39%
 64.3s|148400 | 78297 |  1302k|   8.8 |    77M | 186 | 241 |1275 |1275 |   0 |  0 |   0 |1769 | 5.000000e+01 | 5.500000e+01 |  10.00%|  12.39%
 64.3s|148500 | 78313 |  1302k|   8.8 |    77M | 186 | 241 |1275 |1275 |   0 |  0 |   0 |1769 | 5.000000e+01 | 5.500000e+01 |  10.00%|  12.39%
 64.4s|148600 | 78363 |  1303k|   8.8 |    78M | 186 | 241 |1275 |1275 |   0 |  0 |   0 |1769 | 5.000000e+01 | 5.500000e+01 |  10.00%|  12.39%
 64.4s|148700 | 78425 |  1303k|   8.8 |    78M | 186 | 241 |1275 |1275 |   0 |  0 |   0 |1769 | 5.000000e+01 | 5.500000e+01 |  10.00%|  12.39%
 64.5s|148800 | 78463 |  1304k|   8.8 |    78M | 186 | 241 |1275 |1275 |   0 |  0 |   0 |1774 | 5.000000e+01 | 5.500000e+01 |  10.00%|  12.39%
 64.5s|148900 | 78501 |  1305k|   8.8 |    78M | 186 | 241 |1275 |1275 |   0 |  0 |   0 |1778 | 5.000000e+01 | 5.500000e+01 |  10.00%|  12.39%
 64.5s|149000 | 78545 |  1306k|   8.8 |    78M | 186 | 241 |1275 |1275 |   0 |  0 |   0 |1781 | 5.000000e+01 | 5.500000e+01 |  10.00%|  12.39%
 64.6s|149100 | 78541 |  1306k|   8.8 |    78M | 186 | 241 |1275 |1275 |   0 |  0 |   0 |1781 | 5.000000e+01 | 5.500000e+01 |  10.00%|  12.40%
 64.6s|149200 | 78573 |  1307k|   8.8 |    78M | 186 | 241 |1275 |1275 |   0 |  0 |   0 |1781 | 5.000000e+01 | 5.500000e+01 |  10.00%|  12.40%
 64.6s|149300 | 78615 |  1307k|   8.8 |    78M | 186 | 241 |1275 |1275 |   0 |  0 |   0 |1781 | 5.000000e+01 | 5.500000e+01 |  10.00%|  12.40%
 64.7s|149400 | 78671 |  1308k|   8.8 |    78M | 186 | 241 |1275 |1275 |   0 |  0 |   0 |1781 | 5.000000e+01 | 5.500000e+01 |  10.00%|  12.40%
 time | node  | left  |LP iter|LP it/n|mem/heur|mdpt |vars |cons |rows |cuts |sepa|confs|strbr|  dualbound   | primalbound  |  gap   | compl. 
 64.7s|149500 | 78715 |  1308k|   8.8 |    78M | 186 | 241 |1275 |1275 |   0 |  0 |   0 |1781 | 5.000000e+01 | 5.500000e+01 |  10.00%|  12.40%
 64.7s|149600 | 78769 |  1309k|   8.7 |    78M | 186 | 241 |1275 |1275 |   0 |  0 |   0 |1781 | 5.000000e+01 | 5.500000e+01 |  10.00%|  12.40%
 64.8s|149700 | 78829 |  1309k|   8.7 |    78M | 186 | 241 |1275 |1275 |   0 |  0 |   0 |1781 | 5.000000e+01 | 5.500000e+01 |  10.00%|  12.40%
 64.8s|149800 | 78911 |  1310k|   8.7 |    78M | 186 | 241 |1275 |1275 |   0 |  0 |   0 |1781 | 5.000000e+01 | 5.500000e+01 |  10.00%|  12.40%
 64.9s|149900 | 78975 |  1311k|   8.7 |    78M | 186 | 241 |1275 |1275 |   0 |  0 |   0 |1784 | 5.000000e+01 | 5.500000e+01 |  10.00%|  12.40%
 64.9s|150000 | 79045 |  1312k|   8.7 |    78M | 186 | 241 |1275 |1275 |   0 |  0 |   0 |1787 | 5.000000e+01 | 5.500000e+01 |  10.00%|  12.40%
 64.9s|150100 | 79067 |  1312k|   8.7 |    78M | 186 | 241 |1275 |1275 |   0 |  0 |   0 |1787 | 5.000000e+01 | 5.500000e+01 |  10.00%|  12.40%
 65.0s|150200 | 79071 |  1312k|   8.7 |    78M | 186 | 241 |1275 |1275 |   0 |  0 |   0 |1789 | 5.000000e+01 | 5.500000e+01 |  10.00%|  12.40%
 65.0s|150300 | 79107 |  1313k|   8.7 |    78M | 186 | 241 |1275 |1275 |   0 |  0 |   0 |1789 | 5.000000e+01 | 5.500000e+01 |  10.00%|  12.40%
 65.0s|150400 | 79167 |  1313k|   8.7 |    78M | 186 | 241 |1275 |1275 |   0 |  0 |   0 |1789 | 5.000000e+01 | 5.500000e+01 |  10.00%|  12.40%
 65.1s|150500 | 79215 |  1313k|   8.7 |    78M | 186 | 241 |1275 |1275 |   0 |  0 |   0 |1789 | 5.000000e+01 | 5.500000e+01 |  10.00%|  12.40%
 65.1s|150600 | 79265 |  1313k|   8.7 |    78M | 186 | 241 |1275 |1275 |   0 |  0 |   0 |1789 | 5.000000e+01 | 5.500000e+01 |  10.00%|  12.40%
 65.1s|150700 | 79311 |  1314k|   8.7 |    78M | 186 | 241 |1275 |1275 |   0 |  0 |   0 |1799 | 5.000000e+01 | 5.500000e+01 |  10.00%|  12.40%
 65.2s|150800 | 79369 |  1315k|   8.7 |    78M | 186 | 241 |1275 |1275 |   0 |  0 |   0 |1799 | 5.000000e+01 | 5.500000e+01 |  10.00%|  12.40%
 65.2s|150900 | 79417 |  1316k|   8.7 |    78M | 186 | 241 |1275 |1275 |   0 |  0 |   0 |1799 | 5.000000e+01 | 5.500000e+01 |  10.00%|  12.40%
 time | node  | left  |LP iter|LP it/n|mem/heur|mdpt |vars |cons |rows |cuts |sepa|confs|strbr|  dualbound   | primalbound  |  gap   | compl. 
 65.3s|151000 | 79435 |  1316k|   8.7 |    78M | 186 | 241 |1275 |1275 |   0 |  0 |   0 |1799 | 5.000000e+01 | 5.500000e+01 |  10.00%|  12.40%
 65.3s|151100 | 79479 |  1316k|   8.7 |    78M | 186 | 241 |1275 |1275 |   0 |  0 |   0 |1799 | 5.000000e+01 | 5.500000e+01 |  10.00%|  12.40%
 65.3s|151200 | 79505 |  1317k|   8.7 |    78M | 186 | 241 |1275 |1275 |   0 |  0 |   0 |1799 | 5.000000e+01 | 5.500000e+01 |  10.00%|  12.40%
 65.4s|151300 | 79533 |  1317k|   8.7 |    78M | 186 | 241 |1275 |1275 |   0 |  0 |   0 |1799 | 5.000000e+01 | 5.500000e+01 |  10.00%|  12.40%
 65.4s|151400 | 79563 |  1317k|   8.7 |    78M | 186 | 241 |1275 |1275 |   0 |  0 |   0 |1799 | 5.000000e+01 | 5.500000e+01 |  10.00%|  12.40%
 65.4s|151500 | 79585 |  1318k|   8.7 |    78M | 186 | 241 |1275 |1275 |   0 |  0 |   0 |1799 | 5.000000e+01 | 5.500000e+01 |  10.00%|  12.40%
 65.5s|151600 | 79635 |  1319k|   8.7 |    78M | 186 | 241 |1275 |1275 |   0 |  0 |   0 |1799 | 5.000000e+01 | 5.500000e+01 |  10.00%|  12.41%
 65.5s|151700 | 79687 |  1320k|   8.7 |    78M | 186 | 241 |1275 |1275 |   0 |  0 |   0 |1799 | 5.000000e+01 | 5.500000e+01 |  10.00%|  12.41%
 65.6s|151800 | 79729 |  1321k|   8.7 |    78M | 186 | 241 |1275 |1275 |   0 |  0 |   0 |1799 | 5.000000e+01 | 5.500000e+01 |  10.00%|  12.41%
 65.6s|151900 | 79769 |  1321k|   8.7 |    78M | 186 | 241 |1275 |1275 |   0 |  0 |   0 |1799 | 5.000000e+01 | 5.500000e+01 |  10.00%|  12.41%
 65.6s|152000 | 79825 |  1322k|   8.7 |    78M | 186 | 241 |1275 |1275 |   0 |  0 |   0 |1799 | 5.000000e+01 | 5.500000e+01 |  10.00%|  12.41%
 65.7s|152100 | 79893 |  1323k|   8.7 |    78M | 186 | 241 |1275 |1275 |   0 |  0 |   0 |1799 | 5.000000e+01 | 5.500000e+01 |  10.00%|  12.41%
 65.7s|152200 | 79953 |  1324k|   8.7 |    78M | 186 | 241 |1275 |1275 |   0 |  0 |   0 |1799 | 5.000000e+01 | 5.500000e+01 |  10.00%|  12.41%
 65.8s|152300 | 80019 |  1325k|   8.7 |    78M | 186 | 241 |1275 |1275 |   0 |  0 |   0 |1799 | 5.000000e+01 | 5.500000e+01 |  10.00%|  12.41%
 65.8s|152400 | 80065 |  1326k|   8.7 |    78M | 186 | 241 |1275 |1275 |   0 |  0 |   0 |1800 | 5.000000e+01 | 5.500000e+01 |  10.00%|  12.41%
 time | node  | left  |LP iter|LP it/n|mem/heur|mdpt |vars |cons |rows |cuts |sepa|confs|strbr|  dualbound   | primalbound  |  gap   | compl. 
 65.8s|152500 | 80123 |  1327k|   8.7 |    78M | 186 | 241 |1275 |1275 |   0 |  0 |   0 |1800 | 5.000000e+01 | 5.500000e+01 |  10.00%|  12.41%
 65.9s|152600 | 80189 |  1328k|   8.7 |    78M | 186 | 241 |1275 |1275 |   0 |  0 |   0 |1800 | 5.000000e+01 | 5.500000e+01 |  10.00%|  12.41%
 65.9s|152700 | 80223 |  1329k|   8.7 |    78M | 186 | 241 |1275 |1275 |   0 |  0 |   0 |1800 | 5.000000e+01 | 5.500000e+01 |  10.00%|  12.41%
 66.0s|152800 | 80267 |  1329k|   8.7 |    78M | 186 | 241 |1275 |1275 |   0 |  0 |   0 |1800 | 5.000000e+01 | 5.500000e+01 |  10.00%|  12.41%
 66.0s|152900 | 80321 |  1330k|   8.7 |    78M | 186 | 241 |1275 |1275 |   0 |  0 |   0 |1800 | 5.000000e+01 | 5.500000e+01 |  10.00%|  12.41%
 66.0s|153000 | 80357 |  1330k|   8.7 |    78M | 186 | 241 |1275 |1275 |   0 |  0 |   0 |1800 | 5.000000e+01 | 5.500000e+01 |  10.00%|  12.41%
 66.1s|153100 | 80389 |  1330k|   8.7 |    78M | 186 | 241 |1275 |1275 |   0 |  0 |   0 |1800 | 5.000000e+01 | 5.500000e+01 |  10.00%|  12.41%
 66.1s|153200 | 80429 |  1331k|   8.7 |    78M | 186 | 241 |1275 |1275 |   0 |  0 |   0 |1800 | 5.000000e+01 | 5.500000e+01 |  10.00%|  12.41%
 66.1s|153300 | 80489 |  1332k|   8.7 |    79M | 186 | 241 |1275 |1275 |   0 |  0 |   0 |1800 | 5.000000e+01 | 5.500000e+01 |  10.00%|  12.41%
 66.2s|153400 | 80543 |  1332k|   8.7 |    79M | 186 | 241 |1275 |1275 |   0 |  0 |   0 |1800 | 5.000000e+01 | 5.500000e+01 |  10.00%|  12.41%
 66.2s|153500 | 80585 |  1332k|   8.7 |    79M | 186 | 241 |1275 |1275 |   0 |  0 |   0 |1800 | 5.000000e+01 | 5.500000e+01 |  10.00%|  12.41%
 66.2s|153600 | 80625 |  1332k|   8.7 |    79M | 186 | 241 |1275 |1275 |   0 |  0 |   0 |1800 | 5.000000e+01 | 5.500000e+01 |  10.00%|  12.41%
 66.3s|153700 | 80669 |  1333k|   8.7 |    79M | 186 | 241 |1275 |1275 |   0 |  0 |   0 |1800 | 5.000000e+01 | 5.500000e+01 |  10.00%|  12.41%
 66.3s|153800 | 80739 |  1333k|   8.7 |    79M | 186 | 241 |1275 |1275 |   0 |  0 |   0 |1800 | 5.000000e+01 | 5.500000e+01 |  10.00%|  12.41%
 66.3s|153900 | 80789 |  1334k|   8.7 |    79M | 186 | 241 |1275 |1275 |   0 |  0 |   0 |1804 | 5.000000e+01 | 5.500000e+01 |  10.00%|  12.41%
 time | node  | left  |LP iter|LP it/n|mem/heur|mdpt |vars |cons |rows |cuts |sepa|confs|strbr|  dualbound   | primalbound  |  gap   | compl. 
 66.4s|154000 | 80845 |  1336k|   8.7 |    79M | 186 | 241 |1275 |1275 |   0 |  0 |   0 |1804 | 5.000000e+01 | 5.500000e+01 |  10.00%|  12.42%
 66.4s|154100 | 80909 |  1336k|   8.7 |    79M | 186 | 241 |1275 |1275 |   0 |  0 |   0 |1804 | 5.000000e+01 | 5.500000e+01 |  10.00%|  12.42%
 66.5s|154200 | 80967 |  1337k|   8.7 |    79M | 186 | 241 |1275 |1275 |   0 |  0 |   0 |1804 | 5.000000e+01 | 5.500000e+01 |  10.00%|  12.42%
 66.5s|154300 | 81021 |  1337k|   8.7 |    79M | 186 | 241 |1275 |1275 |   0 |  0 |   0 |1804 | 5.000000e+01 | 5.500000e+01 |  10.00%|  12.42%
 66.5s|154400 | 81071 |  1338k|   8.7 |    79M | 186 | 241 |1275 |1275 |   0 |  0 |   0 |1804 | 5.000000e+01 | 5.500000e+01 |  10.00%|  12.42%
 66.6s|154500 | 81135 |  1338k|   8.7 |    79M | 186 | 241 |1275 |1275 |   0 |  0 |   0 |1804 | 5.000000e+01 | 5.500000e+01 |  10.00%|  12.42%
 66.6s|154600 | 81163 |  1339k|   8.7 |    79M | 186 | 241 |1275 |1275 |   0 |  0 |   0 |1804 | 5.000000e+01 | 5.500000e+01 |  10.00%|  12.42%
 66.7s|154700 | 81209 |  1340k|   8.7 |    79M | 186 | 241 |1275 |1275 |   0 |  0 |   0 |1804 | 5.000000e+01 | 5.500000e+01 |  10.00%|  12.42%
 66.7s|154800 | 81247 |  1341k|   8.7 |    79M | 186 | 241 |1275 |1275 |   0 |  0 |   0 |1804 | 5.000000e+01 | 5.500000e+01 |  10.00%|  12.42%
 66.7s|154900 | 81313 |  1342k|   8.7 |    79M | 186 | 241 |1275 |1275 |   0 |  0 |   0 |1804 | 5.000000e+01 | 5.500000e+01 |  10.00%|  12.42%
 66.8s|155000 | 81373 |  1343k|   8.7 |    80M | 186 | 241 |1275 |1275 |   0 |  0 |   0 |1804 | 5.000000e+01 | 5.500000e+01 |  10.00%|  12.42%
 66.8s|155100 | 81435 |  1344k|   8.7 |    80M | 186 | 241 |1275 |1275 |   0 |  0 |   0 |1804 | 5.000000e+01 | 5.500000e+01 |  10.00%|  12.42%
 66.9s|155200 | 81491 |  1344k|   8.7 |    80M | 186 | 241 |1275 |1275 |   0 |  0 |   0 |1804 | 5.000000e+01 | 5.500000e+01 |  10.00%|  12.42%
 66.9s|155300 | 81515 |  1345k|   8.7 |    80M | 186 | 241 |1275 |1275 |   0 |  0 |   0 |1804 | 5.000000e+01 | 5.500000e+01 |  10.00%|  12.42%
 66.9s|155400 | 81567 |  1345k|   8.7 |    80M | 186 | 241 |1275 |1275 |   0 |  0 |   0 |1805 | 5.000000e+01 | 5.500000e+01 |  10.00%|  12.42%
 time | node  | left  |LP iter|LP it/n|mem/heur|mdpt |vars |cons |rows |cuts |sepa|confs|strbr|  dualbound   | primalbound  |  gap   | compl. 
 67.0s|155500 | 81627 |  1347k|   8.7 |    80M | 186 | 241 |1275 |1275 |   0 |  0 |   0 |1819 | 5.000000e+01 | 5.500000e+01 |  10.00%|  12.42%
 67.0s|155600 | 81661 |  1347k|   8.7 |    80M | 186 | 241 |1275 |1275 |   0 |  0 |   0 |1819 | 5.000000e+01 | 5.500000e+01 |  10.00%|  12.42%
 67.1s|155700 | 81679 |  1347k|   8.7 |    80M | 186 | 241 |1275 |1275 |   0 |  0 |   0 |1819 | 5.000000e+01 | 5.500000e+01 |  10.00%|  12.42%
 67.1s|155800 | 81691 |  1348k|   8.7 |    80M | 186 | 241 |1275 |1275 |   0 |  0 |   0 |1819 | 5.000000e+01 | 5.500000e+01 |  10.00%|  12.42%
 67.2s|155900 | 81747 |  1350k|   8.7 |    80M | 186 | 241 |1275 |1275 |   0 |  0 |   0 |1826 | 5.000000e+01 | 5.500000e+01 |  10.00%|  12.42%
 67.2s|156000 | 81799 |  1350k|   8.7 |    80M | 186 | 241 |1275 |1275 |   0 |  0 |   0 |1826 | 5.000000e+01 | 5.500000e+01 |  10.00%|  12.42%
 67.2s|156100 | 81835 |  1350k|   8.7 |    80M | 186 | 241 |1275 |1275 |   0 |  0 |   0 |1826 | 5.000000e+01 | 5.500000e+01 |  10.00%|  12.42%
 67.3s|156200 | 81867 |  1351k|   8.6 |    80M | 186 | 241 |1275 |1275 |   0 |  0 |   0 |1826 | 5.000000e+01 | 5.500000e+01 |  10.00%|  12.42%
 67.3s|156300 | 81905 |  1351k|   8.6 |    80M | 186 | 241 |1275 |1275 |   0 |  0 |   0 |1826 | 5.000000e+01 | 5.500000e+01 |  10.00%|  12.42%
 67.3s|156400 | 81937 |  1352k|   8.6 |    80M | 186 | 241 |1275 |1275 |   0 |  0 |   0 |1826 | 5.000000e+01 | 5.500000e+01 |  10.00%|  12.42%
 67.4s|156500 | 81983 |  1353k|   8.6 |    80M | 186 | 241 |1275 |1275 |   0 |  0 |   0 |1826 | 5.000000e+01 | 5.500000e+01 |  10.00%|  12.43%
 67.4s|156600 | 82011 |  1353k|   8.6 |    80M | 186 | 241 |1275 |1275 |   0 |  0 |   0 |1826 | 5.000000e+01 | 5.500000e+01 |  10.00%|  12.43%
 67.4s|156700 | 82089 |  1354k|   8.6 |    80M | 186 | 241 |1275 |1275 |   0 |  0 |   0 |1826 | 5.000000e+01 | 5.500000e+01 |  10.00%|  12.43%
 67.5s|156800 | 82101 |  1354k|   8.6 |    80M | 186 | 241 |1275 |1275 |   0 |  0 |   0 |1826 | 5.000000e+01 | 5.500000e+01 |  10.00%|  12.44%
 67.5s|156900 | 82123 |  1355k|   8.6 |    80M | 186 | 241 |1275 |1275 |   0 |  0 |   0 |1826 | 5.000000e+01 | 5.500000e+01 |  10.00%|  12.44%
 time | node  | left  |LP iter|LP it/n|mem/heur|mdpt |vars |cons |rows |cuts |sepa|confs|strbr|  dualbound   | primalbound  |  gap   | compl. 
 67.5s|157000 | 82139 |  1355k|   8.6 |    80M | 186 | 241 |1275 |1275 |   0 |  0 |   0 |1826 | 5.000000e+01 | 5.500000e+01 |  10.00%|  12.44%
 67.6s|157100 | 82179 |  1356k|   8.6 |    80M | 186 | 241 |1275 |1275 |   0 |  0 |   0 |1836 | 5.000000e+01 | 5.500000e+01 |  10.00%|  12.44%
 67.6s|157200 | 82225 |  1356k|   8.6 |    80M | 186 | 241 |1275 |1275 |   0 |  0 |   0 |1840 | 5.000000e+01 | 5.500000e+01 |  10.00%|  12.44%
 67.7s|157300 | 82265 |  1357k|   8.6 |    80M | 186 | 241 |1275 |1275 |   0 |  0 |   0 |1882 | 5.000000e+01 | 5.500000e+01 |  10.00%|  12.44%
 67.7s|157400 | 82299 |  1357k|   8.6 |    80M | 186 | 241 |1275 |1275 |   0 |  0 |   0 |1887 | 5.000000e+01 | 5.500000e+01 |  10.00%|  12.44%
 67.8s|157500 | 82335 |  1358k|   8.6 |    80M | 186 | 241 |1275 |1275 |   0 |  0 |   0 |1893 | 5.000000e+01 | 5.500000e+01 |  10.00%|  12.44%
 67.8s|157600 | 82367 |  1358k|   8.6 |    80M | 186 | 241 |1275 |1275 |   0 |  0 |   0 |1893 | 5.000000e+01 | 5.500000e+01 |  10.00%|  12.44%
 67.9s|157700 | 82423 |  1359k|   8.6 |    80M | 186 | 241 |1275 |1275 |   0 |  0 |   0 |1893 | 5.000000e+01 | 5.500000e+01 |  10.00%|  12.44%
 67.9s|157800 | 82481 |  1360k|   8.6 |    81M | 186 | 241 |1275 |1275 |   0 |  0 |   0 |1893 | 5.000000e+01 | 5.500000e+01 |  10.00%|  12.44%
 67.9s|157900 | 82499 |  1360k|   8.6 |    81M | 186 | 241 |1275 |1275 |   0 |  0 |   0 |1893 | 5.000000e+01 | 5.500000e+01 |  10.00%|  12.44%
 68.0s|158000 | 82525 |  1361k|   8.6 |    81M | 186 | 241 |1275 |1275 |   0 |  0 |   0 |1893 | 5.000000e+01 | 5.500000e+01 |  10.00%|  12.44%
 68.0s|158100 | 82581 |  1361k|   8.6 |    81M | 186 | 241 |1275 |1275 |   0 |  0 |   0 |1893 | 5.000000e+01 | 5.500000e+01 |  10.00%|  12.44%
 68.0s|158200 | 82647 |  1362k|   8.6 |    81M | 186 | 241 |1275 |1275 |   0 |  0 |   0 |1897 | 5.000000e+01 | 5.500000e+01 |  10.00%|  12.44%
 68.1s|158300 | 82699 |  1362k|   8.6 |    81M | 186 | 241 |1275 |1275 |   0 |  0 |   0 |1897 | 5.000000e+01 | 5.500000e+01 |  10.00%|  12.44%
 68.1s|158400 | 82749 |  1363k|   8.6 |    81M | 186 | 241 |1275 |1275 |   0 |  0 |   0 |1897 | 5.000000e+01 | 5.500000e+01 |  10.00%|  12.44%
 time | node  | left  |LP iter|LP it/n|mem/heur|mdpt |vars |cons |rows |cuts |sepa|confs|strbr|  dualbound   | primalbound  |  gap   | compl. 
 68.1s|158500 | 82799 |  1363k|   8.6 |    81M | 186 | 241 |1275 |1275 |   0 |  0 |   0 |1897 | 5.000000e+01 | 5.500000e+01 |  10.00%|  12.44%
 68.2s|158600 | 82831 |  1364k|   8.6 |    81M | 186 | 241 |1275 |1275 |   0 |  0 |   0 |1897 | 5.000000e+01 | 5.500000e+01 |  10.00%|  12.44%
 68.2s|158700 | 82867 |  1364k|   8.6 |    81M | 186 | 241 |1275 |1275 |   0 |  0 |   0 |1897 | 5.000000e+01 | 5.500000e+01 |  10.00%|  12.44%
 68.2s|158800 | 82919 |  1364k|   8.6 |    81M | 186 | 241 |1275 |1275 |   0 |  0 |   0 |1897 | 5.000000e+01 | 5.500000e+01 |  10.00%|  12.44%
 68.3s|158900 | 82975 |  1365k|   8.6 |    81M | 186 | 241 |1275 |1275 |   0 |  0 |   0 |1908 | 5.000000e+01 | 5.500000e+01 |  10.00%|  12.44%
 68.3s|159000 | 83017 |  1366k|   8.6 |    81M | 186 | 241 |1275 |1275 |   0 |  0 |   0 |1908 | 5.000000e+01 | 5.500000e+01 |  10.00%|  12.44%
 68.4s|159100 | 83033 |  1366k|   8.6 |    81M | 186 | 241 |1275 |1275 |   0 |  0 |   0 |1908 | 5.000000e+01 | 5.500000e+01 |  10.00%|  12.44%
 68.4s|159200 | 83075 |  1367k|   8.6 |    81M | 186 | 241 |1275 |1275 |   0 |  0 |   0 |1921 | 5.000000e+01 | 5.500000e+01 |  10.00%|  12.44%
 68.4s|159300 | 83103 |  1367k|   8.6 |    81M | 186 | 241 |1275 |1275 |   0 |  0 |   0 |1921 | 5.000000e+01 | 5.500000e+01 |  10.00%|  12.44%
 68.5s|159400 | 83137 |  1368k|   8.6 |    81M | 186 | 241 |1275 |1275 |   0 |  0 |   0 |1921 | 5.000000e+01 | 5.500000e+01 |  10.00%|  12.44%
 68.5s|159500 | 83191 |  1368k|   8.6 |    81M | 186 | 241 |1275 |1275 |   0 |  0 |   0 |1921 | 5.000000e+01 | 5.500000e+01 |  10.00%|  12.44%
 68.6s|159600 | 83243 |  1369k|   8.6 |    81M | 186 | 241 |1275 |1275 |   0 |  0 |   0 |1921 | 5.000000e+01 | 5.500000e+01 |  10.00%|  12.44%
 68.6s|159700 | 83295 |  1370k|   8.6 |    81M | 186 | 241 |1275 |1275 |   0 |  0 |   0 |1921 | 5.000000e+01 | 5.500000e+01 |  10.00%|  12.44%
 68.6s|159800 | 83339 |  1371k|   8.6 |    81M | 186 | 241 |1275 |1275 |   0 |  0 |   0 |1921 | 5.000000e+01 | 5.500000e+01 |  10.00%|  12.44%
 68.7s|159900 | 83369 |  1371k|   8.6 |    81M | 186 | 241 |1275 |1275 |   0 |  0 |   0 |1921 | 5.000000e+01 | 5.500000e+01 |  10.00%|  12.44%
 time | node  | left  |LP iter|LP it/n|mem/heur|mdpt |vars |cons |rows |cuts |sepa|confs|strbr|  dualbound   | primalbound  |  gap   | compl. 
 68.7s|160000 | 83405 |  1371k|   8.6 |    81M | 186 | 241 |1275 |1275 |   0 |  0 |   0 |1946 | 5.000000e+01 | 5.500000e+01 |  10.00%|  12.44%
 68.8s|160100 | 83433 |  1372k|   8.6 |    81M | 186 | 241 |1275 |1275 |   0 |  0 |   0 |1977 | 5.000000e+01 | 5.500000e+01 |  10.00%|  12.44%
 68.8s|160200 | 83465 |  1373k|   8.6 |    81M | 186 | 241 |1275 |1275 |   0 |  0 |   0 |1977 | 5.000000e+01 | 5.500000e+01 |  10.00%|  12.44%
 68.9s|160300 | 83511 |  1374k|   8.6 |    81M | 186 | 241 |1275 |1275 |   0 |  0 |   0 |1980 | 5.000000e+01 | 5.500000e+01 |  10.00%|  12.44%
 68.9s|160400 | 83529 |  1374k|   8.6 |    81M | 186 | 241 |1275 |1275 |   0 |  0 |   0 |1980 | 5.000000e+01 | 5.500000e+01 |  10.00%|  12.44%
 68.9s|160500 | 83593 |  1375k|   8.6 |    81M | 186 | 241 |1275 |1275 |   0 |  0 |   0 |1980 | 5.000000e+01 | 5.500000e+01 |  10.00%|  12.44%
 69.0s|160600 | 83643 |  1375k|   8.6 |    81M | 186 | 241 |1275 |1275 |   0 |  0 |   0 |1980 | 5.000000e+01 | 5.500000e+01 |  10.00%|  12.44%
 69.0s|160700 | 83677 |  1375k|   8.6 |    81M | 186 | 241 |1275 |1275 |   0 |  0 |   0 |1980 | 5.000000e+01 | 5.500000e+01 |  10.00%|  12.44%
 69.0s|160800 | 83711 |  1376k|   8.6 |    81M | 186 | 241 |1275 |1275 |   0 |  0 |   0 |1980 | 5.000000e+01 | 5.500000e+01 |  10.00%|  12.44%
 69.1s|160900 | 83745 |  1376k|   8.6 |    81M | 186 | 241 |1275 |1275 |   0 |  0 |   0 |1980 | 5.000000e+01 | 5.500000e+01 |  10.00%|  12.44%
 69.1s|161000 | 83785 |  1376k|   8.6 |    81M | 186 | 241 |1275 |1275 |   0 |  0 |   0 |1980 | 5.000000e+01 | 5.500000e+01 |  10.00%|  12.44%
 69.1s|161100 | 83851 |  1378k|   8.6 |    81M | 186 | 241 |1275 |1275 |   0 |  0 |   0 |1980 | 5.000000e+01 | 5.500000e+01 |  10.00%|  12.44%
 69.2s|161200 | 83907 |  1379k|   8.6 |    81M | 186 | 241 |1275 |1275 |   0 |  0 |   0 |1980 | 5.000000e+01 | 5.500000e+01 |  10.00%|  12.44%
 69.2s|161300 | 83965 |  1380k|   8.6 |    81M | 186 | 241 |1275 |1275 |   0 |  0 |   0 |1980 | 5.000000e+01 | 5.500000e+01 |  10.00%|  12.44%
 69.3s|161400 | 84019 |  1381k|   8.6 |    81M | 186 | 241 |1275 |1275 |   0 |  0 |   0 |1980 | 5.000000e+01 | 5.500000e+01 |  10.00%|  12.44%
 time | node  | left  |LP iter|LP it/n|mem/heur|mdpt |vars |cons |rows |cuts |sepa|confs|strbr|  dualbound   | primalbound  |  gap   | compl. 
 69.3s|161500 | 84067 |  1382k|   8.6 |    81M | 186 | 241 |1275 |1275 |   0 |  0 |   0 |1980 | 5.000000e+01 | 5.500000e+01 |  10.00%|  12.45%
 69.4s|161600 | 84109 |  1382k|   8.6 |    81M | 186 | 241 |1275 |1275 |   0 |  0 |   0 |1980 | 5.000000e+01 | 5.500000e+01 |  10.00%|  12.45%
 69.4s|161700 | 84155 |  1383k|   8.6 |    81M | 186 | 241 |1275 |1275 |   0 |  0 |   0 |1985 | 5.000000e+01 | 5.500000e+01 |  10.00%|  12.45%
 69.4s|161800 | 84213 |  1384k|   8.6 |    81M | 186 | 241 |1275 |1275 |   0 |  0 |   0 |1985 | 5.000000e+01 | 5.500000e+01 |  10.00%|  12.45%
 69.5s|161900 | 84271 |  1385k|   8.6 |    81M | 186 | 241 |1275 |1275 |   0 |  0 |   0 |1985 | 5.000000e+01 | 5.500000e+01 |  10.00%|  12.45%
 69.5s|162000 | 84323 |  1385k|   8.6 |    81M | 186 | 241 |1275 |1275 |   0 |  0 |   0 |1985 | 5.000000e+01 | 5.500000e+01 |  10.00%|  12.45%
 69.6s|162100 | 84375 |  1386k|   8.6 |    81M | 186 | 241 |1275 |1275 |   0 |  0 |   0 |1985 | 5.000000e+01 | 5.500000e+01 |  10.00%|  12.45%
 69.6s|162200 | 84427 |  1386k|   8.5 |    81M | 186 | 241 |1275 |1275 |   0 |  0 |   0 |1985 | 5.000000e+01 | 5.500000e+01 |  10.00%|  12.45%
 69.6s|162300 | 84457 |  1387k|   8.5 |    81M | 186 | 241 |1275 |1275 |   0 |  0 |   0 |1985 | 5.000000e+01 | 5.500000e+01 |  10.00%|  12.45%
 69.7s|162400 | 84495 |  1387k|   8.5 |    81M | 186 | 241 |1275 |1275 |   0 |  0 |   0 |1985 | 5.000000e+01 | 5.500000e+01 |  10.00%|  12.45%
 69.7s|162500 | 84535 |  1387k|   8.5 |    82M | 186 | 241 |1275 |1275 |   0 |  0 |   0 |1985 | 5.000000e+01 | 5.500000e+01 |  10.00%|  12.45%
 69.7s|162600 | 84575 |  1388k|   8.5 |    82M | 186 | 241 |1275 |1275 |   0 |  0 |   0 |1985 | 5.000000e+01 | 5.500000e+01 |  10.00%|  12.45%
 69.8s|162700 | 84641 |  1389k|   8.5 |    82M | 186 | 241 |1275 |1275 |   0 |  0 |   0 |1985 | 5.000000e+01 | 5.500000e+01 |  10.00%|  12.45%
 69.8s|162800 | 84705 |  1389k|   8.5 |    83M | 186 | 241 |1275 |1275 |   0 |  0 |   0 |1985 | 5.000000e+01 | 5.500000e+01 |  10.00%|  12.45%
 69.8s|162900 | 84731 |  1390k|   8.5 |    83M | 186 | 241 |1275 |1275 |   0 |  0 |   0 |1985 | 5.000000e+01 | 5.500000e+01 |  10.00%|  12.45%
 time | node  | left  |LP iter|LP it/n|mem/heur|mdpt |vars |cons |rows |cuts |sepa|confs|strbr|  dualbound   | primalbound  |  gap   | compl. 
 69.9s|163000 | 84793 |  1390k|   8.5 |    83M | 186 | 241 |1275 |1275 |   0 |  0 |   0 |1985 | 5.000000e+01 | 5.500000e+01 |  10.00%|  12.45%
 69.9s|163100 | 84837 |  1391k|   8.5 |    83M | 186 | 241 |1275 |1275 |   0 |  0 |   0 |1985 | 5.000000e+01 | 5.500000e+01 |  10.00%|  12.45%
 70.0s|163200 | 84927 |  1393k|   8.5 |    83M | 186 | 241 |1275 |1275 |   0 |  0 |   0 |1985 | 5.000000e+01 | 5.500000e+01 |  10.00%|  12.45%
 70.0s|163300 | 85015 |  1395k|   8.5 |    83M | 186 | 241 |1275 |1275 |   0 |  0 |   0 |1985 | 5.000000e+01 | 5.500000e+01 |  10.00%|  12.45%
 70.1s|163400 | 85097 |  1397k|   8.5 |    83M | 186 | 241 |1275 |1275 |   0 |  0 |   0 |1985 | 5.000000e+01 | 5.500000e+01 |  10.00%|  12.45%
 70.1s|163500 | 85161 |  1398k|   8.6 |    83M | 186 | 241 |1275 |1275 |   0 |  0 |   0 |1985 | 5.000000e+01 | 5.500000e+01 |  10.00%|  12.45%
 70.2s|163600 | 85203 |  1399k|   8.6 |    83M | 186 | 241 |1275 |1275 |   0 |  0 |   0 |1985 | 5.000000e+01 | 5.500000e+01 |  10.00%|  12.45%
 70.2s|163700 | 85229 |  1399k|   8.5 |    83M | 186 | 241 |1275 |1275 |   0 |  0 |   0 |1992 | 5.000000e+01 | 5.500000e+01 |  10.00%|  12.45%
 70.2s|163800 | 85279 |  1400k|   8.5 |    83M | 186 | 241 |1275 |1275 |   0 |  0 |   0 |1992 | 5.000000e+01 | 5.500000e+01 |  10.00%|  12.45%
 70.3s|163900 | 85331 |  1400k|   8.5 |    83M | 186 | 241 |1275 |1275 |   0 |  0 |   0 |1998 | 5.000000e+01 | 5.500000e+01 |  10.00%|  12.45%
 70.3s|164000 | 85357 |  1401k|   8.5 |    84M | 186 | 241 |1275 |1275 |   0 |  0 |   0 |1998 | 5.000000e+01 | 5.500000e+01 |  10.00%|  12.46%
 70.4s|164100 | 85387 |  1401k|   8.5 |    84M | 186 | 241 |1275 |1275 |   0 |  0 |   0 |1998 | 5.000000e+01 | 5.500000e+01 |  10.00%|  12.46%
 70.4s|164200 | 85427 |  1402k|   8.5 |    84M | 186 | 241 |1275 |1275 |   0 |  0 |   0 |1998 | 5.000000e+01 | 5.500000e+01 |  10.00%|  12.46%
 70.4s|164300 | 85483 |  1403k|   8.5 |    84M | 186 | 241 |1275 |1275 |   0 |  0 |   0 |1998 | 5.000000e+01 | 5.500000e+01 |  10.00%|  12.46%
 70.5s|164400 | 85539 |  1403k|   8.5 |    84M | 186 | 241 |1275 |1275 |   0 |  0 |   0 |1998 | 5.000000e+01 | 5.500000e+01 |  10.00%|  12.46%
 time | node  | left  |LP iter|LP it/n|mem/heur|mdpt |vars |cons |rows |cuts |sepa|confs|strbr|  dualbound   | primalbound  |  gap   | compl. 
 70.5s|164500 | 85589 |  1404k|   8.5 |    84M | 186 | 241 |1275 |1275 |   0 |  0 |   0 |1998 | 5.000000e+01 | 5.500000e+01 |  10.00%|  12.46%
 70.6s|164600 | 85637 |  1404k|   8.5 |    84M | 186 | 241 |1275 |1275 |   0 |  0 |   0 |2012 | 5.000000e+01 | 5.500000e+01 |  10.00%|  12.46%
 70.6s|164700 | 85691 |  1405k|   8.5 |    84M | 186 | 241 |1275 |1275 |   0 |  0 |   0 |2012 | 5.000000e+01 | 5.500000e+01 |  10.00%|  12.46%
 70.6s|164800 | 85721 |  1407k|   8.5 |    84M | 186 | 241 |1275 |1275 |   0 |  0 |   0 |2012 | 5.000000e+01 | 5.500000e+01 |  10.00%|  12.46%
 70.7s|164900 | 85771 |  1407k|   8.5 |    84M | 186 | 241 |1275 |1275 |   0 |  0 |   0 |2012 | 5.000000e+01 | 5.500000e+01 |  10.00%|  12.46%
 70.7s|165000 | 85797 |  1407k|   8.5 |    84M | 186 | 241 |1275 |1275 |   0 |  0 |   0 |2020 | 5.000000e+01 | 5.500000e+01 |  10.00%|  12.46%
 70.8s|165100 | 85841 |  1408k|   8.5 |    84M | 186 | 241 |1275 |1275 |   0 |  0 |   0 |2020 | 5.000000e+01 | 5.500000e+01 |  10.00%|  12.46%
 70.8s|165200 | 85899 |  1409k|   8.5 |    84M | 186 | 241 |1275 |1275 |   0 |  0 |   0 |2030 | 5.000000e+01 | 5.500000e+01 |  10.00%|  12.46%
 70.8s|165300 | 85935 |  1409k|   8.5 |    84M | 186 | 241 |1275 |1275 |   0 |  0 |   0 |2030 | 5.000000e+01 | 5.500000e+01 |  10.00%|  12.46%
 70.9s|165400 | 85981 |  1410k|   8.5 |    84M | 186 | 241 |1275 |1275 |   0 |  0 |   0 |2047 | 5.000000e+01 | 5.500000e+01 |  10.00%|  12.46%
 70.9s|165500 | 86017 |  1411k|   8.5 |    84M | 186 | 241 |1275 |1275 |   0 |  0 |   0 |2047 | 5.000000e+01 | 5.500000e+01 |  10.00%|  12.46%
 71.0s|165600 | 86081 |  1412k|   8.5 |    84M | 186 | 241 |1275 |1275 |   0 |  0 |   0 |2047 | 5.000000e+01 | 5.500000e+01 |  10.00%|  12.47%
 71.0s|165700 | 86127 |  1412k|   8.5 |    84M | 186 | 241 |1275 |1275 |   0 |  0 |   0 |2060 | 5.000000e+01 | 5.500000e+01 |  10.00%|  12.47%
 71.1s|165800 | 86179 |  1414k|   8.5 |    84M | 186 | 241 |1275 |1275 |   0 |  0 |   0 |2060 | 5.000000e+01 | 5.500000e+01 |  10.00%|  12.47%
 71.1s|165900 | 86227 |  1415k|   8.5 |    84M | 186 | 241 |1275 |1275 |   0 |  0 |   0 |2077 | 5.000000e+01 | 5.500000e+01 |  10.00%|  12.48%
 time | node  | left  |LP iter|LP it/n|mem/heur|mdpt |vars |cons |rows |cuts |sepa|confs|strbr|  dualbound   | primalbound  |  gap   | compl. 
 71.2s|166000 | 86291 |  1416k|   8.5 |    84M | 186 | 241 |1275 |1275 |   0 |  0 |   0 |2077 | 5.000000e+01 | 5.500000e+01 |  10.00%|  12.48%
 71.2s|166100 | 86361 |  1417k|   8.5 |    84M | 186 | 241 |1275 |1275 |   0 |  0 |   0 |2077 | 5.000000e+01 | 5.500000e+01 |  10.00%|  12.48%
 71.3s|166200 | 86431 |  1418k|   8.5 |    84M | 186 | 241 |1275 |1275 |   0 |  0 |   0 |2077 | 5.000000e+01 | 5.500000e+01 |  10.00%|  12.48%
 71.3s|166300 | 86501 |  1418k|   8.5 |    84M | 186 | 241 |1275 |1275 |   0 |  0 |   0 |2077 | 5.000000e+01 | 5.500000e+01 |  10.00%|  12.48%
 71.3s|166400 | 86565 |  1419k|   8.5 |    84M | 186 | 241 |1275 |1275 |   0 |  0 |   0 |2077 | 5.000000e+01 | 5.500000e+01 |  10.00%|  12.48%
 71.4s|166500 | 86615 |  1420k|   8.5 |    84M | 186 | 241 |1275 |1275 |   0 |  0 |   0 |2077 | 5.000000e+01 | 5.500000e+01 |  10.00%|  12.48%
 71.4s|166600 | 86681 |  1420k|   8.5 |    84M | 186 | 241 |1275 |1275 |   0 |  0 |   0 |2077 | 5.000000e+01 | 5.500000e+01 |  10.00%|  12.48%
 71.4s|166700 | 86747 |  1421k|   8.5 |    84M | 186 | 241 |1275 |1275 |   0 |  0 |   0 |2077 | 5.000000e+01 | 5.500000e+01 |  10.00%|  12.48%
 71.5s|166800 | 86819 |  1422k|   8.5 |    84M | 186 | 241 |1275 |1275 |   0 |  0 |   0 |2077 | 5.000000e+01 | 5.500000e+01 |  10.00%|  12.48%
 71.5s|166900 | 86897 |  1422k|   8.5 |    84M | 186 | 241 |1275 |1275 |   0 |  0 |   0 |2077 | 5.000000e+01 | 5.500000e+01 |  10.00%|  12.48%
 71.6s|167000 | 86925 |  1423k|   8.5 |    84M | 186 | 241 |1275 |1275 |   0 |  0 |   0 |2077 | 5.000000e+01 | 5.500000e+01 |  10.00%|  12.48%
 71.6s|167100 | 86953 |  1423k|   8.5 |    84M | 186 | 241 |1275 |1275 |   0 |  0 |   0 |2077 | 5.000000e+01 | 5.500000e+01 |  10.00%|  12.48%
 71.6s|167200 | 86985 |  1424k|   8.5 |    84M | 186 | 241 |1275 |1275 |   0 |  0 |   0 |2077 | 5.000000e+01 | 5.500000e+01 |  10.00%|  12.48%
 71.7s|167300 | 87031 |  1424k|   8.5 |    84M | 186 | 241 |1275 |1275 |   0 |  0 |   0 |2077 | 5.000000e+01 | 5.500000e+01 |  10.00%|  12.48%
 71.7s|167400 | 87047 |  1425k|   8.5 |    84M | 186 | 241 |1275 |1275 |   0 |  0 |   0 |2077 | 5.000000e+01 | 5.500000e+01 |  10.00%|  12.48%
 time | node  | left  |LP iter|LP it/n|mem/heur|mdpt |vars |cons |rows |cuts |sepa|confs|strbr|  dualbound   | primalbound  |  gap   | compl. 
 71.7s|167500 | 87065 |  1425k|   8.5 |    84M | 186 | 241 |1275 |1275 |   0 |  0 |   0 |2077 | 5.000000e+01 | 5.500000e+01 |  10.00%|  12.48%
 71.7s|167600 | 87097 |  1425k|   8.5 |    84M | 186 | 241 |1275 |1275 |   0 |  0 |   0 |2077 | 5.000000e+01 | 5.500000e+01 |  10.00%|  12.48%
 71.8s|167700 | 87113 |  1426k|   8.5 |    84M | 186 | 241 |1275 |1275 |   0 |  0 |   0 |2077 | 5.000000e+01 | 5.500000e+01 |  10.00%|  12.48%
 71.8s|167800 | 87147 |  1426k|   8.5 |    84M | 186 | 241 |1275 |1275 |   0 |  0 |   0 |2077 | 5.000000e+01 | 5.500000e+01 |  10.00%|  12.48%
 71.8s|167900 | 87179 |  1427k|   8.5 |    84M | 186 | 241 |1275 |1275 |   0 |  0 |   0 |2077 | 5.000000e+01 | 5.500000e+01 |  10.00%|  12.48%
 71.9s|168000 | 87211 |  1427k|   8.5 |    84M | 186 | 241 |1275 |1275 |   0 |  0 |   0 |2077 | 5.000000e+01 | 5.500000e+01 |  10.00%|  12.48%
 71.9s|168100 | 87237 |  1427k|   8.5 |    84M | 186 | 241 |1275 |1275 |   0 |  0 |   0 |2077 | 5.000000e+01 | 5.500000e+01 |  10.00%|  12.48%
 71.9s|168200 | 87281 |  1428k|   8.5 |    84M | 186 | 241 |1275 |1275 |   0 |  0 |   0 |2077 | 5.000000e+01 | 5.500000e+01 |  10.00%|  12.48%
 72.0s|168300 | 87349 |  1428k|   8.5 |    84M | 186 | 241 |1275 |1275 |   0 |  0 |   0 |2077 | 5.000000e+01 | 5.500000e+01 |  10.00%|  12.48%
 72.0s|168400 | 87403 |  1429k|   8.5 |    84M | 186 | 241 |1275 |1275 |   0 |  0 |   0 |2077 | 5.000000e+01 | 5.500000e+01 |  10.00%|  12.48%
 72.1s|168500 | 87481 |  1429k|   8.5 |    84M | 186 | 241 |1275 |1275 |   0 |  0 |   0 |2077 | 5.000000e+01 | 5.500000e+01 |  10.00%|  12.48%
 72.1s|168600 | 87527 |  1430k|   8.5 |    84M | 186 | 241 |1275 |1275 |   0 |  0 |   0 |2077 | 5.000000e+01 | 5.500000e+01 |  10.00%|  12.48%
 72.1s|168700 | 87569 |  1430k|   8.5 |    84M | 186 | 241 |1275 |1275 |   0 |  0 |   0 |2077 | 5.000000e+01 | 5.500000e+01 |  10.00%|  12.48%
 72.1s|168800 | 87587 |  1431k|   8.5 |    84M | 186 | 241 |1275 |1275 |   0 |  0 |   0 |2077 | 5.000000e+01 | 5.500000e+01 |  10.00%|  12.48%
 72.2s|168900 | 87631 |  1431k|   8.5 |    84M | 186 | 241 |1275 |1275 |   0 |  0 |   0 |2077 | 5.000000e+01 | 5.500000e+01 |  10.00%|  12.48%
 time | node  | left  |LP iter|LP it/n|mem/heur|mdpt |vars |cons |rows |cuts |sepa|confs|strbr|  dualbound   | primalbound  |  gap   | compl. 
 72.2s|169000 | 87675 |  1432k|   8.5 |    84M | 186 | 241 |1275 |1275 |   0 |  0 |   0 |2077 | 5.000000e+01 | 5.500000e+01 |  10.00%|  12.48%
 72.3s|169100 | 87705 |  1432k|   8.5 |    84M | 186 | 241 |1275 |1275 |   0 |  0 |   0 |2077 | 5.000000e+01 | 5.500000e+01 |  10.00%|  12.48%
 72.3s|169200 | 87741 |  1433k|   8.5 |    84M | 186 | 241 |1275 |1275 |   0 |  0 |   0 |2077 | 5.000000e+01 | 5.500000e+01 |  10.00%|  12.48%
 72.3s|169300 | 87781 |  1433k|   8.5 |    84M | 186 | 241 |1275 |1275 |   0 |  0 |   0 |2077 | 5.000000e+01 | 5.500000e+01 |  10.00%|  12.48%
 72.4s|169400 | 87801 |  1434k|   8.5 |    85M | 186 | 241 |1275 |1275 |   0 |  0 |   0 |2077 | 5.000000e+01 | 5.500000e+01 |  10.00%|  12.48%
 72.4s|169500 | 87827 |  1434k|   8.5 |    85M | 186 | 241 |1275 |1275 |   0 |  0 |   0 |2077 | 5.000000e+01 | 5.500000e+01 |  10.00%|  12.48%
 72.4s|169600 | 87869 |  1435k|   8.5 |    85M | 186 | 241 |1275 |1275 |   0 |  0 |   0 |2077 | 5.000000e+01 | 5.500000e+01 |  10.00%|  12.48%
 72.5s|169700 | 87911 |  1436k|   8.5 |    85M | 186 | 241 |1275 |1275 |   0 |  0 |   0 |2077 | 5.000000e+01 | 5.500000e+01 |  10.00%|  12.48%
 72.5s|169800 | 87973 |  1436k|   8.5 |    85M | 186 | 241 |1275 |1275 |   0 |  0 |   0 |2077 | 5.000000e+01 | 5.500000e+01 |  10.00%|  12.48%
 72.5s|169900 | 88043 |  1437k|   8.5 |    86M | 186 | 241 |1275 |1275 |   0 |  0 |   0 |2077 | 5.000000e+01 | 5.500000e+01 |  10.00%|  12.48%
 72.6s|170000 | 88101 |  1438k|   8.5 |    86M | 186 | 241 |1275 |1275 |   0 |  0 |   0 |2077 | 5.000000e+01 | 5.500000e+01 |  10.00%|  12.48%
 72.6s|170100 | 88153 |  1438k|   8.5 |    86M | 186 | 241 |1275 |1275 |   0 |  0 |   0 |2077 | 5.000000e+01 | 5.500000e+01 |  10.00%|  12.48%
 72.7s|170200 | 88211 |  1440k|   8.5 |    86M | 186 | 241 |1275 |1275 |   0 |  0 |   0 |2077 | 5.000000e+01 | 5.500000e+01 |  10.00%|  12.48%
 72.7s|170300 | 88299 |  1440k|   8.5 |    86M | 186 | 241 |1275 |1275 |   0 |  0 |   0 |2077 | 5.000000e+01 | 5.500000e+01 |  10.00%|  12.48%
 72.7s|170400 | 88387 |  1441k|   8.5 |    86M | 186 | 241 |1275 |1275 |   0 |  0 |   0 |2077 | 5.000000e+01 | 5.500000e+01 |  10.00%|  12.48%
 time | node  | left  |LP iter|LP it/n|mem/heur|mdpt |vars |cons |rows |cuts |sepa|confs|strbr|  dualbound   | primalbound  |  gap   | compl. 
 72.8s|170500 | 88459 |  1442k|   8.5 |    86M | 186 | 241 |1275 |1275 |   0 |  0 |   0 |2077 | 5.000000e+01 | 5.500000e+01 |  10.00%|  12.48%
 72.8s|170600 | 88519 |  1443k|   8.5 |    86M | 186 | 241 |1275 |1275 |   0 |  0 |   0 |2077 | 5.000000e+01 | 5.500000e+01 |  10.00%|  12.48%
 72.9s|170700 | 88591 |  1444k|   8.5 |    86M | 186 | 241 |1275 |1275 |   0 |  0 |   0 |2077 | 5.000000e+01 | 5.500000e+01 |  10.00%|  12.48%
 72.9s|170800 | 88651 |  1444k|   8.5 |    86M | 186 | 241 |1275 |1275 |   0 |  0 |   0 |2077 | 5.000000e+01 | 5.500000e+01 |  10.00%|  12.48%
 72.9s|170900 | 88675 |  1445k|   8.5 |    86M | 186 | 241 |1275 |1275 |   0 |  0 |   0 |2084 | 5.000000e+01 | 5.500000e+01 |  10.00%|  12.48%
 73.0s|171000 | 88727 |  1445k|   8.5 |    86M | 186 | 241 |1275 |1275 |   0 |  0 |   0 |2084 | 5.000000e+01 | 5.500000e+01 |  10.00%|  12.48%
 73.0s|171100 | 88803 |  1446k|   8.5 |    86M | 186 | 241 |1275 |1275 |   0 |  0 |   0 |2084 | 5.000000e+01 | 5.500000e+01 |  10.00%|  12.48%
 73.1s|171200 | 88879 |  1447k|   8.5 |    86M | 186 | 241 |1275 |1275 |   0 |  0 |   0 |2084 | 5.000000e+01 | 5.500000e+01 |  10.00%|  12.48%
 73.1s|171300 | 88949 |  1448k|   8.5 |    86M | 186 | 241 |1275 |1275 |   0 |  0 |   0 |2084 | 5.000000e+01 | 5.500000e+01 |  10.00%|  12.48%
 73.1s|171400 | 89023 |  1448k|   8.5 |    86M | 186 | 241 |1275 |1275 |   0 |  0 |   0 |2084 | 5.000000e+01 | 5.500000e+01 |  10.00%|  12.48%
 73.2s|171500 | 89061 |  1449k|   8.4 |    86M | 186 | 241 |1275 |1275 |   0 |  0 |   0 |2084 | 5.000000e+01 | 5.500000e+01 |  10.00%|  12.48%
 73.2s|171600 | 89091 |  1449k|   8.4 |    86M | 186 | 241 |1275 |1275 |   0 |  0 |   0 |2084 | 5.000000e+01 | 5.500000e+01 |  10.00%|  12.48%
 73.2s|171700 | 89171 |  1450k|   8.4 |    86M | 186 | 241 |1275 |1275 |   0 |  0 |   0 |2084 | 5.000000e+01 | 5.500000e+01 |  10.00%|  12.48%
 73.3s|171800 | 89245 |  1451k|   8.4 |    86M | 186 | 241 |1275 |1275 |   0 |  0 |   0 |2084 | 5.000000e+01 | 5.500000e+01 |  10.00%|  12.48%
 73.3s|171900 | 89303 |  1451k|   8.4 |    86M | 186 | 241 |1275 |1275 |   0 |  0 |   0 |2084 | 5.000000e+01 | 5.500000e+01 |  10.00%|  12.48%
 time | node  | left  |LP iter|LP it/n|mem/heur|mdpt |vars |cons |rows |cuts |sepa|confs|strbr|  dualbound   | primalbound  |  gap   | compl. 
 73.3s|172000 | 89365 |  1452k|   8.4 |    86M | 186 | 241 |1275 |1275 |   0 |  0 |   0 |2084 | 5.000000e+01 | 5.500000e+01 |  10.00%|  12.48%
 73.4s|172100 | 89399 |  1452k|   8.4 |    86M | 186 | 241 |1275 |1275 |   0 |  0 |   0 |2084 | 5.000000e+01 | 5.500000e+01 |  10.00%|  12.48%
 73.4s|172200 | 89447 |  1453k|   8.4 |    86M | 186 | 241 |1275 |1275 |   0 |  0 |   0 |2084 | 5.000000e+01 | 5.500000e+01 |  10.00%|  12.48%
 73.5s|172300 | 89517 |  1454k|   8.4 |    86M | 186 | 241 |1275 |1275 |   0 |  0 |   0 |2084 | 5.000000e+01 | 5.500000e+01 |  10.00%|  12.48%
 73.5s|172400 | 89587 |  1454k|   8.4 |    86M | 186 | 241 |1275 |1275 |   0 |  0 |   0 |2084 | 5.000000e+01 | 5.500000e+01 |  10.00%|  12.48%
 73.5s|172500 | 89631 |  1455k|   8.4 |    86M | 186 | 241 |1275 |1275 |   0 |  0 |   0 |2087 | 5.000000e+01 | 5.500000e+01 |  10.00%|  12.48%
 73.6s|172600 | 89683 |  1455k|   8.4 |    86M | 186 | 241 |1275 |1275 |   0 |  0 |   0 |2087 | 5.000000e+01 | 5.500000e+01 |  10.00%|  12.48%
 73.6s|172700 | 89709 |  1456k|   8.4 |    86M | 186 | 241 |1275 |1275 |   0 |  0 |   0 |2147 | 5.000000e+01 | 5.500000e+01 |  10.00%|  12.48%
 73.7s|172800 | 89743 |  1456k|   8.4 |    86M | 186 | 241 |1275 |1275 |   0 |  0 |   0 |2162 | 5.000000e+01 | 5.500000e+01 |  10.00%|  12.48%
 73.7s|172900 | 89785 |  1457k|   8.4 |    86M | 186 | 241 |1275 |1275 |   0 |  0 |   0 |2172 | 5.000000e+01 | 5.500000e+01 |  10.00%|  12.48%
 73.8s|173000 | 89823 |  1457k|   8.4 |    86M | 186 | 241 |1275 |1275 |   0 |  0 |   0 |2208 | 5.000000e+01 | 5.500000e+01 |  10.00%|  12.48%
 73.8s|173100 | 89839 |  1457k|   8.4 |    86M | 186 | 241 |1275 |1275 |   0 |  0 |   0 |2208 | 5.000000e+01 | 5.500000e+01 |  10.00%|  12.48%
 73.9s|173200 | 89883 |  1458k|   8.4 |    86M | 186 | 241 |1275 |1275 |   0 |  0 |   0 |2232 | 5.000000e+01 | 5.500000e+01 |  10.00%|  12.48%
 73.9s|173300 | 89897 |  1458k|   8.4 |    86M | 186 | 241 |1275 |1275 |   0 |  0 |   0 |2244 | 5.000000e+01 | 5.500000e+01 |  10.00%|  12.48%
 73.9s|173400 | 89881 |  1459k|   8.4 |    86M | 186 | 241 |1275 |1275 |   0 |  0 |   0 |2247 | 5.000000e+01 | 5.500000e+01 |  10.00%|  12.48%
 time | node  | left  |LP iter|LP it/n|mem/heur|mdpt |vars |cons |rows |cuts |sepa|confs|strbr|  dualbound   | primalbound  |  gap   | compl. 
 74.0s|173500 | 89915 |  1459k|   8.4 |    86M | 186 | 241 |1275 |1275 |   0 |  0 |   0 |2257 | 5.000000e+01 | 5.500000e+01 |  10.00%|  12.48%
 74.0s|173600 | 89963 |  1460k|   8.4 |    86M | 186 | 241 |1275 |1275 |   0 |  0 |   0 |2257 | 5.000000e+01 | 5.500000e+01 |  10.00%|  12.48%
 74.1s|173700 | 89999 |  1460k|   8.4 |    86M | 186 | 241 |1275 |1275 |   0 |  0 |   0 |2361 | 5.000000e+01 | 5.500000e+01 |  10.00%|  12.48%
 74.1s|173800 | 90021 |  1461k|   8.4 |    86M | 186 | 241 |1275 |1275 |   0 |  0 |   0 |2361 | 5.000000e+01 | 5.500000e+01 |  10.00%|  12.48%
 74.2s|173900 | 90049 |  1461k|   8.4 |    86M | 186 | 241 |1275 |1275 |   0 |  0 |   0 |2361 | 5.000000e+01 | 5.500000e+01 |  10.00%|  12.48%
 74.2s|174000 | 90131 |  1462k|   8.4 |    86M | 186 | 241 |1275 |1275 |   0 |  0 |   0 |2361 | 5.000000e+01 | 5.500000e+01 |  10.00%|  12.48%
 74.3s|174100 | 90203 |  1463k|   8.4 |    87M | 186 | 241 |1275 |1275 |   0 |  0 |   0 |2361 | 5.000000e+01 | 5.500000e+01 |  10.00%|  12.48%
 74.3s|174200 | 90253 |  1464k|   8.4 |    87M | 186 | 241 |1275 |1275 |   0 |  0 |   0 |2361 | 5.000000e+01 | 5.500000e+01 |  10.00%|  12.48%
 74.3s|174300 | 90297 |  1464k|   8.4 |    87M | 186 | 241 |1275 |1275 |   0 |  0 |   0 |2365 | 5.000000e+01 | 5.500000e+01 |  10.00%|  12.48%
 74.4s|174400 | 90337 |  1465k|   8.4 |    87M | 186 | 241 |1275 |1275 |   0 |  0 |   0 |2365 | 5.000000e+01 | 5.500000e+01 |  10.00%|  12.48%
 74.4s|174500 | 90387 |  1465k|   8.4 |    87M | 186 | 241 |1275 |1275 |   0 |  0 |   0 |2365 | 5.000000e+01 | 5.500000e+01 |  10.00%|  12.48%
 74.4s|174600 | 90423 |  1466k|   8.4 |    87M | 186 | 241 |1275 |1275 |   0 |  0 |   0 |2365 | 5.000000e+01 | 5.500000e+01 |  10.00%|  12.48%
 74.5s|174700 | 90461 |  1467k|   8.4 |    87M | 186 | 241 |1275 |1275 |   0 |  0 |   0 |2365 | 5.000000e+01 | 5.500000e+01 |  10.00%|  12.48%
 74.5s|174800 | 90511 |  1468k|   8.4 |    87M | 186 | 241 |1275 |1275 |   0 |  0 |   0 |2365 | 5.000000e+01 | 5.500000e+01 |  10.00%|  12.48%
 74.5s|174900 | 90561 |  1468k|   8.4 |    87M | 186 | 241 |1275 |1275 |   0 |  0 |   0 |2365 | 5.000000e+01 | 5.500000e+01 |  10.00%|  12.48%
 time | node  | left  |LP iter|LP it/n|mem/heur|mdpt |vars |cons |rows |cuts |sepa|confs|strbr|  dualbound   | primalbound  |  gap   | compl. 
 74.6s|175000 | 90615 |  1469k|   8.4 |    87M | 186 | 241 |1275 |1275 |   0 |  0 |   0 |2365 | 5.000000e+01 | 5.500000e+01 |  10.00%|  12.49%
 74.6s|175100 | 90665 |  1469k|   8.4 |    87M | 186 | 241 |1275 |1275 |   0 |  0 |   0 |2365 | 5.000000e+01 | 5.500000e+01 |  10.00%|  12.49%
 74.6s|175200 | 90725 |  1470k|   8.4 |    87M | 186 | 241 |1275 |1275 |   0 |  0 |   0 |2365 | 5.000000e+01 | 5.500000e+01 |  10.00%|  12.49%
 74.7s|175300 | 90789 |  1470k|   8.4 |    87M | 186 | 241 |1275 |1275 |   0 |  0 |   0 |2365 | 5.000000e+01 | 5.500000e+01 |  10.00%|  12.49%
 74.7s|175400 | 90853 |  1471k|   8.4 |    87M | 186 | 241 |1275 |1275 |   0 |  0 |   0 |2365 | 5.000000e+01 | 5.500000e+01 |  10.00%|  12.49%
 74.7s|175500 | 90899 |  1471k|   8.4 |    87M | 186 | 241 |1275 |1275 |   0 |  0 |   0 |2365 | 5.000000e+01 | 5.500000e+01 |  10.00%|  12.49%
 74.8s|175600 | 90955 |  1472k|   8.4 |    87M | 186 | 241 |1275 |1275 |   0 |  0 |   0 |2365 | 5.000000e+01 | 5.500000e+01 |  10.00%|  12.49%
 74.8s|175700 | 91023 |  1472k|   8.4 |    87M | 186 | 241 |1275 |1275 |   0 |  0 |   0 |2365 | 5.000000e+01 | 5.500000e+01 |  10.00%|  12.49%
 74.9s|175800 | 91085 |  1473k|   8.4 |    87M | 186 | 241 |1275 |1275 |   0 |  0 |   0 |2394 | 5.000000e+01 | 5.500000e+01 |  10.00%|  12.49%
 74.9s|175900 | 91143 |  1473k|   8.4 |    87M | 186 | 241 |1275 |1275 |   0 |  0 |   0 |2410 | 5.000000e+01 | 5.500000e+01 |  10.00%|  12.49%
 75.0s|176000 | 91187 |  1474k|   8.4 |    87M | 186 | 241 |1275 |1275 |   0 |  0 |   0 |2410 | 5.000000e+01 | 5.500000e+01 |  10.00%|  12.49%
 75.0s|176100 | 91239 |  1474k|   8.4 |    87M | 186 | 241 |1275 |1275 |   0 |  0 |   0 |2410 | 5.000000e+01 | 5.500000e+01 |  10.00%|  12.49%
 75.0s|176200 | 91265 |  1475k|   8.4 |    87M | 186 | 241 |1275 |1275 |   0 |  0 |   0 |2410 | 5.000000e+01 | 5.500000e+01 |  10.00%|  12.49%
 75.1s|176300 | 91307 |  1475k|   8.4 |    87M | 186 | 241 |1275 |1275 |   0 |  0 |   0 |2435 | 5.000000e+01 | 5.500000e+01 |  10.00%|  12.49%
 75.1s|176400 | 91341 |  1476k|   8.4 |    88M | 186 | 241 |1275 |1275 |   0 |  0 |   0 |2435 | 5.000000e+01 | 5.500000e+01 |  10.00%|  12.49%
 time | node  | left  |LP iter|LP it/n|mem/heur|mdpt |vars |cons |rows |cuts |sepa|confs|strbr|  dualbound   | primalbound  |  gap   | compl. 
 75.1s|176500 | 91377 |  1476k|   8.4 |    88M | 186 | 241 |1275 |1275 |   0 |  0 |   0 |2435 | 5.000000e+01 | 5.500000e+01 |  10.00%|  12.49%
 75.2s|176600 | 91435 |  1476k|   8.4 |    89M | 186 | 241 |1275 |1275 |   0 |  0 |   0 |2441 | 5.000000e+01 | 5.500000e+01 |  10.00%|  12.49%
 75.2s|176700 | 91493 |  1477k|   8.4 |    89M | 186 | 241 |1275 |1275 |   0 |  0 |   0 |2448 | 5.000000e+01 | 5.500000e+01 |  10.00%|  12.49%
 75.3s|176800 | 91539 |  1477k|   8.4 |    89M | 186 | 241 |1275 |1275 |   0 |  0 |   0 |2467 | 5.000000e+01 | 5.500000e+01 |  10.00%|  12.49%
 75.3s|176900 | 91595 |  1478k|   8.4 |    89M | 186 | 241 |1275 |1275 |   0 |  0 |   0 |2467 | 5.000000e+01 | 5.500000e+01 |  10.00%|  12.49%
 75.3s|177000 | 91621 |  1478k|   8.4 |    89M | 186 | 241 |1275 |1275 |   0 |  0 |   0 |2467 | 5.000000e+01 | 5.500000e+01 |  10.00%|  12.49%
 75.4s|177100 | 91689 |  1480k|   8.4 |    89M | 186 | 241 |1275 |1275 |   0 |  0 |   0 |2474 | 5.000000e+01 | 5.500000e+01 |  10.00%|  12.49%
 75.4s|177200 | 91709 |  1480k|   8.4 |    89M | 186 | 241 |1275 |1275 |   0 |  0 |   0 |2480 | 5.000000e+01 | 5.500000e+01 |  10.00%|  12.49%
 75.5s|177300 | 91763 |  1481k|   8.4 |    89M | 186 | 241 |1275 |1275 |   0 |  0 |   0 |2480 | 5.000000e+01 | 5.500000e+01 |  10.00%|  12.49%
 75.5s|177400 | 91829 |  1482k|   8.4 |    89M | 186 | 241 |1275 |1275 |   0 |  0 |   0 |2480 | 5.000000e+01 | 5.500000e+01 |  10.00%|  12.49%
 75.6s|177500 | 91893 |  1483k|   8.4 |    89M | 186 | 241 |1275 |1275 |   0 |  0 |   0 |2480 | 5.000000e+01 | 5.500000e+01 |  10.00%|  12.49%
 75.6s|177600 | 91949 |  1483k|   8.4 |    89M | 186 | 241 |1275 |1275 |   0 |  0 |   0 |2480 | 5.000000e+01 | 5.500000e+01 |  10.00%|  12.49%
 75.6s|177700 | 92003 |  1484k|   8.4 |    89M | 186 | 241 |1275 |1275 |   0 |  0 |   0 |2480 | 5.000000e+01 | 5.500000e+01 |  10.00%|  12.49%
 75.7s|177800 | 92043 |  1484k|   8.3 |    89M | 186 | 241 |1275 |1275 |   0 |  0 |   0 |2480 | 5.000000e+01 | 5.500000e+01 |  10.00%|  12.49%
 75.7s|177900 | 92073 |  1484k|   8.3 |    89M | 186 | 241 |1275 |1275 |   0 |  0 |   0 |2480 | 5.000000e+01 | 5.500000e+01 |  10.00%|  12.49%
 time | node  | left  |LP iter|LP it/n|mem/heur|mdpt |vars |cons |rows |cuts |sepa|confs|strbr|  dualbound   | primalbound  |  gap   | compl. 
 75.7s|178000 | 92125 |  1485k|   8.3 |    89M | 186 | 241 |1275 |1275 |   0 |  0 |   0 |2480 | 5.000000e+01 | 5.500000e+01 |  10.00%|  12.49%
 75.8s|178100 | 92167 |  1486k|   8.3 |    89M | 186 | 241 |1275 |1275 |   0 |  0 |   0 |2480 | 5.000000e+01 | 5.500000e+01 |  10.00%|  12.49%
 75.8s|178200 | 92219 |  1486k|   8.3 |    89M | 186 | 241 |1275 |1275 |   0 |  0 |   0 |2480 | 5.000000e+01 | 5.500000e+01 |  10.00%|  12.49%
 75.8s|178300 | 92275 |  1487k|   8.3 |    89M | 186 | 241 |1275 |1275 |   0 |  0 |   0 |2480 | 5.000000e+01 | 5.500000e+01 |  10.00%|  12.49%
 75.9s|178400 | 92325 |  1487k|   8.3 |    89M | 186 | 241 |1275 |1275 |   0 |  0 |   0 |2480 | 5.000000e+01 | 5.500000e+01 |  10.00%|  12.49%
 75.9s|178500 | 92379 |  1488k|   8.3 |    89M | 186 | 241 |1275 |1275 |   0 |  0 |   0 |2480 | 5.000000e+01 | 5.500000e+01 |  10.00%|  12.49%
 76.0s|178600 | 92463 |  1489k|   8.3 |    89M | 186 | 241 |1275 |1275 |   0 |  0 |   0 |2480 | 5.000000e+01 | 5.500000e+01 |  10.00%|  12.49%
 76.0s|178700 | 92531 |  1489k|   8.3 |    89M | 186 | 241 |1275 |1275 |   0 |  0 |   0 |2480 | 5.000000e+01 | 5.500000e+01 |  10.00%|  12.49%
 76.0s|178800 | 92599 |  1490k|   8.3 |    89M | 186 | 241 |1275 |1275 |   0 |  0 |   0 |2480 | 5.000000e+01 | 5.500000e+01 |  10.00%|  12.49%
 76.1s|178900 | 92651 |  1490k|   8.3 |    89M | 186 | 241 |1275 |1275 |   0 |  0 |   0 |2480 | 5.000000e+01 | 5.500000e+01 |  10.00%|  12.49%
 76.1s|179000 | 92711 |  1491k|   8.3 |    89M | 186 | 241 |1275 |1275 |   0 |  0 |   0 |2480 | 5.000000e+01 | 5.500000e+01 |  10.00%|  12.49%
 76.1s|179100 | 92753 |  1491k|   8.3 |    89M | 186 | 241 |1275 |1275 |   0 |  0 |   0 |2480 | 5.000000e+01 | 5.500000e+01 |  10.00%|  12.49%
*76.3s|179147 |     0 |  1492k|   8.3 |    LP  | 186 | 241 |1275 |1275 |   0 |  0 |   0 |2480 | 5.000000e+01 | 5.000000e+01 |   0.00%| 100.00%

SCIP Status        : problem is solved [optimal solution found]
Solving Time (sec) : 76.31
Solving Nodes      : 179147
Primal Bound       : +5.00000000000000e+01 (6 solutions)
Dual Bound         : +5.00000000000000e+01
Gap                : 0.00 %
objective value:                                   50
delta[B14,B12]                                      1 	(obj:0)
delta[B0,B1]                                        1 	(obj:0)
delta[B0,B2]                                        1 	(obj:0)
delta[B0,B3]                                        1 	(obj:0)
delta[B0,B4]                                        1 	(obj:0)
delta[B0,B5]                                        1 	(obj:0)
delta[B0,B6]                                        1 	(obj:0)
delta[B0,B7]                                        1 	(obj:0)
delta[B0,B8]                                        1 	(obj:0)
delta[B0,B9]                                        1 	(obj:0)
delta[B0,B10]                                       1 	(obj:0)
delta[B0,B11]                                       1 	(obj:0)
delta[B0,B12]                                       1 	(obj:0)
delta[B0,B13]                                       1 	(obj:0)
delta[B0,B14]                                       1 	(obj:0)
delta[B1,B2]                                        1 	(obj:0)
delta[B1,B3]                                        1 	(obj:0)
delta[B1,B4]                                        1 	(obj:0)
delta[B1,B5]                                        1 	(obj:0)
delta[B1,B6]                                        1 	(obj:0)
delta[B1,B7]                                        1 	(obj:0)
delta[B1,B8]                                        1 	(obj:0)
delta[B1,B9]                                        1 	(obj:0)
delta[B1,B10]                                       1 	(obj:0)
delta[B1,B11]                                       1 	(obj:0)
delta[B1,B12]                                       1 	(obj:0)
delta[B2,B1]                                        1 	(obj:0)
delta[B2,B3]                                        1 	(obj:0)
delta[B2,B5]                                        1 	(obj:0)
delta[B2,B8]                                        1 	(obj:0)
delta[B2,B10]                                       1 	(obj:0)
delta[B3,B1]                                        1 	(obj:0)
delta[B3,B2]                                        1 	(obj:0)
delta[B3,B5]                                        1 	(obj:0)
delta[B3,B6]                                        1 	(obj:0)
delta[B3,B8]                                        1 	(obj:0)
delta[B3,B10]                                       1 	(obj:0)
delta[B3,B12]                                       1 	(obj:0)
delta[B4,B0]                                        1 	(obj:0)
delta[B4,B1]                                        1 	(obj:0)
delta[B4,B2]                                        1 	(obj:0)
delta[B4,B3]                                        1 	(obj:0)
delta[B4,B5]                                        1 	(obj:0)
delta[B4,B6]                                        1 	(obj:0)
delta[B4,B7]                                        1 	(obj:0)
delta[B4,B8]                                        1 	(obj:0)
delta[B4,B9]                                        1 	(obj:0)
delta[B4,B10]                                       1 	(obj:0)
delta[B4,B12]                                       1 	(obj:0)
delta[B5,B0]                                        1 	(obj:0)
delta[B5,B1]                                        1 	(obj:0)
delta[B5,B2]                                        1 	(obj:0)
delta[B5,B3]                                        1 	(obj:0)
delta[B5,B4]                                        1 	(obj:0)
delta[B5,B6]                                        1 	(obj:0)
delta[B5,B8]                                        1 	(obj:0)
delta[B5,B10]                                       1 	(obj:0)
delta[B6,B0]                                        1 	(obj:0)
delta[B6,B1]                                        1 	(obj:0)
delta[B6,B2]                                        1 	(obj:0)
delta[B6,B3]                                        1 	(obj:0)
delta[B6,B4]                                        1 	(obj:0)
delta[B6,B5]                                        1 	(obj:0)
delta[B6,B7]                                        1 	(obj:0)
delta[B6,B8]                                        1 	(obj:0)
delta[B6,B10]                                       1 	(obj:0)
delta[B6,B11]                                       1 	(obj:0)
delta[B6,B12]                                       1 	(obj:0)
delta[B6,B13]                                       1 	(obj:0)
delta[B6,B14]                                       1 	(obj:0)
delta[B7,B0]                                        1 	(obj:0)
delta[B7,B1]                                        1 	(obj:0)
delta[B7,B2]                                        1 	(obj:0)
delta[B7,B3]                                        1 	(obj:0)
delta[B7,B4]                                        1 	(obj:0)
delta[B7,B5]                                        1 	(obj:0)
delta[B7,B8]                                        1 	(obj:0)
delta[B7,B10]                                       1 	(obj:0)
delta[B7,B12]                                       1 	(obj:0)
delta[B8,B1]                                        1 	(obj:0)
delta[B8,B2]                                        1 	(obj:0)
delta[B8,B3]                                        1 	(obj:0)
delta[B8,B4]                                        1 	(obj:0)
delta[B8,B5]                                        1 	(obj:0)
delta[B8,B7]                                        1 	(obj:0)
delta[B8,B10]                                       1 	(obj:0)
delta[B8,B12]                                       1 	(obj:0)
delta[B9,B0]                                        1 	(obj:0)
delta[B9,B1]                                        1 	(obj:0)
delta[B9,B2]                                        1 	(obj:0)
delta[B9,B3]                                        1 	(obj:0)
delta[B9,B4]                                        1 	(obj:0)
delta[B9,B5]                                        1 	(obj:0)
delta[B9,B7]                                        1 	(obj:0)
delta[B9,B8]                                        1 	(obj:0)
delta[B9,B10]                                       1 	(obj:0)
delta[B9,B12]                                       1 	(obj:0)
delta[B10,B0]                                       1 	(obj:0)
delta[B10,B1]                                       1 	(obj:0)
delta[B10,B2]                                       1 	(obj:0)
delta[B10,B3]                                       1 	(obj:0)
delta[B10,B4]                                       1 	(obj:0)
delta[B10,B5]                                       1 	(obj:0)
delta[B10,B6]                                       1 	(obj:0)
delta[B10,B7]                                       1 	(obj:0)
delta[B10,B8]                                       1 	(obj:0)
delta[B10,B9]                                       1 	(obj:0)
delta[B10,B11]                                      1 	(obj:0)
delta[B10,B12]                                      1 	(obj:0)
delta[B10,B13]                                      1 	(obj:0)
delta[B10,B14]                                      1 	(obj:0)
delta[B11,B0]                                       1 	(obj:0)
delta[B11,B1]                                       1 	(obj:0)
delta[B11,B8]                                       1 	(obj:0)
delta[B11,B10]                                      1 	(obj:0)
delta[B12,B0]                                       1 	(obj:0)
delta[B12,B1]                                       1 	(obj:0)
delta[B12,B2]                                       1 	(obj:0)
delta[B12,B3]                                       1 	(obj:0)
delta[B12,B4]                                       1 	(obj:0)
delta[B12,B5]                                       1 	(obj:0)
delta[B12,B6]                                       1 	(obj:0)
delta[B12,B7]                                       1 	(obj:0)
delta[B12,B8]                                       1 	(obj:0)
delta[B12,B9]                                       1 	(obj:0)
delta[B12,B10]                                      1 	(obj:0)
delta[B13,B0]                                       1 	(obj:0)
delta[B13,B1]                                       1 	(obj:0)
delta[B13,B2]                                       1 	(obj:0)
delta[B13,B3]                                       1 	(obj:0)
delta[B13,B4]                                       1 	(obj:0)
delta[B13,B5]                                       1 	(obj:0)
delta[B13,B6]                                       1 	(obj:0)
delta[B13,B7]                                       1 	(obj:0)
delta[B13,B8]                                       1 	(obj:0)
delta[B13,B9]                                       1 	(obj:0)
delta[B13,B10]                                      1 	(obj:0)
delta[B13,B12]                                      1 	(obj:0)
delta[B13,B14]                                      1 	(obj:0)
delta[B14,B0]                                       1 	(obj:0)
delta[B14,B1]                                       1 	(obj:0)
delta[B14,B2]                                       1 	(obj:0)
delta[B14,B3]                                       1 	(obj:0)
delta[B14,B4]                                       1 	(obj:0)
delta[B14,B5]                                       1 	(obj:0)
delta[B14,B6]                                       1 	(obj:0)
delta[B14,B7]                                       1 	(obj:0)
delta[B14,B8]                                       1 	(obj:0)
delta[B14,B9]                                       1 	(obj:0)
delta[B14,B10]                                      1 	(obj:0)
delta[B14,B13]                                      1 	(obj:0)
c[B12,0]                                         64.5 	(obj:0)
c[B12,1]                                         18.5 	(obj:0)
c[B13,0]                                         60.5 	(obj:0)
c[B13,1]                                          7.5 	(obj:0)
c[B14,0]                                           35 	(obj:0)
c[B14,1]                                            5 	(obj:0)
h                                                  50 	(obj:1)
c[B0,0]                                            82 	(obj:0)
c[B0,1]                                           8.5 	(obj:0)
c[B1,0]                                          90.5 	(obj:0)
c[B1,1]                                          33.5 	(obj:0)
c[B2,0]                                          57.5 	(obj:0)
c[B2,1]                                            45 	(obj:0)
c[B3,0]                                            46 	(obj:0)
c[B3,1]                                            42 	(obj:0)
c[B4,0]                                            50 	(obj:0)
c[B4,1]                                          19.5 	(obj:0)
c[B5,0]                                            32 	(obj:0)
c[B5,1]                                          45.5 	(obj:0)
c[B6,0]                                             7 	(obj:0)
c[B6,1]                                           9.5 	(obj:0)
c[B7,0]                                            32 	(obj:0)
c[B7,1]                                            29 	(obj:0)
c[B8,0]                                          15.5 	(obj:0)
c[B8,1]                                          43.5 	(obj:0)
c[B9,0]                                          35.5 	(obj:0)
c[B9,1]                                          18.5 	(obj:0)
c[B10,0]                                         71.5 	(obj:0)
c[B10,1]                                           27 	(obj:0)
c[B11,0]                                          9.5 	(obj:0)
c[B11,1]                                           32 	(obj:0)
