1/1 feasible solution given by solution candidate storage, new primal bound 9.920000e+01

presolving:
presolving (0 rounds: 0 fast, 0 medium, 0 exhaustive):
 0 deleted vars, 0 deleted constraints, 0 added constraints, 0 tightened bounds, 0 added holes, 0 changed sides, 0 changed coefficients
 0 implications, 0 cliques, 0 implied integral variables (0 bin, 0 int, 0 cont)
presolved problem has 951 variables (600 bin, 0 int, 351 cont) and 5425 constraints
   5425 constraints of type <linear>
Presolving Time: 0.00
transformed 1/1 original solutions to the transformed problem space

 time | node  | left  |LP iter|LP it/n|mem/heur|mdpt |vars |cons |rows |cuts |sepa|confs|strbr|  dualbound   | primalbound  |  gap   | compl. 
  0.0s|     1 |     0 |   959 |     - |    15M |   0 | 951 |5425 |5425 |   0 |  0 |   0 |   0 | 4.300000e+01 | 9.920000e+01 | 130.70%| unknown
  0.3s|     1 |     2 |  1002 |     - |    16M |   0 | 951 |5425 |5425 |   0 |  0 |   0 |  37 | 4.300000e+01 | 9.920000e+01 | 130.70%| unknown
  0.5s|   100 |   101 |  1852 |   9.0 |    16M |  99 | 951 |5425 |5425 |   0 |  0 |   0 |  37 | 4.300000e+01 | 9.920000e+01 | 130.70%| unknown
  0.7s|   200 |   193 |  2881 |   9.7 |    16M | 195 | 951 |5425 |5425 |   0 |  0 |   0 |  37 | 4.300000e+01 | 9.920000e+01 | 130.70%| unknown
  0.9s|   300 |   287 |  3934 |   9.9 |    17M | 262 | 951 |5425 |5425 |   0 |  0 |   0 |  37 | 4.300000e+01 | 9.920000e+01 | 130.70%| unknown
  1.1s|   400 |   387 |  5069 |  10.3 |    18M | 262 | 951 |5425 |5425 |   0 |  0 |   0 |  37 | 4.300000e+01 | 9.920000e+01 | 130.70%| unknown
  2.1s|   500 |   481 | 26780 |  51.7 |    18M | 262 | 951 |5425 |5425 |   0 |  0 |   0 |  37 | 4.300000e+01 | 9.920000e+01 | 130.70%| unknown
  3.2s|   600 |   579 | 49157 |  80.5 |    18M | 262 | 951 |5425 |5425 |   0 |  0 |   0 |  37 | 4.300000e+01 | 9.920000e+01 | 130.70%| unknown
  3.8s|   700 |   669 | 59627 |  83.9 |    19M | 262 | 951 |5425 |5425 |   0 |  0 |   0 |  37 | 4.300000e+01 | 9.920000e+01 | 130.70%| unknown
  4.3s|   800 |   769 | 69115 |  85.3 |    19M | 262 | 951 |5425 |5425 |   0 |  0 |   0 |  37 | 4.300000e+01 | 9.920000e+01 | 130.70%| unknown
  5.1s|   900 |   865 | 87748 |  96.5 |    19M | 262 | 951 |5425 |5425 |   0 |  0 |   0 |  37 | 4.300000e+01 | 9.920000e+01 | 130.70%| unknown
  5.8s|  1000 |   963 |101165 | 100.3 |    19M | 262 | 951 |5425 |5425 |   0 |  0 |   0 |  37 | 4.300000e+01 | 9.920000e+01 | 130.70%| unknown
  6.4s|  1100 |  1061 |112409 | 101.4 |    20M | 262 | 951 |5425 |5425 |   0 |  0 |   0 |  37 | 4.300000e+01 | 9.920000e+01 | 130.70%| unknown
  6.9s|  1200 |  1159 |121855 | 100.8 |    20M | 262 | 951 |5425 |5425 |   0 |  0 |   0 |  37 | 4.300000e+01 | 9.920000e+01 | 130.70%| unknown
  7.4s|  1300 |  1253 |130843 | 100.0 |    20M | 262 | 951 |5425 |5425 |   0 |  0 |   0 |  37 | 4.300000e+01 | 9.920000e+01 | 130.70%| unknown
 time | node  | left  |LP iter|LP it/n|mem/heur|mdpt |vars |cons |rows |cuts |sepa|confs|strbr|  dualbound   | primalbound  |  gap   | compl. 
  8.3s|  1400 |  1345 |148695 | 105.6 |    20M | 262 | 951 |5425 |5425 |   0 |  0 |   0 |  37 | 4.300000e+01 | 9.920000e+01 | 130.70%| unknown
  9.0s|  1500 |  1435 |164976 | 109.4 |    20M | 262 | 951 |5425 |5425 |   0 |  0 |   0 |  37 | 4.300000e+01 | 9.920000e+01 | 130.70%| unknown
  9.9s|  1600 |  1529 |180745 | 112.4 |    20M | 262 | 951 |5425 |5425 |   0 |  0 |   0 |  37 | 4.300000e+01 | 9.920000e+01 | 130.70%| unknown
 10.3s|  1700 |  1627 |187192 | 109.6 |    20M | 262 | 951 |5425 |5425 |   0 |  0 |   0 |  37 | 4.300000e+01 | 9.920000e+01 | 130.70%| unknown
 11.2s|  1800 |  1715 |205193 | 113.5 |    20M | 262 | 951 |5425 |5425 |   0 |  0 |   0 |  37 | 4.300000e+01 | 9.920000e+01 | 130.70%| unknown
 12.6s|  1900 |  1801 |235207 | 123.4 |    20M | 262 | 951 |5425 |5425 |   0 |  0 |   0 |  37 | 4.300000e+01 | 9.920000e+01 | 130.70%| unknown
 13.7s|  2000 |  1885 |258802 | 129.0 |    21M | 262 | 951 |5425 |5425 |   0 |  0 |   0 |  37 | 4.300000e+01 | 9.920000e+01 | 130.70%| unknown
 14.4s|  2100 |  1965 |275638 | 130.9 |    21M | 262 | 951 |5425 |5425 |   0 |  0 |   0 |  37 | 4.300000e+01 | 9.920000e+01 | 130.70%| unknown
 15.3s|  2200 |  2049 |295599 | 134.0 |    21M | 262 | 951 |5425 |5425 |   0 |  0 |   0 |  37 | 4.300000e+01 | 9.920000e+01 | 130.70%| unknown
 16.4s|  2300 |  2125 |318164 | 138.0 |    22M | 262 | 951 |5425 |5425 |   0 |  0 |   0 |  37 | 4.300000e+01 | 9.920000e+01 | 130.70%| unknown
 17.4s|  2400 |  2183 |341162 | 141.8 |    22M | 262 | 951 |5425 |5425 |   0 |  0 |   0 |  37 | 4.300000e+01 | 9.920000e+01 | 130.70%| unknown
 18.5s|  2500 |  2263 |364606 | 145.5 |    22M | 262 | 951 |5425 |5425 |   0 |  0 |   0 |  37 | 4.300000e+01 | 9.920000e+01 | 130.70%| unknown
 19.4s|  2600 |  2345 |385161 | 147.8 |    22M | 262 | 951 |5425 |5425 |   0 |  0 |   0 |  37 | 4.300000e+01 | 9.920000e+01 | 130.70%| unknown
 20.2s|  2700 |  2431 |400108 | 147.9 |    22M | 262 | 951 |5425 |5425 |   0 |  0 |   0 |  37 | 4.300000e+01 | 9.920000e+01 | 130.70%| unknown
 20.7s|  2800 |  2531 |409324 | 145.9 |    22M | 262 | 951 |5425 |5425 |   0 |  0 |   0 |  37 | 4.300000e+01 | 9.920000e+01 | 130.70%| unknown
 time | node  | left  |LP iter|LP it/n|mem/heur|mdpt |vars |cons |rows |cuts |sepa|confs|strbr|  dualbound   | primalbound  |  gap   | compl. 
 21.5s|  2900 |  2617 |425136 | 146.3 |    22M | 262 | 951 |5425 |5425 |   0 |  0 |   0 |  37 | 4.300000e+01 | 9.920000e+01 | 130.70%| unknown
 22.4s|  3000 |  2697 |443562 | 147.6 |    23M | 262 | 951 |5425 |5425 |   0 |  0 |   0 |  37 | 4.300000e+01 | 9.920000e+01 | 130.70%| unknown
 23.4s|  3100 |  2761 |465179 | 149.8 |    23M | 262 | 951 |5425 |5425 |   0 |  0 |   0 |  37 | 4.300000e+01 | 9.920000e+01 | 130.70%| unknown
 24.3s|  3200 |  2839 |482888 | 150.6 |    23M | 262 | 951 |5425 |5425 |   0 |  0 |   0 |  37 | 4.300000e+01 | 9.920000e+01 | 130.70%| unknown
 25.4s|  3300 |  2923 |506257 | 153.2 |    23M | 262 | 951 |5425 |5425 |   0 |  0 |   0 |  37 | 4.300000e+01 | 9.920000e+01 | 130.70%| unknown
 26.2s|  3400 |  3005 |521432 | 153.1 |    23M | 262 | 951 |5425 |5425 |   0 |  0 |   0 |  37 | 4.300000e+01 | 9.920000e+01 | 130.70%| unknown
 26.8s|  3500 |  3089 |535343 | 152.7 |    23M | 262 | 951 |5425 |5425 |   0 |  0 |   0 |  37 | 4.300000e+01 | 9.920000e+01 | 130.70%| unknown
 27.2s|  3600 |  3165 |540834 | 150.0 |    23M | 262 | 951 |5425 |5425 |   0 |  0 |   0 |  37 | 4.300000e+01 | 9.920000e+01 | 130.70%| unknown
 27.4s|  3700 |  3247 |542158 | 146.3 |    23M | 262 | 951 |5425 |5425 |   0 |  0 |   0 |  37 | 4.300000e+01 | 9.920000e+01 | 130.70%| unknown
 27.6s|  3800 |  3329 |543256 | 142.7 |    23M | 262 | 951 |5425 |5425 |   0 |  0 |   0 |  37 | 4.300000e+01 | 9.920000e+01 | 130.70%| unknown
 27.8s|  3900 |  3427 |544346 | 139.4 |    25M | 262 | 951 |5425 |5425 |   0 |  0 |   0 |  37 | 4.300000e+01 | 9.920000e+01 | 130.70%| unknown
 28.0s|  4000 |  3521 |545271 | 136.1 |    25M | 262 | 951 |5425 |5425 |   0 |  0 |   0 |  37 | 4.300000e+01 | 9.920000e+01 | 130.70%| unknown
 28.2s|  4100 |  3615 |545970 | 133.0 |    25M | 262 | 951 |5425 |5425 |   0 |  0 |   0 |  37 | 4.300000e+01 | 9.920000e+01 | 130.70%| unknown
 28.4s|  4200 |  3711 |546704 | 130.0 |    25M | 262 | 951 |5425 |5425 |   0 |  0 |   0 |  37 | 4.300000e+01 | 9.920000e+01 | 130.70%| unknown
 29.0s|  4300 |  3787 |557966 | 129.6 |    25M | 262 | 951 |5425 |5425 |   0 |  0 |   0 |  37 | 4.300000e+01 | 9.920000e+01 | 130.70%| unknown
 time | node  | left  |LP iter|LP it/n|mem/heur|mdpt |vars |cons |rows |cuts |sepa|confs|strbr|  dualbound   | primalbound  |  gap   | compl. 
 30.0s|  4400 |  3873 |578354 | 131.3 |    25M | 262 | 951 |5425 |5425 |   0 |  0 |   0 |  37 | 4.300000e+01 | 9.920000e+01 | 130.70%| unknown
 30.9s|  4500 |  3961 |596351 | 132.3 |    25M | 262 | 951 |5425 |5425 |   0 |  0 |   0 |  37 | 4.300000e+01 | 9.920000e+01 | 130.70%| unknown
 31.6s|  4600 |  4053 |609325 | 132.3 |    25M | 262 | 951 |5425 |5425 |   0 |  0 |   0 |  37 | 4.300000e+01 | 9.920000e+01 | 130.70%| unknown
 32.0s|  4700 |  4149 |616775 | 131.1 |    25M | 262 | 951 |5425 |5425 |   0 |  0 |   0 |  37 | 4.300000e+01 | 9.920000e+01 | 130.70%| unknown
 32.5s|  4800 |  4237 |628130 | 130.7 |    26M | 262 | 951 |5425 |5425 |   0 |  0 |   0 |  37 | 4.300000e+01 | 9.920000e+01 | 130.70%| unknown
 33.2s|  4900 |  4329 |640254 | 130.5 |    26M | 262 | 951 |5425 |5425 |   0 |  0 |   0 |  37 | 4.300000e+01 | 9.920000e+01 | 130.70%| unknown
 33.9s|  5000 |  4423 |653776 | 130.6 |    26M | 262 | 951 |5425 |5425 |   0 |  0 |   0 |  37 | 4.300000e+01 | 9.920000e+01 | 130.70%| unknown
 34.4s|  5100 |  4517 |663739 | 130.0 |    27M | 262 | 951 |5425 |5425 |   0 |  0 |   0 |  37 | 4.300000e+01 | 9.920000e+01 | 130.70%| unknown
 35.4s|  5200 |  4609 |683647 | 131.3 |    27M | 262 | 951 |5425 |5425 |   0 |  0 |   0 |  37 | 4.300000e+01 | 9.920000e+01 | 130.70%| unknown
 36.1s|  5300 |  4707 |696968 | 131.3 |    27M | 262 | 951 |5425 |5425 |   0 |  0 |   0 |  37 | 4.300000e+01 | 9.920000e+01 | 130.70%| unknown
 36.9s|  5400 |  4805 |710729 | 131.5 |    27M | 262 | 951 |5425 |5425 |   0 |  0 |   0 |  37 | 4.300000e+01 | 9.920000e+01 | 130.70%| unknown
 37.5s|  5500 |  4903 |723983 | 131.5 |    27M | 262 | 951 |5425 |5425 |   0 |  0 |   0 |  37 | 4.300000e+01 | 9.920000e+01 | 130.70%| unknown
 38.1s|  5600 |  5001 |735599 | 131.2 |    28M | 262 | 951 |5425 |5425 |   0 |  0 |   0 |  37 | 4.300000e+01 | 9.920000e+01 | 130.70%| unknown
 38.8s|  5700 |  5099 |747638 | 131.0 |    29M | 262 | 951 |5425 |5425 |   0 |  0 |   0 |  37 | 4.300000e+01 | 9.920000e+01 | 130.70%| unknown
 39.6s|  5800 |  5191 |764982 | 131.8 |    29M | 262 | 951 |5425 |5425 |   0 |  0 |   0 |  37 | 4.300000e+01 | 9.920000e+01 | 130.70%| unknown
 time | node  | left  |LP iter|LP it/n|mem/heur|mdpt |vars |cons |rows |cuts |sepa|confs|strbr|  dualbound   | primalbound  |  gap   | compl. 
 40.2s|  5900 |  5283 |776887 | 131.5 |    29M | 262 | 951 |5425 |5425 |   0 |  0 |   0 |  37 | 4.300000e+01 | 9.920000e+01 | 130.70%| unknown
 41.1s|  6000 |  5377 |795636 | 132.5 |    29M | 262 | 951 |5425 |5425 |   0 |  0 |   0 |  37 | 4.300000e+01 | 9.920000e+01 | 130.70%| unknown
 42.0s|  6100 |  5467 |817176 | 133.8 |    29M | 262 | 951 |5425 |5425 |   0 |  0 |   0 |  37 | 4.300000e+01 | 9.920000e+01 | 130.70%| unknown
 42.9s|  6200 |  5559 |836058 | 134.7 |    29M | 262 | 951 |5425 |5425 |   0 |  0 |   0 |  37 | 4.300000e+01 | 9.920000e+01 | 130.70%| unknown
 43.7s|  6300 |  5649 |854993 | 135.6 |    29M | 262 | 951 |5425 |5425 |   0 |  0 |   0 |  37 | 4.300000e+01 | 9.920000e+01 | 130.70%| unknown
 44.5s|  6400 |  5739 |871051 | 136.0 |    29M | 262 | 951 |5425 |5425 |   0 |  0 |   0 |  37 | 4.300000e+01 | 9.920000e+01 | 130.70%| unknown
 45.0s|  6500 |  5837 |878058 | 135.0 |    30M | 262 | 951 |5425 |5425 |   0 |  0 |   0 |  37 | 4.300000e+01 | 9.920000e+01 | 130.70%| unknown
 45.2s|  6600 |  5937 |879289 | 133.1 |    30M | 262 | 951 |5425 |5425 |   0 |  0 |   0 |  37 | 4.300000e+01 | 9.920000e+01 | 130.70%| unknown
 45.4s|  6700 |  6037 |880545 | 131.3 |    30M | 262 | 951 |5425 |5425 |   0 |  0 |   0 |  37 | 4.300000e+01 | 9.920000e+01 | 130.70%| unknown
 45.8s|  6800 |  6135 |889267 | 130.7 |    30M | 262 | 951 |5425 |5425 |   0 |  0 |   0 |  37 | 4.300000e+01 | 9.920000e+01 | 130.70%| unknown
 46.4s|  6900 |  6225 |899875 | 130.3 |    31M | 262 | 951 |5425 |5425 |   0 |  0 |   0 |  37 | 4.300000e+01 | 9.920000e+01 | 130.70%| unknown
 47.0s|  7000 |  6319 |912576 | 130.2 |    31M | 262 | 951 |5425 |5425 |   0 |  0 |   0 |  37 | 4.300000e+01 | 9.920000e+01 | 130.70%| unknown
 47.6s|  7100 |  6417 |923212 | 129.9 |    31M | 262 | 951 |5425 |5425 |   0 |  0 |   0 |  37 | 4.300000e+01 | 9.920000e+01 | 130.70%| unknown
 48.1s|  7200 |  6515 |932898 | 129.5 |    31M | 262 | 951 |5425 |5425 |   0 |  0 |   0 |  37 | 4.300000e+01 | 9.920000e+01 | 130.70%| unknown
 48.6s|  7300 |  6615 |940728 | 128.8 |    32M | 262 | 951 |5425 |5425 |   0 |  0 |   0 |  37 | 4.300000e+01 | 9.920000e+01 | 130.70%| unknown
 time | node  | left  |LP iter|LP it/n|mem/heur|mdpt |vars |cons |rows |cuts |sepa|confs|strbr|  dualbound   | primalbound  |  gap   | compl. 
 49.2s|  7400 |  6715 |950739 | 128.4 |    32M | 262 | 951 |5425 |5425 |   0 |  0 |   0 |  37 | 4.300000e+01 | 9.920000e+01 | 130.70%| unknown
 50.2s|  7500 |  6815 |970185 | 129.2 |    32M | 262 | 951 |5425 |5425 |   0 |  0 |   0 |  37 | 4.300000e+01 | 9.920000e+01 | 130.70%| unknown
 51.1s|  7600 |  6915 |987306 | 129.8 |    32M | 262 | 951 |5425 |5425 |   0 |  0 |   0 |  37 | 4.300000e+01 | 9.920000e+01 | 130.70%| unknown
 51.9s|  7700 |  7015 |  1000k| 129.9 |    32M | 262 | 951 |5425 |5425 |   0 |  0 |   0 |  37 | 4.300000e+01 | 9.920000e+01 | 130.70%| unknown
 52.3s|  7800 |  7115 |  1006k| 129.0 |    32M | 262 | 951 |5425 |5425 |   0 |  0 |   0 |  37 | 4.300000e+01 | 9.920000e+01 | 130.70%| unknown
 52.9s|  7900 |  7215 |  1020k| 129.1 |    32M | 262 | 951 |5425 |5425 |   0 |  0 |   0 |  37 | 4.300000e+01 | 9.920000e+01 | 130.70%| unknown
 53.5s|  8000 |  7315 |  1030k| 128.7 |    32M | 262 | 951 |5425 |5425 |   0 |  0 |   0 |  37 | 4.300000e+01 | 9.920000e+01 | 130.70%| unknown
 54.3s|  8100 |  7415 |  1045k| 129.0 |    33M | 262 | 951 |5425 |5425 |   0 |  0 |   0 |  37 | 4.300000e+01 | 9.920000e+01 | 130.70%| unknown
 54.7s|  8200 |  7515 |  1052k| 128.3 |    33M | 262 | 951 |5425 |5425 |   0 |  0 |   0 |  37 | 4.300000e+01 | 9.920000e+01 | 130.70%| unknown
 55.4s|  8300 |  7609 |  1066k| 128.4 |    34M | 262 | 951 |5425 |5425 |   0 |  0 |   0 |  37 | 4.300000e+01 | 9.920000e+01 | 130.70%| unknown
 56.1s|  8400 |  7703 |  1079k| 128.4 |    34M | 262 | 951 |5425 |5425 |   0 |  0 |   0 |  37 | 4.300000e+01 | 9.920000e+01 | 130.70%| unknown
 56.9s|  8500 |  7795 |  1095k| 128.7 |    34M | 262 | 951 |5425 |5425 |   0 |  0 |   0 |  37 | 4.300000e+01 | 9.920000e+01 | 130.70%| unknown
 57.5s|  8600 |  7893 |  1105k| 128.4 |    34M | 262 | 951 |5425 |5425 |   0 |  0 |   0 |  37 | 4.300000e+01 | 9.920000e+01 | 130.70%| unknown
 58.2s|  8700 |  7985 |  1114k| 128.1 |    34M | 262 | 951 |5425 |5425 |   0 |  0 |   0 |  37 | 4.300000e+01 | 9.920000e+01 | 130.70%| unknown
 58.7s|  8800 |  8085 |  1124k| 127.7 |    34M | 262 | 951 |5425 |5425 |   0 |  0 |   0 |  37 | 4.300000e+01 | 9.920000e+01 | 130.70%| unknown
 time | node  | left  |LP iter|LP it/n|mem/heur|mdpt |vars |cons |rows |cuts |sepa|confs|strbr|  dualbound   | primalbound  |  gap   | compl. 
 59.1s|  8900 |  8183 |  1131k| 127.0 |    35M | 262 | 951 |5425 |5425 |   0 |  0 |   0 |  37 | 4.300000e+01 | 9.920000e+01 | 130.70%| unknown
 59.8s|  9000 |  8273 |  1143k| 126.9 |    35M | 262 | 951 |5425 |5425 |   0 |  0 |   0 |  37 | 4.300000e+01 | 9.920000e+01 | 130.70%| unknown
 60.3s|  9100 |  8359 |  1153k| 126.7 |    35M | 262 | 951 |5425 |5425 |   0 |  0 |   0 |  37 | 4.300000e+01 | 9.920000e+01 | 130.70%| unknown
 61.0s|  9200 |  8455 |  1163k| 126.4 |    35M | 262 | 951 |5425 |5425 |   0 |  0 |   0 |  37 | 4.300000e+01 | 9.920000e+01 | 130.70%| unknown
 61.7s|  9300 |  8549 |  1176k| 126.4 |    35M | 262 | 951 |5425 |5425 |   0 |  0 |   0 |  37 | 4.300000e+01 | 9.920000e+01 | 130.70%| unknown
 62.6s|  9400 |  8641 |  1192k| 126.8 |    35M | 262 | 951 |5425 |5425 |   0 |  0 |   0 |  37 | 4.300000e+01 | 9.920000e+01 | 130.70%| unknown
 63.5s|  9500 |  8733 |  1209k| 127.2 |    35M | 262 | 951 |5425 |5425 |   0 |  0 |   0 |  37 | 4.300000e+01 | 9.920000e+01 | 130.70%| unknown
 64.3s|  9600 |  8829 |  1222k| 127.3 |    35M | 262 | 951 |5425 |5425 |   0 |  0 |   0 |  37 | 4.300000e+01 | 9.920000e+01 | 130.70%| unknown
 64.8s|  9700 |  8923 |  1228k| 126.6 |    35M | 262 | 951 |5425 |5425 |   0 |  0 |   0 |  37 | 4.300000e+01 | 9.920000e+01 | 130.70%| unknown
 65.6s|  9800 |  9017 |  1245k| 127.0 |    37M | 262 | 951 |5425 |5425 |   0 |  0 |   0 |  37 | 4.300000e+01 | 9.920000e+01 | 130.70%| unknown
 66.1s|  9900 |  9111 |  1253k| 126.5 |    37M | 262 | 951 |5425 |5425 |   0 |  0 |   0 |  37 | 4.300000e+01 | 9.920000e+01 | 130.70%| unknown
 66.9s| 10000 |  9201 |  1267k| 126.6 |    37M | 262 | 951 |5425 |5425 |   0 |  0 |   0 |  37 | 4.300000e+01 | 9.920000e+01 | 130.70%| unknown
 67.4s| 10100 |  9287 |  1276k| 126.3 |    37M | 262 | 951 |5425 |5425 |   0 |  0 |   0 |  37 | 4.300000e+01 | 9.920000e+01 | 130.70%| unknown
 68.0s| 10200 |  9385 |  1286k| 126.0 |    37M | 262 | 951 |5425 |5425 |   0 |  0 |   0 |  37 | 4.300000e+01 | 9.920000e+01 | 130.70%| unknown
 68.8s| 10300 |  9477 |  1299k| 126.1 |    37M | 262 | 951 |5425 |5425 |   0 |  0 |   0 |  37 | 4.300000e+01 | 9.920000e+01 | 130.70%| unknown
 time | node  | left  |LP iter|LP it/n|mem/heur|mdpt |vars |cons |rows |cuts |sepa|confs|strbr|  dualbound   | primalbound  |  gap   | compl. 
 69.9s| 10400 |  9571 |  1319k| 126.8 |    37M | 262 | 951 |5425 |5425 |   0 |  0 |   0 |  37 | 4.300000e+01 | 9.920000e+01 | 130.70%| unknown
 70.4s| 10500 |  9659 |  1329k| 126.5 |    37M | 262 | 951 |5425 |5425 |   0 |  0 |   0 |  37 | 4.300000e+01 | 9.920000e+01 | 130.70%| unknown
 71.2s| 10600 |  9753 |  1342k| 126.5 |    38M | 262 | 951 |5425 |5425 |   0 |  0 |   0 |  37 | 4.300000e+01 | 9.920000e+01 | 130.70%| unknown
 71.7s| 10700 |  9849 |  1351k| 126.3 |    38M | 262 | 951 |5425 |5425 |   0 |  0 |   0 |  37 | 4.300000e+01 | 9.920000e+01 | 130.70%| unknown
 72.4s| 10800 |  9941 |  1364k| 126.3 |    38M | 262 | 951 |5425 |5425 |   0 |  0 |   0 |  37 | 4.300000e+01 | 9.920000e+01 | 130.70%| unknown
 73.4s| 10900 | 10035 |  1381k| 126.6 |    38M | 262 | 951 |5425 |5425 |   0 |  0 |   0 |  37 | 4.300000e+01 | 9.920000e+01 | 130.70%| unknown
 74.0s| 11000 | 10131 |  1392k| 126.5 |    38M | 262 | 951 |5425 |5425 |   0 |  0 |   0 |  37 | 4.300000e+01 | 9.920000e+01 | 130.70%| unknown
 74.5s| 11100 | 10227 |  1400k| 126.1 |    38M | 262 | 951 |5425 |5425 |   0 |  0 |   0 |  37 | 4.300000e+01 | 9.920000e+01 | 130.70%| unknown
 75.0s| 11200 | 10317 |  1408k| 125.7 |    39M | 262 | 951 |5425 |5425 |   0 |  0 |   0 |  37 | 4.300000e+01 | 9.920000e+01 | 130.70%| unknown
 75.8s| 11300 | 10401 |  1421k| 125.7 |    39M | 262 | 951 |5425 |5425 |   0 |  0 |   0 |  37 | 4.300000e+01 | 9.920000e+01 | 130.70%| unknown
 76.2s| 11400 | 10499 |  1428k| 125.2 |    39M | 262 | 951 |5425 |5425 |   0 |  0 |   0 |  37 | 4.300000e+01 | 9.920000e+01 | 130.70%| unknown
 76.8s| 11500 | 10593 |  1437k| 124.9 |    40M | 262 | 951 |5425 |5425 |   0 |  0 |   0 |  37 | 4.300000e+01 | 9.920000e+01 | 130.70%| unknown
 77.7s| 11600 | 10677 |  1453k| 125.3 |    40M | 262 | 951 |5425 |5425 |   0 |  0 |   0 |  37 | 4.300000e+01 | 9.920000e+01 | 130.70%| unknown
 78.4s| 11700 | 10767 |  1465k| 125.2 |    40M | 262 | 951 |5425 |5425 |   0 |  0 |   0 |  37 | 4.300000e+01 | 9.920000e+01 | 130.70%| unknown
 79.0s| 11800 | 10855 |  1477k| 125.1 |    40M | 262 | 951 |5425 |5425 |   0 |  0 |   0 |  37 | 4.300000e+01 | 9.920000e+01 | 130.70%| unknown
 time | node  | left  |LP iter|LP it/n|mem/heur|mdpt |vars |cons |rows |cuts |sepa|confs|strbr|  dualbound   | primalbound  |  gap   | compl. 
 79.7s| 11900 | 10951 |  1489k| 125.1 |    40M | 262 | 951 |5425 |5425 |   0 |  0 |   0 |  37 | 4.300000e+01 | 9.920000e+01 | 130.70%| unknown
 80.5s| 12000 | 11043 |  1507k| 125.5 |    40M | 262 | 951 |5425 |5425 |   0 |  0 |   0 |  37 | 4.300000e+01 | 9.920000e+01 | 130.70%| unknown
 81.3s| 12100 | 11141 |  1520k| 125.6 |    40M | 262 | 951 |5425 |5425 |   0 |  0 |   0 |  37 | 4.300000e+01 | 9.920000e+01 | 130.70%| unknown
 81.9s| 12200 | 11233 |  1531k| 125.5 |    40M | 262 | 951 |5425 |5425 |   0 |  0 |   0 |  37 | 4.300000e+01 | 9.920000e+01 | 130.70%| unknown
 82.6s| 12300 | 11321 |  1545k| 125.6 |    41M | 262 | 951 |5425 |5425 |   0 |  0 |   0 |  37 | 4.300000e+01 | 9.920000e+01 | 130.70%| unknown
 83.1s| 12400 | 11415 |  1552k| 125.1 |    41M | 262 | 951 |5425 |5425 |   0 |  0 |   0 |  37 | 4.300000e+01 | 9.920000e+01 | 130.70%| unknown
 83.8s| 12500 | 11513 |  1563k| 125.0 |    42M | 262 | 951 |5425 |5425 |   0 |  0 |   0 |  37 | 4.300000e+01 | 9.920000e+01 | 130.70%| unknown
 84.3s| 12600 | 11613 |  1573k| 124.8 |    42M | 262 | 951 |5425 |5425 |   0 |  0 |   0 |  37 | 4.300000e+01 | 9.920000e+01 | 130.70%| unknown
 85.5s| 12700 | 11697 |  1596k| 125.7 |    42M | 262 | 951 |5425 |5425 |   0 |  0 |   0 |  37 | 4.300000e+01 | 9.920000e+01 | 130.70%| unknown
 86.4s| 12800 | 11793 |  1613k| 126.0 |    42M | 262 | 951 |5425 |5425 |   0 |  0 |   0 |  37 | 4.300000e+01 | 9.920000e+01 | 130.70%| unknown
 87.2s| 12900 | 11893 |  1626k| 126.0 |    42M | 262 | 951 |5425 |5425 |   0 |  0 |   0 |  37 | 4.300000e+01 | 9.920000e+01 | 130.70%| unknown
 88.2s| 13000 | 11979 |  1647k| 126.7 |    42M | 262 | 951 |5425 |5425 |   0 |  0 |   0 |  37 | 4.300000e+01 | 9.920000e+01 | 130.70%| unknown
 89.0s| 13100 | 12071 |  1660k| 126.7 |    42M | 262 | 951 |5425 |5425 |   0 |  0 |   0 |  37 | 4.300000e+01 | 9.920000e+01 | 130.70%| unknown
 89.7s| 13200 | 12167 |  1671k| 126.6 |    43M | 262 | 951 |5425 |5425 |   0 |  0 |   0 |  37 | 4.300000e+01 | 9.920000e+01 | 130.70%| unknown
 90.4s| 13300 | 12261 |  1683k| 126.5 |    43M | 262 | 951 |5425 |5425 |   0 |  0 |   0 |  37 | 4.300000e+01 | 9.920000e+01 | 130.70%| unknown
 time | node  | left  |LP iter|LP it/n|mem/heur|mdpt |vars |cons |rows |cuts |sepa|confs|strbr|  dualbound   | primalbound  |  gap   | compl. 
 91.0s| 13400 | 12357 |  1694k| 126.4 |    43M | 262 | 951 |5425 |5425 |   0 |  0 |   0 |  37 | 4.300000e+01 | 9.920000e+01 | 130.70%| unknown
 91.8s| 13500 | 12443 |  1709k| 126.5 |    43M | 262 | 951 |5425 |5425 |   0 |  0 |   0 |  37 | 4.300000e+01 | 9.920000e+01 | 130.70%| unknown
 92.3s| 13600 | 12539 |  1718k| 126.3 |    43M | 262 | 951 |5425 |5425 |   0 |  0 |   0 |  37 | 4.300000e+01 | 9.920000e+01 | 130.70%| unknown
 93.0s| 13700 | 12635 |  1730k| 126.3 |    43M | 262 | 951 |5425 |5425 |   0 |  0 |   0 |  37 | 4.300000e+01 | 9.920000e+01 | 130.70%| unknown
 93.9s| 13800 | 12725 |  1746k| 126.5 |    43M | 262 | 951 |5425 |5425 |   0 |  0 |   0 |  37 | 4.300000e+01 | 9.920000e+01 | 130.70%| unknown
 94.9s| 13900 | 12819 |  1766k| 127.0 |    43M | 262 | 951 |5425 |5425 |   0 |  0 |   0 |  37 | 4.300000e+01 | 9.920000e+01 | 130.70%| unknown
 95.6s| 14000 | 12915 |  1780k| 127.1 |    44M | 262 | 951 |5425 |5425 |   0 |  0 |   0 |  37 | 4.300000e+01 | 9.920000e+01 | 130.70%| unknown
 96.5s| 14100 | 13003 |  1797k| 127.4 |    44M | 262 | 951 |5425 |5425 |   0 |  0 |   0 |  37 | 4.300000e+01 | 9.920000e+01 | 130.70%| unknown
 97.4s| 14200 | 13087 |  1814k| 127.7 |    44M | 262 | 951 |5425 |5425 |   0 |  0 |   0 |  37 | 4.300000e+01 | 9.920000e+01 | 130.70%| unknown
 97.9s| 14300 | 13175 |  1823k| 127.5 |    44M | 262 | 951 |5425 |5425 |   0 |  0 |   0 |  37 | 4.300000e+01 | 9.920000e+01 | 130.70%| unknown
 98.1s| 14400 | 13265 |  1824k| 126.7 |    44M | 262 | 951 |5425 |5425 |   0 |  0 |   0 |  37 | 4.300000e+01 | 9.920000e+01 | 130.70%| unknown
 98.3s| 14500 | 13361 |  1826k| 125.9 |    44M | 262 | 951 |5425 |5425 |   0 |  0 |   0 |  37 | 4.300000e+01 | 9.920000e+01 | 130.70%| unknown
 98.6s| 14600 | 13449 |  1829k| 125.3 |    45M | 262 | 951 |5425 |5425 |   0 |  0 |   0 |  37 | 4.300000e+01 | 9.920000e+01 | 130.70%| unknown
 99.2s| 14700 | 13545 |  1841k| 125.2 |    45M | 262 | 951 |5425 |5425 |   0 |  0 |   0 |  37 | 4.300000e+01 | 9.920000e+01 | 130.70%| unknown
  100s| 14800 | 13637 |  1854k| 125.3 |    45M | 262 | 951 |5425 |5425 |   0 |  0 |   0 |  37 | 4.300000e+01 | 9.920000e+01 | 130.70%| unknown
 time | node  | left  |LP iter|LP it/n|mem/heur|mdpt |vars |cons |rows |cuts |sepa|confs|strbr|  dualbound   | primalbound  |  gap   | compl. 
  101s| 14900 | 13729 |  1867k| 125.3 |    46M | 262 | 951 |5425 |5425 |   0 |  0 |   0 |  37 | 4.300000e+01 | 9.920000e+01 | 130.70%| unknown
  101s| 15000 | 13825 |  1877k| 125.1 |    47M | 262 | 951 |5425 |5425 |   0 |  0 |   0 |  37 | 4.300000e+01 | 9.920000e+01 | 130.70%| unknown
  102s| 15100 | 13923 |  1887k| 124.9 |    47M | 262 | 951 |5425 |5425 |   0 |  0 |   0 |  37 | 4.300000e+01 | 9.920000e+01 | 130.70%| unknown
  103s| 15200 | 14011 |  1909k| 125.6 |    47M | 262 | 951 |5425 |5425 |   0 |  0 |   0 |  37 | 4.300000e+01 | 9.920000e+01 | 130.70%| unknown
  104s| 15300 | 14099 |  1920k| 125.5 |    47M | 262 | 951 |5425 |5425 |   0 |  0 |   0 |  37 | 4.300000e+01 | 9.920000e+01 | 130.70%| unknown
  104s| 15400 | 14187 |  1935k| 125.6 |    47M | 262 | 951 |5425 |5425 |   0 |  0 |   0 |  37 | 4.300000e+01 | 9.920000e+01 | 130.70%| unknown
  105s| 15500 | 14279 |  1952k| 125.9 |    47M | 262 | 951 |5425 |5425 |   0 |  0 |   0 |  37 | 4.300000e+01 | 9.920000e+01 | 130.70%| unknown
  106s| 15600 | 14373 |  1968k| 126.1 |    47M | 262 | 951 |5425 |5425 |   0 |  0 |   0 |  37 | 4.300000e+01 | 9.920000e+01 | 130.70%| unknown
  107s| 15700 | 14463 |  1991k| 126.8 |    47M | 262 | 951 |5425 |5425 |   0 |  0 |   0 |  37 | 4.300000e+01 | 9.920000e+01 | 130.70%| unknown
  108s| 15800 | 14549 |  2012k| 127.3 |    48M | 262 | 951 |5425 |5425 |   0 |  0 |   0 |  37 | 4.300000e+01 | 9.920000e+01 | 130.70%| unknown
  109s| 15900 | 14631 |  2015k| 126.7 |    48M | 262 | 951 |5425 |5425 |   0 |  0 |   0 |  37 | 4.300000e+01 | 9.920000e+01 | 130.70%| unknown
  109s| 16000 | 14717 |  2015k| 125.9 |    48M | 262 | 951 |5425 |5425 |   0 |  0 |   0 |  37 | 4.300000e+01 | 9.920000e+01 | 130.70%| unknown
  109s| 16100 | 14791 |  2017k| 125.2 |    48M | 262 | 951 |5425 |5425 |   0 |  0 |   0 |  37 | 4.300000e+01 | 9.920000e+01 | 130.70%| unknown
  109s| 16200 | 14883 |  2018k| 124.5 |    48M | 262 | 951 |5425 |5425 |   0 |  0 |   0 |  37 | 4.300000e+01 | 9.920000e+01 | 130.70%| unknown
  109s| 16300 | 14949 |  2019k| 123.9 |    48M | 262 | 951 |5425 |5425 |   0 |  0 |   0 |  37 | 4.300000e+01 | 9.920000e+01 | 130.70%| unknown
 time | node  | left  |LP iter|LP it/n|mem/heur|mdpt |vars |cons |rows |cuts |sepa|confs|strbr|  dualbound   | primalbound  |  gap   | compl. 
  110s| 16400 | 15045 |  2020k| 123.1 |    48M | 262 | 951 |5425 |5425 |   0 |  0 |   0 |  37 | 4.300000e+01 | 9.920000e+01 | 130.70%| unknown
  110s| 16500 | 15115 |  2021k| 122.5 |    48M | 262 | 951 |5425 |5425 |   0 |  0 |   0 |  37 | 4.300000e+01 | 9.920000e+01 | 130.70%| unknown
  110s| 16600 | 15177 |  2023k| 121.8 |    48M | 262 | 951 |5425 |5425 |   0 |  0 |   0 |  37 | 4.300000e+01 | 9.920000e+01 | 130.70%| unknown
  110s| 16700 | 15227 |  2024k| 121.2 |    48M | 262 | 951 |5425 |5425 |   0 |  0 |   0 |  37 | 4.300000e+01 | 9.920000e+01 | 130.70%| unknown
  110s| 16800 | 15289 |  2025k| 120.5 |    49M | 262 | 951 |5425 |5425 |   0 |  0 |   0 |  37 | 4.300000e+01 | 9.920000e+01 | 130.70%| unknown
  110s| 16900 | 15361 |  2027k| 119.9 |    49M | 262 | 951 |5425 |5425 |   0 |  0 |   0 |  37 | 4.300000e+01 | 9.920000e+01 | 130.70%| unknown
  111s| 17000 | 15437 |  2028k| 119.2 |    50M | 262 | 951 |5425 |5425 |   0 |  0 |   0 |  37 | 4.300000e+01 | 9.920000e+01 | 130.70%| unknown
  111s| 17100 | 15509 |  2029k| 118.6 |    50M | 262 | 951 |5425 |5425 |   0 |  0 |   0 |  37 | 4.300000e+01 | 9.920000e+01 | 130.70%| unknown
  111s| 17200 | 15585 |  2030k| 118.0 |    50M | 262 | 951 |5425 |5425 |   0 |  0 |   0 |  37 | 4.300000e+01 | 9.920000e+01 | 130.70%| unknown
  111s| 17300 | 15647 |  2032k| 117.4 |    50M | 262 | 951 |5425 |5425 |   0 |  0 |   0 |  37 | 4.300000e+01 | 9.920000e+01 | 130.70%| unknown
  111s| 17400 | 15723 |  2033k| 116.8 |    50M | 262 | 951 |5425 |5425 |   0 |  0 |   0 |  37 | 4.300000e+01 | 9.920000e+01 | 130.70%| unknown
  111s| 17500 | 15815 |  2034k| 116.2 |    50M | 262 | 951 |5425 |5425 |   0 |  0 |   0 |  37 | 4.300000e+01 | 9.920000e+01 | 130.70%| unknown
  112s| 17600 | 15883 |  2035k| 115.6 |    50M | 262 | 951 |5425 |5425 |   0 |  0 |   0 |  37 | 4.300000e+01 | 9.920000e+01 | 130.70%| unknown
  112s| 17700 | 15965 |  2036k| 115.0 |    50M | 262 | 951 |5425 |5425 |   0 |  0 |   0 |  37 | 4.300000e+01 | 9.920000e+01 | 130.70%| unknown
  112s| 17800 | 16043 |  2038k| 114.4 |    50M | 262 | 951 |5425 |5425 |   0 |  0 |   0 |  37 | 4.300000e+01 | 9.920000e+01 | 130.70%| unknown
 time | node  | left  |LP iter|LP it/n|mem/heur|mdpt |vars |cons |rows |cuts |sepa|confs|strbr|  dualbound   | primalbound  |  gap   | compl. 
  112s| 17900 | 16121 |  2039k| 113.9 |    51M | 262 | 951 |5425 |5425 |   0 |  0 |   0 |  37 | 4.300000e+01 | 9.920000e+01 | 130.70%| unknown
  112s| 18000 | 16215 |  2040k| 113.3 |    51M | 262 | 951 |5425 |5425 |   0 |  0 |   0 |  37 | 4.300000e+01 | 9.920000e+01 | 130.70%| unknown
  113s| 18100 | 16311 |  2041k| 112.7 |    51M | 262 | 951 |5425 |5425 |   0 |  0 |   0 |  37 | 4.300000e+01 | 9.920000e+01 | 130.70%| unknown
  113s| 18200 | 16399 |  2042k| 112.2 |    51M | 262 | 951 |5425 |5425 |   0 |  0 |   0 |  37 | 4.300000e+01 | 9.920000e+01 | 130.70%| unknown
  113s| 18300 | 16467 |  2043k| 111.6 |    51M | 262 | 951 |5425 |5425 |   0 |  0 |   0 |  37 | 4.300000e+01 | 9.920000e+01 | 130.70%| unknown
  113s| 18400 | 16543 |  2045k| 111.1 |    51M | 262 | 951 |5425 |5425 |   0 |  0 |   0 |  37 | 4.300000e+01 | 9.920000e+01 | 130.70%| unknown
  114s| 18500 | 16625 |  2050k| 110.8 |    51M | 262 | 951 |5425 |5425 |   0 |  0 |   0 |  37 | 4.300000e+01 | 9.920000e+01 | 130.70%| unknown
  115s| 18600 | 16687 |  2074k| 111.5 |    51M | 262 | 951 |5425 |5425 |   0 |  0 |   0 |  37 | 4.300000e+01 | 9.920000e+01 | 130.70%| unknown
  115s| 18700 | 16773 |  2088k| 111.6 |    51M | 262 | 951 |5425 |5425 |   0 |  0 |   0 |  37 | 4.300000e+01 | 9.920000e+01 | 130.70%| unknown
  116s| 18800 | 16847 |  2101k| 111.7 |    51M | 262 | 951 |5425 |5425 |   0 |  0 |   0 |  37 | 4.300000e+01 | 9.920000e+01 | 130.70%| unknown
  117s| 18900 | 16901 |  2120k| 112.2 |    52M | 262 | 951 |5425 |5425 |   0 |  0 |   0 |  37 | 4.300000e+01 | 9.920000e+01 | 130.70%| unknown
  118s| 19000 | 16989 |  2133k| 112.2 |    52M | 262 | 951 |5425 |5425 |   0 |  0 |   0 |  37 | 4.300000e+01 | 9.920000e+01 | 130.70%| unknown
  118s| 19100 | 17079 |  2151k| 112.6 |    52M | 262 | 951 |5425 |5425 |   0 |  0 |   0 |  37 | 4.300000e+01 | 9.920000e+01 | 130.70%| unknown
  119s| 19200 | 17141 |  2168k| 112.9 |    52M | 262 | 951 |5425 |5425 |   0 |  0 |   0 |  37 | 4.300000e+01 | 9.920000e+01 | 130.70%| unknown
  120s| 19300 | 17221 |  2183k| 113.1 |    52M | 262 | 951 |5425 |5425 |   0 |  0 |   0 |  37 | 4.300000e+01 | 9.920000e+01 | 130.70%| unknown
 time | node  | left  |LP iter|LP it/n|mem/heur|mdpt |vars |cons |rows |cuts |sepa|confs|strbr|  dualbound   | primalbound  |  gap   | compl. 
  121s| 19400 | 17303 |  2202k| 113.5 |    52M | 262 | 951 |5425 |5425 |   0 |  0 |   0 |  37 | 4.300000e+01 | 9.920000e+01 | 130.70%| unknown
  122s| 19500 | 17383 |  2224k| 114.1 |    52M | 262 | 951 |5425 |5425 |   0 |  0 |   0 |  37 | 4.300000e+01 | 9.920000e+01 | 130.70%| unknown
  123s| 19600 | 17477 |  2239k| 114.2 |    52M | 262 | 951 |5425 |5425 |   0 |  0 |   0 |  37 | 4.300000e+01 | 9.920000e+01 | 130.70%| unknown
  124s| 19700 | 17569 |  2260k| 114.7 |    52M | 262 | 951 |5425 |5425 |   0 |  0 |   0 |  37 | 4.300000e+01 | 9.920000e+01 | 130.70%| unknown
  124s| 19800 | 17647 |  2274k| 114.8 |    54M | 262 | 951 |5425 |5425 |   0 |  0 |   0 |  37 | 4.300000e+01 | 9.920000e+01 | 130.70%| unknown
  125s| 19900 | 17725 |  2295k| 115.3 |    54M | 262 | 951 |5425 |5425 |   0 |  0 |   0 |  37 | 4.300000e+01 | 9.920000e+01 | 130.70%| unknown
  126s| 20000 | 17813 |  2297k| 114.8 |    54M | 262 | 951 |5425 |5425 |   0 |  0 |   0 |  37 | 4.300000e+01 | 9.920000e+01 | 130.70%| unknown
  126s| 20100 | 17907 |  2298k| 114.3 |    54M | 262 | 951 |5425 |5425 |   0 |  0 |   0 |  37 | 4.300000e+01 | 9.920000e+01 | 130.70%| unknown
  126s| 20200 | 17983 |  2299k| 113.8 |    55M | 262 | 951 |5425 |5425 |   0 |  0 |   0 |  37 | 4.300000e+01 | 9.920000e+01 | 130.70%| unknown
  127s| 20300 | 18067 |  2323k| 114.4 |    55M | 262 | 951 |5425 |5425 |   0 |  0 |   0 |  37 | 4.300000e+01 | 9.920000e+01 | 130.70%| unknown
  128s| 20400 | 18153 |  2339k| 114.7 |    55M | 262 | 951 |5425 |5425 |   0 |  0 |   0 |  37 | 4.300000e+01 | 9.920000e+01 | 130.70%| unknown
  128s| 20500 | 18239 |  2341k| 114.2 |    55M | 262 | 951 |5425 |5425 |   0 |  0 |   0 |  37 | 4.300000e+01 | 9.920000e+01 | 130.70%| unknown
  129s| 20600 | 18321 |  2342k| 113.7 |    55M | 262 | 951 |5425 |5425 |   0 |  0 |   0 |  37 | 4.300000e+01 | 9.920000e+01 | 130.70%| unknown
  129s| 20700 | 18397 |  2344k| 113.2 |    55M | 262 | 951 |5425 |5425 |   0 |  0 |   0 |  37 | 4.300000e+01 | 9.920000e+01 | 130.70%| unknown
  129s| 20800 | 18483 |  2346k| 112.8 |    56M | 262 | 951 |5425 |5425 |   0 |  0 |   0 |  37 | 4.300000e+01 | 9.920000e+01 | 130.70%| unknown
 time | node  | left  |LP iter|LP it/n|mem/heur|mdpt |vars |cons |rows |cuts |sepa|confs|strbr|  dualbound   | primalbound  |  gap   | compl. 
  129s| 20900 | 18563 |  2347k| 112.3 |    56M | 262 | 951 |5425 |5425 |   0 |  0 |   0 |  37 | 4.300000e+01 | 9.920000e+01 | 130.70%| unknown
  130s| 21000 | 18643 |  2374k| 113.0 |    56M | 262 | 951 |5425 |5425 |   0 |  0 |   0 |  37 | 4.300000e+01 | 9.920000e+01 | 130.70%| unknown
  132s| 21100 | 18721 |  2400k| 113.7 |    57M | 262 | 951 |5425 |5425 |   0 |  0 |   0 |  37 | 4.300000e+01 | 9.920000e+01 | 130.70%| unknown
  133s| 21200 | 18795 |  2426k| 114.4 |    57M | 262 | 951 |5425 |5425 |   0 |  0 |   0 |  37 | 4.300000e+01 | 9.920000e+01 | 130.70%| unknown
  134s| 21300 | 18875 |  2450k| 115.0 |    57M | 262 | 951 |5425 |5425 |   0 |  0 |   0 |  37 | 4.300000e+01 | 9.920000e+01 | 130.70%| unknown
  135s| 21400 | 18941 |  2471k| 115.5 |    57M | 262 | 951 |5425 |5425 |   0 |  0 |   0 |  37 | 4.300000e+01 | 9.920000e+01 | 130.70%| unknown
  137s| 21500 | 19009 |  2505k| 116.5 |    57M | 262 | 951 |5425 |5425 |   0 |  0 |   0 |  37 | 4.300000e+01 | 9.920000e+01 | 130.70%| unknown
  138s| 21600 | 19059 |  2528k| 117.0 |    57M | 262 | 951 |5425 |5425 |   0 |  0 |   0 |  37 | 4.300000e+01 | 9.920000e+01 | 130.70%| unknown
  139s| 21700 | 19093 |  2546k| 117.3 |    57M | 262 | 951 |5425 |5425 |   0 |  0 |   0 |  37 | 4.300000e+01 | 9.920000e+01 | 130.70%| unknown
  139s| 21800 | 19161 |  2547k| 116.8 |    57M | 262 | 951 |5425 |5425 |   0 |  0 |   0 |  37 | 4.300000e+01 | 9.920000e+01 | 130.70%| unknown
  139s| 21900 | 19229 |  2550k| 116.4 |    58M | 262 | 951 |5425 |5425 |   0 |  0 |   0 |  37 | 4.300000e+01 | 9.920000e+01 | 130.70%| unknown
  140s| 22000 | 19319 |  2553k| 116.0 |    58M | 262 | 951 |5425 |5425 |   0 |  0 |   0 |  37 | 4.300000e+01 | 9.920000e+01 | 130.70%| unknown
  141s| 22100 | 19395 |  2572k| 116.4 |    58M | 262 | 951 |5425 |5425 |   0 |  0 |   0 |  37 | 4.300000e+01 | 9.920000e+01 | 130.70%| unknown
  142s| 22200 | 19477 |  2591k| 116.7 |    58M | 262 | 951 |5425 |5425 |   0 |  0 |   0 |  37 | 4.300000e+01 | 9.920000e+01 | 130.70%| unknown
  142s| 22300 | 19551 |  2606k| 116.8 |    58M | 262 | 951 |5425 |5425 |   0 |  0 |   0 |  37 | 4.300000e+01 | 9.920000e+01 | 130.70%| unknown
 time | node  | left  |LP iter|LP it/n|mem/heur|mdpt |vars |cons |rows |cuts |sepa|confs|strbr|  dualbound   | primalbound  |  gap   | compl. 
  143s| 22400 | 19629 |  2618k| 116.9 |    58M | 262 | 951 |5425 |5425 |   0 |  0 |   0 |  37 | 4.300000e+01 | 9.920000e+01 | 130.70%| unknown
  144s| 22500 | 19719 |  2637k| 117.2 |    58M | 262 | 951 |5425 |5425 |   0 |  0 |   0 |  37 | 4.300000e+01 | 9.920000e+01 | 130.70%| unknown
  145s| 22600 | 19805 |  2651k| 117.3 |    58M | 262 | 951 |5425 |5425 |   0 |  0 |   0 |  37 | 4.300000e+01 | 9.920000e+01 | 130.70%| unknown
  146s| 22700 | 19899 |  2672k| 117.7 |    58M | 262 | 951 |5425 |5425 |   0 |  0 |   0 |  37 | 4.300000e+01 | 9.920000e+01 | 130.70%| unknown
  147s| 22800 | 19987 |  2693k| 118.1 |    58M | 262 | 951 |5425 |5425 |   0 |  0 |   0 |  37 | 4.300000e+01 | 9.920000e+01 | 130.70%| unknown
  147s| 22900 | 20085 |  2707k| 118.2 |    59M | 262 | 951 |5425 |5425 |   0 |  0 |   0 |  37 | 4.300000e+01 | 9.920000e+01 | 130.70%| unknown
  148s| 23000 | 20181 |  2723k| 118.4 |    59M | 262 | 951 |5425 |5425 |   0 |  0 |   0 |  37 | 4.300000e+01 | 9.920000e+01 | 130.70%| unknown
  149s| 23100 | 20259 |  2740k| 118.6 |    59M | 262 | 951 |5425 |5425 |   0 |  0 |   0 |  37 | 4.300000e+01 | 9.920000e+01 | 130.70%| unknown
  150s| 23200 | 20349 |  2766k| 119.2 |    59M | 262 | 951 |5425 |5425 |   0 |  0 |   0 |  37 | 4.300000e+01 | 9.920000e+01 | 130.70%| unknown
  151s| 23300 | 20437 |  2785k| 119.5 |    59M | 262 | 951 |5425 |5425 |   0 |  0 |   0 |  37 | 4.300000e+01 | 9.920000e+01 | 130.70%| unknown
  152s| 23400 | 20525 |  2801k| 119.7 |    59M | 262 | 951 |5425 |5425 |   0 |  0 |   0 |  37 | 4.300000e+01 | 9.920000e+01 | 130.70%| unknown
  153s| 23500 | 20613 |  2812k| 119.6 |    59M | 262 | 951 |5425 |5425 |   0 |  0 |   0 |  37 | 4.300000e+01 | 9.920000e+01 | 130.70%| unknown
  154s| 23600 | 20709 |  2832k| 120.0 |    59M | 262 | 951 |5425 |5425 |   0 |  0 |   0 |  37 | 4.300000e+01 | 9.920000e+01 | 130.70%| unknown
  155s| 23700 | 20801 |  2850k| 120.2 |    59M | 262 | 951 |5425 |5425 |   0 |  0 |   0 |  37 | 4.300000e+01 | 9.920000e+01 | 130.70%| unknown
  155s| 23800 | 20889 |  2866k| 120.4 |    60M | 262 | 951 |5425 |5425 |   0 |  0 |   0 |  37 | 4.300000e+01 | 9.920000e+01 | 130.70%| unknown
 time | node  | left  |LP iter|LP it/n|mem/heur|mdpt |vars |cons |rows |cuts |sepa|confs|strbr|  dualbound   | primalbound  |  gap   | compl. 
  156s| 23900 | 20983 |  2885k| 120.7 |    60M | 262 | 951 |5425 |5425 |   0 |  0 |   0 |  37 | 4.300000e+01 | 9.920000e+01 | 130.70%| unknown
  157s| 24000 | 21059 |  2908k| 121.2 |    60M | 262 | 951 |5425 |5425 |   0 |  0 |   0 |  37 | 4.300000e+01 | 9.920000e+01 | 130.70%| unknown
  159s| 24100 | 21141 |  2934k| 121.7 |    60M | 262 | 951 |5425 |5425 |   0 |  0 |   0 |  37 | 4.300000e+01 | 9.920000e+01 | 130.70%| unknown
  159s| 24200 | 21225 |  2943k| 121.6 |    60M | 262 | 951 |5425 |5425 |   0 |  0 |   0 |  37 | 4.300000e+01 | 9.920000e+01 | 130.70%| unknown
  159s| 24300 | 21293 |  2946k| 121.2 |    60M | 262 | 951 |5425 |5425 |   0 |  0 |   0 |  37 | 4.300000e+01 | 9.920000e+01 | 130.70%| unknown
  160s| 24400 | 21375 |  2950k| 120.9 |    60M | 262 | 951 |5425 |5425 |   0 |  0 |   0 |  37 | 4.300000e+01 | 9.920000e+01 | 130.70%| unknown
  160s| 24500 | 21467 |  2966k| 121.1 |    60M | 262 | 951 |5425 |5425 |   0 |  0 |   0 |  37 | 4.300000e+01 | 9.920000e+01 | 130.70%| unknown
  161s| 24600 | 21559 |  2985k| 121.3 |    61M | 262 | 951 |5425 |5425 |   0 |  0 |   0 |  37 | 4.300000e+01 | 9.920000e+01 | 130.70%| unknown
  162s| 24700 | 21633 |  3008k| 121.8 |    62M | 262 | 951 |5425 |5425 |   0 |  0 |   0 |  37 | 4.300000e+01 | 9.920000e+01 | 130.70%| unknown
  164s| 24800 | 21713 |  3039k| 122.5 |    62M | 262 | 951 |5425 |5425 |   0 |  0 |   0 |  37 | 4.300000e+01 | 9.920000e+01 | 130.70%| unknown
  165s| 24900 | 21799 |  3061k| 122.9 |    62M | 262 | 951 |5425 |5425 |   0 |  0 |   0 |  37 | 4.300000e+01 | 9.920000e+01 | 130.70%| unknown
  166s| 25000 | 21895 |  3078k| 123.1 |    62M | 262 | 951 |5425 |5425 |   0 |  0 |   0 |  37 | 4.300000e+01 | 9.920000e+01 | 130.70%| unknown
  167s| 25100 | 21979 |  3095k| 123.3 |    62M | 262 | 951 |5425 |5425 |   0 |  0 |   0 |  37 | 4.300000e+01 | 9.920000e+01 | 130.70%| unknown
  168s| 25200 | 22065 |  3114k| 123.6 |    62M | 262 | 951 |5425 |5425 |   0 |  0 |   0 |  37 | 4.300000e+01 | 9.920000e+01 | 130.70%| unknown
  169s| 25300 | 22149 |  3139k| 124.1 |    62M | 262 | 951 |5425 |5425 |   0 |  0 |   0 |  37 | 4.300000e+01 | 9.920000e+01 | 130.70%| unknown
 time | node  | left  |LP iter|LP it/n|mem/heur|mdpt |vars |cons |rows |cuts |sepa|confs|strbr|  dualbound   | primalbound  |  gap   | compl. 
  170s| 25400 | 22227 |  3156k| 124.2 |    62M | 262 | 951 |5425 |5425 |   0 |  0 |   0 |  37 | 4.300000e+01 | 9.920000e+01 | 130.70%| unknown
  170s| 25500 | 22307 |  3177k| 124.6 |    62M | 262 | 951 |5425 |5425 |   0 |  0 |   0 |  37 | 4.300000e+01 | 9.920000e+01 | 130.70%| unknown
  171s| 25600 | 22399 |  3196k| 124.8 |    62M | 262 | 951 |5425 |5425 |   0 |  0 |   0 |  37 | 4.300000e+01 | 9.920000e+01 | 130.70%| unknown
  172s| 25700 | 22477 |  3214k| 125.0 |    64M | 262 | 951 |5425 |5425 |   0 |  0 |   0 |  37 | 4.300000e+01 | 9.920000e+01 | 130.70%| unknown
  173s| 25800 | 22563 |  3233k| 125.3 |    64M | 262 | 951 |5425 |5425 |   0 |  0 |   0 |  37 | 4.300000e+01 | 9.920000e+01 | 130.70%| unknown
  174s| 25900 | 22651 |  3256k| 125.7 |    64M | 262 | 951 |5425 |5425 |   0 |  0 |   0 |  37 | 4.300000e+01 | 9.920000e+01 | 130.70%| unknown
  175s| 26000 | 22735 |  3275k| 125.9 |    64M | 262 | 951 |5425 |5425 |   0 |  0 |   0 |  37 | 4.300000e+01 | 9.920000e+01 | 130.70%| unknown
  176s| 26100 | 22823 |  3296k| 126.3 |    64M | 262 | 951 |5425 |5425 |   0 |  0 |   0 |  37 | 4.300000e+01 | 9.920000e+01 | 130.70%| unknown
  178s| 26200 | 22909 |  3317k| 126.6 |    64M | 262 | 951 |5425 |5425 |   0 |  0 |   0 |  37 | 4.300000e+01 | 9.920000e+01 | 130.70%| unknown
  178s| 26300 | 22989 |  3332k| 126.7 |    64M | 262 | 951 |5425 |5425 |   0 |  0 |   0 |  37 | 4.300000e+01 | 9.920000e+01 | 130.70%| unknown
  179s| 26400 | 23061 |  3349k| 126.8 |    64M | 262 | 951 |5425 |5425 |   0 |  0 |   0 |  37 | 4.300000e+01 | 9.920000e+01 | 130.70%| unknown
  180s| 26500 | 23131 |  3362k| 126.9 |    64M | 262 | 951 |5425 |5425 |   0 |  0 |   0 |  37 | 4.300000e+01 | 9.920000e+01 | 130.70%| unknown
  181s| 26600 | 23207 |  3382k| 127.1 |    65M | 262 | 951 |5425 |5425 |   0 |  0 |   0 |  37 | 4.300000e+01 | 9.920000e+01 | 130.70%| unknown
  182s| 26700 | 23287 |  3397k| 127.2 |    66M | 262 | 951 |5425 |5425 |   0 |  0 |   0 |  37 | 4.300000e+01 | 9.920000e+01 | 130.70%| unknown
  182s| 26800 | 23363 |  3410k| 127.2 |    66M | 262 | 951 |5425 |5425 |   0 |  0 |   0 |  37 | 4.300000e+01 | 9.920000e+01 | 130.70%| unknown
 time | node  | left  |LP iter|LP it/n|mem/heur|mdpt |vars |cons |rows |cuts |sepa|confs|strbr|  dualbound   | primalbound  |  gap   | compl. 
  183s| 26900 | 23433 |  3429k| 127.5 |    66M | 262 | 951 |5425 |5425 |   0 |  0 |   0 |  37 | 4.300000e+01 | 9.920000e+01 | 130.70%| unknown
  184s| 27000 | 23523 |  3449k| 127.7 |    66M | 262 | 951 |5425 |5425 |   0 |  0 |   0 |  37 | 4.300000e+01 | 9.920000e+01 | 130.70%| unknown
  186s| 27100 | 23581 |  3474k| 128.2 |    66M | 262 | 951 |5425 |5425 |   0 |  0 |   0 |  37 | 4.300000e+01 | 9.920000e+01 | 130.70%| unknown
  187s| 27200 | 23655 |  3493k| 128.4 |    66M | 262 | 951 |5425 |5425 |   0 |  0 |   0 |  37 | 4.300000e+01 | 9.920000e+01 | 130.70%| unknown
  188s| 27300 | 23733 |  3508k| 128.5 |    66M | 262 | 951 |5425 |5425 |   0 |  0 |   0 |  37 | 4.300000e+01 | 9.920000e+01 | 130.70%| unknown
  189s| 27400 | 23793 |  3526k| 128.7 |    66M | 262 | 951 |5425 |5425 |   0 |  0 |   0 |  37 | 4.300000e+01 | 9.920000e+01 | 130.70%| unknown
  189s| 27500 | 23863 |  3537k| 128.6 |    66M | 262 | 951 |5425 |5425 |   0 |  0 |   0 |  37 | 4.300000e+01 | 9.920000e+01 | 130.70%| unknown
  190s| 27600 | 23931 |  3550k| 128.6 |    66M | 262 | 951 |5425 |5425 |   0 |  0 |   0 |  37 | 4.300000e+01 | 9.920000e+01 | 130.70%| unknown
  191s| 27700 | 24015 |  3564k| 128.7 |    66M | 262 | 951 |5425 |5425 |   0 |  0 |   0 |  37 | 4.300000e+01 | 9.920000e+01 | 130.70%| unknown
  192s| 27800 | 24089 |  3581k| 128.8 |    67M | 262 | 951 |5425 |5425 |   0 |  0 |   0 |  37 | 4.300000e+01 | 9.920000e+01 | 130.70%| unknown
  192s| 27900 | 24181 |  3597k| 128.9 |    67M | 262 | 951 |5425 |5425 |   0 |  0 |   0 |  37 | 4.300000e+01 | 9.920000e+01 | 130.70%| unknown
  193s| 28000 | 24263 |  3599k| 128.5 |    67M | 262 | 951 |5425 |5425 |   0 |  0 |   0 |  37 | 4.300000e+01 | 9.920000e+01 | 130.70%| unknown
  193s| 28100 | 24341 |  3601k| 128.1 |    67M | 262 | 951 |5425 |5425 |   0 |  0 |   0 |  37 | 4.300000e+01 | 9.920000e+01 | 130.70%| unknown
  193s| 28200 | 24417 |  3602k| 127.7 |    67M | 262 | 951 |5425 |5425 |   0 |  0 |   0 |  37 | 4.300000e+01 | 9.920000e+01 | 130.70%| unknown
  193s| 28300 | 24493 |  3603k| 127.3 |    67M | 262 | 951 |5425 |5425 |   0 |  0 |   0 |  37 | 4.300000e+01 | 9.920000e+01 | 130.70%| unknown
 time | node  | left  |LP iter|LP it/n|mem/heur|mdpt |vars |cons |rows |cuts |sepa|confs|strbr|  dualbound   | primalbound  |  gap   | compl. 
  193s| 28400 | 24561 |  3604k| 126.9 |    67M | 262 | 951 |5425 |5425 |   0 |  0 |   0 |  37 | 4.300000e+01 | 9.920000e+01 | 130.70%| unknown
  194s| 28500 | 24635 |  3605k| 126.5 |    67M | 262 | 951 |5425 |5425 |   0 |  0 |   0 |  37 | 4.300000e+01 | 9.920000e+01 | 130.70%| unknown
  194s| 28600 | 24713 |  3606k| 126.1 |    67M | 262 | 951 |5425 |5425 |   0 |  0 |   0 |  37 | 4.300000e+01 | 9.920000e+01 | 130.70%| unknown
  194s| 28700 | 24791 |  3607k| 125.7 |    67M | 262 | 951 |5425 |5425 |   0 |  0 |   0 |  37 | 4.300000e+01 | 9.920000e+01 | 130.70%| unknown
  194s| 28800 | 24877 |  3608k| 125.3 |    68M | 262 | 951 |5425 |5425 |   0 |  0 |   0 |  37 | 4.300000e+01 | 9.920000e+01 | 130.70%| unknown
  194s| 28900 | 24955 |  3610k| 124.9 |    68M | 262 | 951 |5425 |5425 |   0 |  0 |   0 |  37 | 4.300000e+01 | 9.920000e+01 | 130.70%| unknown
  195s| 29000 | 25045 |  3611k| 124.5 |    68M | 262 | 951 |5425 |5425 |   0 |  0 |   0 |  37 | 4.300000e+01 | 9.920000e+01 | 130.70%| unknown
  195s| 29100 | 25113 |  3612k| 124.1 |    68M | 262 | 951 |5425 |5425 |   0 |  0 |   0 |  37 | 4.300000e+01 | 9.920000e+01 | 130.70%| unknown
  195s| 29200 | 25201 |  3613k| 123.7 |    68M | 262 | 951 |5425 |5425 |   0 |  0 |   0 |  37 | 4.300000e+01 | 9.920000e+01 | 130.70%| unknown
  195s| 29300 | 25281 |  3614k| 123.3 |    69M | 262 | 951 |5425 |5425 |   0 |  0 |   0 |  37 | 4.300000e+01 | 9.920000e+01 | 130.70%| unknown
  195s| 29400 | 25365 |  3615k| 123.0 |    69M | 262 | 951 |5425 |5425 |   0 |  0 |   0 |  37 | 4.300000e+01 | 9.920000e+01 | 130.70%| unknown
  196s| 29500 | 25437 |  3630k| 123.0 |    69M | 262 | 951 |5425 |5425 |   0 |  0 |   0 |  37 | 4.300000e+01 | 9.920000e+01 | 130.70%| unknown
  197s| 29600 | 25503 |  3652k| 123.4 |    69M | 262 | 951 |5425 |5425 |   0 |  0 |   0 |  37 | 4.300000e+01 | 9.920000e+01 | 130.70%| unknown
  198s| 29700 | 25589 |  3668k| 123.5 |    69M | 262 | 951 |5425 |5425 |   0 |  0 |   0 |  37 | 4.300000e+01 | 9.920000e+01 | 130.70%| unknown
  199s| 29800 | 25673 |  3693k| 123.9 |    70M | 262 | 951 |5425 |5425 |   0 |  0 |   0 |  37 | 4.300000e+01 | 9.920000e+01 | 130.70%| unknown
 time | node  | left  |LP iter|LP it/n|mem/heur|mdpt |vars |cons |rows |cuts |sepa|confs|strbr|  dualbound   | primalbound  |  gap   | compl. 
  200s| 29900 | 25743 |  3710k| 124.1 |    70M | 262 | 951 |5425 |5425 |   0 |  0 |   0 |  37 | 4.300000e+01 | 9.920000e+01 | 130.70%| unknown
  201s| 30000 | 25823 |  3723k| 124.1 |    70M | 262 | 951 |5425 |5425 |   0 |  0 |   0 |  37 | 4.300000e+01 | 9.920000e+01 | 130.70%| unknown
  202s| 30100 | 25911 |  3732k| 124.0 |    70M | 262 | 951 |5425 |5425 |   0 |  0 |   0 |  37 | 4.300000e+01 | 9.920000e+01 | 130.70%| unknown
  202s| 30200 | 25999 |  3746k| 124.0 |    70M | 262 | 951 |5425 |5425 |   0 |  0 |   0 |  37 | 4.300000e+01 | 9.920000e+01 | 130.70%| unknown
  203s| 30300 | 26073 |  3764k| 124.2 |    70M | 262 | 951 |5425 |5425 |   0 |  0 |   0 |  37 | 4.300000e+01 | 9.920000e+01 | 130.70%| unknown
  204s| 30400 | 26149 |  3778k| 124.3 |    70M | 262 | 951 |5425 |5425 |   0 |  0 |   0 |  37 | 4.300000e+01 | 9.920000e+01 | 130.70%| unknown
  205s| 30500 | 26235 |  3794k| 124.4 |    70M | 262 | 951 |5425 |5425 |   0 |  0 |   0 |  37 | 4.300000e+01 | 9.920000e+01 | 130.70%| unknown
  206s| 30600 | 26313 |  3818k| 124.8 |    70M | 262 | 951 |5425 |5425 |   0 |  0 |   0 |  37 | 4.300000e+01 | 9.920000e+01 | 130.70%| unknown
  207s| 30700 | 26381 |  3839k| 125.0 |    70M | 262 | 951 |5425 |5425 |   0 |  0 |   0 |  37 | 4.300000e+01 | 9.920000e+01 | 130.70%| unknown
  208s| 30800 | 26451 |  3857k| 125.2 |    71M | 262 | 951 |5425 |5425 |   0 |  0 |   0 |  37 | 4.300000e+01 | 9.920000e+01 | 130.70%| unknown
  208s| 30900 | 26523 |  3859k| 124.9 |    71M | 262 | 951 |5425 |5425 |   0 |  0 |   0 |  37 | 4.300000e+01 | 9.920000e+01 | 130.70%| unknown
  208s| 31000 | 26599 |  3860k| 124.5 |    71M | 262 | 951 |5425 |5425 |   0 |  0 |   0 |  37 | 4.300000e+01 | 9.920000e+01 | 130.70%| unknown
  209s| 31100 | 26693 |  3863k| 124.2 |    71M | 262 | 951 |5425 |5425 |   0 |  0 |   0 |  37 | 4.300000e+01 | 9.920000e+01 | 130.70%| unknown
  209s| 31200 | 26767 |  3877k| 124.3 |    71M | 262 | 951 |5425 |5425 |   0 |  0 |   0 |  37 | 4.300000e+01 | 9.920000e+01 | 130.70%| unknown
  210s| 31300 | 26851 |  3891k| 124.3 |    71M | 262 | 951 |5425 |5425 |   0 |  0 |   0 |  37 | 4.300000e+01 | 9.920000e+01 | 130.70%| unknown
 time | node  | left  |LP iter|LP it/n|mem/heur|mdpt |vars |cons |rows |cuts |sepa|confs|strbr|  dualbound   | primalbound  |  gap   | compl. 
  211s| 31400 | 26933 |  3905k| 124.4 |    71M | 262 | 951 |5425 |5425 |   0 |  0 |   0 |  37 | 4.300000e+01 | 9.920000e+01 | 130.70%| unknown
  212s| 31500 | 27007 |  3916k| 124.3 |    73M | 262 | 951 |5425 |5425 |   0 |  0 |   0 |  37 | 4.300000e+01 | 9.920000e+01 | 130.70%| unknown
  212s| 31600 | 27085 |  3918k| 124.0 |    73M | 262 | 951 |5425 |5425 |   0 |  0 |   0 |  37 | 4.300000e+01 | 9.920000e+01 | 130.70%| unknown
  212s| 31700 | 27169 |  3919k| 123.6 |    73M | 262 | 951 |5425 |5425 |   0 |  0 |   0 |  37 | 4.300000e+01 | 9.920000e+01 | 130.70%| unknown
  212s| 31800 | 27259 |  3920k| 123.3 |    74M | 262 | 951 |5425 |5425 |   0 |  0 |   0 |  37 | 4.300000e+01 | 9.920000e+01 | 130.70%| unknown
  212s| 31900 | 27349 |  3921k| 122.9 |    74M | 262 | 951 |5425 |5425 |   0 |  0 |   0 |  37 | 4.300000e+01 | 9.920000e+01 | 130.70%| unknown
  213s| 32000 | 27439 |  3922k| 122.6 |    74M | 262 | 951 |5425 |5425 |   0 |  0 |   0 |  37 | 4.300000e+01 | 9.920000e+01 | 130.70%| unknown
  213s| 32100 | 27533 |  3923k| 122.2 |    74M | 262 | 951 |5425 |5425 |   0 |  0 |   0 |  37 | 4.300000e+01 | 9.920000e+01 | 130.70%| unknown
  213s| 32200 | 27619 |  3934k| 122.2 |    74M | 262 | 951 |5425 |5425 |   0 |  0 |   0 |  37 | 4.300000e+01 | 9.920000e+01 | 130.70%| unknown
  214s| 32300 | 27713 |  3951k| 122.3 |    74M | 262 | 951 |5425 |5425 |   0 |  0 |   0 |  37 | 4.300000e+01 | 9.920000e+01 | 130.70%| unknown
  215s| 32400 | 27801 |  3964k| 122.3 |    74M | 262 | 951 |5425 |5425 |   0 |  0 |   0 |  37 | 4.300000e+01 | 9.920000e+01 | 130.70%| unknown
  216s| 32500 | 27871 |  3986k| 122.6 |    74M | 262 | 951 |5425 |5425 |   0 |  0 |   0 |  37 | 4.300000e+01 | 9.920000e+01 | 130.70%| unknown
  217s| 32600 | 27935 |  3998k| 122.6 |    74M | 262 | 951 |5425 |5425 |   0 |  0 |   0 |  37 | 4.300000e+01 | 9.920000e+01 | 130.70%| unknown
  217s| 32700 | 28015 |  4000k| 122.3 |    75M | 262 | 951 |5425 |5425 |   0 |  0 |   0 |  37 | 4.300000e+01 | 9.920000e+01 | 130.70%| unknown
  217s| 32800 | 28101 |  4001k| 122.0 |    75M | 262 | 951 |5425 |5425 |   0 |  0 |   0 |  37 | 4.300000e+01 | 9.920000e+01 | 130.70%| unknown
 time | node  | left  |LP iter|LP it/n|mem/heur|mdpt |vars |cons |rows |cuts |sepa|confs|strbr|  dualbound   | primalbound  |  gap   | compl. 
  217s| 32900 | 28197 |  4002k| 121.6 |    75M | 262 | 951 |5425 |5425 |   0 |  0 |   0 |  37 | 4.300000e+01 | 9.920000e+01 | 130.70%| unknown
  217s| 33000 | 28287 |  4003k| 121.3 |    75M | 262 | 951 |5425 |5425 |   0 |  0 |   0 |  37 | 4.300000e+01 | 9.920000e+01 | 130.70%| unknown
  218s| 33100 | 28381 |  4004k| 121.0 |    75M | 262 | 951 |5425 |5425 |   0 |  0 |   0 |  37 | 4.300000e+01 | 9.920000e+01 | 130.70%| unknown
  218s| 33200 | 28463 |  4006k| 120.6 |    75M | 262 | 951 |5425 |5425 |   0 |  0 |   0 |  37 | 4.300000e+01 | 9.920000e+01 | 130.70%| unknown
  218s| 33300 | 28557 |  4007k| 120.3 |    75M | 262 | 951 |5425 |5425 |   0 |  0 |   0 |  37 | 4.300000e+01 | 9.920000e+01 | 130.70%| unknown
  218s| 33400 | 28629 |  4008k| 120.0 |    75M | 262 | 951 |5425 |5425 |   0 |  0 |   0 |  37 | 4.300000e+01 | 9.920000e+01 | 130.70%| unknown
  218s| 33500 | 28713 |  4009k| 119.7 |    75M | 262 | 951 |5425 |5425 |   0 |  0 |   0 |  37 | 4.300000e+01 | 9.920000e+01 | 130.70%| unknown
  218s| 33600 | 28799 |  4010k| 119.3 |    76M | 262 | 951 |5425 |5425 |   0 |  0 |   0 |  37 | 4.300000e+01 | 9.920000e+01 | 130.70%| unknown
  219s| 33700 | 28893 |  4011k| 119.0 |    76M | 262 | 951 |5425 |5425 |   0 |  0 |   0 |  37 | 4.300000e+01 | 9.920000e+01 | 130.70%| unknown
  219s| 33800 | 28963 |  4012k| 118.7 |    76M | 262 | 951 |5425 |5425 |   0 |  0 |   0 |  37 | 4.300000e+01 | 9.920000e+01 | 130.70%| unknown
  219s| 33900 | 29043 |  4014k| 118.4 |    76M | 262 | 951 |5425 |5425 |   0 |  0 |   0 |  37 | 4.300000e+01 | 9.920000e+01 | 130.70%| unknown
  219s| 34000 | 29117 |  4015k| 118.1 |    76M | 262 | 951 |5425 |5425 |   0 |  0 |   0 |  37 | 4.300000e+01 | 9.920000e+01 | 130.70%| unknown
  219s| 34100 | 29195 |  4016k| 117.8 |    76M | 262 | 951 |5425 |5425 |   0 |  0 |   0 |  37 | 4.300000e+01 | 9.920000e+01 | 130.70%| unknown
  220s| 34200 | 29269 |  4017k| 117.4 |    76M | 262 | 951 |5425 |5425 |   0 |  0 |   0 |  37 | 4.300000e+01 | 9.920000e+01 | 130.70%| unknown
  220s| 34300 | 29359 |  4018k| 117.1 |    77M | 262 | 951 |5425 |5425 |   0 |  0 |   0 |  37 | 4.300000e+01 | 9.920000e+01 | 130.70%| unknown
 time | node  | left  |LP iter|LP it/n|mem/heur|mdpt |vars |cons |rows |cuts |sepa|confs|strbr|  dualbound   | primalbound  |  gap   | compl. 
  220s| 34400 | 29437 |  4019k| 116.8 |    77M | 262 | 951 |5425 |5425 |   0 |  0 |   0 |  37 | 4.300000e+01 | 9.920000e+01 | 130.70%| unknown
  220s| 34500 | 29517 |  4021k| 116.5 |    78M | 262 | 951 |5425 |5425 |   0 |  0 |   0 |  37 | 4.300000e+01 | 9.920000e+01 | 130.70%| unknown
  220s| 34600 | 29593 |  4021k| 116.2 |    79M | 262 | 951 |5425 |5425 |   0 |  0 |   0 |  37 | 4.300000e+01 | 9.920000e+01 | 130.70%| unknown
  220s| 34700 | 29679 |  4022k| 115.9 |    79M | 262 | 951 |5425 |5425 |   0 |  0 |   0 |  37 | 4.300000e+01 | 9.920000e+01 | 130.70%| unknown
  221s| 34800 | 29755 |  4023k| 115.6 |    79M | 262 | 951 |5425 |5425 |   0 |  0 |   0 |  37 | 4.300000e+01 | 9.920000e+01 | 130.70%| unknown
  221s| 34900 | 29847 |  4025k| 115.3 |    79M | 262 | 951 |5425 |5425 |   0 |  0 |   0 |  37 | 4.300000e+01 | 9.920000e+01 | 130.70%| unknown
  221s| 35000 | 29927 |  4026k| 115.0 |    79M | 262 | 951 |5425 |5425 |   0 |  0 |   0 |  37 | 4.300000e+01 | 9.920000e+01 | 130.70%| unknown
  221s| 35100 | 30001 |  4030k| 114.8 |    79M | 262 | 951 |5425 |5425 |   0 |  0 |   0 |  37 | 4.300000e+01 | 9.920000e+01 | 130.70%| unknown
  222s| 35200 | 30063 |  4046k| 114.9 |    79M | 262 | 951 |5425 |5425 |   0 |  0 |   0 |  37 | 4.300000e+01 | 9.920000e+01 | 130.70%| unknown
  223s| 35300 | 30139 |  4063k| 115.1 |    79M | 262 | 951 |5425 |5425 |   0 |  0 |   0 |  37 | 4.300000e+01 | 9.920000e+01 | 130.70%| unknown
  223s| 35400 | 30217 |  4064k| 114.8 |    79M | 262 | 951 |5425 |5425 |   0 |  0 |   0 |  37 | 4.300000e+01 | 9.920000e+01 | 130.70%| unknown
  223s| 35500 | 30309 |  4065k| 114.5 |    79M | 262 | 951 |5425 |5425 |   0 |  0 |   0 |  37 | 4.300000e+01 | 9.920000e+01 | 130.70%| unknown
  224s| 35600 | 30383 |  4066k| 114.2 |    80M | 262 | 951 |5425 |5425 |   0 |  0 |   0 |  37 | 4.300000e+01 | 9.920000e+01 | 130.70%| unknown
  224s| 35700 | 30463 |  4067k| 113.9 |    80M | 262 | 951 |5425 |5425 |   0 |  0 |   0 |  37 | 4.300000e+01 | 9.920000e+01 | 130.70%| unknown
  224s| 35800 | 30555 |  4068k| 113.6 |    80M | 262 | 951 |5425 |5425 |   0 |  0 |   0 |  37 | 4.300000e+01 | 9.920000e+01 | 130.70%| unknown
 time | node  | left  |LP iter|LP it/n|mem/heur|mdpt |vars |cons |rows |cuts |sepa|confs|strbr|  dualbound   | primalbound  |  gap   | compl. 
  224s| 35900 | 30653 |  4070k| 113.3 |    80M | 262 | 951 |5425 |5425 |   0 |  0 |   0 |  37 | 4.300000e+01 | 9.920000e+01 | 130.70%| unknown
  224s| 36000 | 30733 |  4071k| 113.1 |    80M | 262 | 951 |5425 |5425 |   0 |  0 |   0 |  37 | 4.300000e+01 | 9.920000e+01 | 130.70%| unknown
  225s| 36100 | 30817 |  4072k| 112.8 |    80M | 262 | 951 |5425 |5425 |   0 |  0 |   0 |  37 | 4.300000e+01 | 9.920000e+01 | 130.70%| unknown
  225s| 36200 | 30895 |  4073k| 112.5 |    80M | 262 | 951 |5425 |5425 |   0 |  0 |   0 |  37 | 4.300000e+01 | 9.920000e+01 | 130.70%| unknown
  225s| 36300 | 30965 |  4074k| 112.2 |    81M | 262 | 951 |5425 |5425 |   0 |  0 |   0 |  37 | 4.300000e+01 | 9.920000e+01 | 130.70%| unknown
  225s| 36400 | 31035 |  4075k| 111.9 |    81M | 262 | 951 |5425 |5425 |   0 |  0 |   0 |  37 | 4.300000e+01 | 9.920000e+01 | 130.70%| unknown
  225s| 36500 | 31133 |  4076k| 111.7 |    81M | 262 | 951 |5425 |5425 |   0 |  0 |   0 |  37 | 4.300000e+01 | 9.920000e+01 | 130.70%| unknown
  226s| 36600 | 31223 |  4078k| 111.4 |    82M | 262 | 951 |5425 |5425 |   0 |  0 |   0 |  37 | 4.300000e+01 | 9.920000e+01 | 130.70%| unknown
  226s| 36700 | 31291 |  4079k| 111.1 |    82M | 262 | 951 |5425 |5425 |   0 |  0 |   0 |  37 | 4.300000e+01 | 9.920000e+01 | 130.70%| unknown
  226s| 36800 | 31373 |  4081k| 110.9 |    82M | 262 | 951 |5425 |5425 |   0 |  0 |   0 |  37 | 4.300000e+01 | 9.920000e+01 | 130.70%| unknown
  226s| 36900 | 31457 |  4082k| 110.6 |    82M | 262 | 951 |5425 |5425 |   0 |  0 |   0 |  37 | 4.300000e+01 | 9.920000e+01 | 130.70%| unknown
  226s| 37000 | 31535 |  4083k| 110.3 |    83M | 262 | 951 |5425 |5425 |   0 |  0 |   0 |  37 | 4.300000e+01 | 9.920000e+01 | 130.70%| unknown
  226s| 37100 | 31629 |  4084k| 110.1 |    83M | 262 | 951 |5425 |5425 |   0 |  0 |   0 |  37 | 4.300000e+01 | 9.920000e+01 | 130.70%| unknown
  227s| 37200 | 31713 |  4085k| 109.8 |    83M | 262 | 951 |5425 |5425 |   0 |  0 |   0 |  37 | 4.300000e+01 | 9.920000e+01 | 130.70%| unknown
  227s| 37300 | 31803 |  4087k| 109.6 |    83M | 262 | 951 |5425 |5425 |   0 |  0 |   0 |  37 | 4.300000e+01 | 9.920000e+01 | 130.70%| unknown
 time | node  | left  |LP iter|LP it/n|mem/heur|mdpt |vars |cons |rows |cuts |sepa|confs|strbr|  dualbound   | primalbound  |  gap   | compl. 
  227s| 37400 | 31881 |  4088k| 109.3 |    83M | 262 | 951 |5425 |5425 |   0 |  0 |   0 |  37 | 4.300000e+01 | 9.920000e+01 | 130.70%| unknown
  227s| 37500 | 31955 |  4089k| 109.0 |    83M | 262 | 951 |5425 |5425 |   0 |  0 |   0 |  37 | 4.300000e+01 | 9.920000e+01 | 130.70%| unknown
  227s| 37600 | 32037 |  4090k| 108.8 |    84M | 262 | 951 |5425 |5425 |   0 |  0 |   0 |  37 | 4.300000e+01 | 9.920000e+01 | 130.70%| unknown
  228s| 37700 | 32129 |  4092k| 108.5 |    84M | 262 | 951 |5425 |5425 |   0 |  0 |   0 |  37 | 4.300000e+01 | 9.920000e+01 | 130.70%| unknown
  228s| 37800 | 32217 |  4093k| 108.3 |    84M | 262 | 951 |5425 |5425 |   0 |  0 |   0 |  37 | 4.300000e+01 | 9.920000e+01 | 130.70%| unknown
  228s| 37900 | 32295 |  4094k| 108.0 |    84M | 262 | 951 |5425 |5425 |   0 |  0 |   0 |  37 | 4.300000e+01 | 9.920000e+01 | 130.70%| unknown
  228s| 38000 | 32367 |  4095k| 107.8 |    84M | 262 | 951 |5425 |5425 |   0 |  0 |   0 |  37 | 4.300000e+01 | 9.920000e+01 | 130.70%| unknown
  228s| 38100 | 32447 |  4097k| 107.5 |    84M | 262 | 951 |5425 |5425 |   0 |  0 |   0 |  37 | 4.300000e+01 | 9.920000e+01 | 130.70%| unknown
  229s| 38200 | 32531 |  4098k| 107.3 |    85M | 262 | 951 |5425 |5425 |   0 |  0 |   0 |  37 | 4.300000e+01 | 9.920000e+01 | 130.70%| unknown
  229s| 38300 | 32617 |  4099k| 107.0 |    85M | 262 | 951 |5425 |5425 |   0 |  0 |   0 |  37 | 4.300000e+01 | 9.920000e+01 | 130.70%| unknown
  229s| 38400 | 32703 |  4100k| 106.8 |    85M | 262 | 951 |5425 |5425 |   0 |  0 |   0 |  37 | 4.300000e+01 | 9.920000e+01 | 130.70%| unknown
  229s| 38500 | 32783 |  4101k| 106.5 |    86M | 262 | 951 |5425 |5425 |   0 |  0 |   0 |  37 | 4.300000e+01 | 9.920000e+01 | 130.70%| unknown
  229s| 38600 | 32861 |  4102k| 106.3 |    86M | 262 | 951 |5425 |5425 |   0 |  0 |   0 |  37 | 4.300000e+01 | 9.920000e+01 | 130.70%| unknown
  230s| 38700 | 32941 |  4104k| 106.0 |    86M | 262 | 951 |5425 |5425 |   0 |  0 |   0 |  37 | 4.300000e+01 | 9.920000e+01 | 130.70%| unknown
  230s| 38800 | 33013 |  4118k| 106.1 |    86M | 262 | 951 |5425 |5425 |   0 |  0 |   0 |  37 | 4.300000e+01 | 9.920000e+01 | 130.70%| unknown
 time | node  | left  |LP iter|LP it/n|mem/heur|mdpt |vars |cons |rows |cuts |sepa|confs|strbr|  dualbound   | primalbound  |  gap   | compl. 
  231s| 38900 | 33091 |  4134k| 106.3 |    86M | 262 | 951 |5425 |5425 |   0 |  0 |   0 |  37 | 4.300000e+01 | 9.920000e+01 | 130.70%| unknown
  232s| 39000 | 33177 |  4152k| 106.5 |    86M | 262 | 951 |5425 |5425 |   0 |  0 |   0 |  37 | 4.300000e+01 | 9.920000e+01 | 130.70%| unknown
  234s| 39100 | 33249 |  4180k| 106.9 |    86M | 262 | 951 |5425 |5425 |   0 |  0 |   0 |  37 | 4.300000e+01 | 9.920000e+01 | 130.70%| unknown
  234s| 39200 | 33327 |  4193k| 106.9 |    86M | 262 | 951 |5425 |5425 |   0 |  0 |   0 |  37 | 4.300000e+01 | 9.920000e+01 | 130.70%| unknown
  236s| 39300 | 33395 |  4222k| 107.4 |    86M | 262 | 951 |5425 |5425 |   0 |  0 |   0 |  37 | 4.300000e+01 | 9.920000e+01 | 130.70%| unknown
  237s| 39400 | 33465 |  4242k| 107.7 |    86M | 262 | 951 |5425 |5425 |   0 |  0 |   0 |  37 | 4.300000e+01 | 9.920000e+01 | 130.70%| unknown
  238s| 39500 | 33525 |  4271k| 108.1 |    86M | 262 | 951 |5425 |5425 |   0 |  0 |   0 |  37 | 4.300000e+01 | 9.920000e+01 | 130.70%| unknown
  239s| 39600 | 33615 |  4283k| 108.1 |    87M | 262 | 951 |5425 |5425 |   0 |  0 |   0 |  37 | 4.300000e+01 | 9.920000e+01 | 130.70%| unknown
  240s| 39700 | 33677 |  4304k| 108.4 |    87M | 262 | 951 |5425 |5425 |   0 |  0 |   0 |  37 | 4.300000e+01 | 9.920000e+01 | 130.70%| unknown
  241s| 39800 | 33757 |  4318k| 108.5 |    87M | 262 | 951 |5425 |5425 |   0 |  0 |   0 |  37 | 4.300000e+01 | 9.920000e+01 | 130.70%| unknown
  242s| 39900 | 33827 |  4338k| 108.7 |    87M | 262 | 951 |5425 |5425 |   0 |  0 |   0 |  37 | 4.300000e+01 | 9.920000e+01 | 130.70%| unknown
  243s| 40000 | 33893 |  4359k| 109.0 |    87M | 262 | 951 |5425 |5425 |   0 |  0 |   0 |  37 | 4.300000e+01 | 9.920000e+01 | 130.70%| unknown
  244s| 40100 | 33967 |  4385k| 109.3 |    87M | 262 | 951 |5425 |5425 |   0 |  0 |   0 |  37 | 4.300000e+01 | 9.920000e+01 | 130.70%| unknown
  245s| 40200 | 34043 |  4402k| 109.5 |    87M | 262 | 951 |5425 |5425 |   0 |  0 |   0 |  37 | 4.300000e+01 | 9.920000e+01 | 130.70%| unknown
  245s| 40300 | 34123 |  4403k| 109.2 |    87M | 262 | 951 |5425 |5425 |   0 |  0 |   0 |  37 | 4.300000e+01 | 9.920000e+01 | 130.70%| unknown
 time | node  | left  |LP iter|LP it/n|mem/heur|mdpt |vars |cons |rows |cuts |sepa|confs|strbr|  dualbound   | primalbound  |  gap   | compl. 
  246s| 40400 | 34191 |  4404k| 109.0 |    87M | 262 | 951 |5425 |5425 |   0 |  0 |   0 |  37 | 4.300000e+01 | 9.920000e+01 | 130.70%| unknown
  246s| 40500 | 34259 |  4406k| 108.8 |    87M | 262 | 951 |5425 |5425 |   0 |  0 |   0 |  37 | 4.300000e+01 | 9.920000e+01 | 130.70%| unknown
  246s| 40600 | 34331 |  4407k| 108.5 |    87M | 262 | 951 |5425 |5425 |   0 |  0 |   0 |  37 | 4.300000e+01 | 9.920000e+01 | 130.70%| unknown
  246s| 40700 | 34389 |  4411k| 108.4 |    88M | 262 | 951 |5425 |5425 |   0 |  0 |   0 |  37 | 4.300000e+01 | 9.920000e+01 | 130.70%| unknown
  246s| 40800 | 34467 |  4412k| 108.1 |    88M | 262 | 951 |5425 |5425 |   0 |  0 |   0 |  37 | 4.300000e+01 | 9.920000e+01 | 130.70%| unknown
  247s| 40900 | 34547 |  4414k| 107.9 |    88M | 262 | 951 |5425 |5425 |   0 |  0 |   0 |  37 | 4.300000e+01 | 9.920000e+01 | 130.70%| unknown
  247s| 41000 | 34603 |  4415k| 107.7 |    88M | 262 | 951 |5425 |5425 |   0 |  0 |   0 |  37 | 4.300000e+01 | 9.920000e+01 | 130.70%| unknown
  247s| 41100 | 34655 |  4417k| 107.5 |    88M | 262 | 951 |5425 |5425 |   0 |  0 |   0 |  37 | 4.300000e+01 | 9.920000e+01 | 130.70%| unknown
  247s| 41200 | 34733 |  4419k| 107.2 |    88M | 262 | 951 |5425 |5425 |   0 |  0 |   0 |  37 | 4.300000e+01 | 9.920000e+01 | 130.70%| unknown
  247s| 41300 | 34803 |  4420k| 107.0 |    89M | 262 | 951 |5425 |5425 |   0 |  0 |   0 |  37 | 4.300000e+01 | 9.920000e+01 | 130.70%| unknown
  248s| 41400 | 34873 |  4421k| 106.8 |    89M | 262 | 951 |5425 |5425 |   0 |  0 |   0 |  37 | 4.300000e+01 | 9.920000e+01 | 130.70%| unknown
  248s| 41500 | 34959 |  4422k| 106.5 |    89M | 262 | 951 |5425 |5425 |   0 |  0 |   0 |  37 | 4.300000e+01 | 9.920000e+01 | 130.70%| unknown
  248s| 41600 | 35035 |  4423k| 106.3 |    89M | 262 | 951 |5425 |5425 |   0 |  0 |   0 |  37 | 4.300000e+01 | 9.920000e+01 | 130.70%| unknown
  248s| 41700 | 35109 |  4425k| 106.1 |    89M | 262 | 951 |5425 |5425 |   0 |  0 |   0 |  37 | 4.300000e+01 | 9.920000e+01 | 130.70%| unknown
  248s| 41800 | 35195 |  4426k| 105.9 |    90M | 262 | 951 |5425 |5425 |   0 |  0 |   0 |  37 | 4.300000e+01 | 9.920000e+01 | 130.70%| unknown
 time | node  | left  |LP iter|LP it/n|mem/heur|mdpt |vars |cons |rows |cuts |sepa|confs|strbr|  dualbound   | primalbound  |  gap   | compl. 
  249s| 41900 | 35293 |  4427k| 105.6 |    90M | 262 | 951 |5425 |5425 |   0 |  0 |   0 |  37 | 4.300000e+01 | 9.920000e+01 | 130.70%| unknown
  249s| 42000 | 35383 |  4429k| 105.4 |    90M | 262 | 951 |5425 |5425 |   0 |  0 |   0 |  37 | 4.300000e+01 | 9.920000e+01 | 130.70%| unknown
  249s| 42100 | 35469 |  4430k| 105.2 |    90M | 262 | 951 |5425 |5425 |   0 |  0 |   0 |  37 | 4.300000e+01 | 9.920000e+01 | 130.70%| unknown
  249s| 42200 | 35559 |  4431k| 105.0 |    90M | 262 | 951 |5425 |5425 |   0 |  0 |   0 |  37 | 4.300000e+01 | 9.920000e+01 | 130.70%| unknown
  249s| 42300 | 35627 |  4432k| 104.8 |    90M | 262 | 951 |5425 |5425 |   0 |  0 |   0 |  37 | 4.300000e+01 | 9.920000e+01 | 130.70%| unknown
  249s| 42400 | 35725 |  4433k| 104.5 |    90M | 262 | 951 |5425 |5425 |   0 |  0 |   0 |  37 | 4.300000e+01 | 9.920000e+01 | 130.70%| unknown
  250s| 42500 | 35803 |  4434k| 104.3 |    90M | 262 | 951 |5425 |5425 |   0 |  0 |   0 |  37 | 4.300000e+01 | 9.920000e+01 | 130.70%| unknown
  250s| 42600 | 35887 |  4435k| 104.1 |    90M | 262 | 951 |5425 |5425 |   0 |  0 |   0 |  37 | 4.300000e+01 | 9.920000e+01 | 130.70%| unknown
  250s| 42700 | 35971 |  4437k| 103.9 |    92M | 262 | 951 |5425 |5425 |   0 |  0 |   0 |  37 | 4.300000e+01 | 9.920000e+01 | 130.70%| unknown
  250s| 42800 | 36057 |  4438k| 103.7 |    92M | 262 | 951 |5425 |5425 |   0 |  0 |   0 |  37 | 4.300000e+01 | 9.920000e+01 | 130.70%| unknown
  250s| 42900 | 36123 |  4439k| 103.5 |    92M | 262 | 951 |5425 |5425 |   0 |  0 |   0 |  37 | 4.300000e+01 | 9.920000e+01 | 130.70%| unknown
  251s| 43000 | 36203 |  4440k| 103.2 |    92M | 262 | 951 |5425 |5425 |   0 |  0 |   0 |  37 | 4.300000e+01 | 9.920000e+01 | 130.70%| unknown
  251s| 43100 | 36279 |  4447k| 103.2 |    92M | 262 | 951 |5425 |5425 |   0 |  0 |   0 |  37 | 4.300000e+01 | 9.920000e+01 | 130.70%| unknown
  252s| 43200 | 36367 |  4463k| 103.3 |    92M | 262 | 951 |5425 |5425 |   0 |  0 |   0 |  37 | 4.300000e+01 | 9.920000e+01 | 130.70%| unknown
  252s| 43300 | 36455 |  4470k| 103.2 |    92M | 262 | 951 |5425 |5425 |   0 |  0 |   0 |  37 | 4.300000e+01 | 9.920000e+01 | 130.70%| unknown
 time | node  | left  |LP iter|LP it/n|mem/heur|mdpt |vars |cons |rows |cuts |sepa|confs|strbr|  dualbound   | primalbound  |  gap   | compl. 
  253s| 43400 | 36537 |  4472k| 103.0 |    92M | 262 | 951 |5425 |5425 |   0 |  0 |   0 |  37 | 4.300000e+01 | 9.920000e+01 | 130.70%| unknown
  253s| 43500 | 36627 |  4473k| 102.8 |    92M | 262 | 951 |5425 |5425 |   0 |  0 |   0 |  37 | 4.300000e+01 | 9.920000e+01 | 130.70%| unknown
  253s| 43600 | 36713 |  4473k| 102.6 |    92M | 262 | 951 |5425 |5425 |   0 |  0 |   0 |  37 | 4.300000e+01 | 9.920000e+01 | 130.70%| unknown
  253s| 43700 | 36785 |  4475k| 102.4 |    93M | 262 | 951 |5425 |5425 |   0 |  0 |   0 |  37 | 4.300000e+01 | 9.920000e+01 | 130.70%| unknown
  253s| 43800 | 36865 |  4476k| 102.2 |    93M | 262 | 951 |5425 |5425 |   0 |  0 |   0 |  37 | 4.300000e+01 | 9.920000e+01 | 130.70%| unknown
  254s| 43900 | 36935 |  4490k| 102.3 |    93M | 262 | 951 |5425 |5425 |   0 |  0 |   0 |  37 | 4.300000e+01 | 9.920000e+01 | 130.70%| unknown
  255s| 44000 | 37021 |  4513k| 102.6 |    94M | 262 | 951 |5425 |5425 |   0 |  0 |   0 |  37 | 4.300000e+01 | 9.920000e+01 | 130.70%| unknown
  256s| 44100 | 37097 |  4536k| 102.8 |    94M | 262 | 951 |5425 |5425 |   0 |  0 |   0 |  37 | 4.300000e+01 | 9.920000e+01 | 130.70%| unknown
  258s| 44200 | 37181 |  4560k| 103.1 |    94M | 262 | 951 |5425 |5425 |   0 |  0 |   0 |  37 | 4.300000e+01 | 9.920000e+01 | 130.70%| unknown
  259s| 44300 | 37263 |  4581k| 103.4 |    94M | 262 | 951 |5425 |5425 |   0 |  0 |   0 |  37 | 4.300000e+01 | 9.920000e+01 | 130.70%| unknown
  260s| 44400 | 37345 |  4602k| 103.6 |    94M | 262 | 951 |5425 |5425 |   0 |  0 |   0 |  37 | 4.300000e+01 | 9.920000e+01 | 130.70%| unknown
  261s| 44500 | 37427 |  4615k| 103.7 |    94M | 262 | 951 |5425 |5425 |   0 |  0 |   0 |  37 | 4.300000e+01 | 9.920000e+01 | 130.70%| unknown
  261s| 44600 | 37501 |  4628k| 103.8 |    94M | 262 | 951 |5425 |5425 |   0 |  0 |   0 |  37 | 4.300000e+01 | 9.920000e+01 | 130.70%| unknown
  262s| 44700 | 37575 |  4642k| 103.8 |    95M | 262 | 951 |5425 |5425 |   0 |  0 |   0 |  37 | 4.300000e+01 | 9.920000e+01 | 130.70%| unknown
  263s| 44800 | 37667 |  4658k| 104.0 |    95M | 262 | 951 |5425 |5425 |   0 |  0 |   0 |  37 | 4.300000e+01 | 9.920000e+01 | 130.70%| unknown
 time | node  | left  |LP iter|LP it/n|mem/heur|mdpt |vars |cons |rows |cuts |sepa|confs|strbr|  dualbound   | primalbound  |  gap   | compl. 
  264s| 44900 | 37759 |  4673k| 104.1 |    95M | 262 | 951 |5425 |5425 |   0 |  0 |   0 |  37 | 4.300000e+01 | 9.920000e+01 | 130.70%| unknown
  265s| 45000 | 37839 |  4687k| 104.1 |    95M | 262 | 951 |5425 |5425 |   0 |  0 |   0 |  37 | 4.300000e+01 | 9.920000e+01 | 130.70%| unknown
  265s| 45100 | 37923 |  4703k| 104.3 |    95M | 262 | 951 |5425 |5425 |   0 |  0 |   0 |  37 | 4.300000e+01 | 9.920000e+01 | 130.70%| unknown
  266s| 45200 | 37999 |  4717k| 104.4 |    95M | 262 | 951 |5425 |5425 |   0 |  0 |   0 |  37 | 4.300000e+01 | 9.920000e+01 | 130.70%| unknown
  267s| 45300 | 38071 |  4741k| 104.6 |    95M | 262 | 951 |5425 |5425 |   0 |  0 |   0 |  37 | 4.300000e+01 | 9.920000e+01 | 130.70%| unknown
  268s| 45400 | 38149 |  4753k| 104.7 |    95M | 262 | 951 |5425 |5425 |   0 |  0 |   0 |  37 | 4.300000e+01 | 9.920000e+01 | 130.70%| unknown
  269s| 45500 | 38225 |  4774k| 104.9 |    95M | 262 | 951 |5425 |5425 |   0 |  0 |   0 |  37 | 4.300000e+01 | 9.920000e+01 | 130.70%| unknown
  270s| 45600 | 38305 |  4790k| 105.0 |    95M | 262 | 951 |5425 |5425 |   0 |  0 |   0 |  37 | 4.300000e+01 | 9.920000e+01 | 130.70%| unknown
  271s| 45700 | 38399 |  4809k| 105.2 |    96M | 262 | 951 |5425 |5425 |   0 |  0 |   0 |  37 | 4.300000e+01 | 9.920000e+01 | 130.70%| unknown
  272s| 45800 | 38481 |  4823k| 105.3 |    96M | 262 | 951 |5425 |5425 |   0 |  0 |   0 |  37 | 4.300000e+01 | 9.920000e+01 | 130.70%| unknown
  272s| 45900 | 38557 |  4835k| 105.3 |    96M | 262 | 951 |5425 |5425 |   0 |  0 |   0 |  37 | 4.300000e+01 | 9.920000e+01 | 130.70%| unknown
  273s| 46000 | 38645 |  4851k| 105.4 |    96M | 262 | 951 |5425 |5425 |   0 |  0 |   0 |  37 | 4.300000e+01 | 9.920000e+01 | 130.70%| unknown
  274s| 46100 | 38737 |  4863k| 105.5 |    97M | 262 | 951 |5425 |5425 |   0 |  0 |   0 |  37 | 4.300000e+01 | 9.920000e+01 | 130.70%| unknown
  275s| 46200 | 38813 |  4881k| 105.6 |    97M | 262 | 951 |5425 |5425 |   0 |  0 |   0 |  37 | 4.300000e+01 | 9.920000e+01 | 130.70%| unknown
  275s| 46300 | 38895 |  4893k| 105.7 |    97M | 262 | 951 |5425 |5425 |   0 |  0 |   0 |  37 | 4.300000e+01 | 9.920000e+01 | 130.70%| unknown
 time | node  | left  |LP iter|LP it/n|mem/heur|mdpt |vars |cons |rows |cuts |sepa|confs|strbr|  dualbound   | primalbound  |  gap   | compl. 
  276s| 46400 | 38989 |  4906k| 105.7 |    97M | 262 | 951 |5425 |5425 |   0 |  0 |   0 |  37 | 4.300000e+01 | 9.920000e+01 | 130.70%| unknown
  277s| 46500 | 39071 |  4926k| 105.9 |    97M | 262 | 951 |5425 |5425 |   0 |  0 |   0 |  37 | 4.300000e+01 | 9.920000e+01 | 130.70%| unknown
  278s| 46600 | 39135 |  4939k| 106.0 |    97M | 262 | 951 |5425 |5425 |   0 |  0 |   0 |  37 | 4.300000e+01 | 9.920000e+01 | 130.70%| unknown
  279s| 46700 | 39205 |  4959k| 106.2 |    98M | 262 | 951 |5425 |5425 |   0 |  0 |   0 |  37 | 4.300000e+01 | 9.920000e+01 | 130.70%| unknown
  280s| 46800 | 39291 |  4976k| 106.3 |    98M | 262 | 951 |5425 |5425 |   0 |  0 |   0 |  37 | 4.300000e+01 | 9.920000e+01 | 130.70%| unknown
  281s| 46900 | 39363 |  4991k| 106.4 |    98M | 262 | 951 |5425 |5425 |   0 |  0 |   0 |  37 | 4.300000e+01 | 9.920000e+01 | 130.70%| unknown
  281s| 47000 | 39453 |  5004k| 106.5 |    98M | 262 | 951 |5425 |5425 |   0 |  0 |   0 |  37 | 4.300000e+01 | 9.920000e+01 | 130.70%| unknown
  282s| 47100 | 39535 |  5022k| 106.6 |    98M | 262 | 951 |5425 |5425 |   0 |  0 |   0 |  37 | 4.300000e+01 | 9.920000e+01 | 130.70%| unknown
  283s| 47200 | 39623 |  5035k| 106.7 |    98M | 262 | 951 |5425 |5425 |   0 |  0 |   0 |  37 | 4.300000e+01 | 9.920000e+01 | 130.70%| unknown
  284s| 47300 | 39699 |  5051k| 106.8 |    98M | 262 | 951 |5425 |5425 |   0 |  0 |   0 |  37 | 4.300000e+01 | 9.920000e+01 | 130.70%| unknown
  285s| 47400 | 39783 |  5070k| 107.0 |    98M | 262 | 951 |5425 |5425 |   0 |  0 |   0 |  37 | 4.300000e+01 | 9.920000e+01 | 130.70%| unknown
  286s| 47500 | 39881 |  5086k| 107.1 |    98M | 262 | 951 |5425 |5425 |   0 |  0 |   0 |  37 | 4.300000e+01 | 9.920000e+01 | 130.70%| unknown
  287s| 47600 | 39977 |  5105k| 107.2 |    99M | 262 | 951 |5425 |5425 |   0 |  0 |   0 |  37 | 4.300000e+01 | 9.920000e+01 | 130.70%| unknown
  288s| 47700 | 40063 |  5124k| 107.4 |    99M | 262 | 951 |5425 |5425 |   0 |  0 |   0 |  37 | 4.300000e+01 | 9.920000e+01 | 130.70%| unknown
  289s| 47800 | 40139 |  5141k| 107.6 |    99M | 262 | 951 |5425 |5425 |   0 |  0 |   0 |  37 | 4.300000e+01 | 9.920000e+01 | 130.70%| unknown
 time | node  | left  |LP iter|LP it/n|mem/heur|mdpt |vars |cons |rows |cuts |sepa|confs|strbr|  dualbound   | primalbound  |  gap   | compl. 
  289s| 47900 | 40217 |  5158k| 107.7 |    99M | 262 | 951 |5425 |5425 |   0 |  0 |   0 |  37 | 4.300000e+01 | 9.920000e+01 | 130.70%| unknown
  291s| 48000 | 40291 |  5186k| 108.0 |    99M | 262 | 951 |5425 |5425 |   0 |  0 |   0 |  37 | 4.300000e+01 | 9.920000e+01 | 130.70%| unknown
  292s| 48100 | 40381 |  5207k| 108.2 |    99M | 262 | 951 |5425 |5425 |   0 |  0 |   0 |  37 | 4.300000e+01 | 9.920000e+01 | 130.70%| unknown
  293s| 48200 | 40465 |  5226k| 108.4 |    99M | 262 | 951 |5425 |5425 |   0 |  0 |   0 |  37 | 4.300000e+01 | 9.920000e+01 | 130.70%| unknown
  294s| 48300 | 40551 |  5240k| 108.5 |   101M | 262 | 951 |5425 |5425 |   0 |  0 |   0 |  37 | 4.300000e+01 | 9.920000e+01 | 130.70%| unknown
  294s| 48400 | 40649 |  5256k| 108.6 |   101M | 262 | 951 |5425 |5425 |   0 |  0 |   0 |  37 | 4.300000e+01 | 9.920000e+01 | 130.70%| unknown
  295s| 48500 | 40737 |  5270k| 108.7 |   101M | 262 | 951 |5425 |5425 |   0 |  0 |   0 |  37 | 4.300000e+01 | 9.920000e+01 | 130.70%| unknown
  296s| 48600 | 40811 |  5283k| 108.7 |   102M | 262 | 951 |5425 |5425 |   0 |  0 |   0 |  37 | 4.300000e+01 | 9.920000e+01 | 130.70%| unknown
  297s| 48700 | 40897 |  5300k| 108.8 |   102M | 262 | 951 |5425 |5425 |   0 |  0 |   0 |  37 | 4.300000e+01 | 9.920000e+01 | 130.70%| unknown
  298s| 48800 | 40989 |  5312k| 108.8 |   102M | 262 | 951 |5425 |5425 |   0 |  0 |   0 |  37 | 4.300000e+01 | 9.920000e+01 | 130.70%| unknown
  298s| 48900 | 41075 |  5313k| 108.6 |   102M | 262 | 951 |5425 |5425 |   0 |  0 |   0 |  37 | 4.300000e+01 | 9.920000e+01 | 130.70%| unknown
  299s| 49000 | 41159 |  5339k| 109.0 |   102M | 262 | 951 |5425 |5425 |   0 |  0 |   0 |  37 | 4.300000e+01 | 9.920000e+01 | 130.70%| unknown
  300s| 49100 | 41245 |  5360k| 109.2 |   102M | 262 | 951 |5425 |5425 |   0 |  0 |   0 |  37 | 4.300000e+01 | 9.920000e+01 | 130.70%| unknown
  301s| 49200 | 41323 |  5376k| 109.3 |   102M | 262 | 951 |5425 |5425 |   0 |  0 |   0 |  37 | 4.300000e+01 | 9.920000e+01 | 130.70%| unknown
  302s| 49300 | 41413 |  5401k| 109.5 |   102M | 262 | 951 |5425 |5425 |   0 |  0 |   0 |  37 | 4.300000e+01 | 9.920000e+01 | 130.70%| unknown
 time | node  | left  |LP iter|LP it/n|mem/heur|mdpt |vars |cons |rows |cuts |sepa|confs|strbr|  dualbound   | primalbound  |  gap   | compl. 
  303s| 49400 | 41503 |  5420k| 109.7 |   102M | 262 | 951 |5425 |5425 |   0 |  0 |   0 |  37 | 4.300000e+01 | 9.920000e+01 | 130.70%| unknown
  304s| 49500 | 41587 |  5438k| 109.9 |   103M | 262 | 951 |5425 |5425 |   0 |  0 |   0 |  37 | 4.300000e+01 | 9.920000e+01 | 130.70%| unknown
  305s| 49600 | 41671 |  5450k| 109.9 |   103M | 262 | 951 |5425 |5425 |   0 |  0 |   0 |  37 | 4.300000e+01 | 9.920000e+01 | 130.70%| unknown
  306s| 49700 | 41741 |  5470k| 110.0 |   103M | 262 | 951 |5425 |5425 |   0 |  0 |   0 |  37 | 4.300000e+01 | 9.920000e+01 | 130.70%| unknown
  306s| 49800 | 41833 |  5481k| 110.1 |   103M | 262 | 951 |5425 |5425 |   0 |  0 |   0 |  37 | 4.300000e+01 | 9.920000e+01 | 130.70%| unknown
  307s| 49900 | 41909 |  5496k| 110.1 |   103M | 262 | 951 |5425 |5425 |   0 |  0 |   0 |  37 | 4.300000e+01 | 9.920000e+01 | 130.70%| unknown
  308s| 50000 | 41999 |  5514k| 110.3 |   103M | 262 | 951 |5425 |5425 |   0 |  0 |   0 |  37 | 4.300000e+01 | 9.920000e+01 | 130.70%| unknown
  309s| 50100 | 42087 |  5521k| 110.2 |   103M | 262 | 951 |5425 |5425 |   0 |  0 |   0 |  37 | 4.300000e+01 | 9.920000e+01 | 130.70%| unknown
  309s| 50200 | 42173 |  5536k| 110.3 |   103M | 262 | 951 |5425 |5425 |   0 |  0 |   0 |  37 | 4.300000e+01 | 9.920000e+01 | 130.70%| unknown
  310s| 50300 | 42255 |  5540k| 110.1 |   103M | 262 | 951 |5425 |5425 |   0 |  0 |   0 |  37 | 4.300000e+01 | 9.920000e+01 | 130.70%| unknown
  310s| 50400 | 42341 |  5546k| 110.0 |   104M | 262 | 951 |5425 |5425 |   0 |  0 |   0 |  37 | 4.300000e+01 | 9.920000e+01 | 130.70%| unknown
  312s| 50500 | 42423 |  5585k| 110.6 |   104M | 262 | 951 |5425 |5425 |   0 |  0 |   0 |  37 | 4.300000e+01 | 9.920000e+01 | 130.70%| unknown
  313s| 50600 | 42507 |  5606k| 110.8 |   104M | 262 | 951 |5425 |5425 |   0 |  0 |   0 |  37 | 4.300000e+01 | 9.920000e+01 | 130.70%| unknown
  314s| 50700 | 42583 |  5623k| 110.9 |   105M | 262 | 951 |5425 |5425 |   0 |  0 |   0 |  37 | 4.300000e+01 | 9.920000e+01 | 130.70%| unknown
  316s| 50800 | 42657 |  5662k| 111.5 |   105M | 262 | 951 |5425 |5425 |   0 |  0 |   0 |  37 | 4.300000e+01 | 9.920000e+01 | 130.70%| unknown
 time | node  | left  |LP iter|LP it/n|mem/heur|mdpt |vars |cons |rows |cuts |sepa|confs|strbr|  dualbound   | primalbound  |  gap   | compl. 
  317s| 50900 | 42733 |  5692k| 111.8 |   105M | 262 | 951 |5425 |5425 |   0 |  0 |   0 |  37 | 4.300000e+01 | 9.920000e+01 | 130.70%| unknown
  319s| 51000 | 42813 |  5720k| 112.1 |   105M | 262 | 951 |5425 |5425 |   0 |  0 |   0 |  37 | 4.300000e+01 | 9.920000e+01 | 130.70%| unknown
  320s| 51100 | 42899 |  5744k| 112.4 |   105M | 262 | 951 |5425 |5425 |   0 |  0 |   0 |  37 | 4.300000e+01 | 9.920000e+01 | 130.70%| unknown
  321s| 51200 | 42979 |  5766k| 112.6 |   105M | 262 | 951 |5425 |5425 |   0 |  0 |   0 |  37 | 4.300000e+01 | 9.920000e+01 | 130.70%| unknown
  323s| 51300 | 43057 |  5806k| 113.2 |   105M | 262 | 951 |5425 |5425 |   0 |  0 |   0 |  37 | 4.300000e+01 | 9.920000e+01 | 130.70%| unknown
  324s| 51400 | 43137 |  5824k| 113.3 |   106M | 262 | 951 |5425 |5425 |   0 |  0 |   0 |  37 | 4.300000e+01 | 9.920000e+01 | 130.70%| unknown
  325s| 51500 | 43215 |  5853k| 113.6 |   106M | 262 | 951 |5425 |5425 |   0 |  0 |   0 |  37 | 4.300000e+01 | 9.920000e+01 | 130.70%| unknown
  327s| 51600 | 43293 |  5879k| 113.9 |   106M | 262 | 951 |5425 |5425 |   0 |  0 |   0 |  37 | 4.300000e+01 | 9.920000e+01 | 130.70%| unknown
  327s| 51700 | 43375 |  5895k| 114.0 |   106M | 262 | 951 |5425 |5425 |   0 |  0 |   0 |  37 | 4.300000e+01 | 9.920000e+01 | 130.70%| unknown
  328s| 51800 | 43451 |  5910k| 114.1 |   106M | 262 | 951 |5425 |5425 |   0 |  0 |   0 |  37 | 4.300000e+01 | 9.920000e+01 | 130.70%| unknown
  328s| 51900 | 43519 |  5911k| 113.9 |   106M | 262 | 951 |5425 |5425 |   0 |  0 |   0 |  37 | 4.300000e+01 | 9.920000e+01 | 130.70%| unknown
  329s| 52000 | 43593 |  5912k| 113.7 |   106M | 262 | 951 |5425 |5425 |   0 |  0 |   0 |  37 | 4.300000e+01 | 9.920000e+01 | 130.70%| unknown
  329s| 52100 | 43677 |  5913k| 113.5 |   106M | 262 | 951 |5425 |5425 |   0 |  0 |   0 |  37 | 4.300000e+01 | 9.920000e+01 | 130.70%| unknown
  329s| 52200 | 43765 |  5914k| 113.3 |   106M | 262 | 951 |5425 |5425 |   0 |  0 |   0 |  37 | 4.300000e+01 | 9.920000e+01 | 130.70%| unknown
  329s| 52300 | 43837 |  5915k| 113.1 |   106M | 262 | 951 |5425 |5425 |   0 |  0 |   0 |  37 | 4.300000e+01 | 9.920000e+01 | 130.70%| unknown
 time | node  | left  |LP iter|LP it/n|mem/heur|mdpt |vars |cons |rows |cuts |sepa|confs|strbr|  dualbound   | primalbound  |  gap   | compl. 
  330s| 52400 | 43919 |  5932k| 113.2 |   106M | 262 | 951 |5425 |5425 |   0 |  0 |   0 |  37 | 4.300000e+01 | 9.920000e+01 | 130.70%| unknown
  331s| 52500 | 44005 |  5952k| 113.4 |   107M | 262 | 951 |5425 |5425 |   0 |  0 |   0 |  37 | 4.300000e+01 | 9.920000e+01 | 130.70%| unknown
  332s| 52600 | 44083 |  5977k| 113.6 |   107M | 262 | 951 |5425 |5425 |   0 |  0 |   0 |  37 | 4.300000e+01 | 9.920000e+01 | 130.70%| unknown
  334s| 52700 | 44167 |  6002k| 113.9 |   107M | 262 | 951 |5425 |5425 |   0 |  0 |   0 |  37 | 4.300000e+01 | 9.920000e+01 | 130.70%| unknown
  335s| 52800 | 44249 |  6022k| 114.1 |   107M | 262 | 951 |5425 |5425 |   0 |  0 |   0 |  37 | 4.300000e+01 | 9.920000e+01 | 130.70%| unknown
  336s| 52900 | 44329 |  6039k| 114.1 |   107M | 262 | 951 |5425 |5425 |   0 |  0 |   0 |  37 | 4.300000e+01 | 9.920000e+01 | 130.70%| unknown
  337s| 53000 | 44415 |  6065k| 114.4 |   107M | 262 | 951 |5425 |5425 |   0 |  0 |   0 |  37 | 4.300000e+01 | 9.920000e+01 | 130.70%| unknown
  338s| 53100 | 44491 |  6087k| 114.6 |   107M | 262 | 951 |5425 |5425 |   0 |  0 |   0 |  37 | 4.300000e+01 | 9.920000e+01 | 130.70%| unknown
  339s| 53200 | 44575 |  6102k| 114.7 |   107M | 262 | 951 |5425 |5425 |   0 |  0 |   0 |  37 | 4.300000e+01 | 9.920000e+01 | 130.70%| unknown
  340s| 53300 | 44659 |  6129k| 115.0 |   107M | 262 | 951 |5425 |5425 |   0 |  0 |   0 |  37 | 4.300000e+01 | 9.920000e+01 | 130.70%| unknown
  341s| 53400 | 44747 |  6146k| 115.1 |   108M | 262 | 951 |5425 |5425 |   0 |  0 |   0 |  37 | 4.300000e+01 | 9.920000e+01 | 130.70%| unknown
  342s| 53500 | 44831 |  6161k| 115.2 |   109M | 262 | 951 |5425 |5425 |   0 |  0 |   0 |  37 | 4.300000e+01 | 9.920000e+01 | 130.70%| unknown
  342s| 53600 | 44915 |  6163k| 115.0 |   109M | 262 | 951 |5425 |5425 |   0 |  0 |   0 |  37 | 4.300000e+01 | 9.920000e+01 | 130.70%| unknown
  343s| 53700 | 45001 |  6164k| 114.8 |   110M | 262 | 951 |5425 |5425 |   0 |  0 |   0 |  37 | 4.300000e+01 | 9.920000e+01 | 130.70%| unknown
  343s| 53800 | 45083 |  6165k| 114.6 |   110M | 262 | 951 |5425 |5425 |   0 |  0 |   0 |  37 | 4.300000e+01 | 9.920000e+01 | 130.70%| unknown
 time | node  | left  |LP iter|LP it/n|mem/heur|mdpt |vars |cons |rows |cuts |sepa|confs|strbr|  dualbound   | primalbound  |  gap   | compl. 
  343s| 53900 | 45171 |  6167k| 114.4 |   110M | 262 | 951 |5425 |5425 |   0 |  0 |   0 |  37 | 4.300000e+01 | 9.920000e+01 | 130.70%| unknown
  343s| 54000 | 45253 |  6169k| 114.2 |   110M | 262 | 951 |5425 |5425 |   0 |  0 |   0 |  37 | 4.300000e+01 | 9.920000e+01 | 130.70%| unknown
  343s| 54100 | 45333 |  6170k| 114.0 |   110M | 262 | 951 |5425 |5425 |   0 |  0 |   0 |  37 | 4.300000e+01 | 9.920000e+01 | 130.70%| unknown
  343s| 54200 | 45413 |  6171k| 113.9 |   110M | 262 | 951 |5425 |5425 |   0 |  0 |   0 |  37 | 4.300000e+01 | 9.920000e+01 | 130.70%| unknown
  344s| 54300 | 45495 |  6173k| 113.7 |   110M | 262 | 951 |5425 |5425 |   0 |  0 |   0 |  37 | 4.300000e+01 | 9.920000e+01 | 130.70%| unknown
  344s| 54400 | 45579 |  6174k| 113.5 |   111M | 262 | 951 |5425 |5425 |   0 |  0 |   0 |  37 | 4.300000e+01 | 9.920000e+01 | 130.70%| unknown
  344s| 54500 | 45659 |  6175k| 113.3 |   111M | 262 | 951 |5425 |5425 |   0 |  0 |   0 |  37 | 4.300000e+01 | 9.920000e+01 | 130.70%| unknown
  344s| 54600 | 45751 |  6177k| 113.1 |   111M | 262 | 951 |5425 |5425 |   0 |  0 |   0 |  37 | 4.300000e+01 | 9.920000e+01 | 130.70%| unknown
  344s| 54700 | 45821 |  6178k| 112.9 |   111M | 262 | 951 |5425 |5425 |   0 |  0 |   0 |  37 | 4.300000e+01 | 9.920000e+01 | 130.70%| unknown
  345s| 54800 | 45891 |  6180k| 112.8 |   111M | 262 | 951 |5425 |5425 |   0 |  0 |   0 |  37 | 4.300000e+01 | 9.920000e+01 | 130.70%| unknown
  345s| 54900 | 45983 |  6182k| 112.6 |   111M | 262 | 951 |5425 |5425 |   0 |  0 |   0 |  37 | 4.300000e+01 | 9.920000e+01 | 130.70%| unknown
  345s| 55000 | 46073 |  6183k| 112.4 |   111M | 262 | 951 |5425 |5425 |   0 |  0 |   0 |  37 | 4.300000e+01 | 9.920000e+01 | 130.70%| unknown
  346s| 55100 | 46165 |  6194k| 112.4 |   111M | 262 | 951 |5425 |5425 |   0 |  0 |   0 |  37 | 4.300000e+01 | 9.920000e+01 | 130.70%| unknown
  347s| 55200 | 46251 |  6223k| 112.7 |   111M | 262 | 951 |5425 |5425 |   0 |  0 |   0 |  37 | 4.300000e+01 | 9.920000e+01 | 130.70%| unknown
  348s| 55300 | 46339 |  6241k| 112.9 |   112M | 262 | 951 |5425 |5425 |   0 |  0 |   0 |  37 | 4.300000e+01 | 9.920000e+01 | 130.70%| unknown
 time | node  | left  |LP iter|LP it/n|mem/heur|mdpt |vars |cons |rows |cuts |sepa|confs|strbr|  dualbound   | primalbound  |  gap   | compl. 
  349s| 55400 | 46433 |  6260k| 113.0 |   112M | 262 | 951 |5425 |5425 |   0 |  0 |   0 |  37 | 4.300000e+01 | 9.920000e+01 | 130.70%| unknown
  350s| 55500 | 46513 |  6283k| 113.2 |   113M | 262 | 951 |5425 |5425 |   0 |  0 |   0 |  37 | 4.300000e+01 | 9.920000e+01 | 130.70%| unknown
  351s| 55600 | 46605 |  6299k| 113.3 |   113M | 262 | 951 |5425 |5425 |   0 |  0 |   0 |  37 | 4.300000e+01 | 9.920000e+01 | 130.70%| unknown
  353s| 55700 | 46685 |  6324k| 113.5 |   113M | 262 | 951 |5425 |5425 |   0 |  0 |   0 |  37 | 4.300000e+01 | 9.920000e+01 | 130.70%| unknown
  354s| 55800 | 46769 |  6347k| 113.7 |   113M | 262 | 951 |5425 |5425 |   0 |  0 |   0 |  37 | 4.300000e+01 | 9.920000e+01 | 130.70%| unknown
  355s| 55900 | 46851 |  6374k| 114.0 |   113M | 262 | 951 |5425 |5425 |   0 |  0 |   0 |  37 | 4.300000e+01 | 9.920000e+01 | 130.70%| unknown
  356s| 56000 | 46933 |  6390k| 114.1 |   113M | 262 | 951 |5425 |5425 |   0 |  0 |   0 |  37 | 4.300000e+01 | 9.920000e+01 | 130.70%| unknown
  357s| 56100 | 47013 |  6409k| 114.2 |   113M | 262 | 951 |5425 |5425 |   0 |  0 |   0 |  37 | 4.300000e+01 | 9.920000e+01 | 130.70%| unknown
  358s| 56200 | 47107 |  6435k| 114.5 |   114M | 262 | 951 |5425 |5425 |   0 |  0 |   0 |  37 | 4.300000e+01 | 9.920000e+01 | 130.70%| unknown
  359s| 56300 | 47193 |  6437k| 114.3 |   114M | 262 | 951 |5425 |5425 |   0 |  0 |   0 |  37 | 4.300000e+01 | 9.920000e+01 | 130.70%| unknown
  359s| 56400 | 47283 |  6438k| 114.1 |   114M | 262 | 951 |5425 |5425 |   0 |  0 |   0 |  37 | 4.300000e+01 | 9.920000e+01 | 130.70%| unknown
  359s| 56500 | 47373 |  6439k| 114.0 |   114M | 262 | 951 |5425 |5425 |   0 |  0 |   0 |  37 | 4.300000e+01 | 9.920000e+01 | 130.70%| unknown
  360s| 56600 | 47455 |  6456k| 114.1 |   114M | 262 | 951 |5425 |5425 |   0 |  0 |   0 |  37 | 4.300000e+01 | 9.920000e+01 | 130.70%| unknown
  361s| 56700 | 47531 |  6470k| 114.1 |   114M | 262 | 951 |5425 |5425 |   0 |  0 |   0 |  37 | 4.300000e+01 | 9.920000e+01 | 130.70%| unknown
  361s| 56800 | 47613 |  6478k| 114.0 |   114M | 262 | 951 |5425 |5425 |   0 |  0 |   0 |  37 | 4.300000e+01 | 9.920000e+01 | 130.70%| unknown
 time | node  | left  |LP iter|LP it/n|mem/heur|mdpt |vars |cons |rows |cuts |sepa|confs|strbr|  dualbound   | primalbound  |  gap   | compl. 
  362s| 56900 | 47689 |  6495k| 114.1 |   114M | 262 | 951 |5425 |5425 |   0 |  0 |   0 |  37 | 4.300000e+01 | 9.920000e+01 | 130.70%| unknown
  363s| 57000 | 47767 |  6511k| 114.2 |   114M | 262 | 951 |5425 |5425 |   0 |  0 |   0 |  37 | 4.300000e+01 | 9.920000e+01 | 130.70%| unknown
  363s| 57100 | 47857 |  6523k| 114.2 |   114M | 262 | 951 |5425 |5425 |   0 |  0 |   0 |  37 | 4.300000e+01 | 9.920000e+01 | 130.70%| unknown
  364s| 57200 | 47933 |  6538k| 114.3 |   115M | 262 | 951 |5425 |5425 |   0 |  0 |   0 |  37 | 4.300000e+01 | 9.920000e+01 | 130.70%| unknown
  365s| 57300 | 47997 |  6549k| 114.3 |   115M | 262 | 951 |5425 |5425 |   0 |  0 |   0 |  37 | 4.300000e+01 | 9.920000e+01 | 130.70%| unknown
  366s| 57400 | 48079 |  6566k| 114.4 |   115M | 262 | 951 |5425 |5425 |   0 |  0 |   0 |  37 | 4.300000e+01 | 9.920000e+01 | 130.70%| unknown
  367s| 57500 | 48159 |  6581k| 114.5 |   115M | 262 | 951 |5425 |5425 |   0 |  0 |   0 |  37 | 4.300000e+01 | 9.920000e+01 | 130.70%| unknown
  367s| 57600 | 48241 |  6598k| 114.5 |   115M | 262 | 951 |5425 |5425 |   0 |  0 |   0 |  37 | 4.300000e+01 | 9.920000e+01 | 130.70%| unknown
  368s| 57700 | 48319 |  6618k| 114.7 |   115M | 262 | 951 |5425 |5425 |   0 |  0 |   0 |  37 | 4.300000e+01 | 9.920000e+01 | 130.70%| unknown
  369s| 57800 | 48411 |  6632k| 114.7 |   115M | 262 | 951 |5425 |5425 |   0 |  0 |   0 |  37 | 4.300000e+01 | 9.920000e+01 | 130.70%| unknown
  370s| 57900 | 48505 |  6644k| 114.7 |   115M | 262 | 951 |5425 |5425 |   0 |  0 |   0 |  37 | 4.300000e+01 | 9.920000e+01 | 130.70%| unknown
  371s| 58000 | 48601 |  6660k| 114.8 |   115M | 262 | 951 |5425 |5425 |   0 |  0 |   0 |  37 | 4.300000e+01 | 9.920000e+01 | 130.70%| unknown
  371s| 58100 | 48693 |  6672k| 114.8 |   115M | 262 | 951 |5425 |5425 |   0 |  0 |   0 |  37 | 4.300000e+01 | 9.920000e+01 | 130.70%| unknown
  372s| 58200 | 48777 |  6682k| 114.8 |   117M | 262 | 951 |5425 |5425 |   0 |  0 |   0 |  37 | 4.300000e+01 | 9.920000e+01 | 130.70%| unknown
  373s| 58300 | 48861 |  6698k| 114.9 |   117M | 262 | 951 |5425 |5425 |   0 |  0 |   0 |  37 | 4.300000e+01 | 9.920000e+01 | 130.70%| unknown
 time | node  | left  |LP iter|LP it/n|mem/heur|mdpt |vars |cons |rows |cuts |sepa|confs|strbr|  dualbound   | primalbound  |  gap   | compl. 
  373s| 58400 | 48949 |  6709k| 114.9 |   117M | 262 | 951 |5425 |5425 |   0 |  0 |   0 |  37 | 4.300000e+01 | 9.920000e+01 | 130.70%| unknown
  374s| 58500 | 49031 |  6716k| 114.8 |   117M | 262 | 951 |5425 |5425 |   0 |  0 |   0 |  37 | 4.300000e+01 | 9.920000e+01 | 130.70%| unknown
  374s| 58600 | 49087 |  6719k| 114.7 |   117M | 262 | 951 |5425 |5425 |   0 |  0 |   0 |  37 | 4.300000e+01 | 9.920000e+01 | 130.70%| unknown
  374s| 58700 | 49165 |  6720k| 114.5 |   117M | 262 | 951 |5425 |5425 |   0 |  0 |   0 |  37 | 4.300000e+01 | 9.920000e+01 | 130.70%| unknown
  375s| 58800 | 49239 |  6731k| 114.5 |   117M | 262 | 951 |5425 |5425 |   0 |  0 |   0 |  37 | 4.300000e+01 | 9.920000e+01 | 130.70%| unknown
  375s| 58900 | 49317 |  6733k| 114.3 |   117M | 262 | 951 |5425 |5425 |   0 |  0 |   0 |  37 | 4.300000e+01 | 9.920000e+01 | 130.70%| unknown
  375s| 59000 | 49397 |  6734k| 114.1 |   117M | 262 | 951 |5425 |5425 |   0 |  0 |   0 |  37 | 4.300000e+01 | 9.920000e+01 | 130.70%| unknown
  376s| 59100 | 49473 |  6735k| 114.0 |   117M | 262 | 951 |5425 |5425 |   0 |  0 |   0 |  37 | 4.300000e+01 | 9.920000e+01 | 130.70%| unknown
  376s| 59200 | 49555 |  6736k| 113.8 |   119M | 262 | 951 |5425 |5425 |   0 |  0 |   0 |  37 | 4.300000e+01 | 9.920000e+01 | 130.70%| unknown
  376s| 59300 | 49633 |  6740k| 113.7 |   119M | 262 | 951 |5425 |5425 |   0 |  0 |   0 |  37 | 4.300000e+01 | 9.920000e+01 | 130.70%| unknown
  377s| 59400 | 49709 |  6755k| 113.7 |   119M | 262 | 951 |5425 |5425 |   0 |  0 |   0 |  37 | 4.300000e+01 | 9.920000e+01 | 130.70%| unknown
  378s| 59500 | 49781 |  6773k| 113.8 |   119M | 262 | 951 |5425 |5425 |   0 |  0 |   0 |  37 | 4.300000e+01 | 9.920000e+01 | 130.70%| unknown
  378s| 59600 | 49871 |  6775k| 113.7 |   119M | 262 | 951 |5425 |5425 |   0 |  0 |   0 |  37 | 4.300000e+01 | 9.920000e+01 | 130.70%| unknown
  378s| 59700 | 49939 |  6776k| 113.5 |   119M | 262 | 951 |5425 |5425 |   0 |  0 |   0 |  37 | 4.300000e+01 | 9.920000e+01 | 130.70%| unknown
  378s| 59800 | 50019 |  6777k| 113.3 |   119M | 262 | 951 |5425 |5425 |   0 |  0 |   0 |  37 | 4.300000e+01 | 9.920000e+01 | 130.70%| unknown
 time | node  | left  |LP iter|LP it/n|mem/heur|mdpt |vars |cons |rows |cuts |sepa|confs|strbr|  dualbound   | primalbound  |  gap   | compl. 
  379s| 59900 | 50091 |  6778k| 113.1 |   119M | 262 | 951 |5425 |5425 |   0 |  0 |   0 |  37 | 4.300000e+01 | 9.920000e+01 | 130.70%| unknown
  379s| 60000 | 50177 |  6779k| 113.0 |   119M | 262 | 951 |5425 |5425 |   0 |  0 |   0 |  37 | 4.300000e+01 | 9.920000e+01 | 130.70%| unknown
  379s| 60100 | 50259 |  6779k| 112.8 |   119M | 262 | 951 |5425 |5425 |   0 |  0 |   0 |  37 | 4.300000e+01 | 9.920000e+01 | 130.70%| unknown
  379s| 60200 | 50337 |  6781k| 112.6 |   120M | 262 | 951 |5425 |5425 |   0 |  0 |   0 |  37 | 4.300000e+01 | 9.920000e+01 | 130.70%| unknown
  379s| 60300 | 50419 |  6782k| 112.5 |   121M | 262 | 951 |5425 |5425 |   0 |  0 |   0 |  37 | 4.300000e+01 | 9.920000e+01 | 130.70%| unknown
  379s| 60400 | 50497 |  6783k| 112.3 |   121M | 262 | 951 |5425 |5425 |   0 |  0 |   0 |  37 | 4.300000e+01 | 9.920000e+01 | 130.70%| unknown
  380s| 60500 | 50569 |  6785k| 112.1 |   121M | 262 | 951 |5425 |5425 |   0 |  0 |   0 |  37 | 4.300000e+01 | 9.920000e+01 | 130.70%| unknown
  380s| 60600 | 50645 |  6787k| 112.0 |   121M | 262 | 951 |5425 |5425 |   0 |  0 |   0 |  37 | 4.300000e+01 | 9.920000e+01 | 130.70%| unknown
  380s| 60700 | 50725 |  6788k| 111.8 |   121M | 262 | 951 |5425 |5425 |   0 |  0 |   0 |  37 | 4.300000e+01 | 9.920000e+01 | 130.70%| unknown
  380s| 60800 | 50799 |  6789k| 111.7 |   121M | 262 | 951 |5425 |5425 |   0 |  0 |   0 |  37 | 4.300000e+01 | 9.920000e+01 | 130.70%| unknown
  380s| 60900 | 50877 |  6790k| 111.5 |   121M | 262 | 951 |5425 |5425 |   0 |  0 |   0 |  37 | 4.300000e+01 | 9.920000e+01 | 130.70%| unknown
  381s| 61000 | 50959 |  6792k| 111.3 |   121M | 262 | 951 |5425 |5425 |   0 |  0 |   0 |  37 | 4.300000e+01 | 9.920000e+01 | 130.70%| unknown
  381s| 61100 | 51039 |  6804k| 111.4 |   121M | 262 | 951 |5425 |5425 |   0 |  0 |   0 |  37 | 4.300000e+01 | 9.920000e+01 | 130.70%| unknown
  382s| 61200 | 51107 |  6822k| 111.5 |   122M | 262 | 951 |5425 |5425 |   0 |  0 |   0 |  37 | 4.300000e+01 | 9.920000e+01 | 130.70%| unknown
  383s| 61300 | 51189 |  6842k| 111.6 |   122M | 262 | 951 |5425 |5425 |   0 |  0 |   0 |  37 | 4.300000e+01 | 9.920000e+01 | 130.70%| unknown
 time | node  | left  |LP iter|LP it/n|mem/heur|mdpt |vars |cons |rows |cuts |sepa|confs|strbr|  dualbound   | primalbound  |  gap   | compl. 
  384s| 61400 | 51269 |  6862k| 111.8 |   122M | 262 | 951 |5425 |5425 |   0 |  0 |   0 |  37 | 4.300000e+01 | 9.920000e+01 | 130.70%| unknown
  385s| 61500 | 51363 |  6875k| 111.8 |   122M | 262 | 951 |5425 |5425 |   0 |  0 |   0 |  37 | 4.300000e+01 | 9.920000e+01 | 130.70%| unknown
  386s| 61600 | 51453 |  6888k| 111.8 |   122M | 262 | 951 |5425 |5425 |   0 |  0 |   0 |  37 | 4.300000e+01 | 9.920000e+01 | 130.70%| unknown
  387s| 61700 | 51539 |  6902k| 111.9 |   122M | 262 | 951 |5425 |5425 |   0 |  0 |   0 |  37 | 4.300000e+01 | 9.920000e+01 | 130.70%| unknown
  388s| 61800 | 51611 |  6919k| 112.0 |   122M | 262 | 951 |5425 |5425 |   0 |  0 |   0 |  37 | 4.300000e+01 | 9.920000e+01 | 130.70%| unknown
  389s| 61900 | 51687 |  6938k| 112.1 |   122M | 262 | 951 |5425 |5425 |   0 |  0 |   0 |  37 | 4.300000e+01 | 9.920000e+01 | 130.70%| unknown
  390s| 62000 | 51771 |  6958k| 112.2 |   122M | 262 | 951 |5425 |5425 |   0 |  0 |   0 |  37 | 4.300000e+01 | 9.920000e+01 | 130.70%| unknown
  390s| 62100 | 51845 |  6971k| 112.3 |   122M | 262 | 951 |5425 |5425 |   0 |  0 |   0 |  37 | 4.300000e+01 | 9.920000e+01 | 130.70%| unknown
  391s| 62200 | 51943 |  6979k| 112.2 |   123M | 262 | 951 |5425 |5425 |   0 |  0 |   0 |  37 | 4.300000e+01 | 9.920000e+01 | 130.70%| unknown
  392s| 62300 | 52023 |  6999k| 112.3 |   123M | 262 | 951 |5425 |5425 |   0 |  0 |   0 |  37 | 4.300000e+01 | 9.920000e+01 | 130.70%| unknown
  393s| 62400 | 52097 |  7010k| 112.3 |   123M | 262 | 951 |5425 |5425 |   0 |  0 |   0 |  37 | 4.300000e+01 | 9.920000e+01 | 130.70%| unknown
  393s| 62500 | 52187 |  7027k| 112.4 |   123M | 262 | 951 |5425 |5425 |   0 |  0 |   0 |  37 | 4.300000e+01 | 9.920000e+01 | 130.70%| unknown
  394s| 62600 | 52271 |  7048k| 112.6 |   123M | 262 | 951 |5425 |5425 |   0 |  0 |   0 |  37 | 4.300000e+01 | 9.920000e+01 | 130.70%| unknown
  395s| 62700 | 52355 |  7065k| 112.7 |   123M | 262 | 951 |5425 |5425 |   0 |  0 |   0 |  37 | 4.300000e+01 | 9.920000e+01 | 130.70%| unknown
  396s| 62800 | 52441 |  7076k| 112.7 |   123M | 262 | 951 |5425 |5425 |   0 |  0 |   0 |  37 | 4.300000e+01 | 9.920000e+01 | 130.70%| unknown
 time | node  | left  |LP iter|LP it/n|mem/heur|mdpt |vars |cons |rows |cuts |sepa|confs|strbr|  dualbound   | primalbound  |  gap   | compl. 
  396s| 62900 | 52531 |  7087k| 112.7 |   123M | 262 | 951 |5425 |5425 |   0 |  0 |   0 |  37 | 4.300000e+01 | 9.920000e+01 | 130.70%| unknown
  397s| 63000 | 52595 |  7104k| 112.8 |   124M | 262 | 951 |5425 |5425 |   0 |  0 |   0 |  37 | 4.300000e+01 | 9.920000e+01 | 130.70%| unknown
  398s| 63100 | 52683 |  7114k| 112.7 |   125M | 262 | 951 |5425 |5425 |   0 |  0 |   0 |  37 | 4.300000e+01 | 9.920000e+01 | 130.70%| unknown
  399s| 63200 | 52755 |  7139k| 113.0 |   125M | 262 | 951 |5425 |5425 |   0 |  0 |   0 |  37 | 4.300000e+01 | 9.920000e+01 | 130.70%| unknown
  399s| 63300 | 52831 |  7140k| 112.8 |   125M | 262 | 951 |5425 |5425 |   0 |  0 |   0 |  37 | 4.300000e+01 | 9.920000e+01 | 130.70%| unknown
  400s| 63400 | 52913 |  7141k| 112.6 |   125M | 262 | 951 |5425 |5425 |   0 |  0 |   0 |  37 | 4.300000e+01 | 9.920000e+01 | 130.70%| unknown
  400s| 63500 | 52979 |  7143k| 112.5 |   125M | 262 | 951 |5425 |5425 |   0 |  0 |   0 |  37 | 4.300000e+01 | 9.920000e+01 | 130.70%| unknown
  400s| 63600 | 53055 |  7144k| 112.3 |   125M | 262 | 951 |5425 |5425 |   0 |  0 |   0 |  37 | 4.300000e+01 | 9.920000e+01 | 130.70%| unknown
  400s| 63700 | 53133 |  7152k| 112.3 |   125M | 262 | 951 |5425 |5425 |   0 |  0 |   0 |  37 | 4.300000e+01 | 9.920000e+01 | 130.70%| unknown
  402s| 63800 | 53217 |  7178k| 112.5 |   125M | 262 | 951 |5425 |5425 |   0 |  0 |   0 |  37 | 4.300000e+01 | 9.920000e+01 | 130.70%| unknown
  403s| 63900 | 53293 |  7199k| 112.7 |   125M | 262 | 951 |5425 |5425 |   0 |  0 |   0 |  37 | 4.300000e+01 | 9.920000e+01 | 130.70%| unknown
  404s| 64000 | 53367 |  7213k| 112.7 |   125M | 262 | 951 |5425 |5425 |   0 |  0 |   0 |  37 | 4.300000e+01 | 9.920000e+01 | 130.70%| unknown
  404s| 64100 | 53425 |  7215k| 112.6 |   125M | 262 | 951 |5425 |5425 |   0 |  0 |   0 |  37 | 4.300000e+01 | 9.920000e+01 | 130.70%| unknown
  405s| 64200 | 53495 |  7230k| 112.6 |   126M | 262 | 951 |5425 |5425 |   0 |  0 |   0 |  37 | 4.300000e+01 | 9.920000e+01 | 130.70%| unknown
  405s| 64300 | 53573 |  7232k| 112.5 |   126M | 262 | 951 |5425 |5425 |   0 |  0 |   0 |  37 | 4.300000e+01 | 9.920000e+01 | 130.70%| unknown
 time | node  | left  |LP iter|LP it/n|mem/heur|mdpt |vars |cons |rows |cuts |sepa|confs|strbr|  dualbound   | primalbound  |  gap   | compl. 
  406s| 64400 | 53641 |  7250k| 112.6 |   126M | 262 | 951 |5425 |5425 |   0 |  0 |   0 |  37 | 4.300000e+01 | 9.920000e+01 | 130.70%| unknown
  407s| 64500 | 53707 |  7271k| 112.7 |   126M | 262 | 951 |5425 |5425 |   0 |  0 |   0 |  37 | 4.300000e+01 | 9.920000e+01 | 130.70%| unknown
  408s| 64600 | 53777 |  7291k| 112.9 |   126M | 262 | 951 |5425 |5425 |   0 |  0 |   0 |  37 | 4.300000e+01 | 9.920000e+01 | 130.70%| unknown
  409s| 64700 | 53857 |  7308k| 113.0 |   126M | 262 | 951 |5425 |5425 |   0 |  0 |   0 |  37 | 4.300000e+01 | 9.920000e+01 | 130.70%| unknown
  410s| 64800 | 53931 |  7322k| 113.0 |   126M | 262 | 951 |5425 |5425 |   0 |  0 |   0 |  37 | 4.300000e+01 | 9.920000e+01 | 130.70%| unknown
  410s| 64900 | 54021 |  7323k| 112.8 |   126M | 262 | 951 |5425 |5425 |   0 |  0 |   0 |  37 | 4.300000e+01 | 9.920000e+01 | 130.70%| unknown
  410s| 65000 | 54115 |  7323k| 112.7 |   127M | 262 | 951 |5425 |5425 |   0 |  0 |   0 |  37 | 4.300000e+01 | 9.920000e+01 | 130.70%| unknown
  410s| 65100 | 54209 |  7324k| 112.5 |   127M | 262 | 951 |5425 |5425 |   0 |  0 |   0 |  37 | 4.300000e+01 | 9.920000e+01 | 130.70%| unknown
  410s| 65200 | 54303 |  7324k| 112.3 |   129M | 262 | 951 |5425 |5425 |   0 |  0 |   0 |  37 | 4.300000e+01 | 9.920000e+01 | 130.70%| unknown
  411s| 65300 | 54401 |  7325k| 112.2 |   129M | 262 | 951 |5425 |5425 |   0 |  0 |   0 |  37 | 4.300000e+01 | 9.920000e+01 | 130.70%| unknown
  411s| 65400 | 54483 |  7326k| 112.0 |   129M | 262 | 951 |5425 |5425 |   0 |  0 |   0 |  37 | 4.300000e+01 | 9.920000e+01 | 130.70%| unknown
  411s| 65500 | 54557 |  7338k| 112.0 |   129M | 262 | 951 |5425 |5425 |   0 |  0 |   0 |  37 | 4.300000e+01 | 9.920000e+01 | 130.70%| unknown
  413s| 65600 | 54631 |  7363k| 112.2 |   129M | 262 | 951 |5425 |5425 |   0 |  0 |   0 |  37 | 4.300000e+01 | 9.920000e+01 | 130.70%| unknown
  414s| 65700 | 54717 |  7379k| 112.3 |   129M | 262 | 951 |5425 |5425 |   0 |  0 |   0 |  37 | 4.300000e+01 | 9.920000e+01 | 130.70%| unknown
  414s| 65800 | 54783 |  7388k| 112.3 |   129M | 262 | 951 |5425 |5425 |   0 |  0 |   0 |  37 | 4.300000e+01 | 9.920000e+01 | 130.70%| unknown
 time | node  | left  |LP iter|LP it/n|mem/heur|mdpt |vars |cons |rows |cuts |sepa|confs|strbr|  dualbound   | primalbound  |  gap   | compl. 
  415s| 65900 | 54859 |  7403k| 112.3 |   129M | 262 | 951 |5425 |5425 |   0 |  0 |   0 |  37 | 4.300000e+01 | 9.920000e+01 | 130.70%| unknown
  416s| 66000 | 54951 |  7418k| 112.4 |   129M | 262 | 951 |5425 |5425 |   0 |  0 |   0 |  37 | 4.300000e+01 | 9.920000e+01 | 130.70%| unknown
  417s| 66100 | 55023 |  7434k| 112.5 |   129M | 262 | 951 |5425 |5425 |   0 |  0 |   0 |  37 | 4.300000e+01 | 9.920000e+01 | 130.70%| unknown
  418s| 66200 | 55103 |  7451k| 112.6 |   130M | 262 | 951 |5425 |5425 |   0 |  0 |   0 |  37 | 4.300000e+01 | 9.920000e+01 | 130.70%| unknown
  418s| 66300 | 55189 |  7464k| 112.6 |   130M | 262 | 951 |5425 |5425 |   0 |  0 |   0 |  37 | 4.300000e+01 | 9.920000e+01 | 130.70%| unknown
  419s| 66400 | 55271 |  7485k| 112.7 |   130M | 262 | 951 |5425 |5425 |   0 |  0 |   0 |  37 | 4.300000e+01 | 9.920000e+01 | 130.70%| unknown
  420s| 66500 | 55357 |  7500k| 112.8 |   130M | 262 | 951 |5425 |5425 |   0 |  0 |   0 |  37 | 4.300000e+01 | 9.920000e+01 | 130.70%| unknown
  421s| 66600 | 55427 |  7522k| 112.9 |   130M | 262 | 951 |5425 |5425 |   0 |  0 |   0 |  37 | 4.300000e+01 | 9.920000e+01 | 130.70%| unknown
  422s| 66700 | 55509 |  7532k| 112.9 |   130M | 262 | 951 |5425 |5425 |   0 |  0 |   0 |  37 | 4.300000e+01 | 9.920000e+01 | 130.70%| unknown
  423s| 66800 | 55585 |  7547k| 113.0 |   130M | 262 | 951 |5425 |5425 |   0 |  0 |   0 |  37 | 4.300000e+01 | 9.920000e+01 | 130.70%| unknown
  423s| 66900 | 55657 |  7557k| 113.0 |   130M | 262 | 951 |5425 |5425 |   0 |  0 |   0 |  37 | 4.300000e+01 | 9.920000e+01 | 130.70%| unknown
  424s| 67000 | 55741 |  7567k| 112.9 |   130M | 262 | 951 |5425 |5425 |   0 |  0 |   0 |  37 | 4.300000e+01 | 9.920000e+01 | 130.70%| unknown
  425s| 67100 | 55821 |  7586k| 113.1 |   130M | 262 | 951 |5425 |5425 |   0 |  0 |   0 |  37 | 4.300000e+01 | 9.920000e+01 | 130.70%| unknown
  426s| 67200 | 55907 |  7604k| 113.2 |   131M | 262 | 951 |5425 |5425 |   0 |  0 |   0 |  37 | 4.300000e+01 | 9.920000e+01 | 130.70%| unknown
  427s| 67300 | 55995 |  7624k| 113.3 |   131M | 262 | 951 |5425 |5425 |   0 |  0 |   0 |  37 | 4.300000e+01 | 9.920000e+01 | 130.70%| unknown
 time | node  | left  |LP iter|LP it/n|mem/heur|mdpt |vars |cons |rows |cuts |sepa|confs|strbr|  dualbound   | primalbound  |  gap   | compl. 
  428s| 67400 | 56073 |  7645k| 113.4 |   131M | 262 | 951 |5425 |5425 |   0 |  0 |   0 |  37 | 4.300000e+01 | 9.920000e+01 | 130.70%| unknown
  428s| 67500 | 56159 |  7658k| 113.4 |   131M | 262 | 951 |5425 |5425 |   0 |  0 |   0 |  37 | 4.300000e+01 | 9.920000e+01 | 130.70%| unknown
  429s| 67600 | 56243 |  7668k| 113.4 |   131M | 262 | 951 |5425 |5425 |   0 |  0 |   0 |  37 | 4.300000e+01 | 9.920000e+01 | 130.70%| unknown
  430s| 67700 | 56329 |  7683k| 113.5 |   131M | 262 | 951 |5425 |5425 |   0 |  0 |   0 |  37 | 4.300000e+01 | 9.920000e+01 | 130.70%| unknown
  431s| 67800 | 56417 |  7706k| 113.6 |   131M | 262 | 951 |5425 |5425 |   0 |  0 |   0 |  37 | 4.300000e+01 | 9.920000e+01 | 130.70%| unknown
  432s| 67900 | 56505 |  7720k| 113.7 |   132M | 262 | 951 |5425 |5425 |   0 |  0 |   0 |  37 | 4.300000e+01 | 9.920000e+01 | 130.70%| unknown
  433s| 68000 | 56575 |  7747k| 113.9 |   132M | 262 | 951 |5425 |5425 |   0 |  0 |   0 |  37 | 4.300000e+01 | 9.920000e+01 | 130.70%| unknown
  434s| 68100 | 56645 |  7759k| 113.9 |   132M | 262 | 951 |5425 |5425 |   0 |  0 |   0 |  37 | 4.300000e+01 | 9.920000e+01 | 130.70%| unknown
  435s| 68200 | 56731 |  7780k| 114.1 |   133M | 262 | 951 |5425 |5425 |   0 |  0 |   0 |  37 | 4.300000e+01 | 9.920000e+01 | 130.70%| unknown
  436s| 68300 | 56797 |  7797k| 114.1 |   133M | 262 | 951 |5425 |5425 |   0 |  0 |   0 |  37 | 4.300000e+01 | 9.920000e+01 | 130.70%| unknown
  437s| 68400 | 56881 |  7823k| 114.4 |   133M | 262 | 951 |5425 |5425 |   0 |  0 |   0 |  37 | 4.300000e+01 | 9.920000e+01 | 130.70%| unknown
  438s| 68500 | 56955 |  7844k| 114.5 |   133M | 262 | 951 |5425 |5425 |   0 |  0 |   0 |  37 | 4.300000e+01 | 9.920000e+01 | 130.70%| unknown
  439s| 68600 | 57045 |  7853k| 114.5 |   133M | 262 | 951 |5425 |5425 |   0 |  0 |   0 |  37 | 4.300000e+01 | 9.920000e+01 | 130.70%| unknown
  439s| 68700 | 57127 |  7864k| 114.5 |   133M | 262 | 951 |5425 |5425 |   0 |  0 |   0 |  37 | 4.300000e+01 | 9.920000e+01 | 130.70%| unknown
  440s| 68800 | 57211 |  7877k| 114.5 |   133M | 262 | 951 |5425 |5425 |   0 |  0 |   0 |  37 | 4.300000e+01 | 9.920000e+01 | 130.70%| unknown
 time | node  | left  |LP iter|LP it/n|mem/heur|mdpt |vars |cons |rows |cuts |sepa|confs|strbr|  dualbound   | primalbound  |  gap   | compl. 
  441s| 68900 | 57281 |  7894k| 114.6 |   133M | 262 | 951 |5425 |5425 |   0 |  0 |   0 |  37 | 4.300000e+01 | 9.920000e+01 | 130.70%| unknown
  442s| 69000 | 57353 |  7916k| 114.7 |   133M | 262 | 951 |5425 |5425 |   0 |  0 |   0 |  37 | 4.300000e+01 | 9.920000e+01 | 130.70%| unknown
  443s| 69100 | 57443 |  7933k| 114.8 |   133M | 262 | 951 |5425 |5425 |   0 |  0 |   0 |  37 | 4.300000e+01 | 9.920000e+01 | 130.70%| unknown
  444s| 69200 | 57537 |  7956k| 115.0 |   134M | 262 | 951 |5425 |5425 |   0 |  0 |   0 |  37 | 4.300000e+01 | 9.920000e+01 | 130.70%| unknown
  445s| 69300 | 57629 |  7974k| 115.1 |   134M | 262 | 951 |5425 |5425 |   0 |  0 |   0 |  37 | 4.300000e+01 | 9.920000e+01 | 130.70%| unknown
  446s| 69400 | 57713 |  7997k| 115.2 |   134M | 262 | 951 |5425 |5425 |   0 |  0 |   0 |  37 | 4.300000e+01 | 9.920000e+01 | 130.70%| unknown
  447s| 69500 | 57795 |  8013k| 115.3 |   134M | 262 | 951 |5425 |5425 |   0 |  0 |   0 |  37 | 4.300000e+01 | 9.920000e+01 | 130.70%| unknown
  448s| 69600 | 57881 |  8028k| 115.3 |   134M | 262 | 951 |5425 |5425 |   0 |  0 |   0 |  37 | 4.300000e+01 | 9.920000e+01 | 130.70%| unknown
  449s| 69700 | 57949 |  8045k| 115.4 |   134M | 262 | 951 |5425 |5425 |   0 |  0 |   0 |  37 | 4.300000e+01 | 9.920000e+01 | 130.70%| unknown
  450s| 69800 | 58029 |  8062k| 115.5 |   134M | 262 | 951 |5425 |5425 |   0 |  0 |   0 |  37 | 4.300000e+01 | 9.920000e+01 | 130.70%| unknown
  450s| 69900 | 58099 |  8063k| 115.3 |   134M | 262 | 951 |5425 |5425 |   0 |  0 |   0 |  37 | 4.300000e+01 | 9.920000e+01 | 130.70%| unknown
  450s| 70000 | 58167 |  8064k| 115.2 |   135M | 262 | 951 |5425 |5425 |   0 |  0 |   0 |  37 | 4.300000e+01 | 9.920000e+01 | 130.70%| unknown
  450s| 70100 | 58245 |  8066k| 115.1 |   135M | 262 | 951 |5425 |5425 |   0 |  0 |   0 |  37 | 4.300000e+01 | 9.920000e+01 | 130.70%| unknown
  450s| 70200 | 58333 |  8067k| 114.9 |   136M | 262 | 951 |5425 |5425 |   0 |  0 |   0 |  37 | 4.300000e+01 | 9.920000e+01 | 130.70%| unknown
  451s| 70300 | 58401 |  8068k| 114.8 |   136M | 262 | 951 |5425 |5425 |   0 |  0 |   0 |  37 | 4.300000e+01 | 9.920000e+01 | 130.70%| unknown
 time | node  | left  |LP iter|LP it/n|mem/heur|mdpt |vars |cons |rows |cuts |sepa|confs|strbr|  dualbound   | primalbound  |  gap   | compl. 
  451s| 70400 | 58471 |  8081k| 114.8 |   136M | 262 | 951 |5425 |5425 |   0 |  0 |   0 |  37 | 4.300000e+01 | 9.920000e+01 | 130.70%| unknown
  452s| 70500 | 58555 |  8097k| 114.9 |   137M | 262 | 951 |5425 |5425 |   0 |  0 |   0 |  37 | 4.300000e+01 | 9.920000e+01 | 130.70%| unknown
  453s| 70600 | 58645 |  8116k| 115.0 |   137M | 262 | 951 |5425 |5425 |   0 |  0 |   0 |  37 | 4.300000e+01 | 9.920000e+01 | 130.70%| unknown
  454s| 70700 | 58723 |  8134k| 115.0 |   137M | 262 | 951 |5425 |5425 |   0 |  0 |   0 |  37 | 4.300000e+01 | 9.920000e+01 | 130.70%| unknown
  455s| 70800 | 58801 |  8146k| 115.1 |   137M | 262 | 951 |5425 |5425 |   0 |  0 |   0 |  37 | 4.300000e+01 | 9.920000e+01 | 130.70%| unknown
  455s| 70900 | 58885 |  8165k| 115.2 |   137M | 262 | 951 |5425 |5425 |   0 |  0 |   0 |  37 | 4.300000e+01 | 9.920000e+01 | 130.70%| unknown
  456s| 71000 | 58969 |  8177k| 115.2 |   137M | 262 | 951 |5425 |5425 |   0 |  0 |   0 |  37 | 4.300000e+01 | 9.920000e+01 | 130.70%| unknown
  457s| 71100 | 59059 |  8200k| 115.3 |   139M | 262 | 951 |5425 |5425 |   0 |  0 |   0 |  37 | 4.300000e+01 | 9.920000e+01 | 130.70%| unknown
  458s| 71200 | 59143 |  8217k| 115.4 |   140M | 262 | 951 |5425 |5425 |   0 |  0 |   0 |  37 | 4.300000e+01 | 9.920000e+01 | 130.70%| unknown
  459s| 71300 | 59221 |  8228k| 115.4 |   140M | 262 | 951 |5425 |5425 |   0 |  0 |   0 |  37 | 4.300000e+01 | 9.920000e+01 | 130.70%| unknown
  460s| 71400 | 59305 |  8242k| 115.4 |   140M | 262 | 951 |5425 |5425 |   0 |  0 |   0 |  37 | 4.300000e+01 | 9.920000e+01 | 130.70%| unknown
  461s| 71500 | 59379 |  8266k| 115.6 |   140M | 262 | 951 |5425 |5425 |   0 |  0 |   0 |  37 | 4.300000e+01 | 9.920000e+01 | 130.70%| unknown
  462s| 71600 | 59463 |  8282k| 115.7 |   140M | 262 | 951 |5425 |5425 |   0 |  0 |   0 |  37 | 4.300000e+01 | 9.920000e+01 | 130.70%| unknown
  463s| 71700 | 59529 |  8299k| 115.7 |   140M | 262 | 951 |5425 |5425 |   0 |  0 |   0 |  37 | 4.300000e+01 | 9.920000e+01 | 130.70%| unknown
  463s| 71800 | 59619 |  8307k| 115.7 |   140M | 262 | 951 |5425 |5425 |   0 |  0 |   0 |  37 | 4.300000e+01 | 9.920000e+01 | 130.70%| unknown
 time | node  | left  |LP iter|LP it/n|mem/heur|mdpt |vars |cons |rows |cuts |sepa|confs|strbr|  dualbound   | primalbound  |  gap   | compl. 
  464s| 71900 | 59697 |  8325k| 115.8 |   140M | 262 | 951 |5425 |5425 |   0 |  0 |   0 |  37 | 4.300000e+01 | 9.920000e+01 | 130.70%| unknown
  465s| 72000 | 59791 |  8337k| 115.8 |   140M | 262 | 951 |5425 |5425 |   0 |  0 |   0 |  37 | 4.300000e+01 | 9.920000e+01 | 130.70%| unknown
  466s| 72100 | 59865 |  8358k| 115.9 |   141M | 262 | 951 |5425 |5425 |   0 |  0 |   0 |  37 | 4.300000e+01 | 9.920000e+01 | 130.70%| unknown
  466s| 72200 | 59941 |  8371k| 115.9 |   141M | 262 | 951 |5425 |5425 |   0 |  0 |   0 |  37 | 4.300000e+01 | 9.920000e+01 | 130.70%| unknown
  467s| 72300 | 60035 |  8382k| 115.9 |   141M | 262 | 951 |5425 |5425 |   0 |  0 |   0 |  37 | 4.300000e+01 | 9.920000e+01 | 130.70%| unknown
  468s| 72400 | 60133 |  8399k| 116.0 |   141M | 262 | 951 |5425 |5425 |   0 |  0 |   0 |  37 | 4.300000e+01 | 9.920000e+01 | 130.70%| unknown
  469s| 72500 | 60213 |  8416k| 116.1 |   141M | 262 | 951 |5425 |5425 |   0 |  0 |   0 |  37 | 4.300000e+01 | 9.920000e+01 | 130.70%| unknown
  469s| 72600 | 60289 |  8428k| 116.1 |   141M | 262 | 951 |5425 |5425 |   0 |  0 |   0 |  37 | 4.300000e+01 | 9.920000e+01 | 130.70%| unknown
  471s| 72700 | 60375 |  8469k| 116.5 |   142M | 262 | 951 |5425 |5425 |   0 |  0 |   0 |  37 | 4.300000e+01 | 9.920000e+01 | 130.70%| unknown
  472s| 72800 | 60449 |  8484k| 116.5 |   142M | 262 | 951 |5425 |5425 |   0 |  0 |   0 |  37 | 4.300000e+01 | 9.920000e+01 | 130.70%| unknown
  472s| 72900 | 60529 |  8485k| 116.4 |   142M | 262 | 951 |5425 |5425 |   0 |  0 |   0 |  37 | 4.300000e+01 | 9.920000e+01 | 130.70%| unknown
  474s| 73000 | 60613 |  8512k| 116.6 |   142M | 262 | 951 |5425 |5425 |   0 |  0 |   0 |  37 | 4.300000e+01 | 9.920000e+01 | 130.70%| unknown
  475s| 73100 | 60701 |  8532k| 116.7 |   143M | 262 | 951 |5425 |5425 |   0 |  0 |   0 |  37 | 4.300000e+01 | 9.920000e+01 | 130.70%| unknown
  476s| 73200 | 60777 |  8549k| 116.8 |   143M | 262 | 951 |5425 |5425 |   0 |  0 |   0 |  37 | 4.300000e+01 | 9.920000e+01 | 130.70%| unknown
  477s| 73300 | 60867 |  8566k| 116.9 |   143M | 262 | 951 |5425 |5425 |   0 |  0 |   0 |  37 | 4.300000e+01 | 9.920000e+01 | 130.70%| unknown
 time | node  | left  |LP iter|LP it/n|mem/heur|mdpt |vars |cons |rows |cuts |sepa|confs|strbr|  dualbound   | primalbound  |  gap   | compl. 
  477s| 73400 | 60951 |  8580k| 116.9 |   143M | 262 | 951 |5425 |5425 |   0 |  0 |   0 |  37 | 4.300000e+01 | 9.920000e+01 | 130.70%| unknown
  478s| 73500 | 61045 |  8595k| 116.9 |   143M | 262 | 951 |5425 |5425 |   0 |  0 |   0 |  37 | 4.300000e+01 | 9.920000e+01 | 130.70%| unknown
  479s| 73600 | 61141 |  8620k| 117.1 |   143M | 262 | 951 |5425 |5425 |   0 |  0 |   0 |  37 | 4.300000e+01 | 9.920000e+01 | 130.70%| unknown
  481s| 73700 | 61223 |  8647k| 117.3 |   143M | 262 | 951 |5425 |5425 |   0 |  0 |   0 |  37 | 4.300000e+01 | 9.920000e+01 | 130.70%| unknown
  482s| 73800 | 61303 |  8671k| 117.5 |   143M | 262 | 951 |5425 |5425 |   0 |  0 |   0 |  37 | 4.300000e+01 | 9.920000e+01 | 130.70%| unknown
  484s| 73900 | 61379 |  8704k| 117.8 |   143M | 262 | 951 |5425 |5425 |   0 |  0 |   0 |  37 | 4.300000e+01 | 9.920000e+01 | 130.70%| unknown
  485s| 74000 | 61431 |  8725k| 117.9 |   143M | 262 | 951 |5425 |5425 |   0 |  0 |   0 |  37 | 4.300000e+01 | 9.920000e+01 | 130.70%| unknown
  485s| 74100 | 61515 |  8736k| 117.9 |   144M | 262 | 951 |5425 |5425 |   0 |  0 |   0 |  37 | 4.300000e+01 | 9.920000e+01 | 130.70%| unknown
  486s| 74200 | 61589 |  8741k| 117.8 |   144M | 262 | 951 |5425 |5425 |   0 |  0 |   0 |  37 | 4.300000e+01 | 9.920000e+01 | 130.70%| unknown
  486s| 74300 | 61659 |  8742k| 117.7 |   144M | 262 | 951 |5425 |5425 |   0 |  0 |   0 |  37 | 4.300000e+01 | 9.920000e+01 | 130.70%| unknown
  486s| 74400 | 61737 |  8743k| 117.5 |   144M | 262 | 951 |5425 |5425 |   0 |  0 |   0 |  37 | 4.300000e+01 | 9.920000e+01 | 130.70%| unknown
  487s| 74500 | 61829 |  8756k| 117.5 |   144M | 262 | 951 |5425 |5425 |   0 |  0 |   0 |  37 | 4.300000e+01 | 9.920000e+01 | 130.70%| unknown
  487s| 74600 | 61917 |  8770k| 117.6 |   144M | 262 | 951 |5425 |5425 |   0 |  0 |   0 |  37 | 4.300000e+01 | 9.920000e+01 | 130.70%| unknown
  488s| 74700 | 61987 |  8784k| 117.6 |   144M | 262 | 951 |5425 |5425 |   0 |  0 |   0 |  37 | 4.300000e+01 | 9.920000e+01 | 130.70%| unknown
  489s| 74800 | 62061 |  8808k| 117.7 |   145M | 262 | 951 |5425 |5425 |   0 |  0 |   0 |  37 | 4.300000e+01 | 9.920000e+01 | 130.70%| unknown
 time | node  | left  |LP iter|LP it/n|mem/heur|mdpt |vars |cons |rows |cuts |sepa|confs|strbr|  dualbound   | primalbound  |  gap   | compl. 
  490s| 74900 | 62141 |  8822k| 117.8 |   145M | 262 | 951 |5425 |5425 |   0 |  0 |   0 |  37 | 4.300000e+01 | 9.920000e+01 | 130.70%| unknown
  490s| 75000 | 62215 |  8824k| 117.6 |   145M | 262 | 951 |5425 |5425 |   0 |  0 |   0 |  37 | 4.300000e+01 | 9.920000e+01 | 130.70%| unknown
  491s| 75100 | 62305 |  8825k| 117.5 |   146M | 262 | 951 |5425 |5425 |   0 |  0 |   0 |  37 | 4.300000e+01 | 9.920000e+01 | 130.70%| unknown
  491s| 75200 | 62395 |  8826k| 117.4 |   146M | 262 | 951 |5425 |5425 |   0 |  0 |   0 |  37 | 4.300000e+01 | 9.920000e+01 | 130.70%| unknown
  491s| 75300 | 62479 |  8827k| 117.2 |   146M | 262 | 951 |5425 |5425 |   0 |  0 |   0 |  37 | 4.300000e+01 | 9.920000e+01 | 130.70%| unknown
  491s| 75400 | 62559 |  8828k| 117.1 |   146M | 262 | 951 |5425 |5425 |   0 |  0 |   0 |  37 | 4.300000e+01 | 9.920000e+01 | 130.70%| unknown
  491s| 75500 | 62639 |  8829k| 116.9 |   146M | 262 | 951 |5425 |5425 |   0 |  0 |   0 |  37 | 4.300000e+01 | 9.920000e+01 | 130.70%| unknown
  492s| 75600 | 62721 |  8830k| 116.8 |   146M | 262 | 951 |5425 |5425 |   0 |  0 |   0 |  37 | 4.300000e+01 | 9.920000e+01 | 130.70%| unknown
  492s| 75700 | 62793 |  8832k| 116.7 |   146M | 262 | 951 |5425 |5425 |   0 |  0 |   0 |  37 | 4.300000e+01 | 9.920000e+01 | 130.70%| unknown
  492s| 75800 | 62873 |  8833k| 116.5 |   146M | 262 | 951 |5425 |5425 |   0 |  0 |   0 |  37 | 4.300000e+01 | 9.920000e+01 | 130.70%| unknown
  492s| 75900 | 62967 |  8834k| 116.4 |   146M | 262 | 951 |5425 |5425 |   0 |  0 |   0 |  37 | 4.300000e+01 | 9.920000e+01 | 130.70%| unknown
  492s| 76000 | 63053 |  8835k| 116.2 |   147M | 262 | 951 |5425 |5425 |   0 |  0 |   0 |  37 | 4.300000e+01 | 9.920000e+01 | 130.70%| unknown
  492s| 76100 | 63137 |  8837k| 116.1 |   148M | 262 | 951 |5425 |5425 |   0 |  0 |   0 |  37 | 4.300000e+01 | 9.920000e+01 | 130.70%| unknown
  493s| 76200 | 63229 |  8841k| 116.0 |   148M | 262 | 951 |5425 |5425 |   0 |  0 |   0 |  37 | 4.300000e+01 | 9.920000e+01 | 130.70%| unknown
  494s| 76300 | 63319 |  8854k| 116.0 |   148M | 262 | 951 |5425 |5425 |   0 |  0 |   0 |  37 | 4.300000e+01 | 9.920000e+01 | 130.70%| unknown
 time | node  | left  |LP iter|LP it/n|mem/heur|mdpt |vars |cons |rows |cuts |sepa|confs|strbr|  dualbound   | primalbound  |  gap   | compl. 
  494s| 76400 | 63403 |  8856k| 115.9 |   148M | 262 | 951 |5425 |5425 |   0 |  0 |   0 |  37 | 4.300000e+01 | 9.920000e+01 | 130.70%| unknown
  494s| 76500 | 63493 |  8856k| 115.8 |   148M | 262 | 951 |5425 |5425 |   0 |  0 |   0 |  37 | 4.300000e+01 | 9.920000e+01 | 130.70%| unknown
  494s| 76600 | 63583 |  8865k| 115.7 |   148M | 262 | 951 |5425 |5425 |   0 |  0 |   0 |  37 | 4.300000e+01 | 9.920000e+01 | 130.70%| unknown
  495s| 76700 | 63667 |  8872k| 115.7 |   148M | 262 | 951 |5425 |5425 |   0 |  0 |   0 |  37 | 4.300000e+01 | 9.920000e+01 | 130.70%| unknown
  496s| 76800 | 63761 |  8892k| 115.8 |   148M | 262 | 951 |5425 |5425 |   0 |  0 |   0 |  37 | 4.300000e+01 | 9.920000e+01 | 130.70%| unknown
  497s| 76900 | 63843 |  8909k| 115.9 |   148M | 262 | 951 |5425 |5425 |   0 |  0 |   0 |  37 | 4.300000e+01 | 9.920000e+01 | 130.70%| unknown
  498s| 77000 | 63925 |  8929k| 116.0 |   149M | 262 | 951 |5425 |5425 |   0 |  0 |   0 |  37 | 4.300000e+01 | 9.920000e+01 | 130.70%| unknown
  499s| 77100 | 64015 |  8946k| 116.0 |   149M | 262 | 951 |5425 |5425 |   0 |  0 |   0 |  37 | 4.300000e+01 | 9.920000e+01 | 130.70%| unknown
  500s| 77200 | 64107 |  8961k| 116.1 |   149M | 262 | 951 |5425 |5425 |   0 |  0 |   0 |  37 | 4.300000e+01 | 9.920000e+01 | 130.70%| unknown
  500s| 77300 | 64201 |  8974k| 116.1 |   149M | 262 | 951 |5425 |5425 |   0 |  0 |   0 |  37 | 4.300000e+01 | 9.920000e+01 | 130.70%| unknown
  502s| 77400 | 64269 |  8999k| 116.3 |   150M | 262 | 951 |5425 |5425 |   0 |  0 |   0 |  37 | 4.300000e+01 | 9.920000e+01 | 130.70%| unknown
  502s| 77500 | 64351 |  9000k| 116.1 |   150M | 262 | 951 |5425 |5425 |   0 |  0 |   0 |  37 | 4.300000e+01 | 9.920000e+01 | 130.70%| unknown
  502s| 77600 | 64421 |  9001k| 116.0 |   150M | 262 | 951 |5425 |5425 |   0 |  0 |   0 |  37 | 4.300000e+01 | 9.920000e+01 | 130.70%| unknown
  502s| 77700 | 64501 |  9005k| 115.9 |   150M | 262 | 951 |5425 |5425 |   0 |  0 |   0 |  37 | 4.300000e+01 | 9.920000e+01 | 130.70%| unknown
  503s| 77800 | 64593 |  9015k| 115.9 |   150M | 262 | 951 |5425 |5425 |   0 |  0 |   0 |  37 | 4.300000e+01 | 9.920000e+01 | 130.70%| unknown
 time | node  | left  |LP iter|LP it/n|mem/heur|mdpt |vars |cons |rows |cuts |sepa|confs|strbr|  dualbound   | primalbound  |  gap   | compl. 
  504s| 77900 | 64645 |  9036k| 116.0 |   151M | 262 | 951 |5425 |5425 |   0 |  0 |   0 |  37 | 4.300000e+01 | 9.920000e+01 | 130.70%| unknown
  505s| 78000 | 64737 |  9049k| 116.0 |   151M | 262 | 951 |5425 |5425 |   0 |  0 |   0 |  37 | 4.300000e+01 | 9.920000e+01 | 130.70%| unknown
  505s| 78100 | 64811 |  9062k| 116.0 |   151M | 262 | 951 |5425 |5425 |   0 |  0 |   0 |  37 | 4.300000e+01 | 9.920000e+01 | 130.70%| unknown
  506s| 78200 | 64893 |  9075k| 116.0 |   151M | 262 | 951 |5425 |5425 |   0 |  0 |   0 |  37 | 4.300000e+01 | 9.920000e+01 | 130.70%| unknown
  506s| 78300 | 64971 |  9080k| 116.0 |   151M | 262 | 951 |5425 |5425 |   0 |  0 |   0 |  37 | 4.300000e+01 | 9.920000e+01 | 130.70%| unknown
  507s| 78400 | 65045 |  9081k| 115.8 |   151M | 262 | 951 |5425 |5425 |   0 |  0 |   0 |  37 | 4.300000e+01 | 9.920000e+01 | 130.70%| unknown
  507s| 78500 | 65139 |  9082k| 115.7 |   151M | 262 | 951 |5425 |5425 |   0 |  0 |   0 |  37 | 4.300000e+01 | 9.920000e+01 | 130.70%| unknown
  507s| 78600 | 65229 |  9084k| 115.6 |   151M | 262 | 951 |5425 |5425 |   0 |  0 |   0 |  37 | 4.300000e+01 | 9.920000e+01 | 130.70%| unknown
  507s| 78700 | 65313 |  9084k| 115.4 |   151M | 262 | 951 |5425 |5425 |   0 |  0 |   0 |  37 | 4.300000e+01 | 9.920000e+01 | 130.70%| unknown
  507s| 78800 | 65399 |  9086k| 115.3 |   151M | 262 | 951 |5425 |5425 |   0 |  0 |   0 |  37 | 4.300000e+01 | 9.920000e+01 | 130.70%| unknown
  508s| 78900 | 65483 |  9087k| 115.2 |   152M | 262 | 951 |5425 |5425 |   0 |  0 |   0 |  37 | 4.300000e+01 | 9.920000e+01 | 130.70%| unknown
  508s| 79000 | 65535 |  9089k| 115.0 |   152M | 262 | 951 |5425 |5425 |   0 |  0 |   0 |  37 | 4.300000e+01 | 9.920000e+01 | 130.70%| unknown
  508s| 79100 | 65619 |  9090k| 114.9 |   152M | 262 | 951 |5425 |5425 |   0 |  0 |   0 |  37 | 4.300000e+01 | 9.920000e+01 | 130.70%| unknown
  508s| 79200 | 65685 |  9091k| 114.8 |   152M | 262 | 951 |5425 |5425 |   0 |  0 |   0 |  37 | 4.300000e+01 | 9.920000e+01 | 130.70%| unknown
  508s| 79300 | 65743 |  9092k| 114.6 |   152M | 262 | 951 |5425 |5425 |   0 |  0 |   0 |  37 | 4.300000e+01 | 9.920000e+01 | 130.70%| unknown
 time | node  | left  |LP iter|LP it/n|mem/heur|mdpt |vars |cons |rows |cuts |sepa|confs|strbr|  dualbound   | primalbound  |  gap   | compl. 
  508s| 79400 | 65817 |  9093k| 114.5 |   152M | 262 | 951 |5425 |5425 |   0 |  0 |   0 |  37 | 4.300000e+01 | 9.920000e+01 | 130.70%| unknown
  509s| 79500 | 65897 |  9094k| 114.4 |   153M | 262 | 951 |5425 |5425 |   0 |  0 |   0 |  37 | 4.300000e+01 | 9.920000e+01 | 130.70%| unknown
  509s| 79600 | 65973 |  9107k| 114.4 |   153M | 262 | 951 |5425 |5425 |   0 |  0 |   0 |  37 | 4.300000e+01 | 9.920000e+01 | 130.70%| unknown
  510s| 79700 | 66055 |  9123k| 114.5 |   153M | 262 | 951 |5425 |5425 |   0 |  0 |   0 |  37 | 4.300000e+01 | 9.920000e+01 | 130.70%| unknown
  511s| 79800 | 66129 |  9137k| 114.5 |   153M | 262 | 951 |5425 |5425 |   0 |  0 |   0 |  37 | 4.300000e+01 | 9.920000e+01 | 130.70%| unknown
  512s| 79900 | 66225 |  9153k| 114.5 |   153M | 262 | 951 |5425 |5425 |   0 |  0 |   0 |  37 | 4.300000e+01 | 9.920000e+01 | 130.70%| unknown
  513s| 80000 | 66317 |  9174k| 114.7 |   154M | 262 | 951 |5425 |5425 |   0 |  0 |   0 |  37 | 4.300000e+01 | 9.920000e+01 | 130.70%| unknown
  514s| 80100 | 66399 |  9187k| 114.7 |   154M | 262 | 951 |5425 |5425 |   0 |  0 |   0 |  37 | 4.300000e+01 | 9.920000e+01 | 130.70%| unknown
  514s| 80200 | 66469 |  9201k| 114.7 |   154M | 262 | 951 |5425 |5425 |   0 |  0 |   0 |  37 | 4.300000e+01 | 9.920000e+01 | 130.70%| unknown
  515s| 80300 | 66543 |  9218k| 114.8 |   154M | 262 | 951 |5425 |5425 |   0 |  0 |   0 |  37 | 4.300000e+01 | 9.920000e+01 | 130.70%| unknown
  516s| 80400 | 66629 |  9227k| 114.8 |   154M | 262 | 951 |5425 |5425 |   0 |  0 |   0 |  37 | 4.300000e+01 | 9.920000e+01 | 130.70%| unknown
  516s| 80500 | 66705 |  9238k| 114.8 |   154M | 262 | 951 |5425 |5425 |   0 |  0 |   0 |  37 | 4.300000e+01 | 9.920000e+01 | 130.70%| unknown
  517s| 80600 | 66779 |  9255k| 114.8 |   154M | 262 | 951 |5425 |5425 |   0 |  0 |   0 |  37 | 4.300000e+01 | 9.920000e+01 | 130.70%| unknown
  518s| 80700 | 66855 |  9258k| 114.7 |   154M | 262 | 951 |5425 |5425 |   0 |  0 |   0 |  37 | 4.300000e+01 | 9.920000e+01 | 130.70%| unknown
  518s| 80800 | 66943 |  9259k| 114.6 |   154M | 262 | 951 |5425 |5425 |   0 |  0 |   0 |  37 | 4.300000e+01 | 9.920000e+01 | 130.70%| unknown
 time | node  | left  |LP iter|LP it/n|mem/heur|mdpt |vars |cons |rows |cuts |sepa|confs|strbr|  dualbound   | primalbound  |  gap   | compl. 
  518s| 80900 | 67017 |  9261k| 114.5 |   154M | 262 | 951 |5425 |5425 |   0 |  0 |   0 |  37 | 4.300000e+01 | 9.920000e+01 | 130.70%| unknown
  519s| 81000 | 67103 |  9280k| 114.6 |   155M | 262 | 951 |5425 |5425 |   0 |  0 |   0 |  37 | 4.300000e+01 | 9.920000e+01 | 130.70%| unknown
  520s| 81100 | 67187 |  9290k| 114.5 |   155M | 262 | 951 |5425 |5425 |   0 |  0 |   0 |  37 | 4.300000e+01 | 9.920000e+01 | 130.70%| unknown
  520s| 81200 | 67279 |  9303k| 114.6 |   155M | 262 | 951 |5425 |5425 |   0 |  0 |   0 |  37 | 4.300000e+01 | 9.920000e+01 | 130.70%| unknown
  521s| 81300 | 67357 |  9319k| 114.6 |   155M | 262 | 951 |5425 |5425 |   0 |  0 |   0 |  37 | 4.300000e+01 | 9.920000e+01 | 130.70%| unknown
  521s| 81400 | 67435 |  9320k| 114.5 |   155M | 262 | 951 |5425 |5425 |   0 |  0 |   0 |  37 | 4.300000e+01 | 9.920000e+01 | 130.70%| unknown
  522s| 81500 | 67515 |  9322k| 114.4 |   155M | 262 | 951 |5425 |5425 |   0 |  0 |   0 |  37 | 4.300000e+01 | 9.920000e+01 | 130.70%| unknown
  522s| 81600 | 67583 |  9323k| 114.2 |   156M | 262 | 951 |5425 |5425 |   0 |  0 |   0 |  37 | 4.300000e+01 | 9.920000e+01 | 130.70%| unknown
  522s| 81700 | 67657 |  9324k| 114.1 |   156M | 262 | 951 |5425 |5425 |   0 |  0 |   0 |  37 | 4.300000e+01 | 9.920000e+01 | 130.70%| unknown
  522s| 81800 | 67743 |  9325k| 114.0 |   156M | 262 | 951 |5425 |5425 |   0 |  0 |   0 |  37 | 4.300000e+01 | 9.920000e+01 | 130.70%| unknown
  522s| 81900 | 67821 |  9326k| 113.9 |   156M | 262 | 951 |5425 |5425 |   0 |  0 |   0 |  37 | 4.300000e+01 | 9.920000e+01 | 130.70%| unknown
  522s| 82000 | 67893 |  9327k| 113.7 |   157M | 262 | 951 |5425 |5425 |   0 |  0 |   0 |  37 | 4.300000e+01 | 9.920000e+01 | 130.70%| unknown
  523s| 82100 | 67967 |  9329k| 113.6 |   157M | 262 | 951 |5425 |5425 |   0 |  0 |   0 |  37 | 4.300000e+01 | 9.920000e+01 | 130.70%| unknown
  523s| 82200 | 68047 |  9330k| 113.5 |   157M | 262 | 951 |5425 |5425 |   0 |  0 |   0 |  37 | 4.300000e+01 | 9.920000e+01 | 130.70%| unknown
  523s| 82300 | 68135 |  9331k| 113.4 |   158M | 262 | 951 |5425 |5425 |   0 |  0 |   0 |  37 | 4.300000e+01 | 9.920000e+01 | 130.70%| unknown
 time | node  | left  |LP iter|LP it/n|mem/heur|mdpt |vars |cons |rows |cuts |sepa|confs|strbr|  dualbound   | primalbound  |  gap   | compl. 
  523s| 82400 | 68207 |  9333k| 113.3 |   158M | 262 | 951 |5425 |5425 |   0 |  0 |   0 |  37 | 4.300000e+01 | 9.920000e+01 | 130.70%| unknown
  523s| 82500 | 68287 |  9334k| 113.1 |   158M | 262 | 951 |5425 |5425 |   0 |  0 |   0 |  37 | 4.300000e+01 | 9.920000e+01 | 130.70%| unknown
  524s| 82600 | 68375 |  9335k| 113.0 |   158M | 262 | 951 |5425 |5425 |   0 |  0 |   0 |  37 | 4.300000e+01 | 9.920000e+01 | 130.70%| unknown
  524s| 82700 | 68457 |  9336k| 112.9 |   158M | 262 | 951 |5425 |5425 |   0 |  0 |   0 |  37 | 4.300000e+01 | 9.920000e+01 | 130.70%| unknown
  524s| 82800 | 68537 |  9337k| 112.8 |   158M | 262 | 951 |5425 |5425 |   0 |  0 |   0 |  37 | 4.300000e+01 | 9.920000e+01 | 130.70%| unknown
  525s| 82900 | 68609 |  9353k| 112.8 |   158M | 262 | 951 |5425 |5425 |   0 |  0 |   0 |  37 | 4.300000e+01 | 9.920000e+01 | 130.70%| unknown
  526s| 83000 | 68693 |  9381k| 113.0 |   159M | 262 | 951 |5425 |5425 |   0 |  0 |   0 |  37 | 4.300000e+01 | 9.920000e+01 | 130.70%| unknown
  527s| 83100 | 68783 |  9394k| 113.0 |   159M | 262 | 951 |5425 |5425 |   0 |  0 |   0 |  37 | 4.300000e+01 | 9.920000e+01 | 130.70%| unknown
  528s| 83200 | 68877 |  9409k| 113.1 |   159M | 262 | 951 |5425 |5425 |   0 |  0 |   0 |  37 | 4.300000e+01 | 9.920000e+01 | 130.70%| unknown
  529s| 83300 | 68963 |  9431k| 113.2 |   159M | 262 | 951 |5425 |5425 |   0 |  0 |   0 |  37 | 4.300000e+01 | 9.920000e+01 | 130.70%| unknown
  530s| 83400 | 69027 |  9451k| 113.3 |   159M | 262 | 951 |5425 |5425 |   0 |  0 |   0 |  37 | 4.300000e+01 | 9.920000e+01 | 130.70%| unknown
  530s| 83500 | 69105 |  9452k| 113.2 |   159M | 262 | 951 |5425 |5425 |   0 |  0 |   0 |  37 | 4.300000e+01 | 9.920000e+01 | 130.70%| unknown
  530s| 83600 | 69175 |  9453k| 113.1 |   159M | 262 | 951 |5425 |5425 |   0 |  0 |   0 |  37 | 4.300000e+01 | 9.920000e+01 | 130.70%| unknown
  530s| 83700 | 69245 |  9455k| 113.0 |   159M | 262 | 951 |5425 |5425 |   0 |  0 |   0 |  37 | 4.300000e+01 | 9.920000e+01 | 130.70%| unknown
  531s| 83800 | 69313 |  9456k| 112.8 |   159M | 262 | 951 |5425 |5425 |   0 |  0 |   0 |  37 | 4.300000e+01 | 9.920000e+01 | 130.70%| unknown
 time | node  | left  |LP iter|LP it/n|mem/heur|mdpt |vars |cons |rows |cuts |sepa|confs|strbr|  dualbound   | primalbound  |  gap   | compl. 
  531s| 83900 | 69399 |  9467k| 112.8 |   159M | 262 | 951 |5425 |5425 |   0 |  0 |   0 |  37 | 4.300000e+01 | 9.920000e+01 | 130.70%| unknown
  532s| 84000 | 69473 |  9488k| 112.9 |   160M | 262 | 951 |5425 |5425 |   0 |  0 |   0 |  37 | 4.300000e+01 | 9.920000e+01 | 130.70%| unknown
  533s| 84100 | 69547 |  9500k| 113.0 |   161M | 262 | 951 |5425 |5425 |   0 |  0 |   0 |  37 | 4.300000e+01 | 9.920000e+01 | 130.70%| unknown
  533s| 84200 | 69629 |  9508k| 112.9 |   161M | 262 | 951 |5425 |5425 |   0 |  0 |   0 |  37 | 4.300000e+01 | 9.920000e+01 | 130.70%| unknown
  534s| 84300 | 69703 |  9509k| 112.8 |   161M | 262 | 951 |5425 |5425 |   0 |  0 |   0 |  37 | 4.300000e+01 | 9.920000e+01 | 130.70%| unknown
  534s| 84400 | 69791 |  9510k| 112.7 |   161M | 262 | 951 |5425 |5425 |   0 |  0 |   0 |  37 | 4.300000e+01 | 9.920000e+01 | 130.70%| unknown
  534s| 84500 | 69873 |  9511k| 112.5 |   161M | 262 | 951 |5425 |5425 |   0 |  0 |   0 |  37 | 4.300000e+01 | 9.920000e+01 | 130.70%| unknown
  534s| 84600 | 69949 |  9512k| 112.4 |   161M | 262 | 951 |5425 |5425 |   0 |  0 |   0 |  37 | 4.300000e+01 | 9.920000e+01 | 130.70%| unknown
  534s| 84700 | 70037 |  9513k| 112.3 |   161M | 262 | 951 |5425 |5425 |   0 |  0 |   0 |  37 | 4.300000e+01 | 9.920000e+01 | 130.70%| unknown
  535s| 84800 | 70075 |  9514k| 112.2 |   161M | 262 | 951 |5425 |5425 |   0 |  0 |   0 |  37 | 4.300000e+01 | 9.920000e+01 | 130.70%| unknown
  535s| 84900 | 70157 |  9534k| 112.3 |   161M | 262 | 951 |5425 |5425 |   0 |  0 |   0 |  37 | 4.300000e+01 | 9.920000e+01 | 130.70%| unknown
  536s| 85000 | 70221 |  9552k| 112.4 |   162M | 262 | 951 |5425 |5425 |   0 |  0 |   0 |  37 | 4.300000e+01 | 9.920000e+01 | 130.70%| unknown
  537s| 85100 | 70301 |  9569k| 112.4 |   162M | 262 | 951 |5425 |5425 |   0 |  0 |   0 |  37 | 4.300000e+01 | 9.920000e+01 | 130.70%| unknown
  538s| 85200 | 70383 |  9579k| 112.4 |   162M | 262 | 951 |5425 |5425 |   0 |  0 |   0 |  37 | 4.300000e+01 | 9.920000e+01 | 130.70%| unknown
  539s| 85300 | 70471 |  9604k| 112.6 |   162M | 262 | 951 |5425 |5425 |   0 |  0 |   0 |  37 | 4.300000e+01 | 9.920000e+01 | 130.70%| unknown
 time | node  | left  |LP iter|LP it/n|mem/heur|mdpt |vars |cons |rows |cuts |sepa|confs|strbr|  dualbound   | primalbound  |  gap   | compl. 
  540s| 85400 | 70549 |  9621k| 112.7 |   162M | 262 | 951 |5425 |5425 |   0 |  0 |   0 |  37 | 4.300000e+01 | 9.920000e+01 | 130.70%| unknown
  540s| 85500 | 70633 |  9631k| 112.6 |   162M | 262 | 951 |5425 |5425 |   0 |  0 |   0 |  37 | 4.300000e+01 | 9.920000e+01 | 130.70%| unknown
  541s| 85600 | 70725 |  9644k| 112.7 |   162M | 262 | 951 |5425 |5425 |   0 |  0 |   0 |  37 | 4.300000e+01 | 9.920000e+01 | 130.70%| unknown
  542s| 85700 | 70801 |  9657k| 112.7 |   162M | 262 | 951 |5425 |5425 |   0 |  0 |   0 |  37 | 4.300000e+01 | 9.920000e+01 | 130.70%| unknown
  543s| 85800 | 70885 |  9681k| 112.8 |   162M | 262 | 951 |5425 |5425 |   0 |  0 |   0 |  37 | 4.300000e+01 | 9.920000e+01 | 130.70%| unknown
  544s| 85900 | 70977 |  9695k| 112.9 |   162M | 262 | 951 |5425 |5425 |   0 |  0 |   0 |  37 | 4.300000e+01 | 9.920000e+01 | 130.70%| unknown
  545s| 86000 | 71049 |  9711k| 112.9 |   163M | 262 | 951 |5425 |5425 |   0 |  0 |   0 |  37 | 4.300000e+01 | 9.920000e+01 | 130.70%| unknown
  546s| 86100 | 71121 |  9732k| 113.0 |   163M | 262 | 951 |5425 |5425 |   0 |  0 |   0 |  37 | 4.300000e+01 | 9.920000e+01 | 130.70%| unknown
  547s| 86200 | 71203 |  9747k| 113.1 |   163M | 262 | 951 |5425 |5425 |   0 |  0 |   0 |  37 | 4.300000e+01 | 9.920000e+01 | 130.70%| unknown
  548s| 86300 | 71293 |  9765k| 113.1 |   163M | 262 | 951 |5425 |5425 |   0 |  0 |   0 |  37 | 4.300000e+01 | 9.920000e+01 | 130.70%| unknown
  548s| 86400 | 71377 |  9779k| 113.2 |   163M | 262 | 951 |5425 |5425 |   0 |  0 |   0 |  37 | 4.300000e+01 | 9.920000e+01 | 130.70%| unknown
  549s| 86500 | 71451 |  9793k| 113.2 |   163M | 262 | 951 |5425 |5425 |   0 |  0 |   0 |  37 | 4.300000e+01 | 9.920000e+01 | 130.70%| unknown
  550s| 86600 | 71531 |  9811k| 113.3 |   163M | 262 | 951 |5425 |5425 |   0 |  0 |   0 |  37 | 4.300000e+01 | 9.920000e+01 | 130.70%| unknown
  551s| 86700 | 71603 |  9832k| 113.4 |   163M | 262 | 951 |5425 |5425 |   0 |  0 |   0 |  37 | 4.300000e+01 | 9.920000e+01 | 130.70%| unknown
  552s| 86800 | 71683 |  9848k| 113.5 |   163M | 262 | 951 |5425 |5425 |   0 |  0 |   0 |  37 | 4.300000e+01 | 9.920000e+01 | 130.70%| unknown
 time | node  | left  |LP iter|LP it/n|mem/heur|mdpt |vars |cons |rows |cuts |sepa|confs|strbr|  dualbound   | primalbound  |  gap   | compl. 
  553s| 86900 | 71765 |  9865k| 113.5 |   163M | 262 | 951 |5425 |5425 |   0 |  0 |   0 |  37 | 4.300000e+01 | 9.920000e+01 | 130.70%| unknown
  554s| 87000 | 71847 |  9890k| 113.7 |   164M | 262 | 951 |5425 |5425 |   0 |  0 |   0 |  37 | 4.300000e+01 | 9.920000e+01 | 130.70%| unknown
  555s| 87100 | 71935 |  9908k| 113.7 |   164M | 262 | 951 |5425 |5425 |   0 |  0 |   0 |  37 | 4.300000e+01 | 9.920000e+01 | 130.70%| unknown
  556s| 87200 | 72005 |  9922k| 113.8 |   165M | 262 | 951 |5425 |5425 |   0 |  0 |   0 |  37 | 4.300000e+01 | 9.920000e+01 | 130.70%| unknown
  556s| 87300 | 72093 |  9923k| 113.7 |   166M | 262 | 951 |5425 |5425 |   0 |  0 |   0 |  37 | 4.300000e+01 | 9.920000e+01 | 130.70%| unknown
  556s| 87400 | 72173 |  9924k| 113.5 |   166M | 262 | 951 |5425 |5425 |   0 |  0 |   0 |  37 | 4.300000e+01 | 9.920000e+01 | 130.70%| unknown
  556s| 87500 | 72261 |  9926k| 113.4 |   166M | 262 | 951 |5425 |5425 |   0 |  0 |   0 |  37 | 4.300000e+01 | 9.920000e+01 | 130.70%| unknown
  557s| 87600 | 72349 |  9937k| 113.4 |   166M | 262 | 951 |5425 |5425 |   0 |  0 |   0 |  37 | 4.300000e+01 | 9.920000e+01 | 130.70%| unknown
  558s| 87700 | 72439 |  9948k| 113.4 |   166M | 262 | 951 |5425 |5425 |   0 |  0 |   0 |  37 | 4.300000e+01 | 9.920000e+01 | 130.70%| unknown
  558s| 87800 | 72519 |  9964k| 113.5 |   166M | 262 | 951 |5425 |5425 |   0 |  0 |   0 |  37 | 4.300000e+01 | 9.920000e+01 | 130.70%| unknown
  560s| 87900 | 72603 |  9984k| 113.6 |   166M | 262 | 951 |5425 |5425 |   0 |  0 |   0 |  37 | 4.300000e+01 | 9.920000e+01 | 130.70%| unknown
  561s| 88000 | 72679 | 10008k| 113.7 |   167M | 262 | 951 |5425 |5425 |   0 |  0 |   0 |  37 | 4.300000e+01 | 9.920000e+01 | 130.70%| unknown
  562s| 88100 | 72763 | 10022k| 113.8 |   167M | 262 | 951 |5425 |5425 |   0 |  0 |   0 |  37 | 4.300000e+01 | 9.920000e+01 | 130.70%| unknown
  563s| 88200 | 72845 | 10050k| 113.9 |   167M | 262 | 951 |5425 |5425 |   0 |  0 |   0 |  37 | 4.300000e+01 | 9.920000e+01 | 130.70%| unknown
  564s| 88300 | 72931 | 10066k| 114.0 |   167M | 262 | 951 |5425 |5425 |   0 |  0 |   0 |  37 | 4.300000e+01 | 9.920000e+01 | 130.70%| unknown
 time | node  | left  |LP iter|LP it/n|mem/heur|mdpt |vars |cons |rows |cuts |sepa|confs|strbr|  dualbound   | primalbound  |  gap   | compl. 
  565s| 88400 | 73015 | 10079k| 114.0 |   167M | 262 | 951 |5425 |5425 |   0 |  0 |   0 |  37 | 4.300000e+01 | 9.920000e+01 | 130.70%| unknown
  565s| 88500 | 73095 | 10094k| 114.1 |   167M | 262 | 951 |5425 |5425 |   0 |  0 |   0 |  37 | 4.300000e+01 | 9.920000e+01 | 130.70%| unknown
  566s| 88600 | 73179 | 10112k| 114.1 |   167M | 262 | 951 |5425 |5425 |   0 |  0 |   0 |  37 | 4.300000e+01 | 9.920000e+01 | 130.70%| unknown
  567s| 88700 | 73275 | 10128k| 114.2 |   167M | 262 | 951 |5425 |5425 |   0 |  0 |   0 |  37 | 4.300000e+01 | 9.920000e+01 | 130.70%| unknown
  568s| 88800 | 73349 | 10146k| 114.3 |   167M | 262 | 951 |5425 |5425 |   0 |  0 |   0 |  37 | 4.300000e+01 | 9.920000e+01 | 130.70%| unknown
  569s| 88900 | 73423 | 10163k| 114.3 |   168M | 262 | 951 |5425 |5425 |   0 |  0 |   0 |  37 | 4.300000e+01 | 9.920000e+01 | 130.70%| unknown
  571s| 89000 | 73503 | 10195k| 114.5 |   168M | 262 | 951 |5425 |5425 |   0 |  0 |   0 |  37 | 4.300000e+01 | 9.920000e+01 | 130.70%| unknown
  572s| 89100 | 73587 | 10211k| 114.6 |   168M | 262 | 951 |5425 |5425 |   0 |  0 |   0 |  37 | 4.300000e+01 | 9.920000e+01 | 130.70%| unknown
  572s| 89200 | 73667 | 10226k| 114.6 |   169M | 262 | 951 |5425 |5425 |   0 |  0 |   0 |  37 | 4.300000e+01 | 9.920000e+01 | 130.70%| unknown
  573s| 89300 | 73747 | 10237k| 114.6 |   169M | 262 | 951 |5425 |5425 |   0 |  0 |   0 |  37 | 4.300000e+01 | 9.920000e+01 | 130.70%| unknown
  573s| 89400 | 73835 | 10245k| 114.6 |   169M | 262 | 951 |5425 |5425 |   0 |  0 |   0 |  37 | 4.300000e+01 | 9.920000e+01 | 130.70%| unknown
  574s| 89500 | 73919 | 10256k| 114.6 |   169M | 262 | 951 |5425 |5425 |   0 |  0 |   0 |  37 | 4.300000e+01 | 9.920000e+01 | 130.70%| unknown
  574s| 89600 | 73995 | 10257k| 114.5 |   169M | 262 | 951 |5425 |5425 |   0 |  0 |   0 |  37 | 4.300000e+01 | 9.920000e+01 | 130.70%| unknown
  574s| 89700 | 74079 | 10258k| 114.4 |   169M | 262 | 951 |5425 |5425 |   0 |  0 |   0 |  37 | 4.300000e+01 | 9.920000e+01 | 130.70%| unknown
  575s| 89800 | 74153 | 10259k| 114.2 |   169M | 262 | 951 |5425 |5425 |   0 |  0 |   0 |  37 | 4.300000e+01 | 9.920000e+01 | 130.70%| unknown
 time | node  | left  |LP iter|LP it/n|mem/heur|mdpt |vars |cons |rows |cuts |sepa|confs|strbr|  dualbound   | primalbound  |  gap   | compl. 
  575s| 89900 | 74243 | 10260k| 114.1 |   170M | 262 | 951 |5425 |5425 |   0 |  0 |   0 |  37 | 4.300000e+01 | 9.920000e+01 | 130.70%| unknown
  575s| 90000 | 74331 | 10261k| 114.0 |   170M | 262 | 951 |5425 |5425 |   0 |  0 |   0 |  37 | 4.300000e+01 | 9.920000e+01 | 130.70%| unknown
  575s| 90100 | 74419 | 10262k| 113.9 |   170M | 262 | 951 |5425 |5425 |   0 |  0 |   0 |  37 | 4.300000e+01 | 9.920000e+01 | 130.70%| unknown
  575s| 90200 | 74507 | 10264k| 113.8 |   170M | 262 | 951 |5425 |5425 |   0 |  0 |   0 |  37 | 4.300000e+01 | 9.920000e+01 | 130.70%| unknown
  576s| 90300 | 74591 | 10265k| 113.7 |   170M | 262 | 951 |5425 |5425 |   0 |  0 |   0 |  37 | 4.300000e+01 | 9.920000e+01 | 130.70%| unknown
  576s| 90400 | 74665 | 10266k| 113.6 |   170M | 262 | 951 |5425 |5425 |   0 |  0 |   0 |  37 | 4.300000e+01 | 9.920000e+01 | 130.70%| unknown
  576s| 90500 | 74745 | 10273k| 113.5 |   170M | 262 | 951 |5425 |5425 |   0 |  0 |   0 |  37 | 4.300000e+01 | 9.920000e+01 | 130.70%| unknown
  576s| 90600 | 74809 | 10274k| 113.4 |   170M | 262 | 951 |5425 |5425 |   0 |  0 |   0 |  37 | 4.300000e+01 | 9.920000e+01 | 130.70%| unknown
  577s| 90700 | 74871 | 10275k| 113.3 |   170M | 262 | 951 |5425 |5425 |   0 |  0 |   0 |  37 | 4.300000e+01 | 9.920000e+01 | 130.70%| unknown
  577s| 90800 | 74937 | 10287k| 113.3 |   170M | 262 | 951 |5425 |5425 |   0 |  0 |   0 |  37 | 4.300000e+01 | 9.920000e+01 | 130.70%| unknown
  578s| 90900 | 75015 | 10306k| 113.4 |   171M | 262 | 951 |5425 |5425 |   0 |  0 |   0 |  37 | 4.300000e+01 | 9.920000e+01 | 130.70%| unknown
  579s| 91000 | 75105 | 10318k| 113.4 |   171M | 262 | 951 |5425 |5425 |   0 |  0 |   0 |  37 | 4.300000e+01 | 9.920000e+01 | 130.70%| unknown
  580s| 91100 | 75191 | 10334k| 113.4 |   171M | 262 | 951 |5425 |5425 |   0 |  0 |   0 |  37 | 4.300000e+01 | 9.920000e+01 | 130.70%| unknown
  581s| 91200 | 75263 | 10354k| 113.5 |   171M | 262 | 951 |5425 |5425 |   0 |  0 |   0 |  37 | 4.300000e+01 | 9.920000e+01 | 130.70%| unknown
  582s| 91300 | 75347 | 10367k| 113.5 |   171M | 262 | 951 |5425 |5425 |   0 |  0 |   0 |  37 | 4.300000e+01 | 9.920000e+01 | 130.70%| unknown
 time | node  | left  |LP iter|LP it/n|mem/heur|mdpt |vars |cons |rows |cuts |sepa|confs|strbr|  dualbound   | primalbound  |  gap   | compl. 
  583s| 91400 | 75429 | 10390k| 113.7 |   171M | 262 | 951 |5425 |5425 |   0 |  0 |   0 |  37 | 4.300000e+01 | 9.920000e+01 | 130.70%| unknown
  584s| 91500 | 75493 | 10413k| 113.8 |   171M | 262 | 951 |5425 |5425 |   0 |  0 |   0 |  37 | 4.300000e+01 | 9.920000e+01 | 130.70%| unknown
  585s| 91600 | 75557 | 10432k| 113.9 |   171M | 262 | 951 |5425 |5425 |   0 |  0 |   0 |  37 | 4.300000e+01 | 9.920000e+01 | 130.70%| unknown
  585s| 91700 | 75647 | 10443k| 113.9 |   171M | 262 | 951 |5425 |5425 |   0 |  0 |   0 |  37 | 4.300000e+01 | 9.920000e+01 | 130.70%| unknown
  586s| 91800 | 75733 | 10462k| 114.0 |   171M | 262 | 951 |5425 |5425 |   0 |  0 |   0 |  37 | 4.300000e+01 | 9.920000e+01 | 130.70%| unknown
  587s| 91900 | 75825 | 10476k| 114.0 |   172M | 262 | 951 |5425 |5425 |   0 |  0 |   0 |  37 | 4.300000e+01 | 9.920000e+01 | 130.70%| unknown
  588s| 92000 | 75905 | 10490k| 114.0 |   173M | 262 | 951 |5425 |5425 |   0 |  0 |   0 |  37 | 4.300000e+01 | 9.920000e+01 | 130.70%| unknown
  589s| 92100 | 75979 | 10507k| 114.1 |   173M | 262 | 951 |5425 |5425 |   0 |  0 |   0 |  37 | 4.300000e+01 | 9.920000e+01 | 130.70%| unknown
  590s| 92200 | 76057 | 10536k| 114.3 |   173M | 262 | 951 |5425 |5425 |   0 |  0 |   0 |  37 | 4.300000e+01 | 9.920000e+01 | 130.70%| unknown
  591s| 92300 | 76135 | 10549k| 114.3 |   173M | 262 | 951 |5425 |5425 |   0 |  0 |   0 |  37 | 4.300000e+01 | 9.920000e+01 | 130.70%| unknown
  592s| 92400 | 76191 | 10566k| 114.4 |   173M | 262 | 951 |5425 |5425 |   0 |  0 |   0 |  37 | 4.300000e+01 | 9.920000e+01 | 130.70%| unknown
  593s| 92500 | 76257 | 10590k| 114.5 |   173M | 262 | 951 |5425 |5425 |   0 |  0 |   0 |  37 | 4.300000e+01 | 9.920000e+01 | 130.70%| unknown
  594s| 92600 | 76343 | 10603k| 114.5 |   173M | 262 | 951 |5425 |5425 |   0 |  0 |   0 |  37 | 4.300000e+01 | 9.920000e+01 | 130.70%| unknown
  595s| 92700 | 76415 | 10623k| 114.6 |   173M | 262 | 951 |5425 |5425 |   0 |  0 |   0 |  37 | 4.300000e+01 | 9.920000e+01 | 130.70%| unknown
  596s| 92800 | 76499 | 10647k| 114.7 |   173M | 262 | 951 |5425 |5425 |   0 |  0 |   0 |  37 | 4.300000e+01 | 9.920000e+01 | 130.70%| unknown
 time | node  | left  |LP iter|LP it/n|mem/heur|mdpt |vars |cons |rows |cuts |sepa|confs|strbr|  dualbound   | primalbound  |  gap   | compl. 
  598s| 92900 | 76579 | 10678k| 114.9 |   173M | 262 | 951 |5425 |5425 |   0 |  0 |   0 |  37 | 4.300000e+01 | 9.920000e+01 | 130.70%| unknown
  599s| 93000 | 76649 | 10695k| 115.0 |   175M | 262 | 951 |5425 |5425 |   0 |  0 |   0 |  37 | 4.300000e+01 | 9.920000e+01 | 130.70%| unknown
  599s| 93100 | 76713 | 10708k| 115.0 |   175M | 262 | 951 |5425 |5425 |   0 |  0 |   0 |  37 | 4.300000e+01 | 9.920000e+01 | 130.70%| unknown
  600s| 93200 | 76781 | 10723k| 115.0 |   175M | 262 | 951 |5425 |5425 |   0 |  0 |   0 |  37 | 4.300000e+01 | 9.920000e+01 | 130.70%| unknown
  601s| 93300 | 76853 | 10741k| 115.1 |   175M | 262 | 951 |5425 |5425 |   0 |  0 |   0 |  37 | 4.300000e+01 | 9.920000e+01 | 130.70%| unknown
  602s| 93400 | 76935 | 10754k| 115.1 |   175M | 262 | 951 |5425 |5425 |   0 |  0 |   0 |  37 | 4.300000e+01 | 9.920000e+01 | 130.70%| unknown
  603s| 93500 | 77013 | 10772k| 115.2 |   175M | 262 | 951 |5425 |5425 |   0 |  0 |   0 |  37 | 4.300000e+01 | 9.920000e+01 | 130.70%| unknown
  604s| 93600 | 77091 | 10790k| 115.3 |   175M | 262 | 951 |5425 |5425 |   0 |  0 |   0 |  37 | 4.300000e+01 | 9.920000e+01 | 130.70%| unknown
  605s| 93700 | 77173 | 10812k| 115.4 |   175M | 262 | 951 |5425 |5425 |   0 |  0 |   0 |  37 | 4.300000e+01 | 9.920000e+01 | 130.70%| unknown
  605s| 93800 | 77253 | 10825k| 115.4 |   175M | 262 | 951 |5425 |5425 |   0 |  0 |   0 |  37 | 4.300000e+01 | 9.920000e+01 | 130.70%| unknown
  606s| 93900 | 77335 | 10843k| 115.5 |   175M | 262 | 951 |5425 |5425 |   0 |  0 |   0 |  37 | 4.300000e+01 | 9.920000e+01 | 130.70%| unknown
  607s| 94000 | 77419 | 10853k| 115.5 |   177M | 262 | 951 |5425 |5425 |   0 |  0 |   0 |  37 | 4.300000e+01 | 9.920000e+01 | 130.70%| unknown
  608s| 94100 | 77491 | 10866k| 115.5 |   177M | 262 | 951 |5425 |5425 |   0 |  0 |   0 |  37 | 4.300000e+01 | 9.920000e+01 | 130.70%| unknown
  609s| 94200 | 77565 | 10888k| 115.6 |   177M | 262 | 951 |5425 |5425 |   0 |  0 |   0 |  37 | 4.300000e+01 | 9.920000e+01 | 130.70%| unknown
  609s| 94300 | 77635 | 10889k| 115.5 |   177M | 262 | 951 |5425 |5425 |   0 |  0 |   0 |  37 | 4.300000e+01 | 9.920000e+01 | 130.70%| unknown
 time | node  | left  |LP iter|LP it/n|mem/heur|mdpt |vars |cons |rows |cuts |sepa|confs|strbr|  dualbound   | primalbound  |  gap   | compl. 
  609s| 94400 | 77711 | 10890k| 115.4 |   177M | 262 | 951 |5425 |5425 |   0 |  0 |   0 |  37 | 4.300000e+01 | 9.920000e+01 | 130.70%| unknown
  609s| 94500 | 77797 | 10892k| 115.3 |   177M | 262 | 951 |5425 |5425 |   0 |  0 |   0 |  37 | 4.300000e+01 | 9.920000e+01 | 130.70%| unknown
  610s| 94600 | 77873 | 10894k| 115.2 |   177M | 262 | 951 |5425 |5425 |   0 |  0 |   0 |  37 | 4.300000e+01 | 9.920000e+01 | 130.70%| unknown
  610s| 94700 | 77953 | 10896k| 115.1 |   177M | 262 | 951 |5425 |5425 |   0 |  0 |   0 |  37 | 4.300000e+01 | 9.920000e+01 | 130.70%| unknown
  610s| 94800 | 78033 | 10897k| 114.9 |   177M | 262 | 951 |5425 |5425 |   0 |  0 |   0 |  37 | 4.300000e+01 | 9.920000e+01 | 130.70%| unknown
  610s| 94900 | 78109 | 10898k| 114.8 |   177M | 262 | 951 |5425 |5425 |   0 |  0 |   0 |  37 | 4.300000e+01 | 9.920000e+01 | 130.70%| unknown
  611s| 95000 | 78175 | 10914k| 114.9 |   177M | 262 | 951 |5425 |5425 |   0 |  0 |   0 |  37 | 4.300000e+01 | 9.920000e+01 | 130.70%| unknown
  612s| 95100 | 78249 | 10935k| 115.0 |   178M | 262 | 951 |5425 |5425 |   0 |  0 |   0 |  37 | 4.300000e+01 | 9.920000e+01 | 130.70%| unknown
  613s| 95200 | 78333 | 10949k| 115.0 |   178M | 262 | 951 |5425 |5425 |   0 |  0 |   0 |  37 | 4.300000e+01 | 9.920000e+01 | 130.70%| unknown
  613s| 95300 | 78429 | 10960k| 115.0 |   178M | 262 | 951 |5425 |5425 |   0 |  0 |   0 |  37 | 4.300000e+01 | 9.920000e+01 | 130.70%| unknown
  614s| 95400 | 78521 | 10976k| 115.1 |   178M | 262 | 951 |5425 |5425 |   0 |  0 |   0 |  37 | 4.300000e+01 | 9.920000e+01 | 130.70%| unknown
  616s| 95500 | 78611 | 10999k| 115.2 |   178M | 262 | 951 |5425 |5425 |   0 |  0 |   0 |  37 | 4.300000e+01 | 9.920000e+01 | 130.70%| unknown
  616s| 95600 | 78691 | 11017k| 115.2 |   178M | 262 | 951 |5425 |5425 |   0 |  0 |   0 |  37 | 4.300000e+01 | 9.920000e+01 | 130.70%| unknown
  617s| 95700 | 78771 | 11018k| 115.1 |   178M | 262 | 951 |5425 |5425 |   0 |  0 |   0 |  37 | 4.300000e+01 | 9.920000e+01 | 130.70%| unknown
  617s| 95800 | 78843 | 11019k| 115.0 |   178M | 262 | 951 |5425 |5425 |   0 |  0 |   0 |  37 | 4.300000e+01 | 9.920000e+01 | 130.70%| unknown
 time | node  | left  |LP iter|LP it/n|mem/heur|mdpt |vars |cons |rows |cuts |sepa|confs|strbr|  dualbound   | primalbound  |  gap   | compl. 
  617s| 95900 | 78921 | 11020k| 114.9 |   178M | 262 | 951 |5425 |5425 |   0 |  0 |   0 |  37 | 4.300000e+01 | 9.920000e+01 | 130.70%| unknown
  617s| 96000 | 79007 | 11021k| 114.8 |   179M | 262 | 951 |5425 |5425 |   0 |  0 |   0 |  37 | 4.300000e+01 | 9.920000e+01 | 130.70%| unknown
  617s| 96100 | 79087 | 11022k| 114.7 |   179M | 262 | 951 |5425 |5425 |   0 |  0 |   0 |  37 | 4.300000e+01 | 9.920000e+01 | 130.70%| unknown
  618s| 96200 | 79177 | 11023k| 114.6 |   179M | 262 | 951 |5425 |5425 |   0 |  0 |   0 |  37 | 4.300000e+01 | 9.920000e+01 | 130.70%| unknown
  618s| 96300 | 79265 | 11024k| 114.5 |   179M | 262 | 951 |5425 |5425 |   0 |  0 |   0 |  37 | 4.300000e+01 | 9.920000e+01 | 130.70%| unknown
  618s| 96400 | 79355 | 11026k| 114.4 |   179M | 262 | 951 |5425 |5425 |   0 |  0 |   0 |  37 | 4.300000e+01 | 9.920000e+01 | 130.70%| unknown
  618s| 96500 | 79437 | 11027k| 114.3 |   179M | 262 | 951 |5425 |5425 |   0 |  0 |   0 |  37 | 4.300000e+01 | 9.920000e+01 | 130.70%| unknown
  618s| 96600 | 79511 | 11028k| 114.2 |   179M | 262 | 951 |5425 |5425 |   0 |  0 |   0 |  37 | 4.300000e+01 | 9.920000e+01 | 130.70%| unknown
  618s| 96700 | 79597 | 11029k| 114.1 |   179M | 262 | 951 |5425 |5425 |   0 |  0 |   0 |  37 | 4.300000e+01 | 9.920000e+01 | 130.70%| unknown
  619s| 96800 | 79679 | 11031k| 113.9 |   179M | 262 | 951 |5425 |5425 |   0 |  0 |   0 |  37 | 4.300000e+01 | 9.920000e+01 | 130.70%| unknown
  619s| 96900 | 79759 | 11032k| 113.8 |   180M | 262 | 951 |5425 |5425 |   0 |  0 |   0 |  37 | 4.300000e+01 | 9.920000e+01 | 130.70%| unknown
  619s| 97000 | 79843 | 11033k| 113.7 |   181M | 262 | 951 |5425 |5425 |   0 |  0 |   0 |  37 | 4.300000e+01 | 9.920000e+01 | 130.70%| unknown
  619s| 97100 | 79919 | 11034k| 113.6 |   181M | 262 | 951 |5425 |5425 |   0 |  0 |   0 |  37 | 4.300000e+01 | 9.920000e+01 | 130.70%| unknown
  619s| 97200 | 79993 | 11035k| 113.5 |   181M | 262 | 951 |5425 |5425 |   0 |  0 |   0 |  37 | 4.300000e+01 | 9.920000e+01 | 130.70%| unknown
  620s| 97300 | 80069 | 11037k| 113.4 |   181M | 262 | 951 |5425 |5425 |   0 |  0 |   0 |  37 | 4.300000e+01 | 9.920000e+01 | 130.70%| unknown
 time | node  | left  |LP iter|LP it/n|mem/heur|mdpt |vars |cons |rows |cuts |sepa|confs|strbr|  dualbound   | primalbound  |  gap   | compl. 
  620s| 97400 | 80143 | 11038k| 113.3 |   181M | 262 | 951 |5425 |5425 |   0 |  0 |   0 |  37 | 4.300000e+01 | 9.920000e+01 | 130.70%| unknown
  620s| 97500 | 80219 | 11040k| 113.2 |   181M | 262 | 951 |5425 |5425 |   0 |  0 |   0 |  37 | 4.300000e+01 | 9.920000e+01 | 130.70%| unknown
  620s| 97600 | 80307 | 11041k| 113.1 |   181M | 262 | 951 |5425 |5425 |   0 |  0 |   0 |  37 | 4.300000e+01 | 9.920000e+01 | 130.70%| unknown
  620s| 97700 | 80373 | 11043k| 113.0 |   181M | 262 | 951 |5425 |5425 |   0 |  0 |   0 |  37 | 4.300000e+01 | 9.920000e+01 | 130.70%| unknown
  621s| 97800 | 80461 | 11044k| 112.9 |   181M | 262 | 951 |5425 |5425 |   0 |  0 |   0 |  37 | 4.300000e+01 | 9.920000e+01 | 130.70%| unknown
  621s| 97900 | 80539 | 11045k| 112.8 |   181M | 262 | 951 |5425 |5425 |   0 |  0 |   0 |  37 | 4.300000e+01 | 9.920000e+01 | 130.70%| unknown
  621s| 98000 | 80621 | 11046k| 112.7 |   182M | 262 | 951 |5425 |5425 |   0 |  0 |   0 |  37 | 4.300000e+01 | 9.920000e+01 | 130.70%| unknown
  621s| 98100 | 80705 | 11047k| 112.6 |   182M | 262 | 951 |5425 |5425 |   0 |  0 |   0 |  37 | 4.300000e+01 | 9.920000e+01 | 130.70%| unknown
  621s| 98200 | 80777 | 11048k| 112.5 |   182M | 262 | 951 |5425 |5425 |   0 |  0 |   0 |  37 | 4.300000e+01 | 9.920000e+01 | 130.70%| unknown
  622s| 98300 | 80851 | 11053k| 112.4 |   182M | 262 | 951 |5425 |5425 |   0 |  0 |   0 |  37 | 4.300000e+01 | 9.920000e+01 | 130.70%| unknown
  623s| 98400 | 80935 | 11071k| 112.5 |   182M | 262 | 951 |5425 |5425 |   0 |  0 |   0 |  37 | 4.300000e+01 | 9.920000e+01 | 130.70%| unknown
  623s| 98500 | 81001 | 11088k| 112.6 |   182M | 262 | 951 |5425 |5425 |   0 |  0 |   0 |  37 | 4.300000e+01 | 9.920000e+01 | 130.70%| unknown
  624s| 98600 | 81083 | 11102k| 112.6 |   182M | 262 | 951 |5425 |5425 |   0 |  0 |   0 |  37 | 4.300000e+01 | 9.920000e+01 | 130.70%| unknown
  625s| 98700 | 81165 | 11124k| 112.7 |   183M | 262 | 951 |5425 |5425 |   0 |  0 |   0 |  37 | 4.300000e+01 | 9.920000e+01 | 130.70%| unknown
  626s| 98800 | 81241 | 11142k| 112.8 |   183M | 262 | 951 |5425 |5425 |   0 |  0 |   0 |  37 | 4.300000e+01 | 9.920000e+01 | 130.70%| unknown
 time | node  | left  |LP iter|LP it/n|mem/heur|mdpt |vars |cons |rows |cuts |sepa|confs|strbr|  dualbound   | primalbound  |  gap   | compl. 
  627s| 98900 | 81313 | 11158k| 112.8 |   183M | 262 | 951 |5425 |5425 |   0 |  0 |   0 |  37 | 4.300000e+01 | 9.920000e+01 | 130.70%| unknown
  628s| 99000 | 81387 | 11177k| 112.9 |   185M | 262 | 951 |5425 |5425 |   0 |  0 |   0 |  37 | 4.300000e+01 | 9.920000e+01 | 130.70%| unknown
  629s| 99100 | 81465 | 11196k| 113.0 |   185M | 262 | 951 |5425 |5425 |   0 |  0 |   0 |  37 | 4.300000e+01 | 9.920000e+01 | 130.70%| unknown
  630s| 99200 | 81535 | 11219k| 113.1 |   185M | 262 | 951 |5425 |5425 |   0 |  0 |   0 |  37 | 4.300000e+01 | 9.920000e+01 | 130.70%| unknown
  631s| 99300 | 81605 | 11235k| 113.1 |   185M | 262 | 951 |5425 |5425 |   0 |  0 |   0 |  37 | 4.300000e+01 | 9.920000e+01 | 130.70%| unknown
  632s| 99400 | 81679 | 11246k| 113.1 |   185M | 262 | 951 |5425 |5425 |   0 |  0 |   0 |  37 | 4.300000e+01 | 9.920000e+01 | 130.70%| unknown
  632s| 99500 | 81761 | 11261k| 113.2 |   185M | 262 | 951 |5425 |5425 |   0 |  0 |   0 |  37 | 4.300000e+01 | 9.920000e+01 | 130.70%| unknown
  633s| 99600 | 81839 | 11275k| 113.2 |   185M | 262 | 951 |5425 |5425 |   0 |  0 |   0 |  37 | 4.300000e+01 | 9.920000e+01 | 130.70%| unknown
  634s| 99700 | 81907 | 11294k| 113.3 |   185M | 262 | 951 |5425 |5425 |   0 |  0 |   0 |  37 | 4.300000e+01 | 9.920000e+01 | 130.70%| unknown
  634s| 99800 | 81983 | 11295k| 113.2 |   185M | 262 | 951 |5425 |5425 |   0 |  0 |   0 |  37 | 4.300000e+01 | 9.920000e+01 | 130.70%| unknown
  635s| 99900 | 82053 | 11297k| 113.1 |   185M | 262 | 951 |5425 |5425 |   0 |  0 |   0 |  37 | 4.300000e+01 | 9.920000e+01 | 130.70%| unknown
  635s|100000 | 82139 | 11298k| 113.0 |   185M | 262 | 951 |5425 |5425 |   0 |  0 |   0 |  37 | 4.300000e+01 | 9.920000e+01 | 130.70%| unknown
  635s|100100 | 82213 | 11299k| 112.9 |   186M | 262 | 951 |5425 |5425 |   0 |  0 |   0 |  37 | 4.300000e+01 | 9.920000e+01 | 130.70%| unknown
  635s|100200 | 82291 | 11300k| 112.8 |   186M | 262 | 951 |5425 |5425 |   0 |  0 |   0 |  37 | 4.300000e+01 | 9.920000e+01 | 130.70%| unknown
  635s|100300 | 82361 | 11301k| 112.7 |   186M | 262 | 951 |5425 |5425 |   0 |  0 |   0 |  37 | 4.300000e+01 | 9.920000e+01 | 130.70%| unknown
 time | node  | left  |LP iter|LP it/n|mem/heur|mdpt |vars |cons |rows |cuts |sepa|confs|strbr|  dualbound   | primalbound  |  gap   | compl. 
  636s|100400 | 82439 | 11316k| 112.7 |   186M | 262 | 951 |5425 |5425 |   0 |  0 |   0 |  37 | 4.300000e+01 | 9.920000e+01 | 130.70%| unknown
  637s|100500 | 82515 | 11336k| 112.8 |   186M | 262 | 951 |5425 |5425 |   0 |  0 |   0 |  37 | 4.300000e+01 | 9.920000e+01 | 130.70%| unknown
  638s|100600 | 82597 | 11353k| 112.9 |   186M | 262 | 951 |5425 |5425 |   0 |  0 |   0 |  37 | 4.300000e+01 | 9.920000e+01 | 130.70%| unknown
  639s|100700 | 82685 | 11373k| 112.9 |   186M | 262 | 951 |5425 |5425 |   0 |  0 |   0 |  37 | 4.300000e+01 | 9.920000e+01 | 130.70%| unknown
  640s|100800 | 82757 | 11399k| 113.1 |   186M | 262 | 951 |5425 |5425 |   0 |  0 |   0 |  37 | 4.300000e+01 | 9.920000e+01 | 130.70%| unknown
  641s|100900 | 82827 | 11415k| 113.1 |   186M | 262 | 951 |5425 |5425 |   0 |  0 |   0 |  37 | 4.300000e+01 | 9.920000e+01 | 130.70%| unknown
  642s|101000 | 82909 | 11428k| 113.1 |   186M | 262 | 951 |5425 |5425 |   0 |  0 |   0 |  37 | 4.300000e+01 | 9.920000e+01 | 130.70%| unknown
  642s|101100 | 82993 | 11435k| 113.1 |   187M | 262 | 951 |5425 |5425 |   0 |  0 |   0 |  37 | 4.300000e+01 | 9.920000e+01 | 130.70%| unknown
  643s|101200 | 83071 | 11444k| 113.1 |   187M | 262 | 951 |5425 |5425 |   0 |  0 |   0 |  37 | 4.300000e+01 | 9.920000e+01 | 130.70%| unknown
  644s|101300 | 83151 | 11462k| 113.1 |   187M | 262 | 951 |5425 |5425 |   0 |  0 |   0 |  37 | 4.300000e+01 | 9.920000e+01 | 130.70%| unknown
  645s|101400 | 83223 | 11480k| 113.2 |   187M | 262 | 951 |5425 |5425 |   0 |  0 |   0 |  37 | 4.300000e+01 | 9.920000e+01 | 130.70%| unknown
  646s|101500 | 83309 | 11502k| 113.3 |   187M | 262 | 951 |5425 |5425 |   0 |  0 |   0 |  37 | 4.300000e+01 | 9.920000e+01 | 130.70%| unknown
  647s|101600 | 83379 | 11522k| 113.4 |   187M | 262 | 951 |5425 |5425 |   0 |  0 |   0 |  37 | 4.300000e+01 | 9.920000e+01 | 130.70%| unknown
  648s|101700 | 83461 | 11536k| 113.4 |   187M | 262 | 951 |5425 |5425 |   0 |  0 |   0 |  37 | 4.300000e+01 | 9.920000e+01 | 130.70%| unknown
  649s|101800 | 83533 | 11559k| 113.5 |   187M | 262 | 951 |5425 |5425 |   0 |  0 |   0 |  37 | 4.300000e+01 | 9.920000e+01 | 130.70%| unknown
 time | node  | left  |LP iter|LP it/n|mem/heur|mdpt |vars |cons |rows |cuts |sepa|confs|strbr|  dualbound   | primalbound  |  gap   | compl. 
  650s|101900 | 83615 | 11573k| 113.6 |   188M | 262 | 951 |5425 |5425 |   0 |  0 |   0 |  37 | 4.300000e+01 | 9.920000e+01 | 130.70%| unknown
  651s|102000 | 83691 | 11593k| 113.6 |   188M | 262 | 951 |5425 |5425 |   0 |  0 |   0 |  37 | 4.300000e+01 | 9.920000e+01 | 130.70%| unknown
  651s|102100 | 83773 | 11594k| 113.6 |   188M | 262 | 951 |5425 |5425 |   0 |  0 |   0 |  37 | 4.300000e+01 | 9.920000e+01 | 130.70%| unknown
  651s|102200 | 83847 | 11595k| 113.5 |   189M | 262 | 951 |5425 |5425 |   0 |  0 |   0 |  37 | 4.300000e+01 | 9.920000e+01 | 130.70%| unknown
  651s|102300 | 83921 | 11597k| 113.4 |   189M | 262 | 951 |5425 |5425 |   0 |  0 |   0 |  37 | 4.300000e+01 | 9.920000e+01 | 130.70%| unknown
  652s|102400 | 84007 | 11598k| 113.3 |   189M | 262 | 951 |5425 |5425 |   0 |  0 |   0 |  37 | 4.300000e+01 | 9.920000e+01 | 130.70%| unknown
  652s|102500 | 84073 | 11599k| 113.2 |   189M | 262 | 951 |5425 |5425 |   0 |  0 |   0 |  37 | 4.300000e+01 | 9.920000e+01 | 130.70%| unknown
  652s|102600 | 84157 | 11600k| 113.1 |   189M | 262 | 951 |5425 |5425 |   0 |  0 |   0 |  37 | 4.300000e+01 | 9.920000e+01 | 130.70%| unknown
  652s|102700 | 84231 | 11602k| 113.0 |   189M | 262 | 951 |5425 |5425 |   0 |  0 |   0 |  37 | 4.300000e+01 | 9.920000e+01 | 130.70%| unknown
  652s|102800 | 84303 | 11603k| 112.9 |   189M | 262 | 951 |5425 |5425 |   0 |  0 |   0 |  37 | 4.300000e+01 | 9.920000e+01 | 130.70%| unknown
  653s|102900 | 84383 | 11604k| 112.8 |   189M | 262 | 951 |5425 |5425 |   0 |  0 |   0 |  37 | 4.300000e+01 | 9.920000e+01 | 130.70%| unknown
  653s|103000 | 84467 | 11606k| 112.7 |   189M | 262 | 951 |5425 |5425 |   0 |  0 |   0 |  37 | 4.300000e+01 | 9.920000e+01 | 130.70%| unknown
  653s|103100 | 84559 | 11607k| 112.6 |   189M | 262 | 951 |5425 |5425 |   0 |  0 |   0 |  37 | 4.300000e+01 | 9.920000e+01 | 130.70%| unknown
  653s|103200 | 84629 | 11608k| 112.5 |   190M | 262 | 951 |5425 |5425 |   0 |  0 |   0 |  37 | 4.300000e+01 | 9.920000e+01 | 130.70%| unknown
  653s|103300 | 84711 | 11609k| 112.4 |   190M | 262 | 951 |5425 |5425 |   0 |  0 |   0 |  37 | 4.300000e+01 | 9.920000e+01 | 130.70%| unknown
 time | node  | left  |LP iter|LP it/n|mem/heur|mdpt |vars |cons |rows |cuts |sepa|confs|strbr|  dualbound   | primalbound  |  gap   | compl. 
  653s|103400 | 84787 | 11610k| 112.3 |   190M | 262 | 951 |5425 |5425 |   0 |  0 |   0 |  37 | 4.300000e+01 | 9.920000e+01 | 130.70%| unknown
  654s|103500 | 84867 | 11612k| 112.2 |   190M | 262 | 951 |5425 |5425 |   0 |  0 |   0 |  37 | 4.300000e+01 | 9.920000e+01 | 130.70%| unknown
  654s|103600 | 84945 | 11613k| 112.1 |   190M | 262 | 951 |5425 |5425 |   0 |  0 |   0 |  37 | 4.300000e+01 | 9.920000e+01 | 130.70%| unknown
  654s|103700 | 85017 | 11614k| 112.0 |   190M | 262 | 951 |5425 |5425 |   0 |  0 |   0 |  37 | 4.300000e+01 | 9.920000e+01 | 130.70%| unknown
  654s|103800 | 85083 | 11615k| 111.9 |   190M | 262 | 951 |5425 |5425 |   0 |  0 |   0 |  37 | 4.300000e+01 | 9.920000e+01 | 130.70%| unknown
  654s|103900 | 85163 | 11616k| 111.8 |   190M | 262 | 951 |5425 |5425 |   0 |  0 |   0 |  37 | 4.300000e+01 | 9.920000e+01 | 130.70%| unknown
  655s|104000 | 85241 | 11626k| 111.8 |   191M | 262 | 951 |5425 |5425 |   0 |  0 |   0 |  37 | 4.300000e+01 | 9.920000e+01 | 130.70%| unknown
  656s|104100 | 85315 | 11651k| 111.9 |   191M | 262 | 951 |5425 |5425 |   0 |  0 |   0 |  37 | 4.300000e+01 | 9.920000e+01 | 130.70%| unknown
  657s|104200 | 85395 | 11657k| 111.9 |   192M | 262 | 951 |5425 |5425 |   0 |  0 |   0 |  37 | 4.300000e+01 | 9.920000e+01 | 130.70%| unknown
  657s|104300 | 85479 | 11658k| 111.8 |   192M | 262 | 951 |5425 |5425 |   0 |  0 |   0 |  37 | 4.300000e+01 | 9.920000e+01 | 130.70%| unknown
  657s|104400 | 85551 | 11659k| 111.7 |   192M | 262 | 951 |5425 |5425 |   0 |  0 |   0 |  37 | 4.300000e+01 | 9.920000e+01 | 130.70%| unknown
  657s|104500 | 85617 | 11661k| 111.6 |   192M | 262 | 951 |5425 |5425 |   0 |  0 |   0 |  37 | 4.300000e+01 | 9.920000e+01 | 130.70%| unknown
  657s|104600 | 85699 | 11662k| 111.5 |   193M | 262 | 951 |5425 |5425 |   0 |  0 |   0 |  37 | 4.300000e+01 | 9.920000e+01 | 130.70%| unknown
  657s|104700 | 85767 | 11663k| 111.4 |   193M | 262 | 951 |5425 |5425 |   0 |  0 |   0 |  37 | 4.300000e+01 | 9.920000e+01 | 130.70%| unknown
  658s|104800 | 85853 | 11664k| 111.3 |   193M | 262 | 951 |5425 |5425 |   0 |  0 |   0 |  37 | 4.300000e+01 | 9.920000e+01 | 130.70%| unknown
 time | node  | left  |LP iter|LP it/n|mem/heur|mdpt |vars |cons |rows |cuts |sepa|confs|strbr|  dualbound   | primalbound  |  gap   | compl. 
  658s|104900 | 85929 | 11666k| 111.2 |   193M | 262 | 951 |5425 |5425 |   0 |  0 |   0 |  37 | 4.300000e+01 | 9.920000e+01 | 130.70%| unknown
  658s|105000 | 86007 | 11667k| 111.1 |   193M | 262 | 951 |5425 |5425 |   0 |  0 |   0 |  37 | 4.300000e+01 | 9.920000e+01 | 130.70%| unknown
  658s|105100 | 86081 | 11668k| 111.0 |   193M | 262 | 951 |5425 |5425 |   0 |  0 |   0 |  37 | 4.300000e+01 | 9.920000e+01 | 130.70%| unknown
  658s|105200 | 86155 | 11669k| 110.9 |   193M | 262 | 951 |5425 |5425 |   0 |  0 |   0 |  37 | 4.300000e+01 | 9.920000e+01 | 130.70%| unknown
  659s|105300 | 86233 | 11670k| 110.8 |   194M | 262 | 951 |5425 |5425 |   0 |  0 |   0 |  37 | 4.300000e+01 | 9.920000e+01 | 130.70%| unknown
  659s|105400 | 86307 | 11671k| 110.7 |   194M | 262 | 951 |5425 |5425 |   0 |  0 |   0 |  37 | 4.300000e+01 | 9.920000e+01 | 130.70%| unknown
  659s|105500 | 86373 | 11673k| 110.6 |   194M | 262 | 951 |5425 |5425 |   0 |  0 |   0 |  37 | 4.300000e+01 | 9.920000e+01 | 130.70%| unknown
  659s|105600 | 86445 | 11674k| 110.5 |   194M | 262 | 951 |5425 |5425 |   0 |  0 |   0 |  37 | 4.300000e+01 | 9.920000e+01 | 130.70%| unknown
  659s|105700 | 86515 | 11675k| 110.5 |   194M | 262 | 951 |5425 |5425 |   0 |  0 |   0 |  37 | 4.300000e+01 | 9.920000e+01 | 130.70%| unknown
  660s|105800 | 86603 | 11677k| 110.4 |   194M | 262 | 951 |5425 |5425 |   0 |  0 |   0 |  37 | 4.300000e+01 | 9.920000e+01 | 130.70%| unknown
  660s|105900 | 86687 | 11678k| 110.3 |   194M | 262 | 951 |5425 |5425 |   0 |  0 |   0 |  37 | 4.300000e+01 | 9.920000e+01 | 130.70%| unknown
  660s|106000 | 86739 | 11680k| 110.2 |   194M | 262 | 951 |5425 |5425 |   0 |  0 |   0 |  37 | 4.300000e+01 | 9.920000e+01 | 130.70%| unknown
  660s|106100 | 86809 | 11681k| 110.1 |   194M | 262 | 951 |5425 |5425 |   0 |  0 |   0 |  37 | 4.300000e+01 | 9.920000e+01 | 130.70%| unknown
  660s|106200 | 86871 | 11682k| 110.0 |   194M | 262 | 951 |5425 |5425 |   0 |  0 |   0 |  37 | 4.300000e+01 | 9.920000e+01 | 130.70%| unknown
  660s|106300 | 86947 | 11683k| 109.9 |   194M | 262 | 951 |5425 |5425 |   0 |  0 |   0 |  37 | 4.300000e+01 | 9.920000e+01 | 130.70%| unknown
 time | node  | left  |LP iter|LP it/n|mem/heur|mdpt |vars |cons |rows |cuts |sepa|confs|strbr|  dualbound   | primalbound  |  gap   | compl. 
  661s|106400 | 87015 | 11684k| 109.8 |   195M | 262 | 951 |5425 |5425 |   0 |  0 |   0 |  37 | 4.300000e+01 | 9.920000e+01 | 130.70%| unknown
  661s|106500 | 87081 | 11686k| 109.7 |   195M | 262 | 951 |5425 |5425 |   0 |  0 |   0 |  37 | 4.300000e+01 | 9.920000e+01 | 130.70%| unknown
  661s|106600 | 87151 | 11693k| 109.7 |   195M | 262 | 951 |5425 |5425 |   0 |  0 |   0 |  37 | 4.300000e+01 | 9.920000e+01 | 130.70%| unknown
  662s|106700 | 87233 | 11716k| 109.8 |   195M | 262 | 951 |5425 |5425 |   0 |  0 |   0 |  37 | 4.300000e+01 | 9.920000e+01 | 130.70%| unknown
  663s|106800 | 87317 | 11718k| 109.7 |   195M | 262 | 951 |5425 |5425 |   0 |  0 |   0 |  37 | 4.300000e+01 | 9.920000e+01 | 130.70%| unknown
  663s|106900 | 87381 | 11719k| 109.6 |   196M | 262 | 951 |5425 |5425 |   0 |  0 |   0 |  37 | 4.300000e+01 | 9.920000e+01 | 130.70%| unknown
  663s|107000 | 87463 | 11720k| 109.5 |   196M | 262 | 951 |5425 |5425 |   0 |  0 |   0 |  37 | 4.300000e+01 | 9.920000e+01 | 130.70%| unknown
  663s|107100 | 87533 | 11722k| 109.4 |   196M | 262 | 951 |5425 |5425 |   0 |  0 |   0 |  37 | 4.300000e+01 | 9.920000e+01 | 130.70%| unknown
  664s|107200 | 87605 | 11733k| 109.5 |   196M | 262 | 951 |5425 |5425 |   0 |  0 |   0 |  37 | 4.300000e+01 | 9.920000e+01 | 130.70%| unknown
  665s|107300 | 87681 | 11751k| 109.5 |   196M | 262 | 951 |5425 |5425 |   0 |  0 |   0 |  37 | 4.300000e+01 | 9.920000e+01 | 130.70%| unknown
  666s|107400 | 87757 | 11768k| 109.6 |   196M | 262 | 951 |5425 |5425 |   0 |  0 |   0 |  37 | 4.300000e+01 | 9.920000e+01 | 130.70%| unknown
  667s|107500 | 87841 | 11791k| 109.7 |   197M | 262 | 951 |5425 |5425 |   0 |  0 |   0 |  37 | 4.300000e+01 | 9.920000e+01 | 130.70%| unknown
  667s|107600 | 87923 | 11800k| 109.7 |   197M | 262 | 951 |5425 |5425 |   0 |  0 |   0 |  37 | 4.300000e+01 | 9.920000e+01 | 130.70%| unknown
  668s|107700 | 88001 | 11818k| 109.7 |   197M | 262 | 951 |5425 |5425 |   0 |  0 |   0 |  37 | 4.300000e+01 | 9.920000e+01 | 130.70%| unknown
  669s|107800 | 88073 | 11832k| 109.8 |   197M | 262 | 951 |5425 |5425 |   0 |  0 |   0 |  37 | 4.300000e+01 | 9.920000e+01 | 130.70%| unknown
 time | node  | left  |LP iter|LP it/n|mem/heur|mdpt |vars |cons |rows |cuts |sepa|confs|strbr|  dualbound   | primalbound  |  gap   | compl. 
  670s|107900 | 88143 | 11848k| 109.8 |   197M | 262 | 951 |5425 |5425 |   0 |  0 |   0 |  37 | 4.300000e+01 | 9.920000e+01 | 130.70%| unknown
  671s|108000 | 88225 | 11873k| 109.9 |   197M | 262 | 951 |5425 |5425 |   0 |  0 |   0 |  37 | 4.300000e+01 | 9.920000e+01 | 130.70%| unknown
  672s|108100 | 88311 | 11882k| 109.9 |   197M | 262 | 951 |5425 |5425 |   0 |  0 |   0 |  37 | 4.300000e+01 | 9.920000e+01 | 130.70%| unknown
  672s|108200 | 88385 | 11883k| 109.8 |   197M | 262 | 951 |5425 |5425 |   0 |  0 |   0 |  37 | 4.300000e+01 | 9.920000e+01 | 130.70%| unknown
  672s|108300 | 88469 | 11885k| 109.7 |   197M | 262 | 951 |5425 |5425 |   0 |  0 |   0 |  37 | 4.300000e+01 | 9.920000e+01 | 130.70%| unknown
  672s|108400 | 88561 | 11887k| 109.7 |   198M | 262 | 951 |5425 |5425 |   0 |  0 |   0 |  37 | 4.300000e+01 | 9.920000e+01 | 130.70%| unknown
  673s|108500 | 88645 | 11898k| 109.7 |   198M | 262 | 951 |5425 |5425 |   0 |  0 |   0 |  37 | 4.300000e+01 | 9.920000e+01 | 130.70%| unknown
  673s|108600 | 88717 | 11908k| 109.6 |   198M | 262 | 951 |5425 |5425 |   0 |  0 |   0 |  37 | 4.300000e+01 | 9.920000e+01 | 130.70%| unknown
  674s|108700 | 88785 | 11926k| 109.7 |   198M | 262 | 951 |5425 |5425 |   0 |  0 |   0 |  37 | 4.300000e+01 | 9.920000e+01 | 130.70%| unknown
  675s|108800 | 88867 | 11939k| 109.7 |   198M | 262 | 951 |5425 |5425 |   0 |  0 |   0 |  37 | 4.300000e+01 | 9.920000e+01 | 130.70%| unknown
  676s|108900 | 88943 | 11961k| 109.8 |   198M | 262 | 951 |5425 |5425 |   0 |  0 |   0 |  37 | 4.300000e+01 | 9.920000e+01 | 130.70%| unknown
  677s|109000 | 89037 | 11974k| 109.8 |   199M | 262 | 951 |5425 |5425 |   0 |  0 |   0 |  37 | 4.300000e+01 | 9.920000e+01 | 130.70%| unknown
  678s|109100 | 89127 | 11990k| 109.9 |   199M | 262 | 951 |5425 |5425 |   0 |  0 |   0 |  37 | 4.300000e+01 | 9.920000e+01 | 130.70%| unknown
  679s|109200 | 89193 | 12016k| 110.0 |   199M | 262 | 951 |5425 |5425 |   0 |  0 |   0 |  37 | 4.300000e+01 | 9.920000e+01 | 130.70%| unknown
  680s|109300 | 89283 | 12033k| 110.1 |   199M | 262 | 951 |5425 |5425 |   0 |  0 |   0 |  37 | 4.300000e+01 | 9.920000e+01 | 130.70%| unknown
 time | node  | left  |LP iter|LP it/n|mem/heur|mdpt |vars |cons |rows |cuts |sepa|confs|strbr|  dualbound   | primalbound  |  gap   | compl. 
  681s|109400 | 89365 | 12054k| 110.2 |   200M | 262 | 951 |5425 |5425 |   0 |  0 |   0 |  37 | 4.300000e+01 | 9.920000e+01 | 130.70%| unknown
  682s|109500 | 89447 | 12070k| 110.2 |   200M | 262 | 951 |5425 |5425 |   0 |  0 |   0 |  37 | 4.300000e+01 | 9.920000e+01 | 130.70%| unknown
  683s|109600 | 89531 | 12085k| 110.3 |   200M | 262 | 951 |5425 |5425 |   0 |  0 |   0 |  37 | 4.300000e+01 | 9.920000e+01 | 130.70%| unknown
  683s|109700 | 89613 | 12097k| 110.3 |   200M | 262 | 951 |5425 |5425 |   0 |  0 |   0 |  37 | 4.300000e+01 | 9.920000e+01 | 130.70%| unknown
  684s|109800 | 89691 | 12117k| 110.3 |   200M | 262 | 951 |5425 |5425 |   0 |  0 |   0 |  37 | 4.300000e+01 | 9.920000e+01 | 130.70%| unknown
  685s|109900 | 89767 | 12132k| 110.4 |   200M | 262 | 951 |5425 |5425 |   0 |  0 |   0 |  37 | 4.300000e+01 | 9.920000e+01 | 130.70%| unknown
  686s|110000 | 89845 | 12147k| 110.4 |   200M | 262 | 951 |5425 |5425 |   0 |  0 |   0 |  37 | 4.300000e+01 | 9.920000e+01 | 130.70%| unknown
  687s|110100 | 89911 | 12167k| 110.5 |   200M | 262 | 951 |5425 |5425 |   0 |  0 |   0 |  37 | 4.300000e+01 | 9.920000e+01 | 130.70%| unknown
  688s|110200 | 90001 | 12181k| 110.5 |   200M | 262 | 951 |5425 |5425 |   0 |  0 |   0 |  37 | 4.300000e+01 | 9.920000e+01 | 130.70%| unknown
  689s|110300 | 90065 | 12214k| 110.7 |   200M | 262 | 951 |5425 |5425 |   0 |  0 |   0 |  37 | 4.300000e+01 | 9.920000e+01 | 130.70%| unknown
  690s|110400 | 90149 | 12228k| 110.8 |   200M | 262 | 951 |5425 |5425 |   0 |  0 |   0 |  37 | 4.300000e+01 | 9.920000e+01 | 130.70%| unknown
  691s|110500 | 90239 | 12241k| 110.8 |   202M | 262 | 951 |5425 |5425 |   0 |  0 |   0 |  37 | 4.300000e+01 | 9.920000e+01 | 130.70%| unknown
  692s|110600 | 90307 | 12264k| 110.9 |   202M | 262 | 951 |5425 |5425 |   0 |  0 |   0 |  37 | 4.300000e+01 | 9.920000e+01 | 130.70%| unknown
  693s|110700 | 90381 | 12277k| 110.9 |   202M | 262 | 951 |5425 |5425 |   0 |  0 |   0 |  37 | 4.300000e+01 | 9.920000e+01 | 130.70%| unknown
  694s|110800 | 90457 | 12291k| 110.9 |   202M | 262 | 951 |5425 |5425 |   0 |  0 |   0 |  37 | 4.300000e+01 | 9.920000e+01 | 130.70%| unknown
 time | node  | left  |LP iter|LP it/n|mem/heur|mdpt |vars |cons |rows |cuts |sepa|confs|strbr|  dualbound   | primalbound  |  gap   | compl. 
  694s|110900 | 90535 | 12304k| 110.9 |   202M | 262 | 951 |5425 |5425 |   0 |  0 |   0 |  37 | 4.300000e+01 | 9.920000e+01 | 130.70%| unknown
  695s|111000 | 90603 | 12319k| 111.0 |   202M | 262 | 951 |5425 |5425 |   0 |  0 |   0 |  37 | 4.300000e+01 | 9.920000e+01 | 130.70%| unknown
  696s|111100 | 90685 | 12333k| 111.0 |   202M | 262 | 951 |5425 |5425 |   0 |  0 |   0 |  37 | 4.300000e+01 | 9.920000e+01 | 130.70%| unknown
  696s|111200 | 90753 | 12345k| 111.0 |   202M | 262 | 951 |5425 |5425 |   0 |  0 |   0 |  37 | 4.300000e+01 | 9.920000e+01 | 130.70%| unknown
  697s|111300 | 90821 | 12365k| 111.1 |   202M | 262 | 951 |5425 |5425 |   0 |  0 |   0 |  37 | 4.300000e+01 | 9.920000e+01 | 130.70%| unknown
  698s|111400 | 90887 | 12381k| 111.1 |   202M | 262 | 951 |5425 |5425 |   0 |  0 |   0 |  37 | 4.300000e+01 | 9.920000e+01 | 130.70%| unknown
  699s|111500 | 90963 | 12396k| 111.2 |   203M | 262 | 951 |5425 |5425 |   0 |  0 |   0 |  37 | 4.300000e+01 | 9.920000e+01 | 130.70%| unknown
  699s|111600 | 91035 | 12398k| 111.1 |   203M | 262 | 951 |5425 |5425 |   0 |  0 |   0 |  37 | 4.300000e+01 | 9.920000e+01 | 130.70%| unknown
  699s|111700 | 91121 | 12399k| 111.0 |   203M | 262 | 951 |5425 |5425 |   0 |  0 |   0 |  37 | 4.300000e+01 | 9.920000e+01 | 130.70%| unknown
  700s|111800 | 91203 | 12401k| 110.9 |   203M | 262 | 951 |5425 |5425 |   0 |  0 |   0 |  37 | 4.300000e+01 | 9.920000e+01 | 130.70%| unknown
  700s|111900 | 91277 | 12402k| 110.8 |   204M | 262 | 951 |5425 |5425 |   0 |  0 |   0 |  37 | 4.300000e+01 | 9.920000e+01 | 130.70%| unknown
  700s|112000 | 91349 | 12403k| 110.7 |   204M | 262 | 951 |5425 |5425 |   0 |  0 |   0 |  37 | 4.300000e+01 | 9.920000e+01 | 130.70%| unknown
  700s|112100 | 91421 | 12404k| 110.6 |   204M | 262 | 951 |5425 |5425 |   0 |  0 |   0 |  37 | 4.300000e+01 | 9.920000e+01 | 130.70%| unknown
  700s|112200 | 91511 | 12405k| 110.6 |   204M | 262 | 951 |5425 |5425 |   0 |  0 |   0 |  37 | 4.300000e+01 | 9.920000e+01 | 130.70%| unknown
  701s|112300 | 91599 | 12406k| 110.5 |   204M | 262 | 951 |5425 |5425 |   0 |  0 |   0 |  37 | 4.300000e+01 | 9.920000e+01 | 130.70%| unknown
 time | node  | left  |LP iter|LP it/n|mem/heur|mdpt |vars |cons |rows |cuts |sepa|confs|strbr|  dualbound   | primalbound  |  gap   | compl. 
  701s|112400 | 91677 | 12407k| 110.4 |   204M | 262 | 951 |5425 |5425 |   0 |  0 |   0 |  37 | 4.300000e+01 | 9.920000e+01 | 130.70%| unknown
  701s|112500 | 91771 | 12409k| 110.3 |   205M | 262 | 951 |5425 |5425 |   0 |  0 |   0 |  37 | 4.300000e+01 | 9.920000e+01 | 130.70%| unknown
  701s|112600 | 91863 | 12410k| 110.2 |   205M | 262 | 951 |5425 |5425 |   0 |  0 |   0 |  37 | 4.300000e+01 | 9.920000e+01 | 130.70%| unknown
  701s|112700 | 91939 | 12411k| 110.1 |   205M | 262 | 951 |5425 |5425 |   0 |  0 |   0 |  37 | 4.300000e+01 | 9.920000e+01 | 130.70%| unknown
  702s|112800 | 92025 | 12426k| 110.2 |   205M | 262 | 951 |5425 |5425 |   0 |  0 |   0 |  37 | 4.300000e+01 | 9.920000e+01 | 130.70%| unknown
  703s|112900 | 92095 | 12442k| 110.2 |   205M | 262 | 951 |5425 |5425 |   0 |  0 |   0 |  37 | 4.300000e+01 | 9.920000e+01 | 130.70%| unknown
  703s|113000 | 92181 | 12450k| 110.2 |   205M | 262 | 951 |5425 |5425 |   0 |  0 |   0 |  37 | 4.300000e+01 | 9.920000e+01 | 130.70%| unknown
  704s|113100 | 92265 | 12465k| 110.2 |   205M | 262 | 951 |5425 |5425 |   0 |  0 |   0 |  37 | 4.300000e+01 | 9.920000e+01 | 130.70%| unknown
  705s|113200 | 92337 | 12486k| 110.3 |   205M | 262 | 951 |5425 |5425 |   0 |  0 |   0 |  37 | 4.300000e+01 | 9.920000e+01 | 130.70%| unknown
  706s|113300 | 92409 | 12511k| 110.4 |   205M | 262 | 951 |5425 |5425 |   0 |  0 |   0 |  37 | 4.300000e+01 | 9.920000e+01 | 130.70%| unknown
  707s|113400 | 92491 | 12519k| 110.4 |   205M | 262 | 951 |5425 |5425 |   0 |  0 |   0 |  37 | 4.300000e+01 | 9.920000e+01 | 130.70%| unknown
  708s|113500 | 92579 | 12540k| 110.5 |   206M | 262 | 951 |5425 |5425 |   0 |  0 |   0 |  37 | 4.300000e+01 | 9.920000e+01 | 130.70%| unknown
  709s|113600 | 92649 | 12566k| 110.6 |   206M | 262 | 951 |5425 |5425 |   0 |  0 |   0 |  37 | 4.300000e+01 | 9.920000e+01 | 130.70%| unknown
  710s|113700 | 92727 | 12579k| 110.6 |   206M | 262 | 951 |5425 |5425 |   0 |  0 |   0 |  37 | 4.300000e+01 | 9.920000e+01 | 130.70%| unknown
  711s|113800 | 92811 | 12592k| 110.6 |   206M | 262 | 951 |5425 |5425 |   0 |  0 |   0 |  37 | 4.300000e+01 | 9.920000e+01 | 130.70%| unknown
 time | node  | left  |LP iter|LP it/n|mem/heur|mdpt |vars |cons |rows |cuts |sepa|confs|strbr|  dualbound   | primalbound  |  gap   | compl. 
  712s|113900 | 92889 | 12605k| 110.7 |   207M | 262 | 951 |5425 |5425 |   0 |  0 |   0 |  37 | 4.300000e+01 | 9.920000e+01 | 130.70%| unknown
  713s|114000 | 92977 | 12628k| 110.8 |   207M | 262 | 951 |5425 |5425 |   0 |  0 |   0 |  37 | 4.300000e+01 | 9.920000e+01 | 130.70%| unknown
  713s|114100 | 93069 | 12641k| 110.8 |   207M | 262 | 951 |5425 |5425 |   0 |  0 |   0 |  37 | 4.300000e+01 | 9.920000e+01 | 130.70%| unknown
  714s|114200 | 93139 | 12658k| 110.8 |   207M | 262 | 951 |5425 |5425 |   0 |  0 |   0 |  37 | 4.300000e+01 | 9.920000e+01 | 130.70%| unknown
  715s|114300 | 93225 | 12678k| 110.9 |   207M | 262 | 951 |5425 |5425 |   0 |  0 |   0 |  37 | 4.300000e+01 | 9.920000e+01 | 130.70%| unknown
  716s|114400 | 93301 | 12702k| 111.0 |   207M | 262 | 951 |5425 |5425 |   0 |  0 |   0 |  37 | 4.300000e+01 | 9.920000e+01 | 130.70%| unknown
  717s|114500 | 93377 | 12720k| 111.1 |   208M | 262 | 951 |5425 |5425 |   0 |  0 |   0 |  37 | 4.300000e+01 | 9.920000e+01 | 130.70%| unknown
  718s|114600 | 93443 | 12737k| 111.1 |   208M | 262 | 951 |5425 |5425 |   0 |  0 |   0 |  37 | 4.300000e+01 | 9.920000e+01 | 130.70%| unknown
  719s|114700 | 93531 | 12751k| 111.2 |   208M | 262 | 951 |5425 |5425 |   0 |  0 |   0 |  37 | 4.300000e+01 | 9.920000e+01 | 130.70%| unknown
  720s|114800 | 93615 | 12764k| 111.2 |   208M | 262 | 951 |5425 |5425 |   0 |  0 |   0 |  37 | 4.300000e+01 | 9.920000e+01 | 130.70%| unknown
  721s|114900 | 93703 | 12790k| 111.3 |   208M | 262 | 951 |5425 |5425 |   0 |  0 |   0 |  37 | 4.300000e+01 | 9.920000e+01 | 130.70%| unknown
  722s|115000 | 93785 | 12811k| 111.4 |   208M | 262 | 951 |5425 |5425 |   0 |  0 |   0 |  37 | 4.300000e+01 | 9.920000e+01 | 130.70%| unknown
  723s|115100 | 93875 | 12827k| 111.4 |   208M | 262 | 951 |5425 |5425 |   0 |  0 |   0 |  37 | 4.300000e+01 | 9.920000e+01 | 130.70%| unknown
  724s|115200 | 93969 | 12842k| 111.5 |   208M | 262 | 951 |5425 |5425 |   0 |  0 |   0 |  37 | 4.300000e+01 | 9.920000e+01 | 130.70%| unknown
  725s|115300 | 94047 | 12863k| 111.6 |   208M | 262 | 951 |5425 |5425 |   0 |  0 |   0 |  37 | 4.300000e+01 | 9.920000e+01 | 130.70%| unknown
 time | node  | left  |LP iter|LP it/n|mem/heur|mdpt |vars |cons |rows |cuts |sepa|confs|strbr|  dualbound   | primalbound  |  gap   | compl. 
  726s|115400 | 94109 | 12882k| 111.6 |   208M | 262 | 951 |5425 |5425 |   0 |  0 |   0 |  37 | 4.300000e+01 | 9.920000e+01 | 130.70%| unknown
  726s|115500 | 94191 | 12894k| 111.6 |   209M | 262 | 951 |5425 |5425 |   0 |  0 |   0 |  37 | 4.300000e+01 | 9.920000e+01 | 130.70%| unknown
  727s|115600 | 94275 | 12909k| 111.7 |   209M | 262 | 951 |5425 |5425 |   0 |  0 |   0 |  37 | 4.300000e+01 | 9.920000e+01 | 130.70%| unknown
  728s|115700 | 94363 | 12922k| 111.7 |   209M | 262 | 951 |5425 |5425 |   0 |  0 |   0 |  37 | 4.300000e+01 | 9.920000e+01 | 130.70%| unknown
  729s|115800 | 94447 | 12938k| 111.7 |   209M | 262 | 951 |5425 |5425 |   0 |  0 |   0 |  37 | 4.300000e+01 | 9.920000e+01 | 130.70%| unknown
  729s|115900 | 94541 | 12951k| 111.7 |   209M | 262 | 951 |5425 |5425 |   0 |  0 |   0 |  37 | 4.300000e+01 | 9.920000e+01 | 130.70%| unknown
  731s|116000 | 94625 | 12979k| 111.9 |   209M | 262 | 951 |5425 |5425 |   0 |  0 |   0 |  37 | 4.300000e+01 | 9.920000e+01 | 130.70%| unknown
  731s|116100 | 94707 | 12995k| 111.9 |   210M | 262 | 951 |5425 |5425 |   0 |  0 |   0 |  37 | 4.300000e+01 | 9.920000e+01 | 130.70%| unknown
  733s|116200 | 94787 | 13019k| 112.0 |   210M | 262 | 951 |5425 |5425 |   0 |  0 |   0 |  37 | 4.300000e+01 | 9.920000e+01 | 130.70%| unknown
  734s|116300 | 94865 | 13039k| 112.1 |   210M | 262 | 951 |5425 |5425 |   0 |  0 |   0 |  37 | 4.300000e+01 | 9.920000e+01 | 130.70%| unknown
  735s|116400 | 94957 | 13053k| 112.1 |   211M | 262 | 951 |5425 |5425 |   0 |  0 |   0 |  37 | 4.300000e+01 | 9.920000e+01 | 130.70%| unknown
  735s|116500 | 95033 | 13071k| 112.2 |   211M | 262 | 951 |5425 |5425 |   0 |  0 |   0 |  37 | 4.300000e+01 | 9.920000e+01 | 130.70%| unknown
  736s|116600 | 95107 | 13089k| 112.3 |   211M | 262 | 951 |5425 |5425 |   0 |  0 |   0 |  37 | 4.300000e+01 | 9.920000e+01 | 130.70%| unknown
  737s|116700 | 95187 | 13107k| 112.3 |   212M | 262 | 951 |5425 |5425 |   0 |  0 |   0 |  37 | 4.300000e+01 | 9.920000e+01 | 130.70%| unknown
  739s|116800 | 95265 | 13128k| 112.4 |   212M | 262 | 951 |5425 |5425 |   0 |  0 |   0 |  37 | 4.300000e+01 | 9.920000e+01 | 130.70%| unknown
 time | node  | left  |LP iter|LP it/n|mem/heur|mdpt |vars |cons |rows |cuts |sepa|confs|strbr|  dualbound   | primalbound  |  gap   | compl. 
  739s|116900 | 95359 | 13139k| 112.4 |   212M | 262 | 951 |5425 |5425 |   0 |  0 |   0 |  37 | 4.300000e+01 | 9.920000e+01 | 130.70%| unknown
  740s|117000 | 95431 | 13152k| 112.4 |   212M | 262 | 951 |5425 |5425 |   0 |  0 |   0 |  37 | 4.300000e+01 | 9.920000e+01 | 130.70%| unknown
  740s|117100 | 95515 | 13153k| 112.3 |   212M | 262 | 951 |5425 |5425 |   0 |  0 |   0 |  37 | 4.300000e+01 | 9.920000e+01 | 130.70%| unknown
  740s|117200 | 95599 | 13153k| 112.2 |   212M | 262 | 951 |5425 |5425 |   0 |  0 |   0 |  37 | 4.300000e+01 | 9.920000e+01 | 130.70%| unknown
  740s|117300 | 95677 | 13154k| 112.1 |   212M | 262 | 951 |5425 |5425 |   0 |  0 |   0 |  37 | 4.300000e+01 | 9.920000e+01 | 130.70%| unknown
  741s|117400 | 95747 | 13156k| 112.1 |   213M | 262 | 951 |5425 |5425 |   0 |  0 |   0 |  37 | 4.300000e+01 | 9.920000e+01 | 130.70%| unknown
  742s|117500 | 95823 | 13185k| 112.2 |   213M | 262 | 951 |5425 |5425 |   0 |  0 |   0 |  37 | 4.300000e+01 | 9.920000e+01 | 130.70%| unknown
  744s|117600 | 95901 | 13221k| 112.4 |   213M | 262 | 951 |5425 |5425 |   0 |  0 |   0 |  37 | 4.300000e+01 | 9.920000e+01 | 130.70%| unknown
  745s|117700 | 95989 | 13244k| 112.5 |   213M | 262 | 951 |5425 |5425 |   0 |  0 |   0 |  37 | 4.300000e+01 | 9.920000e+01 | 130.70%| unknown
  746s|117800 | 96071 | 13258k| 112.5 |   213M | 262 | 951 |5425 |5425 |   0 |  0 |   0 |  37 | 4.300000e+01 | 9.920000e+01 | 130.70%| unknown
  746s|117900 | 96137 | 13261k| 112.5 |   213M | 262 | 951 |5425 |5425 |   0 |  0 |   0 |  37 | 4.300000e+01 | 9.920000e+01 | 130.70%| unknown
  746s|118000 | 96203 | 13262k| 112.4 |   213M | 262 | 951 |5425 |5425 |   0 |  0 |   0 |  37 | 4.300000e+01 | 9.920000e+01 | 130.70%| unknown
  747s|118100 | 96279 | 13263k| 112.3 |   213M | 262 | 951 |5425 |5425 |   0 |  0 |   0 |  37 | 4.300000e+01 | 9.920000e+01 | 130.70%| unknown
  747s|118200 | 96363 | 13264k| 112.2 |   213M | 262 | 951 |5425 |5425 |   0 |  0 |   0 |  37 | 4.300000e+01 | 9.920000e+01 | 130.70%| unknown
  747s|118300 | 96451 | 13265k| 112.1 |   213M | 262 | 951 |5425 |5425 |   0 |  0 |   0 |  37 | 4.300000e+01 | 9.920000e+01 | 130.70%| unknown
 time | node  | left  |LP iter|LP it/n|mem/heur|mdpt |vars |cons |rows |cuts |sepa|confs|strbr|  dualbound   | primalbound  |  gap   | compl. 
  748s|118400 | 96529 | 13290k| 112.2 |   214M | 262 | 951 |5425 |5425 |   0 |  0 |   0 |  37 | 4.300000e+01 | 9.920000e+01 | 130.70%| unknown
  750s|118500 | 96603 | 13318k| 112.4 |   214M | 262 | 951 |5425 |5425 |   0 |  0 |   0 |  37 | 4.300000e+01 | 9.920000e+01 | 130.70%| unknown
  751s|118600 | 96679 | 13346k| 112.5 |   214M | 262 | 951 |5425 |5425 |   0 |  0 |   0 |  37 | 4.300000e+01 | 9.920000e+01 | 130.70%| unknown
  751s|118700 | 96765 | 13355k| 112.5 |   215M | 262 | 951 |5425 |5425 |   0 |  0 |   0 |  37 | 4.300000e+01 | 9.920000e+01 | 130.70%| unknown
  752s|118800 | 96859 | 13366k| 112.5 |   215M | 262 | 951 |5425 |5425 |   0 |  0 |   0 |  37 | 4.300000e+01 | 9.920000e+01 | 130.70%| unknown
  753s|118900 | 96939 | 13391k| 112.6 |   215M | 262 | 951 |5425 |5425 |   0 |  0 |   0 |  37 | 4.300000e+01 | 9.920000e+01 | 130.70%| unknown
  754s|119000 | 97025 | 13406k| 112.7 |   215M | 262 | 951 |5425 |5425 |   0 |  0 |   0 |  37 | 4.300000e+01 | 9.920000e+01 | 130.70%| unknown
  755s|119100 | 97111 | 13417k| 112.7 |   215M | 262 | 951 |5425 |5425 |   0 |  0 |   0 |  37 | 4.300000e+01 | 9.920000e+01 | 130.70%| unknown
  755s|119200 | 97193 | 13428k| 112.6 |   215M | 262 | 951 |5425 |5425 |   0 |  0 |   0 |  37 | 4.300000e+01 | 9.920000e+01 | 130.70%| unknown
  756s|119300 | 97259 | 13447k| 112.7 |   215M | 262 | 951 |5425 |5425 |   0 |  0 |   0 |  37 | 4.300000e+01 | 9.920000e+01 | 130.70%| unknown
  757s|119400 | 97329 | 13458k| 112.7 |   216M | 262 | 951 |5425 |5425 |   0 |  0 |   0 |  37 | 4.300000e+01 | 9.920000e+01 | 130.70%| unknown
  758s|119500 | 97409 | 13470k| 112.7 |   216M | 262 | 951 |5425 |5425 |   0 |  0 |   0 |  37 | 4.300000e+01 | 9.920000e+01 | 130.70%| unknown
  759s|119600 | 97481 | 13487k| 112.8 |   216M | 262 | 951 |5425 |5425 |   0 |  0 |   0 |  37 | 4.300000e+01 | 9.920000e+01 | 130.70%| unknown
  760s|119700 | 97557 | 13510k| 112.9 |   216M | 262 | 951 |5425 |5425 |   0 |  0 |   0 |  37 | 4.300000e+01 | 9.920000e+01 | 130.70%| unknown
  761s|119800 | 97635 | 13531k| 112.9 |   216M | 262 | 951 |5425 |5425 |   0 |  0 |   0 |  37 | 4.300000e+01 | 9.920000e+01 | 130.70%| unknown
 time | node  | left  |LP iter|LP it/n|mem/heur|mdpt |vars |cons |rows |cuts |sepa|confs|strbr|  dualbound   | primalbound  |  gap   | compl. 
  762s|119900 | 97715 | 13550k| 113.0 |   216M | 262 | 951 |5425 |5425 |   0 |  0 |   0 |  37 | 4.300000e+01 | 9.920000e+01 | 130.70%| unknown
  763s|120000 | 97787 | 13562k| 113.0 |   216M | 262 | 951 |5425 |5425 |   0 |  0 |   0 |  37 | 4.300000e+01 | 9.920000e+01 | 130.70%| unknown
  763s|120100 | 97865 | 13575k| 113.0 |   216M | 262 | 951 |5425 |5425 |   0 |  0 |   0 |  37 | 4.300000e+01 | 9.920000e+01 | 130.70%| unknown
  764s|120200 | 97951 | 13591k| 113.1 |   216M | 262 | 951 |5425 |5425 |   0 |  0 |   0 |  37 | 4.300000e+01 | 9.920000e+01 | 130.70%| unknown
  765s|120300 | 98035 | 13609k| 113.1 |   216M | 262 | 951 |5425 |5425 |   0 |  0 |   0 |  37 | 4.300000e+01 | 9.920000e+01 | 130.70%| unknown
  766s|120400 | 98105 | 13621k| 113.1 |   216M | 262 | 951 |5425 |5425 |   0 |  0 |   0 |  37 | 4.300000e+01 | 9.920000e+01 | 130.70%| unknown
  767s|120500 | 98189 | 13643k| 113.2 |   217M | 262 | 951 |5425 |5425 |   0 |  0 |   0 |  37 | 4.300000e+01 | 9.920000e+01 | 130.70%| unknown
  767s|120600 | 98273 | 13654k| 113.2 |   217M | 262 | 951 |5425 |5425 |   0 |  0 |   0 |  37 | 4.300000e+01 | 9.920000e+01 | 130.70%| unknown
  768s|120700 | 98355 | 13665k| 113.2 |   217M | 262 | 951 |5425 |5425 |   0 |  0 |   0 |  37 | 4.300000e+01 | 9.920000e+01 | 130.70%| unknown
  768s|120800 | 98451 | 13673k| 113.2 |   217M | 262 | 951 |5425 |5425 |   0 |  0 |   0 |  37 | 4.300000e+01 | 9.920000e+01 | 130.70%| unknown
  769s|120900 | 98513 | 13690k| 113.2 |   217M | 262 | 951 |5425 |5425 |   0 |  0 |   0 |  37 | 4.300000e+01 | 9.920000e+01 | 130.70%| unknown
  770s|121000 | 98603 | 13706k| 113.3 |   217M | 262 | 951 |5425 |5425 |   0 |  0 |   0 |  37 | 4.300000e+01 | 9.920000e+01 | 130.70%| unknown
  771s|121100 | 98693 | 13724k| 113.3 |   217M | 262 | 951 |5425 |5425 |   0 |  0 |   0 |  37 | 4.300000e+01 | 9.920000e+01 | 130.70%| unknown
  772s|121200 | 98769 | 13739k| 113.4 |   217M | 262 | 951 |5425 |5425 |   0 |  0 |   0 |  37 | 4.300000e+01 | 9.920000e+01 | 130.70%| unknown
  773s|121300 | 98853 | 13758k| 113.4 |   217M | 262 | 951 |5425 |5425 |   0 |  0 |   0 |  37 | 4.300000e+01 | 9.920000e+01 | 130.70%| unknown
 time | node  | left  |LP iter|LP it/n|mem/heur|mdpt |vars |cons |rows |cuts |sepa|confs|strbr|  dualbound   | primalbound  |  gap   | compl. 
  774s|121400 | 98927 | 13774k| 113.5 |   218M | 262 | 951 |5425 |5425 |   0 |  0 |   0 |  37 | 4.300000e+01 | 9.920000e+01 | 130.70%| unknown
  775s|121500 | 99003 | 13792k| 113.5 |   219M | 262 | 951 |5425 |5425 |   0 |  0 |   0 |  37 | 4.300000e+01 | 9.920000e+01 | 130.70%| unknown
  776s|121600 | 99079 | 13812k| 113.6 |   219M | 262 | 951 |5425 |5425 |   0 |  0 |   0 |  37 | 4.300000e+01 | 9.920000e+01 | 130.70%| unknown
  777s|121700 | 99149 | 13835k| 113.7 |   219M | 262 | 951 |5425 |5425 |   0 |  0 |   0 |  37 | 4.300000e+01 | 9.920000e+01 | 130.70%| unknown
  778s|121800 | 99235 | 13854k| 113.7 |   220M | 262 | 951 |5425 |5425 |   0 |  0 |   0 |  37 | 4.300000e+01 | 9.920000e+01 | 130.70%| unknown
  779s|121900 | 99307 | 13871k| 113.8 |   220M | 262 | 951 |5425 |5425 |   0 |  0 |   0 |  37 | 4.300000e+01 | 9.920000e+01 | 130.70%| unknown
  780s|122000 | 99373 | 13894k| 113.9 |   220M | 262 | 951 |5425 |5425 |   0 |  0 |   0 |  37 | 4.300000e+01 | 9.920000e+01 | 130.70%| unknown
  780s|122100 | 99451 | 13896k| 113.8 |   220M | 262 | 951 |5425 |5425 |   0 |  0 |   0 |  37 | 4.300000e+01 | 9.920000e+01 | 130.70%| unknown
  780s|122200 | 99537 | 13897k| 113.7 |   220M | 262 | 951 |5425 |5425 |   0 |  0 |   0 |  37 | 4.300000e+01 | 9.920000e+01 | 130.70%| unknown
  781s|122300 | 99627 | 13898k| 113.6 |   220M | 262 | 951 |5425 |5425 |   0 |  0 |   0 |  37 | 4.300000e+01 | 9.920000e+01 | 130.70%| unknown
  781s|122400 | 99709 | 13899k| 113.6 |   220M | 262 | 951 |5425 |5425 |   0 |  0 |   0 |  37 | 4.300000e+01 | 9.920000e+01 | 130.70%| unknown
  781s|122500 | 99783 | 13901k| 113.5 |   221M | 262 | 951 |5425 |5425 |   0 |  0 |   0 |  37 | 4.300000e+01 | 9.920000e+01 | 130.70%| unknown
  782s|122600 | 99841 | 13919k| 113.5 |   221M | 262 | 951 |5425 |5425 |   0 |  0 |   0 |  37 | 4.300000e+01 | 9.920000e+01 | 130.70%| unknown
  784s|122700 | 99899 | 13949k| 113.7 |   221M | 262 | 951 |5425 |5425 |   0 |  0 |   0 |  37 | 4.300000e+01 | 9.920000e+01 | 130.70%| unknown
  785s|122800 | 99981 | 13967k| 113.7 |   221M | 262 | 951 |5425 |5425 |   0 |  0 |   0 |  37 | 4.300000e+01 | 9.920000e+01 | 130.70%| unknown
 time | node  | left  |LP iter|LP it/n|mem/heur|mdpt |vars |cons |rows |cuts |sepa|confs|strbr|  dualbound   | primalbound  |  gap   | compl. 
  785s|122900 |100061 | 13980k| 113.7 |   221M | 262 | 951 |5425 |5425 |   0 |  0 |   0 |  37 | 4.300000e+01 | 9.920000e+01 | 130.70%| unknown
  786s|123000 |100121 | 13997k| 113.8 |   221M | 262 | 951 |5425 |5425 |   0 |  0 |   0 |  37 | 4.300000e+01 | 9.920000e+01 | 130.70%| unknown
  787s|123100 |100199 | 14017k| 113.9 |   221M | 262 | 951 |5425 |5425 |   0 |  0 |   0 |  37 | 4.300000e+01 | 9.920000e+01 | 130.70%| unknown
  788s|123200 |100281 | 14032k| 113.9 |   221M | 262 | 951 |5425 |5425 |   0 |  0 |   0 |  37 | 4.300000e+01 | 9.920000e+01 | 130.70%| unknown
  789s|123300 |100349 | 14045k| 113.9 |   221M | 262 | 951 |5425 |5425 |   0 |  0 |   0 |  37 | 4.300000e+01 | 9.920000e+01 | 130.70%| unknown
  790s|123400 |100423 | 14066k| 114.0 |   221M | 262 | 951 |5425 |5425 |   0 |  0 |   0 |  37 | 4.300000e+01 | 9.920000e+01 | 130.70%| unknown
  791s|123500 |100485 | 14082k| 114.0 |   221M | 262 | 951 |5425 |5425 |   0 |  0 |   0 |  37 | 4.300000e+01 | 9.920000e+01 | 130.70%| unknown
  792s|123600 |100551 | 14100k| 114.1 |   222M | 262 | 951 |5425 |5425 |   0 |  0 |   0 |  37 | 4.300000e+01 | 9.920000e+01 | 130.70%| unknown
  793s|123700 |100629 | 14122k| 114.2 |   223M | 262 | 951 |5425 |5425 |   0 |  0 |   0 |  37 | 4.300000e+01 | 9.920000e+01 | 130.70%| unknown
  793s|123800 |100697 | 14123k| 114.1 |   223M | 262 | 951 |5425 |5425 |   0 |  0 |   0 |  37 | 4.300000e+01 | 9.920000e+01 | 130.70%| unknown
  793s|123900 |100779 | 14124k| 114.0 |   223M | 262 | 951 |5425 |5425 |   0 |  0 |   0 |  37 | 4.300000e+01 | 9.920000e+01 | 130.70%| unknown
  793s|124000 |100849 | 14126k| 113.9 |   223M | 262 | 951 |5425 |5425 |   0 |  0 |   0 |  37 | 4.300000e+01 | 9.920000e+01 | 130.70%| unknown
  793s|124100 |100921 | 14127k| 113.8 |   223M | 262 | 951 |5425 |5425 |   0 |  0 |   0 |  37 | 4.300000e+01 | 9.920000e+01 | 130.70%| unknown
  794s|124200 |101015 | 14128k| 113.7 |   223M | 262 | 951 |5425 |5425 |   0 |  0 |   0 |  37 | 4.300000e+01 | 9.920000e+01 | 130.70%| unknown
  794s|124300 |101095 | 14129k| 113.7 |   223M | 262 | 951 |5425 |5425 |   0 |  0 |   0 |  37 | 4.300000e+01 | 9.920000e+01 | 130.70%| unknown
 time | node  | left  |LP iter|LP it/n|mem/heur|mdpt |vars |cons |rows |cuts |sepa|confs|strbr|  dualbound   | primalbound  |  gap   | compl. 
  794s|124400 |101173 | 14130k| 113.6 |   223M | 262 | 951 |5425 |5425 |   0 |  0 |   0 |  37 | 4.300000e+01 | 9.920000e+01 | 130.70%| unknown
  795s|124500 |101247 | 14150k| 113.7 |   223M | 262 | 951 |5425 |5425 |   0 |  0 |   0 |  37 | 4.300000e+01 | 9.920000e+01 | 130.70%| unknown
  796s|124600 |101305 | 14176k| 113.8 |   223M | 262 | 951 |5425 |5425 |   0 |  0 |   0 |  37 | 4.300000e+01 | 9.920000e+01 | 130.70%| unknown
  797s|124700 |101377 | 14194k| 113.8 |   224M | 262 | 951 |5425 |5425 |   0 |  0 |   0 |  37 | 4.300000e+01 | 9.920000e+01 | 130.70%| unknown
  798s|124800 |101461 | 14217k| 113.9 |   224M | 262 | 951 |5425 |5425 |   0 |  0 |   0 |  37 | 4.300000e+01 | 9.920000e+01 | 130.70%| unknown
  799s|124900 |101537 | 14237k| 114.0 |   224M | 262 | 951 |5425 |5425 |   0 |  0 |   0 |  37 | 4.300000e+01 | 9.920000e+01 | 130.70%| unknown
  800s|125000 |101621 | 14250k| 114.0 |   224M | 262 | 951 |5425 |5425 |   0 |  0 |   0 |  37 | 4.300000e+01 | 9.920000e+01 | 130.70%| unknown
  801s|125100 |101691 | 14274k| 114.1 |   224M | 262 | 951 |5425 |5425 |   0 |  0 |   0 |  37 | 4.300000e+01 | 9.920000e+01 | 130.70%| unknown
  802s|125200 |101765 | 14292k| 114.2 |   224M | 262 | 951 |5425 |5425 |   0 |  0 |   0 |  37 | 4.300000e+01 | 9.920000e+01 | 130.70%| unknown
  803s|125300 |101839 | 14317k| 114.3 |   224M | 262 | 951 |5425 |5425 |   0 |  0 |   0 |  37 | 4.300000e+01 | 9.920000e+01 | 130.70%| unknown
  804s|125400 |101923 | 14339k| 114.3 |   224M | 262 | 951 |5425 |5425 |   0 |  0 |   0 |  37 | 4.300000e+01 | 9.920000e+01 | 130.70%| unknown
  805s|125500 |102005 | 14353k| 114.4 |   224M | 262 | 951 |5425 |5425 |   0 |  0 |   0 |  37 | 4.300000e+01 | 9.920000e+01 | 130.70%| unknown
  806s|125600 |102083 | 14371k| 114.4 |   224M | 262 | 951 |5425 |5425 |   0 |  0 |   0 |  37 | 4.300000e+01 | 9.920000e+01 | 130.70%| unknown
  807s|125700 |102161 | 14394k| 114.5 |   225M | 262 | 951 |5425 |5425 |   0 |  0 |   0 |  37 | 4.300000e+01 | 9.920000e+01 | 130.70%| unknown
  808s|125800 |102251 | 14408k| 114.5 |   225M | 262 | 951 |5425 |5425 |   0 |  0 |   0 |  37 | 4.300000e+01 | 9.920000e+01 | 130.70%| unknown
 time | node  | left  |LP iter|LP it/n|mem/heur|mdpt |vars |cons |rows |cuts |sepa|confs|strbr|  dualbound   | primalbound  |  gap   | compl. 
  809s|125900 |102323 | 14424k| 114.6 |   225M | 262 | 951 |5425 |5425 |   0 |  0 |   0 |  37 | 4.300000e+01 | 9.920000e+01 | 130.70%| unknown
  810s|126000 |102407 | 14438k| 114.6 |   225M | 262 | 951 |5425 |5425 |   0 |  0 |   0 |  37 | 4.300000e+01 | 9.920000e+01 | 130.70%| unknown
  811s|126100 |102477 | 14456k| 114.6 |   225M | 262 | 951 |5425 |5425 |   0 |  0 |   0 |  37 | 4.300000e+01 | 9.920000e+01 | 130.70%| unknown
  811s|126200 |102549 | 14457k| 114.6 |   225M | 262 | 951 |5425 |5425 |   0 |  0 |   0 |  37 | 4.300000e+01 | 9.920000e+01 | 130.70%| unknown
  811s|126300 |102633 | 14458k| 114.5 |   225M | 262 | 951 |5425 |5425 |   0 |  0 |   0 |  37 | 4.300000e+01 | 9.920000e+01 | 130.70%| unknown
  811s|126400 |102709 | 14459k| 114.4 |   225M | 262 | 951 |5425 |5425 |   0 |  0 |   0 |  37 | 4.300000e+01 | 9.920000e+01 | 130.70%| unknown
  811s|126500 |102779 | 14460k| 114.3 |   225M | 262 | 951 |5425 |5425 |   0 |  0 |   0 |  37 | 4.300000e+01 | 9.920000e+01 | 130.70%| unknown
  812s|126600 |102863 | 14462k| 114.2 |   226M | 262 | 951 |5425 |5425 |   0 |  0 |   0 |  37 | 4.300000e+01 | 9.920000e+01 | 130.70%| unknown
  812s|126700 |102937 | 14477k| 114.3 |   227M | 262 | 951 |5425 |5425 |   0 |  0 |   0 |  37 | 4.300000e+01 | 9.920000e+01 | 130.70%| unknown
  813s|126800 |103023 | 14495k| 114.3 |   227M | 262 | 951 |5425 |5425 |   0 |  0 |   0 |  37 | 4.300000e+01 | 9.920000e+01 | 130.70%| unknown
  814s|126900 |103107 | 14508k| 114.3 |   227M | 262 | 951 |5425 |5425 |   0 |  0 |   0 |  37 | 4.300000e+01 | 9.920000e+01 | 130.70%| unknown
  815s|127000 |103181 | 14526k| 114.4 |   227M | 262 | 951 |5425 |5425 |   0 |  0 |   0 |  37 | 4.300000e+01 | 9.920000e+01 | 130.70%| unknown
  815s|127100 |103263 | 14527k| 114.3 |   227M | 262 | 951 |5425 |5425 |   0 |  0 |   0 |  37 | 4.300000e+01 | 9.920000e+01 | 130.70%| unknown
  815s|127200 |103327 | 14529k| 114.2 |   227M | 262 | 951 |5425 |5425 |   0 |  0 |   0 |  37 | 4.300000e+01 | 9.920000e+01 | 130.70%| unknown
  816s|127300 |103417 | 14530k| 114.1 |   227M | 262 | 951 |5425 |5425 |   0 |  0 |   0 |  37 | 4.300000e+01 | 9.920000e+01 | 130.70%| unknown
 time | node  | left  |LP iter|LP it/n|mem/heur|mdpt |vars |cons |rows |cuts |sepa|confs|strbr|  dualbound   | primalbound  |  gap   | compl. 
  816s|127400 |103501 | 14531k| 114.1 |   227M | 262 | 951 |5425 |5425 |   0 |  0 |   0 |  37 | 4.300000e+01 | 9.920000e+01 | 130.70%| unknown
  816s|127500 |103569 | 14532k| 114.0 |   227M | 262 | 951 |5425 |5425 |   0 |  0 |   0 |  37 | 4.300000e+01 | 9.920000e+01 | 130.70%| unknown
  816s|127600 |103637 | 14533k| 113.9 |   227M | 262 | 951 |5425 |5425 |   0 |  0 |   0 |  37 | 4.300000e+01 | 9.920000e+01 | 130.70%| unknown
  816s|127700 |103721 | 14534k| 113.8 |   229M | 262 | 951 |5425 |5425 |   0 |  0 |   0 |  37 | 4.300000e+01 | 9.920000e+01 | 130.70%| unknown
  817s|127800 |103785 | 14535k| 113.7 |   229M | 262 | 951 |5425 |5425 |   0 |  0 |   0 |  37 | 4.300000e+01 | 9.920000e+01 | 130.70%| unknown
  817s|127900 |103861 | 14536k| 113.6 |   229M | 262 | 951 |5425 |5425 |   0 |  0 |   0 |  37 | 4.300000e+01 | 9.920000e+01 | 130.70%| unknown
  817s|128000 |103923 | 14537k| 113.6 |   229M | 262 | 951 |5425 |5425 |   0 |  0 |   0 |  37 | 4.300000e+01 | 9.920000e+01 | 130.70%| unknown
  817s|128100 |104009 | 14538k| 113.5 |   229M | 262 | 951 |5425 |5425 |   0 |  0 |   0 |  37 | 4.300000e+01 | 9.920000e+01 | 130.70%| unknown
  817s|128200 |104075 | 14540k| 113.4 |   229M | 262 | 951 |5425 |5425 |   0 |  0 |   0 |  37 | 4.300000e+01 | 9.920000e+01 | 130.70%| unknown
  817s|128300 |104163 | 14541k| 113.3 |   229M | 262 | 951 |5425 |5425 |   0 |  0 |   0 |  37 | 4.300000e+01 | 9.920000e+01 | 130.70%| unknown
  818s|128400 |104253 | 14542k| 113.3 |   229M | 262 | 951 |5425 |5425 |   0 |  0 |   0 |  37 | 4.300000e+01 | 9.920000e+01 | 130.70%| unknown
  818s|128500 |104315 | 14544k| 113.2 |   229M | 262 | 951 |5425 |5425 |   0 |  0 |   0 |  37 | 4.300000e+01 | 9.920000e+01 | 130.70%| unknown
  818s|128600 |104391 | 14546k| 113.1 |   229M | 262 | 951 |5425 |5425 |   0 |  0 |   0 |  37 | 4.300000e+01 | 9.920000e+01 | 130.70%| unknown
  818s|128700 |104475 | 14547k| 113.0 |   229M | 262 | 951 |5425 |5425 |   0 |  0 |   0 |  37 | 4.300000e+01 | 9.920000e+01 | 130.70%| unknown
  818s|128800 |104545 | 14548k| 112.9 |   231M | 262 | 951 |5425 |5425 |   0 |  0 |   0 |  37 | 4.300000e+01 | 9.920000e+01 | 130.70%| unknown
 time | node  | left  |LP iter|LP it/n|mem/heur|mdpt |vars |cons |rows |cuts |sepa|confs|strbr|  dualbound   | primalbound  |  gap   | compl. 
  820s|128900 |104621 | 14582k| 113.1 |   231M | 262 | 951 |5425 |5425 |   0 |  0 |   0 |  37 | 4.300000e+01 | 9.920000e+01 | 130.70%| unknown
  821s|129000 |104697 | 14598k| 113.2 |   231M | 262 | 951 |5425 |5425 |   0 |  0 |   0 |  37 | 4.300000e+01 | 9.920000e+01 | 130.70%| unknown
  823s|129100 |104757 | 14633k| 113.3 |   231M | 262 | 951 |5425 |5425 |   0 |  0 |   0 |  37 | 4.300000e+01 | 9.920000e+01 | 130.70%| unknown
  824s|129200 |104803 | 14664k| 113.5 |   231M | 262 | 951 |5425 |5425 |   0 |  0 |   0 |  37 | 4.300000e+01 | 9.920000e+01 | 130.70%| unknown
  826s|129300 |104869 | 14692k| 113.6 |   231M | 262 | 951 |5425 |5425 |   0 |  0 |   0 |  37 | 4.300000e+01 | 9.920000e+01 | 130.70%| unknown
  827s|129400 |104941 | 14709k| 113.7 |   231M | 262 | 951 |5425 |5425 |   0 |  0 |   0 |  37 | 4.300000e+01 | 9.920000e+01 | 130.70%| unknown
  828s|129500 |105001 | 14740k| 113.8 |   231M | 262 | 951 |5425 |5425 |   0 |  0 |   0 |  37 | 4.300000e+01 | 9.920000e+01 | 130.70%| unknown
  829s|129600 |105075 | 14756k| 113.9 |   231M | 262 | 951 |5425 |5425 |   0 |  0 |   0 |  37 | 4.300000e+01 | 9.920000e+01 | 130.70%| unknown
  830s|129700 |105147 | 14779k| 113.9 |   231M | 262 | 951 |5425 |5425 |   0 |  0 |   0 |  37 | 4.300000e+01 | 9.920000e+01 | 130.70%| unknown
  831s|129800 |105231 | 14786k| 113.9 |   231M | 262 | 951 |5425 |5425 |   0 |  0 |   0 |  37 | 4.300000e+01 | 9.920000e+01 | 130.70%| unknown
  831s|129900 |105297 | 14787k| 113.8 |   232M | 262 | 951 |5425 |5425 |   0 |  0 |   0 |  37 | 4.300000e+01 | 9.920000e+01 | 130.70%| unknown
  831s|130000 |105377 | 14788k| 113.8 |   232M | 262 | 951 |5425 |5425 |   0 |  0 |   0 |  37 | 4.300000e+01 | 9.920000e+01 | 130.70%| unknown
  831s|130100 |105461 | 14790k| 113.7 |   232M | 262 | 951 |5425 |5425 |   0 |  0 |   0 |  37 | 4.300000e+01 | 9.920000e+01 | 130.70%| unknown
  831s|130200 |105529 | 14791k| 113.6 |   232M | 262 | 951 |5425 |5425 |   0 |  0 |   0 |  37 | 4.300000e+01 | 9.920000e+01 | 130.70%| unknown
  832s|130300 |105605 | 14792k| 113.5 |   232M | 262 | 951 |5425 |5425 |   0 |  0 |   0 |  37 | 4.300000e+01 | 9.920000e+01 | 130.70%| unknown
 time | node  | left  |LP iter|LP it/n|mem/heur|mdpt |vars |cons |rows |cuts |sepa|confs|strbr|  dualbound   | primalbound  |  gap   | compl. 
  832s|130400 |105691 | 14793k| 113.4 |   232M | 262 | 951 |5425 |5425 |   0 |  0 |   0 |  37 | 4.300000e+01 | 9.920000e+01 | 130.70%| unknown
  832s|130500 |105765 | 14801k| 113.4 |   232M | 262 | 951 |5425 |5425 |   0 |  0 |   0 |  37 | 4.300000e+01 | 9.920000e+01 | 130.70%| unknown
  833s|130600 |105835 | 14822k| 113.5 |   232M | 262 | 951 |5425 |5425 |   0 |  0 |   0 |  37 | 4.300000e+01 | 9.920000e+01 | 130.70%| unknown
  834s|130700 |105913 | 14838k| 113.5 |   232M | 262 | 951 |5425 |5425 |   0 |  0 |   0 |  37 | 4.300000e+01 | 9.920000e+01 | 130.70%| unknown
  835s|130800 |105985 | 14853k| 113.6 |   232M | 262 | 951 |5425 |5425 |   0 |  0 |   0 |  37 | 4.300000e+01 | 9.920000e+01 | 130.70%| unknown
  836s|130900 |106061 | 14867k| 113.6 |   232M | 262 | 951 |5425 |5425 |   0 |  0 |   0 |  37 | 4.300000e+01 | 9.920000e+01 | 130.70%| unknown
  836s|131000 |106133 | 14877k| 113.6 |   233M | 262 | 951 |5425 |5425 |   0 |  0 |   0 |  37 | 4.300000e+01 | 9.920000e+01 | 130.70%| unknown
  837s|131100 |106215 | 14898k| 113.6 |   233M | 262 | 951 |5425 |5425 |   0 |  0 |   0 |  37 | 4.300000e+01 | 9.920000e+01 | 130.70%| unknown
  838s|131200 |106307 | 14909k| 113.6 |   233M | 262 | 951 |5425 |5425 |   0 |  0 |   0 |  37 | 4.300000e+01 | 9.920000e+01 | 130.70%| unknown
  839s|131300 |106387 | 14923k| 113.7 |   233M | 262 | 951 |5425 |5425 |   0 |  0 |   0 |  37 | 4.300000e+01 | 9.920000e+01 | 130.70%| unknown
  839s|131400 |106469 | 14937k| 113.7 |   233M | 262 | 951 |5425 |5425 |   0 |  0 |   0 |  37 | 4.300000e+01 | 9.920000e+01 | 130.70%| unknown
  840s|131500 |106535 | 14953k| 113.7 |   233M | 262 | 951 |5425 |5425 |   0 |  0 |   0 |  37 | 4.300000e+01 | 9.920000e+01 | 130.70%| unknown
  841s|131600 |106617 | 14959k| 113.7 |   233M | 262 | 951 |5425 |5425 |   0 |  0 |   0 |  37 | 4.300000e+01 | 9.920000e+01 | 130.70%| unknown
  841s|131700 |106679 | 14961k| 113.6 |   234M | 262 | 951 |5425 |5425 |   0 |  0 |   0 |  37 | 4.300000e+01 | 9.920000e+01 | 130.70%| unknown
  841s|131800 |106761 | 14973k| 113.6 |   234M | 262 | 951 |5425 |5425 |   0 |  0 |   0 |  37 | 4.300000e+01 | 9.920000e+01 | 130.70%| unknown
 time | node  | left  |LP iter|LP it/n|mem/heur|mdpt |vars |cons |rows |cuts |sepa|confs|strbr|  dualbound   | primalbound  |  gap   | compl. 
  843s|131900 |106843 | 15002k| 113.7 |   234M | 262 | 951 |5425 |5425 |   0 |  0 |   0 |  37 | 4.300000e+01 | 9.920000e+01 | 130.70%| unknown
  844s|132000 |106917 | 15019k| 113.8 |   235M | 262 | 951 |5425 |5425 |   0 |  0 |   0 |  37 | 4.300000e+01 | 9.920000e+01 | 130.70%| unknown
  844s|132100 |106993 | 15031k| 113.8 |   235M | 262 | 951 |5425 |5425 |   0 |  0 |   0 |  37 | 4.300000e+01 | 9.920000e+01 | 130.70%| unknown
  845s|132200 |107075 | 15032k| 113.7 |   235M | 262 | 951 |5425 |5425 |   0 |  0 |   0 |  37 | 4.300000e+01 | 9.920000e+01 | 130.70%| unknown
  845s|132300 |107165 | 15033k| 113.6 |   235M | 262 | 951 |5425 |5425 |   0 |  0 |   0 |  37 | 4.300000e+01 | 9.920000e+01 | 130.70%| unknown
  845s|132400 |107247 | 15034k| 113.6 |   235M | 262 | 951 |5425 |5425 |   0 |  0 |   0 |  37 | 4.300000e+01 | 9.920000e+01 | 130.70%| unknown
  845s|132500 |107331 | 15035k| 113.5 |   235M | 262 | 951 |5425 |5425 |   0 |  0 |   0 |  37 | 4.300000e+01 | 9.920000e+01 | 130.70%| unknown
  845s|132600 |107419 | 15036k| 113.4 |   235M | 262 | 951 |5425 |5425 |   0 |  0 |   0 |  37 | 4.300000e+01 | 9.920000e+01 | 130.70%| unknown
  846s|132700 |107503 | 15038k| 113.3 |   235M | 262 | 951 |5425 |5425 |   0 |  0 |   0 |  37 | 4.300000e+01 | 9.920000e+01 | 130.70%| unknown
  846s|132800 |107591 | 15054k| 113.4 |   235M | 262 | 951 |5425 |5425 |   0 |  0 |   0 |  37 | 4.300000e+01 | 9.920000e+01 | 130.70%| unknown
  847s|132900 |107661 | 15055k| 113.3 |   235M | 262 | 951 |5425 |5425 |   0 |  0 |   0 |  37 | 4.300000e+01 | 9.920000e+01 | 130.70%| unknown
  847s|133000 |107733 | 15056k| 113.2 |   236M | 262 | 951 |5425 |5425 |   0 |  0 |   0 |  37 | 4.300000e+01 | 9.920000e+01 | 130.70%| unknown
  847s|133100 |107809 | 15057k| 113.1 |   236M | 262 | 951 |5425 |5425 |   0 |  0 |   0 |  37 | 4.300000e+01 | 9.920000e+01 | 130.70%| unknown
  847s|133200 |107873 | 15066k| 113.1 |   236M | 262 | 951 |5425 |5425 |   0 |  0 |   0 |  37 | 4.300000e+01 | 9.920000e+01 | 130.70%| unknown
  848s|133300 |107941 | 15078k| 113.1 |   236M | 262 | 951 |5425 |5425 |   0 |  0 |   0 |  37 | 4.300000e+01 | 9.920000e+01 | 130.70%| unknown
 time | node  | left  |LP iter|LP it/n|mem/heur|mdpt |vars |cons |rows |cuts |sepa|confs|strbr|  dualbound   | primalbound  |  gap   | compl. 
  848s|133400 |108007 | 15084k| 113.1 |   236M | 262 | 951 |5425 |5425 |   0 |  0 |   0 |  37 | 4.300000e+01 | 9.920000e+01 | 130.70%| unknown
  849s|133500 |108095 | 15085k| 113.0 |   236M | 262 | 951 |5425 |5425 |   0 |  0 |   0 |  37 | 4.300000e+01 | 9.920000e+01 | 130.70%| unknown
  849s|133600 |108185 | 15086k| 112.9 |   236M | 262 | 951 |5425 |5425 |   0 |  0 |   0 |  37 | 4.300000e+01 | 9.920000e+01 | 130.70%| unknown
  849s|133700 |108265 | 15087k| 112.8 |   238M | 262 | 951 |5425 |5425 |   0 |  0 |   0 |  37 | 4.300000e+01 | 9.920000e+01 | 130.70%| unknown
  849s|133800 |108345 | 15088k| 112.8 |   238M | 262 | 951 |5425 |5425 |   0 |  0 |   0 |  37 | 4.300000e+01 | 9.920000e+01 | 130.70%| unknown
  849s|133900 |108423 | 15089k| 112.7 |   238M | 262 | 951 |5425 |5425 |   0 |  0 |   0 |  37 | 4.300000e+01 | 9.920000e+01 | 130.70%| unknown
  850s|134000 |108511 | 15100k| 112.7 |   239M | 262 | 951 |5425 |5425 |   0 |  0 |   0 |  37 | 4.300000e+01 | 9.920000e+01 | 130.70%| unknown
  852s|134100 |108573 | 15127k| 112.8 |   239M | 262 | 951 |5425 |5425 |   0 |  0 |   0 |  37 | 4.300000e+01 | 9.920000e+01 | 130.70%| unknown
  852s|134200 |108643 | 15144k| 112.8 |   239M | 262 | 951 |5425 |5425 |   0 |  0 |   0 |  37 | 4.300000e+01 | 9.920000e+01 | 130.70%| unknown
  854s|134300 |108725 | 15168k| 112.9 |   239M | 262 | 951 |5425 |5425 |   0 |  0 |   0 |  37 | 4.300000e+01 | 9.920000e+01 | 130.70%| unknown
  854s|134400 |108785 | 15181k| 113.0 |   239M | 262 | 951 |5425 |5425 |   0 |  0 |   0 |  37 | 4.300000e+01 | 9.920000e+01 | 130.70%| unknown
  855s|134500 |108855 | 15196k| 113.0 |   239M | 262 | 951 |5425 |5425 |   0 |  0 |   0 |  37 | 4.300000e+01 | 9.920000e+01 | 130.70%| unknown
  856s|134600 |108927 | 15214k| 113.0 |   239M | 262 | 951 |5425 |5425 |   0 |  0 |   0 |  37 | 4.300000e+01 | 9.920000e+01 | 130.70%| unknown
  857s|134700 |108989 | 15233k| 113.1 |   239M | 262 | 951 |5425 |5425 |   0 |  0 |   0 |  37 | 4.300000e+01 | 9.920000e+01 | 130.70%| unknown
  858s|134800 |109069 | 15251k| 113.1 |   239M | 262 | 951 |5425 |5425 |   0 |  0 |   0 |  37 | 4.300000e+01 | 9.920000e+01 | 130.70%| unknown
 time | node  | left  |LP iter|LP it/n|mem/heur|mdpt |vars |cons |rows |cuts |sepa|confs|strbr|  dualbound   | primalbound  |  gap   | compl. 
  859s|134900 |109153 | 15268k| 113.2 |   239M | 262 | 951 |5425 |5425 |   0 |  0 |   0 |  37 | 4.300000e+01 | 9.920000e+01 | 130.70%| unknown
  860s|135000 |109235 | 15285k| 113.2 |   239M | 262 | 951 |5425 |5425 |   0 |  0 |   0 |  37 | 4.300000e+01 | 9.920000e+01 | 130.70%| unknown
  861s|135100 |109305 | 15307k| 113.3 |   240M | 262 | 951 |5425 |5425 |   0 |  0 |   0 |  37 | 4.300000e+01 | 9.920000e+01 | 130.70%| unknown
  862s|135200 |109375 | 15332k| 113.4 |   240M | 262 | 951 |5425 |5425 |   0 |  0 |   0 |  37 | 4.300000e+01 | 9.920000e+01 | 130.70%| unknown
  863s|135300 |109443 | 15353k| 113.5 |   240M | 262 | 951 |5425 |5425 |   0 |  0 |   0 |  37 | 4.300000e+01 | 9.920000e+01 | 130.70%| unknown
  864s|135400 |109511 | 15371k| 113.5 |   240M | 262 | 951 |5425 |5425 |   0 |  0 |   0 |  37 | 4.300000e+01 | 9.920000e+01 | 130.70%| unknown
  865s|135500 |109567 | 15381k| 113.5 |   240M | 262 | 951 |5425 |5425 |   0 |  0 |   0 |  37 | 4.300000e+01 | 9.920000e+01 | 130.70%| unknown
  866s|135600 |109637 | 15397k| 113.5 |   240M | 262 | 951 |5425 |5425 |   0 |  0 |   0 |  37 | 4.300000e+01 | 9.920000e+01 | 130.70%| unknown
  866s|135700 |109695 | 15410k| 113.6 |   240M | 262 | 951 |5425 |5425 |   0 |  0 |   0 |  37 | 4.300000e+01 | 9.920000e+01 | 130.70%| unknown
  866s|135800 |109769 | 15411k| 113.5 |   240M | 262 | 951 |5425 |5425 |   0 |  0 |   0 |  37 | 4.300000e+01 | 9.920000e+01 | 130.70%| unknown
  867s|135900 |109829 | 15413k| 113.4 |   240M | 262 | 951 |5425 |5425 |   0 |  0 |   0 |  37 | 4.300000e+01 | 9.920000e+01 | 130.70%| unknown
  867s|136000 |109909 | 15424k| 113.4 |   240M | 262 | 951 |5425 |5425 |   0 |  0 |   0 |  37 | 4.300000e+01 | 9.920000e+01 | 130.70%| unknown
  868s|136100 |109985 | 15443k| 113.5 |   240M | 262 | 951 |5425 |5425 |   0 |  0 |   0 |  37 | 4.300000e+01 | 9.920000e+01 | 130.70%| unknown
  869s|136200 |110061 | 15461k| 113.5 |   241M | 262 | 951 |5425 |5425 |   0 |  0 |   0 |  37 | 4.300000e+01 | 9.920000e+01 | 130.70%| unknown
  870s|136300 |110153 | 15477k| 113.5 |   241M | 262 | 951 |5425 |5425 |   0 |  0 |   0 |  37 | 4.300000e+01 | 9.920000e+01 | 130.70%| unknown
 time | node  | left  |LP iter|LP it/n|mem/heur|mdpt |vars |cons |rows |cuts |sepa|confs|strbr|  dualbound   | primalbound  |  gap   | compl. 
  871s|136400 |110229 | 15496k| 113.6 |   241M | 262 | 951 |5425 |5425 |   0 |  0 |   0 |  37 | 4.300000e+01 | 9.920000e+01 | 130.70%| unknown
  871s|136500 |110293 | 15501k| 113.6 |   241M | 262 | 951 |5425 |5425 |   0 |  0 |   0 |  37 | 4.300000e+01 | 9.920000e+01 | 130.70%| unknown
  872s|136600 |110373 | 15509k| 113.5 |   241M | 262 | 951 |5425 |5425 |   0 |  0 |   0 |  37 | 4.300000e+01 | 9.920000e+01 | 130.70%| unknown
  873s|136700 |110457 | 15530k| 113.6 |   242M | 262 | 951 |5425 |5425 |   0 |  0 |   0 |  37 | 4.300000e+01 | 9.920000e+01 | 130.70%| unknown
  874s|136800 |110547 | 15546k| 113.6 |   242M | 262 | 951 |5425 |5425 |   0 |  0 |   0 |  37 | 4.300000e+01 | 9.920000e+01 | 130.70%| unknown
  875s|136900 |110629 | 15563k| 113.7 |   242M | 262 | 951 |5425 |5425 |   0 |  0 |   0 |  37 | 4.300000e+01 | 9.920000e+01 | 130.70%| unknown
  876s|137000 |110689 | 15581k| 113.7 |   242M | 262 | 951 |5425 |5425 |   0 |  0 |   0 |  37 | 4.300000e+01 | 9.920000e+01 | 130.70%| unknown
  877s|137100 |110759 | 15608k| 113.8 |   242M | 262 | 951 |5425 |5425 |   0 |  0 |   0 |  37 | 4.300000e+01 | 9.920000e+01 | 130.70%| unknown
  877s|137200 |110839 | 15609k| 113.8 |   242M | 262 | 951 |5425 |5425 |   0 |  0 |   0 |  37 | 4.300000e+01 | 9.920000e+01 | 130.70%| unknown
  877s|137300 |110915 | 15610k| 113.7 |   243M | 262 | 951 |5425 |5425 |   0 |  0 |   0 |  37 | 4.300000e+01 | 9.920000e+01 | 130.70%| unknown
  877s|137400 |110985 | 15612k| 113.6 |   243M | 262 | 951 |5425 |5425 |   0 |  0 |   0 |  37 | 4.300000e+01 | 9.920000e+01 | 130.70%| unknown
  878s|137500 |111069 | 15628k| 113.7 |   243M | 262 | 951 |5425 |5425 |   0 |  0 |   0 |  37 | 4.300000e+01 | 9.920000e+01 | 130.70%| unknown
  879s|137600 |111143 | 15638k| 113.6 |   243M | 262 | 951 |5425 |5425 |   0 |  0 |   0 |  37 | 4.300000e+01 | 9.920000e+01 | 130.70%| unknown
  879s|137700 |111219 | 15640k| 113.6 |   243M | 262 | 951 |5425 |5425 |   0 |  0 |   0 |  37 | 4.300000e+01 | 9.920000e+01 | 130.70%| unknown
  879s|137800 |111297 | 15641k| 113.5 |   243M | 262 | 951 |5425 |5425 |   0 |  0 |   0 |  37 | 4.300000e+01 | 9.920000e+01 | 130.70%| unknown
 time | node  | left  |LP iter|LP it/n|mem/heur|mdpt |vars |cons |rows |cuts |sepa|confs|strbr|  dualbound   | primalbound  |  gap   | compl. 
  879s|137900 |111373 | 15643k| 113.4 |   243M | 262 | 951 |5425 |5425 |   0 |  0 |   0 |  37 | 4.300000e+01 | 9.920000e+01 | 130.70%| unknown
  879s|138000 |111447 | 15644k| 113.4 |   243M | 262 | 951 |5425 |5425 |   0 |  0 |   0 |  37 | 4.300000e+01 | 9.920000e+01 | 130.70%| unknown
  880s|138100 |111493 | 15646k| 113.3 |   243M | 262 | 951 |5425 |5425 |   0 |  0 |   0 |  37 | 4.300000e+01 | 9.920000e+01 | 130.70%| unknown
  880s|138200 |111557 | 15648k| 113.2 |   243M | 262 | 951 |5425 |5425 |   0 |  0 |   0 |  37 | 4.300000e+01 | 9.920000e+01 | 130.70%| unknown
  880s|138300 |111647 | 15649k| 113.1 |   243M | 262 | 951 |5425 |5425 |   0 |  0 |   0 |  37 | 4.300000e+01 | 9.920000e+01 | 130.70%| unknown
  880s|138400 |111729 | 15650k| 113.1 |   244M | 262 | 951 |5425 |5425 |   0 |  0 |   0 |  37 | 4.300000e+01 | 9.920000e+01 | 130.70%| unknown
  880s|138500 |111797 | 15651k| 113.0 |   244M | 262 | 951 |5425 |5425 |   0 |  0 |   0 |  37 | 4.300000e+01 | 9.920000e+01 | 130.70%| unknown
  881s|138600 |111875 | 15652k| 112.9 |   244M | 262 | 951 |5425 |5425 |   0 |  0 |   0 |  37 | 4.300000e+01 | 9.920000e+01 | 130.70%| unknown
  881s|138700 |111963 | 15653k| 112.9 |   244M | 262 | 951 |5425 |5425 |   0 |  0 |   0 |  37 | 4.300000e+01 | 9.920000e+01 | 130.70%| unknown
  881s|138800 |112035 | 15654k| 112.8 |   244M | 262 | 951 |5425 |5425 |   0 |  0 |   0 |  37 | 4.300000e+01 | 9.920000e+01 | 130.70%| unknown
  881s|138900 |112117 | 15655k| 112.7 |   244M | 262 | 951 |5425 |5425 |   0 |  0 |   0 |  37 | 4.300000e+01 | 9.920000e+01 | 130.70%| unknown
  881s|139000 |112191 | 15657k| 112.6 |   244M | 262 | 951 |5425 |5425 |   0 |  0 |   0 |  37 | 4.300000e+01 | 9.920000e+01 | 130.70%| unknown
  881s|139100 |112267 | 15658k| 112.6 |   245M | 262 | 951 |5425 |5425 |   0 |  0 |   0 |  37 | 4.300000e+01 | 9.920000e+01 | 130.70%| unknown
  882s|139200 |112351 | 15659k| 112.5 |   245M | 262 | 951 |5425 |5425 |   0 |  0 |   0 |  37 | 4.300000e+01 | 9.920000e+01 | 130.70%| unknown
  882s|139300 |112439 | 15660k| 112.4 |   245M | 262 | 951 |5425 |5425 |   0 |  0 |   0 |  37 | 4.300000e+01 | 9.920000e+01 | 130.70%| unknown
 time | node  | left  |LP iter|LP it/n|mem/heur|mdpt |vars |cons |rows |cuts |sepa|confs|strbr|  dualbound   | primalbound  |  gap   | compl. 
  883s|139400 |112513 | 15672k| 112.4 |   246M | 262 | 951 |5425 |5425 |   0 |  0 |   0 |  37 | 4.300000e+01 | 9.920000e+01 | 130.70%| unknown
  883s|139500 |112593 | 15688k| 112.5 |   246M | 262 | 951 |5425 |5425 |   0 |  0 |   0 |  37 | 4.300000e+01 | 9.920000e+01 | 130.70%| unknown
  884s|139600 |112655 | 15708k| 112.5 |   246M | 262 | 951 |5425 |5425 |   0 |  0 |   0 |  37 | 4.300000e+01 | 9.920000e+01 | 130.70%| unknown
  885s|139700 |112721 | 15728k| 112.6 |   246M | 262 | 951 |5425 |5425 |   0 |  0 |   0 |  37 | 4.300000e+01 | 9.920000e+01 | 130.70%| unknown
  886s|139800 |112795 | 15748k| 112.6 |   247M | 262 | 951 |5425 |5425 |   0 |  0 |   0 |  37 | 4.300000e+01 | 9.920000e+01 | 130.70%| unknown
  887s|139900 |112875 | 15762k| 112.7 |   247M | 262 | 951 |5425 |5425 |   0 |  0 |   0 |  37 | 4.300000e+01 | 9.920000e+01 | 130.70%| unknown
  888s|140000 |112949 | 15778k| 112.7 |   247M | 262 | 951 |5425 |5425 |   0 |  0 |   0 |  37 | 4.300000e+01 | 9.920000e+01 | 130.70%| unknown
  889s|140100 |113029 | 15800k| 112.8 |   247M | 262 | 951 |5425 |5425 |   0 |  0 |   0 |  37 | 4.300000e+01 | 9.920000e+01 | 130.70%| unknown
  890s|140200 |113111 | 15815k| 112.8 |   247M | 262 | 951 |5425 |5425 |   0 |  0 |   0 |  37 | 4.300000e+01 | 9.920000e+01 | 130.70%| unknown
  891s|140300 |113187 | 15837k| 112.9 |   247M | 262 | 951 |5425 |5425 |   0 |  0 |   0 |  37 | 4.300000e+01 | 9.920000e+01 | 130.70%| unknown
  892s|140400 |113275 | 15854k| 112.9 |   248M | 262 | 951 |5425 |5425 |   0 |  0 |   0 |  37 | 4.300000e+01 | 9.920000e+01 | 130.70%| unknown
  893s|140500 |113349 | 15868k| 112.9 |   248M | 262 | 951 |5425 |5425 |   0 |  0 |   0 |  37 | 4.300000e+01 | 9.920000e+01 | 130.70%| unknown
  894s|140600 |113427 | 15899k| 113.1 |   248M | 262 | 951 |5425 |5425 |   0 |  0 |   0 |  37 | 4.300000e+01 | 9.920000e+01 | 130.70%| unknown
  895s|140700 |113505 | 15918k| 113.1 |   248M | 262 | 951 |5425 |5425 |   0 |  0 |   0 |  37 | 4.300000e+01 | 9.920000e+01 | 130.70%| unknown
  896s|140800 |113599 | 15932k| 113.1 |   248M | 262 | 951 |5425 |5425 |   0 |  0 |   0 |  37 | 4.300000e+01 | 9.920000e+01 | 130.70%| unknown
 time | node  | left  |LP iter|LP it/n|mem/heur|mdpt |vars |cons |rows |cuts |sepa|confs|strbr|  dualbound   | primalbound  |  gap   | compl. 
  897s|140900 |113673 | 15952k| 113.2 |   248M | 262 | 951 |5425 |5425 |   0 |  0 |   0 |  37 | 4.300000e+01 | 9.920000e+01 | 130.70%| unknown
  898s|141000 |113739 | 15974k| 113.3 |   248M | 262 | 951 |5425 |5425 |   0 |  0 |   0 |  37 | 4.300000e+01 | 9.920000e+01 | 130.70%| unknown
  899s|141100 |113815 | 15985k| 113.3 |   248M | 262 | 951 |5425 |5425 |   0 |  0 |   0 |  37 | 4.300000e+01 | 9.920000e+01 | 130.70%| unknown
  900s|141200 |113865 | 16003k| 113.3 |   248M | 262 | 951 |5425 |5425 |   0 |  0 |   0 |  37 | 4.300000e+01 | 9.920000e+01 | 130.70%| unknown
  901s|141300 |113929 | 16018k| 113.4 |   248M | 262 | 951 |5425 |5425 |   0 |  0 |   0 |  37 | 4.300000e+01 | 9.920000e+01 | 130.70%| unknown
  901s|141400 |114009 | 16023k| 113.3 |   248M | 262 | 951 |5425 |5425 |   0 |  0 |   0 |  37 | 4.300000e+01 | 9.920000e+01 | 130.70%| unknown
  901s|141500 |114089 | 16024k| 113.2 |   249M | 262 | 951 |5425 |5425 |   0 |  0 |   0 |  37 | 4.300000e+01 | 9.920000e+01 | 130.70%| unknown
  901s|141600 |114159 | 16026k| 113.2 |   249M | 262 | 951 |5425 |5425 |   0 |  0 |   0 |  37 | 4.300000e+01 | 9.920000e+01 | 130.70%| unknown
  902s|141700 |114239 | 16027k| 113.1 |   249M | 262 | 951 |5425 |5425 |   0 |  0 |   0 |  37 | 4.300000e+01 | 9.920000e+01 | 130.70%| unknown
  902s|141800 |114307 | 16039k| 113.1 |   250M | 262 | 951 |5425 |5425 |   0 |  0 |   0 |  37 | 4.300000e+01 | 9.920000e+01 | 130.70%| unknown
  903s|141900 |114389 | 16052k| 113.1 |   250M | 262 | 951 |5425 |5425 |   0 |  0 |   0 |  37 | 4.300000e+01 | 9.920000e+01 | 130.70%| unknown
  904s|142000 |114459 | 16083k| 113.3 |   250M | 262 | 951 |5425 |5425 |   0 |  0 |   0 |  37 | 4.300000e+01 | 9.920000e+01 | 130.70%| unknown
  905s|142100 |114523 | 16094k| 113.3 |   250M | 262 | 951 |5425 |5425 |   0 |  0 |   0 |  37 | 4.300000e+01 | 9.920000e+01 | 130.70%| unknown
  906s|142200 |114599 | 16111k| 113.3 |   250M | 262 | 951 |5425 |5425 |   0 |  0 |   0 |  37 | 4.300000e+01 | 9.920000e+01 | 130.70%| unknown
  907s|142300 |114677 | 16132k| 113.4 |   250M | 262 | 951 |5425 |5425 |   0 |  0 |   0 |  37 | 4.300000e+01 | 9.920000e+01 | 130.70%| unknown
 time | node  | left  |LP iter|LP it/n|mem/heur|mdpt |vars |cons |rows |cuts |sepa|confs|strbr|  dualbound   | primalbound  |  gap   | compl. 
  908s|142400 |114755 | 16150k| 113.4 |   250M | 262 | 951 |5425 |5425 |   0 |  0 |   0 |  37 | 4.300000e+01 | 9.920000e+01 | 130.70%| unknown
  908s|142500 |114831 | 16151k| 113.3 |   250M | 262 | 951 |5425 |5425 |   0 |  0 |   0 |  37 | 4.300000e+01 | 9.920000e+01 | 130.70%| unknown
  908s|142600 |114907 | 16152k| 113.3 |   251M | 262 | 951 |5425 |5425 |   0 |  0 |   0 |  37 | 4.300000e+01 | 9.920000e+01 | 130.70%| unknown
  909s|142700 |114979 | 16153k| 113.2 |   251M | 262 | 951 |5425 |5425 |   0 |  0 |   0 |  37 | 4.300000e+01 | 9.920000e+01 | 130.70%| unknown
  909s|142800 |115029 | 16155k| 113.1 |   251M | 262 | 951 |5425 |5425 |   0 |  0 |   0 |  37 | 4.300000e+01 | 9.920000e+01 | 130.70%| unknown
  909s|142900 |115087 | 16161k| 113.1 |   251M | 262 | 951 |5425 |5425 |   0 |  0 |   0 |  37 | 4.300000e+01 | 9.920000e+01 | 130.70%| unknown
  910s|143000 |115141 | 16176k| 113.1 |   251M | 262 | 951 |5425 |5425 |   0 |  0 |   0 |  37 | 4.300000e+01 | 9.920000e+01 | 130.70%| unknown
  910s|143100 |115199 | 16180k| 113.1 |   251M | 262 | 951 |5425 |5425 |   0 |  0 |   0 |  37 | 4.300000e+01 | 9.920000e+01 | 130.70%| unknown
  911s|143200 |115281 | 16185k| 113.0 |   251M | 262 | 951 |5425 |5425 |   0 |  0 |   0 |  37 | 4.300000e+01 | 9.920000e+01 | 130.70%| unknown
  911s|143300 |115343 | 16186k| 112.9 |   251M | 262 | 951 |5425 |5425 |   0 |  0 |   0 |  37 | 4.300000e+01 | 9.920000e+01 | 130.70%| unknown
  911s|143400 |115405 | 16187k| 112.9 |   251M | 262 | 951 |5425 |5425 |   0 |  0 |   0 |  37 | 4.300000e+01 | 9.920000e+01 | 130.70%| unknown
  911s|143500 |115475 | 16188k| 112.8 |   251M | 262 | 951 |5425 |5425 |   0 |  0 |   0 |  37 | 4.300000e+01 | 9.920000e+01 | 130.70%| unknown
  911s|143600 |115527 | 16189k| 112.7 |   251M | 262 | 951 |5425 |5425 |   0 |  0 |   0 |  37 | 4.300000e+01 | 9.920000e+01 | 130.70%| unknown
  911s|143700 |115599 | 16190k| 112.7 |   251M | 262 | 951 |5425 |5425 |   0 |  0 |   0 |  37 | 4.300000e+01 | 9.920000e+01 | 130.70%| unknown
  912s|143800 |115663 | 16191k| 112.6 |   252M | 262 | 951 |5425 |5425 |   0 |  0 |   0 |  37 | 4.300000e+01 | 9.920000e+01 | 130.70%| unknown
 time | node  | left  |LP iter|LP it/n|mem/heur|mdpt |vars |cons |rows |cuts |sepa|confs|strbr|  dualbound   | primalbound  |  gap   | compl. 
  912s|143900 |115745 | 16198k| 112.6 |   252M | 262 | 951 |5425 |5425 |   0 |  0 |   0 |  37 | 4.300000e+01 | 9.920000e+01 | 130.70%| unknown
  913s|144000 |115819 | 16213k| 112.6 |   252M | 262 | 951 |5425 |5425 |   0 |  0 |   0 |  37 | 4.300000e+01 | 9.920000e+01 | 130.70%| unknown
  914s|144100 |115899 | 16226k| 112.6 |   253M | 262 | 951 |5425 |5425 |   0 |  0 |   0 |  37 | 4.300000e+01 | 9.920000e+01 | 130.70%| unknown
  915s|144200 |115955 | 16249k| 112.7 |   253M | 262 | 951 |5425 |5425 |   0 |  0 |   0 |  37 | 4.300000e+01 | 9.920000e+01 | 130.70%| unknown
  916s|144300 |116013 | 16275k| 112.8 |   253M | 262 | 951 |5425 |5425 |   0 |  0 |   0 |  37 | 4.300000e+01 | 9.920000e+01 | 130.70%| unknown
  917s|144400 |116075 | 16300k| 112.9 |   253M | 262 | 951 |5425 |5425 |   0 |  0 |   0 |  37 | 4.300000e+01 | 9.920000e+01 | 130.70%| unknown
  917s|144500 |116143 | 16301k| 112.8 |   253M | 262 | 951 |5425 |5425 |   0 |  0 |   0 |  37 | 4.300000e+01 | 9.920000e+01 | 130.70%| unknown
  918s|144600 |116215 | 16302k| 112.7 |   253M | 262 | 951 |5425 |5425 |   0 |  0 |   0 |  37 | 4.300000e+01 | 9.920000e+01 | 130.70%| unknown
  918s|144700 |116301 | 16303k| 112.7 |   253M | 262 | 951 |5425 |5425 |   0 |  0 |   0 |  37 | 4.300000e+01 | 9.920000e+01 | 130.70%| unknown
  918s|144800 |116389 | 16304k| 112.6 |   253M | 262 | 951 |5425 |5425 |   0 |  0 |   0 |  37 | 4.300000e+01 | 9.920000e+01 | 130.70%| unknown
  918s|144900 |116465 | 16305k| 112.5 |   254M | 262 | 951 |5425 |5425 |   0 |  0 |   0 |  37 | 4.300000e+01 | 9.920000e+01 | 130.70%| unknown
  918s|145000 |116547 | 16306k| 112.5 |   254M | 262 | 951 |5425 |5425 |   0 |  0 |   0 |  37 | 4.300000e+01 | 9.920000e+01 | 130.70%| unknown
  918s|145100 |116621 | 16307k| 112.4 |   254M | 262 | 951 |5425 |5425 |   0 |  0 |   0 |  37 | 4.300000e+01 | 9.920000e+01 | 130.70%| unknown
  919s|145200 |116691 | 16308k| 112.3 |   254M | 262 | 951 |5425 |5425 |   0 |  0 |   0 |  37 | 4.300000e+01 | 9.920000e+01 | 130.70%| unknown
  919s|145300 |116761 | 16310k| 112.2 |   254M | 262 | 951 |5425 |5425 |   0 |  0 |   0 |  37 | 4.300000e+01 | 9.920000e+01 | 130.70%| unknown
 time | node  | left  |LP iter|LP it/n|mem/heur|mdpt |vars |cons |rows |cuts |sepa|confs|strbr|  dualbound   | primalbound  |  gap   | compl. 
  919s|145400 |116827 | 16312k| 112.2 |   254M | 262 | 951 |5425 |5425 |   0 |  0 |   0 |  37 | 4.300000e+01 | 9.920000e+01 | 130.70%| unknown
  920s|145500 |116897 | 16329k| 112.2 |   254M | 262 | 951 |5425 |5425 |   0 |  0 |   0 |  37 | 4.300000e+01 | 9.920000e+01 | 130.70%| unknown
  921s|145600 |116957 | 16355k| 112.3 |   254M | 262 | 951 |5425 |5425 |   0 |  0 |   0 |  37 | 4.300000e+01 | 9.920000e+01 | 130.70%| unknown
  922s|145700 |117029 | 16374k| 112.4 |   254M | 262 | 951 |5425 |5425 |   0 |  0 |   0 |  37 | 4.300000e+01 | 9.920000e+01 | 130.70%| unknown
  922s|145800 |117093 | 16377k| 112.3 |   254M | 262 | 951 |5425 |5425 |   0 |  0 |   0 |  37 | 4.300000e+01 | 9.920000e+01 | 130.70%| unknown
  923s|145900 |117169 | 16378k| 112.3 |   254M | 262 | 951 |5425 |5425 |   0 |  0 |   0 |  37 | 4.300000e+01 | 9.920000e+01 | 130.70%| unknown
  923s|146000 |117253 | 16379k| 112.2 |   255M | 262 | 951 |5425 |5425 |   0 |  0 |   0 |  37 | 4.300000e+01 | 9.920000e+01 | 130.70%| unknown
  923s|146100 |117325 | 16381k| 112.1 |   256M | 262 | 951 |5425 |5425 |   0 |  0 |   0 |  37 | 4.300000e+01 | 9.920000e+01 | 130.70%| unknown
  923s|146200 |117409 | 16382k| 112.0 |   256M | 262 | 951 |5425 |5425 |   0 |  0 |   0 |  37 | 4.300000e+01 | 9.920000e+01 | 130.70%| unknown
  923s|146300 |117489 | 16383k| 112.0 |   256M | 262 | 951 |5425 |5425 |   0 |  0 |   0 |  37 | 4.300000e+01 | 9.920000e+01 | 130.70%| unknown
  924s|146400 |117561 | 16385k| 111.9 |   256M | 262 | 951 |5425 |5425 |   0 |  0 |   0 |  37 | 4.300000e+01 | 9.920000e+01 | 130.70%| unknown
  924s|146500 |117635 | 16386k| 111.8 |   256M | 262 | 951 |5425 |5425 |   0 |  0 |   0 |  37 | 4.300000e+01 | 9.920000e+01 | 130.70%| unknown
  924s|146600 |117711 | 16387k| 111.8 |   256M | 262 | 951 |5425 |5425 |   0 |  0 |   0 |  37 | 4.300000e+01 | 9.920000e+01 | 130.70%| unknown
  924s|146700 |117787 | 16388k| 111.7 |   256M | 262 | 951 |5425 |5425 |   0 |  0 |   0 |  37 | 4.300000e+01 | 9.920000e+01 | 130.70%| unknown
  924s|146800 |117867 | 16389k| 111.6 |   256M | 262 | 951 |5425 |5425 |   0 |  0 |   0 |  37 | 4.300000e+01 | 9.920000e+01 | 130.70%| unknown
 time | node  | left  |LP iter|LP it/n|mem/heur|mdpt |vars |cons |rows |cuts |sepa|confs|strbr|  dualbound   | primalbound  |  gap   | compl. 
  925s|146900 |117951 | 16403k| 111.7 |   256M | 262 | 951 |5425 |5425 |   0 |  0 |   0 |  37 | 4.300000e+01 | 9.920000e+01 | 130.70%| unknown
  926s|147000 |118037 | 16434k| 111.8 |   261M | 262 | 951 |5425 |5425 |   0 |  0 |   0 |  37 | 4.300000e+01 | 9.920000e+01 | 130.70%| unknown
  928s|147100 |118123 | 16455k| 111.9 |   262M | 262 | 951 |5425 |5425 |   0 |  0 |   0 |  37 | 4.300000e+01 | 9.920000e+01 | 130.70%| unknown
  929s|147200 |118209 | 16480k| 112.0 |   262M | 262 | 951 |5425 |5425 |   0 |  0 |   0 |  37 | 4.300000e+01 | 9.920000e+01 | 130.70%| unknown
  930s|147300 |118291 | 16510k| 112.1 |   262M | 262 | 951 |5425 |5425 |   0 |  0 |   0 |  37 | 4.300000e+01 | 9.920000e+01 | 130.70%| unknown
  931s|147400 |118375 | 16531k| 112.1 |   262M | 262 | 951 |5425 |5425 |   0 |  0 |   0 |  37 | 4.300000e+01 | 9.920000e+01 | 130.70%| unknown
  932s|147500 |118463 | 16550k| 112.2 |   262M | 262 | 951 |5425 |5425 |   0 |  0 |   0 |  37 | 4.300000e+01 | 9.920000e+01 | 130.70%| unknown
  933s|147600 |118537 | 16571k| 112.3 |   262M | 262 | 951 |5425 |5425 |   0 |  0 |   0 |  37 | 4.300000e+01 | 9.920000e+01 | 130.70%| unknown
  934s|147700 |118631 | 16586k| 112.3 |   262M | 262 | 951 |5425 |5425 |   0 |  0 |   0 |  37 | 4.300000e+01 | 9.920000e+01 | 130.70%| unknown
  935s|147800 |118713 | 16598k| 112.3 |   262M | 262 | 951 |5425 |5425 |   0 |  0 |   0 |  37 | 4.300000e+01 | 9.920000e+01 | 130.70%| unknown
  936s|147900 |118793 | 16612k| 112.3 |   262M | 262 | 951 |5425 |5425 |   0 |  0 |   0 |  37 | 4.300000e+01 | 9.920000e+01 | 130.70%| unknown
  936s|148000 |118855 | 16626k| 112.3 |   263M | 262 | 951 |5425 |5425 |   0 |  0 |   0 |  37 | 4.300000e+01 | 9.920000e+01 | 130.70%| unknown
  937s|148100 |118943 | 16648k| 112.4 |   263M | 262 | 951 |5425 |5425 |   0 |  0 |   0 |  37 | 4.300000e+01 | 9.920000e+01 | 130.70%| unknown
  938s|148200 |119027 | 16649k| 112.3 |   263M | 262 | 951 |5425 |5425 |   0 |  0 |   0 |  37 | 4.300000e+01 | 9.920000e+01 | 130.70%| unknown
  938s|148300 |119091 | 16650k| 112.3 |   263M | 262 | 951 |5425 |5425 |   0 |  0 |   0 |  37 | 4.300000e+01 | 9.920000e+01 | 130.70%| unknown
 time | node  | left  |LP iter|LP it/n|mem/heur|mdpt |vars |cons |rows |cuts |sepa|confs|strbr|  dualbound   | primalbound  |  gap   | compl. 
  938s|148400 |119161 | 16651k| 112.2 |   263M | 262 | 951 |5425 |5425 |   0 |  0 |   0 |  37 | 4.300000e+01 | 9.920000e+01 | 130.70%| unknown
  938s|148500 |119247 | 16652k| 112.1 |   263M | 262 | 951 |5425 |5425 |   0 |  0 |   0 |  37 | 4.300000e+01 | 9.920000e+01 | 130.70%| unknown
  938s|148600 |119321 | 16654k| 112.1 |   263M | 262 | 951 |5425 |5425 |   0 |  0 |   0 |  37 | 4.300000e+01 | 9.920000e+01 | 130.70%| unknown
  938s|148700 |119397 | 16655k| 112.0 |   263M | 262 | 951 |5425 |5425 |   0 |  0 |   0 |  37 | 4.300000e+01 | 9.920000e+01 | 130.70%| unknown
  939s|148800 |119467 | 16656k| 111.9 |   263M | 262 | 951 |5425 |5425 |   0 |  0 |   0 |  37 | 4.300000e+01 | 9.920000e+01 | 130.70%| unknown
  939s|148900 |119541 | 16657k| 111.9 |   263M | 262 | 951 |5425 |5425 |   0 |  0 |   0 |  37 | 4.300000e+01 | 9.920000e+01 | 130.70%| unknown
  940s|149000 |119619 | 16672k| 111.9 |   263M | 262 | 951 |5425 |5425 |   0 |  0 |   0 |  37 | 4.300000e+01 | 9.920000e+01 | 130.70%| unknown
  941s|149100 |119697 | 16711k| 112.1 |   265M | 262 | 951 |5425 |5425 |   0 |  0 |   0 |  37 | 4.300000e+01 | 9.920000e+01 | 130.70%| unknown
  942s|149200 |119783 | 16731k| 112.1 |   265M | 262 | 951 |5425 |5425 |   0 |  0 |   0 |  37 | 4.300000e+01 | 9.920000e+01 | 130.70%| unknown
  943s|149300 |119853 | 16738k| 112.1 |   265M | 262 | 951 |5425 |5425 |   0 |  0 |   0 |  37 | 4.300000e+01 | 9.920000e+01 | 130.70%| unknown
  943s|149400 |119937 | 16739k| 112.0 |   265M | 262 | 951 |5425 |5425 |   0 |  0 |   0 |  37 | 4.300000e+01 | 9.920000e+01 | 130.70%| unknown
  943s|149500 |120019 | 16740k| 112.0 |   265M | 262 | 951 |5425 |5425 |   0 |  0 |   0 |  37 | 4.300000e+01 | 9.920000e+01 | 130.70%| unknown
  943s|149600 |120091 | 16741k| 111.9 |   265M | 262 | 951 |5425 |5425 |   0 |  0 |   0 |  37 | 4.300000e+01 | 9.920000e+01 | 130.70%| unknown
  944s|149700 |120169 | 16742k| 111.8 |   265M | 262 | 951 |5425 |5425 |   0 |  0 |   0 |  37 | 4.300000e+01 | 9.920000e+01 | 130.70%| unknown
  944s|149800 |120225 | 16743k| 111.8 |   265M | 262 | 951 |5425 |5425 |   0 |  0 |   0 |  37 | 4.300000e+01 | 9.920000e+01 | 130.70%| unknown
 time | node  | left  |LP iter|LP it/n|mem/heur|mdpt |vars |cons |rows |cuts |sepa|confs|strbr|  dualbound   | primalbound  |  gap   | compl. 
  944s|149900 |120283 | 16745k| 111.7 |   265M | 262 | 951 |5425 |5425 |   0 |  0 |   0 |  37 | 4.300000e+01 | 9.920000e+01 | 130.70%| unknown
  944s|150000 |120339 | 16746k| 111.6 |   265M | 262 | 951 |5425 |5425 |   0 |  0 |   0 |  37 | 4.300000e+01 | 9.920000e+01 | 130.70%| unknown
  944s|150100 |120423 | 16747k| 111.6 |   265M | 262 | 951 |5425 |5425 |   0 |  0 |   0 |  37 | 4.300000e+01 | 9.920000e+01 | 130.70%| unknown
  944s|150200 |120507 | 16748k| 111.5 |   266M | 262 | 951 |5425 |5425 |   0 |  0 |   0 |  37 | 4.300000e+01 | 9.920000e+01 | 130.70%| unknown
  945s|150300 |120567 | 16750k| 111.4 |   266M | 262 | 951 |5425 |5425 |   0 |  0 |   0 |  37 | 4.300000e+01 | 9.920000e+01 | 130.70%| unknown
  945s|150400 |120655 | 16751k| 111.4 |   266M | 262 | 951 |5425 |5425 |   0 |  0 |   0 |  37 | 4.300000e+01 | 9.920000e+01 | 130.70%| unknown
  945s|150500 |120711 | 16752k| 111.3 |   266M | 262 | 951 |5425 |5425 |   0 |  0 |   0 |  37 | 4.300000e+01 | 9.920000e+01 | 130.70%| unknown
  945s|150600 |120769 | 16753k| 111.2 |   266M | 262 | 951 |5425 |5425 |   0 |  0 |   0 |  37 | 4.300000e+01 | 9.920000e+01 | 130.70%| unknown
  945s|150700 |120831 | 16754k| 111.2 |   266M | 262 | 951 |5425 |5425 |   0 |  0 |   0 |  37 | 4.300000e+01 | 9.920000e+01 | 130.70%| unknown
  945s|150800 |120899 | 16755k| 111.1 |   266M | 262 | 951 |5425 |5425 |   0 |  0 |   0 |  37 | 4.300000e+01 | 9.920000e+01 | 130.70%| unknown
  946s|150900 |120955 | 16756k| 111.0 |   266M | 262 | 951 |5425 |5425 |   0 |  0 |   0 |  37 | 4.300000e+01 | 9.920000e+01 | 130.70%| unknown
  946s|151000 |121011 | 16757k| 111.0 |   266M | 262 | 951 |5425 |5425 |   0 |  0 |   0 |  37 | 4.300000e+01 | 9.920000e+01 | 130.70%| unknown
  946s|151100 |121057 | 16758k| 110.9 |   266M | 262 | 951 |5425 |5425 |   0 |  0 |   0 |  37 | 4.300000e+01 | 9.920000e+01 | 130.70%| unknown
  947s|151200 |121117 | 16769k| 110.9 |   266M | 262 | 951 |5425 |5425 |   0 |  0 |   0 |  37 | 4.300000e+01 | 9.920000e+01 | 130.70%| unknown
  947s|151300 |121187 | 16782k| 110.9 |   266M | 262 | 951 |5425 |5425 |   0 |  0 |   0 |  37 | 4.300000e+01 | 9.920000e+01 | 130.70%| unknown
 time | node  | left  |LP iter|LP it/n|mem/heur|mdpt |vars |cons |rows |cuts |sepa|confs|strbr|  dualbound   | primalbound  |  gap   | compl. 
  948s|151400 |121243 | 16800k| 111.0 |   267M | 262 | 951 |5425 |5425 |   0 |  0 |   0 |  37 | 4.300000e+01 | 9.920000e+01 | 130.70%| unknown
  950s|151500 |121307 | 16833k| 111.1 |   267M | 262 | 951 |5425 |5425 |   0 |  0 |   0 |  37 | 4.300000e+01 | 9.920000e+01 | 130.70%| unknown
  951s|151600 |121387 | 16853k| 111.2 |   267M | 262 | 951 |5425 |5425 |   0 |  0 |   0 |  37 | 4.300000e+01 | 9.920000e+01 | 130.70%| unknown
  953s|151700 |121461 | 16889k| 111.3 |   267M | 262 | 951 |5425 |5425 |   0 |  0 |   0 |  37 | 4.300000e+01 | 9.920000e+01 | 130.70%| unknown
  954s|151800 |121533 | 16928k| 111.5 |   267M | 262 | 951 |5425 |5425 |   0 |  0 |   0 |  37 | 4.300000e+01 | 9.920000e+01 | 130.70%| unknown
  955s|151900 |121609 | 16945k| 111.6 |   267M | 262 | 951 |5425 |5425 |   0 |  0 |   0 |  37 | 4.300000e+01 | 9.920000e+01 | 130.70%| unknown
  957s|152000 |121687 | 16977k| 111.7 |   267M | 262 | 951 |5425 |5425 |   0 |  0 |   0 |  37 | 4.300000e+01 | 9.920000e+01 | 130.70%| unknown
  957s|152100 |121743 | 16978k| 111.6 |   267M | 262 | 951 |5425 |5425 |   0 |  0 |   0 |  37 | 4.300000e+01 | 9.920000e+01 | 130.70%| unknown
  957s|152200 |121807 | 16980k| 111.6 |   269M | 262 | 951 |5425 |5425 |   0 |  0 |   0 |  37 | 4.300000e+01 | 9.920000e+01 | 130.70%| unknown
  957s|152300 |121887 | 16980k| 111.5 |   269M | 262 | 951 |5425 |5425 |   0 |  0 |   0 |  37 | 4.300000e+01 | 9.920000e+01 | 130.70%| unknown
  957s|152400 |121959 | 16982k| 111.4 |   269M | 262 | 951 |5425 |5425 |   0 |  0 |   0 |  37 | 4.300000e+01 | 9.920000e+01 | 130.70%| unknown
  958s|152500 |122013 | 16983k| 111.4 |   269M | 262 | 951 |5425 |5425 |   0 |  0 |   0 |  37 | 4.300000e+01 | 9.920000e+01 | 130.70%| unknown
  958s|152600 |122079 | 16985k| 111.3 |   270M | 262 | 951 |5425 |5425 |   0 |  0 |   0 |  37 | 4.300000e+01 | 9.920000e+01 | 130.70%| unknown
  958s|152700 |122153 | 16986k| 111.2 |   270M | 262 | 951 |5425 |5425 |   0 |  0 |   0 |  37 | 4.300000e+01 | 9.920000e+01 | 130.70%| unknown
  958s|152800 |122227 | 16987k| 111.2 |   270M | 262 | 951 |5425 |5425 |   0 |  0 |   0 |  37 | 4.300000e+01 | 9.920000e+01 | 130.70%| unknown
 time | node  | left  |LP iter|LP it/n|mem/heur|mdpt |vars |cons |rows |cuts |sepa|confs|strbr|  dualbound   | primalbound  |  gap   | compl. 
  958s|152900 |122297 | 16989k| 111.1 |   270M | 262 | 951 |5425 |5425 |   0 |  0 |   0 |  37 | 4.300000e+01 | 9.920000e+01 | 130.70%| unknown
  958s|153000 |122367 | 16990k| 111.0 |   270M | 262 | 951 |5425 |5425 |   0 |  0 |   0 |  37 | 4.300000e+01 | 9.920000e+01 | 130.70%| unknown
  959s|153100 |122435 | 16991k| 111.0 |   270M | 262 | 951 |5425 |5425 |   0 |  0 |   0 |  37 | 4.300000e+01 | 9.920000e+01 | 130.70%| unknown
  959s|153200 |122511 | 16992k| 110.9 |   270M | 262 | 951 |5425 |5425 |   0 |  0 |   0 |  37 | 4.300000e+01 | 9.920000e+01 | 130.70%| unknown
  959s|153300 |122585 | 16993k| 110.8 |   270M | 262 | 951 |5425 |5425 |   0 |  0 |   0 |  37 | 4.300000e+01 | 9.920000e+01 | 130.70%| unknown
  959s|153400 |122649 | 16995k| 110.8 |   270M | 262 | 951 |5425 |5425 |   0 |  0 |   0 |  37 | 4.300000e+01 | 9.920000e+01 | 130.70%| unknown
  959s|153500 |122727 | 16996k| 110.7 |   270M | 262 | 951 |5425 |5425 |   0 |  0 |   0 |  37 | 4.300000e+01 | 9.920000e+01 | 130.70%| unknown
  960s|153600 |122805 | 16997k| 110.7 |   270M | 262 | 951 |5425 |5425 |   0 |  0 |   0 |  37 | 4.300000e+01 | 9.920000e+01 | 130.70%| unknown
  960s|153700 |122885 | 16998k| 110.6 |   271M | 262 | 951 |5425 |5425 |   0 |  0 |   0 |  37 | 4.300000e+01 | 9.920000e+01 | 130.70%| unknown
  960s|153800 |122961 | 16999k| 110.5 |   271M | 262 | 951 |5425 |5425 |   0 |  0 |   0 |  37 | 4.300000e+01 | 9.920000e+01 | 130.70%| unknown
  960s|153900 |123017 | 17001k| 110.5 |   271M | 262 | 951 |5425 |5425 |   0 |  0 |   0 |  37 | 4.300000e+01 | 9.920000e+01 | 130.70%| unknown
  961s|154000 |123089 | 17027k| 110.6 |   271M | 262 | 951 |5425 |5425 |   0 |  0 |   0 |  37 | 4.300000e+01 | 9.920000e+01 | 130.70%| unknown
  962s|154100 |123173 | 17047k| 110.6 |   271M | 262 | 951 |5425 |5425 |   0 |  0 |   0 |  37 | 4.300000e+01 | 9.920000e+01 | 130.70%| unknown
  964s|154200 |123255 | 17066k| 110.7 |   271M | 262 | 951 |5425 |5425 |   0 |  0 |   0 |  37 | 4.300000e+01 | 9.920000e+01 | 130.70%| unknown
  964s|154300 |123333 | 17081k| 110.7 |   271M | 262 | 951 |5425 |5425 |   0 |  0 |   0 |  37 | 4.300000e+01 | 9.920000e+01 | 130.70%| unknown
 time | node  | left  |LP iter|LP it/n|mem/heur|mdpt |vars |cons |rows |cuts |sepa|confs|strbr|  dualbound   | primalbound  |  gap   | compl. 
  965s|154400 |123413 | 17098k| 110.7 |   272M | 262 | 951 |5425 |5425 |   0 |  0 |   0 |  37 | 4.300000e+01 | 9.920000e+01 | 130.70%| unknown
  967s|154500 |123497 | 17127k| 110.9 |   272M | 262 | 951 |5425 |5425 |   0 |  0 |   0 |  37 | 4.300000e+01 | 9.920000e+01 | 130.70%| unknown
  968s|154600 |123581 | 17143k| 110.9 |   272M | 262 | 951 |5425 |5425 |   0 |  0 |   0 |  37 | 4.300000e+01 | 9.920000e+01 | 130.70%| unknown
  968s|154700 |123675 | 17154k| 110.9 |   273M | 262 | 951 |5425 |5425 |   0 |  0 |   0 |  37 | 4.300000e+01 | 9.920000e+01 | 130.70%| unknown
  970s|154800 |123749 | 17180k| 111.0 |   273M | 262 | 951 |5425 |5425 |   0 |  0 |   0 |  37 | 4.300000e+01 | 9.920000e+01 | 130.70%| unknown
  971s|154900 |123821 | 17205k| 111.1 |   273M | 262 | 951 |5425 |5425 |   0 |  0 |   0 |  37 | 4.300000e+01 | 9.920000e+01 | 130.70%| unknown
  972s|155000 |123905 | 17225k| 111.1 |   273M | 262 | 951 |5425 |5425 |   0 |  0 |   0 |  37 | 4.300000e+01 | 9.920000e+01 | 130.70%| unknown
  973s|155100 |123981 | 17253k| 111.2 |   273M | 262 | 951 |5425 |5425 |   0 |  0 |   0 |  37 | 4.300000e+01 | 9.920000e+01 | 130.70%| unknown
  974s|155200 |124055 | 17278k| 111.3 |   273M | 262 | 951 |5425 |5425 |   0 |  0 |   0 |  37 | 4.300000e+01 | 9.920000e+01 | 130.70%| unknown
  975s|155300 |124141 | 17298k| 111.4 |   273M | 262 | 951 |5425 |5425 |   0 |  0 |   0 |  37 | 4.300000e+01 | 9.920000e+01 | 130.70%| unknown
  976s|155400 |124229 | 17313k| 111.4 |   273M | 262 | 951 |5425 |5425 |   0 |  0 |   0 |  37 | 4.300000e+01 | 9.920000e+01 | 130.70%| unknown
  977s|155500 |124317 | 17325k| 111.4 |   273M | 262 | 951 |5425 |5425 |   0 |  0 |   0 |  37 | 4.300000e+01 | 9.920000e+01 | 130.70%| unknown
  978s|155600 |124399 | 17340k| 111.4 |   273M | 262 | 951 |5425 |5425 |   0 |  0 |   0 |  37 | 4.300000e+01 | 9.920000e+01 | 130.70%| unknown
  979s|155700 |124477 | 17362k| 111.5 |   274M | 262 | 951 |5425 |5425 |   0 |  0 |   0 |  37 | 4.300000e+01 | 9.920000e+01 | 130.70%| unknown
  980s|155800 |124555 | 17375k| 111.5 |   274M | 262 | 951 |5425 |5425 |   0 |  0 |   0 |  37 | 4.300000e+01 | 9.920000e+01 | 130.70%| unknown
 time | node  | left  |LP iter|LP it/n|mem/heur|mdpt |vars |cons |rows |cuts |sepa|confs|strbr|  dualbound   | primalbound  |  gap   | compl. 
  981s|155900 |124641 | 17399k| 111.6 |   274M | 262 | 951 |5425 |5425 |   0 |  0 |   0 |  37 | 4.300000e+01 | 9.920000e+01 | 130.70%| unknown
  981s|156000 |124723 | 17414k| 111.6 |   274M | 262 | 951 |5425 |5425 |   0 |  0 |   0 |  37 | 4.300000e+01 | 9.920000e+01 | 130.70%| unknown
  982s|156100 |124793 | 17433k| 111.7 |   274M | 262 | 951 |5425 |5425 |   0 |  0 |   0 |  37 | 4.300000e+01 | 9.920000e+01 | 130.70%| unknown
  983s|156200 |124885 | 17448k| 111.7 |   274M | 262 | 951 |5425 |5425 |   0 |  0 |   0 |  37 | 4.300000e+01 | 9.920000e+01 | 130.70%| unknown
  983s|156300 |124959 | 17449k| 111.6 |   274M | 262 | 951 |5425 |5425 |   0 |  0 |   0 |  37 | 4.300000e+01 | 9.920000e+01 | 130.70%| unknown
  984s|156400 |125031 | 17463k| 111.7 |   274M | 262 | 951 |5425 |5425 |   0 |  0 |   0 |  37 | 4.300000e+01 | 9.920000e+01 | 130.70%| unknown
  985s|156500 |125105 | 17475k| 111.7 |   274M | 262 | 951 |5425 |5425 |   0 |  0 |   0 |  37 | 4.300000e+01 | 9.920000e+01 | 130.70%| unknown
  986s|156600 |125181 | 17493k| 111.7 |   274M | 262 | 951 |5425 |5425 |   0 |  0 |   0 |  37 | 4.300000e+01 | 9.920000e+01 | 130.70%| unknown
  987s|156700 |125245 | 17519k| 111.8 |   275M | 262 | 951 |5425 |5425 |   0 |  0 |   0 |  37 | 4.300000e+01 | 9.920000e+01 | 130.70%| unknown
  987s|156800 |125313 | 17521k| 111.7 |   275M | 262 | 951 |5425 |5425 |   0 |  0 |   0 |  37 | 4.300000e+01 | 9.920000e+01 | 130.70%| unknown
  987s|156900 |125395 | 17522k| 111.7 |   275M | 262 | 951 |5425 |5425 |   0 |  0 |   0 |  37 | 4.300000e+01 | 9.920000e+01 | 130.70%| unknown
  988s|157000 |125473 | 17525k| 111.6 |   275M | 262 | 951 |5425 |5425 |   0 |  0 |   0 |  37 | 4.300000e+01 | 9.920000e+01 | 130.70%| unknown
  988s|157100 |125541 | 17526k| 111.6 |   275M | 262 | 951 |5425 |5425 |   0 |  0 |   0 |  37 | 4.300000e+01 | 9.920000e+01 | 130.70%| unknown
  988s|157200 |125617 | 17527k| 111.5 |   276M | 262 | 951 |5425 |5425 |   0 |  0 |   0 |  37 | 4.300000e+01 | 9.920000e+01 | 130.70%| unknown
  988s|157300 |125687 | 17528k| 111.4 |   276M | 262 | 951 |5425 |5425 |   0 |  0 |   0 |  37 | 4.300000e+01 | 9.920000e+01 | 130.70%| unknown
 time | node  | left  |LP iter|LP it/n|mem/heur|mdpt |vars |cons |rows |cuts |sepa|confs|strbr|  dualbound   | primalbound  |  gap   | compl. 
  989s|157400 |125759 | 17547k| 111.5 |   276M | 262 | 951 |5425 |5425 |   0 |  0 |   0 |  37 | 4.300000e+01 | 9.920000e+01 | 130.70%| unknown
  991s|157500 |125831 | 17581k| 111.6 |   276M | 262 | 951 |5425 |5425 |   0 |  0 |   0 |  37 | 4.300000e+01 | 9.920000e+01 | 130.70%| unknown
  991s|157600 |125905 | 17582k| 111.6 |   276M | 262 | 951 |5425 |5425 |   0 |  0 |   0 |  37 | 4.300000e+01 | 9.920000e+01 | 130.70%| unknown
  991s|157700 |125981 | 17583k| 111.5 |   276M | 262 | 951 |5425 |5425 |   0 |  0 |   0 |  37 | 4.300000e+01 | 9.920000e+01 | 130.70%| unknown
  991s|157800 |126051 | 17584k| 111.4 |   277M | 262 | 951 |5425 |5425 |   0 |  0 |   0 |  37 | 4.300000e+01 | 9.920000e+01 | 130.70%| unknown
  992s|157900 |126127 | 17586k| 111.4 |   277M | 262 | 951 |5425 |5425 |   0 |  0 |   0 |  37 | 4.300000e+01 | 9.920000e+01 | 130.70%| unknown
  992s|158000 |126203 | 17594k| 111.4 |   277M | 262 | 951 |5425 |5425 |   0 |  0 |   0 |  37 | 4.300000e+01 | 9.920000e+01 | 130.70%| unknown
  993s|158100 |126281 | 17617k| 111.4 |   277M | 262 | 951 |5425 |5425 |   0 |  0 |   0 |  37 | 4.300000e+01 | 9.920000e+01 | 130.70%| unknown
  994s|158200 |126359 | 17634k| 111.5 |   278M | 262 | 951 |5425 |5425 |   0 |  0 |   0 |  37 | 4.300000e+01 | 9.920000e+01 | 130.70%| unknown
  996s|158300 |126423 | 17662k| 111.6 |   278M | 262 | 951 |5425 |5425 |   0 |  0 |   0 |  37 | 4.300000e+01 | 9.920000e+01 | 130.70%| unknown
  996s|158400 |126509 | 17678k| 111.6 |   278M | 262 | 951 |5425 |5425 |   0 |  0 |   0 |  37 | 4.300000e+01 | 9.920000e+01 | 130.70%| unknown
  998s|158500 |126589 | 17704k| 111.7 |   278M | 262 | 951 |5425 |5425 |   0 |  0 |   0 |  37 | 4.300000e+01 | 9.920000e+01 | 130.70%| unknown
  999s|158600 |126647 | 17731k| 111.8 |   278M | 262 | 951 |5425 |5425 |   0 |  0 |   0 |  37 | 4.300000e+01 | 9.920000e+01 | 130.70%| unknown
 1000s|158700 |126731 | 17752k| 111.9 |   278M | 262 | 951 |5425 |5425 |   0 |  0 |   0 |  37 | 4.300000e+01 | 9.920000e+01 | 130.70%| unknown
 1001s|158800 |126829 | 17763k| 111.9 |   279M | 262 | 951 |5425 |5425 |   0 |  0 |   0 |  37 | 4.300000e+01 | 9.920000e+01 | 130.70%| unknown
 time | node  | left  |LP iter|LP it/n|mem/heur|mdpt |vars |cons |rows |cuts |sepa|confs|strbr|  dualbound   | primalbound  |  gap   | compl. 
 1001s|158900 |126929 | 17764k| 111.8 |   279M | 262 | 951 |5425 |5425 |   0 |  0 |   0 |  37 | 4.300000e+01 | 9.920000e+01 | 130.70%| unknown
 1001s|159000 |127027 | 17765k| 111.7 |   279M | 262 | 951 |5425 |5425 |   0 |  0 |   0 |  37 | 4.300000e+01 | 9.920000e+01 | 130.70%| unknown
 1001s|159100 |127117 | 17766k| 111.7 |   279M | 262 | 951 |5425 |5425 |   0 |  0 |   0 |  37 | 4.300000e+01 | 9.920000e+01 | 130.70%| unknown
 1002s|159200 |127209 | 17767k| 111.6 |   279M | 262 | 951 |5425 |5425 |   0 |  0 |   0 |  37 | 4.300000e+01 | 9.920000e+01 | 130.70%| unknown
 1002s|159300 |127283 | 17769k| 111.5 |   280M | 262 | 951 |5425 |5425 |   0 |  0 |   0 |  37 | 4.300000e+01 | 9.920000e+01 | 130.70%| unknown
 1002s|159400 |127355 | 17771k| 111.5 |   280M | 262 | 951 |5425 |5425 |   0 |  0 |   0 |  37 | 4.300000e+01 | 9.920000e+01 | 130.70%| unknown
 1002s|159500 |127435 | 17772k| 111.4 |   280M | 262 | 951 |5425 |5425 |   0 |  0 |   0 |  37 | 4.300000e+01 | 9.920000e+01 | 130.70%| unknown
 1002s|159600 |127511 | 17773k| 111.4 |   280M | 262 | 951 |5425 |5425 |   0 |  0 |   0 |  37 | 4.300000e+01 | 9.920000e+01 | 130.70%| unknown
 1003s|159700 |127581 | 17774k| 111.3 |   280M | 262 | 951 |5425 |5425 |   0 |  0 |   0 |  37 | 4.300000e+01 | 9.920000e+01 | 130.70%| unknown
 1003s|159800 |127653 | 17776k| 111.2 |   281M | 262 | 951 |5425 |5425 |   0 |  0 |   0 |  37 | 4.300000e+01 | 9.920000e+01 | 130.70%| unknown
 1003s|159900 |127733 | 17784k| 111.2 |   281M | 262 | 951 |5425 |5425 |   0 |  0 |   0 |  37 | 4.300000e+01 | 9.920000e+01 | 130.70%| unknown
 1004s|160000 |127803 | 17802k| 111.3 |   281M | 262 | 951 |5425 |5425 |   0 |  0 |   0 |  37 | 4.300000e+01 | 9.920000e+01 | 130.70%| unknown
 1005s|160100 |127877 | 17828k| 111.4 |   281M | 262 | 951 |5425 |5425 |   0 |  0 |   0 |  37 | 4.300000e+01 | 9.920000e+01 | 130.70%| unknown
 1006s|160200 |127961 | 17832k| 111.3 |   281M | 262 | 951 |5425 |5425 |   0 |  0 |   0 |  37 | 4.300000e+01 | 9.920000e+01 | 130.70%| unknown
 1006s|160300 |128029 | 17833k| 111.2 |   281M | 262 | 951 |5425 |5425 |   0 |  0 |   0 |  37 | 4.300000e+01 | 9.920000e+01 | 130.70%| unknown
 time | node  | left  |LP iter|LP it/n|mem/heur|mdpt |vars |cons |rows |cuts |sepa|confs|strbr|  dualbound   | primalbound  |  gap   | compl. 
 1006s|160400 |128105 | 17834k| 111.2 |   281M | 262 | 951 |5425 |5425 |   0 |  0 |   0 |  37 | 4.300000e+01 | 9.920000e+01 | 130.70%| unknown
 1006s|160500 |128189 | 17836k| 111.1 |   281M | 262 | 951 |5425 |5425 |   0 |  0 |   0 |  37 | 4.300000e+01 | 9.920000e+01 | 130.70%| unknown
 1006s|160600 |128259 | 17837k| 111.1 |   281M | 262 | 951 |5425 |5425 |   0 |  0 |   0 |  37 | 4.300000e+01 | 9.920000e+01 | 130.70%| unknown
 1007s|160700 |128349 | 17838k| 111.0 |   281M | 262 | 951 |5425 |5425 |   0 |  0 |   0 |  37 | 4.300000e+01 | 9.920000e+01 | 130.70%| unknown
 1007s|160800 |128435 | 17839k| 110.9 |   282M | 262 | 951 |5425 |5425 |   0 |  0 |   0 |  37 | 4.300000e+01 | 9.920000e+01 | 130.70%| unknown
 1007s|160900 |128507 | 17840k| 110.9 |   282M | 262 | 951 |5425 |5425 |   0 |  0 |   0 |  37 | 4.300000e+01 | 9.920000e+01 | 130.70%| unknown
 1008s|161000 |128581 | 17855k| 110.9 |   282M | 262 | 951 |5425 |5425 |   0 |  0 |   0 |  37 | 4.300000e+01 | 9.920000e+01 | 130.70%| unknown
 1009s|161100 |128667 | 17885k| 111.0 |   282M | 262 | 951 |5425 |5425 |   0 |  0 |   0 |  37 | 4.300000e+01 | 9.920000e+01 | 130.70%| unknown
 1010s|161200 |128745 | 17906k| 111.1 |   282M | 262 | 951 |5425 |5425 |   0 |  0 |   0 |  37 | 4.300000e+01 | 9.920000e+01 | 130.70%| unknown
 1011s|161300 |128817 | 17931k| 111.2 |   282M | 262 | 951 |5425 |5425 |   0 |  0 |   0 |  37 | 4.300000e+01 | 9.920000e+01 | 130.70%| unknown
 1012s|161400 |128891 | 17949k| 111.2 |   282M | 262 | 951 |5425 |5425 |   0 |  0 |   0 |  37 | 4.300000e+01 | 9.920000e+01 | 130.70%| unknown
 1013s|161500 |128977 | 17971k| 111.3 |   282M | 262 | 951 |5425 |5425 |   0 |  0 |   0 |  37 | 4.300000e+01 | 9.920000e+01 | 130.70%| unknown
 1014s|161600 |129053 | 17993k| 111.3 |   282M | 262 | 951 |5425 |5425 |   0 |  0 |   0 |  37 | 4.300000e+01 | 9.920000e+01 | 130.70%| unknown
 1016s|161700 |129131 | 18019k| 111.4 |   282M | 262 | 951 |5425 |5425 |   0 |  0 |   0 |  37 | 4.300000e+01 | 9.920000e+01 | 130.70%| unknown
 1016s|161800 |129213 | 18034k| 111.5 |   283M | 262 | 951 |5425 |5425 |   0 |  0 |   0 |  37 | 4.300000e+01 | 9.920000e+01 | 130.70%| unknown
 time | node  | left  |LP iter|LP it/n|mem/heur|mdpt |vars |cons |rows |cuts |sepa|confs|strbr|  dualbound   | primalbound  |  gap   | compl. 
 1017s|161900 |129287 | 18049k| 111.5 |   283M | 262 | 951 |5425 |5425 |   0 |  0 |   0 |  37 | 4.300000e+01 | 9.920000e+01 | 130.70%| unknown
 1018s|162000 |129363 | 18058k| 111.5 |   283M | 262 | 951 |5425 |5425 |   0 |  0 |   0 |  37 | 4.300000e+01 | 9.920000e+01 | 130.70%| unknown
 1019s|162100 |129439 | 18082k| 111.5 |   283M | 262 | 951 |5425 |5425 |   0 |  0 |   0 |  37 | 4.300000e+01 | 9.920000e+01 | 130.70%| unknown
 1020s|162200 |129517 | 18099k| 111.6 |   284M | 262 | 951 |5425 |5425 |   0 |  0 |   0 |  37 | 4.300000e+01 | 9.920000e+01 | 130.70%| unknown
 1021s|162300 |129597 | 18117k| 111.6 |   284M | 262 | 951 |5425 |5425 |   0 |  0 |   0 |  37 | 4.300000e+01 | 9.920000e+01 | 130.70%| unknown
 1022s|162400 |129671 | 18142k| 111.7 |   284M | 262 | 951 |5425 |5425 |   0 |  0 |   0 |  37 | 4.300000e+01 | 9.920000e+01 | 130.70%| unknown
 1023s|162500 |129747 | 18143k| 111.6 |   284M | 262 | 951 |5425 |5425 |   0 |  0 |   0 |  37 | 4.300000e+01 | 9.920000e+01 | 130.70%| unknown
 1023s|162600 |129815 | 18144k| 111.6 |   284M | 262 | 951 |5425 |5425 |   0 |  0 |   0 |  37 | 4.300000e+01 | 9.920000e+01 | 130.70%| unknown
 1023s|162700 |129877 | 18145k| 111.5 |   284M | 262 | 951 |5425 |5425 |   0 |  0 |   0 |  37 | 4.300000e+01 | 9.920000e+01 | 130.70%| unknown
 1023s|162800 |129953 | 18147k| 111.5 |   284M | 262 | 951 |5425 |5425 |   0 |  0 |   0 |  37 | 4.300000e+01 | 9.920000e+01 | 130.70%| unknown
 1023s|162900 |130015 | 18148k| 111.4 |   285M | 262 | 951 |5425 |5425 |   0 |  0 |   0 |  37 | 4.300000e+01 | 9.920000e+01 | 130.70%| unknown
 1023s|163000 |130095 | 18150k| 111.3 |   285M | 262 | 951 |5425 |5425 |   0 |  0 |   0 |  37 | 4.300000e+01 | 9.920000e+01 | 130.70%| unknown
 1024s|163100 |130163 | 18171k| 111.4 |   285M | 262 | 951 |5425 |5425 |   0 |  0 |   0 |  37 | 4.300000e+01 | 9.920000e+01 | 130.70%| unknown
 1025s|163200 |130243 | 18182k| 111.4 |   285M | 262 | 951 |5425 |5425 |   0 |  0 |   0 |  37 | 4.300000e+01 | 9.920000e+01 | 130.70%| unknown
 1026s|163300 |130303 | 18202k| 111.5 |   285M | 262 | 951 |5425 |5425 |   0 |  0 |   0 |  37 | 4.300000e+01 | 9.920000e+01 | 130.70%| unknown
 time | node  | left  |LP iter|LP it/n|mem/heur|mdpt |vars |cons |rows |cuts |sepa|confs|strbr|  dualbound   | primalbound  |  gap   | compl. 
 1027s|163400 |130387 | 18226k| 111.5 |   285M | 262 | 951 |5425 |5425 |   0 |  0 |   0 |  37 | 4.300000e+01 | 9.920000e+01 | 130.70%| unknown
 1028s|163500 |130471 | 18230k| 111.5 |   285M | 262 | 951 |5425 |5425 |   0 |  0 |   0 |  37 | 4.300000e+01 | 9.920000e+01 | 130.70%| unknown
 1028s|163600 |130541 | 18231k| 111.4 |   285M | 262 | 951 |5425 |5425 |   0 |  0 |   0 |  37 | 4.300000e+01 | 9.920000e+01 | 130.70%| unknown
 1028s|163700 |130609 | 18233k| 111.4 |   285M | 262 | 951 |5425 |5425 |   0 |  0 |   0 |  37 | 4.300000e+01 | 9.920000e+01 | 130.70%| unknown
 1028s|163800 |130685 | 18236k| 111.3 |   285M | 262 | 951 |5425 |5425 |   0 |  0 |   0 |  37 | 4.300000e+01 | 9.920000e+01 | 130.70%| unknown
 1029s|163900 |130753 | 18258k| 111.4 |   285M | 262 | 951 |5425 |5425 |   0 |  0 |   0 |  37 | 4.300000e+01 | 9.920000e+01 | 130.70%| unknown
 1030s|164000 |130827 | 18277k| 111.4 |   287M | 262 | 951 |5425 |5425 |   0 |  0 |   0 |  37 | 4.300000e+01 | 9.920000e+01 | 130.70%| unknown
 1031s|164100 |130895 | 18290k| 111.5 |   287M | 262 | 951 |5425 |5425 |   0 |  0 |   0 |  37 | 4.300000e+01 | 9.920000e+01 | 130.70%| unknown
 1032s|164200 |130963 | 18301k| 111.5 |   287M | 262 | 951 |5425 |5425 |   0 |  0 |   0 |  37 | 4.300000e+01 | 9.920000e+01 | 130.70%| unknown
 1032s|164300 |131047 | 18302k| 111.4 |   287M | 262 | 951 |5425 |5425 |   0 |  0 |   0 |  37 | 4.300000e+01 | 9.920000e+01 | 130.70%| unknown
 1032s|164400 |131117 | 18303k| 111.3 |   288M | 262 | 951 |5425 |5425 |   0 |  0 |   0 |  37 | 4.300000e+01 | 9.920000e+01 | 130.70%| unknown
 1032s|164500 |131201 | 18304k| 111.3 |   288M | 262 | 951 |5425 |5425 |   0 |  0 |   0 |  37 | 4.300000e+01 | 9.920000e+01 | 130.70%| unknown
 1032s|164600 |131275 | 18305k| 111.2 |   288M | 262 | 951 |5425 |5425 |   0 |  0 |   0 |  37 | 4.300000e+01 | 9.920000e+01 | 130.70%| unknown
 1033s|164700 |131355 | 18307k| 111.1 |   288M | 262 | 951 |5425 |5425 |   0 |  0 |   0 |  37 | 4.300000e+01 | 9.920000e+01 | 130.70%| unknown
 1033s|164800 |131409 | 18308k| 111.1 |   288M | 262 | 951 |5425 |5425 |   0 |  0 |   0 |  37 | 4.300000e+01 | 9.920000e+01 | 130.70%| unknown
 time | node  | left  |LP iter|LP it/n|mem/heur|mdpt |vars |cons |rows |cuts |sepa|confs|strbr|  dualbound   | primalbound  |  gap   | compl. 
 1034s|164900 |131485 | 18323k| 111.1 |   288M | 262 | 951 |5425 |5425 |   0 |  0 |   0 |  37 | 4.300000e+01 | 9.920000e+01 | 130.70%| unknown
 1035s|165000 |131561 | 18342k| 111.2 |   288M | 262 | 951 |5425 |5425 |   0 |  0 |   0 |  37 | 4.300000e+01 | 9.920000e+01 | 130.70%| unknown
 1036s|165100 |131625 | 18368k| 111.3 |   289M | 262 | 951 |5425 |5425 |   0 |  0 |   0 |  37 | 4.300000e+01 | 9.920000e+01 | 130.70%| unknown
 1037s|165200 |131707 | 18392k| 111.3 |   289M | 262 | 951 |5425 |5425 |   0 |  0 |   0 |  37 | 4.300000e+01 | 9.920000e+01 | 130.70%| unknown
 1038s|165300 |131789 | 18418k| 111.4 |   289M | 262 | 951 |5425 |5425 |   0 |  0 |   0 |  37 | 4.300000e+01 | 9.920000e+01 | 130.70%| unknown
 1040s|165400 |131857 | 18450k| 111.5 |   289M | 262 | 951 |5425 |5425 |   0 |  0 |   0 |  37 | 4.300000e+01 | 9.920000e+01 | 130.70%| unknown
 1042s|165500 |131919 | 18491k| 111.7 |   289M | 262 | 951 |5425 |5425 |   0 |  0 |   0 |  37 | 4.300000e+01 | 9.920000e+01 | 130.70%| unknown
 1044s|165600 |131993 | 18524k| 111.9 |   289M | 262 | 951 |5425 |5425 |   0 |  0 |   0 |  37 | 4.300000e+01 | 9.920000e+01 | 130.70%| unknown
 1047s|165700 |132061 | 18590k| 112.2 |   289M | 262 | 951 |5425 |5425 |   0 |  0 |   0 |  37 | 4.300000e+01 | 9.920000e+01 | 130.70%| unknown
 1048s|165800 |132135 | 18625k| 112.3 |   289M | 262 | 951 |5425 |5425 |   0 |  0 |   0 |  37 | 4.300000e+01 | 9.920000e+01 | 130.70%| unknown
 1051s|165900 |132199 | 18669k| 112.5 |   289M | 262 | 951 |5425 |5425 |   0 |  0 |   0 |  37 | 4.300000e+01 | 9.920000e+01 | 130.70%| unknown
 1053s|166000 |132277 | 18711k| 112.7 |   289M | 262 | 951 |5425 |5425 |   0 |  0 |   0 |  37 | 4.300000e+01 | 9.920000e+01 | 130.70%| unknown
 1054s|166100 |132337 | 18731k| 112.8 |   289M | 262 | 951 |5425 |5425 |   0 |  0 |   0 |  37 | 4.300000e+01 | 9.920000e+01 | 130.70%| unknown
 1054s|166200 |132407 | 18733k| 112.7 |   290M | 262 | 951 |5425 |5425 |   0 |  0 |   0 |  37 | 4.300000e+01 | 9.920000e+01 | 130.70%| unknown
 1054s|166300 |132483 | 18734k| 112.6 |   290M | 262 | 951 |5425 |5425 |   0 |  0 |   0 |  37 | 4.300000e+01 | 9.920000e+01 | 130.70%| unknown
 time | node  | left  |LP iter|LP it/n|mem/heur|mdpt |vars |cons |rows |cuts |sepa|confs|strbr|  dualbound   | primalbound  |  gap   | compl. 
 1054s|166400 |132543 | 18735k| 112.6 |   290M | 262 | 951 |5425 |5425 |   0 |  0 |   0 |  37 | 4.300000e+01 | 9.920000e+01 | 130.70%| unknown
 1054s|166500 |132617 | 18736k| 112.5 |   290M | 262 | 951 |5425 |5425 |   0 |  0 |   0 |  37 | 4.300000e+01 | 9.920000e+01 | 130.70%| unknown
 1055s|166600 |132691 | 18737k| 112.5 |   290M | 262 | 951 |5425 |5425 |   0 |  0 |   0 |  37 | 4.300000e+01 | 9.920000e+01 | 130.70%| unknown
 1055s|166700 |132757 | 18739k| 112.4 |   290M | 262 | 951 |5425 |5425 |   0 |  0 |   0 |  37 | 4.300000e+01 | 9.920000e+01 | 130.70%| unknown
 1055s|166800 |132827 | 18740k| 112.4 |   290M | 262 | 951 |5425 |5425 |   0 |  0 |   0 |  37 | 4.300000e+01 | 9.920000e+01 | 130.70%| unknown
 1055s|166900 |132905 | 18742k| 112.3 |   290M | 262 | 951 |5425 |5425 |   0 |  0 |   0 |  37 | 4.300000e+01 | 9.920000e+01 | 130.70%| unknown
 1055s|167000 |132979 | 18743k| 112.2 |   290M | 262 | 951 |5425 |5425 |   0 |  0 |   0 |  37 | 4.300000e+01 | 9.920000e+01 | 130.70%| unknown
 1055s|167100 |133051 | 18744k| 112.2 |   290M | 262 | 951 |5425 |5425 |   0 |  0 |   0 |  37 | 4.300000e+01 | 9.920000e+01 | 130.70%| unknown
 1056s|167200 |133131 | 18745k| 112.1 |   290M | 262 | 951 |5425 |5425 |   0 |  0 |   0 |  37 | 4.300000e+01 | 9.920000e+01 | 130.70%| unknown
 1056s|167300 |133205 | 18746k| 112.0 |   291M | 262 | 951 |5425 |5425 |   0 |  0 |   0 |  37 | 4.300000e+01 | 9.920000e+01 | 130.70%| unknown
 1056s|167400 |133267 | 18747k| 112.0 |   292M | 262 | 951 |5425 |5425 |   0 |  0 |   0 |  37 | 4.300000e+01 | 9.920000e+01 | 130.70%| unknown
 1056s|167500 |133335 | 18748k| 111.9 |   292M | 262 | 951 |5425 |5425 |   0 |  0 |   0 |  37 | 4.300000e+01 | 9.920000e+01 | 130.70%| unknown
 1056s|167600 |133413 | 18749k| 111.9 |   292M | 262 | 951 |5425 |5425 |   0 |  0 |   0 |  37 | 4.300000e+01 | 9.920000e+01 | 130.70%| unknown
 1058s|167700 |133487 | 18782k| 112.0 |   292M | 262 | 951 |5425 |5425 |   0 |  0 |   0 |  37 | 4.300000e+01 | 9.920000e+01 | 130.70%| unknown
 1060s|167800 |133561 | 18825k| 112.2 |   292M | 262 | 951 |5425 |5425 |   0 |  0 |   0 |  37 | 4.300000e+01 | 9.920000e+01 | 130.70%| unknown
 time | node  | left  |LP iter|LP it/n|mem/heur|mdpt |vars |cons |rows |cuts |sepa|confs|strbr|  dualbound   | primalbound  |  gap   | compl. 
 1062s|167900 |133633 | 18857k| 112.3 |   292M | 262 | 951 |5425 |5425 |   0 |  0 |   0 |  37 | 4.300000e+01 | 9.920000e+01 | 130.70%| unknown
 1065s|168000 |133711 | 18910k| 112.6 |   292M | 262 | 951 |5425 |5425 |   0 |  0 |   0 |  37 | 4.300000e+01 | 9.920000e+01 | 130.70%| unknown
 1065s|168100 |133789 | 18912k| 112.5 |   292M | 262 | 951 |5425 |5425 |   0 |  0 |   0 |  37 | 4.300000e+01 | 9.920000e+01 | 130.70%| unknown
 1065s|168200 |133871 | 18914k| 112.4 |   292M | 262 | 951 |5425 |5425 |   0 |  0 |   0 |  37 | 4.300000e+01 | 9.920000e+01 | 130.70%| unknown
 1065s|168300 |133949 | 18915k| 112.4 |   292M | 262 | 951 |5425 |5425 |   0 |  0 |   0 |  37 | 4.300000e+01 | 9.920000e+01 | 130.70%| unknown
 1066s|168400 |134003 | 18923k| 112.4 |   293M | 262 | 951 |5425 |5425 |   0 |  0 |   0 |  37 | 4.300000e+01 | 9.920000e+01 | 130.70%| unknown
 1067s|168500 |134069 | 18950k| 112.5 |   293M | 262 | 951 |5425 |5425 |   0 |  0 |   0 |  37 | 4.300000e+01 | 9.920000e+01 | 130.70%| unknown
 1068s|168600 |134161 | 18959k| 112.4 |   293M | 262 | 951 |5425 |5425 |   0 |  0 |   0 |  37 | 4.300000e+01 | 9.920000e+01 | 130.70%| unknown
 1069s|168700 |134241 | 18981k| 112.5 |   293M | 262 | 951 |5425 |5425 |   0 |  0 |   0 |  37 | 4.300000e+01 | 9.920000e+01 | 130.70%| unknown
 1070s|168800 |134321 | 18999k| 112.6 |   293M | 262 | 951 |5425 |5425 |   0 |  0 |   0 |  37 | 4.300000e+01 | 9.920000e+01 | 130.70%| unknown
 1071s|168900 |134403 | 19025k| 112.6 |   293M | 262 | 951 |5425 |5425 |   0 |  0 |   0 |  37 | 4.300000e+01 | 9.920000e+01 | 130.70%| unknown
 1072s|169000 |134471 | 19040k| 112.7 |   293M | 262 | 951 |5425 |5425 |   0 |  0 |   0 |  37 | 4.300000e+01 | 9.920000e+01 | 130.70%| unknown
 1073s|169100 |134537 | 19062k| 112.7 |   293M | 262 | 951 |5425 |5425 |   0 |  0 |   0 |  37 | 4.300000e+01 | 9.920000e+01 | 130.70%| unknown
 1074s|169200 |134613 | 19078k| 112.7 |   293M | 262 | 951 |5425 |5425 |   0 |  0 |   0 |  37 | 4.300000e+01 | 9.920000e+01 | 130.70%| unknown
 1074s|169300 |134685 | 19079k| 112.7 |   293M | 262 | 951 |5425 |5425 |   0 |  0 |   0 |  37 | 4.300000e+01 | 9.920000e+01 | 130.70%| unknown
 time | node  | left  |LP iter|LP it/n|mem/heur|mdpt |vars |cons |rows |cuts |sepa|confs|strbr|  dualbound   | primalbound  |  gap   | compl. 
 1074s|169400 |134777 | 19080k| 112.6 |   294M | 262 | 951 |5425 |5425 |   0 |  0 |   0 |  37 | 4.300000e+01 | 9.920000e+01 | 130.70%| unknown
 1074s|169500 |134855 | 19081k| 112.6 |   295M | 262 | 951 |5425 |5425 |   0 |  0 |   0 |  37 | 4.300000e+01 | 9.920000e+01 | 130.70%| unknown
 1074s|169600 |134923 | 19083k| 112.5 |   295M | 262 | 951 |5425 |5425 |   0 |  0 |   0 |  37 | 4.300000e+01 | 9.920000e+01 | 130.70%| unknown
 1075s|169700 |134989 | 19084k| 112.5 |   295M | 262 | 951 |5425 |5425 |   0 |  0 |   0 |  37 | 4.300000e+01 | 9.920000e+01 | 130.70%| unknown
 1075s|169800 |135067 | 19085k| 112.4 |   295M | 262 | 951 |5425 |5425 |   0 |  0 |   0 |  37 | 4.300000e+01 | 9.920000e+01 | 130.70%| unknown
 1075s|169900 |135145 | 19086k| 112.3 |   295M | 262 | 951 |5425 |5425 |   0 |  0 |   0 |  37 | 4.300000e+01 | 9.920000e+01 | 130.70%| unknown
 1075s|170000 |135211 | 19087k| 112.3 |   295M | 262 | 951 |5425 |5425 |   0 |  0 |   0 |  37 | 4.300000e+01 | 9.920000e+01 | 130.70%| unknown
 1075s|170100 |135273 | 19089k| 112.2 |   295M | 262 | 951 |5425 |5425 |   0 |  0 |   0 |  37 | 4.300000e+01 | 9.920000e+01 | 130.70%| unknown
 1076s|170200 |135351 | 19090k| 112.2 |   296M | 262 | 951 |5425 |5425 |   0 |  0 |   0 |  37 | 4.300000e+01 | 9.920000e+01 | 130.70%| unknown
 1076s|170300 |135427 | 19091k| 112.1 |   296M | 262 | 951 |5425 |5425 |   0 |  0 |   0 |  37 | 4.300000e+01 | 9.920000e+01 | 130.70%| unknown
 1076s|170400 |135503 | 19092k| 112.0 |   296M | 262 | 951 |5425 |5425 |   0 |  0 |   0 |  37 | 4.300000e+01 | 9.920000e+01 | 130.70%| unknown
 1076s|170500 |135573 | 19093k| 112.0 |   297M | 262 | 951 |5425 |5425 |   0 |  0 |   0 |  37 | 4.300000e+01 | 9.920000e+01 | 130.70%| unknown
 1076s|170600 |135651 | 19095k| 111.9 |   297M | 262 | 951 |5425 |5425 |   0 |  0 |   0 |  37 | 4.300000e+01 | 9.920000e+01 | 130.70%| unknown
 1077s|170700 |135723 | 19108k| 111.9 |   297M | 262 | 951 |5425 |5425 |   0 |  0 |   0 |  37 | 4.300000e+01 | 9.920000e+01 | 130.70%| unknown
 1078s|170800 |135801 | 19120k| 111.9 |   297M | 262 | 951 |5425 |5425 |   0 |  0 |   0 |  37 | 4.300000e+01 | 9.920000e+01 | 130.70%| unknown
 time | node  | left  |LP iter|LP it/n|mem/heur|mdpt |vars |cons |rows |cuts |sepa|confs|strbr|  dualbound   | primalbound  |  gap   | compl. 
 1079s|170900 |135873 | 19150k| 112.0 |   297M | 262 | 951 |5425 |5425 |   0 |  0 |   0 |  37 | 4.300000e+01 | 9.920000e+01 | 130.70%| unknown
 1080s|171000 |135937 | 19174k| 112.1 |   297M | 262 | 951 |5425 |5425 |   0 |  0 |   0 |  37 | 4.300000e+01 | 9.920000e+01 | 130.70%| unknown
 1082s|171100 |136001 | 19198k| 112.2 |   297M | 262 | 951 |5425 |5425 |   0 |  0 |   0 |  37 | 4.300000e+01 | 9.920000e+01 | 130.70%| unknown
 1083s|171200 |136081 | 19231k| 112.3 |   297M | 262 | 951 |5425 |5425 |   0 |  0 |   0 |  37 | 4.300000e+01 | 9.920000e+01 | 130.70%| unknown
 1084s|171300 |136151 | 19252k| 112.4 |   297M | 262 | 951 |5425 |5425 |   0 |  0 |   0 |  37 | 4.300000e+01 | 9.920000e+01 | 130.70%| unknown
 1085s|171400 |136217 | 19269k| 112.4 |   297M | 262 | 951 |5425 |5425 |   0 |  0 |   0 |  37 | 4.300000e+01 | 9.920000e+01 | 130.70%| unknown
 1085s|171500 |136259 | 19270k| 112.4 |   297M | 262 | 951 |5425 |5425 |   0 |  0 |   0 |  37 | 4.300000e+01 | 9.920000e+01 | 130.70%| unknown
 1085s|171600 |136337 | 19272k| 112.3 |   297M | 262 | 951 |5425 |5425 |   0 |  0 |   0 |  37 | 4.300000e+01 | 9.920000e+01 | 130.70%| unknown
 1086s|171700 |136423 | 19273k| 112.2 |   298M | 262 | 951 |5425 |5425 |   0 |  0 |   0 |  37 | 4.300000e+01 | 9.920000e+01 | 130.70%| unknown
 1086s|171800 |136513 | 19280k| 112.2 |   298M | 262 | 951 |5425 |5425 |   0 |  0 |   0 |  37 | 4.300000e+01 | 9.920000e+01 | 130.70%| unknown
 1087s|171900 |136587 | 19297k| 112.3 |   298M | 262 | 951 |5425 |5425 |   0 |  0 |   0 |  37 | 4.300000e+01 | 9.920000e+01 | 130.70%| unknown
 1088s|172000 |136671 | 19323k| 112.3 |   298M | 262 | 951 |5425 |5425 |   0 |  0 |   0 |  37 | 4.300000e+01 | 9.920000e+01 | 130.70%| unknown
 1090s|172100 |136739 | 19348k| 112.4 |   298M | 262 | 951 |5425 |5425 |   0 |  0 |   0 |  37 | 4.300000e+01 | 9.920000e+01 | 130.70%| unknown
 1090s|172200 |136809 | 19362k| 112.4 |   298M | 262 | 951 |5425 |5425 |   0 |  0 |   0 |  37 | 4.300000e+01 | 9.920000e+01 | 130.70%| unknown
 1090s|172300 |136877 | 19364k| 112.4 |   298M | 262 | 951 |5425 |5425 |   0 |  0 |   0 |  37 | 4.300000e+01 | 9.920000e+01 | 130.70%| unknown
 time | node  | left  |LP iter|LP it/n|mem/heur|mdpt |vars |cons |rows |cuts |sepa|confs|strbr|  dualbound   | primalbound  |  gap   | compl. 
 1091s|172400 |136949 | 19365k| 112.3 |   298M | 262 | 951 |5425 |5425 |   0 |  0 |   0 |  37 | 4.300000e+01 | 9.920000e+01 | 130.70%| unknown
 1091s|172500 |137031 | 19366k| 112.3 |   299M | 262 | 951 |5425 |5425 |   0 |  0 |   0 |  37 | 4.300000e+01 | 9.920000e+01 | 130.70%| unknown
 1091s|172600 |137101 | 19367k| 112.2 |   299M | 262 | 951 |5425 |5425 |   0 |  0 |   0 |  37 | 4.300000e+01 | 9.920000e+01 | 130.70%| unknown
 1091s|172700 |137173 | 19368k| 112.1 |   300M | 262 | 951 |5425 |5425 |   0 |  0 |   0 |  37 | 4.300000e+01 | 9.920000e+01 | 130.70%| unknown
 1091s|172800 |137233 | 19370k| 112.1 |   300M | 262 | 951 |5425 |5425 |   0 |  0 |   0 |  37 | 4.300000e+01 | 9.920000e+01 | 130.70%| unknown
 1092s|172900 |137299 | 19371k| 112.0 |   300M | 262 | 951 |5425 |5425 |   0 |  0 |   0 |  37 | 4.300000e+01 | 9.920000e+01 | 130.70%| unknown
 1092s|173000 |137363 | 19372k| 112.0 |   300M | 262 | 951 |5425 |5425 |   0 |  0 |   0 |  37 | 4.300000e+01 | 9.920000e+01 | 130.70%| unknown
 1092s|173100 |137453 | 19373k| 111.9 |   300M | 262 | 951 |5425 |5425 |   0 |  0 |   0 |  37 | 4.300000e+01 | 9.920000e+01 | 130.70%| unknown
 1092s|173200 |137533 | 19374k| 111.9 |   300M | 262 | 951 |5425 |5425 |   0 |  0 |   0 |  37 | 4.300000e+01 | 9.920000e+01 | 130.70%| unknown
 1092s|173300 |137587 | 19375k| 111.8 |   300M | 262 | 951 |5425 |5425 |   0 |  0 |   0 |  37 | 4.300000e+01 | 9.920000e+01 | 130.70%| unknown
 1092s|173400 |137653 | 19377k| 111.7 |   300M | 262 | 951 |5425 |5425 |   0 |  0 |   0 |  37 | 4.300000e+01 | 9.920000e+01 | 130.70%| unknown
 1093s|173500 |137745 | 19378k| 111.7 |   300M | 262 | 951 |5425 |5425 |   0 |  0 |   0 |  37 | 4.300000e+01 | 9.920000e+01 | 130.70%| unknown
 1093s|173600 |137809 | 19384k| 111.7 |   300M | 262 | 951 |5425 |5425 |   0 |  0 |   0 |  37 | 4.300000e+01 | 9.920000e+01 | 130.70%| unknown
 1094s|173700 |137895 | 19398k| 111.7 |   300M | 262 | 951 |5425 |5425 |   0 |  0 |   0 |  37 | 4.300000e+01 | 9.920000e+01 | 130.70%| unknown
 1095s|173800 |137963 | 19416k| 111.7 |   301M | 262 | 951 |5425 |5425 |   0 |  0 |   0 |  37 | 4.300000e+01 | 9.920000e+01 | 130.70%| unknown
 time | node  | left  |LP iter|LP it/n|mem/heur|mdpt |vars |cons |rows |cuts |sepa|confs|strbr|  dualbound   | primalbound  |  gap   | compl. 
 1096s|173900 |138039 | 19440k| 111.8 |   301M | 262 | 951 |5425 |5425 |   0 |  0 |   0 |  37 | 4.300000e+01 | 9.920000e+01 | 130.70%| unknown
 1097s|174000 |138117 | 19466k| 111.9 |   301M | 262 | 951 |5425 |5425 |   0 |  0 |   0 |  37 | 4.300000e+01 | 9.920000e+01 | 130.70%| unknown
 1098s|174100 |138187 | 19483k| 111.9 |   301M | 262 | 951 |5425 |5425 |   0 |  0 |   0 |  37 | 4.300000e+01 | 9.920000e+01 | 130.70%| unknown
 1099s|174200 |138257 | 19509k| 112.0 |   301M | 262 | 951 |5425 |5425 |   0 |  0 |   0 |  37 | 4.300000e+01 | 9.920000e+01 | 130.70%| unknown
 1100s|174300 |138325 | 19526k| 112.0 |   301M | 262 | 951 |5425 |5425 |   0 |  0 |   0 |  37 | 4.300000e+01 | 9.920000e+01 | 130.70%| unknown
 1102s|174400 |138411 | 19551k| 112.1 |   301M | 262 | 951 |5425 |5425 |   0 |  0 |   0 |  37 | 4.300000e+01 | 9.920000e+01 | 130.70%| unknown
 1103s|174500 |138477 | 19569k| 112.1 |   301M | 262 | 951 |5425 |5425 |   0 |  0 |   0 |  37 | 4.300000e+01 | 9.920000e+01 | 130.70%| unknown
 1104s|174600 |138545 | 19600k| 112.3 |   301M | 262 | 951 |5425 |5425 |   0 |  0 |   0 |  37 | 4.300000e+01 | 9.920000e+01 | 130.70%| unknown
 1105s|174700 |138621 | 19625k| 112.3 |   301M | 262 | 951 |5425 |5425 |   0 |  0 |   0 |  37 | 4.300000e+01 | 9.920000e+01 | 130.70%| unknown
 1106s|174800 |138699 | 19644k| 112.4 |   301M | 262 | 951 |5425 |5425 |   0 |  0 |   0 |  37 | 4.300000e+01 | 9.920000e+01 | 130.70%| unknown
 1107s|174900 |138769 | 19659k| 112.4 |   302M | 262 | 951 |5425 |5425 |   0 |  0 |   0 |  37 | 4.300000e+01 | 9.920000e+01 | 130.70%| unknown
 1107s|175000 |138841 | 19660k| 112.3 |   303M | 262 | 951 |5425 |5425 |   0 |  0 |   0 |  37 | 4.300000e+01 | 9.920000e+01 | 130.70%| unknown
 1107s|175100 |138917 | 19661k| 112.3 |   303M | 262 | 951 |5425 |5425 |   0 |  0 |   0 |  37 | 4.300000e+01 | 9.920000e+01 | 130.70%| unknown
 1108s|175200 |138997 | 19662k| 112.2 |   303M | 262 | 951 |5425 |5425 |   0 |  0 |   0 |  37 | 4.300000e+01 | 9.920000e+01 | 130.70%| unknown
 1108s|175300 |139065 | 19671k| 112.2 |   303M | 262 | 951 |5425 |5425 |   0 |  0 |   0 |  37 | 4.300000e+01 | 9.920000e+01 | 130.70%| unknown
 time | node  | left  |LP iter|LP it/n|mem/heur|mdpt |vars |cons |rows |cuts |sepa|confs|strbr|  dualbound   | primalbound  |  gap   | compl. 
 1109s|175400 |139153 | 19689k| 112.2 |   303M | 262 | 951 |5425 |5425 |   0 |  0 |   0 |  37 | 4.300000e+01 | 9.920000e+01 | 130.70%| unknown
 1109s|175500 |139219 | 19690k| 112.2 |   303M | 262 | 951 |5425 |5425 |   0 |  0 |   0 |  37 | 4.300000e+01 | 9.920000e+01 | 130.70%| unknown
 1109s|175600 |139293 | 19691k| 112.1 |   303M | 262 | 951 |5425 |5425 |   0 |  0 |   0 |  37 | 4.300000e+01 | 9.920000e+01 | 130.70%| unknown
 1110s|175700 |139365 | 19692k| 112.1 |   303M | 262 | 951 |5425 |5425 |   0 |  0 |   0 |  37 | 4.300000e+01 | 9.920000e+01 | 130.70%| unknown
 1110s|175800 |139435 | 19693k| 112.0 |   303M | 262 | 951 |5425 |5425 |   0 |  0 |   0 |  37 | 4.300000e+01 | 9.920000e+01 | 130.70%| unknown
 1110s|175900 |139515 | 19695k| 112.0 |   303M | 262 | 951 |5425 |5425 |   0 |  0 |   0 |  37 | 4.300000e+01 | 9.920000e+01 | 130.70%| unknown
 1110s|176000 |139581 | 19696k| 111.9 |   304M | 262 | 951 |5425 |5425 |   0 |  0 |   0 |  37 | 4.300000e+01 | 9.920000e+01 | 130.70%| unknown
 1110s|176100 |139651 | 19697k| 111.9 |   304M | 262 | 951 |5425 |5425 |   0 |  0 |   0 |  37 | 4.300000e+01 | 9.920000e+01 | 130.70%| unknown
 1111s|176200 |139723 | 19709k| 111.9 |   304M | 262 | 951 |5425 |5425 |   0 |  0 |   0 |  37 | 4.300000e+01 | 9.920000e+01 | 130.70%| unknown
 1112s|176300 |139785 | 19724k| 111.9 |   304M | 262 | 951 |5425 |5425 |   0 |  0 |   0 |  37 | 4.300000e+01 | 9.920000e+01 | 130.70%| unknown
 1112s|176400 |139861 | 19725k| 111.8 |   305M | 262 | 951 |5425 |5425 |   0 |  0 |   0 |  37 | 4.300000e+01 | 9.920000e+01 | 130.70%| unknown
 1112s|176500 |139949 | 19726k| 111.8 |   305M | 262 | 951 |5425 |5425 |   0 |  0 |   0 |  37 | 4.300000e+01 | 9.920000e+01 | 130.70%| unknown
 1112s|176600 |140027 | 19727k| 111.7 |   305M | 262 | 951 |5425 |5425 |   0 |  0 |   0 |  37 | 4.300000e+01 | 9.920000e+01 | 130.70%| unknown
 1113s|176700 |140115 | 19728k| 111.6 |   305M | 262 | 951 |5425 |5425 |   0 |  0 |   0 |  37 | 4.300000e+01 | 9.920000e+01 | 130.70%| unknown
 1113s|176800 |140197 | 19729k| 111.6 |   305M | 262 | 951 |5425 |5425 |   0 |  0 |   0 |  37 | 4.300000e+01 | 9.920000e+01 | 130.70%| unknown
 time | node  | left  |LP iter|LP it/n|mem/heur|mdpt |vars |cons |rows |cuts |sepa|confs|strbr|  dualbound   | primalbound  |  gap   | compl. 
 1113s|176900 |140279 | 19731k| 111.5 |   305M | 262 | 951 |5425 |5425 |   0 |  0 |   0 |  37 | 4.300000e+01 | 9.920000e+01 | 130.70%| unknown
 1113s|177000 |140359 | 19739k| 111.5 |   306M | 262 | 951 |5425 |5425 |   0 |  0 |   0 |  37 | 4.300000e+01 | 9.920000e+01 | 130.70%| unknown
 1114s|177100 |140437 | 19756k| 111.6 |   306M | 262 | 951 |5425 |5425 |   0 |  0 |   0 |  37 | 4.300000e+01 | 9.920000e+01 | 130.70%| unknown
 1115s|177200 |140525 | 19776k| 111.6 |   306M | 262 | 951 |5425 |5425 |   0 |  0 |   0 |  37 | 4.300000e+01 | 9.920000e+01 | 130.70%| unknown
 1116s|177300 |140605 | 19794k| 111.6 |   306M | 262 | 951 |5425 |5425 |   0 |  0 |   0 |  37 | 4.300000e+01 | 9.920000e+01 | 130.70%| unknown
 1117s|177400 |140687 | 19811k| 111.7 |   306M | 262 | 951 |5425 |5425 |   0 |  0 |   0 |  37 | 4.300000e+01 | 9.920000e+01 | 130.70%| unknown
 1118s|177500 |140773 | 19822k| 111.7 |   306M | 262 | 951 |5425 |5425 |   0 |  0 |   0 |  37 | 4.300000e+01 | 9.920000e+01 | 130.70%| unknown
 1119s|177600 |140851 | 19842k| 111.7 |   307M | 262 | 951 |5425 |5425 |   0 |  0 |   0 |  37 | 4.300000e+01 | 9.920000e+01 | 130.70%| unknown
 1120s|177700 |140927 | 19853k| 111.7 |   307M | 262 | 951 |5425 |5425 |   0 |  0 |   0 |  37 | 4.300000e+01 | 9.920000e+01 | 130.70%| unknown
 1120s|177800 |141011 | 19854k| 111.7 |   307M | 262 | 951 |5425 |5425 |   0 |  0 |   0 |  37 | 4.300000e+01 | 9.920000e+01 | 130.70%| unknown
 1120s|177900 |141095 | 19855k| 111.6 |   307M | 262 | 951 |5425 |5425 |   0 |  0 |   0 |  37 | 4.300000e+01 | 9.920000e+01 | 130.70%| unknown
 1120s|178000 |141165 | 19856k| 111.5 |   308M | 262 | 951 |5425 |5425 |   0 |  0 |   0 |  37 | 4.300000e+01 | 9.920000e+01 | 130.70%| unknown
 1120s|178100 |141243 | 19857k| 111.5 |   308M | 262 | 951 |5425 |5425 |   0 |  0 |   0 |  37 | 4.300000e+01 | 9.920000e+01 | 130.70%| unknown
 1121s|178200 |141315 | 19861k| 111.5 |   308M | 262 | 951 |5425 |5425 |   0 |  0 |   0 |  37 | 4.300000e+01 | 9.920000e+01 | 130.70%| unknown
 1122s|178300 |141385 | 19884k| 111.5 |   308M | 262 | 951 |5425 |5425 |   0 |  0 |   0 |  37 | 4.300000e+01 | 9.920000e+01 | 130.70%| unknown
 time | node  | left  |LP iter|LP it/n|mem/heur|mdpt |vars |cons |rows |cuts |sepa|confs|strbr|  dualbound   | primalbound  |  gap   | compl. 
 1122s|178400 |141463 | 19898k| 111.5 |   308M | 262 | 951 |5425 |5425 |   0 |  0 |   0 |  37 | 4.300000e+01 | 9.920000e+01 | 130.70%| unknown
 1123s|178500 |141545 | 19911k| 111.5 |   308M | 262 | 951 |5425 |5425 |   0 |  0 |   0 |  37 | 4.300000e+01 | 9.920000e+01 | 130.70%| unknown
 1124s|178600 |141631 | 19928k| 111.6 |   308M | 262 | 951 |5425 |5425 |   0 |  0 |   0 |  37 | 4.300000e+01 | 9.920000e+01 | 130.70%| unknown
 1124s|178700 |141711 | 19936k| 111.6 |   308M | 262 | 951 |5425 |5425 |   0 |  0 |   0 |  37 | 4.300000e+01 | 9.920000e+01 | 130.70%| unknown
 1125s|178800 |141787 | 19937k| 111.5 |   308M | 262 | 951 |5425 |5425 |   0 |  0 |   0 |  37 | 4.300000e+01 | 9.920000e+01 | 130.70%| unknown
 1125s|178900 |141853 | 19939k| 111.4 |   308M | 262 | 951 |5425 |5425 |   0 |  0 |   0 |  37 | 4.300000e+01 | 9.920000e+01 | 130.70%| unknown
 1126s|179000 |141931 | 19958k| 111.5 |   309M | 262 | 951 |5425 |5425 |   0 |  0 |   0 |  37 | 4.300000e+01 | 9.920000e+01 | 130.70%| unknown
 1127s|179100 |141997 | 19978k| 111.5 |   309M | 262 | 951 |5425 |5425 |   0 |  0 |   0 |  37 | 4.300000e+01 | 9.920000e+01 | 130.70%| unknown
 1128s|179200 |142075 | 20005k| 111.6 |   309M | 262 | 951 |5425 |5425 |   0 |  0 |   0 |  37 | 4.300000e+01 | 9.920000e+01 | 130.70%| unknown
 1128s|179300 |142147 | 20008k| 111.6 |   309M | 262 | 951 |5425 |5425 |   0 |  0 |   0 |  37 | 4.300000e+01 | 9.920000e+01 | 130.70%| unknown
 1129s|179400 |142219 | 20009k| 111.5 |   309M | 262 | 951 |5425 |5425 |   0 |  0 |   0 |  37 | 4.300000e+01 | 9.920000e+01 | 130.70%| unknown
 1129s|179500 |142299 | 20011k| 111.5 |   309M | 262 | 951 |5425 |5425 |   0 |  0 |   0 |  37 | 4.300000e+01 | 9.920000e+01 | 130.70%| unknown
 1129s|179600 |142383 | 20012k| 111.4 |   309M | 262 | 951 |5425 |5425 |   0 |  0 |   0 |  37 | 4.300000e+01 | 9.920000e+01 | 130.70%| unknown
 1129s|179700 |142473 | 20013k| 111.4 |   310M | 262 | 951 |5425 |5425 |   0 |  0 |   0 |  37 | 4.300000e+01 | 9.920000e+01 | 130.70%| unknown
 1129s|179800 |142549 | 20015k| 111.3 |   310M | 262 | 951 |5425 |5425 |   0 |  0 |   0 |  37 | 4.300000e+01 | 9.920000e+01 | 130.70%| unknown
 time | node  | left  |LP iter|LP it/n|mem/heur|mdpt |vars |cons |rows |cuts |sepa|confs|strbr|  dualbound   | primalbound  |  gap   | compl. 
 1130s|179900 |142629 | 20016k| 111.3 |   310M | 262 | 951 |5425 |5425 |   0 |  0 |   0 |  37 | 4.300000e+01 | 9.920000e+01 | 130.70%| unknown
 1130s|180000 |142711 | 20017k| 111.2 |   310M | 262 | 951 |5425 |5425 |   0 |  0 |   0 |  37 | 4.300000e+01 | 9.920000e+01 | 130.70%| unknown
 1130s|180100 |142791 | 20019k| 111.2 |   311M | 262 | 951 |5425 |5425 |   0 |  0 |   0 |  37 | 4.300000e+01 | 9.920000e+01 | 130.70%| unknown
 1130s|180200 |142857 | 20020k| 111.1 |   311M | 262 | 951 |5425 |5425 |   0 |  0 |   0 |  37 | 4.300000e+01 | 9.920000e+01 | 130.70%| unknown
 1130s|180300 |142923 | 20021k| 111.0 |   311M | 262 | 951 |5425 |5425 |   0 |  0 |   0 |  37 | 4.300000e+01 | 9.920000e+01 | 130.70%| unknown
 1130s|180400 |143007 | 20022k| 111.0 |   311M | 262 | 951 |5425 |5425 |   0 |  0 |   0 |  37 | 4.300000e+01 | 9.920000e+01 | 130.70%| unknown
 1131s|180500 |143081 | 20024k| 110.9 |   311M | 262 | 951 |5425 |5425 |   0 |  0 |   0 |  37 | 4.300000e+01 | 9.920000e+01 | 130.70%| unknown
 1131s|180600 |143157 | 20025k| 110.9 |   311M | 262 | 951 |5425 |5425 |   0 |  0 |   0 |  37 | 4.300000e+01 | 9.920000e+01 | 130.70%| unknown
 1131s|180700 |143241 | 20026k| 110.8 |   311M | 262 | 951 |5425 |5425 |   0 |  0 |   0 |  37 | 4.300000e+01 | 9.920000e+01 | 130.70%| unknown
 1131s|180800 |143303 | 20027k| 110.8 |   311M | 262 | 951 |5425 |5425 |   0 |  0 |   0 |  37 | 4.300000e+01 | 9.920000e+01 | 130.70%| unknown
 1132s|180900 |143387 | 20038k| 110.8 |   311M | 262 | 951 |5425 |5425 |   0 |  0 |   0 |  37 | 4.300000e+01 | 9.920000e+01 | 130.70%| unknown
 1132s|181000 |143461 | 20049k| 110.8 |   311M | 262 | 951 |5425 |5425 |   0 |  0 |   0 |  37 | 4.300000e+01 | 9.920000e+01 | 130.70%| unknown
 1133s|181100 |143533 | 20051k| 110.7 |   312M | 262 | 951 |5425 |5425 |   0 |  0 |   0 |  37 | 4.300000e+01 | 9.920000e+01 | 130.70%| unknown
 1134s|181200 |143611 | 20069k| 110.8 |   312M | 262 | 951 |5425 |5425 |   0 |  0 |   0 |  37 | 4.300000e+01 | 9.920000e+01 | 130.70%| unknown
 1135s|181300 |143665 | 20105k| 110.9 |   312M | 262 | 951 |5425 |5425 |   0 |  0 |   0 |  37 | 4.300000e+01 | 9.920000e+01 | 130.70%| unknown
 time | node  | left  |LP iter|LP it/n|mem/heur|mdpt |vars |cons |rows |cuts |sepa|confs|strbr|  dualbound   | primalbound  |  gap   | compl. 
 1136s|181400 |143735 | 20123k| 110.9 |   312M | 262 | 951 |5425 |5425 |   0 |  0 |   0 |  37 | 4.300000e+01 | 9.920000e+01 | 130.70%| unknown
 1137s|181500 |143809 | 20137k| 110.9 |   312M | 262 | 951 |5425 |5425 |   0 |  0 |   0 |  37 | 4.300000e+01 | 9.920000e+01 | 130.70%| unknown
 1138s|181600 |143887 | 20150k| 111.0 |   312M | 262 | 951 |5425 |5425 |   0 |  0 |   0 |  37 | 4.300000e+01 | 9.920000e+01 | 130.70%| unknown
 1139s|181700 |143955 | 20173k| 111.0 |   312M | 262 | 951 |5425 |5425 |   0 |  0 |   0 |  37 | 4.300000e+01 | 9.920000e+01 | 130.70%| unknown
 1140s|181800 |144025 | 20191k| 111.1 |   312M | 262 | 951 |5425 |5425 |   0 |  0 |   0 |  37 | 4.300000e+01 | 9.920000e+01 | 130.70%| unknown
 1140s|181900 |144095 | 20200k| 111.1 |   312M | 262 | 951 |5425 |5425 |   0 |  0 |   0 |  37 | 4.300000e+01 | 9.920000e+01 | 130.70%| unknown
 1142s|182000 |144193 | 20233k| 111.2 |   312M | 262 | 951 |5425 |5425 |   0 |  0 |   0 |  37 | 4.300000e+01 | 9.920000e+01 | 130.70%| unknown
 1143s|182100 |144263 | 20255k| 111.2 |   312M | 262 | 951 |5425 |5425 |   0 |  0 |   0 |  37 | 4.300000e+01 | 9.920000e+01 | 130.70%| unknown
 1144s|182200 |144335 | 20269k| 111.2 |   314M | 262 | 951 |5425 |5425 |   0 |  0 |   0 |  37 | 4.300000e+01 | 9.920000e+01 | 130.70%| unknown
 1145s|182300 |144419 | 20284k| 111.3 |   314M | 262 | 951 |5425 |5425 |   0 |  0 |   0 |  37 | 4.300000e+01 | 9.920000e+01 | 130.70%| unknown
 1145s|182400 |144487 | 20298k| 111.3 |   314M | 262 | 951 |5425 |5425 |   0 |  0 |   0 |  37 | 4.300000e+01 | 9.920000e+01 | 130.70%| unknown
 1146s|182500 |144555 | 20300k| 111.2 |   314M | 262 | 951 |5425 |5425 |   0 |  0 |   0 |  37 | 4.300000e+01 | 9.920000e+01 | 130.70%| unknown
 1146s|182600 |144631 | 20300k| 111.2 |   314M | 262 | 951 |5425 |5425 |   0 |  0 |   0 |  37 | 4.300000e+01 | 9.920000e+01 | 130.70%| unknown
 1146s|182700 |144705 | 20301k| 111.1 |   315M | 262 | 951 |5425 |5425 |   0 |  0 |   0 |  37 | 4.300000e+01 | 9.920000e+01 | 130.70%| unknown
 1146s|182800 |144769 | 20302k| 111.1 |   315M | 262 | 951 |5425 |5425 |   0 |  0 |   0 |  37 | 4.300000e+01 | 9.920000e+01 | 130.70%| unknown
 time | node  | left  |LP iter|LP it/n|mem/heur|mdpt |vars |cons |rows |cuts |sepa|confs|strbr|  dualbound   | primalbound  |  gap   | compl. 
 1146s|182900 |144831 | 20304k| 111.0 |   315M | 262 | 951 |5425 |5425 |   0 |  0 |   0 |  37 | 4.300000e+01 | 9.920000e+01 | 130.70%| unknown
 1146s|183000 |144899 | 20305k| 111.0 |   315M | 262 | 951 |5425 |5425 |   0 |  0 |   0 |  37 | 4.300000e+01 | 9.920000e+01 | 130.70%| unknown
 1147s|183100 |144967 | 20311k| 110.9 |   315M | 262 | 951 |5425 |5425 |   0 |  0 |   0 |  37 | 4.300000e+01 | 9.920000e+01 | 130.70%| unknown
 1148s|183200 |145035 | 20337k| 111.0 |   315M | 262 | 951 |5425 |5425 |   0 |  0 |   0 |  37 | 4.300000e+01 | 9.920000e+01 | 130.70%| unknown
 1148s|183300 |145113 | 20338k| 111.0 |   316M | 262 | 951 |5425 |5425 |   0 |  0 |   0 |  37 | 4.300000e+01 | 9.920000e+01 | 130.70%| unknown
 1149s|183400 |145175 | 20339k| 110.9 |   316M | 262 | 951 |5425 |5425 |   0 |  0 |   0 |  37 | 4.300000e+01 | 9.920000e+01 | 130.70%| unknown
 1149s|183500 |145247 | 20341k| 110.8 |   316M | 262 | 951 |5425 |5425 |   0 |  0 |   0 |  37 | 4.300000e+01 | 9.920000e+01 | 130.70%| unknown
 1149s|183600 |145339 | 20342k| 110.8 |   316M | 262 | 951 |5425 |5425 |   0 |  0 |   0 |  37 | 4.300000e+01 | 9.920000e+01 | 130.70%| unknown
 1149s|183700 |145433 | 20343k| 110.7 |   316M | 262 | 951 |5425 |5425 |   0 |  0 |   0 |  37 | 4.300000e+01 | 9.920000e+01 | 130.70%| unknown
 1149s|183800 |145529 | 20344k| 110.7 |   316M | 262 | 951 |5425 |5425 |   0 |  0 |   0 |  37 | 4.300000e+01 | 9.920000e+01 | 130.70%| unknown
 1151s|183900 |145603 | 20371k| 110.8 |   316M | 262 | 951 |5425 |5425 |   0 |  0 |   0 |  37 | 4.300000e+01 | 9.920000e+01 | 130.70%| unknown
 1151s|184000 |145671 | 20377k| 110.7 |   316M | 262 | 951 |5425 |5425 |   0 |  0 |   0 |  37 | 4.300000e+01 | 9.920000e+01 | 130.70%| unknown
 1151s|184100 |145735 | 20378k| 110.7 |   316M | 262 | 951 |5425 |5425 |   0 |  0 |   0 |  37 | 4.300000e+01 | 9.920000e+01 | 130.70%| unknown
 1151s|184200 |145815 | 20379k| 110.6 |   316M | 262 | 951 |5425 |5425 |   0 |  0 |   0 |  37 | 4.300000e+01 | 9.920000e+01 | 130.70%| unknown
 1152s|184300 |145897 | 20380k| 110.6 |   316M | 262 | 951 |5425 |5425 |   0 |  0 |   0 |  37 | 4.300000e+01 | 9.920000e+01 | 130.70%| unknown
 time | node  | left  |LP iter|LP it/n|mem/heur|mdpt |vars |cons |rows |cuts |sepa|confs|strbr|  dualbound   | primalbound  |  gap   | compl. 
 1152s|184400 |145965 | 20382k| 110.5 |   317M | 262 | 951 |5425 |5425 |   0 |  0 |   0 |  37 | 4.300000e+01 | 9.920000e+01 | 130.70%| unknown
 1152s|184500 |146043 | 20383k| 110.5 |   317M | 262 | 951 |5425 |5425 |   0 |  0 |   0 |  37 | 4.300000e+01 | 9.920000e+01 | 130.70%| unknown
 1152s|184600 |146127 | 20384k| 110.4 |   317M | 262 | 951 |5425 |5425 |   0 |  0 |   0 |  37 | 4.300000e+01 | 9.920000e+01 | 130.70%| unknown
 1152s|184700 |146205 | 20385k| 110.4 |   317M | 262 | 951 |5425 |5425 |   0 |  0 |   0 |  37 | 4.300000e+01 | 9.920000e+01 | 130.70%| unknown
 1153s|184800 |146273 | 20387k| 110.3 |   317M | 262 | 951 |5425 |5425 |   0 |  0 |   0 |  37 | 4.300000e+01 | 9.920000e+01 | 130.70%| unknown
 1153s|184900 |146343 | 20406k| 110.4 |   317M | 262 | 951 |5425 |5425 |   0 |  0 |   0 |  37 | 4.300000e+01 | 9.920000e+01 | 130.70%| unknown
 1155s|185000 |146425 | 20427k| 110.4 |   318M | 262 | 951 |5425 |5425 |   0 |  0 |   0 |  37 | 4.300000e+01 | 9.920000e+01 | 130.70%| unknown
 1156s|185100 |146487 | 20459k| 110.5 |   318M | 262 | 951 |5425 |5425 |   0 |  0 |   0 |  37 | 4.300000e+01 | 9.920000e+01 | 130.70%| unknown
 1157s|185200 |146549 | 20473k| 110.5 |   318M | 262 | 951 |5425 |5425 |   0 |  0 |   0 |  37 | 4.300000e+01 | 9.920000e+01 | 130.70%| unknown
 1157s|185300 |146619 | 20475k| 110.5 |   318M | 262 | 951 |5425 |5425 |   0 |  0 |   0 |  37 | 4.300000e+01 | 9.920000e+01 | 130.70%| unknown
 1157s|185400 |146707 | 20476k| 110.4 |   319M | 262 | 951 |5425 |5425 |   0 |  0 |   0 |  37 | 4.300000e+01 | 9.920000e+01 | 130.70%| unknown
 1158s|185500 |146789 | 20477k| 110.4 |   319M | 262 | 951 |5425 |5425 |   0 |  0 |   0 |  37 | 4.300000e+01 | 9.920000e+01 | 130.70%| unknown
 1158s|185600 |146853 | 20489k| 110.4 |   319M | 262 | 951 |5425 |5425 |   0 |  0 |   0 |  37 | 4.300000e+01 | 9.920000e+01 | 130.70%| unknown
 1159s|185700 |146917 | 20507k| 110.4 |   319M | 262 | 951 |5425 |5425 |   0 |  0 |   0 |  37 | 4.300000e+01 | 9.920000e+01 | 130.70%| unknown
 1159s|185800 |146991 | 20511k| 110.4 |   319M | 262 | 951 |5425 |5425 |   0 |  0 |   0 |  37 | 4.300000e+01 | 9.920000e+01 | 130.70%| unknown
 time | node  | left  |LP iter|LP it/n|mem/heur|mdpt |vars |cons |rows |cuts |sepa|confs|strbr|  dualbound   | primalbound  |  gap   | compl. 
 1160s|185900 |147063 | 20513k| 110.3 |   319M | 262 | 951 |5425 |5425 |   0 |  0 |   0 |  37 | 4.300000e+01 | 9.920000e+01 | 130.70%| unknown
 1160s|186000 |147123 | 20514k| 110.3 |   319M | 262 | 951 |5425 |5425 |   0 |  0 |   0 |  37 | 4.300000e+01 | 9.920000e+01 | 130.70%| unknown
 1160s|186100 |147213 | 20516k| 110.2 |   319M | 262 | 951 |5425 |5425 |   0 |  0 |   0 |  37 | 4.300000e+01 | 9.920000e+01 | 130.70%| unknown
 1160s|186200 |147293 | 20517k| 110.2 |   319M | 262 | 951 |5425 |5425 |   0 |  0 |   0 |  37 | 4.300000e+01 | 9.920000e+01 | 130.70%| unknown
 1160s|186300 |147367 | 20518k| 110.1 |   319M | 262 | 951 |5425 |5425 |   0 |  0 |   0 |  37 | 4.300000e+01 | 9.920000e+01 | 130.70%| unknown
 1161s|186400 |147433 | 20519k| 110.1 |   319M | 262 | 951 |5425 |5425 |   0 |  0 |   0 |  37 | 4.300000e+01 | 9.920000e+01 | 130.70%| unknown
 1161s|186500 |147519 | 20520k| 110.0 |   320M | 262 | 951 |5425 |5425 |   0 |  0 |   0 |  37 | 4.300000e+01 | 9.920000e+01 | 130.70%| unknown
 1161s|186600 |147589 | 20521k| 110.0 |   320M | 262 | 951 |5425 |5425 |   0 |  0 |   0 |  37 | 4.300000e+01 | 9.920000e+01 | 130.70%| unknown
 1161s|186700 |147671 | 20522k| 109.9 |   320M | 262 | 951 |5425 |5425 |   0 |  0 |   0 |  37 | 4.300000e+01 | 9.920000e+01 | 130.70%| unknown
 1162s|186800 |147747 | 20541k| 110.0 |   320M | 262 | 951 |5425 |5425 |   0 |  0 |   0 |  37 | 4.300000e+01 | 9.920000e+01 | 130.70%| unknown
 1163s|186900 |147823 | 20560k| 110.0 |   320M | 262 | 951 |5425 |5425 |   0 |  0 |   0 |  37 | 4.300000e+01 | 9.920000e+01 | 130.70%| unknown
 1164s|187000 |147901 | 20577k| 110.0 |   320M | 262 | 951 |5425 |5425 |   0 |  0 |   0 |  37 | 4.300000e+01 | 9.920000e+01 | 130.70%| unknown
 1165s|187100 |147981 | 20592k| 110.1 |   320M | 262 | 951 |5425 |5425 |   0 |  0 |   0 |  37 | 4.300000e+01 | 9.920000e+01 | 130.70%| unknown
 1166s|187200 |148053 | 20611k| 110.1 |   320M | 262 | 951 |5425 |5425 |   0 |  0 |   0 |  37 | 4.300000e+01 | 9.920000e+01 | 130.70%| unknown
 1167s|187300 |148143 | 20632k| 110.2 |   320M | 262 | 951 |5425 |5425 |   0 |  0 |   0 |  37 | 4.300000e+01 | 9.920000e+01 | 130.70%| unknown
 time | node  | left  |LP iter|LP it/n|mem/heur|mdpt |vars |cons |rows |cuts |sepa|confs|strbr|  dualbound   | primalbound  |  gap   | compl. 
 1168s|187400 |148205 | 20662k| 110.3 |   320M | 262 | 951 |5425 |5425 |   0 |  0 |   0 |  37 | 4.300000e+01 | 9.920000e+01 | 130.70%| unknown
 1169s|187500 |148279 | 20680k| 110.3 |   320M | 262 | 951 |5425 |5425 |   0 |  0 |   0 |  37 | 4.300000e+01 | 9.920000e+01 | 130.70%| unknown
 1170s|187600 |148343 | 20696k| 110.3 |   321M | 262 | 951 |5425 |5425 |   0 |  0 |   0 |  37 | 4.300000e+01 | 9.920000e+01 | 130.70%| unknown
 1171s|187700 |148413 | 20713k| 110.4 |   321M | 262 | 951 |5425 |5425 |   0 |  0 |   0 |  37 | 4.300000e+01 | 9.920000e+01 | 130.70%| unknown
 1172s|187800 |148469 | 20733k| 110.4 |   322M | 262 | 951 |5425 |5425 |   0 |  0 |   0 |  37 | 4.300000e+01 | 9.920000e+01 | 130.70%| unknown
 1174s|187900 |148537 | 20772k| 110.5 |   322M | 262 | 951 |5425 |5425 |   0 |  0 |   0 |  37 | 4.300000e+01 | 9.920000e+01 | 130.70%| unknown
 1175s|188000 |148597 | 20792k| 110.6 |   322M | 262 | 951 |5425 |5425 |   0 |  0 |   0 |  37 | 4.300000e+01 | 9.920000e+01 | 130.70%| unknown
 1176s|188100 |148671 | 20819k| 110.7 |   322M | 262 | 951 |5425 |5425 |   0 |  0 |   0 |  37 | 4.300000e+01 | 9.920000e+01 | 130.70%| unknown
 1178s|188200 |148739 | 20845k| 110.8 |   322M | 262 | 951 |5425 |5425 |   0 |  0 |   0 |  37 | 4.300000e+01 | 9.920000e+01 | 130.70%| unknown
 1179s|188300 |148799 | 20864k| 110.8 |   322M | 262 | 951 |5425 |5425 |   0 |  0 |   0 |  37 | 4.300000e+01 | 9.920000e+01 | 130.70%| unknown
 1180s|188400 |148861 | 20886k| 110.9 |   323M | 262 | 951 |5425 |5425 |   0 |  0 |   0 |  37 | 4.300000e+01 | 9.920000e+01 | 130.70%| unknown
 1181s|188500 |148935 | 20908k| 110.9 |   323M | 262 | 951 |5425 |5425 |   0 |  0 |   0 |  37 | 4.300000e+01 | 9.920000e+01 | 130.70%| unknown
 1182s|188600 |149015 | 20923k| 110.9 |   323M | 262 | 951 |5425 |5425 |   0 |  0 |   0 |  37 | 4.300000e+01 | 9.920000e+01 | 130.70%| unknown
 1183s|188700 |149099 | 20939k| 111.0 |   324M | 262 | 951 |5425 |5425 |   0 |  0 |   0 |  37 | 4.300000e+01 | 9.920000e+01 | 130.70%| unknown
 1184s|188800 |149175 | 20959k| 111.0 |   324M | 262 | 951 |5425 |5425 |   0 |  0 |   0 |  37 | 4.300000e+01 | 9.920000e+01 | 130.70%| unknown
 time | node  | left  |LP iter|LP it/n|mem/heur|mdpt |vars |cons |rows |cuts |sepa|confs|strbr|  dualbound   | primalbound  |  gap   | compl. 
 1185s|188900 |149245 | 20972k| 111.0 |   324M | 262 | 951 |5425 |5425 |   0 |  0 |   0 |  37 | 4.300000e+01 | 9.920000e+01 | 130.70%| unknown
 1185s|189000 |149315 | 20985k| 111.0 |   324M | 262 | 951 |5425 |5425 |   0 |  0 |   0 |  37 | 4.300000e+01 | 9.920000e+01 | 130.70%| unknown
 1186s|189100 |149387 | 21007k| 111.1 |   324M | 262 | 951 |5425 |5425 |   0 |  0 |   0 |  37 | 4.300000e+01 | 9.920000e+01 | 130.70%| unknown
 1188s|189200 |149449 | 21031k| 111.2 |   324M | 262 | 951 |5425 |5425 |   0 |  0 |   0 |  37 | 4.300000e+01 | 9.920000e+01 | 130.70%| unknown
 1189s|189300 |149507 | 21054k| 111.2 |   324M | 262 | 951 |5425 |5425 |   0 |  0 |   0 |  37 | 4.300000e+01 | 9.920000e+01 | 130.70%| unknown
 1190s|189400 |149585 | 21078k| 111.3 |   324M | 262 | 951 |5425 |5425 |   0 |  0 |   0 |  37 | 4.300000e+01 | 9.920000e+01 | 130.70%| unknown
 1191s|189500 |149657 | 21093k| 111.3 |   324M | 262 | 951 |5425 |5425 |   0 |  0 |   0 |  37 | 4.300000e+01 | 9.920000e+01 | 130.70%| unknown
 1192s|189600 |149731 | 21111k| 111.3 |   324M | 262 | 951 |5425 |5425 |   0 |  0 |   0 |  37 | 4.300000e+01 | 9.920000e+01 | 130.70%| unknown
 1193s|189700 |149801 | 21130k| 111.4 |   324M | 262 | 951 |5425 |5425 |   0 |  0 |   0 |  37 | 4.300000e+01 | 9.920000e+01 | 130.70%| unknown
 1194s|189800 |149883 | 21153k| 111.4 |   325M | 262 | 951 |5425 |5425 |   0 |  0 |   0 |  37 | 4.300000e+01 | 9.920000e+01 | 130.70%| unknown
 1196s|189900 |149951 | 21188k| 111.6 |   325M | 262 | 951 |5425 |5425 |   0 |  0 |   0 |  37 | 4.300000e+01 | 9.920000e+01 | 130.70%| unknown
 1197s|190000 |150027 | 21212k| 111.6 |   325M | 262 | 951 |5425 |5425 |   0 |  0 |   0 |  37 | 4.300000e+01 | 9.920000e+01 | 130.70%| unknown
 1198s|190100 |150095 | 21233k| 111.7 |   326M | 262 | 951 |5425 |5425 |   0 |  0 |   0 |  37 | 4.300000e+01 | 9.920000e+01 | 130.70%| unknown
 1199s|190200 |150173 | 21252k| 111.7 |   326M | 262 | 951 |5425 |5425 |   0 |  0 |   0 |  37 | 4.300000e+01 | 9.920000e+01 | 130.70%| unknown
 1200s|190300 |150237 | 21275k| 111.8 |   326M | 262 | 951 |5425 |5425 |   0 |  0 |   0 |  37 | 4.300000e+01 | 9.920000e+01 | 130.70%| unknown
 time | node  | left  |LP iter|LP it/n|mem/heur|mdpt |vars |cons |rows |cuts |sepa|confs|strbr|  dualbound   | primalbound  |  gap   | compl. 
 1201s|190400 |150305 | 21296k| 111.8 |   326M | 262 | 951 |5425 |5425 |   0 |  0 |   0 |  37 | 4.300000e+01 | 9.920000e+01 | 130.70%| unknown
 1202s|190500 |150381 | 21317k| 111.9 |   326M | 262 | 951 |5425 |5425 |   0 |  0 |   0 |  37 | 4.300000e+01 | 9.920000e+01 | 130.70%| unknown
 1203s|190600 |150449 | 21334k| 111.9 |   326M | 262 | 951 |5425 |5425 |   0 |  0 |   0 |  37 | 4.300000e+01 | 9.920000e+01 | 130.70%| unknown
 1204s|190700 |150531 | 21360k| 112.0 |   326M | 262 | 951 |5425 |5425 |   0 |  0 |   0 |  37 | 4.300000e+01 | 9.920000e+01 | 130.70%| unknown
 1205s|190800 |150601 | 21377k| 112.0 |   326M | 262 | 951 |5425 |5425 |   0 |  0 |   0 |  37 | 4.300000e+01 | 9.920000e+01 | 130.70%| unknown
 1206s|190900 |150673 | 21387k| 112.0 |   327M | 262 | 951 |5425 |5425 |   0 |  0 |   0 |  37 | 4.300000e+01 | 9.920000e+01 | 130.70%| unknown
 1206s|191000 |150749 | 21388k| 112.0 |   327M | 262 | 951 |5425 |5425 |   0 |  0 |   0 |  37 | 4.300000e+01 | 9.920000e+01 | 130.70%| unknown
 1206s|191100 |150819 | 21389k| 111.9 |   327M | 262 | 951 |5425 |5425 |   0 |  0 |   0 |  37 | 4.300000e+01 | 9.920000e+01 | 130.70%| unknown
 1206s|191200 |150907 | 21390k| 111.9 |   327M | 262 | 951 |5425 |5425 |   0 |  0 |   0 |  37 | 4.300000e+01 | 9.920000e+01 | 130.70%| unknown
 1207s|191300 |150981 | 21392k| 111.8 |   327M | 262 | 951 |5425 |5425 |   0 |  0 |   0 |  37 | 4.300000e+01 | 9.920000e+01 | 130.70%| unknown
 1207s|191400 |151061 | 21393k| 111.8 |   327M | 262 | 951 |5425 |5425 |   0 |  0 |   0 |  37 | 4.300000e+01 | 9.920000e+01 | 130.70%| unknown
 1207s|191500 |151139 | 21394k| 111.7 |   327M | 262 | 951 |5425 |5425 |   0 |  0 |   0 |  37 | 4.300000e+01 | 9.920000e+01 | 130.70%| unknown
 1207s|191600 |151211 | 21395k| 111.7 |   327M | 262 | 951 |5425 |5425 |   0 |  0 |   0 |  37 | 4.300000e+01 | 9.920000e+01 | 130.70%| unknown
 1208s|191700 |151289 | 21421k| 111.7 |   327M | 262 | 951 |5425 |5425 |   0 |  0 |   0 |  37 | 4.300000e+01 | 9.920000e+01 | 130.70%| unknown
 1210s|191800 |151351 | 21444k| 111.8 |   327M | 262 | 951 |5425 |5425 |   0 |  0 |   0 |  37 | 4.300000e+01 | 9.920000e+01 | 130.70%| unknown
 time | node  | left  |LP iter|LP it/n|mem/heur|mdpt |vars |cons |rows |cuts |sepa|confs|strbr|  dualbound   | primalbound  |  gap   | compl. 
 1211s|191900 |151419 | 21465k| 111.9 |   327M | 262 | 951 |5425 |5425 |   0 |  0 |   0 |  37 | 4.300000e+01 | 9.920000e+01 | 130.70%| unknown
 1212s|192000 |151487 | 21483k| 111.9 |   328M | 262 | 951 |5425 |5425 |   0 |  0 |   0 |  37 | 4.300000e+01 | 9.920000e+01 | 130.70%| unknown
 1213s|192100 |151569 | 21513k| 112.0 |   328M | 262 | 951 |5425 |5425 |   0 |  0 |   0 |  37 | 4.300000e+01 | 9.920000e+01 | 130.70%| unknown
 1214s|192200 |151625 | 21533k| 112.0 |   328M | 262 | 951 |5425 |5425 |   0 |  0 |   0 |  37 | 4.300000e+01 | 9.920000e+01 | 130.70%| unknown
 1215s|192300 |151693 | 21551k| 112.1 |   328M | 262 | 951 |5425 |5425 |   0 |  0 |   0 |  37 | 4.300000e+01 | 9.920000e+01 | 130.70%| unknown
 1216s|192400 |151777 | 21580k| 112.2 |   328M | 262 | 951 |5425 |5425 |   0 |  0 |   0 |  37 | 4.300000e+01 | 9.920000e+01 | 130.70%| unknown
 1217s|192500 |151843 | 21597k| 112.2 |   328M | 262 | 951 |5425 |5425 |   0 |  0 |   0 |  37 | 4.300000e+01 | 9.920000e+01 | 130.70%| unknown
 1218s|192600 |151907 | 21612k| 112.2 |   328M | 262 | 951 |5425 |5425 |   0 |  0 |   0 |  37 | 4.300000e+01 | 9.920000e+01 | 130.70%| unknown
 1219s|192700 |151993 | 21628k| 112.2 |   328M | 262 | 951 |5425 |5425 |   0 |  0 |   0 |  37 | 4.300000e+01 | 9.920000e+01 | 130.70%| unknown
 1219s|192800 |152075 | 21638k| 112.2 |   328M | 262 | 951 |5425 |5425 |   0 |  0 |   0 |  37 | 4.300000e+01 | 9.920000e+01 | 130.70%| unknown
 1220s|192900 |152141 | 21656k| 112.3 |   328M | 262 | 951 |5425 |5425 |   0 |  0 |   0 |  37 | 4.300000e+01 | 9.920000e+01 | 130.70%| unknown
 1221s|193000 |152211 | 21660k| 112.2 |   329M | 262 | 951 |5425 |5425 |   0 |  0 |   0 |  37 | 4.300000e+01 | 9.920000e+01 | 130.70%| unknown
 1221s|193100 |152289 | 21661k| 112.2 |   330M | 262 | 951 |5425 |5425 |   0 |  0 |   0 |  37 | 4.300000e+01 | 9.920000e+01 | 130.70%| unknown
 1221s|193200 |152377 | 21662k| 112.1 |   330M | 262 | 951 |5425 |5425 |   0 |  0 |   0 |  37 | 4.300000e+01 | 9.920000e+01 | 130.70%| unknown
 1221s|193300 |152441 | 21663k| 112.1 |   330M | 262 | 951 |5425 |5425 |   0 |  0 |   0 |  37 | 4.300000e+01 | 9.920000e+01 | 130.70%| unknown
 time | node  | left  |LP iter|LP it/n|mem/heur|mdpt |vars |cons |rows |cuts |sepa|confs|strbr|  dualbound   | primalbound  |  gap   | compl. 
 1221s|193400 |152501 | 21664k| 112.0 |   330M | 262 | 951 |5425 |5425 |   0 |  0 |   0 |  37 | 4.300000e+01 | 9.920000e+01 | 130.70%| unknown
 1222s|193500 |152583 | 21665k| 112.0 |   330M | 262 | 951 |5425 |5425 |   0 |  0 |   0 |  37 | 4.300000e+01 | 9.920000e+01 | 130.70%| unknown
 1222s|193600 |152645 | 21666k| 111.9 |   330M | 262 | 951 |5425 |5425 |   0 |  0 |   0 |  37 | 4.300000e+01 | 9.920000e+01 | 130.70%| unknown
 1222s|193700 |152707 | 21667k| 111.9 |   330M | 262 | 951 |5425 |5425 |   0 |  0 |   0 |  37 | 4.300000e+01 | 9.920000e+01 | 130.70%| unknown
 1222s|193800 |152785 | 21668k| 111.8 |   330M | 262 | 951 |5425 |5425 |   0 |  0 |   0 |  37 | 4.300000e+01 | 9.920000e+01 | 130.70%| unknown
 1222s|193900 |152865 | 21669k| 111.8 |   330M | 262 | 951 |5425 |5425 |   0 |  0 |   0 |  37 | 4.300000e+01 | 9.920000e+01 | 130.70%| unknown
 1223s|194000 |152939 | 21671k| 111.7 |   330M | 262 | 951 |5425 |5425 |   0 |  0 |   0 |  37 | 4.300000e+01 | 9.920000e+01 | 130.70%| unknown
 1223s|194100 |153003 | 21672k| 111.7 |   330M | 262 | 951 |5425 |5425 |   0 |  0 |   0 |  37 | 4.300000e+01 | 9.920000e+01 | 130.70%| unknown
 1223s|194200 |153073 | 21673k| 111.6 |   331M | 262 | 951 |5425 |5425 |   0 |  0 |   0 |  37 | 4.300000e+01 | 9.920000e+01 | 130.70%| unknown
 1223s|194300 |153149 | 21675k| 111.6 |   331M | 262 | 951 |5425 |5425 |   0 |  0 |   0 |  37 | 4.300000e+01 | 9.920000e+01 | 130.70%| unknown
 1223s|194400 |153229 | 21677k| 111.5 |   331M | 262 | 951 |5425 |5425 |   0 |  0 |   0 |  37 | 4.300000e+01 | 9.920000e+01 | 130.70%| unknown
 1223s|194500 |153291 | 21678k| 111.5 |   331M | 262 | 951 |5425 |5425 |   0 |  0 |   0 |  37 | 4.300000e+01 | 9.920000e+01 | 130.70%| unknown
 1224s|194600 |153375 | 21679k| 111.4 |   332M | 262 | 951 |5425 |5425 |   0 |  0 |   0 |  37 | 4.300000e+01 | 9.920000e+01 | 130.70%| unknown
 1224s|194700 |153451 | 21680k| 111.4 |   332M | 262 | 951 |5425 |5425 |   0 |  0 |   0 |  37 | 4.300000e+01 | 9.920000e+01 | 130.70%| unknown
 1224s|194800 |153529 | 21681k| 111.3 |   332M | 262 | 951 |5425 |5425 |   0 |  0 |   0 |  37 | 4.300000e+01 | 9.920000e+01 | 130.70%| unknown
 time | node  | left  |LP iter|LP it/n|mem/heur|mdpt |vars |cons |rows |cuts |sepa|confs|strbr|  dualbound   | primalbound  |  gap   | compl. 
 1224s|194900 |153595 | 21682k| 111.2 |   332M | 262 | 951 |5425 |5425 |   0 |  0 |   0 |  37 | 4.300000e+01 | 9.920000e+01 | 130.70%| unknown
 1224s|195000 |153647 | 21684k| 111.2 |   332M | 262 | 951 |5425 |5425 |   0 |  0 |   0 |  37 | 4.300000e+01 | 9.920000e+01 | 130.70%| unknown
 1225s|195100 |153719 | 21695k| 111.2 |   332M | 262 | 951 |5425 |5425 |   0 |  0 |   0 |  37 | 4.300000e+01 | 9.920000e+01 | 130.70%| unknown
 1226s|195200 |153799 | 21716k| 111.2 |   332M | 262 | 951 |5425 |5425 |   0 |  0 |   0 |  37 | 4.300000e+01 | 9.920000e+01 | 130.70%| unknown
 1227s|195300 |153867 | 21726k| 111.2 |   333M | 262 | 951 |5425 |5425 |   0 |  0 |   0 |  37 | 4.300000e+01 | 9.920000e+01 | 130.70%| unknown
 1227s|195400 |153949 | 21727k| 111.2 |   333M | 262 | 951 |5425 |5425 |   0 |  0 |   0 |  37 | 4.300000e+01 | 9.920000e+01 | 130.70%| unknown
 1227s|195500 |154025 | 21728k| 111.1 |   334M | 262 | 951 |5425 |5425 |   0 |  0 |   0 |  37 | 4.300000e+01 | 9.920000e+01 | 130.70%| unknown
 1227s|195600 |154109 | 21729k| 111.1 |   334M | 262 | 951 |5425 |5425 |   0 |  0 |   0 |  37 | 4.300000e+01 | 9.920000e+01 | 130.70%| unknown
 1227s|195700 |154193 | 21729k| 111.0 |   334M | 262 | 951 |5425 |5425 |   0 |  0 |   0 |  37 | 4.300000e+01 | 9.920000e+01 | 130.70%| unknown
 1228s|195800 |154259 | 21742k| 111.0 |   334M | 262 | 951 |5425 |5425 |   0 |  0 |   0 |  37 | 4.300000e+01 | 9.920000e+01 | 130.70%| unknown
 1228s|195900 |154327 | 21744k| 111.0 |   334M | 262 | 951 |5425 |5425 |   0 |  0 |   0 |  37 | 4.300000e+01 | 9.920000e+01 | 130.70%| unknown
 1228s|196000 |154417 | 21745k| 110.9 |   334M | 262 | 951 |5425 |5425 |   0 |  0 |   0 |  37 | 4.300000e+01 | 9.920000e+01 | 130.70%| unknown
 1229s|196100 |154497 | 21746k| 110.9 |   334M | 262 | 951 |5425 |5425 |   0 |  0 |   0 |  37 | 4.300000e+01 | 9.920000e+01 | 130.70%| unknown
 1229s|196200 |154571 | 21748k| 110.8 |   334M | 262 | 951 |5425 |5425 |   0 |  0 |   0 |  37 | 4.300000e+01 | 9.920000e+01 | 130.70%| unknown
 1229s|196300 |154643 | 21750k| 110.8 |   334M | 262 | 951 |5425 |5425 |   0 |  0 |   0 |  37 | 4.300000e+01 | 9.920000e+01 | 130.70%| unknown
 time | node  | left  |LP iter|LP it/n|mem/heur|mdpt |vars |cons |rows |cuts |sepa|confs|strbr|  dualbound   | primalbound  |  gap   | compl. 
 1229s|196400 |154727 | 21750k| 110.7 |   335M | 262 | 951 |5425 |5425 |   0 |  0 |   0 |  37 | 4.300000e+01 | 9.920000e+01 | 130.70%| unknown
 1229s|196500 |154791 | 21752k| 110.7 |   335M | 262 | 951 |5425 |5425 |   0 |  0 |   0 |  37 | 4.300000e+01 | 9.920000e+01 | 130.70%| unknown
 1230s|196600 |154875 | 21753k| 110.6 |   335M | 262 | 951 |5425 |5425 |   0 |  0 |   0 |  37 | 4.300000e+01 | 9.920000e+01 | 130.70%| unknown
 1230s|196700 |154947 | 21760k| 110.6 |   335M | 262 | 951 |5425 |5425 |   0 |  0 |   0 |  37 | 4.300000e+01 | 9.920000e+01 | 130.70%| unknown
 1231s|196800 |155015 | 21778k| 110.7 |   335M | 262 | 951 |5425 |5425 |   0 |  0 |   0 |  37 | 4.300000e+01 | 9.920000e+01 | 130.70%| unknown
 1232s|196900 |155081 | 21794k| 110.7 |   335M | 262 | 951 |5425 |5425 |   0 |  0 |   0 |  37 | 4.300000e+01 | 9.920000e+01 | 130.70%| unknown
 1233s|197000 |155155 | 21808k| 110.7 |   335M | 262 | 951 |5425 |5425 |   0 |  0 |   0 |  37 | 4.300000e+01 | 9.920000e+01 | 130.70%| unknown
 1233s|197100 |155225 | 21809k| 110.6 |   335M | 262 | 951 |5425 |5425 |   0 |  0 |   0 |  37 | 4.300000e+01 | 9.920000e+01 | 130.70%| unknown
 1233s|197200 |155305 | 21811k| 110.6 |   335M | 262 | 951 |5425 |5425 |   0 |  0 |   0 |  37 | 4.300000e+01 | 9.920000e+01 | 130.70%| unknown
 1233s|197300 |155383 | 21812k| 110.5 |   335M | 262 | 951 |5425 |5425 |   0 |  0 |   0 |  37 | 4.300000e+01 | 9.920000e+01 | 130.70%| unknown
 1234s|197400 |155439 | 21823k| 110.5 |   335M | 262 | 951 |5425 |5425 |   0 |  0 |   0 |  37 | 4.300000e+01 | 9.920000e+01 | 130.70%| unknown
 1235s|197500 |155515 | 21838k| 110.6 |   336M | 262 | 951 |5425 |5425 |   0 |  0 |   0 |  37 | 4.300000e+01 | 9.920000e+01 | 130.70%| unknown
 1235s|197600 |155593 | 21839k| 110.5 |   336M | 262 | 951 |5425 |5425 |   0 |  0 |   0 |  37 | 4.300000e+01 | 9.920000e+01 | 130.70%| unknown
 1235s|197700 |155661 | 21840k| 110.5 |   336M | 262 | 951 |5425 |5425 |   0 |  0 |   0 |  37 | 4.300000e+01 | 9.920000e+01 | 130.70%| unknown
 1235s|197800 |155731 | 21842k| 110.4 |   336M | 262 | 951 |5425 |5425 |   0 |  0 |   0 |  37 | 4.300000e+01 | 9.920000e+01 | 130.70%| unknown
 time | node  | left  |LP iter|LP it/n|mem/heur|mdpt |vars |cons |rows |cuts |sepa|confs|strbr|  dualbound   | primalbound  |  gap   | compl. 
 1235s|197900 |155799 | 21843k| 110.4 |   336M | 262 | 951 |5425 |5425 |   0 |  0 |   0 |  37 | 4.300000e+01 | 9.920000e+01 | 130.70%| unknown
 1236s|198000 |155879 | 21844k| 110.3 |   336M | 262 | 951 |5425 |5425 |   0 |  0 |   0 |  37 | 4.300000e+01 | 9.920000e+01 | 130.70%| unknown
 1236s|198100 |155949 | 21846k| 110.3 |   336M | 262 | 951 |5425 |5425 |   0 |  0 |   0 |  37 | 4.300000e+01 | 9.920000e+01 | 130.70%| unknown
 1237s|198200 |155997 | 21872k| 110.4 |   337M | 262 | 951 |5425 |5425 |   0 |  0 |   0 |  37 | 4.300000e+01 | 9.920000e+01 | 130.70%| unknown
 1238s|198300 |156087 | 21889k| 110.4 |   337M | 262 | 951 |5425 |5425 |   0 |  0 |   0 |  37 | 4.300000e+01 | 9.920000e+01 | 130.70%| unknown
 1239s|198400 |156155 | 21907k| 110.4 |   337M | 262 | 951 |5425 |5425 |   0 |  0 |   0 |  37 | 4.300000e+01 | 9.920000e+01 | 130.70%| unknown
 1239s|198500 |156207 | 21909k| 110.4 |   337M | 262 | 951 |5425 |5425 |   0 |  0 |   0 |  37 | 4.300000e+01 | 9.920000e+01 | 130.70%| unknown
 1239s|198600 |156287 | 21910k| 110.3 |   338M | 262 | 951 |5425 |5425 |   0 |  0 |   0 |  37 | 4.300000e+01 | 9.920000e+01 | 130.70%| unknown
 1239s|198700 |156365 | 21911k| 110.3 |   338M | 262 | 951 |5425 |5425 |   0 |  0 |   0 |  37 | 4.300000e+01 | 9.920000e+01 | 130.70%| unknown
 1240s|198800 |156435 | 21917k| 110.2 |   338M | 262 | 951 |5425 |5425 |   0 |  0 |   0 |  37 | 4.300000e+01 | 9.920000e+01 | 130.70%| unknown
 1241s|198900 |156515 | 21939k| 110.3 |   338M | 262 | 951 |5425 |5425 |   0 |  0 |   0 |  37 | 4.300000e+01 | 9.920000e+01 | 130.70%| unknown
 1242s|199000 |156595 | 21953k| 110.3 |   338M | 262 | 951 |5425 |5425 |   0 |  0 |   0 |  37 | 4.300000e+01 | 9.920000e+01 | 130.70%| unknown
 1242s|199100 |156669 | 21965k| 110.3 |   338M | 262 | 951 |5425 |5425 |   0 |  0 |   0 |  37 | 4.300000e+01 | 9.920000e+01 | 130.70%| unknown
 1243s|199200 |156739 | 21978k| 110.3 |   338M | 262 | 951 |5425 |5425 |   0 |  0 |   0 |  37 | 4.300000e+01 | 9.920000e+01 | 130.70%| unknown
 1244s|199300 |156803 | 22000k| 110.4 |   338M | 262 | 951 |5425 |5425 |   0 |  0 |   0 |  37 | 4.300000e+01 | 9.920000e+01 | 130.70%| unknown
 time | node  | left  |LP iter|LP it/n|mem/heur|mdpt |vars |cons |rows |cuts |sepa|confs|strbr|  dualbound   | primalbound  |  gap   | compl. 
 1245s|199400 |156869 | 22023k| 110.4 |   338M | 262 | 951 |5425 |5425 |   0 |  0 |   0 |  37 | 4.300000e+01 | 9.920000e+01 | 130.70%| unknown
 1247s|199500 |156939 | 22059k| 110.6 |   338M | 262 | 951 |5425 |5425 |   0 |  0 |   0 |  37 | 4.300000e+01 | 9.920000e+01 | 130.70%| unknown
 1248s|199600 |157021 | 22077k| 110.6 |   338M | 262 | 951 |5425 |5425 |   0 |  0 |   0 |  37 | 4.300000e+01 | 9.920000e+01 | 130.70%| unknown
 1249s|199700 |157107 | 22094k| 110.6 |   339M | 262 | 951 |5425 |5425 |   0 |  0 |   0 |  37 | 4.300000e+01 | 9.920000e+01 | 130.70%| unknown
 1250s|199800 |157169 | 22110k| 110.7 |   339M | 262 | 951 |5425 |5425 |   0 |  0 |   0 |  37 | 4.300000e+01 | 9.920000e+01 | 130.70%| unknown
 1250s|199900 |157225 | 22111k| 110.6 |   339M | 262 | 951 |5425 |5425 |   0 |  0 |   0 |  37 | 4.300000e+01 | 9.920000e+01 | 130.70%| unknown
 1250s|200000 |157299 | 22114k| 110.6 |   339M | 262 | 951 |5425 |5425 |   0 |  0 |   0 |  37 | 4.300000e+01 | 9.920000e+01 | 130.70%| unknown
 1251s|200100 |157361 | 22132k| 110.6 |   339M | 262 | 951 |5425 |5425 |   0 |  0 |   0 |  37 | 4.300000e+01 | 9.920000e+01 | 130.70%| unknown
 1252s|200200 |157441 | 22151k| 110.6 |   339M | 262 | 951 |5425 |5425 |   0 |  0 |   0 |  37 | 4.300000e+01 | 9.920000e+01 | 130.70%| unknown
 1252s|200300 |157513 | 22156k| 110.6 |   339M | 262 | 951 |5425 |5425 |   0 |  0 |   0 |  37 | 4.300000e+01 | 9.920000e+01 | 130.70%| unknown
 1254s|200400 |157609 | 22174k| 110.6 |   340M | 262 | 951 |5425 |5425 |   0 |  0 |   0 |  37 | 4.300000e+01 | 9.920000e+01 | 130.70%| unknown
 1254s|200500 |157697 | 22185k| 110.6 |   340M | 262 | 951 |5425 |5425 |   0 |  0 |   0 |  37 | 4.300000e+01 | 9.920000e+01 | 130.70%| unknown
 1255s|200600 |157793 | 22209k| 110.7 |   340M | 262 | 951 |5425 |5425 |   0 |  0 |   0 |  37 | 4.300000e+01 | 9.920000e+01 | 130.70%| unknown
 1257s|200700 |157873 | 22232k| 110.8 |   342M | 262 | 951 |5425 |5425 |   0 |  0 |   0 |  37 | 4.300000e+01 | 9.920000e+01 | 130.70%| unknown
 1258s|200800 |157947 | 22254k| 110.8 |   342M | 262 | 951 |5425 |5425 |   0 |  0 |   0 |  37 | 4.300000e+01 | 9.920000e+01 | 130.70%| unknown
 time | node  | left  |LP iter|LP it/n|mem/heur|mdpt |vars |cons |rows |cuts |sepa|confs|strbr|  dualbound   | primalbound  |  gap   | compl. 
 1258s|200900 |158015 | 22255k| 110.8 |   342M | 262 | 951 |5425 |5425 |   0 |  0 |   0 |  37 | 4.300000e+01 | 9.920000e+01 | 130.70%| unknown
 1258s|201000 |158087 | 22257k| 110.7 |   342M | 262 | 951 |5425 |5425 |   0 |  0 |   0 |  37 | 4.300000e+01 | 9.920000e+01 | 130.70%| unknown
 1258s|201100 |158169 | 22260k| 110.7 |   342M | 262 | 951 |5425 |5425 |   0 |  0 |   0 |  37 | 4.300000e+01 | 9.920000e+01 | 130.70%| unknown
 1259s|201200 |158247 | 22283k| 110.7 |   342M | 262 | 951 |5425 |5425 |   0 |  0 |   0 |  37 | 4.300000e+01 | 9.920000e+01 | 130.70%| unknown
 1260s|201300 |158319 | 22301k| 110.8 |   342M | 262 | 951 |5425 |5425 |   0 |  0 |   0 |  37 | 4.300000e+01 | 9.920000e+01 | 130.70%| unknown
 1261s|201400 |158395 | 22319k| 110.8 |   342M | 262 | 951 |5425 |5425 |   0 |  0 |   0 |  37 | 4.300000e+01 | 9.920000e+01 | 130.70%| unknown
 1262s|201500 |158457 | 22340k| 110.9 |   342M | 262 | 951 |5425 |5425 |   0 |  0 |   0 |  37 | 4.300000e+01 | 9.920000e+01 | 130.70%| unknown
 1264s|201600 |158531 | 22361k| 110.9 |   342M | 262 | 951 |5425 |5425 |   0 |  0 |   0 |  37 | 4.300000e+01 | 9.920000e+01 | 130.70%| unknown
 1265s|201700 |158607 | 22382k| 111.0 |   342M | 262 | 951 |5425 |5425 |   0 |  0 |   0 |  37 | 4.300000e+01 | 9.920000e+01 | 130.70%| unknown
 1265s|201800 |158697 | 22398k| 111.0 |   343M | 262 | 951 |5425 |5425 |   0 |  0 |   0 |  37 | 4.300000e+01 | 9.920000e+01 | 130.70%| unknown
 1267s|201900 |158755 | 22431k| 111.1 |   343M | 262 | 951 |5425 |5425 |   0 |  0 |   0 |  37 | 4.300000e+01 | 9.920000e+01 | 130.70%| unknown
 1268s|202000 |158833 | 22445k| 111.1 |   343M | 262 | 951 |5425 |5425 |   0 |  0 |   0 |  37 | 4.300000e+01 | 9.920000e+01 | 130.70%| unknown
 1269s|202100 |158907 | 22464k| 111.2 |   343M | 262 | 951 |5425 |5425 |   0 |  0 |   0 |  37 | 4.300000e+01 | 9.920000e+01 | 130.70%| unknown
 1270s|202200 |158979 | 22492k| 111.2 |   343M | 262 | 951 |5425 |5425 |   0 |  0 |   0 |  37 | 4.300000e+01 | 9.920000e+01 | 130.70%| unknown
 1271s|202300 |159043 | 22511k| 111.3 |   343M | 262 | 951 |5425 |5425 |   0 |  0 |   0 |  37 | 4.300000e+01 | 9.920000e+01 | 130.70%| unknown
 time | node  | left  |LP iter|LP it/n|mem/heur|mdpt |vars |cons |rows |cuts |sepa|confs|strbr|  dualbound   | primalbound  |  gap   | compl. 
 1272s|202400 |159113 | 22528k| 111.3 |   343M | 262 | 951 |5425 |5425 |   0 |  0 |   0 |  37 | 4.300000e+01 | 9.920000e+01 | 130.70%| unknown
 1273s|202500 |159183 | 22553k| 111.4 |   343M | 262 | 951 |5425 |5425 |   0 |  0 |   0 |  37 | 4.300000e+01 | 9.920000e+01 | 130.70%| unknown
 1274s|202600 |159261 | 22576k| 111.4 |   343M | 262 | 951 |5425 |5425 |   0 |  0 |   0 |  37 | 4.300000e+01 | 9.920000e+01 | 130.70%| unknown
 1276s|202700 |159331 | 22602k| 111.5 |   343M | 262 | 951 |5425 |5425 |   0 |  0 |   0 |  37 | 4.300000e+01 | 9.920000e+01 | 130.70%| unknown
 1276s|202800 |159389 | 22613k| 111.5 |   343M | 262 | 951 |5425 |5425 |   0 |  0 |   0 |  37 | 4.300000e+01 | 9.920000e+01 | 130.70%| unknown
 1277s|202900 |159445 | 22619k| 111.5 |   344M | 262 | 951 |5425 |5425 |   0 |  0 |   0 |  37 | 4.300000e+01 | 9.920000e+01 | 130.70%| unknown
 1277s|203000 |159505 | 22620k| 111.4 |   344M | 262 | 951 |5425 |5425 |   0 |  0 |   0 |  37 | 4.300000e+01 | 9.920000e+01 | 130.70%| unknown
 1277s|203100 |159583 | 22621k| 111.4 |   344M | 262 | 951 |5425 |5425 |   0 |  0 |   0 |  37 | 4.300000e+01 | 9.920000e+01 | 130.70%| unknown
 1278s|203200 |159661 | 22639k| 111.4 |   344M | 262 | 951 |5425 |5425 |   0 |  0 |   0 |  37 | 4.300000e+01 | 9.920000e+01 | 130.70%| unknown
 1279s|203300 |159737 | 22653k| 111.4 |   344M | 262 | 951 |5425 |5425 |   0 |  0 |   0 |  37 | 4.300000e+01 | 9.920000e+01 | 130.70%| unknown
 1281s|203400 |159817 | 22702k| 111.6 |   344M | 262 | 951 |5425 |5425 |   0 |  0 |   0 |  37 | 4.300000e+01 | 9.920000e+01 | 130.70%| unknown
 1282s|203500 |159881 | 22718k| 111.6 |   344M | 262 | 951 |5425 |5425 |   0 |  0 |   0 |  37 | 4.300000e+01 | 9.920000e+01 | 130.70%| unknown
 1283s|203600 |159961 | 22745k| 111.7 |   344M | 262 | 951 |5425 |5425 |   0 |  0 |   0 |  37 | 4.300000e+01 | 9.920000e+01 | 130.70%| unknown
 1285s|203700 |160029 | 22772k| 111.8 |   344M | 262 | 951 |5425 |5425 |   0 |  0 |   0 |  37 | 4.300000e+01 | 9.920000e+01 | 130.70%| unknown
 1285s|203800 |160109 | 22780k| 111.8 |   344M | 262 | 951 |5425 |5425 |   0 |  0 |   0 |  37 | 4.300000e+01 | 9.920000e+01 | 130.70%| unknown
 time | node  | left  |LP iter|LP it/n|mem/heur|mdpt |vars |cons |rows |cuts |sepa|confs|strbr|  dualbound   | primalbound  |  gap   | compl. 
 1285s|203900 |160175 | 22781k| 111.7 |   344M | 262 | 951 |5425 |5425 |   0 |  0 |   0 |  37 | 4.300000e+01 | 9.920000e+01 | 130.70%| unknown
 1286s|204000 |160237 | 22782k| 111.7 |   346M | 262 | 951 |5425 |5425 |   0 |  0 |   0 |  37 | 4.300000e+01 | 9.920000e+01 | 130.70%| unknown
 1286s|204100 |160295 | 22783k| 111.6 |   346M | 262 | 951 |5425 |5425 |   0 |  0 |   0 |  37 | 4.300000e+01 | 9.920000e+01 | 130.70%| unknown
 1286s|204200 |160363 | 22784k| 111.6 |   346M | 262 | 951 |5425 |5425 |   0 |  0 |   0 |  37 | 4.300000e+01 | 9.920000e+01 | 130.70%| unknown
 1287s|204300 |160441 | 22797k| 111.6 |   346M | 262 | 951 |5425 |5425 |   0 |  0 |   0 |  37 | 4.300000e+01 | 9.920000e+01 | 130.70%| unknown
 1287s|204400 |160515 | 22815k| 111.6 |   346M | 262 | 951 |5425 |5425 |   0 |  0 |   0 |  37 | 4.300000e+01 | 9.920000e+01 | 130.70%| unknown
 1288s|204500 |160603 | 22831k| 111.6 |   346M | 262 | 951 |5425 |5425 |   0 |  0 |   0 |  37 | 4.300000e+01 | 9.920000e+01 | 130.70%| unknown
 1289s|204600 |160671 | 22845k| 111.7 |   346M | 262 | 951 |5425 |5425 |   0 |  0 |   0 |  37 | 4.300000e+01 | 9.920000e+01 | 130.70%| unknown
 1290s|204700 |160733 | 22855k| 111.7 |   346M | 262 | 951 |5425 |5425 |   0 |  0 |   0 |  37 | 4.300000e+01 | 9.920000e+01 | 130.70%| unknown
 1291s|204800 |160795 | 22884k| 111.7 |   346M | 262 | 951 |5425 |5425 |   0 |  0 |   0 |  37 | 4.300000e+01 | 9.920000e+01 | 130.70%| unknown
 1292s|204900 |160867 | 22912k| 111.8 |   346M | 262 | 951 |5425 |5425 |   0 |  0 |   0 |  37 | 4.300000e+01 | 9.920000e+01 | 130.70%| unknown
 1293s|205000 |160949 | 22931k| 111.9 |   346M | 262 | 951 |5425 |5425 |   0 |  0 |   0 |  37 | 4.300000e+01 | 9.920000e+01 | 130.70%| unknown
 1294s|205100 |161031 | 22949k| 111.9 |   347M | 262 | 951 |5425 |5425 |   0 |  0 |   0 |  37 | 4.300000e+01 | 9.920000e+01 | 130.70%| unknown
 1295s|205200 |161113 | 22963k| 111.9 |   347M | 262 | 951 |5425 |5425 |   0 |  0 |   0 |  37 | 4.300000e+01 | 9.920000e+01 | 130.70%| unknown
 1296s|205300 |161187 | 22988k| 112.0 |   347M | 262 | 951 |5425 |5425 |   0 |  0 |   0 |  37 | 4.300000e+01 | 9.920000e+01 | 130.70%| unknown
 time | node  | left  |LP iter|LP it/n|mem/heur|mdpt |vars |cons |rows |cuts |sepa|confs|strbr|  dualbound   | primalbound  |  gap   | compl. 
 1297s|205400 |161265 | 22995k| 112.0 |   347M | 262 | 951 |5425 |5425 |   0 |  0 |   0 |  37 | 4.300000e+01 | 9.920000e+01 | 130.70%| unknown
 1297s|205500 |161339 | 22996k| 111.9 |   347M | 262 | 951 |5425 |5425 |   0 |  0 |   0 |  37 | 4.300000e+01 | 9.920000e+01 | 130.70%| unknown
 1297s|205600 |161399 | 22998k| 111.9 |   347M | 262 | 951 |5425 |5425 |   0 |  0 |   0 |  37 | 4.300000e+01 | 9.920000e+01 | 130.70%| unknown
 1297s|205700 |161477 | 22999k| 111.8 |   347M | 262 | 951 |5425 |5425 |   0 |  0 |   0 |  37 | 4.300000e+01 | 9.920000e+01 | 130.70%| unknown
 1298s|205800 |161557 | 23000k| 111.8 |   347M | 262 | 951 |5425 |5425 |   0 |  0 |   0 |  37 | 4.300000e+01 | 9.920000e+01 | 130.70%| unknown
 1298s|205900 |161631 | 23001k| 111.7 |   347M | 262 | 951 |5425 |5425 |   0 |  0 |   0 |  37 | 4.300000e+01 | 9.920000e+01 | 130.70%| unknown
 1298s|206000 |161715 | 23007k| 111.7 |   347M | 262 | 951 |5425 |5425 |   0 |  0 |   0 |  37 | 4.300000e+01 | 9.920000e+01 | 130.70%| unknown
 1299s|206100 |161781 | 23022k| 111.7 |   347M | 262 | 951 |5425 |5425 |   0 |  0 |   0 |  37 | 4.300000e+01 | 9.920000e+01 | 130.70%| unknown
 1300s|206200 |161859 | 23041k| 111.7 |   348M | 262 | 951 |5425 |5425 |   0 |  0 |   0 |  37 | 4.300000e+01 | 9.920000e+01 | 130.70%| unknown
 1300s|206300 |161931 | 23046k| 111.7 |   348M | 262 | 951 |5425 |5425 |   0 |  0 |   0 |  37 | 4.300000e+01 | 9.920000e+01 | 130.70%| unknown
 1300s|206400 |162019 | 23047k| 111.7 |   348M | 262 | 951 |5425 |5425 |   0 |  0 |   0 |  37 | 4.300000e+01 | 9.920000e+01 | 130.70%| unknown
 1301s|206500 |162087 | 23048k| 111.6 |   348M | 262 | 951 |5425 |5425 |   0 |  0 |   0 |  37 | 4.300000e+01 | 9.920000e+01 | 130.70%| unknown
 1301s|206600 |162175 | 23049k| 111.6 |   348M | 262 | 951 |5425 |5425 |   0 |  0 |   0 |  37 | 4.300000e+01 | 9.920000e+01 | 130.70%| unknown
 1301s|206700 |162265 | 23050k| 111.5 |   348M | 262 | 951 |5425 |5425 |   0 |  0 |   0 |  37 | 4.300000e+01 | 9.920000e+01 | 130.70%| unknown
 1301s|206800 |162351 | 23051k| 111.5 |   348M | 262 | 951 |5425 |5425 |   0 |  0 |   0 |  37 | 4.300000e+01 | 9.920000e+01 | 130.70%| unknown
 time | node  | left  |LP iter|LP it/n|mem/heur|mdpt |vars |cons |rows |cuts |sepa|confs|strbr|  dualbound   | primalbound  |  gap   | compl. 
 1301s|206900 |162441 | 23052k| 111.4 |   350M | 262 | 951 |5425 |5425 |   0 |  0 |   0 |  37 | 4.300000e+01 | 9.920000e+01 | 130.70%| unknown
 1302s|207000 |162517 | 23053k| 111.4 |   350M | 262 | 951 |5425 |5425 |   0 |  0 |   0 |  37 | 4.300000e+01 | 9.920000e+01 | 130.70%| unknown
 1302s|207100 |162591 | 23063k| 111.4 |   350M | 262 | 951 |5425 |5425 |   0 |  0 |   0 |  37 | 4.300000e+01 | 9.920000e+01 | 130.70%| unknown
 1303s|207200 |162667 | 23082k| 111.4 |   351M | 262 | 951 |5425 |5425 |   0 |  0 |   0 |  37 | 4.300000e+01 | 9.920000e+01 | 130.70%| unknown
 1303s|207300 |162731 | 23083k| 111.3 |   351M | 262 | 951 |5425 |5425 |   0 |  0 |   0 |  37 | 4.300000e+01 | 9.920000e+01 | 130.70%| unknown
 1304s|207400 |162815 | 23087k| 111.3 |   351M | 262 | 951 |5425 |5425 |   0 |  0 |   0 |  37 | 4.300000e+01 | 9.920000e+01 | 130.70%| unknown
 1305s|207500 |162885 | 23109k| 111.4 |   351M | 262 | 951 |5425 |5425 |   0 |  0 |   0 |  37 | 4.300000e+01 | 9.920000e+01 | 130.70%| unknown
 1305s|207600 |162959 | 23112k| 111.3 |   351M | 262 | 951 |5425 |5425 |   0 |  0 |   0 |  37 | 4.300000e+01 | 9.920000e+01 | 130.70%| unknown
 1305s|207700 |163027 | 23113k| 111.3 |   351M | 262 | 951 |5425 |5425 |   0 |  0 |   0 |  37 | 4.300000e+01 | 9.920000e+01 | 130.70%| unknown
 1305s|207800 |163095 | 23114k| 111.2 |   351M | 262 | 951 |5425 |5425 |   0 |  0 |   0 |  37 | 4.300000e+01 | 9.920000e+01 | 130.70%| unknown
 1305s|207900 |163177 | 23115k| 111.2 |   351M | 262 | 951 |5425 |5425 |   0 |  0 |   0 |  37 | 4.300000e+01 | 9.920000e+01 | 130.70%| unknown
 1306s|208000 |163253 | 23116k| 111.1 |   351M | 262 | 951 |5425 |5425 |   0 |  0 |   0 |  37 | 4.300000e+01 | 9.920000e+01 | 130.70%| unknown
 1306s|208100 |163311 | 23117k| 111.1 |   351M | 262 | 951 |5425 |5425 |   0 |  0 |   0 |  37 | 4.300000e+01 | 9.920000e+01 | 130.70%| unknown
 1306s|208200 |163375 | 23119k| 111.0 |   351M | 262 | 951 |5425 |5425 |   0 |  0 |   0 |  37 | 4.300000e+01 | 9.920000e+01 | 130.70%| unknown
 1306s|208300 |163443 | 23120k| 111.0 |   352M | 262 | 951 |5425 |5425 |   0 |  0 |   0 |  37 | 4.300000e+01 | 9.920000e+01 | 130.70%| unknown
 time | node  | left  |LP iter|LP it/n|mem/heur|mdpt |vars |cons |rows |cuts |sepa|confs|strbr|  dualbound   | primalbound  |  gap   | compl. 
 1306s|208400 |163513 | 23121k| 110.9 |   352M | 262 | 951 |5425 |5425 |   0 |  0 |   0 |  37 | 4.300000e+01 | 9.920000e+01 | 130.70%| unknown
 1307s|208500 |163593 | 23123k| 110.9 |   353M | 262 | 951 |5425 |5425 |   0 |  0 |   0 |  37 | 4.300000e+01 | 9.920000e+01 | 130.70%| unknown
 1307s|208600 |163671 | 23136k| 110.9 |   353M | 262 | 951 |5425 |5425 |   0 |  0 |   0 |  37 | 4.300000e+01 | 9.920000e+01 | 130.70%| unknown
 1309s|208700 |163745 | 23161k| 111.0 |   353M | 262 | 951 |5425 |5425 |   0 |  0 |   0 |  37 | 4.300000e+01 | 9.920000e+01 | 130.70%| unknown
 1310s|208800 |163813 | 23182k| 111.0 |   353M | 262 | 951 |5425 |5425 |   0 |  0 |   0 |  37 | 4.300000e+01 | 9.920000e+01 | 130.70%| unknown
 1311s|208900 |163897 | 23200k| 111.1 |   353M | 262 | 951 |5425 |5425 |   0 |  0 |   0 |  37 | 4.300000e+01 | 9.920000e+01 | 130.70%| unknown
 1311s|209000 |163965 | 23214k| 111.1 |   353M | 262 | 951 |5425 |5425 |   0 |  0 |   0 |  37 | 4.300000e+01 | 9.920000e+01 | 130.70%| unknown
 1312s|209100 |164057 | 23228k| 111.1 |   353M | 262 | 951 |5425 |5425 |   0 |  0 |   0 |  37 | 4.300000e+01 | 9.920000e+01 | 130.70%| unknown
 1313s|209200 |164131 | 23242k| 111.1 |   353M | 262 | 951 |5425 |5425 |   0 |  0 |   0 |  37 | 4.300000e+01 | 9.920000e+01 | 130.70%| unknown
 1314s|209300 |164199 | 23267k| 111.2 |   354M | 262 | 951 |5425 |5425 |   0 |  0 |   0 |  37 | 4.300000e+01 | 9.920000e+01 | 130.70%| unknown
 1315s|209400 |164271 | 23290k| 111.2 |   354M | 262 | 951 |5425 |5425 |   0 |  0 |   0 |  37 | 4.300000e+01 | 9.920000e+01 | 130.70%| unknown
 1316s|209500 |164349 | 23291k| 111.2 |   354M | 262 | 951 |5425 |5425 |   0 |  0 |   0 |  37 | 4.300000e+01 | 9.920000e+01 | 130.70%| unknown
 1316s|209600 |164415 | 23292k| 111.1 |   354M | 262 | 951 |5425 |5425 |   0 |  0 |   0 |  37 | 4.300000e+01 | 9.920000e+01 | 130.70%| unknown
 1316s|209700 |164473 | 23294k| 111.1 |   354M | 262 | 951 |5425 |5425 |   0 |  0 |   0 |  37 | 4.300000e+01 | 9.920000e+01 | 130.70%| unknown
 1316s|209800 |164529 | 23295k| 111.0 |   354M | 262 | 951 |5425 |5425 |   0 |  0 |   0 |  37 | 4.300000e+01 | 9.920000e+01 | 130.70%| unknown
 time | node  | left  |LP iter|LP it/n|mem/heur|mdpt |vars |cons |rows |cuts |sepa|confs|strbr|  dualbound   | primalbound  |  gap   | compl. 
 1316s|209900 |164597 | 23296k| 111.0 |   354M | 262 | 951 |5425 |5425 |   0 |  0 |   0 |  37 | 4.300000e+01 | 9.920000e+01 | 130.70%| unknown
 1316s|210000 |164675 | 23297k| 110.9 |   354M | 262 | 951 |5425 |5425 |   0 |  0 |   0 |  37 | 4.300000e+01 | 9.920000e+01 | 130.70%| unknown
 1317s|210100 |164741 | 23299k| 110.9 |   354M | 262 | 951 |5425 |5425 |   0 |  0 |   0 |  37 | 4.300000e+01 | 9.920000e+01 | 130.70%| unknown
 1317s|210200 |164817 | 23300k| 110.8 |   354M | 262 | 951 |5425 |5425 |   0 |  0 |   0 |  37 | 4.300000e+01 | 9.920000e+01 | 130.70%| unknown
 1317s|210300 |164881 | 23301k| 110.8 |   354M | 262 | 951 |5425 |5425 |   0 |  0 |   0 |  37 | 4.300000e+01 | 9.920000e+01 | 130.70%| unknown
 1317s|210400 |164965 | 23302k| 110.8 |   354M | 262 | 951 |5425 |5425 |   0 |  0 |   0 |  37 | 4.300000e+01 | 9.920000e+01 | 130.70%| unknown
 1317s|210500 |165035 | 23304k| 110.7 |   355M | 262 | 951 |5425 |5425 |   0 |  0 |   0 |  37 | 4.300000e+01 | 9.920000e+01 | 130.70%| unknown
 1318s|210600 |165119 | 23305k| 110.7 |   355M | 262 | 951 |5425 |5425 |   0 |  0 |   0 |  37 | 4.300000e+01 | 9.920000e+01 | 130.70%| unknown
 1318s|210700 |165197 | 23306k| 110.6 |   356M | 262 | 951 |5425 |5425 |   0 |  0 |   0 |  37 | 4.300000e+01 | 9.920000e+01 | 130.70%| unknown
 1318s|210800 |165265 | 23307k| 110.6 |   356M | 262 | 951 |5425 |5425 |   0 |  0 |   0 |  37 | 4.300000e+01 | 9.920000e+01 | 130.70%| unknown
 1318s|210900 |165339 | 23308k| 110.5 |   356M | 262 | 951 |5425 |5425 |   0 |  0 |   0 |  37 | 4.300000e+01 | 9.920000e+01 | 130.70%| unknown
 1318s|211000 |165405 | 23309k| 110.5 |   356M | 262 | 951 |5425 |5425 |   0 |  0 |   0 |  37 | 4.300000e+01 | 9.920000e+01 | 130.70%| unknown
 1318s|211100 |165485 | 23310k| 110.4 |   356M | 262 | 951 |5425 |5425 |   0 |  0 |   0 |  37 | 4.300000e+01 | 9.920000e+01 | 130.70%| unknown
 1319s|211200 |165555 | 23311k| 110.4 |   356M | 262 | 951 |5425 |5425 |   0 |  0 |   0 |  37 | 4.300000e+01 | 9.920000e+01 | 130.70%| unknown
 1319s|211300 |165645 | 23312k| 110.3 |   356M | 262 | 951 |5425 |5425 |   0 |  0 |   0 |  37 | 4.300000e+01 | 9.920000e+01 | 130.70%| unknown
 time | node  | left  |LP iter|LP it/n|mem/heur|mdpt |vars |cons |rows |cuts |sepa|confs|strbr|  dualbound   | primalbound  |  gap   | compl. 
 1319s|211400 |165723 | 23313k| 110.3 |   356M | 262 | 951 |5425 |5425 |   0 |  0 |   0 |  37 | 4.300000e+01 | 9.920000e+01 | 130.70%| unknown
 1319s|211500 |165803 | 23314k| 110.2 |   357M | 262 | 951 |5425 |5425 |   0 |  0 |   0 |  37 | 4.300000e+01 | 9.920000e+01 | 130.70%| unknown
 1319s|211600 |165865 | 23316k| 110.2 |   357M | 262 | 951 |5425 |5425 |   0 |  0 |   0 |  37 | 4.300000e+01 | 9.920000e+01 | 130.70%| unknown
 1319s|211700 |165943 | 23317k| 110.1 |   357M | 262 | 951 |5425 |5425 |   0 |  0 |   0 |  37 | 4.300000e+01 | 9.920000e+01 | 130.70%| unknown
 1320s|211800 |166007 | 23318k| 110.1 |   357M | 262 | 951 |5425 |5425 |   0 |  0 |   0 |  37 | 4.300000e+01 | 9.920000e+01 | 130.70%| unknown
 1320s|211900 |166075 | 23319k| 110.0 |   357M | 262 | 951 |5425 |5425 |   0 |  0 |   0 |  37 | 4.300000e+01 | 9.920000e+01 | 130.70%| unknown
 1320s|212000 |166135 | 23321k| 110.0 |   357M | 262 | 951 |5425 |5425 |   0 |  0 |   0 |  37 | 4.300000e+01 | 9.920000e+01 | 130.70%| unknown
 1320s|212100 |166217 | 23323k| 110.0 |   357M | 262 | 951 |5425 |5425 |   0 |  0 |   0 |  37 | 4.300000e+01 | 9.920000e+01 | 130.70%| unknown
 1320s|212200 |166315 | 23324k| 109.9 |   357M | 262 | 951 |5425 |5425 |   0 |  0 |   0 |  37 | 4.300000e+01 | 9.920000e+01 | 130.70%| unknown
 1321s|212300 |166375 | 23325k| 109.9 |   357M | 262 | 951 |5425 |5425 |   0 |  0 |   0 |  37 | 4.300000e+01 | 9.920000e+01 | 130.70%| unknown
 1321s|212400 |166445 | 23326k| 109.8 |   357M | 262 | 951 |5425 |5425 |   0 |  0 |   0 |  37 | 4.300000e+01 | 9.920000e+01 | 130.70%| unknown
 1321s|212500 |166501 | 23327k| 109.8 |   357M | 262 | 951 |5425 |5425 |   0 |  0 |   0 |  37 | 4.300000e+01 | 9.920000e+01 | 130.70%| unknown
 1321s|212600 |166561 | 23329k| 109.7 |   357M | 262 | 951 |5425 |5425 |   0 |  0 |   0 |  37 | 4.300000e+01 | 9.920000e+01 | 130.70%| unknown
 1321s|212700 |166633 | 23331k| 109.7 |   358M | 262 | 951 |5425 |5425 |   0 |  0 |   0 |  37 | 4.300000e+01 | 9.920000e+01 | 130.70%| unknown
 1322s|212800 |166705 | 23332k| 109.6 |   358M | 262 | 951 |5425 |5425 |   0 |  0 |   0 |  37 | 4.300000e+01 | 9.920000e+01 | 130.70%| unknown
 time | node  | left  |LP iter|LP it/n|mem/heur|mdpt |vars |cons |rows |cuts |sepa|confs|strbr|  dualbound   | primalbound  |  gap   | compl. 
 1322s|212900 |166785 | 23333k| 109.6 |   358M | 262 | 951 |5425 |5425 |   0 |  0 |   0 |  37 | 4.300000e+01 | 9.920000e+01 | 130.70%| unknown
 1322s|213000 |166859 | 23334k| 109.5 |   358M | 262 | 951 |5425 |5425 |   0 |  0 |   0 |  37 | 4.300000e+01 | 9.920000e+01 | 130.70%| unknown
 1322s|213100 |166933 | 23336k| 109.5 |   359M | 262 | 951 |5425 |5425 |   0 |  0 |   0 |  37 | 4.300000e+01 | 9.920000e+01 | 130.70%| unknown
 1322s|213200 |167015 | 23337k| 109.5 |   359M | 262 | 951 |5425 |5425 |   0 |  0 |   0 |  37 | 4.300000e+01 | 9.920000e+01 | 130.70%| unknown
 1322s|213300 |167095 | 23338k| 109.4 |   359M | 262 | 951 |5425 |5425 |   0 |  0 |   0 |  37 | 4.300000e+01 | 9.920000e+01 | 130.70%| unknown
 1323s|213400 |167183 | 23346k| 109.4 |   359M | 262 | 951 |5425 |5425 |   0 |  0 |   0 |  37 | 4.300000e+01 | 9.920000e+01 | 130.70%| unknown
 1324s|213500 |167253 | 23371k| 109.5 |   359M | 262 | 951 |5425 |5425 |   0 |  0 |   0 |  37 | 4.300000e+01 | 9.920000e+01 | 130.70%| unknown
 1325s|213600 |167317 | 23390k| 109.5 |   359M | 262 | 951 |5425 |5425 |   0 |  0 |   0 |  37 | 4.300000e+01 | 9.920000e+01 | 130.70%| unknown
 1326s|213700 |167379 | 23408k| 109.5 |   359M | 262 | 951 |5425 |5425 |   0 |  0 |   0 |  37 | 4.300000e+01 | 9.920000e+01 | 130.70%| unknown
 1327s|213800 |167461 | 23427k| 109.6 |   360M | 262 | 951 |5425 |5425 |   0 |  0 |   0 |  37 | 4.300000e+01 | 9.920000e+01 | 130.70%| unknown
 1328s|213900 |167527 | 23441k| 109.6 |   360M | 262 | 951 |5425 |5425 |   0 |  0 |   0 |  37 | 4.300000e+01 | 9.920000e+01 | 130.70%| unknown
 1328s|214000 |167603 | 23442k| 109.5 |   360M | 262 | 951 |5425 |5425 |   0 |  0 |   0 |  37 | 4.300000e+01 | 9.920000e+01 | 130.70%| unknown
 1328s|214100 |167699 | 23443k| 109.5 |   360M | 262 | 951 |5425 |5425 |   0 |  0 |   0 |  37 | 4.300000e+01 | 9.920000e+01 | 130.70%| unknown
 1328s|214200 |167761 | 23445k| 109.5 |   360M | 262 | 951 |5425 |5425 |   0 |  0 |   0 |  37 | 4.300000e+01 | 9.920000e+01 | 130.70%| unknown
 1328s|214300 |167833 | 23446k| 109.4 |   360M | 262 | 951 |5425 |5425 |   0 |  0 |   0 |  37 | 4.300000e+01 | 9.920000e+01 | 130.70%| unknown
 time | node  | left  |LP iter|LP it/n|mem/heur|mdpt |vars |cons |rows |cuts |sepa|confs|strbr|  dualbound   | primalbound  |  gap   | compl. 
 1329s|214400 |167895 | 23448k| 109.4 |   360M | 262 | 951 |5425 |5425 |   0 |  0 |   0 |  37 | 4.300000e+01 | 9.920000e+01 | 130.70%| unknown
 1329s|214500 |167967 | 23449k| 109.3 |   360M | 262 | 951 |5425 |5425 |   0 |  0 |   0 |  37 | 4.300000e+01 | 9.920000e+01 | 130.70%| unknown
 1329s|214600 |168023 | 23450k| 109.3 |   360M | 262 | 951 |5425 |5425 |   0 |  0 |   0 |  37 | 4.300000e+01 | 9.920000e+01 | 130.70%| unknown
 1329s|214700 |168095 | 23451k| 109.2 |   360M | 262 | 951 |5425 |5425 |   0 |  0 |   0 |  37 | 4.300000e+01 | 9.920000e+01 | 130.70%| unknown
 1329s|214800 |168165 | 23452k| 109.2 |   360M | 262 | 951 |5425 |5425 |   0 |  0 |   0 |  37 | 4.300000e+01 | 9.920000e+01 | 130.70%| unknown
 1330s|214900 |168241 | 23453k| 109.1 |   362M | 262 | 951 |5425 |5425 |   0 |  0 |   0 |  37 | 4.300000e+01 | 9.920000e+01 | 130.70%| unknown
 1330s|215000 |168335 | 23459k| 109.1 |   362M | 262 | 951 |5425 |5425 |   0 |  0 |   0 |  37 | 4.300000e+01 | 9.920000e+01 | 130.70%| unknown
 1332s|215100 |168423 | 23491k| 109.2 |   362M | 262 | 951 |5425 |5425 |   0 |  0 |   0 |  37 | 4.300000e+01 | 9.920000e+01 | 130.70%| unknown
 1333s|215200 |168509 | 23508k| 109.2 |   362M | 262 | 951 |5425 |5425 |   0 |  0 |   0 |  37 | 4.300000e+01 | 9.920000e+01 | 130.70%| unknown
 1334s|215300 |168609 | 23528k| 109.3 |   362M | 262 | 951 |5425 |5425 |   0 |  0 |   0 |  37 | 4.300000e+01 | 9.920000e+01 | 130.70%| unknown
 1334s|215400 |168687 | 23534k| 109.3 |   362M | 262 | 951 |5425 |5425 |   0 |  0 |   0 |  37 | 4.300000e+01 | 9.920000e+01 | 130.70%| unknown
 1334s|215500 |168763 | 23535k| 109.2 |   362M | 262 | 951 |5425 |5425 |   0 |  0 |   0 |  37 | 4.300000e+01 | 9.920000e+01 | 130.70%| unknown
 1334s|215600 |168821 | 23536k| 109.2 |   362M | 262 | 951 |5425 |5425 |   0 |  0 |   0 |  37 | 4.300000e+01 | 9.920000e+01 | 130.70%| unknown
 1335s|215700 |168891 | 23538k| 109.1 |   362M | 262 | 951 |5425 |5425 |   0 |  0 |   0 |  37 | 4.300000e+01 | 9.920000e+01 | 130.70%| unknown
 1335s|215800 |168975 | 23548k| 109.1 |   363M | 262 | 951 |5425 |5425 |   0 |  0 |   0 |  37 | 4.300000e+01 | 9.920000e+01 | 130.70%| unknown
 time | node  | left  |LP iter|LP it/n|mem/heur|mdpt |vars |cons |rows |cuts |sepa|confs|strbr|  dualbound   | primalbound  |  gap   | compl. 
 1337s|215900 |169057 | 23576k| 109.2 |   363M | 262 | 951 |5425 |5425 |   0 |  0 |   0 |  37 | 4.300000e+01 | 9.920000e+01 | 130.70%| unknown
 1338s|216000 |169117 | 23601k| 109.3 |   363M | 262 | 951 |5425 |5425 |   0 |  0 |   0 |  37 | 4.300000e+01 | 9.920000e+01 | 130.70%| unknown
 1339s|216100 |169185 | 23619k| 109.3 |   363M | 262 | 951 |5425 |5425 |   0 |  0 |   0 |  37 | 4.300000e+01 | 9.920000e+01 | 130.70%| unknown
 1340s|216200 |169257 | 23634k| 109.3 |   363M | 262 | 951 |5425 |5425 |   0 |  0 |   0 |  37 | 4.300000e+01 | 9.920000e+01 | 130.70%| unknown
 1341s|216300 |169339 | 23655k| 109.4 |   363M | 262 | 951 |5425 |5425 |   0 |  0 |   0 |  37 | 4.300000e+01 | 9.920000e+01 | 130.70%| unknown
 1342s|216400 |169413 | 23695k| 109.5 |   363M | 262 | 951 |5425 |5425 |   0 |  0 |   0 |  37 | 4.300000e+01 | 9.920000e+01 | 130.70%| unknown
 1343s|216500 |169487 | 23708k| 109.5 |   364M | 262 | 951 |5425 |5425 |   0 |  0 |   0 |  37 | 4.300000e+01 | 9.920000e+01 | 130.70%| unknown
 1343s|216600 |169549 | 23710k| 109.5 |   364M | 262 | 951 |5425 |5425 |   0 |  0 |   0 |  37 | 4.300000e+01 | 9.920000e+01 | 130.70%| unknown
 1344s|216700 |169633 | 23730k| 109.5 |   364M | 262 | 951 |5425 |5425 |   0 |  0 |   0 |  37 | 4.300000e+01 | 9.920000e+01 | 130.70%| unknown
 1345s|216800 |169697 | 23746k| 109.5 |   364M | 262 | 951 |5425 |5425 |   0 |  0 |   0 |  37 | 4.300000e+01 | 9.920000e+01 | 130.70%| unknown
 1346s|216900 |169765 | 23770k| 109.6 |   365M | 262 | 951 |5425 |5425 |   0 |  0 |   0 |  37 | 4.300000e+01 | 9.920000e+01 | 130.70%| unknown
 1348s|217000 |169843 | 23794k| 109.6 |   365M | 262 | 951 |5425 |5425 |   0 |  0 |   0 |  37 | 4.300000e+01 | 9.920000e+01 | 130.70%| unknown
 1349s|217100 |169911 | 23813k| 109.7 |   365M | 262 | 951 |5425 |5425 |   0 |  0 |   0 |  37 | 4.300000e+01 | 9.920000e+01 | 130.70%| unknown
 1350s|217200 |169963 | 23837k| 109.7 |   365M | 262 | 951 |5425 |5425 |   0 |  0 |   0 |  37 | 4.300000e+01 | 9.920000e+01 | 130.70%| unknown
 1350s|217300 |170023 | 23838k| 109.7 |   365M | 262 | 951 |5425 |5425 |   0 |  0 |   0 |  37 | 4.300000e+01 | 9.920000e+01 | 130.70%| unknown
 time | node  | left  |LP iter|LP it/n|mem/heur|mdpt |vars |cons |rows |cuts |sepa|confs|strbr|  dualbound   | primalbound  |  gap   | compl. 
 1350s|217400 |170067 | 23840k| 109.7 |   365M | 262 | 951 |5425 |5425 |   0 |  0 |   0 |  37 | 4.300000e+01 | 9.920000e+01 | 130.70%| unknown
 1351s|217500 |170127 | 23841k| 109.6 |   365M | 262 | 951 |5425 |5425 |   0 |  0 |   0 |  37 | 4.300000e+01 | 9.920000e+01 | 130.70%| unknown
 1351s|217600 |170191 | 23843k| 109.6 |   365M | 262 | 951 |5425 |5425 |   0 |  0 |   0 |  37 | 4.300000e+01 | 9.920000e+01 | 130.70%| unknown
 1351s|217700 |170265 | 23844k| 109.5 |   365M | 262 | 951 |5425 |5425 |   0 |  0 |   0 |  37 | 4.300000e+01 | 9.920000e+01 | 130.70%| unknown
 1351s|217800 |170337 | 23845k| 109.5 |   365M | 262 | 951 |5425 |5425 |   0 |  0 |   0 |  37 | 4.300000e+01 | 9.920000e+01 | 130.70%| unknown
 1351s|217900 |170407 | 23847k| 109.4 |   365M | 262 | 951 |5425 |5425 |   0 |  0 |   0 |  37 | 4.300000e+01 | 9.920000e+01 | 130.70%| unknown
 1352s|218000 |170461 | 23866k| 109.5 |   365M | 262 | 951 |5425 |5425 |   0 |  0 |   0 |  37 | 4.300000e+01 | 9.920000e+01 | 130.70%| unknown
 1353s|218100 |170529 | 23888k| 109.5 |   365M | 262 | 951 |5425 |5425 |   0 |  0 |   0 |  37 | 4.300000e+01 | 9.920000e+01 | 130.70%| unknown
 1354s|218200 |170577 | 23910k| 109.6 |   366M | 262 | 951 |5425 |5425 |   0 |  0 |   0 |  37 | 4.300000e+01 | 9.920000e+01 | 130.70%| unknown
 1356s|218300 |170647 | 23942k| 109.7 |   366M | 262 | 951 |5425 |5425 |   0 |  0 |   0 |  37 | 4.300000e+01 | 9.920000e+01 | 130.70%| unknown
 1357s|218400 |170721 | 23964k| 109.7 |   366M | 262 | 951 |5425 |5425 |   0 |  0 |   0 |  37 | 4.300000e+01 | 9.920000e+01 | 130.70%| unknown
 1358s|218500 |170799 | 23977k| 109.7 |   366M | 262 | 951 |5425 |5425 |   0 |  0 |   0 |  37 | 4.300000e+01 | 9.920000e+01 | 130.70%| unknown
 1358s|218600 |170883 | 23978k| 109.7 |   366M | 262 | 951 |5425 |5425 |   0 |  0 |   0 |  37 | 4.300000e+01 | 9.920000e+01 | 130.70%| unknown
 1358s|218700 |170971 | 23979k| 109.6 |   366M | 262 | 951 |5425 |5425 |   0 |  0 |   0 |  37 | 4.300000e+01 | 9.920000e+01 | 130.70%| unknown
 1358s|218800 |171037 | 23980k| 109.6 |   366M | 262 | 951 |5425 |5425 |   0 |  0 |   0 |  37 | 4.300000e+01 | 9.920000e+01 | 130.70%| unknown
 time | node  | left  |LP iter|LP it/n|mem/heur|mdpt |vars |cons |rows |cuts |sepa|confs|strbr|  dualbound   | primalbound  |  gap   | compl. 
 1359s|218900 |171099 | 23981k| 109.6 |   366M | 262 | 951 |5425 |5425 |   0 |  0 |   0 |  37 | 4.300000e+01 | 9.920000e+01 | 130.70%| unknown
 1359s|219000 |171151 | 23983k| 109.5 |   367M | 262 | 951 |5425 |5425 |   0 |  0 |   0 |  37 | 4.300000e+01 | 9.920000e+01 | 130.70%| unknown
 1359s|219100 |171221 | 23990k| 109.5 |   367M | 262 | 951 |5425 |5425 |   0 |  0 |   0 |  37 | 4.300000e+01 | 9.920000e+01 | 130.70%| unknown
 1361s|219200 |171273 | 24019k| 109.6 |   367M | 262 | 951 |5425 |5425 |   0 |  0 |   0 |  37 | 4.300000e+01 | 9.920000e+01 | 130.70%| unknown
 1362s|219300 |171335 | 24036k| 109.6 |   367M | 262 | 951 |5425 |5425 |   0 |  0 |   0 |  37 | 4.300000e+01 | 9.920000e+01 | 130.70%| unknown
 1363s|219400 |171421 | 24059k| 109.7 |   369M | 262 | 951 |5425 |5425 |   0 |  0 |   0 |  37 | 4.300000e+01 | 9.920000e+01 | 130.70%| unknown
 1363s|219500 |171485 | 24062k| 109.6 |   369M | 262 | 951 |5425 |5425 |   0 |  0 |   0 |  37 | 4.300000e+01 | 9.920000e+01 | 130.70%| unknown
 1363s|219600 |171551 | 24063k| 109.6 |   369M | 262 | 951 |5425 |5425 |   0 |  0 |   0 |  37 | 4.300000e+01 | 9.920000e+01 | 130.70%| unknown
 1363s|219700 |171615 | 24064k| 109.5 |   369M | 262 | 951 |5425 |5425 |   0 |  0 |   0 |  37 | 4.300000e+01 | 9.920000e+01 | 130.70%| unknown
 1364s|219800 |171685 | 24083k| 109.6 |   369M | 262 | 951 |5425 |5425 |   0 |  0 |   0 |  37 | 4.300000e+01 | 9.920000e+01 | 130.70%| unknown
 1365s|219900 |171759 | 24103k| 109.6 |   369M | 262 | 951 |5425 |5425 |   0 |  0 |   0 |  37 | 4.300000e+01 | 9.920000e+01 | 130.70%| unknown
 1366s|220000 |171835 | 24115k| 109.6 |   369M | 262 | 951 |5425 |5425 |   0 |  0 |   0 |  37 | 4.300000e+01 | 9.920000e+01 | 130.70%| unknown
 1367s|220100 |171903 | 24134k| 109.6 |   369M | 262 | 951 |5425 |5425 |   0 |  0 |   0 |  37 | 4.300000e+01 | 9.920000e+01 | 130.70%| unknown
 1368s|220200 |171979 | 24151k| 109.7 |   369M | 262 | 951 |5425 |5425 |   0 |  0 |   0 |  37 | 4.300000e+01 | 9.920000e+01 | 130.70%| unknown
 1368s|220300 |172063 | 24162k| 109.7 |   369M | 262 | 951 |5425 |5425 |   0 |  0 |   0 |  37 | 4.300000e+01 | 9.920000e+01 | 130.70%| unknown
 time | node  | left  |LP iter|LP it/n|mem/heur|mdpt |vars |cons |rows |cuts |sepa|confs|strbr|  dualbound   | primalbound  |  gap   | compl. 
 1370s|220400 |172129 | 24183k| 109.7 |   369M | 262 | 951 |5425 |5425 |   0 |  0 |   0 |  37 | 4.300000e+01 | 9.920000e+01 | 130.70%| unknown
 1370s|220500 |172189 | 24184k| 109.7 |   370M | 262 | 951 |5425 |5425 |   0 |  0 |   0 |  37 | 4.300000e+01 | 9.920000e+01 | 130.70%| unknown
 1370s|220600 |172241 | 24186k| 109.6 |   370M | 262 | 951 |5425 |5425 |   0 |  0 |   0 |  37 | 4.300000e+01 | 9.920000e+01 | 130.70%| unknown
 1370s|220700 |172319 | 24187k| 109.6 |   370M | 262 | 951 |5425 |5425 |   0 |  0 |   0 |  37 | 4.300000e+01 | 9.920000e+01 | 130.70%| unknown
 1370s|220800 |172401 | 24189k| 109.5 |   370M | 262 | 951 |5425 |5425 |   0 |  0 |   0 |  37 | 4.300000e+01 | 9.920000e+01 | 130.70%| unknown
 1371s|220900 |172473 | 24190k| 109.5 |   370M | 262 | 951 |5425 |5425 |   0 |  0 |   0 |  37 | 4.300000e+01 | 9.920000e+01 | 130.70%| unknown
 1371s|221000 |172527 | 24192k| 109.5 |   370M | 262 | 951 |5425 |5425 |   0 |  0 |   0 |  37 | 4.300000e+01 | 9.920000e+01 | 130.70%| unknown
 1371s|221100 |172593 | 24193k| 109.4 |   370M | 262 | 951 |5425 |5425 |   0 |  0 |   0 |  37 | 4.300000e+01 | 9.920000e+01 | 130.70%| unknown
 1371s|221200 |172649 | 24194k| 109.4 |   370M | 262 | 951 |5425 |5425 |   0 |  0 |   0 |  37 | 4.300000e+01 | 9.920000e+01 | 130.70%| unknown
 1371s|221300 |172697 | 24195k| 109.3 |   370M | 262 | 951 |5425 |5425 |   0 |  0 |   0 |  37 | 4.300000e+01 | 9.920000e+01 | 130.70%| unknown
 1371s|221400 |172771 | 24196k| 109.3 |   370M | 262 | 951 |5425 |5425 |   0 |  0 |   0 |  37 | 4.300000e+01 | 9.920000e+01 | 130.70%| unknown
 1372s|221500 |172845 | 24197k| 109.2 |   371M | 262 | 951 |5425 |5425 |   0 |  0 |   0 |  37 | 4.300000e+01 | 9.920000e+01 | 130.70%| unknown
 1372s|221600 |172907 | 24199k| 109.2 |   371M | 262 | 951 |5425 |5425 |   0 |  0 |   0 |  37 | 4.300000e+01 | 9.920000e+01 | 130.70%| unknown
 1372s|221700 |172963 | 24203k| 109.2 |   372M | 262 | 951 |5425 |5425 |   0 |  0 |   0 |  37 | 4.300000e+01 | 9.920000e+01 | 130.70%| unknown
 1373s|221800 |173041 | 24214k| 109.2 |   372M | 262 | 951 |5425 |5425 |   0 |  0 |   0 |  37 | 4.300000e+01 | 9.920000e+01 | 130.70%| unknown
 time | node  | left  |LP iter|LP it/n|mem/heur|mdpt |vars |cons |rows |cuts |sepa|confs|strbr|  dualbound   | primalbound  |  gap   | compl. 
 1374s|221900 |173113 | 24243k| 109.3 |   372M | 262 | 951 |5425 |5425 |   0 |  0 |   0 |  37 | 4.300000e+01 | 9.920000e+01 | 130.70%| unknown
 1375s|222000 |173193 | 24265k| 109.3 |   372M | 262 | 951 |5425 |5425 |   0 |  0 |   0 |  37 | 4.300000e+01 | 9.920000e+01 | 130.70%| unknown
 1376s|222100 |173265 | 24284k| 109.3 |   372M | 262 | 951 |5425 |5425 |   0 |  0 |   0 |  37 | 4.300000e+01 | 9.920000e+01 | 130.70%| unknown
 1377s|222200 |173337 | 24301k| 109.4 |   372M | 262 | 951 |5425 |5425 |   0 |  0 |   0 |  37 | 4.300000e+01 | 9.920000e+01 | 130.70%| unknown
 1378s|222300 |173399 | 24315k| 109.4 |   372M | 262 | 951 |5425 |5425 |   0 |  0 |   0 |  37 | 4.300000e+01 | 9.920000e+01 | 130.70%| unknown
 1378s|222400 |173477 | 24317k| 109.3 |   372M | 262 | 951 |5425 |5425 |   0 |  0 |   0 |  37 | 4.300000e+01 | 9.920000e+01 | 130.70%| unknown
 1378s|222500 |173535 | 24318k| 109.3 |   372M | 262 | 951 |5425 |5425 |   0 |  0 |   0 |  37 | 4.300000e+01 | 9.920000e+01 | 130.70%| unknown
 1379s|222600 |173619 | 24320k| 109.3 |   372M | 262 | 951 |5425 |5425 |   0 |  0 |   0 |  37 | 4.300000e+01 | 9.920000e+01 | 130.70%| unknown
 1379s|222700 |173689 | 24335k| 109.3 |   372M | 262 | 951 |5425 |5425 |   0 |  0 |   0 |  37 | 4.300000e+01 | 9.920000e+01 | 130.70%| unknown
 1380s|222800 |173759 | 24339k| 109.2 |   373M | 262 | 951 |5425 |5425 |   0 |  0 |   0 |  37 | 4.300000e+01 | 9.920000e+01 | 130.70%| unknown
 1380s|222900 |173829 | 24340k| 109.2 |   373M | 262 | 951 |5425 |5425 |   0 |  0 |   0 |  37 | 4.300000e+01 | 9.920000e+01 | 130.70%| unknown
 1380s|223000 |173889 | 24342k| 109.2 |   373M | 262 | 951 |5425 |5425 |   0 |  0 |   0 |  37 | 4.300000e+01 | 9.920000e+01 | 130.70%| unknown
 1380s|223100 |173963 | 24343k| 109.1 |   373M | 262 | 951 |5425 |5425 |   0 |  0 |   0 |  37 | 4.300000e+01 | 9.920000e+01 | 130.70%| unknown
 1380s|223200 |174035 | 24344k| 109.1 |   373M | 262 | 951 |5425 |5425 |   0 |  0 |   0 |  37 | 4.300000e+01 | 9.920000e+01 | 130.70%| unknown
 1381s|223300 |174113 | 24346k| 109.0 |   373M | 262 | 951 |5425 |5425 |   0 |  0 |   0 |  37 | 4.300000e+01 | 9.920000e+01 | 130.70%| unknown
 time | node  | left  |LP iter|LP it/n|mem/heur|mdpt |vars |cons |rows |cuts |sepa|confs|strbr|  dualbound   | primalbound  |  gap   | compl. 
 1381s|223400 |174171 | 24350k| 109.0 |   373M | 262 | 951 |5425 |5425 |   0 |  0 |   0 |  37 | 4.300000e+01 | 9.920000e+01 | 130.70%| unknown
 1382s|223500 |174251 | 24368k| 109.0 |   373M | 262 | 951 |5425 |5425 |   0 |  0 |   0 |  37 | 4.300000e+01 | 9.920000e+01 | 130.70%| unknown
 1383s|223600 |174315 | 24396k| 109.1 |   373M | 262 | 951 |5425 |5425 |   0 |  0 |   0 |  37 | 4.300000e+01 | 9.920000e+01 | 130.70%| unknown
 1384s|223700 |174391 | 24414k| 109.1 |   373M | 262 | 951 |5425 |5425 |   0 |  0 |   0 |  37 | 4.300000e+01 | 9.920000e+01 | 130.70%| unknown
 1385s|223800 |174451 | 24434k| 109.2 |   373M | 262 | 951 |5425 |5425 |   0 |  0 |   0 |  37 | 4.300000e+01 | 9.920000e+01 | 130.70%| unknown
 1386s|223900 |174527 | 24455k| 109.2 |   374M | 262 | 951 |5425 |5425 |   0 |  0 |   0 |  37 | 4.300000e+01 | 9.920000e+01 | 130.70%| unknown
 1387s|224000 |174603 | 24470k| 109.2 |   374M | 262 | 951 |5425 |5425 |   0 |  0 |   0 |  37 | 4.300000e+01 | 9.920000e+01 | 130.70%| unknown
 1388s|224100 |174661 | 24486k| 109.3 |   374M | 262 | 951 |5425 |5425 |   0 |  0 |   0 |  37 | 4.300000e+01 | 9.920000e+01 | 130.70%| unknown
 1389s|224200 |174741 | 24499k| 109.3 |   374M | 262 | 951 |5425 |5425 |   0 |  0 |   0 |  37 | 4.300000e+01 | 9.920000e+01 | 130.70%| unknown
 1390s|224300 |174803 | 24522k| 109.3 |   374M | 262 | 951 |5425 |5425 |   0 |  0 |   0 |  37 | 4.300000e+01 | 9.920000e+01 | 130.70%| unknown
 1390s|224400 |174875 | 24532k| 109.3 |   374M | 262 | 951 |5425 |5425 |   0 |  0 |   0 |  37 | 4.300000e+01 | 9.920000e+01 | 130.70%| unknown
 1391s|224500 |174927 | 24557k| 109.4 |   374M | 262 | 951 |5425 |5425 |   0 |  0 |   0 |  37 | 4.300000e+01 | 9.920000e+01 | 130.70%| unknown
 1393s|224600 |175001 | 24581k| 109.4 |   374M | 262 | 951 |5425 |5425 |   0 |  0 |   0 |  37 | 4.300000e+01 | 9.920000e+01 | 130.70%| unknown
 1394s|224700 |175079 | 24595k| 109.5 |   374M | 262 | 951 |5425 |5425 |   0 |  0 |   0 |  37 | 4.300000e+01 | 9.920000e+01 | 130.70%| unknown
 1394s|224800 |175159 | 24608k| 109.5 |   374M | 262 | 951 |5425 |5425 |   0 |  0 |   0 |  37 | 4.300000e+01 | 9.920000e+01 | 130.70%| unknown
 time | node  | left  |LP iter|LP it/n|mem/heur|mdpt |vars |cons |rows |cuts |sepa|confs|strbr|  dualbound   | primalbound  |  gap   | compl. 
 1395s|224900 |175227 | 24631k| 109.5 |   374M | 262 | 951 |5425 |5425 |   0 |  0 |   0 |  37 | 4.300000e+01 | 9.920000e+01 | 130.70%| unknown
 1397s|225000 |175289 | 24673k| 109.7 |   374M | 262 | 951 |5425 |5425 |   0 |  0 |   0 |  37 | 4.300000e+01 | 9.920000e+01 | 130.70%| unknown
 1398s|225100 |175361 | 24695k| 109.7 |   375M | 262 | 951 |5425 |5425 |   0 |  0 |   0 |  37 | 4.300000e+01 | 9.920000e+01 | 130.70%| unknown
 1400s|225200 |175449 | 24720k| 109.8 |   375M | 262 | 951 |5425 |5425 |   0 |  0 |   0 |  37 | 4.300000e+01 | 9.920000e+01 | 130.70%| unknown
 1401s|225300 |175513 | 24739k| 109.8 |   375M | 262 | 951 |5425 |5425 |   0 |  0 |   0 |  37 | 4.300000e+01 | 9.920000e+01 | 130.70%| unknown
 1402s|225400 |175577 | 24758k| 109.8 |   375M | 262 | 951 |5425 |5425 |   0 |  0 |   0 |  37 | 4.300000e+01 | 9.920000e+01 | 130.70%| unknown
 1403s|225500 |175647 | 24782k| 109.9 |   375M | 262 | 951 |5425 |5425 |   0 |  0 |   0 |  37 | 4.300000e+01 | 9.920000e+01 | 130.70%| unknown
 1404s|225600 |175709 | 24802k| 109.9 |   375M | 262 | 951 |5425 |5425 |   0 |  0 |   0 |  37 | 4.300000e+01 | 9.920000e+01 | 130.70%| unknown
 1405s|225700 |175783 | 24821k| 110.0 |   375M | 262 | 951 |5425 |5425 |   0 |  0 |   0 |  37 | 4.300000e+01 | 9.920000e+01 | 130.70%| unknown
 1406s|225800 |175841 | 24837k| 110.0 |   375M | 262 | 951 |5425 |5425 |   0 |  0 |   0 |  37 | 4.300000e+01 | 9.920000e+01 | 130.70%| unknown
 1407s|225900 |175921 | 24851k| 110.0 |   376M | 262 | 951 |5425 |5425 |   0 |  0 |   0 |  37 | 4.300000e+01 | 9.920000e+01 | 130.70%| unknown
 1408s|226000 |175981 | 24880k| 110.1 |   376M | 262 | 951 |5425 |5425 |   0 |  0 |   0 |  37 | 4.300000e+01 | 9.920000e+01 | 130.70%| unknown
 1410s|226100 |176035 | 24909k| 110.2 |   376M | 262 | 951 |5425 |5425 |   0 |  0 |   0 |  37 | 4.300000e+01 | 9.920000e+01 | 130.70%| unknown
 1410s|226200 |176103 | 24913k| 110.1 |   376M | 262 | 951 |5425 |5425 |   0 |  0 |   0 |  37 | 4.300000e+01 | 9.920000e+01 | 130.70%| unknown
 1410s|226300 |176173 | 24915k| 110.1 |   378M | 262 | 951 |5425 |5425 |   0 |  0 |   0 |  37 | 4.300000e+01 | 9.920000e+01 | 130.70%| unknown
 time | node  | left  |LP iter|LP it/n|mem/heur|mdpt |vars |cons |rows |cuts |sepa|confs|strbr|  dualbound   | primalbound  |  gap   | compl. 
 1411s|226400 |176263 | 24934k| 110.1 |   378M | 262 | 951 |5425 |5425 |   0 |  0 |   0 |  37 | 4.300000e+01 | 9.920000e+01 | 130.70%| unknown
 1413s|226500 |176335 | 24965k| 110.2 |   378M | 262 | 951 |5425 |5425 |   0 |  0 |   0 |  37 | 4.300000e+01 | 9.920000e+01 | 130.70%| unknown
 1413s|226600 |176413 | 24979k| 110.2 |   378M | 262 | 951 |5425 |5425 |   0 |  0 |   0 |  37 | 4.300000e+01 | 9.920000e+01 | 130.70%| unknown
 1414s|226700 |176493 | 24996k| 110.3 |   378M | 262 | 951 |5425 |5425 |   0 |  0 |   0 |  37 | 4.300000e+01 | 9.920000e+01 | 130.70%| unknown
 1415s|226800 |176571 | 25012k| 110.3 |   378M | 262 | 951 |5425 |5425 |   0 |  0 |   0 |  37 | 4.300000e+01 | 9.920000e+01 | 130.70%| unknown
 1416s|226900 |176647 | 25032k| 110.3 |   379M | 262 | 951 |5425 |5425 |   0 |  0 |   0 |  37 | 4.300000e+01 | 9.920000e+01 | 130.70%| unknown
 1417s|227000 |176729 | 25053k| 110.4 |   379M | 262 | 951 |5425 |5425 |   0 |  0 |   0 |  37 | 4.300000e+01 | 9.920000e+01 | 130.70%| unknown
 1419s|227100 |176797 | 25085k| 110.5 |   379M | 262 | 951 |5425 |5425 |   0 |  0 |   0 |  37 | 4.300000e+01 | 9.920000e+01 | 130.70%| unknown
 1420s|227200 |176881 | 25102k| 110.5 |   379M | 262 | 951 |5425 |5425 |   0 |  0 |   0 |  37 | 4.300000e+01 | 9.920000e+01 | 130.70%| unknown
 1421s|227300 |176945 | 25124k| 110.5 |   380M | 262 | 951 |5425 |5425 |   0 |  0 |   0 |  37 | 4.300000e+01 | 9.920000e+01 | 130.70%| unknown
 1422s|227400 |177015 | 25141k| 110.6 |   380M | 262 | 951 |5425 |5425 |   0 |  0 |   0 |  37 | 4.300000e+01 | 9.920000e+01 | 130.70%| unknown
 1423s|227500 |177095 | 25158k| 110.6 |   380M | 262 | 951 |5425 |5425 |   0 |  0 |   0 |  37 | 4.300000e+01 | 9.920000e+01 | 130.70%| unknown
 1423s|227600 |177165 | 25173k| 110.6 |   380M | 262 | 951 |5425 |5425 |   0 |  0 |   0 |  37 | 4.300000e+01 | 9.920000e+01 | 130.70%| unknown
 1425s|227700 |177235 | 25195k| 110.7 |   380M | 262 | 951 |5425 |5425 |   0 |  0 |   0 |  37 | 4.300000e+01 | 9.920000e+01 | 130.70%| unknown
 1426s|227800 |177305 | 25219k| 110.7 |   380M | 262 | 951 |5425 |5425 |   0 |  0 |   0 |  37 | 4.300000e+01 | 9.920000e+01 | 130.70%| unknown
 time | node  | left  |LP iter|LP it/n|mem/heur|mdpt |vars |cons |rows |cuts |sepa|confs|strbr|  dualbound   | primalbound  |  gap   | compl. 
 1427s|227900 |177371 | 25239k| 110.7 |   380M | 262 | 951 |5425 |5425 |   0 |  0 |   0 |  37 | 4.300000e+01 | 9.920000e+01 | 130.70%| unknown
 1428s|228000 |177431 | 25257k| 110.8 |   380M | 262 | 951 |5425 |5425 |   0 |  0 |   0 |  37 | 4.300000e+01 | 9.920000e+01 | 130.70%| unknown
 1428s|228100 |177497 | 25266k| 110.8 |   380M | 262 | 951 |5425 |5425 |   0 |  0 |   0 |  37 | 4.300000e+01 | 9.920000e+01 | 130.70%| unknown
 1428s|228200 |177571 | 25267k| 110.7 |   380M | 262 | 951 |5425 |5425 |   0 |  0 |   0 |  37 | 4.300000e+01 | 9.920000e+01 | 130.70%| unknown
 1429s|228300 |177641 | 25268k| 110.7 |   380M | 262 | 951 |5425 |5425 |   0 |  0 |   0 |  37 | 4.300000e+01 | 9.920000e+01 | 130.70%| unknown
 1429s|228400 |177705 | 25270k| 110.6 |   381M | 262 | 951 |5425 |5425 |   0 |  0 |   0 |  37 | 4.300000e+01 | 9.920000e+01 | 130.70%| unknown
 1429s|228500 |177765 | 25271k| 110.6 |   381M | 262 | 951 |5425 |5425 |   0 |  0 |   0 |  37 | 4.300000e+01 | 9.920000e+01 | 130.70%| unknown
 1429s|228600 |177845 | 25272k| 110.5 |   381M | 262 | 951 |5425 |5425 |   0 |  0 |   0 |  37 | 4.300000e+01 | 9.920000e+01 | 130.70%| unknown
 1429s|228700 |177917 | 25273k| 110.5 |   381M | 262 | 951 |5425 |5425 |   0 |  0 |   0 |  37 | 4.300000e+01 | 9.920000e+01 | 130.70%| unknown
 1429s|228800 |177985 | 25274k| 110.5 |   381M | 262 | 951 |5425 |5425 |   0 |  0 |   0 |  37 | 4.300000e+01 | 9.920000e+01 | 130.70%| unknown
 1430s|228900 |178051 | 25276k| 110.4 |   381M | 262 | 951 |5425 |5425 |   0 |  0 |   0 |  37 | 4.300000e+01 | 9.920000e+01 | 130.70%| unknown
 1430s|229000 |178125 | 25277k| 110.4 |   381M | 262 | 951 |5425 |5425 |   0 |  0 |   0 |  37 | 4.300000e+01 | 9.920000e+01 | 130.70%| unknown
 1430s|229100 |178195 | 25278k| 110.3 |   381M | 262 | 951 |5425 |5425 |   0 |  0 |   0 |  37 | 4.300000e+01 | 9.920000e+01 | 130.70%| unknown
 1430s|229200 |178269 | 25279k| 110.3 |   381M | 262 | 951 |5425 |5425 |   0 |  0 |   0 |  37 | 4.300000e+01 | 9.920000e+01 | 130.70%| unknown
 1430s|229300 |178335 | 25280k| 110.2 |   381M | 262 | 951 |5425 |5425 |   0 |  0 |   0 |  37 | 4.300000e+01 | 9.920000e+01 | 130.70%| unknown
 time | node  | left  |LP iter|LP it/n|mem/heur|mdpt |vars |cons |rows |cuts |sepa|confs|strbr|  dualbound   | primalbound  |  gap   | compl. 
 1431s|229400 |178405 | 25282k| 110.2 |   381M | 262 | 951 |5425 |5425 |   0 |  0 |   0 |  37 | 4.300000e+01 | 9.920000e+01 | 130.70%| unknown
 1431s|229500 |178467 | 25283k| 110.2 |   381M | 262 | 951 |5425 |5425 |   0 |  0 |   0 |  37 | 4.300000e+01 | 9.920000e+01 | 130.70%| unknown
 1431s|229600 |178561 | 25284k| 110.1 |   382M | 262 | 951 |5425 |5425 |   0 |  0 |   0 |  37 | 4.300000e+01 | 9.920000e+01 | 130.70%| unknown
 1431s|229700 |178649 | 25285k| 110.1 |   383M | 262 | 951 |5425 |5425 |   0 |  0 |   0 |  37 | 4.300000e+01 | 9.920000e+01 | 130.70%| unknown
 1431s|229800 |178733 | 25286k| 110.0 |   383M | 262 | 951 |5425 |5425 |   0 |  0 |   0 |  37 | 4.300000e+01 | 9.920000e+01 | 130.70%| unknown
 1431s|229900 |178805 | 25287k| 110.0 |   383M | 262 | 951 |5425 |5425 |   0 |  0 |   0 |  37 | 4.300000e+01 | 9.920000e+01 | 130.70%| unknown
 1432s|230000 |178879 | 25288k| 109.9 |   383M | 262 | 951 |5425 |5425 |   0 |  0 |   0 |  37 | 4.300000e+01 | 9.920000e+01 | 130.70%| unknown
 1432s|230100 |178963 | 25290k| 109.9 |   383M | 262 | 951 |5425 |5425 |   0 |  0 |   0 |  37 | 4.300000e+01 | 9.920000e+01 | 130.70%| unknown
 1432s|230200 |179035 | 25291k| 109.9 |   383M | 262 | 951 |5425 |5425 |   0 |  0 |   0 |  37 | 4.300000e+01 | 9.920000e+01 | 130.70%| unknown
 1432s|230300 |179095 | 25292k| 109.8 |   383M | 262 | 951 |5425 |5425 |   0 |  0 |   0 |  37 | 4.300000e+01 | 9.920000e+01 | 130.70%| unknown
 1432s|230400 |179175 | 25293k| 109.8 |   383M | 262 | 951 |5425 |5425 |   0 |  0 |   0 |  37 | 4.300000e+01 | 9.920000e+01 | 130.70%| unknown
 1433s|230500 |179241 | 25294k| 109.7 |   383M | 262 | 951 |5425 |5425 |   0 |  0 |   0 |  37 | 4.300000e+01 | 9.920000e+01 | 130.70%| unknown
 1433s|230600 |179313 | 25296k| 109.7 |   384M | 262 | 951 |5425 |5425 |   0 |  0 |   0 |  37 | 4.300000e+01 | 9.920000e+01 | 130.70%| unknown
 1433s|230700 |179395 | 25296k| 109.6 |   384M | 262 | 951 |5425 |5425 |   0 |  0 |   0 |  37 | 4.300000e+01 | 9.920000e+01 | 130.70%| unknown
 1433s|230800 |179447 | 25297k| 109.6 |   384M | 262 | 951 |5425 |5425 |   0 |  0 |   0 |  37 | 4.300000e+01 | 9.920000e+01 | 130.70%| unknown
 time | node  | left  |LP iter|LP it/n|mem/heur|mdpt |vars |cons |rows |cuts |sepa|confs|strbr|  dualbound   | primalbound  |  gap   | compl. 
 1433s|230900 |179515 | 25299k| 109.6 |   384M | 262 | 951 |5425 |5425 |   0 |  0 |   0 |  37 | 4.300000e+01 | 9.920000e+01 | 130.70%| unknown
 1433s|231000 |179593 | 25300k| 109.5 |   384M | 262 | 951 |5425 |5425 |   0 |  0 |   0 |  37 | 4.300000e+01 | 9.920000e+01 | 130.70%| unknown
 1434s|231100 |179667 | 25302k| 109.5 |   384M | 262 | 951 |5425 |5425 |   0 |  0 |   0 |  37 | 4.300000e+01 | 9.920000e+01 | 130.70%| unknown
 1434s|231200 |179723 | 25303k| 109.4 |   384M | 262 | 951 |5425 |5425 |   0 |  0 |   0 |  37 | 4.300000e+01 | 9.920000e+01 | 130.70%| unknown
 1434s|231300 |179781 | 25304k| 109.4 |   384M | 262 | 951 |5425 |5425 |   0 |  0 |   0 |  37 | 4.300000e+01 | 9.920000e+01 | 130.70%| unknown
 1434s|231400 |179877 | 25305k| 109.4 |   384M | 262 | 951 |5425 |5425 |   0 |  0 |   0 |  37 | 4.300000e+01 | 9.920000e+01 | 130.70%| unknown
 1434s|231500 |179971 | 25306k| 109.3 |   384M | 262 | 951 |5425 |5425 |   0 |  0 |   0 |  37 | 4.300000e+01 | 9.920000e+01 | 130.70%| unknown
 1435s|231600 |180035 | 25307k| 109.3 |   384M | 262 | 951 |5425 |5425 |   0 |  0 |   0 |  37 | 4.300000e+01 | 9.920000e+01 | 130.70%| unknown
 1435s|231700 |180097 | 25308k| 109.2 |   385M | 262 | 951 |5425 |5425 |   0 |  0 |   0 |  37 | 4.300000e+01 | 9.920000e+01 | 130.70%| unknown
 1435s|231800 |180163 | 25310k| 109.2 |   385M | 262 | 951 |5425 |5425 |   0 |  0 |   0 |  37 | 4.300000e+01 | 9.920000e+01 | 130.70%| unknown
 1436s|231900 |180229 | 25326k| 109.2 |   385M | 262 | 951 |5425 |5425 |   0 |  0 |   0 |  37 | 4.300000e+01 | 9.920000e+01 | 130.70%| unknown
 1437s|232000 |180313 | 25340k| 109.2 |   385M | 262 | 951 |5425 |5425 |   0 |  0 |   0 |  37 | 4.300000e+01 | 9.920000e+01 | 130.70%| unknown
 1437s|232100 |180381 | 25351k| 109.2 |   386M | 262 | 951 |5425 |5425 |   0 |  0 |   0 |  37 | 4.300000e+01 | 9.920000e+01 | 130.70%| unknown
 1438s|232200 |180437 | 25364k| 109.2 |   386M | 262 | 951 |5425 |5425 |   0 |  0 |   0 |  37 | 4.300000e+01 | 9.920000e+01 | 130.70%| unknown
 1439s|232300 |180495 | 25385k| 109.3 |   386M | 262 | 951 |5425 |5425 |   0 |  0 |   0 |  37 | 4.300000e+01 | 9.920000e+01 | 130.70%| unknown
 time | node  | left  |LP iter|LP it/n|mem/heur|mdpt |vars |cons |rows |cuts |sepa|confs|strbr|  dualbound   | primalbound  |  gap   | compl. 
 1440s|232400 |180567 | 25412k| 109.3 |   386M | 262 | 951 |5425 |5425 |   0 |  0 |   0 |  37 | 4.300000e+01 | 9.920000e+01 | 130.70%| unknown
 1442s|232500 |180635 | 25451k| 109.5 |   386M | 262 | 951 |5425 |5425 |   0 |  0 |   0 |  37 | 4.300000e+01 | 9.920000e+01 | 130.70%| unknown
 1443s|232600 |180709 | 25468k| 109.5 |   386M | 262 | 951 |5425 |5425 |   0 |  0 |   0 |  37 | 4.300000e+01 | 9.920000e+01 | 130.70%| unknown
 1444s|232700 |180781 | 25484k| 109.5 |   386M | 262 | 951 |5425 |5425 |   0 |  0 |   0 |  37 | 4.300000e+01 | 9.920000e+01 | 130.70%| unknown
 1444s|232800 |180849 | 25485k| 109.5 |   386M | 262 | 951 |5425 |5425 |   0 |  0 |   0 |  37 | 4.300000e+01 | 9.920000e+01 | 130.70%| unknown
 1444s|232900 |180931 | 25486k| 109.4 |   387M | 262 | 951 |5425 |5425 |   0 |  0 |   0 |  37 | 4.300000e+01 | 9.920000e+01 | 130.70%| unknown
 1444s|233000 |181009 | 25487k| 109.4 |   388M | 262 | 951 |5425 |5425 |   0 |  0 |   0 |  37 | 4.300000e+01 | 9.920000e+01 | 130.70%| unknown
 1445s|233100 |181083 | 25489k| 109.3 |   388M | 262 | 951 |5425 |5425 |   0 |  0 |   0 |  37 | 4.300000e+01 | 9.920000e+01 | 130.70%| unknown
 1445s|233200 |181157 | 25490k| 109.3 |   388M | 262 | 951 |5425 |5425 |   0 |  0 |   0 |  37 | 4.300000e+01 | 9.920000e+01 | 130.70%| unknown
 1445s|233300 |181237 | 25491k| 109.3 |   388M | 262 | 951 |5425 |5425 |   0 |  0 |   0 |  37 | 4.300000e+01 | 9.920000e+01 | 130.70%| unknown
 1445s|233400 |181289 | 25492k| 109.2 |   388M | 262 | 951 |5425 |5425 |   0 |  0 |   0 |  37 | 4.300000e+01 | 9.920000e+01 | 130.70%| unknown
 1445s|233500 |181355 | 25494k| 109.2 |   388M | 262 | 951 |5425 |5425 |   0 |  0 |   0 |  37 | 4.300000e+01 | 9.920000e+01 | 130.70%| unknown
 1446s|233600 |181429 | 25495k| 109.1 |   388M | 262 | 951 |5425 |5425 |   0 |  0 |   0 |  37 | 4.300000e+01 | 9.920000e+01 | 130.70%| unknown
 1446s|233700 |181475 | 25509k| 109.2 |   388M | 262 | 951 |5425 |5425 |   0 |  0 |   0 |  37 | 4.300000e+01 | 9.920000e+01 | 130.70%| unknown
 1446s|233800 |181557 | 25510k| 109.1 |   388M | 262 | 951 |5425 |5425 |   0 |  0 |   0 |  37 | 4.300000e+01 | 9.920000e+01 | 130.70%| unknown
 time | node  | left  |LP iter|LP it/n|mem/heur|mdpt |vars |cons |rows |cuts |sepa|confs|strbr|  dualbound   | primalbound  |  gap   | compl. 
 1447s|233900 |181645 | 25511k| 109.1 |   388M | 262 | 951 |5425 |5425 |   0 |  0 |   0 |  37 | 4.300000e+01 | 9.920000e+01 | 130.70%| unknown
 1447s|234000 |181703 | 25513k| 109.0 |   389M | 262 | 951 |5425 |5425 |   0 |  0 |   0 |  37 | 4.300000e+01 | 9.920000e+01 | 130.70%| unknown
 1447s|234100 |181791 | 25514k| 109.0 |   389M | 262 | 951 |5425 |5425 |   0 |  0 |   0 |  37 | 4.300000e+01 | 9.920000e+01 | 130.70%| unknown
 1447s|234200 |181883 | 25516k| 108.9 |   389M | 262 | 951 |5425 |5425 |   0 |  0 |   0 |  37 | 4.300000e+01 | 9.920000e+01 | 130.70%| unknown
 1447s|234300 |181973 | 25517k| 108.9 |   389M | 262 | 951 |5425 |5425 |   0 |  0 |   0 |  37 | 4.300000e+01 | 9.920000e+01 | 130.70%| unknown
 1448s|234400 |182063 | 25532k| 108.9 |   389M | 262 | 951 |5425 |5425 |   0 |  0 |   0 |  37 | 4.300000e+01 | 9.920000e+01 | 130.70%| unknown
 1448s|234500 |182131 | 25534k| 108.9 |   389M | 262 | 951 |5425 |5425 |   0 |  0 |   0 |  37 | 4.300000e+01 | 9.920000e+01 | 130.70%| unknown
 1449s|234600 |182211 | 25535k| 108.8 |   389M | 262 | 951 |5425 |5425 |   0 |  0 |   0 |  37 | 4.300000e+01 | 9.920000e+01 | 130.70%| unknown
 1449s|234700 |182295 | 25536k| 108.8 |   389M | 262 | 951 |5425 |5425 |   0 |  0 |   0 |  37 | 4.300000e+01 | 9.920000e+01 | 130.70%| unknown
 1449s|234800 |182357 | 25538k| 108.8 |   389M | 262 | 951 |5425 |5425 |   0 |  0 |   0 |  37 | 4.300000e+01 | 9.920000e+01 | 130.70%| unknown
 1449s|234900 |182419 | 25546k| 108.8 |   389M | 262 | 951 |5425 |5425 |   0 |  0 |   0 |  37 | 4.300000e+01 | 9.920000e+01 | 130.70%| unknown
 1450s|235000 |182485 | 25559k| 108.8 |   390M | 262 | 951 |5425 |5425 |   0 |  0 |   0 |  37 | 4.300000e+01 | 9.920000e+01 | 130.70%| unknown
 1451s|235100 |182553 | 25579k| 108.8 |   390M | 262 | 951 |5425 |5425 |   0 |  0 |   0 |  37 | 4.300000e+01 | 9.920000e+01 | 130.70%| unknown
 1452s|235200 |182623 | 25603k| 108.9 |   390M | 262 | 951 |5425 |5425 |   0 |  0 |   0 |  37 | 4.300000e+01 | 9.920000e+01 | 130.70%| unknown
 1454s|235300 |182697 | 25640k| 109.0 |   390M | 262 | 951 |5425 |5425 |   0 |  0 |   0 |  37 | 4.300000e+01 | 9.920000e+01 | 130.70%| unknown
 time | node  | left  |LP iter|LP it/n|mem/heur|mdpt |vars |cons |rows |cuts |sepa|confs|strbr|  dualbound   | primalbound  |  gap   | compl. 
 1455s|235400 |182757 | 25656k| 109.0 |   390M | 262 | 951 |5425 |5425 |   0 |  0 |   0 |  37 | 4.300000e+01 | 9.920000e+01 | 130.70%| unknown
 1456s|235500 |182833 | 25682k| 109.0 |   390M | 262 | 951 |5425 |5425 |   0 |  0 |   0 |  37 | 4.300000e+01 | 9.920000e+01 | 130.70%| unknown
 1456s|235600 |182909 | 25683k| 109.0 |   390M | 262 | 951 |5425 |5425 |   0 |  0 |   0 |  37 | 4.300000e+01 | 9.920000e+01 | 130.70%| unknown
 1456s|235700 |182983 | 25684k| 109.0 |   390M | 262 | 951 |5425 |5425 |   0 |  0 |   0 |  37 | 4.300000e+01 | 9.920000e+01 | 130.70%| unknown
 1457s|235800 |183061 | 25686k| 108.9 |   390M | 262 | 951 |5425 |5425 |   0 |  0 |   0 |  37 | 4.300000e+01 | 9.920000e+01 | 130.70%| unknown
 1457s|235900 |183117 | 25687k| 108.9 |   390M | 262 | 951 |5425 |5425 |   0 |  0 |   0 |  37 | 4.300000e+01 | 9.920000e+01 | 130.70%| unknown
 1457s|236000 |183175 | 25688k| 108.8 |   390M | 262 | 951 |5425 |5425 |   0 |  0 |   0 |  37 | 4.300000e+01 | 9.920000e+01 | 130.70%| unknown
 1457s|236100 |183245 | 25689k| 108.8 |   391M | 262 | 951 |5425 |5425 |   0 |  0 |   0 |  37 | 4.300000e+01 | 9.920000e+01 | 130.70%| unknown
 1457s|236200 |183313 | 25691k| 108.8 |   392M | 262 | 951 |5425 |5425 |   0 |  0 |   0 |  37 | 4.300000e+01 | 9.920000e+01 | 130.70%| unknown
 1458s|236300 |183381 | 25692k| 108.7 |   392M | 262 | 951 |5425 |5425 |   0 |  0 |   0 |  37 | 4.300000e+01 | 9.920000e+01 | 130.70%| unknown
 1458s|236400 |183457 | 25706k| 108.7 |   392M | 262 | 951 |5425 |5425 |   0 |  0 |   0 |  37 | 4.300000e+01 | 9.920000e+01 | 130.70%| unknown
 1459s|236500 |183521 | 25723k| 108.8 |   392M | 262 | 951 |5425 |5425 |   0 |  0 |   0 |  37 | 4.300000e+01 | 9.920000e+01 | 130.70%| unknown
 1460s|236600 |183601 | 25737k| 108.8 |   392M | 262 | 951 |5425 |5425 |   0 |  0 |   0 |  37 | 4.300000e+01 | 9.920000e+01 | 130.70%| unknown
 1461s|236700 |183667 | 25761k| 108.8 |   392M | 262 | 951 |5425 |5425 |   0 |  0 |   0 |  37 | 4.300000e+01 | 9.920000e+01 | 130.70%| unknown
 1462s|236800 |183729 | 25785k| 108.9 |   392M | 262 | 951 |5425 |5425 |   0 |  0 |   0 |  37 | 4.300000e+01 | 9.920000e+01 | 130.70%| unknown
 time | node  | left  |LP iter|LP it/n|mem/heur|mdpt |vars |cons |rows |cuts |sepa|confs|strbr|  dualbound   | primalbound  |  gap   | compl. 
 1463s|236900 |183801 | 25800k| 108.9 |   392M | 262 | 951 |5425 |5425 |   0 |  0 |   0 |  37 | 4.300000e+01 | 9.920000e+01 | 130.70%| unknown
 1464s|237000 |183871 | 25816k| 108.9 |   392M | 262 | 951 |5425 |5425 |   0 |  0 |   0 |  37 | 4.300000e+01 | 9.920000e+01 | 130.70%| unknown
 1465s|237100 |183947 | 25839k| 109.0 |   392M | 262 | 951 |5425 |5425 |   0 |  0 |   0 |  37 | 4.300000e+01 | 9.920000e+01 | 130.70%| unknown
 1466s|237200 |184027 | 25861k| 109.0 |   392M | 262 | 951 |5425 |5425 |   0 |  0 |   0 |  37 | 4.300000e+01 | 9.920000e+01 | 130.70%| unknown
 1468s|237300 |184099 | 25890k| 109.1 |   393M | 262 | 951 |5425 |5425 |   0 |  0 |   0 |  37 | 4.300000e+01 | 9.920000e+01 | 130.70%| unknown
 1469s|237400 |184181 | 25914k| 109.2 |   394M | 262 | 951 |5425 |5425 |   0 |  0 |   0 |  37 | 4.300000e+01 | 9.920000e+01 | 130.70%| unknown
 1470s|237500 |184241 | 25940k| 109.2 |   394M | 262 | 951 |5425 |5425 |   0 |  0 |   0 |  37 | 4.300000e+01 | 9.920000e+01 | 130.70%| unknown
 1470s|237600 |184299 | 25944k| 109.2 |   394M | 262 | 951 |5425 |5425 |   0 |  0 |   0 |  37 | 4.300000e+01 | 9.920000e+01 | 130.70%| unknown
 1472s|237700 |184359 | 25967k| 109.2 |   394M | 262 | 951 |5425 |5425 |   0 |  0 |   0 |  37 | 4.300000e+01 | 9.920000e+01 | 130.70%| unknown
 1474s|237800 |184421 | 26008k| 109.4 |   394M | 262 | 951 |5425 |5425 |   0 |  0 |   0 |  37 | 4.300000e+01 | 9.920000e+01 | 130.70%| unknown
 1475s|237900 |184507 | 26024k| 109.4 |   394M | 262 | 951 |5425 |5425 |   0 |  0 |   0 |  37 | 4.300000e+01 | 9.920000e+01 | 130.70%| unknown
 1475s|238000 |184581 | 26044k| 109.4 |   394M | 262 | 951 |5425 |5425 |   0 |  0 |   0 |  37 | 4.300000e+01 | 9.920000e+01 | 130.70%| unknown
 1476s|238100 |184649 | 26045k| 109.4 |   394M | 262 | 951 |5425 |5425 |   0 |  0 |   0 |  37 | 4.300000e+01 | 9.920000e+01 | 130.70%| unknown
 1477s|238200 |184727 | 26061k| 109.4 |   394M | 262 | 951 |5425 |5425 |   0 |  0 |   0 |  37 | 4.300000e+01 | 9.920000e+01 | 130.70%| unknown
 1477s|238300 |184783 | 26066k| 109.4 |   394M | 262 | 951 |5425 |5425 |   0 |  0 |   0 |  37 | 4.300000e+01 | 9.920000e+01 | 130.70%| unknown
 time | node  | left  |LP iter|LP it/n|mem/heur|mdpt |vars |cons |rows |cuts |sepa|confs|strbr|  dualbound   | primalbound  |  gap   | compl. 
 1478s|238400 |184859 | 26078k| 109.4 |   396M | 262 | 951 |5425 |5425 |   0 |  0 |   0 |  37 | 4.300000e+01 | 9.920000e+01 | 130.70%| unknown
 1479s|238500 |184921 | 26115k| 109.5 |   396M | 262 | 951 |5425 |5425 |   0 |  0 |   0 |  37 | 4.300000e+01 | 9.920000e+01 | 130.70%| unknown
 1480s|238600 |184995 | 26131k| 109.5 |   396M | 262 | 951 |5425 |5425 |   0 |  0 |   0 |  37 | 4.300000e+01 | 9.920000e+01 | 130.70%| unknown
 1481s|238700 |185073 | 26154k| 109.6 |   396M | 262 | 951 |5425 |5425 |   0 |  0 |   0 |  37 | 4.300000e+01 | 9.920000e+01 | 130.70%| unknown
 1482s|238800 |185147 | 26172k| 109.6 |   396M | 262 | 951 |5425 |5425 |   0 |  0 |   0 |  37 | 4.300000e+01 | 9.920000e+01 | 130.70%| unknown
 1483s|238900 |185221 | 26190k| 109.6 |   396M | 262 | 951 |5425 |5425 |   0 |  0 |   0 |  37 | 4.300000e+01 | 9.920000e+01 | 130.70%| unknown
 1484s|239000 |185307 | 26210k| 109.7 |   396M | 262 | 951 |5425 |5425 |   0 |  0 |   0 |  37 | 4.300000e+01 | 9.920000e+01 | 130.70%| unknown
 1484s|239100 |185373 | 26213k| 109.6 |   396M | 262 | 951 |5425 |5425 |   0 |  0 |   0 |  37 | 4.300000e+01 | 9.920000e+01 | 130.70%| unknown
 1485s|239200 |185449 | 26214k| 109.6 |   396M | 262 | 951 |5425 |5425 |   0 |  0 |   0 |  37 | 4.300000e+01 | 9.920000e+01 | 130.70%| unknown
 1485s|239300 |185509 | 26216k| 109.5 |   396M | 262 | 951 |5425 |5425 |   0 |  0 |   0 |  37 | 4.300000e+01 | 9.920000e+01 | 130.70%| unknown
 1485s|239400 |185589 | 26217k| 109.5 |   396M | 262 | 951 |5425 |5425 |   0 |  0 |   0 |  37 | 4.300000e+01 | 9.920000e+01 | 130.70%| unknown
 1485s|239500 |185657 | 26218k| 109.5 |   397M | 262 | 951 |5425 |5425 |   0 |  0 |   0 |  37 | 4.300000e+01 | 9.920000e+01 | 130.70%| unknown
 1485s|239600 |185739 | 26219k| 109.4 |   397M | 262 | 951 |5425 |5425 |   0 |  0 |   0 |  37 | 4.300000e+01 | 9.920000e+01 | 130.70%| unknown
 1486s|239700 |185809 | 26221k| 109.4 |   397M | 262 | 951 |5425 |5425 |   0 |  0 |   0 |  37 | 4.300000e+01 | 9.920000e+01 | 130.70%| unknown
 1486s|239800 |185873 | 26222k| 109.3 |   397M | 262 | 951 |5425 |5425 |   0 |  0 |   0 |  37 | 4.300000e+01 | 9.920000e+01 | 130.70%| unknown
 time | node  | left  |LP iter|LP it/n|mem/heur|mdpt |vars |cons |rows |cuts |sepa|confs|strbr|  dualbound   | primalbound  |  gap   | compl. 
 1486s|239900 |185939 | 26223k| 109.3 |   397M | 262 | 951 |5425 |5425 |   0 |  0 |   0 |  37 | 4.300000e+01 | 9.920000e+01 | 130.70%| unknown
 1486s|240000 |186005 | 26225k| 109.3 |   397M | 262 | 951 |5425 |5425 |   0 |  0 |   0 |  37 | 4.300000e+01 | 9.920000e+01 | 130.70%| unknown
 1486s|240100 |186071 | 26227k| 109.2 |   397M | 262 | 951 |5425 |5425 |   0 |  0 |   0 |  37 | 4.300000e+01 | 9.920000e+01 | 130.70%| unknown
 1487s|240200 |186151 | 26228k| 109.2 |   398M | 262 | 951 |5425 |5425 |   0 |  0 |   0 |  37 | 4.300000e+01 | 9.920000e+01 | 130.70%| unknown
 1487s|240300 |186225 | 26235k| 109.2 |   398M | 262 | 951 |5425 |5425 |   0 |  0 |   0 |  37 | 4.300000e+01 | 9.920000e+01 | 130.70%| unknown
 1488s|240400 |186307 | 26262k| 109.2 |   398M | 262 | 951 |5425 |5425 |   0 |  0 |   0 |  37 | 4.300000e+01 | 9.920000e+01 | 130.70%| unknown
 1489s|240500 |186377 | 26275k| 109.2 |   398M | 262 | 951 |5425 |5425 |   0 |  0 |   0 |  37 | 4.300000e+01 | 9.920000e+01 | 130.70%| unknown
 1490s|240600 |186445 | 26301k| 109.3 |   399M | 262 | 951 |5425 |5425 |   0 |  0 |   0 |  37 | 4.300000e+01 | 9.920000e+01 | 130.70%| unknown
 1491s|240700 |186515 | 26314k| 109.3 |   399M | 262 | 951 |5425 |5425 |   0 |  0 |   0 |  37 | 4.300000e+01 | 9.920000e+01 | 130.70%| unknown
 1492s|240800 |186581 | 26341k| 109.4 |   399M | 262 | 951 |5425 |5425 |   0 |  0 |   0 |  37 | 4.300000e+01 | 9.920000e+01 | 130.70%| unknown
 1493s|240900 |186651 | 26360k| 109.4 |   399M | 262 | 951 |5425 |5425 |   0 |  0 |   0 |  37 | 4.300000e+01 | 9.920000e+01 | 130.70%| unknown
 1495s|241000 |186717 | 26391k| 109.5 |   399M | 262 | 951 |5425 |5425 |   0 |  0 |   0 |  37 | 4.300000e+01 | 9.920000e+01 | 130.70%| unknown
 1496s|241100 |186803 | 26409k| 109.5 |   399M | 262 | 951 |5425 |5425 |   0 |  0 |   0 |  37 | 4.300000e+01 | 9.920000e+01 | 130.70%| unknown
 1497s|241200 |186867 | 26439k| 109.6 |   399M | 262 | 951 |5425 |5425 |   0 |  0 |   0 |  37 | 4.300000e+01 | 9.920000e+01 | 130.70%| unknown
 1498s|241300 |186931 | 26450k| 109.6 |   399M | 262 | 951 |5425 |5425 |   0 |  0 |   0 |  37 | 4.300000e+01 | 9.920000e+01 | 130.70%| unknown
 time | node  | left  |LP iter|LP it/n|mem/heur|mdpt |vars |cons |rows |cuts |sepa|confs|strbr|  dualbound   | primalbound  |  gap   | compl. 
 1499s|241400 |187013 | 26473k| 109.7 |   399M | 262 | 951 |5425 |5425 |   0 |  0 |   0 |  37 | 4.300000e+01 | 9.920000e+01 | 130.70%| unknown
 1501s|241500 |187087 | 26506k| 109.8 |   399M | 262 | 951 |5425 |5425 |   0 |  0 |   0 |  37 | 4.300000e+01 | 9.920000e+01 | 130.70%| unknown
 1501s|241600 |187169 | 26514k| 109.7 |   399M | 262 | 951 |5425 |5425 |   0 |  0 |   0 |  37 | 4.300000e+01 | 9.920000e+01 | 130.70%| unknown
 1502s|241700 |187239 | 26524k| 109.7 |   400M | 262 | 951 |5425 |5425 |   0 |  0 |   0 |  37 | 4.300000e+01 | 9.920000e+01 | 130.70%| unknown
 1503s|241800 |187293 | 26545k| 109.8 |   400M | 262 | 951 |5425 |5425 |   0 |  0 |   0 |  37 | 4.300000e+01 | 9.920000e+01 | 130.70%| unknown
 1504s|241900 |187351 | 26567k| 109.8 |   400M | 262 | 951 |5425 |5425 |   0 |  0 |   0 |  37 | 4.300000e+01 | 9.920000e+01 | 130.70%| unknown
 1504s|242000 |187431 | 26581k| 109.8 |   400M | 262 | 951 |5425 |5425 |   0 |  0 |   0 |  37 | 4.300000e+01 | 9.920000e+01 | 130.70%| unknown
 1505s|242100 |187503 | 26582k| 109.8 |   400M | 262 | 951 |5425 |5425 |   0 |  0 |   0 |  37 | 4.300000e+01 | 9.920000e+01 | 130.70%| unknown
 1505s|242200 |187565 | 26583k| 109.8 |   400M | 262 | 951 |5425 |5425 |   0 |  0 |   0 |  37 | 4.300000e+01 | 9.920000e+01 | 130.70%| unknown
 1505s|242300 |187655 | 26584k| 109.7 |   400M | 262 | 951 |5425 |5425 |   0 |  0 |   0 |  37 | 4.300000e+01 | 9.920000e+01 | 130.70%| unknown
 1505s|242400 |187733 | 26585k| 109.7 |   400M | 262 | 951 |5425 |5425 |   0 |  0 |   0 |  37 | 4.300000e+01 | 9.920000e+01 | 130.70%| unknown
 1505s|242500 |187813 | 26586k| 109.6 |   400M | 262 | 951 |5425 |5425 |   0 |  0 |   0 |  37 | 4.300000e+01 | 9.920000e+01 | 130.70%| unknown
 1506s|242600 |187881 | 26588k| 109.6 |   400M | 262 | 951 |5425 |5425 |   0 |  0 |   0 |  37 | 4.300000e+01 | 9.920000e+01 | 130.70%| unknown
 1506s|242700 |187965 | 26598k| 109.6 |   400M | 262 | 951 |5425 |5425 |   0 |  0 |   0 |  37 | 4.300000e+01 | 9.920000e+01 | 130.70%| unknown
 1507s|242800 |188029 | 26610k| 109.6 |   401M | 262 | 951 |5425 |5425 |   0 |  0 |   0 |  37 | 4.300000e+01 | 9.920000e+01 | 130.70%| unknown
 time | node  | left  |LP iter|LP it/n|mem/heur|mdpt |vars |cons |rows |cuts |sepa|confs|strbr|  dualbound   | primalbound  |  gap   | compl. 
 1508s|242900 |188109 | 26636k| 109.7 |   401M | 262 | 951 |5425 |5425 |   0 |  0 |   0 |  37 | 4.300000e+01 | 9.920000e+01 | 130.70%| unknown
 1510s|243000 |188179 | 26673k| 109.8 |   401M | 262 | 951 |5425 |5425 |   0 |  0 |   0 |  37 | 4.300000e+01 | 9.920000e+01 | 130.70%| unknown
 1511s|243100 |188251 | 26692k| 109.8 |   401M | 262 | 951 |5425 |5425 |   0 |  0 |   0 |  37 | 4.300000e+01 | 9.920000e+01 | 130.70%| unknown
 1512s|243200 |188319 | 26719k| 109.9 |   401M | 262 | 951 |5425 |5425 |   0 |  0 |   0 |  37 | 4.300000e+01 | 9.920000e+01 | 130.70%| unknown
 1513s|243300 |188401 | 26740k| 109.9 |   401M | 262 | 951 |5425 |5425 |   0 |  0 |   0 |  37 | 4.300000e+01 | 9.920000e+01 | 130.70%| unknown
 1515s|243400 |188469 | 26769k| 110.0 |   401M | 262 | 951 |5425 |5425 |   0 |  0 |   0 |  37 | 4.300000e+01 | 9.920000e+01 | 130.70%| unknown
 1515s|243500 |188533 | 26777k| 110.0 |   401M | 262 | 951 |5425 |5425 |   0 |  0 |   0 |  37 | 4.300000e+01 | 9.920000e+01 | 130.70%| unknown
 1516s|243600 |188613 | 26778k| 109.9 |   401M | 262 | 951 |5425 |5425 |   0 |  0 |   0 |  37 | 4.300000e+01 | 9.920000e+01 | 130.70%| unknown
 1516s|243700 |188689 | 26779k| 109.9 |   401M | 262 | 951 |5425 |5425 |   0 |  0 |   0 |  37 | 4.300000e+01 | 9.920000e+01 | 130.70%| unknown
 1516s|243800 |188755 | 26780k| 109.8 |   401M | 262 | 951 |5425 |5425 |   0 |  0 |   0 |  37 | 4.300000e+01 | 9.920000e+01 | 130.70%| unknown
 1516s|243900 |188811 | 26782k| 109.8 |   402M | 262 | 951 |5425 |5425 |   0 |  0 |   0 |  37 | 4.300000e+01 | 9.920000e+01 | 130.70%| unknown
 1516s|244000 |188885 | 26783k| 109.8 |   402M | 262 | 951 |5425 |5425 |   0 |  0 |   0 |  37 | 4.300000e+01 | 9.920000e+01 | 130.70%| unknown
 1516s|244100 |188951 | 26785k| 109.7 |   402M | 262 | 951 |5425 |5425 |   0 |  0 |   0 |  37 | 4.300000e+01 | 9.920000e+01 | 130.70%| unknown
 1517s|244200 |189017 | 26786k| 109.7 |   402M | 262 | 951 |5425 |5425 |   0 |  0 |   0 |  37 | 4.300000e+01 | 9.920000e+01 | 130.70%| unknown
 1517s|244300 |189097 | 26788k| 109.6 |   402M | 262 | 951 |5425 |5425 |   0 |  0 |   0 |  37 | 4.300000e+01 | 9.920000e+01 | 130.70%| unknown
 time | node  | left  |LP iter|LP it/n|mem/heur|mdpt |vars |cons |rows |cuts |sepa|confs|strbr|  dualbound   | primalbound  |  gap   | compl. 
 1517s|244400 |189181 | 26789k| 109.6 |   402M | 262 | 951 |5425 |5425 |   0 |  0 |   0 |  37 | 4.300000e+01 | 9.920000e+01 | 130.70%| unknown
 1517s|244500 |189243 | 26790k| 109.6 |   402M | 262 | 951 |5425 |5425 |   0 |  0 |   0 |  37 | 4.300000e+01 | 9.920000e+01 | 130.70%| unknown
 1517s|244600 |189331 | 26791k| 109.5 |   403M | 262 | 951 |5425 |5425 |   0 |  0 |   0 |  37 | 4.300000e+01 | 9.920000e+01 | 130.70%| unknown
 1518s|244700 |189395 | 26810k| 109.6 |   404M | 262 | 951 |5425 |5425 |   0 |  0 |   0 |  37 | 4.300000e+01 | 9.920000e+01 | 130.70%| unknown
 1519s|244800 |189473 | 26826k| 109.6 |   404M | 262 | 951 |5425 |5425 |   0 |  0 |   0 |  37 | 4.300000e+01 | 9.920000e+01 | 130.70%| unknown
 1520s|244900 |189551 | 26847k| 109.6 |   404M | 262 | 951 |5425 |5425 |   0 |  0 |   0 |  37 | 4.300000e+01 | 9.920000e+01 | 130.70%| unknown
 1521s|245000 |189619 | 26860k| 109.6 |   405M | 262 | 951 |5425 |5425 |   0 |  0 |   0 |  37 | 4.300000e+01 | 9.920000e+01 | 130.70%| unknown
 1521s|245100 |189683 | 26867k| 109.6 |   405M | 262 | 951 |5425 |5425 |   0 |  0 |   0 |  37 | 4.300000e+01 | 9.920000e+01 | 130.70%| unknown
 1522s|245200 |189743 | 26869k| 109.6 |   405M | 262 | 951 |5425 |5425 |   0 |  0 |   0 |  37 | 4.300000e+01 | 9.920000e+01 | 130.70%| unknown
 1522s|245300 |189813 | 26869k| 109.5 |   405M | 262 | 951 |5425 |5425 |   0 |  0 |   0 |  37 | 4.300000e+01 | 9.920000e+01 | 130.70%| unknown
 1522s|245400 |189889 | 26870k| 109.5 |   405M | 262 | 951 |5425 |5425 |   0 |  0 |   0 |  37 | 4.300000e+01 | 9.920000e+01 | 130.70%| unknown
 1522s|245500 |189939 | 26872k| 109.5 |   405M | 262 | 951 |5425 |5425 |   0 |  0 |   0 |  37 | 4.300000e+01 | 9.920000e+01 | 130.70%| unknown
 1522s|245600 |190009 | 26874k| 109.4 |   405M | 262 | 951 |5425 |5425 |   0 |  0 |   0 |  37 | 4.300000e+01 | 9.920000e+01 | 130.70%| unknown
 1523s|245700 |190055 | 26875k| 109.4 |   405M | 262 | 951 |5425 |5425 |   0 |  0 |   0 |  37 | 4.300000e+01 | 9.920000e+01 | 130.70%| unknown
 1523s|245800 |190137 | 26877k| 109.3 |   405M | 262 | 951 |5425 |5425 |   0 |  0 |   0 |  37 | 4.300000e+01 | 9.920000e+01 | 130.70%| unknown
 time | node  | left  |LP iter|LP it/n|mem/heur|mdpt |vars |cons |rows |cuts |sepa|confs|strbr|  dualbound   | primalbound  |  gap   | compl. 
 1523s|245900 |190217 | 26878k| 109.3 |   405M | 262 | 951 |5425 |5425 |   0 |  0 |   0 |  37 | 4.300000e+01 | 9.920000e+01 | 130.70%| unknown
 1523s|246000 |190291 | 26879k| 109.3 |   406M | 262 | 951 |5425 |5425 |   0 |  0 |   0 |  37 | 4.300000e+01 | 9.920000e+01 | 130.70%| unknown
 1523s|246100 |190363 | 26880k| 109.2 |   406M | 262 | 951 |5425 |5425 |   0 |  0 |   0 |  37 | 4.300000e+01 | 9.920000e+01 | 130.70%| unknown
 1523s|246200 |190425 | 26881k| 109.2 |   407M | 262 | 951 |5425 |5425 |   0 |  0 |   0 |  37 | 4.300000e+01 | 9.920000e+01 | 130.70%| unknown
 1524s|246300 |190497 | 26883k| 109.1 |   407M | 262 | 951 |5425 |5425 |   0 |  0 |   0 |  37 | 4.300000e+01 | 9.920000e+01 | 130.70%| unknown
 1524s|246400 |190567 | 26884k| 109.1 |   407M | 262 | 951 |5425 |5425 |   0 |  0 |   0 |  37 | 4.300000e+01 | 9.920000e+01 | 130.70%| unknown
 1524s|246500 |190639 | 26885k| 109.1 |   407M | 262 | 951 |5425 |5425 |   0 |  0 |   0 |  37 | 4.300000e+01 | 9.920000e+01 | 130.70%| unknown
 1524s|246600 |190713 | 26886k| 109.0 |   407M | 262 | 951 |5425 |5425 |   0 |  0 |   0 |  37 | 4.300000e+01 | 9.920000e+01 | 130.70%| unknown
 1524s|246700 |190785 | 26887k| 109.0 |   407M | 262 | 951 |5425 |5425 |   0 |  0 |   0 |  37 | 4.300000e+01 | 9.920000e+01 | 130.70%| unknown
 1525s|246800 |190867 | 26888k| 108.9 |   407M | 262 | 951 |5425 |5425 |   0 |  0 |   0 |  37 | 4.300000e+01 | 9.920000e+01 | 130.70%| unknown
 1525s|246900 |190935 | 26889k| 108.9 |   407M | 262 | 951 |5425 |5425 |   0 |  0 |   0 |  37 | 4.300000e+01 | 9.920000e+01 | 130.70%| unknown
 1525s|247000 |191003 | 26891k| 108.9 |   407M | 262 | 951 |5425 |5425 |   0 |  0 |   0 |  37 | 4.300000e+01 | 9.920000e+01 | 130.70%| unknown
 1525s|247100 |191079 | 26892k| 108.8 |   407M | 262 | 951 |5425 |5425 |   0 |  0 |   0 |  37 | 4.300000e+01 | 9.920000e+01 | 130.70%| unknown
 1525s|247200 |191155 | 26893k| 108.8 |   407M | 262 | 951 |5425 |5425 |   0 |  0 |   0 |  37 | 4.300000e+01 | 9.920000e+01 | 130.70%| unknown
 1525s|247300 |191219 | 26894k| 108.7 |   408M | 262 | 951 |5425 |5425 |   0 |  0 |   0 |  37 | 4.300000e+01 | 9.920000e+01 | 130.70%| unknown
 time | node  | left  |LP iter|LP it/n|mem/heur|mdpt |vars |cons |rows |cuts |sepa|confs|strbr|  dualbound   | primalbound  |  gap   | compl. 
 1526s|247400 |191301 | 26895k| 108.7 |   408M | 262 | 951 |5425 |5425 |   0 |  0 |   0 |  37 | 4.300000e+01 | 9.920000e+01 | 130.70%| unknown
 1526s|247500 |191361 | 26897k| 108.7 |   408M | 262 | 951 |5425 |5425 |   0 |  0 |   0 |  37 | 4.300000e+01 | 9.920000e+01 | 130.70%| unknown
 1526s|247600 |191427 | 26898k| 108.6 |   408M | 262 | 951 |5425 |5425 |   0 |  0 |   0 |  37 | 4.300000e+01 | 9.920000e+01 | 130.70%| unknown
 1526s|247700 |191507 | 26899k| 108.6 |   408M | 262 | 951 |5425 |5425 |   0 |  0 |   0 |  37 | 4.300000e+01 | 9.920000e+01 | 130.70%| unknown
 1526s|247800 |191577 | 26900k| 108.6 |   408M | 262 | 951 |5425 |5425 |   0 |  0 |   0 |  37 | 4.300000e+01 | 9.920000e+01 | 130.70%| unknown
 1527s|247900 |191633 | 26901k| 108.5 |   408M | 262 | 951 |5425 |5425 |   0 |  0 |   0 |  37 | 4.300000e+01 | 9.920000e+01 | 130.70%| unknown
 1527s|248000 |191699 | 26903k| 108.5 |   408M | 262 | 951 |5425 |5425 |   0 |  0 |   0 |  37 | 4.300000e+01 | 9.920000e+01 | 130.70%| unknown
 1527s|248100 |191755 | 26905k| 108.4 |   408M | 262 | 951 |5425 |5425 |   0 |  0 |   0 |  37 | 4.300000e+01 | 9.920000e+01 | 130.70%| unknown
 1527s|248200 |191815 | 26906k| 108.4 |   408M | 262 | 951 |5425 |5425 |   0 |  0 |   0 |  37 | 4.300000e+01 | 9.920000e+01 | 130.70%| unknown
 1527s|248300 |191867 | 26907k| 108.4 |   408M | 262 | 951 |5425 |5425 |   0 |  0 |   0 |  37 | 4.300000e+01 | 9.920000e+01 | 130.70%| unknown
 1527s|248400 |191955 | 26908k| 108.3 |   408M | 262 | 951 |5425 |5425 |   0 |  0 |   0 |  37 | 4.300000e+01 | 9.920000e+01 | 130.70%| unknown
 1528s|248500 |192021 | 26909k| 108.3 |   410M | 262 | 951 |5425 |5425 |   0 |  0 |   0 |  37 | 4.300000e+01 | 9.920000e+01 | 130.70%| unknown
 1528s|248600 |192087 | 26916k| 108.3 |   410M | 262 | 951 |5425 |5425 |   0 |  0 |   0 |  37 | 4.300000e+01 | 9.920000e+01 | 130.70%| unknown
 1529s|248700 |192161 | 26943k| 108.3 |   410M | 262 | 951 |5425 |5425 |   0 |  0 |   0 |  37 | 4.300000e+01 | 9.920000e+01 | 130.70%| unknown
 1530s|248800 |192225 | 26957k| 108.3 |   410M | 262 | 951 |5425 |5425 |   0 |  0 |   0 |  37 | 4.300000e+01 | 9.920000e+01 | 130.70%| unknown
 time | node  | left  |LP iter|LP it/n|mem/heur|mdpt |vars |cons |rows |cuts |sepa|confs|strbr|  dualbound   | primalbound  |  gap   | compl. 
 1531s|248900 |192273 | 26984k| 108.4 |   410M | 262 | 951 |5425 |5425 |   0 |  0 |   0 |  37 | 4.300000e+01 | 9.920000e+01 | 130.70%| unknown
 1532s|249000 |192353 | 27000k| 108.4 |   410M | 262 | 951 |5425 |5425 |   0 |  0 |   0 |  37 | 4.300000e+01 | 9.920000e+01 | 130.70%| unknown
 1533s|249100 |192425 | 27019k| 108.5 |   410M | 262 | 951 |5425 |5425 |   0 |  0 |   0 |  37 | 4.300000e+01 | 9.920000e+01 | 130.70%| unknown
 1534s|249200 |192501 | 27042k| 108.5 |   410M | 262 | 951 |5425 |5425 |   0 |  0 |   0 |  37 | 4.300000e+01 | 9.920000e+01 | 130.70%| unknown
 1535s|249300 |192569 | 27060k| 108.5 |   410M | 262 | 951 |5425 |5425 |   0 |  0 |   0 |  37 | 4.300000e+01 | 9.920000e+01 | 130.70%| unknown
 1537s|249400 |192643 | 27090k| 108.6 |   410M | 262 | 951 |5425 |5425 |   0 |  0 |   0 |  37 | 4.300000e+01 | 9.920000e+01 | 130.70%| unknown
 1537s|249500 |192709 | 27104k| 108.6 |   410M | 262 | 951 |5425 |5425 |   0 |  0 |   0 |  37 | 4.300000e+01 | 9.920000e+01 | 130.70%| unknown
 1538s|249600 |192789 | 27120k| 108.7 |   411M | 262 | 951 |5425 |5425 |   0 |  0 |   0 |  37 | 4.300000e+01 | 9.920000e+01 | 130.70%| unknown
 1540s|249700 |192845 | 27148k| 108.7 |   411M | 262 | 951 |5425 |5425 |   0 |  0 |   0 |  37 | 4.300000e+01 | 9.920000e+01 | 130.70%| unknown
 1540s|249800 |192903 | 27163k| 108.7 |   411M | 262 | 951 |5425 |5425 |   0 |  0 |   0 |  37 | 4.300000e+01 | 9.920000e+01 | 130.70%| unknown
 1542s|249900 |192973 | 27186k| 108.8 |   411M | 262 | 951 |5425 |5425 |   0 |  0 |   0 |  37 | 4.300000e+01 | 9.920000e+01 | 130.70%| unknown
 1542s|250000 |193041 | 27201k| 108.8 |   411M | 262 | 951 |5425 |5425 |   0 |  0 |   0 |  37 | 4.300000e+01 | 9.920000e+01 | 130.70%| unknown
 1544s|250100 |193111 | 27241k| 108.9 |   411M | 262 | 951 |5425 |5425 |   0 |  0 |   0 |  37 | 4.300000e+01 | 9.920000e+01 | 130.70%| unknown
 1545s|250200 |193187 | 27257k| 108.9 |   411M | 262 | 951 |5425 |5425 |   0 |  0 |   0 |  37 | 4.300000e+01 | 9.920000e+01 | 130.70%| unknown
 1547s|250300 |193223 | 27283k| 109.0 |   411M | 262 | 951 |5425 |5425 |   0 |  0 |   0 |  37 | 4.300000e+01 | 9.920000e+01 | 130.70%| unknown
 time | node  | left  |LP iter|LP it/n|mem/heur|mdpt |vars |cons |rows |cuts |sepa|confs|strbr|  dualbound   | primalbound  |  gap   | compl. 
 1548s|250400 |193291 | 27304k| 109.0 |   411M | 262 | 951 |5425 |5425 |   0 |  0 |   0 |  37 | 4.300000e+01 | 9.920000e+01 | 130.70%| unknown
 1549s|250500 |193371 | 27320k| 109.1 |   411M | 262 | 951 |5425 |5425 |   0 |  0 |   0 |  37 | 4.300000e+01 | 9.920000e+01 | 130.70%| unknown
 1550s|250600 |193435 | 27345k| 109.1 |   411M | 262 | 951 |5425 |5425 |   0 |  0 |   0 |  37 | 4.300000e+01 | 9.920000e+01 | 130.70%| unknown
 1551s|250700 |193503 | 27365k| 109.2 |   411M | 262 | 951 |5425 |5425 |   0 |  0 |   0 |  37 | 4.300000e+01 | 9.920000e+01 | 130.70%| unknown
 1552s|250800 |193571 | 27388k| 109.2 |   411M | 262 | 951 |5425 |5425 |   0 |  0 |   0 |  37 | 4.300000e+01 | 9.920000e+01 | 130.70%| unknown
 1553s|250900 |193635 | 27415k| 109.3 |   412M | 262 | 951 |5425 |5425 |   0 |  0 |   0 |  37 | 4.300000e+01 | 9.920000e+01 | 130.70%| unknown
 1554s|251000 |193695 | 27418k| 109.2 |   412M | 262 | 951 |5425 |5425 |   0 |  0 |   0 |  37 | 4.300000e+01 | 9.920000e+01 | 130.70%| unknown
 1555s|251100 |193775 | 27435k| 109.3 |   412M | 262 | 951 |5425 |5425 |   0 |  0 |   0 |  37 | 4.300000e+01 | 9.920000e+01 | 130.70%| unknown
 1556s|251200 |193851 | 27452k| 109.3 |   412M | 262 | 951 |5425 |5425 |   0 |  0 |   0 |  37 | 4.300000e+01 | 9.920000e+01 | 130.70%| unknown
 1556s|251300 |193921 | 27464k| 109.3 |   414M | 262 | 951 |5425 |5425 |   0 |  0 |   0 |  37 | 4.300000e+01 | 9.920000e+01 | 130.70%| unknown
 1556s|251400 |193997 | 27465k| 109.2 |   414M | 262 | 951 |5425 |5425 |   0 |  0 |   0 |  37 | 4.300000e+01 | 9.920000e+01 | 130.70%| unknown
 1557s|251500 |194071 | 27466k| 109.2 |   414M | 262 | 951 |5425 |5425 |   0 |  0 |   0 |  37 | 4.300000e+01 | 9.920000e+01 | 130.70%| unknown
 1557s|251600 |194139 | 27468k| 109.2 |   414M | 262 | 951 |5425 |5425 |   0 |  0 |   0 |  37 | 4.300000e+01 | 9.920000e+01 | 130.70%| unknown
 1557s|251700 |194211 | 27469k| 109.1 |   414M | 262 | 951 |5425 |5425 |   0 |  0 |   0 |  37 | 4.300000e+01 | 9.920000e+01 | 130.70%| unknown
 1557s|251800 |194285 | 27470k| 109.1 |   414M | 262 | 951 |5425 |5425 |   0 |  0 |   0 |  37 | 4.300000e+01 | 9.920000e+01 | 130.70%| unknown
 time | node  | left  |LP iter|LP it/n|mem/heur|mdpt |vars |cons |rows |cuts |sepa|confs|strbr|  dualbound   | primalbound  |  gap   | compl. 
 1557s|251900 |194357 | 27472k| 109.1 |   414M | 262 | 951 |5425 |5425 |   0 |  0 |   0 |  37 | 4.300000e+01 | 9.920000e+01 | 130.70%| unknown
 1558s|252000 |194415 | 27473k| 109.0 |   415M | 262 | 951 |5425 |5425 |   0 |  0 |   0 |  37 | 4.300000e+01 | 9.920000e+01 | 130.70%| unknown
 1558s|252100 |194495 | 27474k| 109.0 |   415M | 262 | 951 |5425 |5425 |   0 |  0 |   0 |  37 | 4.300000e+01 | 9.920000e+01 | 130.70%| unknown
 1558s|252200 |194573 | 27475k| 108.9 |   415M | 262 | 951 |5425 |5425 |   0 |  0 |   0 |  37 | 4.300000e+01 | 9.920000e+01 | 130.70%| unknown
 1558s|252300 |194629 | 27477k| 108.9 |   415M | 262 | 951 |5425 |5425 |   0 |  0 |   0 |  37 | 4.300000e+01 | 9.920000e+01 | 130.70%| unknown
 1558s|252400 |194699 | 27478k| 108.9 |   415M | 262 | 951 |5425 |5425 |   0 |  0 |   0 |  37 | 4.300000e+01 | 9.920000e+01 | 130.70%| unknown
 1558s|252500 |194763 | 27479k| 108.8 |   415M | 262 | 951 |5425 |5425 |   0 |  0 |   0 |  37 | 4.300000e+01 | 9.920000e+01 | 130.70%| unknown
 1559s|252600 |194843 | 27481k| 108.8 |   415M | 262 | 951 |5425 |5425 |   0 |  0 |   0 |  37 | 4.300000e+01 | 9.920000e+01 | 130.70%| unknown
 1559s|252700 |194923 | 27482k| 108.8 |   415M | 262 | 951 |5425 |5425 |   0 |  0 |   0 |  37 | 4.300000e+01 | 9.920000e+01 | 130.70%| unknown
 1559s|252800 |194987 | 27483k| 108.7 |   415M | 262 | 951 |5425 |5425 |   0 |  0 |   0 |  37 | 4.300000e+01 | 9.920000e+01 | 130.70%| unknown
 1559s|252900 |195061 | 27484k| 108.7 |   415M | 262 | 951 |5425 |5425 |   0 |  0 |   0 |  37 | 4.300000e+01 | 9.920000e+01 | 130.70%| unknown
 1559s|253000 |195135 | 27485k| 108.6 |   415M | 262 | 951 |5425 |5425 |   0 |  0 |   0 |  37 | 4.300000e+01 | 9.920000e+01 | 130.70%| unknown
 1560s|253100 |195197 | 27487k| 108.6 |   416M | 262 | 951 |5425 |5425 |   0 |  0 |   0 |  37 | 4.300000e+01 | 9.920000e+01 | 130.70%| unknown
 1560s|253200 |195275 | 27488k| 108.6 |   416M | 262 | 951 |5425 |5425 |   0 |  0 |   0 |  37 | 4.300000e+01 | 9.920000e+01 | 130.70%| unknown
 1560s|253300 |195337 | 27489k| 108.5 |   416M | 262 | 951 |5425 |5425 |   0 |  0 |   0 |  37 | 4.300000e+01 | 9.920000e+01 | 130.70%| unknown
 time | node  | left  |LP iter|LP it/n|mem/heur|mdpt |vars |cons |rows |cuts |sepa|confs|strbr|  dualbound   | primalbound  |  gap   | compl. 
 1560s|253400 |195403 | 27499k| 108.5 |   416M | 262 | 951 |5425 |5425 |   0 |  0 |   0 |  37 | 4.300000e+01 | 9.920000e+01 | 130.70%| unknown
 1561s|253500 |195467 | 27509k| 108.5 |   416M | 262 | 951 |5425 |5425 |   0 |  0 |   0 |  37 | 4.300000e+01 | 9.920000e+01 | 130.70%| unknown
 1562s|253600 |195533 | 27519k| 108.5 |   416M | 262 | 951 |5425 |5425 |   0 |  0 |   0 |  37 | 4.300000e+01 | 9.920000e+01 | 130.70%| unknown
 1562s|253700 |195589 | 27538k| 108.5 |   416M | 262 | 951 |5425 |5425 |   0 |  0 |   0 |  37 | 4.300000e+01 | 9.920000e+01 | 130.70%| unknown
 1564s|253800 |195663 | 27569k| 108.6 |   416M | 262 | 951 |5425 |5425 |   0 |  0 |   0 |  37 | 4.300000e+01 | 9.920000e+01 | 130.70%| unknown
 1565s|253900 |195719 | 27587k| 108.7 |   416M | 262 | 951 |5425 |5425 |   0 |  0 |   0 |  37 | 4.300000e+01 | 9.920000e+01 | 130.70%| unknown
 1566s|254000 |195781 | 27616k| 108.7 |   416M | 262 | 951 |5425 |5425 |   0 |  0 |   0 |  37 | 4.300000e+01 | 9.920000e+01 | 130.70%| unknown
 1568s|254100 |195839 | 27645k| 108.8 |   416M | 262 | 951 |5425 |5425 |   0 |  0 |   0 |  37 | 4.300000e+01 | 9.920000e+01 | 130.70%| unknown
 1569s|254200 |195921 | 27670k| 108.9 |   416M | 262 | 951 |5425 |5425 |   0 |  0 |   0 |  37 | 4.300000e+01 | 9.920000e+01 | 130.70%| unknown
 1570s|254300 |195999 | 27688k| 108.9 |   417M | 262 | 951 |5425 |5425 |   0 |  0 |   0 |  37 | 4.300000e+01 | 9.920000e+01 | 130.70%| unknown
 1571s|254400 |196063 | 27701k| 108.9 |   417M | 262 | 951 |5425 |5425 |   0 |  0 |   0 |  37 | 4.300000e+01 | 9.920000e+01 | 130.70%| unknown
 1572s|254500 |196141 | 27718k| 108.9 |   417M | 262 | 951 |5425 |5425 |   0 |  0 |   0 |  37 | 4.300000e+01 | 9.920000e+01 | 130.70%| unknown
 1572s|254600 |196207 | 27727k| 108.9 |   417M | 262 | 951 |5425 |5425 |   0 |  0 |   0 |  37 | 4.300000e+01 | 9.920000e+01 | 130.70%| unknown
 1573s|254700 |196281 | 27742k| 108.9 |   417M | 262 | 951 |5425 |5425 |   0 |  0 |   0 |  37 | 4.300000e+01 | 9.920000e+01 | 130.70%| unknown
 1574s|254800 |196359 | 27755k| 108.9 |   417M | 262 | 951 |5425 |5425 |   0 |  0 |   0 |  37 | 4.300000e+01 | 9.920000e+01 | 130.70%| unknown
 time | node  | left  |LP iter|LP it/n|mem/heur|mdpt |vars |cons |rows |cuts |sepa|confs|strbr|  dualbound   | primalbound  |  gap   | compl. 
 1574s|254900 |196425 | 27757k| 108.9 |   417M | 262 | 951 |5425 |5425 |   0 |  0 |   0 |  37 | 4.300000e+01 | 9.920000e+01 | 130.70%| unknown
 1574s|255000 |196493 | 27758k| 108.9 |   417M | 262 | 951 |5425 |5425 |   0 |  0 |   0 |  37 | 4.300000e+01 | 9.920000e+01 | 130.70%| unknown
 1574s|255100 |196555 | 27759k| 108.8 |   417M | 262 | 951 |5425 |5425 |   0 |  0 |   0 |  37 | 4.300000e+01 | 9.920000e+01 | 130.70%| unknown
 1574s|255200 |196615 | 27760k| 108.8 |   417M | 262 | 951 |5425 |5425 |   0 |  0 |   0 |  37 | 4.300000e+01 | 9.920000e+01 | 130.70%| unknown
 1575s|255300 |196691 | 27762k| 108.7 |   417M | 262 | 951 |5425 |5425 |   0 |  0 |   0 |  37 | 4.300000e+01 | 9.920000e+01 | 130.70%| unknown
 1575s|255400 |196773 | 27763k| 108.7 |   418M | 262 | 951 |5425 |5425 |   0 |  0 |   0 |  37 | 4.300000e+01 | 9.920000e+01 | 130.70%| unknown
 1575s|255500 |196851 | 27764k| 108.7 |   418M | 262 | 951 |5425 |5425 |   0 |  0 |   0 |  37 | 4.300000e+01 | 9.920000e+01 | 130.70%| unknown
 1575s|255600 |196925 | 27765k| 108.6 |   418M | 262 | 951 |5425 |5425 |   0 |  0 |   0 |  37 | 4.300000e+01 | 9.920000e+01 | 130.70%| unknown
 1575s|255700 |196983 | 27767k| 108.6 |   418M | 262 | 951 |5425 |5425 |   0 |  0 |   0 |  37 | 4.300000e+01 | 9.920000e+01 | 130.70%| unknown
 1575s|255800 |197055 | 27768k| 108.6 |   419M | 262 | 951 |5425 |5425 |   0 |  0 |   0 |  37 | 4.300000e+01 | 9.920000e+01 | 130.70%| unknown
 1576s|255900 |197123 | 27769k| 108.5 |   419M | 262 | 951 |5425 |5425 |   0 |  0 |   0 |  37 | 4.300000e+01 | 9.920000e+01 | 130.70%| unknown
 1576s|256000 |197189 | 27770k| 108.5 |   419M | 262 | 951 |5425 |5425 |   0 |  0 |   0 |  37 | 4.300000e+01 | 9.920000e+01 | 130.70%| unknown
 1576s|256100 |197259 | 27771k| 108.4 |   419M | 262 | 951 |5425 |5425 |   0 |  0 |   0 |  37 | 4.300000e+01 | 9.920000e+01 | 130.70%| unknown
 1576s|256200 |197329 | 27772k| 108.4 |   419M | 262 | 951 |5425 |5425 |   0 |  0 |   0 |  37 | 4.300000e+01 | 9.920000e+01 | 130.70%| unknown
 1576s|256300 |197397 | 27773k| 108.4 |   419M | 262 | 951 |5425 |5425 |   0 |  0 |   0 |  37 | 4.300000e+01 | 9.920000e+01 | 130.70%| unknown
 time | node  | left  |LP iter|LP it/n|mem/heur|mdpt |vars |cons |rows |cuts |sepa|confs|strbr|  dualbound   | primalbound  |  gap   | compl. 
 1577s|256400 |197473 | 27774k| 108.3 |   419M | 262 | 951 |5425 |5425 |   0 |  0 |   0 |  37 | 4.300000e+01 | 9.920000e+01 | 130.70%| unknown
 1577s|256500 |197555 | 27775k| 108.3 |   420M | 262 | 951 |5425 |5425 |   0 |  0 |   0 |  37 | 4.300000e+01 | 9.920000e+01 | 130.70%| unknown
 1577s|256600 |197633 | 27776k| 108.2 |   421M | 262 | 951 |5425 |5425 |   0 |  0 |   0 |  37 | 4.300000e+01 | 9.920000e+01 | 130.70%| unknown
 1577s|256700 |197707 | 27777k| 108.2 |   421M | 262 | 951 |5425 |5425 |   0 |  0 |   0 |  37 | 4.300000e+01 | 9.920000e+01 | 130.70%| unknown
 1577s|256800 |197763 | 27778k| 108.2 |   421M | 262 | 951 |5425 |5425 |   0 |  0 |   0 |  37 | 4.300000e+01 | 9.920000e+01 | 130.70%| unknown
 1577s|256900 |197829 | 27779k| 108.1 |   421M | 262 | 951 |5425 |5425 |   0 |  0 |   0 |  37 | 4.300000e+01 | 9.920000e+01 | 130.70%| unknown
 1578s|257000 |197913 | 27780k| 108.1 |   421M | 262 | 951 |5425 |5425 |   0 |  0 |   0 |  37 | 4.300000e+01 | 9.920000e+01 | 130.70%| unknown
 1578s|257100 |197983 | 27782k| 108.1 |   421M | 262 | 951 |5425 |5425 |   0 |  0 |   0 |  37 | 4.300000e+01 | 9.920000e+01 | 130.70%| unknown
 1578s|257200 |198059 | 27783k| 108.0 |   421M | 262 | 951 |5425 |5425 |   0 |  0 |   0 |  37 | 4.300000e+01 | 9.920000e+01 | 130.70%| unknown
 1578s|257300 |198131 | 27784k| 108.0 |   421M | 262 | 951 |5425 |5425 |   0 |  0 |   0 |  37 | 4.300000e+01 | 9.920000e+01 | 130.70%| unknown
 1578s|257400 |198185 | 27785k| 107.9 |   421M | 262 | 951 |5425 |5425 |   0 |  0 |   0 |  37 | 4.300000e+01 | 9.920000e+01 | 130.70%| unknown
 1579s|257500 |198269 | 27800k| 108.0 |   421M | 262 | 951 |5425 |5425 |   0 |  0 |   0 |  37 | 4.300000e+01 | 9.920000e+01 | 130.70%| unknown
 1580s|257600 |198329 | 27817k| 108.0 |   421M | 262 | 951 |5425 |5425 |   0 |  0 |   0 |  37 | 4.300000e+01 | 9.920000e+01 | 130.70%| unknown
 1581s|257700 |198413 | 27827k| 108.0 |   423M | 262 | 951 |5425 |5425 |   0 |  0 |   0 |  37 | 4.300000e+01 | 9.920000e+01 | 130.70%| unknown
 1581s|257800 |198505 | 27836k| 108.0 |   423M | 262 | 951 |5425 |5425 |   0 |  0 |   0 |  37 | 4.300000e+01 | 9.920000e+01 | 130.70%| unknown
 time | node  | left  |LP iter|LP it/n|mem/heur|mdpt |vars |cons |rows |cuts |sepa|confs|strbr|  dualbound   | primalbound  |  gap   | compl. 
 1582s|257900 |198579 | 27851k| 108.0 |   423M | 262 | 951 |5425 |5425 |   0 |  0 |   0 |  37 | 4.300000e+01 | 9.920000e+01 | 130.70%| unknown
 1584s|258000 |198663 | 27884k| 108.1 |   423M | 262 | 951 |5425 |5425 |   0 |  0 |   0 |  37 | 4.300000e+01 | 9.920000e+01 | 130.70%| unknown
 1584s|258100 |198741 | 27889k| 108.1 |   423M | 262 | 951 |5425 |5425 |   0 |  0 |   0 |  37 | 4.300000e+01 | 9.920000e+01 | 130.70%| unknown
 1584s|258200 |198821 | 27890k| 108.0 |   423M | 262 | 951 |5425 |5425 |   0 |  0 |   0 |  37 | 4.300000e+01 | 9.920000e+01 | 130.70%| unknown
 1584s|258300 |198895 | 27892k| 108.0 |   423M | 262 | 951 |5425 |5425 |   0 |  0 |   0 |  37 | 4.300000e+01 | 9.920000e+01 | 130.70%| unknown
 1585s|258400 |198973 | 27894k| 107.9 |   423M | 262 | 951 |5425 |5425 |   0 |  0 |   0 |  37 | 4.300000e+01 | 9.920000e+01 | 130.70%| unknown
 1585s|258500 |199041 | 27895k| 107.9 |   423M | 262 | 951 |5425 |5425 |   0 |  0 |   0 |  37 | 4.300000e+01 | 9.920000e+01 | 130.70%| unknown
 1585s|258600 |199121 | 27896k| 107.9 |   423M | 262 | 951 |5425 |5425 |   0 |  0 |   0 |  37 | 4.300000e+01 | 9.920000e+01 | 130.70%| unknown
 1585s|258700 |199197 | 27899k| 107.8 |   424M | 262 | 951 |5425 |5425 |   0 |  0 |   0 |  37 | 4.300000e+01 | 9.920000e+01 | 130.70%| unknown
 1585s|258800 |199269 | 27900k| 107.8 |   424M | 262 | 951 |5425 |5425 |   0 |  0 |   0 |  37 | 4.300000e+01 | 9.920000e+01 | 130.70%| unknown
 1585s|258900 |199347 | 27901k| 107.8 |   424M | 262 | 951 |5425 |5425 |   0 |  0 |   0 |  37 | 4.300000e+01 | 9.920000e+01 | 130.70%| unknown
 1586s|259000 |199415 | 27902k| 107.7 |   424M | 262 | 951 |5425 |5425 |   0 |  0 |   0 |  37 | 4.300000e+01 | 9.920000e+01 | 130.70%| unknown
 1586s|259100 |199485 | 27903k| 107.7 |   424M | 262 | 951 |5425 |5425 |   0 |  0 |   0 |  37 | 4.300000e+01 | 9.920000e+01 | 130.70%| unknown
 1586s|259200 |199559 | 27904k| 107.7 |   424M | 262 | 951 |5425 |5425 |   0 |  0 |   0 |  37 | 4.300000e+01 | 9.920000e+01 | 130.70%| unknown
 1587s|259300 |199607 | 27914k| 107.6 |   424M | 262 | 951 |5425 |5425 |   0 |  0 |   0 |  37 | 4.300000e+01 | 9.920000e+01 | 130.70%| unknown
 time | node  | left  |LP iter|LP it/n|mem/heur|mdpt |vars |cons |rows |cuts |sepa|confs|strbr|  dualbound   | primalbound  |  gap   | compl. 
 1587s|259400 |199687 | 27929k| 107.7 |   424M | 262 | 951 |5425 |5425 |   0 |  0 |   0 |  37 | 4.300000e+01 | 9.920000e+01 | 130.70%| unknown
 1588s|259500 |199749 | 27941k| 107.7 |   424M | 262 | 951 |5425 |5425 |   0 |  0 |   0 |  37 | 4.300000e+01 | 9.920000e+01 | 130.70%| unknown
 1588s|259600 |199837 | 27946k| 107.6 |   424M | 262 | 951 |5425 |5425 |   0 |  0 |   0 |  37 | 4.300000e+01 | 9.920000e+01 | 130.70%| unknown
 1589s|259700 |199921 | 27962k| 107.7 |   424M | 262 | 951 |5425 |5425 |   0 |  0 |   0 |  37 | 4.300000e+01 | 9.920000e+01 | 130.70%| unknown
 1590s|259800 |199987 | 27977k| 107.7 |   426M | 262 | 951 |5425 |5425 |   0 |  0 |   0 |  37 | 4.300000e+01 | 9.920000e+01 | 130.70%| unknown
 1591s|259900 |200061 | 27995k| 107.7 |   426M | 262 | 951 |5425 |5425 |   0 |  0 |   0 |  37 | 4.300000e+01 | 9.920000e+01 | 130.70%| unknown
 1592s|260000 |200135 | 28016k| 107.8 |   426M | 262 | 951 |5425 |5425 |   0 |  0 |   0 |  37 | 4.300000e+01 | 9.920000e+01 | 130.70%| unknown
 1593s|260100 |200197 | 28038k| 107.8 |   426M | 262 | 951 |5425 |5425 |   0 |  0 |   0 |  37 | 4.300000e+01 | 9.920000e+01 | 130.70%| unknown
 1594s|260200 |200283 | 28053k| 107.8 |   426M | 262 | 951 |5425 |5425 |   0 |  0 |   0 |  37 | 4.300000e+01 | 9.920000e+01 | 130.70%| unknown
 1594s|260300 |200369 | 28062k| 107.8 |   426M | 262 | 951 |5425 |5425 |   0 |  0 |   0 |  37 | 4.300000e+01 | 9.920000e+01 | 130.70%| unknown
 1595s|260400 |200453 | 28073k| 107.8 |   426M | 262 | 951 |5425 |5425 |   0 |  0 |   0 |  37 | 4.300000e+01 | 9.920000e+01 | 130.70%| unknown
 1596s|260500 |200539 | 28087k| 107.8 |   426M | 262 | 951 |5425 |5425 |   0 |  0 |   0 |  37 | 4.300000e+01 | 9.920000e+01 | 130.70%| unknown
 1597s|260600 |200613 | 28117k| 107.9 |   426M | 262 | 951 |5425 |5425 |   0 |  0 |   0 |  37 | 4.300000e+01 | 9.920000e+01 | 130.70%| unknown
 1599s|260700 |200689 | 28148k| 108.0 |   426M | 262 | 951 |5425 |5425 |   0 |  0 |   0 |  37 | 4.300000e+01 | 9.920000e+01 | 130.70%| unknown
 1599s|260800 |200781 | 28162k| 108.0 |   427M | 262 | 951 |5425 |5425 |   0 |  0 |   0 |  37 | 4.300000e+01 | 9.920000e+01 | 130.70%| unknown
 time | node  | left  |LP iter|LP it/n|mem/heur|mdpt |vars |cons |rows |cuts |sepa|confs|strbr|  dualbound   | primalbound  |  gap   | compl. 
 1600s|260900 |200869 | 28176k| 108.0 |   427M | 262 | 951 |5425 |5425 |   0 |  0 |   0 |  37 | 4.300000e+01 | 9.920000e+01 | 130.70%| unknown
 1601s|261000 |200939 | 28189k| 108.0 |   427M | 262 | 951 |5425 |5425 |   0 |  0 |   0 |  37 | 4.300000e+01 | 9.920000e+01 | 130.70%| unknown
 1602s|261100 |201003 | 28208k| 108.0 |   427M | 262 | 951 |5425 |5425 |   0 |  0 |   0 |  37 | 4.300000e+01 | 9.920000e+01 | 130.70%| unknown
 1603s|261200 |201071 | 28230k| 108.1 |   427M | 262 | 951 |5425 |5425 |   0 |  0 |   0 |  37 | 4.300000e+01 | 9.920000e+01 | 130.70%| unknown
 1603s|261300 |201145 | 28245k| 108.1 |   427M | 262 | 951 |5425 |5425 |   0 |  0 |   0 |  37 | 4.300000e+01 | 9.920000e+01 | 130.70%| unknown
 1604s|261400 |201223 | 28257k| 108.1 |   427M | 262 | 951 |5425 |5425 |   0 |  0 |   0 |  37 | 4.300000e+01 | 9.920000e+01 | 130.70%| unknown
 1604s|261500 |201299 | 28258k| 108.1 |   427M | 262 | 951 |5425 |5425 |   0 |  0 |   0 |  37 | 4.300000e+01 | 9.920000e+01 | 130.70%| unknown
 1604s|261600 |201375 | 28259k| 108.0 |   427M | 262 | 951 |5425 |5425 |   0 |  0 |   0 |  37 | 4.300000e+01 | 9.920000e+01 | 130.70%| unknown
 1605s|261700 |201445 | 28260k| 108.0 |   427M | 262 | 951 |5425 |5425 |   0 |  0 |   0 |  37 | 4.300000e+01 | 9.920000e+01 | 130.70%| unknown
 1605s|261800 |201503 | 28261k| 107.9 |   427M | 262 | 951 |5425 |5425 |   0 |  0 |   0 |  37 | 4.300000e+01 | 9.920000e+01 | 130.70%| unknown
 1605s|261900 |201575 | 28263k| 107.9 |   428M | 262 | 951 |5425 |5425 |   0 |  0 |   0 |  37 | 4.300000e+01 | 9.920000e+01 | 130.70%| unknown
 1605s|262000 |201631 | 28265k| 107.9 |   428M | 262 | 951 |5425 |5425 |   0 |  0 |   0 |  37 | 4.300000e+01 | 9.920000e+01 | 130.70%| unknown
 1606s|262100 |201711 | 28282k| 107.9 |   428M | 262 | 951 |5425 |5425 |   0 |  0 |   0 |  37 | 4.300000e+01 | 9.920000e+01 | 130.70%| unknown
 1607s|262200 |201793 | 28294k| 107.9 |   428M | 262 | 951 |5425 |5425 |   0 |  0 |   0 |  37 | 4.300000e+01 | 9.920000e+01 | 130.70%| unknown
 1607s|262300 |201863 | 28295k| 107.9 |   428M | 262 | 951 |5425 |5425 |   0 |  0 |   0 |  37 | 4.300000e+01 | 9.920000e+01 | 130.70%| unknown
 time | node  | left  |LP iter|LP it/n|mem/heur|mdpt |vars |cons |rows |cuts |sepa|confs|strbr|  dualbound   | primalbound  |  gap   | compl. 
 1607s|262400 |201933 | 28297k| 107.8 |   428M | 262 | 951 |5425 |5425 |   0 |  0 |   0 |  37 | 4.300000e+01 | 9.920000e+01 | 130.70%| unknown
 1607s|262500 |201999 | 28298k| 107.8 |   428M | 262 | 951 |5425 |5425 |   0 |  0 |   0 |  37 | 4.300000e+01 | 9.920000e+01 | 130.70%| unknown
 1607s|262600 |202077 | 28299k| 107.8 |   428M | 262 | 951 |5425 |5425 |   0 |  0 |   0 |  37 | 4.300000e+01 | 9.920000e+01 | 130.70%| unknown
 1608s|262700 |202153 | 28300k| 107.7 |   428M | 262 | 951 |5425 |5425 |   0 |  0 |   0 |  37 | 4.300000e+01 | 9.920000e+01 | 130.70%| unknown
 1608s|262800 |202249 | 28304k| 107.7 |   428M | 262 | 951 |5425 |5425 |   0 |  0 |   0 |  37 | 4.300000e+01 | 9.920000e+01 | 130.70%| unknown
 1609s|262900 |202313 | 28325k| 107.7 |   428M | 262 | 951 |5425 |5425 |   0 |  0 |   0 |  37 | 4.300000e+01 | 9.920000e+01 | 130.70%| unknown
 1610s|263000 |202395 | 28342k| 107.8 |   430M | 262 | 951 |5425 |5425 |   0 |  0 |   0 |  37 | 4.300000e+01 | 9.920000e+01 | 130.70%| unknown
 1611s|263100 |202459 | 28358k| 107.8 |   430M | 262 | 951 |5425 |5425 |   0 |  0 |   0 |  37 | 4.300000e+01 | 9.920000e+01 | 130.70%| unknown
 1611s|263200 |202541 | 28366k| 107.8 |   430M | 262 | 951 |5425 |5425 |   0 |  0 |   0 |  37 | 4.300000e+01 | 9.920000e+01 | 130.70%| unknown
 1612s|263300 |202611 | 28371k| 107.8 |   430M | 262 | 951 |5425 |5425 |   0 |  0 |   0 |  37 | 4.300000e+01 | 9.920000e+01 | 130.70%| unknown
 1612s|263400 |202683 | 28373k| 107.7 |   430M | 262 | 951 |5425 |5425 |   0 |  0 |   0 |  37 | 4.300000e+01 | 9.920000e+01 | 130.70%| unknown
 1612s|263500 |202753 | 28374k| 107.7 |   430M | 262 | 951 |5425 |5425 |   0 |  0 |   0 |  37 | 4.300000e+01 | 9.920000e+01 | 130.70%| unknown
 1612s|263600 |202823 | 28375k| 107.6 |   430M | 262 | 951 |5425 |5425 |   0 |  0 |   0 |  37 | 4.300000e+01 | 9.920000e+01 | 130.70%| unknown
 1613s|263700 |202905 | 28376k| 107.6 |   431M | 262 | 951 |5425 |5425 |   0 |  0 |   0 |  37 | 4.300000e+01 | 9.920000e+01 | 130.70%| unknown
 1613s|263800 |202971 | 28378k| 107.6 |   431M | 262 | 951 |5425 |5425 |   0 |  0 |   0 |  37 | 4.300000e+01 | 9.920000e+01 | 130.70%| unknown
 time | node  | left  |LP iter|LP it/n|mem/heur|mdpt |vars |cons |rows |cuts |sepa|confs|strbr|  dualbound   | primalbound  |  gap   | compl. 
 1613s|263900 |203035 | 28379k| 107.5 |   431M | 262 | 951 |5425 |5425 |   0 |  0 |   0 |  37 | 4.300000e+01 | 9.920000e+01 | 130.70%| unknown
 1613s|264000 |203105 | 28380k| 107.5 |   431M | 262 | 951 |5425 |5425 |   0 |  0 |   0 |  37 | 4.300000e+01 | 9.920000e+01 | 130.70%| unknown
 1613s|264100 |203185 | 28381k| 107.5 |   432M | 262 | 951 |5425 |5425 |   0 |  0 |   0 |  37 | 4.300000e+01 | 9.920000e+01 | 130.70%| unknown
 1613s|264200 |203251 | 28383k| 107.4 |   432M | 262 | 951 |5425 |5425 |   0 |  0 |   0 |  37 | 4.300000e+01 | 9.920000e+01 | 130.70%| unknown
 1614s|264300 |203323 | 28384k| 107.4 |   432M | 262 | 951 |5425 |5425 |   0 |  0 |   0 |  37 | 4.300000e+01 | 9.920000e+01 | 130.70%| unknown
 1614s|264400 |203391 | 28385k| 107.4 |   432M | 262 | 951 |5425 |5425 |   0 |  0 |   0 |  37 | 4.300000e+01 | 9.920000e+01 | 130.70%| unknown
 1615s|264500 |203451 | 28412k| 107.4 |   432M | 262 | 951 |5425 |5425 |   0 |  0 |   0 |  37 | 4.300000e+01 | 9.920000e+01 | 130.70%| unknown
 1616s|264600 |203533 | 28424k| 107.4 |   432M | 262 | 951 |5425 |5425 |   0 |  0 |   0 |  37 | 4.300000e+01 | 9.920000e+01 | 130.70%| unknown
 1616s|264700 |203613 | 28434k| 107.4 |   432M | 262 | 951 |5425 |5425 |   0 |  0 |   0 |  37 | 4.300000e+01 | 9.920000e+01 | 130.70%| unknown
 1617s|264800 |203695 | 28444k| 107.4 |   432M | 262 | 951 |5425 |5425 |   0 |  0 |   0 |  37 | 4.300000e+01 | 9.920000e+01 | 130.70%| unknown
 1618s|264900 |203771 | 28462k| 107.4 |   432M | 262 | 951 |5425 |5425 |   0 |  0 |   0 |  37 | 4.300000e+01 | 9.920000e+01 | 130.70%| unknown
 1618s|265000 |203845 | 28472k| 107.4 |   432M | 262 | 951 |5425 |5425 |   0 |  0 |   0 |  37 | 4.300000e+01 | 9.920000e+01 | 130.70%| unknown
 1619s|265100 |203921 | 28493k| 107.5 |   433M | 262 | 951 |5425 |5425 |   0 |  0 |   0 |  37 | 4.300000e+01 | 9.920000e+01 | 130.70%| unknown
 1620s|265200 |203989 | 28507k| 107.5 |   433M | 262 | 951 |5425 |5425 |   0 |  0 |   0 |  37 | 4.300000e+01 | 9.920000e+01 | 130.70%| unknown
 1621s|265300 |204055 | 28520k| 107.5 |   433M | 262 | 951 |5425 |5425 |   0 |  0 |   0 |  37 | 4.300000e+01 | 9.920000e+01 | 130.70%| unknown
 time | node  | left  |LP iter|LP it/n|mem/heur|mdpt |vars |cons |rows |cuts |sepa|confs|strbr|  dualbound   | primalbound  |  gap   | compl. 
 1621s|265400 |204135 | 28521k| 107.5 |   434M | 262 | 951 |5425 |5425 |   0 |  0 |   0 |  37 | 4.300000e+01 | 9.920000e+01 | 130.70%| unknown
 1621s|265500 |204225 | 28522k| 107.4 |   434M | 262 | 951 |5425 |5425 |   0 |  0 |   0 |  37 | 4.300000e+01 | 9.920000e+01 | 130.70%| unknown
 1621s|265600 |204303 | 28523k| 107.4 |   434M | 262 | 951 |5425 |5425 |   0 |  0 |   0 |  37 | 4.300000e+01 | 9.920000e+01 | 130.70%| unknown
 1622s|265700 |204367 | 28524k| 107.4 |   434M | 262 | 951 |5425 |5425 |   0 |  0 |   0 |  37 | 4.300000e+01 | 9.920000e+01 | 130.70%| unknown
 1622s|265800 |204455 | 28525k| 107.3 |   434M | 262 | 951 |5425 |5425 |   0 |  0 |   0 |  37 | 4.300000e+01 | 9.920000e+01 | 130.70%| unknown
 1622s|265900 |204529 | 28526k| 107.3 |   434M | 262 | 951 |5425 |5425 |   0 |  0 |   0 |  37 | 4.300000e+01 | 9.920000e+01 | 130.70%| unknown
 1622s|266000 |204621 | 28527k| 107.2 |   434M | 262 | 951 |5425 |5425 |   0 |  0 |   0 |  37 | 4.300000e+01 | 9.920000e+01 | 130.70%| unknown
 1622s|266100 |204685 | 28528k| 107.2 |   434M | 262 | 951 |5425 |5425 |   0 |  0 |   0 |  37 | 4.300000e+01 | 9.920000e+01 | 130.70%| unknown
 1623s|266200 |204765 | 28530k| 107.2 |   435M | 262 | 951 |5425 |5425 |   0 |  0 |   0 |  37 | 4.300000e+01 | 9.920000e+01 | 130.70%| unknown
 1623s|266300 |204825 | 28531k| 107.1 |   435M | 262 | 951 |5425 |5425 |   0 |  0 |   0 |  37 | 4.300000e+01 | 9.920000e+01 | 130.70%| unknown
 1623s|266400 |204901 | 28532k| 107.1 |   435M | 262 | 951 |5425 |5425 |   0 |  0 |   0 |  37 | 4.300000e+01 | 9.920000e+01 | 130.70%| unknown
 1623s|266500 |204991 | 28533k| 107.1 |   435M | 262 | 951 |5425 |5425 |   0 |  0 |   0 |  37 | 4.300000e+01 | 9.920000e+01 | 130.70%| unknown
 1623s|266600 |205071 | 28534k| 107.0 |   435M | 262 | 951 |5425 |5425 |   0 |  0 |   0 |  37 | 4.300000e+01 | 9.920000e+01 | 130.70%| unknown
 1623s|266700 |205151 | 28535k| 107.0 |   435M | 262 | 951 |5425 |5425 |   0 |  0 |   0 |  37 | 4.300000e+01 | 9.920000e+01 | 130.70%| unknown
 1624s|266800 |205239 | 28542k| 107.0 |   435M | 262 | 951 |5425 |5425 |   0 |  0 |   0 |  37 | 4.300000e+01 | 9.920000e+01 | 130.70%| unknown
 time | node  | left  |LP iter|LP it/n|mem/heur|mdpt |vars |cons |rows |cuts |sepa|confs|strbr|  dualbound   | primalbound  |  gap   | compl. 
 1625s|266900 |205307 | 28555k| 107.0 |   435M | 262 | 951 |5425 |5425 |   0 |  0 |   0 |  37 | 4.300000e+01 | 9.920000e+01 | 130.70%| unknown
 1625s|267000 |205377 | 28561k| 107.0 |   435M | 262 | 951 |5425 |5425 |   0 |  0 |   0 |  37 | 4.300000e+01 | 9.920000e+01 | 130.70%| unknown
 1625s|267100 |205433 | 28563k| 106.9 |   435M | 262 | 951 |5425 |5425 |   0 |  0 |   0 |  37 | 4.300000e+01 | 9.920000e+01 | 130.70%| unknown
 1625s|267200 |205517 | 28564k| 106.9 |   436M | 262 | 951 |5425 |5425 |   0 |  0 |   0 |  37 | 4.300000e+01 | 9.920000e+01 | 130.70%| unknown
 1625s|267300 |205591 | 28565k| 106.9 |   436M | 262 | 951 |5425 |5425 |   0 |  0 |   0 |  37 | 4.300000e+01 | 9.920000e+01 | 130.70%| unknown
 1626s|267400 |205675 | 28566k| 106.8 |   436M | 262 | 951 |5425 |5425 |   0 |  0 |   0 |  37 | 4.300000e+01 | 9.920000e+01 | 130.70%| unknown
 1626s|267500 |205733 | 28567k| 106.8 |   436M | 262 | 951 |5425 |5425 |   0 |  0 |   0 |  37 | 4.300000e+01 | 9.920000e+01 | 130.70%| unknown
 1626s|267600 |205809 | 28574k| 106.8 |   436M | 262 | 951 |5425 |5425 |   0 |  0 |   0 |  37 | 4.300000e+01 | 9.920000e+01 | 130.70%| unknown
 1627s|267700 |205871 | 28591k| 106.8 |   436M | 262 | 951 |5425 |5425 |   0 |  0 |   0 |  37 | 4.300000e+01 | 9.920000e+01 | 130.70%| unknown
 1628s|267800 |205937 | 28602k| 106.8 |   437M | 262 | 951 |5425 |5425 |   0 |  0 |   0 |  37 | 4.300000e+01 | 9.920000e+01 | 130.70%| unknown
 1628s|267900 |206015 | 28603k| 106.8 |   437M | 262 | 951 |5425 |5425 |   0 |  0 |   0 |  37 | 4.300000e+01 | 9.920000e+01 | 130.70%| unknown
 1628s|268000 |206087 | 28604k| 106.7 |   437M | 262 | 951 |5425 |5425 |   0 |  0 |   0 |  37 | 4.300000e+01 | 9.920000e+01 | 130.70%| unknown
 1628s|268100 |206163 | 28605k| 106.7 |   437M | 262 | 951 |5425 |5425 |   0 |  0 |   0 |  37 | 4.300000e+01 | 9.920000e+01 | 130.70%| unknown
 1629s|268200 |206237 | 28607k| 106.7 |   437M | 262 | 951 |5425 |5425 |   0 |  0 |   0 |  37 | 4.300000e+01 | 9.920000e+01 | 130.70%| unknown
 1629s|268300 |206301 | 28608k| 106.6 |   437M | 262 | 951 |5425 |5425 |   0 |  0 |   0 |  37 | 4.300000e+01 | 9.920000e+01 | 130.70%| unknown
 time | node  | left  |LP iter|LP it/n|mem/heur|mdpt |vars |cons |rows |cuts |sepa|confs|strbr|  dualbound   | primalbound  |  gap   | compl. 
 1629s|268400 |206385 | 28608k| 106.6 |   438M | 262 | 951 |5425 |5425 |   0 |  0 |   0 |  37 | 4.300000e+01 | 9.920000e+01 | 130.70%| unknown
 1629s|268500 |206455 | 28609k| 106.6 |   438M | 262 | 951 |5425 |5425 |   0 |  0 |   0 |  37 | 4.300000e+01 | 9.920000e+01 | 130.70%| unknown
 1629s|268600 |206523 | 28611k| 106.5 |   438M | 262 | 951 |5425 |5425 |   0 |  0 |   0 |  37 | 4.300000e+01 | 9.920000e+01 | 130.70%| unknown
 1629s|268700 |206593 | 28612k| 106.5 |   438M | 262 | 951 |5425 |5425 |   0 |  0 |   0 |  37 | 4.300000e+01 | 9.920000e+01 | 130.70%| unknown
 1630s|268800 |206659 | 28613k| 106.4 |   438M | 262 | 951 |5425 |5425 |   0 |  0 |   0 |  37 | 4.300000e+01 | 9.920000e+01 | 130.70%| unknown
 1630s|268900 |206737 | 28614k| 106.4 |   438M | 262 | 951 |5425 |5425 |   0 |  0 |   0 |  37 | 4.300000e+01 | 9.920000e+01 | 130.70%| unknown
 1630s|269000 |206805 | 28616k| 106.4 |   438M | 262 | 951 |5425 |5425 |   0 |  0 |   0 |  37 | 4.300000e+01 | 9.920000e+01 | 130.70%| unknown
 1630s|269100 |206873 | 28623k| 106.4 |   438M | 262 | 951 |5425 |5425 |   0 |  0 |   0 |  37 | 4.300000e+01 | 9.920000e+01 | 130.70%| unknown
 1631s|269200 |206953 | 28630k| 106.4 |   438M | 262 | 951 |5425 |5425 |   0 |  0 |   0 |  37 | 4.300000e+01 | 9.920000e+01 | 130.70%| unknown
 1632s|269300 |207025 | 28650k| 106.4 |   438M | 262 | 951 |5425 |5425 |   0 |  0 |   0 |  37 | 4.300000e+01 | 9.920000e+01 | 130.70%| unknown
 1632s|269400 |207109 | 28661k| 106.4 |   439M | 262 | 951 |5425 |5425 |   0 |  0 |   0 |  37 | 4.300000e+01 | 9.920000e+01 | 130.70%| unknown
 1633s|269500 |207195 | 28672k| 106.4 |   439M | 262 | 951 |5425 |5425 |   0 |  0 |   0 |  37 | 4.300000e+01 | 9.920000e+01 | 130.70%| unknown
 1634s|269600 |207263 | 28685k| 106.4 |   439M | 262 | 951 |5425 |5425 |   0 |  0 |   0 |  37 | 4.300000e+01 | 9.920000e+01 | 130.70%| unknown
 1635s|269700 |207331 | 28700k| 106.4 |   439M | 262 | 951 |5425 |5425 |   0 |  0 |   0 |  37 | 4.300000e+01 | 9.920000e+01 | 130.70%| unknown
 1636s|269800 |207413 | 28728k| 106.5 |   440M | 262 | 951 |5425 |5425 |   0 |  0 |   0 |  37 | 4.300000e+01 | 9.920000e+01 | 130.70%| unknown
 time | node  | left  |LP iter|LP it/n|mem/heur|mdpt |vars |cons |rows |cuts |sepa|confs|strbr|  dualbound   | primalbound  |  gap   | compl. 
 1637s|269900 |207505 | 28736k| 106.5 |   440M | 262 | 951 |5425 |5425 |   0 |  0 |   0 |  37 | 4.300000e+01 | 9.920000e+01 | 130.70%| unknown
 1637s|270000 |207595 | 28747k| 106.5 |   440M | 262 | 951 |5425 |5425 |   0 |  0 |   0 |  37 | 4.300000e+01 | 9.920000e+01 | 130.70%| unknown
 1638s|270100 |207675 | 28770k| 106.5 |   440M | 262 | 951 |5425 |5425 |   0 |  0 |   0 |  37 | 4.300000e+01 | 9.920000e+01 | 130.70%| unknown
 1639s|270200 |207753 | 28783k| 106.5 |   440M | 262 | 951 |5425 |5425 |   0 |  0 |   0 |  37 | 4.300000e+01 | 9.920000e+01 | 130.70%| unknown
 1640s|270300 |207847 | 28801k| 106.5 |   440M | 262 | 951 |5425 |5425 |   0 |  0 |   0 |  37 | 4.300000e+01 | 9.920000e+01 | 130.70%| unknown
 1640s|270400 |207937 | 28803k| 106.5 |   441M | 262 | 951 |5425 |5425 |   0 |  0 |   0 |  37 | 4.300000e+01 | 9.920000e+01 | 130.70%| unknown
 1640s|270500 |208023 | 28804k| 106.5 |   441M | 262 | 951 |5425 |5425 |   0 |  0 |   0 |  37 | 4.300000e+01 | 9.920000e+01 | 130.70%| unknown
 1641s|270600 |208093 | 28805k| 106.4 |   441M | 262 | 951 |5425 |5425 |   0 |  0 |   0 |  37 | 4.300000e+01 | 9.920000e+01 | 130.70%| unknown
 1641s|270700 |208179 | 28806k| 106.4 |   441M | 262 | 951 |5425 |5425 |   0 |  0 |   0 |  37 | 4.300000e+01 | 9.920000e+01 | 130.70%| unknown
 1641s|270800 |208249 | 28810k| 106.4 |   441M | 262 | 951 |5425 |5425 |   0 |  0 |   0 |  37 | 4.300000e+01 | 9.920000e+01 | 130.70%| unknown
 1642s|270900 |208331 | 28823k| 106.4 |   441M | 262 | 951 |5425 |5425 |   0 |  0 |   0 |  37 | 4.300000e+01 | 9.920000e+01 | 130.70%| unknown
 1643s|271000 |208405 | 28845k| 106.4 |   441M | 262 | 951 |5425 |5425 |   0 |  0 |   0 |  37 | 4.300000e+01 | 9.920000e+01 | 130.70%| unknown
 1643s|271100 |208481 | 28858k| 106.4 |   441M | 262 | 951 |5425 |5425 |   0 |  0 |   0 |  37 | 4.300000e+01 | 9.920000e+01 | 130.70%| unknown
 1644s|271200 |208567 | 28876k| 106.5 |   441M | 262 | 951 |5425 |5425 |   0 |  0 |   0 |  37 | 4.300000e+01 | 9.920000e+01 | 130.70%| unknown
 1645s|271300 |208641 | 28883k| 106.5 |   441M | 262 | 951 |5425 |5425 |   0 |  0 |   0 |  37 | 4.300000e+01 | 9.920000e+01 | 130.70%| unknown
 time | node  | left  |LP iter|LP it/n|mem/heur|mdpt |vars |cons |rows |cuts |sepa|confs|strbr|  dualbound   | primalbound  |  gap   | compl. 
 1645s|271400 |208709 | 28891k| 106.4 |   443M | 262 | 951 |5425 |5425 |   0 |  0 |   0 |  37 | 4.300000e+01 | 9.920000e+01 | 130.70%| unknown
 1645s|271500 |208787 | 28892k| 106.4 |   443M | 262 | 951 |5425 |5425 |   0 |  0 |   0 |  37 | 4.300000e+01 | 9.920000e+01 | 130.70%| unknown
 1646s|271600 |208857 | 28897k| 106.4 |   443M | 262 | 951 |5425 |5425 |   0 |  0 |   0 |  37 | 4.300000e+01 | 9.920000e+01 | 130.70%| unknown
 1646s|271700 |208929 | 28898k| 106.4 |   443M | 262 | 951 |5425 |5425 |   0 |  0 |   0 |  37 | 4.300000e+01 | 9.920000e+01 | 130.70%| unknown
 1646s|271800 |209007 | 28899k| 106.3 |   443M | 262 | 951 |5425 |5425 |   0 |  0 |   0 |  37 | 4.300000e+01 | 9.920000e+01 | 130.70%| unknown
 1646s|271900 |209077 | 28900k| 106.3 |   443M | 262 | 951 |5425 |5425 |   0 |  0 |   0 |  37 | 4.300000e+01 | 9.920000e+01 | 130.70%| unknown
 1647s|272000 |209147 | 28901k| 106.3 |   443M | 262 | 951 |5425 |5425 |   0 |  0 |   0 |  37 | 4.300000e+01 | 9.920000e+01 | 130.70%| unknown
 1647s|272100 |209219 | 28902k| 106.2 |   443M | 262 | 951 |5425 |5425 |   0 |  0 |   0 |  37 | 4.300000e+01 | 9.920000e+01 | 130.70%| unknown
 1647s|272200 |209301 | 28903k| 106.2 |   443M | 262 | 951 |5425 |5425 |   0 |  0 |   0 |  37 | 4.300000e+01 | 9.920000e+01 | 130.70%| unknown
 1647s|272300 |209367 | 28907k| 106.2 |   443M | 262 | 951 |5425 |5425 |   0 |  0 |   0 |  37 | 4.300000e+01 | 9.920000e+01 | 130.70%| unknown
 1647s|272400 |209439 | 28908k| 106.1 |   443M | 262 | 951 |5425 |5425 |   0 |  0 |   0 |  37 | 4.300000e+01 | 9.920000e+01 | 130.70%| unknown
 1648s|272500 |209519 | 28909k| 106.1 |   444M | 262 | 951 |5425 |5425 |   0 |  0 |   0 |  37 | 4.300000e+01 | 9.920000e+01 | 130.70%| unknown
 1648s|272600 |209597 | 28910k| 106.1 |   444M | 262 | 951 |5425 |5425 |   0 |  0 |   0 |  37 | 4.300000e+01 | 9.920000e+01 | 130.70%| unknown
 1648s|272700 |209689 | 28911k| 106.0 |   444M | 262 | 951 |5425 |5425 |   0 |  0 |   0 |  37 | 4.300000e+01 | 9.920000e+01 | 130.70%| unknown
 1648s|272800 |209773 | 28912k| 106.0 |   444M | 262 | 951 |5425 |5425 |   0 |  0 |   0 |  37 | 4.300000e+01 | 9.920000e+01 | 130.70%| unknown
 time | node  | left  |LP iter|LP it/n|mem/heur|mdpt |vars |cons |rows |cuts |sepa|confs|strbr|  dualbound   | primalbound  |  gap   | compl. 
 1648s|272900 |209845 | 28913k| 105.9 |   444M | 262 | 951 |5425 |5425 |   0 |  0 |   0 |  37 | 4.300000e+01 | 9.920000e+01 | 130.70%| unknown
 1649s|273000 |209919 | 28929k| 106.0 |   444M | 262 | 951 |5425 |5425 |   0 |  0 |   0 |  37 | 4.300000e+01 | 9.920000e+01 | 130.70%| unknown
 1651s|273100 |209997 | 28957k| 106.0 |   444M | 262 | 951 |5425 |5425 |   0 |  0 |   0 |  37 | 4.300000e+01 | 9.920000e+01 | 130.70%| unknown
 1652s|273200 |210063 | 28989k| 106.1 |   444M | 262 | 951 |5425 |5425 |   0 |  0 |   0 |  37 | 4.300000e+01 | 9.920000e+01 | 130.70%| unknown
 1653s|273300 |210133 | 29003k| 106.1 |   444M | 262 | 951 |5425 |5425 |   0 |  0 |   0 |  37 | 4.300000e+01 | 9.920000e+01 | 130.70%| unknown
 1654s|273400 |210217 | 29015k| 106.1 |   444M | 262 | 951 |5425 |5425 |   0 |  0 |   0 |  37 | 4.300000e+01 | 9.920000e+01 | 130.70%| unknown
 1654s|273500 |210303 | 29024k| 106.1 |   445M | 262 | 951 |5425 |5425 |   0 |  0 |   0 |  37 | 4.300000e+01 | 9.920000e+01 | 130.70%| unknown
 1655s|273600 |210401 | 29038k| 106.1 |   446M | 262 | 951 |5425 |5425 |   0 |  0 |   0 |  37 | 4.300000e+01 | 9.920000e+01 | 130.70%| unknown
 1656s|273700 |210487 | 29052k| 106.1 |   446M | 262 | 951 |5425 |5425 |   0 |  0 |   0 |  37 | 4.300000e+01 | 9.920000e+01 | 130.70%| unknown
 1656s|273800 |210575 | 29062k| 106.1 |   446M | 262 | 951 |5425 |5425 |   0 |  0 |   0 |  37 | 4.300000e+01 | 9.920000e+01 | 130.70%| unknown
 1657s|273900 |210645 | 29081k| 106.2 |   446M | 262 | 951 |5425 |5425 |   0 |  0 |   0 |  37 | 4.300000e+01 | 9.920000e+01 | 130.70%| unknown
 1657s|274000 |210725 | 29082k| 106.1 |   446M | 262 | 951 |5425 |5425 |   0 |  0 |   0 |  37 | 4.300000e+01 | 9.920000e+01 | 130.70%| unknown
 1657s|274100 |210793 | 29083k| 106.1 |   446M | 262 | 951 |5425 |5425 |   0 |  0 |   0 |  37 | 4.300000e+01 | 9.920000e+01 | 130.70%| unknown
 1658s|274200 |210865 | 29084k| 106.1 |   446M | 262 | 951 |5425 |5425 |   0 |  0 |   0 |  37 | 4.300000e+01 | 9.920000e+01 | 130.70%| unknown
 1658s|274300 |210933 | 29088k| 106.0 |   446M | 262 | 951 |5425 |5425 |   0 |  0 |   0 |  37 | 4.300000e+01 | 9.920000e+01 | 130.70%| unknown
 time | node  | left  |LP iter|LP it/n|mem/heur|mdpt |vars |cons |rows |cuts |sepa|confs|strbr|  dualbound   | primalbound  |  gap   | compl. 
 1659s|274400 |211007 | 29104k| 106.1 |   446M | 262 | 951 |5425 |5425 |   0 |  0 |   0 |  37 | 4.300000e+01 | 9.920000e+01 | 130.70%| unknown
 1660s|274500 |211081 | 29124k| 106.1 |   446M | 262 | 951 |5425 |5425 |   0 |  0 |   0 |  37 | 4.300000e+01 | 9.920000e+01 | 130.70%| unknown
 1661s|274600 |211171 | 29142k| 106.1 |   447M | 262 | 951 |5425 |5425 |   0 |  0 |   0 |  37 | 4.300000e+01 | 9.920000e+01 | 130.70%| unknown
 1661s|274700 |211247 | 29155k| 106.1 |   447M | 262 | 951 |5425 |5425 |   0 |  0 |   0 |  37 | 4.300000e+01 | 9.920000e+01 | 130.70%| unknown
 1662s|274800 |211329 | 29161k| 106.1 |   448M | 262 | 951 |5425 |5425 |   0 |  0 |   0 |  37 | 4.300000e+01 | 9.920000e+01 | 130.70%| unknown
 1662s|274900 |211411 | 29162k| 106.1 |   448M | 262 | 951 |5425 |5425 |   0 |  0 |   0 |  37 | 4.300000e+01 | 9.920000e+01 | 130.70%| unknown
 1662s|275000 |211491 | 29164k| 106.0 |   448M | 262 | 951 |5425 |5425 |   0 |  0 |   0 |  37 | 4.300000e+01 | 9.920000e+01 | 130.70%| unknown
 1662s|275100 |211569 | 29165k| 106.0 |   448M | 262 | 951 |5425 |5425 |   0 |  0 |   0 |  37 | 4.300000e+01 | 9.920000e+01 | 130.70%| unknown
 1663s|275200 |211631 | 29166k| 106.0 |   448M | 262 | 951 |5425 |5425 |   0 |  0 |   0 |  37 | 4.300000e+01 | 9.920000e+01 | 130.70%| unknown
 1663s|275300 |211689 | 29167k| 105.9 |   448M | 262 | 951 |5425 |5425 |   0 |  0 |   0 |  37 | 4.300000e+01 | 9.920000e+01 | 130.70%| unknown
 1663s|275400 |211779 | 29169k| 105.9 |   448M | 262 | 951 |5425 |5425 |   0 |  0 |   0 |  37 | 4.300000e+01 | 9.920000e+01 | 130.70%| unknown
 1663s|275500 |211851 | 29170k| 105.9 |   448M | 262 | 951 |5425 |5425 |   0 |  0 |   0 |  37 | 4.300000e+01 | 9.920000e+01 | 130.70%| unknown
 1663s|275600 |211923 | 29171k| 105.8 |   450M | 262 | 951 |5425 |5425 |   0 |  0 |   0 |  37 | 4.300000e+01 | 9.920000e+01 | 130.70%| unknown
 1663s|275700 |211989 | 29173k| 105.8 |   450M | 262 | 951 |5425 |5425 |   0 |  0 |   0 |  37 | 4.300000e+01 | 9.920000e+01 | 130.70%| unknown
 1664s|275800 |212071 | 29174k| 105.8 |   450M | 262 | 951 |5425 |5425 |   0 |  0 |   0 |  37 | 4.300000e+01 | 9.920000e+01 | 130.70%| unknown
 time | node  | left  |LP iter|LP it/n|mem/heur|mdpt |vars |cons |rows |cuts |sepa|confs|strbr|  dualbound   | primalbound  |  gap   | compl. 
 1664s|275900 |212129 | 29175k| 105.7 |   450M | 262 | 951 |5425 |5425 |   0 |  0 |   0 |  37 | 4.300000e+01 | 9.920000e+01 | 130.70%| unknown
 1664s|276000 |212205 | 29176k| 105.7 |   450M | 262 | 951 |5425 |5425 |   0 |  0 |   0 |  37 | 4.300000e+01 | 9.920000e+01 | 130.70%| unknown
 1664s|276100 |212285 | 29177k| 105.7 |   450M | 262 | 951 |5425 |5425 |   0 |  0 |   0 |  37 | 4.300000e+01 | 9.920000e+01 | 130.70%| unknown
 1664s|276200 |212351 | 29178k| 105.6 |   450M | 262 | 951 |5425 |5425 |   0 |  0 |   0 |  37 | 4.300000e+01 | 9.920000e+01 | 130.70%| unknown
 1665s|276300 |212419 | 29180k| 105.6 |   450M | 262 | 951 |5425 |5425 |   0 |  0 |   0 |  37 | 4.300000e+01 | 9.920000e+01 | 130.70%| unknown
 1665s|276400 |212481 | 29181k| 105.6 |   450M | 262 | 951 |5425 |5425 |   0 |  0 |   0 |  37 | 4.300000e+01 | 9.920000e+01 | 130.70%| unknown
 1665s|276500 |212565 | 29182k| 105.5 |   450M | 262 | 951 |5425 |5425 |   0 |  0 |   0 |  37 | 4.300000e+01 | 9.920000e+01 | 130.70%| unknown
 1665s|276600 |212653 | 29183k| 105.5 |   450M | 262 | 951 |5425 |5425 |   0 |  0 |   0 |  37 | 4.300000e+01 | 9.920000e+01 | 130.70%| unknown
 1665s|276700 |212733 | 29184k| 105.5 |   451M | 262 | 951 |5425 |5425 |   0 |  0 |   0 |  37 | 4.300000e+01 | 9.920000e+01 | 130.70%| unknown
 1666s|276800 |212811 | 29186k| 105.4 |   451M | 262 | 951 |5425 |5425 |   0 |  0 |   0 |  37 | 4.300000e+01 | 9.920000e+01 | 130.70%| unknown
 1666s|276900 |212891 | 29187k| 105.4 |   451M | 262 | 951 |5425 |5425 |   0 |  0 |   0 |  37 | 4.300000e+01 | 9.920000e+01 | 130.70%| unknown
 1667s|277000 |212963 | 29213k| 105.5 |   451M | 262 | 951 |5425 |5425 |   0 |  0 |   0 |  37 | 4.300000e+01 | 9.920000e+01 | 130.70%| unknown
 1668s|277100 |213033 | 29238k| 105.5 |   451M | 262 | 951 |5425 |5425 |   0 |  0 |   0 |  37 | 4.300000e+01 | 9.920000e+01 | 130.70%| unknown
 1669s|277200 |213091 | 29259k| 105.6 |   451M | 262 | 951 |5425 |5425 |   0 |  0 |   0 |  37 | 4.300000e+01 | 9.920000e+01 | 130.70%| unknown
 1671s|277300 |213167 | 29291k| 105.6 |   451M | 262 | 951 |5425 |5425 |   0 |  0 |   0 |  37 | 4.300000e+01 | 9.920000e+01 | 130.70%| unknown
 time | node  | left  |LP iter|LP it/n|mem/heur|mdpt |vars |cons |rows |cuts |sepa|confs|strbr|  dualbound   | primalbound  |  gap   | compl. 
 1671s|277400 |213247 | 29304k| 105.6 |   451M | 262 | 951 |5425 |5425 |   0 |  0 |   0 |  37 | 4.300000e+01 | 9.920000e+01 | 130.70%| unknown
 1672s|277500 |213335 | 29305k| 105.6 |   451M | 262 | 951 |5425 |5425 |   0 |  0 |   0 |  37 | 4.300000e+01 | 9.920000e+01 | 130.70%| unknown
 1672s|277600 |213401 | 29306k| 105.6 |   451M | 262 | 951 |5425 |5425 |   0 |  0 |   0 |  37 | 4.300000e+01 | 9.920000e+01 | 130.70%| unknown
 1672s|277700 |213459 | 29308k| 105.5 |   451M | 262 | 951 |5425 |5425 |   0 |  0 |   0 |  37 | 4.300000e+01 | 9.920000e+01 | 130.70%| unknown
 1672s|277800 |213537 | 29309k| 105.5 |   452M | 262 | 951 |5425 |5425 |   0 |  0 |   0 |  37 | 4.300000e+01 | 9.920000e+01 | 130.70%| unknown
 1672s|277900 |213611 | 29310k| 105.5 |   452M | 262 | 951 |5425 |5425 |   0 |  0 |   0 |  37 | 4.300000e+01 | 9.920000e+01 | 130.70%| unknown
 1673s|278000 |213681 | 29312k| 105.4 |   452M | 262 | 951 |5425 |5425 |   0 |  0 |   0 |  37 | 4.300000e+01 | 9.920000e+01 | 130.70%| unknown
 1674s|278100 |213755 | 29336k| 105.5 |   452M | 262 | 951 |5425 |5425 |   0 |  0 |   0 |  37 | 4.300000e+01 | 9.920000e+01 | 130.70%| unknown
 1674s|278200 |213819 | 29348k| 105.5 |   452M | 262 | 951 |5425 |5425 |   0 |  0 |   0 |  37 | 4.300000e+01 | 9.920000e+01 | 130.70%| unknown
 1675s|278300 |213905 | 29361k| 105.5 |   452M | 262 | 951 |5425 |5425 |   0 |  0 |   0 |  37 | 4.300000e+01 | 9.920000e+01 | 130.70%| unknown
 1676s|278400 |213979 | 29374k| 105.5 |   452M | 262 | 951 |5425 |5425 |   0 |  0 |   0 |  37 | 4.300000e+01 | 9.920000e+01 | 130.70%| unknown
 1677s|278500 |214065 | 29387k| 105.5 |   452M | 262 | 951 |5425 |5425 |   0 |  0 |   0 |  37 | 4.300000e+01 | 9.920000e+01 | 130.70%| unknown
 1677s|278600 |214155 | 29398k| 105.5 |   452M | 262 | 951 |5425 |5425 |   0 |  0 |   0 |  37 | 4.300000e+01 | 9.920000e+01 | 130.70%| unknown
 1678s|278700 |214237 | 29416k| 105.5 |   453M | 262 | 951 |5425 |5425 |   0 |  0 |   0 |  37 | 4.300000e+01 | 9.920000e+01 | 130.70%| unknown
 1679s|278800 |214313 | 29444k| 105.6 |   454M | 262 | 951 |5425 |5425 |   0 |  0 |   0 |  37 | 4.300000e+01 | 9.920000e+01 | 130.70%| unknown
 time | node  | left  |LP iter|LP it/n|mem/heur|mdpt |vars |cons |rows |cuts |sepa|confs|strbr|  dualbound   | primalbound  |  gap   | compl. 
 1680s|278900 |214393 | 29455k| 105.6 |   454M | 262 | 951 |5425 |5425 |   0 |  0 |   0 |  37 | 4.300000e+01 | 9.920000e+01 | 130.70%| unknown
 1681s|279000 |214457 | 29466k| 105.6 |   454M | 262 | 951 |5425 |5425 |   0 |  0 |   0 |  37 | 4.300000e+01 | 9.920000e+01 | 130.70%| unknown
 1682s|279100 |214525 | 29490k| 105.7 |   454M | 262 | 951 |5425 |5425 |   0 |  0 |   0 |  37 | 4.300000e+01 | 9.920000e+01 | 130.70%| unknown
 1683s|279200 |214607 | 29507k| 105.7 |   454M | 262 | 951 |5425 |5425 |   0 |  0 |   0 |  37 | 4.300000e+01 | 9.920000e+01 | 130.70%| unknown
 1684s|279300 |214673 | 29537k| 105.8 |   454M | 262 | 951 |5425 |5425 |   0 |  0 |   0 |  37 | 4.300000e+01 | 9.920000e+01 | 130.70%| unknown
 1685s|279400 |214741 | 29554k| 105.8 |   454M | 262 | 951 |5425 |5425 |   0 |  0 |   0 |  37 | 4.300000e+01 | 9.920000e+01 | 130.70%| unknown
 1686s|279500 |214823 | 29570k| 105.8 |   454M | 262 | 951 |5425 |5425 |   0 |  0 |   0 |  37 | 4.300000e+01 | 9.920000e+01 | 130.70%| unknown
 1686s|279600 |214901 | 29576k| 105.8 |   454M | 262 | 951 |5425 |5425 |   0 |  0 |   0 |  37 | 4.300000e+01 | 9.920000e+01 | 130.70%| unknown
 1687s|279700 |214973 | 29596k| 105.8 |   454M | 262 | 951 |5425 |5425 |   0 |  0 |   0 |  37 | 4.300000e+01 | 9.920000e+01 | 130.70%| unknown
 1688s|279800 |215047 | 29598k| 105.8 |   454M | 262 | 951 |5425 |5425 |   0 |  0 |   0 |  37 | 4.300000e+01 | 9.920000e+01 | 130.70%| unknown
 1688s|279900 |215107 | 29599k| 105.7 |   455M | 262 | 951 |5425 |5425 |   0 |  0 |   0 |  37 | 4.300000e+01 | 9.920000e+01 | 130.70%| unknown
 1688s|280000 |215167 | 29600k| 105.7 |   455M | 262 | 951 |5425 |5425 |   0 |  0 |   0 |  37 | 4.300000e+01 | 9.920000e+01 | 130.70%| unknown
 1689s|280100 |215223 | 29612k| 105.7 |   455M | 262 | 951 |5425 |5425 |   0 |  0 |   0 |  37 | 4.300000e+01 | 9.920000e+01 | 130.70%| unknown
 1689s|280200 |215283 | 29627k| 105.7 |   455M | 262 | 951 |5425 |5425 |   0 |  0 |   0 |  37 | 4.300000e+01 | 9.920000e+01 | 130.70%| unknown
 1690s|280300 |215337 | 29628k| 105.7 |   455M | 262 | 951 |5425 |5425 |   0 |  0 |   0 |  37 | 4.300000e+01 | 9.920000e+01 | 130.70%| unknown
 time | node  | left  |LP iter|LP it/n|mem/heur|mdpt |vars |cons |rows |cuts |sepa|confs|strbr|  dualbound   | primalbound  |  gap   | compl. 
 1690s|280400 |215411 | 29630k| 105.7 |   455M | 262 | 951 |5425 |5425 |   0 |  0 |   0 |  37 | 4.300000e+01 | 9.920000e+01 | 130.70%| unknown
 1690s|280500 |215489 | 29634k| 105.6 |   455M | 262 | 951 |5425 |5425 |   0 |  0 |   0 |  37 | 4.300000e+01 | 9.920000e+01 | 130.70%| unknown
 1691s|280600 |215567 | 29654k| 105.7 |   455M | 262 | 951 |5425 |5425 |   0 |  0 |   0 |  37 | 4.300000e+01 | 9.920000e+01 | 130.70%| unknown
 1692s|280700 |215641 | 29671k| 105.7 |   455M | 262 | 951 |5425 |5425 |   0 |  0 |   0 |  37 | 4.300000e+01 | 9.920000e+01 | 130.70%| unknown
 1692s|280800 |215717 | 29676k| 105.7 |   455M | 262 | 951 |5425 |5425 |   0 |  0 |   0 |  37 | 4.300000e+01 | 9.920000e+01 | 130.70%| unknown
 1692s|280900 |215795 | 29677k| 105.6 |   455M | 262 | 951 |5425 |5425 |   0 |  0 |   0 |  37 | 4.300000e+01 | 9.920000e+01 | 130.70%| unknown
 1693s|281000 |215871 | 29678k| 105.6 |   456M | 262 | 951 |5425 |5425 |   0 |  0 |   0 |  37 | 4.300000e+01 | 9.920000e+01 | 130.70%| unknown
 1693s|281100 |215943 | 29680k| 105.6 |   456M | 262 | 951 |5425 |5425 |   0 |  0 |   0 |  37 | 4.300000e+01 | 9.920000e+01 | 130.70%| unknown
 1693s|281200 |216017 | 29681k| 105.6 |   456M | 262 | 951 |5425 |5425 |   0 |  0 |   0 |  37 | 4.300000e+01 | 9.920000e+01 | 130.70%| unknown
 1693s|281300 |216097 | 29682k| 105.5 |   456M | 262 | 951 |5425 |5425 |   0 |  0 |   0 |  37 | 4.300000e+01 | 9.920000e+01 | 130.70%| unknown
 1693s|281400 |216181 | 29684k| 105.5 |   456M | 262 | 951 |5425 |5425 |   0 |  0 |   0 |  37 | 4.300000e+01 | 9.920000e+01 | 130.70%| unknown
 1694s|281500 |216237 | 29686k| 105.5 |   456M | 262 | 951 |5425 |5425 |   0 |  0 |   0 |  37 | 4.300000e+01 | 9.920000e+01 | 130.70%| unknown
 1694s|281600 |216297 | 29687k| 105.4 |   456M | 262 | 951 |5425 |5425 |   0 |  0 |   0 |  37 | 4.300000e+01 | 9.920000e+01 | 130.70%| unknown
 1694s|281700 |216375 | 29689k| 105.4 |   457M | 262 | 951 |5425 |5425 |   0 |  0 |   0 |  37 | 4.300000e+01 | 9.920000e+01 | 130.70%| unknown
 1694s|281800 |216459 | 29690k| 105.4 |   458M | 262 | 951 |5425 |5425 |   0 |  0 |   0 |  37 | 4.300000e+01 | 9.920000e+01 | 130.70%| unknown
 time | node  | left  |LP iter|LP it/n|mem/heur|mdpt |vars |cons |rows |cuts |sepa|confs|strbr|  dualbound   | primalbound  |  gap   | compl. 
 1694s|281900 |216525 | 29692k| 105.3 |   458M | 262 | 951 |5425 |5425 |   0 |  0 |   0 |  37 | 4.300000e+01 | 9.920000e+01 | 130.70%| unknown
 1695s|282000 |216597 | 29694k| 105.3 |   458M | 262 | 951 |5425 |5425 |   0 |  0 |   0 |  37 | 4.300000e+01 | 9.920000e+01 | 130.70%| unknown
 1695s|282100 |216673 | 29695k| 105.3 |   459M | 262 | 951 |5425 |5425 |   0 |  0 |   0 |  37 | 4.300000e+01 | 9.920000e+01 | 130.70%| unknown
 1695s|282200 |216739 | 29697k| 105.2 |   459M | 262 | 951 |5425 |5425 |   0 |  0 |   0 |  37 | 4.300000e+01 | 9.920000e+01 | 130.70%| unknown
 1695s|282300 |216787 | 29698k| 105.2 |   459M | 262 | 951 |5425 |5425 |   0 |  0 |   0 |  37 | 4.300000e+01 | 9.920000e+01 | 130.70%| unknown
 1695s|282400 |216871 | 29699k| 105.2 |   459M | 262 | 951 |5425 |5425 |   0 |  0 |   0 |  37 | 4.300000e+01 | 9.920000e+01 | 130.70%| unknown
 1696s|282500 |216947 | 29701k| 105.1 |   459M | 262 | 951 |5425 |5425 |   0 |  0 |   0 |  37 | 4.300000e+01 | 9.920000e+01 | 130.70%| unknown
 1696s|282600 |217009 | 29703k| 105.1 |   459M | 262 | 951 |5425 |5425 |   0 |  0 |   0 |  37 | 4.300000e+01 | 9.920000e+01 | 130.70%| unknown
 1696s|282700 |217079 | 29704k| 105.1 |   459M | 262 | 951 |5425 |5425 |   0 |  0 |   0 |  37 | 4.300000e+01 | 9.920000e+01 | 130.70%| unknown
 1696s|282800 |217151 | 29705k| 105.0 |   459M | 262 | 951 |5425 |5425 |   0 |  0 |   0 |  37 | 4.300000e+01 | 9.920000e+01 | 130.70%| unknown
 1696s|282900 |217215 | 29709k| 105.0 |   459M | 262 | 951 |5425 |5425 |   0 |  0 |   0 |  37 | 4.300000e+01 | 9.920000e+01 | 130.70%| unknown
 1697s|283000 |217291 | 29717k| 105.0 |   459M | 262 | 951 |5425 |5425 |   0 |  0 |   0 |  37 | 4.300000e+01 | 9.920000e+01 | 130.70%| unknown
 1697s|283100 |217369 | 29719k| 105.0 |   459M | 262 | 951 |5425 |5425 |   0 |  0 |   0 |  37 | 4.300000e+01 | 9.920000e+01 | 130.70%| unknown
 1697s|283200 |217441 | 29720k| 104.9 |   459M | 262 | 951 |5425 |5425 |   0 |  0 |   0 |  37 | 4.300000e+01 | 9.920000e+01 | 130.70%| unknown
 1697s|283300 |217505 | 29721k| 104.9 |   460M | 262 | 951 |5425 |5425 |   0 |  0 |   0 |  37 | 4.300000e+01 | 9.920000e+01 | 130.70%| unknown
 time | node  | left  |LP iter|LP it/n|mem/heur|mdpt |vars |cons |rows |cuts |sepa|confs|strbr|  dualbound   | primalbound  |  gap   | compl. 
 1698s|283400 |217579 | 29723k| 104.9 |   460M | 262 | 951 |5425 |5425 |   0 |  0 |   0 |  37 | 4.300000e+01 | 9.920000e+01 | 130.70%| unknown
 1698s|283500 |217655 | 29724k| 104.8 |   460M | 262 | 951 |5425 |5425 |   0 |  0 |   0 |  37 | 4.300000e+01 | 9.920000e+01 | 130.70%| unknown
 1698s|283600 |217737 | 29725k| 104.8 |   460M | 262 | 951 |5425 |5425 |   0 |  0 |   0 |  37 | 4.300000e+01 | 9.920000e+01 | 130.70%| unknown
 1698s|283700 |217817 | 29726k| 104.8 |   460M | 262 | 951 |5425 |5425 |   0 |  0 |   0 |  37 | 4.300000e+01 | 9.920000e+01 | 130.70%| unknown
 1698s|283800 |217901 | 29727k| 104.7 |   460M | 262 | 951 |5425 |5425 |   0 |  0 |   0 |  37 | 4.300000e+01 | 9.920000e+01 | 130.70%| unknown
 1699s|283900 |217973 | 29728k| 104.7 |   461M | 262 | 951 |5425 |5425 |   0 |  0 |   0 |  37 | 4.300000e+01 | 9.920000e+01 | 130.70%| unknown
 1699s|284000 |218033 | 29729k| 104.7 |   461M | 262 | 951 |5425 |5425 |   0 |  0 |   0 |  37 | 4.300000e+01 | 9.920000e+01 | 130.70%| unknown
 1699s|284100 |218095 | 29730k| 104.6 |   461M | 262 | 951 |5425 |5425 |   0 |  0 |   0 |  37 | 4.300000e+01 | 9.920000e+01 | 130.70%| unknown
 1699s|284200 |218153 | 29732k| 104.6 |   461M | 262 | 951 |5425 |5425 |   0 |  0 |   0 |  37 | 4.300000e+01 | 9.920000e+01 | 130.70%| unknown
 1699s|284300 |218235 | 29733k| 104.6 |   461M | 262 | 951 |5425 |5425 |   0 |  0 |   0 |  37 | 4.300000e+01 | 9.920000e+01 | 130.70%| unknown
 1699s|284400 |218297 | 29734k| 104.5 |   462M | 262 | 951 |5425 |5425 |   0 |  0 |   0 |  37 | 4.300000e+01 | 9.920000e+01 | 130.70%| unknown
 1700s|284500 |218361 | 29736k| 104.5 |   462M | 262 | 951 |5425 |5425 |   0 |  0 |   0 |  37 | 4.300000e+01 | 9.920000e+01 | 130.70%| unknown
 1700s|284600 |218433 | 29737k| 104.5 |   463M | 262 | 951 |5425 |5425 |   0 |  0 |   0 |  37 | 4.300000e+01 | 9.920000e+01 | 130.70%| unknown
 1700s|284700 |218513 | 29748k| 104.5 |   463M | 262 | 951 |5425 |5425 |   0 |  0 |   0 |  37 | 4.300000e+01 | 9.920000e+01 | 130.70%| unknown
 1701s|284800 |218589 | 29765k| 104.5 |   463M | 262 | 951 |5425 |5425 |   0 |  0 |   0 |  37 | 4.300000e+01 | 9.920000e+01 | 130.70%| unknown
 time | node  | left  |LP iter|LP it/n|mem/heur|mdpt |vars |cons |rows |cuts |sepa|confs|strbr|  dualbound   | primalbound  |  gap   | compl. 
 1702s|284900 |218653 | 29779k| 104.5 |   463M | 262 | 951 |5425 |5425 |   0 |  0 |   0 |  37 | 4.300000e+01 | 9.920000e+01 | 130.70%| unknown
 1703s|285000 |218743 | 29792k| 104.5 |   463M | 262 | 951 |5425 |5425 |   0 |  0 |   0 |  37 | 4.300000e+01 | 9.920000e+01 | 130.70%| unknown
 1704s|285100 |218813 | 29807k| 104.5 |   463M | 262 | 951 |5425 |5425 |   0 |  0 |   0 |  37 | 4.300000e+01 | 9.920000e+01 | 130.70%| unknown
 1705s|285200 |218879 | 29826k| 104.6 |   463M | 262 | 951 |5425 |5425 |   0 |  0 |   0 |  37 | 4.300000e+01 | 9.920000e+01 | 130.70%| unknown
 1706s|285300 |218939 | 29852k| 104.6 |   463M | 262 | 951 |5425 |5425 |   0 |  0 |   0 |  37 | 4.300000e+01 | 9.920000e+01 | 130.70%| unknown
 1708s|285400 |219009 | 29890k| 104.7 |   463M | 262 | 951 |5425 |5425 |   0 |  0 |   0 |  37 | 4.300000e+01 | 9.920000e+01 | 130.70%| unknown
 1709s|285500 |219065 | 29915k| 104.8 |   464M | 262 | 951 |5425 |5425 |   0 |  0 |   0 |  37 | 4.300000e+01 | 9.920000e+01 | 130.70%| unknown
 1710s|285600 |219137 | 29930k| 104.8 |   464M | 262 | 951 |5425 |5425 |   0 |  0 |   0 |  37 | 4.300000e+01 | 9.920000e+01 | 130.70%| unknown
 1712s|285700 |219211 | 29965k| 104.9 |   464M | 262 | 951 |5425 |5425 |   0 |  0 |   0 |  37 | 4.300000e+01 | 9.920000e+01 | 130.70%| unknown
 1713s|285800 |219281 | 29997k| 105.0 |   464M | 262 | 951 |5425 |5425 |   0 |  0 |   0 |  37 | 4.300000e+01 | 9.920000e+01 | 130.70%| unknown
 1714s|285900 |219343 | 30021k| 105.0 |   464M | 262 | 951 |5425 |5425 |   0 |  0 |   0 |  37 | 4.300000e+01 | 9.920000e+01 | 130.70%| unknown
 1715s|286000 |219419 | 30038k| 105.0 |   464M | 262 | 951 |5425 |5425 |   0 |  0 |   0 |  37 | 4.300000e+01 | 9.920000e+01 | 130.70%| unknown
 1716s|286100 |219489 | 30067k| 105.1 |   464M | 262 | 951 |5425 |5425 |   0 |  0 |   0 |  37 | 4.300000e+01 | 9.920000e+01 | 130.70%| unknown
 1717s|286200 |219565 | 30075k| 105.1 |   464M | 262 | 951 |5425 |5425 |   0 |  0 |   0 |  37 | 4.300000e+01 | 9.920000e+01 | 130.70%| unknown
 1717s|286300 |219623 | 30076k| 105.1 |   464M | 262 | 951 |5425 |5425 |   0 |  0 |   0 |  37 | 4.300000e+01 | 9.920000e+01 | 130.70%| unknown
 time | node  | left  |LP iter|LP it/n|mem/heur|mdpt |vars |cons |rows |cuts |sepa|confs|strbr|  dualbound   | primalbound  |  gap   | compl. 
 1717s|286400 |219685 | 30078k| 105.0 |   464M | 262 | 951 |5425 |5425 |   0 |  0 |   0 |  37 | 4.300000e+01 | 9.920000e+01 | 130.70%| unknown
 1717s|286500 |219747 | 30079k| 105.0 |   464M | 262 | 951 |5425 |5425 |   0 |  0 |   0 |  37 | 4.300000e+01 | 9.920000e+01 | 130.70%| unknown
 1718s|286600 |219809 | 30080k| 105.0 |   464M | 262 | 951 |5425 |5425 |   0 |  0 |   0 |  37 | 4.300000e+01 | 9.920000e+01 | 130.70%| unknown
 1718s|286700 |219885 | 30081k| 104.9 |   465M | 262 | 951 |5425 |5425 |   0 |  0 |   0 |  37 | 4.300000e+01 | 9.920000e+01 | 130.70%| unknown
 1719s|286800 |219955 | 30096k| 104.9 |   465M | 262 | 951 |5425 |5425 |   0 |  0 |   0 |  37 | 4.300000e+01 | 9.920000e+01 | 130.70%| unknown
 1720s|286900 |220015 | 30118k| 105.0 |   465M | 262 | 951 |5425 |5425 |   0 |  0 |   0 |  37 | 4.300000e+01 | 9.920000e+01 | 130.70%| unknown
 1721s|287000 |220069 | 30137k| 105.0 |   465M | 262 | 951 |5425 |5425 |   0 |  0 |   0 |  37 | 4.300000e+01 | 9.920000e+01 | 130.70%| unknown
 1721s|287100 |220145 | 30151k| 105.0 |   465M | 262 | 951 |5425 |5425 |   0 |  0 |   0 |  37 | 4.300000e+01 | 9.920000e+01 | 130.70%| unknown
 1723s|287200 |220221 | 30180k| 105.1 |   465M | 262 | 951 |5425 |5425 |   0 |  0 |   0 |  37 | 4.300000e+01 | 9.920000e+01 | 130.70%| unknown
 1724s|287300 |220289 | 30205k| 105.1 |   465M | 262 | 951 |5425 |5425 |   0 |  0 |   0 |  37 | 4.300000e+01 | 9.920000e+01 | 130.70%| unknown
 1725s|287400 |220359 | 30220k| 105.1 |   465M | 262 | 951 |5425 |5425 |   0 |  0 |   0 |  37 | 4.300000e+01 | 9.920000e+01 | 130.70%| unknown
 1726s|287500 |220419 | 30247k| 105.2 |   465M | 262 | 951 |5425 |5425 |   0 |  0 |   0 |  37 | 4.300000e+01 | 9.920000e+01 | 130.70%| unknown
 1727s|287600 |220497 | 30261k| 105.2 |   465M | 262 | 951 |5425 |5425 |   0 |  0 |   0 |  37 | 4.300000e+01 | 9.920000e+01 | 130.70%| unknown
 1729s|287700 |220569 | 30288k| 105.3 |   465M | 262 | 951 |5425 |5425 |   0 |  0 |   0 |  37 | 4.300000e+01 | 9.920000e+01 | 130.70%| unknown
 1729s|287800 |220641 | 30296k| 105.3 |   466M | 262 | 951 |5425 |5425 |   0 |  0 |   0 |  37 | 4.300000e+01 | 9.920000e+01 | 130.70%| unknown
 time | node  | left  |LP iter|LP it/n|mem/heur|mdpt |vars |cons |rows |cuts |sepa|confs|strbr|  dualbound   | primalbound  |  gap   | compl. 
 1729s|287900 |220729 | 30297k| 105.2 |   466M | 262 | 951 |5425 |5425 |   0 |  0 |   0 |  37 | 4.300000e+01 | 9.920000e+01 | 130.70%| unknown
 1729s|288000 |220817 | 30298k| 105.2 |   466M | 262 | 951 |5425 |5425 |   0 |  0 |   0 |  37 | 4.300000e+01 | 9.920000e+01 | 130.70%| unknown
 1730s|288100 |220901 | 30299k| 105.2 |   466M | 262 | 951 |5425 |5425 |   0 |  0 |   0 |  37 | 4.300000e+01 | 9.920000e+01 | 130.70%| unknown
 1730s|288200 |220961 | 30300k| 105.1 |   467M | 262 | 951 |5425 |5425 |   0 |  0 |   0 |  37 | 4.300000e+01 | 9.920000e+01 | 130.70%| unknown
 1730s|288300 |221035 | 30302k| 105.1 |   467M | 262 | 951 |5425 |5425 |   0 |  0 |   0 |  37 | 4.300000e+01 | 9.920000e+01 | 130.70%| unknown
 1730s|288400 |221111 | 30303k| 105.1 |   467M | 262 | 951 |5425 |5425 |   0 |  0 |   0 |  37 | 4.300000e+01 | 9.920000e+01 | 130.70%| unknown
 1730s|288500 |221171 | 30304k| 105.0 |   467M | 262 | 951 |5425 |5425 |   0 |  0 |   0 |  37 | 4.300000e+01 | 9.920000e+01 | 130.70%| unknown
 1730s|288600 |221229 | 30305k| 105.0 |   467M | 262 | 951 |5425 |5425 |   0 |  0 |   0 |  37 | 4.300000e+01 | 9.920000e+01 | 130.70%| unknown
 1731s|288700 |221313 | 30314k| 105.0 |   467M | 262 | 951 |5425 |5425 |   0 |  0 |   0 |  37 | 4.300000e+01 | 9.920000e+01 | 130.70%| unknown
 1732s|288800 |221383 | 30341k| 105.1 |   467M | 262 | 951 |5425 |5425 |   0 |  0 |   0 |  37 | 4.300000e+01 | 9.920000e+01 | 130.70%| unknown
 1733s|288900 |221469 | 30355k| 105.1 |   468M | 262 | 951 |5425 |5425 |   0 |  0 |   0 |  37 | 4.300000e+01 | 9.920000e+01 | 130.70%| unknown
 1734s|289000 |221541 | 30371k| 105.1 |   468M | 262 | 951 |5425 |5425 |   0 |  0 |   0 |  37 | 4.300000e+01 | 9.920000e+01 | 130.70%| unknown
 1734s|289100 |221623 | 30372k| 105.1 |   468M | 262 | 951 |5425 |5425 |   0 |  0 |   0 |  37 | 4.300000e+01 | 9.920000e+01 | 130.70%| unknown
 1734s|289200 |221701 | 30373k| 105.0 |   469M | 262 | 951 |5425 |5425 |   0 |  0 |   0 |  37 | 4.300000e+01 | 9.920000e+01 | 130.70%| unknown
 1734s|289300 |221767 | 30374k| 105.0 |   469M | 262 | 951 |5425 |5425 |   0 |  0 |   0 |  37 | 4.300000e+01 | 9.920000e+01 | 130.70%| unknown
 time | node  | left  |LP iter|LP it/n|mem/heur|mdpt |vars |cons |rows |cuts |sepa|confs|strbr|  dualbound   | primalbound  |  gap   | compl. 
 1735s|289400 |221853 | 30375k| 105.0 |   469M | 262 | 951 |5425 |5425 |   0 |  0 |   0 |  37 | 4.300000e+01 | 9.920000e+01 | 130.70%| unknown
 1735s|289500 |221919 | 30376k| 104.9 |   469M | 262 | 951 |5425 |5425 |   0 |  0 |   0 |  37 | 4.300000e+01 | 9.920000e+01 | 130.70%| unknown
 1735s|289600 |221979 | 30378k| 104.9 |   469M | 262 | 951 |5425 |5425 |   0 |  0 |   0 |  37 | 4.300000e+01 | 9.920000e+01 | 130.70%| unknown
 1735s|289700 |222053 | 30379k| 104.9 |   469M | 262 | 951 |5425 |5425 |   0 |  0 |   0 |  37 | 4.300000e+01 | 9.920000e+01 | 130.70%| unknown
 1735s|289800 |222109 | 30380k| 104.8 |   469M | 262 | 951 |5425 |5425 |   0 |  0 |   0 |  37 | 4.300000e+01 | 9.920000e+01 | 130.70%| unknown
 1736s|289900 |222179 | 30381k| 104.8 |   469M | 262 | 951 |5425 |5425 |   0 |  0 |   0 |  37 | 4.300000e+01 | 9.920000e+01 | 130.70%| unknown
 1736s|290000 |222247 | 30383k| 104.8 |   470M | 262 | 951 |5425 |5425 |   0 |  0 |   0 |  37 | 4.300000e+01 | 9.920000e+01 | 130.70%| unknown
 1736s|290100 |222323 | 30384k| 104.7 |   470M | 262 | 951 |5425 |5425 |   0 |  0 |   0 |  37 | 4.300000e+01 | 9.920000e+01 | 130.70%| unknown
 1736s|290200 |222381 | 30385k| 104.7 |   470M | 262 | 951 |5425 |5425 |   0 |  0 |   0 |  37 | 4.300000e+01 | 9.920000e+01 | 130.70%| unknown
 1736s|290300 |222461 | 30386k| 104.7 |   470M | 262 | 951 |5425 |5425 |   0 |  0 |   0 |  37 | 4.300000e+01 | 9.920000e+01 | 130.70%| unknown
 1736s|290400 |222547 | 30387k| 104.6 |   470M | 262 | 951 |5425 |5425 |   0 |  0 |   0 |  37 | 4.300000e+01 | 9.920000e+01 | 130.70%| unknown
 1737s|290500 |222611 | 30388k| 104.6 |   470M | 262 | 951 |5425 |5425 |   0 |  0 |   0 |  37 | 4.300000e+01 | 9.920000e+01 | 130.70%| unknown
 1737s|290600 |222685 | 30390k| 104.6 |   470M | 262 | 951 |5425 |5425 |   0 |  0 |   0 |  37 | 4.300000e+01 | 9.920000e+01 | 130.70%| unknown
 1737s|290700 |222765 | 30391k| 104.5 |   470M | 262 | 951 |5425 |5425 |   0 |  0 |   0 |  37 | 4.300000e+01 | 9.920000e+01 | 130.70%| unknown
 1737s|290800 |222827 | 30392k| 104.5 |   470M | 262 | 951 |5425 |5425 |   0 |  0 |   0 |  37 | 4.300000e+01 | 9.920000e+01 | 130.70%| unknown
 time | node  | left  |LP iter|LP it/n|mem/heur|mdpt |vars |cons |rows |cuts |sepa|confs|strbr|  dualbound   | primalbound  |  gap   | compl. 
 1737s|290900 |222887 | 30393k| 104.5 |   470M | 262 | 951 |5425 |5425 |   0 |  0 |   0 |  37 | 4.300000e+01 | 9.920000e+01 | 130.70%| unknown
 1738s|291000 |222951 | 30394k| 104.4 |   470M | 262 | 951 |5425 |5425 |   0 |  0 |   0 |  37 | 4.300000e+01 | 9.920000e+01 | 130.70%| unknown
 1738s|291100 |223027 | 30396k| 104.4 |   471M | 262 | 951 |5425 |5425 |   0 |  0 |   0 |  37 | 4.300000e+01 | 9.920000e+01 | 130.70%| unknown
 1738s|291200 |223095 | 30397k| 104.4 |   471M | 262 | 951 |5425 |5425 |   0 |  0 |   0 |  37 | 4.300000e+01 | 9.920000e+01 | 130.70%| unknown
 1738s|291300 |223155 | 30398k| 104.4 |   471M | 262 | 951 |5425 |5425 |   0 |  0 |   0 |  37 | 4.300000e+01 | 9.920000e+01 | 130.70%| unknown
 1738s|291400 |223235 | 30400k| 104.3 |   471M | 262 | 951 |5425 |5425 |   0 |  0 |   0 |  37 | 4.300000e+01 | 9.920000e+01 | 130.70%| unknown
 1738s|291500 |223311 | 30401k| 104.3 |   471M | 262 | 951 |5425 |5425 |   0 |  0 |   0 |  37 | 4.300000e+01 | 9.920000e+01 | 130.70%| unknown
 1739s|291600 |223383 | 30402k| 104.3 |   471M | 262 | 951 |5425 |5425 |   0 |  0 |   0 |  37 | 4.300000e+01 | 9.920000e+01 | 130.70%| unknown
 1739s|291700 |223463 | 30403k| 104.2 |   471M | 262 | 951 |5425 |5425 |   0 |  0 |   0 |  37 | 4.300000e+01 | 9.920000e+01 | 130.70%| unknown
 1739s|291800 |223527 | 30404k| 104.2 |   471M | 262 | 951 |5425 |5425 |   0 |  0 |   0 |  37 | 4.300000e+01 | 9.920000e+01 | 130.70%| unknown
 1739s|291900 |223605 | 30405k| 104.2 |   471M | 262 | 951 |5425 |5425 |   0 |  0 |   0 |  37 | 4.300000e+01 | 9.920000e+01 | 130.70%| unknown
 1739s|292000 |223667 | 30407k| 104.1 |   471M | 262 | 951 |5425 |5425 |   0 |  0 |   0 |  37 | 4.300000e+01 | 9.920000e+01 | 130.70%| unknown
 1739s|292100 |223733 | 30408k| 104.1 |   471M | 262 | 951 |5425 |5425 |   0 |  0 |   0 |  37 | 4.300000e+01 | 9.920000e+01 | 130.70%| unknown
 1740s|292200 |223793 | 30413k| 104.1 |   471M | 262 | 951 |5425 |5425 |   0 |  0 |   0 |  37 | 4.300000e+01 | 9.920000e+01 | 130.70%| unknown
 1741s|292300 |223865 | 30439k| 104.1 |   473M | 262 | 951 |5425 |5425 |   0 |  0 |   0 |  37 | 4.300000e+01 | 9.920000e+01 | 130.70%| unknown
 time | node  | left  |LP iter|LP it/n|mem/heur|mdpt |vars |cons |rows |cuts |sepa|confs|strbr|  dualbound   | primalbound  |  gap   | compl. 
 1742s|292400 |223937 | 30458k| 104.2 |   473M | 262 | 951 |5425 |5425 |   0 |  0 |   0 |  37 | 4.300000e+01 | 9.920000e+01 | 130.70%| unknown
 1743s|292500 |223999 | 30480k| 104.2 |   473M | 262 | 951 |5425 |5425 |   0 |  0 |   0 |  37 | 4.300000e+01 | 9.920000e+01 | 130.70%| unknown
 1745s|292600 |224067 | 30508k| 104.3 |   473M | 262 | 951 |5425 |5425 |   0 |  0 |   0 |  37 | 4.300000e+01 | 9.920000e+01 | 130.70%| unknown
 1746s|292700 |224143 | 30525k| 104.3 |   473M | 262 | 951 |5425 |5425 |   0 |  0 |   0 |  37 | 4.300000e+01 | 9.920000e+01 | 130.70%| unknown
 1746s|292800 |224213 | 30538k| 104.3 |   473M | 262 | 951 |5425 |5425 |   0 |  0 |   0 |  37 | 4.300000e+01 | 9.920000e+01 | 130.70%| unknown
 1747s|292900 |224279 | 30550k| 104.3 |   473M | 262 | 951 |5425 |5425 |   0 |  0 |   0 |  37 | 4.300000e+01 | 9.920000e+01 | 130.70%| unknown
 1747s|293000 |224347 | 30551k| 104.3 |   473M | 262 | 951 |5425 |5425 |   0 |  0 |   0 |  37 | 4.300000e+01 | 9.920000e+01 | 130.70%| unknown
 1747s|293100 |224417 | 30552k| 104.2 |   473M | 262 | 951 |5425 |5425 |   0 |  0 |   0 |  37 | 4.300000e+01 | 9.920000e+01 | 130.70%| unknown
 1747s|293200 |224489 | 30553k| 104.2 |   473M | 262 | 951 |5425 |5425 |   0 |  0 |   0 |  37 | 4.300000e+01 | 9.920000e+01 | 130.70%| unknown
 1748s|293300 |224563 | 30554k| 104.2 |   473M | 262 | 951 |5425 |5425 |   0 |  0 |   0 |  37 | 4.300000e+01 | 9.920000e+01 | 130.70%| unknown
 1748s|293400 |224641 | 30556k| 104.1 |   474M | 262 | 951 |5425 |5425 |   0 |  0 |   0 |  37 | 4.300000e+01 | 9.920000e+01 | 130.70%| unknown
 1748s|293500 |224721 | 30556k| 104.1 |   474M | 262 | 951 |5425 |5425 |   0 |  0 |   0 |  37 | 4.300000e+01 | 9.920000e+01 | 130.70%| unknown
 1748s|293600 |224795 | 30558k| 104.1 |   474M | 262 | 951 |5425 |5425 |   0 |  0 |   0 |  37 | 4.300000e+01 | 9.920000e+01 | 130.70%| unknown
 1748s|293700 |224871 | 30559k| 104.0 |   474M | 262 | 951 |5425 |5425 |   0 |  0 |   0 |  37 | 4.300000e+01 | 9.920000e+01 | 130.70%| unknown
 1749s|293800 |224925 | 30560k| 104.0 |   474M | 262 | 951 |5425 |5425 |   0 |  0 |   0 |  37 | 4.300000e+01 | 9.920000e+01 | 130.70%| unknown
 time | node  | left  |LP iter|LP it/n|mem/heur|mdpt |vars |cons |rows |cuts |sepa|confs|strbr|  dualbound   | primalbound  |  gap   | compl. 
 1749s|293900 |224995 | 30562k| 104.0 |   474M | 262 | 951 |5425 |5425 |   0 |  0 |   0 |  37 | 4.300000e+01 | 9.920000e+01 | 130.70%| unknown
 1749s|294000 |225067 | 30563k| 104.0 |   474M | 262 | 951 |5425 |5425 |   0 |  0 |   0 |  37 | 4.300000e+01 | 9.920000e+01 | 130.70%| unknown
 1749s|294100 |225131 | 30565k| 103.9 |   474M | 262 | 951 |5425 |5425 |   0 |  0 |   0 |  37 | 4.300000e+01 | 9.920000e+01 | 130.70%| unknown
 1749s|294200 |225193 | 30566k| 103.9 |   475M | 262 | 951 |5425 |5425 |   0 |  0 |   0 |  37 | 4.300000e+01 | 9.920000e+01 | 130.70%| unknown
 1750s|294300 |225267 | 30567k| 103.9 |   475M | 262 | 951 |5425 |5425 |   0 |  0 |   0 |  37 | 4.300000e+01 | 9.920000e+01 | 130.70%| unknown
 1750s|294400 |225329 | 30569k| 103.8 |   475M | 262 | 951 |5425 |5425 |   0 |  0 |   0 |  37 | 4.300000e+01 | 9.920000e+01 | 130.70%| unknown
 1751s|294500 |225389 | 30586k| 103.9 |   475M | 262 | 951 |5425 |5425 |   0 |  0 |   0 |  37 | 4.300000e+01 | 9.920000e+01 | 130.70%| unknown
 1752s|294600 |225479 | 30605k| 103.9 |   477M | 262 | 951 |5425 |5425 |   0 |  0 |   0 |  37 | 4.300000e+01 | 9.920000e+01 | 130.70%| unknown
 1752s|294700 |225547 | 30620k| 103.9 |   477M | 262 | 951 |5425 |5425 |   0 |  0 |   0 |  37 | 4.300000e+01 | 9.920000e+01 | 130.70%| unknown
 1753s|294800 |225629 | 30621k| 103.9 |   477M | 262 | 951 |5425 |5425 |   0 |  0 |   0 |  37 | 4.300000e+01 | 9.920000e+01 | 130.70%| unknown
 1753s|294900 |225703 | 30622k| 103.8 |   477M | 262 | 951 |5425 |5425 |   0 |  0 |   0 |  37 | 4.300000e+01 | 9.920000e+01 | 130.70%| unknown
 1753s|295000 |225789 | 30623k| 103.8 |   477M | 262 | 951 |5425 |5425 |   0 |  0 |   0 |  37 | 4.300000e+01 | 9.920000e+01 | 130.70%| unknown
 1753s|295100 |225859 | 30624k| 103.8 |   477M | 262 | 951 |5425 |5425 |   0 |  0 |   0 |  37 | 4.300000e+01 | 9.920000e+01 | 130.70%| unknown
 1753s|295200 |225933 | 30625k| 103.7 |   477M | 262 | 951 |5425 |5425 |   0 |  0 |   0 |  37 | 4.300000e+01 | 9.920000e+01 | 130.70%| unknown
 1753s|295300 |225989 | 30627k| 103.7 |   477M | 262 | 951 |5425 |5425 |   0 |  0 |   0 |  37 | 4.300000e+01 | 9.920000e+01 | 130.70%| unknown
 time | node  | left  |LP iter|LP it/n|mem/heur|mdpt |vars |cons |rows |cuts |sepa|confs|strbr|  dualbound   | primalbound  |  gap   | compl. 
 1754s|295400 |226061 | 30634k| 103.7 |   477M | 262 | 951 |5425 |5425 |   0 |  0 |   0 |  37 | 4.300000e+01 | 9.920000e+01 | 130.70%| unknown
 1755s|295500 |226129 | 30660k| 103.8 |   477M | 262 | 951 |5425 |5425 |   0 |  0 |   0 |  37 | 4.300000e+01 | 9.920000e+01 | 130.70%| unknown
 1755s|295600 |226213 | 30663k| 103.7 |   478M | 262 | 951 |5425 |5425 |   0 |  0 |   0 |  37 | 4.300000e+01 | 9.920000e+01 | 130.70%| unknown
 1756s|295700 |226285 | 30664k| 103.7 |   478M | 262 | 951 |5425 |5425 |   0 |  0 |   0 |  37 | 4.300000e+01 | 9.920000e+01 | 130.70%| unknown
 1756s|295800 |226353 | 30665k| 103.7 |   478M | 262 | 951 |5425 |5425 |   0 |  0 |   0 |  37 | 4.300000e+01 | 9.920000e+01 | 130.70%| unknown
 1756s|295900 |226425 | 30666k| 103.6 |   478M | 262 | 951 |5425 |5425 |   0 |  0 |   0 |  37 | 4.300000e+01 | 9.920000e+01 | 130.70%| unknown
 1756s|296000 |226505 | 30667k| 103.6 |   478M | 262 | 951 |5425 |5425 |   0 |  0 |   0 |  37 | 4.300000e+01 | 9.920000e+01 | 130.70%| unknown
 1756s|296100 |226577 | 30669k| 103.6 |   478M | 262 | 951 |5425 |5425 |   0 |  0 |   0 |  37 | 4.300000e+01 | 9.920000e+01 | 130.70%| unknown
 1757s|296200 |226657 | 30670k| 103.5 |   478M | 262 | 951 |5425 |5425 |   0 |  0 |   0 |  37 | 4.300000e+01 | 9.920000e+01 | 130.70%| unknown
 1757s|296300 |226735 | 30671k| 103.5 |   479M | 262 | 951 |5425 |5425 |   0 |  0 |   0 |  37 | 4.300000e+01 | 9.920000e+01 | 130.70%| unknown
 1757s|296400 |226797 | 30673k| 103.5 |   479M | 262 | 951 |5425 |5425 |   0 |  0 |   0 |  37 | 4.300000e+01 | 9.920000e+01 | 130.70%| unknown
 1757s|296500 |226867 | 30674k| 103.5 |   479M | 262 | 951 |5425 |5425 |   0 |  0 |   0 |  37 | 4.300000e+01 | 9.920000e+01 | 130.70%| unknown
 1757s|296600 |226927 | 30675k| 103.4 |   479M | 262 | 951 |5425 |5425 |   0 |  0 |   0 |  37 | 4.300000e+01 | 9.920000e+01 | 130.70%| unknown
 1758s|296700 |227005 | 30685k| 103.4 |   480M | 262 | 951 |5425 |5425 |   0 |  0 |   0 |  37 | 4.300000e+01 | 9.920000e+01 | 130.70%| unknown
 1759s|296800 |227075 | 30706k| 103.5 |   480M | 262 | 951 |5425 |5425 |   0 |  0 |   0 |  37 | 4.300000e+01 | 9.920000e+01 | 130.70%| unknown
 time | node  | left  |LP iter|LP it/n|mem/heur|mdpt |vars |cons |rows |cuts |sepa|confs|strbr|  dualbound   | primalbound  |  gap   | compl. 
 1760s|296900 |227151 | 30724k| 103.5 |   480M | 262 | 951 |5425 |5425 |   0 |  0 |   0 |  37 | 4.300000e+01 | 9.920000e+01 | 130.70%| unknown
 1760s|297000 |227215 | 30734k| 103.5 |   480M | 262 | 951 |5425 |5425 |   0 |  0 |   0 |  37 | 4.300000e+01 | 9.920000e+01 | 130.70%| unknown
 1761s|297100 |227273 | 30739k| 103.5 |   480M | 262 | 951 |5425 |5425 |   0 |  0 |   0 |  37 | 4.300000e+01 | 9.920000e+01 | 130.70%| unknown
 1761s|297200 |227343 | 30740k| 103.4 |   480M | 262 | 951 |5425 |5425 |   0 |  0 |   0 |  37 | 4.300000e+01 | 9.920000e+01 | 130.70%| unknown
 1761s|297300 |227411 | 30741k| 103.4 |   480M | 262 | 951 |5425 |5425 |   0 |  0 |   0 |  37 | 4.300000e+01 | 9.920000e+01 | 130.70%| unknown
 1761s|297400 |227479 | 30743k| 103.4 |   480M | 262 | 951 |5425 |5425 |   0 |  0 |   0 |  37 | 4.300000e+01 | 9.920000e+01 | 130.70%| unknown
 1761s|297500 |227551 | 30744k| 103.3 |   480M | 262 | 951 |5425 |5425 |   0 |  0 |   0 |  37 | 4.300000e+01 | 9.920000e+01 | 130.70%| unknown
 1762s|297600 |227617 | 30745k| 103.3 |   480M | 262 | 951 |5425 |5425 |   0 |  0 |   0 |  37 | 4.300000e+01 | 9.920000e+01 | 130.70%| unknown
 1762s|297700 |227675 | 30746k| 103.3 |   480M | 262 | 951 |5425 |5425 |   0 |  0 |   0 |  37 | 4.300000e+01 | 9.920000e+01 | 130.70%| unknown
 1762s|297800 |227739 | 30747k| 103.2 |   480M | 262 | 951 |5425 |5425 |   0 |  0 |   0 |  37 | 4.300000e+01 | 9.920000e+01 | 130.70%| unknown
 1762s|297900 |227805 | 30748k| 103.2 |   481M | 262 | 951 |5425 |5425 |   0 |  0 |   0 |  37 | 4.300000e+01 | 9.920000e+01 | 130.70%| unknown
 1762s|298000 |227859 | 30749k| 103.2 |   481M | 262 | 951 |5425 |5425 |   0 |  0 |   0 |  37 | 4.300000e+01 | 9.920000e+01 | 130.70%| unknown
 1763s|298100 |227929 | 30751k| 103.2 |   481M | 262 | 951 |5425 |5425 |   0 |  0 |   0 |  37 | 4.300000e+01 | 9.920000e+01 | 130.70%| unknown
 1763s|298200 |227991 | 30752k| 103.1 |   481M | 262 | 951 |5425 |5425 |   0 |  0 |   0 |  37 | 4.300000e+01 | 9.920000e+01 | 130.70%| unknown
 1763s|298300 |228043 | 30753k| 103.1 |   481M | 262 | 951 |5425 |5425 |   0 |  0 |   0 |  37 | 4.300000e+01 | 9.920000e+01 | 130.70%| unknown
 time | node  | left  |LP iter|LP it/n|mem/heur|mdpt |vars |cons |rows |cuts |sepa|confs|strbr|  dualbound   | primalbound  |  gap   | compl. 
 1763s|298400 |228109 | 30755k| 103.1 |   481M | 262 | 951 |5425 |5425 |   0 |  0 |   0 |  37 | 4.300000e+01 | 9.920000e+01 | 130.70%| unknown
 1763s|298500 |228159 | 30756k| 103.0 |   481M | 262 | 951 |5425 |5425 |   0 |  0 |   0 |  37 | 4.300000e+01 | 9.920000e+01 | 130.70%| unknown
 1763s|298600 |228237 | 30757k| 103.0 |   481M | 262 | 951 |5425 |5425 |   0 |  0 |   0 |  37 | 4.300000e+01 | 9.920000e+01 | 130.70%| unknown
 1764s|298700 |228305 | 30760k| 103.0 |   481M | 262 | 951 |5425 |5425 |   0 |  0 |   0 |  37 | 4.300000e+01 | 9.920000e+01 | 130.70%| unknown
 1764s|298800 |228379 | 30761k| 102.9 |   481M | 262 | 951 |5425 |5425 |   0 |  0 |   0 |  37 | 4.300000e+01 | 9.920000e+01 | 130.70%| unknown
 1764s|298900 |228457 | 30762k| 102.9 |   481M | 262 | 951 |5425 |5425 |   0 |  0 |   0 |  37 | 4.300000e+01 | 9.920000e+01 | 130.70%| unknown
 1764s|299000 |228523 | 30764k| 102.9 |   481M | 262 | 951 |5425 |5425 |   0 |  0 |   0 |  37 | 4.300000e+01 | 9.920000e+01 | 130.70%| unknown
 1764s|299100 |228585 | 30765k| 102.9 |   482M | 262 | 951 |5425 |5425 |   0 |  0 |   0 |  37 | 4.300000e+01 | 9.920000e+01 | 130.70%| unknown
 1765s|299200 |228661 | 30767k| 102.8 |   482M | 262 | 951 |5425 |5425 |   0 |  0 |   0 |  37 | 4.300000e+01 | 9.920000e+01 | 130.70%| unknown
 1765s|299300 |228735 | 30768k| 102.8 |   482M | 262 | 951 |5425 |5425 |   0 |  0 |   0 |  37 | 4.300000e+01 | 9.920000e+01 | 130.70%| unknown
 1765s|299400 |228803 | 30769k| 102.8 |   482M | 262 | 951 |5425 |5425 |   0 |  0 |   0 |  37 | 4.300000e+01 | 9.920000e+01 | 130.70%| unknown
 1765s|299500 |228877 | 30770k| 102.7 |   482M | 262 | 951 |5425 |5425 |   0 |  0 |   0 |  37 | 4.300000e+01 | 9.920000e+01 | 130.70%| unknown
 1765s|299600 |228927 | 30771k| 102.7 |   482M | 262 | 951 |5425 |5425 |   0 |  0 |   0 |  37 | 4.300000e+01 | 9.920000e+01 | 130.70%| unknown
 1766s|299700 |228985 | 30773k| 102.7 |   482M | 262 | 951 |5425 |5425 |   0 |  0 |   0 |  37 | 4.300000e+01 | 9.920000e+01 | 130.70%| unknown
 1767s|299800 |229051 | 30805k| 102.8 |   482M | 262 | 951 |5425 |5425 |   0 |  0 |   0 |  37 | 4.300000e+01 | 9.920000e+01 | 130.70%| unknown
 time | node  | left  |LP iter|LP it/n|mem/heur|mdpt |vars |cons |rows |cuts |sepa|confs|strbr|  dualbound   | primalbound  |  gap   | compl. 
 1768s|299900 |229121 | 30823k| 102.8 |   482M | 262 | 951 |5425 |5425 |   0 |  0 |   0 |  37 | 4.300000e+01 | 9.920000e+01 | 130.70%| unknown
 1769s|300000 |229181 | 30846k| 102.8 |   483M | 262 | 951 |5425 |5425 |   0 |  0 |   0 |  37 | 4.300000e+01 | 9.920000e+01 | 130.70%| unknown
 1769s|300100 |229251 | 30849k| 102.8 |   483M | 262 | 951 |5425 |5425 |   0 |  0 |   0 |  37 | 4.300000e+01 | 9.920000e+01 | 130.70%| unknown
 1770s|300200 |229323 | 30851k| 102.8 |   483M | 262 | 951 |5425 |5425 |   0 |  0 |   0 |  37 | 4.300000e+01 | 9.920000e+01 | 130.70%| unknown
 1770s|300300 |229395 | 30852k| 102.7 |   484M | 262 | 951 |5425 |5425 |   0 |  0 |   0 |  37 | 4.300000e+01 | 9.920000e+01 | 130.70%| unknown
 1770s|300400 |229475 | 30853k| 102.7 |   484M | 262 | 951 |5425 |5425 |   0 |  0 |   0 |  37 | 4.300000e+01 | 9.920000e+01 | 130.70%| unknown
 1770s|300500 |229543 | 30854k| 102.7 |   484M | 262 | 951 |5425 |5425 |   0 |  0 |   0 |  37 | 4.300000e+01 | 9.920000e+01 | 130.70%| unknown
 1770s|300600 |229621 | 30855k| 102.6 |   484M | 262 | 951 |5425 |5425 |   0 |  0 |   0 |  37 | 4.300000e+01 | 9.920000e+01 | 130.70%| unknown
 1770s|300700 |229691 | 30857k| 102.6 |   484M | 262 | 951 |5425 |5425 |   0 |  0 |   0 |  37 | 4.300000e+01 | 9.920000e+01 | 130.70%| unknown
 1771s|300800 |229765 | 30858k| 102.6 |   484M | 262 | 951 |5425 |5425 |   0 |  0 |   0 |  37 | 4.300000e+01 | 9.920000e+01 | 130.70%| unknown
 1771s|300900 |229831 | 30859k| 102.6 |   484M | 262 | 951 |5425 |5425 |   0 |  0 |   0 |  37 | 4.300000e+01 | 9.920000e+01 | 130.70%| unknown
 1771s|301000 |229907 | 30860k| 102.5 |   485M | 262 | 951 |5425 |5425 |   0 |  0 |   0 |  37 | 4.300000e+01 | 9.920000e+01 | 130.70%| unknown
 1771s|301100 |229973 | 30861k| 102.5 |   485M | 262 | 951 |5425 |5425 |   0 |  0 |   0 |  37 | 4.300000e+01 | 9.920000e+01 | 130.70%| unknown
 1771s|301200 |230039 | 30863k| 102.5 |   485M | 262 | 951 |5425 |5425 |   0 |  0 |   0 |  37 | 4.300000e+01 | 9.920000e+01 | 130.70%| unknown
 1772s|301300 |230107 | 30864k| 102.4 |   485M | 262 | 951 |5425 |5425 |   0 |  0 |   0 |  37 | 4.300000e+01 | 9.920000e+01 | 130.70%| unknown
 time | node  | left  |LP iter|LP it/n|mem/heur|mdpt |vars |cons |rows |cuts |sepa|confs|strbr|  dualbound   | primalbound  |  gap   | compl. 
 1772s|301400 |230177 | 30866k| 102.4 |   486M | 262 | 951 |5425 |5425 |   0 |  0 |   0 |  37 | 4.300000e+01 | 9.920000e+01 | 130.70%| unknown
 1772s|301500 |230251 | 30867k| 102.4 |   486M | 262 | 951 |5425 |5425 |   0 |  0 |   0 |  37 | 4.300000e+01 | 9.920000e+01 | 130.70%| unknown
 1772s|301600 |230319 | 30868k| 102.3 |   486M | 262 | 951 |5425 |5425 |   0 |  0 |   0 |  37 | 4.300000e+01 | 9.920000e+01 | 130.70%| unknown
 1773s|301700 |230383 | 30881k| 102.4 |   486M | 262 | 951 |5425 |5425 |   0 |  0 |   0 |  37 | 4.300000e+01 | 9.920000e+01 | 130.70%| unknown
 1773s|301800 |230453 | 30892k| 102.4 |   486M | 262 | 951 |5425 |5425 |   0 |  0 |   0 |  37 | 4.300000e+01 | 9.920000e+01 | 130.70%| unknown
 1774s|301900 |230527 | 30893k| 102.3 |   486M | 262 | 951 |5425 |5425 |   0 |  0 |   0 |  37 | 4.300000e+01 | 9.920000e+01 | 130.70%| unknown
 1774s|302000 |230583 | 30895k| 102.3 |   486M | 262 | 951 |5425 |5425 |   0 |  0 |   0 |  37 | 4.300000e+01 | 9.920000e+01 | 130.70%| unknown
 1774s|302100 |230647 | 30896k| 102.3 |   486M | 262 | 951 |5425 |5425 |   0 |  0 |   0 |  37 | 4.300000e+01 | 9.920000e+01 | 130.70%| unknown
 1774s|302200 |230709 | 30897k| 102.2 |   486M | 262 | 951 |5425 |5425 |   0 |  0 |   0 |  37 | 4.300000e+01 | 9.920000e+01 | 130.70%| unknown
 1774s|302300 |230767 | 30898k| 102.2 |   486M | 262 | 951 |5425 |5425 |   0 |  0 |   0 |  37 | 4.300000e+01 | 9.920000e+01 | 130.70%| unknown
 1775s|302400 |230819 | 30900k| 102.2 |   486M | 262 | 951 |5425 |5425 |   0 |  0 |   0 |  37 | 4.300000e+01 | 9.920000e+01 | 130.70%| unknown
 1775s|302500 |230877 | 30902k| 102.2 |   486M | 262 | 951 |5425 |5425 |   0 |  0 |   0 |  37 | 4.300000e+01 | 9.920000e+01 | 130.70%| unknown
 1775s|302600 |230935 | 30903k| 102.1 |   486M | 262 | 951 |5425 |5425 |   0 |  0 |   0 |  37 | 4.300000e+01 | 9.920000e+01 | 130.70%| unknown
 1775s|302700 |231001 | 30904k| 102.1 |   487M | 262 | 951 |5425 |5425 |   0 |  0 |   0 |  37 | 4.300000e+01 | 9.920000e+01 | 130.70%| unknown
 1775s|302800 |231073 | 30906k| 102.1 |   487M | 262 | 951 |5425 |5425 |   0 |  0 |   0 |  37 | 4.300000e+01 | 9.920000e+01 | 130.70%| unknown
 time | node  | left  |LP iter|LP it/n|mem/heur|mdpt |vars |cons |rows |cuts |sepa|confs|strbr|  dualbound   | primalbound  |  gap   | compl. 
 1775s|302900 |231145 | 30907k| 102.0 |   487M | 262 | 951 |5425 |5425 |   0 |  0 |   0 |  37 | 4.300000e+01 | 9.920000e+01 | 130.70%| unknown
 1776s|303000 |231229 | 30908k| 102.0 |   487M | 262 | 951 |5425 |5425 |   0 |  0 |   0 |  37 | 4.300000e+01 | 9.920000e+01 | 130.70%| unknown
 1776s|303100 |231295 | 30919k| 102.0 |   488M | 262 | 951 |5425 |5425 |   0 |  0 |   0 |  37 | 4.300000e+01 | 9.920000e+01 | 130.70%| unknown
 1777s|303200 |231379 | 30938k| 102.0 |   488M | 262 | 951 |5425 |5425 |   0 |  0 |   0 |  37 | 4.300000e+01 | 9.920000e+01 | 130.70%| unknown
 1778s|303300 |231457 | 30950k| 102.0 |   488M | 262 | 951 |5425 |5425 |   0 |  0 |   0 |  37 | 4.300000e+01 | 9.920000e+01 | 130.70%| unknown
 1779s|303400 |231525 | 30976k| 102.1 |   488M | 262 | 951 |5425 |5425 |   0 |  0 |   0 |  37 | 4.300000e+01 | 9.920000e+01 | 130.70%| unknown
 1780s|303500 |231593 | 31001k| 102.1 |   488M | 262 | 951 |5425 |5425 |   0 |  0 |   0 |  37 | 4.300000e+01 | 9.920000e+01 | 130.70%| unknown
 1781s|303600 |231663 | 31017k| 102.2 |   488M | 262 | 951 |5425 |5425 |   0 |  0 |   0 |  37 | 4.300000e+01 | 9.920000e+01 | 130.70%| unknown
 1782s|303700 |231721 | 31037k| 102.2 |   488M | 262 | 951 |5425 |5425 |   0 |  0 |   0 |  37 | 4.300000e+01 | 9.920000e+01 | 130.70%| unknown
 1783s|303800 |231811 | 31055k| 102.2 |   489M | 262 | 951 |5425 |5425 |   0 |  0 |   0 |  37 | 4.300000e+01 | 9.920000e+01 | 130.70%| unknown
 1785s|303900 |231875 | 31080k| 102.3 |   489M | 262 | 951 |5425 |5425 |   0 |  0 |   0 |  37 | 4.300000e+01 | 9.920000e+01 | 130.70%| unknown
 1786s|304000 |231939 | 31100k| 102.3 |   489M | 262 | 951 |5425 |5425 |   0 |  0 |   0 |  37 | 4.300000e+01 | 9.920000e+01 | 130.70%| unknown
 1787s|304100 |232003 | 31126k| 102.4 |   489M | 262 | 951 |5425 |5425 |   0 |  0 |   0 |  37 | 4.300000e+01 | 9.920000e+01 | 130.70%| unknown
 1788s|304200 |232065 | 31148k| 102.4 |   489M | 262 | 951 |5425 |5425 |   0 |  0 |   0 |  37 | 4.300000e+01 | 9.920000e+01 | 130.70%| unknown
 1789s|304300 |232129 | 31163k| 102.4 |   489M | 262 | 951 |5425 |5425 |   0 |  0 |   0 |  37 | 4.300000e+01 | 9.920000e+01 | 130.70%| unknown
 time | node  | left  |LP iter|LP it/n|mem/heur|mdpt |vars |cons |rows |cuts |sepa|confs|strbr|  dualbound   | primalbound  |  gap   | compl. 
 1789s|304400 |232193 | 31165k| 102.4 |   489M | 262 | 951 |5425 |5425 |   0 |  0 |   0 |  37 | 4.300000e+01 | 9.920000e+01 | 130.70%| unknown
 1789s|304500 |232235 | 31167k| 102.4 |   489M | 262 | 951 |5425 |5425 |   0 |  0 |   0 |  37 | 4.300000e+01 | 9.920000e+01 | 130.70%| unknown
 1789s|304600 |232307 | 31168k| 102.3 |   489M | 262 | 951 |5425 |5425 |   0 |  0 |   0 |  37 | 4.300000e+01 | 9.920000e+01 | 130.70%| unknown
 1790s|304700 |232389 | 31169k| 102.3 |   489M | 262 | 951 |5425 |5425 |   0 |  0 |   0 |  37 | 4.300000e+01 | 9.920000e+01 | 130.70%| unknown
 1790s|304800 |232463 | 31171k| 102.3 |   489M | 262 | 951 |5425 |5425 |   0 |  0 |   0 |  37 | 4.300000e+01 | 9.920000e+01 | 130.70%| unknown
 1790s|304900 |232523 | 31172k| 102.2 |   489M | 262 | 951 |5425 |5425 |   0 |  0 |   0 |  37 | 4.300000e+01 | 9.920000e+01 | 130.70%| unknown
 1790s|305000 |232575 | 31173k| 102.2 |   491M | 262 | 951 |5425 |5425 |   0 |  0 |   0 |  37 | 4.300000e+01 | 9.920000e+01 | 130.70%| unknown
 1790s|305100 |232635 | 31174k| 102.2 |   491M | 262 | 951 |5425 |5425 |   0 |  0 |   0 |  37 | 4.300000e+01 | 9.920000e+01 | 130.70%| unknown
 1792s|305200 |232699 | 31198k| 102.2 |   491M | 262 | 951 |5425 |5425 |   0 |  0 |   0 |  37 | 4.300000e+01 | 9.920000e+01 | 130.70%| unknown
 1793s|305300 |232765 | 31219k| 102.3 |   491M | 262 | 951 |5425 |5425 |   0 |  0 |   0 |  37 | 4.300000e+01 | 9.920000e+01 | 130.70%| unknown
 1794s|305400 |232853 | 31237k| 102.3 |   491M | 262 | 951 |5425 |5425 |   0 |  0 |   0 |  37 | 4.300000e+01 | 9.920000e+01 | 130.70%| unknown
 1795s|305500 |232913 | 31262k| 102.3 |   491M | 262 | 951 |5425 |5425 |   0 |  0 |   0 |  37 | 4.300000e+01 | 9.920000e+01 | 130.70%| unknown
 1796s|305600 |232983 | 31283k| 102.4 |   491M | 262 | 951 |5425 |5425 |   0 |  0 |   0 |  37 | 4.300000e+01 | 9.920000e+01 | 130.70%| unknown
 1797s|305700 |233051 | 31311k| 102.4 |   491M | 262 | 951 |5425 |5425 |   0 |  0 |   0 |  37 | 4.300000e+01 | 9.920000e+01 | 130.70%| unknown
 1798s|305800 |233121 | 31324k| 102.4 |   491M | 262 | 951 |5425 |5425 |   0 |  0 |   0 |  37 | 4.300000e+01 | 9.920000e+01 | 130.70%| unknown
 time | node  | left  |LP iter|LP it/n|mem/heur|mdpt |vars |cons |rows |cuts |sepa|confs|strbr|  dualbound   | primalbound  |  gap   | compl. 
 1798s|305900 |233197 | 31329k| 102.4 |   491M | 262 | 951 |5425 |5425 |   0 |  0 |   0 |  37 | 4.300000e+01 | 9.920000e+01 | 130.70%| unknown
 1800s|306000 |233273 | 31357k| 102.5 |   491M | 262 | 951 |5425 |5425 |   0 |  0 |   0 |  37 | 4.300000e+01 | 9.920000e+01 | 130.70%| unknown
 1800s|306100 |233347 | 31358k| 102.4 |   492M | 262 | 951 |5425 |5425 |   0 |  0 |   0 |  37 | 4.300000e+01 | 9.920000e+01 | 130.70%| unknown
 1801s|306200 |233423 | 31380k| 102.5 |   492M | 262 | 951 |5425 |5425 |   0 |  0 |   0 |  37 | 4.300000e+01 | 9.920000e+01 | 130.70%| unknown
 1802s|306300 |233495 | 31399k| 102.5 |   492M | 262 | 951 |5425 |5425 |   0 |  0 |   0 |  37 | 4.300000e+01 | 9.920000e+01 | 130.70%| unknown
 1803s|306400 |233565 | 31420k| 102.5 |   492M | 262 | 951 |5425 |5425 |   0 |  0 |   0 |  37 | 4.300000e+01 | 9.920000e+01 | 130.70%| unknown
 1804s|306500 |233621 | 31440k| 102.6 |   492M | 262 | 951 |5425 |5425 |   0 |  0 |   0 |  37 | 4.300000e+01 | 9.920000e+01 | 130.70%| unknown
 1805s|306600 |233693 | 31464k| 102.6 |   492M | 262 | 951 |5425 |5425 |   0 |  0 |   0 |  37 | 4.300000e+01 | 9.920000e+01 | 130.70%| unknown
 1807s|306700 |233739 | 31502k| 102.7 |   492M | 262 | 951 |5425 |5425 |   0 |  0 |   0 |  37 | 4.300000e+01 | 9.920000e+01 | 130.70%| unknown
 1808s|306800 |233809 | 31518k| 102.7 |   492M | 262 | 951 |5425 |5425 |   0 |  0 |   0 |  37 | 4.300000e+01 | 9.920000e+01 | 130.70%| unknown
 1809s|306900 |233877 | 31534k| 102.7 |   492M | 262 | 951 |5425 |5425 |   0 |  0 |   0 |  37 | 4.300000e+01 | 9.920000e+01 | 130.70%| unknown
 1810s|307000 |233945 | 31552k| 102.8 |   492M | 262 | 951 |5425 |5425 |   0 |  0 |   0 |  37 | 4.300000e+01 | 9.920000e+01 | 130.70%| unknown
 1810s|307100 |234021 | 31563k| 102.8 |   492M | 262 | 951 |5425 |5425 |   0 |  0 |   0 |  37 | 4.300000e+01 | 9.920000e+01 | 130.70%| unknown
 1810s|307200 |234101 | 31564k| 102.7 |   492M | 262 | 951 |5425 |5425 |   0 |  0 |   0 |  37 | 4.300000e+01 | 9.920000e+01 | 130.70%| unknown
 1811s|307300 |234151 | 31565k| 102.7 |   493M | 262 | 951 |5425 |5425 |   0 |  0 |   0 |  37 | 4.300000e+01 | 9.920000e+01 | 130.70%| unknown
 time | node  | left  |LP iter|LP it/n|mem/heur|mdpt |vars |cons |rows |cuts |sepa|confs|strbr|  dualbound   | primalbound  |  gap   | compl. 
 1811s|307400 |234211 | 31567k| 102.7 |   493M | 262 | 951 |5425 |5425 |   0 |  0 |   0 |  37 | 4.300000e+01 | 9.920000e+01 | 130.70%| unknown
 1811s|307500 |234287 | 31568k| 102.7 |   493M | 262 | 951 |5425 |5425 |   0 |  0 |   0 |  37 | 4.300000e+01 | 9.920000e+01 | 130.70%| unknown
 1811s|307600 |234359 | 31569k| 102.6 |   493M | 262 | 951 |5425 |5425 |   0 |  0 |   0 |  37 | 4.300000e+01 | 9.920000e+01 | 130.70%| unknown
 1811s|307700 |234439 | 31570k| 102.6 |   494M | 262 | 951 |5425 |5425 |   0 |  0 |   0 |  37 | 4.300000e+01 | 9.920000e+01 | 130.70%| unknown
 1812s|307800 |234517 | 31580k| 102.6 |   494M | 262 | 951 |5425 |5425 |   0 |  0 |   0 |  37 | 4.300000e+01 | 9.920000e+01 | 130.70%| unknown
 1812s|307900 |234581 | 31588k| 102.6 |   494M | 262 | 951 |5425 |5425 |   0 |  0 |   0 |  37 | 4.300000e+01 | 9.920000e+01 | 130.70%| unknown
 1813s|308000 |234647 | 31610k| 102.6 |   494M | 262 | 951 |5425 |5425 |   0 |  0 |   0 |  37 | 4.300000e+01 | 9.920000e+01 | 130.70%| unknown
 1814s|308100 |234715 | 31627k| 102.7 |   494M | 262 | 951 |5425 |5425 |   0 |  0 |   0 |  37 | 4.300000e+01 | 9.920000e+01 | 130.70%| unknown
 1815s|308200 |234799 | 31641k| 102.7 |   494M | 262 | 951 |5425 |5425 |   0 |  0 |   0 |  37 | 4.300000e+01 | 9.920000e+01 | 130.70%| unknown
 1816s|308300 |234865 | 31662k| 102.7 |   494M | 262 | 951 |5425 |5425 |   0 |  0 |   0 |  37 | 4.300000e+01 | 9.920000e+01 | 130.70%| unknown
 1817s|308400 |234925 | 31678k| 102.7 |   495M | 262 | 951 |5425 |5425 |   0 |  0 |   0 |  37 | 4.300000e+01 | 9.920000e+01 | 130.70%| unknown
 1818s|308500 |234997 | 31694k| 102.7 |   495M | 262 | 951 |5425 |5425 |   0 |  0 |   0 |  37 | 4.300000e+01 | 9.920000e+01 | 130.70%| unknown
 1818s|308600 |235079 | 31708k| 102.7 |   496M | 262 | 951 |5425 |5425 |   0 |  0 |   0 |  37 | 4.300000e+01 | 9.920000e+01 | 130.70%| unknown
 1820s|308700 |235151 | 31731k| 102.8 |   496M | 262 | 951 |5425 |5425 |   0 |  0 |   0 |  37 | 4.300000e+01 | 9.920000e+01 | 130.70%| unknown
 1820s|308800 |235237 | 31748k| 102.8 |   496M | 262 | 951 |5425 |5425 |   0 |  0 |   0 |  37 | 4.300000e+01 | 9.920000e+01 | 130.70%| unknown
 time | node  | left  |LP iter|LP it/n|mem/heur|mdpt |vars |cons |rows |cuts |sepa|confs|strbr|  dualbound   | primalbound  |  gap   | compl. 
 1821s|308900 |235305 | 31755k| 102.8 |   496M | 262 | 951 |5425 |5425 |   0 |  0 |   0 |  37 | 4.300000e+01 | 9.920000e+01 | 130.70%| unknown
 1821s|309000 |235373 | 31756k| 102.8 |   496M | 262 | 951 |5425 |5425 |   0 |  0 |   0 |  37 | 4.300000e+01 | 9.920000e+01 | 130.70%| unknown
 1821s|309100 |235455 | 31758k| 102.7 |   496M | 262 | 951 |5425 |5425 |   0 |  0 |   0 |  37 | 4.300000e+01 | 9.920000e+01 | 130.70%| unknown
 1821s|309200 |235507 | 31759k| 102.7 |   496M | 262 | 951 |5425 |5425 |   0 |  0 |   0 |  37 | 4.300000e+01 | 9.920000e+01 | 130.70%| unknown
 1822s|309300 |235571 | 31760k| 102.7 |   496M | 262 | 951 |5425 |5425 |   0 |  0 |   0 |  37 | 4.300000e+01 | 9.920000e+01 | 130.70%| unknown
 1822s|309400 |235637 | 31761k| 102.7 |   496M | 262 | 951 |5425 |5425 |   0 |  0 |   0 |  37 | 4.300000e+01 | 9.920000e+01 | 130.70%| unknown
 1822s|309500 |235709 | 31763k| 102.6 |   496M | 262 | 951 |5425 |5425 |   0 |  0 |   0 |  37 | 4.300000e+01 | 9.920000e+01 | 130.70%| unknown
 1822s|309600 |235787 | 31764k| 102.6 |   497M | 262 | 951 |5425 |5425 |   0 |  0 |   0 |  37 | 4.300000e+01 | 9.920000e+01 | 130.70%| unknown
 1823s|309700 |235849 | 31773k| 102.6 |   497M | 262 | 951 |5425 |5425 |   0 |  0 |   0 |  37 | 4.300000e+01 | 9.920000e+01 | 130.70%| unknown
 1823s|309800 |235919 | 31776k| 102.6 |   497M | 262 | 951 |5425 |5425 |   0 |  0 |   0 |  37 | 4.300000e+01 | 9.920000e+01 | 130.70%| unknown
 1823s|309900 |235981 | 31777k| 102.5 |   497M | 262 | 951 |5425 |5425 |   0 |  0 |   0 |  37 | 4.300000e+01 | 9.920000e+01 | 130.70%| unknown
 1823s|310000 |236055 | 31779k| 102.5 |   506M | 262 | 951 |5425 |5425 |   0 |  0 |   0 |  37 | 4.300000e+01 | 9.920000e+01 | 130.70%| unknown
 1824s|310100 |236123 | 31780k| 102.5 |   506M | 262 | 951 |5425 |5425 |   0 |  0 |   0 |  37 | 4.300000e+01 | 9.920000e+01 | 130.70%| unknown
 1824s|310200 |236201 | 31781k| 102.5 |   506M | 262 | 951 |5425 |5425 |   0 |  0 |   0 |  37 | 4.300000e+01 | 9.920000e+01 | 130.70%| unknown
 1824s|310300 |236271 | 31782k| 102.4 |   506M | 262 | 951 |5425 |5425 |   0 |  0 |   0 |  37 | 4.300000e+01 | 9.920000e+01 | 130.70%| unknown
 time | node  | left  |LP iter|LP it/n|mem/heur|mdpt |vars |cons |rows |cuts |sepa|confs|strbr|  dualbound   | primalbound  |  gap   | compl. 
 1824s|310400 |236339 | 31783k| 102.4 |   506M | 262 | 951 |5425 |5425 |   0 |  0 |   0 |  37 | 4.300000e+01 | 9.920000e+01 | 130.70%| unknown
 1824s|310500 |236423 | 31784k| 102.4 |   506M | 262 | 951 |5425 |5425 |   0 |  0 |   0 |  37 | 4.300000e+01 | 9.920000e+01 | 130.70%| unknown
 1824s|310600 |236501 | 31785k| 102.3 |   506M | 262 | 951 |5425 |5425 |   0 |  0 |   0 |  37 | 4.300000e+01 | 9.920000e+01 | 130.70%| unknown
 1825s|310700 |236559 | 31787k| 102.3 |   507M | 262 | 951 |5425 |5425 |   0 |  0 |   0 |  37 | 4.300000e+01 | 9.920000e+01 | 130.70%| unknown
 1825s|310800 |236633 | 31788k| 102.3 |   507M | 262 | 951 |5425 |5425 |   0 |  0 |   0 |  37 | 4.300000e+01 | 9.920000e+01 | 130.70%| unknown
 1825s|310900 |236715 | 31789k| 102.2 |   507M | 262 | 951 |5425 |5425 |   0 |  0 |   0 |  37 | 4.300000e+01 | 9.920000e+01 | 130.70%| unknown
 1825s|311000 |236799 | 31791k| 102.2 |   507M | 262 | 951 |5425 |5425 |   0 |  0 |   0 |  37 | 4.300000e+01 | 9.920000e+01 | 130.70%| unknown
 1825s|311100 |236839 | 31792k| 102.2 |   507M | 262 | 951 |5425 |5425 |   0 |  0 |   0 |  37 | 4.300000e+01 | 9.920000e+01 | 130.70%| unknown
 1826s|311200 |236917 | 31793k| 102.2 |   507M | 262 | 951 |5425 |5425 |   0 |  0 |   0 |  37 | 4.300000e+01 | 9.920000e+01 | 130.70%| unknown
 1826s|311300 |237007 | 31794k| 102.1 |   507M | 262 | 951 |5425 |5425 |   0 |  0 |   0 |  37 | 4.300000e+01 | 9.920000e+01 | 130.70%| unknown
 1826s|311400 |237091 | 31795k| 102.1 |   507M | 262 | 951 |5425 |5425 |   0 |  0 |   0 |  37 | 4.300000e+01 | 9.920000e+01 | 130.70%| unknown
 1826s|311500 |237171 | 31796k| 102.1 |   507M | 262 | 951 |5425 |5425 |   0 |  0 |   0 |  37 | 4.300000e+01 | 9.920000e+01 | 130.70%| unknown
 1826s|311600 |237245 | 31797k| 102.0 |   507M | 262 | 951 |5425 |5425 |   0 |  0 |   0 |  37 | 4.300000e+01 | 9.920000e+01 | 130.70%| unknown
 1826s|311700 |237307 | 31798k| 102.0 |   508M | 262 | 951 |5425 |5425 |   0 |  0 |   0 |  37 | 4.300000e+01 | 9.920000e+01 | 130.70%| unknown
 1827s|311800 |237381 | 31800k| 102.0 |   508M | 262 | 951 |5425 |5425 |   0 |  0 |   0 |  37 | 4.300000e+01 | 9.920000e+01 | 130.70%| unknown
 time | node  | left  |LP iter|LP it/n|mem/heur|mdpt |vars |cons |rows |cuts |sepa|confs|strbr|  dualbound   | primalbound  |  gap   | compl. 
 1827s|311900 |237457 | 31801k| 102.0 |   508M | 262 | 951 |5425 |5425 |   0 |  0 |   0 |  37 | 4.300000e+01 | 9.920000e+01 | 130.70%| unknown
 1827s|312000 |237529 | 31802k| 101.9 |   508M | 262 | 951 |5425 |5425 |   0 |  0 |   0 |  37 | 4.300000e+01 | 9.920000e+01 | 130.70%| unknown
 1827s|312100 |237615 | 31803k| 101.9 |   508M | 262 | 951 |5425 |5425 |   0 |  0 |   0 |  37 | 4.300000e+01 | 9.920000e+01 | 130.70%| unknown
 1827s|312200 |237697 | 31804k| 101.9 |   508M | 262 | 951 |5425 |5425 |   0 |  0 |   0 |  37 | 4.300000e+01 | 9.920000e+01 | 130.70%| unknown
 1827s|312300 |237773 | 31805k| 101.8 |   508M | 262 | 951 |5425 |5425 |   0 |  0 |   0 |  37 | 4.300000e+01 | 9.920000e+01 | 130.70%| unknown
 1828s|312400 |237839 | 31807k| 101.8 |   508M | 262 | 951 |5425 |5425 |   0 |  0 |   0 |  37 | 4.300000e+01 | 9.920000e+01 | 130.70%| unknown
 1828s|312500 |237913 | 31808k| 101.8 |   508M | 262 | 951 |5425 |5425 |   0 |  0 |   0 |  37 | 4.300000e+01 | 9.920000e+01 | 130.70%| unknown
 1828s|312600 |237985 | 31812k| 101.8 |   508M | 262 | 951 |5425 |5425 |   0 |  0 |   0 |  37 | 4.300000e+01 | 9.920000e+01 | 130.70%| unknown
 1829s|312700 |238055 | 31826k| 101.8 |   508M | 262 | 951 |5425 |5425 |   0 |  0 |   0 |  37 | 4.300000e+01 | 9.920000e+01 | 130.70%| unknown
 1830s|312800 |238125 | 31843k| 101.8 |   509M | 262 | 951 |5425 |5425 |   0 |  0 |   0 |  37 | 4.300000e+01 | 9.920000e+01 | 130.70%| unknown
 1831s|312900 |238189 | 31861k| 101.8 |   509M | 262 | 951 |5425 |5425 |   0 |  0 |   0 |  37 | 4.300000e+01 | 9.920000e+01 | 130.70%| unknown
 1832s|313000 |238259 | 31885k| 101.9 |   509M | 262 | 951 |5425 |5425 |   0 |  0 |   0 |  37 | 4.300000e+01 | 9.920000e+01 | 130.70%| unknown
 1833s|313100 |238329 | 31898k| 101.9 |   509M | 262 | 951 |5425 |5425 |   0 |  0 |   0 |  37 | 4.300000e+01 | 9.920000e+01 | 130.70%| unknown
 1834s|313200 |238393 | 31935k| 102.0 |   509M | 262 | 951 |5425 |5425 |   0 |  0 |   0 |  37 | 4.300000e+01 | 9.920000e+01 | 130.70%| unknown
 1835s|313300 |238465 | 31958k| 102.0 |   509M | 262 | 951 |5425 |5425 |   0 |  0 |   0 |  37 | 4.300000e+01 | 9.920000e+01 | 130.70%| unknown
 time | node  | left  |LP iter|LP it/n|mem/heur|mdpt |vars |cons |rows |cuts |sepa|confs|strbr|  dualbound   | primalbound  |  gap   | compl. 
 1837s|313400 |238545 | 31985k| 102.1 |   509M | 262 | 951 |5425 |5425 |   0 |  0 |   0 |  37 | 4.300000e+01 | 9.920000e+01 | 130.70%| unknown
 1838s|313500 |238609 | 32008k| 102.1 |   509M | 262 | 951 |5425 |5425 |   0 |  0 |   0 |  37 | 4.300000e+01 | 9.920000e+01 | 130.70%| unknown
 1839s|313600 |238701 | 32023k| 102.1 |   509M | 262 | 951 |5425 |5425 |   0 |  0 |   0 |  37 | 4.300000e+01 | 9.920000e+01 | 130.70%| unknown
 1839s|313700 |238775 | 32031k| 102.1 |   509M | 262 | 951 |5425 |5425 |   0 |  0 |   0 |  37 | 4.300000e+01 | 9.920000e+01 | 130.70%| unknown
 1840s|313800 |238845 | 32032k| 102.1 |   510M | 262 | 951 |5425 |5425 |   0 |  0 |   0 |  37 | 4.300000e+01 | 9.920000e+01 | 130.70%| unknown
 1840s|313900 |238915 | 32047k| 102.1 |   513M | 262 | 951 |5425 |5425 |   0 |  0 |   0 |  37 | 4.300000e+01 | 9.920000e+01 | 130.70%| unknown
 1841s|314000 |238973 | 32066k| 102.1 |   513M | 262 | 951 |5425 |5425 |   0 |  0 |   0 |  37 | 4.300000e+01 | 9.920000e+01 | 130.70%| unknown
 1842s|314100 |239033 | 32082k| 102.1 |   513M | 262 | 951 |5425 |5425 |   0 |  0 |   0 |  37 | 4.300000e+01 | 9.920000e+01 | 130.70%| unknown
 1842s|314200 |239105 | 32083k| 102.1 |   513M | 262 | 951 |5425 |5425 |   0 |  0 |   0 |  37 | 4.300000e+01 | 9.920000e+01 | 130.70%| unknown
 1843s|314300 |239153 | 32085k| 102.1 |   513M | 262 | 951 |5425 |5425 |   0 |  0 |   0 |  37 | 4.300000e+01 | 9.920000e+01 | 130.70%| unknown
 1844s|314400 |239211 | 32105k| 102.1 |   513M | 262 | 951 |5425 |5425 |   0 |  0 |   0 |  37 | 4.300000e+01 | 9.920000e+01 | 130.70%| unknown
 1845s|314500 |239279 | 32133k| 102.2 |   513M | 262 | 951 |5425 |5425 |   0 |  0 |   0 |  37 | 4.300000e+01 | 9.920000e+01 | 130.70%| unknown
 1846s|314600 |239351 | 32155k| 102.2 |   513M | 262 | 951 |5425 |5425 |   0 |  0 |   0 |  37 | 4.300000e+01 | 9.920000e+01 | 130.70%| unknown
 1847s|314700 |239421 | 32180k| 102.3 |   513M | 262 | 951 |5425 |5425 |   0 |  0 |   0 |  37 | 4.300000e+01 | 9.920000e+01 | 130.70%| unknown
 1848s|314800 |239491 | 32201k| 102.3 |   513M | 262 | 951 |5425 |5425 |   0 |  0 |   0 |  37 | 4.300000e+01 | 9.920000e+01 | 130.70%| unknown
 time | node  | left  |LP iter|LP it/n|mem/heur|mdpt |vars |cons |rows |cuts |sepa|confs|strbr|  dualbound   | primalbound  |  gap   | compl. 
 1849s|314900 |239559 | 32217k| 102.3 |   513M | 262 | 951 |5425 |5425 |   0 |  0 |   0 |  37 | 4.300000e+01 | 9.920000e+01 | 130.70%| unknown
 1850s|315000 |239623 | 32238k| 102.3 |   513M | 262 | 951 |5425 |5425 |   0 |  0 |   0 |  37 | 4.300000e+01 | 9.920000e+01 | 130.70%| unknown
 1851s|315100 |239695 | 32259k| 102.4 |   514M | 262 | 951 |5425 |5425 |   0 |  0 |   0 |  37 | 4.300000e+01 | 9.920000e+01 | 130.70%| unknown
 1852s|315200 |239773 | 32271k| 102.4 |   514M | 262 | 951 |5425 |5425 |   0 |  0 |   0 |  37 | 4.300000e+01 | 9.920000e+01 | 130.70%| unknown
 1853s|315300 |239853 | 32283k| 102.4 |   514M | 262 | 951 |5425 |5425 |   0 |  0 |   0 |  37 | 4.300000e+01 | 9.920000e+01 | 130.70%| unknown
 1854s|315400 |239933 | 32304k| 102.4 |   514M | 262 | 951 |5425 |5425 |   0 |  0 |   0 |  37 | 4.300000e+01 | 9.920000e+01 | 130.70%| unknown
 1855s|315500 |240017 | 32318k| 102.4 |   514M | 262 | 951 |5425 |5425 |   0 |  0 |   0 |  37 | 4.300000e+01 | 9.920000e+01 | 130.70%| unknown
 1855s|315600 |240095 | 32330k| 102.4 |   514M | 262 | 951 |5425 |5425 |   0 |  0 |   0 |  37 | 4.300000e+01 | 9.920000e+01 | 130.70%| unknown
 1856s|315700 |240153 | 32341k| 102.4 |   514M | 262 | 951 |5425 |5425 |   0 |  0 |   0 |  37 | 4.300000e+01 | 9.920000e+01 | 130.70%| unknown
 1857s|315800 |240217 | 32365k| 102.5 |   514M | 262 | 951 |5425 |5425 |   0 |  0 |   0 |  37 | 4.300000e+01 | 9.920000e+01 | 130.70%| unknown
 1858s|315900 |240283 | 32378k| 102.5 |   514M | 262 | 951 |5425 |5425 |   0 |  0 |   0 |  37 | 4.300000e+01 | 9.920000e+01 | 130.70%| unknown
 1858s|316000 |240357 | 32379k| 102.5 |   514M | 262 | 951 |5425 |5425 |   0 |  0 |   0 |  37 | 4.300000e+01 | 9.920000e+01 | 130.70%| unknown
 1858s|316100 |240417 | 32380k| 102.4 |   514M | 262 | 951 |5425 |5425 |   0 |  0 |   0 |  37 | 4.300000e+01 | 9.920000e+01 | 130.70%| unknown
 1858s|316200 |240481 | 32382k| 102.4 |   515M | 262 | 951 |5425 |5425 |   0 |  0 |   0 |  37 | 4.300000e+01 | 9.920000e+01 | 130.70%| unknown
 1858s|316300 |240557 | 32383k| 102.4 |   516M | 262 | 951 |5425 |5425 |   0 |  0 |   0 |  37 | 4.300000e+01 | 9.920000e+01 | 130.70%| unknown
 time | node  | left  |LP iter|LP it/n|mem/heur|mdpt |vars |cons |rows |cuts |sepa|confs|strbr|  dualbound   | primalbound  |  gap   | compl. 
 1859s|316400 |240613 | 32384k| 102.4 |   516M | 262 | 951 |5425 |5425 |   0 |  0 |   0 |  37 | 4.300000e+01 | 9.920000e+01 | 130.70%| unknown
 1859s|316500 |240673 | 32396k| 102.4 |   516M | 262 | 951 |5425 |5425 |   0 |  0 |   0 |  37 | 4.300000e+01 | 9.920000e+01 | 130.70%| unknown
 1859s|316600 |240731 | 32399k| 102.3 |   516M | 262 | 951 |5425 |5425 |   0 |  0 |   0 |  37 | 4.300000e+01 | 9.920000e+01 | 130.70%| unknown
 1860s|316700 |240791 | 32400k| 102.3 |   516M | 262 | 951 |5425 |5425 |   0 |  0 |   0 |  37 | 4.300000e+01 | 9.920000e+01 | 130.70%| unknown
 1860s|316800 |240863 | 32402k| 102.3 |   516M | 262 | 951 |5425 |5425 |   0 |  0 |   0 |  37 | 4.300000e+01 | 9.920000e+01 | 130.70%| unknown
 1860s|316900 |240939 | 32403k| 102.2 |   516M | 262 | 951 |5425 |5425 |   0 |  0 |   0 |  37 | 4.300000e+01 | 9.920000e+01 | 130.70%| unknown
 1860s|317000 |241011 | 32404k| 102.2 |   516M | 262 | 951 |5425 |5425 |   0 |  0 |   0 |  37 | 4.300000e+01 | 9.920000e+01 | 130.70%| unknown
 1861s|317100 |241077 | 32422k| 102.2 |   516M | 262 | 951 |5425 |5425 |   0 |  0 |   0 |  37 | 4.300000e+01 | 9.920000e+01 | 130.70%| unknown
 1862s|317200 |241153 | 32448k| 102.3 |   516M | 262 | 951 |5425 |5425 |   0 |  0 |   0 |  37 | 4.300000e+01 | 9.920000e+01 | 130.70%| unknown
 1863s|317300 |241227 | 32467k| 102.3 |   516M | 262 | 951 |5425 |5425 |   0 |  0 |   0 |  37 | 4.300000e+01 | 9.920000e+01 | 130.70%| unknown
 1864s|317400 |241275 | 32477k| 102.3 |   517M | 262 | 951 |5425 |5425 |   0 |  0 |   0 |  37 | 4.300000e+01 | 9.920000e+01 | 130.70%| unknown
 1865s|317500 |241349 | 32501k| 102.4 |   517M | 262 | 951 |5425 |5425 |   0 |  0 |   0 |  37 | 4.300000e+01 | 9.920000e+01 | 130.70%| unknown
 1866s|317600 |241423 | 32514k| 102.4 |   517M | 262 | 951 |5425 |5425 |   0 |  0 |   0 |  37 | 4.300000e+01 | 9.920000e+01 | 130.70%| unknown
 1867s|317700 |241491 | 32544k| 102.4 |   517M | 262 | 951 |5425 |5425 |   0 |  0 |   0 |  37 | 4.300000e+01 | 9.920000e+01 | 130.70%| unknown
 1868s|317800 |241567 | 32560k| 102.5 |   517M | 262 | 951 |5425 |5425 |   0 |  0 |   0 |  37 | 4.300000e+01 | 9.920000e+01 | 130.70%| unknown
 time | node  | left  |LP iter|LP it/n|mem/heur|mdpt |vars |cons |rows |cuts |sepa|confs|strbr|  dualbound   | primalbound  |  gap   | compl. 
 1870s|317900 |241639 | 32594k| 102.5 |   517M | 262 | 951 |5425 |5425 |   0 |  0 |   0 |  37 | 4.300000e+01 | 9.920000e+01 | 130.70%| unknown
 1871s|318000 |241709 | 32613k| 102.6 |   517M | 262 | 951 |5425 |5425 |   0 |  0 |   0 |  37 | 4.300000e+01 | 9.920000e+01 | 130.70%| unknown
 1872s|318100 |241783 | 32633k| 102.6 |   517M | 262 | 951 |5425 |5425 |   0 |  0 |   0 |  37 | 4.300000e+01 | 9.920000e+01 | 130.70%| unknown
 1873s|318200 |241845 | 32656k| 102.6 |   517M | 262 | 951 |5425 |5425 |   0 |  0 |   0 |  37 | 4.300000e+01 | 9.920000e+01 | 130.70%| unknown
 1874s|318300 |241905 | 32680k| 102.7 |   517M | 262 | 951 |5425 |5425 |   0 |  0 |   0 |  37 | 4.300000e+01 | 9.920000e+01 | 130.70%| unknown
 1875s|318400 |241977 | 32705k| 102.7 |   517M | 262 | 951 |5425 |5425 |   0 |  0 |   0 |  37 | 4.300000e+01 | 9.920000e+01 | 130.70%| unknown
 1876s|318500 |242027 | 32725k| 102.7 |   517M | 262 | 951 |5425 |5425 |   0 |  0 |   0 |  37 | 4.300000e+01 | 9.920000e+01 | 130.70%| unknown
 1877s|318600 |242095 | 32739k| 102.8 |   518M | 262 | 951 |5425 |5425 |   0 |  0 |   0 |  37 | 4.300000e+01 | 9.920000e+01 | 130.70%| unknown
 1878s|318700 |242167 | 32754k| 102.8 |   518M | 262 | 951 |5425 |5425 |   0 |  0 |   0 |  37 | 4.300000e+01 | 9.920000e+01 | 130.70%| unknown
 1878s|318800 |242239 | 32766k| 102.8 |   518M | 262 | 951 |5425 |5425 |   0 |  0 |   0 |  37 | 4.300000e+01 | 9.920000e+01 | 130.70%| unknown
 1879s|318900 |242307 | 32784k| 102.8 |   518M | 262 | 951 |5425 |5425 |   0 |  0 |   0 |  37 | 4.300000e+01 | 9.920000e+01 | 130.70%| unknown
 1880s|319000 |242367 | 32803k| 102.8 |   518M | 262 | 951 |5425 |5425 |   0 |  0 |   0 |  37 | 4.300000e+01 | 9.920000e+01 | 130.70%| unknown
 1881s|319100 |242439 | 32822k| 102.9 |   518M | 262 | 951 |5425 |5425 |   0 |  0 |   0 |  37 | 4.300000e+01 | 9.920000e+01 | 130.70%| unknown
 1882s|319200 |242507 | 32838k| 102.9 |   518M | 262 | 951 |5425 |5425 |   0 |  0 |   0 |  37 | 4.300000e+01 | 9.920000e+01 | 130.70%| unknown
 1883s|319300 |242571 | 32856k| 102.9 |   518M | 262 | 951 |5425 |5425 |   0 |  0 |   0 |  37 | 4.300000e+01 | 9.920000e+01 | 130.70%| unknown
 time | node  | left  |LP iter|LP it/n|mem/heur|mdpt |vars |cons |rows |cuts |sepa|confs|strbr|  dualbound   | primalbound  |  gap   | compl. 
 1884s|319400 |242635 | 32880k| 102.9 |   518M | 262 | 951 |5425 |5425 |   0 |  0 |   0 |  37 | 4.300000e+01 | 9.920000e+01 | 130.70%| unknown
 1886s|319500 |242693 | 32907k| 103.0 |   518M | 262 | 951 |5425 |5425 |   0 |  0 |   0 |  37 | 4.300000e+01 | 9.920000e+01 | 130.70%| unknown
 1887s|319600 |242769 | 32928k| 103.0 |   518M | 262 | 951 |5425 |5425 |   0 |  0 |   0 |  37 | 4.300000e+01 | 9.920000e+01 | 130.70%| unknown
 1888s|319700 |242823 | 32946k| 103.1 |   518M | 262 | 951 |5425 |5425 |   0 |  0 |   0 |  37 | 4.300000e+01 | 9.920000e+01 | 130.70%| unknown
 1889s|319800 |242881 | 32973k| 103.1 |   519M | 262 | 951 |5425 |5425 |   0 |  0 |   0 |  37 | 4.300000e+01 | 9.920000e+01 | 130.70%| unknown
 1890s|319900 |242947 | 32984k| 103.1 |   519M | 262 | 951 |5425 |5425 |   0 |  0 |   0 |  37 | 4.300000e+01 | 9.920000e+01 | 130.70%| unknown
 1890s|320000 |243005 | 32998k| 103.1 |   519M | 262 | 951 |5425 |5425 |   0 |  0 |   0 |  37 | 4.300000e+01 | 9.920000e+01 | 130.70%| unknown
 1891s|320100 |243077 | 33019k| 103.2 |   519M | 262 | 951 |5425 |5425 |   0 |  0 |   0 |  37 | 4.300000e+01 | 9.920000e+01 | 130.70%| unknown
 1892s|320200 |243141 | 33042k| 103.2 |   519M | 262 | 951 |5425 |5425 |   0 |  0 |   0 |  37 | 4.300000e+01 | 9.920000e+01 | 130.70%| unknown
 1893s|320300 |243201 | 33045k| 103.2 |   519M | 262 | 951 |5425 |5425 |   0 |  0 |   0 |  37 | 4.300000e+01 | 9.920000e+01 | 130.70%| unknown
 1893s|320400 |243265 | 33046k| 103.1 |   519M | 262 | 951 |5425 |5425 |   0 |  0 |   0 |  37 | 4.300000e+01 | 9.920000e+01 | 130.70%| unknown
 1893s|320500 |243339 | 33048k| 103.1 |   520M | 262 | 951 |5425 |5425 |   0 |  0 |   0 |  37 | 4.300000e+01 | 9.920000e+01 | 130.70%| unknown
 1893s|320600 |243405 | 33049k| 103.1 |   521M | 262 | 951 |5425 |5425 |   0 |  0 |   0 |  37 | 4.300000e+01 | 9.920000e+01 | 130.70%| unknown
 1893s|320700 |243465 | 33050k| 103.1 |   521M | 262 | 951 |5425 |5425 |   0 |  0 |   0 |  37 | 4.300000e+01 | 9.920000e+01 | 130.70%| unknown
 1893s|320800 |243527 | 33052k| 103.0 |   521M | 262 | 951 |5425 |5425 |   0 |  0 |   0 |  37 | 4.300000e+01 | 9.920000e+01 | 130.70%| unknown
 time | node  | left  |LP iter|LP it/n|mem/heur|mdpt |vars |cons |rows |cuts |sepa|confs|strbr|  dualbound   | primalbound  |  gap   | compl. 
 1894s|320900 |243583 | 33053k| 103.0 |   521M | 262 | 951 |5425 |5425 |   0 |  0 |   0 |  37 | 4.300000e+01 | 9.920000e+01 | 130.70%| unknown
 1894s|321000 |243629 | 33054k| 103.0 |   521M | 262 | 951 |5425 |5425 |   0 |  0 |   0 |  37 | 4.300000e+01 | 9.920000e+01 | 130.70%| unknown
 1894s|321100 |243689 | 33056k| 102.9 |   522M | 262 | 951 |5425 |5425 |   0 |  0 |   0 |  37 | 4.300000e+01 | 9.920000e+01 | 130.70%| unknown
 1894s|321200 |243745 | 33057k| 102.9 |   522M | 262 | 951 |5425 |5425 |   0 |  0 |   0 |  37 | 4.300000e+01 | 9.920000e+01 | 130.70%| unknown
 1894s|321300 |243801 | 33059k| 102.9 |   522M | 262 | 951 |5425 |5425 |   0 |  0 |   0 |  37 | 4.300000e+01 | 9.920000e+01 | 130.70%| unknown
 1895s|321400 |243871 | 33059k| 102.9 |   522M | 262 | 951 |5425 |5425 |   0 |  0 |   0 |  37 | 4.300000e+01 | 9.920000e+01 | 130.70%| unknown
 1895s|321500 |243943 | 33061k| 102.8 |   522M | 262 | 951 |5425 |5425 |   0 |  0 |   0 |  37 | 4.300000e+01 | 9.920000e+01 | 130.70%| unknown
 1896s|321600 |244019 | 33081k| 102.9 |   522M | 262 | 951 |5425 |5425 |   0 |  0 |   0 |  37 | 4.300000e+01 | 9.920000e+01 | 130.70%| unknown
 1897s|321700 |244087 | 33105k| 102.9 |   522M | 262 | 951 |5425 |5425 |   0 |  0 |   0 |  37 | 4.300000e+01 | 9.920000e+01 | 130.70%| unknown
 1898s|321800 |244147 | 33124k| 102.9 |   522M | 262 | 951 |5425 |5425 |   0 |  0 |   0 |  37 | 4.300000e+01 | 9.920000e+01 | 130.70%| unknown
 1899s|321900 |244211 | 33142k| 103.0 |   522M | 262 | 951 |5425 |5425 |   0 |  0 |   0 |  37 | 4.300000e+01 | 9.920000e+01 | 130.70%| unknown
 1899s|322000 |244289 | 33143k| 102.9 |   522M | 262 | 951 |5425 |5425 |   0 |  0 |   0 |  37 | 4.300000e+01 | 9.920000e+01 | 130.70%| unknown
 1899s|322100 |244353 | 33144k| 102.9 |   522M | 262 | 951 |5425 |5425 |   0 |  0 |   0 |  37 | 4.300000e+01 | 9.920000e+01 | 130.70%| unknown
 1899s|322200 |244437 | 33145k| 102.9 |   522M | 262 | 951 |5425 |5425 |   0 |  0 |   0 |  37 | 4.300000e+01 | 9.920000e+01 | 130.70%| unknown
 1900s|322300 |244525 | 33147k| 102.8 |   523M | 262 | 951 |5425 |5425 |   0 |  0 |   0 |  37 | 4.300000e+01 | 9.920000e+01 | 130.70%| unknown
 time | node  | left  |LP iter|LP it/n|mem/heur|mdpt |vars |cons |rows |cuts |sepa|confs|strbr|  dualbound   | primalbound  |  gap   | compl. 
 1900s|322400 |244603 | 33148k| 102.8 |   523M | 262 | 951 |5425 |5425 |   0 |  0 |   0 |  37 | 4.300000e+01 | 9.920000e+01 | 130.70%| unknown
 1900s|322500 |244681 | 33150k| 102.8 |   523M | 262 | 951 |5425 |5425 |   0 |  0 |   0 |  37 | 4.300000e+01 | 9.920000e+01 | 130.70%| unknown
 1901s|322600 |244747 | 33162k| 102.8 |   523M | 262 | 951 |5425 |5425 |   0 |  0 |   0 |  37 | 4.300000e+01 | 9.920000e+01 | 130.70%| unknown
 1902s|322700 |244813 | 33194k| 102.9 |   523M | 262 | 951 |5425 |5425 |   0 |  0 |   0 |  37 | 4.300000e+01 | 9.920000e+01 | 130.70%| unknown
 1903s|322800 |244889 | 33208k| 102.9 |   523M | 262 | 951 |5425 |5425 |   0 |  0 |   0 |  37 | 4.300000e+01 | 9.920000e+01 | 130.70%| unknown
 1903s|322900 |244951 | 33210k| 102.8 |   523M | 262 | 951 |5425 |5425 |   0 |  0 |   0 |  37 | 4.300000e+01 | 9.920000e+01 | 130.70%| unknown
 1904s|323000 |245019 | 33223k| 102.9 |   523M | 262 | 951 |5425 |5425 |   0 |  0 |   0 |  37 | 4.300000e+01 | 9.920000e+01 | 130.70%| unknown
 1906s|323100 |245091 | 33258k| 102.9 |   523M | 262 | 951 |5425 |5425 |   0 |  0 |   0 |  37 | 4.300000e+01 | 9.920000e+01 | 130.70%| unknown
 1907s|323200 |245147 | 33281k| 103.0 |   523M | 262 | 951 |5425 |5425 |   0 |  0 |   0 |  37 | 4.300000e+01 | 9.920000e+01 | 130.70%| unknown
 1908s|323300 |245215 | 33299k| 103.0 |   523M | 262 | 951 |5425 |5425 |   0 |  0 |   0 |  37 | 4.300000e+01 | 9.920000e+01 | 130.70%| unknown
 1909s|323400 |245287 | 33321k| 103.0 |   524M | 262 | 951 |5425 |5425 |   0 |  0 |   0 |  37 | 4.300000e+01 | 9.920000e+01 | 130.70%| unknown
 1910s|323500 |245357 | 33347k| 103.1 |   524M | 262 | 951 |5425 |5425 |   0 |  0 |   0 |  37 | 4.300000e+01 | 9.920000e+01 | 130.70%| unknown
 1911s|323600 |245431 | 33363k| 103.1 |   524M | 262 | 951 |5425 |5425 |   0 |  0 |   0 |  37 | 4.300000e+01 | 9.920000e+01 | 130.70%| unknown
 1912s|323700 |245487 | 33379k| 103.1 |   524M | 262 | 951 |5425 |5425 |   0 |  0 |   0 |  37 | 4.300000e+01 | 9.920000e+01 | 130.70%| unknown
 1913s|323800 |245561 | 33392k| 103.1 |   524M | 262 | 951 |5425 |5425 |   0 |  0 |   0 |  37 | 4.300000e+01 | 9.920000e+01 | 130.70%| unknown
 time | node  | left  |LP iter|LP it/n|mem/heur|mdpt |vars |cons |rows |cuts |sepa|confs|strbr|  dualbound   | primalbound  |  gap   | compl. 
 1914s|323900 |245617 | 33421k| 103.2 |   524M | 262 | 951 |5425 |5425 |   0 |  0 |   0 |  37 | 4.300000e+01 | 9.920000e+01 | 130.70%| unknown
 1915s|324000 |245679 | 33440k| 103.2 |   525M | 262 | 951 |5425 |5425 |   0 |  0 |   0 |  37 | 4.300000e+01 | 9.920000e+01 | 130.70%| unknown
 1916s|324100 |245755 | 33465k| 103.3 |   525M | 262 | 951 |5425 |5425 |   0 |  0 |   0 |  37 | 4.300000e+01 | 9.920000e+01 | 130.70%| unknown
 1917s|324200 |245833 | 33477k| 103.3 |   525M | 262 | 951 |5425 |5425 |   0 |  0 |   0 |  37 | 4.300000e+01 | 9.920000e+01 | 130.70%| unknown
 1918s|324300 |245897 | 33509k| 103.3 |   525M | 262 | 951 |5425 |5425 |   0 |  0 |   0 |  37 | 4.300000e+01 | 9.920000e+01 | 130.70%| unknown
 1919s|324400 |245963 | 33514k| 103.3 |   525M | 262 | 951 |5425 |5425 |   0 |  0 |   0 |  37 | 4.300000e+01 | 9.920000e+01 | 130.70%| unknown
 1919s|324500 |246023 | 33516k| 103.3 |   525M | 262 | 951 |5425 |5425 |   0 |  0 |   0 |  37 | 4.300000e+01 | 9.920000e+01 | 130.70%| unknown
 1919s|324600 |246093 | 33517k| 103.3 |   526M | 262 | 951 |5425 |5425 |   0 |  0 |   0 |  37 | 4.300000e+01 | 9.920000e+01 | 130.70%| unknown
 1920s|324700 |246151 | 33542k| 103.3 |   526M | 262 | 951 |5425 |5425 |   0 |  0 |   0 |  37 | 4.300000e+01 | 9.920000e+01 | 130.70%| unknown
 1921s|324800 |246223 | 33562k| 103.3 |   527M | 262 | 951 |5425 |5425 |   0 |  0 |   0 |  37 | 4.300000e+01 | 9.920000e+01 | 130.70%| unknown
 1922s|324900 |246293 | 33580k| 103.4 |   527M | 262 | 951 |5425 |5425 |   0 |  0 |   0 |  37 | 4.300000e+01 | 9.920000e+01 | 130.70%| unknown
 1922s|325000 |246373 | 33581k| 103.3 |   527M | 262 | 951 |5425 |5425 |   0 |  0 |   0 |  37 | 4.300000e+01 | 9.920000e+01 | 130.70%| unknown
 1923s|325100 |246441 | 33582k| 103.3 |   527M | 262 | 951 |5425 |5425 |   0 |  0 |   0 |  37 | 4.300000e+01 | 9.920000e+01 | 130.70%| unknown
 1923s|325200 |246501 | 33583k| 103.3 |   527M | 262 | 951 |5425 |5425 |   0 |  0 |   0 |  37 | 4.300000e+01 | 9.920000e+01 | 130.70%| unknown
 1923s|325300 |246565 | 33595k| 103.3 |   527M | 262 | 951 |5425 |5425 |   0 |  0 |   0 |  37 | 4.300000e+01 | 9.920000e+01 | 130.70%| unknown
 time | node  | left  |LP iter|LP it/n|mem/heur|mdpt |vars |cons |rows |cuts |sepa|confs|strbr|  dualbound   | primalbound  |  gap   | compl. 
 1924s|325400 |246639 | 33604k| 103.3 |   527M | 262 | 951 |5425 |5425 |   0 |  0 |   0 |  37 | 4.300000e+01 | 9.920000e+01 | 130.70%| unknown
 1925s|325500 |246721 | 33622k| 103.3 |   527M | 262 | 951 |5425 |5425 |   0 |  0 |   0 |  37 | 4.300000e+01 | 9.920000e+01 | 130.70%| unknown
 1927s|325600 |246781 | 33659k| 103.4 |   527M | 262 | 951 |5425 |5425 |   0 |  0 |   0 |  37 | 4.300000e+01 | 9.920000e+01 | 130.70%| unknown
 1927s|325700 |246839 | 33661k| 103.3 |   528M | 262 | 951 |5425 |5425 |   0 |  0 |   0 |  37 | 4.300000e+01 | 9.920000e+01 | 130.70%| unknown
 1927s|325800 |246905 | 33662k| 103.3 |   528M | 262 | 951 |5425 |5425 |   0 |  0 |   0 |  37 | 4.300000e+01 | 9.920000e+01 | 130.70%| unknown
 1928s|325900 |246975 | 33673k| 103.3 |   528M | 262 | 951 |5425 |5425 |   0 |  0 |   0 |  37 | 4.300000e+01 | 9.920000e+01 | 130.70%| unknown
 1929s|326000 |247045 | 33695k| 103.4 |   528M | 262 | 951 |5425 |5425 |   0 |  0 |   0 |  37 | 4.300000e+01 | 9.920000e+01 | 130.70%| unknown
 1930s|326100 |247115 | 33724k| 103.4 |   528M | 262 | 951 |5425 |5425 |   0 |  0 |   0 |  37 | 4.300000e+01 | 9.920000e+01 | 130.70%| unknown
 1931s|326200 |247191 | 33741k| 103.4 |   528M | 262 | 951 |5425 |5425 |   0 |  0 |   0 |  37 | 4.300000e+01 | 9.920000e+01 | 130.70%| unknown
 1932s|326300 |247263 | 33761k| 103.5 |   528M | 262 | 951 |5425 |5425 |   0 |  0 |   0 |  37 | 4.300000e+01 | 9.920000e+01 | 130.70%| unknown
 1933s|326400 |247323 | 33786k| 103.5 |   528M | 262 | 951 |5425 |5425 |   0 |  0 |   0 |  37 | 4.300000e+01 | 9.920000e+01 | 130.70%| unknown
 1934s|326500 |247385 | 33802k| 103.5 |   528M | 262 | 951 |5425 |5425 |   0 |  0 |   0 |  37 | 4.300000e+01 | 9.920000e+01 | 130.70%| unknown
 1936s|326600 |247459 | 33826k| 103.6 |   528M | 262 | 951 |5425 |5425 |   0 |  0 |   0 |  37 | 4.300000e+01 | 9.920000e+01 | 130.70%| unknown
 1936s|326700 |247521 | 33836k| 103.6 |   528M | 262 | 951 |5425 |5425 |   0 |  0 |   0 |  37 | 4.300000e+01 | 9.920000e+01 | 130.70%| unknown
 1937s|326800 |247591 | 33859k| 103.6 |   528M | 262 | 951 |5425 |5425 |   0 |  0 |   0 |  37 | 4.300000e+01 | 9.920000e+01 | 130.70%| unknown
 time | node  | left  |LP iter|LP it/n|mem/heur|mdpt |vars |cons |rows |cuts |sepa|confs|strbr|  dualbound   | primalbound  |  gap   | compl. 
 1939s|326900 |247661 | 33883k| 103.6 |   529M | 262 | 951 |5425 |5425 |   0 |  0 |   0 |  37 | 4.300000e+01 | 9.920000e+01 | 130.70%| unknown
 1939s|327000 |247749 | 33895k| 103.7 |   529M | 262 | 951 |5425 |5425 |   0 |  0 |   0 |  37 | 4.300000e+01 | 9.920000e+01 | 130.70%| unknown
 1940s|327100 |247831 | 33916k| 103.7 |   529M | 262 | 951 |5425 |5425 |   0 |  0 |   0 |  37 | 4.300000e+01 | 9.920000e+01 | 130.70%| unknown
 1941s|327200 |247897 | 33942k| 103.7 |   529M | 262 | 951 |5425 |5425 |   0 |  0 |   0 |  37 | 4.300000e+01 | 9.920000e+01 | 130.70%| unknown
 1943s|327300 |247953 | 33966k| 103.8 |   531M | 262 | 951 |5425 |5425 |   0 |  0 |   0 |  37 | 4.300000e+01 | 9.920000e+01 | 130.70%| unknown
 1944s|327400 |248013 | 33987k| 103.8 |   531M | 262 | 951 |5425 |5425 |   0 |  0 |   0 |  37 | 4.300000e+01 | 9.920000e+01 | 130.70%| unknown
 1945s|327500 |248103 | 34003k| 103.8 |   531M | 262 | 951 |5425 |5425 |   0 |  0 |   0 |  37 | 4.300000e+01 | 9.920000e+01 | 130.70%| unknown
 1945s|327600 |248181 | 34019k| 103.8 |   531M | 262 | 951 |5425 |5425 |   0 |  0 |   0 |  37 | 4.300000e+01 | 9.920000e+01 | 130.70%| unknown
 1947s|327700 |248237 | 34051k| 103.9 |   531M | 262 | 951 |5425 |5425 |   0 |  0 |   0 |  37 | 4.300000e+01 | 9.920000e+01 | 130.70%| unknown
 1948s|327800 |248297 | 34077k| 104.0 |   531M | 262 | 951 |5425 |5425 |   0 |  0 |   0 |  37 | 4.300000e+01 | 9.920000e+01 | 130.70%| unknown
 1949s|327900 |248369 | 34098k| 104.0 |   531M | 262 | 951 |5425 |5425 |   0 |  0 |   0 |  37 | 4.300000e+01 | 9.920000e+01 | 130.70%| unknown
 1950s|328000 |248451 | 34121k| 104.0 |   532M | 262 | 951 |5425 |5425 |   0 |  0 |   0 |  37 | 4.300000e+01 | 9.920000e+01 | 130.70%| unknown
 1951s|328100 |248541 | 34134k| 104.0 |   532M | 262 | 951 |5425 |5425 |   0 |  0 |   0 |  37 | 4.300000e+01 | 9.920000e+01 | 130.70%| unknown
 1951s|328200 |248639 | 34134k| 104.0 |   532M | 262 | 951 |5425 |5425 |   0 |  0 |   0 |  37 | 4.300000e+01 | 9.920000e+01 | 130.70%| unknown
 1952s|328300 |248733 | 34135k| 104.0 |   532M | 262 | 951 |5425 |5425 |   0 |  0 |   0 |  37 | 4.300000e+01 | 9.920000e+01 | 130.70%| unknown
 time | node  | left  |LP iter|LP it/n|mem/heur|mdpt |vars |cons |rows |cuts |sepa|confs|strbr|  dualbound   | primalbound  |  gap   | compl. 
 1952s|328400 |248825 | 34136k| 103.9 |   532M | 262 | 951 |5425 |5425 |   0 |  0 |   0 |  37 | 4.300000e+01 | 9.920000e+01 | 130.70%| unknown
 1952s|328500 |248925 | 34137k| 103.9 |   532M | 262 | 951 |5425 |5425 |   0 |  0 |   0 |  37 | 4.300000e+01 | 9.920000e+01 | 130.70%| unknown
 1952s|328600 |249023 | 34137k| 103.9 |   532M | 262 | 951 |5425 |5425 |   0 |  0 |   0 |  37 | 4.300000e+01 | 9.920000e+01 | 130.70%| unknown
 1952s|328700 |249111 | 34139k| 103.9 |   532M | 262 | 951 |5425 |5425 |   0 |  0 |   0 |  37 | 4.300000e+01 | 9.920000e+01 | 130.70%| unknown
 1952s|328800 |249209 | 34139k| 103.8 |   533M | 262 | 951 |5425 |5425 |   0 |  0 |   0 |  37 | 4.300000e+01 | 9.920000e+01 | 130.70%| unknown
 1953s|328900 |249303 | 34140k| 103.8 |   533M | 262 | 951 |5425 |5425 |   0 |  0 |   0 |  37 | 4.300000e+01 | 9.920000e+01 | 130.70%| unknown
 1953s|329000 |249381 | 34141k| 103.8 |   533M | 262 | 951 |5425 |5425 |   0 |  0 |   0 |  37 | 4.300000e+01 | 9.920000e+01 | 130.70%| unknown
 1953s|329100 |249465 | 34142k| 103.7 |   533M | 262 | 951 |5425 |5425 |   0 |  0 |   0 |  37 | 4.300000e+01 | 9.920000e+01 | 130.70%| unknown
 1953s|329200 |249563 | 34143k| 103.7 |   533M | 262 | 951 |5425 |5425 |   0 |  0 |   0 |  37 | 4.300000e+01 | 9.920000e+01 | 130.70%| unknown
 1953s|329300 |249655 | 34144k| 103.7 |   533M | 262 | 951 |5425 |5425 |   0 |  0 |   0 |  37 | 4.300000e+01 | 9.920000e+01 | 130.70%| unknown
 1953s|329400 |249751 | 34144k| 103.7 |   533M | 262 | 951 |5425 |5425 |   0 |  0 |   0 |  37 | 4.300000e+01 | 9.920000e+01 | 130.70%| unknown
 1954s|329500 |249839 | 34145k| 103.6 |   533M | 262 | 951 |5425 |5425 |   0 |  0 |   0 |  37 | 4.300000e+01 | 9.920000e+01 | 130.70%| unknown
 1954s|329600 |249929 | 34146k| 103.6 |   533M | 262 | 951 |5425 |5425 |   0 |  0 |   0 |  37 | 4.300000e+01 | 9.920000e+01 | 130.70%| unknown
 1954s|329700 |250011 | 34147k| 103.6 |   534M | 262 | 951 |5425 |5425 |   0 |  0 |   0 |  37 | 4.300000e+01 | 9.920000e+01 | 130.70%| unknown
 1954s|329800 |250109 | 34148k| 103.5 |   534M | 262 | 951 |5425 |5425 |   0 |  0 |   0 |  37 | 4.300000e+01 | 9.920000e+01 | 130.70%| unknown
 time | node  | left  |LP iter|LP it/n|mem/heur|mdpt |vars |cons |rows |cuts |sepa|confs|strbr|  dualbound   | primalbound  |  gap   | compl. 
 1954s|329900 |250209 | 34149k| 103.5 |   534M | 262 | 951 |5425 |5425 |   0 |  0 |   0 |  37 | 4.300000e+01 | 9.920000e+01 | 130.70%| unknown
 1955s|330000 |250287 | 34150k| 103.5 |   534M | 262 | 951 |5425 |5425 |   0 |  0 |   0 |  37 | 4.300000e+01 | 9.920000e+01 | 130.70%| unknown
 1955s|330100 |250339 | 34151k| 103.5 |   534M | 262 | 951 |5425 |5425 |   0 |  0 |   0 |  37 | 4.300000e+01 | 9.920000e+01 | 130.70%| unknown
 1955s|330200 |250429 | 34152k| 103.4 |   534M | 262 | 951 |5425 |5425 |   0 |  0 |   0 |  37 | 4.300000e+01 | 9.920000e+01 | 130.70%| unknown
 1955s|330300 |250513 | 34153k| 103.4 |   534M | 262 | 951 |5425 |5425 |   0 |  0 |   0 |  37 | 4.300000e+01 | 9.920000e+01 | 130.70%| unknown
 1955s|330400 |250601 | 34154k| 103.4 |   534M | 262 | 951 |5425 |5425 |   0 |  0 |   0 |  37 | 4.300000e+01 | 9.920000e+01 | 130.70%| unknown
 1955s|330500 |250697 | 34155k| 103.3 |   534M | 262 | 951 |5425 |5425 |   0 |  0 |   0 |  37 | 4.300000e+01 | 9.920000e+01 | 130.70%| unknown
 1956s|330600 |250791 | 34155k| 103.3 |   534M | 262 | 951 |5425 |5425 |   0 |  0 |   0 |  37 | 4.300000e+01 | 9.920000e+01 | 130.70%| unknown
 1956s|330700 |250883 | 34156k| 103.3 |   535M | 262 | 951 |5425 |5425 |   0 |  0 |   0 |  37 | 4.300000e+01 | 9.920000e+01 | 130.70%| unknown
 1956s|330800 |250983 | 34157k| 103.3 |   535M | 262 | 951 |5425 |5425 |   0 |  0 |   0 |  37 | 4.300000e+01 | 9.920000e+01 | 130.70%| unknown
 1956s|330900 |251079 | 34157k| 103.2 |   535M | 262 | 951 |5425 |5425 |   0 |  0 |   0 |  37 | 4.300000e+01 | 9.920000e+01 | 130.70%| unknown
 1956s|331000 |251157 | 34159k| 103.2 |   535M | 262 | 951 |5425 |5425 |   0 |  0 |   0 |  37 | 4.300000e+01 | 9.920000e+01 | 130.70%| unknown
 1956s|331100 |251247 | 34159k| 103.2 |   535M | 262 | 951 |5425 |5425 |   0 |  0 |   0 |  37 | 4.300000e+01 | 9.920000e+01 | 130.70%| unknown
 1957s|331200 |251325 | 34160k| 103.1 |   535M | 262 | 951 |5425 |5425 |   0 |  0 |   0 |  37 | 4.300000e+01 | 9.920000e+01 | 130.70%| unknown
 1957s|331300 |251385 | 34162k| 103.1 |   535M | 262 | 951 |5425 |5425 |   0 |  0 |   0 |  37 | 4.300000e+01 | 9.920000e+01 | 130.70%| unknown
 time | node  | left  |LP iter|LP it/n|mem/heur|mdpt |vars |cons |rows |cuts |sepa|confs|strbr|  dualbound   | primalbound  |  gap   | compl. 
 1957s|331400 |251467 | 34163k| 103.1 |   535M | 262 | 951 |5425 |5425 |   0 |  0 |   0 |  37 | 4.300000e+01 | 9.920000e+01 | 130.70%| unknown
 1957s|331500 |251547 | 34164k| 103.1 |   535M | 262 | 951 |5425 |5425 |   0 |  0 |   0 |  37 | 4.300000e+01 | 9.920000e+01 | 130.70%| unknown
 1957s|331600 |251633 | 34165k| 103.0 |   536M | 262 | 951 |5425 |5425 |   0 |  0 |   0 |  37 | 4.300000e+01 | 9.920000e+01 | 130.70%| unknown
 1958s|331700 |251709 | 34167k| 103.0 |   537M | 262 | 951 |5425 |5425 |   0 |  0 |   0 |  37 | 4.300000e+01 | 9.920000e+01 | 130.70%| unknown
 1958s|331800 |251771 | 34168k| 103.0 |   537M | 262 | 951 |5425 |5425 |   0 |  0 |   0 |  37 | 4.300000e+01 | 9.920000e+01 | 130.70%| unknown
 1958s|331900 |251839 | 34169k| 102.9 |   537M | 262 | 951 |5425 |5425 |   0 |  0 |   0 |  37 | 4.300000e+01 | 9.920000e+01 | 130.70%| unknown
 1958s|332000 |251893 | 34170k| 102.9 |   537M | 262 | 951 |5425 |5425 |   0 |  0 |   0 |  37 | 4.300000e+01 | 9.920000e+01 | 130.70%| unknown
 1959s|332100 |251971 | 34188k| 102.9 |   537M | 262 | 951 |5425 |5425 |   0 |  0 |   0 |  37 | 4.300000e+01 | 9.920000e+01 | 130.70%| unknown
 1960s|332200 |252033 | 34207k| 103.0 |   537M | 262 | 951 |5425 |5425 |   0 |  0 |   0 |  37 | 4.300000e+01 | 9.920000e+01 | 130.70%| unknown
 1962s|332300 |252117 | 34240k| 103.0 |   537M | 262 | 951 |5425 |5425 |   0 |  0 |   0 |  37 | 4.300000e+01 | 9.920000e+01 | 130.70%| unknown
 1963s|332400 |252187 | 34261k| 103.1 |   537M | 262 | 951 |5425 |5425 |   0 |  0 |   0 |  37 | 4.300000e+01 | 9.920000e+01 | 130.70%| unknown
 1963s|332500 |252255 | 34270k| 103.1 |   537M | 262 | 951 |5425 |5425 |   0 |  0 |   0 |  37 | 4.300000e+01 | 9.920000e+01 | 130.70%| unknown
 1964s|332600 |252339 | 34271k| 103.0 |   537M | 262 | 951 |5425 |5425 |   0 |  0 |   0 |  37 | 4.300000e+01 | 9.920000e+01 | 130.70%| unknown
 1964s|332700 |252407 | 34273k| 103.0 |   538M | 262 | 951 |5425 |5425 |   0 |  0 |   0 |  37 | 4.300000e+01 | 9.920000e+01 | 130.70%| unknown
 1964s|332800 |252487 | 34274k| 103.0 |   539M | 262 | 951 |5425 |5425 |   0 |  0 |   0 |  37 | 4.300000e+01 | 9.920000e+01 | 130.70%| unknown
 time | node  | left  |LP iter|LP it/n|mem/heur|mdpt |vars |cons |rows |cuts |sepa|confs|strbr|  dualbound   | primalbound  |  gap   | compl. 
 1964s|332900 |252567 | 34275k| 103.0 |   539M | 262 | 951 |5425 |5425 |   0 |  0 |   0 |  37 | 4.300000e+01 | 9.920000e+01 | 130.70%| unknown
 1964s|333000 |252651 | 34276k| 102.9 |   539M | 262 | 951 |5425 |5425 |   0 |  0 |   0 |  37 | 4.300000e+01 | 9.920000e+01 | 130.70%| unknown
 1964s|333100 |252739 | 34277k| 102.9 |   539M | 262 | 951 |5425 |5425 |   0 |  0 |   0 |  37 | 4.300000e+01 | 9.920000e+01 | 130.70%| unknown
 1965s|333200 |252801 | 34292k| 102.9 |   539M | 262 | 951 |5425 |5425 |   0 |  0 |   0 |  37 | 4.300000e+01 | 9.920000e+01 | 130.70%| unknown
 1966s|333300 |252885 | 34305k| 102.9 |   540M | 262 | 951 |5425 |5425 |   0 |  0 |   0 |  37 | 4.300000e+01 | 9.920000e+01 | 130.70%| unknown
 1967s|333400 |252961 | 34321k| 102.9 |   540M | 262 | 951 |5425 |5425 |   0 |  0 |   0 |  37 | 4.300000e+01 | 9.920000e+01 | 130.70%| unknown
 1968s|333500 |253039 | 34342k| 103.0 |   540M | 262 | 951 |5425 |5425 |   0 |  0 |   0 |  37 | 4.300000e+01 | 9.920000e+01 | 130.70%| unknown
 1969s|333600 |253115 | 34361k| 103.0 |   540M | 262 | 951 |5425 |5425 |   0 |  0 |   0 |  37 | 4.300000e+01 | 9.920000e+01 | 130.70%| unknown
 1970s|333700 |253177 | 34382k| 103.0 |   540M | 262 | 951 |5425 |5425 |   0 |  0 |   0 |  37 | 4.300000e+01 | 9.920000e+01 | 130.70%| unknown
 1971s|333800 |253243 | 34416k| 103.1 |   541M | 262 | 951 |5425 |5425 |   0 |  0 |   0 |  37 | 4.300000e+01 | 9.920000e+01 | 130.70%| unknown
 1972s|333900 |253299 | 34431k| 103.1 |   541M | 262 | 951 |5425 |5425 |   0 |  0 |   0 |  37 | 4.300000e+01 | 9.920000e+01 | 130.70%| unknown
 1973s|334000 |253367 | 34449k| 103.1 |   541M | 262 | 951 |5425 |5425 |   0 |  0 |   0 |  37 | 4.300000e+01 | 9.920000e+01 | 130.70%| unknown
 1974s|334100 |253433 | 34469k| 103.2 |   541M | 262 | 951 |5425 |5425 |   0 |  0 |   0 |  37 | 4.300000e+01 | 9.920000e+01 | 130.70%| unknown
 1975s|334200 |253513 | 34482k| 103.2 |   541M | 262 | 951 |5425 |5425 |   0 |  0 |   0 |  37 | 4.300000e+01 | 9.920000e+01 | 130.70%| unknown
 1976s|334300 |253593 | 34501k| 103.2 |   541M | 262 | 951 |5425 |5425 |   0 |  0 |   0 |  37 | 4.300000e+01 | 9.920000e+01 | 130.70%| unknown
 time | node  | left  |LP iter|LP it/n|mem/heur|mdpt |vars |cons |rows |cuts |sepa|confs|strbr|  dualbound   | primalbound  |  gap   | compl. 
 1977s|334400 |253669 | 34517k| 103.2 |   541M | 262 | 951 |5425 |5425 |   0 |  0 |   0 |  37 | 4.300000e+01 | 9.920000e+01 | 130.70%| unknown
 1978s|334500 |253745 | 34536k| 103.2 |   541M | 262 | 951 |5425 |5425 |   0 |  0 |   0 |  37 | 4.300000e+01 | 9.920000e+01 | 130.70%| unknown
 1978s|334600 |253805 | 34551k| 103.3 |   541M | 262 | 951 |5425 |5425 |   0 |  0 |   0 |  37 | 4.300000e+01 | 9.920000e+01 | 130.70%| unknown
 1980s|334700 |253875 | 34580k| 103.3 |   541M | 262 | 951 |5425 |5425 |   0 |  0 |   0 |  37 | 4.300000e+01 | 9.920000e+01 | 130.70%| unknown
 1981s|334800 |253943 | 34600k| 103.3 |   541M | 262 | 951 |5425 |5425 |   0 |  0 |   0 |  37 | 4.300000e+01 | 9.920000e+01 | 130.70%| unknown
 1982s|334900 |254009 | 34617k| 103.4 |   542M | 262 | 951 |5425 |5425 |   0 |  0 |   0 |  37 | 4.300000e+01 | 9.920000e+01 | 130.70%| unknown
 1983s|335000 |254079 | 34642k| 103.4 |   542M | 262 | 951 |5425 |5425 |   0 |  0 |   0 |  37 | 4.300000e+01 | 9.920000e+01 | 130.70%| unknown
 1984s|335100 |254145 | 34663k| 103.4 |   542M | 262 | 951 |5425 |5425 |   0 |  0 |   0 |  37 | 4.300000e+01 | 9.920000e+01 | 130.70%| unknown
 1985s|335200 |254231 | 34677k| 103.4 |   542M | 262 | 951 |5425 |5425 |   0 |  0 |   0 |  37 | 4.300000e+01 | 9.920000e+01 | 130.70%| unknown
 1986s|335300 |254313 | 34698k| 103.5 |   542M | 262 | 951 |5425 |5425 |   0 |  0 |   0 |  37 | 4.300000e+01 | 9.920000e+01 | 130.70%| unknown
 1987s|335400 |254379 | 34723k| 103.5 |   542M | 262 | 951 |5425 |5425 |   0 |  0 |   0 |  37 | 4.300000e+01 | 9.920000e+01 | 130.70%| unknown
 1988s|335500 |254453 | 34745k| 103.6 |   542M | 262 | 951 |5425 |5425 |   0 |  0 |   0 |  37 | 4.300000e+01 | 9.920000e+01 | 130.70%| unknown
 1989s|335600 |254531 | 34763k| 103.6 |   542M | 262 | 951 |5425 |5425 |   0 |  0 |   0 |  37 | 4.300000e+01 | 9.920000e+01 | 130.70%| unknown
 1991s|335700 |254593 | 34792k| 103.6 |   542M | 262 | 951 |5425 |5425 |   0 |  0 |   0 |  37 | 4.300000e+01 | 9.920000e+01 | 130.70%| unknown
 1992s|335800 |254669 | 34817k| 103.7 |   542M | 262 | 951 |5425 |5425 |   0 |  0 |   0 |  37 | 4.300000e+01 | 9.920000e+01 | 130.70%| unknown
 time | node  | left  |LP iter|LP it/n|mem/heur|mdpt |vars |cons |rows |cuts |sepa|confs|strbr|  dualbound   | primalbound  |  gap   | compl. 
 1993s|335900 |254747 | 34834k| 103.7 |   542M | 262 | 951 |5425 |5425 |   0 |  0 |   0 |  37 | 4.300000e+01 | 9.920000e+01 | 130.70%| unknown
 1993s|336000 |254799 | 34842k| 103.7 |   544M | 262 | 951 |5425 |5425 |   0 |  0 |   0 |  37 | 4.300000e+01 | 9.920000e+01 | 130.70%| unknown
 1993s|336100 |254863 | 34843k| 103.7 |   544M | 262 | 951 |5425 |5425 |   0 |  0 |   0 |  37 | 4.300000e+01 | 9.920000e+01 | 130.70%| unknown
 1994s|336200 |254929 | 34844k| 103.6 |   544M | 262 | 951 |5425 |5425 |   0 |  0 |   0 |  37 | 4.300000e+01 | 9.920000e+01 | 130.70%| unknown
 1994s|336300 |254983 | 34846k| 103.6 |   544M | 262 | 951 |5425 |5425 |   0 |  0 |   0 |  37 | 4.300000e+01 | 9.920000e+01 | 130.70%| unknown
 1994s|336400 |255045 | 34847k| 103.6 |   544M | 262 | 951 |5425 |5425 |   0 |  0 |   0 |  37 | 4.300000e+01 | 9.920000e+01 | 130.70%| unknown
 1994s|336500 |255111 | 34849k| 103.6 |   544M | 262 | 951 |5425 |5425 |   0 |  0 |   0 |  37 | 4.300000e+01 | 9.920000e+01 | 130.70%| unknown
 1994s|336600 |255191 | 34850k| 103.5 |   544M | 262 | 951 |5425 |5425 |   0 |  0 |   0 |  37 | 4.300000e+01 | 9.920000e+01 | 130.70%| unknown
 1994s|336700 |255263 | 34851k| 103.5 |   544M | 262 | 951 |5425 |5425 |   0 |  0 |   0 |  37 | 4.300000e+01 | 9.920000e+01 | 130.70%| unknown
 1995s|336800 |255349 | 34852k| 103.5 |   544M | 262 | 951 |5425 |5425 |   0 |  0 |   0 |  37 | 4.300000e+01 | 9.920000e+01 | 130.70%| unknown
 1995s|336900 |255413 | 34853k| 103.5 |   544M | 262 | 951 |5425 |5425 |   0 |  0 |   0 |  37 | 4.300000e+01 | 9.920000e+01 | 130.70%| unknown
 1995s|337000 |255481 | 34854k| 103.4 |   544M | 262 | 951 |5425 |5425 |   0 |  0 |   0 |  37 | 4.300000e+01 | 9.920000e+01 | 130.70%| unknown
 1995s|337100 |255555 | 34855k| 103.4 |   544M | 262 | 951 |5425 |5425 |   0 |  0 |   0 |  37 | 4.300000e+01 | 9.920000e+01 | 130.70%| unknown
 1995s|337200 |255633 | 34856k| 103.4 |   545M | 262 | 951 |5425 |5425 |   0 |  0 |   0 |  37 | 4.300000e+01 | 9.920000e+01 | 130.70%| unknown
 1996s|337300 |255697 | 34856k| 103.3 |   545M | 262 | 951 |5425 |5425 |   0 |  0 |   0 |  37 | 4.300000e+01 | 9.920000e+01 | 130.70%| unknown
 time | node  | left  |LP iter|LP it/n|mem/heur|mdpt |vars |cons |rows |cuts |sepa|confs|strbr|  dualbound   | primalbound  |  gap   | compl. 
 1997s|337400 |255757 | 34883k| 103.4 |   545M | 262 | 951 |5425 |5425 |   0 |  0 |   0 |  37 | 4.300000e+01 | 9.920000e+01 | 130.70%| unknown
 1998s|337500 |255821 | 34908k| 103.4 |   545M | 262 | 951 |5425 |5425 |   0 |  0 |   0 |  37 | 4.300000e+01 | 9.920000e+01 | 130.70%| unknown
 1999s|337600 |255901 | 34925k| 103.4 |   545M | 262 | 951 |5425 |5425 |   0 |  0 |   0 |  37 | 4.300000e+01 | 9.920000e+01 | 130.70%| unknown
 2000s|337700 |255969 | 34943k| 103.5 |   545M | 262 | 951 |5425 |5425 |   0 |  0 |   0 |  37 | 4.300000e+01 | 9.920000e+01 | 130.70%| unknown
 2001s|337800 |256033 | 34966k| 103.5 |   545M | 262 | 951 |5425 |5425 |   0 |  0 |   0 |  37 | 4.300000e+01 | 9.920000e+01 | 130.70%| unknown
 2002s|337900 |256111 | 34986k| 103.5 |   545M | 262 | 951 |5425 |5425 |   0 |  0 |   0 |  37 | 4.300000e+01 | 9.920000e+01 | 130.70%| unknown
 2003s|338000 |256193 | 35011k| 103.6 |   545M | 262 | 951 |5425 |5425 |   0 |  0 |   0 |  37 | 4.300000e+01 | 9.920000e+01 | 130.70%| unknown
 2004s|338100 |256267 | 35021k| 103.6 |   545M | 262 | 951 |5425 |5425 |   0 |  0 |   0 |  37 | 4.300000e+01 | 9.920000e+01 | 130.70%| unknown
 2005s|338200 |256331 | 35040k| 103.6 |   545M | 262 | 951 |5425 |5425 |   0 |  0 |   0 |  37 | 4.300000e+01 | 9.920000e+01 | 130.70%| unknown
 2005s|338300 |256407 | 35043k| 103.6 |   546M | 262 | 951 |5425 |5425 |   0 |  0 |   0 |  37 | 4.300000e+01 | 9.920000e+01 | 130.70%| unknown
 2005s|338400 |256487 | 35045k| 103.6 |   546M | 262 | 951 |5425 |5425 |   0 |  0 |   0 |  37 | 4.300000e+01 | 9.920000e+01 | 130.70%| unknown
 2005s|338500 |256569 | 35046k| 103.5 |   546M | 262 | 951 |5425 |5425 |   0 |  0 |   0 |  37 | 4.300000e+01 | 9.920000e+01 | 130.70%| unknown
 2006s|338600 |256633 | 35047k| 103.5 |   546M | 262 | 951 |5425 |5425 |   0 |  0 |   0 |  37 | 4.300000e+01 | 9.920000e+01 | 130.70%| unknown
 2006s|338700 |256701 | 35049k| 103.5 |   546M | 262 | 951 |5425 |5425 |   0 |  0 |   0 |  37 | 4.300000e+01 | 9.920000e+01 | 130.70%| unknown
 2006s|338800 |256781 | 35050k| 103.5 |   546M | 262 | 951 |5425 |5425 |   0 |  0 |   0 |  37 | 4.300000e+01 | 9.920000e+01 | 130.70%| unknown
 time | node  | left  |LP iter|LP it/n|mem/heur|mdpt |vars |cons |rows |cuts |sepa|confs|strbr|  dualbound   | primalbound  |  gap   | compl. 
 2006s|338900 |256839 | 35051k| 103.4 |   546M | 262 | 951 |5425 |5425 |   0 |  0 |   0 |  37 | 4.300000e+01 | 9.920000e+01 | 130.70%| unknown
 2006s|339000 |256907 | 35052k| 103.4 |   546M | 262 | 951 |5425 |5425 |   0 |  0 |   0 |  37 | 4.300000e+01 | 9.920000e+01 | 130.70%| unknown
 2007s|339100 |256993 | 35054k| 103.4 |   548M | 262 | 951 |5425 |5425 |   0 |  0 |   0 |  37 | 4.300000e+01 | 9.920000e+01 | 130.70%| unknown
 2007s|339200 |257059 | 35055k| 103.3 |   548M | 262 | 951 |5425 |5425 |   0 |  0 |   0 |  37 | 4.300000e+01 | 9.920000e+01 | 130.70%| unknown
 2008s|339300 |257129 | 35073k| 103.4 |   548M | 262 | 951 |5425 |5425 |   0 |  0 |   0 |  37 | 4.300000e+01 | 9.920000e+01 | 130.70%| unknown
 2009s|339400 |257179 | 35102k| 103.4 |   549M | 262 | 951 |5425 |5425 |   0 |  0 |   0 |  37 | 4.300000e+01 | 9.920000e+01 | 130.70%| unknown
 2010s|339500 |257271 | 35120k| 103.4 |   549M | 262 | 951 |5425 |5425 |   0 |  0 |   0 |  37 | 4.300000e+01 | 9.920000e+01 | 130.70%| unknown
 2011s|339600 |257341 | 35137k| 103.5 |   549M | 262 | 951 |5425 |5425 |   0 |  0 |   0 |  37 | 4.300000e+01 | 9.920000e+01 | 130.70%| unknown
 2013s|339700 |257417 | 35168k| 103.5 |   549M | 262 | 951 |5425 |5425 |   0 |  0 |   0 |  37 | 4.300000e+01 | 9.920000e+01 | 130.70%| unknown
 2013s|339800 |257481 | 35180k| 103.5 |   549M | 262 | 951 |5425 |5425 |   0 |  0 |   0 |  37 | 4.300000e+01 | 9.920000e+01 | 130.70%| unknown
 2015s|339900 |257545 | 35212k| 103.6 |   549M | 262 | 951 |5425 |5425 |   0 |  0 |   0 |  37 | 4.300000e+01 | 9.920000e+01 | 130.70%| unknown
 2016s|340000 |257625 | 35234k| 103.6 |   549M | 262 | 951 |5425 |5425 |   0 |  0 |   0 |  37 | 4.300000e+01 | 9.920000e+01 | 130.70%| unknown
 2017s|340100 |257699 | 35248k| 103.6 |   549M | 262 | 951 |5425 |5425 |   0 |  0 |   0 |  37 | 4.300000e+01 | 9.920000e+01 | 130.70%| unknown
 2017s|340200 |257775 | 35259k| 103.6 |   549M | 262 | 951 |5425 |5425 |   0 |  0 |   0 |  37 | 4.300000e+01 | 9.920000e+01 | 130.70%| unknown
 2018s|340300 |257859 | 35277k| 103.7 |   549M | 262 | 951 |5425 |5425 |   0 |  0 |   0 |  37 | 4.300000e+01 | 9.920000e+01 | 130.70%| unknown
 time | node  | left  |LP iter|LP it/n|mem/heur|mdpt |vars |cons |rows |cuts |sepa|confs|strbr|  dualbound   | primalbound  |  gap   | compl. 
 2019s|340400 |257943 | 35296k| 103.7 |   549M | 262 | 951 |5425 |5425 |   0 |  0 |   0 |  37 | 4.300000e+01 | 9.920000e+01 | 130.70%| unknown
 2020s|340500 |258011 | 35315k| 103.7 |   550M | 262 | 951 |5425 |5425 |   0 |  0 |   0 |  37 | 4.300000e+01 | 9.920000e+01 | 130.70%| unknown
 2021s|340600 |258085 | 35327k| 103.7 |   550M | 262 | 951 |5425 |5425 |   0 |  0 |   0 |  37 | 4.300000e+01 | 9.920000e+01 | 130.70%| unknown
 2022s|340700 |258157 | 35350k| 103.8 |   550M | 262 | 951 |5425 |5425 |   0 |  0 |   0 |  37 | 4.300000e+01 | 9.920000e+01 | 130.70%| unknown
 2022s|340800 |258233 | 35354k| 103.7 |   550M | 262 | 951 |5425 |5425 |   0 |  0 |   0 |  37 | 4.300000e+01 | 9.920000e+01 | 130.70%| unknown
 2023s|340900 |258299 | 35355k| 103.7 |   550M | 262 | 951 |5425 |5425 |   0 |  0 |   0 |  37 | 4.300000e+01 | 9.920000e+01 | 130.70%| unknown
 2023s|341000 |258379 | 35356k| 103.7 |   550M | 262 | 951 |5425 |5425 |   0 |  0 |   0 |  37 | 4.300000e+01 | 9.920000e+01 | 130.70%| unknown
 2023s|341100 |258445 | 35357k| 103.7 |   550M | 262 | 951 |5425 |5425 |   0 |  0 |   0 |  37 | 4.300000e+01 | 9.920000e+01 | 130.70%| unknown
 2023s|341200 |258515 | 35359k| 103.6 |   550M | 262 | 951 |5425 |5425 |   0 |  0 |   0 |  37 | 4.300000e+01 | 9.920000e+01 | 130.70%| unknown
 2023s|341300 |258599 | 35360k| 103.6 |   550M | 262 | 951 |5425 |5425 |   0 |  0 |   0 |  37 | 4.300000e+01 | 9.920000e+01 | 130.70%| unknown
 2024s|341400 |258659 | 35361k| 103.6 |   550M | 262 | 951 |5425 |5425 |   0 |  0 |   0 |  37 | 4.300000e+01 | 9.920000e+01 | 130.70%| unknown
 2024s|341500 |258729 | 35363k| 103.5 |   550M | 262 | 951 |5425 |5425 |   0 |  0 |   0 |  37 | 4.300000e+01 | 9.920000e+01 | 130.70%| unknown
 2024s|341600 |258803 | 35364k| 103.5 |   551M | 262 | 951 |5425 |5425 |   0 |  0 |   0 |  37 | 4.300000e+01 | 9.920000e+01 | 130.70%| unknown
 2024s|341700 |258879 | 35365k| 103.5 |   551M | 262 | 951 |5425 |5425 |   0 |  0 |   0 |  37 | 4.300000e+01 | 9.920000e+01 | 130.70%| unknown
 2024s|341800 |258953 | 35366k| 103.5 |   551M | 262 | 951 |5425 |5425 |   0 |  0 |   0 |  37 | 4.300000e+01 | 9.920000e+01 | 130.70%| unknown
 time | node  | left  |LP iter|LP it/n|mem/heur|mdpt |vars |cons |rows |cuts |sepa|confs|strbr|  dualbound   | primalbound  |  gap   | compl. 
 2024s|341900 |259019 | 35368k| 103.4 |   551M | 262 | 951 |5425 |5425 |   0 |  0 |   0 |  37 | 4.300000e+01 | 9.920000e+01 | 130.70%| unknown
 2025s|342000 |259103 | 35368k| 103.4 |   551M | 262 | 951 |5425 |5425 |   0 |  0 |   0 |  37 | 4.300000e+01 | 9.920000e+01 | 130.70%| unknown
 2025s|342100 |259193 | 35369k| 103.4 |   551M | 262 | 951 |5425 |5425 |   0 |  0 |   0 |  37 | 4.300000e+01 | 9.920000e+01 | 130.70%| unknown
 2025s|342200 |259251 | 35371k| 103.4 |   552M | 262 | 951 |5425 |5425 |   0 |  0 |   0 |  37 | 4.300000e+01 | 9.920000e+01 | 130.70%| unknown
 2026s|342300 |259319 | 35382k| 103.4 |   552M | 262 | 951 |5425 |5425 |   0 |  0 |   0 |  37 | 4.300000e+01 | 9.920000e+01 | 130.70%| unknown
 2026s|342400 |259387 | 35394k| 103.4 |   552M | 262 | 951 |5425 |5425 |   0 |  0 |   0 |  37 | 4.300000e+01 | 9.920000e+01 | 130.70%| unknown
 2027s|342500 |259467 | 35415k| 103.4 |   552M | 262 | 951 |5425 |5425 |   0 |  0 |   0 |  37 | 4.300000e+01 | 9.920000e+01 | 130.70%| unknown
 2028s|342600 |259545 | 35436k| 103.4 |   553M | 262 | 951 |5425 |5425 |   0 |  0 |   0 |  37 | 4.300000e+01 | 9.920000e+01 | 130.70%| unknown
 2029s|342700 |259627 | 35449k| 103.4 |   553M | 262 | 951 |5425 |5425 |   0 |  0 |   0 |  37 | 4.300000e+01 | 9.920000e+01 | 130.70%| unknown
 2030s|342800 |259685 | 35466k| 103.5 |   553M | 262 | 951 |5425 |5425 |   0 |  0 |   0 |  37 | 4.300000e+01 | 9.920000e+01 | 130.70%| unknown
 2032s|342900 |259755 | 35503k| 103.5 |   553M | 262 | 951 |5425 |5425 |   0 |  0 |   0 |  37 | 4.300000e+01 | 9.920000e+01 | 130.70%| unknown
 2033s|343000 |259833 | 35523k| 103.6 |   553M | 262 | 951 |5425 |5425 |   0 |  0 |   0 |  37 | 4.300000e+01 | 9.920000e+01 | 130.70%| unknown
 2033s|343100 |259907 | 35534k| 103.6 |   553M | 262 | 951 |5425 |5425 |   0 |  0 |   0 |  37 | 4.300000e+01 | 9.920000e+01 | 130.70%| unknown
 2034s|343200 |259969 | 35555k| 103.6 |   554M | 262 | 951 |5425 |5425 |   0 |  0 |   0 |  37 | 4.300000e+01 | 9.920000e+01 | 130.70%| unknown
 2035s|343300 |260033 | 35556k| 103.6 |   554M | 262 | 951 |5425 |5425 |   0 |  0 |   0 |  37 | 4.300000e+01 | 9.920000e+01 | 130.70%| unknown
 time | node  | left  |LP iter|LP it/n|mem/heur|mdpt |vars |cons |rows |cuts |sepa|confs|strbr|  dualbound   | primalbound  |  gap   | compl. 
 2035s|343400 |260097 | 35561k| 103.6 |   554M | 262 | 951 |5425 |5425 |   0 |  0 |   0 |  37 | 4.300000e+01 | 9.920000e+01 | 130.70%| unknown
 2036s|343500 |260181 | 35573k| 103.6 |   554M | 262 | 951 |5425 |5425 |   0 |  0 |   0 |  37 | 4.300000e+01 | 9.920000e+01 | 130.70%| unknown
 2037s|343600 |260247 | 35597k| 103.6 |   554M | 262 | 951 |5425 |5425 |   0 |  0 |   0 |  37 | 4.300000e+01 | 9.920000e+01 | 130.70%| unknown
 2037s|343700 |260309 | 35600k| 103.6 |   554M | 262 | 951 |5425 |5425 |   0 |  0 |   0 |  37 | 4.300000e+01 | 9.920000e+01 | 130.70%| unknown
 2037s|343800 |260373 | 35601k| 103.6 |   555M | 262 | 951 |5425 |5425 |   0 |  0 |   0 |  37 | 4.300000e+01 | 9.920000e+01 | 130.70%| unknown
 2037s|343900 |260439 | 35602k| 103.5 |   555M | 262 | 951 |5425 |5425 |   0 |  0 |   0 |  37 | 4.300000e+01 | 9.920000e+01 | 130.70%| unknown
 2038s|344000 |260503 | 35603k| 103.5 |   555M | 262 | 951 |5425 |5425 |   0 |  0 |   0 |  37 | 4.300000e+01 | 9.920000e+01 | 130.70%| unknown
 2038s|344100 |260577 | 35604k| 103.5 |   555M | 262 | 951 |5425 |5425 |   0 |  0 |   0 |  37 | 4.300000e+01 | 9.920000e+01 | 130.70%| unknown
 2038s|344200 |260649 | 35605k| 103.4 |   555M | 262 | 951 |5425 |5425 |   0 |  0 |   0 |  37 | 4.300000e+01 | 9.920000e+01 | 130.70%| unknown
 2038s|344300 |260703 | 35607k| 103.4 |   555M | 262 | 951 |5425 |5425 |   0 |  0 |   0 |  37 | 4.300000e+01 | 9.920000e+01 | 130.70%| unknown
 2038s|344400 |260767 | 35608k| 103.4 |   555M | 262 | 951 |5425 |5425 |   0 |  0 |   0 |  37 | 4.300000e+01 | 9.920000e+01 | 130.70%| unknown
 2038s|344500 |260847 | 35609k| 103.4 |   555M | 262 | 951 |5425 |5425 |   0 |  0 |   0 |  37 | 4.300000e+01 | 9.920000e+01 | 130.70%| unknown
 2039s|344600 |260913 | 35610k| 103.3 |   555M | 262 | 951 |5425 |5425 |   0 |  0 |   0 |  37 | 4.300000e+01 | 9.920000e+01 | 130.70%| unknown
 2039s|344700 |260979 | 35612k| 103.3 |   555M | 262 | 951 |5425 |5425 |   0 |  0 |   0 |  37 | 4.300000e+01 | 9.920000e+01 | 130.70%| unknown
 2039s|344800 |261053 | 35613k| 103.3 |   555M | 262 | 951 |5425 |5425 |   0 |  0 |   0 |  37 | 4.300000e+01 | 9.920000e+01 | 130.70%| unknown
 time | node  | left  |LP iter|LP it/n|mem/heur|mdpt |vars |cons |rows |cuts |sepa|confs|strbr|  dualbound   | primalbound  |  gap   | compl. 
 2039s|344900 |261115 | 35615k| 103.3 |   555M | 262 | 951 |5425 |5425 |   0 |  0 |   0 |  37 | 4.300000e+01 | 9.920000e+01 | 130.70%| unknown
 2039s|345000 |261199 | 35616k| 103.2 |   556M | 262 | 951 |5425 |5425 |   0 |  0 |   0 |  37 | 4.300000e+01 | 9.920000e+01 | 130.70%| unknown
 2040s|345100 |261273 | 35618k| 103.2 |   556M | 262 | 951 |5425 |5425 |   0 |  0 |   0 |  37 | 4.300000e+01 | 9.920000e+01 | 130.70%| unknown
 2040s|345200 |261351 | 35630k| 103.2 |   556M | 262 | 951 |5425 |5425 |   0 |  0 |   0 |  37 | 4.300000e+01 | 9.920000e+01 | 130.70%| unknown
 2041s|345300 |261435 | 35640k| 103.2 |   557M | 262 | 951 |5425 |5425 |   0 |  0 |   0 |  37 | 4.300000e+01 | 9.920000e+01 | 130.70%| unknown
 2042s|345400 |261525 | 35654k| 103.2 |   557M | 262 | 951 |5425 |5425 |   0 |  0 |   0 |  37 | 4.300000e+01 | 9.920000e+01 | 130.70%| unknown
 2042s|345500 |261587 | 35666k| 103.2 |   557M | 262 | 951 |5425 |5425 |   0 |  0 |   0 |  37 | 4.300000e+01 | 9.920000e+01 | 130.70%| unknown
 2042s|345600 |261653 | 35667k| 103.2 |   557M | 262 | 951 |5425 |5425 |   0 |  0 |   0 |  37 | 4.300000e+01 | 9.920000e+01 | 130.70%| unknown
 2043s|345700 |261719 | 35669k| 103.2 |   557M | 262 | 951 |5425 |5425 |   0 |  0 |   0 |  37 | 4.300000e+01 | 9.920000e+01 | 130.70%| unknown
 2043s|345800 |261795 | 35670k| 103.1 |   557M | 262 | 951 |5425 |5425 |   0 |  0 |   0 |  37 | 4.300000e+01 | 9.920000e+01 | 130.70%| unknown
 2043s|345900 |261857 | 35671k| 103.1 |   557M | 262 | 951 |5425 |5425 |   0 |  0 |   0 |  37 | 4.300000e+01 | 9.920000e+01 | 130.70%| unknown
 2043s|346000 |261915 | 35673k| 103.1 |   558M | 262 | 951 |5425 |5425 |   0 |  0 |   0 |  37 | 4.300000e+01 | 9.920000e+01 | 130.70%| unknown
 2043s|346100 |261985 | 35673k| 103.1 |   558M | 262 | 951 |5425 |5425 |   0 |  0 |   0 |  37 | 4.300000e+01 | 9.920000e+01 | 130.70%| unknown
 2043s|346200 |262057 | 35675k| 103.0 |   558M | 262 | 951 |5425 |5425 |   0 |  0 |   0 |  37 | 4.300000e+01 | 9.920000e+01 | 130.70%| unknown
 2044s|346300 |262129 | 35675k| 103.0 |   558M | 262 | 951 |5425 |5425 |   0 |  0 |   0 |  37 | 4.300000e+01 | 9.920000e+01 | 130.70%| unknown
 time | node  | left  |LP iter|LP it/n|mem/heur|mdpt |vars |cons |rows |cuts |sepa|confs|strbr|  dualbound   | primalbound  |  gap   | compl. 
 2044s|346400 |262199 | 35682k| 103.0 |   558M | 262 | 951 |5425 |5425 |   0 |  0 |   0 |  37 | 4.300000e+01 | 9.920000e+01 | 130.70%| unknown
 2045s|346500 |262263 | 35696k| 103.0 |   558M | 262 | 951 |5425 |5425 |   0 |  0 |   0 |  37 | 4.300000e+01 | 9.920000e+01 | 130.70%| unknown
 2046s|346600 |262327 | 35716k| 103.0 |   558M | 262 | 951 |5425 |5425 |   0 |  0 |   0 |  37 | 4.300000e+01 | 9.920000e+01 | 130.70%| unknown
 2047s|346700 |262387 | 35733k| 103.1 |   558M | 262 | 951 |5425 |5425 |   0 |  0 |   0 |  37 | 4.300000e+01 | 9.920000e+01 | 130.70%| unknown
 2047s|346800 |262447 | 35740k| 103.1 |   558M | 262 | 951 |5425 |5425 |   0 |  0 |   0 |  37 | 4.300000e+01 | 9.920000e+01 | 130.70%| unknown
 2048s|346900 |262501 | 35750k| 103.1 |   558M | 262 | 951 |5425 |5425 |   0 |  0 |   0 |  37 | 4.300000e+01 | 9.920000e+01 | 130.70%| unknown
 2048s|347000 |262567 | 35764k| 103.1 |   558M | 262 | 951 |5425 |5425 |   0 |  0 |   0 |  37 | 4.300000e+01 | 9.920000e+01 | 130.70%| unknown
 2049s|347100 |262631 | 35777k| 103.1 |   558M | 262 | 951 |5425 |5425 |   0 |  0 |   0 |  37 | 4.300000e+01 | 9.920000e+01 | 130.70%| unknown
 2050s|347200 |262707 | 35798k| 103.1 |   560M | 262 | 951 |5425 |5425 |   0 |  0 |   0 |  37 | 4.300000e+01 | 9.920000e+01 | 130.70%| unknown
 2051s|347300 |262771 | 35799k| 103.1 |   560M | 262 | 951 |5425 |5425 |   0 |  0 |   0 |  37 | 4.300000e+01 | 9.920000e+01 | 130.70%| unknown
 2051s|347400 |262837 | 35800k| 103.1 |   560M | 262 | 951 |5425 |5425 |   0 |  0 |   0 |  37 | 4.300000e+01 | 9.920000e+01 | 130.70%| unknown
 2051s|347500 |262907 | 35802k| 103.0 |   560M | 262 | 951 |5425 |5425 |   0 |  0 |   0 |  37 | 4.300000e+01 | 9.920000e+01 | 130.70%| unknown
 2051s|347600 |262983 | 35803k| 103.0 |   560M | 262 | 951 |5425 |5425 |   0 |  0 |   0 |  37 | 4.300000e+01 | 9.920000e+01 | 130.70%| unknown
 2051s|347700 |263047 | 35804k| 103.0 |   560M | 262 | 951 |5425 |5425 |   0 |  0 |   0 |  37 | 4.300000e+01 | 9.920000e+01 | 130.70%| unknown
 2051s|347800 |263101 | 35805k| 102.9 |   560M | 262 | 951 |5425 |5425 |   0 |  0 |   0 |  37 | 4.300000e+01 | 9.920000e+01 | 130.70%| unknown
 time | node  | left  |LP iter|LP it/n|mem/heur|mdpt |vars |cons |rows |cuts |sepa|confs|strbr|  dualbound   | primalbound  |  gap   | compl. 
 2052s|347900 |263165 | 35819k| 103.0 |   560M | 262 | 951 |5425 |5425 |   0 |  0 |   0 |  37 | 4.300000e+01 | 9.920000e+01 | 130.70%| unknown
 2053s|348000 |263241 | 35836k| 103.0 |   560M | 262 | 951 |5425 |5425 |   0 |  0 |   0 |  37 | 4.300000e+01 | 9.920000e+01 | 130.70%| unknown
 2054s|348100 |263299 | 35863k| 103.0 |   560M | 262 | 951 |5425 |5425 |   0 |  0 |   0 |  37 | 4.300000e+01 | 9.920000e+01 | 130.70%| unknown
 2055s|348200 |263361 | 35882k| 103.0 |   560M | 262 | 951 |5425 |5425 |   0 |  0 |   0 |  37 | 4.300000e+01 | 9.920000e+01 | 130.70%| unknown
 2056s|348300 |263435 | 35902k| 103.1 |   560M | 262 | 951 |5425 |5425 |   0 |  0 |   0 |  37 | 4.300000e+01 | 9.920000e+01 | 130.70%| unknown
 2057s|348400 |263499 | 35915k| 103.1 |   561M | 262 | 951 |5425 |5425 |   0 |  0 |   0 |  37 | 4.300000e+01 | 9.920000e+01 | 130.70%| unknown
 2058s|348500 |263565 | 35939k| 103.1 |   561M | 262 | 951 |5425 |5425 |   0 |  0 |   0 |  37 | 4.300000e+01 | 9.920000e+01 | 130.70%| unknown
 2059s|348600 |263645 | 35961k| 103.2 |   561M | 262 | 951 |5425 |5425 |   0 |  0 |   0 |  37 | 4.300000e+01 | 9.920000e+01 | 130.70%| unknown
 2060s|348700 |263725 | 35983k| 103.2 |   561M | 262 | 951 |5425 |5425 |   0 |  0 |   0 |  37 | 4.300000e+01 | 9.920000e+01 | 130.70%| unknown
 2061s|348800 |263799 | 35997k| 103.2 |   561M | 262 | 951 |5425 |5425 |   0 |  0 |   0 |  37 | 4.300000e+01 | 9.920000e+01 | 130.70%| unknown
 2062s|348900 |263877 | 36009k| 103.2 |   561M | 262 | 951 |5425 |5425 |   0 |  0 |   0 |  37 | 4.300000e+01 | 9.920000e+01 | 130.70%| unknown
 2063s|349000 |263953 | 36035k| 103.3 |   561M | 262 | 951 |5425 |5425 |   0 |  0 |   0 |  37 | 4.300000e+01 | 9.920000e+01 | 130.70%| unknown
 2064s|349100 |264027 | 36057k| 103.3 |   561M | 262 | 951 |5425 |5425 |   0 |  0 |   0 |  37 | 4.300000e+01 | 9.920000e+01 | 130.70%| unknown
 2065s|349200 |264105 | 36078k| 103.3 |   561M | 262 | 951 |5425 |5425 |   0 |  0 |   0 |  37 | 4.300000e+01 | 9.920000e+01 | 130.70%| unknown
 2066s|349300 |264175 | 36090k| 103.3 |   561M | 262 | 951 |5425 |5425 |   0 |  0 |   0 |  37 | 4.300000e+01 | 9.920000e+01 | 130.70%| unknown
 time | node  | left  |LP iter|LP it/n|mem/heur|mdpt |vars |cons |rows |cuts |sepa|confs|strbr|  dualbound   | primalbound  |  gap   | compl. 
 2067s|349400 |264247 | 36113k| 103.4 |   561M | 262 | 951 |5425 |5425 |   0 |  0 |   0 |  37 | 4.300000e+01 | 9.920000e+01 | 130.70%| unknown
 2067s|349500 |264331 | 36116k| 103.3 |   562M | 262 | 951 |5425 |5425 |   0 |  0 |   0 |  37 | 4.300000e+01 | 9.920000e+01 | 130.70%| unknown
 2068s|349600 |264413 | 36126k| 103.3 |   562M | 262 | 951 |5425 |5425 |   0 |  0 |   0 |  37 | 4.300000e+01 | 9.920000e+01 | 130.70%| unknown
 2069s|349700 |264489 | 36145k| 103.4 |   562M | 262 | 951 |5425 |5425 |   0 |  0 |   0 |  37 | 4.300000e+01 | 9.920000e+01 | 130.70%| unknown
 2070s|349800 |264557 | 36164k| 103.4 |   562M | 262 | 951 |5425 |5425 |   0 |  0 |   0 |  37 | 4.300000e+01 | 9.920000e+01 | 130.70%| unknown
 2070s|349900 |264639 | 36165k| 103.4 |   562M | 262 | 951 |5425 |5425 |   0 |  0 |   0 |  37 | 4.300000e+01 | 9.920000e+01 | 130.70%| unknown
 2070s|350000 |264709 | 36167k| 103.3 |   562M | 262 | 951 |5425 |5425 |   0 |  0 |   0 |  37 | 4.300000e+01 | 9.920000e+01 | 130.70%| unknown
 2070s|350100 |264773 | 36168k| 103.3 |   562M | 262 | 951 |5425 |5425 |   0 |  0 |   0 |  37 | 4.300000e+01 | 9.920000e+01 | 130.70%| unknown
 2070s|350200 |264839 | 36170k| 103.3 |   562M | 262 | 951 |5425 |5425 |   0 |  0 |   0 |  37 | 4.300000e+01 | 9.920000e+01 | 130.70%| unknown
 2072s|350300 |264905 | 36190k| 103.3 |   562M | 262 | 951 |5425 |5425 |   0 |  0 |   0 |  37 | 4.300000e+01 | 9.920000e+01 | 130.70%| unknown
 2072s|350400 |264973 | 36208k| 103.3 |   562M | 262 | 951 |5425 |5425 |   0 |  0 |   0 |  37 | 4.300000e+01 | 9.920000e+01 | 130.70%| unknown
 2074s|350500 |265047 | 36232k| 103.4 |   562M | 262 | 951 |5425 |5425 |   0 |  0 |   0 |  37 | 4.300000e+01 | 9.920000e+01 | 130.70%| unknown
 2075s|350600 |265121 | 36253k| 103.4 |   564M | 262 | 951 |5425 |5425 |   0 |  0 |   0 |  37 | 4.300000e+01 | 9.920000e+01 | 130.70%| unknown
 2076s|350700 |265201 | 36280k| 103.5 |   564M | 262 | 951 |5425 |5425 |   0 |  0 |   0 |  37 | 4.300000e+01 | 9.920000e+01 | 130.70%| unknown
 2077s|350800 |265287 | 36292k| 103.5 |   564M | 262 | 951 |5425 |5425 |   0 |  0 |   0 |  37 | 4.300000e+01 | 9.920000e+01 | 130.70%| unknown
 time | node  | left  |LP iter|LP it/n|mem/heur|mdpt |vars |cons |rows |cuts |sepa|confs|strbr|  dualbound   | primalbound  |  gap   | compl. 
 2078s|350900 |265355 | 36310k| 103.5 |   564M | 262 | 951 |5425 |5425 |   0 |  0 |   0 |  37 | 4.300000e+01 | 9.920000e+01 | 130.70%| unknown
 2079s|351000 |265399 | 36332k| 103.5 |   564M | 262 | 951 |5425 |5425 |   0 |  0 |   0 |  37 | 4.300000e+01 | 9.920000e+01 | 130.70%| unknown
 2080s|351100 |265457 | 36353k| 103.5 |   564M | 262 | 951 |5425 |5425 |   0 |  0 |   0 |  37 | 4.300000e+01 | 9.920000e+01 | 130.70%| unknown
 2080s|351200 |265515 | 36356k| 103.5 |   564M | 262 | 951 |5425 |5425 |   0 |  0 |   0 |  37 | 4.300000e+01 | 9.920000e+01 | 130.70%| unknown
 2080s|351300 |265577 | 36358k| 103.5 |   564M | 262 | 951 |5425 |5425 |   0 |  0 |   0 |  37 | 4.300000e+01 | 9.920000e+01 | 130.70%| unknown
 2081s|351400 |265653 | 36359k| 103.5 |   564M | 262 | 951 |5425 |5425 |   0 |  0 |   0 |  37 | 4.300000e+01 | 9.920000e+01 | 130.70%| unknown
 2081s|351500 |265723 | 36373k| 103.5 |   564M | 262 | 951 |5425 |5425 |   0 |  0 |   0 |  37 | 4.300000e+01 | 9.920000e+01 | 130.70%| unknown
 2081s|351600 |265801 | 36374k| 103.5 |   564M | 262 | 951 |5425 |5425 |   0 |  0 |   0 |  37 | 4.300000e+01 | 9.920000e+01 | 130.70%| unknown
 2082s|351700 |265861 | 36375k| 103.4 |   564M | 262 | 951 |5425 |5425 |   0 |  0 |   0 |  37 | 4.300000e+01 | 9.920000e+01 | 130.70%| unknown
 2082s|351800 |265939 | 36376k| 103.4 |   566M | 262 | 951 |5425 |5425 |   0 |  0 |   0 |  37 | 4.300000e+01 | 9.920000e+01 | 130.70%| unknown
 2082s|351900 |266015 | 36377k| 103.4 |   566M | 262 | 951 |5425 |5425 |   0 |  0 |   0 |  37 | 4.300000e+01 | 9.920000e+01 | 130.70%| unknown
 2082s|352000 |266087 | 36378k| 103.3 |   566M | 262 | 951 |5425 |5425 |   0 |  0 |   0 |  37 | 4.300000e+01 | 9.920000e+01 | 130.70%| unknown
 2082s|352100 |266167 | 36379k| 103.3 |   566M | 262 | 951 |5425 |5425 |   0 |  0 |   0 |  37 | 4.300000e+01 | 9.920000e+01 | 130.70%| unknown
 2083s|352200 |266245 | 36381k| 103.3 |   566M | 262 | 951 |5425 |5425 |   0 |  0 |   0 |  37 | 4.300000e+01 | 9.920000e+01 | 130.70%| unknown
 2083s|352300 |266337 | 36382k| 103.3 |   566M | 262 | 951 |5425 |5425 |   0 |  0 |   0 |  37 | 4.300000e+01 | 9.920000e+01 | 130.70%| unknown
 time | node  | left  |LP iter|LP it/n|mem/heur|mdpt |vars |cons |rows |cuts |sepa|confs|strbr|  dualbound   | primalbound  |  gap   | compl. 
 2083s|352400 |266429 | 36383k| 103.2 |   566M | 262 | 951 |5425 |5425 |   0 |  0 |   0 |  37 | 4.300000e+01 | 9.920000e+01 | 130.70%| unknown
 2083s|352500 |266525 | 36383k| 103.2 |   566M | 262 | 951 |5425 |5425 |   0 |  0 |   0 |  37 | 4.300000e+01 | 9.920000e+01 | 130.70%| unknown
 2083s|352600 |266617 | 36384k| 103.2 |   566M | 262 | 951 |5425 |5425 |   0 |  0 |   0 |  37 | 4.300000e+01 | 9.920000e+01 | 130.70%| unknown
 2084s|352700 |266707 | 36387k| 103.2 |   567M | 262 | 951 |5425 |5425 |   0 |  0 |   0 |  37 | 4.300000e+01 | 9.920000e+01 | 130.70%| unknown
 2085s|352800 |266787 | 36417k| 103.2 |   568M | 262 | 951 |5425 |5425 |   0 |  0 |   0 |  37 | 4.300000e+01 | 9.920000e+01 | 130.70%| unknown
 2086s|352900 |266873 | 36433k| 103.2 |   568M | 262 | 951 |5425 |5425 |   0 |  0 |   0 |  37 | 4.300000e+01 | 9.920000e+01 | 130.70%| unknown
 2087s|353000 |266955 | 36457k| 103.3 |   568M | 262 | 951 |5425 |5425 |   0 |  0 |   0 |  37 | 4.300000e+01 | 9.920000e+01 | 130.70%| unknown
 2088s|353100 |267041 | 36482k| 103.3 |   568M | 262 | 951 |5425 |5425 |   0 |  0 |   0 |  37 | 4.300000e+01 | 9.920000e+01 | 130.70%| unknown
 2089s|353200 |267117 | 36498k| 103.3 |   568M | 262 | 951 |5425 |5425 |   0 |  0 |   0 |  37 | 4.300000e+01 | 9.920000e+01 | 130.70%| unknown
 2090s|353300 |267189 | 36520k| 103.4 |   568M | 262 | 951 |5425 |5425 |   0 |  0 |   0 |  37 | 4.300000e+01 | 9.920000e+01 | 130.70%| unknown
 2091s|353400 |267267 | 36538k| 103.4 |   568M | 262 | 951 |5425 |5425 |   0 |  0 |   0 |  37 | 4.300000e+01 | 9.920000e+01 | 130.70%| unknown
 2092s|353500 |267321 | 36557k| 103.4 |   568M | 262 | 951 |5425 |5425 |   0 |  0 |   0 |  37 | 4.300000e+01 | 9.920000e+01 | 130.70%| unknown
 2093s|353600 |267389 | 36576k| 103.4 |   568M | 262 | 951 |5425 |5425 |   0 |  0 |   0 |  37 | 4.300000e+01 | 9.920000e+01 | 130.70%| unknown
 2094s|353700 |267473 | 36596k| 103.5 |   569M | 262 | 951 |5425 |5425 |   0 |  0 |   0 |  37 | 4.300000e+01 | 9.920000e+01 | 130.70%| unknown
 2095s|353800 |267549 | 36614k| 103.5 |   569M | 262 | 951 |5425 |5425 |   0 |  0 |   0 |  37 | 4.300000e+01 | 9.920000e+01 | 130.70%| unknown
 time | node  | left  |LP iter|LP it/n|mem/heur|mdpt |vars |cons |rows |cuts |sepa|confs|strbr|  dualbound   | primalbound  |  gap   | compl. 
 2096s|353900 |267625 | 36634k| 103.5 |   569M | 262 | 951 |5425 |5425 |   0 |  0 |   0 |  37 | 4.300000e+01 | 9.920000e+01 | 130.70%| unknown
 2098s|354000 |267691 | 36675k| 103.6 |   569M | 262 | 951 |5425 |5425 |   0 |  0 |   0 |  37 | 4.300000e+01 | 9.920000e+01 | 130.70%| unknown
 2098s|354100 |267753 | 36676k| 103.6 |   569M | 262 | 951 |5425 |5425 |   0 |  0 |   0 |  37 | 4.300000e+01 | 9.920000e+01 | 130.70%| unknown
 2098s|354200 |267829 | 36677k| 103.5 |   569M | 262 | 951 |5425 |5425 |   0 |  0 |   0 |  37 | 4.300000e+01 | 9.920000e+01 | 130.70%| unknown
 2098s|354300 |267915 | 36679k| 103.5 |   569M | 262 | 951 |5425 |5425 |   0 |  0 |   0 |  37 | 4.300000e+01 | 9.920000e+01 | 130.70%| unknown
 2099s|354400 |267999 | 36694k| 103.5 |   569M | 262 | 951 |5425 |5425 |   0 |  0 |   0 |  37 | 4.300000e+01 | 9.920000e+01 | 130.70%| unknown
 2100s|354500 |268081 | 36708k| 103.5 |   569M | 262 | 951 |5425 |5425 |   0 |  0 |   0 |  37 | 4.300000e+01 | 9.920000e+01 | 130.70%| unknown
 2100s|354600 |268149 | 36709k| 103.5 |   569M | 262 | 951 |5425 |5425 |   0 |  0 |   0 |  37 | 4.300000e+01 | 9.920000e+01 | 130.70%| unknown
 2100s|354700 |268217 | 36710k| 103.5 |   569M | 262 | 951 |5425 |5425 |   0 |  0 |   0 |  37 | 4.300000e+01 | 9.920000e+01 | 130.70%| unknown
 2101s|354800 |268305 | 36722k| 103.5 |   571M | 262 | 951 |5425 |5425 |   0 |  0 |   0 |  37 | 4.300000e+01 | 9.920000e+01 | 130.70%| unknown
 2102s|354900 |268381 | 36745k| 103.5 |   571M | 262 | 951 |5425 |5425 |   0 |  0 |   0 |  37 | 4.300000e+01 | 9.920000e+01 | 130.70%| unknown
 2103s|355000 |268449 | 36761k| 103.6 |   571M | 262 | 951 |5425 |5425 |   0 |  0 |   0 |  37 | 4.300000e+01 | 9.920000e+01 | 130.70%| unknown
 2104s|355100 |268537 | 36781k| 103.6 |   571M | 262 | 951 |5425 |5425 |   0 |  0 |   0 |  37 | 4.300000e+01 | 9.920000e+01 | 130.70%| unknown
 2104s|355200 |268601 | 36782k| 103.6 |   571M | 262 | 951 |5425 |5425 |   0 |  0 |   0 |  37 | 4.300000e+01 | 9.920000e+01 | 130.70%| unknown
 2104s|355300 |268681 | 36784k| 103.5 |   571M | 262 | 951 |5425 |5425 |   0 |  0 |   0 |  37 | 4.300000e+01 | 9.920000e+01 | 130.70%| unknown
 time | node  | left  |LP iter|LP it/n|mem/heur|mdpt |vars |cons |rows |cuts |sepa|confs|strbr|  dualbound   | primalbound  |  gap   | compl. 
 2105s|355400 |268757 | 36785k| 103.5 |   571M | 262 | 951 |5425 |5425 |   0 |  0 |   0 |  37 | 4.300000e+01 | 9.920000e+01 | 130.70%| unknown
 2105s|355500 |268833 | 36786k| 103.5 |   571M | 262 | 951 |5425 |5425 |   0 |  0 |   0 |  37 | 4.300000e+01 | 9.920000e+01 | 130.70%| unknown
 2105s|355600 |268907 | 36799k| 103.5 |   571M | 262 | 951 |5425 |5425 |   0 |  0 |   0 |  37 | 4.300000e+01 | 9.920000e+01 | 130.70%| unknown
 2106s|355700 |268979 | 36808k| 103.5 |   571M | 262 | 951 |5425 |5425 |   0 |  0 |   0 |  37 | 4.300000e+01 | 9.920000e+01 | 130.70%| unknown
 2107s|355800 |269035 | 36838k| 103.5 |   571M | 262 | 951 |5425 |5425 |   0 |  0 |   0 |  37 | 4.300000e+01 | 9.920000e+01 | 130.70%| unknown
 2108s|355900 |269109 | 36859k| 103.6 |   572M | 262 | 951 |5425 |5425 |   0 |  0 |   0 |  37 | 4.300000e+01 | 9.920000e+01 | 130.70%| unknown
 2110s|356000 |269193 | 36884k| 103.6 |   572M | 262 | 951 |5425 |5425 |   0 |  0 |   0 |  37 | 4.300000e+01 | 9.920000e+01 | 130.70%| unknown
 2111s|356100 |269273 | 36915k| 103.7 |   572M | 262 | 951 |5425 |5425 |   0 |  0 |   0 |  37 | 4.300000e+01 | 9.920000e+01 | 130.70%| unknown
 2112s|356200 |269347 | 36934k| 103.7 |   572M | 262 | 951 |5425 |5425 |   0 |  0 |   0 |  37 | 4.300000e+01 | 9.920000e+01 | 130.70%| unknown
 2114s|356300 |269423 | 36968k| 103.8 |   572M | 262 | 951 |5425 |5425 |   0 |  0 |   0 |  37 | 4.300000e+01 | 9.920000e+01 | 130.70%| unknown
 2116s|356400 |269489 | 37006k| 103.8 |   572M | 262 | 951 |5425 |5425 |   0 |  0 |   0 |  37 | 4.300000e+01 | 9.920000e+01 | 130.70%| unknown
 2117s|356500 |269561 | 37038k| 103.9 |   572M | 262 | 951 |5425 |5425 |   0 |  0 |   0 |  37 | 4.300000e+01 | 9.920000e+01 | 130.70%| unknown
 2118s|356600 |269631 | 37058k| 103.9 |   572M | 262 | 951 |5425 |5425 |   0 |  0 |   0 |  37 | 4.300000e+01 | 9.920000e+01 | 130.70%| unknown
 2119s|356700 |269701 | 37074k| 103.9 |   572M | 262 | 951 |5425 |5425 |   0 |  0 |   0 |  37 | 4.300000e+01 | 9.920000e+01 | 130.70%| unknown
 2119s|356800 |269765 | 37075k| 103.9 |   572M | 262 | 951 |5425 |5425 |   0 |  0 |   0 |  37 | 4.300000e+01 | 9.920000e+01 | 130.70%| unknown
 time | node  | left  |LP iter|LP it/n|mem/heur|mdpt |vars |cons |rows |cuts |sepa|confs|strbr|  dualbound   | primalbound  |  gap   | compl. 
 2120s|356900 |269837 | 37076k| 103.9 |   572M | 262 | 951 |5425 |5425 |   0 |  0 |   0 |  37 | 4.300000e+01 | 9.920000e+01 | 130.70%| unknown
 2120s|357000 |269897 | 37077k| 103.9 |   573M | 262 | 951 |5425 |5425 |   0 |  0 |   0 |  37 | 4.300000e+01 | 9.920000e+01 | 130.70%| unknown
 2120s|357100 |269961 | 37079k| 103.8 |   573M | 262 | 951 |5425 |5425 |   0 |  0 |   0 |  37 | 4.300000e+01 | 9.920000e+01 | 130.70%| unknown
 2120s|357200 |270051 | 37080k| 103.8 |   573M | 262 | 951 |5425 |5425 |   0 |  0 |   0 |  37 | 4.300000e+01 | 9.920000e+01 | 130.70%| unknown
 2120s|357300 |270119 | 37081k| 103.8 |   573M | 262 | 951 |5425 |5425 |   0 |  0 |   0 |  37 | 4.300000e+01 | 9.920000e+01 | 130.70%| unknown
 2120s|357400 |270197 | 37082k| 103.8 |   573M | 262 | 951 |5425 |5425 |   0 |  0 |   0 |  37 | 4.300000e+01 | 9.920000e+01 | 130.70%| unknown
 2121s|357500 |270259 | 37083k| 103.7 |   573M | 262 | 951 |5425 |5425 |   0 |  0 |   0 |  37 | 4.300000e+01 | 9.920000e+01 | 130.70%| unknown
 2121s|357600 |270335 | 37085k| 103.7 |   573M | 262 | 951 |5425 |5425 |   0 |  0 |   0 |  37 | 4.300000e+01 | 9.920000e+01 | 130.70%| unknown
 2121s|357700 |270417 | 37086k| 103.7 |   574M | 262 | 951 |5425 |5425 |   0 |  0 |   0 |  37 | 4.300000e+01 | 9.920000e+01 | 130.70%| unknown
 2121s|357800 |270487 | 37087k| 103.7 |   574M | 262 | 951 |5425 |5425 |   0 |  0 |   0 |  37 | 4.300000e+01 | 9.920000e+01 | 130.70%| unknown
 2121s|357900 |270567 | 37088k| 103.6 |   574M | 262 | 951 |5425 |5425 |   0 |  0 |   0 |  37 | 4.300000e+01 | 9.920000e+01 | 130.70%| unknown
 2122s|358000 |270641 | 37089k| 103.6 |   576M | 262 | 951 |5425 |5425 |   0 |  0 |   0 |  37 | 4.300000e+01 | 9.920000e+01 | 130.70%| unknown
 2122s|358100 |270707 | 37091k| 103.6 |   576M | 262 | 951 |5425 |5425 |   0 |  0 |   0 |  37 | 4.300000e+01 | 9.920000e+01 | 130.70%| unknown
 2122s|358200 |270759 | 37092k| 103.6 |   576M | 262 | 951 |5425 |5425 |   0 |  0 |   0 |  37 | 4.300000e+01 | 9.920000e+01 | 130.70%| unknown
 2122s|358300 |270833 | 37093k| 103.5 |   576M | 262 | 951 |5425 |5425 |   0 |  0 |   0 |  37 | 4.300000e+01 | 9.920000e+01 | 130.70%| unknown
 time | node  | left  |LP iter|LP it/n|mem/heur|mdpt |vars |cons |rows |cuts |sepa|confs|strbr|  dualbound   | primalbound  |  gap   | compl. 
 2122s|358400 |270919 | 37094k| 103.5 |   576M | 262 | 951 |5425 |5425 |   0 |  0 |   0 |  37 | 4.300000e+01 | 9.920000e+01 | 130.70%| unknown
 2122s|358500 |271005 | 37095k| 103.5 |   576M | 262 | 951 |5425 |5425 |   0 |  0 |   0 |  37 | 4.300000e+01 | 9.920000e+01 | 130.70%| unknown
 2123s|358600 |271081 | 37096k| 103.4 |   576M | 262 | 951 |5425 |5425 |   0 |  0 |   0 |  37 | 4.300000e+01 | 9.920000e+01 | 130.70%| unknown
 2123s|358700 |271151 | 37097k| 103.4 |   576M | 262 | 951 |5425 |5425 |   0 |  0 |   0 |  37 | 4.300000e+01 | 9.920000e+01 | 130.70%| unknown
 2123s|358800 |271215 | 37098k| 103.4 |   576M | 262 | 951 |5425 |5425 |   0 |  0 |   0 |  37 | 4.300000e+01 | 9.920000e+01 | 130.70%| unknown
 2123s|358900 |271267 | 37100k| 103.4 |   576M | 262 | 951 |5425 |5425 |   0 |  0 |   0 |  37 | 4.300000e+01 | 9.920000e+01 | 130.70%| unknown
 2123s|359000 |271339 | 37101k| 103.3 |   576M | 262 | 951 |5425 |5425 |   0 |  0 |   0 |  37 | 4.300000e+01 | 9.920000e+01 | 130.70%| unknown
 2124s|359100 |271401 | 37102k| 103.3 |   576M | 262 | 951 |5425 |5425 |   0 |  0 |   0 |  37 | 4.300000e+01 | 9.920000e+01 | 130.70%| unknown
 2124s|359200 |271469 | 37103k| 103.3 |   577M | 262 | 951 |5425 |5425 |   0 |  0 |   0 |  37 | 4.300000e+01 | 9.920000e+01 | 130.70%| unknown
 2124s|359300 |271539 | 37105k| 103.3 |   577M | 262 | 951 |5425 |5425 |   0 |  0 |   0 |  37 | 4.300000e+01 | 9.920000e+01 | 130.70%| unknown
 2124s|359400 |271601 | 37106k| 103.2 |   577M | 262 | 951 |5425 |5425 |   0 |  0 |   0 |  37 | 4.300000e+01 | 9.920000e+01 | 130.70%| unknown
 2124s|359500 |271661 | 37107k| 103.2 |   577M | 262 | 951 |5425 |5425 |   0 |  0 |   0 |  37 | 4.300000e+01 | 9.920000e+01 | 130.70%| unknown
 2124s|359600 |271739 | 37108k| 103.2 |   577M | 262 | 951 |5425 |5425 |   0 |  0 |   0 |  37 | 4.300000e+01 | 9.920000e+01 | 130.70%| unknown
 2125s|359700 |271811 | 37109k| 103.2 |   577M | 262 | 951 |5425 |5425 |   0 |  0 |   0 |  37 | 4.300000e+01 | 9.920000e+01 | 130.70%| unknown
 2125s|359800 |271871 | 37111k| 103.1 |   577M | 262 | 951 |5425 |5425 |   0 |  0 |   0 |  37 | 4.300000e+01 | 9.920000e+01 | 130.70%| unknown
 time | node  | left  |LP iter|LP it/n|mem/heur|mdpt |vars |cons |rows |cuts |sepa|confs|strbr|  dualbound   | primalbound  |  gap   | compl. 
 2125s|359900 |271951 | 37112k| 103.1 |   577M | 262 | 951 |5425 |5425 |   0 |  0 |   0 |  37 | 4.300000e+01 | 9.920000e+01 | 130.70%| unknown
 2125s|360000 |272033 | 37113k| 103.1 |   577M | 262 | 951 |5425 |5425 |   0 |  0 |   0 |  37 | 4.300000e+01 | 9.920000e+01 | 130.70%| unknown
 2125s|360100 |272113 | 37114k| 103.1 |   577M | 262 | 951 |5425 |5425 |   0 |  0 |   0 |  37 | 4.300000e+01 | 9.920000e+01 | 130.70%| unknown
 2126s|360200 |272195 | 37115k| 103.0 |   577M | 262 | 951 |5425 |5425 |   0 |  0 |   0 |  37 | 4.300000e+01 | 9.920000e+01 | 130.70%| unknown
 2126s|360300 |272275 | 37116k| 103.0 |   578M | 262 | 951 |5425 |5425 |   0 |  0 |   0 |  37 | 4.300000e+01 | 9.920000e+01 | 130.70%| unknown
 2126s|360400 |272333 | 37118k| 103.0 |   578M | 262 | 951 |5425 |5425 |   0 |  0 |   0 |  37 | 4.300000e+01 | 9.920000e+01 | 130.70%| unknown
 2126s|360500 |272401 | 37119k| 103.0 |   578M | 262 | 951 |5425 |5425 |   0 |  0 |   0 |  37 | 4.300000e+01 | 9.920000e+01 | 130.70%| unknown
 2126s|360600 |272489 | 37120k| 102.9 |   578M | 262 | 951 |5425 |5425 |   0 |  0 |   0 |  37 | 4.300000e+01 | 9.920000e+01 | 130.70%| unknown
 2126s|360700 |272567 | 37121k| 102.9 |   578M | 262 | 951 |5425 |5425 |   0 |  0 |   0 |  37 | 4.300000e+01 | 9.920000e+01 | 130.70%| unknown
 2127s|360800 |272631 | 37122k| 102.9 |   578M | 262 | 951 |5425 |5425 |   0 |  0 |   0 |  37 | 4.300000e+01 | 9.920000e+01 | 130.70%| unknown
 2127s|360900 |272695 | 37123k| 102.9 |   578M | 262 | 951 |5425 |5425 |   0 |  0 |   0 |  37 | 4.300000e+01 | 9.920000e+01 | 130.70%| unknown
 2127s|361000 |272763 | 37125k| 102.8 |   579M | 262 | 951 |5425 |5425 |   0 |  0 |   0 |  37 | 4.300000e+01 | 9.920000e+01 | 130.70%| unknown
 2127s|361100 |272817 | 37126k| 102.8 |   579M | 262 | 951 |5425 |5425 |   0 |  0 |   0 |  37 | 4.300000e+01 | 9.920000e+01 | 130.70%| unknown
 2128s|361200 |272907 | 37137k| 102.8 |   579M | 262 | 951 |5425 |5425 |   0 |  0 |   0 |  37 | 4.300000e+01 | 9.920000e+01 | 130.70%| unknown
 2129s|361300 |272983 | 37152k| 102.8 |   579M | 262 | 951 |5425 |5425 |   0 |  0 |   0 |  37 | 4.300000e+01 | 9.920000e+01 | 130.70%| unknown
 time | node  | left  |LP iter|LP it/n|mem/heur|mdpt |vars |cons |rows |cuts |sepa|confs|strbr|  dualbound   | primalbound  |  gap   | compl. 
 2129s|361400 |273051 | 37166k| 102.8 |   580M | 262 | 951 |5425 |5425 |   0 |  0 |   0 |  37 | 4.300000e+01 | 9.920000e+01 | 130.70%| unknown
 2130s|361500 |273133 | 37178k| 102.8 |   580M | 262 | 951 |5425 |5425 |   0 |  0 |   0 |  37 | 4.300000e+01 | 9.920000e+01 | 130.70%| unknown
 2131s|361600 |273213 | 37190k| 102.8 |   580M | 262 | 951 |5425 |5425 |   0 |  0 |   0 |  37 | 4.300000e+01 | 9.920000e+01 | 130.70%| unknown
 2131s|361700 |273289 | 37205k| 102.9 |   580M | 262 | 951 |5425 |5425 |   0 |  0 |   0 |  37 | 4.300000e+01 | 9.920000e+01 | 130.70%| unknown
 2132s|361800 |273369 | 37214k| 102.9 |   580M | 262 | 951 |5425 |5425 |   0 |  0 |   0 |  37 | 4.300000e+01 | 9.920000e+01 | 130.70%| unknown
 2133s|361900 |273447 | 37226k| 102.9 |   580M | 262 | 951 |5425 |5425 |   0 |  0 |   0 |  37 | 4.300000e+01 | 9.920000e+01 | 130.70%| unknown
 2133s|362000 |273529 | 37234k| 102.9 |   580M | 262 | 951 |5425 |5425 |   0 |  0 |   0 |  37 | 4.300000e+01 | 9.920000e+01 | 130.70%| unknown
 2134s|362100 |273607 | 37253k| 102.9 |   580M | 262 | 951 |5425 |5425 |   0 |  0 |   0 |  37 | 4.300000e+01 | 9.920000e+01 | 130.70%| unknown
 2135s|362200 |273677 | 37272k| 102.9 |   580M | 262 | 951 |5425 |5425 |   0 |  0 |   0 |  37 | 4.300000e+01 | 9.920000e+01 | 130.70%| unknown
 2136s|362300 |273743 | 37285k| 102.9 |   580M | 262 | 951 |5425 |5425 |   0 |  0 |   0 |  37 | 4.300000e+01 | 9.920000e+01 | 130.70%| unknown
 2136s|362400 |273817 | 37299k| 102.9 |   581M | 262 | 951 |5425 |5425 |   0 |  0 |   0 |  37 | 4.300000e+01 | 9.920000e+01 | 130.70%| unknown
 2138s|362500 |273885 | 37322k| 103.0 |   581M | 262 | 951 |5425 |5425 |   0 |  0 |   0 |  37 | 4.300000e+01 | 9.920000e+01 | 130.70%| unknown
 2139s|362600 |273947 | 37348k| 103.0 |   582M | 262 | 951 |5425 |5425 |   0 |  0 |   0 |  37 | 4.300000e+01 | 9.920000e+01 | 130.70%| unknown
 2140s|362700 |274001 | 37377k| 103.0 |   582M | 262 | 951 |5425 |5425 |   0 |  0 |   0 |  37 | 4.300000e+01 | 9.920000e+01 | 130.70%| unknown
 2142s|362800 |274077 | 37399k| 103.1 |   582M | 262 | 951 |5425 |5425 |   0 |  0 |   0 |  37 | 4.300000e+01 | 9.920000e+01 | 130.70%| unknown
 time | node  | left  |LP iter|LP it/n|mem/heur|mdpt |vars |cons |rows |cuts |sepa|confs|strbr|  dualbound   | primalbound  |  gap   | compl. 
 2143s|362900 |274135 | 37426k| 103.1 |   582M | 262 | 951 |5425 |5425 |   0 |  0 |   0 |  37 | 4.300000e+01 | 9.920000e+01 | 130.70%| unknown
 2144s|363000 |274215 | 37440k| 103.1 |   582M | 262 | 951 |5425 |5425 |   0 |  0 |   0 |  37 | 4.300000e+01 | 9.920000e+01 | 130.70%| unknown
 2145s|363100 |274281 | 37472k| 103.2 |   582M | 262 | 951 |5425 |5425 |   0 |  0 |   0 |  37 | 4.300000e+01 | 9.920000e+01 | 130.70%| unknown
 2145s|363200 |274341 | 37473k| 103.2 |   582M | 262 | 951 |5425 |5425 |   0 |  0 |   0 |  37 | 4.300000e+01 | 9.920000e+01 | 130.70%| unknown
 2146s|363300 |274417 | 37474k| 103.1 |   582M | 262 | 951 |5425 |5425 |   0 |  0 |   0 |  37 | 4.300000e+01 | 9.920000e+01 | 130.70%| unknown
 2146s|363400 |274477 | 37475k| 103.1 |   582M | 262 | 951 |5425 |5425 |   0 |  0 |   0 |  37 | 4.300000e+01 | 9.920000e+01 | 130.70%| unknown
 2146s|363500 |274547 | 37477k| 103.1 |   582M | 262 | 951 |5425 |5425 |   0 |  0 |   0 |  37 | 4.300000e+01 | 9.920000e+01 | 130.70%| unknown
 2146s|363600 |274627 | 37478k| 103.1 |   583M | 262 | 951 |5425 |5425 |   0 |  0 |   0 |  37 | 4.300000e+01 | 9.920000e+01 | 130.70%| unknown
 2146s|363700 |274709 | 37479k| 103.0 |   583M | 262 | 951 |5425 |5425 |   0 |  0 |   0 |  37 | 4.300000e+01 | 9.920000e+01 | 130.70%| unknown
 2146s|363800 |274777 | 37481k| 103.0 |   583M | 262 | 951 |5425 |5425 |   0 |  0 |   0 |  37 | 4.300000e+01 | 9.920000e+01 | 130.70%| unknown
 2147s|363900 |274837 | 37483k| 103.0 |   583M | 262 | 951 |5425 |5425 |   0 |  0 |   0 |  37 | 4.300000e+01 | 9.920000e+01 | 130.70%| unknown
 2148s|364000 |274899 | 37514k| 103.1 |   584M | 262 | 951 |5425 |5425 |   0 |  0 |   0 |  37 | 4.300000e+01 | 9.920000e+01 | 130.70%| unknown
 2149s|364100 |274973 | 37535k| 103.1 |   584M | 262 | 951 |5425 |5425 |   0 |  0 |   0 |  37 | 4.300000e+01 | 9.920000e+01 | 130.70%| unknown
 2149s|364200 |275051 | 37538k| 103.1 |   584M | 262 | 951 |5425 |5425 |   0 |  0 |   0 |  37 | 4.300000e+01 | 9.920000e+01 | 130.70%| unknown
 2150s|364300 |275137 | 37539k| 103.0 |   584M | 262 | 951 |5425 |5425 |   0 |  0 |   0 |  37 | 4.300000e+01 | 9.920000e+01 | 130.70%| unknown
 time | node  | left  |LP iter|LP it/n|mem/heur|mdpt |vars |cons |rows |cuts |sepa|confs|strbr|  dualbound   | primalbound  |  gap   | compl. 
 2150s|364400 |275221 | 37540k| 103.0 |   584M | 262 | 951 |5425 |5425 |   0 |  0 |   0 |  37 | 4.300000e+01 | 9.920000e+01 | 130.70%| unknown
 2150s|364500 |275281 | 37541k| 103.0 |   584M | 262 | 951 |5425 |5425 |   0 |  0 |   0 |  37 | 4.300000e+01 | 9.920000e+01 | 130.70%| unknown
 2150s|364600 |275349 | 37543k| 103.0 |   584M | 262 | 951 |5425 |5425 |   0 |  0 |   0 |  37 | 4.300000e+01 | 9.920000e+01 | 130.70%| unknown
 2150s|364700 |275407 | 37544k| 102.9 |   585M | 262 | 951 |5425 |5425 |   0 |  0 |   0 |  37 | 4.300000e+01 | 9.920000e+01 | 130.70%| unknown
 2151s|364800 |275487 | 37545k| 102.9 |   585M | 262 | 951 |5425 |5425 |   0 |  0 |   0 |  37 | 4.300000e+01 | 9.920000e+01 | 130.70%| unknown
 2151s|364900 |275541 | 37547k| 102.9 |   585M | 262 | 951 |5425 |5425 |   0 |  0 |   0 |  37 | 4.300000e+01 | 9.920000e+01 | 130.70%| unknown
 2151s|365000 |275593 | 37548k| 102.9 |   585M | 262 | 951 |5425 |5425 |   0 |  0 |   0 |  37 | 4.300000e+01 | 9.920000e+01 | 130.70%| unknown
 2151s|365100 |275649 | 37553k| 102.9 |   585M | 262 | 951 |5425 |5425 |   0 |  0 |   0 |  37 | 4.300000e+01 | 9.920000e+01 | 130.70%| unknown
 2152s|365200 |275717 | 37570k| 102.9 |   585M | 262 | 951 |5425 |5425 |   0 |  0 |   0 |  37 | 4.300000e+01 | 9.920000e+01 | 130.70%| unknown
 2153s|365300 |275787 | 37579k| 102.9 |   585M | 262 | 951 |5425 |5425 |   0 |  0 |   0 |  37 | 4.300000e+01 | 9.920000e+01 | 130.70%| unknown
 2153s|365400 |275851 | 37584k| 102.9 |   585M | 262 | 951 |5425 |5425 |   0 |  0 |   0 |  37 | 4.300000e+01 | 9.920000e+01 | 130.70%| unknown
 2153s|365500 |275923 | 37586k| 102.8 |   585M | 262 | 951 |5425 |5425 |   0 |  0 |   0 |  37 | 4.300000e+01 | 9.920000e+01 | 130.70%| unknown
 2153s|365600 |275997 | 37587k| 102.8 |   585M | 262 | 951 |5425 |5425 |   0 |  0 |   0 |  37 | 4.300000e+01 | 9.920000e+01 | 130.70%| unknown
 2154s|365700 |276061 | 37593k| 102.8 |   585M | 262 | 951 |5425 |5425 |   0 |  0 |   0 |  37 | 4.300000e+01 | 9.920000e+01 | 130.70%| unknown
 2154s|365800 |276133 | 37604k| 102.8 |   585M | 262 | 951 |5425 |5425 |   0 |  0 |   0 |  37 | 4.300000e+01 | 9.920000e+01 | 130.70%| unknown
 time | node  | left  |LP iter|LP it/n|mem/heur|mdpt |vars |cons |rows |cuts |sepa|confs|strbr|  dualbound   | primalbound  |  gap   | compl. 
 2155s|365900 |276207 | 37625k| 102.8 |   586M | 262 | 951 |5425 |5425 |   0 |  0 |   0 |  37 | 4.300000e+01 | 9.920000e+01 | 130.70%| unknown
 2156s|366000 |276279 | 37639k| 102.8 |   586M | 262 | 951 |5425 |5425 |   0 |  0 |   0 |  37 | 4.300000e+01 | 9.920000e+01 | 130.70%| unknown
 2157s|366100 |276359 | 37660k| 102.9 |   586M | 262 | 951 |5425 |5425 |   0 |  0 |   0 |  37 | 4.300000e+01 | 9.920000e+01 | 130.70%| unknown
 2157s|366200 |276417 | 37661k| 102.8 |   586M | 262 | 951 |5425 |5425 |   0 |  0 |   0 |  37 | 4.300000e+01 | 9.920000e+01 | 130.70%| unknown
 2158s|366300 |276479 | 37663k| 102.8 |   586M | 262 | 951 |5425 |5425 |   0 |  0 |   0 |  37 | 4.300000e+01 | 9.920000e+01 | 130.70%| unknown
 2158s|366400 |276541 | 37664k| 102.8 |   587M | 262 | 951 |5425 |5425 |   0 |  0 |   0 |  37 | 4.300000e+01 | 9.920000e+01 | 130.70%| unknown
 2159s|366500 |276611 | 37679k| 102.8 |   587M | 262 | 951 |5425 |5425 |   0 |  0 |   0 |  37 | 4.300000e+01 | 9.920000e+01 | 130.70%| unknown
 2159s|366600 |276659 | 37696k| 102.8 |   587M | 262 | 951 |5425 |5425 |   0 |  0 |   0 |  37 | 4.300000e+01 | 9.920000e+01 | 130.70%| unknown
 2160s|366700 |276729 | 37713k| 102.8 |   587M | 262 | 951 |5425 |5425 |   0 |  0 |   0 |  37 | 4.300000e+01 | 9.920000e+01 | 130.70%| unknown
 2162s|366800 |276809 | 37740k| 102.9 |   587M | 262 | 951 |5425 |5425 |   0 |  0 |   0 |  37 | 4.300000e+01 | 9.920000e+01 | 130.70%| unknown
 2162s|366900 |276883 | 37752k| 102.9 |   587M | 262 | 951 |5425 |5425 |   0 |  0 |   0 |  37 | 4.300000e+01 | 9.920000e+01 | 130.70%| unknown
 2163s|367000 |276959 | 37770k| 102.9 |   587M | 262 | 951 |5425 |5425 |   0 |  0 |   0 |  37 | 4.300000e+01 | 9.920000e+01 | 130.70%| unknown
 2165s|367100 |277023 | 37797k| 103.0 |   588M | 262 | 951 |5425 |5425 |   0 |  0 |   0 |  37 | 4.300000e+01 | 9.920000e+01 | 130.70%| unknown
 2165s|367200 |277103 | 37799k| 102.9 |   588M | 262 | 951 |5425 |5425 |   0 |  0 |   0 |  37 | 4.300000e+01 | 9.920000e+01 | 130.70%| unknown
 2165s|367300 |277163 | 37801k| 102.9 |   588M | 262 | 951 |5425 |5425 |   0 |  0 |   0 |  37 | 4.300000e+01 | 9.920000e+01 | 130.70%| unknown
 time | node  | left  |LP iter|LP it/n|mem/heur|mdpt |vars |cons |rows |cuts |sepa|confs|strbr|  dualbound   | primalbound  |  gap   | compl. 
 2165s|367400 |277239 | 37802k| 102.9 |   588M | 262 | 951 |5425 |5425 |   0 |  0 |   0 |  37 | 4.300000e+01 | 9.920000e+01 | 130.70%| unknown
 2166s|367500 |277313 | 37819k| 102.9 |   588M | 262 | 951 |5425 |5425 |   0 |  0 |   0 |  37 | 4.300000e+01 | 9.920000e+01 | 130.70%| unknown
 2167s|367600 |277379 | 37835k| 102.9 |   588M | 262 | 951 |5425 |5425 |   0 |  0 |   0 |  37 | 4.300000e+01 | 9.920000e+01 | 130.70%| unknown
 2168s|367700 |277455 | 37849k| 102.9 |   588M | 262 | 951 |5425 |5425 |   0 |  0 |   0 |  37 | 4.300000e+01 | 9.920000e+01 | 130.70%| unknown
 2168s|367800 |277521 | 37860k| 102.9 |   588M | 262 | 951 |5425 |5425 |   0 |  0 |   0 |  37 | 4.300000e+01 | 9.920000e+01 | 130.70%| unknown
 2169s|367900 |277587 | 37872k| 102.9 |   588M | 262 | 951 |5425 |5425 |   0 |  0 |   0 |  37 | 4.300000e+01 | 9.920000e+01 | 130.70%| unknown
 2169s|368000 |277661 | 37885k| 102.9 |   588M | 262 | 951 |5425 |5425 |   0 |  0 |   0 |  37 | 4.300000e+01 | 9.920000e+01 | 130.70%| unknown
 2170s|368100 |277743 | 37896k| 103.0 |   588M | 262 | 951 |5425 |5425 |   0 |  0 |   0 |  37 | 4.300000e+01 | 9.920000e+01 | 130.70%| unknown
 2170s|368200 |277821 | 37903k| 102.9 |   589M | 262 | 951 |5425 |5425 |   0 |  0 |   0 |  37 | 4.300000e+01 | 9.920000e+01 | 130.70%| unknown
 2171s|368300 |277903 | 37914k| 102.9 |   589M | 262 | 951 |5425 |5425 |   0 |  0 |   0 |  37 | 4.300000e+01 | 9.920000e+01 | 130.70%| unknown
 2172s|368400 |277989 | 37931k| 103.0 |   589M | 262 | 951 |5425 |5425 |   0 |  0 |   0 |  37 | 4.300000e+01 | 9.920000e+01 | 130.70%| unknown
 2173s|368500 |278049 | 37946k| 103.0 |   589M | 262 | 951 |5425 |5425 |   0 |  0 |   0 |  37 | 4.300000e+01 | 9.920000e+01 | 130.70%| unknown
 2174s|368600 |278121 | 37966k| 103.0 |   590M | 262 | 951 |5425 |5425 |   0 |  0 |   0 |  37 | 4.300000e+01 | 9.920000e+01 | 130.70%| unknown
 2175s|368700 |278181 | 37980k| 103.0 |   590M | 262 | 951 |5425 |5425 |   0 |  0 |   0 |  37 | 4.300000e+01 | 9.920000e+01 | 130.70%| unknown
 2175s|368800 |278257 | 37993k| 103.0 |   590M | 262 | 951 |5425 |5425 |   0 |  0 |   0 |  37 | 4.300000e+01 | 9.920000e+01 | 130.70%| unknown
 time | node  | left  |LP iter|LP it/n|mem/heur|mdpt |vars |cons |rows |cuts |sepa|confs|strbr|  dualbound   | primalbound  |  gap   | compl. 
 2176s|368900 |278331 | 38014k| 103.0 |   590M | 262 | 951 |5425 |5425 |   0 |  0 |   0 |  37 | 4.300000e+01 | 9.920000e+01 | 130.70%| unknown
 2177s|369000 |278395 | 38032k| 103.1 |   590M | 262 | 951 |5425 |5425 |   0 |  0 |   0 |  37 | 4.300000e+01 | 9.920000e+01 | 130.70%| unknown
 2179s|369100 |278479 | 38059k| 103.1 |   590M | 262 | 951 |5425 |5425 |   0 |  0 |   0 |  37 | 4.300000e+01 | 9.920000e+01 | 130.70%| unknown
 2179s|369200 |278555 | 38073k| 103.1 |   591M | 262 | 951 |5425 |5425 |   0 |  0 |   0 |  37 | 4.300000e+01 | 9.920000e+01 | 130.70%| unknown
 2180s|369300 |278633 | 38088k| 103.1 |   591M | 262 | 951 |5425 |5425 |   0 |  0 |   0 |  37 | 4.300000e+01 | 9.920000e+01 | 130.70%| unknown
 2181s|369400 |278695 | 38109k| 103.2 |   591M | 262 | 951 |5425 |5425 |   0 |  0 |   0 |  37 | 4.300000e+01 | 9.920000e+01 | 130.70%| unknown
 2182s|369500 |278773 | 38129k| 103.2 |   591M | 262 | 951 |5425 |5425 |   0 |  0 |   0 |  37 | 4.300000e+01 | 9.920000e+01 | 130.70%| unknown
 2183s|369600 |278841 | 38146k| 103.2 |   591M | 262 | 951 |5425 |5425 |   0 |  0 |   0 |  37 | 4.300000e+01 | 9.920000e+01 | 130.70%| unknown
 2183s|369700 |278917 | 38147k| 103.2 |   591M | 262 | 951 |5425 |5425 |   0 |  0 |   0 |  37 | 4.300000e+01 | 9.920000e+01 | 130.70%| unknown
 2183s|369800 |278999 | 38149k| 103.2 |   591M | 262 | 951 |5425 |5425 |   0 |  0 |   0 |  37 | 4.300000e+01 | 9.920000e+01 | 130.70%| unknown
 2184s|369900 |279075 | 38150k| 103.1 |   591M | 262 | 951 |5425 |5425 |   0 |  0 |   0 |  37 | 4.300000e+01 | 9.920000e+01 | 130.70%| unknown
 2184s|370000 |279155 | 38151k| 103.1 |   591M | 262 | 951 |5425 |5425 |   0 |  0 |   0 |  37 | 4.300000e+01 | 9.920000e+01 | 130.70%| unknown
 2185s|370100 |279235 | 38169k| 103.1 |   591M | 262 | 951 |5425 |5425 |   0 |  0 |   0 |  37 | 4.300000e+01 | 9.920000e+01 | 130.70%| unknown
 2186s|370200 |279311 | 38201k| 103.2 |   591M | 262 | 951 |5425 |5425 |   0 |  0 |   0 |  37 | 4.300000e+01 | 9.920000e+01 | 130.70%| unknown
 2187s|370300 |279389 | 38220k| 103.2 |   593M | 262 | 951 |5425 |5425 |   0 |  0 |   0 |  37 | 4.300000e+01 | 9.920000e+01 | 130.70%| unknown
 time | node  | left  |LP iter|LP it/n|mem/heur|mdpt |vars |cons |rows |cuts |sepa|confs|strbr|  dualbound   | primalbound  |  gap   | compl. 
 2189s|370400 |279457 | 38241k| 103.2 |   593M | 262 | 951 |5425 |5425 |   0 |  0 |   0 |  37 | 4.300000e+01 | 9.920000e+01 | 130.70%| unknown
 2189s|370500 |279513 | 38256k| 103.3 |   593M | 262 | 951 |5425 |5425 |   0 |  0 |   0 |  37 | 4.300000e+01 | 9.920000e+01 | 130.70%| unknown
 2189s|370600 |279595 | 38257k| 103.2 |   593M | 262 | 951 |5425 |5425 |   0 |  0 |   0 |  37 | 4.300000e+01 | 9.920000e+01 | 130.70%| unknown
 2190s|370700 |279669 | 38258k| 103.2 |   593M | 262 | 951 |5425 |5425 |   0 |  0 |   0 |  37 | 4.300000e+01 | 9.920000e+01 | 130.70%| unknown
 2190s|370800 |279741 | 38260k| 103.2 |   593M | 262 | 951 |5425 |5425 |   0 |  0 |   0 |  37 | 4.300000e+01 | 9.920000e+01 | 130.70%| unknown
 2190s|370900 |279811 | 38261k| 103.2 |   593M | 262 | 951 |5425 |5425 |   0 |  0 |   0 |  37 | 4.300000e+01 | 9.920000e+01 | 130.70%| unknown
 2191s|371000 |279871 | 38278k| 103.2 |   593M | 262 | 951 |5425 |5425 |   0 |  0 |   0 |  37 | 4.300000e+01 | 9.920000e+01 | 130.70%| unknown
 2192s|371100 |279941 | 38299k| 103.2 |   593M | 262 | 951 |5425 |5425 |   0 |  0 |   0 |  37 | 4.300000e+01 | 9.920000e+01 | 130.70%| unknown
 2193s|371200 |280003 | 38325k| 103.2 |   593M | 262 | 951 |5425 |5425 |   0 |  0 |   0 |  37 | 4.300000e+01 | 9.920000e+01 | 130.70%| unknown
 2194s|371300 |280073 | 38348k| 103.3 |   593M | 262 | 951 |5425 |5425 |   0 |  0 |   0 |  37 | 4.300000e+01 | 9.920000e+01 | 130.70%| unknown
 2196s|371400 |280137 | 38369k| 103.3 |   593M | 262 | 951 |5425 |5425 |   0 |  0 |   0 |  37 | 4.300000e+01 | 9.920000e+01 | 130.70%| unknown
 2197s|371500 |280207 | 38388k| 103.3 |   594M | 262 | 951 |5425 |5425 |   0 |  0 |   0 |  37 | 4.300000e+01 | 9.920000e+01 | 130.70%| unknown
 2198s|371600 |280271 | 38410k| 103.4 |   595M | 262 | 951 |5425 |5425 |   0 |  0 |   0 |  37 | 4.300000e+01 | 9.920000e+01 | 130.70%| unknown
 2198s|371700 |280337 | 38427k| 103.4 |   595M | 262 | 951 |5425 |5425 |   0 |  0 |   0 |  37 | 4.300000e+01 | 9.920000e+01 | 130.70%| unknown
 2199s|371800 |280407 | 38443k| 103.4 |   595M | 262 | 951 |5425 |5425 |   0 |  0 |   0 |  37 | 4.300000e+01 | 9.920000e+01 | 130.70%| unknown
 time | node  | left  |LP iter|LP it/n|mem/heur|mdpt |vars |cons |rows |cuts |sepa|confs|strbr|  dualbound   | primalbound  |  gap   | compl. 
 2199s|371900 |280489 | 38444k| 103.4 |   595M | 262 | 951 |5425 |5425 |   0 |  0 |   0 |  37 | 4.300000e+01 | 9.920000e+01 | 130.70%| unknown
 2200s|372000 |280561 | 38445k| 103.3 |   595M | 262 | 951 |5425 |5425 |   0 |  0 |   0 |  37 | 4.300000e+01 | 9.920000e+01 | 130.70%| unknown
 2200s|372100 |280627 | 38447k| 103.3 |   595M | 262 | 951 |5425 |5425 |   0 |  0 |   0 |  37 | 4.300000e+01 | 9.920000e+01 | 130.70%| unknown
 2200s|372200 |280695 | 38448k| 103.3 |   595M | 262 | 951 |5425 |5425 |   0 |  0 |   0 |  37 | 4.300000e+01 | 9.920000e+01 | 130.70%| unknown
 2200s|372300 |280753 | 38450k| 103.3 |   595M | 262 | 951 |5425 |5425 |   0 |  0 |   0 |  37 | 4.300000e+01 | 9.920000e+01 | 130.70%| unknown
 2200s|372400 |280833 | 38451k| 103.3 |   596M | 262 | 951 |5425 |5425 |   0 |  0 |   0 |  37 | 4.300000e+01 | 9.920000e+01 | 130.70%| unknown
 2201s|372500 |280897 | 38452k| 103.2 |   596M | 262 | 951 |5425 |5425 |   0 |  0 |   0 |  37 | 4.300000e+01 | 9.920000e+01 | 130.70%| unknown
 2201s|372600 |280975 | 38466k| 103.2 |   597M | 262 | 951 |5425 |5425 |   0 |  0 |   0 |  37 | 4.300000e+01 | 9.920000e+01 | 130.70%| unknown
 2202s|372700 |281051 | 38489k| 103.3 |   597M | 262 | 951 |5425 |5425 |   0 |  0 |   0 |  37 | 4.300000e+01 | 9.920000e+01 | 130.70%| unknown
 2203s|372800 |281135 | 38500k| 103.3 |   597M | 262 | 951 |5425 |5425 |   0 |  0 |   0 |  37 | 4.300000e+01 | 9.920000e+01 | 130.70%| unknown
 2204s|372900 |281185 | 38517k| 103.3 |   597M | 262 | 951 |5425 |5425 |   0 |  0 |   0 |  37 | 4.300000e+01 | 9.920000e+01 | 130.70%| unknown
 2205s|373000 |281277 | 38529k| 103.3 |   597M | 262 | 951 |5425 |5425 |   0 |  0 |   0 |  37 | 4.300000e+01 | 9.920000e+01 | 130.70%| unknown
 2206s|373100 |281345 | 38556k| 103.3 |   597M | 262 | 951 |5425 |5425 |   0 |  0 |   0 |  37 | 4.300000e+01 | 9.920000e+01 | 130.70%| unknown
 2207s|373200 |281417 | 38574k| 103.4 |   597M | 262 | 951 |5425 |5425 |   0 |  0 |   0 |  37 | 4.300000e+01 | 9.920000e+01 | 130.70%| unknown
 2208s|373300 |281491 | 38596k| 103.4 |   597M | 262 | 951 |5425 |5425 |   0 |  0 |   0 |  37 | 4.300000e+01 | 9.920000e+01 | 130.70%| unknown
 time | node  | left  |LP iter|LP it/n|mem/heur|mdpt |vars |cons |rows |cuts |sepa|confs|strbr|  dualbound   | primalbound  |  gap   | compl. 
 2210s|373400 |281565 | 38623k| 103.4 |   597M | 262 | 951 |5425 |5425 |   0 |  0 |   0 |  37 | 4.300000e+01 | 9.920000e+01 | 130.70%| unknown
 2211s|373500 |281647 | 38645k| 103.5 |   597M | 262 | 951 |5425 |5425 |   0 |  0 |   0 |  37 | 4.300000e+01 | 9.920000e+01 | 130.70%| unknown
 2212s|373600 |281719 | 38669k| 103.5 |   597M | 262 | 951 |5425 |5425 |   0 |  0 |   0 |  37 | 4.300000e+01 | 9.920000e+01 | 130.70%| unknown
 2213s|373700 |281799 | 38694k| 103.5 |   598M | 262 | 951 |5425 |5425 |   0 |  0 |   0 |  37 | 4.300000e+01 | 9.920000e+01 | 130.70%| unknown
 2214s|373800 |281879 | 38709k| 103.6 |   598M | 262 | 951 |5425 |5425 |   0 |  0 |   0 |  37 | 4.300000e+01 | 9.920000e+01 | 130.70%| unknown
 2215s|373900 |281939 | 38732k| 103.6 |   598M | 262 | 951 |5425 |5425 |   0 |  0 |   0 |  37 | 4.300000e+01 | 9.920000e+01 | 130.70%| unknown
 2216s|374000 |282013 | 38756k| 103.6 |   598M | 262 | 951 |5425 |5425 |   0 |  0 |   0 |  37 | 4.300000e+01 | 9.920000e+01 | 130.70%| unknown
 2218s|374100 |282075 | 38784k| 103.7 |   598M | 262 | 951 |5425 |5425 |   0 |  0 |   0 |  37 | 4.300000e+01 | 9.920000e+01 | 130.70%| unknown
 2219s|374200 |282167 | 38806k| 103.7 |   598M | 262 | 951 |5425 |5425 |   0 |  0 |   0 |  37 | 4.300000e+01 | 9.920000e+01 | 130.70%| unknown
 2220s|374300 |282255 | 38822k| 103.7 |   598M | 262 | 951 |5425 |5425 |   0 |  0 |   0 |  37 | 4.300000e+01 | 9.920000e+01 | 130.70%| unknown
 2221s|374400 |282315 | 38839k| 103.7 |   598M | 262 | 951 |5425 |5425 |   0 |  0 |   0 |  37 | 4.300000e+01 | 9.920000e+01 | 130.70%| unknown
 2222s|374500 |282395 | 38863k| 103.8 |   598M | 262 | 951 |5425 |5425 |   0 |  0 |   0 |  37 | 4.300000e+01 | 9.920000e+01 | 130.70%| unknown
 2223s|374600 |282463 | 38889k| 103.8 |   598M | 262 | 951 |5425 |5425 |   0 |  0 |   0 |  37 | 4.300000e+01 | 9.920000e+01 | 130.70%| unknown
 2224s|374700 |282517 | 38902k| 103.8 |   598M | 262 | 951 |5425 |5425 |   0 |  0 |   0 |  37 | 4.300000e+01 | 9.920000e+01 | 130.70%| unknown
 2224s|374800 |282589 | 38903k| 103.8 |   599M | 262 | 951 |5425 |5425 |   0 |  0 |   0 |  37 | 4.300000e+01 | 9.920000e+01 | 130.70%| unknown
 time | node  | left  |LP iter|LP it/n|mem/heur|mdpt |vars |cons |rows |cuts |sepa|confs|strbr|  dualbound   | primalbound  |  gap   | compl. 
 2224s|374900 |282663 | 38905k| 103.8 |   599M | 262 | 951 |5425 |5425 |   0 |  0 |   0 |  37 | 4.300000e+01 | 9.920000e+01 | 130.70%| unknown
 2225s|375000 |282751 | 38906k| 103.7 |   599M | 262 | 951 |5425 |5425 |   0 |  0 |   0 |  37 | 4.300000e+01 | 9.920000e+01 | 130.70%| unknown
 2225s|375100 |282833 | 38907k| 103.7 |   599M | 262 | 951 |5425 |5425 |   0 |  0 |   0 |  37 | 4.300000e+01 | 9.920000e+01 | 130.70%| unknown
 2225s|375200 |282899 | 38908k| 103.7 |   599M | 262 | 951 |5425 |5425 |   0 |  0 |   0 |  37 | 4.300000e+01 | 9.920000e+01 | 130.70%| unknown
 2225s|375300 |282975 | 38909k| 103.7 |   599M | 262 | 951 |5425 |5425 |   0 |  0 |   0 |  37 | 4.300000e+01 | 9.920000e+01 | 130.70%| unknown
 2226s|375400 |283053 | 38920k| 103.7 |   599M | 262 | 951 |5425 |5425 |   0 |  0 |   0 |  37 | 4.300000e+01 | 9.920000e+01 | 130.70%| unknown
 2226s|375500 |283107 | 38921k| 103.7 |   599M | 262 | 951 |5425 |5425 |   0 |  0 |   0 |  37 | 4.300000e+01 | 9.920000e+01 | 130.70%| unknown
 2226s|375600 |283161 | 38923k| 103.6 |   599M | 262 | 951 |5425 |5425 |   0 |  0 |   0 |  37 | 4.300000e+01 | 9.920000e+01 | 130.70%| unknown
 2226s|375700 |283217 | 38924k| 103.6 |   599M | 262 | 951 |5425 |5425 |   0 |  0 |   0 |  37 | 4.300000e+01 | 9.920000e+01 | 130.70%| unknown
 2227s|375800 |283303 | 38925k| 103.6 |   599M | 262 | 951 |5425 |5425 |   0 |  0 |   0 |  37 | 4.300000e+01 | 9.920000e+01 | 130.70%| unknown
 2227s|375900 |283365 | 38927k| 103.6 |   600M | 262 | 951 |5425 |5425 |   0 |  0 |   0 |  37 | 4.300000e+01 | 9.920000e+01 | 130.70%| unknown
 2227s|376000 |283443 | 38928k| 103.5 |   600M | 262 | 951 |5425 |5425 |   0 |  0 |   0 |  37 | 4.300000e+01 | 9.920000e+01 | 130.70%| unknown
 2227s|376100 |283531 | 38929k| 103.5 |   600M | 262 | 951 |5425 |5425 |   0 |  0 |   0 |  37 | 4.300000e+01 | 9.920000e+01 | 130.70%| unknown
 2228s|376200 |283615 | 38956k| 103.6 |   600M | 262 | 951 |5425 |5425 |   0 |  0 |   0 |  37 | 4.300000e+01 | 9.920000e+01 | 130.70%| unknown
 2230s|376300 |283695 | 38994k| 103.6 |   600M | 262 | 951 |5425 |5425 |   0 |  0 |   0 |  37 | 4.300000e+01 | 9.920000e+01 | 130.70%| unknown
 time | node  | left  |LP iter|LP it/n|mem/heur|mdpt |vars |cons |rows |cuts |sepa|confs|strbr|  dualbound   | primalbound  |  gap   | compl. 
 2231s|376400 |283777 | 39021k| 103.7 |   600M | 262 | 951 |5425 |5425 |   0 |  0 |   0 |  37 | 4.300000e+01 | 9.920000e+01 | 130.70%| unknown
 2232s|376500 |283857 | 39035k| 103.7 |   600M | 262 | 951 |5425 |5425 |   0 |  0 |   0 |  37 | 4.300000e+01 | 9.920000e+01 | 130.70%| unknown
 2233s|376600 |283937 | 39048k| 103.7 |   601M | 262 | 951 |5425 |5425 |   0 |  0 |   0 |  37 | 4.300000e+01 | 9.920000e+01 | 130.70%| unknown
 2234s|376700 |284023 | 39064k| 103.7 |   601M | 262 | 951 |5425 |5425 |   0 |  0 |   0 |  37 | 4.300000e+01 | 9.920000e+01 | 130.70%| unknown
 2235s|376800 |284085 | 39085k| 103.7 |   602M | 262 | 951 |5425 |5425 |   0 |  0 |   0 |  37 | 4.300000e+01 | 9.920000e+01 | 130.70%| unknown
 2235s|376900 |284147 | 39087k| 103.7 |   603M | 262 | 951 |5425 |5425 |   0 |  0 |   0 |  37 | 4.300000e+01 | 9.920000e+01 | 130.70%| unknown
 2235s|377000 |284229 | 39092k| 103.7 |   603M | 262 | 951 |5425 |5425 |   0 |  0 |   0 |  37 | 4.300000e+01 | 9.920000e+01 | 130.70%| unknown
 2236s|377100 |284301 | 39105k| 103.7 |   603M | 262 | 951 |5425 |5425 |   0 |  0 |   0 |  37 | 4.300000e+01 | 9.920000e+01 | 130.70%| unknown
 2237s|377200 |284375 | 39113k| 103.7 |   603M | 262 | 951 |5425 |5425 |   0 |  0 |   0 |  37 | 4.300000e+01 | 9.920000e+01 | 130.70%| unknown
 2237s|377300 |284451 | 39114k| 103.7 |   603M | 262 | 951 |5425 |5425 |   0 |  0 |   0 |  37 | 4.300000e+01 | 9.920000e+01 | 130.70%| unknown
 2237s|377400 |284525 | 39115k| 103.6 |   603M | 262 | 951 |5425 |5425 |   0 |  0 |   0 |  37 | 4.300000e+01 | 9.920000e+01 | 130.70%| unknown
 2237s|377500 |284599 | 39117k| 103.6 |   603M | 262 | 951 |5425 |5425 |   0 |  0 |   0 |  37 | 4.300000e+01 | 9.920000e+01 | 130.70%| unknown
 2237s|377600 |284669 | 39118k| 103.6 |   603M | 262 | 951 |5425 |5425 |   0 |  0 |   0 |  37 | 4.300000e+01 | 9.920000e+01 | 130.70%| unknown
 2237s|377700 |284745 | 39119k| 103.6 |   603M | 262 | 951 |5425 |5425 |   0 |  0 |   0 |  37 | 4.300000e+01 | 9.920000e+01 | 130.70%| unknown
 2238s|377800 |284833 | 39120k| 103.5 |   603M | 262 | 951 |5425 |5425 |   0 |  0 |   0 |  37 | 4.300000e+01 | 9.920000e+01 | 130.70%| unknown
 time | node  | left  |LP iter|LP it/n|mem/heur|mdpt |vars |cons |rows |cuts |sepa|confs|strbr|  dualbound   | primalbound  |  gap   | compl. 
 2238s|377900 |284893 | 39121k| 103.5 |   603M | 262 | 951 |5425 |5425 |   0 |  0 |   0 |  37 | 4.300000e+01 | 9.920000e+01 | 130.70%| unknown
 2238s|378000 |284965 | 39126k| 103.5 |   604M | 262 | 951 |5425 |5425 |   0 |  0 |   0 |  37 | 4.300000e+01 | 9.920000e+01 | 130.70%| unknown
 2239s|378100 |285023 | 39135k| 103.5 |   604M | 262 | 951 |5425 |5425 |   0 |  0 |   0 |  37 | 4.300000e+01 | 9.920000e+01 | 130.70%| unknown
 2239s|378200 |285075 | 39136k| 103.5 |   604M | 262 | 951 |5425 |5425 |   0 |  0 |   0 |  37 | 4.300000e+01 | 9.920000e+01 | 130.70%| unknown
 2239s|378300 |285127 | 39138k| 103.5 |   604M | 262 | 951 |5425 |5425 |   0 |  0 |   0 |  37 | 4.300000e+01 | 9.920000e+01 | 130.70%| unknown
 2239s|378400 |285175 | 39139k| 103.4 |   604M | 262 | 951 |5425 |5425 |   0 |  0 |   0 |  37 | 4.300000e+01 | 9.920000e+01 | 130.70%| unknown
 2239s|378500 |285241 | 39140k| 103.4 |   604M | 262 | 951 |5425 |5425 |   0 |  0 |   0 |  37 | 4.300000e+01 | 9.920000e+01 | 130.70%| unknown
 2240s|378600 |285323 | 39142k| 103.4 |   604M | 262 | 951 |5425 |5425 |   0 |  0 |   0 |  37 | 4.300000e+01 | 9.920000e+01 | 130.70%| unknown
 2240s|378700 |285397 | 39144k| 103.4 |   604M | 262 | 951 |5425 |5425 |   0 |  0 |   0 |  37 | 4.300000e+01 | 9.920000e+01 | 130.70%| unknown
 2240s|378800 |285459 | 39145k| 103.3 |   604M | 262 | 951 |5425 |5425 |   0 |  0 |   0 |  37 | 4.300000e+01 | 9.920000e+01 | 130.70%| unknown
 2240s|378900 |285529 | 39146k| 103.3 |   604M | 262 | 951 |5425 |5425 |   0 |  0 |   0 |  37 | 4.300000e+01 | 9.920000e+01 | 130.70%| unknown
 2240s|379000 |285611 | 39147k| 103.3 |   604M | 262 | 951 |5425 |5425 |   0 |  0 |   0 |  37 | 4.300000e+01 | 9.920000e+01 | 130.70%| unknown
 2240s|379100 |285675 | 39149k| 103.3 |   605M | 262 | 951 |5425 |5425 |   0 |  0 |   0 |  37 | 4.300000e+01 | 9.920000e+01 | 130.70%| unknown
 2241s|379200 |285737 | 39150k| 103.2 |   606M | 262 | 951 |5425 |5425 |   0 |  0 |   0 |  37 | 4.300000e+01 | 9.920000e+01 | 130.70%| unknown
 2241s|379300 |285791 | 39151k| 103.2 |   606M | 262 | 951 |5425 |5425 |   0 |  0 |   0 |  37 | 4.300000e+01 | 9.920000e+01 | 130.70%| unknown
 time | node  | left  |LP iter|LP it/n|mem/heur|mdpt |vars |cons |rows |cuts |sepa|confs|strbr|  dualbound   | primalbound  |  gap   | compl. 
 2241s|379400 |285849 | 39152k| 103.2 |   606M | 262 | 951 |5425 |5425 |   0 |  0 |   0 |  37 | 4.300000e+01 | 9.920000e+01 | 130.70%| unknown
 2241s|379500 |285921 | 39154k| 103.2 |   606M | 262 | 951 |5425 |5425 |   0 |  0 |   0 |  37 | 4.300000e+01 | 9.920000e+01 | 130.70%| unknown
 2241s|379600 |285991 | 39155k| 103.1 |   606M | 262 | 951 |5425 |5425 |   0 |  0 |   0 |  37 | 4.300000e+01 | 9.920000e+01 | 130.70%| unknown
 2242s|379700 |286063 | 39155k| 103.1 |   606M | 262 | 951 |5425 |5425 |   0 |  0 |   0 |  37 | 4.300000e+01 | 9.920000e+01 | 130.70%| unknown
 2242s|379800 |286151 | 39156k| 103.1 |   606M | 262 | 951 |5425 |5425 |   0 |  0 |   0 |  37 | 4.300000e+01 | 9.920000e+01 | 130.70%| unknown
 2242s|379900 |286219 | 39158k| 103.1 |   606M | 262 | 951 |5425 |5425 |   0 |  0 |   0 |  37 | 4.300000e+01 | 9.920000e+01 | 130.70%| unknown
 2242s|380000 |286291 | 39159k| 103.0 |   606M | 262 | 951 |5425 |5425 |   0 |  0 |   0 |  37 | 4.300000e+01 | 9.920000e+01 | 130.70%| unknown
 2242s|380100 |286351 | 39160k| 103.0 |   606M | 262 | 951 |5425 |5425 |   0 |  0 |   0 |  37 | 4.300000e+01 | 9.920000e+01 | 130.70%| unknown
 2242s|380200 |286425 | 39161k| 103.0 |   606M | 262 | 951 |5425 |5425 |   0 |  0 |   0 |  37 | 4.300000e+01 | 9.920000e+01 | 130.70%| unknown
 2243s|380300 |286495 | 39162k| 103.0 |   607M | 262 | 951 |5425 |5425 |   0 |  0 |   0 |  37 | 4.300000e+01 | 9.920000e+01 | 130.70%| unknown
 2243s|380400 |286591 | 39163k| 103.0 |   607M | 262 | 951 |5425 |5425 |   0 |  0 |   0 |  37 | 4.300000e+01 | 9.920000e+01 | 130.70%| unknown
 2243s|380500 |286667 | 39164k| 102.9 |   607M | 262 | 951 |5425 |5425 |   0 |  0 |   0 |  37 | 4.300000e+01 | 9.920000e+01 | 130.70%| unknown
 2243s|380600 |286743 | 39165k| 102.9 |   607M | 262 | 951 |5425 |5425 |   0 |  0 |   0 |  37 | 4.300000e+01 | 9.920000e+01 | 130.70%| unknown
 2243s|380700 |286817 | 39167k| 102.9 |   607M | 262 | 951 |5425 |5425 |   0 |  0 |   0 |  37 | 4.300000e+01 | 9.920000e+01 | 130.70%| unknown
 2243s|380800 |286899 | 39168k| 102.9 |   607M | 262 | 951 |5425 |5425 |   0 |  0 |   0 |  37 | 4.300000e+01 | 9.920000e+01 | 130.70%| unknown
 time | node  | left  |LP iter|LP it/n|mem/heur|mdpt |vars |cons |rows |cuts |sepa|confs|strbr|  dualbound   | primalbound  |  gap   | compl. 
 2244s|380900 |286969 | 39169k| 102.8 |   607M | 262 | 951 |5425 |5425 |   0 |  0 |   0 |  37 | 4.300000e+01 | 9.920000e+01 | 130.70%| unknown
 2244s|381000 |287049 | 39170k| 102.8 |   607M | 262 | 951 |5425 |5425 |   0 |  0 |   0 |  37 | 4.300000e+01 | 9.920000e+01 | 130.70%| unknown
 2244s|381100 |287115 | 39171k| 102.8 |   607M | 262 | 951 |5425 |5425 |   0 |  0 |   0 |  37 | 4.300000e+01 | 9.920000e+01 | 130.70%| unknown
 2244s|381200 |287189 | 39172k| 102.8 |   607M | 262 | 951 |5425 |5425 |   0 |  0 |   0 |  37 | 4.300000e+01 | 9.920000e+01 | 130.70%| unknown
 2244s|381300 |287273 | 39173k| 102.7 |   607M | 262 | 951 |5425 |5425 |   0 |  0 |   0 |  37 | 4.300000e+01 | 9.920000e+01 | 130.70%| unknown
 2245s|381400 |287349 | 39176k| 102.7 |   608M | 262 | 951 |5425 |5425 |   0 |  0 |   0 |  37 | 4.300000e+01 | 9.920000e+01 | 130.70%| unknown
 2246s|381500 |287421 | 39208k| 102.8 |   608M | 262 | 951 |5425 |5425 |   0 |  0 |   0 |  37 | 4.300000e+01 | 9.920000e+01 | 130.70%| unknown
 2248s|381600 |287491 | 39238k| 102.8 |   608M | 262 | 951 |5425 |5425 |   0 |  0 |   0 |  37 | 4.300000e+01 | 9.920000e+01 | 130.70%| unknown
 2249s|381700 |287555 | 39254k| 102.8 |   608M | 262 | 951 |5425 |5425 |   0 |  0 |   0 |  37 | 4.300000e+01 | 9.920000e+01 | 130.70%| unknown
 2249s|381800 |287639 | 39258k| 102.8 |   608M | 262 | 951 |5425 |5425 |   0 |  0 |   0 |  37 | 4.300000e+01 | 9.920000e+01 | 130.70%| unknown
 2250s|381900 |287715 | 39273k| 102.8 |   608M | 262 | 951 |5425 |5425 |   0 |  0 |   0 |  37 | 4.300000e+01 | 9.920000e+01 | 130.70%| unknown
 2251s|382000 |287789 | 39295k| 102.9 |   608M | 262 | 951 |5425 |5425 |   0 |  0 |   0 |  37 | 4.300000e+01 | 9.920000e+01 | 130.70%| unknown
 2252s|382100 |287863 | 39309k| 102.9 |   609M | 262 | 951 |5425 |5425 |   0 |  0 |   0 |  37 | 4.300000e+01 | 9.920000e+01 | 130.70%| unknown
 2253s|382200 |287933 | 39330k| 102.9 |   609M | 262 | 951 |5425 |5425 |   0 |  0 |   0 |  37 | 4.300000e+01 | 9.920000e+01 | 130.70%| unknown
 2253s|382300 |288005 | 39347k| 102.9 |   609M | 262 | 951 |5425 |5425 |   0 |  0 |   0 |  37 | 4.300000e+01 | 9.920000e+01 | 130.70%| unknown
 time | node  | left  |LP iter|LP it/n|mem/heur|mdpt |vars |cons |rows |cuts |sepa|confs|strbr|  dualbound   | primalbound  |  gap   | compl. 
 2255s|382400 |288081 | 39385k| 103.0 |   610M | 262 | 951 |5425 |5425 |   0 |  0 |   0 |  37 | 4.300000e+01 | 9.920000e+01 | 130.70%| unknown
 2256s|382500 |288169 | 39400k| 103.0 |   610M | 262 | 951 |5425 |5425 |   0 |  0 |   0 |  37 | 4.300000e+01 | 9.920000e+01 | 130.70%| unknown
 2257s|382600 |288239 | 39425k| 103.0 |   610M | 262 | 951 |5425 |5425 |   0 |  0 |   0 |  37 | 4.300000e+01 | 9.920000e+01 | 130.70%| unknown
 2259s|382700 |288307 | 39466k| 103.1 |   610M | 262 | 951 |5425 |5425 |   0 |  0 |   0 |  37 | 4.300000e+01 | 9.920000e+01 | 130.70%| unknown
 2261s|382800 |288381 | 39495k| 103.2 |   611M | 262 | 951 |5425 |5425 |   0 |  0 |   0 |  37 | 4.300000e+01 | 9.920000e+01 | 130.70%| unknown
 2261s|382900 |288469 | 39504k| 103.2 |   611M | 262 | 951 |5425 |5425 |   0 |  0 |   0 |  37 | 4.300000e+01 | 9.920000e+01 | 130.70%| unknown
 2263s|383000 |288547 | 39532k| 103.2 |   611M | 262 | 951 |5425 |5425 |   0 |  0 |   0 |  37 | 4.300000e+01 | 9.920000e+01 | 130.70%| unknown
 2264s|383100 |288619 | 39556k| 103.3 |   611M | 262 | 951 |5425 |5425 |   0 |  0 |   0 |  37 | 4.300000e+01 | 9.920000e+01 | 130.70%| unknown
 2266s|383200 |288701 | 39589k| 103.3 |   611M | 262 | 951 |5425 |5425 |   0 |  0 |   0 |  37 | 4.300000e+01 | 9.920000e+01 | 130.70%| unknown
 2267s|383300 |288767 | 39608k| 103.3 |   611M | 262 | 951 |5425 |5425 |   0 |  0 |   0 |  37 | 4.300000e+01 | 9.920000e+01 | 130.70%| unknown
 2267s|383400 |288837 | 39610k| 103.3 |   611M | 262 | 951 |5425 |5425 |   0 |  0 |   0 |  37 | 4.300000e+01 | 9.920000e+01 | 130.70%| unknown
 2267s|383500 |288917 | 39611k| 103.3 |   612M | 262 | 951 |5425 |5425 |   0 |  0 |   0 |  37 | 4.300000e+01 | 9.920000e+01 | 130.70%| unknown
 2267s|383600 |288997 | 39612k| 103.3 |   612M | 262 | 951 |5425 |5425 |   0 |  0 |   0 |  37 | 4.300000e+01 | 9.920000e+01 | 130.70%| unknown
 2267s|383700 |289081 | 39614k| 103.2 |   613M | 262 | 951 |5425 |5425 |   0 |  0 |   0 |  37 | 4.300000e+01 | 9.920000e+01 | 130.70%| unknown
 2268s|383800 |289133 | 39616k| 103.2 |   613M | 262 | 951 |5425 |5425 |   0 |  0 |   0 |  37 | 4.300000e+01 | 9.920000e+01 | 130.70%| unknown
 time | node  | left  |LP iter|LP it/n|mem/heur|mdpt |vars |cons |rows |cuts |sepa|confs|strbr|  dualbound   | primalbound  |  gap   | compl. 
 2268s|383900 |289205 | 39617k| 103.2 |   613M | 262 | 951 |5425 |5425 |   0 |  0 |   0 |  37 | 4.300000e+01 | 9.920000e+01 | 130.70%| unknown
 2268s|384000 |289285 | 39618k| 103.2 |   613M | 262 | 951 |5425 |5425 |   0 |  0 |   0 |  37 | 4.300000e+01 | 9.920000e+01 | 130.70%| unknown
 2268s|384100 |289347 | 39619k| 103.1 |   613M | 262 | 951 |5425 |5425 |   0 |  0 |   0 |  37 | 4.300000e+01 | 9.920000e+01 | 130.70%| unknown
 2268s|384200 |289401 | 39621k| 103.1 |   613M | 262 | 951 |5425 |5425 |   0 |  0 |   0 |  37 | 4.300000e+01 | 9.920000e+01 | 130.70%| unknown
 2268s|384300 |289471 | 39622k| 103.1 |   613M | 262 | 951 |5425 |5425 |   0 |  0 |   0 |  37 | 4.300000e+01 | 9.920000e+01 | 130.70%| unknown
 2269s|384400 |289543 | 39628k| 103.1 |   613M | 262 | 951 |5425 |5425 |   0 |  0 |   0 |  37 | 4.300000e+01 | 9.920000e+01 | 130.70%| unknown
 2270s|384500 |289611 | 39654k| 103.1 |   613M | 262 | 951 |5425 |5425 |   0 |  0 |   0 |  37 | 4.300000e+01 | 9.920000e+01 | 130.70%| unknown
 2271s|384600 |289681 | 39672k| 103.2 |   614M | 262 | 951 |5425 |5425 |   0 |  0 |   0 |  37 | 4.300000e+01 | 9.920000e+01 | 130.70%| unknown
 2272s|384700 |289739 | 39688k| 103.2 |   614M | 262 | 951 |5425 |5425 |   0 |  0 |   0 |  37 | 4.300000e+01 | 9.920000e+01 | 130.70%| unknown
 2273s|384800 |289811 | 39708k| 103.2 |   614M | 262 | 951 |5425 |5425 |   0 |  0 |   0 |  37 | 4.300000e+01 | 9.920000e+01 | 130.70%| unknown
 2274s|384900 |289869 | 39728k| 103.2 |   614M | 262 | 951 |5425 |5425 |   0 |  0 |   0 |  37 | 4.300000e+01 | 9.920000e+01 | 130.70%| unknown
 2275s|385000 |289941 | 39743k| 103.2 |   614M | 262 | 951 |5425 |5425 |   0 |  0 |   0 |  37 | 4.300000e+01 | 9.920000e+01 | 130.70%| unknown
 2276s|385100 |290015 | 39758k| 103.2 |   614M | 262 | 951 |5425 |5425 |   0 |  0 |   0 |  37 | 4.300000e+01 | 9.920000e+01 | 130.70%| unknown
 2276s|385200 |290085 | 39773k| 103.3 |   614M | 262 | 951 |5425 |5425 |   0 |  0 |   0 |  37 | 4.300000e+01 | 9.920000e+01 | 130.70%| unknown
 2278s|385300 |290147 | 39796k| 103.3 |   614M | 262 | 951 |5425 |5425 |   0 |  0 |   0 |  37 | 4.300000e+01 | 9.920000e+01 | 130.70%| unknown
 time | node  | left  |LP iter|LP it/n|mem/heur|mdpt |vars |cons |rows |cuts |sepa|confs|strbr|  dualbound   | primalbound  |  gap   | compl. 
 2278s|385400 |290209 | 39797k| 103.3 |   614M | 262 | 951 |5425 |5425 |   0 |  0 |   0 |  37 | 4.300000e+01 | 9.920000e+01 | 130.70%| unknown
 2278s|385500 |290271 | 39798k| 103.2 |   614M | 262 | 951 |5425 |5425 |   0 |  0 |   0 |  37 | 4.300000e+01 | 9.920000e+01 | 130.70%| unknown
 2279s|385600 |290343 | 39820k| 103.3 |   614M | 262 | 951 |5425 |5425 |   0 |  0 |   0 |  37 | 4.300000e+01 | 9.920000e+01 | 130.70%| unknown
 2280s|385700 |290423 | 39836k| 103.3 |   614M | 262 | 951 |5425 |5425 |   0 |  0 |   0 |  37 | 4.300000e+01 | 9.920000e+01 | 130.70%| unknown
 2281s|385800 |290483 | 39853k| 103.3 |   615M | 262 | 951 |5425 |5425 |   0 |  0 |   0 |  37 | 4.300000e+01 | 9.920000e+01 | 130.70%| unknown
 2282s|385900 |290555 | 39874k| 103.3 |   615M | 262 | 951 |5425 |5425 |   0 |  0 |   0 |  37 | 4.300000e+01 | 9.920000e+01 | 130.70%| unknown
 2283s|386000 |290631 | 39893k| 103.3 |   615M | 262 | 951 |5425 |5425 |   0 |  0 |   0 |  37 | 4.300000e+01 | 9.920000e+01 | 130.70%| unknown
 2284s|386100 |290717 | 39912k| 103.4 |   615M | 262 | 951 |5425 |5425 |   0 |  0 |   0 |  37 | 4.300000e+01 | 9.920000e+01 | 130.70%| unknown
 2285s|386200 |290805 | 39936k| 103.4 |   615M | 262 | 951 |5425 |5425 |   0 |  0 |   0 |  37 | 4.300000e+01 | 9.920000e+01 | 130.70%| unknown
 2286s|386300 |290883 | 39957k| 103.4 |   615M | 262 | 951 |5425 |5425 |   0 |  0 |   0 |  37 | 4.300000e+01 | 9.920000e+01 | 130.70%| unknown
 2287s|386400 |290929 | 39980k| 103.5 |   615M | 262 | 951 |5425 |5425 |   0 |  0 |   0 |  37 | 4.300000e+01 | 9.920000e+01 | 130.70%| unknown
 2288s|386500 |290999 | 40003k| 103.5 |   615M | 262 | 951 |5425 |5425 |   0 |  0 |   0 |  37 | 4.300000e+01 | 9.920000e+01 | 130.70%| unknown
 2289s|386600 |291067 | 40026k| 103.5 |   615M | 262 | 951 |5425 |5425 |   0 |  0 |   0 |  37 | 4.300000e+01 | 9.920000e+01 | 130.70%| unknown
 2290s|386700 |291127 | 40032k| 103.5 |   615M | 262 | 951 |5425 |5425 |   0 |  0 |   0 |  37 | 4.300000e+01 | 9.920000e+01 | 130.70%| unknown
 2290s|386800 |291207 | 40033k| 103.5 |   615M | 262 | 951 |5425 |5425 |   0 |  0 |   0 |  37 | 4.300000e+01 | 9.920000e+01 | 130.70%| unknown
 time | node  | left  |LP iter|LP it/n|mem/heur|mdpt |vars |cons |rows |cuts |sepa|confs|strbr|  dualbound   | primalbound  |  gap   | compl. 
 2290s|386900 |291287 | 40034k| 103.5 |   616M | 262 | 951 |5425 |5425 |   0 |  0 |   0 |  37 | 4.300000e+01 | 9.920000e+01 | 130.70%| unknown
 2290s|387000 |291367 | 40035k| 103.4 |   616M | 262 | 951 |5425 |5425 |   0 |  0 |   0 |  37 | 4.300000e+01 | 9.920000e+01 | 130.70%| unknown
 2290s|387100 |291449 | 40037k| 103.4 |   616M | 262 | 951 |5425 |5425 |   0 |  0 |   0 |  37 | 4.300000e+01 | 9.920000e+01 | 130.70%| unknown
 2291s|387200 |291511 | 40038k| 103.4 |   616M | 262 | 951 |5425 |5425 |   0 |  0 |   0 |  37 | 4.300000e+01 | 9.920000e+01 | 130.70%| unknown
 2291s|387300 |291567 | 40040k| 103.4 |   616M | 262 | 951 |5425 |5425 |   0 |  0 |   0 |  37 | 4.300000e+01 | 9.920000e+01 | 130.70%| unknown
 2291s|387400 |291645 | 40041k| 103.4 |   617M | 262 | 951 |5425 |5425 |   0 |  0 |   0 |  37 | 4.300000e+01 | 9.920000e+01 | 130.70%| unknown
 2291s|387500 |291723 | 40042k| 103.3 |   617M | 262 | 951 |5425 |5425 |   0 |  0 |   0 |  37 | 4.300000e+01 | 9.920000e+01 | 130.70%| unknown
 2291s|387600 |291789 | 40044k| 103.3 |   617M | 262 | 951 |5425 |5425 |   0 |  0 |   0 |  37 | 4.300000e+01 | 9.920000e+01 | 130.70%| unknown
 2292s|387700 |291871 | 40045k| 103.3 |   617M | 262 | 951 |5425 |5425 |   0 |  0 |   0 |  37 | 4.300000e+01 | 9.920000e+01 | 130.70%| unknown
 2292s|387800 |291961 | 40046k| 103.3 |   617M | 262 | 951 |5425 |5425 |   0 |  0 |   0 |  37 | 4.300000e+01 | 9.920000e+01 | 130.70%| unknown
 2292s|387900 |292045 | 40059k| 103.3 |   618M | 262 | 951 |5425 |5425 |   0 |  0 |   0 |  37 | 4.300000e+01 | 9.920000e+01 | 130.70%| unknown
 2293s|388000 |292131 | 40067k| 103.3 |   618M | 262 | 951 |5425 |5425 |   0 |  0 |   0 |  37 | 4.300000e+01 | 9.920000e+01 | 130.70%| unknown
 2293s|388100 |292211 | 40068k| 103.2 |   618M | 262 | 951 |5425 |5425 |   0 |  0 |   0 |  37 | 4.300000e+01 | 9.920000e+01 | 130.70%| unknown
 2294s|388200 |292301 | 40077k| 103.2 |   618M | 262 | 951 |5425 |5425 |   0 |  0 |   0 |  37 | 4.300000e+01 | 9.920000e+01 | 130.70%| unknown
 2295s|388300 |292381 | 40115k| 103.3 |   618M | 262 | 951 |5425 |5425 |   0 |  0 |   0 |  37 | 4.300000e+01 | 9.920000e+01 | 130.70%| unknown
 time | node  | left  |LP iter|LP it/n|mem/heur|mdpt |vars |cons |rows |cuts |sepa|confs|strbr|  dualbound   | primalbound  |  gap   | compl. 
 2296s|388400 |292465 | 40138k| 103.3 |   618M | 262 | 951 |5425 |5425 |   0 |  0 |   0 |  37 | 4.300000e+01 | 9.920000e+01 | 130.70%| unknown
 2298s|388500 |292549 | 40160k| 103.4 |   618M | 262 | 951 |5425 |5425 |   0 |  0 |   0 |  37 | 4.300000e+01 | 9.920000e+01 | 130.70%| unknown
 2299s|388600 |292637 | 40186k| 103.4 |   618M | 262 | 951 |5425 |5425 |   0 |  0 |   0 |  37 | 4.300000e+01 | 9.920000e+01 | 130.70%| unknown
 2300s|388700 |292719 | 40215k| 103.5 |   618M | 262 | 951 |5425 |5425 |   0 |  0 |   0 |  37 | 4.300000e+01 | 9.920000e+01 | 130.70%| unknown
 2301s|388800 |292783 | 40238k| 103.5 |   618M | 262 | 951 |5425 |5425 |   0 |  0 |   0 |  37 | 4.300000e+01 | 9.920000e+01 | 130.70%| unknown
 2302s|388900 |292859 | 40260k| 103.5 |   620M | 262 | 951 |5425 |5425 |   0 |  0 |   0 |  37 | 4.300000e+01 | 9.920000e+01 | 130.70%| unknown
 2304s|389000 |292929 | 40284k| 103.6 |   620M | 262 | 951 |5425 |5425 |   0 |  0 |   0 |  37 | 4.300000e+01 | 9.920000e+01 | 130.70%| unknown
 2305s|389100 |293005 | 40305k| 103.6 |   620M | 262 | 951 |5425 |5425 |   0 |  0 |   0 |  37 | 4.300000e+01 | 9.920000e+01 | 130.70%| unknown
 2306s|389200 |293087 | 40332k| 103.6 |   620M | 262 | 951 |5425 |5425 |   0 |  0 |   0 |  37 | 4.300000e+01 | 9.920000e+01 | 130.70%| unknown
 2307s|389300 |293161 | 40345k| 103.6 |   620M | 262 | 951 |5425 |5425 |   0 |  0 |   0 |  37 | 4.300000e+01 | 9.920000e+01 | 130.70%| unknown
 2308s|389400 |293231 | 40363k| 103.7 |   621M | 262 | 951 |5425 |5425 |   0 |  0 |   0 |  37 | 4.300000e+01 | 9.920000e+01 | 130.70%| unknown
 2309s|389500 |293305 | 40387k| 103.7 |   621M | 262 | 951 |5425 |5425 |   0 |  0 |   0 |  37 | 4.300000e+01 | 9.920000e+01 | 130.70%| unknown
 2310s|389600 |293361 | 40404k| 103.7 |   621M | 262 | 951 |5425 |5425 |   0 |  0 |   0 |  37 | 4.300000e+01 | 9.920000e+01 | 130.70%| unknown
 2311s|389700 |293431 | 40426k| 103.7 |   621M | 262 | 951 |5425 |5425 |   0 |  0 |   0 |  37 | 4.300000e+01 | 9.920000e+01 | 130.70%| unknown
 2313s|389800 |293503 | 40470k| 103.8 |   621M | 262 | 951 |5425 |5425 |   0 |  0 |   0 |  37 | 4.300000e+01 | 9.920000e+01 | 130.70%| unknown
 time | node  | left  |LP iter|LP it/n|mem/heur|mdpt |vars |cons |rows |cuts |sepa|confs|strbr|  dualbound   | primalbound  |  gap   | compl. 
 2314s|389900 |293581 | 40499k| 103.9 |   621M | 262 | 951 |5425 |5425 |   0 |  0 |   0 |  37 | 4.300000e+01 | 9.920000e+01 | 130.70%| unknown
 2315s|390000 |293647 | 40515k| 103.9 |   622M | 262 | 951 |5425 |5425 |   0 |  0 |   0 |  37 | 4.300000e+01 | 9.920000e+01 | 130.70%| unknown
 2315s|390100 |293719 | 40518k| 103.9 |   622M | 262 | 951 |5425 |5425 |   0 |  0 |   0 |  37 | 4.300000e+01 | 9.920000e+01 | 130.70%| unknown
 2315s|390200 |293783 | 40519k| 103.8 |   622M | 262 | 951 |5425 |5425 |   0 |  0 |   0 |  37 | 4.300000e+01 | 9.920000e+01 | 130.70%| unknown
 2316s|390300 |293845 | 40520k| 103.8 |   622M | 262 | 951 |5425 |5425 |   0 |  0 |   0 |  37 | 4.300000e+01 | 9.920000e+01 | 130.70%| unknown
 2316s|390400 |293899 | 40522k| 103.8 |   622M | 262 | 951 |5425 |5425 |   0 |  0 |   0 |  37 | 4.300000e+01 | 9.920000e+01 | 130.70%| unknown
 2316s|390500 |293983 | 40523k| 103.8 |   622M | 262 | 951 |5425 |5425 |   0 |  0 |   0 |  37 | 4.300000e+01 | 9.920000e+01 | 130.70%| unknown
 2316s|390600 |294063 | 40524k| 103.7 |   622M | 262 | 951 |5425 |5425 |   0 |  0 |   0 |  37 | 4.300000e+01 | 9.920000e+01 | 130.70%| unknown
 2316s|390700 |294141 | 40525k| 103.7 |   622M | 262 | 951 |5425 |5425 |   0 |  0 |   0 |  37 | 4.300000e+01 | 9.920000e+01 | 130.70%| unknown
 2316s|390800 |294209 | 40527k| 103.7 |   622M | 262 | 951 |5425 |5425 |   0 |  0 |   0 |  37 | 4.300000e+01 | 9.920000e+01 | 130.70%| unknown
 2317s|390900 |294289 | 40528k| 103.7 |   622M | 262 | 951 |5425 |5425 |   0 |  0 |   0 |  37 | 4.300000e+01 | 9.920000e+01 | 130.70%| unknown
 2317s|391000 |294355 | 40529k| 103.7 |   622M | 262 | 951 |5425 |5425 |   0 |  0 |   0 |  37 | 4.300000e+01 | 9.920000e+01 | 130.70%| unknown
 2317s|391100 |294425 | 40541k| 103.7 |   623M | 262 | 951 |5425 |5425 |   0 |  0 |   0 |  37 | 4.300000e+01 | 9.920000e+01 | 130.70%| unknown
 2319s|391200 |294499 | 40563k| 103.7 |   623M | 262 | 951 |5425 |5425 |   0 |  0 |   0 |  37 | 4.300000e+01 | 9.920000e+01 | 130.70%| unknown
 2319s|391300 |294569 | 40572k| 103.7 |   623M | 262 | 951 |5425 |5425 |   0 |  0 |   0 |  37 | 4.300000e+01 | 9.920000e+01 | 130.70%| unknown
 time | node  | left  |LP iter|LP it/n|mem/heur|mdpt |vars |cons |rows |cuts |sepa|confs|strbr|  dualbound   | primalbound  |  gap   | compl. 
 2319s|391400 |294645 | 40574k| 103.7 |   623M | 262 | 951 |5425 |5425 |   0 |  0 |   0 |  37 | 4.300000e+01 | 9.920000e+01 | 130.70%| unknown
 2320s|391500 |294723 | 40575k| 103.6 |   623M | 262 | 951 |5425 |5425 |   0 |  0 |   0 |  37 | 4.300000e+01 | 9.920000e+01 | 130.70%| unknown
 2320s|391600 |294797 | 40577k| 103.6 |   623M | 262 | 951 |5425 |5425 |   0 |  0 |   0 |  37 | 4.300000e+01 | 9.920000e+01 | 130.70%| unknown
 2320s|391700 |294875 | 40578k| 103.6 |   624M | 262 | 951 |5425 |5425 |   0 |  0 |   0 |  37 | 4.300000e+01 | 9.920000e+01 | 130.70%| unknown
 2320s|391800 |294949 | 40579k| 103.6 |   624M | 262 | 951 |5425 |5425 |   0 |  0 |   0 |  37 | 4.300000e+01 | 9.920000e+01 | 130.70%| unknown
 2320s|391900 |295021 | 40580k| 103.5 |   624M | 262 | 951 |5425 |5425 |   0 |  0 |   0 |  37 | 4.300000e+01 | 9.920000e+01 | 130.70%| unknown
 2320s|392000 |295097 | 40581k| 103.5 |   624M | 262 | 951 |5425 |5425 |   0 |  0 |   0 |  37 | 4.300000e+01 | 9.920000e+01 | 130.70%| unknown
 2321s|392100 |295159 | 40589k| 103.5 |   624M | 262 | 951 |5425 |5425 |   0 |  0 |   0 |  37 | 4.300000e+01 | 9.920000e+01 | 130.70%| unknown
 2322s|392200 |295223 | 40601k| 103.5 |   625M | 262 | 951 |5425 |5425 |   0 |  0 |   0 |  37 | 4.300000e+01 | 9.920000e+01 | 130.70%| unknown
 2322s|392300 |295295 | 40602k| 103.5 |   625M | 262 | 951 |5425 |5425 |   0 |  0 |   0 |  37 | 4.300000e+01 | 9.920000e+01 | 130.70%| unknown
 2322s|392400 |295369 | 40603k| 103.5 |   625M | 262 | 951 |5425 |5425 |   0 |  0 |   0 |  37 | 4.300000e+01 | 9.920000e+01 | 130.70%| unknown
 2322s|392500 |295449 | 40605k| 103.5 |   625M | 262 | 951 |5425 |5425 |   0 |  0 |   0 |  37 | 4.300000e+01 | 9.920000e+01 | 130.70%| unknown
 2322s|392600 |295511 | 40606k| 103.4 |   625M | 262 | 951 |5425 |5425 |   0 |  0 |   0 |  37 | 4.300000e+01 | 9.920000e+01 | 130.70%| unknown
 2323s|392700 |295591 | 40607k| 103.4 |   625M | 262 | 951 |5425 |5425 |   0 |  0 |   0 |  37 | 4.300000e+01 | 9.920000e+01 | 130.70%| unknown
 2323s|392800 |295681 | 40608k| 103.4 |   625M | 262 | 951 |5425 |5425 |   0 |  0 |   0 |  37 | 4.300000e+01 | 9.920000e+01 | 130.70%| unknown
 time | node  | left  |LP iter|LP it/n|mem/heur|mdpt |vars |cons |rows |cuts |sepa|confs|strbr|  dualbound   | primalbound  |  gap   | compl. 
 2323s|392900 |295765 | 40609k| 103.4 |   625M | 262 | 951 |5425 |5425 |   0 |  0 |   0 |  37 | 4.300000e+01 | 9.920000e+01 | 130.70%| unknown
 2323s|393000 |295839 | 40610k| 103.3 |   625M | 262 | 951 |5425 |5425 |   0 |  0 |   0 |  37 | 4.300000e+01 | 9.920000e+01 | 130.70%| unknown
 2323s|393100 |295919 | 40611k| 103.3 |   625M | 262 | 951 |5425 |5425 |   0 |  0 |   0 |  37 | 4.300000e+01 | 9.920000e+01 | 130.70%| unknown
 2324s|393200 |295993 | 40627k| 103.3 |   625M | 262 | 951 |5425 |5425 |   0 |  0 |   0 |  37 | 4.300000e+01 | 9.920000e+01 | 130.70%| unknown
 2325s|393300 |296079 | 40641k| 103.3 |   626M | 262 | 951 |5425 |5425 |   0 |  0 |   0 |  37 | 4.300000e+01 | 9.920000e+01 | 130.70%| unknown
 2326s|393400 |296129 | 40659k| 103.4 |   626M | 262 | 951 |5425 |5425 |   0 |  0 |   0 |  37 | 4.300000e+01 | 9.920000e+01 | 130.70%| unknown
 2326s|393500 |296205 | 40673k| 103.4 |   626M | 262 | 951 |5425 |5425 |   0 |  0 |   0 |  37 | 4.300000e+01 | 9.920000e+01 | 130.70%| unknown
 2327s|393600 |296281 | 40690k| 103.4 |   626M | 262 | 951 |5425 |5425 |   0 |  0 |   0 |  37 | 4.300000e+01 | 9.920000e+01 | 130.70%| unknown
 2329s|393700 |296363 | 40719k| 103.4 |   626M | 262 | 951 |5425 |5425 |   0 |  0 |   0 |  37 | 4.300000e+01 | 9.920000e+01 | 130.70%| unknown
 2330s|393800 |296443 | 40744k| 103.5 |   626M | 262 | 951 |5425 |5425 |   0 |  0 |   0 |  37 | 4.300000e+01 | 9.920000e+01 | 130.70%| unknown
 2332s|393900 |296519 | 40776k| 103.5 |   626M | 262 | 951 |5425 |5425 |   0 |  0 |   0 |  37 | 4.300000e+01 | 9.920000e+01 | 130.70%| unknown
 2333s|394000 |296607 | 40795k| 103.5 |   626M | 262 | 951 |5425 |5425 |   0 |  0 |   0 |  37 | 4.300000e+01 | 9.920000e+01 | 130.70%| unknown
 2333s|394100 |296691 | 40797k| 103.5 |   626M | 262 | 951 |5425 |5425 |   0 |  0 |   0 |  37 | 4.300000e+01 | 9.920000e+01 | 130.70%| unknown
 2333s|394200 |296775 | 40798k| 103.5 |   626M | 262 | 951 |5425 |5425 |   0 |  0 |   0 |  37 | 4.300000e+01 | 9.920000e+01 | 130.70%| unknown
 2333s|394300 |296859 | 40799k| 103.5 |   627M | 262 | 951 |5425 |5425 |   0 |  0 |   0 |  37 | 4.300000e+01 | 9.920000e+01 | 130.70%| unknown
 time | node  | left  |LP iter|LP it/n|mem/heur|mdpt |vars |cons |rows |cuts |sepa|confs|strbr|  dualbound   | primalbound  |  gap   | compl. 
 2333s|394400 |296951 | 40800k| 103.4 |   627M | 262 | 951 |5425 |5425 |   0 |  0 |   0 |  37 | 4.300000e+01 | 9.920000e+01 | 130.70%| unknown
 2333s|394500 |297043 | 40801k| 103.4 |   628M | 262 | 951 |5425 |5425 |   0 |  0 |   0 |  37 | 4.300000e+01 | 9.920000e+01 | 130.70%| unknown
 2334s|394600 |297121 | 40802k| 103.4 |   628M | 262 | 951 |5425 |5425 |   0 |  0 |   0 |  37 | 4.300000e+01 | 9.920000e+01 | 130.70%| unknown
 2334s|394700 |297205 | 40803k| 103.4 |   628M | 262 | 951 |5425 |5425 |   0 |  0 |   0 |  37 | 4.300000e+01 | 9.920000e+01 | 130.70%| unknown
 2334s|394800 |297291 | 40803k| 103.4 |   628M | 262 | 951 |5425 |5425 |   0 |  0 |   0 |  37 | 4.300000e+01 | 9.920000e+01 | 130.70%| unknown
 2334s|394900 |297377 | 40804k| 103.3 |   629M | 262 | 951 |5425 |5425 |   0 |  0 |   0 |  37 | 4.300000e+01 | 9.920000e+01 | 130.70%| unknown
 2334s|395000 |297465 | 40805k| 103.3 |   629M | 262 | 951 |5425 |5425 |   0 |  0 |   0 |  37 | 4.300000e+01 | 9.920000e+01 | 130.70%| unknown
 2335s|395100 |297547 | 40814k| 103.3 |   629M | 262 | 951 |5425 |5425 |   0 |  0 |   0 |  37 | 4.300000e+01 | 9.920000e+01 | 130.70%| unknown
 2336s|395200 |297625 | 40837k| 103.3 |   630M | 262 | 951 |5425 |5425 |   0 |  0 |   0 |  37 | 4.300000e+01 | 9.920000e+01 | 130.70%| unknown
 2338s|395300 |297711 | 40871k| 103.4 |   630M | 262 | 951 |5425 |5425 |   0 |  0 |   0 |  37 | 4.300000e+01 | 9.920000e+01 | 130.70%| unknown
 2339s|395400 |297789 | 40902k| 103.4 |   630M | 262 | 951 |5425 |5425 |   0 |  0 |   0 |  37 | 4.300000e+01 | 9.920000e+01 | 130.70%| unknown
 2340s|395500 |297857 | 40923k| 103.5 |   630M | 262 | 951 |5425 |5425 |   0 |  0 |   0 |  37 | 4.300000e+01 | 9.920000e+01 | 130.70%| unknown
 2340s|395600 |297939 | 40923k| 103.4 |   630M | 262 | 951 |5425 |5425 |   0 |  0 |   0 |  37 | 4.300000e+01 | 9.920000e+01 | 130.70%| unknown
 2340s|395700 |298015 | 40924k| 103.4 |   630M | 262 | 951 |5425 |5425 |   0 |  0 |   0 |  37 | 4.300000e+01 | 9.920000e+01 | 130.70%| unknown
 2341s|395800 |298095 | 40925k| 103.4 |   630M | 262 | 951 |5425 |5425 |   0 |  0 |   0 |  37 | 4.300000e+01 | 9.920000e+01 | 130.70%| unknown
 time | node  | left  |LP iter|LP it/n|mem/heur|mdpt |vars |cons |rows |cuts |sepa|confs|strbr|  dualbound   | primalbound  |  gap   | compl. 
 2341s|395900 |298177 | 40926k| 103.4 |   630M | 262 | 951 |5425 |5425 |   0 |  0 |   0 |  37 | 4.300000e+01 | 9.920000e+01 | 130.70%| unknown
 2341s|396000 |298265 | 40927k| 103.3 |   630M | 262 | 951 |5425 |5425 |   0 |  0 |   0 |  37 | 4.300000e+01 | 9.920000e+01 | 130.70%| unknown
 2341s|396100 |298359 | 40928k| 103.3 |   630M | 262 | 951 |5425 |5425 |   0 |  0 |   0 |  37 | 4.300000e+01 | 9.920000e+01 | 130.70%| unknown
 2341s|396200 |298443 | 40929k| 103.3 |   631M | 262 | 951 |5425 |5425 |   0 |  0 |   0 |  37 | 4.300000e+01 | 9.920000e+01 | 130.70%| unknown
 2342s|396300 |298517 | 40930k| 103.3 |   631M | 262 | 951 |5425 |5425 |   0 |  0 |   0 |  37 | 4.300000e+01 | 9.920000e+01 | 130.70%| unknown
 2342s|396400 |298591 | 40930k| 103.3 |   631M | 262 | 951 |5425 |5425 |   0 |  0 |   0 |  37 | 4.300000e+01 | 9.920000e+01 | 130.70%| unknown
 2342s|396500 |298673 | 40931k| 103.2 |   631M | 262 | 951 |5425 |5425 |   0 |  0 |   0 |  37 | 4.300000e+01 | 9.920000e+01 | 130.70%| unknown
 2342s|396600 |298753 | 40932k| 103.2 |   631M | 262 | 951 |5425 |5425 |   0 |  0 |   0 |  37 | 4.300000e+01 | 9.920000e+01 | 130.70%| unknown
 2343s|396700 |298831 | 40951k| 103.2 |   631M | 262 | 951 |5425 |5425 |   0 |  0 |   0 |  37 | 4.300000e+01 | 9.920000e+01 | 130.70%| unknown
 2345s|396800 |298919 | 40998k| 103.3 |   631M | 262 | 951 |5425 |5425 |   0 |  0 |   0 |  37 | 4.300000e+01 | 9.920000e+01 | 130.70%| unknown
 2346s|396900 |298991 | 41011k| 103.3 |   631M | 262 | 951 |5425 |5425 |   0 |  0 |   0 |  37 | 4.300000e+01 | 9.920000e+01 | 130.70%| unknown
 2346s|397000 |299067 | 41012k| 103.3 |   631M | 262 | 951 |5425 |5425 |   0 |  0 |   0 |  37 | 4.300000e+01 | 9.920000e+01 | 130.70%| unknown
 2346s|397100 |299145 | 41013k| 103.3 |   631M | 262 | 951 |5425 |5425 |   0 |  0 |   0 |  37 | 4.300000e+01 | 9.920000e+01 | 130.70%| unknown
 2346s|397200 |299229 | 41013k| 103.3 |   632M | 262 | 951 |5425 |5425 |   0 |  0 |   0 |  37 | 4.300000e+01 | 9.920000e+01 | 130.70%| unknown
 2346s|397300 |299315 | 41014k| 103.2 |   633M | 262 | 951 |5425 |5425 |   0 |  0 |   0 |  37 | 4.300000e+01 | 9.920000e+01 | 130.70%| unknown
 time | node  | left  |LP iter|LP it/n|mem/heur|mdpt |vars |cons |rows |cuts |sepa|confs|strbr|  dualbound   | primalbound  |  gap   | compl. 
 2347s|397400 |299391 | 41015k| 103.2 |   633M | 262 | 951 |5425 |5425 |   0 |  0 |   0 |  37 | 4.300000e+01 | 9.920000e+01 | 130.70%| unknown
 2348s|397500 |299467 | 41045k| 103.3 |   633M | 262 | 951 |5425 |5425 |   0 |  0 |   0 |  37 | 4.300000e+01 | 9.920000e+01 | 130.70%| unknown
 2351s|397600 |299533 | 41105k| 103.4 |   633M | 262 | 951 |5425 |5425 |   0 |  0 |   0 |  37 | 4.300000e+01 | 9.920000e+01 | 130.70%| unknown
 2352s|397700 |299601 | 41118k| 103.4 |   633M | 262 | 951 |5425 |5425 |   0 |  0 |   0 |  37 | 4.300000e+01 | 9.920000e+01 | 130.70%| unknown
 2353s|397800 |299677 | 41143k| 103.4 |   633M | 262 | 951 |5425 |5425 |   0 |  0 |   0 |  37 | 4.300000e+01 | 9.920000e+01 | 130.70%| unknown
 2354s|397900 |299737 | 41167k| 103.5 |   633M | 262 | 951 |5425 |5425 |   0 |  0 |   0 |  37 | 4.300000e+01 | 9.920000e+01 | 130.70%| unknown
 2355s|398000 |299823 | 41181k| 103.5 |   633M | 262 | 951 |5425 |5425 |   0 |  0 |   0 |  37 | 4.300000e+01 | 9.920000e+01 | 130.70%| unknown
 2356s|398100 |299905 | 41207k| 103.5 |   633M | 262 | 951 |5425 |5425 |   0 |  0 |   0 |  37 | 4.300000e+01 | 9.920000e+01 | 130.70%| unknown
 2357s|398200 |299965 | 41224k| 103.5 |   633M | 262 | 951 |5425 |5425 |   0 |  0 |   0 |  37 | 4.300000e+01 | 9.920000e+01 | 130.70%| unknown
 2358s|398300 |300027 | 41244k| 103.5 |   634M | 262 | 951 |5425 |5425 |   0 |  0 |   0 |  37 | 4.300000e+01 | 9.920000e+01 | 130.70%| unknown
 2358s|398400 |300099 | 41254k| 103.5 |   634M | 262 | 951 |5425 |5425 |   0 |  0 |   0 |  37 | 4.300000e+01 | 9.920000e+01 | 130.70%| unknown
 2359s|398500 |300161 | 41261k| 103.5 |   634M | 262 | 951 |5425 |5425 |   0 |  0 |   0 |  37 | 4.300000e+01 | 9.920000e+01 | 130.70%| unknown
 2359s|398600 |300225 | 41263k| 103.5 |   634M | 262 | 951 |5425 |5425 |   0 |  0 |   0 |  37 | 4.300000e+01 | 9.920000e+01 | 130.70%| unknown
 2359s|398700 |300309 | 41264k| 103.5 |   634M | 262 | 951 |5425 |5425 |   0 |  0 |   0 |  37 | 4.300000e+01 | 9.920000e+01 | 130.70%| unknown
 2359s|398800 |300401 | 41264k| 103.5 |   634M | 262 | 951 |5425 |5425 |   0 |  0 |   0 |  37 | 4.300000e+01 | 9.920000e+01 | 130.70%| unknown
 time | node  | left  |LP iter|LP it/n|mem/heur|mdpt |vars |cons |rows |cuts |sepa|confs|strbr|  dualbound   | primalbound  |  gap   | compl. 
 2360s|398900 |300491 | 41265k| 103.4 |   634M | 262 | 951 |5425 |5425 |   0 |  0 |   0 |  37 | 4.300000e+01 | 9.920000e+01 | 130.70%| unknown
 2360s|399000 |300583 | 41265k| 103.4 |   634M | 262 | 951 |5425 |5425 |   0 |  0 |   0 |  37 | 4.300000e+01 | 9.920000e+01 | 130.70%| unknown
 2360s|399100 |300677 | 41266k| 103.4 |   634M | 262 | 951 |5425 |5425 |   0 |  0 |   0 |  37 | 4.300000e+01 | 9.920000e+01 | 130.70%| unknown
 2360s|399200 |300771 | 41266k| 103.4 |   634M | 262 | 951 |5425 |5425 |   0 |  0 |   0 |  37 | 4.300000e+01 | 9.920000e+01 | 130.70%| unknown
 2360s|399300 |300857 | 41267k| 103.3 |   635M | 262 | 951 |5425 |5425 |   0 |  0 |   0 |  37 | 4.300000e+01 | 9.920000e+01 | 130.70%| unknown
 2360s|399400 |300939 | 41268k| 103.3 |   636M | 262 | 951 |5425 |5425 |   0 |  0 |   0 |  37 | 4.300000e+01 | 9.920000e+01 | 130.70%| unknown
 2361s|399500 |301039 | 41269k| 103.3 |   636M | 262 | 951 |5425 |5425 |   0 |  0 |   0 |  37 | 4.300000e+01 | 9.920000e+01 | 130.70%| unknown
 2361s|399600 |301139 | 41269k| 103.3 |   636M | 262 | 951 |5425 |5425 |   0 |  0 |   0 |  37 | 4.300000e+01 | 9.920000e+01 | 130.70%| unknown
 2361s|399700 |301239 | 41270k| 103.3 |   636M | 262 | 951 |5425 |5425 |   0 |  0 |   0 |  37 | 4.300000e+01 | 9.920000e+01 | 130.70%| unknown
 2361s|399800 |301339 | 41270k| 103.2 |   636M | 262 | 951 |5425 |5425 |   0 |  0 |   0 |  37 | 4.300000e+01 | 9.920000e+01 | 130.70%| unknown
 2361s|399900 |301433 | 41271k| 103.2 |   636M | 262 | 951 |5425 |5425 |   0 |  0 |   0 |  37 | 4.300000e+01 | 9.920000e+01 | 130.70%| unknown
 2362s|400000 |301527 | 41271k| 103.2 |   636M | 262 | 951 |5425 |5425 |   0 |  0 |   0 |  37 | 4.300000e+01 | 9.920000e+01 | 130.70%| unknown
 2362s|400100 |301619 | 41272k| 103.2 |   637M | 262 | 951 |5425 |5425 |   0 |  0 |   0 |  37 | 4.300000e+01 | 9.920000e+01 | 130.70%| unknown
 2362s|400200 |301707 | 41273k| 103.1 |   637M | 262 | 951 |5425 |5425 |   0 |  0 |   0 |  37 | 4.300000e+01 | 9.920000e+01 | 130.70%| unknown
 2363s|400300 |301799 | 41287k| 103.1 |   637M | 262 | 951 |5425 |5425 |   0 |  0 |   0 |  37 | 4.300000e+01 | 9.920000e+01 | 130.70%| unknown
 time | node  | left  |LP iter|LP it/n|mem/heur|mdpt |vars |cons |rows |cuts |sepa|confs|strbr|  dualbound   | primalbound  |  gap   | compl. 
 2365s|400400 |301877 | 41334k| 103.2 |   638M | 262 | 951 |5425 |5425 |   0 |  0 |   0 |  37 | 4.300000e+01 | 9.920000e+01 | 130.70%| unknown
 2366s|400500 |301949 | 41362k| 103.3 |   638M | 262 | 951 |5425 |5425 |   0 |  0 |   0 |  37 | 4.300000e+01 | 9.920000e+01 | 130.70%| unknown
 2368s|400600 |302029 | 41393k| 103.3 |   638M | 262 | 951 |5425 |5425 |   0 |  0 |   0 |  37 | 4.300000e+01 | 9.920000e+01 | 130.70%| unknown
 2369s|400700 |302113 | 41430k| 103.4 |   638M | 262 | 951 |5425 |5425 |   0 |  0 |   0 |  37 | 4.300000e+01 | 9.920000e+01 | 130.70%| unknown
 2371s|400800 |302193 | 41468k| 103.5 |   638M | 262 | 951 |5425 |5425 |   0 |  0 |   0 |  37 | 4.300000e+01 | 9.920000e+01 | 130.70%| unknown
 2372s|400900 |302275 | 41489k| 103.5 |   638M | 262 | 951 |5425 |5425 |   0 |  0 |   0 |  37 | 4.300000e+01 | 9.920000e+01 | 130.70%| unknown
 2373s|401000 |302345 | 41527k| 103.6 |   638M | 262 | 951 |5425 |5425 |   0 |  0 |   0 |  37 | 4.300000e+01 | 9.920000e+01 | 130.70%| unknown
 2375s|401100 |302417 | 41568k| 103.6 |   639M | 262 | 951 |5425 |5425 |   0 |  0 |   0 |  37 | 4.300000e+01 | 9.920000e+01 | 130.70%| unknown
 2377s|401200 |302491 | 41605k| 103.7 |   639M | 262 | 951 |5425 |5425 |   0 |  0 |   0 |  37 | 4.300000e+01 | 9.920000e+01 | 130.70%| unknown
 2378s|401300 |302567 | 41630k| 103.7 |   639M | 262 | 951 |5425 |5425 |   0 |  0 |   0 |  37 | 4.300000e+01 | 9.920000e+01 | 130.70%| unknown
 2379s|401400 |302629 | 41657k| 103.8 |   639M | 262 | 951 |5425 |5425 |   0 |  0 |   0 |  37 | 4.300000e+01 | 9.920000e+01 | 130.70%| unknown
 2381s|401500 |302699 | 41690k| 103.8 |   639M | 262 | 951 |5425 |5425 |   0 |  0 |   0 |  37 | 4.300000e+01 | 9.920000e+01 | 130.70%| unknown
 2382s|401600 |302767 | 41720k| 103.9 |   639M | 262 | 951 |5425 |5425 |   0 |  0 |   0 |  37 | 4.300000e+01 | 9.920000e+01 | 130.70%| unknown
 2383s|401700 |302823 | 41753k| 103.9 |   639M | 262 | 951 |5425 |5425 |   0 |  0 |   0 |  37 | 4.300000e+01 | 9.920000e+01 | 130.70%| unknown
 2384s|401800 |302887 | 41770k| 104.0 |   639M | 262 | 951 |5425 |5425 |   0 |  0 |   0 |  37 | 4.300000e+01 | 9.920000e+01 | 130.70%| unknown
 time | node  | left  |LP iter|LP it/n|mem/heur|mdpt |vars |cons |rows |cuts |sepa|confs|strbr|  dualbound   | primalbound  |  gap   | compl. 
 2385s|401900 |302961 | 41791k| 104.0 |   639M | 262 | 951 |5425 |5425 |   0 |  0 |   0 |  37 | 4.300000e+01 | 9.920000e+01 | 130.70%| unknown
 2386s|402000 |303039 | 41812k| 104.0 |   639M | 262 | 951 |5425 |5425 |   0 |  0 |   0 |  37 | 4.300000e+01 | 9.920000e+01 | 130.70%| unknown
 2387s|402100 |303117 | 41827k| 104.0 |   639M | 262 | 951 |5425 |5425 |   0 |  0 |   0 |  37 | 4.300000e+01 | 9.920000e+01 | 130.70%| unknown
 2388s|402200 |303197 | 41842k| 104.0 |   641M | 262 | 951 |5425 |5425 |   0 |  0 |   0 |  37 | 4.300000e+01 | 9.920000e+01 | 130.70%| unknown
 2389s|402300 |303271 | 41860k| 104.1 |   641M | 262 | 951 |5425 |5425 |   0 |  0 |   0 |  37 | 4.300000e+01 | 9.920000e+01 | 130.70%| unknown
 2389s|402400 |303337 | 41861k| 104.0 |   641M | 262 | 951 |5425 |5425 |   0 |  0 |   0 |  37 | 4.300000e+01 | 9.920000e+01 | 130.70%| unknown
 2389s|402500 |303403 | 41866k| 104.0 |   641M | 262 | 951 |5425 |5425 |   0 |  0 |   0 |  37 | 4.300000e+01 | 9.920000e+01 | 130.70%| unknown
 2390s|402600 |303465 | 41885k| 104.0 |   641M | 262 | 951 |5425 |5425 |   0 |  0 |   0 |  37 | 4.300000e+01 | 9.920000e+01 | 130.70%| unknown
 2391s|402700 |303547 | 41906k| 104.1 |   641M | 262 | 951 |5425 |5425 |   0 |  0 |   0 |  37 | 4.300000e+01 | 9.920000e+01 | 130.70%| unknown
 2392s|402800 |303613 | 41924k| 104.1 |   641M | 262 | 951 |5425 |5425 |   0 |  0 |   0 |  37 | 4.300000e+01 | 9.920000e+01 | 130.70%| unknown
 2393s|402900 |303685 | 41940k| 104.1 |   641M | 262 | 951 |5425 |5425 |   0 |  0 |   0 |  37 | 4.300000e+01 | 9.920000e+01 | 130.70%| unknown
 2394s|403000 |303747 | 41956k| 104.1 |   641M | 262 | 951 |5425 |5425 |   0 |  0 |   0 |  37 | 4.300000e+01 | 9.920000e+01 | 130.70%| unknown
 2394s|403100 |303819 | 41963k| 104.1 |   641M | 262 | 951 |5425 |5425 |   0 |  0 |   0 |  37 | 4.300000e+01 | 9.920000e+01 | 130.70%| unknown
 2395s|403200 |303891 | 41988k| 104.1 |   641M | 262 | 951 |5425 |5425 |   0 |  0 |   0 |  37 | 4.300000e+01 | 9.920000e+01 | 130.70%| unknown
 2396s|403300 |303971 | 42006k| 104.2 |   642M | 262 | 951 |5425 |5425 |   0 |  0 |   0 |  37 | 4.300000e+01 | 9.920000e+01 | 130.70%| unknown
 time | node  | left  |LP iter|LP it/n|mem/heur|mdpt |vars |cons |rows |cuts |sepa|confs|strbr|  dualbound   | primalbound  |  gap   | compl. 
 2397s|403400 |304045 | 42028k| 104.2 |   642M | 262 | 951 |5425 |5425 |   0 |  0 |   0 |  37 | 4.300000e+01 | 9.920000e+01 | 130.70%| unknown
 2398s|403500 |304109 | 42046k| 104.2 |   642M | 262 | 951 |5425 |5425 |   0 |  0 |   0 |  37 | 4.300000e+01 | 9.920000e+01 | 130.70%| unknown
 2399s|403600 |304177 | 42066k| 104.2 |   642M | 262 | 951 |5425 |5425 |   0 |  0 |   0 |  37 | 4.300000e+01 | 9.920000e+01 | 130.70%| unknown
 2401s|403700 |304239 | 42088k| 104.3 |   642M | 262 | 951 |5425 |5425 |   0 |  0 |   0 |  37 | 4.300000e+01 | 9.920000e+01 | 130.70%| unknown
 2402s|403800 |304309 | 42113k| 104.3 |   642M | 262 | 951 |5425 |5425 |   0 |  0 |   0 |  37 | 4.300000e+01 | 9.920000e+01 | 130.70%| unknown
 2403s|403900 |304383 | 42135k| 104.3 |   642M | 262 | 951 |5425 |5425 |   0 |  0 |   0 |  37 | 4.300000e+01 | 9.920000e+01 | 130.70%| unknown
 2404s|404000 |304457 | 42164k| 104.4 |   642M | 262 | 951 |5425 |5425 |   0 |  0 |   0 |  37 | 4.300000e+01 | 9.920000e+01 | 130.70%| unknown
 2406s|404100 |304531 | 42189k| 104.4 |   642M | 262 | 951 |5425 |5425 |   0 |  0 |   0 |  37 | 4.300000e+01 | 9.920000e+01 | 130.70%| unknown
 2407s|404200 |304603 | 42213k| 104.4 |   642M | 262 | 951 |5425 |5425 |   0 |  0 |   0 |  37 | 4.300000e+01 | 9.920000e+01 | 130.70%| unknown
 2407s|404300 |304673 | 42225k| 104.4 |   642M | 262 | 951 |5425 |5425 |   0 |  0 |   0 |  37 | 4.300000e+01 | 9.920000e+01 | 130.70%| unknown
 2408s|404400 |304749 | 42227k| 104.4 |   644M | 262 | 951 |5425 |5425 |   0 |  0 |   0 |  37 | 4.300000e+01 | 9.920000e+01 | 130.70%| unknown
 2408s|404500 |304807 | 42228k| 104.4 |   644M | 262 | 951 |5425 |5425 |   0 |  0 |   0 |  37 | 4.300000e+01 | 9.920000e+01 | 130.70%| unknown
 2408s|404600 |304881 | 42230k| 104.4 |   644M | 262 | 951 |5425 |5425 |   0 |  0 |   0 |  37 | 4.300000e+01 | 9.920000e+01 | 130.70%| unknown
 2408s|404700 |304973 | 42230k| 104.3 |   644M | 262 | 951 |5425 |5425 |   0 |  0 |   0 |  37 | 4.300000e+01 | 9.920000e+01 | 130.70%| unknown
 2409s|404800 |305063 | 42238k| 104.3 |   644M | 262 | 951 |5425 |5425 |   0 |  0 |   0 |  37 | 4.300000e+01 | 9.920000e+01 | 130.70%| unknown
 time | node  | left  |LP iter|LP it/n|mem/heur|mdpt |vars |cons |rows |cuts |sepa|confs|strbr|  dualbound   | primalbound  |  gap   | compl. 
 2411s|404900 |305141 | 42287k| 104.4 |   644M | 262 | 951 |5425 |5425 |   0 |  0 |   0 |  37 | 4.300000e+01 | 9.920000e+01 | 130.70%| unknown
 2413s|405000 |305217 | 42324k| 104.5 |   644M | 262 | 951 |5425 |5425 |   0 |  0 |   0 |  37 | 4.300000e+01 | 9.920000e+01 | 130.70%| unknown
 2414s|405100 |305295 | 42354k| 104.6 |   644M | 262 | 951 |5425 |5425 |   0 |  0 |   0 |  37 | 4.300000e+01 | 9.920000e+01 | 130.70%| unknown
 2415s|405200 |305381 | 42368k| 104.6 |   644M | 262 | 951 |5425 |5425 |   0 |  0 |   0 |  37 | 4.300000e+01 | 9.920000e+01 | 130.70%| unknown
 2415s|405300 |305473 | 42369k| 104.5 |   644M | 262 | 951 |5425 |5425 |   0 |  0 |   0 |  37 | 4.300000e+01 | 9.920000e+01 | 130.70%| unknown
 2415s|405400 |305567 | 42376k| 104.5 |   645M | 262 | 951 |5425 |5425 |   0 |  0 |   0 |  37 | 4.300000e+01 | 9.920000e+01 | 130.70%| unknown
 2417s|405500 |305645 | 42405k| 104.6 |   645M | 262 | 951 |5425 |5425 |   0 |  0 |   0 |  37 | 4.300000e+01 | 9.920000e+01 | 130.70%| unknown
 2418s|405600 |305719 | 42438k| 104.6 |   645M | 262 | 951 |5425 |5425 |   0 |  0 |   0 |  37 | 4.300000e+01 | 9.920000e+01 | 130.70%| unknown
 2419s|405700 |305797 | 42466k| 104.7 |   645M | 262 | 951 |5425 |5425 |   0 |  0 |   0 |  37 | 4.300000e+01 | 9.920000e+01 | 130.70%| unknown
 2421s|405800 |305865 | 42494k| 104.7 |   645M | 262 | 951 |5425 |5425 |   0 |  0 |   0 |  37 | 4.300000e+01 | 9.920000e+01 | 130.70%| unknown
 2422s|405900 |305929 | 42513k| 104.7 |   645M | 262 | 951 |5425 |5425 |   0 |  0 |   0 |  37 | 4.300000e+01 | 9.920000e+01 | 130.70%| unknown
 2422s|406000 |306003 | 42515k| 104.7 |   645M | 262 | 951 |5425 |5425 |   0 |  0 |   0 |  37 | 4.300000e+01 | 9.920000e+01 | 130.70%| unknown
 2422s|406100 |306081 | 42520k| 104.7 |   645M | 262 | 951 |5425 |5425 |   0 |  0 |   0 |  37 | 4.300000e+01 | 9.920000e+01 | 130.70%| unknown
 2424s|406200 |306151 | 42547k| 104.7 |   645M | 262 | 951 |5425 |5425 |   0 |  0 |   0 |  37 | 4.300000e+01 | 9.920000e+01 | 130.70%| unknown
 2425s|406300 |306223 | 42562k| 104.8 |   645M | 262 | 951 |5425 |5425 |   0 |  0 |   0 |  37 | 4.300000e+01 | 9.920000e+01 | 130.70%| unknown
 time | node  | left  |LP iter|LP it/n|mem/heur|mdpt |vars |cons |rows |cuts |sepa|confs|strbr|  dualbound   | primalbound  |  gap   | compl. 
 2425s|406400 |306305 | 42577k| 104.8 |   645M | 262 | 951 |5425 |5425 |   0 |  0 |   0 |  37 | 4.300000e+01 | 9.920000e+01 | 130.70%| unknown
 2426s|406500 |306379 | 42578k| 104.7 |   647M | 262 | 951 |5425 |5425 |   0 |  0 |   0 |  37 | 4.300000e+01 | 9.920000e+01 | 130.70%| unknown
 2426s|406600 |306453 | 42580k| 104.7 |   647M | 262 | 951 |5425 |5425 |   0 |  0 |   0 |  37 | 4.300000e+01 | 9.920000e+01 | 130.70%| unknown
 2426s|406700 |306523 | 42581k| 104.7 |   647M | 262 | 951 |5425 |5425 |   0 |  0 |   0 |  37 | 4.300000e+01 | 9.920000e+01 | 130.70%| unknown
 2426s|406800 |306593 | 42582k| 104.7 |   647M | 262 | 951 |5425 |5425 |   0 |  0 |   0 |  37 | 4.300000e+01 | 9.920000e+01 | 130.70%| unknown
 2426s|406900 |306649 | 42584k| 104.7 |   647M | 262 | 951 |5425 |5425 |   0 |  0 |   0 |  37 | 4.300000e+01 | 9.920000e+01 | 130.70%| unknown
 2426s|407000 |306731 | 42585k| 104.6 |   647M | 262 | 951 |5425 |5425 |   0 |  0 |   0 |  37 | 4.300000e+01 | 9.920000e+01 | 130.70%| unknown
 2427s|407100 |306817 | 42585k| 104.6 |   647M | 262 | 951 |5425 |5425 |   0 |  0 |   0 |  37 | 4.300000e+01 | 9.920000e+01 | 130.70%| unknown
 2427s|407200 |306907 | 42586k| 104.6 |   647M | 262 | 951 |5425 |5425 |   0 |  0 |   0 |  37 | 4.300000e+01 | 9.920000e+01 | 130.70%| unknown
 2427s|407300 |306981 | 42587k| 104.6 |   648M | 262 | 951 |5425 |5425 |   0 |  0 |   0 |  37 | 4.300000e+01 | 9.920000e+01 | 130.70%| unknown
 2427s|407400 |307069 | 42587k| 104.5 |   648M | 262 | 951 |5425 |5425 |   0 |  0 |   0 |  37 | 4.300000e+01 | 9.920000e+01 | 130.70%| unknown
 2427s|407500 |307135 | 42593k| 104.5 |   649M | 262 | 951 |5425 |5425 |   0 |  0 |   0 |  37 | 4.300000e+01 | 9.920000e+01 | 130.70%| unknown
 2429s|407600 |307207 | 42626k| 104.6 |   649M | 262 | 951 |5425 |5425 |   0 |  0 |   0 |  37 | 4.300000e+01 | 9.920000e+01 | 130.70%| unknown
 2430s|407700 |307281 | 42641k| 104.6 |   649M | 262 | 951 |5425 |5425 |   0 |  0 |   0 |  37 | 4.300000e+01 | 9.920000e+01 | 130.70%| unknown
 2430s|407800 |307337 | 42643k| 104.6 |   649M | 262 | 951 |5425 |5425 |   0 |  0 |   0 |  37 | 4.300000e+01 | 9.920000e+01 | 130.70%| unknown
 time | node  | left  |LP iter|LP it/n|mem/heur|mdpt |vars |cons |rows |cuts |sepa|confs|strbr|  dualbound   | primalbound  |  gap   | compl. 
 2430s|407900 |307413 | 42643k| 104.5 |   649M | 262 | 951 |5425 |5425 |   0 |  0 |   0 |  37 | 4.300000e+01 | 9.920000e+01 | 130.70%| unknown
 2430s|408000 |307481 | 42644k| 104.5 |   649M | 262 | 951 |5425 |5425 |   0 |  0 |   0 |  37 | 4.300000e+01 | 9.920000e+01 | 130.70%| unknown
 2430s|408100 |307543 | 42646k| 104.5 |   649M | 262 | 951 |5425 |5425 |   0 |  0 |   0 |  37 | 4.300000e+01 | 9.920000e+01 | 130.70%| unknown
 2431s|408200 |307631 | 42660k| 104.5 |   649M | 262 | 951 |5425 |5425 |   0 |  0 |   0 |  37 | 4.300000e+01 | 9.920000e+01 | 130.70%| unknown
 2432s|408300 |307709 | 42679k| 104.5 |   649M | 262 | 951 |5425 |5425 |   0 |  0 |   0 |  37 | 4.300000e+01 | 9.920000e+01 | 130.70%| unknown
 2433s|408400 |307777 | 42700k| 104.6 |   649M | 262 | 951 |5425 |5425 |   0 |  0 |   0 |  37 | 4.300000e+01 | 9.920000e+01 | 130.70%| unknown
 2434s|408500 |307843 | 42714k| 104.6 |   649M | 262 | 951 |5425 |5425 |   0 |  0 |   0 |  37 | 4.300000e+01 | 9.920000e+01 | 130.70%| unknown
 2435s|408600 |307911 | 42730k| 104.6 |   649M | 262 | 951 |5425 |5425 |   0 |  0 |   0 |  37 | 4.300000e+01 | 9.920000e+01 | 130.70%| unknown
 2436s|408700 |307993 | 42743k| 104.6 |   650M | 262 | 951 |5425 |5425 |   0 |  0 |   0 |  37 | 4.300000e+01 | 9.920000e+01 | 130.70%| unknown
 2436s|408800 |308081 | 42761k| 104.6 |   650M | 262 | 951 |5425 |5425 |   0 |  0 |   0 |  37 | 4.300000e+01 | 9.920000e+01 | 130.70%| unknown
 2438s|408900 |308147 | 42782k| 104.6 |   650M | 262 | 951 |5425 |5425 |   0 |  0 |   0 |  37 | 4.300000e+01 | 9.920000e+01 | 130.70%| unknown
 2439s|409000 |308229 | 42806k| 104.7 |   650M | 262 | 951 |5425 |5425 |   0 |  0 |   0 |  37 | 4.300000e+01 | 9.920000e+01 | 130.70%| unknown
 2440s|409100 |308313 | 42823k| 104.7 |   650M | 262 | 951 |5425 |5425 |   0 |  0 |   0 |  37 | 4.300000e+01 | 9.920000e+01 | 130.70%| unknown
 2440s|409200 |308405 | 42834k| 104.7 |   650M | 262 | 951 |5425 |5425 |   0 |  0 |   0 |  37 | 4.300000e+01 | 9.920000e+01 | 130.70%| unknown
 2441s|409300 |308491 | 42853k| 104.7 |   650M | 262 | 951 |5425 |5425 |   0 |  0 |   0 |  37 | 4.300000e+01 | 9.920000e+01 | 130.70%| unknown
 time | node  | left  |LP iter|LP it/n|mem/heur|mdpt |vars |cons |rows |cuts |sepa|confs|strbr|  dualbound   | primalbound  |  gap   | compl. 
 2442s|409400 |308571 | 42879k| 104.7 |   650M | 262 | 951 |5425 |5425 |   0 |  0 |   0 |  37 | 4.300000e+01 | 9.920000e+01 | 130.70%| unknown
 2443s|409500 |308639 | 42892k| 104.7 |   651M | 262 | 951 |5425 |5425 |   0 |  0 |   0 |  37 | 4.300000e+01 | 9.920000e+01 | 130.70%| unknown
 2443s|409600 |308697 | 42897k| 104.7 |   651M | 262 | 951 |5425 |5425 |   0 |  0 |   0 |  37 | 4.300000e+01 | 9.920000e+01 | 130.70%| unknown
 2444s|409700 |308785 | 42898k| 104.7 |   652M | 262 | 951 |5425 |5425 |   0 |  0 |   0 |  37 | 4.300000e+01 | 9.920000e+01 | 130.70%| unknown
 2444s|409800 |308853 | 42900k| 104.7 |   652M | 262 | 951 |5425 |5425 |   0 |  0 |   0 |  37 | 4.300000e+01 | 9.920000e+01 | 130.70%| unknown
 2444s|409900 |308941 | 42901k| 104.7 |   652M | 262 | 951 |5425 |5425 |   0 |  0 |   0 |  37 | 4.300000e+01 | 9.920000e+01 | 130.70%| unknown
 2444s|410000 |309013 | 42903k| 104.6 |   652M | 262 | 951 |5425 |5425 |   0 |  0 |   0 |  37 | 4.300000e+01 | 9.920000e+01 | 130.70%| unknown
 2444s|410100 |309089 | 42904k| 104.6 |   652M | 262 | 951 |5425 |5425 |   0 |  0 |   0 |  37 | 4.300000e+01 | 9.920000e+01 | 130.70%| unknown
 2445s|410200 |309167 | 42918k| 104.6 |   652M | 262 | 951 |5425 |5425 |   0 |  0 |   0 |  37 | 4.300000e+01 | 9.920000e+01 | 130.70%| unknown
 2447s|410300 |309235 | 42948k| 104.7 |   652M | 262 | 951 |5425 |5425 |   0 |  0 |   0 |  37 | 4.300000e+01 | 9.920000e+01 | 130.70%| unknown
 2447s|410400 |309311 | 42961k| 104.7 |   652M | 262 | 951 |5425 |5425 |   0 |  0 |   0 |  37 | 4.300000e+01 | 9.920000e+01 | 130.70%| unknown
 2448s|410500 |309377 | 42962k| 104.7 |   652M | 262 | 951 |5425 |5425 |   0 |  0 |   0 |  37 | 4.300000e+01 | 9.920000e+01 | 130.70%| unknown
 2448s|410600 |309461 | 42964k| 104.6 |   652M | 262 | 951 |5425 |5425 |   0 |  0 |   0 |  37 | 4.300000e+01 | 9.920000e+01 | 130.70%| unknown
 2448s|410700 |309533 | 42965k| 104.6 |   653M | 262 | 951 |5425 |5425 |   0 |  0 |   0 |  37 | 4.300000e+01 | 9.920000e+01 | 130.70%| unknown
 2448s|410800 |309609 | 42966k| 104.6 |   653M | 262 | 951 |5425 |5425 |   0 |  0 |   0 |  37 | 4.300000e+01 | 9.920000e+01 | 130.70%| unknown
 time | node  | left  |LP iter|LP it/n|mem/heur|mdpt |vars |cons |rows |cuts |sepa|confs|strbr|  dualbound   | primalbound  |  gap   | compl. 
 2448s|410900 |309681 | 42971k| 104.6 |   653M | 262 | 951 |5425 |5425 |   0 |  0 |   0 |  37 | 4.300000e+01 | 9.920000e+01 | 130.70%| unknown
 2449s|411000 |309751 | 42987k| 104.6 |   653M | 262 | 951 |5425 |5425 |   0 |  0 |   0 |  37 | 4.300000e+01 | 9.920000e+01 | 130.70%| unknown
 2451s|411100 |309835 | 43008k| 104.6 |   653M | 262 | 951 |5425 |5425 |   0 |  0 |   0 |  37 | 4.300000e+01 | 9.920000e+01 | 130.70%| unknown
 2451s|411200 |309913 | 43019k| 104.6 |   653M | 262 | 951 |5425 |5425 |   0 |  0 |   0 |  37 | 4.300000e+01 | 9.920000e+01 | 130.70%| unknown
 2451s|411300 |309983 | 43021k| 104.6 |   653M | 262 | 951 |5425 |5425 |   0 |  0 |   0 |  37 | 4.300000e+01 | 9.920000e+01 | 130.70%| unknown
 2451s|411400 |310055 | 43022k| 104.6 |   653M | 262 | 951 |5425 |5425 |   0 |  0 |   0 |  37 | 4.300000e+01 | 9.920000e+01 | 130.70%| unknown
 2452s|411500 |310127 | 43023k| 104.6 |   653M | 262 | 951 |5425 |5425 |   0 |  0 |   0 |  37 | 4.300000e+01 | 9.920000e+01 | 130.70%| unknown
 2452s|411600 |310209 | 43035k| 104.6 |   653M | 262 | 951 |5425 |5425 |   0 |  0 |   0 |  37 | 4.300000e+01 | 9.920000e+01 | 130.70%| unknown
 2453s|411700 |310287 | 43051k| 104.6 |   653M | 262 | 951 |5425 |5425 |   0 |  0 |   0 |  37 | 4.300000e+01 | 9.920000e+01 | 130.70%| unknown
 2455s|411800 |310361 | 43081k| 104.6 |   654M | 262 | 951 |5425 |5425 |   0 |  0 |   0 |  37 | 4.300000e+01 | 9.920000e+01 | 130.70%| unknown
 2456s|411900 |310433 | 43105k| 104.6 |   654M | 262 | 951 |5425 |5425 |   0 |  0 |   0 |  37 | 4.300000e+01 | 9.920000e+01 | 130.70%| unknown
 2457s|412000 |310505 | 43125k| 104.7 |   654M | 262 | 951 |5425 |5425 |   0 |  0 |   0 |  37 | 4.300000e+01 | 9.920000e+01 | 130.70%| unknown
 2458s|412100 |310577 | 43139k| 104.7 |   654M | 262 | 951 |5425 |5425 |   0 |  0 |   0 |  37 | 4.300000e+01 | 9.920000e+01 | 130.70%| unknown
 2459s|412200 |310651 | 43160k| 104.7 |   654M | 262 | 951 |5425 |5425 |   0 |  0 |   0 |  37 | 4.300000e+01 | 9.920000e+01 | 130.70%| unknown
 2460s|412300 |310719 | 43183k| 104.7 |   654M | 262 | 951 |5425 |5425 |   0 |  0 |   0 |  37 | 4.300000e+01 | 9.920000e+01 | 130.70%| unknown
 time | node  | left  |LP iter|LP it/n|mem/heur|mdpt |vars |cons |rows |cuts |sepa|confs|strbr|  dualbound   | primalbound  |  gap   | compl. 
 2461s|412400 |310779 | 43200k| 104.8 |   655M | 262 | 951 |5425 |5425 |   0 |  0 |   0 |  37 | 4.300000e+01 | 9.920000e+01 | 130.70%| unknown
 2461s|412500 |310845 | 43204k| 104.7 |   655M | 262 | 951 |5425 |5425 |   0 |  0 |   0 |  37 | 4.300000e+01 | 9.920000e+01 | 130.70%| unknown
 2461s|412600 |310923 | 43205k| 104.7 |   656M | 262 | 951 |5425 |5425 |   0 |  0 |   0 |  37 | 4.300000e+01 | 9.920000e+01 | 130.70%| unknown
 2461s|412700 |310997 | 43207k| 104.7 |   656M | 262 | 951 |5425 |5425 |   0 |  0 |   0 |  37 | 4.300000e+01 | 9.920000e+01 | 130.70%| unknown
 2462s|412800 |311051 | 43217k| 104.7 |   656M | 262 | 951 |5425 |5425 |   0 |  0 |   0 |  37 | 4.300000e+01 | 9.920000e+01 | 130.70%| unknown
 2464s|412900 |311117 | 43250k| 104.7 |   657M | 262 | 951 |5425 |5425 |   0 |  0 |   0 |  37 | 4.300000e+01 | 9.920000e+01 | 130.70%| unknown
 2465s|413000 |311195 | 43284k| 104.8 |   657M | 262 | 951 |5425 |5425 |   0 |  0 |   0 |  37 | 4.300000e+01 | 9.920000e+01 | 130.70%| unknown
 2466s|413100 |311271 | 43314k| 104.8 |   657M | 262 | 951 |5425 |5425 |   0 |  0 |   0 |  37 | 4.300000e+01 | 9.920000e+01 | 130.70%| unknown
 2468s|413200 |311347 | 43339k| 104.9 |   657M | 262 | 951 |5425 |5425 |   0 |  0 |   0 |  37 | 4.300000e+01 | 9.920000e+01 | 130.70%| unknown
 2468s|413300 |311423 | 43342k| 104.9 |   657M | 262 | 951 |5425 |5425 |   0 |  0 |   0 |  37 | 4.300000e+01 | 9.920000e+01 | 130.70%| unknown
 2468s|413400 |311497 | 43343k| 104.8 |   657M | 262 | 951 |5425 |5425 |   0 |  0 |   0 |  37 | 4.300000e+01 | 9.920000e+01 | 130.70%| unknown
 2468s|413500 |311557 | 43345k| 104.8 |   657M | 262 | 951 |5425 |5425 |   0 |  0 |   0 |  37 | 4.300000e+01 | 9.920000e+01 | 130.70%| unknown
 2468s|413600 |311637 | 43346k| 104.8 |   657M | 262 | 951 |5425 |5425 |   0 |  0 |   0 |  37 | 4.300000e+01 | 9.920000e+01 | 130.70%| unknown
 2469s|413700 |311707 | 43347k| 104.8 |   657M | 262 | 951 |5425 |5425 |   0 |  0 |   0 |  37 | 4.300000e+01 | 9.920000e+01 | 130.70%| unknown
 2469s|413800 |311779 | 43348k| 104.8 |   657M | 262 | 951 |5425 |5425 |   0 |  0 |   0 |  37 | 4.300000e+01 | 9.920000e+01 | 130.70%| unknown
 time | node  | left  |LP iter|LP it/n|mem/heur|mdpt |vars |cons |rows |cuts |sepa|confs|strbr|  dualbound   | primalbound  |  gap   | compl. 
 2469s|413900 |311841 | 43349k| 104.7 |   657M | 262 | 951 |5425 |5425 |   0 |  0 |   0 |  37 | 4.300000e+01 | 9.920000e+01 | 130.70%| unknown
 2470s|414000 |311907 | 43362k| 104.7 |   658M | 262 | 951 |5425 |5425 |   0 |  0 |   0 |  37 | 4.300000e+01 | 9.920000e+01 | 130.70%| unknown
 2471s|414100 |311983 | 43380k| 104.8 |   658M | 262 | 951 |5425 |5425 |   0 |  0 |   0 |  37 | 4.300000e+01 | 9.920000e+01 | 130.70%| unknown
 2471s|414200 |312045 | 43387k| 104.7 |   658M | 262 | 951 |5425 |5425 |   0 |  0 |   0 |  37 | 4.300000e+01 | 9.920000e+01 | 130.70%| unknown
 2472s|414300 |312111 | 43412k| 104.8 |   658M | 262 | 951 |5425 |5425 |   0 |  0 |   0 |  37 | 4.300000e+01 | 9.920000e+01 | 130.70%| unknown
 2473s|414400 |312187 | 43423k| 104.8 |   658M | 262 | 951 |5425 |5425 |   0 |  0 |   0 |  37 | 4.300000e+01 | 9.920000e+01 | 130.70%| unknown
 2474s|414500 |312259 | 43438k| 104.8 |   658M | 262 | 951 |5425 |5425 |   0 |  0 |   0 |  37 | 4.300000e+01 | 9.920000e+01 | 130.70%| unknown
 2475s|414600 |312321 | 43462k| 104.8 |   658M | 262 | 951 |5425 |5425 |   0 |  0 |   0 |  37 | 4.300000e+01 | 9.920000e+01 | 130.70%| unknown
 2476s|414700 |312397 | 43480k| 104.8 |   659M | 262 | 951 |5425 |5425 |   0 |  0 |   0 |  37 | 4.300000e+01 | 9.920000e+01 | 130.70%| unknown
 2477s|414800 |312463 | 43502k| 104.9 |   659M | 262 | 951 |5425 |5425 |   0 |  0 |   0 |  37 | 4.300000e+01 | 9.920000e+01 | 130.70%| unknown
 2478s|414900 |312517 | 43530k| 104.9 |   659M | 262 | 951 |5425 |5425 |   0 |  0 |   0 |  37 | 4.300000e+01 | 9.920000e+01 | 130.70%| unknown
 2479s|415000 |312587 | 43547k| 104.9 |   659M | 262 | 951 |5425 |5425 |   0 |  0 |   0 |  37 | 4.300000e+01 | 9.920000e+01 | 130.70%| unknown
 2480s|415100 |312651 | 43572k| 105.0 |   659M | 262 | 951 |5425 |5425 |   0 |  0 |   0 |  37 | 4.300000e+01 | 9.920000e+01 | 130.70%| unknown
 2481s|415200 |312719 | 43590k| 105.0 |   660M | 262 | 951 |5425 |5425 |   0 |  0 |   0 |  37 | 4.300000e+01 | 9.920000e+01 | 130.70%| unknown
 2483s|415300 |312797 | 43611k| 105.0 |   660M | 262 | 951 |5425 |5425 |   0 |  0 |   0 |  37 | 4.300000e+01 | 9.920000e+01 | 130.70%| unknown
 time | node  | left  |LP iter|LP it/n|mem/heur|mdpt |vars |cons |rows |cuts |sepa|confs|strbr|  dualbound   | primalbound  |  gap   | compl. 
 2484s|415400 |312871 | 43631k| 105.0 |   660M | 262 | 951 |5425 |5425 |   0 |  0 |   0 |  37 | 4.300000e+01 | 9.920000e+01 | 130.70%| unknown
 2484s|415500 |312955 | 43643k| 105.0 |   660M | 262 | 951 |5425 |5425 |   0 |  0 |   0 |  37 | 4.300000e+01 | 9.920000e+01 | 130.70%| unknown
 2485s|415600 |313035 | 43654k| 105.0 |   660M | 262 | 951 |5425 |5425 |   0 |  0 |   0 |  37 | 4.300000e+01 | 9.920000e+01 | 130.70%| unknown
 2486s|415700 |313111 | 43669k| 105.0 |   660M | 262 | 951 |5425 |5425 |   0 |  0 |   0 |  37 | 4.300000e+01 | 9.920000e+01 | 130.70%| unknown
 2487s|415800 |313183 | 43702k| 105.1 |   660M | 262 | 951 |5425 |5425 |   0 |  0 |   0 |  37 | 4.300000e+01 | 9.920000e+01 | 130.70%| unknown
 2488s|415900 |313253 | 43716k| 105.1 |   660M | 262 | 951 |5425 |5425 |   0 |  0 |   0 |  37 | 4.300000e+01 | 9.920000e+01 | 130.70%| unknown
 2488s|416000 |313317 | 43718k| 105.1 |   660M | 262 | 951 |5425 |5425 |   0 |  0 |   0 |  37 | 4.300000e+01 | 9.920000e+01 | 130.70%| unknown
 2488s|416100 |313373 | 43719k| 105.1 |   660M | 262 | 951 |5425 |5425 |   0 |  0 |   0 |  37 | 4.300000e+01 | 9.920000e+01 | 130.70%| unknown
 2488s|416200 |313445 | 43720k| 105.0 |   660M | 262 | 951 |5425 |5425 |   0 |  0 |   0 |  37 | 4.300000e+01 | 9.920000e+01 | 130.70%| unknown
 2489s|416300 |313509 | 43721k| 105.0 |   661M | 262 | 951 |5425 |5425 |   0 |  0 |   0 |  37 | 4.300000e+01 | 9.920000e+01 | 130.70%| unknown
 2489s|416400 |313563 | 43725k| 105.0 |   661M | 262 | 951 |5425 |5425 |   0 |  0 |   0 |  37 | 4.300000e+01 | 9.920000e+01 | 130.70%| unknown
 2490s|416500 |313619 | 43752k| 105.0 |   661M | 262 | 951 |5425 |5425 |   0 |  0 |   0 |  37 | 4.300000e+01 | 9.920000e+01 | 130.70%| unknown
 2491s|416600 |313693 | 43768k| 105.1 |   661M | 262 | 951 |5425 |5425 |   0 |  0 |   0 |  37 | 4.300000e+01 | 9.920000e+01 | 130.70%| unknown
 2493s|416700 |313761 | 43802k| 105.1 |   661M | 262 | 951 |5425 |5425 |   0 |  0 |   0 |  37 | 4.300000e+01 | 9.920000e+01 | 130.70%| unknown
 2493s|416800 |313819 | 43803k| 105.1 |   661M | 262 | 951 |5425 |5425 |   0 |  0 |   0 |  37 | 4.300000e+01 | 9.920000e+01 | 130.70%| unknown
 time | node  | left  |LP iter|LP it/n|mem/heur|mdpt |vars |cons |rows |cuts |sepa|confs|strbr|  dualbound   | primalbound  |  gap   | compl. 
 2493s|416900 |313891 | 43804k| 105.1 |   661M | 262 | 951 |5425 |5425 |   0 |  0 |   0 |  37 | 4.300000e+01 | 9.920000e+01 | 130.70%| unknown
 2493s|417000 |313957 | 43805k| 105.0 |   661M | 262 | 951 |5425 |5425 |   0 |  0 |   0 |  37 | 4.300000e+01 | 9.920000e+01 | 130.70%| unknown
 2493s|417100 |314025 | 43806k| 105.0 |   661M | 262 | 951 |5425 |5425 |   0 |  0 |   0 |  37 | 4.300000e+01 | 9.920000e+01 | 130.70%| unknown
 2494s|417200 |314093 | 43807k| 105.0 |   661M | 262 | 951 |5425 |5425 |   0 |  0 |   0 |  37 | 4.300000e+01 | 9.920000e+01 | 130.70%| unknown
 2494s|417300 |314177 | 43808k| 105.0 |   661M | 262 | 951 |5425 |5425 |   0 |  0 |   0 |  37 | 4.300000e+01 | 9.920000e+01 | 130.70%| unknown
 2494s|417400 |314243 | 43814k| 105.0 |   661M | 262 | 951 |5425 |5425 |   0 |  0 |   0 |  37 | 4.300000e+01 | 9.920000e+01 | 130.70%| unknown
 2496s|417500 |314301 | 43843k| 105.0 |   662M | 262 | 951 |5425 |5425 |   0 |  0 |   0 |  37 | 4.300000e+01 | 9.920000e+01 | 130.70%| unknown
 2496s|417600 |314369 | 43860k| 105.0 |   662M | 262 | 951 |5425 |5425 |   0 |  0 |   0 |  37 | 4.300000e+01 | 9.920000e+01 | 130.70%| unknown
 2497s|417700 |314439 | 43865k| 105.0 |   662M | 262 | 951 |5425 |5425 |   0 |  0 |   0 |  37 | 4.300000e+01 | 9.920000e+01 | 130.70%| unknown
 2497s|417800 |314517 | 43866k| 105.0 |   663M | 262 | 951 |5425 |5425 |   0 |  0 |   0 |  37 | 4.300000e+01 | 9.920000e+01 | 130.70%| unknown
 2497s|417900 |314575 | 43868k| 105.0 |   663M | 262 | 951 |5425 |5425 |   0 |  0 |   0 |  37 | 4.300000e+01 | 9.920000e+01 | 130.70%| unknown
 2497s|418000 |314631 | 43869k| 104.9 |   663M | 262 | 951 |5425 |5425 |   0 |  0 |   0 |  37 | 4.300000e+01 | 9.920000e+01 | 130.70%| unknown
 2498s|418100 |314699 | 43870k| 104.9 |   663M | 262 | 951 |5425 |5425 |   0 |  0 |   0 |  37 | 4.300000e+01 | 9.920000e+01 | 130.70%| unknown
 2498s|418200 |314765 | 43872k| 104.9 |   663M | 262 | 951 |5425 |5425 |   0 |  0 |   0 |  37 | 4.300000e+01 | 9.920000e+01 | 130.70%| unknown
 2498s|418300 |314837 | 43873k| 104.9 |   663M | 262 | 951 |5425 |5425 |   0 |  0 |   0 |  37 | 4.300000e+01 | 9.920000e+01 | 130.70%| unknown
 time | node  | left  |LP iter|LP it/n|mem/heur|mdpt |vars |cons |rows |cuts |sepa|confs|strbr|  dualbound   | primalbound  |  gap   | compl. 
 2498s|418400 |314901 | 43875k| 104.9 |   663M | 262 | 951 |5425 |5425 |   0 |  0 |   0 |  37 | 4.300000e+01 | 9.920000e+01 | 130.70%| unknown
 2498s|418500 |314967 | 43876k| 104.8 |   663M | 262 | 951 |5425 |5425 |   0 |  0 |   0 |  37 | 4.300000e+01 | 9.920000e+01 | 130.70%| unknown
 2498s|418600 |315041 | 43877k| 104.8 |   663M | 262 | 951 |5425 |5425 |   0 |  0 |   0 |  37 | 4.300000e+01 | 9.920000e+01 | 130.70%| unknown
 2499s|418700 |315113 | 43878k| 104.8 |   664M | 262 | 951 |5425 |5425 |   0 |  0 |   0 |  37 | 4.300000e+01 | 9.920000e+01 | 130.70%| unknown
 2500s|418800 |315171 | 43898k| 104.8 |   664M | 262 | 951 |5425 |5425 |   0 |  0 |   0 |  37 | 4.300000e+01 | 9.920000e+01 | 130.70%| unknown
 2500s|418900 |315227 | 43910k| 104.8 |   664M | 262 | 951 |5425 |5425 |   0 |  0 |   0 |  37 | 4.300000e+01 | 9.920000e+01 | 130.70%| unknown
 2500s|419000 |315285 | 43911k| 104.8 |   664M | 262 | 951 |5425 |5425 |   0 |  0 |   0 |  37 | 4.300000e+01 | 9.920000e+01 | 130.70%| unknown
 2501s|419100 |315359 | 43912k| 104.8 |   665M | 262 | 951 |5425 |5425 |   0 |  0 |   0 |  37 | 4.300000e+01 | 9.920000e+01 | 130.70%| unknown
 2501s|419200 |315441 | 43913k| 104.8 |   665M | 262 | 951 |5425 |5425 |   0 |  0 |   0 |  37 | 4.300000e+01 | 9.920000e+01 | 130.70%| unknown
 2501s|419300 |315507 | 43915k| 104.7 |   665M | 262 | 951 |5425 |5425 |   0 |  0 |   0 |  37 | 4.300000e+01 | 9.920000e+01 | 130.70%| unknown
 2501s|419400 |315571 | 43916k| 104.7 |   665M | 262 | 951 |5425 |5425 |   0 |  0 |   0 |  37 | 4.300000e+01 | 9.920000e+01 | 130.70%| unknown
 2501s|419500 |315651 | 43917k| 104.7 |   665M | 262 | 951 |5425 |5425 |   0 |  0 |   0 |  37 | 4.300000e+01 | 9.920000e+01 | 130.70%| unknown
 2501s|419600 |315701 | 43918k| 104.7 |   665M | 262 | 951 |5425 |5425 |   0 |  0 |   0 |  37 | 4.300000e+01 | 9.920000e+01 | 130.70%| unknown
 2502s|419700 |315771 | 43930k| 104.7 |   665M | 262 | 951 |5425 |5425 |   0 |  0 |   0 |  37 | 4.300000e+01 | 9.920000e+01 | 130.70%| unknown
 2503s|419800 |315857 | 43938k| 104.7 |   666M | 262 | 951 |5425 |5425 |   0 |  0 |   0 |  37 | 4.300000e+01 | 9.920000e+01 | 130.70%| unknown
 time | node  | left  |LP iter|LP it/n|mem/heur|mdpt |vars |cons |rows |cuts |sepa|confs|strbr|  dualbound   | primalbound  |  gap   | compl. 
 2503s|419900 |315939 | 43939k| 104.6 |   666M | 262 | 951 |5425 |5425 |   0 |  0 |   0 |  37 | 4.300000e+01 | 9.920000e+01 | 130.70%| unknown
 2503s|420000 |316009 | 43940k| 104.6 |   666M | 262 | 951 |5425 |5425 |   0 |  0 |   0 |  37 | 4.300000e+01 | 9.920000e+01 | 130.70%| unknown
 2504s|420100 |316081 | 43952k| 104.6 |   666M | 262 | 951 |5425 |5425 |   0 |  0 |   0 |  37 | 4.300000e+01 | 9.920000e+01 | 130.70%| unknown
 2504s|420200 |316139 | 43953k| 104.6 |   667M | 262 | 951 |5425 |5425 |   0 |  0 |   0 |  37 | 4.300000e+01 | 9.920000e+01 | 130.70%| unknown
 2504s|420300 |316213 | 43954k| 104.6 |   667M | 262 | 951 |5425 |5425 |   0 |  0 |   0 |  37 | 4.300000e+01 | 9.920000e+01 | 130.70%| unknown
 2504s|420400 |316281 | 43956k| 104.6 |   667M | 262 | 951 |5425 |5425 |   0 |  0 |   0 |  37 | 4.300000e+01 | 9.920000e+01 | 130.70%| unknown
 2504s|420500 |316341 | 43957k| 104.5 |   667M | 262 | 951 |5425 |5425 |   0 |  0 |   0 |  37 | 4.300000e+01 | 9.920000e+01 | 130.70%| unknown
 2505s|420600 |316419 | 43968k| 104.5 |   667M | 262 | 951 |5425 |5425 |   0 |  0 |   0 |  37 | 4.300000e+01 | 9.920000e+01 | 130.70%| unknown
 2506s|420700 |316503 | 43991k| 104.6 |   667M | 262 | 951 |5425 |5425 |   0 |  0 |   0 |  37 | 4.300000e+01 | 9.920000e+01 | 130.70%| unknown
 2508s|420800 |316581 | 44023k| 104.6 |   667M | 262 | 951 |5425 |5425 |   0 |  0 |   0 |  37 | 4.300000e+01 | 9.920000e+01 | 130.70%| unknown
 2509s|420900 |316659 | 44050k| 104.7 |   668M | 262 | 951 |5425 |5425 |   0 |  0 |   0 |  37 | 4.300000e+01 | 9.920000e+01 | 130.70%| unknown
 2510s|421000 |316731 | 44062k| 104.7 |   668M | 262 | 951 |5425 |5425 |   0 |  0 |   0 |  37 | 4.300000e+01 | 9.920000e+01 | 130.70%| unknown
 2511s|421100 |316799 | 44077k| 104.7 |   668M | 262 | 951 |5425 |5425 |   0 |  0 |   0 |  37 | 4.300000e+01 | 9.920000e+01 | 130.70%| unknown
 2511s|421200 |316883 | 44089k| 104.7 |   668M | 262 | 951 |5425 |5425 |   0 |  0 |   0 |  37 | 4.300000e+01 | 9.920000e+01 | 130.70%| unknown
 2512s|421300 |316933 | 44116k| 104.7 |   668M | 262 | 951 |5425 |5425 |   0 |  0 |   0 |  37 | 4.300000e+01 | 9.920000e+01 | 130.70%| unknown
 time | node  | left  |LP iter|LP it/n|mem/heur|mdpt |vars |cons |rows |cuts |sepa|confs|strbr|  dualbound   | primalbound  |  gap   | compl. 
 2514s|421400 |316993 | 44144k| 104.8 |   668M | 262 | 951 |5425 |5425 |   0 |  0 |   0 |  37 | 4.300000e+01 | 9.920000e+01 | 130.70%| unknown
 2515s|421500 |317065 | 44167k| 104.8 |   668M | 262 | 951 |5425 |5425 |   0 |  0 |   0 |  37 | 4.300000e+01 | 9.920000e+01 | 130.70%| unknown
 2516s|421600 |317131 | 44182k| 104.8 |   668M | 262 | 951 |5425 |5425 |   0 |  0 |   0 |  37 | 4.300000e+01 | 9.920000e+01 | 130.70%| unknown
 2517s|421700 |317197 | 44204k| 104.8 |   668M | 262 | 951 |5425 |5425 |   0 |  0 |   0 |  37 | 4.300000e+01 | 9.920000e+01 | 130.70%| unknown
 2518s|421800 |317277 | 44227k| 104.9 |   668M | 262 | 951 |5425 |5425 |   0 |  0 |   0 |  37 | 4.300000e+01 | 9.920000e+01 | 130.70%| unknown
 2519s|421900 |317339 | 44255k| 104.9 |   668M | 262 | 951 |5425 |5425 |   0 |  0 |   0 |  37 | 4.300000e+01 | 9.920000e+01 | 130.70%| unknown
 2521s|422000 |317387 | 44284k| 104.9 |   668M | 262 | 951 |5425 |5425 |   0 |  0 |   0 |  37 | 4.300000e+01 | 9.920000e+01 | 130.70%| unknown
 2522s|422100 |317451 | 44300k| 105.0 |   669M | 262 | 951 |5425 |5425 |   0 |  0 |   0 |  37 | 4.300000e+01 | 9.920000e+01 | 130.70%| unknown
 2522s|422200 |317533 | 44303k| 104.9 |   669M | 262 | 951 |5425 |5425 |   0 |  0 |   0 |  37 | 4.300000e+01 | 9.920000e+01 | 130.70%| unknown
 2522s|422300 |317615 | 44305k| 104.9 |   669M | 262 | 951 |5425 |5425 |   0 |  0 |   0 |  37 | 4.300000e+01 | 9.920000e+01 | 130.70%| unknown
 2522s|422400 |317691 | 44306k| 104.9 |   669M | 262 | 951 |5425 |5425 |   0 |  0 |   0 |  37 | 4.300000e+01 | 9.920000e+01 | 130.70%| unknown
 2522s|422500 |317755 | 44307k| 104.9 |   669M | 262 | 951 |5425 |5425 |   0 |  0 |   0 |  37 | 4.300000e+01 | 9.920000e+01 | 130.70%| unknown
 2523s|422600 |317807 | 44308k| 104.8 |   669M | 262 | 951 |5425 |5425 |   0 |  0 |   0 |  37 | 4.300000e+01 | 9.920000e+01 | 130.70%| unknown
 2523s|422700 |317883 | 44309k| 104.8 |   669M | 262 | 951 |5425 |5425 |   0 |  0 |   0 |  37 | 4.300000e+01 | 9.920000e+01 | 130.70%| unknown
 2523s|422800 |317941 | 44310k| 104.8 |   669M | 262 | 951 |5425 |5425 |   0 |  0 |   0 |  37 | 4.300000e+01 | 9.920000e+01 | 130.70%| unknown
 time | node  | left  |LP iter|LP it/n|mem/heur|mdpt |vars |cons |rows |cuts |sepa|confs|strbr|  dualbound   | primalbound  |  gap   | compl. 
 2523s|422900 |318001 | 44311k| 104.8 |   669M | 262 | 951 |5425 |5425 |   0 |  0 |   0 |  37 | 4.300000e+01 | 9.920000e+01 | 130.70%| unknown
 2523s|423000 |318073 | 44313k| 104.8 |   669M | 262 | 951 |5425 |5425 |   0 |  0 |   0 |  37 | 4.300000e+01 | 9.920000e+01 | 130.70%| unknown
 2523s|423100 |318139 | 44314k| 104.7 |   669M | 262 | 951 |5425 |5425 |   0 |  0 |   0 |  37 | 4.300000e+01 | 9.920000e+01 | 130.70%| unknown
 2524s|423200 |318225 | 44315k| 104.7 |   669M | 262 | 951 |5425 |5425 |   0 |  0 |   0 |  37 | 4.300000e+01 | 9.920000e+01 | 130.70%| unknown
 2524s|423300 |318295 | 44316k| 104.7 |   671M | 262 | 951 |5425 |5425 |   0 |  0 |   0 |  37 | 4.300000e+01 | 9.920000e+01 | 130.70%| unknown
 2524s|423400 |318365 | 44318k| 104.7 |   671M | 262 | 951 |5425 |5425 |   0 |  0 |   0 |  37 | 4.300000e+01 | 9.920000e+01 | 130.70%| unknown
 2524s|423500 |318447 | 44319k| 104.6 |   671M | 262 | 951 |5425 |5425 |   0 |  0 |   0 |  37 | 4.300000e+01 | 9.920000e+01 | 130.70%| unknown
 2525s|423600 |318511 | 44324k| 104.6 |   671M | 262 | 951 |5425 |5425 |   0 |  0 |   0 |  37 | 4.300000e+01 | 9.920000e+01 | 130.70%| unknown
 2525s|423700 |318595 | 44341k| 104.7 |   671M | 262 | 951 |5425 |5425 |   0 |  0 |   0 |  37 | 4.300000e+01 | 9.920000e+01 | 130.70%| unknown
 2526s|423800 |318681 | 44356k| 104.7 |   671M | 262 | 951 |5425 |5425 |   0 |  0 |   0 |  37 | 4.300000e+01 | 9.920000e+01 | 130.70%| unknown
 2527s|423900 |318757 | 44373k| 104.7 |   671M | 262 | 951 |5425 |5425 |   0 |  0 |   0 |  37 | 4.300000e+01 | 9.920000e+01 | 130.70%| unknown
 2528s|424000 |318835 | 44387k| 104.7 |   671M | 262 | 951 |5425 |5425 |   0 |  0 |   0 |  37 | 4.300000e+01 | 9.920000e+01 | 130.70%| unknown
 2529s|424100 |318905 | 44404k| 104.7 |   671M | 262 | 951 |5425 |5425 |   0 |  0 |   0 |  37 | 4.300000e+01 | 9.920000e+01 | 130.70%| unknown
 2530s|424200 |318979 | 44424k| 104.7 |   671M | 262 | 951 |5425 |5425 |   0 |  0 |   0 |  37 | 4.300000e+01 | 9.920000e+01 | 130.70%| unknown
 2531s|424300 |319047 | 44452k| 104.8 |   672M | 262 | 951 |5425 |5425 |   0 |  0 |   0 |  37 | 4.300000e+01 | 9.920000e+01 | 130.70%| unknown
 time | node  | left  |LP iter|LP it/n|mem/heur|mdpt |vars |cons |rows |cuts |sepa|confs|strbr|  dualbound   | primalbound  |  gap   | compl. 
 2532s|424400 |319129 | 44464k| 104.8 |   672M | 262 | 951 |5425 |5425 |   0 |  0 |   0 |  37 | 4.300000e+01 | 9.920000e+01 | 130.70%| unknown
 2533s|424500 |319207 | 44482k| 104.8 |   672M | 262 | 951 |5425 |5425 |   0 |  0 |   0 |  37 | 4.300000e+01 | 9.920000e+01 | 130.70%| unknown
 2534s|424600 |319281 | 44509k| 104.8 |   672M | 262 | 951 |5425 |5425 |   0 |  0 |   0 |  37 | 4.300000e+01 | 9.920000e+01 | 130.70%| unknown
 2535s|424700 |319357 | 44530k| 104.8 |   672M | 262 | 951 |5425 |5425 |   0 |  0 |   0 |  37 | 4.300000e+01 | 9.920000e+01 | 130.70%| unknown
 2536s|424800 |319425 | 44547k| 104.9 |   672M | 262 | 951 |5425 |5425 |   0 |  0 |   0 |  37 | 4.300000e+01 | 9.920000e+01 | 130.70%| unknown
 2537s|424900 |319503 | 44569k| 104.9 |   672M | 262 | 951 |5425 |5425 |   0 |  0 |   0 |  37 | 4.300000e+01 | 9.920000e+01 | 130.70%| unknown
 2538s|425000 |319567 | 44582k| 104.9 |   672M | 262 | 951 |5425 |5425 |   0 |  0 |   0 |  37 | 4.300000e+01 | 9.920000e+01 | 130.70%| unknown
 2539s|425100 |319643 | 44602k| 104.9 |   672M | 262 | 951 |5425 |5425 |   0 |  0 |   0 |  37 | 4.300000e+01 | 9.920000e+01 | 130.70%| unknown
 2540s|425200 |319715 | 44628k| 105.0 |   672M | 262 | 951 |5425 |5425 |   0 |  0 |   0 |  37 | 4.300000e+01 | 9.920000e+01 | 130.70%| unknown
 2541s|425300 |319783 | 44648k| 105.0 |   672M | 262 | 951 |5425 |5425 |   0 |  0 |   0 |  37 | 4.300000e+01 | 9.920000e+01 | 130.70%| unknown
 2542s|425400 |319853 | 44664k| 105.0 |   675M | 262 | 951 |5425 |5425 |   0 |  0 |   0 |  37 | 4.300000e+01 | 9.920000e+01 | 130.70%| unknown
 2543s|425500 |319921 | 44689k| 105.0 |   675M | 262 | 951 |5425 |5425 |   0 |  0 |   0 |  37 | 4.300000e+01 | 9.920000e+01 | 130.70%| unknown
 2544s|425600 |319993 | 44707k| 105.0 |   675M | 262 | 951 |5425 |5425 |   0 |  0 |   0 |  37 | 4.300000e+01 | 9.920000e+01 | 130.70%| unknown
 2545s|425700 |320069 | 44723k| 105.1 |   675M | 262 | 951 |5425 |5425 |   0 |  0 |   0 |  37 | 4.300000e+01 | 9.920000e+01 | 130.70%| unknown
 2546s|425800 |320123 | 44740k| 105.1 |   675M | 262 | 951 |5425 |5425 |   0 |  0 |   0 |  37 | 4.300000e+01 | 9.920000e+01 | 130.70%| unknown
 time | node  | left  |LP iter|LP it/n|mem/heur|mdpt |vars |cons |rows |cuts |sepa|confs|strbr|  dualbound   | primalbound  |  gap   | compl. 
 2548s|425900 |320195 | 44772k| 105.1 |   675M | 262 | 951 |5425 |5425 |   0 |  0 |   0 |  37 | 4.300000e+01 | 9.920000e+01 | 130.70%| unknown
 2549s|426000 |320275 | 44786k| 105.1 |   675M | 262 | 951 |5425 |5425 |   0 |  0 |   0 |  37 | 4.300000e+01 | 9.920000e+01 | 130.70%| unknown
 2550s|426100 |320359 | 44815k| 105.2 |   675M | 262 | 951 |5425 |5425 |   0 |  0 |   0 |  37 | 4.300000e+01 | 9.920000e+01 | 130.70%| unknown
 2551s|426200 |320439 | 44816k| 105.2 |   675M | 262 | 951 |5425 |5425 |   0 |  0 |   0 |  37 | 4.300000e+01 | 9.920000e+01 | 130.70%| unknown
 2551s|426300 |320515 | 44817k| 105.1 |   675M | 262 | 951 |5425 |5425 |   0 |  0 |   0 |  37 | 4.300000e+01 | 9.920000e+01 | 130.70%| unknown
 2551s|426400 |320585 | 44818k| 105.1 |   675M | 262 | 951 |5425 |5425 |   0 |  0 |   0 |  37 | 4.300000e+01 | 9.920000e+01 | 130.70%| unknown
 2551s|426500 |320661 | 44819k| 105.1 |   676M | 262 | 951 |5425 |5425 |   0 |  0 |   0 |  37 | 4.300000e+01 | 9.920000e+01 | 130.70%| unknown
 2551s|426600 |320729 | 44821k| 105.1 |   676M | 262 | 951 |5425 |5425 |   0 |  0 |   0 |  37 | 4.300000e+01 | 9.920000e+01 | 130.70%| unknown
 2551s|426700 |320799 | 44822k| 105.0 |   676M | 262 | 951 |5425 |5425 |   0 |  0 |   0 |  37 | 4.300000e+01 | 9.920000e+01 | 130.70%| unknown
 2552s|426800 |320875 | 44837k| 105.1 |   676M | 262 | 951 |5425 |5425 |   0 |  0 |   0 |  37 | 4.300000e+01 | 9.920000e+01 | 130.70%| unknown
 2554s|426900 |320951 | 44868k| 105.1 |   676M | 262 | 951 |5425 |5425 |   0 |  0 |   0 |  37 | 4.300000e+01 | 9.920000e+01 | 130.70%| unknown
 2555s|427000 |321029 | 44887k| 105.1 |   676M | 262 | 951 |5425 |5425 |   0 |  0 |   0 |  37 | 4.300000e+01 | 9.920000e+01 | 130.70%| unknown
 2556s|427100 |321099 | 44914k| 105.2 |   676M | 262 | 951 |5425 |5425 |   0 |  0 |   0 |  37 | 4.300000e+01 | 9.920000e+01 | 130.70%| unknown
 2557s|427200 |321177 | 44929k| 105.2 |   676M | 262 | 951 |5425 |5425 |   0 |  0 |   0 |  37 | 4.300000e+01 | 9.920000e+01 | 130.70%| unknown
 2558s|427300 |321253 | 44944k| 105.2 |   676M | 262 | 951 |5425 |5425 |   0 |  0 |   0 |  37 | 4.300000e+01 | 9.920000e+01 | 130.70%| unknown
 time | node  | left  |LP iter|LP it/n|mem/heur|mdpt |vars |cons |rows |cuts |sepa|confs|strbr|  dualbound   | primalbound  |  gap   | compl. 
 2559s|427400 |321315 | 44963k| 105.2 |   676M | 262 | 951 |5425 |5425 |   0 |  0 |   0 |  37 | 4.300000e+01 | 9.920000e+01 | 130.70%| unknown
 2559s|427500 |321379 | 44981k| 105.2 |   676M | 262 | 951 |5425 |5425 |   0 |  0 |   0 |  37 | 4.300000e+01 | 9.920000e+01 | 130.70%| unknown
 2561s|427600 |321455 | 45005k| 105.3 |   677M | 262 | 951 |5425 |5425 |   0 |  0 |   0 |  37 | 4.300000e+01 | 9.920000e+01 | 130.70%| unknown
 2562s|427700 |321523 | 45023k| 105.3 |   677M | 262 | 951 |5425 |5425 |   0 |  0 |   0 |  37 | 4.300000e+01 | 9.920000e+01 | 130.70%| unknown
 2562s|427800 |321593 | 45035k| 105.3 |   677M | 262 | 951 |5425 |5425 |   0 |  0 |   0 |  37 | 4.300000e+01 | 9.920000e+01 | 130.70%| unknown
 2564s|427900 |321655 | 45065k| 105.3 |   677M | 262 | 951 |5425 |5425 |   0 |  0 |   0 |  37 | 4.300000e+01 | 9.920000e+01 | 130.70%| unknown
 2565s|428000 |321723 | 45081k| 105.3 |   677M | 262 | 951 |5425 |5425 |   0 |  0 |   0 |  37 | 4.300000e+01 | 9.920000e+01 | 130.70%| unknown
 2566s|428100 |321799 | 45100k| 105.3 |   677M | 262 | 951 |5425 |5425 |   0 |  0 |   0 |  37 | 4.300000e+01 | 9.920000e+01 | 130.70%| unknown
 2566s|428200 |321883 | 45110k| 105.3 |   677M | 262 | 951 |5425 |5425 |   0 |  0 |   0 |  37 | 4.300000e+01 | 9.920000e+01 | 130.70%| unknown
 2568s|428300 |321955 | 45142k| 105.4 |   677M | 262 | 951 |5425 |5425 |   0 |  0 |   0 |  37 | 4.300000e+01 | 9.920000e+01 | 130.70%| unknown
 2569s|428400 |322031 | 45169k| 105.4 |   678M | 262 | 951 |5425 |5425 |   0 |  0 |   0 |  37 | 4.300000e+01 | 9.920000e+01 | 130.70%| unknown
 2570s|428500 |322099 | 45185k| 105.4 |   678M | 262 | 951 |5425 |5425 |   0 |  0 |   0 |  37 | 4.300000e+01 | 9.920000e+01 | 130.70%| unknown
 2571s|428600 |322173 | 45203k| 105.5 |   678M | 262 | 951 |5425 |5425 |   0 |  0 |   0 |  37 | 4.300000e+01 | 9.920000e+01 | 130.70%| unknown
 2571s|428700 |322231 | 45213k| 105.5 |   679M | 262 | 951 |5425 |5425 |   0 |  0 |   0 |  37 | 4.300000e+01 | 9.920000e+01 | 130.70%| unknown
 2572s|428800 |322303 | 45214k| 105.4 |   679M | 262 | 951 |5425 |5425 |   0 |  0 |   0 |  37 | 4.300000e+01 | 9.920000e+01 | 130.70%| unknown
 time | node  | left  |LP iter|LP it/n|mem/heur|mdpt |vars |cons |rows |cuts |sepa|confs|strbr|  dualbound   | primalbound  |  gap   | compl. 
 2572s|428900 |322371 | 45216k| 105.4 |   679M | 262 | 951 |5425 |5425 |   0 |  0 |   0 |  37 | 4.300000e+01 | 9.920000e+01 | 130.70%| unknown
 2572s|429000 |322431 | 45217k| 105.4 |   679M | 262 | 951 |5425 |5425 |   0 |  0 |   0 |  37 | 4.300000e+01 | 9.920000e+01 | 130.70%| unknown
 2572s|429100 |322489 | 45224k| 105.4 |   679M | 262 | 951 |5425 |5425 |   0 |  0 |   0 |  37 | 4.300000e+01 | 9.920000e+01 | 130.70%| unknown
 2574s|429200 |322565 | 45247k| 105.4 |   679M | 262 | 951 |5425 |5425 |   0 |  0 |   0 |  37 | 4.300000e+01 | 9.920000e+01 | 130.70%| unknown
 2574s|429300 |322629 | 45254k| 105.4 |   679M | 262 | 951 |5425 |5425 |   0 |  0 |   0 |  37 | 4.300000e+01 | 9.920000e+01 | 130.70%| unknown
 2574s|429400 |322677 | 45256k| 105.4 |   679M | 262 | 951 |5425 |5425 |   0 |  0 |   0 |  37 | 4.300000e+01 | 9.920000e+01 | 130.70%| unknown
 2574s|429500 |322747 | 45257k| 105.4 |   679M | 262 | 951 |5425 |5425 |   0 |  0 |   0 |  37 | 4.300000e+01 | 9.920000e+01 | 130.70%| unknown
 2575s|429600 |322815 | 45258k| 105.3 |   679M | 262 | 951 |5425 |5425 |   0 |  0 |   0 |  37 | 4.300000e+01 | 9.920000e+01 | 130.70%| unknown
 2575s|429700 |322881 | 45259k| 105.3 |   679M | 262 | 951 |5425 |5425 |   0 |  0 |   0 |  37 | 4.300000e+01 | 9.920000e+01 | 130.70%| unknown
 2575s|429800 |322947 | 45261k| 105.3 |   679M | 262 | 951 |5425 |5425 |   0 |  0 |   0 |  37 | 4.300000e+01 | 9.920000e+01 | 130.70%| unknown
 2575s|429900 |323031 | 45262k| 105.3 |   680M | 262 | 951 |5425 |5425 |   0 |  0 |   0 |  37 | 4.300000e+01 | 9.920000e+01 | 130.70%| unknown
 2575s|430000 |323105 | 45266k| 105.3 |   680M | 262 | 951 |5425 |5425 |   0 |  0 |   0 |  37 | 4.300000e+01 | 9.920000e+01 | 130.70%| unknown
 2576s|430100 |323179 | 45285k| 105.3 |   680M | 262 | 951 |5425 |5425 |   0 |  0 |   0 |  37 | 4.300000e+01 | 9.920000e+01 | 130.70%| unknown
 2577s|430200 |323243 | 45307k| 105.3 |   680M | 262 | 951 |5425 |5425 |   0 |  0 |   0 |  37 | 4.300000e+01 | 9.920000e+01 | 130.70%| unknown
 2578s|430300 |323329 | 45320k| 105.3 |   680M | 262 | 951 |5425 |5425 |   0 |  0 |   0 |  37 | 4.300000e+01 | 9.920000e+01 | 130.70%| unknown
 time | node  | left  |LP iter|LP it/n|mem/heur|mdpt |vars |cons |rows |cuts |sepa|confs|strbr|  dualbound   | primalbound  |  gap   | compl. 
 2579s|430400 |323405 | 45342k| 105.3 |   680M | 262 | 951 |5425 |5425 |   0 |  0 |   0 |  37 | 4.300000e+01 | 9.920000e+01 | 130.70%| unknown
 2580s|430500 |323467 | 45364k| 105.4 |   680M | 262 | 951 |5425 |5425 |   0 |  0 |   0 |  37 | 4.300000e+01 | 9.920000e+01 | 130.70%| unknown
 2581s|430600 |323545 | 45379k| 105.4 |   680M | 262 | 951 |5425 |5425 |   0 |  0 |   0 |  37 | 4.300000e+01 | 9.920000e+01 | 130.70%| unknown
 2582s|430700 |323605 | 45402k| 105.4 |   681M | 262 | 951 |5425 |5425 |   0 |  0 |   0 |  37 | 4.300000e+01 | 9.920000e+01 | 130.70%| unknown
 2583s|430800 |323667 | 45417k| 105.4 |   681M | 262 | 951 |5425 |5425 |   0 |  0 |   0 |  37 | 4.300000e+01 | 9.920000e+01 | 130.70%| unknown
 2584s|430900 |323737 | 45433k| 105.4 |   681M | 262 | 951 |5425 |5425 |   0 |  0 |   0 |  37 | 4.300000e+01 | 9.920000e+01 | 130.70%| unknown
 2585s|431000 |323807 | 45461k| 105.5 |   682M | 262 | 951 |5425 |5425 |   0 |  0 |   0 |  37 | 4.300000e+01 | 9.920000e+01 | 130.70%| unknown
 2587s|431100 |323875 | 45492k| 105.5 |   682M | 262 | 951 |5425 |5425 |   0 |  0 |   0 |  37 | 4.300000e+01 | 9.920000e+01 | 130.70%| unknown
 2587s|431200 |323941 | 45499k| 105.5 |   682M | 262 | 951 |5425 |5425 |   0 |  0 |   0 |  37 | 4.300000e+01 | 9.920000e+01 | 130.70%| unknown
 2587s|431300 |324005 | 45501k| 105.5 |   682M | 262 | 951 |5425 |5425 |   0 |  0 |   0 |  37 | 4.300000e+01 | 9.920000e+01 | 130.70%| unknown
 2588s|431400 |324085 | 45502k| 105.5 |   682M | 262 | 951 |5425 |5425 |   0 |  0 |   0 |  37 | 4.300000e+01 | 9.920000e+01 | 130.70%| unknown
 2588s|431500 |324141 | 45503k| 105.5 |   682M | 262 | 951 |5425 |5425 |   0 |  0 |   0 |  37 | 4.300000e+01 | 9.920000e+01 | 130.70%| unknown
 2588s|431600 |324213 | 45504k| 105.4 |   682M | 262 | 951 |5425 |5425 |   0 |  0 |   0 |  37 | 4.300000e+01 | 9.920000e+01 | 130.70%| unknown
 2588s|431700 |324283 | 45506k| 105.4 |   682M | 262 | 951 |5425 |5425 |   0 |  0 |   0 |  37 | 4.300000e+01 | 9.920000e+01 | 130.70%| unknown
 2588s|431800 |324363 | 45507k| 105.4 |   683M | 262 | 951 |5425 |5425 |   0 |  0 |   0 |  37 | 4.300000e+01 | 9.920000e+01 | 130.70%| unknown
 time | node  | left  |LP iter|LP it/n|mem/heur|mdpt |vars |cons |rows |cuts |sepa|confs|strbr|  dualbound   | primalbound  |  gap   | compl. 
 2588s|431900 |324431 | 45508k| 105.4 |   683M | 262 | 951 |5425 |5425 |   0 |  0 |   0 |  37 | 4.300000e+01 | 9.920000e+01 | 130.70%| unknown
 2589s|432000 |324511 | 45509k| 105.3 |   683M | 262 | 951 |5425 |5425 |   0 |  0 |   0 |  37 | 4.300000e+01 | 9.920000e+01 | 130.70%| unknown
 2589s|432100 |324579 | 45510k| 105.3 |   683M | 262 | 951 |5425 |5425 |   0 |  0 |   0 |  37 | 4.300000e+01 | 9.920000e+01 | 130.70%| unknown
 2589s|432200 |324641 | 45512k| 105.3 |   684M | 262 | 951 |5425 |5425 |   0 |  0 |   0 |  37 | 4.300000e+01 | 9.920000e+01 | 130.70%| unknown
 2589s|432300 |324725 | 45512k| 105.3 |   684M | 262 | 951 |5425 |5425 |   0 |  0 |   0 |  37 | 4.300000e+01 | 9.920000e+01 | 130.70%| unknown
 2589s|432400 |324803 | 45513k| 105.3 |   684M | 262 | 951 |5425 |5425 |   0 |  0 |   0 |  37 | 4.300000e+01 | 9.920000e+01 | 130.70%| unknown
 2589s|432500 |324877 | 45514k| 105.2 |   684M | 262 | 951 |5425 |5425 |   0 |  0 |   0 |  37 | 4.300000e+01 | 9.920000e+01 | 130.70%| unknown
 2590s|432600 |324941 | 45515k| 105.2 |   684M | 262 | 951 |5425 |5425 |   0 |  0 |   0 |  37 | 4.300000e+01 | 9.920000e+01 | 130.70%| unknown
 2590s|432700 |325013 | 45516k| 105.2 |   684M | 262 | 951 |5425 |5425 |   0 |  0 |   0 |  37 | 4.300000e+01 | 9.920000e+01 | 130.70%| unknown
 2590s|432800 |325089 | 45517k| 105.2 |   684M | 262 | 951 |5425 |5425 |   0 |  0 |   0 |  37 | 4.300000e+01 | 9.920000e+01 | 130.70%| unknown
 2590s|432900 |325155 | 45518k| 105.1 |   684M | 262 | 951 |5425 |5425 |   0 |  0 |   0 |  37 | 4.300000e+01 | 9.920000e+01 | 130.70%| unknown
 2590s|433000 |325227 | 45519k| 105.1 |   684M | 262 | 951 |5425 |5425 |   0 |  0 |   0 |  37 | 4.300000e+01 | 9.920000e+01 | 130.70%| unknown
 2591s|433100 |325291 | 45520k| 105.1 |   684M | 262 | 951 |5425 |5425 |   0 |  0 |   0 |  37 | 4.300000e+01 | 9.920000e+01 | 130.70%| unknown
 2591s|433200 |325361 | 45521k| 105.1 |   684M | 262 | 951 |5425 |5425 |   0 |  0 |   0 |  37 | 4.300000e+01 | 9.920000e+01 | 130.70%| unknown
 2591s|433300 |325439 | 45523k| 105.1 |   685M | 262 | 951 |5425 |5425 |   0 |  0 |   0 |  37 | 4.300000e+01 | 9.920000e+01 | 130.70%| unknown
 time | node  | left  |LP iter|LP it/n|mem/heur|mdpt |vars |cons |rows |cuts |sepa|confs|strbr|  dualbound   | primalbound  |  gap   | compl. 
 2592s|433400 |325505 | 45554k| 105.1 |   685M | 262 | 951 |5425 |5425 |   0 |  0 |   0 |  37 | 4.300000e+01 | 9.920000e+01 | 130.70%| unknown
 2593s|433500 |325567 | 45572k| 105.1 |   685M | 262 | 951 |5425 |5425 |   0 |  0 |   0 |  37 | 4.300000e+01 | 9.920000e+01 | 130.70%| unknown
 2596s|433600 |325631 | 45623k| 105.2 |   685M | 262 | 951 |5425 |5425 |   0 |  0 |   0 |  37 | 4.300000e+01 | 9.920000e+01 | 130.70%| unknown
 2596s|433700 |325697 | 45636k| 105.2 |   685M | 262 | 951 |5425 |5425 |   0 |  0 |   0 |  37 | 4.300000e+01 | 9.920000e+01 | 130.70%| unknown
 2597s|433800 |325771 | 45652k| 105.2 |   686M | 262 | 951 |5425 |5425 |   0 |  0 |   0 |  37 | 4.300000e+01 | 9.920000e+01 | 130.70%| unknown
 2597s|433900 |325849 | 45653k| 105.2 |   686M | 262 | 951 |5425 |5425 |   0 |  0 |   0 |  37 | 4.300000e+01 | 9.920000e+01 | 130.70%| unknown
 2597s|434000 |325921 | 45655k| 105.2 |   686M | 262 | 951 |5425 |5425 |   0 |  0 |   0 |  37 | 4.300000e+01 | 9.920000e+01 | 130.70%| unknown
 2598s|434100 |325999 | 45655k| 105.2 |   686M | 262 | 951 |5425 |5425 |   0 |  0 |   0 |  37 | 4.300000e+01 | 9.920000e+01 | 130.70%| unknown
 2598s|434200 |326067 | 45657k| 105.2 |   686M | 262 | 951 |5425 |5425 |   0 |  0 |   0 |  37 | 4.300000e+01 | 9.920000e+01 | 130.70%| unknown
 2598s|434300 |326123 | 45658k| 105.1 |   686M | 262 | 951 |5425 |5425 |   0 |  0 |   0 |  37 | 4.300000e+01 | 9.920000e+01 | 130.70%| unknown
 2598s|434400 |326187 | 45659k| 105.1 |   687M | 262 | 951 |5425 |5425 |   0 |  0 |   0 |  37 | 4.300000e+01 | 9.920000e+01 | 130.70%| unknown
 2598s|434500 |326259 | 45660k| 105.1 |   687M | 262 | 951 |5425 |5425 |   0 |  0 |   0 |  37 | 4.300000e+01 | 9.920000e+01 | 130.70%| unknown
 2598s|434600 |326321 | 45661k| 105.1 |   687M | 262 | 951 |5425 |5425 |   0 |  0 |   0 |  37 | 4.300000e+01 | 9.920000e+01 | 130.70%| unknown
 2599s|434700 |326379 | 45662k| 105.0 |   687M | 262 | 951 |5425 |5425 |   0 |  0 |   0 |  37 | 4.300000e+01 | 9.920000e+01 | 130.70%| unknown
 2599s|434800 |326443 | 45664k| 105.0 |   687M | 262 | 951 |5425 |5425 |   0 |  0 |   0 |  37 | 4.300000e+01 | 9.920000e+01 | 130.70%| unknown
 time | node  | left  |LP iter|LP it/n|mem/heur|mdpt |vars |cons |rows |cuts |sepa|confs|strbr|  dualbound   | primalbound  |  gap   | compl. 
 2599s|434900 |326511 | 45665k| 105.0 |   687M | 262 | 951 |5425 |5425 |   0 |  0 |   0 |  37 | 4.300000e+01 | 9.920000e+01 | 130.70%| unknown
 2599s|435000 |326575 | 45666k| 105.0 |   687M | 262 | 951 |5425 |5425 |   0 |  0 |   0 |  37 | 4.300000e+01 | 9.920000e+01 | 130.70%| unknown
 2599s|435100 |326653 | 45667k| 105.0 |   687M | 262 | 951 |5425 |5425 |   0 |  0 |   0 |  37 | 4.300000e+01 | 9.920000e+01 | 130.70%| unknown
 2600s|435200 |326725 | 45668k| 104.9 |   687M | 262 | 951 |5425 |5425 |   0 |  0 |   0 |  37 | 4.300000e+01 | 9.920000e+01 | 130.70%| unknown
 2600s|435300 |326803 | 45670k| 104.9 |   687M | 262 | 951 |5425 |5425 |   0 |  0 |   0 |  37 | 4.300000e+01 | 9.920000e+01 | 130.70%| unknown
 2600s|435400 |326861 | 45671k| 104.9 |   687M | 262 | 951 |5425 |5425 |   0 |  0 |   0 |  37 | 4.300000e+01 | 9.920000e+01 | 130.70%| unknown
 2600s|435500 |326921 | 45672k| 104.9 |   687M | 262 | 951 |5425 |5425 |   0 |  0 |   0 |  37 | 4.300000e+01 | 9.920000e+01 | 130.70%| unknown
 2600s|435600 |326991 | 45675k| 104.9 |   688M | 262 | 951 |5425 |5425 |   0 |  0 |   0 |  37 | 4.300000e+01 | 9.920000e+01 | 130.70%| unknown
 2601s|435700 |327061 | 45695k| 104.9 |   688M | 262 | 951 |5425 |5425 |   0 |  0 |   0 |  37 | 4.300000e+01 | 9.920000e+01 | 130.70%| unknown
 2603s|435800 |327133 | 45718k| 104.9 |   688M | 262 | 951 |5425 |5425 |   0 |  0 |   0 |  37 | 4.300000e+01 | 9.920000e+01 | 130.70%| unknown
 2604s|435900 |327223 | 45735k| 104.9 |   688M | 262 | 951 |5425 |5425 |   0 |  0 |   0 |  37 | 4.300000e+01 | 9.920000e+01 | 130.70%| unknown
 2604s|436000 |327317 | 45752k| 104.9 |   688M | 262 | 951 |5425 |5425 |   0 |  0 |   0 |  37 | 4.300000e+01 | 9.920000e+01 | 130.70%| unknown
 2605s|436100 |327415 | 45773k| 105.0 |   689M | 262 | 951 |5425 |5425 |   0 |  0 |   0 |  37 | 4.300000e+01 | 9.920000e+01 | 130.70%| unknown
 2606s|436200 |327495 | 45788k| 105.0 |   689M | 262 | 951 |5425 |5425 |   0 |  0 |   0 |  37 | 4.300000e+01 | 9.920000e+01 | 130.70%| unknown
 2607s|436300 |327587 | 45800k| 105.0 |   689M | 262 | 951 |5425 |5425 |   0 |  0 |   0 |  37 | 4.300000e+01 | 9.920000e+01 | 130.70%| unknown
 time | node  | left  |LP iter|LP it/n|mem/heur|mdpt |vars |cons |rows |cuts |sepa|confs|strbr|  dualbound   | primalbound  |  gap   | compl. 
 2608s|436400 |327671 | 45822k| 105.0 |   689M | 262 | 951 |5425 |5425 |   0 |  0 |   0 |  37 | 4.300000e+01 | 9.920000e+01 | 130.70%| unknown
 2609s|436500 |327737 | 45836k| 105.0 |   689M | 262 | 951 |5425 |5425 |   0 |  0 |   0 |  37 | 4.300000e+01 | 9.920000e+01 | 130.70%| unknown
 2610s|436600 |327807 | 45857k| 105.0 |   690M | 262 | 951 |5425 |5425 |   0 |  0 |   0 |  37 | 4.300000e+01 | 9.920000e+01 | 130.70%| unknown
 2610s|436700 |327885 | 45865k| 105.0 |   690M | 262 | 951 |5425 |5425 |   0 |  0 |   0 |  37 | 4.300000e+01 | 9.920000e+01 | 130.70%| unknown
 2611s|436800 |327967 | 45873k| 105.0 |   690M | 262 | 951 |5425 |5425 |   0 |  0 |   0 |  37 | 4.300000e+01 | 9.920000e+01 | 130.70%| unknown
 2612s|436900 |328037 | 45892k| 105.0 |   690M | 262 | 951 |5425 |5425 |   0 |  0 |   0 |  37 | 4.300000e+01 | 9.920000e+01 | 130.70%| unknown
 2613s|437000 |328111 | 45904k| 105.0 |   690M | 262 | 951 |5425 |5425 |   0 |  0 |   0 |  37 | 4.300000e+01 | 9.920000e+01 | 130.70%| unknown
 2613s|437100 |328177 | 45905k| 105.0 |   690M | 262 | 951 |5425 |5425 |   0 |  0 |   0 |  37 | 4.300000e+01 | 9.920000e+01 | 130.70%| unknown
 2613s|437200 |328247 | 45906k| 105.0 |   690M | 262 | 951 |5425 |5425 |   0 |  0 |   0 |  37 | 4.300000e+01 | 9.920000e+01 | 130.70%| unknown
 2613s|437300 |328309 | 45908k| 105.0 |   690M | 262 | 951 |5425 |5425 |   0 |  0 |   0 |  37 | 4.300000e+01 | 9.920000e+01 | 130.70%| unknown
 2613s|437400 |328373 | 45912k| 105.0 |   690M | 262 | 951 |5425 |5425 |   0 |  0 |   0 |  37 | 4.300000e+01 | 9.920000e+01 | 130.70%| unknown
 2614s|437500 |328421 | 45914k| 104.9 |   690M | 262 | 951 |5425 |5425 |   0 |  0 |   0 |  37 | 4.300000e+01 | 9.920000e+01 | 130.70%| unknown
 2614s|437600 |328495 | 45915k| 104.9 |   690M | 262 | 951 |5425 |5425 |   0 |  0 |   0 |  37 | 4.300000e+01 | 9.920000e+01 | 130.70%| unknown
 2615s|437700 |328561 | 45930k| 104.9 |   691M | 262 | 951 |5425 |5425 |   0 |  0 |   0 |  37 | 4.300000e+01 | 9.920000e+01 | 130.70%| unknown
 2616s|437800 |328627 | 45950k| 105.0 |   691M | 262 | 951 |5425 |5425 |   0 |  0 |   0 |  37 | 4.300000e+01 | 9.920000e+01 | 130.70%| unknown
 time | node  | left  |LP iter|LP it/n|mem/heur|mdpt |vars |cons |rows |cuts |sepa|confs|strbr|  dualbound   | primalbound  |  gap   | compl. 
 2617s|437900 |328703 | 45972k| 105.0 |   691M | 262 | 951 |5425 |5425 |   0 |  0 |   0 |  37 | 4.300000e+01 | 9.920000e+01 | 130.70%| unknown
 2618s|438000 |328771 | 45997k| 105.0 |   691M | 262 | 951 |5425 |5425 |   0 |  0 |   0 |  37 | 4.300000e+01 | 9.920000e+01 | 130.70%| unknown
 2619s|438100 |328845 | 46012k| 105.0 |   692M | 262 | 951 |5425 |5425 |   0 |  0 |   0 |  37 | 4.300000e+01 | 9.920000e+01 | 130.70%| unknown
 2620s|438200 |328909 | 46040k| 105.1 |   692M | 262 | 951 |5425 |5425 |   0 |  0 |   0 |  37 | 4.300000e+01 | 9.920000e+01 | 130.70%| unknown
 2621s|438300 |328991 | 46050k| 105.1 |   692M | 262 | 951 |5425 |5425 |   0 |  0 |   0 |  37 | 4.300000e+01 | 9.920000e+01 | 130.70%| unknown
 2621s|438400 |329053 | 46064k| 105.1 |   692M | 262 | 951 |5425 |5425 |   0 |  0 |   0 |  37 | 4.300000e+01 | 9.920000e+01 | 130.70%| unknown
 2622s|438500 |329125 | 46065k| 105.1 |   692M | 262 | 951 |5425 |5425 |   0 |  0 |   0 |  37 | 4.300000e+01 | 9.920000e+01 | 130.70%| unknown
 2622s|438600 |329185 | 46067k| 105.0 |   692M | 262 | 951 |5425 |5425 |   0 |  0 |   0 |  37 | 4.300000e+01 | 9.920000e+01 | 130.70%| unknown
 2622s|438700 |329255 | 46068k| 105.0 |   692M | 262 | 951 |5425 |5425 |   0 |  0 |   0 |  37 | 4.300000e+01 | 9.920000e+01 | 130.70%| unknown
 2622s|438800 |329319 | 46069k| 105.0 |   692M | 262 | 951 |5425 |5425 |   0 |  0 |   0 |  37 | 4.300000e+01 | 9.920000e+01 | 130.70%| unknown
 2622s|438900 |329383 | 46070k| 105.0 |   693M | 262 | 951 |5425 |5425 |   0 |  0 |   0 |  37 | 4.300000e+01 | 9.920000e+01 | 130.70%| unknown
 2623s|439000 |329465 | 46071k| 104.9 |   693M | 262 | 951 |5425 |5425 |   0 |  0 |   0 |  37 | 4.300000e+01 | 9.920000e+01 | 130.70%| unknown
 2623s|439100 |329547 | 46072k| 104.9 |   694M | 262 | 951 |5425 |5425 |   0 |  0 |   0 |  37 | 4.300000e+01 | 9.920000e+01 | 130.70%| unknown
 2623s|439200 |329603 | 46074k| 104.9 |   694M | 262 | 951 |5425 |5425 |   0 |  0 |   0 |  37 | 4.300000e+01 | 9.920000e+01 | 130.70%| unknown
 2623s|439300 |329677 | 46077k| 104.9 |   694M | 262 | 951 |5425 |5425 |   0 |  0 |   0 |  37 | 4.300000e+01 | 9.920000e+01 | 130.70%| unknown
 time | node  | left  |LP iter|LP it/n|mem/heur|mdpt |vars |cons |rows |cuts |sepa|confs|strbr|  dualbound   | primalbound  |  gap   | compl. 
 2624s|439400 |329745 | 46103k| 104.9 |   694M | 262 | 951 |5425 |5425 |   0 |  0 |   0 |  37 | 4.300000e+01 | 9.920000e+01 | 130.70%| unknown
 2625s|439500 |329819 | 46122k| 104.9 |   694M | 262 | 951 |5425 |5425 |   0 |  0 |   0 |  37 | 4.300000e+01 | 9.920000e+01 | 130.70%| unknown
 2627s|439600 |329885 | 46160k| 105.0 |   694M | 262 | 951 |5425 |5425 |   0 |  0 |   0 |  37 | 4.300000e+01 | 9.920000e+01 | 130.70%| unknown
 2628s|439700 |329955 | 46181k| 105.0 |   694M | 262 | 951 |5425 |5425 |   0 |  0 |   0 |  37 | 4.300000e+01 | 9.920000e+01 | 130.70%| unknown
 2630s|439800 |330031 | 46218k| 105.1 |   694M | 262 | 951 |5425 |5425 |   0 |  0 |   0 |  37 | 4.300000e+01 | 9.920000e+01 | 130.70%| unknown
 2631s|439900 |330103 | 46242k| 105.1 |   694M | 262 | 951 |5425 |5425 |   0 |  0 |   0 |  37 | 4.300000e+01 | 9.920000e+01 | 130.70%| unknown
 2632s|440000 |330169 | 46261k| 105.1 |   695M | 262 | 951 |5425 |5425 |   0 |  0 |   0 |  37 | 4.300000e+01 | 9.920000e+01 | 130.70%| unknown
 2632s|440100 |330233 | 46274k| 105.1 |   695M | 262 | 951 |5425 |5425 |   0 |  0 |   0 |  37 | 4.300000e+01 | 9.920000e+01 | 130.70%| unknown
 2633s|440200 |330305 | 46275k| 105.1 |   695M | 262 | 951 |5425 |5425 |   0 |  0 |   0 |  37 | 4.300000e+01 | 9.920000e+01 | 130.70%| unknown
 2633s|440300 |330377 | 46285k| 105.1 |   695M | 262 | 951 |5425 |5425 |   0 |  0 |   0 |  37 | 4.300000e+01 | 9.920000e+01 | 130.70%| unknown
 2634s|440400 |330445 | 46307k| 105.1 |   695M | 262 | 951 |5425 |5425 |   0 |  0 |   0 |  37 | 4.300000e+01 | 9.920000e+01 | 130.70%| unknown
 2636s|440500 |330519 | 46331k| 105.2 |   695M | 262 | 951 |5425 |5425 |   0 |  0 |   0 |  37 | 4.300000e+01 | 9.920000e+01 | 130.70%| unknown
 2637s|440600 |330587 | 46358k| 105.2 |   695M | 262 | 951 |5425 |5425 |   0 |  0 |   0 |  37 | 4.300000e+01 | 9.920000e+01 | 130.70%| unknown
 2638s|440700 |330649 | 46371k| 105.2 |   695M | 262 | 951 |5425 |5425 |   0 |  0 |   0 |  37 | 4.300000e+01 | 9.920000e+01 | 130.70%| unknown
 2639s|440800 |330715 | 46392k| 105.2 |   695M | 262 | 951 |5425 |5425 |   0 |  0 |   0 |  37 | 4.300000e+01 | 9.920000e+01 | 130.70%| unknown
 time | node  | left  |LP iter|LP it/n|mem/heur|mdpt |vars |cons |rows |cuts |sepa|confs|strbr|  dualbound   | primalbound  |  gap   | compl. 
 2640s|440900 |330781 | 46415k| 105.3 |   695M | 262 | 951 |5425 |5425 |   0 |  0 |   0 |  37 | 4.300000e+01 | 9.920000e+01 | 130.70%| unknown
 2641s|441000 |330839 | 46434k| 105.3 |   695M | 262 | 951 |5425 |5425 |   0 |  0 |   0 |  37 | 4.300000e+01 | 9.920000e+01 | 130.70%| unknown
 2642s|441100 |330915 | 46448k| 105.3 |   695M | 262 | 951 |5425 |5425 |   0 |  0 |   0 |  37 | 4.300000e+01 | 9.920000e+01 | 130.70%| unknown
 2643s|441200 |330965 | 46476k| 105.3 |   696M | 262 | 951 |5425 |5425 |   0 |  0 |   0 |  37 | 4.300000e+01 | 9.920000e+01 | 130.70%| unknown
 2644s|441300 |331041 | 46492k| 105.4 |   696M | 262 | 951 |5425 |5425 |   0 |  0 |   0 |  37 | 4.300000e+01 | 9.920000e+01 | 130.70%| unknown
 2645s|441400 |331113 | 46526k| 105.4 |   697M | 262 | 951 |5425 |5425 |   0 |  0 |   0 |  37 | 4.300000e+01 | 9.920000e+01 | 130.70%| unknown
 2646s|441500 |331187 | 46538k| 105.4 |   697M | 262 | 951 |5425 |5425 |   0 |  0 |   0 |  37 | 4.300000e+01 | 9.920000e+01 | 130.70%| unknown
 2647s|441600 |331257 | 46568k| 105.5 |   697M | 262 | 951 |5425 |5425 |   0 |  0 |   0 |  37 | 4.300000e+01 | 9.920000e+01 | 130.70%| unknown
 2649s|441700 |331325 | 46598k| 105.5 |   697M | 262 | 951 |5425 |5425 |   0 |  0 |   0 |  37 | 4.300000e+01 | 9.920000e+01 | 130.70%| unknown
 2650s|441800 |331381 | 46616k| 105.5 |   697M | 262 | 951 |5425 |5425 |   0 |  0 |   0 |  37 | 4.300000e+01 | 9.920000e+01 | 130.70%| unknown
 2651s|441900 |331447 | 46633k| 105.5 |   697M | 262 | 951 |5425 |5425 |   0 |  0 |   0 |  37 | 4.300000e+01 | 9.920000e+01 | 130.70%| unknown
 2652s|442000 |331519 | 46650k| 105.5 |   697M | 262 | 951 |5425 |5425 |   0 |  0 |   0 |  37 | 4.300000e+01 | 9.920000e+01 | 130.70%| unknown
 2652s|442100 |331583 | 46660k| 105.5 |   697M | 262 | 951 |5425 |5425 |   0 |  0 |   0 |  37 | 4.300000e+01 | 9.920000e+01 | 130.70%| unknown
 2653s|442200 |331643 | 46679k| 105.6 |   697M | 262 | 951 |5425 |5425 |   0 |  0 |   0 |  37 | 4.300000e+01 | 9.920000e+01 | 130.70%| unknown
 2654s|442300 |331707 | 46703k| 105.6 |   697M | 262 | 951 |5425 |5425 |   0 |  0 |   0 |  37 | 4.300000e+01 | 9.920000e+01 | 130.70%| unknown
 time | node  | left  |LP iter|LP it/n|mem/heur|mdpt |vars |cons |rows |cuts |sepa|confs|strbr|  dualbound   | primalbound  |  gap   | compl. 
 2655s|442400 |331771 | 46722k| 105.6 |   698M | 262 | 951 |5425 |5425 |   0 |  0 |   0 |  37 | 4.300000e+01 | 9.920000e+01 | 130.70%| unknown
 2656s|442500 |331851 | 46732k| 105.6 |   698M | 262 | 951 |5425 |5425 |   0 |  0 |   0 |  37 | 4.300000e+01 | 9.920000e+01 | 130.70%| unknown
 2656s|442600 |331927 | 46733k| 105.6 |   698M | 262 | 951 |5425 |5425 |   0 |  0 |   0 |  37 | 4.300000e+01 | 9.920000e+01 | 130.70%| unknown
 2656s|442700 |331995 | 46734k| 105.6 |   698M | 262 | 951 |5425 |5425 |   0 |  0 |   0 |  37 | 4.300000e+01 | 9.920000e+01 | 130.70%| unknown
 2657s|442800 |332065 | 46736k| 105.5 |   698M | 262 | 951 |5425 |5425 |   0 |  0 |   0 |  37 | 4.300000e+01 | 9.920000e+01 | 130.70%| unknown
 2657s|442900 |332123 | 46737k| 105.5 |   698M | 262 | 951 |5425 |5425 |   0 |  0 |   0 |  37 | 4.300000e+01 | 9.920000e+01 | 130.70%| unknown
 2657s|443000 |332199 | 46738k| 105.5 |   698M | 262 | 951 |5425 |5425 |   0 |  0 |   0 |  37 | 4.300000e+01 | 9.920000e+01 | 130.70%| unknown
 2657s|443100 |332259 | 46739k| 105.5 |   698M | 262 | 951 |5425 |5425 |   0 |  0 |   0 |  37 | 4.300000e+01 | 9.920000e+01 | 130.70%| unknown
 2657s|443200 |332325 | 46740k| 105.5 |   698M | 262 | 951 |5425 |5425 |   0 |  0 |   0 |  37 | 4.300000e+01 | 9.920000e+01 | 130.70%| unknown
 2657s|443300 |332377 | 46742k| 105.4 |   698M | 262 | 951 |5425 |5425 |   0 |  0 |   0 |  37 | 4.300000e+01 | 9.920000e+01 | 130.70%| unknown
 2658s|443400 |332459 | 46743k| 105.4 |   698M | 262 | 951 |5425 |5425 |   0 |  0 |   0 |  37 | 4.300000e+01 | 9.920000e+01 | 130.70%| unknown
 2658s|443500 |332543 | 46744k| 105.4 |   699M | 262 | 951 |5425 |5425 |   0 |  0 |   0 |  37 | 4.300000e+01 | 9.920000e+01 | 130.70%| unknown
 2658s|443600 |332615 | 46745k| 105.4 |   699M | 262 | 951 |5425 |5425 |   0 |  0 |   0 |  37 | 4.300000e+01 | 9.920000e+01 | 130.70%| unknown
 2658s|443700 |332673 | 46751k| 105.4 |   699M | 262 | 951 |5425 |5425 |   0 |  0 |   0 |  37 | 4.300000e+01 | 9.920000e+01 | 130.70%| unknown
 2659s|443800 |332763 | 46768k| 105.4 |   699M | 262 | 951 |5425 |5425 |   0 |  0 |   0 |  37 | 4.300000e+01 | 9.920000e+01 | 130.70%| unknown
 time | node  | left  |LP iter|LP it/n|mem/heur|mdpt |vars |cons |rows |cuts |sepa|confs|strbr|  dualbound   | primalbound  |  gap   | compl. 
 2660s|443900 |332851 | 46782k| 105.4 |   699M | 262 | 951 |5425 |5425 |   0 |  0 |   0 |  37 | 4.300000e+01 | 9.920000e+01 | 130.70%| unknown
 2661s|444000 |332943 | 46795k| 105.4 |   699M | 262 | 951 |5425 |5425 |   0 |  0 |   0 |  37 | 4.300000e+01 | 9.920000e+01 | 130.70%| unknown
 2661s|444100 |333023 | 46811k| 105.4 |   699M | 262 | 951 |5425 |5425 |   0 |  0 |   0 |  37 | 4.300000e+01 | 9.920000e+01 | 130.70%| unknown
 2663s|444200 |333085 | 46841k| 105.4 |   699M | 262 | 951 |5425 |5425 |   0 |  0 |   0 |  37 | 4.300000e+01 | 9.920000e+01 | 130.70%| unknown
 2664s|444300 |333161 | 46860k| 105.5 |   699M | 262 | 951 |5425 |5425 |   0 |  0 |   0 |  37 | 4.300000e+01 | 9.920000e+01 | 130.70%| unknown
 2665s|444400 |333233 | 46873k| 105.5 |   700M | 262 | 951 |5425 |5425 |   0 |  0 |   0 |  37 | 4.300000e+01 | 9.920000e+01 | 130.70%| unknown
 2666s|444500 |333293 | 46897k| 105.5 |   700M | 262 | 951 |5425 |5425 |   0 |  0 |   0 |  37 | 4.300000e+01 | 9.920000e+01 | 130.70%| unknown
 2666s|444600 |333371 | 46910k| 105.5 |   702M | 262 | 951 |5425 |5425 |   0 |  0 |   0 |  37 | 4.300000e+01 | 9.920000e+01 | 130.70%| unknown
 2667s|444700 |333443 | 46911k| 105.5 |   702M | 262 | 951 |5425 |5425 |   0 |  0 |   0 |  37 | 4.300000e+01 | 9.920000e+01 | 130.70%| unknown
 2667s|444800 |333519 | 46913k| 105.5 |   702M | 262 | 951 |5425 |5425 |   0 |  0 |   0 |  37 | 4.300000e+01 | 9.920000e+01 | 130.70%| unknown
 2667s|444900 |333593 | 46914k| 105.4 |   702M | 262 | 951 |5425 |5425 |   0 |  0 |   0 |  37 | 4.300000e+01 | 9.920000e+01 | 130.70%| unknown
 2667s|445000 |333673 | 46915k| 105.4 |   702M | 262 | 951 |5425 |5425 |   0 |  0 |   0 |  37 | 4.300000e+01 | 9.920000e+01 | 130.70%| unknown
 2667s|445100 |333755 | 46916k| 105.4 |   702M | 262 | 951 |5425 |5425 |   0 |  0 |   0 |  37 | 4.300000e+01 | 9.920000e+01 | 130.70%| unknown
 2668s|445200 |333843 | 46918k| 105.4 |   702M | 262 | 951 |5425 |5425 |   0 |  0 |   0 |  37 | 4.300000e+01 | 9.920000e+01 | 130.70%| unknown
 2668s|445300 |333921 | 46919k| 105.4 |   702M | 262 | 951 |5425 |5425 |   0 |  0 |   0 |  37 | 4.300000e+01 | 9.920000e+01 | 130.70%| unknown
 time | node  | left  |LP iter|LP it/n|mem/heur|mdpt |vars |cons |rows |cuts |sepa|confs|strbr|  dualbound   | primalbound  |  gap   | compl. 
 2668s|445400 |333981 | 46920k| 105.3 |   702M | 262 | 951 |5425 |5425 |   0 |  0 |   0 |  37 | 4.300000e+01 | 9.920000e+01 | 130.70%| unknown
 2668s|445500 |334059 | 46924k| 105.3 |   702M | 262 | 951 |5425 |5425 |   0 |  0 |   0 |  37 | 4.300000e+01 | 9.920000e+01 | 130.70%| unknown
 2669s|445600 |334129 | 46930k| 105.3 |   703M | 262 | 951 |5425 |5425 |   0 |  0 |   0 |  37 | 4.300000e+01 | 9.920000e+01 | 130.70%| unknown
 2669s|445700 |334207 | 46932k| 105.3 |   703M | 262 | 951 |5425 |5425 |   0 |  0 |   0 |  37 | 4.300000e+01 | 9.920000e+01 | 130.70%| unknown
 2669s|445800 |334295 | 46933k| 105.3 |   703M | 262 | 951 |5425 |5425 |   0 |  0 |   0 |  37 | 4.300000e+01 | 9.920000e+01 | 130.70%| unknown
 2669s|445900 |334379 | 46935k| 105.3 |   703M | 262 | 951 |5425 |5425 |   0 |  0 |   0 |  37 | 4.300000e+01 | 9.920000e+01 | 130.70%| unknown
 2669s|446000 |334457 | 46936k| 105.2 |   703M | 262 | 951 |5425 |5425 |   0 |  0 |   0 |  37 | 4.300000e+01 | 9.920000e+01 | 130.70%| unknown
 2669s|446100 |334537 | 46937k| 105.2 |   703M | 262 | 951 |5425 |5425 |   0 |  0 |   0 |  37 | 4.300000e+01 | 9.920000e+01 | 130.70%| unknown
 2670s|446200 |334623 | 46939k| 105.2 |   703M | 262 | 951 |5425 |5425 |   0 |  0 |   0 |  37 | 4.300000e+01 | 9.920000e+01 | 130.70%| unknown
 2670s|446300 |334697 | 46940k| 105.2 |   703M | 262 | 951 |5425 |5425 |   0 |  0 |   0 |  37 | 4.300000e+01 | 9.920000e+01 | 130.70%| unknown
 2670s|446400 |334749 | 46941k| 105.2 |   703M | 262 | 951 |5425 |5425 |   0 |  0 |   0 |  37 | 4.300000e+01 | 9.920000e+01 | 130.70%| unknown
 2670s|446500 |334815 | 46943k| 105.1 |   703M | 262 | 951 |5425 |5425 |   0 |  0 |   0 |  37 | 4.300000e+01 | 9.920000e+01 | 130.70%| unknown
 2670s|446600 |334883 | 46944k| 105.1 |   704M | 262 | 951 |5425 |5425 |   0 |  0 |   0 |  37 | 4.300000e+01 | 9.920000e+01 | 130.70%| unknown
 2671s|446700 |334959 | 46945k| 105.1 |   705M | 262 | 951 |5425 |5425 |   0 |  0 |   0 |  37 | 4.300000e+01 | 9.920000e+01 | 130.70%| unknown
 2671s|446800 |335035 | 46946k| 105.1 |   705M | 262 | 951 |5425 |5425 |   0 |  0 |   0 |  37 | 4.300000e+01 | 9.920000e+01 | 130.70%| unknown
 time | node  | left  |LP iter|LP it/n|mem/heur|mdpt |vars |cons |rows |cuts |sepa|confs|strbr|  dualbound   | primalbound  |  gap   | compl. 
 2671s|446900 |335123 | 46947k| 105.0 |   705M | 262 | 951 |5425 |5425 |   0 |  0 |   0 |  37 | 4.300000e+01 | 9.920000e+01 | 130.70%| unknown
 2671s|447000 |335209 | 46947k| 105.0 |   705M | 262 | 951 |5425 |5425 |   0 |  0 |   0 |  37 | 4.300000e+01 | 9.920000e+01 | 130.70%| unknown
 2671s|447100 |335281 | 46948k| 105.0 |   705M | 262 | 951 |5425 |5425 |   0 |  0 |   0 |  37 | 4.300000e+01 | 9.920000e+01 | 130.70%| unknown
 2671s|447200 |335353 | 46950k| 105.0 |   705M | 262 | 951 |5425 |5425 |   0 |  0 |   0 |  37 | 4.300000e+01 | 9.920000e+01 | 130.70%| unknown
 2672s|447300 |335423 | 46951k| 105.0 |   705M | 262 | 951 |5425 |5425 |   0 |  0 |   0 |  37 | 4.300000e+01 | 9.920000e+01 | 130.70%| unknown
 2672s|447400 |335491 | 46952k| 104.9 |   705M | 262 | 951 |5425 |5425 |   0 |  0 |   0 |  37 | 4.300000e+01 | 9.920000e+01 | 130.70%| unknown
 2672s|447500 |335553 | 46953k| 104.9 |   705M | 262 | 951 |5425 |5425 |   0 |  0 |   0 |  37 | 4.300000e+01 | 9.920000e+01 | 130.70%| unknown
 2672s|447600 |335611 | 46955k| 104.9 |   705M | 262 | 951 |5425 |5425 |   0 |  0 |   0 |  37 | 4.300000e+01 | 9.920000e+01 | 130.70%| unknown
 2672s|447700 |335683 | 46956k| 104.9 |   705M | 262 | 951 |5425 |5425 |   0 |  0 |   0 |  37 | 4.300000e+01 | 9.920000e+01 | 130.70%| unknown
 2673s|447800 |335757 | 46957k| 104.9 |   706M | 262 | 951 |5425 |5425 |   0 |  0 |   0 |  37 | 4.300000e+01 | 9.920000e+01 | 130.70%| unknown
 2673s|447900 |335839 | 46958k| 104.8 |   706M | 262 | 951 |5425 |5425 |   0 |  0 |   0 |  37 | 4.300000e+01 | 9.920000e+01 | 130.70%| unknown
 2673s|448000 |335931 | 46959k| 104.8 |   706M | 262 | 951 |5425 |5425 |   0 |  0 |   0 |  37 | 4.300000e+01 | 9.920000e+01 | 130.70%| unknown
 2673s|448100 |335991 | 46960k| 104.8 |   706M | 262 | 951 |5425 |5425 |   0 |  0 |   0 |  37 | 4.300000e+01 | 9.920000e+01 | 130.70%| unknown
 2673s|448200 |336065 | 46962k| 104.8 |   706M | 262 | 951 |5425 |5425 |   0 |  0 |   0 |  37 | 4.300000e+01 | 9.920000e+01 | 130.70%| unknown
 2673s|448300 |336119 | 46963k| 104.8 |   706M | 262 | 951 |5425 |5425 |   0 |  0 |   0 |  37 | 4.300000e+01 | 9.920000e+01 | 130.70%| unknown
 time | node  | left  |LP iter|LP it/n|mem/heur|mdpt |vars |cons |rows |cuts |sepa|confs|strbr|  dualbound   | primalbound  |  gap   | compl. 
 2674s|448400 |336203 | 46964k| 104.7 |   706M | 262 | 951 |5425 |5425 |   0 |  0 |   0 |  37 | 4.300000e+01 | 9.920000e+01 | 130.70%| unknown
 2674s|448500 |336281 | 46965k| 104.7 |   706M | 262 | 951 |5425 |5425 |   0 |  0 |   0 |  37 | 4.300000e+01 | 9.920000e+01 | 130.70%| unknown
 2674s|448600 |336365 | 46966k| 104.7 |   706M | 262 | 951 |5425 |5425 |   0 |  0 |   0 |  37 | 4.300000e+01 | 9.920000e+01 | 130.70%| unknown
 2674s|448700 |336441 | 46967k| 104.7 |   706M | 262 | 951 |5425 |5425 |   0 |  0 |   0 |  37 | 4.300000e+01 | 9.920000e+01 | 130.70%| unknown
 2674s|448800 |336519 | 46968k| 104.7 |   707M | 262 | 951 |5425 |5425 |   0 |  0 |   0 |  37 | 4.300000e+01 | 9.920000e+01 | 130.70%| unknown
 2675s|448900 |336589 | 46977k| 104.6 |   707M | 262 | 951 |5425 |5425 |   0 |  0 |   0 |  37 | 4.300000e+01 | 9.920000e+01 | 130.70%| unknown
 2676s|449000 |336657 | 46994k| 104.7 |   707M | 262 | 951 |5425 |5425 |   0 |  0 |   0 |  37 | 4.300000e+01 | 9.920000e+01 | 130.70%| unknown
 2676s|449100 |336727 | 47007k| 104.7 |   707M | 262 | 951 |5425 |5425 |   0 |  0 |   0 |  37 | 4.300000e+01 | 9.920000e+01 | 130.70%| unknown
 2677s|449200 |336801 | 47019k| 104.7 |   707M | 262 | 951 |5425 |5425 |   0 |  0 |   0 |  37 | 4.300000e+01 | 9.920000e+01 | 130.70%| unknown
 2678s|449300 |336875 | 47039k| 104.7 |   707M | 262 | 951 |5425 |5425 |   0 |  0 |   0 |  37 | 4.300000e+01 | 9.920000e+01 | 130.70%| unknown
 2680s|449400 |336957 | 47085k| 104.8 |   707M | 262 | 951 |5425 |5425 |   0 |  0 |   0 |  37 | 4.300000e+01 | 9.920000e+01 | 130.70%| unknown
 2682s|449500 |337041 | 47121k| 104.8 |   708M | 262 | 951 |5425 |5425 |   0 |  0 |   0 |  37 | 4.300000e+01 | 9.920000e+01 | 130.70%| unknown
 2683s|449600 |337113 | 47135k| 104.8 |   708M | 262 | 951 |5425 |5425 |   0 |  0 |   0 |  37 | 4.300000e+01 | 9.920000e+01 | 130.70%| unknown
 2684s|449700 |337177 | 47153k| 104.9 |   708M | 262 | 951 |5425 |5425 |   0 |  0 |   0 |  37 | 4.300000e+01 | 9.920000e+01 | 130.70%| unknown
 2685s|449800 |337253 | 47165k| 104.9 |   708M | 262 | 951 |5425 |5425 |   0 |  0 |   0 |  37 | 4.300000e+01 | 9.920000e+01 | 130.70%| unknown
 time | node  | left  |LP iter|LP it/n|mem/heur|mdpt |vars |cons |rows |cuts |sepa|confs|strbr|  dualbound   | primalbound  |  gap   | compl. 
 2686s|449900 |337323 | 47186k| 104.9 |   709M | 262 | 951 |5425 |5425 |   0 |  0 |   0 |  37 | 4.300000e+01 | 9.920000e+01 | 130.70%| unknown
 2686s|450000 |337401 | 47188k| 104.9 |   709M | 262 | 951 |5425 |5425 |   0 |  0 |   0 |  37 | 4.300000e+01 | 9.920000e+01 | 130.70%| unknown
 2686s|450100 |337481 | 47188k| 104.8 |   709M | 262 | 951 |5425 |5425 |   0 |  0 |   0 |  37 | 4.300000e+01 | 9.920000e+01 | 130.70%| unknown
 2686s|450200 |337563 | 47190k| 104.8 |   709M | 262 | 951 |5425 |5425 |   0 |  0 |   0 |  37 | 4.300000e+01 | 9.920000e+01 | 130.70%| unknown
 2686s|450300 |337643 | 47191k| 104.8 |   709M | 262 | 951 |5425 |5425 |   0 |  0 |   0 |  37 | 4.300000e+01 | 9.920000e+01 | 130.70%| unknown
 2687s|450400 |337721 | 47192k| 104.8 |   709M | 262 | 951 |5425 |5425 |   0 |  0 |   0 |  37 | 4.300000e+01 | 9.920000e+01 | 130.70%| unknown
 2687s|450500 |337783 | 47193k| 104.8 |   709M | 262 | 951 |5425 |5425 |   0 |  0 |   0 |  37 | 4.300000e+01 | 9.920000e+01 | 130.70%| unknown
 2687s|450600 |337849 | 47195k| 104.7 |   710M | 262 | 951 |5425 |5425 |   0 |  0 |   0 |  37 | 4.300000e+01 | 9.920000e+01 | 130.70%| unknown
 2687s|450700 |337915 | 47197k| 104.7 |   710M | 262 | 951 |5425 |5425 |   0 |  0 |   0 |  37 | 4.300000e+01 | 9.920000e+01 | 130.70%| unknown
 2687s|450800 |337979 | 47198k| 104.7 |   710M | 262 | 951 |5425 |5425 |   0 |  0 |   0 |  37 | 4.300000e+01 | 9.920000e+01 | 130.70%| unknown
 2687s|450900 |338063 | 47199k| 104.7 |   710M | 262 | 951 |5425 |5425 |   0 |  0 |   0 |  37 | 4.300000e+01 | 9.920000e+01 | 130.70%| unknown
 2688s|451000 |338143 | 47203k| 104.7 |   711M | 262 | 951 |5425 |5425 |   0 |  0 |   0 |  37 | 4.300000e+01 | 9.920000e+01 | 130.70%| unknown
 2690s|451100 |338233 | 47243k| 104.7 |   711M | 262 | 951 |5425 |5425 |   0 |  0 |   0 |  37 | 4.300000e+01 | 9.920000e+01 | 130.70%| unknown
 2692s|451200 |338319 | 47282k| 104.8 |   711M | 262 | 951 |5425 |5425 |   0 |  0 |   0 |  37 | 4.300000e+01 | 9.920000e+01 | 130.70%| unknown
 2693s|451300 |338407 | 47302k| 104.8 |   711M | 262 | 951 |5425 |5425 |   0 |  0 |   0 |  37 | 4.300000e+01 | 9.920000e+01 | 130.70%| unknown
 time | node  | left  |LP iter|LP it/n|mem/heur|mdpt |vars |cons |rows |cuts |sepa|confs|strbr|  dualbound   | primalbound  |  gap   | compl. 
 2694s|451400 |338501 | 47333k| 104.9 |   711M | 262 | 951 |5425 |5425 |   0 |  0 |   0 |  37 | 4.300000e+01 | 9.920000e+01 | 130.70%| unknown
 2695s|451500 |338581 | 47355k| 104.9 |   711M | 262 | 951 |5425 |5425 |   0 |  0 |   0 |  37 | 4.300000e+01 | 9.920000e+01 | 130.70%| unknown
 2696s|451600 |338651 | 47375k| 104.9 |   711M | 262 | 951 |5425 |5425 |   0 |  0 |   0 |  37 | 4.300000e+01 | 9.920000e+01 | 130.70%| unknown
 2697s|451700 |338719 | 47389k| 104.9 |   712M | 262 | 951 |5425 |5425 |   0 |  0 |   0 |  37 | 4.300000e+01 | 9.920000e+01 | 130.70%| unknown
 2698s|451800 |338799 | 47407k| 104.9 |   712M | 262 | 951 |5425 |5425 |   0 |  0 |   0 |  37 | 4.300000e+01 | 9.920000e+01 | 130.70%| unknown
 2699s|451900 |338863 | 47429k| 105.0 |   712M | 262 | 951 |5425 |5425 |   0 |  0 |   0 |  37 | 4.300000e+01 | 9.920000e+01 | 130.70%| unknown
 2700s|452000 |338943 | 47452k| 105.0 |   713M | 262 | 951 |5425 |5425 |   0 |  0 |   0 |  37 | 4.300000e+01 | 9.920000e+01 | 130.70%| unknown
 2701s|452100 |339011 | 47467k| 105.0 |   713M | 262 | 951 |5425 |5425 |   0 |  0 |   0 |  37 | 4.300000e+01 | 9.920000e+01 | 130.70%| unknown
 2702s|452200 |339061 | 47489k| 105.0 |   713M | 262 | 951 |5425 |5425 |   0 |  0 |   0 |  37 | 4.300000e+01 | 9.920000e+01 | 130.70%| unknown
 2703s|452300 |339127 | 47503k| 105.0 |   713M | 262 | 951 |5425 |5425 |   0 |  0 |   0 |  37 | 4.300000e+01 | 9.920000e+01 | 130.70%| unknown
 2704s|452400 |339209 | 47527k| 105.1 |   713M | 262 | 951 |5425 |5425 |   0 |  0 |   0 |  37 | 4.300000e+01 | 9.920000e+01 | 130.70%| unknown
 2705s|452500 |339301 | 47556k| 105.1 |   713M | 262 | 951 |5425 |5425 |   0 |  0 |   0 |  37 | 4.300000e+01 | 9.920000e+01 | 130.70%| unknown
 2706s|452600 |339373 | 47558k| 105.1 |   713M | 262 | 951 |5425 |5425 |   0 |  0 |   0 |  37 | 4.300000e+01 | 9.920000e+01 | 130.70%| unknown
 2706s|452700 |339447 | 47559k| 105.1 |   713M | 262 | 951 |5425 |5425 |   0 |  0 |   0 |  37 | 4.300000e+01 | 9.920000e+01 | 130.70%| unknown
 2706s|452800 |339517 | 47561k| 105.0 |   713M | 262 | 951 |5425 |5425 |   0 |  0 |   0 |  37 | 4.300000e+01 | 9.920000e+01 | 130.70%| unknown
 time | node  | left  |LP iter|LP it/n|mem/heur|mdpt |vars |cons |rows |cuts |sepa|confs|strbr|  dualbound   | primalbound  |  gap   | compl. 
 2706s|452900 |339593 | 47562k| 105.0 |   713M | 262 | 951 |5425 |5425 |   0 |  0 |   0 |  37 | 4.300000e+01 | 9.920000e+01 | 130.70%| unknown
 2706s|453000 |339661 | 47563k| 105.0 |   713M | 262 | 951 |5425 |5425 |   0 |  0 |   0 |  37 | 4.300000e+01 | 9.920000e+01 | 130.70%| unknown
 2707s|453100 |339725 | 47564k| 105.0 |   714M | 262 | 951 |5425 |5425 |   0 |  0 |   0 |  37 | 4.300000e+01 | 9.920000e+01 | 130.70%| unknown
 2707s|453200 |339803 | 47565k| 105.0 |   714M | 262 | 951 |5425 |5425 |   0 |  0 |   0 |  37 | 4.300000e+01 | 9.920000e+01 | 130.70%| unknown
 2707s|453300 |339875 | 47576k| 105.0 |   714M | 262 | 951 |5425 |5425 |   0 |  0 |   0 |  37 | 4.300000e+01 | 9.920000e+01 | 130.70%| unknown
 2708s|453400 |339957 | 47598k| 105.0 |   714M | 262 | 951 |5425 |5425 |   0 |  0 |   0 |  37 | 4.300000e+01 | 9.920000e+01 | 130.70%| unknown
 2709s|453500 |340041 | 47614k| 105.0 |   714M | 262 | 951 |5425 |5425 |   0 |  0 |   0 |  37 | 4.300000e+01 | 9.920000e+01 | 130.70%| unknown
 2710s|453600 |340105 | 47615k| 105.0 |   714M | 262 | 951 |5425 |5425 |   0 |  0 |   0 |  37 | 4.300000e+01 | 9.920000e+01 | 130.70%| unknown
 2710s|453700 |340187 | 47616k| 104.9 |   714M | 262 | 951 |5425 |5425 |   0 |  0 |   0 |  37 | 4.300000e+01 | 9.920000e+01 | 130.70%| unknown
 2710s|453800 |340243 | 47618k| 104.9 |   714M | 262 | 951 |5425 |5425 |   0 |  0 |   0 |  37 | 4.300000e+01 | 9.920000e+01 | 130.70%| unknown
 2710s|453900 |340311 | 47619k| 104.9 |   714M | 262 | 951 |5425 |5425 |   0 |  0 |   0 |  37 | 4.300000e+01 | 9.920000e+01 | 130.70%| unknown
 2710s|454000 |340385 | 47620k| 104.9 |   714M | 262 | 951 |5425 |5425 |   0 |  0 |   0 |  37 | 4.300000e+01 | 9.920000e+01 | 130.70%| unknown
 2710s|454100 |340461 | 47621k| 104.9 |   714M | 262 | 951 |5425 |5425 |   0 |  0 |   0 |  37 | 4.300000e+01 | 9.920000e+01 | 130.70%| unknown
 2711s|454200 |340543 | 47622k| 104.8 |   715M | 262 | 951 |5425 |5425 |   0 |  0 |   0 |  37 | 4.300000e+01 | 9.920000e+01 | 130.70%| unknown
 2711s|454300 |340607 | 47624k| 104.8 |   715M | 262 | 951 |5425 |5425 |   0 |  0 |   0 |  37 | 4.300000e+01 | 9.920000e+01 | 130.70%| unknown
 time | node  | left  |LP iter|LP it/n|mem/heur|mdpt |vars |cons |rows |cuts |sepa|confs|strbr|  dualbound   | primalbound  |  gap   | compl. 
 2711s|454400 |340673 | 47625k| 104.8 |   715M | 262 | 951 |5425 |5425 |   0 |  0 |   0 |  37 | 4.300000e+01 | 9.920000e+01 | 130.70%| unknown
 2711s|454500 |340749 | 47627k| 104.8 |   715M | 262 | 951 |5425 |5425 |   0 |  0 |   0 |  37 | 4.300000e+01 | 9.920000e+01 | 130.70%| unknown
 2711s|454600 |340817 | 47628k| 104.8 |   715M | 262 | 951 |5425 |5425 |   0 |  0 |   0 |  37 | 4.300000e+01 | 9.920000e+01 | 130.70%| unknown
 2712s|454700 |340871 | 47629k| 104.7 |   716M | 262 | 951 |5425 |5425 |   0 |  0 |   0 |  37 | 4.300000e+01 | 9.920000e+01 | 130.70%| unknown
 2712s|454800 |340937 | 47631k| 104.7 |   716M | 262 | 951 |5425 |5425 |   0 |  0 |   0 |  37 | 4.300000e+01 | 9.920000e+01 | 130.70%| unknown
 2712s|454900 |341005 | 47632k| 104.7 |   716M | 262 | 951 |5425 |5425 |   0 |  0 |   0 |  37 | 4.300000e+01 | 9.920000e+01 | 130.70%| unknown
 2712s|455000 |341073 | 47635k| 104.7 |   716M | 262 | 951 |5425 |5425 |   0 |  0 |   0 |  37 | 4.300000e+01 | 9.920000e+01 | 130.70%| unknown
 2713s|455100 |341143 | 47649k| 104.7 |   716M | 262 | 951 |5425 |5425 |   0 |  0 |   0 |  37 | 4.300000e+01 | 9.920000e+01 | 130.70%| unknown
 2714s|455200 |341209 | 47666k| 104.7 |   716M | 262 | 951 |5425 |5425 |   0 |  0 |   0 |  37 | 4.300000e+01 | 9.920000e+01 | 130.70%| unknown
 2715s|455300 |341285 | 47686k| 104.7 |   717M | 262 | 951 |5425 |5425 |   0 |  0 |   0 |  37 | 4.300000e+01 | 9.920000e+01 | 130.70%| unknown
 2716s|455400 |341359 | 47712k| 104.8 |   717M | 262 | 951 |5425 |5425 |   0 |  0 |   0 |  37 | 4.300000e+01 | 9.920000e+01 | 130.70%| unknown
 2717s|455500 |341435 | 47738k| 104.8 |   717M | 262 | 951 |5425 |5425 |   0 |  0 |   0 |  37 | 4.300000e+01 | 9.920000e+01 | 130.70%| unknown
 2719s|455600 |341495 | 47775k| 104.9 |   717M | 262 | 951 |5425 |5425 |   0 |  0 |   0 |  37 | 4.300000e+01 | 9.920000e+01 | 130.70%| unknown
 2720s|455700 |341573 | 47793k| 104.9 |   717M | 262 | 951 |5425 |5425 |   0 |  0 |   0 |  37 | 4.300000e+01 | 9.920000e+01 | 130.70%| unknown
 2721s|455800 |341655 | 47807k| 104.9 |   717M | 262 | 951 |5425 |5425 |   0 |  0 |   0 |  37 | 4.300000e+01 | 9.920000e+01 | 130.70%| unknown
 time | node  | left  |LP iter|LP it/n|mem/heur|mdpt |vars |cons |rows |cuts |sepa|confs|strbr|  dualbound   | primalbound  |  gap   | compl. 
 2721s|455900 |341733 | 47812k| 104.9 |   717M | 262 | 951 |5425 |5425 |   0 |  0 |   0 |  37 | 4.300000e+01 | 9.920000e+01 | 130.70%| unknown
 2721s|456000 |341817 | 47813k| 104.9 |   717M | 262 | 951 |5425 |5425 |   0 |  0 |   0 |  37 | 4.300000e+01 | 9.920000e+01 | 130.70%| unknown
 2722s|456100 |341885 | 47814k| 104.8 |   717M | 262 | 951 |5425 |5425 |   0 |  0 |   0 |  37 | 4.300000e+01 | 9.920000e+01 | 130.70%| unknown
 2722s|456200 |341963 | 47815k| 104.8 |   717M | 262 | 951 |5425 |5425 |   0 |  0 |   0 |  37 | 4.300000e+01 | 9.920000e+01 | 130.70%| unknown
 2722s|456300 |342043 | 47816k| 104.8 |   717M | 262 | 951 |5425 |5425 |   0 |  0 |   0 |  37 | 4.300000e+01 | 9.920000e+01 | 130.70%| unknown
 2722s|456400 |342107 | 47817k| 104.8 |   718M | 262 | 951 |5425 |5425 |   0 |  0 |   0 |  37 | 4.300000e+01 | 9.920000e+01 | 130.70%| unknown
 2722s|456500 |342191 | 47818k| 104.7 |   718M | 262 | 951 |5425 |5425 |   0 |  0 |   0 |  37 | 4.300000e+01 | 9.920000e+01 | 130.70%| unknown
 2722s|456600 |342277 | 47819k| 104.7 |   718M | 262 | 951 |5425 |5425 |   0 |  0 |   0 |  37 | 4.300000e+01 | 9.920000e+01 | 130.70%| unknown
 2723s|456700 |342335 | 47820k| 104.7 |   718M | 262 | 951 |5425 |5425 |   0 |  0 |   0 |  37 | 4.300000e+01 | 9.920000e+01 | 130.70%| unknown
 2723s|456800 |342393 | 47821k| 104.7 |   719M | 262 | 951 |5425 |5425 |   0 |  0 |   0 |  37 | 4.300000e+01 | 9.920000e+01 | 130.70%| unknown
 2723s|456900 |342451 | 47823k| 104.7 |   719M | 262 | 951 |5425 |5425 |   0 |  0 |   0 |  37 | 4.300000e+01 | 9.920000e+01 | 130.70%| unknown
 2723s|457000 |342527 | 47824k| 104.6 |   719M | 262 | 951 |5425 |5425 |   0 |  0 |   0 |  37 | 4.300000e+01 | 9.920000e+01 | 130.70%| unknown
 2723s|457100 |342579 | 47825k| 104.6 |   719M | 262 | 951 |5425 |5425 |   0 |  0 |   0 |  37 | 4.300000e+01 | 9.920000e+01 | 130.70%| unknown
 2724s|457200 |342653 | 47831k| 104.6 |   720M | 262 | 951 |5425 |5425 |   0 |  0 |   0 |  37 | 4.300000e+01 | 9.920000e+01 | 130.70%| unknown
 2724s|457300 |342711 | 47832k| 104.6 |   720M | 262 | 951 |5425 |5425 |   0 |  0 |   0 |  37 | 4.300000e+01 | 9.920000e+01 | 130.70%| unknown
 time | node  | left  |LP iter|LP it/n|mem/heur|mdpt |vars |cons |rows |cuts |sepa|confs|strbr|  dualbound   | primalbound  |  gap   | compl. 
 2724s|457400 |342787 | 47834k| 104.6 |   720M | 262 | 951 |5425 |5425 |   0 |  0 |   0 |  37 | 4.300000e+01 | 9.920000e+01 | 130.70%| unknown
 2724s|457500 |342857 | 47835k| 104.6 |   721M | 262 | 951 |5425 |5425 |   0 |  0 |   0 |  37 | 4.300000e+01 | 9.920000e+01 | 130.70%| unknown
 2724s|457600 |342937 | 47836k| 104.5 |   721M | 262 | 951 |5425 |5425 |   0 |  0 |   0 |  37 | 4.300000e+01 | 9.920000e+01 | 130.70%| unknown
 2725s|457700 |342997 | 47837k| 104.5 |   721M | 262 | 951 |5425 |5425 |   0 |  0 |   0 |  37 | 4.300000e+01 | 9.920000e+01 | 130.70%| unknown
 2725s|457800 |343063 | 47838k| 104.5 |   721M | 262 | 951 |5425 |5425 |   0 |  0 |   0 |  37 | 4.300000e+01 | 9.920000e+01 | 130.70%| unknown
 2725s|457900 |343119 | 47839k| 104.5 |   721M | 262 | 951 |5425 |5425 |   0 |  0 |   0 |  37 | 4.300000e+01 | 9.920000e+01 | 130.70%| unknown
 2725s|458000 |343181 | 47841k| 104.5 |   721M | 262 | 951 |5425 |5425 |   0 |  0 |   0 |  37 | 4.300000e+01 | 9.920000e+01 | 130.70%| unknown
 2726s|458100 |343259 | 47851k| 104.5 |   721M | 262 | 951 |5425 |5425 |   0 |  0 |   0 |  37 | 4.300000e+01 | 9.920000e+01 | 130.70%| unknown
 2726s|458200 |343321 | 47867k| 104.5 |   721M | 262 | 951 |5425 |5425 |   0 |  0 |   0 |  37 | 4.300000e+01 | 9.920000e+01 | 130.70%| unknown
 2728s|458300 |343375 | 47893k| 104.5 |   721M | 262 | 951 |5425 |5425 |   0 |  0 |   0 |  37 | 4.300000e+01 | 9.920000e+01 | 130.70%| unknown
 2729s|458400 |343443 | 47915k| 104.5 |   721M | 262 | 951 |5425 |5425 |   0 |  0 |   0 |  37 | 4.300000e+01 | 9.920000e+01 | 130.70%| unknown
 2730s|458500 |343519 | 47932k| 104.5 |   721M | 262 | 951 |5425 |5425 |   0 |  0 |   0 |  37 | 4.300000e+01 | 9.920000e+01 | 130.70%| unknown
 2731s|458600 |343589 | 47946k| 104.5 |   721M | 262 | 951 |5425 |5425 |   0 |  0 |   0 |  37 | 4.300000e+01 | 9.920000e+01 | 130.70%| unknown
 2731s|458700 |343655 | 47955k| 104.5 |   722M | 262 | 951 |5425 |5425 |   0 |  0 |   0 |  37 | 4.300000e+01 | 9.920000e+01 | 130.70%| unknown
 2731s|458800 |343715 | 47956k| 104.5 |   722M | 262 | 951 |5425 |5425 |   0 |  0 |   0 |  37 | 4.300000e+01 | 9.920000e+01 | 130.70%| unknown
 time | node  | left  |LP iter|LP it/n|mem/heur|mdpt |vars |cons |rows |cuts |sepa|confs|strbr|  dualbound   | primalbound  |  gap   | compl. 
 2731s|458900 |343801 | 47957k| 104.5 |   722M | 262 | 951 |5425 |5425 |   0 |  0 |   0 |  37 | 4.300000e+01 | 9.920000e+01 | 130.70%| unknown
 2732s|459000 |343863 | 47959k| 104.5 |   722M | 262 | 951 |5425 |5425 |   0 |  0 |   0 |  37 | 4.300000e+01 | 9.920000e+01 | 130.70%| unknown
 2733s|459100 |343921 | 47980k| 104.5 |   722M | 262 | 951 |5425 |5425 |   0 |  0 |   0 |  37 | 4.300000e+01 | 9.920000e+01 | 130.70%| unknown
 2733s|459200 |343983 | 47993k| 104.5 |   722M | 262 | 951 |5425 |5425 |   0 |  0 |   0 |  37 | 4.300000e+01 | 9.920000e+01 | 130.70%| unknown
 2734s|459300 |344047 | 47998k| 104.5 |   722M | 262 | 951 |5425 |5425 |   0 |  0 |   0 |  37 | 4.300000e+01 | 9.920000e+01 | 130.70%| unknown
 2734s|459400 |344113 | 47999k| 104.5 |   722M | 262 | 951 |5425 |5425 |   0 |  0 |   0 |  37 | 4.300000e+01 | 9.920000e+01 | 130.70%| unknown
 2734s|459500 |344171 | 48000k| 104.5 |   722M | 262 | 951 |5425 |5425 |   0 |  0 |   0 |  37 | 4.300000e+01 | 9.920000e+01 | 130.70%| unknown
 2734s|459600 |344255 | 48001k| 104.4 |   722M | 262 | 951 |5425 |5425 |   0 |  0 |   0 |  37 | 4.300000e+01 | 9.920000e+01 | 130.70%| unknown
 2735s|459700 |344337 | 48002k| 104.4 |   722M | 262 | 951 |5425 |5425 |   0 |  0 |   0 |  37 | 4.300000e+01 | 9.920000e+01 | 130.70%| unknown
 2735s|459800 |344401 | 48010k| 104.4 |   722M | 262 | 951 |5425 |5425 |   0 |  0 |   0 |  37 | 4.300000e+01 | 9.920000e+01 | 130.70%| unknown
 2736s|459900 |344471 | 48031k| 104.4 |   723M | 262 | 951 |5425 |5425 |   0 |  0 |   0 |  37 | 4.300000e+01 | 9.920000e+01 | 130.70%| unknown
 2737s|460000 |344537 | 48046k| 104.4 |   723M | 262 | 951 |5425 |5425 |   0 |  0 |   0 |  37 | 4.300000e+01 | 9.920000e+01 | 130.70%| unknown
 2737s|460100 |344609 | 48047k| 104.4 |   724M | 262 | 951 |5425 |5425 |   0 |  0 |   0 |  37 | 4.300000e+01 | 9.920000e+01 | 130.70%| unknown
 2737s|460200 |344659 | 48049k| 104.4 |   724M | 262 | 951 |5425 |5425 |   0 |  0 |   0 |  37 | 4.300000e+01 | 9.920000e+01 | 130.70%| unknown
 2737s|460300 |344735 | 48050k| 104.4 |   724M | 262 | 951 |5425 |5425 |   0 |  0 |   0 |  37 | 4.300000e+01 | 9.920000e+01 | 130.70%| unknown
 time | node  | left  |LP iter|LP it/n|mem/heur|mdpt |vars |cons |rows |cuts |sepa|confs|strbr|  dualbound   | primalbound  |  gap   | compl. 
 2738s|460400 |344813 | 48051k| 104.4 |   724M | 262 | 951 |5425 |5425 |   0 |  0 |   0 |  37 | 4.300000e+01 | 9.920000e+01 | 130.70%| unknown
 2738s|460500 |344895 | 48052k| 104.3 |   724M | 262 | 951 |5425 |5425 |   0 |  0 |   0 |  37 | 4.300000e+01 | 9.920000e+01 | 130.70%| unknown
 2738s|460600 |344969 | 48052k| 104.3 |   724M | 262 | 951 |5425 |5425 |   0 |  0 |   0 |  37 | 4.300000e+01 | 9.920000e+01 | 130.70%| unknown
 2738s|460700 |345029 | 48054k| 104.3 |   724M | 262 | 951 |5425 |5425 |   0 |  0 |   0 |  37 | 4.300000e+01 | 9.920000e+01 | 130.70%| unknown
 2738s|460800 |345105 | 48054k| 104.3 |   724M | 262 | 951 |5425 |5425 |   0 |  0 |   0 |  37 | 4.300000e+01 | 9.920000e+01 | 130.70%| unknown
 2738s|460900 |345171 | 48055k| 104.3 |   724M | 262 | 951 |5425 |5425 |   0 |  0 |   0 |  37 | 4.300000e+01 | 9.920000e+01 | 130.70%| unknown
 2739s|461000 |345249 | 48057k| 104.2 |   725M | 262 | 951 |5425 |5425 |   0 |  0 |   0 |  37 | 4.300000e+01 | 9.920000e+01 | 130.70%| unknown
 2739s|461100 |345307 | 48058k| 104.2 |   725M | 262 | 951 |5425 |5425 |   0 |  0 |   0 |  37 | 4.300000e+01 | 9.920000e+01 | 130.70%| unknown
 2739s|461200 |345373 | 48059k| 104.2 |   725M | 262 | 951 |5425 |5425 |   0 |  0 |   0 |  37 | 4.300000e+01 | 9.920000e+01 | 130.70%| unknown
 2739s|461300 |345429 | 48060k| 104.2 |   725M | 262 | 951 |5425 |5425 |   0 |  0 |   0 |  37 | 4.300000e+01 | 9.920000e+01 | 130.70%| unknown
 2739s|461400 |345497 | 48062k| 104.2 |   725M | 262 | 951 |5425 |5425 |   0 |  0 |   0 |  37 | 4.300000e+01 | 9.920000e+01 | 130.70%| unknown
 2740s|461500 |345563 | 48064k| 104.1 |   725M | 262 | 951 |5425 |5425 |   0 |  0 |   0 |  37 | 4.300000e+01 | 9.920000e+01 | 130.70%| unknown
 2740s|461600 |345639 | 48065k| 104.1 |   725M | 262 | 951 |5425 |5425 |   0 |  0 |   0 |  37 | 4.300000e+01 | 9.920000e+01 | 130.70%| unknown
 2740s|461700 |345713 | 48066k| 104.1 |   725M | 262 | 951 |5425 |5425 |   0 |  0 |   0 |  37 | 4.300000e+01 | 9.920000e+01 | 130.70%| unknown
 2741s|461800 |345785 | 48083k| 104.1 |   725M | 262 | 951 |5425 |5425 |   0 |  0 |   0 |  37 | 4.300000e+01 | 9.920000e+01 | 130.70%| unknown
 time | node  | left  |LP iter|LP it/n|mem/heur|mdpt |vars |cons |rows |cuts |sepa|confs|strbr|  dualbound   | primalbound  |  gap   | compl. 
 2742s|461900 |345863 | 48099k| 104.1 |   725M | 262 | 951 |5425 |5425 |   0 |  0 |   0 |  37 | 4.300000e+01 | 9.920000e+01 | 130.70%| unknown
 2743s|462000 |345931 | 48114k| 104.1 |   725M | 262 | 951 |5425 |5425 |   0 |  0 |   0 |  37 | 4.300000e+01 | 9.920000e+01 | 130.70%| unknown
 2744s|462100 |346011 | 48134k| 104.2 |   725M | 262 | 951 |5425 |5425 |   0 |  0 |   0 |  37 | 4.300000e+01 | 9.920000e+01 | 130.70%| unknown
 2745s|462200 |346075 | 48151k| 104.2 |   726M | 262 | 951 |5425 |5425 |   0 |  0 |   0 |  37 | 4.300000e+01 | 9.920000e+01 | 130.70%| unknown
 2745s|462300 |346145 | 48167k| 104.2 |   726M | 262 | 951 |5425 |5425 |   0 |  0 |   0 |  37 | 4.300000e+01 | 9.920000e+01 | 130.70%| unknown
 2746s|462400 |346213 | 48185k| 104.2 |   727M | 262 | 951 |5425 |5425 |   0 |  0 |   0 |  37 | 4.300000e+01 | 9.920000e+01 | 130.70%| unknown
 2746s|462500 |346289 | 48185k| 104.2 |   727M | 262 | 951 |5425 |5425 |   0 |  0 |   0 |  37 | 4.300000e+01 | 9.920000e+01 | 130.70%| unknown
 2747s|462600 |346357 | 48186k| 104.2 |   727M | 262 | 951 |5425 |5425 |   0 |  0 |   0 |  37 | 4.300000e+01 | 9.920000e+01 | 130.70%| unknown
 2747s|462700 |346437 | 48188k| 104.1 |   727M | 262 | 951 |5425 |5425 |   0 |  0 |   0 |  37 | 4.300000e+01 | 9.920000e+01 | 130.70%| unknown
 2747s|462800 |346505 | 48189k| 104.1 |   727M | 262 | 951 |5425 |5425 |   0 |  0 |   0 |  37 | 4.300000e+01 | 9.920000e+01 | 130.70%| unknown
 2748s|462900 |346565 | 48201k| 104.1 |   727M | 262 | 951 |5425 |5425 |   0 |  0 |   0 |  37 | 4.300000e+01 | 9.920000e+01 | 130.70%| unknown
 2748s|463000 |346623 | 48217k| 104.1 |   727M | 262 | 951 |5425 |5425 |   0 |  0 |   0 |  37 | 4.300000e+01 | 9.920000e+01 | 130.70%| unknown
 2749s|463100 |346697 | 48235k| 104.2 |   727M | 262 | 951 |5425 |5425 |   0 |  0 |   0 |  37 | 4.300000e+01 | 9.920000e+01 | 130.70%| unknown
 2750s|463200 |346755 | 48259k| 104.2 |   727M | 262 | 951 |5425 |5425 |   0 |  0 |   0 |  37 | 4.300000e+01 | 9.920000e+01 | 130.70%| unknown
 2752s|463300 |346833 | 48285k| 104.2 |   729M | 262 | 951 |5425 |5425 |   0 |  0 |   0 |  37 | 4.300000e+01 | 9.920000e+01 | 130.70%| unknown
 time | node  | left  |LP iter|LP it/n|mem/heur|mdpt |vars |cons |rows |cuts |sepa|confs|strbr|  dualbound   | primalbound  |  gap   | compl. 
 2752s|463400 |346905 | 48298k| 104.2 |   729M | 262 | 951 |5425 |5425 |   0 |  0 |   0 |  37 | 4.300000e+01 | 9.920000e+01 | 130.70%| unknown
 2753s|463500 |346973 | 48310k| 104.2 |   729M | 262 | 951 |5425 |5425 |   0 |  0 |   0 |  37 | 4.300000e+01 | 9.920000e+01 | 130.70%| unknown
 2754s|463600 |347037 | 48327k| 104.2 |   729M | 262 | 951 |5425 |5425 |   0 |  0 |   0 |  37 | 4.300000e+01 | 9.920000e+01 | 130.70%| unknown
 2755s|463700 |347107 | 48341k| 104.2 |   729M | 262 | 951 |5425 |5425 |   0 |  0 |   0 |  37 | 4.300000e+01 | 9.920000e+01 | 130.70%| unknown
 2756s|463800 |347187 | 48365k| 104.3 |   729M | 262 | 951 |5425 |5425 |   0 |  0 |   0 |  37 | 4.300000e+01 | 9.920000e+01 | 130.70%| unknown
 2757s|463900 |347269 | 48379k| 104.3 |   729M | 262 | 951 |5425 |5425 |   0 |  0 |   0 |  37 | 4.300000e+01 | 9.920000e+01 | 130.70%| unknown
 2757s|464000 |347337 | 48380k| 104.3 |   729M | 262 | 951 |5425 |5425 |   0 |  0 |   0 |  37 | 4.300000e+01 | 9.920000e+01 | 130.70%| unknown
 2757s|464100 |347409 | 48382k| 104.2 |   729M | 262 | 951 |5425 |5425 |   0 |  0 |   0 |  37 | 4.300000e+01 | 9.920000e+01 | 130.70%| unknown
 2758s|464200 |347493 | 48395k| 104.3 |   729M | 262 | 951 |5425 |5425 |   0 |  0 |   0 |  37 | 4.300000e+01 | 9.920000e+01 | 130.70%| unknown
 2759s|464300 |347579 | 48417k| 104.3 |   729M | 262 | 951 |5425 |5425 |   0 |  0 |   0 |  37 | 4.300000e+01 | 9.920000e+01 | 130.70%| unknown
 2761s|464400 |347667 | 48453k| 104.3 |   730M | 262 | 951 |5425 |5425 |   0 |  0 |   0 |  37 | 4.300000e+01 | 9.920000e+01 | 130.70%| unknown
 2762s|464500 |347755 | 48491k| 104.4 |   730M | 262 | 951 |5425 |5425 |   0 |  0 |   0 |  37 | 4.300000e+01 | 9.920000e+01 | 130.70%| unknown
 2763s|464600 |347839 | 48509k| 104.4 |   730M | 262 | 951 |5425 |5425 |   0 |  0 |   0 |  37 | 4.300000e+01 | 9.920000e+01 | 130.70%| unknown
 2765s|464700 |347913 | 48548k| 104.5 |   730M | 262 | 951 |5425 |5425 |   0 |  0 |   0 |  37 | 4.300000e+01 | 9.920000e+01 | 130.70%| unknown
 2766s|464800 |347969 | 48575k| 104.5 |   730M | 262 | 951 |5425 |5425 |   0 |  0 |   0 |  37 | 4.300000e+01 | 9.920000e+01 | 130.70%| unknown
 time | node  | left  |LP iter|LP it/n|mem/heur|mdpt |vars |cons |rows |cuts |sepa|confs|strbr|  dualbound   | primalbound  |  gap   | compl. 
 2767s|464900 |348033 | 48591k| 104.5 |   730M | 262 | 951 |5425 |5425 |   0 |  0 |   0 |  37 | 4.300000e+01 | 9.920000e+01 | 130.70%| unknown
 2768s|465000 |348105 | 48609k| 104.5 |   730M | 262 | 951 |5425 |5425 |   0 |  0 |   0 |  37 | 4.300000e+01 | 9.920000e+01 | 130.70%| unknown
 2768s|465100 |348165 | 48611k| 104.5 |   730M | 262 | 951 |5425 |5425 |   0 |  0 |   0 |  37 | 4.300000e+01 | 9.920000e+01 | 130.70%| unknown
 2769s|465200 |348229 | 48612k| 104.5 |   730M | 262 | 951 |5425 |5425 |   0 |  0 |   0 |  37 | 4.300000e+01 | 9.920000e+01 | 130.70%| unknown
 2769s|465300 |348301 | 48613k| 104.5 |   730M | 262 | 951 |5425 |5425 |   0 |  0 |   0 |  37 | 4.300000e+01 | 9.920000e+01 | 130.70%| unknown
 2769s|465400 |348365 | 48615k| 104.5 |   731M | 262 | 951 |5425 |5425 |   0 |  0 |   0 |  37 | 4.300000e+01 | 9.920000e+01 | 130.70%| unknown
 2769s|465500 |348425 | 48616k| 104.4 |   732M | 262 | 951 |5425 |5425 |   0 |  0 |   0 |  37 | 4.300000e+01 | 9.920000e+01 | 130.70%| unknown
 2769s|465600 |348483 | 48618k| 104.4 |   732M | 262 | 951 |5425 |5425 |   0 |  0 |   0 |  37 | 4.300000e+01 | 9.920000e+01 | 130.70%| unknown
 2770s|465700 |348561 | 48619k| 104.4 |   732M | 262 | 951 |5425 |5425 |   0 |  0 |   0 |  37 | 4.300000e+01 | 9.920000e+01 | 130.70%| unknown
 2770s|465800 |348639 | 48620k| 104.4 |   732M | 262 | 951 |5425 |5425 |   0 |  0 |   0 |  37 | 4.300000e+01 | 9.920000e+01 | 130.70%| unknown
 2770s|465900 |348715 | 48621k| 104.4 |   732M | 262 | 951 |5425 |5425 |   0 |  0 |   0 |  37 | 4.300000e+01 | 9.920000e+01 | 130.70%| unknown
 2770s|466000 |348777 | 48623k| 104.3 |   732M | 262 | 951 |5425 |5425 |   0 |  0 |   0 |  37 | 4.300000e+01 | 9.920000e+01 | 130.70%| unknown
 2770s|466100 |348851 | 48624k| 104.3 |   732M | 262 | 951 |5425 |5425 |   0 |  0 |   0 |  37 | 4.300000e+01 | 9.920000e+01 | 130.70%| unknown
 2770s|466200 |348923 | 48626k| 104.3 |   732M | 262 | 951 |5425 |5425 |   0 |  0 |   0 |  37 | 4.300000e+01 | 9.920000e+01 | 130.70%| unknown
 2771s|466300 |348985 | 48627k| 104.3 |   732M | 262 | 951 |5425 |5425 |   0 |  0 |   0 |  37 | 4.300000e+01 | 9.920000e+01 | 130.70%| unknown
 time | node  | left  |LP iter|LP it/n|mem/heur|mdpt |vars |cons |rows |cuts |sepa|confs|strbr|  dualbound   | primalbound  |  gap   | compl. 
 2771s|466400 |349049 | 48628k| 104.3 |   732M | 262 | 951 |5425 |5425 |   0 |  0 |   0 |  37 | 4.300000e+01 | 9.920000e+01 | 130.70%| unknown
 2771s|466500 |349099 | 48629k| 104.2 |   732M | 262 | 951 |5425 |5425 |   0 |  0 |   0 |  37 | 4.300000e+01 | 9.920000e+01 | 130.70%| unknown
 2771s|466600 |349161 | 48631k| 104.2 |   732M | 262 | 951 |5425 |5425 |   0 |  0 |   0 |  37 | 4.300000e+01 | 9.920000e+01 | 130.70%| unknown
 2771s|466700 |349225 | 48632k| 104.2 |   733M | 262 | 951 |5425 |5425 |   0 |  0 |   0 |  37 | 4.300000e+01 | 9.920000e+01 | 130.70%| unknown
 2772s|466800 |349285 | 48634k| 104.2 |   733M | 262 | 951 |5425 |5425 |   0 |  0 |   0 |  37 | 4.300000e+01 | 9.920000e+01 | 130.70%| unknown
 2772s|466900 |349343 | 48635k| 104.2 |   733M | 262 | 951 |5425 |5425 |   0 |  0 |   0 |  37 | 4.300000e+01 | 9.920000e+01 | 130.70%| unknown
 2772s|467000 |349399 | 48637k| 104.1 |   733M | 262 | 951 |5425 |5425 |   0 |  0 |   0 |  37 | 4.300000e+01 | 9.920000e+01 | 130.70%| unknown
 2772s|467100 |349465 | 48638k| 104.1 |   733M | 262 | 951 |5425 |5425 |   0 |  0 |   0 |  37 | 4.300000e+01 | 9.920000e+01 | 130.70%| unknown
 2772s|467200 |349539 | 48639k| 104.1 |   733M | 262 | 951 |5425 |5425 |   0 |  0 |   0 |  37 | 4.300000e+01 | 9.920000e+01 | 130.70%| unknown
 2772s|467300 |349605 | 48641k| 104.1 |   733M | 262 | 951 |5425 |5425 |   0 |  0 |   0 |  37 | 4.300000e+01 | 9.920000e+01 | 130.70%| unknown
 2773s|467400 |349683 | 48642k| 104.1 |   733M | 262 | 951 |5425 |5425 |   0 |  0 |   0 |  37 | 4.300000e+01 | 9.920000e+01 | 130.70%| unknown
 2773s|467500 |349767 | 48643k| 104.0 |   733M | 262 | 951 |5425 |5425 |   0 |  0 |   0 |  37 | 4.300000e+01 | 9.920000e+01 | 130.70%| unknown
 2773s|467600 |349847 | 48644k| 104.0 |   733M | 262 | 951 |5425 |5425 |   0 |  0 |   0 |  37 | 4.300000e+01 | 9.920000e+01 | 130.70%| unknown
 2773s|467700 |349919 | 48645k| 104.0 |   733M | 262 | 951 |5425 |5425 |   0 |  0 |   0 |  37 | 4.300000e+01 | 9.920000e+01 | 130.70%| unknown
 2773s|467800 |349997 | 48646k| 104.0 |   734M | 262 | 951 |5425 |5425 |   0 |  0 |   0 |  37 | 4.300000e+01 | 9.920000e+01 | 130.70%| unknown
 time | node  | left  |LP iter|LP it/n|mem/heur|mdpt |vars |cons |rows |cuts |sepa|confs|strbr|  dualbound   | primalbound  |  gap   | compl. 
 2774s|467900 |350059 | 48648k| 104.0 |   734M | 262 | 951 |5425 |5425 |   0 |  0 |   0 |  37 | 4.300000e+01 | 9.920000e+01 | 130.70%| unknown
 2774s|468000 |350115 | 48649k| 103.9 |   734M | 262 | 951 |5425 |5425 |   0 |  0 |   0 |  37 | 4.300000e+01 | 9.920000e+01 | 130.70%| unknown
 2774s|468100 |350181 | 48650k| 103.9 |   734M | 262 | 951 |5425 |5425 |   0 |  0 |   0 |  37 | 4.300000e+01 | 9.920000e+01 | 130.70%| unknown
 2774s|468200 |350249 | 48651k| 103.9 |   734M | 262 | 951 |5425 |5425 |   0 |  0 |   0 |  37 | 4.300000e+01 | 9.920000e+01 | 130.70%| unknown
 2774s|468300 |350321 | 48652k| 103.9 |   734M | 262 | 951 |5425 |5425 |   0 |  0 |   0 |  37 | 4.300000e+01 | 9.920000e+01 | 130.70%| unknown
 2774s|468400 |350381 | 48653k| 103.9 |   734M | 262 | 951 |5425 |5425 |   0 |  0 |   0 |  37 | 4.300000e+01 | 9.920000e+01 | 130.70%| unknown
 2775s|468500 |350459 | 48655k| 103.9 |   734M | 262 | 951 |5425 |5425 |   0 |  0 |   0 |  37 | 4.300000e+01 | 9.920000e+01 | 130.70%| unknown
 2775s|468600 |350539 | 48655k| 103.8 |   734M | 262 | 951 |5425 |5425 |   0 |  0 |   0 |  37 | 4.300000e+01 | 9.920000e+01 | 130.70%| unknown
 2775s|468700 |350613 | 48657k| 103.8 |   734M | 262 | 951 |5425 |5425 |   0 |  0 |   0 |  37 | 4.300000e+01 | 9.920000e+01 | 130.70%| unknown
 2775s|468800 |350679 | 48658k| 103.8 |   734M | 262 | 951 |5425 |5425 |   0 |  0 |   0 |  37 | 4.300000e+01 | 9.920000e+01 | 130.70%| unknown
 2775s|468900 |350751 | 48659k| 103.8 |   734M | 262 | 951 |5425 |5425 |   0 |  0 |   0 |  37 | 4.300000e+01 | 9.920000e+01 | 130.70%| unknown
 2776s|469000 |350823 | 48660k| 103.8 |   736M | 262 | 951 |5425 |5425 |   0 |  0 |   0 |  37 | 4.300000e+01 | 9.920000e+01 | 130.70%| unknown
 2776s|469100 |350899 | 48671k| 103.8 |   736M | 262 | 951 |5425 |5425 |   0 |  0 |   0 |  37 | 4.300000e+01 | 9.920000e+01 | 130.70%| unknown
 2776s|469200 |350967 | 48672k| 103.7 |   736M | 262 | 951 |5425 |5425 |   0 |  0 |   0 |  37 | 4.300000e+01 | 9.920000e+01 | 130.70%| unknown
 2777s|469300 |351043 | 48673k| 103.7 |   736M | 262 | 951 |5425 |5425 |   0 |  0 |   0 |  37 | 4.300000e+01 | 9.920000e+01 | 130.70%| unknown
 time | node  | left  |LP iter|LP it/n|mem/heur|mdpt |vars |cons |rows |cuts |sepa|confs|strbr|  dualbound   | primalbound  |  gap   | compl. 
 2777s|469400 |351115 | 48674k| 103.7 |   736M | 262 | 951 |5425 |5425 |   0 |  0 |   0 |  37 | 4.300000e+01 | 9.920000e+01 | 130.70%| unknown
 2777s|469500 |351201 | 48676k| 103.7 |   736M | 262 | 951 |5425 |5425 |   0 |  0 |   0 |  37 | 4.300000e+01 | 9.920000e+01 | 130.70%| unknown
 2777s|469600 |351269 | 48677k| 103.7 |   736M | 262 | 951 |5425 |5425 |   0 |  0 |   0 |  37 | 4.300000e+01 | 9.920000e+01 | 130.70%| unknown
 2777s|469700 |351355 | 48678k| 103.6 |   737M | 262 | 951 |5425 |5425 |   0 |  0 |   0 |  37 | 4.300000e+01 | 9.920000e+01 | 130.70%| unknown
 2778s|469800 |351439 | 48691k| 103.6 |   737M | 262 | 951 |5425 |5425 |   0 |  0 |   0 |  37 | 4.300000e+01 | 9.920000e+01 | 130.70%| unknown
 2779s|469900 |351509 | 48711k| 103.7 |   737M | 262 | 951 |5425 |5425 |   0 |  0 |   0 |  37 | 4.300000e+01 | 9.920000e+01 | 130.70%| unknown
 2780s|470000 |351585 | 48729k| 103.7 |   738M | 262 | 951 |5425 |5425 |   0 |  0 |   0 |  37 | 4.300000e+01 | 9.920000e+01 | 130.70%| unknown
 2781s|470100 |351627 | 48760k| 103.7 |   738M | 262 | 951 |5425 |5425 |   0 |  0 |   0 |  37 | 4.300000e+01 | 9.920000e+01 | 130.70%| unknown
 2782s|470200 |351691 | 48783k| 103.7 |   738M | 262 | 951 |5425 |5425 |   0 |  0 |   0 |  37 | 4.300000e+01 | 9.920000e+01 | 130.70%| unknown
 2784s|470300 |351749 | 48806k| 103.8 |   738M | 262 | 951 |5425 |5425 |   0 |  0 |   0 |  37 | 4.300000e+01 | 9.920000e+01 | 130.70%| unknown
 2785s|470400 |351813 | 48824k| 103.8 |   738M | 262 | 951 |5425 |5425 |   0 |  0 |   0 |  37 | 4.300000e+01 | 9.920000e+01 | 130.70%| unknown
 2786s|470500 |351887 | 48855k| 103.8 |   738M | 262 | 951 |5425 |5425 |   0 |  0 |   0 |  37 | 4.300000e+01 | 9.920000e+01 | 130.70%| unknown
 2786s|470600 |351957 | 48859k| 103.8 |   738M | 262 | 951 |5425 |5425 |   0 |  0 |   0 |  37 | 4.300000e+01 | 9.920000e+01 | 130.70%| unknown
 2787s|470700 |352035 | 48860k| 103.8 |   738M | 262 | 951 |5425 |5425 |   0 |  0 |   0 |  37 | 4.300000e+01 | 9.920000e+01 | 130.70%| unknown
 2787s|470800 |352117 | 48862k| 103.8 |   739M | 262 | 951 |5425 |5425 |   0 |  0 |   0 |  37 | 4.300000e+01 | 9.920000e+01 | 130.70%| unknown
 time | node  | left  |LP iter|LP it/n|mem/heur|mdpt |vars |cons |rows |cuts |sepa|confs|strbr|  dualbound   | primalbound  |  gap   | compl. 
 2787s|470900 |352185 | 48862k| 103.8 |   739M | 262 | 951 |5425 |5425 |   0 |  0 |   0 |  37 | 4.300000e+01 | 9.920000e+01 | 130.70%| unknown
 2787s|471000 |352265 | 48863k| 103.7 |   739M | 262 | 951 |5425 |5425 |   0 |  0 |   0 |  37 | 4.300000e+01 | 9.920000e+01 | 130.70%| unknown
 2787s|471100 |352323 | 48865k| 103.7 |   739M | 262 | 951 |5425 |5425 |   0 |  0 |   0 |  37 | 4.300000e+01 | 9.920000e+01 | 130.70%| unknown
 2787s|471200 |352399 | 48866k| 103.7 |   740M | 262 | 951 |5425 |5425 |   0 |  0 |   0 |  37 | 4.300000e+01 | 9.920000e+01 | 130.70%| unknown
 2788s|471300 |352469 | 48874k| 103.7 |   740M | 262 | 951 |5425 |5425 |   0 |  0 |   0 |  37 | 4.300000e+01 | 9.920000e+01 | 130.70%| unknown
 2789s|471400 |352531 | 48904k| 103.7 |   740M | 262 | 951 |5425 |5425 |   0 |  0 |   0 |  37 | 4.300000e+01 | 9.920000e+01 | 130.70%| unknown
 2791s|471500 |352599 | 48935k| 103.8 |   740M | 262 | 951 |5425 |5425 |   0 |  0 |   0 |  37 | 4.300000e+01 | 9.920000e+01 | 130.70%| unknown
 2792s|471600 |352663 | 48958k| 103.8 |   740M | 262 | 951 |5425 |5425 |   0 |  0 |   0 |  37 | 4.300000e+01 | 9.920000e+01 | 130.70%| unknown
 2792s|471700 |352743 | 48961k| 103.8 |   740M | 262 | 951 |5425 |5425 |   0 |  0 |   0 |  37 | 4.300000e+01 | 9.920000e+01 | 130.70%| unknown
 2792s|471800 |352819 | 48961k| 103.8 |   740M | 262 | 951 |5425 |5425 |   0 |  0 |   0 |  37 | 4.300000e+01 | 9.920000e+01 | 130.70%| unknown
 2792s|471900 |352903 | 48962k| 103.8 |   740M | 262 | 951 |5425 |5425 |   0 |  0 |   0 |  37 | 4.300000e+01 | 9.920000e+01 | 130.70%| unknown
 2793s|472000 |352981 | 48963k| 103.7 |   740M | 262 | 951 |5425 |5425 |   0 |  0 |   0 |  37 | 4.300000e+01 | 9.920000e+01 | 130.70%| unknown
 2793s|472100 |353061 | 48964k| 103.7 |   740M | 262 | 951 |5425 |5425 |   0 |  0 |   0 |  37 | 4.300000e+01 | 9.920000e+01 | 130.70%| unknown
 2793s|472200 |353123 | 48965k| 103.7 |   740M | 262 | 951 |5425 |5425 |   0 |  0 |   0 |  37 | 4.300000e+01 | 9.920000e+01 | 130.70%| unknown
 2793s|472300 |353187 | 48966k| 103.7 |   741M | 262 | 951 |5425 |5425 |   0 |  0 |   0 |  37 | 4.300000e+01 | 9.920000e+01 | 130.70%| unknown
 time | node  | left  |LP iter|LP it/n|mem/heur|mdpt |vars |cons |rows |cuts |sepa|confs|strbr|  dualbound   | primalbound  |  gap   | compl. 
 2793s|472400 |353253 | 48967k| 103.7 |   741M | 262 | 951 |5425 |5425 |   0 |  0 |   0 |  37 | 4.300000e+01 | 9.920000e+01 | 130.70%| unknown
 2793s|472500 |353331 | 48969k| 103.6 |   741M | 262 | 951 |5425 |5425 |   0 |  0 |   0 |  37 | 4.300000e+01 | 9.920000e+01 | 130.70%| unknown
 2794s|472600 |353397 | 48970k| 103.6 |   741M | 262 | 951 |5425 |5425 |   0 |  0 |   0 |  37 | 4.300000e+01 | 9.920000e+01 | 130.70%| unknown
 2794s|472700 |353469 | 48970k| 103.6 |   741M | 262 | 951 |5425 |5425 |   0 |  0 |   0 |  37 | 4.300000e+01 | 9.920000e+01 | 130.70%| unknown
 2794s|472800 |353541 | 48971k| 103.6 |   741M | 262 | 951 |5425 |5425 |   0 |  0 |   0 |  37 | 4.300000e+01 | 9.920000e+01 | 130.70%| unknown
 2794s|472900 |353617 | 48972k| 103.6 |   741M | 262 | 951 |5425 |5425 |   0 |  0 |   0 |  37 | 4.300000e+01 | 9.920000e+01 | 130.70%| unknown
 2794s|473000 |353671 | 48974k| 103.5 |   741M | 262 | 951 |5425 |5425 |   0 |  0 |   0 |  37 | 4.300000e+01 | 9.920000e+01 | 130.70%| unknown
 2795s|473100 |353721 | 48975k| 103.5 |   741M | 262 | 951 |5425 |5425 |   0 |  0 |   0 |  37 | 4.300000e+01 | 9.920000e+01 | 130.70%| unknown
 2795s|473200 |353797 | 48976k| 103.5 |   741M | 262 | 951 |5425 |5425 |   0 |  0 |   0 |  37 | 4.300000e+01 | 9.920000e+01 | 130.70%| unknown
 2795s|473300 |353851 | 48977k| 103.5 |   742M | 262 | 951 |5425 |5425 |   0 |  0 |   0 |  37 | 4.300000e+01 | 9.920000e+01 | 130.70%| unknown
 2795s|473400 |353903 | 48978k| 103.5 |   742M | 262 | 951 |5425 |5425 |   0 |  0 |   0 |  37 | 4.300000e+01 | 9.920000e+01 | 130.70%| unknown
 2795s|473500 |353953 | 48979k| 103.4 |   742M | 262 | 951 |5425 |5425 |   0 |  0 |   0 |  37 | 4.300000e+01 | 9.920000e+01 | 130.70%| unknown
 2795s|473600 |354021 | 48979k| 103.4 |   743M | 262 | 951 |5425 |5425 |   0 |  0 |   0 |  37 | 4.300000e+01 | 9.920000e+01 | 130.70%| unknown
 2796s|473700 |354065 | 48980k| 103.4 |   743M | 262 | 951 |5425 |5425 |   0 |  0 |   0 |  37 | 4.300000e+01 | 9.920000e+01 | 130.70%| unknown
 2796s|473800 |354109 | 48981k| 103.4 |   743M | 262 | 951 |5425 |5425 |   0 |  0 |   0 |  37 | 4.300000e+01 | 9.920000e+01 | 130.70%| unknown
 time | node  | left  |LP iter|LP it/n|mem/heur|mdpt |vars |cons |rows |cuts |sepa|confs|strbr|  dualbound   | primalbound  |  gap   | compl. 
 2796s|473900 |354169 | 48983k| 103.4 |   743M | 262 | 951 |5425 |5425 |   0 |  0 |   0 |  37 | 4.300000e+01 | 9.920000e+01 | 130.70%| unknown
 2796s|474000 |354247 | 48984k| 103.3 |   743M | 262 | 951 |5425 |5425 |   0 |  0 |   0 |  37 | 4.300000e+01 | 9.920000e+01 | 130.70%| unknown
 2796s|474100 |354317 | 48985k| 103.3 |   743M | 262 | 951 |5425 |5425 |   0 |  0 |   0 |  37 | 4.300000e+01 | 9.920000e+01 | 130.70%| unknown
 2796s|474200 |354387 | 48986k| 103.3 |   743M | 262 | 951 |5425 |5425 |   0 |  0 |   0 |  37 | 4.300000e+01 | 9.920000e+01 | 130.70%| unknown
 2797s|474300 |354465 | 48988k| 103.3 |   743M | 262 | 951 |5425 |5425 |   0 |  0 |   0 |  37 | 4.300000e+01 | 9.920000e+01 | 130.70%| unknown
 2797s|474400 |354515 | 48989k| 103.3 |   743M | 262 | 951 |5425 |5425 |   0 |  0 |   0 |  37 | 4.300000e+01 | 9.920000e+01 | 130.70%| unknown
 2797s|474500 |354585 | 48990k| 103.2 |   743M | 262 | 951 |5425 |5425 |   0 |  0 |   0 |  37 | 4.300000e+01 | 9.920000e+01 | 130.70%| unknown
 2797s|474600 |354651 | 48991k| 103.2 |   743M | 262 | 951 |5425 |5425 |   0 |  0 |   0 |  37 | 4.300000e+01 | 9.920000e+01 | 130.70%| unknown
 2797s|474700 |354711 | 48992k| 103.2 |   743M | 262 | 951 |5425 |5425 |   0 |  0 |   0 |  37 | 4.300000e+01 | 9.920000e+01 | 130.70%| unknown
 2798s|474800 |354779 | 48994k| 103.2 |   744M | 262 | 951 |5425 |5425 |   0 |  0 |   0 |  37 | 4.300000e+01 | 9.920000e+01 | 130.70%| unknown
 2798s|474900 |354845 | 49010k| 103.2 |   744M | 262 | 951 |5425 |5425 |   0 |  0 |   0 |  37 | 4.300000e+01 | 9.920000e+01 | 130.70%| unknown
 2799s|475000 |354903 | 49026k| 103.2 |   744M | 262 | 951 |5425 |5425 |   0 |  0 |   0 |  37 | 4.300000e+01 | 9.920000e+01 | 130.70%| unknown
 2799s|475100 |354973 | 49028k| 103.2 |   744M | 262 | 951 |5425 |5425 |   0 |  0 |   0 |  37 | 4.300000e+01 | 9.920000e+01 | 130.70%| unknown
 2800s|475200 |355031 | 49029k| 103.2 |   744M | 262 | 951 |5425 |5425 |   0 |  0 |   0 |  37 | 4.300000e+01 | 9.920000e+01 | 130.70%| unknown
 2800s|475300 |355107 | 49034k| 103.2 |   744M | 262 | 951 |5425 |5425 |   0 |  0 |   0 |  37 | 4.300000e+01 | 9.920000e+01 | 130.70%| unknown
 time | node  | left  |LP iter|LP it/n|mem/heur|mdpt |vars |cons |rows |cuts |sepa|confs|strbr|  dualbound   | primalbound  |  gap   | compl. 
 2801s|475400 |355171 | 49042k| 103.2 |   744M | 262 | 951 |5425 |5425 |   0 |  0 |   0 |  37 | 4.300000e+01 | 9.920000e+01 | 130.70%| unknown
 2801s|475500 |355233 | 49044k| 103.1 |   744M | 262 | 951 |5425 |5425 |   0 |  0 |   0 |  37 | 4.300000e+01 | 9.920000e+01 | 130.70%| unknown
 2801s|475600 |355295 | 49046k| 103.1 |   744M | 262 | 951 |5425 |5425 |   0 |  0 |   0 |  37 | 4.300000e+01 | 9.920000e+01 | 130.70%| unknown
 2801s|475700 |355375 | 49047k| 103.1 |   744M | 262 | 951 |5425 |5425 |   0 |  0 |   0 |  37 | 4.300000e+01 | 9.920000e+01 | 130.70%| unknown
 2801s|475800 |355455 | 49047k| 103.1 |   744M | 262 | 951 |5425 |5425 |   0 |  0 |   0 |  37 | 4.300000e+01 | 9.920000e+01 | 130.70%| unknown
 2801s|475900 |355511 | 49048k| 103.1 |   744M | 262 | 951 |5425 |5425 |   0 |  0 |   0 |  37 | 4.300000e+01 | 9.920000e+01 | 130.70%| unknown
 2802s|476000 |355565 | 49050k| 103.0 |   745M | 262 | 951 |5425 |5425 |   0 |  0 |   0 |  37 | 4.300000e+01 | 9.920000e+01 | 130.70%| unknown
 2802s|476100 |355637 | 49050k| 103.0 |   745M | 262 | 951 |5425 |5425 |   0 |  0 |   0 |  37 | 4.300000e+01 | 9.920000e+01 | 130.70%| unknown
 2802s|476200 |355713 | 49052k| 103.0 |   745M | 262 | 951 |5425 |5425 |   0 |  0 |   0 |  37 | 4.300000e+01 | 9.920000e+01 | 130.70%| unknown
 2802s|476300 |355791 | 49053k| 103.0 |   746M | 262 | 951 |5425 |5425 |   0 |  0 |   0 |  37 | 4.300000e+01 | 9.920000e+01 | 130.70%| unknown
 2802s|476400 |355863 | 49054k| 103.0 |   747M | 262 | 951 |5425 |5425 |   0 |  0 |   0 |  37 | 4.300000e+01 | 9.920000e+01 | 130.70%| unknown
 2802s|476500 |355941 | 49055k| 102.9 |   747M | 262 | 951 |5425 |5425 |   0 |  0 |   0 |  37 | 4.300000e+01 | 9.920000e+01 | 130.70%| unknown
 2803s|476600 |356013 | 49056k| 102.9 |   747M | 262 | 951 |5425 |5425 |   0 |  0 |   0 |  37 | 4.300000e+01 | 9.920000e+01 | 130.70%| unknown
 2803s|476700 |356093 | 49057k| 102.9 |   747M | 262 | 951 |5425 |5425 |   0 |  0 |   0 |  37 | 4.300000e+01 | 9.920000e+01 | 130.70%| unknown
 2803s|476800 |356161 | 49058k| 102.9 |   747M | 262 | 951 |5425 |5425 |   0 |  0 |   0 |  37 | 4.300000e+01 | 9.920000e+01 | 130.70%| unknown
 time | node  | left  |LP iter|LP it/n|mem/heur|mdpt |vars |cons |rows |cuts |sepa|confs|strbr|  dualbound   | primalbound  |  gap   | compl. 
 2803s|476900 |356223 | 49060k| 102.9 |   747M | 262 | 951 |5425 |5425 |   0 |  0 |   0 |  37 | 4.300000e+01 | 9.920000e+01 | 130.70%| unknown
 2803s|477000 |356303 | 49061k| 102.9 |   747M | 262 | 951 |5425 |5425 |   0 |  0 |   0 |  37 | 4.300000e+01 | 9.920000e+01 | 130.70%| unknown
 2804s|477100 |356381 | 49061k| 102.8 |   748M | 262 | 951 |5425 |5425 |   0 |  0 |   0 |  37 | 4.300000e+01 | 9.920000e+01 | 130.70%| unknown
 2804s|477200 |356457 | 49062k| 102.8 |   748M | 262 | 951 |5425 |5425 |   0 |  0 |   0 |  37 | 4.300000e+01 | 9.920000e+01 | 130.70%| unknown
 2804s|477300 |356521 | 49063k| 102.8 |   748M | 262 | 951 |5425 |5425 |   0 |  0 |   0 |  37 | 4.300000e+01 | 9.920000e+01 | 130.70%| unknown
 2804s|477400 |356593 | 49064k| 102.8 |   748M | 262 | 951 |5425 |5425 |   0 |  0 |   0 |  37 | 4.300000e+01 | 9.920000e+01 | 130.70%| unknown
 2805s|477500 |356659 | 49077k| 102.8 |   748M | 262 | 951 |5425 |5425 |   0 |  0 |   0 |  37 | 4.300000e+01 | 9.920000e+01 | 130.70%| unknown
 2806s|477600 |356739 | 49099k| 102.8 |   748M | 262 | 951 |5425 |5425 |   0 |  0 |   0 |  37 | 4.300000e+01 | 9.920000e+01 | 130.70%| unknown
 2807s|477700 |356819 | 49122k| 102.8 |   748M | 262 | 951 |5425 |5425 |   0 |  0 |   0 |  37 | 4.300000e+01 | 9.920000e+01 | 130.70%| unknown
 2808s|477800 |356899 | 49132k| 102.8 |   748M | 262 | 951 |5425 |5425 |   0 |  0 |   0 |  37 | 4.300000e+01 | 9.920000e+01 | 130.70%| unknown
 2808s|477900 |356971 | 49133k| 102.8 |   748M | 262 | 951 |5425 |5425 |   0 |  0 |   0 |  37 | 4.300000e+01 | 9.920000e+01 | 130.70%| unknown
 2808s|478000 |357051 | 49133k| 102.8 |   748M | 262 | 951 |5425 |5425 |   0 |  0 |   0 |  37 | 4.300000e+01 | 9.920000e+01 | 130.70%| unknown
 2808s|478100 |357117 | 49134k| 102.8 |   748M | 262 | 951 |5425 |5425 |   0 |  0 |   0 |  37 | 4.300000e+01 | 9.920000e+01 | 130.70%| unknown
 2808s|478200 |357181 | 49135k| 102.7 |   749M | 262 | 951 |5425 |5425 |   0 |  0 |   0 |  37 | 4.300000e+01 | 9.920000e+01 | 130.70%| unknown
 2808s|478300 |357243 | 49137k| 102.7 |   749M | 262 | 951 |5425 |5425 |   0 |  0 |   0 |  37 | 4.300000e+01 | 9.920000e+01 | 130.70%| unknown
 time | node  | left  |LP iter|LP it/n|mem/heur|mdpt |vars |cons |rows |cuts |sepa|confs|strbr|  dualbound   | primalbound  |  gap   | compl. 
 2809s|478400 |357315 | 49153k| 102.7 |   749M | 262 | 951 |5425 |5425 |   0 |  0 |   0 |  37 | 4.300000e+01 | 9.920000e+01 | 130.70%| unknown
 2810s|478500 |357385 | 49169k| 102.8 |   749M | 262 | 951 |5425 |5425 |   0 |  0 |   0 |  37 | 4.300000e+01 | 9.920000e+01 | 130.70%| unknown
 2812s|478600 |357445 | 49197k| 102.8 |   749M | 262 | 951 |5425 |5425 |   0 |  0 |   0 |  37 | 4.300000e+01 | 9.920000e+01 | 130.70%| unknown
 2813s|478700 |357513 | 49215k| 102.8 |   749M | 262 | 951 |5425 |5425 |   0 |  0 |   0 |  37 | 4.300000e+01 | 9.920000e+01 | 130.70%| unknown
 2814s|478800 |357575 | 49234k| 102.8 |   749M | 262 | 951 |5425 |5425 |   0 |  0 |   0 |  37 | 4.300000e+01 | 9.920000e+01 | 130.70%| unknown
 2815s|478900 |357647 | 49259k| 102.9 |   749M | 262 | 951 |5425 |5425 |   0 |  0 |   0 |  37 | 4.300000e+01 | 9.920000e+01 | 130.70%| unknown
 2816s|479000 |357715 | 49281k| 102.9 |   749M | 262 | 951 |5425 |5425 |   0 |  0 |   0 |  37 | 4.300000e+01 | 9.920000e+01 | 130.70%| unknown
 2817s|479100 |357791 | 49304k| 102.9 |   749M | 262 | 951 |5425 |5425 |   0 |  0 |   0 |  37 | 4.300000e+01 | 9.920000e+01 | 130.70%| unknown
 2818s|479200 |357871 | 49326k| 102.9 |   750M | 262 | 951 |5425 |5425 |   0 |  0 |   0 |  37 | 4.300000e+01 | 9.920000e+01 | 130.70%| unknown
 2819s|479300 |357935 | 49347k| 103.0 |   751M | 262 | 951 |5425 |5425 |   0 |  0 |   0 |  37 | 4.300000e+01 | 9.920000e+01 | 130.70%| unknown
 2821s|479400 |358009 | 49387k| 103.0 |   751M | 262 | 951 |5425 |5425 |   0 |  0 |   0 |  37 | 4.300000e+01 | 9.920000e+01 | 130.70%| unknown
 2823s|479500 |358077 | 49424k| 103.1 |   751M | 262 | 951 |5425 |5425 |   0 |  0 |   0 |  37 | 4.300000e+01 | 9.920000e+01 | 130.70%| unknown
 2823s|479600 |358141 | 49439k| 103.1 |   751M | 262 | 951 |5425 |5425 |   0 |  0 |   0 |  37 | 4.300000e+01 | 9.920000e+01 | 130.70%| unknown
 2824s|479700 |358203 | 49457k| 103.1 |   751M | 262 | 951 |5425 |5425 |   0 |  0 |   0 |  37 | 4.300000e+01 | 9.920000e+01 | 130.70%| unknown
 2825s|479800 |358257 | 49476k| 103.1 |   751M | 262 | 951 |5425 |5425 |   0 |  0 |   0 |  37 | 4.300000e+01 | 9.920000e+01 | 130.70%| unknown
 time | node  | left  |LP iter|LP it/n|mem/heur|mdpt |vars |cons |rows |cuts |sepa|confs|strbr|  dualbound   | primalbound  |  gap   | compl. 
 2826s|479900 |358331 | 49493k| 103.1 |   751M | 262 | 951 |5425 |5425 |   0 |  0 |   0 |  37 | 4.300000e+01 | 9.920000e+01 | 130.70%| unknown
 2827s|480000 |358409 | 49515k| 103.2 |   751M | 262 | 951 |5425 |5425 |   0 |  0 |   0 |  37 | 4.300000e+01 | 9.920000e+01 | 130.70%| unknown
 2828s|480100 |358475 | 49542k| 103.2 |   751M | 262 | 951 |5425 |5425 |   0 |  0 |   0 |  37 | 4.300000e+01 | 9.920000e+01 | 130.70%| unknown
 2829s|480200 |358543 | 49555k| 103.2 |   751M | 262 | 951 |5425 |5425 |   0 |  0 |   0 |  37 | 4.300000e+01 | 9.920000e+01 | 130.70%| unknown
 2830s|480300 |358611 | 49570k| 103.2 |   751M | 262 | 951 |5425 |5425 |   0 |  0 |   0 |  37 | 4.300000e+01 | 9.920000e+01 | 130.70%| unknown
 2831s|480400 |358685 | 49585k| 103.2 |   751M | 262 | 951 |5425 |5425 |   0 |  0 |   0 |  37 | 4.300000e+01 | 9.920000e+01 | 130.70%| unknown
 2832s|480500 |358755 | 49622k| 103.3 |   752M | 262 | 951 |5425 |5425 |   0 |  0 |   0 |  37 | 4.300000e+01 | 9.920000e+01 | 130.70%| unknown
 2834s|480600 |358819 | 49662k| 103.3 |   752M | 262 | 951 |5425 |5425 |   0 |  0 |   0 |  37 | 4.300000e+01 | 9.920000e+01 | 130.70%| unknown
 2835s|480700 |358865 | 49681k| 103.4 |   752M | 262 | 951 |5425 |5425 |   0 |  0 |   0 |  37 | 4.300000e+01 | 9.920000e+01 | 130.70%| unknown
 2835s|480800 |358931 | 49682k| 103.3 |   752M | 262 | 951 |5425 |5425 |   0 |  0 |   0 |  37 | 4.300000e+01 | 9.920000e+01 | 130.70%| unknown
 2836s|480900 |358999 | 49684k| 103.3 |   752M | 262 | 951 |5425 |5425 |   0 |  0 |   0 |  37 | 4.300000e+01 | 9.920000e+01 | 130.70%| unknown
 2836s|481000 |359075 | 49685k| 103.3 |   752M | 262 | 951 |5425 |5425 |   0 |  0 |   0 |  37 | 4.300000e+01 | 9.920000e+01 | 130.70%| unknown
 2836s|481100 |359133 | 49686k| 103.3 |   752M | 262 | 951 |5425 |5425 |   0 |  0 |   0 |  37 | 4.300000e+01 | 9.920000e+01 | 130.70%| unknown
 2836s|481200 |359193 | 49687k| 103.3 |   752M | 262 | 951 |5425 |5425 |   0 |  0 |   0 |  37 | 4.300000e+01 | 9.920000e+01 | 130.70%| unknown
 2837s|481300 |359241 | 49699k| 103.3 |   752M | 262 | 951 |5425 |5425 |   0 |  0 |   0 |  37 | 4.300000e+01 | 9.920000e+01 | 130.70%| unknown
 time | node  | left  |LP iter|LP it/n|mem/heur|mdpt |vars |cons |rows |cuts |sepa|confs|strbr|  dualbound   | primalbound  |  gap   | compl. 
 2837s|481400 |359319 | 49704k| 103.2 |   752M | 262 | 951 |5425 |5425 |   0 |  0 |   0 |  37 | 4.300000e+01 | 9.920000e+01 | 130.70%| unknown
 2837s|481500 |359397 | 49705k| 103.2 |   752M | 262 | 951 |5425 |5425 |   0 |  0 |   0 |  37 | 4.300000e+01 | 9.920000e+01 | 130.70%| unknown
 2838s|481600 |359481 | 49706k| 103.2 |   752M | 262 | 951 |5425 |5425 |   0 |  0 |   0 |  37 | 4.300000e+01 | 9.920000e+01 | 130.70%| unknown
 2838s|481700 |359557 | 49708k| 103.2 |   754M | 262 | 951 |5425 |5425 |   0 |  0 |   0 |  37 | 4.300000e+01 | 9.920000e+01 | 130.70%| unknown
 2838s|481800 |359637 | 49709k| 103.2 |   754M | 262 | 951 |5425 |5425 |   0 |  0 |   0 |  37 | 4.300000e+01 | 9.920000e+01 | 130.70%| unknown
 2838s|481900 |359709 | 49710k| 103.2 |   754M | 262 | 951 |5425 |5425 |   0 |  0 |   0 |  37 | 4.300000e+01 | 9.920000e+01 | 130.70%| unknown
 2838s|482000 |359765 | 49711k| 103.1 |   754M | 262 | 951 |5425 |5425 |   0 |  0 |   0 |  37 | 4.300000e+01 | 9.920000e+01 | 130.70%| unknown
 2839s|482100 |359835 | 49720k| 103.1 |   754M | 262 | 951 |5425 |5425 |   0 |  0 |   0 |  37 | 4.300000e+01 | 9.920000e+01 | 130.70%| unknown
 2839s|482200 |359899 | 49722k| 103.1 |   754M | 262 | 951 |5425 |5425 |   0 |  0 |   0 |  37 | 4.300000e+01 | 9.920000e+01 | 130.70%| unknown
 2840s|482300 |359959 | 49736k| 103.1 |   754M | 262 | 951 |5425 |5425 |   0 |  0 |   0 |  37 | 4.300000e+01 | 9.920000e+01 | 130.70%| unknown
 2841s|482400 |360009 | 49756k| 103.1 |   754M | 262 | 951 |5425 |5425 |   0 |  0 |   0 |  37 | 4.300000e+01 | 9.920000e+01 | 130.70%| unknown
 2841s|482500 |360071 | 49772k| 103.2 |   754M | 262 | 951 |5425 |5425 |   0 |  0 |   0 |  37 | 4.300000e+01 | 9.920000e+01 | 130.70%| unknown
 2842s|482600 |360141 | 49773k| 103.1 |   754M | 262 | 951 |5425 |5425 |   0 |  0 |   0 |  37 | 4.300000e+01 | 9.920000e+01 | 130.70%| unknown
 2842s|482700 |360201 | 49774k| 103.1 |   754M | 262 | 951 |5425 |5425 |   0 |  0 |   0 |  37 | 4.300000e+01 | 9.920000e+01 | 130.70%| unknown
 2842s|482800 |360269 | 49775k| 103.1 |   754M | 262 | 951 |5425 |5425 |   0 |  0 |   0 |  37 | 4.300000e+01 | 9.920000e+01 | 130.70%| unknown
 time | node  | left  |LP iter|LP it/n|mem/heur|mdpt |vars |cons |rows |cuts |sepa|confs|strbr|  dualbound   | primalbound  |  gap   | compl. 
 2842s|482900 |360347 | 49776k| 103.1 |   756M | 262 | 951 |5425 |5425 |   0 |  0 |   0 |  37 | 4.300000e+01 | 9.920000e+01 | 130.70%| unknown
 2842s|483000 |360423 | 49777k| 103.1 |   756M | 262 | 951 |5425 |5425 |   0 |  0 |   0 |  37 | 4.300000e+01 | 9.920000e+01 | 130.70%| unknown
 2843s|483100 |360505 | 49778k| 103.0 |   756M | 262 | 951 |5425 |5425 |   0 |  0 |   0 |  37 | 4.300000e+01 | 9.920000e+01 | 130.70%| unknown
 2843s|483200 |360565 | 49779k| 103.0 |   756M | 262 | 951 |5425 |5425 |   0 |  0 |   0 |  37 | 4.300000e+01 | 9.920000e+01 | 130.70%| unknown
 2843s|483300 |360629 | 49792k| 103.0 |   756M | 262 | 951 |5425 |5425 |   0 |  0 |   0 |  37 | 4.300000e+01 | 9.920000e+01 | 130.70%| unknown
 2844s|483400 |360699 | 49808k| 103.0 |   756M | 262 | 951 |5425 |5425 |   0 |  0 |   0 |  37 | 4.300000e+01 | 9.920000e+01 | 130.70%| unknown
 2845s|483500 |360759 | 49821k| 103.0 |   756M | 262 | 951 |5425 |5425 |   0 |  0 |   0 |  37 | 4.300000e+01 | 9.920000e+01 | 130.70%| unknown
 2846s|483600 |360823 | 49829k| 103.0 |   756M | 262 | 951 |5425 |5425 |   0 |  0 |   0 |  37 | 4.300000e+01 | 9.920000e+01 | 130.70%| unknown
 2846s|483700 |360887 | 49830k| 103.0 |   756M | 262 | 951 |5425 |5425 |   0 |  0 |   0 |  37 | 4.300000e+01 | 9.920000e+01 | 130.70%| unknown
 2846s|483800 |360959 | 49831k| 103.0 |   756M | 262 | 951 |5425 |5425 |   0 |  0 |   0 |  37 | 4.300000e+01 | 9.920000e+01 | 130.70%| unknown
 2846s|483900 |361019 | 49833k| 103.0 |   756M | 262 | 951 |5425 |5425 |   0 |  0 |   0 |  37 | 4.300000e+01 | 9.920000e+01 | 130.70%| unknown
 2846s|484000 |361101 | 49834k| 103.0 |   757M | 262 | 951 |5425 |5425 |   0 |  0 |   0 |  37 | 4.300000e+01 | 9.920000e+01 | 130.70%| unknown
 2846s|484100 |361183 | 49835k| 102.9 |   757M | 262 | 951 |5425 |5425 |   0 |  0 |   0 |  37 | 4.300000e+01 | 9.920000e+01 | 130.70%| unknown
 2847s|484200 |361247 | 49836k| 102.9 |   758M | 262 | 951 |5425 |5425 |   0 |  0 |   0 |  37 | 4.300000e+01 | 9.920000e+01 | 130.70%| unknown
 2847s|484300 |361303 | 49837k| 102.9 |   758M | 262 | 951 |5425 |5425 |   0 |  0 |   0 |  37 | 4.300000e+01 | 9.920000e+01 | 130.70%| unknown
 time | node  | left  |LP iter|LP it/n|mem/heur|mdpt |vars |cons |rows |cuts |sepa|confs|strbr|  dualbound   | primalbound  |  gap   | compl. 
 2847s|484400 |361375 | 49838k| 102.9 |   758M | 262 | 951 |5425 |5425 |   0 |  0 |   0 |  37 | 4.300000e+01 | 9.920000e+01 | 130.70%| unknown
 2847s|484500 |361441 | 49840k| 102.9 |   758M | 262 | 951 |5425 |5425 |   0 |  0 |   0 |  37 | 4.300000e+01 | 9.920000e+01 | 130.70%| unknown
 2847s|484600 |361515 | 49843k| 102.9 |   758M | 262 | 951 |5425 |5425 |   0 |  0 |   0 |  37 | 4.300000e+01 | 9.920000e+01 | 130.70%| unknown
 2848s|484700 |361561 | 49856k| 102.9 |   758M | 262 | 951 |5425 |5425 |   0 |  0 |   0 |  37 | 4.300000e+01 | 9.920000e+01 | 130.70%| unknown
 2849s|484800 |361629 | 49885k| 102.9 |   758M | 262 | 951 |5425 |5425 |   0 |  0 |   0 |  37 | 4.300000e+01 | 9.920000e+01 | 130.70%| unknown
 2850s|484900 |361693 | 49894k| 102.9 |   758M | 262 | 951 |5425 |5425 |   0 |  0 |   0 |  37 | 4.300000e+01 | 9.920000e+01 | 130.70%| unknown
 2850s|485000 |361751 | 49904k| 102.9 |   758M | 262 | 951 |5425 |5425 |   0 |  0 |   0 |  37 | 4.300000e+01 | 9.920000e+01 | 130.70%| unknown
 2851s|485100 |361799 | 49905k| 102.9 |   758M | 262 | 951 |5425 |5425 |   0 |  0 |   0 |  37 | 4.300000e+01 | 9.920000e+01 | 130.70%| unknown
 2851s|485200 |361869 | 49920k| 102.9 |   758M | 262 | 951 |5425 |5425 |   0 |  0 |   0 |  37 | 4.300000e+01 | 9.920000e+01 | 130.70%| unknown
 2852s|485300 |361953 | 49937k| 102.9 |   759M | 262 | 951 |5425 |5425 |   0 |  0 |   0 |  37 | 4.300000e+01 | 9.920000e+01 | 130.70%| unknown
 2853s|485400 |362023 | 49956k| 102.9 |   759M | 262 | 951 |5425 |5425 |   0 |  0 |   0 |  37 | 4.300000e+01 | 9.920000e+01 | 130.70%| unknown
 2854s|485500 |362099 | 49962k| 102.9 |   759M | 262 | 951 |5425 |5425 |   0 |  0 |   0 |  37 | 4.300000e+01 | 9.920000e+01 | 130.70%| unknown
 2854s|485600 |362163 | 49963k| 102.9 |   759M | 262 | 951 |5425 |5425 |   0 |  0 |   0 |  37 | 4.300000e+01 | 9.920000e+01 | 130.70%| unknown
 2854s|485700 |362229 | 49964k| 102.9 |   759M | 262 | 951 |5425 |5425 |   0 |  0 |   0 |  37 | 4.300000e+01 | 9.920000e+01 | 130.70%| unknown
 2854s|485800 |362307 | 49966k| 102.9 |   759M | 262 | 951 |5425 |5425 |   0 |  0 |   0 |  37 | 4.300000e+01 | 9.920000e+01 | 130.70%| unknown
 time | node  | left  |LP iter|LP it/n|mem/heur|mdpt |vars |cons |rows |cuts |sepa|confs|strbr|  dualbound   | primalbound  |  gap   | compl. 
 2854s|485900 |362381 | 49967k| 102.8 |   759M | 262 | 951 |5425 |5425 |   0 |  0 |   0 |  37 | 4.300000e+01 | 9.920000e+01 | 130.70%| unknown
 2855s|486000 |362447 | 49968k| 102.8 |   759M | 262 | 951 |5425 |5425 |   0 |  0 |   0 |  37 | 4.300000e+01 | 9.920000e+01 | 130.70%| unknown
 2855s|486100 |362513 | 49970k| 102.8 |   759M | 262 | 951 |5425 |5425 |   0 |  0 |   0 |  37 | 4.300000e+01 | 9.920000e+01 | 130.70%| unknown
 2855s|486200 |362587 | 49971k| 102.8 |   759M | 262 | 951 |5425 |5425 |   0 |  0 |   0 |  37 | 4.300000e+01 | 9.920000e+01 | 130.70%| unknown
 2855s|486300 |362657 | 49972k| 102.8 |   759M | 262 | 951 |5425 |5425 |   0 |  0 |   0 |  37 | 4.300000e+01 | 9.920000e+01 | 130.70%| unknown
 2855s|486400 |362725 | 49974k| 102.7 |   760M | 262 | 951 |5425 |5425 |   0 |  0 |   0 |  37 | 4.300000e+01 | 9.920000e+01 | 130.70%| unknown
 2855s|486500 |362783 | 49975k| 102.7 |   760M | 262 | 951 |5425 |5425 |   0 |  0 |   0 |  37 | 4.300000e+01 | 9.920000e+01 | 130.70%| unknown
 2856s|486600 |362833 | 49976k| 102.7 |   760M | 262 | 951 |5425 |5425 |   0 |  0 |   0 |  37 | 4.300000e+01 | 9.920000e+01 | 130.70%| unknown
 2856s|486700 |362909 | 49978k| 102.7 |   760M | 262 | 951 |5425 |5425 |   0 |  0 |   0 |  37 | 4.300000e+01 | 9.920000e+01 | 130.70%| unknown
 2856s|486800 |362987 | 49979k| 102.7 |   760M | 262 | 951 |5425 |5425 |   0 |  0 |   0 |  37 | 4.300000e+01 | 9.920000e+01 | 130.70%| unknown
 2856s|486900 |363049 | 49980k| 102.6 |   760M | 262 | 951 |5425 |5425 |   0 |  0 |   0 |  37 | 4.300000e+01 | 9.920000e+01 | 130.70%| unknown
 2856s|487000 |363125 | 49981k| 102.6 |   760M | 262 | 951 |5425 |5425 |   0 |  0 |   0 |  37 | 4.300000e+01 | 9.920000e+01 | 130.70%| unknown
 2857s|487100 |363199 | 49982k| 102.6 |   760M | 262 | 951 |5425 |5425 |   0 |  0 |   0 |  37 | 4.300000e+01 | 9.920000e+01 | 130.70%| unknown
 2857s|487200 |363265 | 49983k| 102.6 |   760M | 262 | 951 |5425 |5425 |   0 |  0 |   0 |  37 | 4.300000e+01 | 9.920000e+01 | 130.70%| unknown
 2857s|487300 |363337 | 49984k| 102.6 |   760M | 262 | 951 |5425 |5425 |   0 |  0 |   0 |  37 | 4.300000e+01 | 9.920000e+01 | 130.70%| unknown
 time | node  | left  |LP iter|LP it/n|mem/heur|mdpt |vars |cons |rows |cuts |sepa|confs|strbr|  dualbound   | primalbound  |  gap   | compl. 
 2857s|487400 |363399 | 49986k| 102.6 |   760M | 262 | 951 |5425 |5425 |   0 |  0 |   0 |  37 | 4.300000e+01 | 9.920000e+01 | 130.70%| unknown
 2857s|487500 |363471 | 49987k| 102.5 |   761M | 262 | 951 |5425 |5425 |   0 |  0 |   0 |  37 | 4.300000e+01 | 9.920000e+01 | 130.70%| unknown
 2857s|487600 |363529 | 49988k| 102.5 |   761M | 262 | 951 |5425 |5425 |   0 |  0 |   0 |  37 | 4.300000e+01 | 9.920000e+01 | 130.70%| unknown
 2858s|487700 |363583 | 49990k| 102.5 |   761M | 262 | 951 |5425 |5425 |   0 |  0 |   0 |  37 | 4.300000e+01 | 9.920000e+01 | 130.70%| unknown
 2858s|487800 |363637 | 49991k| 102.5 |   761M | 262 | 951 |5425 |5425 |   0 |  0 |   0 |  37 | 4.300000e+01 | 9.920000e+01 | 130.70%| unknown
 2858s|487900 |363707 | 49992k| 102.5 |   761M | 262 | 951 |5425 |5425 |   0 |  0 |   0 |  37 | 4.300000e+01 | 9.920000e+01 | 130.70%| unknown
 2858s|488000 |363771 | 49993k| 102.4 |   761M | 262 | 951 |5425 |5425 |   0 |  0 |   0 |  37 | 4.300000e+01 | 9.920000e+01 | 130.70%| unknown
 2858s|488100 |363829 | 49995k| 102.4 |   762M | 262 | 951 |5425 |5425 |   0 |  0 |   0 |  37 | 4.300000e+01 | 9.920000e+01 | 130.70%| unknown
 2859s|488200 |363905 | 49997k| 102.4 |   762M | 262 | 951 |5425 |5425 |   0 |  0 |   0 |  37 | 4.300000e+01 | 9.920000e+01 | 130.70%| unknown
 2859s|488300 |363979 | 49998k| 102.4 |   762M | 262 | 951 |5425 |5425 |   0 |  0 |   0 |  37 | 4.300000e+01 | 9.920000e+01 | 130.70%| unknown
 2859s|488400 |364039 | 49999k| 102.4 |   762M | 262 | 951 |5425 |5425 |   0 |  0 |   0 |  37 | 4.300000e+01 | 9.920000e+01 | 130.70%| unknown
 2859s|488500 |364105 | 50000k| 102.4 |   762M | 262 | 951 |5425 |5425 |   0 |  0 |   0 |  37 | 4.300000e+01 | 9.920000e+01 | 130.70%| unknown
 2859s|488600 |364151 | 50002k| 102.3 |   762M | 262 | 951 |5425 |5425 |   0 |  0 |   0 |  37 | 4.300000e+01 | 9.920000e+01 | 130.70%| unknown
 2859s|488700 |364217 | 50003k| 102.3 |   762M | 262 | 951 |5425 |5425 |   0 |  0 |   0 |  37 | 4.300000e+01 | 9.920000e+01 | 130.70%| unknown
 2860s|488800 |364281 | 50004k| 102.3 |   763M | 262 | 951 |5425 |5425 |   0 |  0 |   0 |  37 | 4.300000e+01 | 9.920000e+01 | 130.70%| unknown
 time | node  | left  |LP iter|LP it/n|mem/heur|mdpt |vars |cons |rows |cuts |sepa|confs|strbr|  dualbound   | primalbound  |  gap   | compl. 
 2860s|488900 |364337 | 50005k| 102.3 |   763M | 262 | 951 |5425 |5425 |   0 |  0 |   0 |  37 | 4.300000e+01 | 9.920000e+01 | 130.70%| unknown
 2860s|489000 |364393 | 50006k| 102.3 |   763M | 262 | 951 |5425 |5425 |   0 |  0 |   0 |  37 | 4.300000e+01 | 9.920000e+01 | 130.70%| unknown
 2860s|489100 |364467 | 50007k| 102.2 |   763M | 262 | 951 |5425 |5425 |   0 |  0 |   0 |  37 | 4.300000e+01 | 9.920000e+01 | 130.70%| unknown
 2860s|489200 |364535 | 50008k| 102.2 |   763M | 262 | 951 |5425 |5425 |   0 |  0 |   0 |  37 | 4.300000e+01 | 9.920000e+01 | 130.70%| unknown
 2860s|489300 |364601 | 50009k| 102.2 |   763M | 262 | 951 |5425 |5425 |   0 |  0 |   0 |  37 | 4.300000e+01 | 9.920000e+01 | 130.70%| unknown
 2861s|489400 |364673 | 50010k| 102.2 |   763M | 262 | 951 |5425 |5425 |   0 |  0 |   0 |  37 | 4.300000e+01 | 9.920000e+01 | 130.70%| unknown
 2861s|489500 |364743 | 50011k| 102.2 |   763M | 262 | 951 |5425 |5425 |   0 |  0 |   0 |  37 | 4.300000e+01 | 9.920000e+01 | 130.70%| unknown
 2861s|489600 |364819 | 50021k| 102.2 |   765M | 262 | 951 |5425 |5425 |   0 |  0 |   0 |  37 | 4.300000e+01 | 9.920000e+01 | 130.70%| unknown
 2862s|489700 |364901 | 50040k| 102.2 |   765M | 262 | 951 |5425 |5425 |   0 |  0 |   0 |  37 | 4.300000e+01 | 9.920000e+01 | 130.70%| unknown
 2864s|489800 |364971 | 50061k| 102.2 |   765M | 262 | 951 |5425 |5425 |   0 |  0 |   0 |  37 | 4.300000e+01 | 9.920000e+01 | 130.70%| unknown
 2864s|489900 |365041 | 50076k| 102.2 |   765M | 262 | 951 |5425 |5425 |   0 |  0 |   0 |  37 | 4.300000e+01 | 9.920000e+01 | 130.70%| unknown
 2865s|490000 |365103 | 50089k| 102.2 |   766M | 262 | 951 |5425 |5425 |   0 |  0 |   0 |  37 | 4.300000e+01 | 9.920000e+01 | 130.70%| unknown
 2865s|490100 |365177 | 50091k| 102.2 |   766M | 262 | 951 |5425 |5425 |   0 |  0 |   0 |  37 | 4.300000e+01 | 9.920000e+01 | 130.70%| unknown
 2865s|490200 |365239 | 50092k| 102.2 |   766M | 262 | 951 |5425 |5425 |   0 |  0 |   0 |  37 | 4.300000e+01 | 9.920000e+01 | 130.70%| unknown
 2866s|490300 |365301 | 50093k| 102.2 |   766M | 262 | 951 |5425 |5425 |   0 |  0 |   0 |  37 | 4.300000e+01 | 9.920000e+01 | 130.70%| unknown
 time | node  | left  |LP iter|LP it/n|mem/heur|mdpt |vars |cons |rows |cuts |sepa|confs|strbr|  dualbound   | primalbound  |  gap   | compl. 
 2866s|490400 |365371 | 50094k| 102.1 |   766M | 262 | 951 |5425 |5425 |   0 |  0 |   0 |  37 | 4.300000e+01 | 9.920000e+01 | 130.70%| unknown
 2866s|490500 |365451 | 50095k| 102.1 |   766M | 262 | 951 |5425 |5425 |   0 |  0 |   0 |  37 | 4.300000e+01 | 9.920000e+01 | 130.70%| unknown
 2866s|490600 |365515 | 50097k| 102.1 |   766M | 262 | 951 |5425 |5425 |   0 |  0 |   0 |  37 | 4.300000e+01 | 9.920000e+01 | 130.70%| unknown
 2866s|490700 |365583 | 50098k| 102.1 |   766M | 262 | 951 |5425 |5425 |   0 |  0 |   0 |  37 | 4.300000e+01 | 9.920000e+01 | 130.70%| unknown
 2867s|490800 |365661 | 50115k| 102.1 |   766M | 271 | 951 |5425 |5425 |   0 |  0 |   0 |  37 | 4.300000e+01 | 9.920000e+01 | 130.70%| unknown
 2868s|490900 |365727 | 50136k| 102.1 |   766M | 271 | 951 |5425 |5425 |   0 |  0 |   0 |  37 | 4.300000e+01 | 9.920000e+01 | 130.70%| unknown
 2869s|491000 |365795 | 50157k| 102.2 |   766M | 271 | 951 |5425 |5425 |   0 |  0 |   0 |  37 | 4.300000e+01 | 9.920000e+01 | 130.70%| unknown
 2870s|491100 |365863 | 50160k| 102.1 |   767M | 271 | 951 |5425 |5425 |   0 |  0 |   0 |  37 | 4.300000e+01 | 9.920000e+01 | 130.70%| unknown
 2871s|491200 |365937 | 50189k| 102.2 |   767M | 271 | 951 |5425 |5425 |   0 |  0 |   0 |  37 | 4.300000e+01 | 9.920000e+01 | 130.70%| unknown
 2872s|491300 |366001 | 50214k| 102.2 |   767M | 271 | 951 |5425 |5425 |   0 |  0 |   0 |  37 | 4.300000e+01 | 9.920000e+01 | 130.70%| unknown
 2874s|491400 |366069 | 50253k| 102.3 |   767M | 271 | 951 |5425 |5425 |   0 |  0 |   0 |  37 | 4.300000e+01 | 9.920000e+01 | 130.70%| unknown
 2875s|491500 |366141 | 50273k| 102.3 |   767M | 271 | 951 |5425 |5425 |   0 |  0 |   0 |  37 | 4.300000e+01 | 9.920000e+01 | 130.70%| unknown
 2876s|491600 |366207 | 50297k| 102.3 |   767M | 271 | 951 |5425 |5425 |   0 |  0 |   0 |  37 | 4.300000e+01 | 9.920000e+01 | 130.70%| unknown
 2877s|491700 |366281 | 50322k| 102.3 |   767M | 271 | 951 |5425 |5425 |   0 |  0 |   0 |  37 | 4.300000e+01 | 9.920000e+01 | 130.70%| unknown
 2878s|491800 |366353 | 50342k| 102.4 |   767M | 271 | 951 |5425 |5425 |   0 |  0 |   0 |  37 | 4.300000e+01 | 9.920000e+01 | 130.70%| unknown
 time | node  | left  |LP iter|LP it/n|mem/heur|mdpt |vars |cons |rows |cuts |sepa|confs|strbr|  dualbound   | primalbound  |  gap   | compl. 
 2880s|491900 |366425 | 50369k| 102.4 |   767M | 271 | 951 |5425 |5425 |   0 |  0 |   0 |  37 | 4.300000e+01 | 9.920000e+01 | 130.70%| unknown
 2881s|492000 |366485 | 50389k| 102.4 |   767M | 271 | 951 |5425 |5425 |   0 |  0 |   0 |  37 | 4.300000e+01 | 9.920000e+01 | 130.70%| unknown
 2882s|492100 |366557 | 50411k| 102.4 |   767M | 271 | 951 |5425 |5425 |   0 |  0 |   0 |  37 | 4.300000e+01 | 9.920000e+01 | 130.70%| unknown
 2883s|492200 |366627 | 50428k| 102.5 |   767M | 271 | 951 |5425 |5425 |   0 |  0 |   0 |  37 | 4.300000e+01 | 9.920000e+01 | 130.70%| unknown
 2884s|492300 |366703 | 50448k| 102.5 |   768M | 271 | 951 |5425 |5425 |   0 |  0 |   0 |  37 | 4.300000e+01 | 9.920000e+01 | 130.70%| unknown
 2885s|492400 |366771 | 50473k| 102.5 |   768M | 271 | 951 |5425 |5425 |   0 |  0 |   0 |  37 | 4.300000e+01 | 9.920000e+01 | 130.70%| unknown
 2886s|492500 |366841 | 50501k| 102.5 |   768M | 271 | 951 |5425 |5425 |   0 |  0 |   0 |  37 | 4.300000e+01 | 9.920000e+01 | 130.70%| unknown
 2887s|492600 |366897 | 50520k| 102.6 |   769M | 271 | 951 |5425 |5425 |   0 |  0 |   0 |  37 | 4.300000e+01 | 9.920000e+01 | 130.70%| unknown
 2888s|492700 |366951 | 50540k| 102.6 |   769M | 271 | 951 |5425 |5425 |   0 |  0 |   0 |  37 | 4.300000e+01 | 9.920000e+01 | 130.70%| unknown
 2889s|492800 |367021 | 50560k| 102.6 |   769M | 271 | 951 |5425 |5425 |   0 |  0 |   0 |  37 | 4.300000e+01 | 9.920000e+01 | 130.70%| unknown
 2890s|492900 |367089 | 50571k| 102.6 |   769M | 271 | 951 |5425 |5425 |   0 |  0 |   0 |  37 | 4.300000e+01 | 9.920000e+01 | 130.70%| unknown
 2890s|493000 |367171 | 50572k| 102.6 |   769M | 271 | 951 |5425 |5425 |   0 |  0 |   0 |  37 | 4.300000e+01 | 9.920000e+01 | 130.70%| unknown
 2891s|493100 |367249 | 50578k| 102.6 |   769M | 271 | 951 |5425 |5425 |   0 |  0 |   0 |  37 | 4.300000e+01 | 9.920000e+01 | 130.70%| unknown
 2892s|493200 |367323 | 50595k| 102.6 |   769M | 271 | 951 |5425 |5425 |   0 |  0 |   0 |  37 | 4.300000e+01 | 9.920000e+01 | 130.70%| unknown
 2892s|493300 |367393 | 50608k| 102.6 |   769M | 271 | 951 |5425 |5425 |   0 |  0 |   0 |  37 | 4.300000e+01 | 9.920000e+01 | 130.70%| unknown
 time | node  | left  |LP iter|LP it/n|mem/heur|mdpt |vars |cons |rows |cuts |sepa|confs|strbr|  dualbound   | primalbound  |  gap   | compl. 
 2893s|493400 |367461 | 50623k| 102.6 |   770M | 271 | 951 |5425 |5425 |   0 |  0 |   0 |  37 | 4.300000e+01 | 9.920000e+01 | 130.70%| unknown
 2894s|493500 |367529 | 50643k| 102.6 |   770M | 271 | 951 |5425 |5425 |   0 |  0 |   0 |  37 | 4.300000e+01 | 9.920000e+01 | 130.70%| unknown
 2895s|493600 |367575 | 50666k| 102.6 |   770M | 271 | 951 |5425 |5425 |   0 |  0 |   0 |  37 | 4.300000e+01 | 9.920000e+01 | 130.70%| unknown
 2896s|493700 |367625 | 50683k| 102.7 |   770M | 271 | 951 |5425 |5425 |   0 |  0 |   0 |  37 | 4.300000e+01 | 9.920000e+01 | 130.70%| unknown
 2897s|493800 |367695 | 50698k| 102.7 |   770M | 271 | 951 |5425 |5425 |   0 |  0 |   0 |  37 | 4.300000e+01 | 9.920000e+01 | 130.70%| unknown
 2897s|493900 |367771 | 50703k| 102.7 |   770M | 271 | 951 |5425 |5425 |   0 |  0 |   0 |  37 | 4.300000e+01 | 9.920000e+01 | 130.70%| unknown
 2897s|494000 |367841 | 50704k| 102.6 |   770M | 271 | 951 |5425 |5425 |   0 |  0 |   0 |  37 | 4.300000e+01 | 9.920000e+01 | 130.70%| unknown
 2897s|494100 |367913 | 50705k| 102.6 |   770M | 271 | 951 |5425 |5425 |   0 |  0 |   0 |  37 | 4.300000e+01 | 9.920000e+01 | 130.70%| unknown
 2898s|494200 |367977 | 50710k| 102.6 |   770M | 271 | 951 |5425 |5425 |   0 |  0 |   0 |  37 | 4.300000e+01 | 9.920000e+01 | 130.70%| unknown
 2900s|494300 |368045 | 50749k| 102.7 |   770M | 271 | 951 |5425 |5425 |   0 |  0 |   0 |  37 | 4.300000e+01 | 9.920000e+01 | 130.70%| unknown
 2901s|494400 |368117 | 50774k| 102.7 |   770M | 271 | 951 |5425 |5425 |   0 |  0 |   0 |  37 | 4.300000e+01 | 9.920000e+01 | 130.70%| unknown
 2902s|494500 |368177 | 50800k| 102.7 |   770M | 271 | 951 |5425 |5425 |   0 |  0 |   0 |  37 | 4.300000e+01 | 9.920000e+01 | 130.70%| unknown
 2903s|494600 |368241 | 50814k| 102.7 |   771M | 271 | 951 |5425 |5425 |   0 |  0 |   0 |  37 | 4.300000e+01 | 9.920000e+01 | 130.70%| unknown
 2904s|494700 |368309 | 50833k| 102.8 |   771M | 271 | 951 |5425 |5425 |   0 |  0 |   0 |  37 | 4.300000e+01 | 9.920000e+01 | 130.70%| unknown
 2905s|494800 |368387 | 50844k| 102.8 |   771M | 271 | 951 |5425 |5425 |   0 |  0 |   0 |  37 | 4.300000e+01 | 9.920000e+01 | 130.70%| unknown
 time | node  | left  |LP iter|LP it/n|mem/heur|mdpt |vars |cons |rows |cuts |sepa|confs|strbr|  dualbound   | primalbound  |  gap   | compl. 
 2906s|494900 |368453 | 50881k| 102.8 |   771M | 271 | 951 |5425 |5425 |   0 |  0 |   0 |  37 | 4.300000e+01 | 9.920000e+01 | 130.70%| unknown
 2908s|495000 |368513 | 50905k| 102.8 |   771M | 271 | 951 |5425 |5425 |   0 |  0 |   0 |  37 | 4.300000e+01 | 9.920000e+01 | 130.70%| unknown
 2909s|495100 |368587 | 50926k| 102.9 |   771M | 271 | 951 |5425 |5425 |   0 |  0 |   0 |  37 | 4.300000e+01 | 9.920000e+01 | 130.70%| unknown
 2909s|495200 |368661 | 50933k| 102.9 |   772M | 271 | 951 |5425 |5425 |   0 |  0 |   0 |  37 | 4.300000e+01 | 9.920000e+01 | 130.70%| unknown
 2911s|495300 |368727 | 50970k| 102.9 |   772M | 271 | 951 |5425 |5425 |   0 |  0 |   0 |  37 | 4.300000e+01 | 9.920000e+01 | 130.70%| unknown
 2912s|495400 |368795 | 50997k| 102.9 |   772M | 271 | 951 |5425 |5425 |   0 |  0 |   0 |  37 | 4.300000e+01 | 9.920000e+01 | 130.70%| unknown
 2913s|495500 |368877 | 51019k| 103.0 |   772M | 271 | 951 |5425 |5425 |   0 |  0 |   0 |  37 | 4.300000e+01 | 9.920000e+01 | 130.70%| unknown
 2914s|495600 |368941 | 51043k| 103.0 |   772M | 271 | 951 |5425 |5425 |   0 |  0 |   0 |  37 | 4.300000e+01 | 9.920000e+01 | 130.70%| unknown
 2915s|495700 |369009 | 51062k| 103.0 |   772M | 271 | 951 |5425 |5425 |   0 |  0 |   0 |  37 | 4.300000e+01 | 9.920000e+01 | 130.70%| unknown
 2916s|495800 |369077 | 51085k| 103.0 |   773M | 271 | 951 |5425 |5425 |   0 |  0 |   0 |  37 | 4.300000e+01 | 9.920000e+01 | 130.70%| unknown
 2917s|495900 |369153 | 51086k| 103.0 |   773M | 271 | 951 |5425 |5425 |   0 |  0 |   0 |  37 | 4.300000e+01 | 9.920000e+01 | 130.70%| unknown
 2917s|496000 |369235 | 51087k| 103.0 |   773M | 271 | 951 |5425 |5425 |   0 |  0 |   0 |  37 | 4.300000e+01 | 9.920000e+01 | 130.70%| unknown
 2917s|496100 |369311 | 51099k| 103.0 |   774M | 271 | 951 |5425 |5425 |   0 |  0 |   0 |  37 | 4.300000e+01 | 9.920000e+01 | 130.70%| unknown
 2918s|496200 |369375 | 51119k| 103.0 |   774M | 271 | 951 |5425 |5425 |   0 |  0 |   0 |  37 | 4.300000e+01 | 9.920000e+01 | 130.70%| unknown
 2919s|496300 |369445 | 51138k| 103.0 |   774M | 271 | 951 |5425 |5425 |   0 |  0 |   0 |  37 | 4.300000e+01 | 9.920000e+01 | 130.70%| unknown
 time | node  | left  |LP iter|LP it/n|mem/heur|mdpt |vars |cons |rows |cuts |sepa|confs|strbr|  dualbound   | primalbound  |  gap   | compl. 
 2920s|496400 |369511 | 51154k| 103.0 |   774M | 271 | 951 |5425 |5425 |   0 |  0 |   0 |  37 | 4.300000e+01 | 9.920000e+01 | 130.70%| unknown
 2922s|496500 |369585 | 51180k| 103.1 |   774M | 271 | 951 |5425 |5425 |   0 |  0 |   0 |  37 | 4.300000e+01 | 9.920000e+01 | 130.70%| unknown
 2922s|496600 |369655 | 51193k| 103.1 |   774M | 271 | 951 |5425 |5425 |   0 |  0 |   0 |  37 | 4.300000e+01 | 9.920000e+01 | 130.70%| unknown
 2923s|496700 |369733 | 51212k| 103.1 |   774M | 271 | 951 |5425 |5425 |   0 |  0 |   0 |  37 | 4.300000e+01 | 9.920000e+01 | 130.70%| unknown
 2924s|496800 |369811 | 51224k| 103.1 |   774M | 271 | 951 |5425 |5425 |   0 |  0 |   0 |  37 | 4.300000e+01 | 9.920000e+01 | 130.70%| unknown
 2924s|496900 |369887 | 51238k| 103.1 |   775M | 271 | 951 |5425 |5425 |   0 |  0 |   0 |  37 | 4.300000e+01 | 9.920000e+01 | 130.70%| unknown
 2926s|497000 |369959 | 51260k| 103.1 |   775M | 271 | 951 |5425 |5425 |   0 |  0 |   0 |  37 | 4.300000e+01 | 9.920000e+01 | 130.70%| unknown
 2927s|497100 |370023 | 51280k| 103.2 |   775M | 271 | 951 |5425 |5425 |   0 |  0 |   0 |  37 | 4.300000e+01 | 9.920000e+01 | 130.70%| unknown
 2928s|497200 |370091 | 51299k| 103.2 |   775M | 271 | 951 |5425 |5425 |   0 |  0 |   0 |  37 | 4.300000e+01 | 9.920000e+01 | 130.70%| unknown
 2928s|497300 |370157 | 51317k| 103.2 |   775M | 271 | 951 |5425 |5425 |   0 |  0 |   0 |  37 | 4.300000e+01 | 9.920000e+01 | 130.70%| unknown
 2930s|497400 |370227 | 51352k| 103.2 |   775M | 271 | 951 |5425 |5425 |   0 |  0 |   0 |  37 | 4.300000e+01 | 9.920000e+01 | 130.70%| unknown
 2931s|497500 |370301 | 51371k| 103.3 |   775M | 271 | 951 |5425 |5425 |   0 |  0 |   0 |  37 | 4.300000e+01 | 9.920000e+01 | 130.70%| unknown
 2932s|497600 |370369 | 51385k| 103.3 |   775M | 271 | 951 |5425 |5425 |   0 |  0 |   0 |  37 | 4.300000e+01 | 9.920000e+01 | 130.70%| unknown
 2932s|497700 |370443 | 51400k| 103.3 |   775M | 271 | 951 |5425 |5425 |   0 |  0 |   0 |  37 | 4.300000e+01 | 9.920000e+01 | 130.70%| unknown
 2934s|497800 |370513 | 51432k| 103.3 |   775M | 271 | 951 |5425 |5425 |   0 |  0 |   0 |  37 | 4.300000e+01 | 9.920000e+01 | 130.70%| unknown
 time | node  | left  |LP iter|LP it/n|mem/heur|mdpt |vars |cons |rows |cuts |sepa|confs|strbr|  dualbound   | primalbound  |  gap   | compl. 
 2935s|497900 |370581 | 51443k| 103.3 |   775M | 271 | 951 |5425 |5425 |   0 |  0 |   0 |  37 | 4.300000e+01 | 9.920000e+01 | 130.70%| unknown
 2935s|498000 |370663 | 51460k| 103.3 |   776M | 271 | 951 |5425 |5425 |   0 |  0 |   0 |  37 | 4.300000e+01 | 9.920000e+01 | 130.70%| unknown
 2936s|498100 |370731 | 51481k| 103.4 |   776M | 271 | 951 |5425 |5425 |   0 |  0 |   0 |  37 | 4.300000e+01 | 9.920000e+01 | 130.70%| unknown
 2937s|498200 |370817 | 51495k| 103.4 |   776M | 271 | 951 |5425 |5425 |   0 |  0 |   0 |  37 | 4.300000e+01 | 9.920000e+01 | 130.70%| unknown
 2938s|498300 |370889 | 51510k| 103.4 |   776M | 271 | 951 |5425 |5425 |   0 |  0 |   0 |  37 | 4.300000e+01 | 9.920000e+01 | 130.70%| unknown
 2939s|498400 |370951 | 51528k| 103.4 |   776M | 271 | 951 |5425 |5425 |   0 |  0 |   0 |  37 | 4.300000e+01 | 9.920000e+01 | 130.70%| unknown
 2940s|498500 |371019 | 51552k| 103.4 |   776M | 271 | 951 |5425 |5425 |   0 |  0 |   0 |  37 | 4.300000e+01 | 9.920000e+01 | 130.70%| unknown
 2941s|498600 |371091 | 51576k| 103.4 |   776M | 271 | 951 |5425 |5425 |   0 |  0 |   0 |  37 | 4.300000e+01 | 9.920000e+01 | 130.70%| unknown
 2942s|498700 |371145 | 51593k| 103.5 |   776M | 271 | 951 |5425 |5425 |   0 |  0 |   0 |  37 | 4.300000e+01 | 9.920000e+01 | 130.70%| unknown
 2943s|498800 |371211 | 51602k| 103.5 |   776M | 271 | 951 |5425 |5425 |   0 |  0 |   0 |  37 | 4.300000e+01 | 9.920000e+01 | 130.70%| unknown
 2943s|498900 |371285 | 51611k| 103.4 |   776M | 271 | 951 |5425 |5425 |   0 |  0 |   0 |  37 | 4.300000e+01 | 9.920000e+01 | 130.70%| unknown
 2944s|499000 |371349 | 51638k| 103.5 |   777M | 271 | 951 |5425 |5425 |   0 |  0 |   0 |  37 | 4.300000e+01 | 9.920000e+01 | 130.70%| unknown
 2945s|499100 |371417 | 51652k| 103.5 |   778M | 271 | 951 |5425 |5425 |   0 |  0 |   0 |  37 | 4.300000e+01 | 9.920000e+01 | 130.70%| unknown
 2946s|499200 |371463 | 51675k| 103.5 |   778M | 271 | 951 |5425 |5425 |   0 |  0 |   0 |  37 | 4.300000e+01 | 9.920000e+01 | 130.70%| unknown
 2947s|499300 |371539 | 51689k| 103.5 |   778M | 271 | 951 |5425 |5425 |   0 |  0 |   0 |  37 | 4.300000e+01 | 9.920000e+01 | 130.70%| unknown
 time | node  | left  |LP iter|LP it/n|mem/heur|mdpt |vars |cons |rows |cuts |sepa|confs|strbr|  dualbound   | primalbound  |  gap   | compl. 
 2948s|499400 |371617 | 51702k| 103.5 |   778M | 271 | 951 |5425 |5425 |   0 |  0 |   0 |  37 | 4.300000e+01 | 9.920000e+01 | 130.70%| unknown
 2948s|499500 |371691 | 51710k| 103.5 |   778M | 271 | 951 |5425 |5425 |   0 |  0 |   0 |  37 | 4.300000e+01 | 9.920000e+01 | 130.70%| unknown
 2949s|499600 |371753 | 51729k| 103.5 |   778M | 271 | 951 |5425 |5425 |   0 |  0 |   0 |  37 | 4.300000e+01 | 9.920000e+01 | 130.70%| unknown
 2950s|499700 |371817 | 51745k| 103.6 |   778M | 271 | 951 |5425 |5425 |   0 |  0 |   0 |  37 | 4.300000e+01 | 9.920000e+01 | 130.70%| unknown
 2951s|499800 |371901 | 51774k| 103.6 |   778M | 271 | 951 |5425 |5425 |   0 |  0 |   0 |  37 | 4.300000e+01 | 9.920000e+01 | 130.70%| unknown
 2953s|499900 |371971 | 51804k| 103.6 |   778M | 271 | 951 |5425 |5425 |   0 |  0 |   0 |  37 | 4.300000e+01 | 9.920000e+01 | 130.70%| unknown
 2955s|500000 |372033 | 51840k| 103.7 |   778M | 271 | 951 |5425 |5425 |   0 |  0 |   0 |  37 | 4.300000e+01 | 9.920000e+01 | 130.70%| unknown
 2955s|500100 |372107 | 51853k| 103.7 |   778M | 271 | 951 |5425 |5425 |   0 |  0 |   0 |  37 | 4.300000e+01 | 9.920000e+01 | 130.70%| unknown
 2956s|500200 |372173 | 51864k| 103.7 |   778M | 271 | 951 |5425 |5425 |   0 |  0 |   0 |  37 | 4.300000e+01 | 9.920000e+01 | 130.70%| unknown
 2957s|500300 |372241 | 51888k| 103.7 |   780M | 271 | 951 |5425 |5425 |   0 |  0 |   0 |  37 | 4.300000e+01 | 9.920000e+01 | 130.70%| unknown
 2959s|500400 |372299 | 51927k| 103.8 |   780M | 271 | 951 |5425 |5425 |   0 |  0 |   0 |  37 | 4.300000e+01 | 9.920000e+01 | 130.70%| unknown
 2960s|500500 |372371 | 51945k| 103.8 |   780M | 271 | 951 |5425 |5425 |   0 |  0 |   0 |  37 | 4.300000e+01 | 9.920000e+01 | 130.70%| unknown
 2960s|500600 |372435 | 51953k| 103.8 |   780M | 271 | 951 |5425 |5425 |   0 |  0 |   0 |  37 | 4.300000e+01 | 9.920000e+01 | 130.70%| unknown
 2961s|500700 |372509 | 51954k| 103.8 |   780M | 271 | 951 |5425 |5425 |   0 |  0 |   0 |  37 | 4.300000e+01 | 9.920000e+01 | 130.70%| unknown
 2961s|500800 |372575 | 51956k| 103.7 |   780M | 271 | 951 |5425 |5425 |   0 |  0 |   0 |  37 | 4.300000e+01 | 9.920000e+01 | 130.70%| unknown
 time | node  | left  |LP iter|LP it/n|mem/heur|mdpt |vars |cons |rows |cuts |sepa|confs|strbr|  dualbound   | primalbound  |  gap   | compl. 
 2961s|500900 |372637 | 51957k| 103.7 |   780M | 271 | 951 |5425 |5425 |   0 |  0 |   0 |  37 | 4.300000e+01 | 9.920000e+01 | 130.70%| unknown
 2961s|501000 |372701 | 51958k| 103.7 |   780M | 271 | 951 |5425 |5425 |   0 |  0 |   0 |  37 | 4.300000e+01 | 9.920000e+01 | 130.70%| unknown
 2961s|501100 |372785 | 51959k| 103.7 |   780M | 271 | 951 |5425 |5425 |   0 |  0 |   0 |  37 | 4.300000e+01 | 9.920000e+01 | 130.70%| unknown
 2962s|501200 |372859 | 51981k| 103.7 |   780M | 271 | 951 |5425 |5425 |   0 |  0 |   0 |  37 | 4.300000e+01 | 9.920000e+01 | 130.70%| unknown
 2964s|501300 |372937 | 52012k| 103.8 |   780M | 271 | 951 |5425 |5425 |   0 |  0 |   0 |  37 | 4.300000e+01 | 9.920000e+01 | 130.70%| unknown
 2966s|501400 |373011 | 52054k| 103.8 |   781M | 271 | 951 |5425 |5425 |   0 |  0 |   0 |  37 | 4.300000e+01 | 9.920000e+01 | 130.70%| unknown
 2968s|501500 |373089 | 52093k| 103.9 |   781M | 271 | 951 |5425 |5425 |   0 |  0 |   0 |  37 | 4.300000e+01 | 9.920000e+01 | 130.70%| unknown
 2970s|501600 |373161 | 52132k| 103.9 |   781M | 271 | 951 |5425 |5425 |   0 |  0 |   0 |  37 | 4.300000e+01 | 9.920000e+01 | 130.70%| unknown
 2971s|501700 |373223 | 52148k| 103.9 |   781M | 271 | 951 |5425 |5425 |   0 |  0 |   0 |  37 | 4.300000e+01 | 9.920000e+01 | 130.70%| unknown
 2972s|501800 |373293 | 52177k| 104.0 |   781M | 271 | 951 |5425 |5425 |   0 |  0 |   0 |  37 | 4.300000e+01 | 9.920000e+01 | 130.70%| unknown
 2974s|501900 |373363 | 52218k| 104.0 |   781M | 271 | 951 |5425 |5425 |   0 |  0 |   0 |  37 | 4.300000e+01 | 9.920000e+01 | 130.70%| unknown
 2974s|502000 |373433 | 52229k| 104.0 |   781M | 271 | 951 |5425 |5425 |   0 |  0 |   0 |  37 | 4.300000e+01 | 9.920000e+01 | 130.70%| unknown
 2976s|502100 |373497 | 52263k| 104.1 |   781M | 271 | 951 |5425 |5425 |   0 |  0 |   0 |  37 | 4.300000e+01 | 9.920000e+01 | 130.70%| unknown
 2977s|502200 |373549 | 52287k| 104.1 |   781M | 271 | 951 |5425 |5425 |   0 |  0 |   0 |  37 | 4.300000e+01 | 9.920000e+01 | 130.70%| unknown
 2978s|502300 |373617 | 52287k| 104.1 |   781M | 271 | 951 |5425 |5425 |   0 |  0 |   0 |  37 | 4.300000e+01 | 9.920000e+01 | 130.70%| unknown
 time | node  | left  |LP iter|LP it/n|mem/heur|mdpt |vars |cons |rows |cuts |sepa|confs|strbr|  dualbound   | primalbound  |  gap   | compl. 
 2978s|502400 |373685 | 52290k| 104.1 |   781M | 271 | 951 |5425 |5425 |   0 |  0 |   0 |  37 | 4.300000e+01 | 9.920000e+01 | 130.70%| unknown
 2979s|502500 |373749 | 52313k| 104.1 |   781M | 271 | 951 |5425 |5425 |   0 |  0 |   0 |  37 | 4.300000e+01 | 9.920000e+01 | 130.70%| unknown
 2980s|502600 |373823 | 52330k| 104.1 |   783M | 271 | 951 |5425 |5425 |   0 |  0 |   0 |  37 | 4.300000e+01 | 9.920000e+01 | 130.70%| unknown
 2981s|502700 |373881 | 52351k| 104.1 |   783M | 271 | 951 |5425 |5425 |   0 |  0 |   0 |  37 | 4.300000e+01 | 9.920000e+01 | 130.70%| unknown
 2981s|502800 |373945 | 52355k| 104.1 |   783M | 271 | 951 |5425 |5425 |   0 |  0 |   0 |  37 | 4.300000e+01 | 9.920000e+01 | 130.70%| unknown
 2982s|502900 |374019 | 52378k| 104.2 |   783M | 271 | 951 |5425 |5425 |   0 |  0 |   0 |  37 | 4.300000e+01 | 9.920000e+01 | 130.70%| unknown
 2983s|503000 |374099 | 52391k| 104.2 |   783M | 271 | 951 |5425 |5425 |   0 |  0 |   0 |  37 | 4.300000e+01 | 9.920000e+01 | 130.70%| unknown
 2983s|503100 |374173 | 52397k| 104.1 |   783M | 271 | 951 |5425 |5425 |   0 |  0 |   0 |  37 | 4.300000e+01 | 9.920000e+01 | 130.70%| unknown
 2983s|503200 |374229 | 52398k| 104.1 |   783M | 271 | 951 |5425 |5425 |   0 |  0 |   0 |  37 | 4.300000e+01 | 9.920000e+01 | 130.70%| unknown
 2984s|503300 |374275 | 52399k| 104.1 |   783M | 271 | 951 |5425 |5425 |   0 |  0 |   0 |  37 | 4.300000e+01 | 9.920000e+01 | 130.70%| unknown
 2984s|503400 |374353 | 52401k| 104.1 |   783M | 271 | 951 |5425 |5425 |   0 |  0 |   0 |  37 | 4.300000e+01 | 9.920000e+01 | 130.70%| unknown
 2984s|503500 |374425 | 52402k| 104.1 |   783M | 271 | 951 |5425 |5425 |   0 |  0 |   0 |  37 | 4.300000e+01 | 9.920000e+01 | 130.70%| unknown
 2984s|503600 |374489 | 52404k| 104.1 |   783M | 271 | 951 |5425 |5425 |   0 |  0 |   0 |  37 | 4.300000e+01 | 9.920000e+01 | 130.70%| unknown
 2984s|503700 |374549 | 52405k| 104.0 |   783M | 271 | 951 |5425 |5425 |   0 |  0 |   0 |  37 | 4.300000e+01 | 9.920000e+01 | 130.70%| unknown
 2984s|503800 |374609 | 52406k| 104.0 |   785M | 271 | 951 |5425 |5425 |   0 |  0 |   0 |  37 | 4.300000e+01 | 9.920000e+01 | 130.70%| unknown
 time | node  | left  |LP iter|LP it/n|mem/heur|mdpt |vars |cons |rows |cuts |sepa|confs|strbr|  dualbound   | primalbound  |  gap   | compl. 
 2985s|503900 |374675 | 52418k| 104.0 |   785M | 271 | 951 |5425 |5425 |   0 |  0 |   0 |  37 | 4.300000e+01 | 9.920000e+01 | 130.70%| unknown
 2987s|504000 |374741 | 52450k| 104.1 |   785M | 271 | 951 |5425 |5425 |   0 |  0 |   0 |  37 | 4.300000e+01 | 9.920000e+01 | 130.70%| unknown
 2988s|504100 |374805 | 52470k| 104.1 |   785M | 271 | 951 |5425 |5425 |   0 |  0 |   0 |  37 | 4.300000e+01 | 9.920000e+01 | 130.70%| unknown
 2988s|504200 |374869 | 52480k| 104.1 |   785M | 271 | 951 |5425 |5425 |   0 |  0 |   0 |  37 | 4.300000e+01 | 9.920000e+01 | 130.70%| unknown
 2989s|504300 |374941 | 52501k| 104.1 |   785M | 271 | 951 |5425 |5425 |   0 |  0 |   0 |  37 | 4.300000e+01 | 9.920000e+01 | 130.70%| unknown
 2991s|504400 |375011 | 52524k| 104.1 |   785M | 271 | 951 |5425 |5425 |   0 |  0 |   0 |  37 | 4.300000e+01 | 9.920000e+01 | 130.70%| unknown
 2991s|504500 |375083 | 52543k| 104.1 |   785M | 271 | 951 |5425 |5425 |   0 |  0 |   0 |  37 | 4.300000e+01 | 9.920000e+01 | 130.70%| unknown
 2992s|504600 |375145 | 52555k| 104.2 |   785M | 271 | 951 |5425 |5425 |   0 |  0 |   0 |  37 | 4.300000e+01 | 9.920000e+01 | 130.70%| unknown
 2993s|504700 |375217 | 52561k| 104.1 |   785M | 271 | 951 |5425 |5425 |   0 |  0 |   0 |  37 | 4.300000e+01 | 9.920000e+01 | 130.70%| unknown
 2993s|504800 |375287 | 52562k| 104.1 |   785M | 271 | 951 |5425 |5425 |   0 |  0 |   0 |  37 | 4.300000e+01 | 9.920000e+01 | 130.70%| unknown
 2994s|504900 |375357 | 52580k| 104.1 |   785M | 271 | 951 |5425 |5425 |   0 |  0 |   0 |  37 | 4.300000e+01 | 9.920000e+01 | 130.70%| unknown
 2995s|505000 |375431 | 52594k| 104.1 |   786M | 271 | 951 |5425 |5425 |   0 |  0 |   0 |  37 | 4.300000e+01 | 9.920000e+01 | 130.70%| unknown
 2996s|505100 |375499 | 52615k| 104.2 |   786M | 271 | 951 |5425 |5425 |   0 |  0 |   0 |  37 | 4.300000e+01 | 9.920000e+01 | 130.70%| unknown
 2996s|505200 |375575 | 52631k| 104.2 |   786M | 271 | 951 |5425 |5425 |   0 |  0 |   0 |  37 | 4.300000e+01 | 9.920000e+01 | 130.70%| unknown
 2998s|505300 |375655 | 52664k| 104.2 |   786M | 271 | 951 |5425 |5425 |   0 |  0 |   0 |  37 | 4.300000e+01 | 9.920000e+01 | 130.70%| unknown
 time | node  | left  |LP iter|LP it/n|mem/heur|mdpt |vars |cons |rows |cuts |sepa|confs|strbr|  dualbound   | primalbound  |  gap   | compl. 
 2999s|505400 |375729 | 52686k| 104.2 |   786M | 271 | 951 |5425 |5425 |   0 |  0 |   0 |  37 | 4.300000e+01 | 9.920000e+01 | 130.70%| unknown
 3000s|505500 |375801 | 52707k| 104.3 |   786M | 271 | 951 |5425 |5425 |   0 |  0 |   0 |  37 | 4.300000e+01 | 9.920000e+01 | 130.70%| unknown
 3001s|505600 |375873 | 52724k| 104.3 |   786M | 271 | 951 |5425 |5425 |   0 |  0 |   0 |  37 | 4.300000e+01 | 9.920000e+01 | 130.70%| unknown
 3002s|505700 |375945 | 52746k| 104.3 |   786M | 271 | 951 |5425 |5425 |   0 |  0 |   0 |  37 | 4.300000e+01 | 9.920000e+01 | 130.70%| unknown
 3003s|505800 |376011 | 52759k| 104.3 |   786M | 271 | 951 |5425 |5425 |   0 |  0 |   0 |  37 | 4.300000e+01 | 9.920000e+01 | 130.70%| unknown
 3004s|505900 |376089 | 52773k| 104.3 |   786M | 271 | 951 |5425 |5425 |   0 |  0 |   0 |  37 | 4.300000e+01 | 9.920000e+01 | 130.70%| unknown
 3005s|506000 |376167 | 52785k| 104.3 |   787M | 271 | 951 |5425 |5425 |   0 |  0 |   0 |  37 | 4.300000e+01 | 9.920000e+01 | 130.70%| unknown
 3006s|506100 |376233 | 52806k| 104.3 |   787M | 271 | 951 |5425 |5425 |   0 |  0 |   0 |  37 | 4.300000e+01 | 9.920000e+01 | 130.70%| unknown
 3006s|506200 |376303 | 52822k| 104.4 |   787M | 271 | 951 |5425 |5425 |   0 |  0 |   0 |  37 | 4.300000e+01 | 9.920000e+01 | 130.70%| unknown
 3007s|506300 |376385 | 52834k| 104.4 |   787M | 271 | 951 |5425 |5425 |   0 |  0 |   0 |  37 | 4.300000e+01 | 9.920000e+01 | 130.70%| unknown
 3007s|506400 |376475 | 52839k| 104.3 |   787M | 271 | 951 |5425 |5425 |   0 |  0 |   0 |  37 | 4.300000e+01 | 9.920000e+01 | 130.70%| unknown
 3009s|506500 |376545 | 52864k| 104.4 |   787M | 271 | 951 |5425 |5425 |   0 |  0 |   0 |  37 | 4.300000e+01 | 9.920000e+01 | 130.70%| unknown
 3009s|506600 |376617 | 52881k| 104.4 |   787M | 271 | 951 |5425 |5425 |   0 |  0 |   0 |  37 | 4.300000e+01 | 9.920000e+01 | 130.70%| unknown
 3010s|506700 |376689 | 52900k| 104.4 |   787M | 271 | 951 |5425 |5425 |   0 |  0 |   0 |  37 | 4.300000e+01 | 9.920000e+01 | 130.70%| unknown
 3011s|506800 |376755 | 52913k| 104.4 |   787M | 271 | 951 |5425 |5425 |   0 |  0 |   0 |  37 | 4.300000e+01 | 9.920000e+01 | 130.70%| unknown
 time | node  | left  |LP iter|LP it/n|mem/heur|mdpt |vars |cons |rows |cuts |sepa|confs|strbr|  dualbound   | primalbound  |  gap   | compl. 
 3012s|506900 |376823 | 52933k| 104.4 |   787M | 271 | 951 |5425 |5425 |   0 |  0 |   0 |  37 | 4.300000e+01 | 9.920000e+01 | 130.70%| unknown
 3013s|507000 |376891 | 52957k| 104.5 |   787M | 271 | 951 |5425 |5425 |   0 |  0 |   0 |  37 | 4.300000e+01 | 9.920000e+01 | 130.70%| unknown
 3014s|507100 |376957 | 52976k| 104.5 |   789M | 271 | 951 |5425 |5425 |   0 |  0 |   0 |  37 | 4.300000e+01 | 9.920000e+01 | 130.70%| unknown
 3015s|507200 |377025 | 52986k| 104.5 |   789M | 271 | 951 |5425 |5425 |   0 |  0 |   0 |  37 | 4.300000e+01 | 9.920000e+01 | 130.70%| unknown
 3016s|507300 |377095 | 53008k| 104.5 |   789M | 271 | 951 |5425 |5425 |   0 |  0 |   0 |  37 | 4.300000e+01 | 9.920000e+01 | 130.70%| unknown
 3017s|507400 |377159 | 53042k| 104.5 |   789M | 271 | 951 |5425 |5425 |   0 |  0 |   0 |  37 | 4.300000e+01 | 9.920000e+01 | 130.70%| unknown
 3018s|507500 |377233 | 53054k| 104.5 |   789M | 271 | 951 |5425 |5425 |   0 |  0 |   0 |  37 | 4.300000e+01 | 9.920000e+01 | 130.70%| unknown
 3019s|507600 |377303 | 53065k| 104.5 |   789M | 271 | 951 |5425 |5425 |   0 |  0 |   0 |  37 | 4.300000e+01 | 9.920000e+01 | 130.70%| unknown
 3019s|507700 |377367 | 53079k| 104.5 |   789M | 271 | 951 |5425 |5425 |   0 |  0 |   0 |  37 | 4.300000e+01 | 9.920000e+01 | 130.70%| unknown
 3021s|507800 |377443 | 53112k| 104.6 |   789M | 271 | 951 |5425 |5425 |   0 |  0 |   0 |  37 | 4.300000e+01 | 9.920000e+01 | 130.70%| unknown
 3022s|507900 |377525 | 53127k| 104.6 |   789M | 271 | 951 |5425 |5425 |   0 |  0 |   0 |  37 | 4.300000e+01 | 9.920000e+01 | 130.70%| unknown
 3023s|508000 |377587 | 53146k| 104.6 |   789M | 271 | 951 |5425 |5425 |   0 |  0 |   0 |  37 | 4.300000e+01 | 9.920000e+01 | 130.70%| unknown
 3024s|508100 |377655 | 53174k| 104.7 |   789M | 271 | 951 |5425 |5425 |   0 |  0 |   0 |  37 | 4.300000e+01 | 9.920000e+01 | 130.70%| unknown
 3025s|508200 |377729 | 53200k| 104.7 |   789M | 271 | 951 |5425 |5425 |   0 |  0 |   0 |  37 | 4.300000e+01 | 9.920000e+01 | 130.70%| unknown
 3028s|508300 |377791 | 53241k| 104.7 |   790M | 271 | 951 |5425 |5425 |   0 |  0 |   0 |  37 | 4.300000e+01 | 9.920000e+01 | 130.70%| unknown
 time | node  | left  |LP iter|LP it/n|mem/heur|mdpt |vars |cons |rows |cuts |sepa|confs|strbr|  dualbound   | primalbound  |  gap   | compl. 
 3029s|508400 |377851 | 53261k| 104.8 |   790M | 271 | 951 |5425 |5425 |   0 |  0 |   0 |  37 | 4.300000e+01 | 9.920000e+01 | 130.70%| unknown
 3029s|508500 |377925 | 53262k| 104.7 |   790M | 271 | 951 |5425 |5425 |   0 |  0 |   0 |  37 | 4.300000e+01 | 9.920000e+01 | 130.70%| unknown
 3030s|508600 |377991 | 53279k| 104.8 |   790M | 271 | 951 |5425 |5425 |   0 |  0 |   0 |  37 | 4.300000e+01 | 9.920000e+01 | 130.70%| unknown
 3030s|508700 |378063 | 53287k| 104.8 |   790M | 271 | 951 |5425 |5425 |   0 |  0 |   0 |  37 | 4.300000e+01 | 9.920000e+01 | 130.70%| unknown
 3030s|508800 |378133 | 53288k| 104.7 |   790M | 271 | 951 |5425 |5425 |   0 |  0 |   0 |  37 | 4.300000e+01 | 9.920000e+01 | 130.70%| unknown
 3030s|508900 |378201 | 53290k| 104.7 |   790M | 271 | 951 |5425 |5425 |   0 |  0 |   0 |  37 | 4.300000e+01 | 9.920000e+01 | 130.70%| unknown
 3031s|509000 |378277 | 53291k| 104.7 |   791M | 271 | 951 |5425 |5425 |   0 |  0 |   0 |  37 | 4.300000e+01 | 9.920000e+01 | 130.70%| unknown
 3031s|509100 |378337 | 53292k| 104.7 |   792M | 271 | 951 |5425 |5425 |   0 |  0 |   0 |  37 | 4.300000e+01 | 9.920000e+01 | 130.70%| unknown
 3031s|509200 |378405 | 53293k| 104.7 |   792M | 271 | 951 |5425 |5425 |   0 |  0 |   0 |  37 | 4.300000e+01 | 9.920000e+01 | 130.70%| unknown
 3031s|509300 |378465 | 53295k| 104.6 |   792M | 271 | 951 |5425 |5425 |   0 |  0 |   0 |  37 | 4.300000e+01 | 9.920000e+01 | 130.70%| unknown
 3031s|509400 |378535 | 53296k| 104.6 |   792M | 271 | 951 |5425 |5425 |   0 |  0 |   0 |  37 | 4.300000e+01 | 9.920000e+01 | 130.70%| unknown
 3032s|509500 |378603 | 53304k| 104.6 |   793M | 271 | 951 |5425 |5425 |   0 |  0 |   0 |  37 | 4.300000e+01 | 9.920000e+01 | 130.70%| unknown
 3033s|509600 |378669 | 53317k| 104.6 |   793M | 271 | 951 |5425 |5425 |   0 |  0 |   0 |  37 | 4.300000e+01 | 9.920000e+01 | 130.70%| unknown
 3033s|509700 |378743 | 53320k| 104.6 |   793M | 271 | 951 |5425 |5425 |   0 |  0 |   0 |  37 | 4.300000e+01 | 9.920000e+01 | 130.70%| unknown
 3033s|509800 |378807 | 53321k| 104.6 |   793M | 271 | 951 |5425 |5425 |   0 |  0 |   0 |  37 | 4.300000e+01 | 9.920000e+01 | 130.70%| unknown
 time | node  | left  |LP iter|LP it/n|mem/heur|mdpt |vars |cons |rows |cuts |sepa|confs|strbr|  dualbound   | primalbound  |  gap   | compl. 
 3033s|509900 |378869 | 53322k| 104.6 |   793M | 271 | 951 |5425 |5425 |   0 |  0 |   0 |  37 | 4.300000e+01 | 9.920000e+01 | 130.70%| unknown
 3034s|510000 |378939 | 53344k| 104.6 |   793M | 271 | 951 |5425 |5425 |   0 |  0 |   0 |  37 | 4.300000e+01 | 9.920000e+01 | 130.70%| unknown
 3036s|510100 |379007 | 53370k| 104.6 |   793M | 271 | 951 |5425 |5425 |   0 |  0 |   0 |  37 | 4.300000e+01 | 9.920000e+01 | 130.70%| unknown
 3037s|510200 |379087 | 53389k| 104.6 |   793M | 271 | 951 |5425 |5425 |   0 |  0 |   0 |  37 | 4.300000e+01 | 9.920000e+01 | 130.70%| unknown
 3037s|510300 |379161 | 53404k| 104.7 |   793M | 271 | 951 |5425 |5425 |   0 |  0 |   0 |  37 | 4.300000e+01 | 9.920000e+01 | 130.70%| unknown
 3039s|510400 |379229 | 53439k| 104.7 |   793M | 271 | 951 |5425 |5425 |   0 |  0 |   0 |  37 | 4.300000e+01 | 9.920000e+01 | 130.70%| unknown
 3040s|510500 |379293 | 53460k| 104.7 |   793M | 271 | 951 |5425 |5425 |   0 |  0 |   0 |  37 | 4.300000e+01 | 9.920000e+01 | 130.70%| unknown
 3041s|510600 |379355 | 53478k| 104.7 |   794M | 271 | 951 |5425 |5425 |   0 |  0 |   0 |  37 | 4.300000e+01 | 9.920000e+01 | 130.70%| unknown
 3042s|510700 |379419 | 53497k| 104.8 |   794M | 271 | 951 |5425 |5425 |   0 |  0 |   0 |  37 | 4.300000e+01 | 9.920000e+01 | 130.70%| unknown
 3043s|510800 |379493 | 53518k| 104.8 |   794M | 271 | 951 |5425 |5425 |   0 |  0 |   0 |  37 | 4.300000e+01 | 9.920000e+01 | 130.70%| unknown
 3044s|510900 |379567 | 53531k| 104.8 |   794M | 271 | 951 |5425 |5425 |   0 |  0 |   0 |  37 | 4.300000e+01 | 9.920000e+01 | 130.70%| unknown
 3045s|511000 |379637 | 53558k| 104.8 |   794M | 271 | 951 |5425 |5425 |   0 |  0 |   0 |  37 | 4.300000e+01 | 9.920000e+01 | 130.70%| unknown
 3046s|511100 |379703 | 53580k| 104.8 |   794M | 271 | 951 |5425 |5425 |   0 |  0 |   0 |  37 | 4.300000e+01 | 9.920000e+01 | 130.70%| unknown
 3047s|511200 |379781 | 53598k| 104.8 |   794M | 271 | 951 |5425 |5425 |   0 |  0 |   0 |  37 | 4.300000e+01 | 9.920000e+01 | 130.70%| unknown
 3048s|511300 |379845 | 53622k| 104.9 |   794M | 271 | 951 |5425 |5425 |   0 |  0 |   0 |  37 | 4.300000e+01 | 9.920000e+01 | 130.70%| unknown
 time | node  | left  |LP iter|LP it/n|mem/heur|mdpt |vars |cons |rows |cuts |sepa|confs|strbr|  dualbound   | primalbound  |  gap   | compl. 
 3049s|511400 |379907 | 53643k| 104.9 |   794M | 271 | 951 |5425 |5425 |   0 |  0 |   0 |  37 | 4.300000e+01 | 9.920000e+01 | 130.70%| unknown
 3050s|511500 |379979 | 53658k| 104.9 |   794M | 271 | 951 |5425 |5425 |   0 |  0 |   0 |  37 | 4.300000e+01 | 9.920000e+01 | 130.70%| unknown
 3051s|511600 |380053 | 53675k| 104.9 |   794M | 271 | 951 |5425 |5425 |   0 |  0 |   0 |  37 | 4.300000e+01 | 9.920000e+01 | 130.70%| unknown
 3052s|511700 |380125 | 53688k| 104.9 |   794M | 271 | 951 |5425 |5425 |   0 |  0 |   0 |  37 | 4.300000e+01 | 9.920000e+01 | 130.70%| unknown
 3053s|511800 |380201 | 53703k| 104.9 |   795M | 271 | 951 |5425 |5425 |   0 |  0 |   0 |  37 | 4.300000e+01 | 9.920000e+01 | 130.70%| unknown
 3054s|511900 |380263 | 53725k| 105.0 |   795M | 271 | 951 |5425 |5425 |   0 |  0 |   0 |  37 | 4.300000e+01 | 9.920000e+01 | 130.70%| unknown
 3054s|512000 |380341 | 53741k| 105.0 |   795M | 271 | 951 |5425 |5425 |   0 |  0 |   0 |  37 | 4.300000e+01 | 9.920000e+01 | 130.70%| unknown
 3055s|512100 |380423 | 53760k| 105.0 |   795M | 271 | 951 |5425 |5425 |   0 |  0 |   0 |  37 | 4.300000e+01 | 9.920000e+01 | 130.70%| unknown
 3056s|512200 |380479 | 53776k| 105.0 |   796M | 271 | 951 |5425 |5425 |   0 |  0 |   0 |  37 | 4.300000e+01 | 9.920000e+01 | 130.70%| unknown
 3058s|512300 |380547 | 53801k| 105.0 |   796M | 271 | 951 |5425 |5425 |   0 |  0 |   0 |  37 | 4.300000e+01 | 9.920000e+01 | 130.70%| unknown
 3058s|512400 |380607 | 53807k| 105.0 |   796M | 271 | 951 |5425 |5425 |   0 |  0 |   0 |  37 | 4.300000e+01 | 9.920000e+01 | 130.70%| unknown
 3058s|512500 |380679 | 53808k| 105.0 |   796M | 271 | 951 |5425 |5425 |   0 |  0 |   0 |  37 | 4.300000e+01 | 9.920000e+01 | 130.70%| unknown
 3058s|512600 |380751 | 53809k| 105.0 |   796M | 271 | 951 |5425 |5425 |   0 |  0 |   0 |  37 | 4.300000e+01 | 9.920000e+01 | 130.70%| unknown
 3058s|512700 |380811 | 53810k| 105.0 |   796M | 271 | 951 |5425 |5425 |   0 |  0 |   0 |  37 | 4.300000e+01 | 9.920000e+01 | 130.70%| unknown
 3059s|512800 |380879 | 53811k| 104.9 |   796M | 271 | 951 |5425 |5425 |   0 |  0 |   0 |  37 | 4.300000e+01 | 9.920000e+01 | 130.70%| unknown
 time | node  | left  |LP iter|LP it/n|mem/heur|mdpt |vars |cons |rows |cuts |sepa|confs|strbr|  dualbound   | primalbound  |  gap   | compl. 
 3059s|512900 |380957 | 53817k| 104.9 |   797M | 271 | 951 |5425 |5425 |   0 |  0 |   0 |  37 | 4.300000e+01 | 9.920000e+01 | 130.70%| unknown
 3060s|513000 |381013 | 53842k| 105.0 |   797M | 271 | 951 |5425 |5425 |   0 |  0 |   0 |  37 | 4.300000e+01 | 9.920000e+01 | 130.70%| unknown
 3061s|513100 |381075 | 53860k| 105.0 |   797M | 271 | 951 |5425 |5425 |   0 |  0 |   0 |  37 | 4.300000e+01 | 9.920000e+01 | 130.70%| unknown
 3062s|513200 |381141 | 53874k| 105.0 |   797M | 271 | 951 |5425 |5425 |   0 |  0 |   0 |  37 | 4.300000e+01 | 9.920000e+01 | 130.70%| unknown
 3063s|513300 |381207 | 53886k| 105.0 |   797M | 271 | 951 |5425 |5425 |   0 |  0 |   0 |  37 | 4.300000e+01 | 9.920000e+01 | 130.70%| unknown
 3064s|513400 |381269 | 53911k| 105.0 |   797M | 271 | 951 |5425 |5425 |   0 |  0 |   0 |  37 | 4.300000e+01 | 9.920000e+01 | 130.70%| unknown
 3064s|513500 |381335 | 53923k| 105.0 |   797M | 271 | 951 |5425 |5425 |   0 |  0 |   0 |  37 | 4.300000e+01 | 9.920000e+01 | 130.70%| unknown
 3065s|513600 |381401 | 53942k| 105.0 |   797M | 271 | 951 |5425 |5425 |   0 |  0 |   0 |  37 | 4.300000e+01 | 9.920000e+01 | 130.70%| unknown
 3066s|513700 |381473 | 53955k| 105.0 |   797M | 271 | 951 |5425 |5425 |   0 |  0 |   0 |  37 | 4.300000e+01 | 9.920000e+01 | 130.70%| unknown
 3067s|513800 |381545 | 53978k| 105.1 |   797M | 271 | 951 |5425 |5425 |   0 |  0 |   0 |  37 | 4.300000e+01 | 9.920000e+01 | 130.70%| unknown
 3068s|513900 |381621 | 53996k| 105.1 |   797M | 271 | 951 |5425 |5425 |   0 |  0 |   0 |  37 | 4.300000e+01 | 9.920000e+01 | 130.70%| unknown
 3069s|514000 |381691 | 54005k| 105.1 |   797M | 271 | 951 |5425 |5425 |   0 |  0 |   0 |  37 | 4.300000e+01 | 9.920000e+01 | 130.70%| unknown
 3069s|514100 |381775 | 54015k| 105.1 |   798M | 271 | 951 |5425 |5425 |   0 |  0 |   0 |  37 | 4.300000e+01 | 9.920000e+01 | 130.70%| unknown
 3070s|514200 |381841 | 54034k| 105.1 |   798M | 271 | 951 |5425 |5425 |   0 |  0 |   0 |  37 | 4.300000e+01 | 9.920000e+01 | 130.70%| unknown
 3071s|514300 |381911 | 54050k| 105.1 |   798M | 271 | 951 |5425 |5425 |   0 |  0 |   0 |  37 | 4.300000e+01 | 9.920000e+01 | 130.70%| unknown
 time | node  | left  |LP iter|LP it/n|mem/heur|mdpt |vars |cons |rows |cuts |sepa|confs|strbr|  dualbound   | primalbound  |  gap   | compl. 
 3072s|514400 |381981 | 54064k| 105.1 |   798M | 271 | 951 |5425 |5425 |   0 |  0 |   0 |  37 | 4.300000e+01 | 9.920000e+01 | 130.70%| unknown
 3073s|514500 |382055 | 54087k| 105.1 |   798M | 271 | 951 |5425 |5425 |   0 |  0 |   0 |  37 | 4.300000e+01 | 9.920000e+01 | 130.70%| unknown
 3074s|514600 |382131 | 54109k| 105.1 |   798M | 271 | 951 |5425 |5425 |   0 |  0 |   0 |  37 | 4.300000e+01 | 9.920000e+01 | 130.70%| unknown
 3076s|514700 |382211 | 54144k| 105.2 |   798M | 271 | 951 |5425 |5425 |   0 |  0 |   0 |  37 | 4.300000e+01 | 9.920000e+01 | 130.70%| unknown
 3076s|514800 |382281 | 54157k| 105.2 |   798M | 271 | 951 |5425 |5425 |   0 |  0 |   0 |  37 | 4.300000e+01 | 9.920000e+01 | 130.70%| unknown
 3078s|514900 |382353 | 54188k| 105.2 |   798M | 271 | 951 |5425 |5425 |   0 |  0 |   0 |  37 | 4.300000e+01 | 9.920000e+01 | 130.70%| unknown
 3079s|515000 |382421 | 54205k| 105.3 |   798M | 271 | 951 |5425 |5425 |   0 |  0 |   0 |  37 | 4.300000e+01 | 9.920000e+01 | 130.70%| unknown
 3080s|515100 |382487 | 54226k| 105.3 |   798M | 271 | 951 |5425 |5425 |   0 |  0 |   0 |  37 | 4.300000e+01 | 9.920000e+01 | 130.70%| unknown
 3081s|515200 |382561 | 54249k| 105.3 |   799M | 271 | 951 |5425 |5425 |   0 |  0 |   0 |  37 | 4.300000e+01 | 9.920000e+01 | 130.70%| unknown
 3083s|515300 |382631 | 54283k| 105.3 |   799M | 271 | 951 |5425 |5425 |   0 |  0 |   0 |  37 | 4.300000e+01 | 9.920000e+01 | 130.70%| unknown
 3084s|515400 |382703 | 54306k| 105.4 |   799M | 271 | 951 |5425 |5425 |   0 |  0 |   0 |  37 | 4.300000e+01 | 9.920000e+01 | 130.70%| unknown
 3085s|515500 |382779 | 54326k| 105.4 |   799M | 271 | 951 |5425 |5425 |   0 |  0 |   0 |  37 | 4.300000e+01 | 9.920000e+01 | 130.70%| unknown
 3086s|515600 |382857 | 54350k| 105.4 |   801M | 271 | 951 |5425 |5425 |   0 |  0 |   0 |  37 | 4.300000e+01 | 9.920000e+01 | 130.70%| unknown
 3087s|515700 |382937 | 54367k| 105.4 |   801M | 271 | 951 |5425 |5425 |   0 |  0 |   0 |  37 | 4.300000e+01 | 9.920000e+01 | 130.70%| unknown
 3088s|515800 |383005 | 54393k| 105.5 |   801M | 271 | 951 |5425 |5425 |   0 |  0 |   0 |  37 | 4.300000e+01 | 9.920000e+01 | 130.70%| unknown
 time | node  | left  |LP iter|LP it/n|mem/heur|mdpt |vars |cons |rows |cuts |sepa|confs|strbr|  dualbound   | primalbound  |  gap   | compl. 
 3089s|515900 |383077 | 54421k| 105.5 |   801M | 271 | 951 |5425 |5425 |   0 |  0 |   0 |  37 | 4.300000e+01 | 9.920000e+01 | 130.70%| unknown
 3090s|516000 |383141 | 54438k| 105.5 |   801M | 271 | 951 |5425 |5425 |   0 |  0 |   0 |  37 | 4.300000e+01 | 9.920000e+01 | 130.70%| unknown
 3090s|516100 |383205 | 54439k| 105.5 |   801M | 271 | 951 |5425 |5425 |   0 |  0 |   0 |  37 | 4.300000e+01 | 9.920000e+01 | 130.70%| unknown
 3091s|516200 |383273 | 54440k| 105.5 |   801M | 271 | 951 |5425 |5425 |   0 |  0 |   0 |  37 | 4.300000e+01 | 9.920000e+01 | 130.70%| unknown
 3091s|516300 |383325 | 54441k| 105.4 |   802M | 271 | 951 |5425 |5425 |   0 |  0 |   0 |  37 | 4.300000e+01 | 9.920000e+01 | 130.70%| unknown
 3091s|516400 |383397 | 54443k| 105.4 |   802M | 271 | 951 |5425 |5425 |   0 |  0 |   0 |  37 | 4.300000e+01 | 9.920000e+01 | 130.70%| unknown
 3092s|516500 |383469 | 54457k| 105.4 |   802M | 271 | 951 |5425 |5425 |   0 |  0 |   0 |  37 | 4.300000e+01 | 9.920000e+01 | 130.70%| unknown
 3093s|516600 |383541 | 54479k| 105.5 |   802M | 271 | 951 |5425 |5425 |   0 |  0 |   0 |  37 | 4.300000e+01 | 9.920000e+01 | 130.70%| unknown
 3094s|516700 |383609 | 54506k| 105.5 |   802M | 271 | 951 |5425 |5425 |   0 |  0 |   0 |  37 | 4.300000e+01 | 9.920000e+01 | 130.70%| unknown
 3095s|516800 |383671 | 54519k| 105.5 |   802M | 271 | 951 |5425 |5425 |   0 |  0 |   0 |  37 | 4.300000e+01 | 9.920000e+01 | 130.70%| unknown
 3097s|516900 |383741 | 54554k| 105.5 |   802M | 271 | 951 |5425 |5425 |   0 |  0 |   0 |  37 | 4.300000e+01 | 9.920000e+01 | 130.70%| unknown
 3098s|517000 |383813 | 54575k| 105.6 |   802M | 271 | 951 |5425 |5425 |   0 |  0 |   0 |  37 | 4.300000e+01 | 9.920000e+01 | 130.70%| unknown
 3099s|517100 |383881 | 54598k| 105.6 |   802M | 271 | 951 |5425 |5425 |   0 |  0 |   0 |  37 | 4.300000e+01 | 9.920000e+01 | 130.70%| unknown
 3100s|517200 |383959 | 54622k| 105.6 |   802M | 271 | 951 |5425 |5425 |   0 |  0 |   0 |  37 | 4.300000e+01 | 9.920000e+01 | 130.70%| unknown
 3101s|517300 |384035 | 54633k| 105.6 |   802M | 271 | 951 |5425 |5425 |   0 |  0 |   0 |  37 | 4.300000e+01 | 9.920000e+01 | 130.70%| unknown
 time | node  | left  |LP iter|LP it/n|mem/heur|mdpt |vars |cons |rows |cuts |sepa|confs|strbr|  dualbound   | primalbound  |  gap   | compl. 
 3102s|517400 |384107 | 54647k| 105.6 |   803M | 271 | 951 |5425 |5425 |   0 |  0 |   0 |  37 | 4.300000e+01 | 9.920000e+01 | 130.70%| unknown
 3103s|517500 |384183 | 54671k| 105.6 |   803M | 271 | 951 |5425 |5425 |   0 |  0 |   0 |  37 | 4.300000e+01 | 9.920000e+01 | 130.70%| unknown
 3104s|517600 |384271 | 54690k| 105.7 |   803M | 271 | 951 |5425 |5425 |   0 |  0 |   0 |  37 | 4.300000e+01 | 9.920000e+01 | 130.70%| unknown
 3106s|517700 |384349 | 54726k| 105.7 |   803M | 271 | 951 |5425 |5425 |   0 |  0 |   0 |  37 | 4.300000e+01 | 9.920000e+01 | 130.70%| unknown
 3107s|517800 |384431 | 54762k| 105.8 |   803M | 271 | 951 |5425 |5425 |   0 |  0 |   0 |  37 | 4.300000e+01 | 9.920000e+01 | 130.70%| unknown
 3109s|517900 |384519 | 54800k| 105.8 |   803M | 271 | 951 |5425 |5425 |   0 |  0 |   0 |  37 | 4.300000e+01 | 9.920000e+01 | 130.70%| unknown
 3110s|518000 |384591 | 54829k| 105.8 |   803M | 271 | 951 |5425 |5425 |   0 |  0 |   0 |  37 | 4.300000e+01 | 9.920000e+01 | 130.70%| unknown
 3112s|518100 |384671 | 54862k| 105.9 |   803M | 271 | 951 |5425 |5425 |   0 |  0 |   0 |  37 | 4.300000e+01 | 9.920000e+01 | 130.70%| unknown
 3113s|518200 |384755 | 54885k| 105.9 |   803M | 271 | 951 |5425 |5425 |   0 |  0 |   0 |  37 | 4.300000e+01 | 9.920000e+01 | 130.70%| unknown
 3115s|518300 |384837 | 54926k| 106.0 |   803M | 271 | 951 |5425 |5425 |   0 |  0 |   0 |  37 | 4.300000e+01 | 9.920000e+01 | 130.70%| unknown
 3117s|518400 |384929 | 54950k| 106.0 |   805M | 271 | 951 |5425 |5425 |   0 |  0 |   0 |  37 | 4.300000e+01 | 9.920000e+01 | 130.70%| unknown
 3119s|518500 |385005 | 54990k| 106.1 |   805M | 271 | 951 |5425 |5425 |   0 |  0 |   0 |  37 | 4.300000e+01 | 9.920000e+01 | 130.70%| unknown
 3120s|518600 |385079 | 55013k| 106.1 |   805M | 271 | 951 |5425 |5425 |   0 |  0 |   0 |  37 | 4.300000e+01 | 9.920000e+01 | 130.70%| unknown
 3120s|518700 |385161 | 55021k| 106.1 |   805M | 271 | 951 |5425 |5425 |   0 |  0 |   0 |  37 | 4.300000e+01 | 9.920000e+01 | 130.70%| unknown
 3120s|518800 |385243 | 55021k| 106.1 |   805M | 271 | 951 |5425 |5425 |   0 |  0 |   0 |  37 | 4.300000e+01 | 9.920000e+01 | 130.70%| unknown
 time | node  | left  |LP iter|LP it/n|mem/heur|mdpt |vars |cons |rows |cuts |sepa|confs|strbr|  dualbound   | primalbound  |  gap   | compl. 
 3121s|518900 |385325 | 55022k| 106.0 |   805M | 271 | 951 |5425 |5425 |   0 |  0 |   0 |  37 | 4.300000e+01 | 9.920000e+01 | 130.70%| unknown
 3121s|519000 |385389 | 55024k| 106.0 |   805M | 271 | 951 |5425 |5425 |   0 |  0 |   0 |  37 | 4.300000e+01 | 9.920000e+01 | 130.70%| unknown
 3121s|519100 |385451 | 55025k| 106.0 |   805M | 271 | 951 |5425 |5425 |   0 |  0 |   0 |  37 | 4.300000e+01 | 9.920000e+01 | 130.70%| unknown
 3122s|519200 |385531 | 55037k| 106.0 |   805M | 271 | 951 |5425 |5425 |   0 |  0 |   0 |  37 | 4.300000e+01 | 9.920000e+01 | 130.70%| unknown
 3123s|519300 |385607 | 55067k| 106.0 |   806M | 271 | 951 |5425 |5425 |   0 |  0 |   0 |  37 | 4.300000e+01 | 9.920000e+01 | 130.70%| unknown
 3123s|519400 |385681 | 55072k| 106.0 |   807M | 271 | 951 |5425 |5425 |   0 |  0 |   0 |  37 | 4.300000e+01 | 9.920000e+01 | 130.70%| unknown
 3123s|519500 |385757 | 55074k| 106.0 |   807M | 271 | 951 |5425 |5425 |   0 |  0 |   0 |  37 | 4.300000e+01 | 9.920000e+01 | 130.70%| unknown
 3124s|519600 |385819 | 55075k| 106.0 |   807M | 271 | 951 |5425 |5425 |   0 |  0 |   0 |  37 | 4.300000e+01 | 9.920000e+01 | 130.70%| unknown
 3124s|519700 |385893 | 55076k| 106.0 |   807M | 271 | 951 |5425 |5425 |   0 |  0 |   0 |  37 | 4.300000e+01 | 9.920000e+01 | 130.70%| unknown
 3124s|519800 |385973 | 55077k| 106.0 |   807M | 271 | 951 |5425 |5425 |   0 |  0 |   0 |  37 | 4.300000e+01 | 9.920000e+01 | 130.70%| unknown
 3125s|519900 |386035 | 55094k| 106.0 |   807M | 271 | 951 |5425 |5425 |   0 |  0 |   0 |  37 | 4.300000e+01 | 9.920000e+01 | 130.70%| unknown
 3126s|520000 |386097 | 55126k| 106.0 |   807M | 271 | 951 |5425 |5425 |   0 |  0 |   0 |  37 | 4.300000e+01 | 9.920000e+01 | 130.70%| unknown
 3127s|520100 |386171 | 55139k| 106.0 |   807M | 271 | 951 |5425 |5425 |   0 |  0 |   0 |  37 | 4.300000e+01 | 9.920000e+01 | 130.70%| unknown
 3127s|520200 |386237 | 55141k| 106.0 |   807M | 271 | 951 |5425 |5425 |   0 |  0 |   0 |  37 | 4.300000e+01 | 9.920000e+01 | 130.70%| unknown
 3128s|520300 |386293 | 55142k| 106.0 |   807M | 271 | 951 |5425 |5425 |   0 |  0 |   0 |  37 | 4.300000e+01 | 9.920000e+01 | 130.70%| unknown
 time | node  | left  |LP iter|LP it/n|mem/heur|mdpt |vars |cons |rows |cuts |sepa|confs|strbr|  dualbound   | primalbound  |  gap   | compl. 
 3128s|520400 |386367 | 55143k| 106.0 |   807M | 271 | 951 |5425 |5425 |   0 |  0 |   0 |  37 | 4.300000e+01 | 9.920000e+01 | 130.70%| unknown
 3128s|520500 |386453 | 55144k| 105.9 |   807M | 271 | 951 |5425 |5425 |   0 |  0 |   0 |  37 | 4.300000e+01 | 9.920000e+01 | 130.70%| unknown
 3128s|520600 |386535 | 55146k| 105.9 |   808M | 271 | 951 |5425 |5425 |   0 |  0 |   0 |  37 | 4.300000e+01 | 9.920000e+01 | 130.70%| unknown
 3128s|520700 |386617 | 55147k| 105.9 |   808M | 271 | 951 |5425 |5425 |   0 |  0 |   0 |  37 | 4.300000e+01 | 9.920000e+01 | 130.70%| unknown
 3128s|520800 |386689 | 55148k| 105.9 |   808M | 271 | 951 |5425 |5425 |   0 |  0 |   0 |  37 | 4.300000e+01 | 9.920000e+01 | 130.70%| unknown
 3129s|520900 |386765 | 55149k| 105.9 |   808M | 271 | 951 |5425 |5425 |   0 |  0 |   0 |  37 | 4.300000e+01 | 9.920000e+01 | 130.70%| unknown
 3129s|521000 |386841 | 55150k| 105.9 |   808M | 271 | 951 |5425 |5425 |   0 |  0 |   0 |  37 | 4.300000e+01 | 9.920000e+01 | 130.70%| unknown
 3129s|521100 |386907 | 55152k| 105.8 |   808M | 271 | 951 |5425 |5425 |   0 |  0 |   0 |  37 | 4.300000e+01 | 9.920000e+01 | 130.70%| unknown
 3129s|521200 |386967 | 55153k| 105.8 |   808M | 271 | 951 |5425 |5425 |   0 |  0 |   0 |  37 | 4.300000e+01 | 9.920000e+01 | 130.70%| unknown
 3129s|521300 |387047 | 55154k| 105.8 |   808M | 271 | 951 |5425 |5425 |   0 |  0 |   0 |  37 | 4.300000e+01 | 9.920000e+01 | 130.70%| unknown
 3129s|521400 |387119 | 55155k| 105.8 |   808M | 271 | 951 |5425 |5425 |   0 |  0 |   0 |  37 | 4.300000e+01 | 9.920000e+01 | 130.70%| unknown
 3130s|521500 |387167 | 55156k| 105.8 |   808M | 271 | 951 |5425 |5425 |   0 |  0 |   0 |  37 | 4.300000e+01 | 9.920000e+01 | 130.70%| unknown
 3130s|521600 |387233 | 55157k| 105.7 |   808M | 271 | 951 |5425 |5425 |   0 |  0 |   0 |  37 | 4.300000e+01 | 9.920000e+01 | 130.70%| unknown
 3130s|521700 |387291 | 55159k| 105.7 |   810M | 271 | 951 |5425 |5425 |   0 |  0 |   0 |  37 | 4.300000e+01 | 9.920000e+01 | 130.70%| unknown
 3130s|521800 |387359 | 55160k| 105.7 |   810M | 271 | 951 |5425 |5425 |   0 |  0 |   0 |  37 | 4.300000e+01 | 9.920000e+01 | 130.70%| unknown
 time | node  | left  |LP iter|LP it/n|mem/heur|mdpt |vars |cons |rows |cuts |sepa|confs|strbr|  dualbound   | primalbound  |  gap   | compl. 
 3131s|521900 |387437 | 55166k| 105.7 |   810M | 271 | 951 |5425 |5425 |   0 |  0 |   0 |  37 | 4.300000e+01 | 9.920000e+01 | 130.70%| unknown
 3132s|522000 |387501 | 55195k| 105.7 |   810M | 271 | 951 |5425 |5425 |   0 |  0 |   0 |  37 | 4.300000e+01 | 9.920000e+01 | 130.70%| unknown
 3133s|522100 |387565 | 55217k| 105.8 |   810M | 271 | 951 |5425 |5425 |   0 |  0 |   0 |  37 | 4.300000e+01 | 9.920000e+01 | 130.70%| unknown
 3133s|522200 |387625 | 55218k| 105.7 |   810M | 271 | 951 |5425 |5425 |   0 |  0 |   0 |  37 | 4.300000e+01 | 9.920000e+01 | 130.70%| unknown
 3134s|522300 |387683 | 55220k| 105.7 |   810M | 271 | 951 |5425 |5425 |   0 |  0 |   0 |  37 | 4.300000e+01 | 9.920000e+01 | 130.70%| unknown
 3135s|522400 |387751 | 55245k| 105.8 |   810M | 271 | 951 |5425 |5425 |   0 |  0 |   0 |  37 | 4.300000e+01 | 9.920000e+01 | 130.70%| unknown
 3136s|522500 |387817 | 55264k| 105.8 |   810M | 271 | 951 |5425 |5425 |   0 |  0 |   0 |  37 | 4.300000e+01 | 9.920000e+01 | 130.70%| unknown
 3136s|522600 |387877 | 55275k| 105.8 |   810M | 271 | 951 |5425 |5425 |   0 |  0 |   0 |  37 | 4.300000e+01 | 9.920000e+01 | 130.70%| unknown
 3137s|522700 |387943 | 55276k| 105.8 |   810M | 271 | 951 |5425 |5425 |   0 |  0 |   0 |  37 | 4.300000e+01 | 9.920000e+01 | 130.70%| unknown
 3137s|522800 |388007 | 55277k| 105.7 |   810M | 271 | 951 |5425 |5425 |   0 |  0 |   0 |  37 | 4.300000e+01 | 9.920000e+01 | 130.70%| unknown
 3137s|522900 |388075 | 55278k| 105.7 |   811M | 271 | 951 |5425 |5425 |   0 |  0 |   0 |  37 | 4.300000e+01 | 9.920000e+01 | 130.70%| unknown
 3137s|523000 |388133 | 55279k| 105.7 |   811M | 271 | 951 |5425 |5425 |   0 |  0 |   0 |  37 | 4.300000e+01 | 9.920000e+01 | 130.70%| unknown
 3137s|523100 |388199 | 55281k| 105.7 |   811M | 271 | 951 |5425 |5425 |   0 |  0 |   0 |  37 | 4.300000e+01 | 9.920000e+01 | 130.70%| unknown
 3137s|523200 |388279 | 55281k| 105.7 |   811M | 271 | 951 |5425 |5425 |   0 |  0 |   0 |  37 | 4.300000e+01 | 9.920000e+01 | 130.70%| unknown
 3138s|523300 |388345 | 55283k| 105.6 |   811M | 271 | 951 |5425 |5425 |   0 |  0 |   0 |  37 | 4.300000e+01 | 9.920000e+01 | 130.70%| unknown
 time | node  | left  |LP iter|LP it/n|mem/heur|mdpt |vars |cons |rows |cuts |sepa|confs|strbr|  dualbound   | primalbound  |  gap   | compl. 
 3138s|523400 |388407 | 55284k| 105.6 |   811M | 271 | 951 |5425 |5425 |   0 |  0 |   0 |  37 | 4.300000e+01 | 9.920000e+01 | 130.70%| unknown
 3138s|523500 |388481 | 55285k| 105.6 |   811M | 271 | 951 |5425 |5425 |   0 |  0 |   0 |  37 | 4.300000e+01 | 9.920000e+01 | 130.70%| unknown
 3138s|523600 |388561 | 55287k| 105.6 |   811M | 271 | 951 |5425 |5425 |   0 |  0 |   0 |  37 | 4.300000e+01 | 9.920000e+01 | 130.70%| unknown
 3138s|523700 |388643 | 55288k| 105.6 |   811M | 271 | 951 |5425 |5425 |   0 |  0 |   0 |  37 | 4.300000e+01 | 9.920000e+01 | 130.70%| unknown
 3139s|523800 |388717 | 55293k| 105.6 |   811M | 271 | 951 |5425 |5425 |   0 |  0 |   0 |  37 | 4.300000e+01 | 9.920000e+01 | 130.70%| unknown
 3140s|523900 |388791 | 55312k| 105.6 |   812M | 271 | 951 |5425 |5425 |   0 |  0 |   0 |  37 | 4.300000e+01 | 9.920000e+01 | 130.70%| unknown
 3140s|524000 |388857 | 55325k| 105.6 |   813M | 271 | 951 |5425 |5425 |   0 |  0 |   0 |  37 | 4.300000e+01 | 9.920000e+01 | 130.70%| unknown
 3141s|524100 |388909 | 55334k| 105.6 |   813M | 271 | 951 |5425 |5425 |   0 |  0 |   0 |  37 | 4.300000e+01 | 9.920000e+01 | 130.70%| unknown
 3141s|524200 |388971 | 55335k| 105.6 |   813M | 271 | 951 |5425 |5425 |   0 |  0 |   0 |  37 | 4.300000e+01 | 9.920000e+01 | 130.70%| unknown
 3142s|524300 |389035 | 55347k| 105.6 |   813M | 271 | 951 |5425 |5425 |   0 |  0 |   0 |  37 | 4.300000e+01 | 9.920000e+01 | 130.70%| unknown
 3142s|524400 |389121 | 55358k| 105.6 |   813M | 271 | 951 |5425 |5425 |   0 |  0 |   0 |  37 | 4.300000e+01 | 9.920000e+01 | 130.70%| unknown
 3143s|524500 |389185 | 55370k| 105.6 |   813M | 271 | 951 |5425 |5425 |   0 |  0 |   0 |  37 | 4.300000e+01 | 9.920000e+01 | 130.70%| unknown
 3144s|524600 |389257 | 55383k| 105.6 |   813M | 271 | 951 |5425 |5425 |   0 |  0 |   0 |  37 | 4.300000e+01 | 9.920000e+01 | 130.70%| unknown
 3145s|524700 |389309 | 55405k| 105.6 |   813M | 271 | 951 |5425 |5425 |   0 |  0 |   0 |  37 | 4.300000e+01 | 9.920000e+01 | 130.70%| unknown
 3146s|524800 |389385 | 55431k| 105.6 |   813M | 271 | 951 |5425 |5425 |   0 |  0 |   0 |  37 | 4.300000e+01 | 9.920000e+01 | 130.70%| unknown
 time | node  | left  |LP iter|LP it/n|mem/heur|mdpt |vars |cons |rows |cuts |sepa|confs|strbr|  dualbound   | primalbound  |  gap   | compl. 
 3147s|524900 |389471 | 55448k| 105.6 |   813M | 271 | 951 |5425 |5425 |   0 |  0 |   0 |  37 | 4.300000e+01 | 9.920000e+01 | 130.70%| unknown
 3148s|525000 |389547 | 55471k| 105.7 |   813M | 271 | 951 |5425 |5425 |   0 |  0 |   0 |  37 | 4.300000e+01 | 9.920000e+01 | 130.70%| unknown
 3150s|525100 |389623 | 55502k| 105.7 |   813M | 271 | 951 |5425 |5425 |   0 |  0 |   0 |  37 | 4.300000e+01 | 9.920000e+01 | 130.70%| unknown
 3150s|525200 |389695 | 55512k| 105.7 |   814M | 271 | 951 |5425 |5425 |   0 |  0 |   0 |  37 | 4.300000e+01 | 9.920000e+01 | 130.70%| unknown
 3151s|525300 |389765 | 55524k| 105.7 |   814M | 271 | 951 |5425 |5425 |   0 |  0 |   0 |  37 | 4.300000e+01 | 9.920000e+01 | 130.70%| unknown
 3151s|525400 |389829 | 55525k| 105.7 |   814M | 271 | 951 |5425 |5425 |   0 |  0 |   0 |  37 | 4.300000e+01 | 9.920000e+01 | 130.70%| unknown
 3152s|525500 |389907 | 55531k| 105.7 |   814M | 271 | 951 |5425 |5425 |   0 |  0 |   0 |  37 | 4.300000e+01 | 9.920000e+01 | 130.70%| unknown
 3153s|525600 |389975 | 55554k| 105.7 |   814M | 271 | 951 |5425 |5425 |   0 |  0 |   0 |  37 | 4.300000e+01 | 9.920000e+01 | 130.70%| unknown
 3154s|525700 |390043 | 55583k| 105.7 |   814M | 271 | 951 |5425 |5425 |   0 |  0 |   0 |  37 | 4.300000e+01 | 9.920000e+01 | 130.70%| unknown
 3155s|525800 |390125 | 55607k| 105.8 |   814M | 271 | 951 |5425 |5425 |   0 |  0 |   0 |  37 | 4.300000e+01 | 9.920000e+01 | 130.70%| unknown
 3156s|525900 |390189 | 55621k| 105.8 |   814M | 271 | 951 |5425 |5425 |   0 |  0 |   0 |  37 | 4.300000e+01 | 9.920000e+01 | 130.70%| unknown
 3156s|526000 |390249 | 55622k| 105.7 |   814M | 271 | 951 |5425 |5425 |   0 |  0 |   0 |  37 | 4.300000e+01 | 9.920000e+01 | 130.70%| unknown
 3156s|526100 |390319 | 55624k| 105.7 |   814M | 271 | 951 |5425 |5425 |   0 |  0 |   0 |  37 | 4.300000e+01 | 9.920000e+01 | 130.70%| unknown
 3157s|526200 |390391 | 55625k| 105.7 |   814M | 271 | 951 |5425 |5425 |   0 |  0 |   0 |  37 | 4.300000e+01 | 9.920000e+01 | 130.70%| unknown
 3157s|526300 |390477 | 55626k| 105.7 |   815M | 271 | 951 |5425 |5425 |   0 |  0 |   0 |  37 | 4.300000e+01 | 9.920000e+01 | 130.70%| unknown
 time | node  | left  |LP iter|LP it/n|mem/heur|mdpt |vars |cons |rows |cuts |sepa|confs|strbr|  dualbound   | primalbound  |  gap   | compl. 
 3157s|526400 |390557 | 55627k| 105.7 |   815M | 271 | 951 |5425 |5425 |   0 |  0 |   0 |  37 | 4.300000e+01 | 9.920000e+01 | 130.70%| unknown
 3158s|526500 |390633 | 55643k| 105.7 |   815M | 271 | 951 |5425 |5425 |   0 |  0 |   0 |  37 | 4.300000e+01 | 9.920000e+01 | 130.70%| unknown
 3159s|526600 |390711 | 55666k| 105.7 |   815M | 271 | 951 |5425 |5425 |   0 |  0 |   0 |  37 | 4.300000e+01 | 9.920000e+01 | 130.70%| unknown
 3159s|526700 |390791 | 55675k| 105.7 |   815M | 271 | 951 |5425 |5425 |   0 |  0 |   0 |  37 | 4.300000e+01 | 9.920000e+01 | 130.70%| unknown
 3160s|526800 |390861 | 55691k| 105.7 |   815M | 271 | 951 |5425 |5425 |   0 |  0 |   0 |  37 | 4.300000e+01 | 9.920000e+01 | 130.70%| unknown
 3160s|526900 |390935 | 55692k| 105.7 |   815M | 271 | 951 |5425 |5425 |   0 |  0 |   0 |  37 | 4.300000e+01 | 9.920000e+01 | 130.70%| unknown
 3161s|527000 |391013 | 55714k| 105.7 |   816M | 271 | 951 |5425 |5425 |   0 |  0 |   0 |  37 | 4.300000e+01 | 9.920000e+01 | 130.70%| unknown
 3163s|527100 |391069 | 55737k| 105.7 |   816M | 271 | 951 |5425 |5425 |   0 |  0 |   0 |  37 | 4.300000e+01 | 9.920000e+01 | 130.70%| unknown
 3163s|527200 |391129 | 55752k| 105.7 |   816M | 271 | 951 |5425 |5425 |   0 |  0 |   0 |  37 | 4.300000e+01 | 9.920000e+01 | 130.70%| unknown
 3164s|527300 |391199 | 55768k| 105.8 |   816M | 271 | 951 |5425 |5425 |   0 |  0 |   0 |  37 | 4.300000e+01 | 9.920000e+01 | 130.70%| unknown
 3165s|527400 |391273 | 55787k| 105.8 |   817M | 271 | 951 |5425 |5425 |   0 |  0 |   0 |  37 | 4.300000e+01 | 9.920000e+01 | 130.70%| unknown
 3166s|527500 |391339 | 55806k| 105.8 |   817M | 271 | 951 |5425 |5425 |   0 |  0 |   0 |  37 | 4.300000e+01 | 9.920000e+01 | 130.70%| unknown
 3167s|527600 |391411 | 55814k| 105.8 |   817M | 271 | 951 |5425 |5425 |   0 |  0 |   0 |  37 | 4.300000e+01 | 9.920000e+01 | 130.70%| unknown
 3167s|527700 |391499 | 55815k| 105.8 |   817M | 271 | 951 |5425 |5425 |   0 |  0 |   0 |  37 | 4.300000e+01 | 9.920000e+01 | 130.70%| unknown
 3167s|527800 |391591 | 55816k| 105.8 |   817M | 271 | 951 |5425 |5425 |   0 |  0 |   0 |  37 | 4.300000e+01 | 9.920000e+01 | 130.70%| unknown
 time | node  | left  |LP iter|LP it/n|mem/heur|mdpt |vars |cons |rows |cuts |sepa|confs|strbr|  dualbound   | primalbound  |  gap   | compl. 
 3168s|527900 |391663 | 55836k| 105.8 |   817M | 271 | 951 |5425 |5425 |   0 |  0 |   0 |  37 | 4.300000e+01 | 9.920000e+01 | 130.70%| unknown
 3169s|528000 |391733 | 55850k| 105.8 |   817M | 271 | 951 |5425 |5425 |   0 |  0 |   0 |  37 | 4.300000e+01 | 9.920000e+01 | 130.70%| unknown
 3169s|528100 |391799 | 55851k| 105.8 |   818M | 271 | 951 |5425 |5425 |   0 |  0 |   0 |  37 | 4.300000e+01 | 9.920000e+01 | 130.70%| unknown
 3169s|528200 |391875 | 55852k| 105.7 |   818M | 271 | 951 |5425 |5425 |   0 |  0 |   0 |  37 | 4.300000e+01 | 9.920000e+01 | 130.70%| unknown
 3169s|528300 |391945 | 55853k| 105.7 |   818M | 271 | 951 |5425 |5425 |   0 |  0 |   0 |  37 | 4.300000e+01 | 9.920000e+01 | 130.70%| unknown
 3170s|528400 |392015 | 55860k| 105.7 |   819M | 271 | 951 |5425 |5425 |   0 |  0 |   0 |  37 | 4.300000e+01 | 9.920000e+01 | 130.70%| unknown
 3171s|528500 |392087 | 55886k| 105.7 |   819M | 271 | 951 |5425 |5425 |   0 |  0 |   0 |  37 | 4.300000e+01 | 9.920000e+01 | 130.70%| unknown
 3172s|528600 |392153 | 55908k| 105.8 |   819M | 271 | 951 |5425 |5425 |   0 |  0 |   0 |  37 | 4.300000e+01 | 9.920000e+01 | 130.70%| unknown
 3173s|528700 |392215 | 55930k| 105.8 |   819M | 271 | 951 |5425 |5425 |   0 |  0 |   0 |  37 | 4.300000e+01 | 9.920000e+01 | 130.70%| unknown
 3174s|528800 |392285 | 55947k| 105.8 |   820M | 271 | 951 |5425 |5425 |   0 |  0 |   0 |  37 | 4.300000e+01 | 9.920000e+01 | 130.70%| unknown
 3175s|528900 |392355 | 55964k| 105.8 |   820M | 271 | 951 |5425 |5425 |   0 |  0 |   0 |  37 | 4.300000e+01 | 9.920000e+01 | 130.70%| unknown
 3176s|529000 |392435 | 55990k| 105.8 |   820M | 271 | 951 |5425 |5425 |   0 |  0 |   0 |  37 | 4.300000e+01 | 9.920000e+01 | 130.70%| unknown
 3177s|529100 |392519 | 56010k| 105.9 |   820M | 271 | 951 |5425 |5425 |   0 |  0 |   0 |  37 | 4.300000e+01 | 9.920000e+01 | 130.70%| unknown
 3178s|529200 |392595 | 56020k| 105.9 |   820M | 271 | 951 |5425 |5425 |   0 |  0 |   0 |  37 | 4.300000e+01 | 9.920000e+01 | 130.70%| unknown
 3178s|529300 |392669 | 56021k| 105.8 |   820M | 271 | 951 |5425 |5425 |   0 |  0 |   0 |  37 | 4.300000e+01 | 9.920000e+01 | 130.70%| unknown
 time | node  | left  |LP iter|LP it/n|mem/heur|mdpt |vars |cons |rows |cuts |sepa|confs|strbr|  dualbound   | primalbound  |  gap   | compl. 
 3178s|529400 |392743 | 56022k| 105.8 |   820M | 271 | 951 |5425 |5425 |   0 |  0 |   0 |  37 | 4.300000e+01 | 9.920000e+01 | 130.70%| unknown
 3178s|529500 |392819 | 56023k| 105.8 |   821M | 271 | 951 |5425 |5425 |   0 |  0 |   0 |  37 | 4.300000e+01 | 9.920000e+01 | 130.70%| unknown
 3178s|529600 |392885 | 56024k| 105.8 |   821M | 271 | 951 |5425 |5425 |   0 |  0 |   0 |  37 | 4.300000e+01 | 9.920000e+01 | 130.70%| unknown
 3179s|529700 |392937 | 56025k| 105.8 |   821M | 271 | 951 |5425 |5425 |   0 |  0 |   0 |  37 | 4.300000e+01 | 9.920000e+01 | 130.70%| unknown
 3179s|529800 |392995 | 56027k| 105.8 |   821M | 271 | 951 |5425 |5425 |   0 |  0 |   0 |  37 | 4.300000e+01 | 9.920000e+01 | 130.70%| unknown
 3179s|529900 |393073 | 56028k| 105.7 |   821M | 271 | 951 |5425 |5425 |   0 |  0 |   0 |  37 | 4.300000e+01 | 9.920000e+01 | 130.70%| unknown
 3179s|530000 |393127 | 56029k| 105.7 |   822M | 271 | 951 |5425 |5425 |   0 |  0 |   0 |  37 | 4.300000e+01 | 9.920000e+01 | 130.70%| unknown
 3179s|530100 |393177 | 56031k| 105.7 |   822M | 271 | 951 |5425 |5425 |   0 |  0 |   0 |  37 | 4.300000e+01 | 9.920000e+01 | 130.70%| unknown
 3180s|530200 |393251 | 56032k| 105.7 |   822M | 271 | 951 |5425 |5425 |   0 |  0 |   0 |  37 | 4.300000e+01 | 9.920000e+01 | 130.70%| unknown
 3180s|530300 |393321 | 56033k| 105.7 |   822M | 271 | 951 |5425 |5425 |   0 |  0 |   0 |  37 | 4.300000e+01 | 9.920000e+01 | 130.70%| unknown
 3180s|530400 |393385 | 56034k| 105.6 |   822M | 271 | 951 |5425 |5425 |   0 |  0 |   0 |  37 | 4.300000e+01 | 9.920000e+01 | 130.70%| unknown
 3180s|530500 |393449 | 56035k| 105.6 |   822M | 271 | 951 |5425 |5425 |   0 |  0 |   0 |  37 | 4.300000e+01 | 9.920000e+01 | 130.70%| unknown
 3180s|530600 |393517 | 56036k| 105.6 |   822M | 271 | 951 |5425 |5425 |   0 |  0 |   0 |  37 | 4.300000e+01 | 9.920000e+01 | 130.70%| unknown
 3181s|530700 |393589 | 56042k| 105.6 |   822M | 271 | 951 |5425 |5425 |   0 |  0 |   0 |  37 | 4.300000e+01 | 9.920000e+01 | 130.70%| unknown
 3182s|530800 |393653 | 56060k| 105.6 |   823M | 271 | 951 |5425 |5425 |   0 |  0 |   0 |  37 | 4.300000e+01 | 9.920000e+01 | 130.70%| unknown
 time | node  | left  |LP iter|LP it/n|mem/heur|mdpt |vars |cons |rows |cuts |sepa|confs|strbr|  dualbound   | primalbound  |  gap   | compl. 
 3183s|530900 |393725 | 56080k| 105.6 |   823M | 271 | 951 |5425 |5425 |   0 |  0 |   0 |  37 | 4.300000e+01 | 9.920000e+01 | 130.70%| unknown
 3184s|531000 |393785 | 56109k| 105.7 |   823M | 271 | 951 |5425 |5425 |   0 |  0 |   0 |  37 | 4.300000e+01 | 9.920000e+01 | 130.70%| unknown
 3185s|531100 |393861 | 56129k| 105.7 |   823M | 271 | 951 |5425 |5425 |   0 |  0 |   0 |  37 | 4.300000e+01 | 9.920000e+01 | 130.70%| unknown
 3186s|531200 |393923 | 56152k| 105.7 |   823M | 271 | 951 |5425 |5425 |   0 |  0 |   0 |  37 | 4.300000e+01 | 9.920000e+01 | 130.70%| unknown
 3187s|531300 |393997 | 56174k| 105.7 |   823M | 271 | 951 |5425 |5425 |   0 |  0 |   0 |  37 | 4.300000e+01 | 9.920000e+01 | 130.70%| unknown
 3188s|531400 |394069 | 56187k| 105.7 |   823M | 271 | 951 |5425 |5425 |   0 |  0 |   0 |  37 | 4.300000e+01 | 9.920000e+01 | 130.70%| unknown
 3189s|531500 |394149 | 56211k| 105.8 |   823M | 271 | 951 |5425 |5425 |   0 |  0 |   0 |  37 | 4.300000e+01 | 9.920000e+01 | 130.70%| unknown
 3190s|531600 |394215 | 56228k| 105.8 |   823M | 271 | 951 |5425 |5425 |   0 |  0 |   0 |  37 | 4.300000e+01 | 9.920000e+01 | 130.70%| unknown
 3191s|531700 |394281 | 56250k| 105.8 |   823M | 271 | 951 |5425 |5425 |   0 |  0 |   0 |  37 | 4.300000e+01 | 9.920000e+01 | 130.70%| unknown
 3192s|531800 |394347 | 56272k| 105.8 |   823M | 271 | 951 |5425 |5425 |   0 |  0 |   0 |  37 | 4.300000e+01 | 9.920000e+01 | 130.70%| unknown
 3193s|531900 |394431 | 56296k| 105.8 |   824M | 271 | 951 |5425 |5425 |   0 |  0 |   0 |  37 | 4.300000e+01 | 9.920000e+01 | 130.70%| unknown
 3195s|532000 |394499 | 56323k| 105.9 |   824M | 271 | 951 |5425 |5425 |   0 |  0 |   0 |  37 | 4.300000e+01 | 9.920000e+01 | 130.70%| unknown
 3196s|532100 |394563 | 56340k| 105.9 |   824M | 271 | 951 |5425 |5425 |   0 |  0 |   0 |  37 | 4.300000e+01 | 9.920000e+01 | 130.70%| unknown
 3196s|532200 |394635 | 56354k| 105.9 |   824M | 271 | 951 |5425 |5425 |   0 |  0 |   0 |  37 | 4.300000e+01 | 9.920000e+01 | 130.70%| unknown
 3197s|532300 |394717 | 56369k| 105.9 |   824M | 271 | 951 |5425 |5425 |   0 |  0 |   0 |  37 | 4.300000e+01 | 9.920000e+01 | 130.70%| unknown
 time | node  | left  |LP iter|LP it/n|mem/heur|mdpt |vars |cons |rows |cuts |sepa|confs|strbr|  dualbound   | primalbound  |  gap   | compl. 
 3197s|532400 |394789 | 56370k| 105.9 |   824M | 271 | 951 |5425 |5425 |   0 |  0 |   0 |  37 | 4.300000e+01 | 9.920000e+01 | 130.70%| unknown
 3198s|532500 |394857 | 56371k| 105.9 |   824M | 271 | 951 |5425 |5425 |   0 |  0 |   0 |  37 | 4.300000e+01 | 9.920000e+01 | 130.70%| unknown
 3198s|532600 |394925 | 56372k| 105.8 |   824M | 271 | 951 |5425 |5425 |   0 |  0 |   0 |  37 | 4.300000e+01 | 9.920000e+01 | 130.70%| unknown
 3198s|532700 |394989 | 56374k| 105.8 |   824M | 271 | 951 |5425 |5425 |   0 |  0 |   0 |  37 | 4.300000e+01 | 9.920000e+01 | 130.70%| unknown
 3198s|532800 |395065 | 56375k| 105.8 |   824M | 271 | 951 |5425 |5425 |   0 |  0 |   0 |  37 | 4.300000e+01 | 9.920000e+01 | 130.70%| unknown
 3198s|532900 |395135 | 56376k| 105.8 |   824M | 271 | 951 |5425 |5425 |   0 |  0 |   0 |  37 | 4.300000e+01 | 9.920000e+01 | 130.70%| unknown
 3198s|533000 |395197 | 56377k| 105.8 |   825M | 271 | 951 |5425 |5425 |   0 |  0 |   0 |  37 | 4.300000e+01 | 9.920000e+01 | 130.70%| unknown
 3199s|533100 |395269 | 56386k| 105.8 |   825M | 271 | 951 |5425 |5425 |   0 |  0 |   0 |  37 | 4.300000e+01 | 9.920000e+01 | 130.70%| unknown
 3200s|533200 |395341 | 56405k| 105.8 |   825M | 271 | 951 |5425 |5425 |   0 |  0 |   0 |  37 | 4.300000e+01 | 9.920000e+01 | 130.70%| unknown
 3201s|533300 |395413 | 56429k| 105.8 |   825M | 271 | 951 |5425 |5425 |   0 |  0 |   0 |  37 | 4.300000e+01 | 9.920000e+01 | 130.70%| unknown
 3202s|533400 |395479 | 56451k| 105.8 |   825M | 271 | 951 |5425 |5425 |   0 |  0 |   0 |  37 | 4.300000e+01 | 9.920000e+01 | 130.70%| unknown
 3202s|533500 |395539 | 56456k| 105.8 |   825M | 271 | 951 |5425 |5425 |   0 |  0 |   0 |  37 | 4.300000e+01 | 9.920000e+01 | 130.70%| unknown
 3203s|533600 |395611 | 56457k| 105.8 |   825M | 271 | 951 |5425 |5425 |   0 |  0 |   0 |  37 | 4.300000e+01 | 9.920000e+01 | 130.70%| unknown
 3203s|533700 |395673 | 56458k| 105.8 |   825M | 271 | 951 |5425 |5425 |   0 |  0 |   0 |  37 | 4.300000e+01 | 9.920000e+01 | 130.70%| unknown
 3203s|533800 |395749 | 56459k| 105.8 |   825M | 271 | 951 |5425 |5425 |   0 |  0 |   0 |  37 | 4.300000e+01 | 9.920000e+01 | 130.70%| unknown
 time | node  | left  |LP iter|LP it/n|mem/heur|mdpt |vars |cons |rows |cuts |sepa|confs|strbr|  dualbound   | primalbound  |  gap   | compl. 
 3203s|533900 |395827 | 56460k| 105.8 |   825M | 271 | 951 |5425 |5425 |   0 |  0 |   0 |  37 | 4.300000e+01 | 9.920000e+01 | 130.70%| unknown
 3203s|534000 |395903 | 56462k| 105.7 |   825M | 271 | 951 |5425 |5425 |   0 |  0 |   0 |  37 | 4.300000e+01 | 9.920000e+01 | 130.70%| unknown
 3204s|534100 |395973 | 56463k| 105.7 |   826M | 271 | 951 |5425 |5425 |   0 |  0 |   0 |  37 | 4.300000e+01 | 9.920000e+01 | 130.70%| unknown
 3204s|534200 |396047 | 56464k| 105.7 |   826M | 271 | 951 |5425 |5425 |   0 |  0 |   0 |  37 | 4.300000e+01 | 9.920000e+01 | 130.70%| unknown
 3204s|534300 |396129 | 56465k| 105.7 |   826M | 271 | 951 |5425 |5425 |   0 |  0 |   0 |  37 | 4.300000e+01 | 9.920000e+01 | 130.70%| unknown
 3204s|534400 |396195 | 56466k| 105.7 |   826M | 271 | 951 |5425 |5425 |   0 |  0 |   0 |  37 | 4.300000e+01 | 9.920000e+01 | 130.70%| unknown
 3204s|534500 |396263 | 56468k| 105.6 |   827M | 271 | 951 |5425 |5425 |   0 |  0 |   0 |  37 | 4.300000e+01 | 9.920000e+01 | 130.70%| unknown
 3204s|534600 |396327 | 56469k| 105.6 |   827M | 271 | 951 |5425 |5425 |   0 |  0 |   0 |  37 | 4.300000e+01 | 9.920000e+01 | 130.70%| unknown
 3205s|534700 |396397 | 56470k| 105.6 |   827M | 271 | 951 |5425 |5425 |   0 |  0 |   0 |  37 | 4.300000e+01 | 9.920000e+01 | 130.70%| unknown
 3205s|534800 |396481 | 56472k| 105.6 |   827M | 271 | 951 |5425 |5425 |   0 |  0 |   0 |  37 | 4.300000e+01 | 9.920000e+01 | 130.70%| unknown
 3205s|534900 |396555 | 56473k| 105.6 |   827M | 271 | 951 |5425 |5425 |   0 |  0 |   0 |  37 | 4.300000e+01 | 9.920000e+01 | 130.70%| unknown
 3205s|535000 |396627 | 56475k| 105.6 |   827M | 271 | 951 |5425 |5425 |   0 |  0 |   0 |  37 | 4.300000e+01 | 9.920000e+01 | 130.70%| unknown
 3205s|535100 |396699 | 56476k| 105.5 |   827M | 271 | 951 |5425 |5425 |   0 |  0 |   0 |  37 | 4.300000e+01 | 9.920000e+01 | 130.70%| unknown
 3206s|535200 |396771 | 56477k| 105.5 |   829M | 271 | 951 |5425 |5425 |   0 |  0 |   0 |  37 | 4.300000e+01 | 9.920000e+01 | 130.70%| unknown
 3206s|535300 |396837 | 56478k| 105.5 |   829M | 271 | 951 |5425 |5425 |   0 |  0 |   0 |  37 | 4.300000e+01 | 9.920000e+01 | 130.70%| unknown
 time | node  | left  |LP iter|LP it/n|mem/heur|mdpt |vars |cons |rows |cuts |sepa|confs|strbr|  dualbound   | primalbound  |  gap   | compl. 
 3206s|535400 |396915 | 56479k| 105.5 |   829M | 271 | 951 |5425 |5425 |   0 |  0 |   0 |  37 | 4.300000e+01 | 9.920000e+01 | 130.70%| unknown
 3206s|535500 |396981 | 56485k| 105.5 |   829M | 271 | 951 |5425 |5425 |   0 |  0 |   0 |  37 | 4.300000e+01 | 9.920000e+01 | 130.70%| unknown
 3208s|535600 |397047 | 56515k| 105.5 |   829M | 271 | 951 |5425 |5425 |   0 |  0 |   0 |  37 | 4.300000e+01 | 9.920000e+01 | 130.70%| unknown
 3209s|535700 |397113 | 56533k| 105.5 |   829M | 271 | 951 |5425 |5425 |   0 |  0 |   0 |  37 | 4.300000e+01 | 9.920000e+01 | 130.70%| unknown
 3210s|535800 |397173 | 56548k| 105.5 |   829M | 271 | 951 |5425 |5425 |   0 |  0 |   0 |  37 | 4.300000e+01 | 9.920000e+01 | 130.70%| unknown
 3210s|535900 |397231 | 56562k| 105.5 |   829M | 271 | 951 |5425 |5425 |   0 |  0 |   0 |  37 | 4.300000e+01 | 9.920000e+01 | 130.70%| unknown
 3210s|536000 |397301 | 56564k| 105.5 |   829M | 271 | 951 |5425 |5425 |   0 |  0 |   0 |  37 | 4.300000e+01 | 9.920000e+01 | 130.70%| unknown
 3211s|536100 |397387 | 56564k| 105.5 |   829M | 271 | 951 |5425 |5425 |   0 |  0 |   0 |  37 | 4.300000e+01 | 9.920000e+01 | 130.70%| unknown
 3211s|536200 |397463 | 56566k| 105.5 |   829M | 271 | 951 |5425 |5425 |   0 |  0 |   0 |  37 | 4.300000e+01 | 9.920000e+01 | 130.70%| unknown
 3211s|536300 |397521 | 56567k| 105.5 |   829M | 271 | 951 |5425 |5425 |   0 |  0 |   0 |  37 | 4.300000e+01 | 9.920000e+01 | 130.70%| unknown
 3211s|536400 |397593 | 56569k| 105.5 |   830M | 271 | 951 |5425 |5425 |   0 |  0 |   0 |  37 | 4.300000e+01 | 9.920000e+01 | 130.70%| unknown
 3211s|536500 |397661 | 56570k| 105.4 |   830M | 271 | 951 |5425 |5425 |   0 |  0 |   0 |  37 | 4.300000e+01 | 9.920000e+01 | 130.70%| unknown
 3212s|536600 |397731 | 56571k| 105.4 |   830M | 271 | 951 |5425 |5425 |   0 |  0 |   0 |  37 | 4.300000e+01 | 9.920000e+01 | 130.70%| unknown
 3212s|536700 |397811 | 56572k| 105.4 |   830M | 271 | 951 |5425 |5425 |   0 |  0 |   0 |  37 | 4.300000e+01 | 9.920000e+01 | 130.70%| unknown
 3212s|536800 |397879 | 56574k| 105.4 |   830M | 271 | 951 |5425 |5425 |   0 |  0 |   0 |  37 | 4.300000e+01 | 9.920000e+01 | 130.70%| unknown
 time | node  | left  |LP iter|LP it/n|mem/heur|mdpt |vars |cons |rows |cuts |sepa|confs|strbr|  dualbound   | primalbound  |  gap   | compl. 
 3212s|536900 |397947 | 56575k| 105.4 |   830M | 271 | 951 |5425 |5425 |   0 |  0 |   0 |  37 | 4.300000e+01 | 9.920000e+01 | 130.70%| unknown
 3213s|537000 |398015 | 56597k| 105.4 |   830M | 271 | 951 |5425 |5425 |   0 |  0 |   0 |  37 | 4.300000e+01 | 9.920000e+01 | 130.70%| unknown
 3214s|537100 |398087 | 56617k| 105.4 |   830M | 271 | 951 |5425 |5425 |   0 |  0 |   0 |  37 | 4.300000e+01 | 9.920000e+01 | 130.70%| unknown
 3215s|537200 |398161 | 56622k| 105.4 |   830M | 271 | 951 |5425 |5425 |   0 |  0 |   0 |  37 | 4.300000e+01 | 9.920000e+01 | 130.70%| unknown
 3215s|537300 |398245 | 56628k| 105.4 |   830M | 271 | 951 |5425 |5425 |   0 |  0 |   0 |  37 | 4.300000e+01 | 9.920000e+01 | 130.70%| unknown
 3216s|537400 |398327 | 56649k| 105.4 |   830M | 271 | 951 |5425 |5425 |   0 |  0 |   0 |  37 | 4.300000e+01 | 9.920000e+01 | 130.70%| unknown
 3217s|537500 |398399 | 56668k| 105.4 |   831M | 271 | 951 |5425 |5425 |   0 |  0 |   0 |  37 | 4.300000e+01 | 9.920000e+01 | 130.70%| unknown
 3218s|537600 |398477 | 56680k| 105.4 |   832M | 271 | 951 |5425 |5425 |   0 |  0 |   0 |  37 | 4.300000e+01 | 9.920000e+01 | 130.70%| unknown
 3220s|537700 |398555 | 56738k| 105.5 |   832M | 271 | 951 |5425 |5425 |   0 |  0 |   0 |  37 | 4.300000e+01 | 9.920000e+01 | 130.70%| unknown
 3221s|537800 |398611 | 56753k| 105.5 |   832M | 271 | 951 |5425 |5425 |   0 |  0 |   0 |  37 | 4.300000e+01 | 9.920000e+01 | 130.70%| unknown
 3223s|537900 |398677 | 56782k| 105.6 |   832M | 271 | 951 |5425 |5425 |   0 |  0 |   0 |  37 | 4.300000e+01 | 9.920000e+01 | 130.70%| unknown
 3223s|538000 |398753 | 56793k| 105.6 |   832M | 271 | 951 |5425 |5425 |   0 |  0 |   0 |  37 | 4.300000e+01 | 9.920000e+01 | 130.70%| unknown
 3225s|538100 |398831 | 56824k| 105.6 |   832M | 271 | 951 |5425 |5425 |   0 |  0 |   0 |  37 | 4.300000e+01 | 9.920000e+01 | 130.70%| unknown
 3225s|538200 |398919 | 56835k| 105.6 |   832M | 271 | 951 |5425 |5425 |   0 |  0 |   0 |  37 | 4.300000e+01 | 9.920000e+01 | 130.70%| unknown
 3226s|538300 |398985 | 56845k| 105.6 |   832M | 271 | 951 |5425 |5425 |   0 |  0 |   0 |  37 | 4.300000e+01 | 9.920000e+01 | 130.70%| unknown
 time | node  | left  |LP iter|LP it/n|mem/heur|mdpt |vars |cons |rows |cuts |sepa|confs|strbr|  dualbound   | primalbound  |  gap   | compl. 
 3227s|538400 |399043 | 56869k| 105.6 |   833M | 271 | 951 |5425 |5425 |   0 |  0 |   0 |  37 | 4.300000e+01 | 9.920000e+01 | 130.70%| unknown
 3228s|538500 |399117 | 56887k| 105.6 |   833M | 271 | 951 |5425 |5425 |   0 |  0 |   0 |  37 | 4.300000e+01 | 9.920000e+01 | 130.70%| unknown
 3229s|538600 |399197 | 56904k| 105.7 |   834M | 271 | 951 |5425 |5425 |   0 |  0 |   0 |  37 | 4.300000e+01 | 9.920000e+01 | 130.70%| unknown
 3229s|538700 |399271 | 56909k| 105.6 |   834M | 271 | 951 |5425 |5425 |   0 |  0 |   0 |  37 | 4.300000e+01 | 9.920000e+01 | 130.70%| unknown
 3229s|538800 |399351 | 56910k| 105.6 |   834M | 271 | 951 |5425 |5425 |   0 |  0 |   0 |  37 | 4.300000e+01 | 9.920000e+01 | 130.70%| unknown
 3230s|538900 |399419 | 56919k| 105.6 |   834M | 271 | 951 |5425 |5425 |   0 |  0 |   0 |  37 | 4.300000e+01 | 9.920000e+01 | 130.70%| unknown
 3231s|539000 |399493 | 56935k| 105.6 |   834M | 271 | 951 |5425 |5425 |   0 |  0 |   0 |  37 | 4.300000e+01 | 9.920000e+01 | 130.70%| unknown
 3232s|539100 |399545 | 56954k| 105.6 |   834M | 271 | 951 |5425 |5425 |   0 |  0 |   0 |  37 | 4.300000e+01 | 9.920000e+01 | 130.70%| unknown
 3232s|539200 |399613 | 56955k| 105.6 |   834M | 271 | 951 |5425 |5425 |   0 |  0 |   0 |  37 | 4.300000e+01 | 9.920000e+01 | 130.70%| unknown
 3232s|539300 |399669 | 56957k| 105.6 |   834M | 271 | 951 |5425 |5425 |   0 |  0 |   0 |  37 | 4.300000e+01 | 9.920000e+01 | 130.70%| unknown
 3232s|539400 |399741 | 56958k| 105.6 |   834M | 271 | 951 |5425 |5425 |   0 |  0 |   0 |  37 | 4.300000e+01 | 9.920000e+01 | 130.70%| unknown
 3232s|539500 |399821 | 56960k| 105.6 |   834M | 271 | 951 |5425 |5425 |   0 |  0 |   0 |  37 | 4.300000e+01 | 9.920000e+01 | 130.70%| unknown
 3233s|539600 |399879 | 56961k| 105.6 |   834M | 271 | 951 |5425 |5425 |   0 |  0 |   0 |  37 | 4.300000e+01 | 9.920000e+01 | 130.70%| unknown
 3233s|539700 |399953 | 56962k| 105.5 |   835M | 271 | 951 |5425 |5425 |   0 |  0 |   0 |  37 | 4.300000e+01 | 9.920000e+01 | 130.70%| unknown
 3233s|539800 |400013 | 56970k| 105.5 |   835M | 271 | 951 |5425 |5425 |   0 |  0 |   0 |  37 | 4.300000e+01 | 9.920000e+01 | 130.70%| unknown
 time | node  | left  |LP iter|LP it/n|mem/heur|mdpt |vars |cons |rows |cuts |sepa|confs|strbr|  dualbound   | primalbound  |  gap   | compl. 
 3235s|539900 |400091 | 57003k| 105.6 |   835M | 271 | 951 |5425 |5425 |   0 |  0 |   0 |  37 | 4.300000e+01 | 9.920000e+01 | 130.70%| unknown
 3236s|540000 |400155 | 57027k| 105.6 |   835M | 271 | 951 |5425 |5425 |   0 |  0 |   0 |  37 | 4.300000e+01 | 9.920000e+01 | 130.70%| unknown
 3238s|540100 |400231 | 57061k| 105.6 |   835M | 271 | 951 |5425 |5425 |   0 |  0 |   0 |  37 | 4.300000e+01 | 9.920000e+01 | 130.70%| unknown
 3239s|540200 |400289 | 57075k| 105.7 |   835M | 271 | 951 |5425 |5425 |   0 |  0 |   0 |  37 | 4.300000e+01 | 9.920000e+01 | 130.70%| unknown
 3239s|540300 |400349 | 57080k| 105.6 |   835M | 271 | 951 |5425 |5425 |   0 |  0 |   0 |  37 | 4.300000e+01 | 9.920000e+01 | 130.70%| unknown
 3239s|540400 |400409 | 57081k| 105.6 |   835M | 271 | 951 |5425 |5425 |   0 |  0 |   0 |  37 | 4.300000e+01 | 9.920000e+01 | 130.70%| unknown
 3239s|540500 |400485 | 57083k| 105.6 |   835M | 271 | 951 |5425 |5425 |   0 |  0 |   0 |  37 | 4.300000e+01 | 9.920000e+01 | 130.70%| unknown
 3240s|540600 |400565 | 57084k| 105.6 |   835M | 271 | 951 |5425 |5425 |   0 |  0 |   0 |  37 | 4.300000e+01 | 9.920000e+01 | 130.70%| unknown
 3240s|540700 |400637 | 57085k| 105.6 |   835M | 271 | 951 |5425 |5425 |   0 |  0 |   0 |  37 | 4.300000e+01 | 9.920000e+01 | 130.70%| unknown
 3240s|540800 |400711 | 57087k| 105.6 |   836M | 271 | 951 |5425 |5425 |   0 |  0 |   0 |  37 | 4.300000e+01 | 9.920000e+01 | 130.70%| unknown
 3240s|540900 |400781 | 57089k| 105.5 |   837M | 271 | 951 |5425 |5425 |   0 |  0 |   0 |  37 | 4.300000e+01 | 9.920000e+01 | 130.70%| unknown
 3240s|541000 |400855 | 57090k| 105.5 |   837M | 271 | 951 |5425 |5425 |   0 |  0 |   0 |  37 | 4.300000e+01 | 9.920000e+01 | 130.70%| unknown
 3240s|541100 |400919 | 57091k| 105.5 |   837M | 271 | 951 |5425 |5425 |   0 |  0 |   0 |  37 | 4.300000e+01 | 9.920000e+01 | 130.70%| unknown
 3241s|541200 |400985 | 57093k| 105.5 |   837M | 271 | 951 |5425 |5425 |   0 |  0 |   0 |  37 | 4.300000e+01 | 9.920000e+01 | 130.70%| unknown
 3241s|541300 |401053 | 57094k| 105.5 |   837M | 271 | 951 |5425 |5425 |   0 |  0 |   0 |  37 | 4.300000e+01 | 9.920000e+01 | 130.70%| unknown
 time | node  | left  |LP iter|LP it/n|mem/heur|mdpt |vars |cons |rows |cuts |sepa|confs|strbr|  dualbound   | primalbound  |  gap   | compl. 
 3241s|541400 |401127 | 57095k| 105.5 |   837M | 271 | 951 |5425 |5425 |   0 |  0 |   0 |  37 | 4.300000e+01 | 9.920000e+01 | 130.70%| unknown
 3241s|541500 |401193 | 57096k| 105.4 |   838M | 271 | 951 |5425 |5425 |   0 |  0 |   0 |  37 | 4.300000e+01 | 9.920000e+01 | 130.70%| unknown
 3241s|541600 |401253 | 57098k| 105.4 |   838M | 271 | 951 |5425 |5425 |   0 |  0 |   0 |  37 | 4.300000e+01 | 9.920000e+01 | 130.70%| unknown
 3242s|541700 |401321 | 57099k| 105.4 |   838M | 271 | 951 |5425 |5425 |   0 |  0 |   0 |  37 | 4.300000e+01 | 9.920000e+01 | 130.70%| unknown
 3242s|541800 |401383 | 57100k| 105.4 |   838M | 271 | 951 |5425 |5425 |   0 |  0 |   0 |  37 | 4.300000e+01 | 9.920000e+01 | 130.70%| unknown
 3242s|541900 |401445 | 57101k| 105.4 |   838M | 271 | 951 |5425 |5425 |   0 |  0 |   0 |  37 | 4.300000e+01 | 9.920000e+01 | 130.70%| unknown
 3242s|542000 |401525 | 57112k| 105.4 |   839M | 271 | 951 |5425 |5425 |   0 |  0 |   0 |  37 | 4.300000e+01 | 9.920000e+01 | 130.70%| unknown
 3243s|542100 |401593 | 57127k| 105.4 |   839M | 271 | 951 |5425 |5425 |   0 |  0 |   0 |  37 | 4.300000e+01 | 9.920000e+01 | 130.70%| unknown
 3244s|542200 |401679 | 57137k| 105.4 |   839M | 271 | 951 |5425 |5425 |   0 |  0 |   0 |  37 | 4.300000e+01 | 9.920000e+01 | 130.70%| unknown
 3244s|542300 |401741 | 57143k| 105.4 |   839M | 271 | 951 |5425 |5425 |   0 |  0 |   0 |  37 | 4.300000e+01 | 9.920000e+01 | 130.70%| unknown
 3245s|542400 |401825 | 57158k| 105.4 |   839M | 271 | 951 |5425 |5425 |   0 |  0 |   0 |  37 | 4.300000e+01 | 9.920000e+01 | 130.70%| unknown
 3246s|542500 |401901 | 57180k| 105.4 |   839M | 271 | 951 |5425 |5425 |   0 |  0 |   0 |  37 | 4.300000e+01 | 9.920000e+01 | 130.70%| unknown
 3247s|542600 |401969 | 57203k| 105.4 |   839M | 271 | 951 |5425 |5425 |   0 |  0 |   0 |  37 | 4.300000e+01 | 9.920000e+01 | 130.70%| unknown
 3248s|542700 |402043 | 57218k| 105.4 |   839M | 271 | 951 |5425 |5425 |   0 |  0 |   0 |  37 | 4.300000e+01 | 9.920000e+01 | 130.70%| unknown
 3249s|542800 |402119 | 57244k| 105.5 |   839M | 271 | 951 |5425 |5425 |   0 |  0 |   0 |  37 | 4.300000e+01 | 9.920000e+01 | 130.70%| unknown
 time | node  | left  |LP iter|LP it/n|mem/heur|mdpt |vars |cons |rows |cuts |sepa|confs|strbr|  dualbound   | primalbound  |  gap   | compl. 
 3250s|542900 |402171 | 57267k| 105.5 |   839M | 271 | 951 |5425 |5425 |   0 |  0 |   0 |  37 | 4.300000e+01 | 9.920000e+01 | 130.70%| unknown
 3251s|543000 |402235 | 57283k| 105.5 |   839M | 271 | 951 |5425 |5425 |   0 |  0 |   0 |  37 | 4.300000e+01 | 9.920000e+01 | 130.70%| unknown
 3252s|543100 |402313 | 57301k| 105.5 |   840M | 271 | 951 |5425 |5425 |   0 |  0 |   0 |  37 | 4.300000e+01 | 9.920000e+01 | 130.70%| unknown
 3253s|543200 |402397 | 57316k| 105.5 |   840M | 271 | 951 |5425 |5425 |   0 |  0 |   0 |  37 | 4.300000e+01 | 9.920000e+01 | 130.70%| unknown
 3253s|543300 |402469 | 57321k| 105.5 |   840M | 271 | 951 |5425 |5425 |   0 |  0 |   0 |  37 | 4.300000e+01 | 9.920000e+01 | 130.70%| unknown
 3253s|543400 |402545 | 57322k| 105.5 |   840M | 271 | 951 |5425 |5425 |   0 |  0 |   0 |  37 | 4.300000e+01 | 9.920000e+01 | 130.70%| unknown
 3253s|543500 |402635 | 57323k| 105.5 |   840M | 271 | 951 |5425 |5425 |   0 |  0 |   0 |  37 | 4.300000e+01 | 9.920000e+01 | 130.70%| unknown
 3253s|543600 |402693 | 57324k| 105.5 |   840M | 271 | 951 |5425 |5425 |   0 |  0 |   0 |  37 | 4.300000e+01 | 9.920000e+01 | 130.70%| unknown
 3254s|543700 |402779 | 57326k| 105.4 |   840M | 271 | 951 |5425 |5425 |   0 |  0 |   0 |  37 | 4.300000e+01 | 9.920000e+01 | 130.70%| unknown
 3254s|543800 |402843 | 57337k| 105.4 |   840M | 271 | 951 |5425 |5425 |   0 |  0 |   0 |  37 | 4.300000e+01 | 9.920000e+01 | 130.70%| unknown
 3255s|543900 |402923 | 57347k| 105.4 |   840M | 271 | 951 |5425 |5425 |   0 |  0 |   0 |  37 | 4.300000e+01 | 9.920000e+01 | 130.70%| unknown
 3256s|544000 |403005 | 57365k| 105.4 |   840M | 271 | 951 |5425 |5425 |   0 |  0 |   0 |  37 | 4.300000e+01 | 9.920000e+01 | 130.70%| unknown
 3257s|544100 |403073 | 57380k| 105.5 |   840M | 271 | 951 |5425 |5425 |   0 |  0 |   0 |  37 | 4.300000e+01 | 9.920000e+01 | 130.70%| unknown
 3258s|544200 |403149 | 57399k| 105.5 |   841M | 271 | 951 |5425 |5425 |   0 |  0 |   0 |  37 | 4.300000e+01 | 9.920000e+01 | 130.70%| unknown
 3258s|544300 |403217 | 57418k| 105.5 |   841M | 271 | 951 |5425 |5425 |   0 |  0 |   0 |  37 | 4.300000e+01 | 9.920000e+01 | 130.70%| unknown
 time | node  | left  |LP iter|LP it/n|mem/heur|mdpt |vars |cons |rows |cuts |sepa|confs|strbr|  dualbound   | primalbound  |  gap   | compl. 
 3259s|544400 |403293 | 57425k| 105.5 |   841M | 271 | 951 |5425 |5425 |   0 |  0 |   0 |  37 | 4.300000e+01 | 9.920000e+01 | 130.70%| unknown
 3260s|544500 |403353 | 57448k| 105.5 |   841M | 271 | 951 |5425 |5425 |   0 |  0 |   0 |  37 | 4.300000e+01 | 9.920000e+01 | 130.70%| unknown
 3261s|544600 |403415 | 57471k| 105.5 |   841M | 271 | 951 |5425 |5425 |   0 |  0 |   0 |  37 | 4.300000e+01 | 9.920000e+01 | 130.70%| unknown
 3262s|544700 |403481 | 57497k| 105.6 |   841M | 271 | 951 |5425 |5425 |   0 |  0 |   0 |  37 | 4.300000e+01 | 9.920000e+01 | 130.70%| unknown
 3263s|544800 |403555 | 57510k| 105.6 |   841M | 271 | 951 |5425 |5425 |   0 |  0 |   0 |  37 | 4.300000e+01 | 9.920000e+01 | 130.70%| unknown
 3263s|544900 |403629 | 57511k| 105.5 |   841M | 271 | 951 |5425 |5425 |   0 |  0 |   0 |  37 | 4.300000e+01 | 9.920000e+01 | 130.70%| unknown
 3263s|545000 |403697 | 57512k| 105.5 |   841M | 271 | 951 |5425 |5425 |   0 |  0 |   0 |  37 | 4.300000e+01 | 9.920000e+01 | 130.70%| unknown
 3264s|545100 |403777 | 57513k| 105.5 |   841M | 271 | 951 |5425 |5425 |   0 |  0 |   0 |  37 | 4.300000e+01 | 9.920000e+01 | 130.70%| unknown
 3264s|545200 |403839 | 57514k| 105.5 |   841M | 271 | 951 |5425 |5425 |   0 |  0 |   0 |  37 | 4.300000e+01 | 9.920000e+01 | 130.70%| unknown
 3264s|545300 |403917 | 57515k| 105.5 |   842M | 271 | 951 |5425 |5425 |   0 |  0 |   0 |  37 | 4.300000e+01 | 9.920000e+01 | 130.70%| unknown
 3264s|545400 |404011 | 57517k| 105.5 |   842M | 271 | 951 |5425 |5425 |   0 |  0 |   0 |  37 | 4.300000e+01 | 9.920000e+01 | 130.70%| unknown
 3264s|545500 |404079 | 57518k| 105.4 |   842M | 271 | 951 |5425 |5425 |   0 |  0 |   0 |  37 | 4.300000e+01 | 9.920000e+01 | 130.70%| unknown
 3265s|545600 |404143 | 57519k| 105.4 |   842M | 271 | 951 |5425 |5425 |   0 |  0 |   0 |  37 | 4.300000e+01 | 9.920000e+01 | 130.70%| unknown
 3265s|545700 |404215 | 57520k| 105.4 |   842M | 271 | 951 |5425 |5425 |   0 |  0 |   0 |  37 | 4.300000e+01 | 9.920000e+01 | 130.70%| unknown
 3265s|545800 |404273 | 57522k| 105.4 |   842M | 271 | 951 |5425 |5425 |   0 |  0 |   0 |  37 | 4.300000e+01 | 9.920000e+01 | 130.70%| unknown
 time | node  | left  |LP iter|LP it/n|mem/heur|mdpt |vars |cons |rows |cuts |sepa|confs|strbr|  dualbound   | primalbound  |  gap   | compl. 
 3265s|545900 |404341 | 57523k| 105.4 |   842M | 271 | 951 |5425 |5425 |   0 |  0 |   0 |  37 | 4.300000e+01 | 9.920000e+01 | 130.70%| unknown
 3265s|546000 |404403 | 57524k| 105.4 |   843M | 271 | 951 |5425 |5425 |   0 |  0 |   0 |  37 | 4.300000e+01 | 9.920000e+01 | 130.70%| unknown
 3267s|546100 |404471 | 57550k| 105.4 |   843M | 271 | 951 |5425 |5425 |   0 |  0 |   0 |  37 | 4.300000e+01 | 9.920000e+01 | 130.70%| unknown
 3268s|546200 |404537 | 57569k| 105.4 |   843M | 271 | 951 |5425 |5425 |   0 |  0 |   0 |  37 | 4.300000e+01 | 9.920000e+01 | 130.70%| unknown
 3268s|546300 |404615 | 57585k| 105.4 |   843M | 271 | 951 |5425 |5425 |   0 |  0 |   0 |  37 | 4.300000e+01 | 9.920000e+01 | 130.70%| unknown
 3270s|546400 |404679 | 57616k| 105.4 |   844M | 271 | 951 |5425 |5425 |   0 |  0 |   0 |  37 | 4.300000e+01 | 9.920000e+01 | 130.70%| unknown
 3271s|546500 |404759 | 57629k| 105.4 |   844M | 271 | 951 |5425 |5425 |   0 |  0 |   0 |  37 | 4.300000e+01 | 9.920000e+01 | 130.70%| unknown
 3271s|546600 |404827 | 57643k| 105.5 |   844M | 271 | 951 |5425 |5425 |   0 |  0 |   0 |  37 | 4.300000e+01 | 9.920000e+01 | 130.70%| unknown
 3272s|546700 |404909 | 57654k| 105.5 |   844M | 271 | 951 |5425 |5425 |   0 |  0 |   0 |  37 | 4.300000e+01 | 9.920000e+01 | 130.70%| unknown
 3273s|546800 |404963 | 57684k| 105.5 |   844M | 271 | 951 |5425 |5425 |   0 |  0 |   0 |  37 | 4.300000e+01 | 9.920000e+01 | 130.70%| unknown
 3274s|546900 |405027 | 57704k| 105.5 |   844M | 271 | 951 |5425 |5425 |   0 |  0 |   0 |  37 | 4.300000e+01 | 9.920000e+01 | 130.70%| unknown
 3276s|547000 |405091 | 57725k| 105.5 |   844M | 271 | 951 |5425 |5425 |   0 |  0 |   0 |  37 | 4.300000e+01 | 9.920000e+01 | 130.70%| unknown
 3276s|547100 |405163 | 57732k| 105.5 |   844M | 271 | 951 |5425 |5425 |   0 |  0 |   0 |  37 | 4.300000e+01 | 9.920000e+01 | 130.70%| unknown
 3276s|547200 |405231 | 57733k| 105.5 |   845M | 271 | 951 |5425 |5425 |   0 |  0 |   0 |  37 | 4.300000e+01 | 9.920000e+01 | 130.70%| unknown
 3276s|547300 |405303 | 57735k| 105.5 |   845M | 271 | 951 |5425 |5425 |   0 |  0 |   0 |  37 | 4.300000e+01 | 9.920000e+01 | 130.70%| unknown
 time | node  | left  |LP iter|LP it/n|mem/heur|mdpt |vars |cons |rows |cuts |sepa|confs|strbr|  dualbound   | primalbound  |  gap   | compl. 
 3277s|547400 |405355 | 57736k| 105.5 |   845M | 271 | 951 |5425 |5425 |   0 |  0 |   0 |  37 | 4.300000e+01 | 9.920000e+01 | 130.70%| unknown
 3277s|547500 |405411 | 57737k| 105.5 |   845M | 271 | 951 |5425 |5425 |   0 |  0 |   0 |  37 | 4.300000e+01 | 9.920000e+01 | 130.70%| unknown
 3277s|547600 |405475 | 57743k| 105.4 |   846M | 271 | 951 |5425 |5425 |   0 |  0 |   0 |  37 | 4.300000e+01 | 9.920000e+01 | 130.70%| unknown
 3278s|547700 |405535 | 57752k| 105.4 |   846M | 271 | 951 |5425 |5425 |   0 |  0 |   0 |  37 | 4.300000e+01 | 9.920000e+01 | 130.70%| unknown
 3278s|547800 |405597 | 57754k| 105.4 |   846M | 271 | 951 |5425 |5425 |   0 |  0 |   0 |  37 | 4.300000e+01 | 9.920000e+01 | 130.70%| unknown
 3278s|547900 |405673 | 57755k| 105.4 |   846M | 271 | 951 |5425 |5425 |   0 |  0 |   0 |  37 | 4.300000e+01 | 9.920000e+01 | 130.70%| unknown
 3278s|548000 |405727 | 57757k| 105.4 |   846M | 271 | 951 |5425 |5425 |   0 |  0 |   0 |  37 | 4.300000e+01 | 9.920000e+01 | 130.70%| unknown
 3278s|548100 |405805 | 57758k| 105.4 |   846M | 271 | 951 |5425 |5425 |   0 |  0 |   0 |  37 | 4.300000e+01 | 9.920000e+01 | 130.70%| unknown
 3279s|548200 |405855 | 57759k| 105.4 |   846M | 271 | 951 |5425 |5425 |   0 |  0 |   0 |  37 | 4.300000e+01 | 9.920000e+01 | 130.70%| unknown
 3279s|548300 |405917 | 57761k| 105.3 |   846M | 271 | 951 |5425 |5425 |   0 |  0 |   0 |  37 | 4.300000e+01 | 9.920000e+01 | 130.70%| unknown
 3279s|548400 |405997 | 57771k| 105.3 |   847M | 271 | 951 |5425 |5425 |   0 |  0 |   0 |  37 | 4.300000e+01 | 9.920000e+01 | 130.70%| unknown
 3280s|548500 |406069 | 57787k| 105.4 |   847M | 271 | 951 |5425 |5425 |   0 |  0 |   0 |  37 | 4.300000e+01 | 9.920000e+01 | 130.70%| unknown
 3280s|548600 |406127 | 57791k| 105.3 |   847M | 271 | 951 |5425 |5425 |   0 |  0 |   0 |  37 | 4.300000e+01 | 9.920000e+01 | 130.70%| unknown
 3281s|548700 |406187 | 57792k| 105.3 |   847M | 271 | 951 |5425 |5425 |   0 |  0 |   0 |  37 | 4.300000e+01 | 9.920000e+01 | 130.70%| unknown
 3281s|548800 |406277 | 57793k| 105.3 |   849M | 271 | 951 |5425 |5425 |   0 |  0 |   0 |  37 | 4.300000e+01 | 9.920000e+01 | 130.70%| unknown
 time | node  | left  |LP iter|LP it/n|mem/heur|mdpt |vars |cons |rows |cuts |sepa|confs|strbr|  dualbound   | primalbound  |  gap   | compl. 
 3281s|548900 |406369 | 57794k| 105.3 |   849M | 271 | 951 |5425 |5425 |   0 |  0 |   0 |  37 | 4.300000e+01 | 9.920000e+01 | 130.70%| unknown
 3281s|549000 |406457 | 57795k| 105.3 |   849M | 271 | 951 |5425 |5425 |   0 |  0 |   0 |  37 | 4.300000e+01 | 9.920000e+01 | 130.70%| unknown
 3282s|549100 |406529 | 57810k| 105.3 |   849M | 271 | 951 |5425 |5425 |   0 |  0 |   0 |  37 | 4.300000e+01 | 9.920000e+01 | 130.70%| unknown
 3284s|549200 |406601 | 57851k| 105.3 |   849M | 271 | 951 |5425 |5425 |   0 |  0 |   0 |  37 | 4.300000e+01 | 9.920000e+01 | 130.70%| unknown
 3286s|549300 |406683 | 57890k| 105.4 |   849M | 271 | 951 |5425 |5425 |   0 |  0 |   0 |  37 | 4.300000e+01 | 9.920000e+01 | 130.70%| unknown
 3289s|549400 |406757 | 57944k| 105.5 |   849M | 271 | 951 |5425 |5425 |   0 |  0 |   0 |  37 | 4.300000e+01 | 9.920000e+01 | 130.70%| unknown
 3290s|549500 |406841 | 57968k| 105.5 |   849M | 271 | 951 |5425 |5425 |   0 |  0 |   0 |  37 | 4.300000e+01 | 9.920000e+01 | 130.70%| unknown
 3291s|549600 |406917 | 57980k| 105.5 |   849M | 271 | 951 |5425 |5425 |   0 |  0 |   0 |  37 | 4.300000e+01 | 9.920000e+01 | 130.70%| unknown
 3292s|549700 |406991 | 57996k| 105.5 |   849M | 271 | 951 |5425 |5425 |   0 |  0 |   0 |  37 | 4.300000e+01 | 9.920000e+01 | 130.70%| unknown
 3292s|549800 |407065 | 58013k| 105.5 |   850M | 271 | 951 |5425 |5425 |   0 |  0 |   0 |  37 | 4.300000e+01 | 9.920000e+01 | 130.70%| unknown
 3293s|549900 |407145 | 58025k| 105.5 |   850M | 271 | 951 |5425 |5425 |   0 |  0 |   0 |  37 | 4.300000e+01 | 9.920000e+01 | 130.70%| unknown
 3293s|550000 |407225 | 58026k| 105.5 |   850M | 271 | 951 |5425 |5425 |   0 |  0 |   0 |  37 | 4.300000e+01 | 9.920000e+01 | 130.70%| unknown
 3293s|550100 |407309 | 58027k| 105.5 |   850M | 271 | 951 |5425 |5425 |   0 |  0 |   0 |  37 | 4.300000e+01 | 9.920000e+01 | 130.70%| unknown
 3294s|550200 |407387 | 58029k| 105.5 |   850M | 271 | 951 |5425 |5425 |   0 |  0 |   0 |  37 | 4.300000e+01 | 9.920000e+01 | 130.70%| unknown
 3294s|550300 |407443 | 58030k| 105.5 |   850M | 271 | 951 |5425 |5425 |   0 |  0 |   0 |  37 | 4.300000e+01 | 9.920000e+01 | 130.70%| unknown
 time | node  | left  |LP iter|LP it/n|mem/heur|mdpt |vars |cons |rows |cuts |sepa|confs|strbr|  dualbound   | primalbound  |  gap   | compl. 
 3294s|550400 |407519 | 58031k| 105.4 |   850M | 271 | 951 |5425 |5425 |   0 |  0 |   0 |  37 | 4.300000e+01 | 9.920000e+01 | 130.70%| unknown
 3295s|550500 |407589 | 58049k| 105.4 |   850M | 271 | 951 |5425 |5425 |   0 |  0 |   0 |  37 | 4.300000e+01 | 9.920000e+01 | 130.70%| unknown
 3296s|550600 |407657 | 58060k| 105.4 |   850M | 271 | 951 |5425 |5425 |   0 |  0 |   0 |  37 | 4.300000e+01 | 9.920000e+01 | 130.70%| unknown
 3296s|550700 |407737 | 58062k| 105.4 |   850M | 271 | 951 |5425 |5425 |   0 |  0 |   0 |  37 | 4.300000e+01 | 9.920000e+01 | 130.70%| unknown
 3296s|550800 |407801 | 58063k| 105.4 |   850M | 271 | 951 |5425 |5425 |   0 |  0 |   0 |  37 | 4.300000e+01 | 9.920000e+01 | 130.70%| unknown
 3296s|550900 |407861 | 58064k| 105.4 |   851M | 271 | 951 |5425 |5425 |   0 |  0 |   0 |  37 | 4.300000e+01 | 9.920000e+01 | 130.70%| unknown
 3296s|551000 |407933 | 58066k| 105.4 |   851M | 271 | 951 |5425 |5425 |   0 |  0 |   0 |  37 | 4.300000e+01 | 9.920000e+01 | 130.70%| unknown
 3296s|551100 |407991 | 58067k| 105.4 |   851M | 271 | 951 |5425 |5425 |   0 |  0 |   0 |  37 | 4.300000e+01 | 9.920000e+01 | 130.70%| unknown
 3297s|551200 |408057 | 58069k| 105.3 |   851M | 271 | 951 |5425 |5425 |   0 |  0 |   0 |  37 | 4.300000e+01 | 9.920000e+01 | 130.70%| unknown
 3297s|551300 |408127 | 58073k| 105.3 |   851M | 271 | 951 |5425 |5425 |   0 |  0 |   0 |  37 | 4.300000e+01 | 9.920000e+01 | 130.70%| unknown
 3298s|551400 |408209 | 58087k| 105.3 |   851M | 271 | 951 |5425 |5425 |   0 |  0 |   0 |  37 | 4.300000e+01 | 9.920000e+01 | 130.70%| unknown
 3299s|551500 |408277 | 58107k| 105.4 |   851M | 271 | 951 |5425 |5425 |   0 |  0 |   0 |  37 | 4.300000e+01 | 9.920000e+01 | 130.70%| unknown
 3300s|551600 |408353 | 58131k| 105.4 |   851M | 271 | 951 |5425 |5425 |   0 |  0 |   0 |  37 | 4.300000e+01 | 9.920000e+01 | 130.70%| unknown
 3301s|551700 |408405 | 58147k| 105.4 |   851M | 271 | 951 |5425 |5425 |   0 |  0 |   0 |  37 | 4.300000e+01 | 9.920000e+01 | 130.70%| unknown
 3302s|551800 |408475 | 58165k| 105.4 |   851M | 271 | 951 |5425 |5425 |   0 |  0 |   0 |  37 | 4.300000e+01 | 9.920000e+01 | 130.70%| unknown
 time | node  | left  |LP iter|LP it/n|mem/heur|mdpt |vars |cons |rows |cuts |sepa|confs|strbr|  dualbound   | primalbound  |  gap   | compl. 
 3303s|551900 |408549 | 58180k| 105.4 |   851M | 271 | 951 |5425 |5425 |   0 |  0 |   0 |  37 | 4.300000e+01 | 9.920000e+01 | 130.70%| unknown
 3303s|552000 |408613 | 58195k| 105.4 |   852M | 271 | 951 |5425 |5425 |   0 |  0 |   0 |  37 | 4.300000e+01 | 9.920000e+01 | 130.70%| unknown
 3305s|552100 |408677 | 58224k| 105.5 |   852M | 271 | 951 |5425 |5425 |   0 |  0 |   0 |  37 | 4.300000e+01 | 9.920000e+01 | 130.70%| unknown
 3306s|552200 |408749 | 58239k| 105.5 |   852M | 271 | 951 |5425 |5425 |   0 |  0 |   0 |  37 | 4.300000e+01 | 9.920000e+01 | 130.70%| unknown
 3306s|552300 |408795 | 58240k| 105.4 |   852M | 271 | 951 |5425 |5425 |   0 |  0 |   0 |  37 | 4.300000e+01 | 9.920000e+01 | 130.70%| unknown
 3306s|552400 |408863 | 58242k| 105.4 |   852M | 271 | 951 |5425 |5425 |   0 |  0 |   0 |  37 | 4.300000e+01 | 9.920000e+01 | 130.70%| unknown
 3306s|552500 |408935 | 58243k| 105.4 |   852M | 271 | 951 |5425 |5425 |   0 |  0 |   0 |  37 | 4.300000e+01 | 9.920000e+01 | 130.70%| unknown
 3306s|552600 |409015 | 58244k| 105.4 |   852M | 271 | 951 |5425 |5425 |   0 |  0 |   0 |  37 | 4.300000e+01 | 9.920000e+01 | 130.70%| unknown
 3306s|552700 |409087 | 58245k| 105.4 |   852M | 271 | 951 |5425 |5425 |   0 |  0 |   0 |  37 | 4.300000e+01 | 9.920000e+01 | 130.70%| unknown
 3308s|552800 |409153 | 58269k| 105.4 |   852M | 271 | 951 |5425 |5425 |   0 |  0 |   0 |  37 | 4.300000e+01 | 9.920000e+01 | 130.70%| unknown
 3310s|552900 |409225 | 58321k| 105.5 |   852M | 271 | 951 |5425 |5425 |   0 |  0 |   0 |  37 | 4.300000e+01 | 9.920000e+01 | 130.70%| unknown
 3311s|553000 |409297 | 58346k| 105.5 |   852M | 271 | 951 |5425 |5425 |   0 |  0 |   0 |  37 | 4.300000e+01 | 9.920000e+01 | 130.70%| unknown
 3312s|553100 |409361 | 58359k| 105.5 |   852M | 271 | 951 |5425 |5425 |   0 |  0 |   0 |  37 | 4.300000e+01 | 9.920000e+01 | 130.70%| unknown
 3313s|553200 |409433 | 58368k| 105.5 |   853M | 271 | 951 |5425 |5425 |   0 |  0 |   0 |  37 | 4.300000e+01 | 9.920000e+01 | 130.70%| unknown
 3314s|553300 |409495 | 58403k| 105.6 |   854M | 271 | 951 |5425 |5425 |   0 |  0 |   0 |  37 | 4.300000e+01 | 9.920000e+01 | 130.70%| unknown
 time | node  | left  |LP iter|LP it/n|mem/heur|mdpt |vars |cons |rows |cuts |sepa|confs|strbr|  dualbound   | primalbound  |  gap   | compl. 
 3315s|553400 |409553 | 58427k| 105.6 |   854M | 271 | 951 |5425 |5425 |   0 |  0 |   0 |  37 | 4.300000e+01 | 9.920000e+01 | 130.70%| unknown
 3316s|553500 |409633 | 58440k| 105.6 |   854M | 271 | 951 |5425 |5425 |   0 |  0 |   0 |  37 | 4.300000e+01 | 9.920000e+01 | 130.70%| unknown
 3317s|553600 |409713 | 58450k| 105.6 |   855M | 271 | 951 |5425 |5425 |   0 |  0 |   0 |  37 | 4.300000e+01 | 9.920000e+01 | 130.70%| unknown
 3317s|553700 |409783 | 58462k| 105.6 |   855M | 271 | 951 |5425 |5425 |   0 |  0 |   0 |  37 | 4.300000e+01 | 9.920000e+01 | 130.70%| unknown
 3318s|553800 |409873 | 58471k| 105.6 |   855M | 271 | 951 |5425 |5425 |   0 |  0 |   0 |  37 | 4.300000e+01 | 9.920000e+01 | 130.70%| unknown
 3318s|553900 |409949 | 58476k| 105.6 |   855M | 271 | 951 |5425 |5425 |   0 |  0 |   0 |  37 | 4.300000e+01 | 9.920000e+01 | 130.70%| unknown
 3318s|554000 |409999 | 58477k| 105.6 |   855M | 271 | 951 |5425 |5425 |   0 |  0 |   0 |  37 | 4.300000e+01 | 9.920000e+01 | 130.70%| unknown
 3319s|554100 |410085 | 58479k| 105.5 |   855M | 271 | 951 |5425 |5425 |   0 |  0 |   0 |  37 | 4.300000e+01 | 9.920000e+01 | 130.70%| unknown
 3319s|554200 |410159 | 58480k| 105.5 |   855M | 271 | 951 |5425 |5425 |   0 |  0 |   0 |  37 | 4.300000e+01 | 9.920000e+01 | 130.70%| unknown
 3319s|554300 |410213 | 58481k| 105.5 |   856M | 271 | 951 |5425 |5425 |   0 |  0 |   0 |  37 | 4.300000e+01 | 9.920000e+01 | 130.70%| unknown
 3319s|554400 |410279 | 58483k| 105.5 |   856M | 271 | 951 |5425 |5425 |   0 |  0 |   0 |  37 | 4.300000e+01 | 9.920000e+01 | 130.70%| unknown
 3319s|554500 |410353 | 58486k| 105.5 |   856M | 271 | 951 |5425 |5425 |   0 |  0 |   0 |  37 | 4.300000e+01 | 9.920000e+01 | 130.70%| unknown
 3320s|554600 |410437 | 58504k| 105.5 |   856M | 271 | 951 |5425 |5425 |   0 |  0 |   0 |  37 | 4.300000e+01 | 9.920000e+01 | 130.70%| unknown
 3321s|554700 |410509 | 58521k| 105.5 |   856M | 271 | 951 |5425 |5425 |   0 |  0 |   0 |  37 | 4.300000e+01 | 9.920000e+01 | 130.70%| unknown
 3322s|554800 |410581 | 58535k| 105.5 |   856M | 271 | 951 |5425 |5425 |   0 |  0 |   0 |  37 | 4.300000e+01 | 9.920000e+01 | 130.70%| unknown
 time | node  | left  |LP iter|LP it/n|mem/heur|mdpt |vars |cons |rows |cuts |sepa|confs|strbr|  dualbound   | primalbound  |  gap   | compl. 
 3322s|554900 |410647 | 58537k| 105.5 |   856M | 271 | 951 |5425 |5425 |   0 |  0 |   0 |  37 | 4.300000e+01 | 9.920000e+01 | 130.70%| unknown
 3322s|555000 |410705 | 58538k| 105.5 |   856M | 271 | 951 |5425 |5425 |   0 |  0 |   0 |  37 | 4.300000e+01 | 9.920000e+01 | 130.70%| unknown
 3322s|555100 |410777 | 58539k| 105.5 |   856M | 271 | 951 |5425 |5425 |   0 |  0 |   0 |  37 | 4.300000e+01 | 9.920000e+01 | 130.70%| unknown
 3323s|555200 |410843 | 58540k| 105.4 |   856M | 271 | 951 |5425 |5425 |   0 |  0 |   0 |  37 | 4.300000e+01 | 9.920000e+01 | 130.70%| unknown
 3323s|555300 |410917 | 58541k| 105.4 |   856M | 271 | 951 |5425 |5425 |   0 |  0 |   0 |  37 | 4.300000e+01 | 9.920000e+01 | 130.70%| unknown
 3323s|555400 |410981 | 58549k| 105.4 |   856M | 271 | 951 |5425 |5425 |   0 |  0 |   0 |  37 | 4.300000e+01 | 9.920000e+01 | 130.70%| unknown
 3323s|555500 |411049 | 58550k| 105.4 |   857M | 271 | 951 |5425 |5425 |   0 |  0 |   0 |  37 | 4.300000e+01 | 9.920000e+01 | 130.70%| unknown
 3324s|555600 |411125 | 58551k| 105.4 |   857M | 271 | 951 |5425 |5425 |   0 |  0 |   0 |  37 | 4.300000e+01 | 9.920000e+01 | 130.70%| unknown
 3324s|555700 |411193 | 58553k| 105.4 |   857M | 271 | 951 |5425 |5425 |   0 |  0 |   0 |  37 | 4.300000e+01 | 9.920000e+01 | 130.70%| unknown
 3324s|555800 |411255 | 58554k| 105.4 |   857M | 271 | 951 |5425 |5425 |   0 |  0 |   0 |  37 | 4.300000e+01 | 9.920000e+01 | 130.70%| unknown
 3324s|555900 |411313 | 58556k| 105.3 |   857M | 271 | 951 |5425 |5425 |   0 |  0 |   0 |  37 | 4.300000e+01 | 9.920000e+01 | 130.70%| unknown
 3324s|556000 |411379 | 58557k| 105.3 |   857M | 271 | 951 |5425 |5425 |   0 |  0 |   0 |  37 | 4.300000e+01 | 9.920000e+01 | 130.70%| unknown
 3325s|556100 |411447 | 58558k| 105.3 |   857M | 271 | 951 |5425 |5425 |   0 |  0 |   0 |  37 | 4.300000e+01 | 9.920000e+01 | 130.70%| unknown
 3325s|556200 |411503 | 58560k| 105.3 |   857M | 271 | 951 |5425 |5425 |   0 |  0 |   0 |  37 | 4.300000e+01 | 9.920000e+01 | 130.70%| unknown
 3326s|556300 |411565 | 58588k| 105.3 |   857M | 271 | 951 |5425 |5425 |   0 |  0 |   0 |  37 | 4.300000e+01 | 9.920000e+01 | 130.70%| unknown
 time | node  | left  |LP iter|LP it/n|mem/heur|mdpt |vars |cons |rows |cuts |sepa|confs|strbr|  dualbound   | primalbound  |  gap   | compl. 
 3327s|556400 |411635 | 58611k| 105.3 |   857M | 271 | 951 |5425 |5425 |   0 |  0 |   0 |  37 | 4.300000e+01 | 9.920000e+01 | 130.70%| unknown
 3329s|556500 |411709 | 58635k| 105.4 |   857M | 271 | 951 |5425 |5425 |   0 |  0 |   0 |  37 | 4.300000e+01 | 9.920000e+01 | 130.70%| unknown
 3329s|556600 |411771 | 58650k| 105.4 |   858M | 271 | 951 |5425 |5425 |   0 |  0 |   0 |  37 | 4.300000e+01 | 9.920000e+01 | 130.70%| unknown
 3331s|556700 |411837 | 58676k| 105.4 |   858M | 271 | 951 |5425 |5425 |   0 |  0 |   0 |  37 | 4.300000e+01 | 9.920000e+01 | 130.70%| unknown
 3332s|556800 |411911 | 58707k| 105.4 |   859M | 271 | 951 |5425 |5425 |   0 |  0 |   0 |  37 | 4.300000e+01 | 9.920000e+01 | 130.70%| unknown
 3332s|556900 |411987 | 58714k| 105.4 |   859M | 271 | 951 |5425 |5425 |   0 |  0 |   0 |  37 | 4.300000e+01 | 9.920000e+01 | 130.70%| unknown
 3333s|557000 |412045 | 58727k| 105.4 |   859M | 271 | 951 |5425 |5425 |   0 |  0 |   0 |  37 | 4.300000e+01 | 9.920000e+01 | 130.70%| unknown
 3333s|557100 |412107 | 58729k| 105.4 |   859M | 271 | 951 |5425 |5425 |   0 |  0 |   0 |  37 | 4.300000e+01 | 9.920000e+01 | 130.70%| unknown
 3334s|557200 |412171 | 58730k| 105.4 |   859M | 271 | 951 |5425 |5425 |   0 |  0 |   0 |  37 | 4.300000e+01 | 9.920000e+01 | 130.70%| unknown
 3334s|557300 |412223 | 58731k| 105.4 |   859M | 271 | 951 |5425 |5425 |   0 |  0 |   0 |  37 | 4.300000e+01 | 9.920000e+01 | 130.70%| unknown
 3334s|557400 |412311 | 58732k| 105.4 |   859M | 271 | 951 |5425 |5425 |   0 |  0 |   0 |  37 | 4.300000e+01 | 9.920000e+01 | 130.70%| unknown
 3334s|557500 |412367 | 58733k| 105.4 |   859M | 271 | 951 |5425 |5425 |   0 |  0 |   0 |  37 | 4.300000e+01 | 9.920000e+01 | 130.70%| unknown
 3334s|557600 |412421 | 58735k| 105.3 |   859M | 271 | 951 |5425 |5425 |   0 |  0 |   0 |  37 | 4.300000e+01 | 9.920000e+01 | 130.70%| unknown
 3334s|557700 |412483 | 58736k| 105.3 |   859M | 271 | 951 |5425 |5425 |   0 |  0 |   0 |  37 | 4.300000e+01 | 9.920000e+01 | 130.70%| unknown
 3335s|557800 |412537 | 58737k| 105.3 |   859M | 271 | 951 |5425 |5425 |   0 |  0 |   0 |  37 | 4.300000e+01 | 9.920000e+01 | 130.70%| unknown
 time | node  | left  |LP iter|LP it/n|mem/heur|mdpt |vars |cons |rows |cuts |sepa|confs|strbr|  dualbound   | primalbound  |  gap   | compl. 
 3335s|557900 |412617 | 58738k| 105.3 |   860M | 271 | 951 |5425 |5425 |   0 |  0 |   0 |  37 | 4.300000e+01 | 9.920000e+01 | 130.70%| unknown
 3335s|558000 |412689 | 58740k| 105.3 |   860M | 271 | 951 |5425 |5425 |   0 |  0 |   0 |  37 | 4.300000e+01 | 9.920000e+01 | 130.70%| unknown
 3335s|558100 |412749 | 58741k| 105.3 |   860M | 271 | 951 |5425 |5425 |   0 |  0 |   0 |  37 | 4.300000e+01 | 9.920000e+01 | 130.70%| unknown
 3335s|558200 |412809 | 58745k| 105.2 |   860M | 271 | 951 |5425 |5425 |   0 |  0 |   0 |  37 | 4.300000e+01 | 9.920000e+01 | 130.70%| unknown
 3336s|558300 |412863 | 58764k| 105.3 |   860M | 271 | 951 |5425 |5425 |   0 |  0 |   0 |  37 | 4.300000e+01 | 9.920000e+01 | 130.70%| unknown
 3338s|558400 |412933 | 58802k| 105.3 |   861M | 271 | 951 |5425 |5425 |   0 |  0 |   0 |  37 | 4.300000e+01 | 9.920000e+01 | 130.70%| unknown
 3339s|558500 |412995 | 58814k| 105.3 |   861M | 271 | 951 |5425 |5425 |   0 |  0 |   0 |  37 | 4.300000e+01 | 9.920000e+01 | 130.70%| unknown
 3340s|558600 |413069 | 58836k| 105.3 |   861M | 271 | 951 |5425 |5425 |   0 |  0 |   0 |  37 | 4.300000e+01 | 9.920000e+01 | 130.70%| unknown
 3341s|558700 |413133 | 58861k| 105.4 |   861M | 271 | 951 |5425 |5425 |   0 |  0 |   0 |  37 | 4.300000e+01 | 9.920000e+01 | 130.70%| unknown
 3342s|558800 |413183 | 58866k| 105.3 |   861M | 271 | 951 |5425 |5425 |   0 |  0 |   0 |  37 | 4.300000e+01 | 9.920000e+01 | 130.70%| unknown
 3342s|558900 |413249 | 58867k| 105.3 |   861M | 271 | 951 |5425 |5425 |   0 |  0 |   0 |  37 | 4.300000e+01 | 9.920000e+01 | 130.70%| unknown
 3342s|559000 |413303 | 58868k| 105.3 |   861M | 271 | 951 |5425 |5425 |   0 |  0 |   0 |  37 | 4.300000e+01 | 9.920000e+01 | 130.70%| unknown
 3342s|559100 |413359 | 58870k| 105.3 |   862M | 271 | 951 |5425 |5425 |   0 |  0 |   0 |  37 | 4.300000e+01 | 9.920000e+01 | 130.70%| unknown
 3342s|559200 |413419 | 58871k| 105.3 |   862M | 271 | 951 |5425 |5425 |   0 |  0 |   0 |  37 | 4.300000e+01 | 9.920000e+01 | 130.70%| unknown
 3342s|559300 |413495 | 58872k| 105.3 |   862M | 271 | 951 |5425 |5425 |   0 |  0 |   0 |  37 | 4.300000e+01 | 9.920000e+01 | 130.70%| unknown
 time | node  | left  |LP iter|LP it/n|mem/heur|mdpt |vars |cons |rows |cuts |sepa|confs|strbr|  dualbound   | primalbound  |  gap   | compl. 
 3343s|559400 |413569 | 58873k| 105.2 |   862M | 271 | 951 |5425 |5425 |   0 |  0 |   0 |  37 | 4.300000e+01 | 9.920000e+01 | 130.70%| unknown
 3343s|559500 |413653 | 58874k| 105.2 |   862M | 271 | 951 |5425 |5425 |   0 |  0 |   0 |  37 | 4.300000e+01 | 9.920000e+01 | 130.70%| unknown
 3343s|559600 |413713 | 58875k| 105.2 |   862M | 271 | 951 |5425 |5425 |   0 |  0 |   0 |  37 | 4.300000e+01 | 9.920000e+01 | 130.70%| unknown
 3343s|559700 |413787 | 58876k| 105.2 |   862M | 271 | 951 |5425 |5425 |   0 |  0 |   0 |  37 | 4.300000e+01 | 9.920000e+01 | 130.70%| unknown
 3343s|559800 |413849 | 58877k| 105.2 |   862M | 271 | 951 |5425 |5425 |   0 |  0 |   0 |  37 | 4.300000e+01 | 9.920000e+01 | 130.70%| unknown
 3344s|559900 |413917 | 58878k| 105.2 |   862M | 271 | 951 |5425 |5425 |   0 |  0 |   0 |  37 | 4.300000e+01 | 9.920000e+01 | 130.70%| unknown
 3344s|560000 |413985 | 58879k| 105.1 |   862M | 271 | 951 |5425 |5425 |   0 |  0 |   0 |  37 | 4.300000e+01 | 9.920000e+01 | 130.70%| unknown
 3344s|560100 |414053 | 58880k| 105.1 |   862M | 271 | 951 |5425 |5425 |   0 |  0 |   0 |  37 | 4.300000e+01 | 9.920000e+01 | 130.70%| unknown
 3344s|560200 |414117 | 58881k| 105.1 |   862M | 271 | 951 |5425 |5425 |   0 |  0 |   0 |  37 | 4.300000e+01 | 9.920000e+01 | 130.70%| unknown
 3344s|560300 |414187 | 58882k| 105.1 |   865M | 271 | 951 |5425 |5425 |   0 |  0 |   0 |  37 | 4.300000e+01 | 9.920000e+01 | 130.70%| unknown
 3344s|560400 |414243 | 58884k| 105.1 |   865M | 271 | 951 |5425 |5425 |   0 |  0 |   0 |  37 | 4.300000e+01 | 9.920000e+01 | 130.70%| unknown
 3345s|560500 |414301 | 58884k| 105.1 |   865M | 271 | 951 |5425 |5425 |   0 |  0 |   0 |  37 | 4.300000e+01 | 9.920000e+01 | 130.70%| unknown
 3345s|560600 |414367 | 58885k| 105.0 |   865M | 271 | 951 |5425 |5425 |   0 |  0 |   0 |  37 | 4.300000e+01 | 9.920000e+01 | 130.70%| unknown
 3345s|560700 |414441 | 58886k| 105.0 |   865M | 271 | 951 |5425 |5425 |   0 |  0 |   0 |  37 | 4.300000e+01 | 9.920000e+01 | 130.70%| unknown
 3345s|560800 |414505 | 58888k| 105.0 |   865M | 271 | 951 |5425 |5425 |   0 |  0 |   0 |  37 | 4.300000e+01 | 9.920000e+01 | 130.70%| unknown
 time | node  | left  |LP iter|LP it/n|mem/heur|mdpt |vars |cons |rows |cuts |sepa|confs|strbr|  dualbound   | primalbound  |  gap   | compl. 
 3345s|560900 |414563 | 58888k| 105.0 |   865M | 271 | 951 |5425 |5425 |   0 |  0 |   0 |  37 | 4.300000e+01 | 9.920000e+01 | 130.70%| unknown
 3345s|561000 |414639 | 58890k| 105.0 |   865M | 271 | 951 |5425 |5425 |   0 |  0 |   0 |  37 | 4.300000e+01 | 9.920000e+01 | 130.70%| unknown
 3346s|561100 |414701 | 58890k| 105.0 |   865M | 271 | 951 |5425 |5425 |   0 |  0 |   0 |  37 | 4.300000e+01 | 9.920000e+01 | 130.70%| unknown
 3346s|561200 |414763 | 58892k| 104.9 |   865M | 271 | 951 |5425 |5425 |   0 |  0 |   0 |  37 | 4.300000e+01 | 9.920000e+01 | 130.70%| unknown
 3346s|561300 |414833 | 58893k| 104.9 |   865M | 271 | 951 |5425 |5425 |   0 |  0 |   0 |  37 | 4.300000e+01 | 9.920000e+01 | 130.70%| unknown
 3346s|561400 |414887 | 58894k| 104.9 |   865M | 271 | 951 |5425 |5425 |   0 |  0 |   0 |  37 | 4.300000e+01 | 9.920000e+01 | 130.70%| unknown
 3346s|561500 |414965 | 58895k| 104.9 |   866M | 271 | 951 |5425 |5425 |   0 |  0 |   0 |  37 | 4.300000e+01 | 9.920000e+01 | 130.70%| unknown
 3347s|561600 |415035 | 58896k| 104.9 |   866M | 271 | 951 |5425 |5425 |   0 |  0 |   0 |  37 | 4.300000e+01 | 9.920000e+01 | 130.70%| unknown
 3347s|561700 |415117 | 58907k| 104.9 |   866M | 271 | 951 |5425 |5425 |   0 |  0 |   0 |  37 | 4.300000e+01 | 9.920000e+01 | 130.70%| unknown
 3348s|561800 |415197 | 58926k| 104.9 |   866M | 271 | 951 |5425 |5425 |   0 |  0 |   0 |  37 | 4.300000e+01 | 9.920000e+01 | 130.70%| unknown
 3349s|561900 |415273 | 58944k| 104.9 |   866M | 271 | 951 |5425 |5425 |   0 |  0 |   0 |  37 | 4.300000e+01 | 9.920000e+01 | 130.70%| unknown
 3350s|562000 |415341 | 58955k| 104.9 |   866M | 271 | 951 |5425 |5425 |   0 |  0 |   0 |  37 | 4.300000e+01 | 9.920000e+01 | 130.70%| unknown
 3351s|562100 |415409 | 58975k| 104.9 |   866M | 271 | 951 |5425 |5425 |   0 |  0 |   0 |  37 | 4.300000e+01 | 9.920000e+01 | 130.70%| unknown
 3351s|562200 |415471 | 58976k| 104.9 |   866M | 271 | 951 |5425 |5425 |   0 |  0 |   0 |  37 | 4.300000e+01 | 9.920000e+01 | 130.70%| unknown
 3351s|562300 |415537 | 58977k| 104.9 |   866M | 271 | 951 |5425 |5425 |   0 |  0 |   0 |  37 | 4.300000e+01 | 9.920000e+01 | 130.70%| unknown
 time | node  | left  |LP iter|LP it/n|mem/heur|mdpt |vars |cons |rows |cuts |sepa|confs|strbr|  dualbound   | primalbound  |  gap   | compl. 
 3351s|562400 |415617 | 58978k| 104.9 |   866M | 271 | 951 |5425 |5425 |   0 |  0 |   0 |  37 | 4.300000e+01 | 9.920000e+01 | 130.70%| unknown
 3351s|562500 |415691 | 58980k| 104.9 |   866M | 271 | 951 |5425 |5425 |   0 |  0 |   0 |  37 | 4.300000e+01 | 9.920000e+01 | 130.70%| unknown
 3351s|562600 |415767 | 58981k| 104.8 |   867M | 271 | 951 |5425 |5425 |   0 |  0 |   0 |  37 | 4.300000e+01 | 9.920000e+01 | 130.70%| unknown
 3352s|562700 |415821 | 58983k| 104.8 |   867M | 271 | 951 |5425 |5425 |   0 |  0 |   0 |  37 | 4.300000e+01 | 9.920000e+01 | 130.70%| unknown
 3352s|562800 |415887 | 58994k| 104.8 |   867M | 271 | 951 |5425 |5425 |   0 |  0 |   0 |  37 | 4.300000e+01 | 9.920000e+01 | 130.70%| unknown
 3353s|562900 |415965 | 59015k| 104.8 |   867M | 271 | 951 |5425 |5425 |   0 |  0 |   0 |  37 | 4.300000e+01 | 9.920000e+01 | 130.70%| unknown
 3354s|563000 |416043 | 59030k| 104.8 |   867M | 271 | 951 |5425 |5425 |   0 |  0 |   0 |  37 | 4.300000e+01 | 9.920000e+01 | 130.70%| unknown
 3355s|563100 |416109 | 59045k| 104.9 |   867M | 271 | 951 |5425 |5425 |   0 |  0 |   0 |  37 | 4.300000e+01 | 9.920000e+01 | 130.70%| unknown
 3356s|563200 |416171 | 59066k| 104.9 |   867M | 271 | 951 |5425 |5425 |   0 |  0 |   0 |  37 | 4.300000e+01 | 9.920000e+01 | 130.70%| unknown
 3358s|563300 |416241 | 59100k| 104.9 |   867M | 271 | 951 |5425 |5425 |   0 |  0 |   0 |  37 | 4.300000e+01 | 9.920000e+01 | 130.70%| unknown
 3359s|563400 |416309 | 59119k| 104.9 |   867M | 271 | 951 |5425 |5425 |   0 |  0 |   0 |  37 | 4.300000e+01 | 9.920000e+01 | 130.70%| unknown
 3359s|563500 |416369 | 59132k| 104.9 |   867M | 271 | 951 |5425 |5425 |   0 |  0 |   0 |  37 | 4.300000e+01 | 9.920000e+01 | 130.70%| unknown
 3360s|563600 |416445 | 59150k| 104.9 |   867M | 271 | 951 |5425 |5425 |   0 |  0 |   0 |  37 | 4.300000e+01 | 9.920000e+01 | 130.70%| unknown
 3362s|563700 |416515 | 59175k| 105.0 |   868M | 271 | 951 |5425 |5425 |   0 |  0 |   0 |  37 | 4.300000e+01 | 9.920000e+01 | 130.70%| unknown
 3362s|563800 |416585 | 59189k| 105.0 |   868M | 271 | 951 |5425 |5425 |   0 |  0 |   0 |  37 | 4.300000e+01 | 9.920000e+01 | 130.70%| unknown
 time | node  | left  |LP iter|LP it/n|mem/heur|mdpt |vars |cons |rows |cuts |sepa|confs|strbr|  dualbound   | primalbound  |  gap   | compl. 
 3363s|563900 |416643 | 59209k| 105.0 |   868M | 271 | 951 |5425 |5425 |   0 |  0 |   0 |  37 | 4.300000e+01 | 9.920000e+01 | 130.70%| unknown
 3364s|564000 |416725 | 59227k| 105.0 |   868M | 271 | 951 |5425 |5425 |   0 |  0 |   0 |  37 | 4.300000e+01 | 9.920000e+01 | 130.70%| unknown
 3365s|564100 |416795 | 59246k| 105.0 |   868M | 271 | 951 |5425 |5425 |   0 |  0 |   0 |  37 | 4.300000e+01 | 9.920000e+01 | 130.70%| unknown
 3366s|564200 |416865 | 59250k| 105.0 |   868M | 271 | 951 |5425 |5425 |   0 |  0 |   0 |  37 | 4.300000e+01 | 9.920000e+01 | 130.70%| unknown
 3366s|564300 |416927 | 59252k| 105.0 |   868M | 271 | 951 |5425 |5425 |   0 |  0 |   0 |  37 | 4.300000e+01 | 9.920000e+01 | 130.70%| unknown
 3366s|564400 |417001 | 59253k| 105.0 |   868M | 271 | 951 |5425 |5425 |   0 |  0 |   0 |  37 | 4.300000e+01 | 9.920000e+01 | 130.70%| unknown
 3366s|564500 |417081 | 59254k| 105.0 |   868M | 271 | 951 |5425 |5425 |   0 |  0 |   0 |  37 | 4.300000e+01 | 9.920000e+01 | 130.70%| unknown
 3366s|564600 |417165 | 59255k| 104.9 |   868M | 271 | 951 |5425 |5425 |   0 |  0 |   0 |  37 | 4.300000e+01 | 9.920000e+01 | 130.70%| unknown
 3368s|564700 |417229 | 59281k| 105.0 |   869M | 271 | 951 |5425 |5425 |   0 |  0 |   0 |  37 | 4.300000e+01 | 9.920000e+01 | 130.70%| unknown
 3369s|564800 |417305 | 59305k| 105.0 |   870M | 271 | 951 |5425 |5425 |   0 |  0 |   0 |  37 | 4.300000e+01 | 9.920000e+01 | 130.70%| unknown
 3370s|564900 |417389 | 59324k| 105.0 |   870M | 271 | 951 |5425 |5425 |   0 |  0 |   0 |  37 | 4.300000e+01 | 9.920000e+01 | 130.70%| unknown
 3371s|565000 |417455 | 59344k| 105.0 |   870M | 271 | 951 |5425 |5425 |   0 |  0 |   0 |  37 | 4.300000e+01 | 9.920000e+01 | 130.70%| unknown
 3372s|565100 |417525 | 59364k| 105.1 |   870M | 271 | 951 |5425 |5425 |   0 |  0 |   0 |  37 | 4.300000e+01 | 9.920000e+01 | 130.70%| unknown
 3372s|565200 |417595 | 59371k| 105.0 |   870M | 271 | 951 |5425 |5425 |   0 |  0 |   0 |  37 | 4.300000e+01 | 9.920000e+01 | 130.70%| unknown
 3373s|565300 |417651 | 59373k| 105.0 |   870M | 271 | 951 |5425 |5425 |   0 |  0 |   0 |  37 | 4.300000e+01 | 9.920000e+01 | 130.70%| unknown
 time | node  | left  |LP iter|LP it/n|mem/heur|mdpt |vars |cons |rows |cuts |sepa|confs|strbr|  dualbound   | primalbound  |  gap   | compl. 
 3373s|565400 |417719 | 59374k| 105.0 |   870M | 271 | 951 |5425 |5425 |   0 |  0 |   0 |  37 | 4.300000e+01 | 9.920000e+01 | 130.70%| unknown
 3374s|565500 |417781 | 59393k| 105.0 |   870M | 271 | 951 |5425 |5425 |   0 |  0 |   0 |  37 | 4.300000e+01 | 9.920000e+01 | 130.70%| unknown
 3374s|565600 |417857 | 59405k| 105.0 |   870M | 271 | 951 |5425 |5425 |   0 |  0 |   0 |  37 | 4.300000e+01 | 9.920000e+01 | 130.70%| unknown
 3375s|565700 |417923 | 59427k| 105.1 |   870M | 271 | 951 |5425 |5425 |   0 |  0 |   0 |  37 | 4.300000e+01 | 9.920000e+01 | 130.70%| unknown
 3377s|565800 |417975 | 59460k| 105.1 |   870M | 271 | 951 |5425 |5425 |   0 |  0 |   0 |  37 | 4.300000e+01 | 9.920000e+01 | 130.70%| unknown
 3378s|565900 |418053 | 59488k| 105.1 |   870M | 271 | 951 |5425 |5425 |   0 |  0 |   0 |  37 | 4.300000e+01 | 9.920000e+01 | 130.70%| unknown
 3379s|566000 |418125 | 59505k| 105.1 |   871M | 271 | 951 |5425 |5425 |   0 |  0 |   0 |  37 | 4.300000e+01 | 9.920000e+01 | 130.70%| unknown
 3379s|566100 |418181 | 59507k| 105.1 |   871M | 271 | 951 |5425 |5425 |   0 |  0 |   0 |  37 | 4.300000e+01 | 9.920000e+01 | 130.70%| unknown
 3380s|566200 |418237 | 59529k| 105.1 |   871M | 271 | 951 |5425 |5425 |   0 |  0 |   0 |  37 | 4.300000e+01 | 9.920000e+01 | 130.70%| unknown
 3382s|566300 |418301 | 59560k| 105.2 |   871M | 271 | 951 |5425 |5425 |   0 |  0 |   0 |  37 | 4.300000e+01 | 9.920000e+01 | 130.70%| unknown
 3384s|566400 |418359 | 59597k| 105.2 |   871M | 271 | 951 |5425 |5425 |   0 |  0 |   0 |  37 | 4.300000e+01 | 9.920000e+01 | 130.70%| unknown
 3385s|566500 |418413 | 59616k| 105.2 |   871M | 271 | 951 |5425 |5425 |   0 |  0 |   0 |  37 | 4.300000e+01 | 9.920000e+01 | 130.70%| unknown
 3386s|566600 |418477 | 59634k| 105.2 |   871M | 271 | 951 |5425 |5425 |   0 |  0 |   0 |  37 | 4.300000e+01 | 9.920000e+01 | 130.70%| unknown
 3388s|566700 |418551 | 59668k| 105.3 |   871M | 271 | 951 |5425 |5425 |   0 |  0 |   0 |  37 | 4.300000e+01 | 9.920000e+01 | 130.70%| unknown
 3388s|566800 |418619 | 59683k| 105.3 |   871M | 271 | 951 |5425 |5425 |   0 |  0 |   0 |  37 | 4.300000e+01 | 9.920000e+01 | 130.70%| unknown
 time | node  | left  |LP iter|LP it/n|mem/heur|mdpt |vars |cons |rows |cuts |sepa|confs|strbr|  dualbound   | primalbound  |  gap   | compl. 
 3389s|566900 |418695 | 59701k| 105.3 |   872M | 271 | 951 |5425 |5425 |   0 |  0 |   0 |  37 | 4.300000e+01 | 9.920000e+01 | 130.70%| unknown
 3390s|567000 |418769 | 59721k| 105.3 |   872M | 271 | 951 |5425 |5425 |   0 |  0 |   0 |  37 | 4.300000e+01 | 9.920000e+01 | 130.70%| unknown
 3391s|567100 |418837 | 59745k| 105.4 |   872M | 271 | 951 |5425 |5425 |   0 |  0 |   0 |  37 | 4.300000e+01 | 9.920000e+01 | 130.70%| unknown
 3392s|567200 |418905 | 59766k| 105.4 |   873M | 271 | 951 |5425 |5425 |   0 |  0 |   0 |  37 | 4.300000e+01 | 9.920000e+01 | 130.70%| unknown
 3393s|567300 |418955 | 59785k| 105.4 |   873M | 271 | 951 |5425 |5425 |   0 |  0 |   0 |  37 | 4.300000e+01 | 9.920000e+01 | 130.70%| unknown
 3395s|567400 |419015 | 59808k| 105.4 |   873M | 271 | 951 |5425 |5425 |   0 |  0 |   0 |  37 | 4.300000e+01 | 9.920000e+01 | 130.70%| unknown
 3396s|567500 |419093 | 59834k| 105.4 |   873M | 271 | 951 |5425 |5425 |   0 |  0 |   0 |  37 | 4.300000e+01 | 9.920000e+01 | 130.70%| unknown
 3397s|567600 |419151 | 59851k| 105.4 |   873M | 271 | 951 |5425 |5425 |   0 |  0 |   0 |  37 | 4.300000e+01 | 9.920000e+01 | 130.70%| unknown
 3398s|567700 |419205 | 59883k| 105.5 |   873M | 271 | 951 |5425 |5425 |   0 |  0 |   0 |  37 | 4.300000e+01 | 9.920000e+01 | 130.70%| unknown
 3399s|567800 |419275 | 59904k| 105.5 |   873M | 271 | 951 |5425 |5425 |   0 |  0 |   0 |  37 | 4.300000e+01 | 9.920000e+01 | 130.70%| unknown
 3401s|567900 |419345 | 59928k| 105.5 |   874M | 271 | 951 |5425 |5425 |   0 |  0 |   0 |  37 | 4.300000e+01 | 9.920000e+01 | 130.70%| unknown
 3401s|568000 |419435 | 59943k| 105.5 |   874M | 271 | 951 |5425 |5425 |   0 |  0 |   0 |  37 | 4.300000e+01 | 9.920000e+01 | 130.70%| unknown
 3403s|568100 |419491 | 59971k| 105.6 |   874M | 271 | 951 |5425 |5425 |   0 |  0 |   0 |  37 | 4.300000e+01 | 9.920000e+01 | 130.70%| unknown
 3404s|568200 |419557 | 59986k| 105.6 |   874M | 271 | 951 |5425 |5425 |   0 |  0 |   0 |  37 | 4.300000e+01 | 9.920000e+01 | 130.70%| unknown
 3405s|568300 |419639 | 60010k| 105.6 |   874M | 271 | 951 |5425 |5425 |   0 |  0 |   0 |  37 | 4.300000e+01 | 9.920000e+01 | 130.70%| unknown
 time | node  | left  |LP iter|LP it/n|mem/heur|mdpt |vars |cons |rows |cuts |sepa|confs|strbr|  dualbound   | primalbound  |  gap   | compl. 
 3406s|568400 |419713 | 60030k| 105.6 |   875M | 271 | 951 |5425 |5425 |   0 |  0 |   0 |  37 | 4.300000e+01 | 9.920000e+01 | 130.70%| unknown
 3406s|568500 |419781 | 60032k| 105.6 |   875M | 271 | 951 |5425 |5425 |   0 |  0 |   0 |  37 | 4.300000e+01 | 9.920000e+01 | 130.70%| unknown
 3406s|568600 |419857 | 60033k| 105.6 |   875M | 271 | 951 |5425 |5425 |   0 |  0 |   0 |  37 | 4.300000e+01 | 9.920000e+01 | 130.70%| unknown
 3406s|568700 |419917 | 60034k| 105.6 |   875M | 271 | 951 |5425 |5425 |   0 |  0 |   0 |  37 | 4.300000e+01 | 9.920000e+01 | 130.70%| unknown
 3407s|568800 |420005 | 60036k| 105.5 |   875M | 271 | 951 |5425 |5425 |   0 |  0 |   0 |  37 | 4.300000e+01 | 9.920000e+01 | 130.70%| unknown
 3407s|568900 |420067 | 60037k| 105.5 |   875M | 271 | 951 |5425 |5425 |   0 |  0 |   0 |  37 | 4.300000e+01 | 9.920000e+01 | 130.70%| unknown
 3407s|569000 |420127 | 60039k| 105.5 |   875M | 271 | 951 |5425 |5425 |   0 |  0 |   0 |  37 | 4.300000e+01 | 9.920000e+01 | 130.70%| unknown
 3407s|569100 |420197 | 60041k| 105.5 |   875M | 271 | 951 |5425 |5425 |   0 |  0 |   0 |  37 | 4.300000e+01 | 9.920000e+01 | 130.70%| unknown
 3407s|569200 |420261 | 60042k| 105.5 |   875M | 271 | 951 |5425 |5425 |   0 |  0 |   0 |  37 | 4.300000e+01 | 9.920000e+01 | 130.70%| unknown
 3408s|569300 |420337 | 60043k| 105.5 |   875M | 271 | 951 |5425 |5425 |   0 |  0 |   0 |  37 | 4.300000e+01 | 9.920000e+01 | 130.70%| unknown
 3408s|569400 |420411 | 60044k| 105.5 |   875M | 271 | 951 |5425 |5425 |   0 |  0 |   0 |  37 | 4.300000e+01 | 9.920000e+01 | 130.70%| unknown
 3408s|569500 |420473 | 60046k| 105.4 |   877M | 271 | 951 |5425 |5425 |   0 |  0 |   0 |  37 | 4.300000e+01 | 9.920000e+01 | 130.70%| unknown
 3408s|569600 |420553 | 60047k| 105.4 |   877M | 271 | 951 |5425 |5425 |   0 |  0 |   0 |  37 | 4.300000e+01 | 9.920000e+01 | 130.70%| unknown
 3408s|569700 |420633 | 60048k| 105.4 |   877M | 271 | 951 |5425 |5425 |   0 |  0 |   0 |  37 | 4.300000e+01 | 9.920000e+01 | 130.70%| unknown
 3409s|569800 |420693 | 60050k| 105.4 |   877M | 271 | 951 |5425 |5425 |   0 |  0 |   0 |  37 | 4.300000e+01 | 9.920000e+01 | 130.70%| unknown
 time | node  | left  |LP iter|LP it/n|mem/heur|mdpt |vars |cons |rows |cuts |sepa|confs|strbr|  dualbound   | primalbound  |  gap   | compl. 
 3409s|569900 |420755 | 60052k| 105.4 |   877M | 271 | 951 |5425 |5425 |   0 |  0 |   0 |  37 | 4.300000e+01 | 9.920000e+01 | 130.70%| unknown
 3409s|570000 |420825 | 60053k| 105.4 |   877M | 271 | 951 |5425 |5425 |   0 |  0 |   0 |  37 | 4.300000e+01 | 9.920000e+01 | 130.70%| unknown
 3410s|570100 |420895 | 60076k| 105.4 |   877M | 271 | 951 |5425 |5425 |   0 |  0 |   0 |  37 | 4.300000e+01 | 9.920000e+01 | 130.70%| unknown
 3412s|570200 |420975 | 60114k| 105.4 |   877M | 271 | 951 |5425 |5425 |   0 |  0 |   0 |  37 | 4.300000e+01 | 9.920000e+01 | 130.70%| unknown
 3413s|570300 |421035 | 60136k| 105.4 |   877M | 271 | 951 |5425 |5425 |   0 |  0 |   0 |  37 | 4.300000e+01 | 9.920000e+01 | 130.70%| unknown
 3415s|570400 |421107 | 60166k| 105.5 |   877M | 271 | 951 |5425 |5425 |   0 |  0 |   0 |  37 | 4.300000e+01 | 9.920000e+01 | 130.70%| unknown
 3415s|570500 |421173 | 60184k| 105.5 |   877M | 271 | 951 |5425 |5425 |   0 |  0 |   0 |  37 | 4.300000e+01 | 9.920000e+01 | 130.70%| unknown
 3416s|570600 |421251 | 60191k| 105.5 |   878M | 271 | 951 |5425 |5425 |   0 |  0 |   0 |  37 | 4.300000e+01 | 9.920000e+01 | 130.70%| unknown
 3416s|570700 |421335 | 60192k| 105.5 |   878M | 271 | 951 |5425 |5425 |   0 |  0 |   0 |  37 | 4.300000e+01 | 9.920000e+01 | 130.70%| unknown
 3416s|570800 |421411 | 60193k| 105.5 |   878M | 271 | 951 |5425 |5425 |   0 |  0 |   0 |  37 | 4.300000e+01 | 9.920000e+01 | 130.70%| unknown
 3416s|570900 |421479 | 60195k| 105.4 |   878M | 271 | 951 |5425 |5425 |   0 |  0 |   0 |  37 | 4.300000e+01 | 9.920000e+01 | 130.70%| unknown
 3417s|571000 |421555 | 60196k| 105.4 |   878M | 271 | 951 |5425 |5425 |   0 |  0 |   0 |  37 | 4.300000e+01 | 9.920000e+01 | 130.70%| unknown
 3417s|571100 |421623 | 60197k| 105.4 |   878M | 271 | 951 |5425 |5425 |   0 |  0 |   0 |  37 | 4.300000e+01 | 9.920000e+01 | 130.70%| unknown
 3417s|571200 |421689 | 60198k| 105.4 |   878M | 271 | 951 |5425 |5425 |   0 |  0 |   0 |  37 | 4.300000e+01 | 9.920000e+01 | 130.70%| unknown
 3417s|571300 |421747 | 60200k| 105.4 |   878M | 271 | 951 |5425 |5425 |   0 |  0 |   0 |  37 | 4.300000e+01 | 9.920000e+01 | 130.70%| unknown
 time | node  | left  |LP iter|LP it/n|mem/heur|mdpt |vars |cons |rows |cuts |sepa|confs|strbr|  dualbound   | primalbound  |  gap   | compl. 
 3417s|571400 |421809 | 60201k| 105.4 |   878M | 271 | 951 |5425 |5425 |   0 |  0 |   0 |  37 | 4.300000e+01 | 9.920000e+01 | 130.70%| unknown
 3417s|571500 |421873 | 60202k| 105.3 |   878M | 271 | 951 |5425 |5425 |   0 |  0 |   0 |  37 | 4.300000e+01 | 9.920000e+01 | 130.70%| unknown
 3418s|571600 |421943 | 60210k| 105.3 |   878M | 271 | 951 |5425 |5425 |   0 |  0 |   0 |  37 | 4.300000e+01 | 9.920000e+01 | 130.70%| unknown
 3418s|571700 |422017 | 60213k| 105.3 |   878M | 271 | 951 |5425 |5425 |   0 |  0 |   0 |  37 | 4.300000e+01 | 9.920000e+01 | 130.70%| unknown
 3418s|571800 |422097 | 60214k| 105.3 |   879M | 271 | 951 |5425 |5425 |   0 |  0 |   0 |  37 | 4.300000e+01 | 9.920000e+01 | 130.70%| unknown
 3419s|571900 |422149 | 60216k| 105.3 |   879M | 271 | 951 |5425 |5425 |   0 |  0 |   0 |  37 | 4.300000e+01 | 9.920000e+01 | 130.70%| unknown
 3419s|572000 |422211 | 60217k| 105.3 |   879M | 271 | 951 |5425 |5425 |   0 |  0 |   0 |  37 | 4.300000e+01 | 9.920000e+01 | 130.70%| unknown
 3420s|572100 |422287 | 60229k| 105.3 |   879M | 271 | 951 |5425 |5425 |   0 |  0 |   0 |  37 | 4.300000e+01 | 9.920000e+01 | 130.70%| unknown
 3420s|572200 |422357 | 60247k| 105.3 |   879M | 271 | 951 |5425 |5425 |   0 |  0 |   0 |  37 | 4.300000e+01 | 9.920000e+01 | 130.70%| unknown
 3421s|572300 |422429 | 60264k| 105.3 |   879M | 271 | 951 |5425 |5425 |   0 |  0 |   0 |  37 | 4.300000e+01 | 9.920000e+01 | 130.70%| unknown
 3422s|572400 |422493 | 60271k| 105.3 |   879M | 271 | 951 |5425 |5425 |   0 |  0 |   0 |  37 | 4.300000e+01 | 9.920000e+01 | 130.70%| unknown
 3422s|572500 |422571 | 60283k| 105.3 |   879M | 271 | 951 |5425 |5425 |   0 |  0 |   0 |  37 | 4.300000e+01 | 9.920000e+01 | 130.70%| unknown
 3424s|572600 |422639 | 60310k| 105.3 |   879M | 271 | 951 |5425 |5425 |   0 |  0 |   0 |  37 | 4.300000e+01 | 9.920000e+01 | 130.70%| unknown
 3425s|572700 |422711 | 60324k| 105.3 |   879M | 271 | 951 |5425 |5425 |   0 |  0 |   0 |  37 | 4.300000e+01 | 9.920000e+01 | 130.70%| unknown
 3426s|572800 |422793 | 60343k| 105.3 |   879M | 271 | 951 |5425 |5425 |   0 |  0 |   0 |  37 | 4.300000e+01 | 9.920000e+01 | 130.70%| unknown
 time | node  | left  |LP iter|LP it/n|mem/heur|mdpt |vars |cons |rows |cuts |sepa|confs|strbr|  dualbound   | primalbound  |  gap   | compl. 
 3427s|572900 |422875 | 60365k| 105.4 |   881M | 271 | 951 |5425 |5425 |   0 |  0 |   0 |  37 | 4.300000e+01 | 9.920000e+01 | 130.70%| unknown
 3428s|573000 |422941 | 60393k| 105.4 |   881M | 271 | 951 |5425 |5425 |   0 |  0 |   0 |  37 | 4.300000e+01 | 9.920000e+01 | 130.70%| unknown
 3429s|573100 |422993 | 60413k| 105.4 |   881M | 271 | 951 |5425 |5425 |   0 |  0 |   0 |  37 | 4.300000e+01 | 9.920000e+01 | 130.70%| unknown
 3431s|573200 |423065 | 60441k| 105.4 |   881M | 271 | 951 |5425 |5425 |   0 |  0 |   0 |  37 | 4.300000e+01 | 9.920000e+01 | 130.70%| unknown
 3432s|573300 |423137 | 60466k| 105.5 |   882M | 271 | 951 |5425 |5425 |   0 |  0 |   0 |  37 | 4.300000e+01 | 9.920000e+01 | 130.70%| unknown
 3433s|573400 |423211 | 60488k| 105.5 |   882M | 271 | 951 |5425 |5425 |   0 |  0 |   0 |  37 | 4.300000e+01 | 9.920000e+01 | 130.70%| unknown
 3434s|573500 |423273 | 60506k| 105.5 |   882M | 271 | 951 |5425 |5425 |   0 |  0 |   0 |  37 | 4.300000e+01 | 9.920000e+01 | 130.70%| unknown
 3435s|573600 |423349 | 60522k| 105.5 |   882M | 271 | 951 |5425 |5425 |   0 |  0 |   0 |  37 | 4.300000e+01 | 9.920000e+01 | 130.70%| unknown
 3436s|573700 |423423 | 60542k| 105.5 |   882M | 271 | 951 |5425 |5425 |   0 |  0 |   0 |  37 | 4.300000e+01 | 9.920000e+01 | 130.70%| unknown
 3438s|573800 |423491 | 60583k| 105.6 |   882M | 271 | 951 |5425 |5425 |   0 |  0 |   0 |  37 | 4.300000e+01 | 9.920000e+01 | 130.70%| unknown
 3439s|573900 |423571 | 60596k| 105.6 |   882M | 271 | 951 |5425 |5425 |   0 |  0 |   0 |  37 | 4.300000e+01 | 9.920000e+01 | 130.70%| unknown
 3440s|574000 |423637 | 60614k| 105.6 |   883M | 271 | 951 |5425 |5425 |   0 |  0 |   0 |  37 | 4.300000e+01 | 9.920000e+01 | 130.70%| unknown
 3440s|574100 |423711 | 60627k| 105.6 |   883M | 271 | 951 |5425 |5425 |   0 |  0 |   0 |  37 | 4.300000e+01 | 9.920000e+01 | 130.70%| unknown
 3441s|574200 |423795 | 60634k| 105.6 |   883M | 271 | 951 |5425 |5425 |   0 |  0 |   0 |  37 | 4.300000e+01 | 9.920000e+01 | 130.70%| unknown
 3441s|574300 |423863 | 60636k| 105.6 |   883M | 271 | 951 |5425 |5425 |   0 |  0 |   0 |  37 | 4.300000e+01 | 9.920000e+01 | 130.70%| unknown
 time | node  | left  |LP iter|LP it/n|mem/heur|mdpt |vars |cons |rows |cuts |sepa|confs|strbr|  dualbound   | primalbound  |  gap   | compl. 
 3441s|574400 |423947 | 60637k| 105.6 |   883M | 271 | 951 |5425 |5425 |   0 |  0 |   0 |  37 | 4.300000e+01 | 9.920000e+01 | 130.70%| unknown
 3441s|574500 |424007 | 60639k| 105.5 |   883M | 271 | 951 |5425 |5425 |   0 |  0 |   0 |  37 | 4.300000e+01 | 9.920000e+01 | 130.70%| unknown
 3441s|574600 |424073 | 60640k| 105.5 |   883M | 271 | 951 |5425 |5425 |   0 |  0 |   0 |  37 | 4.300000e+01 | 9.920000e+01 | 130.70%| unknown
 3442s|574700 |424127 | 60654k| 105.5 |   883M | 271 | 951 |5425 |5425 |   0 |  0 |   0 |  37 | 4.300000e+01 | 9.920000e+01 | 130.70%| unknown
 3443s|574800 |424201 | 60661k| 105.5 |   883M | 271 | 951 |5425 |5425 |   0 |  0 |   0 |  37 | 4.300000e+01 | 9.920000e+01 | 130.70%| unknown
 3443s|574900 |424269 | 60662k| 105.5 |   883M | 271 | 951 |5425 |5425 |   0 |  0 |   0 |  37 | 4.300000e+01 | 9.920000e+01 | 130.70%| unknown
 3443s|575000 |424333 | 60664k| 105.5 |   883M | 271 | 951 |5425 |5425 |   0 |  0 |   0 |  37 | 4.300000e+01 | 9.920000e+01 | 130.70%| unknown
 3444s|575100 |424405 | 60676k| 105.5 |   884M | 271 | 951 |5425 |5425 |   0 |  0 |   0 |  37 | 4.300000e+01 | 9.920000e+01 | 130.70%| unknown
 3445s|575200 |424479 | 60702k| 105.5 |   884M | 271 | 951 |5425 |5425 |   0 |  0 |   0 |  37 | 4.300000e+01 | 9.920000e+01 | 130.70%| unknown
 3445s|575300 |424527 | 60703k| 105.5 |   884M | 271 | 951 |5425 |5425 |   0 |  0 |   0 |  37 | 4.300000e+01 | 9.920000e+01 | 130.70%| unknown
 3445s|575400 |424589 | 60704k| 105.5 |   884M | 271 | 951 |5425 |5425 |   0 |  0 |   0 |  37 | 4.300000e+01 | 9.920000e+01 | 130.70%| unknown
 3445s|575500 |424675 | 60706k| 105.5 |   885M | 271 | 951 |5425 |5425 |   0 |  0 |   0 |  37 | 4.300000e+01 | 9.920000e+01 | 130.70%| unknown
 3446s|575600 |424751 | 60708k| 105.5 |   885M | 271 | 951 |5425 |5425 |   0 |  0 |   0 |  37 | 4.300000e+01 | 9.920000e+01 | 130.70%| unknown
 3447s|575700 |424837 | 60729k| 105.5 |   885M | 271 | 951 |5425 |5425 |   0 |  0 |   0 |  37 | 4.300000e+01 | 9.920000e+01 | 130.70%| unknown
 3448s|575800 |424903 | 60756k| 105.5 |   885M | 271 | 951 |5425 |5425 |   0 |  0 |   0 |  37 | 4.300000e+01 | 9.920000e+01 | 130.70%| unknown
 time | node  | left  |LP iter|LP it/n|mem/heur|mdpt |vars |cons |rows |cuts |sepa|confs|strbr|  dualbound   | primalbound  |  gap   | compl. 
 3449s|575900 |424965 | 60784k| 105.5 |   885M | 271 | 951 |5425 |5425 |   0 |  0 |   0 |  37 | 4.300000e+01 | 9.920000e+01 | 130.70%| unknown
 3450s|576000 |425021 | 60805k| 105.6 |   885M | 271 | 951 |5425 |5425 |   0 |  0 |   0 |  37 | 4.300000e+01 | 9.920000e+01 | 130.70%| unknown
 3451s|576100 |425085 | 60817k| 105.6 |   885M | 271 | 951 |5425 |5425 |   0 |  0 |   0 |  37 | 4.300000e+01 | 9.920000e+01 | 130.70%| unknown
 3451s|576200 |425157 | 60818k| 105.5 |   885M | 271 | 951 |5425 |5425 |   0 |  0 |   0 |  37 | 4.300000e+01 | 9.920000e+01 | 130.70%| unknown
 3452s|576300 |425247 | 60824k| 105.5 |   886M | 271 | 951 |5425 |5425 |   0 |  0 |   0 |  37 | 4.300000e+01 | 9.920000e+01 | 130.70%| unknown
 3453s|576400 |425321 | 60852k| 105.6 |   886M | 271 | 951 |5425 |5425 |   0 |  0 |   0 |  37 | 4.300000e+01 | 9.920000e+01 | 130.70%| unknown
 3454s|576500 |425391 | 60876k| 105.6 |   886M | 271 | 951 |5425 |5425 |   0 |  0 |   0 |  37 | 4.300000e+01 | 9.920000e+01 | 130.70%| unknown
 3456s|576600 |425457 | 60903k| 105.6 |   886M | 271 | 951 |5425 |5425 |   0 |  0 |   0 |  37 | 4.300000e+01 | 9.920000e+01 | 130.70%| unknown
 3456s|576700 |425531 | 60904k| 105.6 |   886M | 271 | 951 |5425 |5425 |   0 |  0 |   0 |  37 | 4.300000e+01 | 9.920000e+01 | 130.70%| unknown
 3456s|576800 |425605 | 60905k| 105.6 |   886M | 271 | 951 |5425 |5425 |   0 |  0 |   0 |  37 | 4.300000e+01 | 9.920000e+01 | 130.70%| unknown
 3456s|576900 |425671 | 60906k| 105.6 |   886M | 271 | 951 |5425 |5425 |   0 |  0 |   0 |  37 | 4.300000e+01 | 9.920000e+01 | 130.70%| unknown
 3456s|577000 |425751 | 60907k| 105.6 |   886M | 271 | 951 |5425 |5425 |   0 |  0 |   0 |  37 | 4.300000e+01 | 9.920000e+01 | 130.70%| unknown
 3457s|577100 |425815 | 60909k| 105.5 |   886M | 271 | 951 |5425 |5425 |   0 |  0 |   0 |  37 | 4.300000e+01 | 9.920000e+01 | 130.70%| unknown
 3457s|577200 |425875 | 60910k| 105.5 |   886M | 271 | 951 |5425 |5425 |   0 |  0 |   0 |  37 | 4.300000e+01 | 9.920000e+01 | 130.70%| unknown
 3457s|577300 |425943 | 60912k| 105.5 |   886M | 271 | 951 |5425 |5425 |   0 |  0 |   0 |  37 | 4.300000e+01 | 9.920000e+01 | 130.70%| unknown
 time | node  | left  |LP iter|LP it/n|mem/heur|mdpt |vars |cons |rows |cuts |sepa|confs|strbr|  dualbound   | primalbound  |  gap   | compl. 
 3457s|577400 |426021 | 60913k| 105.5 |   887M | 271 | 951 |5425 |5425 |   0 |  0 |   0 |  37 | 4.300000e+01 | 9.920000e+01 | 130.70%| unknown
 3457s|577500 |426099 | 60914k| 105.5 |   887M | 271 | 951 |5425 |5425 |   0 |  0 |   0 |  37 | 4.300000e+01 | 9.920000e+01 | 130.70%| unknown
 3457s|577600 |426163 | 60915k| 105.5 |   887M | 271 | 951 |5425 |5425 |   0 |  0 |   0 |  37 | 4.300000e+01 | 9.920000e+01 | 130.70%| unknown
 3458s|577700 |426231 | 60916k| 105.4 |   887M | 271 | 951 |5425 |5425 |   0 |  0 |   0 |  37 | 4.300000e+01 | 9.920000e+01 | 130.70%| unknown
 3458s|577800 |426287 | 60918k| 105.4 |   887M | 271 | 951 |5425 |5425 |   0 |  0 |   0 |  37 | 4.300000e+01 | 9.920000e+01 | 130.70%| unknown
 3458s|577900 |426365 | 60931k| 105.4 |   887M | 271 | 951 |5425 |5425 |   0 |  0 |   0 |  37 | 4.300000e+01 | 9.920000e+01 | 130.70%| unknown
 3459s|578000 |426421 | 60949k| 105.4 |   887M | 271 | 951 |5425 |5425 |   0 |  0 |   0 |  37 | 4.300000e+01 | 9.920000e+01 | 130.70%| unknown
 3461s|578100 |426495 | 60972k| 105.5 |   887M | 271 | 951 |5425 |5425 |   0 |  0 |   0 |  37 | 4.300000e+01 | 9.920000e+01 | 130.70%| unknown
 3461s|578200 |426567 | 60975k| 105.5 |   887M | 271 | 951 |5425 |5425 |   0 |  0 |   0 |  37 | 4.300000e+01 | 9.920000e+01 | 130.70%| unknown
 3461s|578300 |426633 | 60976k| 105.4 |   888M | 271 | 951 |5425 |5425 |   0 |  0 |   0 |  37 | 4.300000e+01 | 9.920000e+01 | 130.70%| unknown
 3461s|578400 |426695 | 60978k| 105.4 |   888M | 271 | 951 |5425 |5425 |   0 |  0 |   0 |  37 | 4.300000e+01 | 9.920000e+01 | 130.70%| unknown
 3461s|578500 |426773 | 60979k| 105.4 |   888M | 271 | 951 |5425 |5425 |   0 |  0 |   0 |  37 | 4.300000e+01 | 9.920000e+01 | 130.70%| unknown
 3462s|578600 |426837 | 60980k| 105.4 |   889M | 271 | 951 |5425 |5425 |   0 |  0 |   0 |  37 | 4.300000e+01 | 9.920000e+01 | 130.70%| unknown
 3462s|578700 |426911 | 60986k| 105.4 |   889M | 271 | 951 |5425 |5425 |   0 |  0 |   0 |  37 | 4.300000e+01 | 9.920000e+01 | 130.70%| unknown
 3463s|578800 |426977 | 61003k| 105.4 |   889M | 271 | 951 |5425 |5425 |   0 |  0 |   0 |  37 | 4.300000e+01 | 9.920000e+01 | 130.70%| unknown
 time | node  | left  |LP iter|LP it/n|mem/heur|mdpt |vars |cons |rows |cuts |sepa|confs|strbr|  dualbound   | primalbound  |  gap   | compl. 
 3464s|578900 |427057 | 61022k| 105.4 |   889M | 271 | 951 |5425 |5425 |   0 |  0 |   0 |  37 | 4.300000e+01 | 9.920000e+01 | 130.70%| unknown
 3465s|579000 |427119 | 61043k| 105.4 |   889M | 271 | 951 |5425 |5425 |   0 |  0 |   0 |  37 | 4.300000e+01 | 9.920000e+01 | 130.70%| unknown
 3466s|579100 |427193 | 61065k| 105.4 |   889M | 271 | 951 |5425 |5425 |   0 |  0 |   0 |  37 | 4.300000e+01 | 9.920000e+01 | 130.70%| unknown
 3466s|579200 |427257 | 61066k| 105.4 |   889M | 271 | 951 |5425 |5425 |   0 |  0 |   0 |  37 | 4.300000e+01 | 9.920000e+01 | 130.70%| unknown
 3466s|579300 |427327 | 61067k| 105.4 |   889M | 271 | 951 |5425 |5425 |   0 |  0 |   0 |  37 | 4.300000e+01 | 9.920000e+01 | 130.70%| unknown
 3467s|579400 |427393 | 61068k| 105.4 |   889M | 271 | 951 |5425 |5425 |   0 |  0 |   0 |  37 | 4.300000e+01 | 9.920000e+01 | 130.70%| unknown
 3467s|579500 |427459 | 61080k| 105.4 |   889M | 271 | 951 |5425 |5425 |   0 |  0 |   0 |  37 | 4.300000e+01 | 9.920000e+01 | 130.70%| unknown
 3469s|579600 |427531 | 61114k| 105.4 |   889M | 271 | 951 |5425 |5425 |   0 |  0 |   0 |  37 | 4.300000e+01 | 9.920000e+01 | 130.70%| unknown
 3470s|579700 |427591 | 61135k| 105.5 |   891M | 271 | 951 |5425 |5425 |   0 |  0 |   0 |  37 | 4.300000e+01 | 9.920000e+01 | 130.70%| unknown
 3471s|579800 |427663 | 61154k| 105.5 |   891M | 271 | 951 |5425 |5425 |   0 |  0 |   0 |  37 | 4.300000e+01 | 9.920000e+01 | 130.70%| unknown
 3472s|579900 |427727 | 61175k| 105.5 |   891M | 271 | 951 |5425 |5425 |   0 |  0 |   0 |  37 | 4.300000e+01 | 9.920000e+01 | 130.70%| unknown
 3474s|580000 |427779 | 61206k| 105.5 |   891M | 271 | 951 |5425 |5425 |   0 |  0 |   0 |  37 | 4.300000e+01 | 9.920000e+01 | 130.70%| unknown
 3475s|580100 |427851 | 61227k| 105.5 |   891M | 271 | 951 |5425 |5425 |   0 |  0 |   0 |  37 | 4.300000e+01 | 9.920000e+01 | 130.70%| unknown
 3475s|580200 |427923 | 61240k| 105.5 |   891M | 271 | 951 |5425 |5425 |   0 |  0 |   0 |  37 | 4.300000e+01 | 9.920000e+01 | 130.70%| unknown
 3476s|580300 |427999 | 61254k| 105.6 |   891M | 271 | 951 |5425 |5425 |   0 |  0 |   0 |  37 | 4.300000e+01 | 9.920000e+01 | 130.70%| unknown
 time | node  | left  |LP iter|LP it/n|mem/heur|mdpt |vars |cons |rows |cuts |sepa|confs|strbr|  dualbound   | primalbound  |  gap   | compl. 
 3477s|580400 |428063 | 61275k| 105.6 |   891M | 271 | 951 |5425 |5425 |   0 |  0 |   0 |  37 | 4.300000e+01 | 9.920000e+01 | 130.70%| unknown
 3478s|580500 |428131 | 61298k| 105.6 |   891M | 271 | 951 |5425 |5425 |   0 |  0 |   0 |  37 | 4.300000e+01 | 9.920000e+01 | 130.70%| unknown
 3481s|580600 |428189 | 61347k| 105.7 |   891M | 271 | 951 |5425 |5425 |   0 |  0 |   0 |  37 | 4.300000e+01 | 9.920000e+01 | 130.70%| unknown
 3481s|580700 |428253 | 61348k| 105.6 |   891M | 271 | 951 |5425 |5425 |   0 |  0 |   0 |  37 | 4.300000e+01 | 9.920000e+01 | 130.70%| unknown
 3481s|580800 |428313 | 61350k| 105.6 |   891M | 271 | 951 |5425 |5425 |   0 |  0 |   0 |  37 | 4.300000e+01 | 9.920000e+01 | 130.70%| unknown
 3481s|580900 |428389 | 61351k| 105.6 |   892M | 271 | 951 |5425 |5425 |   0 |  0 |   0 |  37 | 4.300000e+01 | 9.920000e+01 | 130.70%| unknown
 3481s|581000 |428479 | 61352k| 105.6 |   893M | 271 | 951 |5425 |5425 |   0 |  0 |   0 |  37 | 4.300000e+01 | 9.920000e+01 | 130.70%| unknown
 3482s|581100 |428545 | 61353k| 105.6 |   893M | 271 | 951 |5425 |5425 |   0 |  0 |   0 |  37 | 4.300000e+01 | 9.920000e+01 | 130.70%| unknown
 3482s|581200 |428619 | 61356k| 105.6 |   893M | 271 | 951 |5425 |5425 |   0 |  0 |   0 |  37 | 4.300000e+01 | 9.920000e+01 | 130.70%| unknown
 3483s|581300 |428685 | 61384k| 105.6 |   893M | 271 | 951 |5425 |5425 |   0 |  0 |   0 |  37 | 4.300000e+01 | 9.920000e+01 | 130.70%| unknown
 3484s|581400 |428765 | 61408k| 105.6 |   893M | 271 | 951 |5425 |5425 |   0 |  0 |   0 |  37 | 4.300000e+01 | 9.920000e+01 | 130.70%| unknown
 3485s|581500 |428829 | 61428k| 105.6 |   893M | 271 | 951 |5425 |5425 |   0 |  0 |   0 |  37 | 4.300000e+01 | 9.920000e+01 | 130.70%| unknown
 3487s|581600 |428897 | 61449k| 105.7 |   893M | 271 | 951 |5425 |5425 |   0 |  0 |   0 |  37 | 4.300000e+01 | 9.920000e+01 | 130.70%| unknown
 3487s|581700 |428961 | 61455k| 105.6 |   893M | 271 | 951 |5425 |5425 |   0 |  0 |   0 |  37 | 4.300000e+01 | 9.920000e+01 | 130.70%| unknown
 3488s|581800 |429033 | 61479k| 105.7 |   893M | 271 | 951 |5425 |5425 |   0 |  0 |   0 |  37 | 4.300000e+01 | 9.920000e+01 | 130.70%| unknown
 time | node  | left  |LP iter|LP it/n|mem/heur|mdpt |vars |cons |rows |cuts |sepa|confs|strbr|  dualbound   | primalbound  |  gap   | compl. 
 3489s|581900 |429107 | 61497k| 105.7 |   893M | 271 | 951 |5425 |5425 |   0 |  0 |   0 |  37 | 4.300000e+01 | 9.920000e+01 | 130.70%| unknown
 3489s|582000 |429183 | 61498k| 105.7 |   894M | 271 | 951 |5425 |5425 |   0 |  0 |   0 |  37 | 4.300000e+01 | 9.920000e+01 | 130.70%| unknown
 3489s|582100 |429263 | 61499k| 105.7 |   894M | 271 | 951 |5425 |5425 |   0 |  0 |   0 |  37 | 4.300000e+01 | 9.920000e+01 | 130.70%| unknown
 3490s|582200 |429327 | 61501k| 105.6 |   894M | 271 | 951 |5425 |5425 |   0 |  0 |   0 |  37 | 4.300000e+01 | 9.920000e+01 | 130.70%| unknown
 3490s|582300 |429399 | 61502k| 105.6 |   894M | 271 | 951 |5425 |5425 |   0 |  0 |   0 |  37 | 4.300000e+01 | 9.920000e+01 | 130.70%| unknown
 3490s|582400 |429465 | 61506k| 105.6 |   894M | 271 | 951 |5425 |5425 |   0 |  0 |   0 |  37 | 4.300000e+01 | 9.920000e+01 | 130.70%| unknown
 3491s|582500 |429539 | 61523k| 105.6 |   894M | 271 | 951 |5425 |5425 |   0 |  0 |   0 |  37 | 4.300000e+01 | 9.920000e+01 | 130.70%| unknown
 3492s|582600 |429601 | 61542k| 105.6 |   894M | 271 | 951 |5425 |5425 |   0 |  0 |   0 |  37 | 4.300000e+01 | 9.920000e+01 | 130.70%| unknown
 3493s|582700 |429671 | 61565k| 105.7 |   894M | 271 | 951 |5425 |5425 |   0 |  0 |   0 |  37 | 4.300000e+01 | 9.920000e+01 | 130.70%| unknown
 3494s|582800 |429733 | 61592k| 105.7 |   894M | 271 | 951 |5425 |5425 |   0 |  0 |   0 |  37 | 4.300000e+01 | 9.920000e+01 | 130.70%| unknown
 3496s|582900 |429799 | 61612k| 105.7 |   894M | 271 | 951 |5425 |5425 |   0 |  0 |   0 |  37 | 4.300000e+01 | 9.920000e+01 | 130.70%| unknown
 3496s|583000 |429881 | 61628k| 105.7 |   894M | 271 | 951 |5425 |5425 |   0 |  0 |   0 |  37 | 4.300000e+01 | 9.920000e+01 | 130.70%| unknown
 3497s|583100 |429945 | 61636k| 105.7 |   895M | 271 | 951 |5425 |5425 |   0 |  0 |   0 |  37 | 4.300000e+01 | 9.920000e+01 | 130.70%| unknown
 3497s|583200 |430021 | 61637k| 105.7 |   895M | 271 | 951 |5425 |5425 |   0 |  0 |   0 |  37 | 4.300000e+01 | 9.920000e+01 | 130.70%| unknown
 3497s|583300 |430097 | 61639k| 105.7 |   895M | 271 | 951 |5425 |5425 |   0 |  0 |   0 |  37 | 4.300000e+01 | 9.920000e+01 | 130.70%| unknown
 time | node  | left  |LP iter|LP it/n|mem/heur|mdpt |vars |cons |rows |cuts |sepa|confs|strbr|  dualbound   | primalbound  |  gap   | compl. 
 3497s|583400 |430161 | 61640k| 105.7 |   895M | 271 | 951 |5425 |5425 |   0 |  0 |   0 |  37 | 4.300000e+01 | 9.920000e+01 | 130.70%| unknown
 3498s|583500 |430249 | 61641k| 105.6 |   895M | 271 | 951 |5425 |5425 |   0 |  0 |   0 |  37 | 4.300000e+01 | 9.920000e+01 | 130.70%| unknown
 3498s|583600 |430311 | 61642k| 105.6 |   895M | 271 | 951 |5425 |5425 |   0 |  0 |   0 |  37 | 4.300000e+01 | 9.920000e+01 | 130.70%| unknown
 3498s|583700 |430381 | 61643k| 105.6 |   895M | 271 | 951 |5425 |5425 |   0 |  0 |   0 |  37 | 4.300000e+01 | 9.920000e+01 | 130.70%| unknown
 3498s|583800 |430453 | 61645k| 105.6 |   895M | 271 | 951 |5425 |5425 |   0 |  0 |   0 |  37 | 4.300000e+01 | 9.920000e+01 | 130.70%| unknown
 3498s|583900 |430513 | 61646k| 105.6 |   895M | 271 | 951 |5425 |5425 |   0 |  0 |   0 |  37 | 4.300000e+01 | 9.920000e+01 | 130.70%| unknown
 3498s|584000 |430563 | 61648k| 105.6 |   896M | 271 | 951 |5425 |5425 |   0 |  0 |   0 |  37 | 4.300000e+01 | 9.920000e+01 | 130.70%| unknown
 3499s|584100 |430625 | 61649k| 105.5 |   896M | 271 | 951 |5425 |5425 |   0 |  0 |   0 |  37 | 4.300000e+01 | 9.920000e+01 | 130.70%| unknown
 3499s|584200 |430699 | 61651k| 105.5 |   896M | 271 | 951 |5425 |5425 |   0 |  0 |   0 |  37 | 4.300000e+01 | 9.920000e+01 | 130.70%| unknown
 3500s|584300 |430759 | 61672k| 105.5 |   897M | 271 | 951 |5425 |5425 |   0 |  0 |   0 |  37 | 4.300000e+01 | 9.920000e+01 | 130.70%| unknown
 3501s|584400 |430839 | 61696k| 105.6 |   897M | 271 | 951 |5425 |5425 |   0 |  0 |   0 |  37 | 4.300000e+01 | 9.920000e+01 | 130.70%| unknown
 3502s|584500 |430911 | 61718k| 105.6 |   897M | 271 | 951 |5425 |5425 |   0 |  0 |   0 |  37 | 4.300000e+01 | 9.920000e+01 | 130.70%| unknown
 3504s|584600 |430963 | 61740k| 105.6 |   897M | 271 | 951 |5425 |5425 |   0 |  0 |   0 |  37 | 4.300000e+01 | 9.920000e+01 | 130.70%| unknown
 3505s|584700 |431025 | 61768k| 105.6 |   897M | 271 | 951 |5425 |5425 |   0 |  0 |   0 |  37 | 4.300000e+01 | 9.920000e+01 | 130.70%| unknown
 3507s|584800 |431097 | 61810k| 105.7 |   897M | 271 | 951 |5425 |5425 |   0 |  0 |   0 |  37 | 4.300000e+01 | 9.920000e+01 | 130.70%| unknown
 time | node  | left  |LP iter|LP it/n|mem/heur|mdpt |vars |cons |rows |cuts |sepa|confs|strbr|  dualbound   | primalbound  |  gap   | compl. 
 3508s|584900 |431159 | 61834k| 105.7 |   897M | 271 | 951 |5425 |5425 |   0 |  0 |   0 |  37 | 4.300000e+01 | 9.920000e+01 | 130.70%| unknown
 3509s|585000 |431231 | 61851k| 105.7 |   897M | 271 | 951 |5425 |5425 |   0 |  0 |   0 |  37 | 4.300000e+01 | 9.920000e+01 | 130.70%| unknown
 3510s|585100 |431297 | 61875k| 105.8 |   897M | 271 | 951 |5425 |5425 |   0 |  0 |   0 |  37 | 4.300000e+01 | 9.920000e+01 | 130.70%| unknown
 3511s|585200 |431371 | 61891k| 105.8 |   897M | 271 | 951 |5425 |5425 |   0 |  0 |   0 |  37 | 4.300000e+01 | 9.920000e+01 | 130.70%| unknown
 3512s|585300 |431427 | 61914k| 105.8 |   897M | 271 | 951 |5425 |5425 |   0 |  0 |   0 |  37 | 4.300000e+01 | 9.920000e+01 | 130.70%| unknown
 3513s|585400 |431507 | 61938k| 105.8 |   897M | 271 | 951 |5425 |5425 |   0 |  0 |   0 |  37 | 4.300000e+01 | 9.920000e+01 | 130.70%| unknown
 3515s|585500 |431583 | 61973k| 105.8 |   898M | 271 | 951 |5425 |5425 |   0 |  0 |   0 |  37 | 4.300000e+01 | 9.920000e+01 | 130.70%| unknown
 3516s|585600 |431647 | 61989k| 105.9 |   898M | 271 | 951 |5425 |5425 |   0 |  0 |   0 |  37 | 4.300000e+01 | 9.920000e+01 | 130.70%| unknown
 3517s|585700 |431713 | 62009k| 105.9 |   898M | 271 | 951 |5425 |5425 |   0 |  0 |   0 |  37 | 4.300000e+01 | 9.920000e+01 | 130.70%| unknown
 3518s|585800 |431775 | 62029k| 105.9 |   898M | 271 | 951 |5425 |5425 |   0 |  0 |   0 |  37 | 4.300000e+01 | 9.920000e+01 | 130.70%| unknown
 3519s|585900 |431839 | 62048k| 105.9 |   898M | 271 | 951 |5425 |5425 |   0 |  0 |   0 |  37 | 4.300000e+01 | 9.920000e+01 | 130.70%| unknown
 3521s|586000 |431917 | 62083k| 105.9 |   898M | 271 | 951 |5425 |5425 |   0 |  0 |   0 |  37 | 4.300000e+01 | 9.920000e+01 | 130.70%| unknown
 3522s|586100 |431993 | 62100k| 106.0 |   898M | 271 | 951 |5425 |5425 |   0 |  0 |   0 |  37 | 4.300000e+01 | 9.920000e+01 | 130.70%| unknown
 3523s|586200 |432049 | 62121k| 106.0 |   898M | 271 | 951 |5425 |5425 |   0 |  0 |   0 |  37 | 4.300000e+01 | 9.920000e+01 | 130.70%| unknown
 3524s|586300 |432123 | 62138k| 106.0 |   899M | 271 | 951 |5425 |5425 |   0 |  0 |   0 |  37 | 4.300000e+01 | 9.920000e+01 | 130.70%| unknown
 time | node  | left  |LP iter|LP it/n|mem/heur|mdpt |vars |cons |rows |cuts |sepa|confs|strbr|  dualbound   | primalbound  |  gap   | compl. 
 3525s|586400 |432197 | 62166k| 106.0 |   900M | 271 | 951 |5425 |5425 |   0 |  0 |   0 |  37 | 4.300000e+01 | 9.920000e+01 | 130.70%| unknown
 3525s|586500 |432273 | 62169k| 106.0 |   900M | 271 | 951 |5425 |5425 |   0 |  0 |   0 |  37 | 4.300000e+01 | 9.920000e+01 | 130.70%| unknown
 3525s|586600 |432341 | 62170k| 106.0 |   901M | 271 | 951 |5425 |5425 |   0 |  0 |   0 |  37 | 4.300000e+01 | 9.920000e+01 | 130.70%| unknown
 3526s|586700 |432401 | 62186k| 106.0 |   901M | 271 | 951 |5425 |5425 |   0 |  0 |   0 |  37 | 4.300000e+01 | 9.920000e+01 | 130.70%| unknown
 3527s|586800 |432463 | 62202k| 106.0 |   901M | 271 | 951 |5425 |5425 |   0 |  0 |   0 |  37 | 4.300000e+01 | 9.920000e+01 | 130.70%| unknown
 3528s|586900 |432531 | 62216k| 106.0 |   901M | 271 | 951 |5425 |5425 |   0 |  0 |   0 |  37 | 4.300000e+01 | 9.920000e+01 | 130.70%| unknown
 3529s|587000 |432593 | 62235k| 106.0 |   901M | 271 | 951 |5425 |5425 |   0 |  0 |   0 |  37 | 4.300000e+01 | 9.920000e+01 | 130.70%| unknown
 3530s|587100 |432667 | 62250k| 106.0 |   901M | 271 | 951 |5425 |5425 |   0 |  0 |   0 |  37 | 4.300000e+01 | 9.920000e+01 | 130.70%| unknown
 3530s|587200 |432739 | 62268k| 106.0 |   901M | 271 | 951 |5425 |5425 |   0 |  0 |   0 |  37 | 4.300000e+01 | 9.920000e+01 | 130.70%| unknown
 3532s|587300 |432799 | 62289k| 106.1 |   901M | 271 | 951 |5425 |5425 |   0 |  0 |   0 |  37 | 4.300000e+01 | 9.920000e+01 | 130.70%| unknown
 3533s|587400 |432869 | 62312k| 106.1 |   901M | 271 | 951 |5425 |5425 |   0 |  0 |   0 |  37 | 4.300000e+01 | 9.920000e+01 | 130.70%| unknown
 3534s|587500 |432921 | 62337k| 106.1 |   901M | 271 | 951 |5425 |5425 |   0 |  0 |   0 |  37 | 4.300000e+01 | 9.920000e+01 | 130.70%| unknown
 3535s|587600 |432995 | 62356k| 106.1 |   901M | 271 | 951 |5425 |5425 |   0 |  0 |   0 |  37 | 4.300000e+01 | 9.920000e+01 | 130.70%| unknown
 3536s|587700 |433075 | 62377k| 106.1 |   901M | 271 | 951 |5425 |5425 |   0 |  0 |   0 |  37 | 4.300000e+01 | 9.920000e+01 | 130.70%| unknown
 3538s|587800 |433151 | 62404k| 106.2 |   902M | 271 | 951 |5425 |5425 |   0 |  0 |   0 |  37 | 4.300000e+01 | 9.920000e+01 | 130.70%| unknown
 time | node  | left  |LP iter|LP it/n|mem/heur|mdpt |vars |cons |rows |cuts |sepa|confs|strbr|  dualbound   | primalbound  |  gap   | compl. 
 3539s|587900 |433213 | 62425k| 106.2 |   902M | 271 | 951 |5425 |5425 |   0 |  0 |   0 |  37 | 4.300000e+01 | 9.920000e+01 | 130.70%| unknown
 3539s|588000 |433287 | 62440k| 106.2 |   902M | 271 | 951 |5425 |5425 |   0 |  0 |   0 |  37 | 4.300000e+01 | 9.920000e+01 | 130.70%| unknown
 3540s|588100 |433345 | 62448k| 106.2 |   902M | 271 | 951 |5425 |5425 |   0 |  0 |   0 |  37 | 4.300000e+01 | 9.920000e+01 | 130.70%| unknown
 3540s|588200 |433419 | 62449k| 106.2 |   902M | 271 | 951 |5425 |5425 |   0 |  0 |   0 |  37 | 4.300000e+01 | 9.920000e+01 | 130.70%| unknown
 3540s|588300 |433491 | 62450k| 106.2 |   902M | 271 | 951 |5425 |5425 |   0 |  0 |   0 |  37 | 4.300000e+01 | 9.920000e+01 | 130.70%| unknown
 3540s|588400 |433563 | 62451k| 106.1 |   902M | 271 | 951 |5425 |5425 |   0 |  0 |   0 |  37 | 4.300000e+01 | 9.920000e+01 | 130.70%| unknown
 3541s|588500 |433629 | 62466k| 106.1 |   902M | 271 | 951 |5425 |5425 |   0 |  0 |   0 |  37 | 4.300000e+01 | 9.920000e+01 | 130.70%| unknown
 3542s|588600 |433723 | 62482k| 106.2 |   902M | 271 | 951 |5425 |5425 |   0 |  0 |   0 |  37 | 4.300000e+01 | 9.920000e+01 | 130.70%| unknown
 3543s|588700 |433813 | 62497k| 106.2 |   902M | 271 | 951 |5425 |5425 |   0 |  0 |   0 |  37 | 4.300000e+01 | 9.920000e+01 | 130.70%| unknown
 3544s|588800 |433869 | 62512k| 106.2 |   902M | 271 | 951 |5425 |5425 |   0 |  0 |   0 |  37 | 4.300000e+01 | 9.920000e+01 | 130.70%| unknown
 3545s|588900 |433931 | 62538k| 106.2 |   903M | 271 | 951 |5425 |5425 |   0 |  0 |   0 |  37 | 4.300000e+01 | 9.920000e+01 | 130.70%| unknown
 3546s|589000 |434009 | 62554k| 106.2 |   903M | 271 | 951 |5425 |5425 |   0 |  0 |   0 |  37 | 4.300000e+01 | 9.920000e+01 | 130.70%| unknown
 3547s|589100 |434089 | 62575k| 106.2 |   903M | 271 | 951 |5425 |5425 |   0 |  0 |   0 |  37 | 4.300000e+01 | 9.920000e+01 | 130.70%| unknown
 3548s|589200 |434177 | 62601k| 106.2 |   903M | 271 | 951 |5425 |5425 |   0 |  0 |   0 |  37 | 4.300000e+01 | 9.920000e+01 | 130.70%| unknown
 3549s|589300 |434261 | 62627k| 106.3 |   903M | 271 | 951 |5425 |5425 |   0 |  0 |   0 |  37 | 4.300000e+01 | 9.920000e+01 | 130.70%| unknown
 time | node  | left  |LP iter|LP it/n|mem/heur|mdpt |vars |cons |rows |cuts |sepa|confs|strbr|  dualbound   | primalbound  |  gap   | compl. 
 3550s|589400 |434343 | 62646k| 106.3 |   904M | 271 | 951 |5425 |5425 |   0 |  0 |   0 |  37 | 4.300000e+01 | 9.920000e+01 | 130.70%| unknown
 3551s|589500 |434415 | 62666k| 106.3 |   904M | 271 | 951 |5425 |5425 |   0 |  0 |   0 |  37 | 4.300000e+01 | 9.920000e+01 | 130.70%| unknown
 3552s|589600 |434471 | 62681k| 106.3 |   904M | 271 | 951 |5425 |5425 |   0 |  0 |   0 |  37 | 4.300000e+01 | 9.920000e+01 | 130.70%| unknown
 3553s|589700 |434555 | 62698k| 106.3 |   904M | 271 | 951 |5425 |5425 |   0 |  0 |   0 |  37 | 4.300000e+01 | 9.920000e+01 | 130.70%| unknown
 3554s|589800 |434621 | 62721k| 106.3 |   904M | 271 | 951 |5425 |5425 |   0 |  0 |   0 |  37 | 4.300000e+01 | 9.920000e+01 | 130.70%| unknown
 3555s|589900 |434693 | 62737k| 106.4 |   905M | 271 | 951 |5425 |5425 |   0 |  0 |   0 |  37 | 4.300000e+01 | 9.920000e+01 | 130.70%| unknown
 3556s|590000 |434755 | 62770k| 106.4 |   905M | 271 | 951 |5425 |5425 |   0 |  0 |   0 |  37 | 4.300000e+01 | 9.920000e+01 | 130.70%| unknown
 3557s|590100 |434839 | 62786k| 106.4 |   905M | 271 | 951 |5425 |5425 |   0 |  0 |   0 |  37 | 4.300000e+01 | 9.920000e+01 | 130.70%| unknown
 3558s|590200 |434905 | 62802k| 106.4 |   905M | 271 | 951 |5425 |5425 |   0 |  0 |   0 |  37 | 4.300000e+01 | 9.920000e+01 | 130.70%| unknown
 3559s|590300 |434967 | 62823k| 106.4 |   905M | 271 | 951 |5425 |5425 |   0 |  0 |   0 |  37 | 4.300000e+01 | 9.920000e+01 | 130.70%| unknown
 3560s|590400 |435043 | 62849k| 106.5 |   905M | 271 | 951 |5425 |5425 |   0 |  0 |   0 |  37 | 4.300000e+01 | 9.920000e+01 | 130.70%| unknown
 3561s|590500 |435117 | 62863k| 106.5 |   905M | 271 | 951 |5425 |5425 |   0 |  0 |   0 |  37 | 4.300000e+01 | 9.920000e+01 | 130.70%| unknown
 3562s|590600 |435193 | 62882k| 106.5 |   905M | 271 | 951 |5425 |5425 |   0 |  0 |   0 |  37 | 4.300000e+01 | 9.920000e+01 | 130.70%| unknown
 3563s|590700 |435261 | 62901k| 106.5 |   905M | 271 | 951 |5425 |5425 |   0 |  0 |   0 |  37 | 4.300000e+01 | 9.920000e+01 | 130.70%| unknown
 3564s|590800 |435331 | 62921k| 106.5 |   905M | 271 | 951 |5425 |5425 |   0 |  0 |   0 |  37 | 4.300000e+01 | 9.920000e+01 | 130.70%| unknown
 time | node  | left  |LP iter|LP it/n|mem/heur|mdpt |vars |cons |rows |cuts |sepa|confs|strbr|  dualbound   | primalbound  |  gap   | compl. 
 3565s|590900 |435393 | 62938k| 106.5 |   905M | 271 | 951 |5425 |5425 |   0 |  0 |   0 |  37 | 4.300000e+01 | 9.920000e+01 | 130.70%| unknown
 3566s|591000 |435467 | 62963k| 106.5 |   905M | 271 | 951 |5425 |5425 |   0 |  0 |   0 |  37 | 4.300000e+01 | 9.920000e+01 | 130.70%| unknown
 3567s|591100 |435529 | 62977k| 106.5 |   906M | 271 | 951 |5425 |5425 |   0 |  0 |   0 |  37 | 4.300000e+01 | 9.920000e+01 | 130.70%| unknown
 3567s|591200 |435605 | 62979k| 106.5 |   906M | 271 | 951 |5425 |5425 |   0 |  0 |   0 |  37 | 4.300000e+01 | 9.920000e+01 | 130.70%| unknown
 3567s|591300 |435691 | 62980k| 106.5 |   906M | 271 | 951 |5425 |5425 |   0 |  0 |   0 |  37 | 4.300000e+01 | 9.920000e+01 | 130.70%| unknown
 3567s|591400 |435751 | 62981k| 106.5 |   906M | 271 | 951 |5425 |5425 |   0 |  0 |   0 |  37 | 4.300000e+01 | 9.920000e+01 | 130.70%| unknown
 3568s|591500 |435815 | 62983k| 106.5 |   906M | 271 | 951 |5425 |5425 |   0 |  0 |   0 |  37 | 4.300000e+01 | 9.920000e+01 | 130.70%| unknown
 3568s|591600 |435879 | 62984k| 106.5 |   906M | 271 | 951 |5425 |5425 |   0 |  0 |   0 |  37 | 4.300000e+01 | 9.920000e+01 | 130.70%| unknown
 3568s|591700 |435943 | 62985k| 106.4 |   907M | 271 | 951 |5425 |5425 |   0 |  0 |   0 |  37 | 4.300000e+01 | 9.920000e+01 | 130.70%| unknown
 3568s|591800 |435997 | 62986k| 106.4 |   907M | 271 | 951 |5425 |5425 |   0 |  0 |   0 |  37 | 4.300000e+01 | 9.920000e+01 | 130.70%| unknown
 3568s|591900 |436073 | 62987k| 106.4 |   907M | 271 | 951 |5425 |5425 |   0 |  0 |   0 |  37 | 4.300000e+01 | 9.920000e+01 | 130.70%| unknown
 3569s|592000 |436131 | 63008k| 106.4 |   907M | 271 | 951 |5425 |5425 |   0 |  0 |   0 |  37 | 4.300000e+01 | 9.920000e+01 | 130.70%| unknown
 3570s|592100 |436195 | 63021k| 106.4 |   907M | 271 | 951 |5425 |5425 |   0 |  0 |   0 |  37 | 4.300000e+01 | 9.920000e+01 | 130.70%| unknown
 3571s|592200 |436263 | 63041k| 106.5 |   908M | 271 | 951 |5425 |5425 |   0 |  0 |   0 |  37 | 4.300000e+01 | 9.920000e+01 | 130.70%| unknown
 3572s|592300 |436329 | 63067k| 106.5 |   908M | 271 | 951 |5425 |5425 |   0 |  0 |   0 |  37 | 4.300000e+01 | 9.920000e+01 | 130.70%| unknown
 time | node  | left  |LP iter|LP it/n|mem/heur|mdpt |vars |cons |rows |cuts |sepa|confs|strbr|  dualbound   | primalbound  |  gap   | compl. 
 3574s|592400 |436391 | 63095k| 106.5 |   908M | 271 | 951 |5425 |5425 |   0 |  0 |   0 |  37 | 4.300000e+01 | 9.920000e+01 | 130.70%| unknown
 3574s|592500 |436453 | 63097k| 106.5 |   908M | 271 | 951 |5425 |5425 |   0 |  0 |   0 |  37 | 4.300000e+01 | 9.920000e+01 | 130.70%| unknown
 3574s|592600 |436521 | 63099k| 106.5 |   908M | 271 | 951 |5425 |5425 |   0 |  0 |   0 |  37 | 4.300000e+01 | 9.920000e+01 | 130.70%| unknown
 3574s|592700 |436583 | 63100k| 106.5 |   909M | 271 | 951 |5425 |5425 |   0 |  0 |   0 |  37 | 4.300000e+01 | 9.920000e+01 | 130.70%| unknown
 3575s|592800 |436655 | 63102k| 106.4 |   909M | 271 | 951 |5425 |5425 |   0 |  0 |   0 |  37 | 4.300000e+01 | 9.920000e+01 | 130.70%| unknown
 3575s|592900 |436709 | 63104k| 106.4 |   909M | 271 | 951 |5425 |5425 |   0 |  0 |   0 |  37 | 4.300000e+01 | 9.920000e+01 | 130.70%| unknown
 3575s|593000 |436787 | 63105k| 106.4 |   909M | 271 | 951 |5425 |5425 |   0 |  0 |   0 |  37 | 4.300000e+01 | 9.920000e+01 | 130.70%| unknown
 3575s|593100 |436865 | 63106k| 106.4 |   909M | 271 | 951 |5425 |5425 |   0 |  0 |   0 |  37 | 4.300000e+01 | 9.920000e+01 | 130.70%| unknown
 3575s|593200 |436933 | 63108k| 106.4 |   909M | 271 | 951 |5425 |5425 |   0 |  0 |   0 |  37 | 4.300000e+01 | 9.920000e+01 | 130.70%| unknown
 3576s|593300 |437007 | 63109k| 106.4 |   909M | 271 | 951 |5425 |5425 |   0 |  0 |   0 |  37 | 4.300000e+01 | 9.920000e+01 | 130.70%| unknown
 3576s|593400 |437079 | 63111k| 106.4 |   910M | 271 | 951 |5425 |5425 |   0 |  0 |   0 |  37 | 4.300000e+01 | 9.920000e+01 | 130.70%| unknown
 3576s|593500 |437145 | 63112k| 106.3 |   910M | 271 | 951 |5425 |5425 |   0 |  0 |   0 |  37 | 4.300000e+01 | 9.920000e+01 | 130.70%| unknown
 3576s|593600 |437219 | 63113k| 106.3 |   910M | 271 | 951 |5425 |5425 |   0 |  0 |   0 |  37 | 4.300000e+01 | 9.920000e+01 | 130.70%| unknown
 3576s|593700 |437281 | 63115k| 106.3 |   910M | 271 | 951 |5425 |5425 |   0 |  0 |   0 |  37 | 4.300000e+01 | 9.920000e+01 | 130.70%| unknown
 3577s|593800 |437341 | 63116k| 106.3 |   910M | 271 | 951 |5425 |5425 |   0 |  0 |   0 |  37 | 4.300000e+01 | 9.920000e+01 | 130.70%| unknown
 time | node  | left  |LP iter|LP it/n|mem/heur|mdpt |vars |cons |rows |cuts |sepa|confs|strbr|  dualbound   | primalbound  |  gap   | compl. 
 3577s|593900 |437417 | 63117k| 106.3 |   910M | 271 | 951 |5425 |5425 |   0 |  0 |   0 |  37 | 4.300000e+01 | 9.920000e+01 | 130.70%| unknown
 3577s|594000 |437493 | 63131k| 106.3 |   910M | 271 | 951 |5425 |5425 |   0 |  0 |   0 |  37 | 4.300000e+01 | 9.920000e+01 | 130.70%| unknown
 3579s|594100 |437563 | 63157k| 106.3 |   910M | 271 | 951 |5425 |5425 |   0 |  0 |   0 |  37 | 4.300000e+01 | 9.920000e+01 | 130.70%| unknown
 3580s|594200 |437631 | 63178k| 106.3 |   910M | 271 | 951 |5425 |5425 |   0 |  0 |   0 |  37 | 4.300000e+01 | 9.920000e+01 | 130.70%| unknown
 3581s|594300 |437703 | 63206k| 106.4 |   910M | 271 | 951 |5425 |5425 |   0 |  0 |   0 |  37 | 4.300000e+01 | 9.920000e+01 | 130.70%| unknown
 3582s|594400 |437765 | 63215k| 106.4 |   910M | 271 | 951 |5425 |5425 |   0 |  0 |   0 |  37 | 4.300000e+01 | 9.920000e+01 | 130.70%| unknown
 3582s|594500 |437843 | 63217k| 106.3 |   910M | 271 | 951 |5425 |5425 |   0 |  0 |   0 |  37 | 4.300000e+01 | 9.920000e+01 | 130.70%| unknown
 3582s|594600 |437905 | 63218k| 106.3 |   911M | 271 | 951 |5425 |5425 |   0 |  0 |   0 |  37 | 4.300000e+01 | 9.920000e+01 | 130.70%| unknown
 3582s|594700 |437967 | 63221k| 106.3 |   911M | 271 | 951 |5425 |5425 |   0 |  0 |   0 |  37 | 4.300000e+01 | 9.920000e+01 | 130.70%| unknown
 3584s|594800 |438025 | 63251k| 106.3 |   911M | 271 | 951 |5425 |5425 |   0 |  0 |   0 |  37 | 4.300000e+01 | 9.920000e+01 | 130.70%| unknown
 3585s|594900 |438091 | 63276k| 106.4 |   912M | 271 | 951 |5425 |5425 |   0 |  0 |   0 |  37 | 4.300000e+01 | 9.920000e+01 | 130.70%| unknown
 3587s|595000 |438165 | 63317k| 106.4 |   912M | 271 | 951 |5425 |5425 |   0 |  0 |   0 |  37 | 4.300000e+01 | 9.920000e+01 | 130.70%| unknown
 3588s|595100 |438223 | 63332k| 106.4 |   912M | 271 | 951 |5425 |5425 |   0 |  0 |   0 |  37 | 4.300000e+01 | 9.920000e+01 | 130.70%| unknown
 3588s|595200 |438297 | 63334k| 106.4 |   912M | 271 | 951 |5425 |5425 |   0 |  0 |   0 |  37 | 4.300000e+01 | 9.920000e+01 | 130.70%| unknown
 3588s|595300 |438361 | 63335k| 106.4 |   912M | 271 | 951 |5425 |5425 |   0 |  0 |   0 |  37 | 4.300000e+01 | 9.920000e+01 | 130.70%| unknown
 time | node  | left  |LP iter|LP it/n|mem/heur|mdpt |vars |cons |rows |cuts |sepa|confs|strbr|  dualbound   | primalbound  |  gap   | compl. 
 3588s|595400 |438433 | 63336k| 106.4 |   912M | 271 | 951 |5425 |5425 |   0 |  0 |   0 |  37 | 4.300000e+01 | 9.920000e+01 | 130.70%| unknown
 3589s|595500 |438515 | 63337k| 106.4 |   912M | 271 | 951 |5425 |5425 |   0 |  0 |   0 |  37 | 4.300000e+01 | 9.920000e+01 | 130.70%| unknown
 3590s|595600 |438595 | 63355k| 106.4 |   912M | 271 | 951 |5425 |5425 |   0 |  0 |   0 |  37 | 4.300000e+01 | 9.920000e+01 | 130.70%| unknown
 3590s|595700 |438671 | 63372k| 106.4 |   913M | 271 | 951 |5425 |5425 |   0 |  0 |   0 |  37 | 4.300000e+01 | 9.920000e+01 | 130.70%| unknown
 3592s|595800 |438741 | 63392k| 106.4 |   913M | 271 | 951 |5425 |5425 |   0 |  0 |   0 |  37 | 4.300000e+01 | 9.920000e+01 | 130.70%| unknown
 3593s|595900 |438811 | 63413k| 106.4 |   913M | 271 | 951 |5425 |5425 |   0 |  0 |   0 |  37 | 4.300000e+01 | 9.920000e+01 | 130.70%| unknown
 3594s|596000 |438871 | 63431k| 106.4 |   913M | 271 | 951 |5425 |5425 |   0 |  0 |   0 |  37 | 4.300000e+01 | 9.920000e+01 | 130.70%| unknown
 3595s|596100 |438937 | 63451k| 106.4 |   913M | 271 | 951 |5425 |5425 |   0 |  0 |   0 |  37 | 4.300000e+01 | 9.920000e+01 | 130.70%| unknown
 3596s|596200 |439011 | 63477k| 106.5 |   913M | 271 | 951 |5425 |5425 |   0 |  0 |   0 |  37 | 4.300000e+01 | 9.920000e+01 | 130.70%| unknown
 3597s|596300 |439083 | 63491k| 106.5 |   913M | 271 | 951 |5425 |5425 |   0 |  0 |   0 |  37 | 4.300000e+01 | 9.920000e+01 | 130.70%| unknown
 3598s|596400 |439157 | 63515k| 106.5 |   913M | 271 | 951 |5425 |5425 |   0 |  0 |   0 |  37 | 4.300000e+01 | 9.920000e+01 | 130.70%| unknown
 3599s|596500 |439215 | 63535k| 106.5 |   913M | 271 | 951 |5425 |5425 |   0 |  0 |   0 |  37 | 4.300000e+01 | 9.920000e+01 | 130.70%| unknown
 3600s|596600 |439297 | 63555k| 106.5 |   913M | 271 | 951 |5425 |5425 |   0 |  0 |   0 |  37 | 4.300000e+01 | 9.920000e+01 | 130.70%| unknown

SCIP Status        : solving was interrupted [time limit reached]
Solving Time (sec) : 3600.01
Solving Nodes      : 596610
Primal Bound       : +9.92000000000000e+01 (1 solutions)
Dual Bound         : +4.30000000000000e+01
Gap                : 130.70 %
objective value:                                 99.2
delta[B0,B1]                                        1 	(obj:0)
delta[B0,B3]                                        1 	(obj:0)
delta[B0,B7]                                        1 	(obj:0)
delta[B0,B16]                                       1 	(obj:0)
delta[B1,B3]                                        1 	(obj:0)
delta[B2,B3]                                        1 	(obj:0)
delta[B2,B4]                                        1 	(obj:0)
delta[B2,B5]                                        1 	(obj:0)
delta[B2,B7]                                        1 	(obj:0)
delta[B2,B8]                                        1 	(obj:0)
delta[B2,B9]                                        1 	(obj:0)
delta[B2,B10]                                       1 	(obj:0)
delta[B2,B11]                                       1 	(obj:0)
delta[B2,B18]                                       1 	(obj:0)
delta[B2,B20]                                       1 	(obj:0)
delta[B2,B21]                                       1 	(obj:0)
delta[B2,B22]                                       1 	(obj:0)
delta[B2,B23]                                       1 	(obj:0)
delta[B2,B24]                                       1 	(obj:0)
delta[B3,B10]                                       1 	(obj:0)
delta[B3,B11]                                       1 	(obj:0)
delta[B3,B14]                                       1 	(obj:0)
delta[B3,B15]                                       1 	(obj:0)
delta[B3,B17]                                       1 	(obj:0)
delta[B3,B18]                                       1 	(obj:0)
delta[B3,B21]                                       1 	(obj:0)
delta[B4,B7]                                        1 	(obj:0)
delta[B4,B18]                                       1 	(obj:0)
delta[B5,B4]                                        1 	(obj:0)
delta[B5,B7]                                        1 	(obj:0)
delta[B5,B8]                                        1 	(obj:0)
delta[B5,B9]                                        1 	(obj:0)
delta[B5,B10]                                       1 	(obj:0)
delta[B5,B11]                                       1 	(obj:0)
delta[B5,B14]                                       1 	(obj:0)
delta[B5,B15]                                       1 	(obj:0)
delta[B5,B18]                                       1 	(obj:0)
delta[B5,B19]                                       1 	(obj:0)
delta[B5,B21]                                       1 	(obj:0)
delta[B6,B5]                                        1 	(obj:0)
delta[B6,B7]                                        1 	(obj:0)
delta[B6,B8]                                        1 	(obj:0)
delta[B6,B9]                                        1 	(obj:0)
delta[B6,B11]                                       1 	(obj:0)
delta[B7,B1]                                        1 	(obj:0)
delta[B7,B3]                                        1 	(obj:0)
delta[B7,B4]                                        1 	(obj:0)
delta[B7,B10]                                       1 	(obj:0)
delta[B7,B11]                                       1 	(obj:0)
delta[B7,B14]                                       1 	(obj:0)
delta[B7,B15]                                       1 	(obj:0)
delta[B7,B17]                                       1 	(obj:0)
delta[B7,B18]                                       1 	(obj:0)
delta[B7,B19]                                       1 	(obj:0)
delta[B7,B21]                                       1 	(obj:0)
delta[B8,B4]                                        1 	(obj:0)
delta[B8,B5]                                        1 	(obj:0)
delta[B8,B9]                                        1 	(obj:0)
delta[B8,B10]                                       1 	(obj:0)
delta[B8,B11]                                       1 	(obj:0)
delta[B8,B14]                                       1 	(obj:0)
delta[B8,B15]                                       1 	(obj:0)
delta[B8,B18]                                       1 	(obj:0)
delta[B8,B19]                                       1 	(obj:0)
delta[B8,B21]                                       1 	(obj:0)
delta[B9,B1]                                        1 	(obj:0)
delta[B9,B3]                                        1 	(obj:0)
delta[B9,B4]                                        1 	(obj:0)
delta[B9,B5]                                        1 	(obj:0)
delta[B9,B8]                                        1 	(obj:0)
delta[B9,B10]                                       1 	(obj:0)
delta[B9,B11]                                       1 	(obj:0)
delta[B9,B14]                                       1 	(obj:0)
delta[B9,B15]                                       1 	(obj:0)
delta[B9,B17]                                       1 	(obj:0)
delta[B9,B18]                                       1 	(obj:0)
delta[B9,B19]                                       1 	(obj:0)
delta[B9,B21]                                       1 	(obj:0)
delta[B10,B3]                                       1 	(obj:0)
delta[B10,B4]                                       1 	(obj:0)
delta[B10,B7]                                       1 	(obj:0)
delta[B10,B8]                                       1 	(obj:0)
delta[B10,B9]                                       1 	(obj:0)
delta[B10,B14]                                      1 	(obj:0)
delta[B10,B15]                                      1 	(obj:0)
delta[B10,B16]                                      1 	(obj:0)
delta[B10,B18]                                      1 	(obj:0)
delta[B10,B19]                                      1 	(obj:0)
delta[B10,B21]                                      1 	(obj:0)
delta[B11,B3]                                       1 	(obj:0)
delta[B11,B4]                                       1 	(obj:0)
delta[B11,B7]                                       1 	(obj:0)
delta[B11,B8]                                       1 	(obj:0)
delta[B11,B9]                                       1 	(obj:0)
delta[B11,B14]                                      1 	(obj:0)
delta[B11,B15]                                      1 	(obj:0)
delta[B11,B16]                                      1 	(obj:0)
delta[B11,B18]                                      1 	(obj:0)
delta[B11,B19]                                      1 	(obj:0)
delta[B11,B21]                                      1 	(obj:0)
delta[B12,B1]                                       1 	(obj:0)
delta[B12,B3]                                       1 	(obj:0)
delta[B12,B7]                                       1 	(obj:0)
delta[B12,B9]                                       1 	(obj:0)
delta[B12,B10]                                      1 	(obj:0)
delta[B12,B11]                                      1 	(obj:0)
delta[B12,B15]                                      1 	(obj:0)
delta[B12,B16]                                      1 	(obj:0)
delta[B12,B17]                                      1 	(obj:0)
delta[B12,B19]                                      1 	(obj:0)
delta[B12,B20]                                      1 	(obj:0)
delta[B12,B21]                                      1 	(obj:0)
delta[B12,B22]                                      1 	(obj:0)
delta[B13,B3]                                       1 	(obj:0)
delta[B13,B4]                                       1 	(obj:0)
delta[B13,B7]                                       1 	(obj:0)
delta[B13,B8]                                       1 	(obj:0)
delta[B13,B9]                                       1 	(obj:0)
delta[B13,B10]                                      1 	(obj:0)
delta[B13,B11]                                      1 	(obj:0)
delta[B13,B14]                                      1 	(obj:0)
delta[B13,B15]                                      1 	(obj:0)
delta[B13,B16]                                      1 	(obj:0)
delta[B13,B17]                                      1 	(obj:0)
delta[B13,B19]                                      1 	(obj:0)
delta[B13,B20]                                      1 	(obj:0)
delta[B13,B21]                                      1 	(obj:0)
delta[B13,B22]                                      1 	(obj:0)
delta[B14,B3]                                       1 	(obj:0)
delta[B14,B4]                                       1 	(obj:0)
delta[B14,B7]                                       1 	(obj:0)
delta[B14,B9]                                       1 	(obj:0)
delta[B14,B10]                                      1 	(obj:0)
delta[B14,B11]                                      1 	(obj:0)
delta[B14,B15]                                      1 	(obj:0)
delta[B14,B16]                                      1 	(obj:0)
delta[B14,B18]                                      1 	(obj:0)
delta[B14,B19]                                      1 	(obj:0)
delta[B14,B21]                                      1 	(obj:0)
delta[B15,B3]                                       1 	(obj:0)
delta[B15,B10]                                      1 	(obj:0)
delta[B15,B11]                                      1 	(obj:0)
delta[B15,B14]                                      1 	(obj:0)
delta[B15,B16]                                      1 	(obj:0)
delta[B16,B1]                                       1 	(obj:0)
delta[B16,B3]                                       1 	(obj:0)
delta[B16,B7]                                       1 	(obj:0)
delta[B16,B10]                                      1 	(obj:0)
delta[B16,B11]                                      1 	(obj:0)
delta[B16,B14]                                      1 	(obj:0)
delta[B16,B15]                                      1 	(obj:0)
delta[B17,B3]                                       1 	(obj:0)
delta[B17,B4]                                       1 	(obj:0)
delta[B17,B7]                                       1 	(obj:0)
delta[B17,B9]                                       1 	(obj:0)
delta[B17,B10]                                      1 	(obj:0)
delta[B17,B11]                                      1 	(obj:0)
delta[B17,B14]                                      1 	(obj:0)
delta[B17,B15]                                      1 	(obj:0)
delta[B17,B18]                                      1 	(obj:0)
delta[B17,B19]                                      1 	(obj:0)
delta[B17,B20]                                      1 	(obj:0)
delta[B17,B21]                                      1 	(obj:0)
delta[B18,B3]                                       1 	(obj:0)
delta[B18,B4]                                       1 	(obj:0)
delta[B18,B8]                                       1 	(obj:0)
delta[B18,B9]                                       1 	(obj:0)
delta[B18,B11]                                      1 	(obj:0)
delta[B19,B1]                                       1 	(obj:0)
delta[B19,B3]                                       1 	(obj:0)
delta[B19,B4]                                       1 	(obj:0)
delta[B19,B7]                                       1 	(obj:0)
delta[B19,B10]                                      1 	(obj:0)
delta[B19,B11]                                      1 	(obj:0)
delta[B19,B14]                                      1 	(obj:0)
delta[B19,B15]                                      1 	(obj:0)
delta[B19,B17]                                      1 	(obj:0)
delta[B19,B18]                                      1 	(obj:0)
delta[B20,B1]                                       1 	(obj:0)
delta[B20,B3]                                       1 	(obj:0)
delta[B20,B4]                                       1 	(obj:0)
delta[B20,B7]                                       1 	(obj:0)
delta[B20,B10]                                      1 	(obj:0)
delta[B20,B11]                                      1 	(obj:0)
delta[B20,B14]                                      1 	(obj:0)
delta[B20,B15]                                      1 	(obj:0)
delta[B20,B17]                                      1 	(obj:0)
delta[B20,B18]                                      1 	(obj:0)
delta[B20,B19]                                      1 	(obj:0)
delta[B20,B21]                                      1 	(obj:0)
delta[B21,B3]                                       1 	(obj:0)
delta[B21,B4]                                       1 	(obj:0)
delta[B21,B7]                                       1 	(obj:0)
delta[B21,B10]                                      1 	(obj:0)
delta[B21,B11]                                      1 	(obj:0)
delta[B21,B14]                                      1 	(obj:0)
delta[B21,B15]                                      1 	(obj:0)
delta[B21,B18]                                      1 	(obj:0)
delta[B22,B1]                                       1 	(obj:0)
delta[B22,B2]                                       1 	(obj:0)
delta[B22,B3]                                       1 	(obj:0)
delta[B22,B7]                                       1 	(obj:0)
delta[B22,B10]                                      1 	(obj:0)
delta[B22,B11]                                      1 	(obj:0)
delta[B22,B12]                                      1 	(obj:0)
delta[B22,B13]                                      1 	(obj:0)
delta[B22,B14]                                      1 	(obj:0)
delta[B22,B15]                                      1 	(obj:0)
delta[B22,B16]                                      1 	(obj:0)
delta[B22,B17]                                      1 	(obj:0)
delta[B22,B18]                                      1 	(obj:0)
delta[B22,B19]                                      1 	(obj:0)
delta[B22,B20]                                      1 	(obj:0)
delta[B22,B21]                                      1 	(obj:0)
delta[B23,B2]                                       1 	(obj:0)
delta[B23,B3]                                       1 	(obj:0)
delta[B23,B4]                                       1 	(obj:0)
delta[B23,B5]                                       1 	(obj:0)
delta[B23,B7]                                       1 	(obj:0)
delta[B23,B8]                                       1 	(obj:0)
delta[B23,B9]                                       1 	(obj:0)
delta[B23,B10]                                      1 	(obj:0)
delta[B23,B11]                                      1 	(obj:0)
delta[B23,B18]                                      1 	(obj:0)
delta[B23,B24]                                      1 	(obj:0)
delta[B24,B2]                                       1 	(obj:0)
delta[B24,B3]                                       1 	(obj:0)
delta[B24,B4]                                       1 	(obj:0)
delta[B24,B5]                                       1 	(obj:0)
delta[B24,B7]                                       1 	(obj:0)
delta[B24,B8]                                       1 	(obj:0)
delta[B24,B9]                                       1 	(obj:0)
delta[B24,B10]                                      1 	(obj:0)
delta[B24,B11]                                      1 	(obj:0)
delta[B24,B14]                                      1 	(obj:0)
delta[B24,B18]                                      1 	(obj:0)
delta[B24,B23]                                      1 	(obj:0)
c[B19,1]                                         73.8 	(obj:0)
c[B20,0]                                         16.5 	(obj:0)
c[B20,1]                                         48.8 	(obj:0)
c[B21,0]                                         35.5 	(obj:0)
c[B21,1]                                         67.7 	(obj:0)
c[B22,0]                                         12.5 	(obj:0)
c[B22,1]                                           18 	(obj:0)
c[B23,0]                                         69.5 	(obj:0)
c[B23,1]                                           14 	(obj:0)
c[B24,0]                                         61.5 	(obj:0)
c[B24,1]                                           19 	(obj:0)
h                                                99.2 	(obj:1)
c[B0,0]                                           3.5 	(obj:0)
c[B0,1]                                            11 	(obj:0)
c[B1,0]                                          11.5 	(obj:0)
c[B1,1]                                          84.8 	(obj:0)
c[B2,0]                                          78.5 	(obj:0)
c[B2,1]                                           7.5 	(obj:0)
c[B3,0]                                          10.5 	(obj:0)
c[B3,1]                                          95.7 	(obj:0)
c[B4,0]                                            51 	(obj:0)
c[B4,1]                                          84.8 	(obj:0)
c[B5,0]                                          77.5 	(obj:0)
c[B5,1]                                          49.8 	(obj:0)
c[B6,0]                                          86.5 	(obj:0)
c[B6,1]                                            12 	(obj:0)
c[B7,0]                                             9 	(obj:0)
c[B7,1]                                          68.2 	(obj:0)
c[B8,0]                                          53.5 	(obj:0)
c[B8,1]                                          49.3 	(obj:0)
c[B9,0]                                          27.5 	(obj:0)
c[B9,1]                                          53.3 	(obj:0)
c[B10,0]                                         68.5 	(obj:0)
c[B10,1]                                         69.7 	(obj:0)
c[B11,0]                                         83.5 	(obj:0)
c[B11,1]                                         70.3 	(obj:0)
c[B12,0]                                         25.5 	(obj:0)
c[B12,1]                                           21 	(obj:0)
c[B13,0]                                         44.5 	(obj:0)
c[B13,1]                                           13 	(obj:0)
c[B14,0]                                           54 	(obj:0)
c[B14,1]                                         70.2 	(obj:0)
c[B15,0]                                           36 	(obj:0)
c[B15,1]                                         86.3 	(obj:0)
c[B16,0]                                          6.5 	(obj:0)
c[B16,1]                                         47.8 	(obj:0)
c[B17,0]                                         36.5 	(obj:0)
c[B17,1]                                         51.3 	(obj:0)
c[B18,0]                                           66 	(obj:0)
c[B18,1]                                         84.3 	(obj:0)
c[B19,0]                                           23 	(obj:0)
DELTA[B2,B22]                                       1 	(obj:0)
DELTA[B2,B23]                                       1 	(obj:0)
DELTA[B2,B24]                                       1 	(obj:0)
DELTA[B3,B10]                                       1 	(obj:0)
DELTA[B3,B11]                                       1 	(obj:0)
DELTA[B3,B14]                                       1 	(obj:0)
DELTA[B3,B15]                                       1 	(obj:0)
DELTA[B3,B17]                                       1 	(obj:0)
DELTA[B3,B18]                                       1 	(obj:0)
DELTA[B3,B21]                                       1 	(obj:0)
DELTA[B4,B7]                                        1 	(obj:0)
DELTA[B4,B18]                                       1 	(obj:0)
DELTA[B5,B8]                                        1 	(obj:0)
DELTA[B5,B9]                                        1 	(obj:0)
DELTA[B7,B10]                                       1 	(obj:0)
DELTA[B7,B11]                                       1 	(obj:0)
DELTA[B7,B14]                                       1 	(obj:0)
DELTA[B7,B17]                                       1 	(obj:0)
DELTA[B7,B19]                                       1 	(obj:0)
DELTA[B7,B21]                                       1 	(obj:0)
DELTA[B8,B9]                                        1 	(obj:0)
DELTA[B8,B10]                                       1 	(obj:0)
DELTA[B8,B11]                                       1 	(obj:0)
DELTA[B8,B18]                                       1 	(obj:0)
DELTA[B9,B10]                                       1 	(obj:0)
DELTA[B9,B11]                                       1 	(obj:0)
DELTA[B9,B14]                                       1 	(obj:0)
DELTA[B9,B17]                                       1 	(obj:0)
DELTA[B9,B18]                                       1 	(obj:0)
DELTA[B10,B14]                                      1 	(obj:0)
DELTA[B10,B15]                                      1 	(obj:0)
DELTA[B10,B16]                                      1 	(obj:0)
DELTA[B10,B19]                                      1 	(obj:0)
DELTA[B10,B21]                                      1 	(obj:0)
DELTA[B11,B14]                                      1 	(obj:0)
DELTA[B11,B15]                                      1 	(obj:0)
DELTA[B11,B16]                                      1 	(obj:0)
DELTA[B11,B18]                                      1 	(obj:0)
DELTA[B11,B19]                                      1 	(obj:0)
DELTA[B11,B21]                                      1 	(obj:0)
DELTA[B12,B22]                                      1 	(obj:0)
DELTA[B13,B22]                                      1 	(obj:0)
DELTA[B14,B15]                                      1 	(obj:0)
DELTA[B14,B16]                                      1 	(obj:0)
DELTA[B14,B19]                                      1 	(obj:0)
DELTA[B14,B21]                                      1 	(obj:0)
DELTA[B15,B16]                                      1 	(obj:0)
DELTA[B17,B19]                                      1 	(obj:0)
DELTA[B17,B20]                                      1 	(obj:0)
DELTA[B23,B24]                                      1 	(obj:0)
