1/1 feasible solution given by solution candidate storage, new primal bound 1.062000e+02

presolving:
presolving (0 rounds: 0 fast, 0 medium, 0 exhaustive):
 0 deleted vars, 0 deleted constraints, 0 added constraints, 0 tightened bounds, 0 added holes, 0 changed sides, 0 changed coefficients
 0 implications, 0 cliques, 0 implied integral variables (0 bin, 0 int, 0 cont)
presolved problem has 951 variables (600 bin, 0 int, 351 cont) and 5425 constraints
   5425 constraints of type <linear>
Presolving Time: 0.00
transformed 1/1 original solutions to the transformed problem space

 time | node  | left  |LP iter|LP it/n|mem/heur|mdpt |vars |cons |rows |cuts |sepa|confs|strbr|  dualbound   | primalbound  |  gap   | compl. 
  0.0s|     1 |     0 |  1064 |     - |    15M |   0 | 951 |5425 |5425 |   0 |  0 |   0 |   0 | 3.400000e+01 | 1.062000e+02 | 212.35%| unknown
  0.4s|     1 |     2 |  1119 |     - |    16M |   0 | 951 |5425 |5425 |   0 |  0 |   0 |  37 | 3.400000e+01 | 1.062000e+02 | 212.35%| unknown
  0.6s|   100 |   101 |  2291 |  12.4 |    16M |  91 | 951 |5425 |5425 |   0 |  0 |   0 |  37 | 3.400000e+01 | 1.062000e+02 | 212.35%| unknown
  0.9s|   200 |   193 |  3613 |  12.8 |    16M |  91 | 951 |5425 |5425 |   0 |  0 |   0 |  37 | 3.400000e+01 | 1.062000e+02 | 212.35%| unknown
  1.1s|   300 |   291 |  4670 |  12.1 |    17M |  91 | 951 |5425 |5425 |   0 |  0 |   0 |  37 | 3.400000e+01 | 1.062000e+02 | 212.35%| unknown
  1.6s|   400 |   389 | 15003 |  34.9 |    18M |  91 | 951 |5425 |5425 |   0 |  0 |   0 |  37 | 3.400000e+01 | 1.062000e+02 | 212.35%| unknown
  2.4s|   500 |   483 | 29633 |  57.3 |    18M |  97 | 951 |5425 |5425 |   0 |  0 |   0 |  37 | 3.400000e+01 | 1.062000e+02 | 212.35%| unknown
  2.9s|   600 |   577 | 41018 |  66.7 |    18M |  97 | 951 |5425 |5425 |   0 |  0 |   0 |  37 | 3.400000e+01 | 1.062000e+02 | 212.35%| unknown
  3.5s|   700 |   671 | 51167 |  71.7 |    19M |  97 | 951 |5425 |5425 |   0 |  0 |   0 |  37 | 3.400000e+01 | 1.062000e+02 | 212.35%| unknown
  4.0s|   800 |   767 | 59673 |  73.4 |    19M |  97 | 951 |5425 |5425 |   0 |  0 |   0 |  37 | 3.400000e+01 | 1.062000e+02 | 212.35%| unknown
  4.5s|   900 |   863 | 71081 |  77.9 |    19M |  97 | 951 |5425 |5425 |   0 |  0 |   0 |  37 | 3.400000e+01 | 1.062000e+02 | 212.35%| unknown
  5.1s|  1000 |   957 | 83078 |  82.1 |    19M |  97 | 951 |5425 |5425 |   0 |  0 |   0 |  37 | 3.400000e+01 | 1.062000e+02 | 212.35%| unknown
  5.6s|  1100 |  1051 | 92128 |  82.9 |    20M |  97 | 951 |5425 |5425 |   0 |  0 |   0 |  37 | 3.400000e+01 | 1.062000e+02 | 212.35%| unknown
  6.2s|  1200 |  1145 |103815 |  85.7 |    20M |  97 | 951 |5425 |5425 |   0 |  0 |   0 |  37 | 3.400000e+01 | 1.062000e+02 | 212.35%| unknown
  7.1s|  1300 |  1235 |122346 |  93.4 |    20M |  97 | 951 |5425 |5425 |   0 |  0 |   0 |  37 | 3.400000e+01 | 1.062000e+02 | 212.35%| unknown
 time | node  | left  |LP iter|LP it/n|mem/heur|mdpt |vars |cons |rows |cuts |sepa|confs|strbr|  dualbound   | primalbound  |  gap   | compl. 
  7.8s|  1400 |  1331 |136868 |  97.1 |    20M |  97 | 951 |5425 |5425 |   0 |  0 |   0 |  37 | 3.400000e+01 | 1.062000e+02 | 212.35%| unknown
  8.5s|  1500 |  1429 |153081 | 101.4 |    20M |  97 | 951 |5425 |5425 |   0 |  0 |   0 |  37 | 3.400000e+01 | 1.062000e+02 | 212.35%| unknown
  9.5s|  1600 |  1517 |173823 | 108.0 |    20M |  97 | 951 |5425 |5425 |   0 |  0 |   0 |  37 | 3.400000e+01 | 1.062000e+02 | 212.35%| unknown
 10.9s|  1700 |  1605 |202049 | 118.3 |    20M | 115 | 951 |5425 |5425 |   0 |  0 |   0 |  37 | 3.400000e+01 | 1.062000e+02 | 212.35%| unknown
 11.8s|  1800 |  1695 |221920 | 122.8 |    20M | 115 | 951 |5425 |5425 |   0 |  0 |   0 |  37 | 3.400000e+01 | 1.062000e+02 | 212.35%| unknown
 12.8s|  1900 |  1789 |243037 | 127.4 |    20M | 121 | 951 |5425 |5425 |   0 |  0 |   0 |  37 | 3.400000e+01 | 1.062000e+02 | 212.35%| unknown
 13.7s|  2000 |  1883 |261254 | 130.2 |    21M | 121 | 951 |5425 |5425 |   0 |  0 |   0 |  37 | 3.400000e+01 | 1.062000e+02 | 212.35%| unknown
 14.3s|  2100 |  1979 |274399 | 130.2 |    21M | 121 | 951 |5425 |5425 |   0 |  0 |   0 |  37 | 3.400000e+01 | 1.062000e+02 | 212.35%| unknown
 15.7s|  2200 |  2059 |304288 | 137.9 |    21M | 125 | 951 |5425 |5425 |   0 |  0 |   0 |  37 | 3.400000e+01 | 1.062000e+02 | 212.35%| unknown
 16.7s|  2300 |  2149 |324004 | 140.5 |    22M | 125 | 951 |5425 |5425 |   0 |  0 |   0 |  37 | 3.400000e+01 | 1.062000e+02 | 212.35%| unknown
 17.6s|  2400 |  2241 |341519 | 141.9 |    22M | 125 | 951 |5425 |5425 |   0 |  0 |   0 |  37 | 3.400000e+01 | 1.062000e+02 | 212.35%| unknown
 18.9s|  2500 |  2335 |368697 | 147.1 |    22M | 125 | 951 |5425 |5425 |   0 |  0 |   0 |  37 | 3.400000e+01 | 1.062000e+02 | 212.35%| unknown
 19.8s|  2600 |  2427 |386391 | 148.3 |    22M | 125 | 951 |5425 |5425 |   0 |  0 |   0 |  37 | 3.400000e+01 | 1.062000e+02 | 212.35%| unknown
 20.2s|  2700 |  2523 |390280 | 144.2 |    22M | 128 | 951 |5425 |5425 |   0 |  0 |   0 |  37 | 3.400000e+01 | 1.062000e+02 | 212.35%| unknown
 21.0s|  2800 |  2613 |406596 | 144.9 |    22M | 128 | 951 |5425 |5425 |   0 |  0 |   0 |  37 | 3.400000e+01 | 1.062000e+02 | 212.35%| unknown
 time | node  | left  |LP iter|LP it/n|mem/heur|mdpt |vars |cons |rows |cuts |sepa|confs|strbr|  dualbound   | primalbound  |  gap   | compl. 
 21.6s|  2900 |  2699 |417165 | 143.5 |    23M | 128 | 951 |5425 |5425 |   0 |  0 |   0 |  37 | 3.400000e+01 | 1.062000e+02 | 212.35%| unknown
 21.8s|  3000 |  2783 |419473 | 139.5 |    23M | 128 | 951 |5425 |5425 |   0 |  0 |   0 |  37 | 3.400000e+01 | 1.062000e+02 | 212.35%| unknown
 22.1s|  3100 |  2873 |421969 | 135.8 |    23M | 128 | 951 |5425 |5425 |   0 |  0 |   0 |  37 | 3.400000e+01 | 1.062000e+02 | 212.35%| unknown
 22.3s|  3200 |  2963 |424628 | 132.4 |    23M | 128 | 951 |5425 |5425 |   0 |  0 |   0 |  37 | 3.400000e+01 | 1.062000e+02 | 212.35%| unknown
 22.5s|  3300 |  3055 |426246 | 128.9 |    23M | 128 | 951 |5425 |5425 |   0 |  0 |   0 |  37 | 3.400000e+01 | 1.062000e+02 | 212.35%| unknown
 22.8s|  3400 |  3147 |428270 | 125.7 |    23M | 128 | 951 |5425 |5425 |   0 |  0 |   0 |  37 | 3.400000e+01 | 1.062000e+02 | 212.35%| unknown
 23.0s|  3500 |  3235 |431655 | 123.1 |    23M | 128 | 951 |5425 |5425 |   0 |  0 |   0 |  37 | 3.400000e+01 | 1.062000e+02 | 212.35%| unknown
 23.3s|  3600 |  3319 |434643 | 120.5 |    23M | 128 | 951 |5425 |5425 |   0 |  0 |   0 |  37 | 3.400000e+01 | 1.062000e+02 | 212.35%| unknown
 23.5s|  3700 |  3407 |437300 | 117.9 |    23M | 128 | 951 |5425 |5425 |   0 |  0 |   0 |  37 | 3.400000e+01 | 1.062000e+02 | 212.35%| unknown
 23.9s|  3800 |  3501 |441803 | 116.0 |    25M | 128 | 951 |5425 |5425 |   0 |  0 |   0 |  37 | 3.400000e+01 | 1.062000e+02 | 212.35%| unknown
 24.6s|  3900 |  3597 |456962 | 116.9 |    25M | 128 | 951 |5425 |5425 |   0 |  0 |   0 |  37 | 3.400000e+01 | 1.062000e+02 | 212.35%| unknown
 25.7s|  4000 |  3689 |477435 | 119.1 |    25M | 128 | 951 |5425 |5425 |   0 |  0 |   0 |  37 | 3.400000e+01 | 1.062000e+02 | 212.35%| unknown
 26.4s|  4100 |  3773 |490472 | 119.4 |    25M | 128 | 951 |5425 |5425 |   0 |  0 |   0 |  37 | 3.400000e+01 | 1.062000e+02 | 212.35%| unknown
 27.0s|  4200 |  3861 |502018 | 119.3 |    25M | 128 | 951 |5425 |5425 |   0 |  0 |   0 |  37 | 3.400000e+01 | 1.062000e+02 | 212.35%| unknown
 27.8s|  4300 |  3945 |516472 | 119.9 |    25M | 128 | 951 |5425 |5425 |   0 |  0 |   0 |  37 | 3.400000e+01 | 1.062000e+02 | 212.35%| unknown
 time | node  | left  |LP iter|LP it/n|mem/heur|mdpt |vars |cons |rows |cuts |sepa|confs|strbr|  dualbound   | primalbound  |  gap   | compl. 
 28.6s|  4400 |  4017 |533599 | 121.1 |    25M | 128 | 951 |5425 |5425 |   0 |  0 |   0 |  37 | 3.400000e+01 | 1.062000e+02 | 212.35%| unknown
 29.3s|  4500 |  4101 |545343 | 121.0 |    25M | 128 | 951 |5425 |5425 |   0 |  0 |   0 |  37 | 3.400000e+01 | 1.062000e+02 | 212.35%| unknown
 30.2s|  4600 |  4173 |563726 | 122.3 |    25M | 128 | 951 |5425 |5425 |   0 |  0 |   0 |  37 | 3.400000e+01 | 1.062000e+02 | 212.35%| unknown
 31.0s|  4700 |  4251 |580188 | 123.2 |    26M | 128 | 951 |5425 |5425 |   0 |  0 |   0 |  37 | 3.400000e+01 | 1.062000e+02 | 212.35%| unknown
 31.9s|  4800 |  4333 |597493 | 124.3 |    26M | 128 | 951 |5425 |5425 |   0 |  0 |   0 |  37 | 3.400000e+01 | 1.062000e+02 | 212.35%| unknown
 32.8s|  4900 |  4409 |614210 | 125.2 |    26M | 128 | 951 |5425 |5425 |   0 |  0 |   0 |  37 | 3.400000e+01 | 1.062000e+02 | 212.35%| unknown
 33.3s|  5000 |  4495 |625548 | 124.9 |    26M | 128 | 951 |5425 |5425 |   0 |  0 |   0 |  37 | 3.400000e+01 | 1.062000e+02 | 212.35%| unknown
 34.0s|  5100 |  4579 |637323 | 124.8 |    27M | 128 | 951 |5425 |5425 |   0 |  0 |   0 |  37 | 3.400000e+01 | 1.062000e+02 | 212.35%| unknown
 34.7s|  5200 |  4659 |649814 | 124.8 |    27M | 128 | 951 |5425 |5425 |   0 |  0 |   0 |  37 | 3.400000e+01 | 1.062000e+02 | 212.35%| unknown
 34.8s|  5300 |  4743 |651221 | 122.7 |    27M | 128 | 951 |5425 |5425 |   0 |  0 |   0 |  37 | 3.400000e+01 | 1.062000e+02 | 212.35%| unknown
 35.0s|  5400 |  4833 |652388 | 120.6 |    27M | 128 | 951 |5425 |5425 |   0 |  0 |   0 |  37 | 3.400000e+01 | 1.062000e+02 | 212.35%| unknown
 35.2s|  5500 |  4915 |654457 | 118.8 |    27M | 128 | 951 |5425 |5425 |   0 |  0 |   0 |  37 | 3.400000e+01 | 1.062000e+02 | 212.35%| unknown
 35.5s|  5600 |  5005 |656571 | 117.1 |    27M | 128 | 951 |5425 |5425 |   0 |  0 |   0 |  37 | 3.400000e+01 | 1.062000e+02 | 212.35%| unknown
 35.6s|  5700 |  5079 |657873 | 115.2 |    29M | 128 | 951 |5425 |5425 |   0 |  0 |   0 |  37 | 3.400000e+01 | 1.062000e+02 | 212.35%| unknown
 35.8s|  5800 |  5155 |659562 | 113.6 |    29M | 128 | 951 |5425 |5425 |   0 |  0 |   0 |  37 | 3.400000e+01 | 1.062000e+02 | 212.35%| unknown
 time | node  | left  |LP iter|LP it/n|mem/heur|mdpt |vars |cons |rows |cuts |sepa|confs|strbr|  dualbound   | primalbound  |  gap   | compl. 
 36.0s|  5900 |  5237 |661391 | 111.9 |    29M | 128 | 951 |5425 |5425 |   0 |  0 |   0 |  37 | 3.400000e+01 | 1.062000e+02 | 212.35%| unknown
 36.2s|  6000 |  5317 |662488 | 110.3 |    29M | 128 | 951 |5425 |5425 |   0 |  0 |   0 |  37 | 3.400000e+01 | 1.062000e+02 | 212.35%| unknown
 36.4s|  6100 |  5401 |663319 | 108.6 |    29M | 128 | 951 |5425 |5425 |   0 |  0 |   0 |  37 | 3.400000e+01 | 1.062000e+02 | 212.35%| unknown
 36.7s|  6200 |  5483 |666751 | 107.4 |    29M | 128 | 951 |5425 |5425 |   0 |  0 |   0 |  37 | 3.400000e+01 | 1.062000e+02 | 212.35%| unknown
 37.1s|  6300 |  5563 |674223 | 106.9 |    29M | 128 | 951 |5425 |5425 |   0 |  0 |   0 |  37 | 3.400000e+01 | 1.062000e+02 | 212.35%| unknown
 37.3s|  6400 |  5641 |675734 | 105.4 |    29M | 128 | 951 |5425 |5425 |   0 |  0 |   0 |  37 | 3.400000e+01 | 1.062000e+02 | 212.35%| unknown
 37.5s|  6500 |  5703 |677710 | 104.1 |    29M | 128 | 951 |5425 |5425 |   0 |  0 |   0 |  37 | 3.400000e+01 | 1.062000e+02 | 212.35%| unknown
 38.1s|  6600 |  5773 |689258 | 104.3 |    29M | 128 | 951 |5425 |5425 |   0 |  0 |   0 |  37 | 3.400000e+01 | 1.062000e+02 | 212.35%| unknown
 38.7s|  6700 |  5867 |701448 | 104.6 |    30M | 128 | 951 |5425 |5425 |   0 |  0 |   0 |  37 | 3.400000e+01 | 1.062000e+02 | 212.35%| unknown
 39.8s|  6800 |  5959 |722657 | 106.1 |    30M | 128 | 951 |5425 |5425 |   0 |  0 |   0 |  37 | 3.400000e+01 | 1.062000e+02 | 212.35%| unknown
 41.0s|  6900 |  6055 |745633 | 107.9 |    30M | 128 | 951 |5425 |5425 |   0 |  0 |   0 |  37 | 3.400000e+01 | 1.062000e+02 | 212.35%| unknown
 41.7s|  7000 |  6139 |761193 | 108.6 |    30M | 128 | 951 |5425 |5425 |   0 |  0 |   0 |  37 | 3.400000e+01 | 1.062000e+02 | 212.35%| unknown
 42.8s|  7100 |  6221 |787484 | 110.8 |    30M | 128 | 951 |5425 |5425 |   0 |  0 |   0 |  37 | 3.400000e+01 | 1.062000e+02 | 212.35%| unknown
 43.5s|  7200 |  6293 |801686 | 111.2 |    31M | 128 | 951 |5425 |5425 |   0 |  0 |   0 |  37 | 3.400000e+01 | 1.062000e+02 | 212.35%| unknown
 44.6s|  7300 |  6383 |822855 | 112.6 |    31M | 128 | 951 |5425 |5425 |   0 |  0 |   0 |  37 | 3.400000e+01 | 1.062000e+02 | 212.35%| unknown
 time | node  | left  |LP iter|LP it/n|mem/heur|mdpt |vars |cons |rows |cuts |sepa|confs|strbr|  dualbound   | primalbound  |  gap   | compl. 
 45.2s|  7400 |  6469 |834979 | 112.7 |    31M | 128 | 951 |5425 |5425 |   0 |  0 |   0 |  37 | 3.400000e+01 | 1.062000e+02 | 212.35%| unknown
 46.0s|  7500 |  6545 |851713 | 113.4 |    31M | 128 | 951 |5425 |5425 |   0 |  0 |   0 |  37 | 3.400000e+01 | 1.062000e+02 | 212.35%| unknown
 46.8s|  7600 |  6619 |867569 | 114.0 |    31M | 128 | 951 |5425 |5425 |   0 |  0 |   0 |  37 | 3.400000e+01 | 1.062000e+02 | 212.35%| unknown
 47.7s|  7700 |  6697 |885034 | 114.8 |    32M | 128 | 951 |5425 |5425 |   0 |  0 |   0 |  37 | 3.400000e+01 | 1.062000e+02 | 212.35%| unknown
 48.6s|  7800 |  6777 |902297 | 115.6 |    32M | 128 | 951 |5425 |5425 |   0 |  0 |   0 |  37 | 3.400000e+01 | 1.062000e+02 | 212.35%| unknown
 49.5s|  7900 |  6853 |918888 | 116.2 |    32M | 128 | 951 |5425 |5425 |   0 |  0 |   0 |  37 | 3.400000e+01 | 1.062000e+02 | 212.35%| unknown
 50.5s|  8000 |  6939 |936595 | 117.0 |    32M | 128 | 951 |5425 |5425 |   0 |  0 |   0 |  37 | 3.400000e+01 | 1.062000e+02 | 212.35%| unknown
 51.0s|  8100 |  7011 |944158 | 116.4 |    32M | 128 | 951 |5425 |5425 |   0 |  0 |   0 |  37 | 3.400000e+01 | 1.062000e+02 | 212.35%| unknown
 51.2s|  8200 |  7075 |946527 | 115.3 |    32M | 128 | 951 |5425 |5425 |   0 |  0 |   0 |  37 | 3.400000e+01 | 1.062000e+02 | 212.35%| unknown
 52.4s|  8300 |  7159 |969502 | 116.7 |    32M | 128 | 951 |5425 |5425 |   0 |  0 |   0 |  37 | 3.400000e+01 | 1.062000e+02 | 212.35%| unknown
 53.3s|  8400 |  7239 |988915 | 117.6 |    32M | 128 | 951 |5425 |5425 |   0 |  0 |   0 |  37 | 3.400000e+01 | 1.062000e+02 | 212.35%| unknown
 53.9s|  8500 |  7319 |  1001k| 117.7 |    32M | 128 | 951 |5425 |5425 |   0 |  0 |   0 |  37 | 3.400000e+01 | 1.062000e+02 | 212.35%| unknown
 54.5s|  8600 |  7401 |  1012k| 117.6 |    32M | 128 | 951 |5425 |5425 |   0 |  0 |   0 |  37 | 3.400000e+01 | 1.062000e+02 | 212.35%| unknown
 55.1s|  8700 |  7485 |  1023k| 117.5 |    34M | 128 | 951 |5425 |5425 |   0 |  0 |   0 |  37 | 3.400000e+01 | 1.062000e+02 | 212.35%| unknown
 55.9s|  8800 |  7577 |  1037k| 117.8 |    34M | 128 | 951 |5425 |5425 |   0 |  0 |   0 |  37 | 3.400000e+01 | 1.062000e+02 | 212.35%| unknown
 time | node  | left  |LP iter|LP it/n|mem/heur|mdpt |vars |cons |rows |cuts |sepa|confs|strbr|  dualbound   | primalbound  |  gap   | compl. 
 56.6s|  8900 |  7663 |  1049k| 117.8 |    34M | 128 | 951 |5425 |5425 |   0 |  0 |   0 |  37 | 3.400000e+01 | 1.062000e+02 | 212.35%| unknown
 57.0s|  9000 |  7739 |  1056k| 117.3 |    34M | 128 | 951 |5425 |5425 |   0 |  0 |   0 |  37 | 3.400000e+01 | 1.062000e+02 | 212.35%| unknown
 57.2s|  9100 |  7819 |  1058k| 116.2 |    34M | 128 | 951 |5425 |5425 |   0 |  0 |   0 |  37 | 3.400000e+01 | 1.062000e+02 | 212.35%| unknown
 57.9s|  9200 |  7899 |  1070k| 116.3 |    34M | 128 | 951 |5425 |5425 |   0 |  0 |   0 |  37 | 3.400000e+01 | 1.062000e+02 | 212.35%| unknown
 58.8s|  9300 |  7971 |  1086k| 116.8 |    34M | 128 | 951 |5425 |5425 |   0 |  0 |   0 |  37 | 3.400000e+01 | 1.062000e+02 | 212.35%| unknown
 59.6s|  9400 |  8045 |  1103k| 117.3 |    34M | 128 | 951 |5425 |5425 |   0 |  0 |   0 |  37 | 3.400000e+01 | 1.062000e+02 | 212.35%| unknown
 60.2s|  9500 |  8125 |  1114k| 117.2 |    34M | 128 | 951 |5425 |5425 |   0 |  0 |   0 |  37 | 3.400000e+01 | 1.062000e+02 | 212.35%| unknown
 61.0s|  9600 |  8205 |  1130k| 117.6 |    34M | 128 | 951 |5425 |5425 |   0 |  0 |   0 |  37 | 3.400000e+01 | 1.062000e+02 | 212.35%| unknown
 61.8s|  9700 |  8291 |  1146k| 118.1 |    35M | 128 | 951 |5425 |5425 |   0 |  0 |   0 |  37 | 3.400000e+01 | 1.062000e+02 | 212.35%| unknown
 62.6s|  9800 |  8375 |  1160k| 118.3 |    35M | 128 | 951 |5425 |5425 |   0 |  0 |   0 |  37 | 3.400000e+01 | 1.062000e+02 | 212.35%| unknown
 62.8s|  9900 |  8455 |  1162k| 117.3 |    35M | 128 | 951 |5425 |5425 |   0 |  0 |   0 |  37 | 3.400000e+01 | 1.062000e+02 | 212.35%| unknown
 63.0s| 10000 |  8527 |  1164k| 116.3 |    35M | 128 | 951 |5425 |5425 |   0 |  0 |   0 |  37 | 3.400000e+01 | 1.062000e+02 | 212.35%| unknown
 63.6s| 10100 |  8609 |  1176k| 116.4 |    35M | 128 | 951 |5425 |5425 |   0 |  0 |   0 |  37 | 3.400000e+01 | 1.062000e+02 | 212.35%| unknown
 64.5s| 10200 |  8685 |  1194k| 117.0 |    35M | 128 | 951 |5425 |5425 |   0 |  0 |   0 |  37 | 3.400000e+01 | 1.062000e+02 | 212.35%| unknown
 65.5s| 10300 |  8767 |  1214k| 117.9 |    35M | 128 | 951 |5425 |5425 |   0 |  0 |   0 |  37 | 3.400000e+01 | 1.062000e+02 | 212.35%| unknown
 time | node  | left  |LP iter|LP it/n|mem/heur|mdpt |vars |cons |rows |cuts |sepa|confs|strbr|  dualbound   | primalbound  |  gap   | compl. 
 66.3s| 10400 |  8855 |  1228k| 118.1 |    35M | 128 | 951 |5425 |5425 |   0 |  0 |   0 |  37 | 3.400000e+01 | 1.062000e+02 | 212.35%| unknown
 66.5s| 10500 |  8929 |  1230k| 117.1 |    35M | 128 | 951 |5425 |5425 |   0 |  0 |   0 |  37 | 3.400000e+01 | 1.062000e+02 | 212.35%| unknown
 66.7s| 10600 |  9013 |  1232k| 116.2 |    35M | 128 | 951 |5425 |5425 |   0 |  0 |   0 |  37 | 3.400000e+01 | 1.062000e+02 | 212.35%| unknown
 66.9s| 10700 |  9099 |  1235k| 115.3 |    36M | 128 | 951 |5425 |5425 |   0 |  0 |   0 |  37 | 3.400000e+01 | 1.062000e+02 | 212.35%| unknown
 67.1s| 10800 |  9169 |  1237k| 114.5 |    37M | 128 | 951 |5425 |5425 |   0 |  0 |   0 |  37 | 3.400000e+01 | 1.062000e+02 | 212.35%| unknown
 67.8s| 10900 |  9243 |  1250k| 114.6 |    37M | 128 | 951 |5425 |5425 |   0 |  0 |   0 |  37 | 3.400000e+01 | 1.062000e+02 | 212.35%| unknown
 68.1s| 11000 |  9313 |  1255k| 114.0 |    37M | 128 | 951 |5425 |5425 |   0 |  0 |   0 |  37 | 3.400000e+01 | 1.062000e+02 | 212.35%| unknown
 68.5s| 11100 |  9383 |  1260k| 113.5 |    37M | 128 | 951 |5425 |5425 |   0 |  0 |   0 |  37 | 3.400000e+01 | 1.062000e+02 | 212.35%| unknown
 69.7s| 11200 |  9465 |  1286k| 114.8 |    37M | 128 | 951 |5425 |5425 |   0 |  0 |   0 |  37 | 3.400000e+01 | 1.062000e+02 | 212.35%| unknown
 71.1s| 11300 |  9547 |  1315k| 116.3 |    37M | 128 | 951 |5425 |5425 |   0 |  0 |   0 |  37 | 3.400000e+01 | 1.062000e+02 | 212.35%| unknown
 72.4s| 11400 |  9621 |  1343k| 117.8 |    37M | 128 | 951 |5425 |5425 |   0 |  0 |   0 |  37 | 3.400000e+01 | 1.062000e+02 | 212.35%| unknown
 73.1s| 11500 |  9711 |  1358k| 118.0 |    37M | 128 | 951 |5425 |5425 |   0 |  0 |   0 |  37 | 3.400000e+01 | 1.062000e+02 | 212.35%| unknown
 73.8s| 11600 |  9803 |  1371k| 118.1 |    37M | 128 | 951 |5425 |5425 |   0 |  0 |   0 |  37 | 3.400000e+01 | 1.062000e+02 | 212.35%| unknown
 75.2s| 11700 |  9897 |  1400k| 119.6 |    38M | 128 | 951 |5425 |5425 |   0 |  0 |   0 |  37 | 3.400000e+01 | 1.062000e+02 | 212.35%| unknown
 76.1s| 11800 |  9975 |  1421k| 120.4 |    39M | 128 | 951 |5425 |5425 |   0 |  0 |   0 |  37 | 3.400000e+01 | 1.062000e+02 | 212.35%| unknown
 time | node  | left  |LP iter|LP it/n|mem/heur|mdpt |vars |cons |rows |cuts |sepa|confs|strbr|  dualbound   | primalbound  |  gap   | compl. 
 77.2s| 11900 | 10065 |  1445k| 121.4 |    39M | 128 | 951 |5425 |5425 |   0 |  0 |   0 |  37 | 3.400000e+01 | 1.062000e+02 | 212.35%| unknown
 77.5s| 12000 | 10147 |  1449k| 120.7 |    39M | 128 | 951 |5425 |5425 |   0 |  0 |   0 |  37 | 3.400000e+01 | 1.062000e+02 | 212.35%| unknown
 77.7s| 12100 | 10231 |  1450k| 119.8 |    39M | 128 | 951 |5425 |5425 |   0 |  0 |   0 |  37 | 3.400000e+01 | 1.062000e+02 | 212.35%| unknown
 77.9s| 12200 | 10323 |  1452k| 119.0 |    39M | 128 | 951 |5425 |5425 |   0 |  0 |   0 |  37 | 3.400000e+01 | 1.062000e+02 | 212.35%| unknown
 78.1s| 12300 | 10399 |  1455k| 118.2 |    39M | 128 | 951 |5425 |5425 |   0 |  0 |   0 |  37 | 3.400000e+01 | 1.062000e+02 | 212.35%| unknown
 78.7s| 12400 | 10473 |  1467k| 118.3 |    39M | 128 | 951 |5425 |5425 |   0 |  0 |   0 |  37 | 3.400000e+01 | 1.062000e+02 | 212.35%| unknown
 80.0s| 12500 | 10559 |  1494k| 119.5 |    39M | 128 | 951 |5425 |5425 |   0 |  0 |   0 |  37 | 3.400000e+01 | 1.062000e+02 | 212.35%| unknown
 81.1s| 12600 | 10639 |  1515k| 120.2 |    39M | 128 | 951 |5425 |5425 |   0 |  0 |   0 |  37 | 3.400000e+01 | 1.062000e+02 | 212.35%| unknown
 82.2s| 12700 | 10715 |  1539k| 121.1 |    39M | 128 | 951 |5425 |5425 |   0 |  0 |   0 |  37 | 3.400000e+01 | 1.062000e+02 | 212.35%| unknown
 83.0s| 12800 | 10793 |  1553k| 121.3 |    40M | 128 | 951 |5425 |5425 |   0 |  0 |   0 |  37 | 3.400000e+01 | 1.062000e+02 | 212.35%| unknown
 83.6s| 12900 | 10869 |  1566k| 121.4 |    40M | 128 | 951 |5425 |5425 |   0 |  0 |   0 |  37 | 3.400000e+01 | 1.062000e+02 | 212.35%| unknown
 84.8s| 13000 | 10941 |  1590k| 122.3 |    40M | 128 | 951 |5425 |5425 |   0 |  0 |   0 |  37 | 3.400000e+01 | 1.062000e+02 | 212.35%| unknown
 85.6s| 13100 | 11015 |  1606k| 122.6 |    40M | 128 | 951 |5425 |5425 |   0 |  0 |   0 |  37 | 3.400000e+01 | 1.062000e+02 | 212.35%| unknown
 86.5s| 13200 | 11097 |  1626k| 123.1 |    40M | 128 | 951 |5425 |5425 |   0 |  0 |   0 |  37 | 3.400000e+01 | 1.062000e+02 | 212.35%| unknown
 87.4s| 13300 | 11181 |  1644k| 123.6 |    41M | 128 | 951 |5425 |5425 |   0 |  0 |   0 |  37 | 3.400000e+01 | 1.062000e+02 | 212.35%| unknown
 time | node  | left  |LP iter|LP it/n|mem/heur|mdpt |vars |cons |rows |cuts |sepa|confs|strbr|  dualbound   | primalbound  |  gap   | compl. 
 88.3s| 13400 | 11271 |  1661k| 123.9 |    41M | 128 | 951 |5425 |5425 |   0 |  0 |   0 |  37 | 3.400000e+01 | 1.062000e+02 | 212.35%| unknown
 88.9s| 13500 | 11341 |  1672k| 123.8 |    41M | 128 | 951 |5425 |5425 |   0 |  0 |   0 |  37 | 3.400000e+01 | 1.062000e+02 | 212.35%| unknown
 89.5s| 13600 | 11431 |  1684k| 123.8 |    41M | 128 | 951 |5425 |5425 |   0 |  0 |   0 |  37 | 3.400000e+01 | 1.062000e+02 | 212.35%| unknown
 90.3s| 13700 | 11509 |  1700k| 124.1 |    41M | 128 | 951 |5425 |5425 |   0 |  0 |   0 |  37 | 3.400000e+01 | 1.062000e+02 | 212.35%| unknown
 91.3s| 13800 | 11589 |  1720k| 124.6 |    42M | 128 | 951 |5425 |5425 |   0 |  0 |   0 |  37 | 3.400000e+01 | 1.062000e+02 | 212.35%| unknown
 92.5s| 13900 | 11671 |  1743k| 125.4 |    42M | 128 | 951 |5425 |5425 |   0 |  0 |   0 |  37 | 3.400000e+01 | 1.062000e+02 | 212.35%| unknown
 93.5s| 14000 | 11763 |  1761k| 125.8 |    42M | 128 | 951 |5425 |5425 |   0 |  0 |   0 |  37 | 3.400000e+01 | 1.062000e+02 | 212.35%| unknown
 94.3s| 14100 | 11849 |  1778k| 126.1 |    42M | 128 | 951 |5425 |5425 |   0 |  0 |   0 |  37 | 3.400000e+01 | 1.062000e+02 | 212.35%| unknown
 95.2s| 14200 | 11933 |  1796k| 126.4 |    42M | 128 | 951 |5425 |5425 |   0 |  0 |   0 |  37 | 3.400000e+01 | 1.062000e+02 | 212.35%| unknown
 95.8s| 14300 | 12015 |  1806k| 126.3 |    42M | 128 | 951 |5425 |5425 |   0 |  0 |   0 |  37 | 3.400000e+01 | 1.062000e+02 | 212.35%| unknown
 96.6s| 14400 | 12089 |  1821k| 126.4 |    42M | 128 | 951 |5425 |5425 |   0 |  0 |   0 |  37 | 3.400000e+01 | 1.062000e+02 | 212.35%| unknown
 97.6s| 14500 | 12165 |  1840k| 126.9 |    42M | 128 | 951 |5425 |5425 |   0 |  0 |   0 |  37 | 3.400000e+01 | 1.062000e+02 | 212.35%| unknown
 98.4s| 14600 | 12249 |  1857k| 127.2 |    42M | 128 | 951 |5425 |5425 |   0 |  0 |   0 |  37 | 3.400000e+01 | 1.062000e+02 | 212.35%| unknown
 99.2s| 14700 | 12315 |  1873k| 127.4 |    42M | 128 | 951 |5425 |5425 |   0 |  0 |   0 |  37 | 3.400000e+01 | 1.062000e+02 | 212.35%| unknown
  100s| 14800 | 12391 |  1891k| 127.8 |    43M | 128 | 951 |5425 |5425 |   0 |  0 |   0 |  37 | 3.400000e+01 | 1.062000e+02 | 212.35%| unknown
 time | node  | left  |LP iter|LP it/n|mem/heur|mdpt |vars |cons |rows |cuts |sepa|confs|strbr|  dualbound   | primalbound  |  gap   | compl. 
  101s| 14900 | 12475 |  1911k| 128.2 |    43M | 128 | 951 |5425 |5425 |   0 |  0 |   0 |  37 | 3.400000e+01 | 1.062000e+02 | 212.35%| unknown
  102s| 15000 | 12549 |  1920k| 128.0 |    43M | 128 | 951 |5425 |5425 |   0 |  0 |   0 |  37 | 3.400000e+01 | 1.062000e+02 | 212.35%| unknown
  102s| 15100 | 12629 |  1922k| 127.3 |    43M | 128 | 951 |5425 |5425 |   0 |  0 |   0 |  37 | 3.400000e+01 | 1.062000e+02 | 212.35%| unknown
  102s| 15200 | 12695 |  1924k| 126.5 |    43M | 128 | 951 |5425 |5425 |   0 |  0 |   0 |  37 | 3.400000e+01 | 1.062000e+02 | 212.35%| unknown
  102s| 15300 | 12765 |  1933k| 126.3 |    43M | 128 | 951 |5425 |5425 |   0 |  0 |   0 |  37 | 3.400000e+01 | 1.062000e+02 | 212.35%| unknown
  103s| 15400 | 12833 |  1934k| 125.6 |    43M | 128 | 951 |5425 |5425 |   0 |  0 |   0 |  37 | 3.400000e+01 | 1.062000e+02 | 212.35%| unknown
  103s| 15500 | 12899 |  1936k| 124.8 |    43M | 128 | 951 |5425 |5425 |   0 |  0 |   0 |  37 | 3.400000e+01 | 1.062000e+02 | 212.35%| unknown
  103s| 15600 | 12973 |  1939k| 124.3 |    43M | 128 | 951 |5425 |5425 |   0 |  0 |   0 |  37 | 3.400000e+01 | 1.062000e+02 | 212.35%| unknown
  104s| 15700 | 13047 |  1958k| 124.7 |    43M | 128 | 951 |5425 |5425 |   0 |  0 |   0 |  37 | 3.400000e+01 | 1.062000e+02 | 212.35%| unknown
  105s| 15800 | 13113 |  1987k| 125.8 |    43M | 128 | 951 |5425 |5425 |   0 |  0 |   0 |  37 | 3.400000e+01 | 1.062000e+02 | 212.35%| unknown
  106s| 15900 | 13175 |  2005k| 126.1 |    43M | 128 | 951 |5425 |5425 |   0 |  0 |   0 |  37 | 3.400000e+01 | 1.062000e+02 | 212.35%| unknown
  107s| 16000 | 13241 |  2023k| 126.4 |    44M | 128 | 951 |5425 |5425 |   0 |  0 |   0 |  37 | 3.400000e+01 | 1.062000e+02 | 212.35%| unknown
  108s| 16100 | 13309 |  2040k| 126.7 |    44M | 128 | 951 |5425 |5425 |   0 |  0 |   0 |  37 | 3.400000e+01 | 1.062000e+02 | 212.35%| unknown
  109s| 16200 | 13373 |  2060k| 127.1 |    45M | 128 | 951 |5425 |5425 |   0 |  0 |   0 |  37 | 3.400000e+01 | 1.062000e+02 | 212.35%| unknown
  110s| 16300 | 13443 |  2075k| 127.2 |    45M | 128 | 951 |5425 |5425 |   0 |  0 |   0 |  37 | 3.400000e+01 | 1.062000e+02 | 212.35%| unknown
 time | node  | left  |LP iter|LP it/n|mem/heur|mdpt |vars |cons |rows |cuts |sepa|confs|strbr|  dualbound   | primalbound  |  gap   | compl. 
  111s| 16400 | 13525 |  2094k| 127.7 |    45M | 128 | 951 |5425 |5425 |   0 |  0 |   0 |  37 | 3.400000e+01 | 1.062000e+02 | 212.35%| unknown
  111s| 16500 | 13609 |  2109k| 127.8 |    45M | 128 | 951 |5425 |5425 |   0 |  0 |   0 |  37 | 3.400000e+01 | 1.062000e+02 | 212.35%| unknown
  112s| 16600 | 13687 |  2130k| 128.3 |    45M | 128 | 951 |5425 |5425 |   0 |  0 |   0 |  37 | 3.400000e+01 | 1.062000e+02 | 212.35%| unknown
  113s| 16700 | 13769 |  2149k| 128.6 |    45M | 128 | 951 |5425 |5425 |   0 |  0 |   0 |  37 | 3.400000e+01 | 1.062000e+02 | 212.35%| unknown
  114s| 16800 | 13847 |  2164k| 128.8 |    46M | 128 | 951 |5425 |5425 |   0 |  0 |   0 |  37 | 3.400000e+01 | 1.062000e+02 | 212.35%| unknown
  115s| 16900 | 13931 |  2182k| 129.1 |    46M | 128 | 951 |5425 |5425 |   0 |  0 |   0 |  37 | 3.400000e+01 | 1.062000e+02 | 212.35%| unknown
  116s| 17000 | 14007 |  2201k| 129.5 |    46M | 128 | 951 |5425 |5425 |   0 |  0 |   0 |  37 | 3.400000e+01 | 1.062000e+02 | 212.35%| unknown
  117s| 17100 | 14079 |  2212k| 129.4 |    47M | 128 | 951 |5425 |5425 |   0 |  0 |   0 |  37 | 3.400000e+01 | 1.062000e+02 | 212.35%| unknown
  117s| 17200 | 14163 |  2229k| 129.6 |    47M | 128 | 951 |5425 |5425 |   0 |  0 |   0 |  37 | 3.400000e+01 | 1.062000e+02 | 212.35%| unknown
  118s| 17300 | 14239 |  2242k| 129.5 |    47M | 128 | 951 |5425 |5425 |   0 |  0 |   0 |  37 | 3.400000e+01 | 1.062000e+02 | 212.35%| unknown
  119s| 17400 | 14317 |  2258k| 129.7 |    47M | 128 | 951 |5425 |5425 |   0 |  0 |   0 |  37 | 3.400000e+01 | 1.062000e+02 | 212.35%| unknown
  120s| 17500 | 14391 |  2271k| 129.7 |    47M | 128 | 951 |5425 |5425 |   0 |  0 |   0 |  37 | 3.400000e+01 | 1.062000e+02 | 212.35%| unknown
  120s| 17600 | 14465 |  2286k| 129.8 |    47M | 128 | 951 |5425 |5425 |   0 |  0 |   0 |  37 | 3.400000e+01 | 1.062000e+02 | 212.35%| unknown
  121s| 17700 | 14535 |  2299k| 129.9 |    47M | 128 | 951 |5425 |5425 |   0 |  0 |   0 |  37 | 3.400000e+01 | 1.062000e+02 | 212.35%| unknown
  122s| 17800 | 14615 |  2322k| 130.4 |    47M | 128 | 951 |5425 |5425 |   0 |  0 |   0 |  37 | 3.400000e+01 | 1.062000e+02 | 212.35%| unknown
 time | node  | left  |LP iter|LP it/n|mem/heur|mdpt |vars |cons |rows |cuts |sepa|confs|strbr|  dualbound   | primalbound  |  gap   | compl. 
  123s| 17900 | 14695 |  2340k| 130.7 |    47M | 128 | 951 |5425 |5425 |   0 |  0 |   0 |  37 | 3.400000e+01 | 1.062000e+02 | 212.35%| unknown
  124s| 18000 | 14775 |  2356k| 130.8 |    47M | 128 | 951 |5425 |5425 |   0 |  0 |   0 |  37 | 3.400000e+01 | 1.062000e+02 | 212.35%| unknown
  125s| 18100 | 14857 |  2370k| 130.9 |    48M | 128 | 951 |5425 |5425 |   0 |  0 |   0 |  37 | 3.400000e+01 | 1.062000e+02 | 212.35%| unknown
  125s| 18200 | 14937 |  2385k| 131.0 |    48M | 128 | 951 |5425 |5425 |   0 |  0 |   0 |  37 | 3.400000e+01 | 1.062000e+02 | 212.35%| unknown
  126s| 18300 | 15013 |  2399k| 131.1 |    49M | 128 | 951 |5425 |5425 |   0 |  0 |   0 |  37 | 3.400000e+01 | 1.062000e+02 | 212.35%| unknown
  127s| 18400 | 15083 |  2420k| 131.5 |    49M | 128 | 951 |5425 |5425 |   0 |  0 |   0 |  37 | 3.400000e+01 | 1.062000e+02 | 212.35%| unknown
  128s| 18500 | 15163 |  2438k| 131.8 |    49M | 128 | 951 |5425 |5425 |   0 |  0 |   0 |  37 | 3.400000e+01 | 1.062000e+02 | 212.35%| unknown
  129s| 18600 | 15231 |  2453k| 131.9 |    49M | 128 | 951 |5425 |5425 |   0 |  0 |   0 |  37 | 3.400000e+01 | 1.062000e+02 | 212.35%| unknown
  129s| 18700 | 15299 |  2470k| 132.1 |    49M | 128 | 951 |5425 |5425 |   0 |  0 |   0 |  37 | 3.400000e+01 | 1.062000e+02 | 212.35%| unknown
  130s| 18800 | 15387 |  2486k| 132.2 |    49M | 128 | 951 |5425 |5425 |   0 |  0 |   0 |  37 | 3.400000e+01 | 1.062000e+02 | 212.35%| unknown
  131s| 18900 | 15453 |  2503k| 132.4 |    49M | 128 | 951 |5425 |5425 |   0 |  0 |   0 |  37 | 3.400000e+01 | 1.062000e+02 | 212.35%| unknown
  132s| 19000 | 15527 |  2524k| 132.8 |    49M | 128 | 951 |5425 |5425 |   0 |  0 |   0 |  37 | 3.400000e+01 | 1.062000e+02 | 212.35%| unknown
  133s| 19100 | 15599 |  2540k| 132.9 |    49M | 128 | 951 |5425 |5425 |   0 |  0 |   0 |  37 | 3.400000e+01 | 1.062000e+02 | 212.35%| unknown
  133s| 19200 | 15685 |  2550k| 132.8 |    50M | 128 | 951 |5425 |5425 |   0 |  0 |   0 |  37 | 3.400000e+01 | 1.062000e+02 | 212.35%| unknown
  134s| 19300 | 15761 |  2565k| 132.9 |    50M | 128 | 951 |5425 |5425 |   0 |  0 |   0 |  37 | 3.400000e+01 | 1.062000e+02 | 212.35%| unknown
 time | node  | left  |LP iter|LP it/n|mem/heur|mdpt |vars |cons |rows |cuts |sepa|confs|strbr|  dualbound   | primalbound  |  gap   | compl. 
  135s| 19400 | 15829 |  2583k| 133.1 |    50M | 128 | 951 |5425 |5425 |   0 |  0 |   0 |  37 | 3.400000e+01 | 1.062000e+02 | 212.35%| unknown
  136s| 19500 | 15889 |  2597k| 133.2 |    50M | 128 | 951 |5425 |5425 |   0 |  0 |   0 |  37 | 3.400000e+01 | 1.062000e+02 | 212.35%| unknown
  136s| 19600 | 15961 |  2611k| 133.2 |    50M | 128 | 951 |5425 |5425 |   0 |  0 |   0 |  37 | 3.400000e+01 | 1.062000e+02 | 212.35%| unknown
  137s| 19700 | 16035 |  2618k| 132.9 |    50M | 128 | 951 |5425 |5425 |   0 |  0 |   0 |  37 | 3.400000e+01 | 1.062000e+02 | 212.35%| unknown
  137s| 19800 | 16107 |  2628k| 132.7 |    50M | 128 | 951 |5425 |5425 |   0 |  0 |   0 |  37 | 3.400000e+01 | 1.062000e+02 | 212.35%| unknown
  138s| 19900 | 16185 |  2642k| 132.7 |    50M | 128 | 951 |5425 |5425 |   0 |  0 |   0 |  37 | 3.400000e+01 | 1.062000e+02 | 212.35%| unknown
  139s| 20000 | 16271 |  2655k| 132.7 |    50M | 128 | 951 |5425 |5425 |   0 |  0 |   0 |  37 | 3.400000e+01 | 1.062000e+02 | 212.35%| unknown
  139s| 20100 | 16345 |  2669k| 132.8 |    50M | 128 | 951 |5425 |5425 |   0 |  0 |   0 |  37 | 3.400000e+01 | 1.062000e+02 | 212.35%| unknown
  140s| 20200 | 16415 |  2683k| 132.8 |    50M | 128 | 951 |5425 |5425 |   0 |  0 |   0 |  37 | 3.400000e+01 | 1.062000e+02 | 212.35%| unknown
  141s| 20300 | 16499 |  2697k| 132.8 |    50M | 128 | 951 |5425 |5425 |   0 |  0 |   0 |  37 | 3.400000e+01 | 1.062000e+02 | 212.35%| unknown
  141s| 20400 | 16573 |  2706k| 132.6 |    51M | 128 | 951 |5425 |5425 |   0 |  0 |   0 |  37 | 3.400000e+01 | 1.062000e+02 | 212.35%| unknown
  141s| 20500 | 16645 |  2708k| 132.1 |    51M | 128 | 951 |5425 |5425 |   0 |  0 |   0 |  37 | 3.400000e+01 | 1.062000e+02 | 212.35%| unknown
  142s| 20600 | 16733 |  2715k| 131.8 |    51M | 128 | 951 |5425 |5425 |   0 |  0 |   0 |  37 | 3.400000e+01 | 1.062000e+02 | 212.35%| unknown
  143s| 20700 | 16819 |  2729k| 131.8 |    51M | 128 | 951 |5425 |5425 |   0 |  0 |   0 |  37 | 3.400000e+01 | 1.062000e+02 | 212.35%| unknown
  143s| 20800 | 16897 |  2745k| 131.9 |    51M | 128 | 951 |5425 |5425 |   0 |  0 |   0 |  37 | 3.400000e+01 | 1.062000e+02 | 212.35%| unknown
 time | node  | left  |LP iter|LP it/n|mem/heur|mdpt |vars |cons |rows |cuts |sepa|confs|strbr|  dualbound   | primalbound  |  gap   | compl. 
  144s| 20900 | 16973 |  2762k| 132.1 |    52M | 128 | 951 |5425 |5425 |   0 |  0 |   0 |  37 | 3.400000e+01 | 1.062000e+02 | 212.35%| unknown
  145s| 21000 | 17041 |  2764k| 131.6 |    52M | 128 | 951 |5425 |5425 |   0 |  0 |   0 |  37 | 3.400000e+01 | 1.062000e+02 | 212.35%| unknown
  145s| 21100 | 17101 |  2773k| 131.4 |    52M | 128 | 951 |5425 |5425 |   0 |  0 |   0 |  37 | 3.400000e+01 | 1.062000e+02 | 212.35%| unknown
  146s| 21200 | 17177 |  2795k| 131.8 |    52M | 128 | 951 |5425 |5425 |   0 |  0 |   0 |  37 | 3.400000e+01 | 1.062000e+02 | 212.35%| unknown
  147s| 21300 | 17253 |  2808k| 131.8 |    52M | 128 | 951 |5425 |5425 |   0 |  0 |   0 |  37 | 3.400000e+01 | 1.062000e+02 | 212.35%| unknown
  148s| 21400 | 17323 |  2826k| 132.0 |    52M | 128 | 951 |5425 |5425 |   0 |  0 |   0 |  37 | 3.400000e+01 | 1.062000e+02 | 212.35%| unknown
  148s| 21500 | 17385 |  2834k| 131.8 |    53M | 128 | 951 |5425 |5425 |   0 |  0 |   0 |  37 | 3.400000e+01 | 1.062000e+02 | 212.35%| unknown
  148s| 21600 | 17467 |  2837k| 131.3 |    53M | 128 | 951 |5425 |5425 |   0 |  0 |   0 |  37 | 3.400000e+01 | 1.062000e+02 | 212.35%| unknown
  149s| 21700 | 17529 |  2839k| 130.8 |    53M | 128 | 951 |5425 |5425 |   0 |  0 |   0 |  37 | 3.400000e+01 | 1.062000e+02 | 212.35%| unknown
  149s| 21800 | 17601 |  2840k| 130.3 |    53M | 128 | 951 |5425 |5425 |   0 |  0 |   0 |  37 | 3.400000e+01 | 1.062000e+02 | 212.35%| unknown
  149s| 21900 | 17677 |  2842k| 129.7 |    53M | 128 | 951 |5425 |5425 |   0 |  0 |   0 |  37 | 3.400000e+01 | 1.062000e+02 | 212.35%| unknown
  149s| 22000 | 17749 |  2844k| 129.2 |    53M | 128 | 951 |5425 |5425 |   0 |  0 |   0 |  37 | 3.400000e+01 | 1.062000e+02 | 212.35%| unknown
  149s| 22100 | 17813 |  2846k| 128.8 |    53M | 128 | 951 |5425 |5425 |   0 |  0 |   0 |  37 | 3.400000e+01 | 1.062000e+02 | 212.35%| unknown
  150s| 22200 | 17877 |  2864k| 129.0 |    53M | 128 | 951 |5425 |5425 |   0 |  0 |   0 |  37 | 3.400000e+01 | 1.062000e+02 | 212.35%| unknown
  151s| 22300 | 17955 |  2881k| 129.2 |    53M | 128 | 951 |5425 |5425 |   0 |  0 |   0 |  37 | 3.400000e+01 | 1.062000e+02 | 212.35%| unknown
 time | node  | left  |LP iter|LP it/n|mem/heur|mdpt |vars |cons |rows |cuts |sepa|confs|strbr|  dualbound   | primalbound  |  gap   | compl. 
  152s| 22400 | 18031 |  2896k| 129.3 |    53M | 128 | 951 |5425 |5425 |   0 |  0 |   0 |  37 | 3.400000e+01 | 1.062000e+02 | 212.35%| unknown
  153s| 22500 | 18105 |  2914k| 129.5 |    53M | 128 | 951 |5425 |5425 |   0 |  0 |   0 |  37 | 3.400000e+01 | 1.062000e+02 | 212.35%| unknown
  153s| 22600 | 18181 |  2929k| 129.6 |    54M | 128 | 951 |5425 |5425 |   0 |  0 |   0 |  37 | 3.400000e+01 | 1.062000e+02 | 212.35%| unknown
  154s| 22700 | 18245 |  2941k| 129.5 |    54M | 128 | 951 |5425 |5425 |   0 |  0 |   0 |  37 | 3.400000e+01 | 1.062000e+02 | 212.35%| unknown
  155s| 22800 | 18313 |  2956k| 129.6 |    54M | 128 | 951 |5425 |5425 |   0 |  0 |   0 |  37 | 3.400000e+01 | 1.062000e+02 | 212.35%| unknown
  156s| 22900 | 18377 |  2974k| 129.9 |    54M | 128 | 951 |5425 |5425 |   0 |  0 |   0 |  37 | 3.400000e+01 | 1.062000e+02 | 212.35%| unknown
  157s| 23000 | 18447 |  2991k| 130.0 |    54M | 128 | 951 |5425 |5425 |   0 |  0 |   0 |  37 | 3.400000e+01 | 1.062000e+02 | 212.35%| unknown
  157s| 23100 | 18513 |  3004k| 130.0 |    55M | 128 | 951 |5425 |5425 |   0 |  0 |   0 |  37 | 3.400000e+01 | 1.062000e+02 | 212.35%| unknown
  158s| 23200 | 18593 |  3011k| 129.8 |    55M | 128 | 951 |5425 |5425 |   0 |  0 |   0 |  37 | 3.400000e+01 | 1.062000e+02 | 212.35%| unknown
  158s| 23300 | 18665 |  3012k| 129.3 |    55M | 128 | 951 |5425 |5425 |   0 |  0 |   0 |  37 | 3.400000e+01 | 1.062000e+02 | 212.35%| unknown
  158s| 23400 | 18741 |  3013k| 128.8 |    56M | 128 | 951 |5425 |5425 |   0 |  0 |   0 |  37 | 3.400000e+01 | 1.062000e+02 | 212.35%| unknown
  158s| 23500 | 18815 |  3015k| 128.3 |    56M | 128 | 951 |5425 |5425 |   0 |  0 |   0 |  37 | 3.400000e+01 | 1.062000e+02 | 212.35%| unknown
  158s| 23600 | 18891 |  3017k| 127.8 |    56M | 128 | 951 |5425 |5425 |   0 |  0 |   0 |  37 | 3.400000e+01 | 1.062000e+02 | 212.35%| unknown
  159s| 23700 | 18967 |  3019k| 127.4 |    56M | 128 | 951 |5425 |5425 |   0 |  0 |   0 |  37 | 3.400000e+01 | 1.062000e+02 | 212.35%| unknown
  159s| 23800 | 19033 |  3021k| 126.9 |    57M | 128 | 951 |5425 |5425 |   0 |  0 |   0 |  37 | 3.400000e+01 | 1.062000e+02 | 212.35%| unknown
 time | node  | left  |LP iter|LP it/n|mem/heur|mdpt |vars |cons |rows |cuts |sepa|confs|strbr|  dualbound   | primalbound  |  gap   | compl. 
  159s| 23900 | 19109 |  3022k| 126.4 |    57M | 128 | 951 |5425 |5425 |   0 |  0 |   0 |  37 | 3.400000e+01 | 1.062000e+02 | 212.35%| unknown
  159s| 24000 | 19183 |  3024k| 126.0 |    57M | 128 | 951 |5425 |5425 |   0 |  0 |   0 |  37 | 3.400000e+01 | 1.062000e+02 | 212.35%| unknown
  159s| 24100 | 19271 |  3025k| 125.5 |    57M | 128 | 951 |5425 |5425 |   0 |  0 |   0 |  37 | 3.400000e+01 | 1.062000e+02 | 212.35%| unknown
  160s| 24200 | 19333 |  3044k| 125.8 |    57M | 128 | 951 |5425 |5425 |   0 |  0 |   0 |  37 | 3.400000e+01 | 1.062000e+02 | 212.35%| unknown
  161s| 24300 | 19411 |  3060k| 125.9 |    57M | 128 | 951 |5425 |5425 |   0 |  0 |   0 |  37 | 3.400000e+01 | 1.062000e+02 | 212.35%| unknown
  162s| 24400 | 19485 |  3076k| 126.0 |    57M | 128 | 951 |5425 |5425 |   0 |  0 |   0 |  37 | 3.400000e+01 | 1.062000e+02 | 212.35%| unknown
  163s| 24500 | 19547 |  3091k| 126.2 |    57M | 128 | 951 |5425 |5425 |   0 |  0 |   0 |  37 | 3.400000e+01 | 1.062000e+02 | 212.35%| unknown
  163s| 24600 | 19611 |  3093k| 125.7 |    57M | 128 | 951 |5425 |5425 |   0 |  0 |   0 |  37 | 3.400000e+01 | 1.062000e+02 | 212.35%| unknown
  163s| 24700 | 19701 |  3094k| 125.3 |    57M | 128 | 951 |5425 |5425 |   0 |  0 |   0 |  37 | 3.400000e+01 | 1.062000e+02 | 212.35%| unknown
  163s| 24800 | 19775 |  3103k| 125.1 |    57M | 128 | 951 |5425 |5425 |   0 |  0 |   0 |  37 | 3.400000e+01 | 1.062000e+02 | 212.35%| unknown
  164s| 24900 | 19859 |  3117k| 125.2 |    58M | 128 | 951 |5425 |5425 |   0 |  0 |   0 |  37 | 3.400000e+01 | 1.062000e+02 | 212.35%| unknown
  165s| 25000 | 19927 |  3128k| 125.1 |    58M | 128 | 951 |5425 |5425 |   0 |  0 |   0 |  37 | 3.400000e+01 | 1.062000e+02 | 212.35%| unknown
  165s| 25100 | 19995 |  3130k| 124.7 |    58M | 128 | 951 |5425 |5425 |   0 |  0 |   0 |  37 | 3.400000e+01 | 1.062000e+02 | 212.35%| unknown
  166s| 25200 | 20065 |  3139k| 124.5 |    58M | 128 | 951 |5425 |5425 |   0 |  0 |   0 |  37 | 3.400000e+01 | 1.062000e+02 | 212.35%| unknown
  167s| 25300 | 20135 |  3157k| 124.8 |    58M | 128 | 951 |5425 |5425 |   0 |  0 |   0 |  37 | 3.400000e+01 | 1.062000e+02 | 212.35%| unknown
 time | node  | left  |LP iter|LP it/n|mem/heur|mdpt |vars |cons |rows |cuts |sepa|confs|strbr|  dualbound   | primalbound  |  gap   | compl. 
  168s| 25400 | 20199 |  3177k| 125.1 |    58M | 128 | 951 |5425 |5425 |   0 |  0 |   0 |  37 | 3.400000e+01 | 1.062000e+02 | 212.35%| unknown
  168s| 25500 | 20283 |  3192k| 125.2 |    58M | 128 | 951 |5425 |5425 |   0 |  0 |   0 |  37 | 3.400000e+01 | 1.062000e+02 | 212.35%| unknown
  169s| 25600 | 20359 |  3207k| 125.3 |    58M | 128 | 951 |5425 |5425 |   0 |  0 |   0 |  37 | 3.400000e+01 | 1.062000e+02 | 212.35%| unknown
  170s| 25700 | 20441 |  3220k| 125.3 |    58M | 128 | 951 |5425 |5425 |   0 |  0 |   0 |  37 | 3.400000e+01 | 1.062000e+02 | 212.35%| unknown
  171s| 25800 | 20511 |  3237k| 125.5 |    58M | 128 | 951 |5425 |5425 |   0 |  0 |   0 |  37 | 3.400000e+01 | 1.062000e+02 | 212.35%| unknown
  171s| 25900 | 20589 |  3255k| 125.7 |    58M | 128 | 951 |5425 |5425 |   0 |  0 |   0 |  37 | 3.400000e+01 | 1.062000e+02 | 212.35%| unknown
  172s| 26000 | 20679 |  3268k| 125.7 |    59M | 128 | 951 |5425 |5425 |   0 |  0 |   0 |  37 | 3.400000e+01 | 1.062000e+02 | 212.35%| unknown
  173s| 26100 | 20753 |  3282k| 125.7 |    59M | 128 | 951 |5425 |5425 |   0 |  0 |   0 |  37 | 3.400000e+01 | 1.062000e+02 | 212.35%| unknown
  173s| 26200 | 20821 |  3295k| 125.8 |    59M | 128 | 951 |5425 |5425 |   0 |  0 |   0 |  37 | 3.400000e+01 | 1.062000e+02 | 212.35%| unknown
  174s| 26300 | 20909 |  3312k| 125.9 |    60M | 128 | 951 |5425 |5425 |   0 |  0 |   0 |  37 | 3.400000e+01 | 1.062000e+02 | 212.35%| unknown
  175s| 26400 | 20993 |  3334k| 126.3 |    60M | 128 | 951 |5425 |5425 |   0 |  0 |   0 |  37 | 3.400000e+01 | 1.062000e+02 | 212.35%| unknown
  176s| 26500 | 21077 |  3349k| 126.4 |    60M | 128 | 951 |5425 |5425 |   0 |  0 |   0 |  37 | 3.400000e+01 | 1.062000e+02 | 212.35%| unknown
  177s| 26600 | 21159 |  3366k| 126.5 |    60M | 128 | 951 |5425 |5425 |   0 |  0 |   0 |  37 | 3.400000e+01 | 1.062000e+02 | 212.35%| unknown
  178s| 26700 | 21249 |  3383k| 126.7 |    60M | 128 | 951 |5425 |5425 |   0 |  0 |   0 |  37 | 3.400000e+01 | 1.062000e+02 | 212.35%| unknown
  179s| 26800 | 21331 |  3401k| 126.9 |    60M | 128 | 951 |5425 |5425 |   0 |  0 |   0 |  37 | 3.400000e+01 | 1.062000e+02 | 212.35%| unknown
 time | node  | left  |LP iter|LP it/n|mem/heur|mdpt |vars |cons |rows |cuts |sepa|confs|strbr|  dualbound   | primalbound  |  gap   | compl. 
  180s| 26900 | 21401 |  3420k| 127.1 |    60M | 128 | 951 |5425 |5425 |   0 |  0 |   0 |  37 | 3.400000e+01 | 1.062000e+02 | 212.35%| unknown
  180s| 27000 | 21463 |  3434k| 127.2 |    60M | 128 | 951 |5425 |5425 |   0 |  0 |   0 |  37 | 3.400000e+01 | 1.062000e+02 | 212.35%| unknown
  182s| 27100 | 21549 |  3459k| 127.6 |    61M | 128 | 951 |5425 |5425 |   0 |  0 |   0 |  37 | 3.400000e+01 | 1.062000e+02 | 212.35%| unknown
  183s| 27200 | 21635 |  3483k| 128.0 |    61M | 128 | 951 |5425 |5425 |   0 |  0 |   0 |  37 | 3.400000e+01 | 1.062000e+02 | 212.35%| unknown
  184s| 27300 | 21723 |  3502k| 128.3 |    61M | 128 | 951 |5425 |5425 |   0 |  0 |   0 |  37 | 3.400000e+01 | 1.062000e+02 | 212.35%| unknown
  185s| 27400 | 21813 |  3517k| 128.3 |    61M | 128 | 951 |5425 |5425 |   0 |  0 |   0 |  37 | 3.400000e+01 | 1.062000e+02 | 212.35%| unknown
  185s| 27500 | 21893 |  3520k| 128.0 |    61M | 128 | 951 |5425 |5425 |   0 |  0 |   0 |  37 | 3.400000e+01 | 1.062000e+02 | 212.35%| unknown
  185s| 27600 | 21965 |  3522k| 127.6 |    61M | 128 | 951 |5425 |5425 |   0 |  0 |   0 |  37 | 3.400000e+01 | 1.062000e+02 | 212.35%| unknown
  185s| 27700 | 22021 |  3525k| 127.2 |    61M | 128 | 951 |5425 |5425 |   0 |  0 |   0 |  37 | 3.400000e+01 | 1.062000e+02 | 212.35%| unknown
  186s| 27800 | 22093 |  3540k| 127.3 |    61M | 128 | 951 |5425 |5425 |   0 |  0 |   0 |  37 | 3.400000e+01 | 1.062000e+02 | 212.35%| unknown
  187s| 27900 | 22173 |  3555k| 127.4 |    61M | 128 | 951 |5425 |5425 |   0 |  0 |   0 |  37 | 3.400000e+01 | 1.062000e+02 | 212.35%| unknown
  188s| 28000 | 22247 |  3577k| 127.8 |    61M | 128 | 951 |5425 |5425 |   0 |  0 |   0 |  37 | 3.400000e+01 | 1.062000e+02 | 212.35%| unknown
  189s| 28100 | 22331 |  3594k| 127.9 |    62M | 128 | 951 |5425 |5425 |   0 |  0 |   0 |  37 | 3.400000e+01 | 1.062000e+02 | 212.35%| unknown
  190s| 28200 | 22399 |  3613k| 128.1 |    62M | 128 | 951 |5425 |5425 |   0 |  0 |   0 |  37 | 3.400000e+01 | 1.062000e+02 | 212.35%| unknown
  191s| 28300 | 22465 |  3638k| 128.5 |    62M | 128 | 951 |5425 |5425 |   0 |  0 |   0 |  37 | 3.400000e+01 | 1.062000e+02 | 212.35%| unknown
 time | node  | left  |LP iter|LP it/n|mem/heur|mdpt |vars |cons |rows |cuts |sepa|confs|strbr|  dualbound   | primalbound  |  gap   | compl. 
  192s| 28400 | 22543 |  3656k| 128.7 |    63M | 128 | 951 |5425 |5425 |   0 |  0 |   0 |  37 | 3.400000e+01 | 1.062000e+02 | 212.35%| unknown
  193s| 28500 | 22609 |  3670k| 128.8 |    63M | 128 | 951 |5425 |5425 |   0 |  0 |   0 |  37 | 3.400000e+01 | 1.062000e+02 | 212.35%| unknown
  194s| 28600 | 22687 |  3691k| 129.0 |    63M | 128 | 951 |5425 |5425 |   0 |  0 |   0 |  37 | 3.400000e+01 | 1.062000e+02 | 212.35%| unknown
  195s| 28700 | 22757 |  3713k| 129.3 |    63M | 128 | 951 |5425 |5425 |   0 |  0 |   0 |  37 | 3.400000e+01 | 1.062000e+02 | 212.35%| unknown
  195s| 28800 | 22829 |  3730k| 129.5 |    63M | 128 | 951 |5425 |5425 |   0 |  0 |   0 |  37 | 3.400000e+01 | 1.062000e+02 | 212.35%| unknown
  196s| 28900 | 22903 |  3751k| 129.8 |    63M | 128 | 951 |5425 |5425 |   0 |  0 |   0 |  37 | 3.400000e+01 | 1.062000e+02 | 212.35%| unknown
  197s| 29000 | 22963 |  3762k| 129.7 |    63M | 128 | 951 |5425 |5425 |   0 |  0 |   0 |  37 | 3.400000e+01 | 1.062000e+02 | 212.35%| unknown
  197s| 29100 | 23041 |  3768k| 129.5 |    63M | 128 | 951 |5425 |5425 |   0 |  0 |   0 |  37 | 3.400000e+01 | 1.062000e+02 | 212.35%| unknown
  198s| 29200 | 23109 |  3790k| 129.8 |    63M | 128 | 951 |5425 |5425 |   0 |  0 |   0 |  37 | 3.400000e+01 | 1.062000e+02 | 212.35%| unknown
  199s| 29300 | 23189 |  3810k| 130.0 |    65M | 128 | 951 |5425 |5425 |   0 |  0 |   0 |  37 | 3.400000e+01 | 1.062000e+02 | 212.35%| unknown
  200s| 29400 | 23257 |  3828k| 130.2 |    65M | 128 | 951 |5425 |5425 |   0 |  0 |   0 |  37 | 3.400000e+01 | 1.062000e+02 | 212.35%| unknown
  201s| 29500 | 23333 |  3840k| 130.2 |    65M | 128 | 951 |5425 |5425 |   0 |  0 |   0 |  37 | 3.400000e+01 | 1.062000e+02 | 212.35%| unknown
  202s| 29600 | 23413 |  3854k| 130.2 |    65M | 128 | 951 |5425 |5425 |   0 |  0 |   0 |  37 | 3.400000e+01 | 1.062000e+02 | 212.35%| unknown
  202s| 29700 | 23481 |  3873k| 130.4 |    65M | 128 | 951 |5425 |5425 |   0 |  0 |   0 |  37 | 3.400000e+01 | 1.062000e+02 | 212.35%| unknown
  203s| 29800 | 23547 |  3887k| 130.4 |    65M | 128 | 951 |5425 |5425 |   0 |  0 |   0 |  37 | 3.400000e+01 | 1.062000e+02 | 212.35%| unknown
 time | node  | left  |LP iter|LP it/n|mem/heur|mdpt |vars |cons |rows |cuts |sepa|confs|strbr|  dualbound   | primalbound  |  gap   | compl. 
  204s| 29900 | 23625 |  3909k| 130.7 |    65M | 128 | 951 |5425 |5425 |   0 |  0 |   0 |  37 | 3.400000e+01 | 1.062000e+02 | 212.35%| unknown
  205s| 30000 | 23695 |  3924k| 130.8 |    65M | 128 | 951 |5425 |5425 |   0 |  0 |   0 |  37 | 3.400000e+01 | 1.062000e+02 | 212.35%| unknown
  206s| 30100 | 23785 |  3941k| 130.9 |    65M | 128 | 951 |5425 |5425 |   0 |  0 |   0 |  37 | 3.400000e+01 | 1.062000e+02 | 212.35%| unknown
  207s| 30200 | 23867 |  3957k| 131.0 |    65M | 128 | 951 |5425 |5425 |   0 |  0 |   0 |  37 | 3.400000e+01 | 1.062000e+02 | 212.35%| unknown
  207s| 30300 | 23941 |  3974k| 131.1 |    65M | 128 | 951 |5425 |5425 |   0 |  0 |   0 |  37 | 3.400000e+01 | 1.062000e+02 | 212.35%| unknown
  208s| 30400 | 24019 |  3996k| 131.4 |    66M | 128 | 951 |5425 |5425 |   0 |  0 |   0 |  37 | 3.400000e+01 | 1.062000e+02 | 212.35%| unknown
  209s| 30500 | 24105 |  4011k| 131.5 |    66M | 128 | 951 |5425 |5425 |   0 |  0 |   0 |  37 | 3.400000e+01 | 1.062000e+02 | 212.35%| unknown
  210s| 30600 | 24173 |  4031k| 131.7 |    66M | 128 | 951 |5425 |5425 |   0 |  0 |   0 |  37 | 3.400000e+01 | 1.062000e+02 | 212.35%| unknown
  211s| 30700 | 24239 |  4049k| 131.9 |    66M | 128 | 951 |5425 |5425 |   0 |  0 |   0 |  37 | 3.400000e+01 | 1.062000e+02 | 212.35%| unknown
  212s| 30800 | 24301 |  4065k| 132.0 |    66M | 128 | 951 |5425 |5425 |   0 |  0 |   0 |  37 | 3.400000e+01 | 1.062000e+02 | 212.35%| unknown
  213s| 30900 | 24375 |  4085k| 132.2 |    66M | 128 | 951 |5425 |5425 |   0 |  0 |   0 |  37 | 3.400000e+01 | 1.062000e+02 | 212.35%| unknown
  213s| 31000 | 24443 |  4096k| 132.1 |    66M | 128 | 951 |5425 |5425 |   0 |  0 |   0 |  37 | 3.400000e+01 | 1.062000e+02 | 212.35%| unknown
  214s| 31100 | 24501 |  4111k| 132.2 |    66M | 128 | 951 |5425 |5425 |   0 |  0 |   0 |  37 | 3.400000e+01 | 1.062000e+02 | 212.35%| unknown
  215s| 31200 | 24573 |  4130k| 132.4 |    66M | 128 | 951 |5425 |5425 |   0 |  0 |   0 |  37 | 3.400000e+01 | 1.062000e+02 | 212.35%| unknown
  216s| 31300 | 24651 |  4148k| 132.5 |    66M | 128 | 951 |5425 |5425 |   0 |  0 |   0 |  37 | 3.400000e+01 | 1.062000e+02 | 212.35%| unknown
 time | node  | left  |LP iter|LP it/n|mem/heur|mdpt |vars |cons |rows |cuts |sepa|confs|strbr|  dualbound   | primalbound  |  gap   | compl. 
  217s| 31400 | 24723 |  4167k| 132.7 |    67M | 128 | 951 |5425 |5425 |   0 |  0 |   0 |  37 | 3.400000e+01 | 1.062000e+02 | 212.35%| unknown
  218s| 31500 | 24787 |  4186k| 132.9 |    67M | 128 | 951 |5425 |5425 |   0 |  0 |   0 |  37 | 3.400000e+01 | 1.062000e+02 | 212.35%| unknown
  218s| 31600 | 24877 |  4195k| 132.7 |    68M | 128 | 951 |5425 |5425 |   0 |  0 |   0 |  37 | 3.400000e+01 | 1.062000e+02 | 212.35%| unknown
  219s| 31700 | 24953 |  4214k| 132.9 |    68M | 128 | 951 |5425 |5425 |   0 |  0 |   0 |  37 | 3.400000e+01 | 1.062000e+02 | 212.35%| unknown
  220s| 31800 | 25021 |  4237k| 133.2 |    68M | 128 | 951 |5425 |5425 |   0 |  0 |   0 |  37 | 3.400000e+01 | 1.062000e+02 | 212.35%| unknown
  221s| 31900 | 25103 |  4248k| 133.2 |    68M | 128 | 951 |5425 |5425 |   0 |  0 |   0 |  37 | 3.400000e+01 | 1.062000e+02 | 212.35%| unknown
  222s| 32000 | 25181 |  4268k| 133.4 |    68M | 128 | 951 |5425 |5425 |   0 |  0 |   0 |  37 | 3.400000e+01 | 1.062000e+02 | 212.35%| unknown
  223s| 32100 | 25253 |  4281k| 133.4 |    68M | 128 | 951 |5425 |5425 |   0 |  0 |   0 |  37 | 3.400000e+01 | 1.062000e+02 | 212.35%| unknown
  224s| 32200 | 25327 |  4305k| 133.7 |    68M | 128 | 951 |5425 |5425 |   0 |  0 |   0 |  37 | 3.400000e+01 | 1.062000e+02 | 212.35%| unknown
  225s| 32300 | 25393 |  4330k| 134.0 |    68M | 128 | 951 |5425 |5425 |   0 |  0 |   0 |  37 | 3.400000e+01 | 1.062000e+02 | 212.35%| unknown
  226s| 32400 | 25471 |  4353k| 134.3 |    68M | 128 | 951 |5425 |5425 |   0 |  0 |   0 |  37 | 3.400000e+01 | 1.062000e+02 | 212.35%| unknown
  227s| 32500 | 25525 |  4372k| 134.5 |    68M | 128 | 951 |5425 |5425 |   0 |  0 |   0 |  37 | 3.400000e+01 | 1.062000e+02 | 212.35%| unknown
  227s| 32600 | 25601 |  4385k| 134.5 |    68M | 128 | 951 |5425 |5425 |   0 |  0 |   0 |  37 | 3.400000e+01 | 1.062000e+02 | 212.35%| unknown
  228s| 32700 | 25667 |  4402k| 134.6 |    69M | 128 | 951 |5425 |5425 |   0 |  0 |   0 |  37 | 3.400000e+01 | 1.062000e+02 | 212.35%| unknown
  229s| 32800 | 25751 |  4418k| 134.7 |    69M | 128 | 951 |5425 |5425 |   0 |  0 |   0 |  37 | 3.400000e+01 | 1.062000e+02 | 212.35%| unknown
 time | node  | left  |LP iter|LP it/n|mem/heur|mdpt |vars |cons |rows |cuts |sepa|confs|strbr|  dualbound   | primalbound  |  gap   | compl. 
  230s| 32900 | 25833 |  4438k| 134.9 |    69M | 128 | 951 |5425 |5425 |   0 |  0 |   0 |  37 | 3.400000e+01 | 1.062000e+02 | 212.35%| unknown
  231s| 33000 | 25917 |  4452k| 134.9 |    69M | 128 | 951 |5425 |5425 |   0 |  0 |   0 |  37 | 3.400000e+01 | 1.062000e+02 | 212.35%| unknown
  232s| 33100 | 25979 |  4469k| 135.0 |    69M | 128 | 951 |5425 |5425 |   0 |  0 |   0 |  37 | 3.400000e+01 | 1.062000e+02 | 212.35%| unknown
  233s| 33200 | 26039 |  4490k| 135.2 |    69M | 128 | 951 |5425 |5425 |   0 |  0 |   0 |  37 | 3.400000e+01 | 1.062000e+02 | 212.35%| unknown
  234s| 33300 | 26103 |  4507k| 135.3 |    69M | 128 | 951 |5425 |5425 |   0 |  0 |   0 |  37 | 3.400000e+01 | 1.062000e+02 | 212.35%| unknown
  234s| 33400 | 26171 |  4520k| 135.3 |    69M | 128 | 951 |5425 |5425 |   0 |  0 |   0 |  37 | 3.400000e+01 | 1.062000e+02 | 212.35%| unknown
  235s| 33500 | 26243 |  4540k| 135.5 |    69M | 128 | 951 |5425 |5425 |   0 |  0 |   0 |  37 | 3.400000e+01 | 1.062000e+02 | 212.35%| unknown
  236s| 33600 | 26329 |  4556k| 135.6 |    70M | 128 | 951 |5425 |5425 |   0 |  0 |   0 |  37 | 3.400000e+01 | 1.062000e+02 | 212.35%| unknown
  237s| 33700 | 26409 |  4582k| 136.0 |    70M | 128 | 951 |5425 |5425 |   0 |  0 |   0 |  37 | 3.400000e+01 | 1.062000e+02 | 212.35%| unknown
  238s| 33800 | 26485 |  4605k| 136.2 |    70M | 128 | 951 |5425 |5425 |   0 |  0 |   0 |  37 | 3.400000e+01 | 1.062000e+02 | 212.35%| unknown
  239s| 33900 | 26567 |  4620k| 136.3 |    71M | 128 | 951 |5425 |5425 |   0 |  0 |   0 |  37 | 3.400000e+01 | 1.062000e+02 | 212.35%| unknown
  240s| 34000 | 26641 |  4638k| 136.4 |    71M | 128 | 951 |5425 |5425 |   0 |  0 |   0 |  37 | 3.400000e+01 | 1.062000e+02 | 212.35%| unknown
  241s| 34100 | 26705 |  4655k| 136.5 |    71M | 128 | 951 |5425 |5425 |   0 |  0 |   0 |  37 | 3.400000e+01 | 1.062000e+02 | 212.35%| unknown
  242s| 34200 | 26777 |  4674k| 136.6 |    71M | 128 | 951 |5425 |5425 |   0 |  0 |   0 |  37 | 3.400000e+01 | 1.062000e+02 | 212.35%| unknown
  243s| 34300 | 26833 |  4695k| 136.9 |    71M | 128 | 951 |5425 |5425 |   0 |  0 |   0 |  37 | 3.400000e+01 | 1.062000e+02 | 212.35%| unknown
 time | node  | left  |LP iter|LP it/n|mem/heur|mdpt |vars |cons |rows |cuts |sepa|confs|strbr|  dualbound   | primalbound  |  gap   | compl. 
  244s| 34400 | 26895 |  4710k| 136.9 |    71M | 128 | 951 |5425 |5425 |   0 |  0 |   0 |  37 | 3.400000e+01 | 1.062000e+02 | 212.35%| unknown
  244s| 34500 | 26945 |  4713k| 136.6 |    71M | 128 | 951 |5425 |5425 |   0 |  0 |   0 |  37 | 3.400000e+01 | 1.062000e+02 | 212.35%| unknown
  245s| 34600 | 27017 |  4732k| 136.8 |    71M | 128 | 951 |5425 |5425 |   0 |  0 |   0 |  37 | 3.400000e+01 | 1.062000e+02 | 212.35%| unknown
  245s| 34700 | 27085 |  4734k| 136.4 |    71M | 128 | 951 |5425 |5425 |   0 |  0 |   0 |  37 | 3.400000e+01 | 1.062000e+02 | 212.35%| unknown
  246s| 34800 | 27159 |  4756k| 136.6 |    71M | 128 | 951 |5425 |5425 |   0 |  0 |   0 |  37 | 3.400000e+01 | 1.062000e+02 | 212.35%| unknown
  247s| 34900 | 27223 |  4773k| 136.8 |    71M | 128 | 951 |5425 |5425 |   0 |  0 |   0 |  37 | 3.400000e+01 | 1.062000e+02 | 212.35%| unknown
  248s| 35000 | 27289 |  4799k| 137.1 |    71M | 128 | 951 |5425 |5425 |   0 |  0 |   0 |  37 | 3.400000e+01 | 1.062000e+02 | 212.35%| unknown
  249s| 35100 | 27361 |  4817k| 137.2 |    72M | 128 | 951 |5425 |5425 |   0 |  0 |   0 |  37 | 3.400000e+01 | 1.062000e+02 | 212.35%| unknown
  250s| 35200 | 27427 |  4843k| 137.6 |    72M | 128 | 951 |5425 |5425 |   0 |  0 |   0 |  37 | 3.400000e+01 | 1.062000e+02 | 212.35%| unknown
  251s| 35300 | 27485 |  4858k| 137.6 |    72M | 128 | 951 |5425 |5425 |   0 |  0 |   0 |  37 | 3.400000e+01 | 1.062000e+02 | 212.35%| unknown
  252s| 35400 | 27547 |  4876k| 137.7 |    72M | 128 | 951 |5425 |5425 |   0 |  0 |   0 |  37 | 3.400000e+01 | 1.062000e+02 | 212.35%| unknown
  253s| 35500 | 27625 |  4897k| 137.9 |    72M | 128 | 951 |5425 |5425 |   0 |  0 |   0 |  37 | 3.400000e+01 | 1.062000e+02 | 212.35%| unknown
  254s| 35600 | 27677 |  4924k| 138.3 |    72M | 128 | 951 |5425 |5425 |   0 |  0 |   0 |  37 | 3.400000e+01 | 1.062000e+02 | 212.35%| unknown
  255s| 35700 | 27737 |  4941k| 138.4 |    72M | 128 | 951 |5425 |5425 |   0 |  0 |   0 |  37 | 3.400000e+01 | 1.062000e+02 | 212.35%| unknown
  256s| 35800 | 27823 |  4949k| 138.2 |    72M | 128 | 951 |5425 |5425 |   0 |  0 |   0 |  37 | 3.400000e+01 | 1.062000e+02 | 212.35%| unknown
 time | node  | left  |LP iter|LP it/n|mem/heur|mdpt |vars |cons |rows |cuts |sepa|confs|strbr|  dualbound   | primalbound  |  gap   | compl. 
  256s| 35900 | 27909 |  4950k| 137.9 |    73M | 128 | 951 |5425 |5425 |   0 |  0 |   0 |  37 | 3.400000e+01 | 1.062000e+02 | 212.35%| unknown
  256s| 36000 | 27989 |  4952k| 137.5 |    73M | 128 | 951 |5425 |5425 |   0 |  0 |   0 |  37 | 3.400000e+01 | 1.062000e+02 | 212.35%| unknown
  256s| 36100 | 28071 |  4953k| 137.2 |    73M | 128 | 951 |5425 |5425 |   0 |  0 |   0 |  37 | 3.400000e+01 | 1.062000e+02 | 212.35%| unknown
  256s| 36200 | 28159 |  4954k| 136.8 |    74M | 128 | 951 |5425 |5425 |   0 |  0 |   0 |  37 | 3.400000e+01 | 1.062000e+02 | 212.35%| unknown
  257s| 36300 | 28249 |  4955k| 136.5 |    74M | 128 | 951 |5425 |5425 |   0 |  0 |   0 |  37 | 3.400000e+01 | 1.062000e+02 | 212.35%| unknown
  257s| 36400 | 28341 |  4957k| 136.2 |    74M | 128 | 951 |5425 |5425 |   0 |  0 |   0 |  37 | 3.400000e+01 | 1.062000e+02 | 212.35%| unknown
  257s| 36500 | 28431 |  4958k| 135.8 |    74M | 128 | 951 |5425 |5425 |   0 |  0 |   0 |  37 | 3.400000e+01 | 1.062000e+02 | 212.35%| unknown
  257s| 36600 | 28515 |  4959k| 135.5 |    75M | 128 | 951 |5425 |5425 |   0 |  0 |   0 |  37 | 3.400000e+01 | 1.062000e+02 | 212.35%| unknown
  257s| 36700 | 28599 |  4961k| 135.2 |    75M | 128 | 951 |5425 |5425 |   0 |  0 |   0 |  37 | 3.400000e+01 | 1.062000e+02 | 212.35%| unknown
  258s| 36800 | 28683 |  4972k| 135.1 |    75M | 128 | 951 |5425 |5425 |   0 |  0 |   0 |  37 | 3.400000e+01 | 1.062000e+02 | 212.35%| unknown
  259s| 36900 | 28769 |  4989k| 135.2 |    75M | 128 | 951 |5425 |5425 |   0 |  0 |   0 |  37 | 3.400000e+01 | 1.062000e+02 | 212.35%| unknown
  260s| 37000 | 28855 |  5009k| 135.4 |    75M | 128 | 951 |5425 |5425 |   0 |  0 |   0 |  37 | 3.400000e+01 | 1.062000e+02 | 212.35%| unknown
  261s| 37100 | 28943 |  5030k| 135.6 |    75M | 128 | 951 |5425 |5425 |   0 |  0 |   0 |  37 | 3.400000e+01 | 1.062000e+02 | 212.35%| unknown
  262s| 37200 | 29027 |  5051k| 135.8 |    76M | 128 | 951 |5425 |5425 |   0 |  0 |   0 |  37 | 3.400000e+01 | 1.062000e+02 | 212.35%| unknown
  263s| 37300 | 29107 |  5072k| 136.0 |    76M | 128 | 951 |5425 |5425 |   0 |  0 |   0 |  37 | 3.400000e+01 | 1.062000e+02 | 212.35%| unknown
 time | node  | left  |LP iter|LP it/n|mem/heur|mdpt |vars |cons |rows |cuts |sepa|confs|strbr|  dualbound   | primalbound  |  gap   | compl. 
  264s| 37400 | 29189 |  5090k| 136.1 |    76M | 128 | 951 |5425 |5425 |   0 |  0 |   0 |  37 | 3.400000e+01 | 1.062000e+02 | 212.35%| unknown
  265s| 37500 | 29263 |  5112k| 136.3 |    76M | 128 | 951 |5425 |5425 |   0 |  0 |   0 |  37 | 3.400000e+01 | 1.062000e+02 | 212.35%| unknown
  266s| 37600 | 29341 |  5130k| 136.4 |    76M | 128 | 951 |5425 |5425 |   0 |  0 |   0 |  37 | 3.400000e+01 | 1.062000e+02 | 212.35%| unknown
  267s| 37700 | 29409 |  5150k| 136.6 |    76M | 128 | 951 |5425 |5425 |   0 |  0 |   0 |  37 | 3.400000e+01 | 1.062000e+02 | 212.35%| unknown
  268s| 37800 | 29497 |  5165k| 136.6 |    76M | 128 | 951 |5425 |5425 |   0 |  0 |   0 |  37 | 3.400000e+01 | 1.062000e+02 | 212.35%| unknown
  269s| 37900 | 29571 |  5181k| 136.7 |    77M | 128 | 951 |5425 |5425 |   0 |  0 |   0 |  37 | 3.400000e+01 | 1.062000e+02 | 212.35%| unknown
  269s| 38000 | 29659 |  5200k| 136.8 |    77M | 128 | 951 |5425 |5425 |   0 |  0 |   0 |  37 | 3.400000e+01 | 1.062000e+02 | 212.35%| unknown
  270s| 38100 | 29735 |  5214k| 136.9 |    77M | 128 | 951 |5425 |5425 |   0 |  0 |   0 |  37 | 3.400000e+01 | 1.062000e+02 | 212.35%| unknown
  271s| 38200 | 29819 |  5234k| 137.0 |    78M | 128 | 951 |5425 |5425 |   0 |  0 |   0 |  37 | 3.400000e+01 | 1.062000e+02 | 212.35%| unknown
  272s| 38300 | 29897 |  5251k| 137.1 |    78M | 128 | 951 |5425 |5425 |   0 |  0 |   0 |  37 | 3.400000e+01 | 1.062000e+02 | 212.35%| unknown
  273s| 38400 | 29979 |  5267k| 137.1 |    78M | 128 | 951 |5425 |5425 |   0 |  0 |   0 |  37 | 3.400000e+01 | 1.062000e+02 | 212.35%| unknown
  274s| 38500 | 30051 |  5284k| 137.2 |    78M | 128 | 951 |5425 |5425 |   0 |  0 |   0 |  37 | 3.400000e+01 | 1.062000e+02 | 212.35%| unknown
  274s| 38600 | 30133 |  5299k| 137.3 |    79M | 128 | 951 |5425 |5425 |   0 |  0 |   0 |  37 | 3.400000e+01 | 1.062000e+02 | 212.35%| unknown
  275s| 38700 | 30209 |  5314k| 137.3 |    79M | 128 | 951 |5425 |5425 |   0 |  0 |   0 |  37 | 3.400000e+01 | 1.062000e+02 | 212.35%| unknown
  276s| 38800 | 30283 |  5331k| 137.4 |    79M | 128 | 951 |5425 |5425 |   0 |  0 |   0 |  37 | 3.400000e+01 | 1.062000e+02 | 212.35%| unknown
 time | node  | left  |LP iter|LP it/n|mem/heur|mdpt |vars |cons |rows |cuts |sepa|confs|strbr|  dualbound   | primalbound  |  gap   | compl. 
  277s| 38900 | 30365 |  5349k| 137.5 |    79M | 128 | 951 |5425 |5425 |   0 |  0 |   0 |  37 | 3.400000e+01 | 1.062000e+02 | 212.35%| unknown
  278s| 39000 | 30451 |  5373k| 137.8 |    79M | 128 | 951 |5425 |5425 |   0 |  0 |   0 |  37 | 3.400000e+01 | 1.062000e+02 | 212.35%| unknown
  279s| 39100 | 30525 |  5395k| 138.0 |    79M | 128 | 951 |5425 |5425 |   0 |  0 |   0 |  37 | 3.400000e+01 | 1.062000e+02 | 212.35%| unknown
  281s| 39200 | 30621 |  5423k| 138.3 |    79M | 128 | 951 |5425 |5425 |   0 |  0 |   0 |  37 | 3.400000e+01 | 1.062000e+02 | 212.35%| unknown
  282s| 39300 | 30715 |  5452k| 138.7 |    80M | 128 | 951 |5425 |5425 |   0 |  0 |   0 |  37 | 3.400000e+01 | 1.062000e+02 | 212.35%| unknown
  284s| 39400 | 30811 |  5480k| 139.1 |    80M | 128 | 951 |5425 |5425 |   0 |  0 |   0 |  37 | 3.400000e+01 | 1.062000e+02 | 212.35%| unknown
  285s| 39500 | 30899 |  5505k| 139.4 |    80M | 128 | 951 |5425 |5425 |   0 |  0 |   0 |  37 | 3.400000e+01 | 1.062000e+02 | 212.35%| unknown
  286s| 39600 | 30985 |  5526k| 139.5 |    80M | 128 | 951 |5425 |5425 |   0 |  0 |   0 |  37 | 3.400000e+01 | 1.062000e+02 | 212.35%| unknown
  287s| 39700 | 31067 |  5554k| 139.9 |    80M | 128 | 951 |5425 |5425 |   0 |  0 |   0 |  37 | 3.400000e+01 | 1.062000e+02 | 212.35%| unknown
  289s| 39800 | 31149 |  5581k| 140.2 |    80M | 128 | 951 |5425 |5425 |   0 |  0 |   0 |  37 | 3.400000e+01 | 1.062000e+02 | 212.35%| unknown
  290s| 39900 | 31237 |  5604k| 140.4 |    80M | 128 | 951 |5425 |5425 |   0 |  0 |   0 |  37 | 3.400000e+01 | 1.062000e+02 | 212.35%| unknown
  291s| 40000 | 31329 |  5626k| 140.7 |    80M | 128 | 951 |5425 |5425 |   0 |  0 |   0 |  37 | 3.400000e+01 | 1.062000e+02 | 212.35%| unknown
  292s| 40100 | 31415 |  5651k| 140.9 |    80M | 128 | 951 |5425 |5425 |   0 |  0 |   0 |  37 | 3.400000e+01 | 1.062000e+02 | 212.35%| unknown
  293s| 40200 | 31497 |  5675k| 141.2 |    81M | 128 | 951 |5425 |5425 |   0 |  0 |   0 |  37 | 3.400000e+01 | 1.062000e+02 | 212.35%| unknown
  294s| 40300 | 31583 |  5695k| 141.3 |    81M | 128 | 951 |5425 |5425 |   0 |  0 |   0 |  37 | 3.400000e+01 | 1.062000e+02 | 212.35%| unknown
 time | node  | left  |LP iter|LP it/n|mem/heur|mdpt |vars |cons |rows |cuts |sepa|confs|strbr|  dualbound   | primalbound  |  gap   | compl. 
  296s| 40400 | 31667 |  5724k| 141.7 |    81M | 128 | 951 |5425 |5425 |   0 |  0 |   0 |  37 | 3.400000e+01 | 1.062000e+02 | 212.35%| unknown
  297s| 40500 | 31741 |  5744k| 141.8 |    81M | 128 | 951 |5425 |5425 |   0 |  0 |   0 |  37 | 3.400000e+01 | 1.062000e+02 | 212.35%| unknown
  298s| 40600 | 31821 |  5772k| 142.1 |    81M | 128 | 951 |5425 |5425 |   0 |  0 |   0 |  37 | 3.400000e+01 | 1.062000e+02 | 212.35%| unknown
  299s| 40700 | 31911 |  5794k| 142.4 |    81M | 128 | 951 |5425 |5425 |   0 |  0 |   0 |  37 | 3.400000e+01 | 1.062000e+02 | 212.35%| unknown
  300s| 40800 | 31983 |  5815k| 142.5 |    81M | 128 | 951 |5425 |5425 |   0 |  0 |   0 |  37 | 3.400000e+01 | 1.062000e+02 | 212.35%| unknown
  301s| 40900 | 32063 |  5839k| 142.7 |    81M | 128 | 951 |5425 |5425 |   0 |  0 |   0 |  37 | 3.400000e+01 | 1.062000e+02 | 212.35%| unknown
  302s| 41000 | 32151 |  5860k| 142.9 |    81M | 128 | 951 |5425 |5425 |   0 |  0 |   0 |  37 | 3.400000e+01 | 1.062000e+02 | 212.35%| unknown
  303s| 41100 | 32235 |  5880k| 143.0 |    81M | 128 | 951 |5425 |5425 |   0 |  0 |   0 |  37 | 3.400000e+01 | 1.062000e+02 | 212.35%| unknown
  305s| 41200 | 32315 |  5910k| 143.4 |    82M | 128 | 951 |5425 |5425 |   0 |  0 |   0 |  37 | 3.400000e+01 | 1.062000e+02 | 212.35%| unknown
  306s| 41300 | 32399 |  5940k| 143.8 |    83M | 128 | 951 |5425 |5425 |   0 |  0 |   0 |  37 | 3.400000e+01 | 1.062000e+02 | 212.35%| unknown
  307s| 41400 | 32483 |  5963k| 144.0 |    83M | 128 | 951 |5425 |5425 |   0 |  0 |   0 |  37 | 3.400000e+01 | 1.062000e+02 | 212.35%| unknown
  308s| 41500 | 32559 |  5984k| 144.2 |    83M | 128 | 951 |5425 |5425 |   0 |  0 |   0 |  37 | 3.400000e+01 | 1.062000e+02 | 212.35%| unknown
  309s| 41600 | 32639 |  6001k| 144.3 |    84M | 128 | 951 |5425 |5425 |   0 |  0 |   0 |  37 | 3.400000e+01 | 1.062000e+02 | 212.35%| unknown
  310s| 41700 | 32733 |  6022k| 144.4 |    84M | 128 | 951 |5425 |5425 |   0 |  0 |   0 |  37 | 3.400000e+01 | 1.062000e+02 | 212.35%| unknown
  311s| 41800 | 32827 |  6042k| 144.5 |    84M | 128 | 951 |5425 |5425 |   0 |  0 |   0 |  37 | 3.400000e+01 | 1.062000e+02 | 212.35%| unknown
 time | node  | left  |LP iter|LP it/n|mem/heur|mdpt |vars |cons |rows |cuts |sepa|confs|strbr|  dualbound   | primalbound  |  gap   | compl. 
  312s| 41900 | 32897 |  6059k| 144.6 |    84M | 128 | 951 |5425 |5425 |   0 |  0 |   0 |  37 | 3.400000e+01 | 1.062000e+02 | 212.35%| unknown
  313s| 42000 | 32973 |  6080k| 144.8 |    84M | 128 | 951 |5425 |5425 |   0 |  0 |   0 |  37 | 3.400000e+01 | 1.062000e+02 | 212.35%| unknown
  314s| 42100 | 33059 |  6108k| 145.1 |    84M | 128 | 951 |5425 |5425 |   0 |  0 |   0 |  37 | 3.400000e+01 | 1.062000e+02 | 212.35%| unknown
  316s| 42200 | 33145 |  6130k| 145.2 |    85M | 128 | 951 |5425 |5425 |   0 |  0 |   0 |  37 | 3.400000e+01 | 1.062000e+02 | 212.35%| unknown
  317s| 42300 | 33221 |  6150k| 145.4 |    85M | 128 | 951 |5425 |5425 |   0 |  0 |   0 |  37 | 3.400000e+01 | 1.062000e+02 | 212.35%| unknown
  317s| 42400 | 33299 |  6167k| 145.4 |    85M | 128 | 951 |5425 |5425 |   0 |  0 |   0 |  37 | 3.400000e+01 | 1.062000e+02 | 212.35%| unknown
  318s| 42500 | 33385 |  6189k| 145.6 |    85M | 128 | 951 |5425 |5425 |   0 |  0 |   0 |  37 | 3.400000e+01 | 1.062000e+02 | 212.35%| unknown
  319s| 42600 | 33467 |  6204k| 145.6 |    85M | 128 | 951 |5425 |5425 |   0 |  0 |   0 |  37 | 3.400000e+01 | 1.062000e+02 | 212.35%| unknown
  320s| 42700 | 33537 |  6227k| 145.8 |    85M | 128 | 951 |5425 |5425 |   0 |  0 |   0 |  37 | 3.400000e+01 | 1.062000e+02 | 212.35%| unknown
  321s| 42800 | 33619 |  6252k| 146.1 |    85M | 128 | 951 |5425 |5425 |   0 |  0 |   0 |  37 | 3.400000e+01 | 1.062000e+02 | 212.35%| unknown
  322s| 42900 | 33701 |  6272k| 146.2 |    85M | 128 | 951 |5425 |5425 |   0 |  0 |   0 |  37 | 3.400000e+01 | 1.062000e+02 | 212.35%| unknown
  323s| 43000 | 33781 |  6289k| 146.2 |    85M | 128 | 951 |5425 |5425 |   0 |  0 |   0 |  37 | 3.400000e+01 | 1.062000e+02 | 212.35%| unknown
  324s| 43100 | 33863 |  6305k| 146.3 |    85M | 128 | 951 |5425 |5425 |   0 |  0 |   0 |  37 | 3.400000e+01 | 1.062000e+02 | 212.35%| unknown
  325s| 43200 | 33933 |  6312k| 146.1 |    85M | 128 | 951 |5425 |5425 |   0 |  0 |   0 |  37 | 3.400000e+01 | 1.062000e+02 | 212.35%| unknown
  325s| 43300 | 34005 |  6314k| 145.8 |    87M | 128 | 951 |5425 |5425 |   0 |  0 |   0 |  37 | 3.400000e+01 | 1.062000e+02 | 212.35%| unknown
 time | node  | left  |LP iter|LP it/n|mem/heur|mdpt |vars |cons |rows |cuts |sepa|confs|strbr|  dualbound   | primalbound  |  gap   | compl. 
  325s| 43400 | 34091 |  6317k| 145.5 |    87M | 128 | 951 |5425 |5425 |   0 |  0 |   0 |  37 | 3.400000e+01 | 1.062000e+02 | 212.35%| unknown
  325s| 43500 | 34171 |  6318k| 145.2 |    87M | 128 | 951 |5425 |5425 |   0 |  0 |   0 |  37 | 3.400000e+01 | 1.062000e+02 | 212.35%| unknown
  325s| 43600 | 34257 |  6321k| 145.0 |    87M | 128 | 951 |5425 |5425 |   0 |  0 |   0 |  37 | 3.400000e+01 | 1.062000e+02 | 212.35%| unknown
  326s| 43700 | 34331 |  6333k| 144.9 |    87M | 128 | 951 |5425 |5425 |   0 |  0 |   0 |  37 | 3.400000e+01 | 1.062000e+02 | 212.35%| unknown
  327s| 43800 | 34411 |  6346k| 144.9 |    87M | 128 | 951 |5425 |5425 |   0 |  0 |   0 |  37 | 3.400000e+01 | 1.062000e+02 | 212.35%| unknown
  327s| 43900 | 34487 |  6360k| 144.9 |    87M | 128 | 951 |5425 |5425 |   0 |  0 |   0 |  37 | 3.400000e+01 | 1.062000e+02 | 212.35%| unknown
  328s| 44000 | 34567 |  6378k| 144.9 |    87M | 128 | 951 |5425 |5425 |   0 |  0 |   0 |  37 | 3.400000e+01 | 1.062000e+02 | 212.35%| unknown
  329s| 44100 | 34643 |  6395k| 145.0 |    87M | 128 | 951 |5425 |5425 |   0 |  0 |   0 |  37 | 3.400000e+01 | 1.062000e+02 | 212.35%| unknown
  330s| 44200 | 34729 |  6410k| 145.0 |    87M | 128 | 951 |5425 |5425 |   0 |  0 |   0 |  37 | 3.400000e+01 | 1.062000e+02 | 212.35%| unknown
  331s| 44300 | 34817 |  6427k| 145.1 |    88M | 128 | 951 |5425 |5425 |   0 |  0 |   0 |  37 | 3.400000e+01 | 1.062000e+02 | 212.35%| unknown
  331s| 44400 | 34895 |  6440k| 145.0 |    88M | 128 | 951 |5425 |5425 |   0 |  0 |   0 |  37 | 3.400000e+01 | 1.062000e+02 | 212.35%| unknown
  333s| 44500 | 34975 |  6467k| 145.3 |    88M | 128 | 951 |5425 |5425 |   0 |  0 |   0 |  37 | 3.400000e+01 | 1.062000e+02 | 212.35%| unknown
  334s| 44600 | 35045 |  6486k| 145.4 |    88M | 128 | 951 |5425 |5425 |   0 |  0 |   0 |  37 | 3.400000e+01 | 1.062000e+02 | 212.35%| unknown
  334s| 44700 | 35121 |  6488k| 145.1 |    88M | 128 | 951 |5425 |5425 |   0 |  0 |   0 |  37 | 3.400000e+01 | 1.062000e+02 | 212.35%| unknown
  334s| 44800 | 35203 |  6490k| 144.9 |    88M | 128 | 951 |5425 |5425 |   0 |  0 |   0 |  37 | 3.400000e+01 | 1.062000e+02 | 212.35%| unknown
 time | node  | left  |LP iter|LP it/n|mem/heur|mdpt |vars |cons |rows |cuts |sepa|confs|strbr|  dualbound   | primalbound  |  gap   | compl. 
  335s| 44900 | 35285 |  6503k| 144.8 |    88M | 129 | 951 |5425 |5425 |   0 |  0 |   0 |  37 | 3.400000e+01 | 1.062000e+02 | 212.35%| unknown
  336s| 45000 | 35367 |  6518k| 144.8 |    88M | 129 | 951 |5425 |5425 |   0 |  0 |   0 |  37 | 3.400000e+01 | 1.062000e+02 | 212.35%| unknown
  336s| 45100 | 35449 |  6535k| 144.9 |    88M | 129 | 951 |5425 |5425 |   0 |  0 |   0 |  37 | 3.400000e+01 | 1.062000e+02 | 212.35%| unknown
  337s| 45200 | 35529 |  6553k| 145.0 |    88M | 129 | 951 |5425 |5425 |   0 |  0 |   0 |  37 | 3.400000e+01 | 1.062000e+02 | 212.35%| unknown
  338s| 45300 | 35587 |  6573k| 145.1 |    88M | 129 | 951 |5425 |5425 |   0 |  0 |   0 |  37 | 3.400000e+01 | 1.062000e+02 | 212.35%| unknown
  339s| 45400 | 35657 |  6587k| 145.1 |    89M | 129 | 951 |5425 |5425 |   0 |  0 |   0 |  37 | 3.400000e+01 | 1.062000e+02 | 212.35%| unknown
  340s| 45500 | 35731 |  6604k| 145.1 |    89M | 129 | 951 |5425 |5425 |   0 |  0 |   0 |  37 | 3.400000e+01 | 1.062000e+02 | 212.35%| unknown
  341s| 45600 | 35823 |  6618k| 145.1 |    89M | 129 | 951 |5425 |5425 |   0 |  0 |   0 |  37 | 3.400000e+01 | 1.062000e+02 | 212.35%| unknown
  342s| 45700 | 35887 |  6640k| 145.3 |    89M | 129 | 951 |5425 |5425 |   0 |  0 |   0 |  37 | 3.400000e+01 | 1.062000e+02 | 212.35%| unknown
  342s| 45800 | 35955 |  6657k| 145.3 |    89M | 129 | 951 |5425 |5425 |   0 |  0 |   0 |  37 | 3.400000e+01 | 1.062000e+02 | 212.35%| unknown
  343s| 45900 | 36029 |  6673k| 145.4 |    89M | 129 | 951 |5425 |5425 |   0 |  0 |   0 |  37 | 3.400000e+01 | 1.062000e+02 | 212.35%| unknown
  344s| 46000 | 36109 |  6696k| 145.6 |    89M | 129 | 951 |5425 |5425 |   0 |  0 |   0 |  37 | 3.400000e+01 | 1.062000e+02 | 212.35%| unknown
  345s| 46100 | 36203 |  6716k| 145.7 |    90M | 129 | 951 |5425 |5425 |   0 |  0 |   0 |  37 | 3.400000e+01 | 1.062000e+02 | 212.35%| unknown
  346s| 46200 | 36291 |  6726k| 145.6 |    90M | 129 | 951 |5425 |5425 |   0 |  0 |   0 |  37 | 3.400000e+01 | 1.062000e+02 | 212.35%| unknown
  347s| 46300 | 36385 |  6743k| 145.6 |    90M | 129 | 951 |5425 |5425 |   0 |  0 |   0 |  37 | 3.400000e+01 | 1.062000e+02 | 212.35%| unknown
 time | node  | left  |LP iter|LP it/n|mem/heur|mdpt |vars |cons |rows |cuts |sepa|confs|strbr|  dualbound   | primalbound  |  gap   | compl. 
  348s| 46400 | 36477 |  6755k| 145.6 |    91M | 129 | 951 |5425 |5425 |   0 |  0 |   0 |  37 | 3.400000e+01 | 1.062000e+02 | 212.35%| unknown
  349s| 46500 | 36567 |  6776k| 145.7 |    91M | 129 | 951 |5425 |5425 |   0 |  0 |   0 |  37 | 3.400000e+01 | 1.062000e+02 | 212.35%| unknown
  350s| 46600 | 36655 |  6792k| 145.7 |    91M | 129 | 951 |5425 |5425 |   0 |  0 |   0 |  37 | 3.400000e+01 | 1.062000e+02 | 212.35%| unknown
  350s| 46700 | 36737 |  6806k| 145.7 |    91M | 129 | 951 |5425 |5425 |   0 |  0 |   0 |  37 | 3.400000e+01 | 1.062000e+02 | 212.35%| unknown
  351s| 46800 | 36829 |  6823k| 145.8 |    91M | 129 | 951 |5425 |5425 |   0 |  0 |   0 |  37 | 3.400000e+01 | 1.062000e+02 | 212.35%| unknown
  352s| 46900 | 36923 |  6840k| 145.8 |    91M | 129 | 951 |5425 |5425 |   0 |  0 |   0 |  37 | 3.400000e+01 | 1.062000e+02 | 212.35%| unknown
  353s| 47000 | 37015 |  6856k| 145.9 |    91M | 129 | 951 |5425 |5425 |   0 |  0 |   0 |  37 | 3.400000e+01 | 1.062000e+02 | 212.35%| unknown
  354s| 47100 | 37105 |  6869k| 145.8 |    91M | 129 | 951 |5425 |5425 |   0 |  0 |   0 |  37 | 3.400000e+01 | 1.062000e+02 | 212.35%| unknown
  354s| 47200 | 37205 |  6882k| 145.8 |    91M | 129 | 951 |5425 |5425 |   0 |  0 |   0 |  37 | 3.400000e+01 | 1.062000e+02 | 212.35%| unknown
  355s| 47300 | 37297 |  6894k| 145.7 |    92M | 129 | 951 |5425 |5425 |   0 |  0 |   0 |  37 | 3.400000e+01 | 1.062000e+02 | 212.35%| unknown
  355s| 47400 | 37383 |  6898k| 145.5 |    93M | 129 | 951 |5425 |5425 |   0 |  0 |   0 |  37 | 3.400000e+01 | 1.062000e+02 | 212.35%| unknown
  357s| 47500 | 37459 |  6922k| 145.7 |    93M | 129 | 951 |5425 |5425 |   0 |  0 |   0 |  37 | 3.400000e+01 | 1.062000e+02 | 212.35%| unknown
  357s| 47600 | 37535 |  6940k| 145.8 |    93M | 129 | 951 |5425 |5425 |   0 |  0 |   0 |  37 | 3.400000e+01 | 1.062000e+02 | 212.35%| unknown
  359s| 47700 | 37617 |  6966k| 146.0 |    93M | 129 | 951 |5425 |5425 |   0 |  0 |   0 |  37 | 3.400000e+01 | 1.062000e+02 | 212.35%| unknown
  360s| 47800 | 37691 |  6988k| 146.2 |    93M | 129 | 951 |5425 |5425 |   0 |  0 |   0 |  37 | 3.400000e+01 | 1.062000e+02 | 212.35%| unknown
 time | node  | left  |LP iter|LP it/n|mem/heur|mdpt |vars |cons |rows |cuts |sepa|confs|strbr|  dualbound   | primalbound  |  gap   | compl. 
  361s| 47900 | 37769 |  7007k| 146.3 |    93M | 129 | 951 |5425 |5425 |   0 |  0 |   0 |  37 | 3.400000e+01 | 1.062000e+02 | 212.35%| unknown
  362s| 48000 | 37853 |  7026k| 146.4 |    93M | 129 | 951 |5425 |5425 |   0 |  0 |   0 |  37 | 3.400000e+01 | 1.062000e+02 | 212.35%| unknown
  363s| 48100 | 37937 |  7042k| 146.4 |    94M | 129 | 951 |5425 |5425 |   0 |  0 |   0 |  37 | 3.400000e+01 | 1.062000e+02 | 212.35%| unknown
  363s| 48200 | 38023 |  7059k| 146.4 |    94M | 129 | 951 |5425 |5425 |   0 |  0 |   0 |  37 | 3.400000e+01 | 1.062000e+02 | 212.35%| unknown
  364s| 48300 | 38095 |  7075k| 146.5 |    94M | 129 | 951 |5425 |5425 |   0 |  0 |   0 |  37 | 3.400000e+01 | 1.062000e+02 | 212.35%| unknown
  365s| 48400 | 38179 |  7091k| 146.5 |    95M | 129 | 951 |5425 |5425 |   0 |  0 |   0 |  37 | 3.400000e+01 | 1.062000e+02 | 212.35%| unknown
  366s| 48500 | 38245 |  7108k| 146.5 |    95M | 129 | 951 |5425 |5425 |   0 |  0 |   0 |  37 | 3.400000e+01 | 1.062000e+02 | 212.35%| unknown
  367s| 48600 | 38323 |  7123k| 146.6 |    95M | 129 | 951 |5425 |5425 |   0 |  0 |   0 |  37 | 3.400000e+01 | 1.062000e+02 | 212.35%| unknown
  368s| 48700 | 38393 |  7143k| 146.7 |    95M | 129 | 951 |5425 |5425 |   0 |  0 |   0 |  37 | 3.400000e+01 | 1.062000e+02 | 212.35%| unknown
  369s| 48800 | 38473 |  7164k| 146.8 |    95M | 129 | 951 |5425 |5425 |   0 |  0 |   0 |  37 | 3.400000e+01 | 1.062000e+02 | 212.35%| unknown
  370s| 48900 | 38551 |  7180k| 146.8 |    95M | 129 | 951 |5425 |5425 |   0 |  0 |   0 |  37 | 3.400000e+01 | 1.062000e+02 | 212.35%| unknown
  370s| 49000 | 38617 |  7197k| 146.9 |    95M | 129 | 951 |5425 |5425 |   0 |  0 |   0 |  37 | 3.400000e+01 | 1.062000e+02 | 212.35%| unknown
  371s| 49100 | 38693 |  7214k| 146.9 |    95M | 129 | 951 |5425 |5425 |   0 |  0 |   0 |  37 | 3.400000e+01 | 1.062000e+02 | 212.35%| unknown
  372s| 49200 | 38763 |  7229k| 146.9 |    95M | 129 | 951 |5425 |5425 |   0 |  0 |   0 |  37 | 3.400000e+01 | 1.062000e+02 | 212.35%| unknown
  373s| 49300 | 38841 |  7249k| 147.0 |    95M | 129 | 951 |5425 |5425 |   0 |  0 |   0 |  37 | 3.400000e+01 | 1.062000e+02 | 212.35%| unknown
 time | node  | left  |LP iter|LP it/n|mem/heur|mdpt |vars |cons |rows |cuts |sepa|confs|strbr|  dualbound   | primalbound  |  gap   | compl. 
  374s| 49400 | 38907 |  7269k| 147.1 |    95M | 129 | 951 |5425 |5425 |   0 |  0 |   0 |  37 | 3.400000e+01 | 1.062000e+02 | 212.35%| unknown
  375s| 49500 | 38987 |  7289k| 147.2 |    96M | 129 | 951 |5425 |5425 |   0 |  0 |   0 |  37 | 3.400000e+01 | 1.062000e+02 | 212.35%| unknown
  376s| 49600 | 39057 |  7305k| 147.3 |    96M | 129 | 951 |5425 |5425 |   0 |  0 |   0 |  37 | 3.400000e+01 | 1.062000e+02 | 212.35%| unknown
  377s| 49700 | 39133 |  7326k| 147.4 |    96M | 129 | 951 |5425 |5425 |   0 |  0 |   0 |  37 | 3.400000e+01 | 1.062000e+02 | 212.35%| unknown
  378s| 49800 | 39221 |  7345k| 147.5 |    96M | 129 | 951 |5425 |5425 |   0 |  0 |   0 |  37 | 3.400000e+01 | 1.062000e+02 | 212.35%| unknown
  379s| 49900 | 39291 |  7371k| 147.7 |    96M | 129 | 951 |5425 |5425 |   0 |  0 |   0 |  37 | 3.400000e+01 | 1.062000e+02 | 212.35%| unknown
  380s| 50000 | 39359 |  7387k| 147.7 |    96M | 129 | 951 |5425 |5425 |   0 |  0 |   0 |  37 | 3.400000e+01 | 1.062000e+02 | 212.35%| unknown
  381s| 50100 | 39433 |  7404k| 147.8 |    96M | 129 | 951 |5425 |5425 |   0 |  0 |   0 |  37 | 3.400000e+01 | 1.062000e+02 | 212.35%| unknown
  382s| 50200 | 39513 |  7424k| 147.9 |    96M | 129 | 951 |5425 |5425 |   0 |  0 |   0 |  37 | 3.400000e+01 | 1.062000e+02 | 212.35%| unknown
  383s| 50300 | 39585 |  7441k| 147.9 |    96M | 129 | 951 |5425 |5425 |   0 |  0 |   0 |  37 | 3.400000e+01 | 1.062000e+02 | 212.35%| unknown
  383s| 50400 | 39665 |  7458k| 148.0 |    96M | 129 | 951 |5425 |5425 |   0 |  0 |   0 |  37 | 3.400000e+01 | 1.062000e+02 | 212.35%| unknown
  385s| 50500 | 39749 |  7482k| 148.1 |    96M | 129 | 951 |5425 |5425 |   0 |  0 |   0 |  37 | 3.400000e+01 | 1.062000e+02 | 212.35%| unknown
  386s| 50600 | 39815 |  7502k| 148.2 |    97M | 129 | 951 |5425 |5425 |   0 |  0 |   0 |  37 | 3.400000e+01 | 1.062000e+02 | 212.35%| unknown
  386s| 50700 | 39885 |  7515k| 148.2 |    97M | 129 | 951 |5425 |5425 |   0 |  0 |   0 |  37 | 3.400000e+01 | 1.062000e+02 | 212.35%| unknown
  387s| 50800 | 39957 |  7532k| 148.3 |    97M | 129 | 951 |5425 |5425 |   0 |  0 |   0 |  37 | 3.400000e+01 | 1.062000e+02 | 212.35%| unknown
 time | node  | left  |LP iter|LP it/n|mem/heur|mdpt |vars |cons |rows |cuts |sepa|confs|strbr|  dualbound   | primalbound  |  gap   | compl. 
  388s| 50900 | 40037 |  7551k| 148.3 |    97M | 129 | 951 |5425 |5425 |   0 |  0 |   0 |  37 | 3.400000e+01 | 1.062000e+02 | 212.35%| unknown
  389s| 51000 | 40119 |  7566k| 148.4 |    98M | 129 | 951 |5425 |5425 |   0 |  0 |   0 |  37 | 3.400000e+01 | 1.062000e+02 | 212.35%| unknown
  390s| 51100 | 40189 |  7585k| 148.4 |    98M | 129 | 951 |5425 |5425 |   0 |  0 |   0 |  37 | 3.400000e+01 | 1.062000e+02 | 212.35%| unknown
  390s| 51200 | 40273 |  7598k| 148.4 |    98M | 129 | 951 |5425 |5425 |   0 |  0 |   0 |  37 | 3.400000e+01 | 1.062000e+02 | 212.35%| unknown
  392s| 51300 | 40355 |  7622k| 148.6 |    98M | 129 | 951 |5425 |5425 |   0 |  0 |   0 |  37 | 3.400000e+01 | 1.062000e+02 | 212.35%| unknown
  393s| 51400 | 40425 |  7639k| 148.6 |    98M | 129 | 951 |5425 |5425 |   0 |  0 |   0 |  37 | 3.400000e+01 | 1.062000e+02 | 212.35%| unknown
  393s| 51500 | 40497 |  7650k| 148.5 |    98M | 129 | 951 |5425 |5425 |   0 |  0 |   0 |  37 | 3.400000e+01 | 1.062000e+02 | 212.35%| unknown
  394s| 51600 | 40575 |  7669k| 148.6 |    98M | 129 | 951 |5425 |5425 |   0 |  0 |   0 |  37 | 3.400000e+01 | 1.062000e+02 | 212.35%| unknown
  395s| 51700 | 40655 |  7685k| 148.6 |    99M | 129 | 951 |5425 |5425 |   0 |  0 |   0 |  37 | 3.400000e+01 | 1.062000e+02 | 212.35%| unknown
  396s| 51800 | 40727 |  7704k| 148.7 |    99M | 129 | 951 |5425 |5425 |   0 |  0 |   0 |  37 | 3.400000e+01 | 1.062000e+02 | 212.35%| unknown
  397s| 51900 | 40801 |  7720k| 148.7 |    99M | 129 | 951 |5425 |5425 |   0 |  0 |   0 |  37 | 3.400000e+01 | 1.062000e+02 | 212.35%| unknown
  398s| 52000 | 40877 |  7747k| 149.0 |    99M | 129 | 951 |5425 |5425 |   0 |  0 |   0 |  37 | 3.400000e+01 | 1.062000e+02 | 212.35%| unknown
  399s| 52100 | 40963 |  7762k| 149.0 |    99M | 129 | 951 |5425 |5425 |   0 |  0 |   0 |  37 | 3.400000e+01 | 1.062000e+02 | 212.35%| unknown
  400s| 52200 | 41045 |  7781k| 149.1 |    99M | 129 | 951 |5425 |5425 |   0 |  0 |   0 |  37 | 3.400000e+01 | 1.062000e+02 | 212.35%| unknown
  400s| 52300 | 41133 |  7800k| 149.1 |    99M | 129 | 951 |5425 |5425 |   0 |  0 |   0 |  37 | 3.400000e+01 | 1.062000e+02 | 212.35%| unknown
 time | node  | left  |LP iter|LP it/n|mem/heur|mdpt |vars |cons |rows |cuts |sepa|confs|strbr|  dualbound   | primalbound  |  gap   | compl. 
  401s| 52400 | 41211 |  7818k| 149.2 |    99M | 129 | 951 |5425 |5425 |   0 |  0 |   0 |  37 | 3.400000e+01 | 1.062000e+02 | 212.35%| unknown
  403s| 52500 | 41287 |  7846k| 149.4 |    99M | 129 | 951 |5425 |5425 |   0 |  0 |   0 |  37 | 3.400000e+01 | 1.062000e+02 | 212.35%| unknown
  404s| 52600 | 41361 |  7867k| 149.6 |    99M | 129 | 951 |5425 |5425 |   0 |  0 |   0 |  37 | 3.400000e+01 | 1.062000e+02 | 212.35%| unknown
  405s| 52700 | 41431 |  7884k| 149.6 |    99M | 129 | 951 |5425 |5425 |   0 |  0 |   0 |  37 | 3.400000e+01 | 1.062000e+02 | 212.35%| unknown
  405s| 52800 | 41513 |  7898k| 149.6 |   100M | 129 | 951 |5425 |5425 |   0 |  0 |   0 |  37 | 3.400000e+01 | 1.062000e+02 | 212.35%| unknown
  407s| 52900 | 41579 |  7920k| 149.7 |   100M | 129 | 951 |5425 |5425 |   0 |  0 |   0 |  37 | 3.400000e+01 | 1.062000e+02 | 212.35%| unknown
  408s| 53000 | 41665 |  7947k| 149.9 |   100M | 129 | 951 |5425 |5425 |   0 |  0 |   0 |  37 | 3.400000e+01 | 1.062000e+02 | 212.35%| unknown
  409s| 53100 | 41735 |  7964k| 150.0 |   101M | 129 | 951 |5425 |5425 |   0 |  0 |   0 |  37 | 3.400000e+01 | 1.062000e+02 | 212.35%| unknown
  410s| 53200 | 41805 |  7982k| 150.0 |   101M | 129 | 951 |5425 |5425 |   0 |  0 |   0 |  37 | 3.400000e+01 | 1.062000e+02 | 212.35%| unknown
  410s| 53300 | 41877 |  7997k| 150.0 |   101M | 129 | 951 |5425 |5425 |   0 |  0 |   0 |  37 | 3.400000e+01 | 1.062000e+02 | 212.35%| unknown
  411s| 53400 | 41961 |  8017k| 150.1 |   101M | 129 | 951 |5425 |5425 |   0 |  0 |   0 |  37 | 3.400000e+01 | 1.062000e+02 | 212.35%| unknown
  412s| 53500 | 42041 |  8033k| 150.1 |   102M | 129 | 951 |5425 |5425 |   0 |  0 |   0 |  37 | 3.400000e+01 | 1.062000e+02 | 212.35%| unknown
  413s| 53600 | 42121 |  8045k| 150.1 |   102M | 129 | 951 |5425 |5425 |   0 |  0 |   0 |  37 | 3.400000e+01 | 1.062000e+02 | 212.35%| unknown
  414s| 53700 | 42189 |  8061k| 150.1 |   102M | 129 | 951 |5425 |5425 |   0 |  0 |   0 |  37 | 3.400000e+01 | 1.062000e+02 | 212.35%| unknown
  414s| 53800 | 42263 |  8076k| 150.1 |   102M | 129 | 951 |5425 |5425 |   0 |  0 |   0 |  37 | 3.400000e+01 | 1.062000e+02 | 212.35%| unknown
 time | node  | left  |LP iter|LP it/n|mem/heur|mdpt |vars |cons |rows |cuts |sepa|confs|strbr|  dualbound   | primalbound  |  gap   | compl. 
  414s| 53900 | 42329 |  8077k| 149.9 |   103M | 129 | 951 |5425 |5425 |   0 |  0 |   0 |  37 | 3.400000e+01 | 1.062000e+02 | 212.35%| unknown
  415s| 54000 | 42387 |  8079k| 149.6 |   103M | 129 | 951 |5425 |5425 |   0 |  0 |   0 |  37 | 3.400000e+01 | 1.062000e+02 | 212.35%| unknown
  415s| 54100 | 42469 |  8081k| 149.4 |   103M | 129 | 951 |5425 |5425 |   0 |  0 |   0 |  37 | 3.400000e+01 | 1.062000e+02 | 212.35%| unknown
  415s| 54200 | 42541 |  8082k| 149.1 |   103M | 129 | 951 |5425 |5425 |   0 |  0 |   0 |  37 | 3.400000e+01 | 1.062000e+02 | 212.35%| unknown
  415s| 54300 | 42611 |  8084k| 148.9 |   103M | 129 | 951 |5425 |5425 |   0 |  0 |   0 |  37 | 3.400000e+01 | 1.062000e+02 | 212.35%| unknown
  415s| 54400 | 42683 |  8086k| 148.6 |   103M | 129 | 951 |5425 |5425 |   0 |  0 |   0 |  37 | 3.400000e+01 | 1.062000e+02 | 212.35%| unknown
  416s| 54500 | 42759 |  8088k| 148.4 |   103M | 129 | 951 |5425 |5425 |   0 |  0 |   0 |  37 | 3.400000e+01 | 1.062000e+02 | 212.35%| unknown
  416s| 54600 | 42837 |  8089k| 148.1 |   103M | 129 | 951 |5425 |5425 |   0 |  0 |   0 |  37 | 3.400000e+01 | 1.062000e+02 | 212.35%| unknown
  416s| 54700 | 42915 |  8091k| 147.9 |   103M | 129 | 951 |5425 |5425 |   0 |  0 |   0 |  37 | 3.400000e+01 | 1.062000e+02 | 212.35%| unknown
  417s| 54800 | 42985 |  8113k| 148.0 |   103M | 129 | 951 |5425 |5425 |   0 |  0 |   0 |  37 | 3.400000e+01 | 1.062000e+02 | 212.35%| unknown
  418s| 54900 | 43065 |  8130k| 148.1 |   103M | 129 | 951 |5425 |5425 |   0 |  0 |   0 |  37 | 3.400000e+01 | 1.062000e+02 | 212.35%| unknown
  418s| 55000 | 43131 |  8132k| 147.8 |   104M | 129 | 951 |5425 |5425 |   0 |  0 |   0 |  37 | 3.400000e+01 | 1.062000e+02 | 212.35%| unknown
  418s| 55100 | 43217 |  8133k| 147.6 |   104M | 129 | 951 |5425 |5425 |   0 |  0 |   0 |  37 | 3.400000e+01 | 1.062000e+02 | 212.35%| unknown
  418s| 55200 | 43291 |  8135k| 147.4 |   104M | 129 | 951 |5425 |5425 |   0 |  0 |   0 |  37 | 3.400000e+01 | 1.062000e+02 | 212.35%| unknown
  419s| 55300 | 43373 |  8136k| 147.1 |   104M | 129 | 951 |5425 |5425 |   0 |  0 |   0 |  37 | 3.400000e+01 | 1.062000e+02 | 212.35%| unknown
 time | node  | left  |LP iter|LP it/n|mem/heur|mdpt |vars |cons |rows |cuts |sepa|confs|strbr|  dualbound   | primalbound  |  gap   | compl. 
  419s| 55400 | 43457 |  8137k| 146.9 |   104M | 129 | 951 |5425 |5425 |   0 |  0 |   0 |  37 | 3.400000e+01 | 1.062000e+02 | 212.35%| unknown
  419s| 55500 | 43533 |  8139k| 146.6 |   104M | 129 | 951 |5425 |5425 |   0 |  0 |   0 |  37 | 3.400000e+01 | 1.062000e+02 | 212.35%| unknown
  419s| 55600 | 43613 |  8145k| 146.5 |   104M | 129 | 951 |5425 |5425 |   0 |  0 |   0 |  37 | 3.400000e+01 | 1.062000e+02 | 212.35%| unknown
  420s| 55700 | 43693 |  8162k| 146.5 |   104M | 129 | 951 |5425 |5425 |   0 |  0 |   0 |  37 | 3.400000e+01 | 1.062000e+02 | 212.35%| unknown
  421s| 55800 | 43757 |  8184k| 146.7 |   104M | 129 | 951 |5425 |5425 |   0 |  0 |   0 |  37 | 3.400000e+01 | 1.062000e+02 | 212.35%| unknown
  422s| 55900 | 43835 |  8203k| 146.7 |   104M | 129 | 951 |5425 |5425 |   0 |  0 |   0 |  37 | 3.400000e+01 | 1.062000e+02 | 212.35%| unknown
  423s| 56000 | 43907 |  8221k| 146.8 |   105M | 129 | 951 |5425 |5425 |   0 |  0 |   0 |  37 | 3.400000e+01 | 1.062000e+02 | 212.35%| unknown
  424s| 56100 | 43969 |  8243k| 146.9 |   106M | 129 | 951 |5425 |5425 |   0 |  0 |   0 |  37 | 3.400000e+01 | 1.062000e+02 | 212.35%| unknown
  425s| 56200 | 44047 |  8261k| 147.0 |   106M | 129 | 951 |5425 |5425 |   0 |  0 |   0 |  37 | 3.400000e+01 | 1.062000e+02 | 212.35%| unknown
  426s| 56300 | 44137 |  8283k| 147.1 |   106M | 129 | 951 |5425 |5425 |   0 |  0 |   0 |  37 | 3.400000e+01 | 1.062000e+02 | 212.35%| unknown
  426s| 56400 | 44215 |  8285k| 146.9 |   106M | 129 | 951 |5425 |5425 |   0 |  0 |   0 |  37 | 3.400000e+01 | 1.062000e+02 | 212.35%| unknown
  427s| 56500 | 44291 |  8287k| 146.7 |   106M | 129 | 951 |5425 |5425 |   0 |  0 |   0 |  37 | 3.400000e+01 | 1.062000e+02 | 212.35%| unknown
  427s| 56600 | 44359 |  8288k| 146.4 |   106M | 129 | 951 |5425 |5425 |   0 |  0 |   0 |  37 | 3.400000e+01 | 1.062000e+02 | 212.35%| unknown
  427s| 56700 | 44435 |  8289k| 146.2 |   106M | 129 | 951 |5425 |5425 |   0 |  0 |   0 |  37 | 3.400000e+01 | 1.062000e+02 | 212.35%| unknown
  427s| 56800 | 44515 |  8291k| 146.0 |   106M | 129 | 951 |5425 |5425 |   0 |  0 |   0 |  37 | 3.400000e+01 | 1.062000e+02 | 212.35%| unknown
 time | node  | left  |LP iter|LP it/n|mem/heur|mdpt |vars |cons |rows |cuts |sepa|confs|strbr|  dualbound   | primalbound  |  gap   | compl. 
  427s| 56900 | 44579 |  8292k| 145.7 |   106M | 129 | 951 |5425 |5425 |   0 |  0 |   0 |  37 | 3.400000e+01 | 1.062000e+02 | 212.35%| unknown
  428s| 57000 | 44647 |  8295k| 145.5 |   106M | 129 | 951 |5425 |5425 |   0 |  0 |   0 |  37 | 3.400000e+01 | 1.062000e+02 | 212.35%| unknown
  429s| 57100 | 44713 |  8316k| 145.6 |   106M | 129 | 951 |5425 |5425 |   0 |  0 |   0 |  37 | 3.400000e+01 | 1.062000e+02 | 212.35%| unknown
  430s| 57200 | 44793 |  8332k| 145.6 |   107M | 129 | 951 |5425 |5425 |   0 |  0 |   0 |  37 | 3.400000e+01 | 1.062000e+02 | 212.35%| unknown
  431s| 57300 | 44861 |  8355k| 145.8 |   107M | 129 | 951 |5425 |5425 |   0 |  0 |   0 |  37 | 3.400000e+01 | 1.062000e+02 | 212.35%| unknown
  432s| 57400 | 44951 |  8378k| 145.9 |   107M | 129 | 951 |5425 |5425 |   0 |  0 |   0 |  37 | 3.400000e+01 | 1.062000e+02 | 212.35%| unknown
  433s| 57500 | 45027 |  8402k| 146.1 |   107M | 129 | 951 |5425 |5425 |   0 |  0 |   0 |  37 | 3.400000e+01 | 1.062000e+02 | 212.35%| unknown
  434s| 57600 | 45105 |  8423k| 146.2 |   107M | 129 | 951 |5425 |5425 |   0 |  0 |   0 |  37 | 3.400000e+01 | 1.062000e+02 | 212.35%| unknown
  435s| 57700 | 45189 |  8444k| 146.3 |   107M | 129 | 951 |5425 |5425 |   0 |  0 |   0 |  37 | 3.400000e+01 | 1.062000e+02 | 212.35%| unknown
  436s| 57800 | 45267 |  8465k| 146.5 |   107M | 129 | 951 |5425 |5425 |   0 |  0 |   0 |  37 | 3.400000e+01 | 1.062000e+02 | 212.35%| unknown
  437s| 57900 | 45343 |  8490k| 146.6 |   107M | 129 | 951 |5425 |5425 |   0 |  0 |   0 |  37 | 3.400000e+01 | 1.062000e+02 | 212.35%| unknown
  438s| 58000 | 45415 |  8510k| 146.7 |   107M | 129 | 951 |5425 |5425 |   0 |  0 |   0 |  37 | 3.400000e+01 | 1.062000e+02 | 212.35%| unknown
  440s| 58100 | 45487 |  8532k| 146.8 |   107M | 129 | 951 |5425 |5425 |   0 |  0 |   0 |  37 | 3.400000e+01 | 1.062000e+02 | 212.35%| unknown
  441s| 58200 | 45547 |  8553k| 147.0 |   108M | 129 | 951 |5425 |5425 |   0 |  0 |   0 |  37 | 3.400000e+01 | 1.062000e+02 | 212.35%| unknown
  442s| 58300 | 45623 |  8577k| 147.1 |   109M | 129 | 951 |5425 |5425 |   0 |  0 |   0 |  37 | 3.400000e+01 | 1.062000e+02 | 212.35%| unknown
 time | node  | left  |LP iter|LP it/n|mem/heur|mdpt |vars |cons |rows |cuts |sepa|confs|strbr|  dualbound   | primalbound  |  gap   | compl. 
  443s| 58400 | 45697 |  8604k| 147.3 |   109M | 131 | 951 |5425 |5425 |   0 |  0 |   0 |  37 | 3.400000e+01 | 1.062000e+02 | 212.35%| unknown
  444s| 58500 | 45767 |  8629k| 147.5 |   109M | 131 | 951 |5425 |5425 |   0 |  0 |   0 |  37 | 3.400000e+01 | 1.062000e+02 | 212.35%| unknown
  445s| 58600 | 45841 |  8653k| 147.7 |   109M | 131 | 951 |5425 |5425 |   0 |  0 |   0 |  37 | 3.400000e+01 | 1.062000e+02 | 212.35%| unknown
  447s| 58700 | 45925 |  8684k| 147.9 |   109M | 131 | 951 |5425 |5425 |   0 |  0 |   0 |  37 | 3.400000e+01 | 1.062000e+02 | 212.35%| unknown
  447s| 58800 | 46001 |  8698k| 147.9 |   109M | 131 | 951 |5425 |5425 |   0 |  0 |   0 |  37 | 3.400000e+01 | 1.062000e+02 | 212.35%| unknown
  448s| 58900 | 46083 |  8711k| 147.9 |   109M | 131 | 951 |5425 |5425 |   0 |  0 |   0 |  37 | 3.400000e+01 | 1.062000e+02 | 212.35%| unknown
  449s| 59000 | 46159 |  8731k| 148.0 |   109M | 131 | 951 |5425 |5425 |   0 |  0 |   0 |  37 | 3.400000e+01 | 1.062000e+02 | 212.35%| unknown
  450s| 59100 | 46229 |  8756k| 148.2 |   109M | 132 | 951 |5425 |5425 |   0 |  0 |   0 |  37 | 3.400000e+01 | 1.062000e+02 | 212.35%| unknown
  451s| 59200 | 46305 |  8774k| 148.2 |   109M | 132 | 951 |5425 |5425 |   0 |  0 |   0 |  37 | 3.400000e+01 | 1.062000e+02 | 212.35%| unknown
  452s| 59300 | 46375 |  8792k| 148.3 |   109M | 132 | 951 |5425 |5425 |   0 |  0 |   0 |  37 | 3.400000e+01 | 1.062000e+02 | 212.35%| unknown
  453s| 59400 | 46463 |  8820k| 148.5 |   110M | 132 | 951 |5425 |5425 |   0 |  0 |   0 |  37 | 3.400000e+01 | 1.062000e+02 | 212.35%| unknown
  454s| 59500 | 46537 |  8840k| 148.6 |   110M | 132 | 951 |5425 |5425 |   0 |  0 |   0 |  37 | 3.400000e+01 | 1.062000e+02 | 212.35%| unknown
  456s| 59600 | 46629 |  8863k| 148.7 |   110M | 132 | 951 |5425 |5425 |   0 |  0 |   0 |  37 | 3.400000e+01 | 1.062000e+02 | 212.35%| unknown
  457s| 59700 | 46699 |  8893k| 148.9 |   110M | 136 | 951 |5425 |5425 |   0 |  0 |   0 |  37 | 3.400000e+01 | 1.062000e+02 | 212.35%| unknown
  458s| 59800 | 46763 |  8909k| 149.0 |   111M | 136 | 951 |5425 |5425 |   0 |  0 |   0 |  37 | 3.400000e+01 | 1.062000e+02 | 212.35%| unknown
 time | node  | left  |LP iter|LP it/n|mem/heur|mdpt |vars |cons |rows |cuts |sepa|confs|strbr|  dualbound   | primalbound  |  gap   | compl. 
  459s| 59900 | 46839 |  8935k| 149.2 |   111M | 136 | 951 |5425 |5425 |   0 |  0 |   0 |  37 | 3.400000e+01 | 1.062000e+02 | 212.35%| unknown
  460s| 60000 | 46921 |  8950k| 149.2 |   111M | 136 | 951 |5425 |5425 |   0 |  0 |   0 |  37 | 3.400000e+01 | 1.062000e+02 | 212.35%| unknown
  461s| 60100 | 46997 |  8972k| 149.3 |   111M | 136 | 951 |5425 |5425 |   0 |  0 |   0 |  37 | 3.400000e+01 | 1.062000e+02 | 212.35%| unknown
  462s| 60200 | 47079 |  8989k| 149.3 |   111M | 136 | 951 |5425 |5425 |   0 |  0 |   0 |  37 | 3.400000e+01 | 1.062000e+02 | 212.35%| unknown
  463s| 60300 | 47151 |  9012k| 149.5 |   111M | 136 | 951 |5425 |5425 |   0 |  0 |   0 |  37 | 3.400000e+01 | 1.062000e+02 | 212.35%| unknown
  464s| 60400 | 47231 |  9033k| 149.5 |   111M | 136 | 951 |5425 |5425 |   0 |  0 |   0 |  37 | 3.400000e+01 | 1.062000e+02 | 212.35%| unknown
  465s| 60500 | 47307 |  9051k| 149.6 |   112M | 136 | 951 |5425 |5425 |   0 |  0 |   0 |  37 | 3.400000e+01 | 1.062000e+02 | 212.35%| unknown
  466s| 60600 | 47377 |  9067k| 149.6 |   112M | 136 | 951 |5425 |5425 |   0 |  0 |   0 |  37 | 3.400000e+01 | 1.062000e+02 | 212.35%| unknown
  467s| 60700 | 47445 |  9085k| 149.7 |   112M | 136 | 951 |5425 |5425 |   0 |  0 |   0 |  37 | 3.400000e+01 | 1.062000e+02 | 212.35%| unknown
  467s| 60800 | 47539 |  9102k| 149.7 |   112M | 136 | 951 |5425 |5425 |   0 |  0 |   0 |  37 | 3.400000e+01 | 1.062000e+02 | 212.35%| unknown
  469s| 60900 | 47627 |  9132k| 149.9 |   112M | 136 | 951 |5425 |5425 |   0 |  0 |   0 |  37 | 3.400000e+01 | 1.062000e+02 | 212.35%| unknown
  469s| 61000 | 47703 |  9133k| 149.7 |   113M | 136 | 951 |5425 |5425 |   0 |  0 |   0 |  37 | 3.400000e+01 | 1.062000e+02 | 212.35%| unknown
  469s| 61100 | 47765 |  9135k| 149.5 |   113M | 136 | 951 |5425 |5425 |   0 |  0 |   0 |  37 | 3.400000e+01 | 1.062000e+02 | 212.35%| unknown
  469s| 61200 | 47837 |  9137k| 149.3 |   113M | 136 | 951 |5425 |5425 |   0 |  0 |   0 |  37 | 3.400000e+01 | 1.062000e+02 | 212.35%| unknown
  470s| 61300 | 47907 |  9139k| 149.1 |   113M | 136 | 951 |5425 |5425 |   0 |  0 |   0 |  37 | 3.400000e+01 | 1.062000e+02 | 212.35%| unknown
 time | node  | left  |LP iter|LP it/n|mem/heur|mdpt |vars |cons |rows |cuts |sepa|confs|strbr|  dualbound   | primalbound  |  gap   | compl. 
  470s| 61400 | 47991 |  9140k| 148.9 |   113M | 136 | 951 |5425 |5425 |   0 |  0 |   0 |  37 | 3.400000e+01 | 1.062000e+02 | 212.35%| unknown
  470s| 61500 | 48065 |  9144k| 148.7 |   113M | 136 | 951 |5425 |5425 |   0 |  0 |   0 |  37 | 3.400000e+01 | 1.062000e+02 | 212.35%| unknown
  470s| 61600 | 48139 |  9146k| 148.5 |   114M | 136 | 951 |5425 |5425 |   0 |  0 |   0 |  37 | 3.400000e+01 | 1.062000e+02 | 212.35%| unknown
  470s| 61700 | 48203 |  9148k| 148.3 |   114M | 136 | 951 |5425 |5425 |   0 |  0 |   0 |  37 | 3.400000e+01 | 1.062000e+02 | 212.35%| unknown
  471s| 61800 | 48279 |  9150k| 148.0 |   114M | 136 | 951 |5425 |5425 |   0 |  0 |   0 |  37 | 3.400000e+01 | 1.062000e+02 | 212.35%| unknown
  471s| 61900 | 48357 |  9151k| 147.8 |   114M | 136 | 951 |5425 |5425 |   0 |  0 |   0 |  37 | 3.400000e+01 | 1.062000e+02 | 212.35%| unknown
  471s| 62000 | 48439 |  9153k| 147.6 |   114M | 136 | 951 |5425 |5425 |   0 |  0 |   0 |  37 | 3.400000e+01 | 1.062000e+02 | 212.35%| unknown
  471s| 62100 | 48529 |  9154k| 147.4 |   114M | 136 | 951 |5425 |5425 |   0 |  0 |   0 |  37 | 3.400000e+01 | 1.062000e+02 | 212.35%| unknown
  471s| 62200 | 48605 |  9156k| 147.2 |   114M | 136 | 951 |5425 |5425 |   0 |  0 |   0 |  37 | 3.400000e+01 | 1.062000e+02 | 212.35%| unknown
  472s| 62300 | 48677 |  9158k| 147.0 |   114M | 136 | 951 |5425 |5425 |   0 |  0 |   0 |  37 | 3.400000e+01 | 1.062000e+02 | 212.35%| unknown
  472s| 62400 | 48761 |  9159k| 146.8 |   114M | 136 | 951 |5425 |5425 |   0 |  0 |   0 |  37 | 3.400000e+01 | 1.062000e+02 | 212.35%| unknown
  472s| 62500 | 48837 |  9161k| 146.6 |   114M | 136 | 951 |5425 |5425 |   0 |  0 |   0 |  37 | 3.400000e+01 | 1.062000e+02 | 212.35%| unknown
  472s| 62600 | 48911 |  9166k| 146.4 |   114M | 136 | 951 |5425 |5425 |   0 |  0 |   0 |  37 | 3.400000e+01 | 1.062000e+02 | 212.35%| unknown
  473s| 62700 | 48987 |  9185k| 146.5 |   115M | 136 | 951 |5425 |5425 |   0 |  0 |   0 |  37 | 3.400000e+01 | 1.062000e+02 | 212.35%| unknown
  475s| 62800 | 49067 |  9209k| 146.6 |   115M | 136 | 951 |5425 |5425 |   0 |  0 |   0 |  37 | 3.400000e+01 | 1.062000e+02 | 212.35%| unknown
 time | node  | left  |LP iter|LP it/n|mem/heur|mdpt |vars |cons |rows |cuts |sepa|confs|strbr|  dualbound   | primalbound  |  gap   | compl. 
  476s| 62900 | 49145 |  9234k| 146.8 |   115M | 136 | 951 |5425 |5425 |   0 |  0 |   0 |  37 | 3.400000e+01 | 1.062000e+02 | 212.35%| unknown
  477s| 63000 | 49233 |  9254k| 146.9 |   115M | 136 | 951 |5425 |5425 |   0 |  0 |   0 |  37 | 3.400000e+01 | 1.062000e+02 | 212.35%| unknown
  478s| 63100 | 49317 |  9287k| 147.2 |   115M | 136 | 951 |5425 |5425 |   0 |  0 |   0 |  37 | 3.400000e+01 | 1.062000e+02 | 212.35%| unknown
  479s| 63200 | 49395 |  9301k| 147.2 |   116M | 136 | 951 |5425 |5425 |   0 |  0 |   0 |  37 | 3.400000e+01 | 1.062000e+02 | 212.35%| unknown
  480s| 63300 | 49471 |  9324k| 147.3 |   116M | 136 | 951 |5425 |5425 |   0 |  0 |   0 |  37 | 3.400000e+01 | 1.062000e+02 | 212.35%| unknown
  481s| 63400 | 49549 |  9336k| 147.2 |   116M | 136 | 951 |5425 |5425 |   0 |  0 |   0 |  37 | 3.400000e+01 | 1.062000e+02 | 212.35%| unknown
  482s| 63500 | 49631 |  9352k| 147.3 |   116M | 136 | 951 |5425 |5425 |   0 |  0 |   0 |  37 | 3.400000e+01 | 1.062000e+02 | 212.35%| unknown
  483s| 63600 | 49715 |  9372k| 147.3 |   116M | 136 | 951 |5425 |5425 |   0 |  0 |   0 |  37 | 3.400000e+01 | 1.062000e+02 | 212.35%| unknown
  484s| 63700 | 49787 |  9399k| 147.5 |   117M | 136 | 951 |5425 |5425 |   0 |  0 |   0 |  37 | 3.400000e+01 | 1.062000e+02 | 212.35%| unknown
  484s| 63800 | 49857 |  9403k| 147.4 |   117M | 136 | 951 |5425 |5425 |   0 |  0 |   0 |  37 | 3.400000e+01 | 1.062000e+02 | 212.35%| unknown
  485s| 63900 | 49941 |  9415k| 147.3 |   117M | 136 | 951 |5425 |5425 |   0 |  0 |   0 |  37 | 3.400000e+01 | 1.062000e+02 | 212.35%| unknown
  486s| 64000 | 50013 |  9433k| 147.4 |   117M | 136 | 951 |5425 |5425 |   0 |  0 |   0 |  37 | 3.400000e+01 | 1.062000e+02 | 212.35%| unknown
  487s| 64100 | 50083 |  9451k| 147.4 |   117M | 136 | 951 |5425 |5425 |   0 |  0 |   0 |  37 | 3.400000e+01 | 1.062000e+02 | 212.35%| unknown
  488s| 64200 | 50153 |  9470k| 147.5 |   117M | 136 | 951 |5425 |5425 |   0 |  0 |   0 |  37 | 3.400000e+01 | 1.062000e+02 | 212.35%| unknown
  489s| 64300 | 50239 |  9487k| 147.5 |   117M | 136 | 951 |5425 |5425 |   0 |  0 |   0 |  37 | 3.400000e+01 | 1.062000e+02 | 212.35%| unknown
 time | node  | left  |LP iter|LP it/n|mem/heur|mdpt |vars |cons |rows |cuts |sepa|confs|strbr|  dualbound   | primalbound  |  gap   | compl. 
  489s| 64400 | 50315 |  9503k| 147.6 |   117M | 136 | 951 |5425 |5425 |   0 |  0 |   0 |  37 | 3.400000e+01 | 1.062000e+02 | 212.35%| unknown
  490s| 64500 | 50393 |  9514k| 147.5 |   117M | 136 | 951 |5425 |5425 |   0 |  0 |   0 |  37 | 3.400000e+01 | 1.062000e+02 | 212.35%| unknown
  491s| 64600 | 50469 |  9533k| 147.6 |   117M | 136 | 951 |5425 |5425 |   0 |  0 |   0 |  37 | 3.400000e+01 | 1.062000e+02 | 212.35%| unknown
  492s| 64700 | 50537 |  9551k| 147.6 |   117M | 136 | 951 |5425 |5425 |   0 |  0 |   0 |  37 | 3.400000e+01 | 1.062000e+02 | 212.35%| unknown
  492s| 64800 | 50605 |  9553k| 147.4 |   118M | 136 | 951 |5425 |5425 |   0 |  0 |   0 |  37 | 3.400000e+01 | 1.062000e+02 | 212.35%| unknown
  492s| 64900 | 50697 |  9555k| 147.2 |   118M | 136 | 951 |5425 |5425 |   0 |  0 |   0 |  37 | 3.400000e+01 | 1.062000e+02 | 212.35%| unknown
  493s| 65000 | 50767 |  9575k| 147.3 |   118M | 136 | 951 |5425 |5425 |   0 |  0 |   0 |  37 | 3.400000e+01 | 1.062000e+02 | 212.35%| unknown
  494s| 65100 | 50841 |  9600k| 147.5 |   118M | 136 | 951 |5425 |5425 |   0 |  0 |   0 |  37 | 3.400000e+01 | 1.062000e+02 | 212.35%| unknown
  495s| 65200 | 50923 |  9615k| 147.5 |   118M | 136 | 951 |5425 |5425 |   0 |  0 |   0 |  37 | 3.400000e+01 | 1.062000e+02 | 212.35%| unknown
  496s| 65300 | 50987 |  9640k| 147.6 |   118M | 136 | 951 |5425 |5425 |   0 |  0 |   0 |  37 | 3.400000e+01 | 1.062000e+02 | 212.35%| unknown
  497s| 65400 | 51065 |  9660k| 147.7 |   118M | 136 | 951 |5425 |5425 |   0 |  0 |   0 |  37 | 3.400000e+01 | 1.062000e+02 | 212.35%| unknown
  498s| 65500 | 51137 |  9676k| 147.7 |   118M | 136 | 951 |5425 |5425 |   0 |  0 |   0 |  37 | 3.400000e+01 | 1.062000e+02 | 212.35%| unknown
  499s| 65600 | 51211 |  9695k| 147.8 |   118M | 136 | 951 |5425 |5425 |   0 |  0 |   0 |  37 | 3.400000e+01 | 1.062000e+02 | 212.35%| unknown
  500s| 65700 | 51277 |  9720k| 147.9 |   118M | 136 | 951 |5425 |5425 |   0 |  0 |   0 |  37 | 3.400000e+01 | 1.062000e+02 | 212.35%| unknown
  502s| 65800 | 51347 |  9743k| 148.1 |   118M | 136 | 951 |5425 |5425 |   0 |  0 |   0 |  37 | 3.400000e+01 | 1.062000e+02 | 212.35%| unknown
 time | node  | left  |LP iter|LP it/n|mem/heur|mdpt |vars |cons |rows |cuts |sepa|confs|strbr|  dualbound   | primalbound  |  gap   | compl. 
  502s| 65900 | 51427 |  9756k| 148.0 |   120M | 136 | 951 |5425 |5425 |   0 |  0 |   0 |  37 | 3.400000e+01 | 1.062000e+02 | 212.35%| unknown
  504s| 66000 | 51509 |  9782k| 148.2 |   121M | 136 | 951 |5425 |5425 |   0 |  0 |   0 |  37 | 3.400000e+01 | 1.062000e+02 | 212.35%| unknown
  505s| 66100 | 51575 |  9805k| 148.3 |   121M | 137 | 951 |5425 |5425 |   0 |  0 |   0 |  37 | 3.400000e+01 | 1.062000e+02 | 212.35%| unknown
  506s| 66200 | 51637 |  9829k| 148.5 |   121M | 137 | 951 |5425 |5425 |   0 |  0 |   0 |  37 | 3.400000e+01 | 1.062000e+02 | 212.35%| unknown
  507s| 66300 | 51715 |  9853k| 148.6 |   121M | 137 | 951 |5425 |5425 |   0 |  0 |   0 |  37 | 3.400000e+01 | 1.062000e+02 | 212.35%| unknown
  508s| 66400 | 51789 |  9870k| 148.6 |   121M | 137 | 951 |5425 |5425 |   0 |  0 |   0 |  37 | 3.400000e+01 | 1.062000e+02 | 212.35%| unknown
  509s| 66500 | 51875 |  9885k| 148.6 |   121M | 137 | 951 |5425 |5425 |   0 |  0 |   0 |  37 | 3.400000e+01 | 1.062000e+02 | 212.35%| unknown
  509s| 66600 | 51945 |  9889k| 148.5 |   121M | 137 | 951 |5425 |5425 |   0 |  0 |   0 |  37 | 3.400000e+01 | 1.062000e+02 | 212.35%| unknown
  509s| 66700 | 52003 |  9891k| 148.3 |   121M | 137 | 951 |5425 |5425 |   0 |  0 |   0 |  37 | 3.400000e+01 | 1.062000e+02 | 212.35%| unknown
  509s| 66800 | 52071 |  9893k| 148.1 |   121M | 137 | 951 |5425 |5425 |   0 |  0 |   0 |  37 | 3.400000e+01 | 1.062000e+02 | 212.35%| unknown
  509s| 66900 | 52157 |  9895k| 147.9 |   121M | 137 | 951 |5425 |5425 |   0 |  0 |   0 |  37 | 3.400000e+01 | 1.062000e+02 | 212.35%| unknown
  510s| 67000 | 52229 |  9896k| 147.7 |   122M | 137 | 951 |5425 |5425 |   0 |  0 |   0 |  37 | 3.400000e+01 | 1.062000e+02 | 212.35%| unknown
  510s| 67100 | 52307 |  9897k| 147.5 |   122M | 137 | 951 |5425 |5425 |   0 |  0 |   0 |  37 | 3.400000e+01 | 1.062000e+02 | 212.35%| unknown
  510s| 67200 | 52385 |  9899k| 147.3 |   122M | 137 | 951 |5425 |5425 |   0 |  0 |   0 |  37 | 3.400000e+01 | 1.062000e+02 | 212.35%| unknown
  511s| 67300 | 52465 |  9925k| 147.5 |   122M | 137 | 951 |5425 |5425 |   0 |  0 |   0 |  37 | 3.400000e+01 | 1.062000e+02 | 212.35%| unknown
 time | node  | left  |LP iter|LP it/n|mem/heur|mdpt |vars |cons |rows |cuts |sepa|confs|strbr|  dualbound   | primalbound  |  gap   | compl. 
  512s| 67400 | 52545 |  9944k| 147.5 |   122M | 137 | 951 |5425 |5425 |   0 |  0 |   0 |  37 | 3.400000e+01 | 1.062000e+02 | 212.35%| unknown
  513s| 67500 | 52629 |  9962k| 147.6 |   122M | 137 | 951 |5425 |5425 |   0 |  0 |   0 |  37 | 3.400000e+01 | 1.062000e+02 | 212.35%| unknown
  514s| 67600 | 52715 |  9982k| 147.7 |   122M | 137 | 951 |5425 |5425 |   0 |  0 |   0 |  37 | 3.400000e+01 | 1.062000e+02 | 212.35%| unknown
  515s| 67700 | 52807 | 10006k| 147.8 |   122M | 137 | 951 |5425 |5425 |   0 |  0 |   0 |  37 | 3.400000e+01 | 1.062000e+02 | 212.35%| unknown
  516s| 67800 | 52883 | 10029k| 147.9 |   122M | 137 | 951 |5425 |5425 |   0 |  0 |   0 |  37 | 3.400000e+01 | 1.062000e+02 | 212.35%| unknown
  518s| 67900 | 52941 | 10060k| 148.2 |   122M | 137 | 951 |5425 |5425 |   0 |  0 |   0 |  37 | 3.400000e+01 | 1.062000e+02 | 212.35%| unknown
  519s| 68000 | 52999 | 10076k| 148.2 |   122M | 137 | 951 |5425 |5425 |   0 |  0 |   0 |  37 | 3.400000e+01 | 1.062000e+02 | 212.35%| unknown
  520s| 68100 | 53089 | 10096k| 148.2 |   123M | 137 | 951 |5425 |5425 |   0 |  0 |   0 |  37 | 3.400000e+01 | 1.062000e+02 | 212.35%| unknown
  521s| 68200 | 53173 | 10118k| 148.4 |   124M | 137 | 951 |5425 |5425 |   0 |  0 |   0 |  37 | 3.400000e+01 | 1.062000e+02 | 212.35%| unknown
  522s| 68300 | 53255 | 10143k| 148.5 |   124M | 137 | 951 |5425 |5425 |   0 |  0 |   0 |  37 | 3.400000e+01 | 1.062000e+02 | 212.35%| unknown
  523s| 68400 | 53345 | 10161k| 148.5 |   124M | 137 | 951 |5425 |5425 |   0 |  0 |   0 |  37 | 3.400000e+01 | 1.062000e+02 | 212.35%| unknown
  524s| 68500 | 53429 | 10185k| 148.7 |   124M | 137 | 951 |5425 |5425 |   0 |  0 |   0 |  37 | 3.400000e+01 | 1.062000e+02 | 212.35%| unknown
  525s| 68600 | 53517 | 10207k| 148.8 |   124M | 137 | 951 |5425 |5425 |   0 |  0 |   0 |  37 | 3.400000e+01 | 1.062000e+02 | 212.35%| unknown
  526s| 68700 | 53611 | 10222k| 148.8 |   124M | 137 | 951 |5425 |5425 |   0 |  0 |   0 |  37 | 3.400000e+01 | 1.062000e+02 | 212.35%| unknown
  527s| 68800 | 53683 | 10246k| 148.9 |   124M | 137 | 951 |5425 |5425 |   0 |  0 |   0 |  37 | 3.400000e+01 | 1.062000e+02 | 212.35%| unknown
 time | node  | left  |LP iter|LP it/n|mem/heur|mdpt |vars |cons |rows |cuts |sepa|confs|strbr|  dualbound   | primalbound  |  gap   | compl. 
  528s| 68900 | 53769 | 10262k| 148.9 |   124M | 137 | 951 |5425 |5425 |   0 |  0 |   0 |  37 | 3.400000e+01 | 1.062000e+02 | 212.35%| unknown
  529s| 69000 | 53845 | 10285k| 149.1 |   124M | 137 | 951 |5425 |5425 |   0 |  0 |   0 |  37 | 3.400000e+01 | 1.062000e+02 | 212.35%| unknown
  531s| 69100 | 53923 | 10313k| 149.2 |   125M | 137 | 951 |5425 |5425 |   0 |  0 |   0 |  37 | 3.400000e+01 | 1.062000e+02 | 212.35%| unknown
  532s| 69200 | 54011 | 10338k| 149.4 |   125M | 137 | 951 |5425 |5425 |   0 |  0 |   0 |  37 | 3.400000e+01 | 1.062000e+02 | 212.35%| unknown
  533s| 69300 | 54083 | 10360k| 149.5 |   125M | 137 | 951 |5425 |5425 |   0 |  0 |   0 |  37 | 3.400000e+01 | 1.062000e+02 | 212.35%| unknown
  534s| 69400 | 54167 | 10388k| 149.7 |   125M | 137 | 951 |5425 |5425 |   0 |  0 |   0 |  37 | 3.400000e+01 | 1.062000e+02 | 212.35%| unknown
  536s| 69500 | 54243 | 10413k| 149.8 |   125M | 137 | 951 |5425 |5425 |   0 |  0 |   0 |  37 | 3.400000e+01 | 1.062000e+02 | 212.35%| unknown
  537s| 69600 | 54333 | 10436k| 149.9 |   125M | 137 | 951 |5425 |5425 |   0 |  0 |   0 |  37 | 3.400000e+01 | 1.062000e+02 | 212.35%| unknown
  537s| 69700 | 54421 | 10452k| 149.9 |   125M | 137 | 951 |5425 |5425 |   0 |  0 |   0 |  37 | 3.400000e+01 | 1.062000e+02 | 212.35%| unknown
  538s| 69800 | 54499 | 10468k| 150.0 |   125M | 137 | 951 |5425 |5425 |   0 |  0 |   0 |  37 | 3.400000e+01 | 1.062000e+02 | 212.35%| unknown
  539s| 69900 | 54571 | 10469k| 149.8 |   125M | 137 | 951 |5425 |5425 |   0 |  0 |   0 |  37 | 3.400000e+01 | 1.062000e+02 | 212.35%| unknown
  540s| 70000 | 54645 | 10490k| 149.8 |   125M | 137 | 951 |5425 |5425 |   0 |  0 |   0 |  37 | 3.400000e+01 | 1.062000e+02 | 212.35%| unknown
  541s| 70100 | 54717 | 10513k| 150.0 |   126M | 137 | 951 |5425 |5425 |   0 |  0 |   0 |  37 | 3.400000e+01 | 1.062000e+02 | 212.35%| unknown
  542s| 70200 | 54795 | 10531k| 150.0 |   126M | 137 | 951 |5425 |5425 |   0 |  0 |   0 |  37 | 3.400000e+01 | 1.062000e+02 | 212.35%| unknown
  543s| 70300 | 54869 | 10548k| 150.0 |   126M | 137 | 951 |5425 |5425 |   0 |  0 |   0 |  37 | 3.400000e+01 | 1.062000e+02 | 212.35%| unknown
 time | node  | left  |LP iter|LP it/n|mem/heur|mdpt |vars |cons |rows |cuts |sepa|confs|strbr|  dualbound   | primalbound  |  gap   | compl. 
  543s| 70400 | 54947 | 10562k| 150.0 |   126M | 137 | 951 |5425 |5425 |   0 |  0 |   0 |  37 | 3.400000e+01 | 1.062000e+02 | 212.35%| unknown
  544s| 70500 | 55037 | 10585k| 150.1 |   126M | 137 | 951 |5425 |5425 |   0 |  0 |   0 |  37 | 3.400000e+01 | 1.062000e+02 | 212.35%| unknown
  545s| 70600 | 55119 | 10603k| 150.2 |   126M | 137 | 951 |5425 |5425 |   0 |  0 |   0 |  37 | 3.400000e+01 | 1.062000e+02 | 212.35%| unknown
  547s| 70700 | 55201 | 10625k| 150.3 |   126M | 137 | 951 |5425 |5425 |   0 |  0 |   0 |  37 | 3.400000e+01 | 1.062000e+02 | 212.35%| unknown
  548s| 70800 | 55283 | 10647k| 150.4 |   126M | 137 | 951 |5425 |5425 |   0 |  0 |   0 |  37 | 3.400000e+01 | 1.062000e+02 | 212.35%| unknown
  549s| 70900 | 55361 | 10670k| 150.5 |   127M | 137 | 951 |5425 |5425 |   0 |  0 |   0 |  37 | 3.400000e+01 | 1.062000e+02 | 212.35%| unknown
  550s| 71000 | 55427 | 10685k| 150.5 |   127M | 137 | 951 |5425 |5425 |   0 |  0 |   0 |  37 | 3.400000e+01 | 1.062000e+02 | 212.35%| unknown
  551s| 71100 | 55503 | 10704k| 150.5 |   127M | 137 | 951 |5425 |5425 |   0 |  0 |   0 |  37 | 3.400000e+01 | 1.062000e+02 | 212.35%| unknown
  552s| 71200 | 55583 | 10723k| 150.6 |   128M | 137 | 951 |5425 |5425 |   0 |  0 |   0 |  37 | 3.400000e+01 | 1.062000e+02 | 212.35%| unknown
  552s| 71300 | 55667 | 10740k| 150.6 |   128M | 137 | 951 |5425 |5425 |   0 |  0 |   0 |  37 | 3.400000e+01 | 1.062000e+02 | 212.35%| unknown
  553s| 71400 | 55737 | 10759k| 150.7 |   128M | 137 | 951 |5425 |5425 |   0 |  0 |   0 |  37 | 3.400000e+01 | 1.062000e+02 | 212.35%| unknown
  554s| 71500 | 55807 | 10778k| 150.7 |   128M | 137 | 951 |5425 |5425 |   0 |  0 |   0 |  37 | 3.400000e+01 | 1.062000e+02 | 212.35%| unknown
  555s| 71600 | 55881 | 10794k| 150.8 |   128M | 137 | 951 |5425 |5425 |   0 |  0 |   0 |  37 | 3.400000e+01 | 1.062000e+02 | 212.35%| unknown
  556s| 71700 | 55961 | 10821k| 150.9 |   128M | 137 | 951 |5425 |5425 |   0 |  0 |   0 |  37 | 3.400000e+01 | 1.062000e+02 | 212.35%| unknown
  558s| 71800 | 56039 | 10845k| 151.0 |   128M | 137 | 951 |5425 |5425 |   0 |  0 |   0 |  37 | 3.400000e+01 | 1.062000e+02 | 212.35%| unknown
 time | node  | left  |LP iter|LP it/n|mem/heur|mdpt |vars |cons |rows |cuts |sepa|confs|strbr|  dualbound   | primalbound  |  gap   | compl. 
  559s| 71900 | 56111 | 10861k| 151.0 |   129M | 137 | 951 |5425 |5425 |   0 |  0 |   0 |  37 | 3.400000e+01 | 1.062000e+02 | 212.35%| unknown
  559s| 72000 | 56185 | 10879k| 151.1 |   129M | 137 | 951 |5425 |5425 |   0 |  0 |   0 |  37 | 3.400000e+01 | 1.062000e+02 | 212.35%| unknown
  561s| 72100 | 56253 | 10902k| 151.2 |   129M | 137 | 951 |5425 |5425 |   0 |  0 |   0 |  37 | 3.400000e+01 | 1.062000e+02 | 212.35%| unknown
  562s| 72200 | 56313 | 10923k| 151.3 |   129M | 137 | 951 |5425 |5425 |   0 |  0 |   0 |  37 | 3.400000e+01 | 1.062000e+02 | 212.35%| unknown
  563s| 72300 | 56391 | 10942k| 151.3 |   130M | 137 | 951 |5425 |5425 |   0 |  0 |   0 |  37 | 3.400000e+01 | 1.062000e+02 | 212.35%| unknown
  564s| 72400 | 56461 | 10964k| 151.4 |   130M | 137 | 951 |5425 |5425 |   0 |  0 |   0 |  37 | 3.400000e+01 | 1.062000e+02 | 212.35%| unknown
  565s| 72500 | 56535 | 10986k| 151.5 |   130M | 137 | 951 |5425 |5425 |   0 |  0 |   0 |  37 | 3.400000e+01 | 1.062000e+02 | 212.35%| unknown
  565s| 72600 | 56599 | 10997k| 151.5 |   130M | 137 | 951 |5425 |5425 |   0 |  0 |   0 |  37 | 3.400000e+01 | 1.062000e+02 | 212.35%| unknown
  567s| 72700 | 56665 | 11019k| 151.6 |   130M | 137 | 951 |5425 |5425 |   0 |  0 |   0 |  37 | 3.400000e+01 | 1.062000e+02 | 212.35%| unknown
  567s| 72800 | 56733 | 11035k| 151.6 |   130M | 137 | 951 |5425 |5425 |   0 |  0 |   0 |  37 | 3.400000e+01 | 1.062000e+02 | 212.35%| unknown
  568s| 72900 | 56807 | 11055k| 151.6 |   130M | 137 | 951 |5425 |5425 |   0 |  0 |   0 |  37 | 3.400000e+01 | 1.062000e+02 | 212.35%| unknown
  569s| 73000 | 56887 | 11078k| 151.7 |   130M | 137 | 951 |5425 |5425 |   0 |  0 |   0 |  37 | 3.400000e+01 | 1.062000e+02 | 212.35%| unknown
  570s| 73100 | 56967 | 11090k| 151.7 |   130M | 137 | 951 |5425 |5425 |   0 |  0 |   0 |  37 | 3.400000e+01 | 1.062000e+02 | 212.35%| unknown
  571s| 73200 | 57051 | 11106k| 151.7 |   130M | 137 | 951 |5425 |5425 |   0 |  0 |   0 |  37 | 3.400000e+01 | 1.062000e+02 | 212.35%| unknown
  572s| 73300 | 57125 | 11131k| 151.9 |   130M | 137 | 951 |5425 |5425 |   0 |  0 |   0 |  37 | 3.400000e+01 | 1.062000e+02 | 212.35%| unknown
 time | node  | left  |LP iter|LP it/n|mem/heur|mdpt |vars |cons |rows |cuts |sepa|confs|strbr|  dualbound   | primalbound  |  gap   | compl. 
  573s| 73400 | 57191 | 11150k| 151.9 |   132M | 137 | 951 |5425 |5425 |   0 |  0 |   0 |  37 | 3.400000e+01 | 1.062000e+02 | 212.35%| unknown
  574s| 73500 | 57255 | 11172k| 152.0 |   132M | 137 | 951 |5425 |5425 |   0 |  0 |   0 |  37 | 3.400000e+01 | 1.062000e+02 | 212.35%| unknown
  575s| 73600 | 57333 | 11191k| 152.0 |   132M | 137 | 951 |5425 |5425 |   0 |  0 |   0 |  37 | 3.400000e+01 | 1.062000e+02 | 212.35%| unknown
  576s| 73700 | 57407 | 11209k| 152.1 |   132M | 137 | 951 |5425 |5425 |   0 |  0 |   0 |  37 | 3.400000e+01 | 1.062000e+02 | 212.35%| unknown
  577s| 73800 | 57485 | 11231k| 152.2 |   132M | 137 | 951 |5425 |5425 |   0 |  0 |   0 |  37 | 3.400000e+01 | 1.062000e+02 | 212.35%| unknown
  577s| 73900 | 57561 | 11241k| 152.1 |   132M | 137 | 951 |5425 |5425 |   0 |  0 |   0 |  37 | 3.400000e+01 | 1.062000e+02 | 212.35%| unknown
  578s| 74000 | 57633 | 11259k| 152.1 |   132M | 137 | 951 |5425 |5425 |   0 |  0 |   0 |  37 | 3.400000e+01 | 1.062000e+02 | 212.35%| unknown
  579s| 74100 | 57717 | 11277k| 152.2 |   132M | 137 | 951 |5425 |5425 |   0 |  0 |   0 |  37 | 3.400000e+01 | 1.062000e+02 | 212.35%| unknown
  580s| 74200 | 57787 | 11293k| 152.2 |   132M | 137 | 951 |5425 |5425 |   0 |  0 |   0 |  37 | 3.400000e+01 | 1.062000e+02 | 212.35%| unknown
  581s| 74300 | 57861 | 11311k| 152.2 |   132M | 137 | 951 |5425 |5425 |   0 |  0 |   0 |  37 | 3.400000e+01 | 1.062000e+02 | 212.35%| unknown
  582s| 74400 | 57937 | 11327k| 152.2 |   132M | 137 | 951 |5425 |5425 |   0 |  0 |   0 |  37 | 3.400000e+01 | 1.062000e+02 | 212.35%| unknown
  583s| 74500 | 58017 | 11353k| 152.4 |   133M | 137 | 951 |5425 |5425 |   0 |  0 |   0 |  37 | 3.400000e+01 | 1.062000e+02 | 212.35%| unknown
  584s| 74600 | 58091 | 11366k| 152.4 |   133M | 137 | 951 |5425 |5425 |   0 |  0 |   0 |  37 | 3.400000e+01 | 1.062000e+02 | 212.35%| unknown
  584s| 74700 | 58161 | 11376k| 152.3 |   133M | 137 | 951 |5425 |5425 |   0 |  0 |   0 |  37 | 3.400000e+01 | 1.062000e+02 | 212.35%| unknown
  584s| 74800 | 58241 | 11378k| 152.1 |   133M | 137 | 951 |5425 |5425 |   0 |  0 |   0 |  37 | 3.400000e+01 | 1.062000e+02 | 212.35%| unknown
 time | node  | left  |LP iter|LP it/n|mem/heur|mdpt |vars |cons |rows |cuts |sepa|confs|strbr|  dualbound   | primalbound  |  gap   | compl. 
  585s| 74900 | 58307 | 11393k| 152.1 |   133M | 137 | 951 |5425 |5425 |   0 |  0 |   0 |  37 | 3.400000e+01 | 1.062000e+02 | 212.35%| unknown
  586s| 75000 | 58369 | 11417k| 152.2 |   133M | 137 | 951 |5425 |5425 |   0 |  0 |   0 |  37 | 3.400000e+01 | 1.062000e+02 | 212.35%| unknown
  588s| 75100 | 58447 | 11444k| 152.4 |   133M | 137 | 951 |5425 |5425 |   0 |  0 |   0 |  37 | 3.400000e+01 | 1.062000e+02 | 212.35%| unknown
  589s| 75200 | 58523 | 11464k| 152.4 |   133M | 137 | 951 |5425 |5425 |   0 |  0 |   0 |  37 | 3.400000e+01 | 1.062000e+02 | 212.35%| unknown
  590s| 75300 | 58609 | 11477k| 152.4 |   133M | 137 | 951 |5425 |5425 |   0 |  0 |   0 |  37 | 3.400000e+01 | 1.062000e+02 | 212.35%| unknown
  590s| 75400 | 58691 | 11493k| 152.4 |   133M | 137 | 951 |5425 |5425 |   0 |  0 |   0 |  37 | 3.400000e+01 | 1.062000e+02 | 212.35%| unknown
  591s| 75500 | 58773 | 11512k| 152.5 |   133M | 137 | 951 |5425 |5425 |   0 |  0 |   0 |  37 | 3.400000e+01 | 1.062000e+02 | 212.35%| unknown
  592s| 75600 | 58849 | 11527k| 152.5 |   134M | 137 | 951 |5425 |5425 |   0 |  0 |   0 |  37 | 3.400000e+01 | 1.062000e+02 | 212.35%| unknown
  593s| 75700 | 58929 | 11543k| 152.5 |   134M | 137 | 951 |5425 |5425 |   0 |  0 |   0 |  37 | 3.400000e+01 | 1.062000e+02 | 212.35%| unknown
  594s| 75800 | 59007 | 11568k| 152.6 |   134M | 137 | 951 |5425 |5425 |   0 |  0 |   0 |  37 | 3.400000e+01 | 1.062000e+02 | 212.35%| unknown
  595s| 75900 | 59085 | 11591k| 152.7 |   136M | 137 | 951 |5425 |5425 |   0 |  0 |   0 |  37 | 3.400000e+01 | 1.062000e+02 | 212.35%| unknown
  596s| 76000 | 59171 | 11610k| 152.8 |   137M | 137 | 951 |5425 |5425 |   0 |  0 |   0 |  37 | 3.400000e+01 | 1.062000e+02 | 212.35%| unknown
  597s| 76100 | 59247 | 11628k| 152.8 |   137M | 137 | 951 |5425 |5425 |   0 |  0 |   0 |  37 | 3.400000e+01 | 1.062000e+02 | 212.35%| unknown
  598s| 76200 | 59331 | 11644k| 152.8 |   137M | 137 | 951 |5425 |5425 |   0 |  0 |   0 |  37 | 3.400000e+01 | 1.062000e+02 | 212.35%| unknown
  599s| 76300 | 59419 | 11658k| 152.8 |   137M | 137 | 951 |5425 |5425 |   0 |  0 |   0 |  37 | 3.400000e+01 | 1.062000e+02 | 212.35%| unknown
 time | node  | left  |LP iter|LP it/n|mem/heur|mdpt |vars |cons |rows |cuts |sepa|confs|strbr|  dualbound   | primalbound  |  gap   | compl. 
  600s| 76400 | 59497 | 11677k| 152.8 |   137M | 137 | 951 |5425 |5425 |   0 |  0 |   0 |  37 | 3.400000e+01 | 1.062000e+02 | 212.35%| unknown
  600s| 76500 | 59589 | 11684k| 152.7 |   137M | 137 | 951 |5425 |5425 |   0 |  0 |   0 |  37 | 3.400000e+01 | 1.062000e+02 | 212.35%| unknown
  600s| 76600 | 59663 | 11686k| 152.6 |   138M | 137 | 951 |5425 |5425 |   0 |  0 |   0 |  37 | 3.400000e+01 | 1.062000e+02 | 212.35%| unknown
  600s| 76700 | 59759 | 11687k| 152.4 |   138M | 137 | 951 |5425 |5425 |   0 |  0 |   0 |  37 | 3.400000e+01 | 1.062000e+02 | 212.35%| unknown
  601s| 76800 | 59851 | 11688k| 152.2 |   138M | 137 | 951 |5425 |5425 |   0 |  0 |   0 |  37 | 3.400000e+01 | 1.062000e+02 | 212.35%| unknown
  601s| 76900 | 59947 | 11690k| 152.0 |   138M | 137 | 951 |5425 |5425 |   0 |  0 |   0 |  37 | 3.400000e+01 | 1.062000e+02 | 212.35%| unknown
  602s| 77000 | 60027 | 11709k| 152.1 |   138M | 137 | 951 |5425 |5425 |   0 |  0 |   0 |  37 | 3.400000e+01 | 1.062000e+02 | 212.35%| unknown
  602s| 77100 | 60111 | 11723k| 152.0 |   138M | 137 | 951 |5425 |5425 |   0 |  0 |   0 |  37 | 3.400000e+01 | 1.062000e+02 | 212.35%| unknown
  603s| 77200 | 60189 | 11735k| 152.0 |   138M | 137 | 951 |5425 |5425 |   0 |  0 |   0 |  37 | 3.400000e+01 | 1.062000e+02 | 212.35%| unknown
  603s| 77300 | 60259 | 11736k| 151.8 |   138M | 137 | 951 |5425 |5425 |   0 |  0 |   0 |  37 | 3.400000e+01 | 1.062000e+02 | 212.35%| unknown
  603s| 77400 | 60327 | 11738k| 151.6 |   138M | 137 | 951 |5425 |5425 |   0 |  0 |   0 |  37 | 3.400000e+01 | 1.062000e+02 | 212.35%| unknown
  604s| 77500 | 60399 | 11747k| 151.6 |   138M | 137 | 951 |5425 |5425 |   0 |  0 |   0 |  37 | 3.400000e+01 | 1.062000e+02 | 212.35%| unknown
  605s| 77600 | 60477 | 11768k| 151.6 |   138M | 137 | 951 |5425 |5425 |   0 |  0 |   0 |  37 | 3.400000e+01 | 1.062000e+02 | 212.35%| unknown
  606s| 77700 | 60545 | 11788k| 151.7 |   139M | 137 | 951 |5425 |5425 |   0 |  0 |   0 |  37 | 3.400000e+01 | 1.062000e+02 | 212.35%| unknown
  607s| 77800 | 60629 | 11803k| 151.7 |   139M | 137 | 951 |5425 |5425 |   0 |  0 |   0 |  37 | 3.400000e+01 | 1.062000e+02 | 212.35%| unknown
 time | node  | left  |LP iter|LP it/n|mem/heur|mdpt |vars |cons |rows |cuts |sepa|confs|strbr|  dualbound   | primalbound  |  gap   | compl. 
  608s| 77900 | 60713 | 11819k| 151.7 |   139M | 137 | 951 |5425 |5425 |   0 |  0 |   0 |  37 | 3.400000e+01 | 1.062000e+02 | 212.35%| unknown
  608s| 78000 | 60797 | 11833k| 151.7 |   140M | 137 | 951 |5425 |5425 |   0 |  0 |   0 |  37 | 3.400000e+01 | 1.062000e+02 | 212.35%| unknown
  609s| 78100 | 60883 | 11845k| 151.7 |   141M | 137 | 951 |5425 |5425 |   0 |  0 |   0 |  37 | 3.400000e+01 | 1.062000e+02 | 212.35%| unknown
  609s| 78200 | 60963 | 11855k| 151.6 |   141M | 137 | 951 |5425 |5425 |   0 |  0 |   0 |  37 | 3.400000e+01 | 1.062000e+02 | 212.35%| unknown
  610s| 78300 | 61037 | 11867k| 151.6 |   141M | 137 | 951 |5425 |5425 |   0 |  0 |   0 |  37 | 3.400000e+01 | 1.062000e+02 | 212.35%| unknown
  611s| 78400 | 61111 | 11882k| 151.5 |   141M | 137 | 951 |5425 |5425 |   0 |  0 |   0 |  37 | 3.400000e+01 | 1.062000e+02 | 212.35%| unknown
  612s| 78500 | 61191 | 11907k| 151.7 |   141M | 137 | 951 |5425 |5425 |   0 |  0 |   0 |  37 | 3.400000e+01 | 1.062000e+02 | 212.35%| unknown
  613s| 78600 | 61267 | 11924k| 151.7 |   141M | 137 | 951 |5425 |5425 |   0 |  0 |   0 |  37 | 3.400000e+01 | 1.062000e+02 | 212.35%| unknown
  614s| 78700 | 61331 | 11936k| 151.7 |   142M | 137 | 951 |5425 |5425 |   0 |  0 |   0 |  37 | 3.400000e+01 | 1.062000e+02 | 212.35%| unknown
  614s| 78800 | 61409 | 11944k| 151.6 |   142M | 137 | 951 |5425 |5425 |   0 |  0 |   0 |  37 | 3.400000e+01 | 1.062000e+02 | 212.35%| unknown
  615s| 78900 | 61487 | 11954k| 151.5 |   142M | 137 | 951 |5425 |5425 |   0 |  0 |   0 |  37 | 3.400000e+01 | 1.062000e+02 | 212.35%| unknown
  616s| 79000 | 61565 | 11973k| 151.6 |   142M | 137 | 951 |5425 |5425 |   0 |  0 |   0 |  37 | 3.400000e+01 | 1.062000e+02 | 212.35%| unknown
  617s| 79100 | 61647 | 11993k| 151.6 |   142M | 137 | 951 |5425 |5425 |   0 |  0 |   0 |  37 | 3.400000e+01 | 1.062000e+02 | 212.35%| unknown
  617s| 79200 | 61725 | 11996k| 151.5 |   142M | 137 | 951 |5425 |5425 |   0 |  0 |   0 |  37 | 3.400000e+01 | 1.062000e+02 | 212.35%| unknown
  617s| 79300 | 61799 | 12000k| 151.3 |   142M | 137 | 951 |5425 |5425 |   0 |  0 |   0 |  37 | 3.400000e+01 | 1.062000e+02 | 212.35%| unknown
 time | node  | left  |LP iter|LP it/n|mem/heur|mdpt |vars |cons |rows |cuts |sepa|confs|strbr|  dualbound   | primalbound  |  gap   | compl. 
  619s| 79400 | 61865 | 12028k| 151.5 |   142M | 137 | 951 |5425 |5425 |   0 |  0 |   0 |  37 | 3.400000e+01 | 1.062000e+02 | 212.35%| unknown
  619s| 79500 | 61935 | 12045k| 151.5 |   142M | 137 | 951 |5425 |5425 |   0 |  0 |   0 |  37 | 3.400000e+01 | 1.062000e+02 | 212.35%| unknown
  620s| 79600 | 62009 | 12063k| 151.5 |   142M | 137 | 951 |5425 |5425 |   0 |  0 |   0 |  37 | 3.400000e+01 | 1.062000e+02 | 212.35%| unknown
  621s| 79700 | 62089 | 12085k| 151.6 |   142M | 137 | 951 |5425 |5425 |   0 |  0 |   0 |  37 | 3.400000e+01 | 1.062000e+02 | 212.35%| unknown
  622s| 79800 | 62165 | 12089k| 151.5 |   143M | 137 | 951 |5425 |5425 |   0 |  0 |   0 |  37 | 3.400000e+01 | 1.062000e+02 | 212.35%| unknown
  622s| 79900 | 62243 | 12091k| 151.3 |   143M | 137 | 951 |5425 |5425 |   0 |  0 |   0 |  37 | 3.400000e+01 | 1.062000e+02 | 212.35%| unknown
  623s| 80000 | 62317 | 12104k| 151.3 |   143M | 137 | 951 |5425 |5425 |   0 |  0 |   0 |  37 | 3.400000e+01 | 1.062000e+02 | 212.35%| unknown
  623s| 80100 | 62397 | 12118k| 151.3 |   143M | 137 | 951 |5425 |5425 |   0 |  0 |   0 |  37 | 3.400000e+01 | 1.062000e+02 | 212.35%| unknown
  624s| 80200 | 62477 | 12138k| 151.3 |   143M | 137 | 951 |5425 |5425 |   0 |  0 |   0 |  37 | 3.400000e+01 | 1.062000e+02 | 212.35%| unknown
  625s| 80300 | 62555 | 12155k| 151.4 |   143M | 137 | 951 |5425 |5425 |   0 |  0 |   0 |  37 | 3.400000e+01 | 1.062000e+02 | 212.35%| unknown
  626s| 80400 | 62623 | 12172k| 151.4 |   143M | 137 | 951 |5425 |5425 |   0 |  0 |   0 |  37 | 3.400000e+01 | 1.062000e+02 | 212.35%| unknown
  627s| 80500 | 62699 | 12185k| 151.4 |   143M | 137 | 951 |5425 |5425 |   0 |  0 |   0 |  37 | 3.400000e+01 | 1.062000e+02 | 212.35%| unknown
  627s| 80600 | 62771 | 12199k| 151.3 |   143M | 137 | 951 |5425 |5425 |   0 |  0 |   0 |  37 | 3.400000e+01 | 1.062000e+02 | 212.35%| unknown
  628s| 80700 | 62851 | 12214k| 151.4 |   143M | 137 | 951 |5425 |5425 |   0 |  0 |   0 |  37 | 3.400000e+01 | 1.062000e+02 | 212.35%| unknown
  629s| 80800 | 62941 | 12239k| 151.5 |   143M | 137 | 951 |5425 |5425 |   0 |  0 |   0 |  37 | 3.400000e+01 | 1.062000e+02 | 212.35%| unknown
 time | node  | left  |LP iter|LP it/n|mem/heur|mdpt |vars |cons |rows |cuts |sepa|confs|strbr|  dualbound   | primalbound  |  gap   | compl. 
  631s| 80900 | 63015 | 12270k| 151.7 |   145M | 137 | 951 |5425 |5425 |   0 |  0 |   0 |  37 | 3.400000e+01 | 1.062000e+02 | 212.35%| unknown
  631s| 81000 | 63087 | 12283k| 151.6 |   145M | 137 | 951 |5425 |5425 |   0 |  0 |   0 |  37 | 3.400000e+01 | 1.062000e+02 | 212.35%| unknown
  632s| 81100 | 63171 | 12284k| 151.5 |   145M | 137 | 951 |5425 |5425 |   0 |  0 |   0 |  37 | 3.400000e+01 | 1.062000e+02 | 212.35%| unknown
  632s| 81200 | 63247 | 12286k| 151.3 |   145M | 137 | 951 |5425 |5425 |   0 |  0 |   0 |  37 | 3.400000e+01 | 1.062000e+02 | 212.35%| unknown
  632s| 81300 | 63317 | 12291k| 151.2 |   145M | 137 | 951 |5425 |5425 |   0 |  0 |   0 |  37 | 3.400000e+01 | 1.062000e+02 | 212.35%| unknown
  633s| 81400 | 63389 | 12303k| 151.1 |   145M | 137 | 951 |5425 |5425 |   0 |  0 |   0 |  37 | 3.400000e+01 | 1.062000e+02 | 212.35%| unknown
  634s| 81500 | 63479 | 12319k| 151.1 |   145M | 137 | 951 |5425 |5425 |   0 |  0 |   0 |  37 | 3.400000e+01 | 1.062000e+02 | 212.35%| unknown
  634s| 81600 | 63557 | 12329k| 151.1 |   145M | 137 | 951 |5425 |5425 |   0 |  0 |   0 |  37 | 3.400000e+01 | 1.062000e+02 | 212.35%| unknown
  635s| 81700 | 63635 | 12348k| 151.1 |   145M | 137 | 951 |5425 |5425 |   0 |  0 |   0 |  37 | 3.400000e+01 | 1.062000e+02 | 212.35%| unknown
  636s| 81800 | 63721 | 12366k| 151.2 |   145M | 137 | 951 |5425 |5425 |   0 |  0 |   0 |  37 | 3.400000e+01 | 1.062000e+02 | 212.35%| unknown
  637s| 81900 | 63799 | 12386k| 151.2 |   146M | 137 | 951 |5425 |5425 |   0 |  0 |   0 |  37 | 3.400000e+01 | 1.062000e+02 | 212.35%| unknown
  638s| 82000 | 63871 | 12408k| 151.3 |   146M | 137 | 951 |5425 |5425 |   0 |  0 |   0 |  37 | 3.400000e+01 | 1.062000e+02 | 212.35%| unknown
  639s| 82100 | 63945 | 12426k| 151.3 |   146M | 137 | 951 |5425 |5425 |   0 |  0 |   0 |  37 | 3.400000e+01 | 1.062000e+02 | 212.35%| unknown
  640s| 82200 | 64027 | 12446k| 151.4 |   146M | 137 | 951 |5425 |5425 |   0 |  0 |   0 |  37 | 3.400000e+01 | 1.062000e+02 | 212.35%| unknown
  641s| 82300 | 64105 | 12465k| 151.5 |   146M | 137 | 951 |5425 |5425 |   0 |  0 |   0 |  37 | 3.400000e+01 | 1.062000e+02 | 212.35%| unknown
 time | node  | left  |LP iter|LP it/n|mem/heur|mdpt |vars |cons |rows |cuts |sepa|confs|strbr|  dualbound   | primalbound  |  gap   | compl. 
  642s| 82400 | 64177 | 12488k| 151.5 |   146M | 137 | 951 |5425 |5425 |   0 |  0 |   0 |  37 | 3.400000e+01 | 1.062000e+02 | 212.35%| unknown
  643s| 82500 | 64243 | 12497k| 151.5 |   146M | 137 | 951 |5425 |5425 |   0 |  0 |   0 |  37 | 3.400000e+01 | 1.062000e+02 | 212.35%| unknown
  643s| 82600 | 64315 | 12514k| 151.5 |   146M | 137 | 951 |5425 |5425 |   0 |  0 |   0 |  37 | 3.400000e+01 | 1.062000e+02 | 212.35%| unknown
  644s| 82700 | 64393 | 12530k| 151.5 |   146M | 137 | 951 |5425 |5425 |   0 |  0 |   0 |  37 | 3.400000e+01 | 1.062000e+02 | 212.35%| unknown
  645s| 82800 | 64463 | 12554k| 151.6 |   146M | 137 | 951 |5425 |5425 |   0 |  0 |   0 |  37 | 3.400000e+01 | 1.062000e+02 | 212.35%| unknown
  646s| 82900 | 64545 | 12574k| 151.7 |   146M | 137 | 951 |5425 |5425 |   0 |  0 |   0 |  37 | 3.400000e+01 | 1.062000e+02 | 212.35%| unknown
  647s| 83000 | 64627 | 12590k| 151.7 |   147M | 137 | 951 |5425 |5425 |   0 |  0 |   0 |  37 | 3.400000e+01 | 1.062000e+02 | 212.35%| unknown
  648s| 83100 | 64695 | 12611k| 151.7 |   147M | 137 | 951 |5425 |5425 |   0 |  0 |   0 |  37 | 3.400000e+01 | 1.062000e+02 | 212.35%| unknown
  649s| 83200 | 64783 | 12622k| 151.7 |   147M | 137 | 951 |5425 |5425 |   0 |  0 |   0 |  37 | 3.400000e+01 | 1.062000e+02 | 212.35%| unknown
  650s| 83300 | 64861 | 12638k| 151.7 |   148M | 137 | 951 |5425 |5425 |   0 |  0 |   0 |  37 | 3.400000e+01 | 1.062000e+02 | 212.35%| unknown
  651s| 83400 | 64947 | 12657k| 151.8 |   148M | 137 | 951 |5425 |5425 |   0 |  0 |   0 |  37 | 3.400000e+01 | 1.062000e+02 | 212.35%| unknown
  652s| 83500 | 65023 | 12676k| 151.8 |   148M | 137 | 951 |5425 |5425 |   0 |  0 |   0 |  37 | 3.400000e+01 | 1.062000e+02 | 212.35%| unknown
  653s| 83600 | 65095 | 12694k| 151.8 |   148M | 137 | 951 |5425 |5425 |   0 |  0 |   0 |  37 | 3.400000e+01 | 1.062000e+02 | 212.35%| unknown
  654s| 83700 | 65165 | 12715k| 151.9 |   148M | 137 | 951 |5425 |5425 |   0 |  0 |   0 |  37 | 3.400000e+01 | 1.062000e+02 | 212.35%| unknown
  655s| 83800 | 65237 | 12736k| 152.0 |   148M | 137 | 951 |5425 |5425 |   0 |  0 |   0 |  37 | 3.400000e+01 | 1.062000e+02 | 212.35%| unknown
 time | node  | left  |LP iter|LP it/n|mem/heur|mdpt |vars |cons |rows |cuts |sepa|confs|strbr|  dualbound   | primalbound  |  gap   | compl. 
  656s| 83900 | 65311 | 12770k| 152.2 |   148M | 137 | 951 |5425 |5425 |   0 |  0 |   0 |  37 | 3.400000e+01 | 1.062000e+02 | 212.35%| unknown
  658s| 84000 | 65397 | 12797k| 152.3 |   148M | 137 | 951 |5425 |5425 |   0 |  0 |   0 |  37 | 3.400000e+01 | 1.062000e+02 | 212.35%| unknown
  658s| 84100 | 65487 | 12798k| 152.2 |   150M | 137 | 951 |5425 |5425 |   0 |  0 |   0 |  37 | 3.400000e+01 | 1.062000e+02 | 212.35%| unknown
  658s| 84200 | 65571 | 12799k| 152.0 |   150M | 137 | 951 |5425 |5425 |   0 |  0 |   0 |  37 | 3.400000e+01 | 1.062000e+02 | 212.35%| unknown
  658s| 84300 | 65657 | 12800k| 151.8 |   150M | 137 | 951 |5425 |5425 |   0 |  0 |   0 |  37 | 3.400000e+01 | 1.062000e+02 | 212.35%| unknown
  658s| 84400 | 65747 | 12802k| 151.7 |   150M | 137 | 951 |5425 |5425 |   0 |  0 |   0 |  37 | 3.400000e+01 | 1.062000e+02 | 212.35%| unknown
  659s| 84500 | 65831 | 12803k| 151.5 |   150M | 137 | 951 |5425 |5425 |   0 |  0 |   0 |  37 | 3.400000e+01 | 1.062000e+02 | 212.35%| unknown
  659s| 84600 | 65909 | 12811k| 151.4 |   150M | 137 | 951 |5425 |5425 |   0 |  0 |   0 |  37 | 3.400000e+01 | 1.062000e+02 | 212.35%| unknown
  659s| 84700 | 65979 | 12812k| 151.3 |   150M | 137 | 951 |5425 |5425 |   0 |  0 |   0 |  37 | 3.400000e+01 | 1.062000e+02 | 212.35%| unknown
  660s| 84800 | 66051 | 12814k| 151.1 |   150M | 137 | 951 |5425 |5425 |   0 |  0 |   0 |  37 | 3.400000e+01 | 1.062000e+02 | 212.35%| unknown
  660s| 84900 | 66129 | 12815k| 150.9 |   150M | 137 | 951 |5425 |5425 |   0 |  0 |   0 |  37 | 3.400000e+01 | 1.062000e+02 | 212.35%| unknown
  660s| 85000 | 66211 | 12817k| 150.8 |   150M | 137 | 951 |5425 |5425 |   0 |  0 |   0 |  37 | 3.400000e+01 | 1.062000e+02 | 212.35%| unknown
  661s| 85100 | 66289 | 12830k| 150.8 |   151M | 137 | 951 |5425 |5425 |   0 |  0 |   0 |  37 | 3.400000e+01 | 1.062000e+02 | 212.35%| unknown
  661s| 85200 | 66369 | 12845k| 150.8 |   151M | 137 | 951 |5425 |5425 |   0 |  0 |   0 |  37 | 3.400000e+01 | 1.062000e+02 | 212.35%| unknown
  662s| 85300 | 66439 | 12859k| 150.7 |   151M | 137 | 951 |5425 |5425 |   0 |  0 |   0 |  37 | 3.400000e+01 | 1.062000e+02 | 212.35%| unknown
 time | node  | left  |LP iter|LP it/n|mem/heur|mdpt |vars |cons |rows |cuts |sepa|confs|strbr|  dualbound   | primalbound  |  gap   | compl. 
  664s| 85400 | 66525 | 12888k| 150.9 |   151M | 137 | 951 |5425 |5425 |   0 |  0 |   0 |  37 | 3.400000e+01 | 1.062000e+02 | 212.35%| unknown
  665s| 85500 | 66597 | 12910k| 151.0 |   151M | 137 | 951 |5425 |5425 |   0 |  0 |   0 |  37 | 3.400000e+01 | 1.062000e+02 | 212.35%| unknown
  666s| 85600 | 66667 | 12929k| 151.0 |   151M | 137 | 951 |5425 |5425 |   0 |  0 |   0 |  37 | 3.400000e+01 | 1.062000e+02 | 212.35%| unknown
  667s| 85700 | 66743 | 12951k| 151.1 |   151M | 137 | 951 |5425 |5425 |   0 |  0 |   0 |  37 | 3.400000e+01 | 1.062000e+02 | 212.35%| unknown
  668s| 85800 | 66823 | 12977k| 151.2 |   151M | 137 | 951 |5425 |5425 |   0 |  0 |   0 |  37 | 3.400000e+01 | 1.062000e+02 | 212.35%| unknown
  669s| 85900 | 66893 | 13002k| 151.4 |   152M | 137 | 951 |5425 |5425 |   0 |  0 |   0 |  37 | 3.400000e+01 | 1.062000e+02 | 212.35%| unknown
  671s| 86000 | 66967 | 13036k| 151.6 |   152M | 137 | 951 |5425 |5425 |   0 |  0 |   0 |  37 | 3.400000e+01 | 1.062000e+02 | 212.35%| unknown
  672s| 86100 | 67041 | 13058k| 151.7 |   152M | 137 | 951 |5425 |5425 |   0 |  0 |   0 |  37 | 3.400000e+01 | 1.062000e+02 | 212.35%| unknown
  673s| 86200 | 67127 | 13083k| 151.8 |   153M | 137 | 951 |5425 |5425 |   0 |  0 |   0 |  37 | 3.400000e+01 | 1.062000e+02 | 212.35%| unknown
  675s| 86300 | 67209 | 13107k| 151.9 |   153M | 137 | 951 |5425 |5425 |   0 |  0 |   0 |  37 | 3.400000e+01 | 1.062000e+02 | 212.35%| unknown
  676s| 86400 | 67293 | 13129k| 152.0 |   153M | 137 | 951 |5425 |5425 |   0 |  0 |   0 |  37 | 3.400000e+01 | 1.062000e+02 | 212.35%| unknown
  677s| 86500 | 67365 | 13148k| 152.0 |   153M | 137 | 951 |5425 |5425 |   0 |  0 |   0 |  37 | 3.400000e+01 | 1.062000e+02 | 212.35%| unknown
  677s| 86600 | 67439 | 13162k| 152.0 |   153M | 137 | 951 |5425 |5425 |   0 |  0 |   0 |  37 | 3.400000e+01 | 1.062000e+02 | 212.35%| unknown
  679s| 86700 | 67517 | 13190k| 152.1 |   153M | 137 | 951 |5425 |5425 |   0 |  0 |   0 |  37 | 3.400000e+01 | 1.062000e+02 | 212.35%| unknown
  680s| 86800 | 67593 | 13209k| 152.2 |   153M | 137 | 951 |5425 |5425 |   0 |  0 |   0 |  37 | 3.400000e+01 | 1.062000e+02 | 212.35%| unknown
 time | node  | left  |LP iter|LP it/n|mem/heur|mdpt |vars |cons |rows |cuts |sepa|confs|strbr|  dualbound   | primalbound  |  gap   | compl. 
  681s| 86900 | 67673 | 13225k| 152.2 |   153M | 137 | 951 |5425 |5425 |   0 |  0 |   0 |  37 | 3.400000e+01 | 1.062000e+02 | 212.35%| unknown
  682s| 87000 | 67753 | 13243k| 152.2 |   153M | 137 | 951 |5425 |5425 |   0 |  0 |   0 |  37 | 3.400000e+01 | 1.062000e+02 | 212.35%| unknown
  683s| 87100 | 67825 | 13264k| 152.3 |   153M | 137 | 951 |5425 |5425 |   0 |  0 |   0 |  37 | 3.400000e+01 | 1.062000e+02 | 212.35%| unknown
  684s| 87200 | 67907 | 13284k| 152.3 |   153M | 137 | 951 |5425 |5425 |   0 |  0 |   0 |  37 | 3.400000e+01 | 1.062000e+02 | 212.35%| unknown
  685s| 87300 | 67979 | 13304k| 152.4 |   154M | 137 | 951 |5425 |5425 |   0 |  0 |   0 |  37 | 3.400000e+01 | 1.062000e+02 | 212.35%| unknown
  686s| 87400 | 68055 | 13318k| 152.4 |   154M | 137 | 951 |5425 |5425 |   0 |  0 |   0 |  37 | 3.400000e+01 | 1.062000e+02 | 212.35%| unknown
  686s| 87500 | 68119 | 13332k| 152.4 |   154M | 137 | 951 |5425 |5425 |   0 |  0 |   0 |  37 | 3.400000e+01 | 1.062000e+02 | 212.35%| unknown
  686s| 87600 | 68193 | 13333k| 152.2 |   154M | 137 | 951 |5425 |5425 |   0 |  0 |   0 |  37 | 3.400000e+01 | 1.062000e+02 | 212.35%| unknown
  687s| 87700 | 68267 | 13335k| 152.0 |   154M | 137 | 951 |5425 |5425 |   0 |  0 |   0 |  37 | 3.400000e+01 | 1.062000e+02 | 212.35%| unknown
  687s| 87800 | 68349 | 13336k| 151.9 |   154M | 137 | 951 |5425 |5425 |   0 |  0 |   0 |  37 | 3.400000e+01 | 1.062000e+02 | 212.35%| unknown
  687s| 87900 | 68429 | 13345k| 151.8 |   154M | 137 | 951 |5425 |5425 |   0 |  0 |   0 |  37 | 3.400000e+01 | 1.062000e+02 | 212.35%| unknown
  688s| 88000 | 68519 | 13365k| 151.9 |   155M | 137 | 951 |5425 |5425 |   0 |  0 |   0 |  37 | 3.400000e+01 | 1.062000e+02 | 212.35%| unknown
  689s| 88100 | 68585 | 13381k| 151.9 |   155M | 137 | 951 |5425 |5425 |   0 |  0 |   0 |  37 | 3.400000e+01 | 1.062000e+02 | 212.35%| unknown
  690s| 88200 | 68653 | 13394k| 151.9 |   155M | 137 | 951 |5425 |5425 |   0 |  0 |   0 |  37 | 3.400000e+01 | 1.062000e+02 | 212.35%| unknown
  690s| 88300 | 68721 | 13395k| 151.7 |   155M | 137 | 951 |5425 |5425 |   0 |  0 |   0 |  37 | 3.400000e+01 | 1.062000e+02 | 212.35%| unknown
 time | node  | left  |LP iter|LP it/n|mem/heur|mdpt |vars |cons |rows |cuts |sepa|confs|strbr|  dualbound   | primalbound  |  gap   | compl. 
  691s| 88400 | 68801 | 13413k| 151.7 |   156M | 137 | 951 |5425 |5425 |   0 |  0 |   0 |  37 | 3.400000e+01 | 1.062000e+02 | 212.35%| unknown
  692s| 88500 | 68875 | 13434k| 151.8 |   156M | 137 | 951 |5425 |5425 |   0 |  0 |   0 |  37 | 3.400000e+01 | 1.062000e+02 | 212.35%| unknown
  694s| 88600 | 68965 | 13469k| 152.0 |   156M | 137 | 951 |5425 |5425 |   0 |  0 |   0 |  37 | 3.400000e+01 | 1.062000e+02 | 212.35%| unknown
  695s| 88700 | 69043 | 13487k| 152.1 |   156M | 137 | 951 |5425 |5425 |   0 |  0 |   0 |  37 | 3.400000e+01 | 1.062000e+02 | 212.35%| unknown
  695s| 88800 | 69127 | 13502k| 152.0 |   156M | 137 | 951 |5425 |5425 |   0 |  0 |   0 |  37 | 3.400000e+01 | 1.062000e+02 | 212.35%| unknown
  697s| 88900 | 69205 | 13525k| 152.1 |   156M | 137 | 951 |5425 |5425 |   0 |  0 |   0 |  37 | 3.400000e+01 | 1.062000e+02 | 212.35%| unknown
  698s| 89000 | 69291 | 13544k| 152.2 |   156M | 137 | 951 |5425 |5425 |   0 |  0 |   0 |  37 | 3.400000e+01 | 1.062000e+02 | 212.35%| unknown
  699s| 89100 | 69373 | 13563k| 152.2 |   156M | 137 | 951 |5425 |5425 |   0 |  0 |   0 |  37 | 3.400000e+01 | 1.062000e+02 | 212.35%| unknown
  700s| 89200 | 69461 | 13579k| 152.2 |   156M | 137 | 951 |5425 |5425 |   0 |  0 |   0 |  37 | 3.400000e+01 | 1.062000e+02 | 212.35%| unknown
  701s| 89300 | 69531 | 13612k| 152.4 |   156M | 137 | 951 |5425 |5425 |   0 |  0 |   0 |  37 | 3.400000e+01 | 1.062000e+02 | 212.35%| unknown
  702s| 89400 | 69595 | 13616k| 152.3 |   157M | 137 | 951 |5425 |5425 |   0 |  0 |   0 |  37 | 3.400000e+01 | 1.062000e+02 | 212.35%| unknown
  703s| 89500 | 69661 | 13650k| 152.5 |   157M | 137 | 951 |5425 |5425 |   0 |  0 |   0 |  37 | 3.400000e+01 | 1.062000e+02 | 212.35%| unknown
  705s| 89600 | 69735 | 13674k| 152.6 |   157M | 137 | 951 |5425 |5425 |   0 |  0 |   0 |  37 | 3.400000e+01 | 1.062000e+02 | 212.35%| unknown
  705s| 89700 | 69819 | 13690k| 152.6 |   157M | 137 | 951 |5425 |5425 |   0 |  0 |   0 |  37 | 3.400000e+01 | 1.062000e+02 | 212.35%| unknown
  706s| 89800 | 69889 | 13692k| 152.5 |   157M | 137 | 951 |5425 |5425 |   0 |  0 |   0 |  37 | 3.400000e+01 | 1.062000e+02 | 212.35%| unknown
 time | node  | left  |LP iter|LP it/n|mem/heur|mdpt |vars |cons |rows |cuts |sepa|confs|strbr|  dualbound   | primalbound  |  gap   | compl. 
  707s| 89900 | 69965 | 13719k| 152.6 |   157M | 137 | 951 |5425 |5425 |   0 |  0 |   0 |  37 | 3.400000e+01 | 1.062000e+02 | 212.35%| unknown
  708s| 90000 | 70039 | 13741k| 152.7 |   157M | 137 | 951 |5425 |5425 |   0 |  0 |   0 |  37 | 3.400000e+01 | 1.062000e+02 | 212.35%| unknown
  709s| 90100 | 70119 | 13757k| 152.7 |   157M | 137 | 951 |5425 |5425 |   0 |  0 |   0 |  37 | 3.400000e+01 | 1.062000e+02 | 212.35%| unknown
  710s| 90200 | 70191 | 13779k| 152.8 |   158M | 137 | 951 |5425 |5425 |   0 |  0 |   0 |  37 | 3.400000e+01 | 1.062000e+02 | 212.35%| unknown
  711s| 90300 | 70261 | 13800k| 152.8 |   158M | 137 | 951 |5425 |5425 |   0 |  0 |   0 |  37 | 3.400000e+01 | 1.062000e+02 | 212.35%| unknown
  712s| 90400 | 70335 | 13820k| 152.9 |   158M | 137 | 951 |5425 |5425 |   0 |  0 |   0 |  37 | 3.400000e+01 | 1.062000e+02 | 212.35%| unknown
  713s| 90500 | 70399 | 13833k| 152.8 |   158M | 138 | 951 |5425 |5425 |   0 |  0 |   0 |  37 | 3.400000e+01 | 1.062000e+02 | 212.35%| unknown
  713s| 90600 | 70479 | 13835k| 152.7 |   159M | 138 | 951 |5425 |5425 |   0 |  0 |   0 |  37 | 3.400000e+01 | 1.062000e+02 | 212.35%| unknown
  713s| 90700 | 70543 | 13836k| 152.5 |   159M | 138 | 951 |5425 |5425 |   0 |  0 |   0 |  37 | 3.400000e+01 | 1.062000e+02 | 212.35%| unknown
  714s| 90800 | 70609 | 13837k| 152.4 |   159M | 138 | 951 |5425 |5425 |   0 |  0 |   0 |  37 | 3.400000e+01 | 1.062000e+02 | 212.35%| unknown
  714s| 90900 | 70679 | 13839k| 152.2 |   160M | 138 | 951 |5425 |5425 |   0 |  0 |   0 |  37 | 3.400000e+01 | 1.062000e+02 | 212.35%| unknown
  714s| 91000 | 70759 | 13840k| 152.1 |   160M | 138 | 951 |5425 |5425 |   0 |  0 |   0 |  37 | 3.400000e+01 | 1.062000e+02 | 212.35%| unknown
  714s| 91100 | 70833 | 13841k| 151.9 |   160M | 138 | 951 |5425 |5425 |   0 |  0 |   0 |  37 | 3.400000e+01 | 1.062000e+02 | 212.35%| unknown
  715s| 91200 | 70913 | 13862k| 152.0 |   160M | 138 | 951 |5425 |5425 |   0 |  0 |   0 |  37 | 3.400000e+01 | 1.062000e+02 | 212.35%| unknown
  716s| 91300 | 70999 | 13880k| 152.0 |   160M | 138 | 951 |5425 |5425 |   0 |  0 |   0 |  37 | 3.400000e+01 | 1.062000e+02 | 212.35%| unknown
 time | node  | left  |LP iter|LP it/n|mem/heur|mdpt |vars |cons |rows |cuts |sepa|confs|strbr|  dualbound   | primalbound  |  gap   | compl. 
  717s| 91400 | 71085 | 13895k| 152.0 |   160M | 138 | 951 |5425 |5425 |   0 |  0 |   0 |  37 | 3.400000e+01 | 1.062000e+02 | 212.35%| unknown
  718s| 91500 | 71169 | 13914k| 152.1 |   160M | 138 | 951 |5425 |5425 |   0 |  0 |   0 |  37 | 3.400000e+01 | 1.062000e+02 | 212.35%| unknown
  719s| 91600 | 71237 | 13928k| 152.0 |   161M | 138 | 951 |5425 |5425 |   0 |  0 |   0 |  37 | 3.400000e+01 | 1.062000e+02 | 212.35%| unknown
  720s| 91700 | 71311 | 13948k| 152.1 |   161M | 138 | 951 |5425 |5425 |   0 |  0 |   0 |  37 | 3.400000e+01 | 1.062000e+02 | 212.35%| unknown
  720s| 91800 | 71389 | 13950k| 152.0 |   161M | 138 | 951 |5425 |5425 |   0 |  0 |   0 |  37 | 3.400000e+01 | 1.062000e+02 | 212.35%| unknown
  720s| 91900 | 71451 | 13951k| 151.8 |   161M | 138 | 951 |5425 |5425 |   0 |  0 |   0 |  37 | 3.400000e+01 | 1.062000e+02 | 212.35%| unknown
  720s| 92000 | 71531 | 13954k| 151.7 |   161M | 138 | 951 |5425 |5425 |   0 |  0 |   0 |  37 | 3.400000e+01 | 1.062000e+02 | 212.35%| unknown
  721s| 92100 | 71627 | 13963k| 151.6 |   161M | 138 | 951 |5425 |5425 |   0 |  0 |   0 |  37 | 3.400000e+01 | 1.062000e+02 | 212.35%| unknown
  722s| 92200 | 71697 | 13979k| 151.6 |   161M | 138 | 951 |5425 |5425 |   0 |  0 |   0 |  37 | 3.400000e+01 | 1.062000e+02 | 212.35%| unknown
  723s| 92300 | 71781 | 13995k| 151.6 |   161M | 138 | 951 |5425 |5425 |   0 |  0 |   0 |  37 | 3.400000e+01 | 1.062000e+02 | 212.35%| unknown
  723s| 92400 | 71855 | 14006k| 151.6 |   161M | 138 | 951 |5425 |5425 |   0 |  0 |   0 |  37 | 3.400000e+01 | 1.062000e+02 | 212.35%| unknown
  724s| 92500 | 71929 | 14007k| 151.4 |   161M | 138 | 951 |5425 |5425 |   0 |  0 |   0 |  37 | 3.400000e+01 | 1.062000e+02 | 212.35%| unknown
  724s| 92600 | 72005 | 14008k| 151.3 |   161M | 138 | 951 |5425 |5425 |   0 |  0 |   0 |  37 | 3.400000e+01 | 1.062000e+02 | 212.35%| unknown
  724s| 92700 | 72089 | 14010k| 151.1 |   162M | 138 | 951 |5425 |5425 |   0 |  0 |   0 |  37 | 3.400000e+01 | 1.062000e+02 | 212.35%| unknown
  725s| 92800 | 72179 | 14020k| 151.1 |   162M | 138 | 951 |5425 |5425 |   0 |  0 |   0 |  37 | 3.400000e+01 | 1.062000e+02 | 212.35%| unknown
 time | node  | left  |LP iter|LP it/n|mem/heur|mdpt |vars |cons |rows |cuts |sepa|confs|strbr|  dualbound   | primalbound  |  gap   | compl. 
  725s| 92900 | 72251 | 14022k| 150.9 |   162M | 138 | 951 |5425 |5425 |   0 |  0 |   0 |  37 | 3.400000e+01 | 1.062000e+02 | 212.35%| unknown
  725s| 93000 | 72337 | 14024k| 150.8 |   162M | 138 | 951 |5425 |5425 |   0 |  0 |   0 |  37 | 3.400000e+01 | 1.062000e+02 | 212.35%| unknown
  725s| 93100 | 72417 | 14031k| 150.7 |   162M | 138 | 951 |5425 |5425 |   0 |  0 |   0 |  37 | 3.400000e+01 | 1.062000e+02 | 212.35%| unknown
  726s| 93200 | 72489 | 14046k| 150.7 |   162M | 138 | 951 |5425 |5425 |   0 |  0 |   0 |  37 | 3.400000e+01 | 1.062000e+02 | 212.35%| unknown
  727s| 93300 | 72569 | 14059k| 150.7 |   162M | 138 | 951 |5425 |5425 |   0 |  0 |   0 |  37 | 3.400000e+01 | 1.062000e+02 | 212.35%| unknown
  728s| 93400 | 72639 | 14090k| 150.9 |   162M | 138 | 951 |5425 |5425 |   0 |  0 |   0 |  37 | 3.400000e+01 | 1.062000e+02 | 212.35%| unknown
  729s| 93500 | 72727 | 14099k| 150.8 |   162M | 138 | 951 |5425 |5425 |   0 |  0 |   0 |  37 | 3.400000e+01 | 1.062000e+02 | 212.35%| unknown
  729s| 93600 | 72811 | 14113k| 150.8 |   162M | 138 | 951 |5425 |5425 |   0 |  0 |   0 |  37 | 3.400000e+01 | 1.062000e+02 | 212.35%| unknown
  730s| 93700 | 72893 | 14128k| 150.8 |   164M | 138 | 951 |5425 |5425 |   0 |  0 |   0 |  37 | 3.400000e+01 | 1.062000e+02 | 212.35%| unknown
  731s| 93800 | 72967 | 14148k| 150.8 |   164M | 138 | 951 |5425 |5425 |   0 |  0 |   0 |  37 | 3.400000e+01 | 1.062000e+02 | 212.35%| unknown
  733s| 93900 | 73033 | 14175k| 151.0 |   164M | 138 | 951 |5425 |5425 |   0 |  0 |   0 |  37 | 3.400000e+01 | 1.062000e+02 | 212.35%| unknown
  733s| 94000 | 73111 | 14192k| 151.0 |   164M | 138 | 951 |5425 |5425 |   0 |  0 |   0 |  37 | 3.400000e+01 | 1.062000e+02 | 212.35%| unknown
  734s| 94100 | 73193 | 14210k| 151.0 |   164M | 138 | 951 |5425 |5425 |   0 |  0 |   0 |  37 | 3.400000e+01 | 1.062000e+02 | 212.35%| unknown
  736s| 94200 | 73271 | 14233k| 151.1 |   164M | 138 | 951 |5425 |5425 |   0 |  0 |   0 |  37 | 3.400000e+01 | 1.062000e+02 | 212.35%| unknown
  737s| 94300 | 73345 | 14253k| 151.1 |   164M | 138 | 951 |5425 |5425 |   0 |  0 |   0 |  37 | 3.400000e+01 | 1.062000e+02 | 212.35%| unknown
 time | node  | left  |LP iter|LP it/n|mem/heur|mdpt |vars |cons |rows |cuts |sepa|confs|strbr|  dualbound   | primalbound  |  gap   | compl. 
  737s| 94400 | 73435 | 14263k| 151.1 |   164M | 138 | 951 |5425 |5425 |   0 |  0 |   0 |  37 | 3.400000e+01 | 1.062000e+02 | 212.35%| unknown
  737s| 94500 | 73507 | 14264k| 150.9 |   164M | 138 | 951 |5425 |5425 |   0 |  0 |   0 |  37 | 3.400000e+01 | 1.062000e+02 | 212.35%| unknown
  738s| 94600 | 73583 | 14266k| 150.8 |   164M | 138 | 951 |5425 |5425 |   0 |  0 |   0 |  37 | 3.400000e+01 | 1.062000e+02 | 212.35%| unknown
  738s| 94700 | 73663 | 14267k| 150.7 |   164M | 138 | 951 |5425 |5425 |   0 |  0 |   0 |  37 | 3.400000e+01 | 1.062000e+02 | 212.35%| unknown
  738s| 94800 | 73751 | 14269k| 150.5 |   165M | 138 | 951 |5425 |5425 |   0 |  0 |   0 |  37 | 3.400000e+01 | 1.062000e+02 | 212.35%| unknown
  738s| 94900 | 73843 | 14275k| 150.4 |   165M | 138 | 951 |5425 |5425 |   0 |  0 |   0 |  37 | 3.400000e+01 | 1.062000e+02 | 212.35%| unknown
  739s| 95000 | 73915 | 14297k| 150.5 |   165M | 138 | 951 |5425 |5425 |   0 |  0 |   0 |  37 | 3.400000e+01 | 1.062000e+02 | 212.35%| unknown
  740s| 95100 | 74005 | 14313k| 150.5 |   165M | 138 | 951 |5425 |5425 |   0 |  0 |   0 |  37 | 3.400000e+01 | 1.062000e+02 | 212.35%| unknown
  741s| 95200 | 74085 | 14337k| 150.6 |   165M | 138 | 951 |5425 |5425 |   0 |  0 |   0 |  37 | 3.400000e+01 | 1.062000e+02 | 212.35%| unknown
  742s| 95300 | 74169 | 14356k| 150.6 |   165M | 138 | 951 |5425 |5425 |   0 |  0 |   0 |  37 | 3.400000e+01 | 1.062000e+02 | 212.35%| unknown
  744s| 95400 | 74239 | 14387k| 150.8 |   165M | 138 | 951 |5425 |5425 |   0 |  0 |   0 |  37 | 3.400000e+01 | 1.062000e+02 | 212.35%| unknown
  745s| 95500 | 74305 | 14408k| 150.9 |   165M | 138 | 951 |5425 |5425 |   0 |  0 |   0 |  37 | 3.400000e+01 | 1.062000e+02 | 212.35%| unknown
  746s| 95600 | 74387 | 14426k| 150.9 |   165M | 138 | 951 |5425 |5425 |   0 |  0 |   0 |  37 | 3.400000e+01 | 1.062000e+02 | 212.35%| unknown
  747s| 95700 | 74473 | 14440k| 150.9 |   165M | 138 | 951 |5425 |5425 |   0 |  0 |   0 |  37 | 3.400000e+01 | 1.062000e+02 | 212.35%| unknown
  747s| 95800 | 74553 | 14456k| 150.9 |   167M | 138 | 951 |5425 |5425 |   0 |  0 |   0 |  37 | 3.400000e+01 | 1.062000e+02 | 212.35%| unknown
 time | node  | left  |LP iter|LP it/n|mem/heur|mdpt |vars |cons |rows |cuts |sepa|confs|strbr|  dualbound   | primalbound  |  gap   | compl. 
  748s| 95900 | 74635 | 14474k| 150.9 |   167M | 138 | 951 |5425 |5425 |   0 |  0 |   0 |  37 | 3.400000e+01 | 1.062000e+02 | 212.35%| unknown
  749s| 96000 | 74717 | 14495k| 151.0 |   167M | 138 | 951 |5425 |5425 |   0 |  0 |   0 |  37 | 3.400000e+01 | 1.062000e+02 | 212.35%| unknown
  751s| 96100 | 74801 | 14517k| 151.1 |   167M | 138 | 951 |5425 |5425 |   0 |  0 |   0 |  37 | 3.400000e+01 | 1.062000e+02 | 212.35%| unknown
  751s| 96200 | 74893 | 14535k| 151.1 |   168M | 138 | 951 |5425 |5425 |   0 |  0 |   0 |  37 | 3.400000e+01 | 1.062000e+02 | 212.35%| unknown
  752s| 96300 | 74977 | 14553k| 151.1 |   168M | 138 | 951 |5425 |5425 |   0 |  0 |   0 |  37 | 3.400000e+01 | 1.062000e+02 | 212.35%| unknown
  753s| 96400 | 75057 | 14556k| 151.0 |   168M | 138 | 951 |5425 |5425 |   0 |  0 |   0 |  37 | 3.400000e+01 | 1.062000e+02 | 212.35%| unknown
  753s| 96500 | 75127 | 14558k| 150.9 |   168M | 138 | 951 |5425 |5425 |   0 |  0 |   0 |  37 | 3.400000e+01 | 1.062000e+02 | 212.35%| unknown
  753s| 96600 | 75191 | 14572k| 150.8 |   168M | 138 | 951 |5425 |5425 |   0 |  0 |   0 |  37 | 3.400000e+01 | 1.062000e+02 | 212.35%| unknown
  755s| 96700 | 75255 | 14594k| 150.9 |   168M | 138 | 951 |5425 |5425 |   0 |  0 |   0 |  37 | 3.400000e+01 | 1.062000e+02 | 212.35%| unknown
  756s| 96800 | 75335 | 14615k| 151.0 |   168M | 138 | 951 |5425 |5425 |   0 |  0 |   0 |  37 | 3.400000e+01 | 1.062000e+02 | 212.35%| unknown
  756s| 96900 | 75415 | 14633k| 151.0 |   169M | 138 | 951 |5425 |5425 |   0 |  0 |   0 |  37 | 3.400000e+01 | 1.062000e+02 | 212.35%| unknown
  757s| 97000 | 75497 | 14647k| 151.0 |   169M | 138 | 951 |5425 |5425 |   0 |  0 |   0 |  37 | 3.400000e+01 | 1.062000e+02 | 212.35%| unknown
  758s| 97100 | 75581 | 14666k| 151.0 |   169M | 138 | 951 |5425 |5425 |   0 |  0 |   0 |  37 | 3.400000e+01 | 1.062000e+02 | 212.35%| unknown
  759s| 97200 | 75671 | 14680k| 151.0 |   169M | 138 | 951 |5425 |5425 |   0 |  0 |   0 |  37 | 3.400000e+01 | 1.062000e+02 | 212.35%| unknown
  760s| 97300 | 75755 | 14692k| 151.0 |   169M | 138 | 951 |5425 |5425 |   0 |  0 |   0 |  37 | 3.400000e+01 | 1.062000e+02 | 212.35%| unknown
 time | node  | left  |LP iter|LP it/n|mem/heur|mdpt |vars |cons |rows |cuts |sepa|confs|strbr|  dualbound   | primalbound  |  gap   | compl. 
  761s| 97400 | 75833 | 14711k| 151.0 |   169M | 138 | 951 |5425 |5425 |   0 |  0 |   0 |  37 | 3.400000e+01 | 1.062000e+02 | 212.35%| unknown
  762s| 97500 | 75911 | 14737k| 151.1 |   169M | 138 | 951 |5425 |5425 |   0 |  0 |   0 |  37 | 3.400000e+01 | 1.062000e+02 | 212.35%| unknown
  762s| 97600 | 75991 | 14741k| 151.0 |   169M | 138 | 951 |5425 |5425 |   0 |  0 |   0 |  37 | 3.400000e+01 | 1.062000e+02 | 212.35%| unknown
  762s| 97700 | 76077 | 14743k| 150.9 |   169M | 138 | 951 |5425 |5425 |   0 |  0 |   0 |  37 | 3.400000e+01 | 1.062000e+02 | 212.35%| unknown
  763s| 97800 | 76165 | 14762k| 150.9 |   169M | 138 | 951 |5425 |5425 |   0 |  0 |   0 |  37 | 3.400000e+01 | 1.062000e+02 | 212.35%| unknown
  764s| 97900 | 76249 | 14779k| 151.0 |   171M | 138 | 951 |5425 |5425 |   0 |  0 |   0 |  37 | 3.400000e+01 | 1.062000e+02 | 212.35%| unknown
  765s| 98000 | 76327 | 14794k| 151.0 |   171M | 138 | 951 |5425 |5425 |   0 |  0 |   0 |  37 | 3.400000e+01 | 1.062000e+02 | 212.35%| unknown
  766s| 98100 | 76405 | 14818k| 151.1 |   171M | 138 | 951 |5425 |5425 |   0 |  0 |   0 |  37 | 3.400000e+01 | 1.062000e+02 | 212.35%| unknown
  767s| 98200 | 76497 | 14834k| 151.1 |   171M | 138 | 951 |5425 |5425 |   0 |  0 |   0 |  37 | 3.400000e+01 | 1.062000e+02 | 212.35%| unknown
  768s| 98300 | 76583 | 14861k| 151.2 |   171M | 138 | 951 |5425 |5425 |   0 |  0 |   0 |  37 | 3.400000e+01 | 1.062000e+02 | 212.35%| unknown
  769s| 98400 | 76667 | 14881k| 151.2 |   171M | 138 | 951 |5425 |5425 |   0 |  0 |   0 |  37 | 3.400000e+01 | 1.062000e+02 | 212.35%| unknown
  770s| 98500 | 76751 | 14897k| 151.2 |   171M | 138 | 951 |5425 |5425 |   0 |  0 |   0 |  37 | 3.400000e+01 | 1.062000e+02 | 212.35%| unknown
  770s| 98600 | 76835 | 14907k| 151.2 |   171M | 138 | 951 |5425 |5425 |   0 |  0 |   0 |  37 | 3.400000e+01 | 1.062000e+02 | 212.35%| unknown
  771s| 98700 | 76905 | 14908k| 151.0 |   171M | 138 | 951 |5425 |5425 |   0 |  0 |   0 |  37 | 3.400000e+01 | 1.062000e+02 | 212.35%| unknown
  771s| 98800 | 76981 | 14910k| 150.9 |   171M | 138 | 951 |5425 |5425 |   0 |  0 |   0 |  37 | 3.400000e+01 | 1.062000e+02 | 212.35%| unknown
 time | node  | left  |LP iter|LP it/n|mem/heur|mdpt |vars |cons |rows |cuts |sepa|confs|strbr|  dualbound   | primalbound  |  gap   | compl. 
  771s| 98900 | 77067 | 14911k| 150.8 |   172M | 138 | 951 |5425 |5425 |   0 |  0 |   0 |  37 | 3.400000e+01 | 1.062000e+02 | 212.35%| unknown
  772s| 99000 | 77145 | 14920k| 150.7 |   172M | 138 | 951 |5425 |5425 |   0 |  0 |   0 |  37 | 3.400000e+01 | 1.062000e+02 | 212.35%| unknown
  772s| 99100 | 77229 | 14934k| 150.7 |   172M | 138 | 951 |5425 |5425 |   0 |  0 |   0 |  37 | 3.400000e+01 | 1.062000e+02 | 212.35%| unknown
  773s| 99200 | 77301 | 14948k| 150.7 |   172M | 138 | 951 |5425 |5425 |   0 |  0 |   0 |  37 | 3.400000e+01 | 1.062000e+02 | 212.35%| unknown
  774s| 99300 | 77387 | 14965k| 150.7 |   172M | 138 | 951 |5425 |5425 |   0 |  0 |   0 |  37 | 3.400000e+01 | 1.062000e+02 | 212.35%| unknown
  775s| 99400 | 77483 | 14982k| 150.7 |   172M | 138 | 951 |5425 |5425 |   0 |  0 |   0 |  37 | 3.400000e+01 | 1.062000e+02 | 212.35%| unknown
  775s| 99500 | 77567 | 14986k| 150.6 |   172M | 138 | 951 |5425 |5425 |   0 |  0 |   0 |  37 | 3.400000e+01 | 1.062000e+02 | 212.35%| unknown
  775s| 99600 | 77651 | 14988k| 150.5 |   172M | 138 | 951 |5425 |5425 |   0 |  0 |   0 |  37 | 3.400000e+01 | 1.062000e+02 | 212.35%| unknown
  776s| 99700 | 77723 | 14992k| 150.4 |   172M | 138 | 951 |5425 |5425 |   0 |  0 |   0 |  37 | 3.400000e+01 | 1.062000e+02 | 212.35%| unknown
  777s| 99800 | 77813 | 15011k| 150.4 |   172M | 138 | 951 |5425 |5425 |   0 |  0 |   0 |  37 | 3.400000e+01 | 1.062000e+02 | 212.35%| unknown
  778s| 99900 | 77901 | 15041k| 150.6 |   173M | 138 | 951 |5425 |5425 |   0 |  0 |   0 |  37 | 3.400000e+01 | 1.062000e+02 | 212.35%| unknown
  780s|100000 | 77979 | 15075k| 150.7 |   173M | 138 | 951 |5425 |5425 |   0 |  0 |   0 |  37 | 3.400000e+01 | 1.062000e+02 | 212.35%| unknown
  780s|100100 | 78051 | 15086k| 150.7 |   173M | 138 | 951 |5425 |5425 |   0 |  0 |   0 |  37 | 3.400000e+01 | 1.062000e+02 | 212.35%| unknown
  781s|100200 | 78135 | 15101k| 150.7 |   173M | 138 | 951 |5425 |5425 |   0 |  0 |   0 |  37 | 3.400000e+01 | 1.062000e+02 | 212.35%| unknown
  782s|100300 | 78229 | 15113k| 150.7 |   173M | 138 | 951 |5425 |5425 |   0 |  0 |   0 |  37 | 3.400000e+01 | 1.062000e+02 | 212.35%| unknown
 time | node  | left  |LP iter|LP it/n|mem/heur|mdpt |vars |cons |rows |cuts |sepa|confs|strbr|  dualbound   | primalbound  |  gap   | compl. 
  783s|100400 | 78313 | 15140k| 150.8 |   173M | 138 | 951 |5425 |5425 |   0 |  0 |   0 |  37 | 3.400000e+01 | 1.062000e+02 | 212.35%| unknown
  784s|100500 | 78393 | 15155k| 150.8 |   174M | 138 | 951 |5425 |5425 |   0 |  0 |   0 |  37 | 3.400000e+01 | 1.062000e+02 | 212.35%| unknown
  785s|100600 | 78479 | 15173k| 150.8 |   174M | 138 | 951 |5425 |5425 |   0 |  0 |   0 |  37 | 3.400000e+01 | 1.062000e+02 | 212.35%| unknown
  786s|100700 | 78569 | 15199k| 150.9 |   174M | 138 | 951 |5425 |5425 |   0 |  0 |   0 |  37 | 3.400000e+01 | 1.062000e+02 | 212.35%| unknown
  787s|100800 | 78659 | 15215k| 150.9 |   175M | 138 | 951 |5425 |5425 |   0 |  0 |   0 |  37 | 3.400000e+01 | 1.062000e+02 | 212.35%| unknown
  788s|100900 | 78745 | 15229k| 150.9 |   175M | 138 | 951 |5425 |5425 |   0 |  0 |   0 |  37 | 3.400000e+01 | 1.062000e+02 | 212.35%| unknown
  788s|101000 | 78843 | 15243k| 150.9 |   175M | 138 | 951 |5425 |5425 |   0 |  0 |   0 |  37 | 3.400000e+01 | 1.062000e+02 | 212.35%| unknown
  789s|101100 | 78925 | 15258k| 150.9 |   175M | 138 | 951 |5425 |5425 |   0 |  0 |   0 |  37 | 3.400000e+01 | 1.062000e+02 | 212.35%| unknown
  790s|101200 | 79007 | 15270k| 150.9 |   175M | 138 | 951 |5425 |5425 |   0 |  0 |   0 |  37 | 3.400000e+01 | 1.062000e+02 | 212.35%| unknown
  790s|101300 | 79083 | 15272k| 150.8 |   175M | 138 | 951 |5425 |5425 |   0 |  0 |   0 |  37 | 3.400000e+01 | 1.062000e+02 | 212.35%| unknown
  790s|101400 | 79161 | 15273k| 150.6 |   175M | 138 | 951 |5425 |5425 |   0 |  0 |   0 |  37 | 3.400000e+01 | 1.062000e+02 | 212.35%| unknown
  790s|101500 | 79243 | 15274k| 150.5 |   175M | 138 | 951 |5425 |5425 |   0 |  0 |   0 |  37 | 3.400000e+01 | 1.062000e+02 | 212.35%| unknown
  791s|101600 | 79319 | 15288k| 150.5 |   175M | 138 | 951 |5425 |5425 |   0 |  0 |   0 |  37 | 3.400000e+01 | 1.062000e+02 | 212.35%| unknown
  792s|101700 | 79397 | 15305k| 150.5 |   175M | 138 | 951 |5425 |5425 |   0 |  0 |   0 |  37 | 3.400000e+01 | 1.062000e+02 | 212.35%| unknown
  793s|101800 | 79479 | 15329k| 150.6 |   175M | 138 | 951 |5425 |5425 |   0 |  0 |   0 |  37 | 3.400000e+01 | 1.062000e+02 | 212.35%| unknown
 time | node  | left  |LP iter|LP it/n|mem/heur|mdpt |vars |cons |rows |cuts |sepa|confs|strbr|  dualbound   | primalbound  |  gap   | compl. 
  793s|101900 | 79565 | 15339k| 150.5 |   177M | 138 | 951 |5425 |5425 |   0 |  0 |   0 |  37 | 3.400000e+01 | 1.062000e+02 | 212.35%| unknown
  794s|102000 | 79657 | 15349k| 150.5 |   177M | 138 | 951 |5425 |5425 |   0 |  0 |   0 |  37 | 3.400000e+01 | 1.062000e+02 | 212.35%| unknown
  795s|102100 | 79737 | 15366k| 150.5 |   177M | 138 | 951 |5425 |5425 |   0 |  0 |   0 |  37 | 3.400000e+01 | 1.062000e+02 | 212.35%| unknown
  796s|102200 | 79819 | 15383k| 150.5 |   177M | 138 | 951 |5425 |5425 |   0 |  0 |   0 |  37 | 3.400000e+01 | 1.062000e+02 | 212.35%| unknown
  796s|102300 | 79889 | 15385k| 150.4 |   177M | 138 | 951 |5425 |5425 |   0 |  0 |   0 |  37 | 3.400000e+01 | 1.062000e+02 | 212.35%| unknown
  796s|102400 | 79959 | 15386k| 150.2 |   177M | 138 | 951 |5425 |5425 |   0 |  0 |   0 |  37 | 3.400000e+01 | 1.062000e+02 | 212.35%| unknown
  797s|102500 | 80035 | 15400k| 150.2 |   177M | 138 | 951 |5425 |5425 |   0 |  0 |   0 |  37 | 3.400000e+01 | 1.062000e+02 | 212.35%| unknown
  798s|102600 | 80111 | 15413k| 150.2 |   177M | 138 | 951 |5425 |5425 |   0 |  0 |   0 |  37 | 3.400000e+01 | 1.062000e+02 | 212.35%| unknown
  799s|102700 | 80193 | 15439k| 150.3 |   177M | 138 | 951 |5425 |5425 |   0 |  0 |   0 |  37 | 3.400000e+01 | 1.062000e+02 | 212.35%| unknown
  800s|102800 | 80273 | 15456k| 150.3 |   177M | 138 | 951 |5425 |5425 |   0 |  0 |   0 |  37 | 3.400000e+01 | 1.062000e+02 | 212.35%| unknown
  801s|102900 | 80351 | 15476k| 150.4 |   178M | 138 | 951 |5425 |5425 |   0 |  0 |   0 |  37 | 3.400000e+01 | 1.062000e+02 | 212.35%| unknown
  801s|103000 | 80449 | 15486k| 150.3 |   178M | 138 | 951 |5425 |5425 |   0 |  0 |   0 |  37 | 3.400000e+01 | 1.062000e+02 | 212.35%| unknown
  802s|103100 | 80545 | 15501k| 150.3 |   178M | 138 | 951 |5425 |5425 |   0 |  0 |   0 |  37 | 3.400000e+01 | 1.062000e+02 | 212.35%| unknown
  803s|103200 | 80641 | 15516k| 150.3 |   178M | 138 | 951 |5425 |5425 |   0 |  0 |   0 |  37 | 3.400000e+01 | 1.062000e+02 | 212.35%| unknown
  804s|103300 | 80735 | 15532k| 150.4 |   178M | 138 | 951 |5425 |5425 |   0 |  0 |   0 |  37 | 3.400000e+01 | 1.062000e+02 | 212.35%| unknown
 time | node  | left  |LP iter|LP it/n|mem/heur|mdpt |vars |cons |rows |cuts |sepa|confs|strbr|  dualbound   | primalbound  |  gap   | compl. 
  805s|103400 | 80817 | 15549k| 150.4 |   178M | 138 | 951 |5425 |5425 |   0 |  0 |   0 |  37 | 3.400000e+01 | 1.062000e+02 | 212.35%| unknown
  806s|103500 | 80899 | 15569k| 150.4 |   178M | 138 | 951 |5425 |5425 |   0 |  0 |   0 |  37 | 3.400000e+01 | 1.062000e+02 | 212.35%| unknown
  806s|103600 | 80985 | 15583k| 150.4 |   178M | 138 | 951 |5425 |5425 |   0 |  0 |   0 |  37 | 3.400000e+01 | 1.062000e+02 | 212.35%| unknown
  807s|103700 | 81077 | 15595k| 150.4 |   178M | 138 | 951 |5425 |5425 |   0 |  0 |   0 |  37 | 3.400000e+01 | 1.062000e+02 | 212.35%| unknown
  808s|103800 | 81171 | 15621k| 150.5 |   180M | 138 | 951 |5425 |5425 |   0 |  0 |   0 |  37 | 3.400000e+01 | 1.062000e+02 | 212.35%| unknown
  810s|103900 | 81269 | 15649k| 150.6 |   180M | 138 | 951 |5425 |5425 |   0 |  0 |   0 |  37 | 3.400000e+01 | 1.062000e+02 | 212.35%| unknown
  810s|104000 | 81359 | 15666k| 150.6 |   180M | 138 | 951 |5425 |5425 |   0 |  0 |   0 |  37 | 3.400000e+01 | 1.062000e+02 | 212.35%| unknown
  811s|104100 | 81433 | 15681k| 150.6 |   180M | 138 | 951 |5425 |5425 |   0 |  0 |   0 |  37 | 3.400000e+01 | 1.062000e+02 | 212.35%| unknown
  812s|104200 | 81505 | 15695k| 150.6 |   180M | 138 | 951 |5425 |5425 |   0 |  0 |   0 |  37 | 3.400000e+01 | 1.062000e+02 | 212.35%| unknown
  813s|104300 | 81593 | 15712k| 150.6 |   180M | 138 | 951 |5425 |5425 |   0 |  0 |   0 |  37 | 3.400000e+01 | 1.062000e+02 | 212.35%| unknown
  814s|104400 | 81669 | 15729k| 150.7 |   180M | 138 | 951 |5425 |5425 |   0 |  0 |   0 |  37 | 3.400000e+01 | 1.062000e+02 | 212.35%| unknown
  814s|104500 | 81747 | 15742k| 150.6 |   180M | 138 | 951 |5425 |5425 |   0 |  0 |   0 |  37 | 3.400000e+01 | 1.062000e+02 | 212.35%| unknown
  815s|104600 | 81829 | 15759k| 150.7 |   180M | 138 | 951 |5425 |5425 |   0 |  0 |   0 |  37 | 3.400000e+01 | 1.062000e+02 | 212.35%| unknown
  816s|104700 | 81907 | 15779k| 150.7 |   180M | 138 | 951 |5425 |5425 |   0 |  0 |   0 |  37 | 3.400000e+01 | 1.062000e+02 | 212.35%| unknown
  818s|104800 | 81985 | 15807k| 150.8 |   181M | 144 | 951 |5425 |5425 |   0 |  0 |   0 |  37 | 3.400000e+01 | 1.062000e+02 | 212.35%| unknown
 time | node  | left  |LP iter|LP it/n|mem/heur|mdpt |vars |cons |rows |cuts |sepa|confs|strbr|  dualbound   | primalbound  |  gap   | compl. 
  819s|104900 | 82053 | 15828k| 150.9 |   181M | 144 | 951 |5425 |5425 |   0 |  0 |   0 |  37 | 3.400000e+01 | 1.062000e+02 | 212.35%| unknown
  819s|105000 | 82131 | 15842k| 150.9 |   181M | 144 | 951 |5425 |5425 |   0 |  0 |   0 |  37 | 3.400000e+01 | 1.062000e+02 | 212.35%| unknown
  820s|105100 | 82213 | 15861k| 150.9 |   181M | 144 | 951 |5425 |5425 |   0 |  0 |   0 |  37 | 3.400000e+01 | 1.062000e+02 | 212.35%| unknown
  822s|105200 | 82285 | 15884k| 151.0 |   181M | 144 | 951 |5425 |5425 |   0 |  0 |   0 |  37 | 3.400000e+01 | 1.062000e+02 | 212.35%| unknown
  822s|105300 | 82359 | 15901k| 151.0 |   182M | 144 | 951 |5425 |5425 |   0 |  0 |   0 |  37 | 3.400000e+01 | 1.062000e+02 | 212.35%| unknown
  823s|105400 | 82439 | 15919k| 151.0 |   182M | 144 | 951 |5425 |5425 |   0 |  0 |   0 |  37 | 3.400000e+01 | 1.062000e+02 | 212.35%| unknown
  824s|105500 | 82525 | 15934k| 151.0 |   182M | 144 | 951 |5425 |5425 |   0 |  0 |   0 |  37 | 3.400000e+01 | 1.062000e+02 | 212.35%| unknown
  825s|105600 | 82603 | 15956k| 151.1 |   182M | 144 | 951 |5425 |5425 |   0 |  0 |   0 |  37 | 3.400000e+01 | 1.062000e+02 | 212.35%| unknown
  826s|105700 | 82687 | 15975k| 151.1 |   182M | 144 | 951 |5425 |5425 |   0 |  0 |   0 |  37 | 3.400000e+01 | 1.062000e+02 | 212.35%| unknown
  827s|105800 | 82769 | 15991k| 151.1 |   182M | 144 | 951 |5425 |5425 |   0 |  0 |   0 |  37 | 3.400000e+01 | 1.062000e+02 | 212.35%| unknown
  828s|105900 | 82825 | 16016k| 151.2 |   183M | 144 | 951 |5425 |5425 |   0 |  0 |   0 |  37 | 3.400000e+01 | 1.062000e+02 | 212.35%| unknown
  829s|106000 | 82901 | 16040k| 151.3 |   183M | 144 | 951 |5425 |5425 |   0 |  0 |   0 |  37 | 3.400000e+01 | 1.062000e+02 | 212.35%| unknown
  830s|106100 | 82987 | 16057k| 151.3 |   183M | 144 | 951 |5425 |5425 |   0 |  0 |   0 |  37 | 3.400000e+01 | 1.062000e+02 | 212.35%| unknown
  831s|106200 | 83053 | 16074k| 151.4 |   183M | 144 | 951 |5425 |5425 |   0 |  0 |   0 |  37 | 3.400000e+01 | 1.062000e+02 | 212.35%| unknown
  832s|106300 | 83125 | 16089k| 151.4 |   183M | 144 | 951 |5425 |5425 |   0 |  0 |   0 |  37 | 3.400000e+01 | 1.062000e+02 | 212.35%| unknown
 time | node  | left  |LP iter|LP it/n|mem/heur|mdpt |vars |cons |rows |cuts |sepa|confs|strbr|  dualbound   | primalbound  |  gap   | compl. 
  833s|106400 | 83193 | 16114k| 151.4 |   183M | 144 | 951 |5425 |5425 |   0 |  0 |   0 |  37 | 3.400000e+01 | 1.062000e+02 | 212.35%| unknown
  834s|106500 | 83271 | 16131k| 151.5 |   183M | 144 | 951 |5425 |5425 |   0 |  0 |   0 |  37 | 3.400000e+01 | 1.062000e+02 | 212.35%| unknown
  835s|106600 | 83341 | 16147k| 151.5 |   183M | 144 | 951 |5425 |5425 |   0 |  0 |   0 |  37 | 3.400000e+01 | 1.062000e+02 | 212.35%| unknown
  836s|106700 | 83391 | 16180k| 151.6 |   183M | 144 | 951 |5425 |5425 |   0 |  0 |   0 |  37 | 3.400000e+01 | 1.062000e+02 | 212.35%| unknown
  837s|106800 | 83463 | 16199k| 151.7 |   183M | 144 | 951 |5425 |5425 |   0 |  0 |   0 |  37 | 3.400000e+01 | 1.062000e+02 | 212.35%| unknown
  838s|106900 | 83551 | 16214k| 151.7 |   183M | 144 | 951 |5425 |5425 |   0 |  0 |   0 |  37 | 3.400000e+01 | 1.062000e+02 | 212.35%| unknown
  839s|107000 | 83627 | 16220k| 151.6 |   184M | 144 | 951 |5425 |5425 |   0 |  0 |   0 |  37 | 3.400000e+01 | 1.062000e+02 | 212.35%| unknown
  839s|107100 | 83697 | 16222k| 151.5 |   184M | 144 | 951 |5425 |5425 |   0 |  0 |   0 |  37 | 3.400000e+01 | 1.062000e+02 | 212.35%| unknown
  839s|107200 | 83773 | 16223k| 151.3 |   184M | 144 | 951 |5425 |5425 |   0 |  0 |   0 |  37 | 3.400000e+01 | 1.062000e+02 | 212.35%| unknown
  839s|107300 | 83845 | 16225k| 151.2 |   184M | 144 | 951 |5425 |5425 |   0 |  0 |   0 |  37 | 3.400000e+01 | 1.062000e+02 | 212.35%| unknown
  839s|107400 | 83933 | 16226k| 151.1 |   184M | 144 | 951 |5425 |5425 |   0 |  0 |   0 |  37 | 3.400000e+01 | 1.062000e+02 | 212.35%| unknown
  840s|107500 | 84017 | 16234k| 151.0 |   184M | 144 | 951 |5425 |5425 |   0 |  0 |   0 |  37 | 3.400000e+01 | 1.062000e+02 | 212.35%| unknown
  841s|107600 | 84097 | 16256k| 151.1 |   185M | 144 | 951 |5425 |5425 |   0 |  0 |   0 |  37 | 3.400000e+01 | 1.062000e+02 | 212.35%| unknown
  842s|107700 | 84173 | 16269k| 151.1 |   186M | 144 | 951 |5425 |5425 |   0 |  0 |   0 |  37 | 3.400000e+01 | 1.062000e+02 | 212.35%| unknown
  843s|107800 | 84257 | 16287k| 151.1 |   186M | 144 | 951 |5425 |5425 |   0 |  0 |   0 |  37 | 3.400000e+01 | 1.062000e+02 | 212.35%| unknown
 time | node  | left  |LP iter|LP it/n|mem/heur|mdpt |vars |cons |rows |cuts |sepa|confs|strbr|  dualbound   | primalbound  |  gap   | compl. 
  843s|107900 | 84337 | 16299k| 151.0 |   186M | 144 | 951 |5425 |5425 |   0 |  0 |   0 |  37 | 3.400000e+01 | 1.062000e+02 | 212.35%| unknown
  845s|108000 | 84405 | 16327k| 151.2 |   186M | 144 | 951 |5425 |5425 |   0 |  0 |   0 |  37 | 3.400000e+01 | 1.062000e+02 | 212.35%| unknown
  846s|108100 | 84489 | 16346k| 151.2 |   187M | 144 | 951 |5425 |5425 |   0 |  0 |   0 |  37 | 3.400000e+01 | 1.062000e+02 | 212.35%| unknown
  846s|108200 | 84571 | 16353k| 151.1 |   187M | 144 | 951 |5425 |5425 |   0 |  0 |   0 |  37 | 3.400000e+01 | 1.062000e+02 | 212.35%| unknown
  846s|108300 | 84645 | 16358k| 151.0 |   187M | 144 | 951 |5425 |5425 |   0 |  0 |   0 |  37 | 3.400000e+01 | 1.062000e+02 | 212.35%| unknown
  846s|108400 | 84713 | 16359k| 150.9 |   187M | 144 | 951 |5425 |5425 |   0 |  0 |   0 |  37 | 3.400000e+01 | 1.062000e+02 | 212.35%| unknown
  847s|108500 | 84785 | 16361k| 150.8 |   187M | 144 | 951 |5425 |5425 |   0 |  0 |   0 |  37 | 3.400000e+01 | 1.062000e+02 | 212.35%| unknown
  847s|108600 | 84861 | 16362k| 150.7 |   187M | 144 | 951 |5425 |5425 |   0 |  0 |   0 |  37 | 3.400000e+01 | 1.062000e+02 | 212.35%| unknown
  847s|108700 | 84923 | 16369k| 150.6 |   187M | 144 | 951 |5425 |5425 |   0 |  0 |   0 |  37 | 3.400000e+01 | 1.062000e+02 | 212.35%| unknown
  848s|108800 | 85013 | 16390k| 150.6 |   187M | 144 | 951 |5425 |5425 |   0 |  0 |   0 |  37 | 3.400000e+01 | 1.062000e+02 | 212.35%| unknown
  849s|108900 | 85095 | 16399k| 150.6 |   187M | 144 | 951 |5425 |5425 |   0 |  0 |   0 |  37 | 3.400000e+01 | 1.062000e+02 | 212.35%| unknown
  850s|109000 | 85179 | 16418k| 150.6 |   187M | 144 | 951 |5425 |5425 |   0 |  0 |   0 |  37 | 3.400000e+01 | 1.062000e+02 | 212.35%| unknown
  850s|109100 | 85257 | 16421k| 150.5 |   188M | 144 | 951 |5425 |5425 |   0 |  0 |   0 |  37 | 3.400000e+01 | 1.062000e+02 | 212.35%| unknown
  850s|109200 | 85341 | 16423k| 150.4 |   188M | 144 | 951 |5425 |5425 |   0 |  0 |   0 |  37 | 3.400000e+01 | 1.062000e+02 | 212.35%| unknown
  850s|109300 | 85423 | 16424k| 150.3 |   188M | 144 | 951 |5425 |5425 |   0 |  0 |   0 |  37 | 3.400000e+01 | 1.062000e+02 | 212.35%| unknown
 time | node  | left  |LP iter|LP it/n|mem/heur|mdpt |vars |cons |rows |cuts |sepa|confs|strbr|  dualbound   | primalbound  |  gap   | compl. 
  851s|109400 | 85501 | 16425k| 150.1 |   188M | 144 | 951 |5425 |5425 |   0 |  0 |   0 |  37 | 3.400000e+01 | 1.062000e+02 | 212.35%| unknown
  851s|109500 | 85573 | 16427k| 150.0 |   188M | 144 | 951 |5425 |5425 |   0 |  0 |   0 |  37 | 3.400000e+01 | 1.062000e+02 | 212.35%| unknown
  851s|109600 | 85651 | 16428k| 149.9 |   188M | 144 | 951 |5425 |5425 |   0 |  0 |   0 |  37 | 3.400000e+01 | 1.062000e+02 | 212.35%| unknown
  851s|109700 | 85725 | 16430k| 149.8 |   188M | 144 | 951 |5425 |5425 |   0 |  0 |   0 |  37 | 3.400000e+01 | 1.062000e+02 | 212.35%| unknown
  852s|109800 | 85803 | 16446k| 149.8 |   188M | 144 | 951 |5425 |5425 |   0 |  0 |   0 |  37 | 3.400000e+01 | 1.062000e+02 | 212.35%| unknown
  853s|109900 | 85885 | 16455k| 149.7 |   188M | 144 | 951 |5425 |5425 |   0 |  0 |   0 |  37 | 3.400000e+01 | 1.062000e+02 | 212.35%| unknown
  853s|110000 | 85959 | 16460k| 149.6 |   188M | 144 | 951 |5425 |5425 |   0 |  0 |   0 |  37 | 3.400000e+01 | 1.062000e+02 | 212.35%| unknown
  853s|110100 | 86035 | 16466k| 149.5 |   188M | 144 | 951 |5425 |5425 |   0 |  0 |   0 |  37 | 3.400000e+01 | 1.062000e+02 | 212.35%| unknown
  853s|110200 | 86109 | 16467k| 149.4 |   189M | 144 | 951 |5425 |5425 |   0 |  0 |   0 |  37 | 3.400000e+01 | 1.062000e+02 | 212.35%| unknown
  854s|110300 | 86169 | 16481k| 149.4 |   189M | 144 | 951 |5425 |5425 |   0 |  0 |   0 |  37 | 3.400000e+01 | 1.062000e+02 | 212.35%| unknown
  854s|110400 | 86241 | 16483k| 149.3 |   189M | 144 | 951 |5425 |5425 |   0 |  0 |   0 |  37 | 3.400000e+01 | 1.062000e+02 | 212.35%| unknown
  855s|110500 | 86327 | 16484k| 149.2 |   189M | 144 | 951 |5425 |5425 |   0 |  0 |   0 |  37 | 3.400000e+01 | 1.062000e+02 | 212.35%| unknown
  855s|110600 | 86409 | 16486k| 149.1 |   189M | 144 | 951 |5425 |5425 |   0 |  0 |   0 |  37 | 3.400000e+01 | 1.062000e+02 | 212.35%| unknown
  855s|110700 | 86483 | 16487k| 148.9 |   189M | 144 | 951 |5425 |5425 |   0 |  0 |   0 |  37 | 3.400000e+01 | 1.062000e+02 | 212.35%| unknown
  856s|110800 | 86565 | 16495k| 148.9 |   189M | 144 | 951 |5425 |5425 |   0 |  0 |   0 |  37 | 3.400000e+01 | 1.062000e+02 | 212.35%| unknown
 time | node  | left  |LP iter|LP it/n|mem/heur|mdpt |vars |cons |rows |cuts |sepa|confs|strbr|  dualbound   | primalbound  |  gap   | compl. 
  856s|110900 | 86647 | 16512k| 148.9 |   189M | 144 | 951 |5425 |5425 |   0 |  0 |   0 |  37 | 3.400000e+01 | 1.062000e+02 | 212.35%| unknown
  857s|111000 | 86729 | 16513k| 148.8 |   189M | 144 | 951 |5425 |5425 |   0 |  0 |   0 |  37 | 3.400000e+01 | 1.062000e+02 | 212.35%| unknown
  857s|111100 | 86799 | 16515k| 148.6 |   190M | 144 | 951 |5425 |5425 |   0 |  0 |   0 |  37 | 3.400000e+01 | 1.062000e+02 | 212.35%| unknown
  857s|111200 | 86873 | 16516k| 148.5 |   190M | 144 | 951 |5425 |5425 |   0 |  0 |   0 |  37 | 3.400000e+01 | 1.062000e+02 | 212.35%| unknown
  857s|111300 | 86921 | 16517k| 148.4 |   191M | 144 | 951 |5425 |5425 |   0 |  0 |   0 |  37 | 3.400000e+01 | 1.062000e+02 | 212.35%| unknown
  857s|111400 | 86989 | 16519k| 148.3 |   191M | 144 | 951 |5425 |5425 |   0 |  0 |   0 |  37 | 3.400000e+01 | 1.062000e+02 | 212.35%| unknown
  857s|111500 | 87073 | 16520k| 148.2 |   191M | 144 | 951 |5425 |5425 |   0 |  0 |   0 |  37 | 3.400000e+01 | 1.062000e+02 | 212.35%| unknown
  858s|111600 | 87149 | 16521k| 148.0 |   191M | 144 | 951 |5425 |5425 |   0 |  0 |   0 |  37 | 3.400000e+01 | 1.062000e+02 | 212.35%| unknown
  858s|111700 | 87227 | 16523k| 147.9 |   191M | 144 | 951 |5425 |5425 |   0 |  0 |   0 |  37 | 3.400000e+01 | 1.062000e+02 | 212.35%| unknown
  858s|111800 | 87315 | 16524k| 147.8 |   191M | 144 | 951 |5425 |5425 |   0 |  0 |   0 |  37 | 3.400000e+01 | 1.062000e+02 | 212.35%| unknown
  858s|111900 | 87399 | 16526k| 147.7 |   191M | 144 | 951 |5425 |5425 |   0 |  0 |   0 |  37 | 3.400000e+01 | 1.062000e+02 | 212.35%| unknown
  858s|112000 | 87475 | 16527k| 147.6 |   191M | 144 | 951 |5425 |5425 |   0 |  0 |   0 |  37 | 3.400000e+01 | 1.062000e+02 | 212.35%| unknown
  859s|112100 | 87549 | 16528k| 147.4 |   191M | 144 | 951 |5425 |5425 |   0 |  0 |   0 |  37 | 3.400000e+01 | 1.062000e+02 | 212.35%| unknown
  859s|112200 | 87633 | 16546k| 147.5 |   191M | 144 | 951 |5425 |5425 |   0 |  0 |   0 |  37 | 3.400000e+01 | 1.062000e+02 | 212.35%| unknown
  860s|112300 | 87707 | 16560k| 147.5 |   192M | 144 | 951 |5425 |5425 |   0 |  0 |   0 |  37 | 3.400000e+01 | 1.062000e+02 | 212.35%| unknown
 time | node  | left  |LP iter|LP it/n|mem/heur|mdpt |vars |cons |rows |cuts |sepa|confs|strbr|  dualbound   | primalbound  |  gap   | compl. 
  861s|112400 | 87785 | 16577k| 147.5 |   192M | 144 | 951 |5425 |5425 |   0 |  0 |   0 |  37 | 3.400000e+01 | 1.062000e+02 | 212.35%| unknown
  862s|112500 | 87865 | 16586k| 147.4 |   192M | 144 | 951 |5425 |5425 |   0 |  0 |   0 |  37 | 3.400000e+01 | 1.062000e+02 | 212.35%| unknown
  863s|112600 | 87937 | 16618k| 147.6 |   192M | 144 | 951 |5425 |5425 |   0 |  0 |   0 |  37 | 3.400000e+01 | 1.062000e+02 | 212.35%| unknown
  864s|112700 | 88023 | 16630k| 147.6 |   192M | 144 | 951 |5425 |5425 |   0 |  0 |   0 |  37 | 3.400000e+01 | 1.062000e+02 | 212.35%| unknown
  865s|112800 | 88111 | 16648k| 147.6 |   192M | 144 | 951 |5425 |5425 |   0 |  0 |   0 |  37 | 3.400000e+01 | 1.062000e+02 | 212.35%| unknown
  866s|112900 | 88207 | 16667k| 147.6 |   192M | 144 | 951 |5425 |5425 |   0 |  0 |   0 |  37 | 3.400000e+01 | 1.062000e+02 | 212.35%| unknown
  867s|113000 | 88291 | 16683k| 147.6 |   192M | 144 | 951 |5425 |5425 |   0 |  0 |   0 |  37 | 3.400000e+01 | 1.062000e+02 | 212.35%| unknown
  867s|113100 | 88377 | 16700k| 147.7 |   192M | 144 | 951 |5425 |5425 |   0 |  0 |   0 |  37 | 3.400000e+01 | 1.062000e+02 | 212.35%| unknown
  868s|113200 | 88459 | 16713k| 147.6 |   192M | 144 | 951 |5425 |5425 |   0 |  0 |   0 |  37 | 3.400000e+01 | 1.062000e+02 | 212.35%| unknown
  868s|113300 | 88531 | 16719k| 147.6 |   193M | 144 | 951 |5425 |5425 |   0 |  0 |   0 |  37 | 3.400000e+01 | 1.062000e+02 | 212.35%| unknown
  869s|113400 | 88613 | 16720k| 147.4 |   193M | 144 | 951 |5425 |5425 |   0 |  0 |   0 |  37 | 3.400000e+01 | 1.062000e+02 | 212.35%| unknown
  869s|113500 | 88693 | 16722k| 147.3 |   193M | 144 | 951 |5425 |5425 |   0 |  0 |   0 |  37 | 3.400000e+01 | 1.062000e+02 | 212.35%| unknown
  869s|113600 | 88769 | 16723k| 147.2 |   193M | 144 | 951 |5425 |5425 |   0 |  0 |   0 |  37 | 3.400000e+01 | 1.062000e+02 | 212.35%| unknown
  869s|113700 | 88847 | 16725k| 147.1 |   194M | 144 | 951 |5425 |5425 |   0 |  0 |   0 |  37 | 3.400000e+01 | 1.062000e+02 | 212.35%| unknown
  869s|113800 | 88931 | 16726k| 147.0 |   194M | 144 | 951 |5425 |5425 |   0 |  0 |   0 |  37 | 3.400000e+01 | 1.062000e+02 | 212.35%| unknown
 time | node  | left  |LP iter|LP it/n|mem/heur|mdpt |vars |cons |rows |cuts |sepa|confs|strbr|  dualbound   | primalbound  |  gap   | compl. 
  870s|113900 | 89015 | 16728k| 146.9 |   195M | 144 | 951 |5425 |5425 |   0 |  0 |   0 |  37 | 3.400000e+01 | 1.062000e+02 | 212.35%| unknown
  870s|114000 | 89091 | 16729k| 146.7 |   195M | 144 | 951 |5425 |5425 |   0 |  0 |   0 |  37 | 3.400000e+01 | 1.062000e+02 | 212.35%| unknown
  870s|114100 | 89167 | 16731k| 146.6 |   195M | 144 | 951 |5425 |5425 |   0 |  0 |   0 |  37 | 3.400000e+01 | 1.062000e+02 | 212.35%| unknown
  870s|114200 | 89233 | 16732k| 146.5 |   195M | 144 | 951 |5425 |5425 |   0 |  0 |   0 |  37 | 3.400000e+01 | 1.062000e+02 | 212.35%| unknown
  870s|114300 | 89311 | 16733k| 146.4 |   195M | 144 | 951 |5425 |5425 |   0 |  0 |   0 |  37 | 3.400000e+01 | 1.062000e+02 | 212.35%| unknown
  871s|114400 | 89387 | 16741k| 146.3 |   196M | 144 | 951 |5425 |5425 |   0 |  0 |   0 |  37 | 3.400000e+01 | 1.062000e+02 | 212.35%| unknown
  872s|114500 | 89469 | 16763k| 146.4 |   196M | 144 | 951 |5425 |5425 |   0 |  0 |   0 |  37 | 3.400000e+01 | 1.062000e+02 | 212.35%| unknown
  873s|114600 | 89535 | 16787k| 146.5 |   196M | 144 | 951 |5425 |5425 |   0 |  0 |   0 |  37 | 3.400000e+01 | 1.062000e+02 | 212.35%| unknown
  873s|114700 | 89613 | 16788k| 146.4 |   196M | 144 | 951 |5425 |5425 |   0 |  0 |   0 |  37 | 3.400000e+01 | 1.062000e+02 | 212.35%| unknown
  873s|114800 | 89675 | 16790k| 146.3 |   196M | 144 | 951 |5425 |5425 |   0 |  0 |   0 |  37 | 3.400000e+01 | 1.062000e+02 | 212.35%| unknown
  874s|114900 | 89745 | 16791k| 146.1 |   196M | 144 | 951 |5425 |5425 |   0 |  0 |   0 |  37 | 3.400000e+01 | 1.062000e+02 | 212.35%| unknown
  874s|115000 | 89823 | 16793k| 146.0 |   196M | 144 | 951 |5425 |5425 |   0 |  0 |   0 |  37 | 3.400000e+01 | 1.062000e+02 | 212.35%| unknown
  874s|115100 | 89901 | 16794k| 145.9 |   196M | 144 | 951 |5425 |5425 |   0 |  0 |   0 |  37 | 3.400000e+01 | 1.062000e+02 | 212.35%| unknown
  874s|115200 | 89969 | 16795k| 145.8 |   196M | 144 | 951 |5425 |5425 |   0 |  0 |   0 |  37 | 3.400000e+01 | 1.062000e+02 | 212.35%| unknown
  874s|115300 | 90055 | 16797k| 145.7 |   197M | 144 | 951 |5425 |5425 |   0 |  0 |   0 |  37 | 3.400000e+01 | 1.062000e+02 | 212.35%| unknown
 time | node  | left  |LP iter|LP it/n|mem/heur|mdpt |vars |cons |rows |cuts |sepa|confs|strbr|  dualbound   | primalbound  |  gap   | compl. 
  875s|115400 | 90131 | 16798k| 145.6 |   197M | 144 | 951 |5425 |5425 |   0 |  0 |   0 |  37 | 3.400000e+01 | 1.062000e+02 | 212.35%| unknown
  875s|115500 | 90209 | 16800k| 145.4 |   198M | 144 | 951 |5425 |5425 |   0 |  0 |   0 |  37 | 3.400000e+01 | 1.062000e+02 | 212.35%| unknown
  875s|115600 | 90275 | 16802k| 145.3 |   198M | 144 | 951 |5425 |5425 |   0 |  0 |   0 |  37 | 3.400000e+01 | 1.062000e+02 | 212.35%| unknown
  875s|115700 | 90357 | 16803k| 145.2 |   198M | 144 | 951 |5425 |5425 |   0 |  0 |   0 |  37 | 3.400000e+01 | 1.062000e+02 | 212.35%| unknown
  875s|115800 | 90435 | 16804k| 145.1 |   198M | 144 | 951 |5425 |5425 |   0 |  0 |   0 |  37 | 3.400000e+01 | 1.062000e+02 | 212.35%| unknown
  876s|115900 | 90505 | 16805k| 145.0 |   198M | 144 | 951 |5425 |5425 |   0 |  0 |   0 |  37 | 3.400000e+01 | 1.062000e+02 | 212.35%| unknown
  876s|116000 | 90571 | 16806k| 144.9 |   198M | 144 | 951 |5425 |5425 |   0 |  0 |   0 |  37 | 3.400000e+01 | 1.062000e+02 | 212.35%| unknown
  876s|116100 | 90643 | 16808k| 144.8 |   198M | 144 | 951 |5425 |5425 |   0 |  0 |   0 |  37 | 3.400000e+01 | 1.062000e+02 | 212.35%| unknown
  876s|116200 | 90733 | 16809k| 144.7 |   198M | 144 | 951 |5425 |5425 |   0 |  0 |   0 |  37 | 3.400000e+01 | 1.062000e+02 | 212.35%| unknown
  877s|116300 | 90807 | 16816k| 144.6 |   198M | 144 | 951 |5425 |5425 |   0 |  0 |   0 |  37 | 3.400000e+01 | 1.062000e+02 | 212.35%| unknown
  877s|116400 | 90877 | 16822k| 144.5 |   198M | 144 | 951 |5425 |5425 |   0 |  0 |   0 |  37 | 3.400000e+01 | 1.062000e+02 | 212.35%| unknown
  877s|116500 | 90951 | 16824k| 144.4 |   198M | 144 | 951 |5425 |5425 |   0 |  0 |   0 |  37 | 3.400000e+01 | 1.062000e+02 | 212.35%| unknown
  877s|116600 | 91033 | 16825k| 144.3 |   199M | 144 | 951 |5425 |5425 |   0 |  0 |   0 |  37 | 3.400000e+01 | 1.062000e+02 | 212.35%| unknown
  878s|116700 | 91105 | 16826k| 144.2 |   199M | 144 | 951 |5425 |5425 |   0 |  0 |   0 |  37 | 3.400000e+01 | 1.062000e+02 | 212.35%| unknown
  878s|116800 | 91183 | 16828k| 144.1 |   199M | 144 | 951 |5425 |5425 |   0 |  0 |   0 |  37 | 3.400000e+01 | 1.062000e+02 | 212.35%| unknown
 time | node  | left  |LP iter|LP it/n|mem/heur|mdpt |vars |cons |rows |cuts |sepa|confs|strbr|  dualbound   | primalbound  |  gap   | compl. 
  878s|116900 | 91259 | 16829k| 144.0 |   199M | 144 | 951 |5425 |5425 |   0 |  0 |   0 |  37 | 3.400000e+01 | 1.062000e+02 | 212.35%| unknown
  878s|117000 | 91327 | 16831k| 143.8 |   199M | 144 | 951 |5425 |5425 |   0 |  0 |   0 |  37 | 3.400000e+01 | 1.062000e+02 | 212.35%| unknown
  878s|117100 | 91399 | 16832k| 143.7 |   199M | 144 | 951 |5425 |5425 |   0 |  0 |   0 |  37 | 3.400000e+01 | 1.062000e+02 | 212.35%| unknown
  878s|117200 | 91471 | 16834k| 143.6 |   199M | 144 | 951 |5425 |5425 |   0 |  0 |   0 |  37 | 3.400000e+01 | 1.062000e+02 | 212.35%| unknown
  879s|117300 | 91547 | 16835k| 143.5 |   199M | 144 | 951 |5425 |5425 |   0 |  0 |   0 |  37 | 3.400000e+01 | 1.062000e+02 | 212.35%| unknown
  879s|117400 | 91625 | 16843k| 143.5 |   199M | 144 | 951 |5425 |5425 |   0 |  0 |   0 |  37 | 3.400000e+01 | 1.062000e+02 | 212.35%| unknown
  881s|117500 | 91677 | 16882k| 143.7 |   199M | 144 | 951 |5425 |5425 |   0 |  0 |   0 |  37 | 3.400000e+01 | 1.062000e+02 | 212.35%| unknown
  881s|117600 | 91735 | 16885k| 143.6 |   199M | 144 | 951 |5425 |5425 |   0 |  0 |   0 |  37 | 3.400000e+01 | 1.062000e+02 | 212.35%| unknown
  881s|117700 | 91807 | 16887k| 143.5 |   201M | 144 | 951 |5425 |5425 |   0 |  0 |   0 |  37 | 3.400000e+01 | 1.062000e+02 | 212.35%| unknown
  882s|117800 | 91875 | 16888k| 143.4 |   201M | 144 | 951 |5425 |5425 |   0 |  0 |   0 |  37 | 3.400000e+01 | 1.062000e+02 | 212.35%| unknown
  882s|117900 | 91963 | 16890k| 143.3 |   201M | 144 | 951 |5425 |5425 |   0 |  0 |   0 |  37 | 3.400000e+01 | 1.062000e+02 | 212.35%| unknown
  882s|118000 | 92039 | 16892k| 143.1 |   201M | 144 | 951 |5425 |5425 |   0 |  0 |   0 |  37 | 3.400000e+01 | 1.062000e+02 | 212.35%| unknown
  882s|118100 | 92107 | 16893k| 143.0 |   201M | 144 | 951 |5425 |5425 |   0 |  0 |   0 |  37 | 3.400000e+01 | 1.062000e+02 | 212.35%| unknown
  882s|118200 | 92187 | 16895k| 142.9 |   201M | 144 | 951 |5425 |5425 |   0 |  0 |   0 |  37 | 3.400000e+01 | 1.062000e+02 | 212.35%| unknown
  883s|118300 | 92267 | 16896k| 142.8 |   201M | 144 | 951 |5425 |5425 |   0 |  0 |   0 |  37 | 3.400000e+01 | 1.062000e+02 | 212.35%| unknown
 time | node  | left  |LP iter|LP it/n|mem/heur|mdpt |vars |cons |rows |cuts |sepa|confs|strbr|  dualbound   | primalbound  |  gap   | compl. 
  883s|118400 | 92331 | 16898k| 142.7 |   201M | 144 | 951 |5425 |5425 |   0 |  0 |   0 |  37 | 3.400000e+01 | 1.062000e+02 | 212.35%| unknown
  883s|118500 | 92417 | 16899k| 142.6 |   201M | 144 | 951 |5425 |5425 |   0 |  0 |   0 |  37 | 3.400000e+01 | 1.062000e+02 | 212.35%| unknown
  883s|118600 | 92499 | 16900k| 142.5 |   201M | 144 | 951 |5425 |5425 |   0 |  0 |   0 |  37 | 3.400000e+01 | 1.062000e+02 | 212.35%| unknown
  883s|118700 | 92577 | 16902k| 142.4 |   201M | 144 | 951 |5425 |5425 |   0 |  0 |   0 |  37 | 3.400000e+01 | 1.062000e+02 | 212.35%| unknown
  884s|118800 | 92655 | 16904k| 142.3 |   202M | 144 | 951 |5425 |5425 |   0 |  0 |   0 |  37 | 3.400000e+01 | 1.062000e+02 | 212.35%| unknown
  884s|118900 | 92735 | 16905k| 142.2 |   202M | 144 | 951 |5425 |5425 |   0 |  0 |   0 |  37 | 3.400000e+01 | 1.062000e+02 | 212.35%| unknown
  884s|119000 | 92813 | 16906k| 142.1 |   202M | 144 | 951 |5425 |5425 |   0 |  0 |   0 |  37 | 3.400000e+01 | 1.062000e+02 | 212.35%| unknown
  884s|119100 | 92897 | 16908k| 142.0 |   202M | 144 | 951 |5425 |5425 |   0 |  0 |   0 |  37 | 3.400000e+01 | 1.062000e+02 | 212.35%| unknown
  885s|119200 | 92975 | 16915k| 141.9 |   202M | 144 | 951 |5425 |5425 |   0 |  0 |   0 |  37 | 3.400000e+01 | 1.062000e+02 | 212.35%| unknown
  886s|119300 | 93049 | 16937k| 142.0 |   202M | 144 | 951 |5425 |5425 |   0 |  0 |   0 |  37 | 3.400000e+01 | 1.062000e+02 | 212.35%| unknown
  886s|119400 | 93125 | 16952k| 142.0 |   202M | 144 | 951 |5425 |5425 |   0 |  0 |   0 |  37 | 3.400000e+01 | 1.062000e+02 | 212.35%| unknown
  888s|119500 | 93201 | 16974k| 142.0 |   202M | 144 | 951 |5425 |5425 |   0 |  0 |   0 |  37 | 3.400000e+01 | 1.062000e+02 | 212.35%| unknown
  889s|119600 | 93297 | 16994k| 142.1 |   202M | 144 | 951 |5425 |5425 |   0 |  0 |   0 |  37 | 3.400000e+01 | 1.062000e+02 | 212.35%| unknown
  889s|119700 | 93379 | 17005k| 142.1 |   202M | 144 | 951 |5425 |5425 |   0 |  0 |   0 |  37 | 3.400000e+01 | 1.062000e+02 | 212.35%| unknown
  890s|119800 | 93463 | 17020k| 142.1 |   204M | 144 | 951 |5425 |5425 |   0 |  0 |   0 |  37 | 3.400000e+01 | 1.062000e+02 | 212.35%| unknown
 time | node  | left  |LP iter|LP it/n|mem/heur|mdpt |vars |cons |rows |cuts |sepa|confs|strbr|  dualbound   | primalbound  |  gap   | compl. 
  891s|119900 | 93545 | 17037k| 142.1 |   204M | 144 | 951 |5425 |5425 |   0 |  0 |   0 |  37 | 3.400000e+01 | 1.062000e+02 | 212.35%| unknown
  892s|120000 | 93613 | 17054k| 142.1 |   204M | 144 | 951 |5425 |5425 |   0 |  0 |   0 |  37 | 3.400000e+01 | 1.062000e+02 | 212.35%| unknown
  893s|120100 | 93699 | 17075k| 142.2 |   204M | 144 | 951 |5425 |5425 |   0 |  0 |   0 |  37 | 3.400000e+01 | 1.062000e+02 | 212.35%| unknown
  893s|120200 | 93771 | 17089k| 142.2 |   204M | 144 | 951 |5425 |5425 |   0 |  0 |   0 |  37 | 3.400000e+01 | 1.062000e+02 | 212.35%| unknown
  894s|120300 | 93851 | 17107k| 142.2 |   204M | 144 | 951 |5425 |5425 |   0 |  0 |   0 |  37 | 3.400000e+01 | 1.062000e+02 | 212.35%| unknown
  895s|120400 | 93937 | 17120k| 142.2 |   204M | 144 | 951 |5425 |5425 |   0 |  0 |   0 |  37 | 3.400000e+01 | 1.062000e+02 | 212.35%| unknown
  895s|120500 | 94019 | 17122k| 142.1 |   204M | 144 | 951 |5425 |5425 |   0 |  0 |   0 |  37 | 3.400000e+01 | 1.062000e+02 | 212.35%| unknown
  895s|120600 | 94091 | 17123k| 142.0 |   204M | 144 | 951 |5425 |5425 |   0 |  0 |   0 |  37 | 3.400000e+01 | 1.062000e+02 | 212.35%| unknown
  896s|120700 | 94165 | 17124k| 141.9 |   204M | 144 | 951 |5425 |5425 |   0 |  0 |   0 |  37 | 3.400000e+01 | 1.062000e+02 | 212.35%| unknown
  896s|120800 | 94231 | 17126k| 141.8 |   204M | 144 | 951 |5425 |5425 |   0 |  0 |   0 |  37 | 3.400000e+01 | 1.062000e+02 | 212.35%| unknown
  896s|120900 | 94299 | 17127k| 141.7 |   205M | 144 | 951 |5425 |5425 |   0 |  0 |   0 |  37 | 3.400000e+01 | 1.062000e+02 | 212.35%| unknown
  896s|121000 | 94369 | 17129k| 141.6 |   205M | 144 | 951 |5425 |5425 |   0 |  0 |   0 |  37 | 3.400000e+01 | 1.062000e+02 | 212.35%| unknown
  896s|121100 | 94437 | 17130k| 141.5 |   205M | 144 | 951 |5425 |5425 |   0 |  0 |   0 |  37 | 3.400000e+01 | 1.062000e+02 | 212.35%| unknown
  897s|121200 | 94511 | 17131k| 141.3 |   205M | 144 | 951 |5425 |5425 |   0 |  0 |   0 |  37 | 3.400000e+01 | 1.062000e+02 | 212.35%| unknown
  897s|121300 | 94575 | 17133k| 141.2 |   205M | 144 | 951 |5425 |5425 |   0 |  0 |   0 |  37 | 3.400000e+01 | 1.062000e+02 | 212.35%| unknown
 time | node  | left  |LP iter|LP it/n|mem/heur|mdpt |vars |cons |rows |cuts |sepa|confs|strbr|  dualbound   | primalbound  |  gap   | compl. 
  897s|121400 | 94651 | 17134k| 141.1 |   205M | 144 | 951 |5425 |5425 |   0 |  0 |   0 |  37 | 3.400000e+01 | 1.062000e+02 | 212.35%| unknown
  897s|121500 | 94717 | 17136k| 141.0 |   205M | 144 | 951 |5425 |5425 |   0 |  0 |   0 |  37 | 3.400000e+01 | 1.062000e+02 | 212.35%| unknown
  897s|121600 | 94779 | 17137k| 140.9 |   205M | 144 | 951 |5425 |5425 |   0 |  0 |   0 |  37 | 3.400000e+01 | 1.062000e+02 | 212.35%| unknown
  897s|121700 | 94849 | 17138k| 140.8 |   205M | 144 | 951 |5425 |5425 |   0 |  0 |   0 |  37 | 3.400000e+01 | 1.062000e+02 | 212.35%| unknown
  898s|121800 | 94921 | 17140k| 140.7 |   205M | 144 | 951 |5425 |5425 |   0 |  0 |   0 |  37 | 3.400000e+01 | 1.062000e+02 | 212.35%| unknown
  898s|121900 | 94983 | 17142k| 140.6 |   205M | 144 | 951 |5425 |5425 |   0 |  0 |   0 |  37 | 3.400000e+01 | 1.062000e+02 | 212.35%| unknown
  898s|122000 | 95041 | 17143k| 140.5 |   205M | 144 | 951 |5425 |5425 |   0 |  0 |   0 |  37 | 3.400000e+01 | 1.062000e+02 | 212.35%| unknown
  898s|122100 | 95113 | 17145k| 140.4 |   206M | 144 | 951 |5425 |5425 |   0 |  0 |   0 |  37 | 3.400000e+01 | 1.062000e+02 | 212.35%| unknown
  899s|122200 | 95185 | 17151k| 140.3 |   206M | 144 | 951 |5425 |5425 |   0 |  0 |   0 |  37 | 3.400000e+01 | 1.062000e+02 | 212.35%| unknown
  899s|122300 | 95257 | 17165k| 140.4 |   207M | 144 | 951 |5425 |5425 |   0 |  0 |   0 |  37 | 3.400000e+01 | 1.062000e+02 | 212.35%| unknown
  900s|122400 | 95319 | 17166k| 140.2 |   207M | 144 | 951 |5425 |5425 |   0 |  0 |   0 |  37 | 3.400000e+01 | 1.062000e+02 | 212.35%| unknown
  901s|122500 | 95393 | 17188k| 140.3 |   207M | 144 | 951 |5425 |5425 |   0 |  0 |   0 |  37 | 3.400000e+01 | 1.062000e+02 | 212.35%| unknown
  901s|122600 | 95469 | 17190k| 140.2 |   207M | 144 | 951 |5425 |5425 |   0 |  0 |   0 |  37 | 3.400000e+01 | 1.062000e+02 | 212.35%| unknown
  901s|122700 | 95545 | 17191k| 140.1 |   207M | 144 | 951 |5425 |5425 |   0 |  0 |   0 |  37 | 3.400000e+01 | 1.062000e+02 | 212.35%| unknown
  901s|122800 | 95623 | 17193k| 140.0 |   207M | 144 | 951 |5425 |5425 |   0 |  0 |   0 |  37 | 3.400000e+01 | 1.062000e+02 | 212.35%| unknown
 time | node  | left  |LP iter|LP it/n|mem/heur|mdpt |vars |cons |rows |cuts |sepa|confs|strbr|  dualbound   | primalbound  |  gap   | compl. 
  901s|122900 | 95695 | 17194k| 139.9 |   207M | 144 | 951 |5425 |5425 |   0 |  0 |   0 |  37 | 3.400000e+01 | 1.062000e+02 | 212.35%| unknown
  902s|123000 | 95763 | 17196k| 139.8 |   207M | 144 | 951 |5425 |5425 |   0 |  0 |   0 |  37 | 3.400000e+01 | 1.062000e+02 | 212.35%| unknown
  902s|123100 | 95841 | 17211k| 139.8 |   207M | 144 | 951 |5425 |5425 |   0 |  0 |   0 |  37 | 3.400000e+01 | 1.062000e+02 | 212.35%| unknown
  903s|123200 | 95913 | 17231k| 139.9 |   208M | 144 | 951 |5425 |5425 |   0 |  0 |   0 |  37 | 3.400000e+01 | 1.062000e+02 | 212.35%| unknown
  904s|123300 | 95981 | 17251k| 139.9 |   208M | 144 | 951 |5425 |5425 |   0 |  0 |   0 |  37 | 3.400000e+01 | 1.062000e+02 | 212.35%| unknown
  905s|123400 | 96061 | 17267k| 139.9 |   209M | 144 | 951 |5425 |5425 |   0 |  0 |   0 |  37 | 3.400000e+01 | 1.062000e+02 | 212.35%| unknown
  906s|123500 | 96147 | 17280k| 139.9 |   209M | 144 | 951 |5425 |5425 |   0 |  0 |   0 |  37 | 3.400000e+01 | 1.062000e+02 | 212.35%| unknown
  907s|123600 | 96223 | 17290k| 139.9 |   209M | 144 | 951 |5425 |5425 |   0 |  0 |   0 |  37 | 3.400000e+01 | 1.062000e+02 | 212.35%| unknown
  907s|123700 | 96311 | 17291k| 139.8 |   209M | 144 | 951 |5425 |5425 |   0 |  0 |   0 |  37 | 3.400000e+01 | 1.062000e+02 | 212.35%| unknown
  907s|123800 | 96385 | 17292k| 139.7 |   209M | 144 | 951 |5425 |5425 |   0 |  0 |   0 |  37 | 3.400000e+01 | 1.062000e+02 | 212.35%| unknown
  907s|123900 | 96463 | 17294k| 139.6 |   209M | 144 | 951 |5425 |5425 |   0 |  0 |   0 |  37 | 3.400000e+01 | 1.062000e+02 | 212.35%| unknown
  907s|124000 | 96531 | 17295k| 139.5 |   209M | 144 | 951 |5425 |5425 |   0 |  0 |   0 |  37 | 3.400000e+01 | 1.062000e+02 | 212.35%| unknown
  908s|124100 | 96601 | 17297k| 139.4 |   209M | 144 | 951 |5425 |5425 |   0 |  0 |   0 |  37 | 3.400000e+01 | 1.062000e+02 | 212.35%| unknown
  908s|124200 | 96677 | 17298k| 139.3 |   209M | 144 | 951 |5425 |5425 |   0 |  0 |   0 |  37 | 3.400000e+01 | 1.062000e+02 | 212.35%| unknown
  908s|124300 | 96753 | 17300k| 139.2 |   210M | 144 | 951 |5425 |5425 |   0 |  0 |   0 |  37 | 3.400000e+01 | 1.062000e+02 | 212.35%| unknown
 time | node  | left  |LP iter|LP it/n|mem/heur|mdpt |vars |cons |rows |cuts |sepa|confs|strbr|  dualbound   | primalbound  |  gap   | compl. 
  909s|124400 | 96829 | 17313k| 139.2 |   210M | 144 | 951 |5425 |5425 |   0 |  0 |   0 |  37 | 3.400000e+01 | 1.062000e+02 | 212.35%| unknown
  909s|124500 | 96893 | 17314k| 139.1 |   210M | 144 | 951 |5425 |5425 |   0 |  0 |   0 |  37 | 3.400000e+01 | 1.062000e+02 | 212.35%| unknown
  909s|124600 | 96967 | 17326k| 139.0 |   210M | 144 | 951 |5425 |5425 |   0 |  0 |   0 |  37 | 3.400000e+01 | 1.062000e+02 | 212.35%| unknown
  910s|124700 | 97047 | 17340k| 139.0 |   210M | 144 | 951 |5425 |5425 |   0 |  0 |   0 |  37 | 3.400000e+01 | 1.062000e+02 | 212.35%| unknown
  911s|124800 | 97139 | 17366k| 139.1 |   210M | 144 | 951 |5425 |5425 |   0 |  0 |   0 |  37 | 3.400000e+01 | 1.062000e+02 | 212.35%| unknown
  913s|124900 | 97211 | 17394k| 139.3 |   210M | 144 | 951 |5425 |5425 |   0 |  0 |   0 |  37 | 3.400000e+01 | 1.062000e+02 | 212.35%| unknown
  915s|125000 | 97307 | 17431k| 139.4 |   210M | 144 | 951 |5425 |5425 |   0 |  0 |   0 |  37 | 3.400000e+01 | 1.062000e+02 | 212.35%| unknown
  917s|125100 | 97397 | 17468k| 139.6 |   210M | 144 | 951 |5425 |5425 |   0 |  0 |   0 |  37 | 3.400000e+01 | 1.062000e+02 | 212.35%| unknown
  918s|125200 | 97489 | 17497k| 139.7 |   210M | 144 | 951 |5425 |5425 |   0 |  0 |   0 |  37 | 3.400000e+01 | 1.062000e+02 | 212.35%| unknown
  919s|125300 | 97569 | 17515k| 139.8 |   211M | 144 | 951 |5425 |5425 |   0 |  0 |   0 |  37 | 3.400000e+01 | 1.062000e+02 | 212.35%| unknown
  920s|125400 | 97653 | 17539k| 139.9 |   212M | 144 | 951 |5425 |5425 |   0 |  0 |   0 |  37 | 3.400000e+01 | 1.062000e+02 | 212.35%| unknown
  921s|125500 | 97733 | 17552k| 139.9 |   212M | 144 | 951 |5425 |5425 |   0 |  0 |   0 |  37 | 3.400000e+01 | 1.062000e+02 | 212.35%| unknown
  922s|125600 | 97805 | 17565k| 139.8 |   212M | 144 | 951 |5425 |5425 |   0 |  0 |   0 |  37 | 3.400000e+01 | 1.062000e+02 | 212.35%| unknown
  922s|125700 | 97883 | 17566k| 139.7 |   212M | 144 | 951 |5425 |5425 |   0 |  0 |   0 |  37 | 3.400000e+01 | 1.062000e+02 | 212.35%| unknown
  922s|125800 | 97959 | 17572k| 139.7 |   212M | 144 | 951 |5425 |5425 |   0 |  0 |   0 |  37 | 3.400000e+01 | 1.062000e+02 | 212.35%| unknown
 time | node  | left  |LP iter|LP it/n|mem/heur|mdpt |vars |cons |rows |cuts |sepa|confs|strbr|  dualbound   | primalbound  |  gap   | compl. 
  923s|125900 | 98031 | 17596k| 139.8 |   212M | 144 | 951 |5425 |5425 |   0 |  0 |   0 |  37 | 3.400000e+01 | 1.062000e+02 | 212.35%| unknown
  925s|126000 | 98119 | 17631k| 139.9 |   213M | 144 | 951 |5425 |5425 |   0 |  0 |   0 |  37 | 3.400000e+01 | 1.062000e+02 | 212.35%| unknown
  927s|126100 | 98209 | 17657k| 140.0 |   213M | 144 | 951 |5425 |5425 |   0 |  0 |   0 |  37 | 3.400000e+01 | 1.062000e+02 | 212.35%| unknown
  929s|126200 | 98307 | 17705k| 140.3 |   213M | 144 | 951 |5425 |5425 |   0 |  0 |   0 |  37 | 3.400000e+01 | 1.062000e+02 | 212.35%| unknown
  931s|126300 | 98381 | 17740k| 140.5 |   214M | 144 | 951 |5425 |5425 |   0 |  0 |   0 |  37 | 3.400000e+01 | 1.062000e+02 | 212.35%| unknown
  931s|126400 | 98453 | 17752k| 140.4 |   214M | 144 | 951 |5425 |5425 |   0 |  0 |   0 |  37 | 3.400000e+01 | 1.062000e+02 | 212.35%| unknown
  932s|126500 | 98517 | 17775k| 140.5 |   214M | 144 | 951 |5425 |5425 |   0 |  0 |   0 |  37 | 3.400000e+01 | 1.062000e+02 | 212.35%| unknown
  933s|126600 | 98597 | 17790k| 140.5 |   214M | 144 | 951 |5425 |5425 |   0 |  0 |   0 |  37 | 3.400000e+01 | 1.062000e+02 | 212.35%| unknown
  933s|126700 | 98679 | 17792k| 140.4 |   214M | 144 | 951 |5425 |5425 |   0 |  0 |   0 |  37 | 3.400000e+01 | 1.062000e+02 | 212.35%| unknown
  934s|126800 | 98743 | 17794k| 140.3 |   214M | 144 | 951 |5425 |5425 |   0 |  0 |   0 |  37 | 3.400000e+01 | 1.062000e+02 | 212.35%| unknown
  934s|126900 | 98817 | 17795k| 140.2 |   214M | 144 | 951 |5425 |5425 |   0 |  0 |   0 |  37 | 3.400000e+01 | 1.062000e+02 | 212.35%| unknown
  934s|127000 | 98891 | 17796k| 140.1 |   214M | 144 | 951 |5425 |5425 |   0 |  0 |   0 |  37 | 3.400000e+01 | 1.062000e+02 | 212.35%| unknown
  934s|127100 | 98951 | 17798k| 140.0 |   214M | 144 | 951 |5425 |5425 |   0 |  0 |   0 |  37 | 3.400000e+01 | 1.062000e+02 | 212.35%| unknown
  934s|127200 | 99031 | 17799k| 139.9 |   214M | 144 | 951 |5425 |5425 |   0 |  0 |   0 |  37 | 3.400000e+01 | 1.062000e+02 | 212.35%| unknown
  935s|127300 | 99075 | 17812k| 139.9 |   214M | 144 | 951 |5425 |5425 |   0 |  0 |   0 |  37 | 3.400000e+01 | 1.062000e+02 | 212.35%| unknown
 time | node  | left  |LP iter|LP it/n|mem/heur|mdpt |vars |cons |rows |cuts |sepa|confs|strbr|  dualbound   | primalbound  |  gap   | compl. 
  936s|127400 | 99145 | 17838k| 140.0 |   214M | 144 | 951 |5425 |5425 |   0 |  0 |   0 |  37 | 3.400000e+01 | 1.062000e+02 | 212.35%| unknown
  937s|127500 | 99223 | 17852k| 140.0 |   215M | 144 | 951 |5425 |5425 |   0 |  0 |   0 |  37 | 3.400000e+01 | 1.062000e+02 | 212.35%| unknown
  938s|127600 | 99285 | 17875k| 140.1 |   215M | 144 | 951 |5425 |5425 |   0 |  0 |   0 |  37 | 3.400000e+01 | 1.062000e+02 | 212.35%| unknown
  939s|127700 | 99361 | 17898k| 140.2 |   215M | 144 | 951 |5425 |5425 |   0 |  0 |   0 |  37 | 3.400000e+01 | 1.062000e+02 | 212.35%| unknown
  940s|127800 | 99443 | 17912k| 140.2 |   215M | 144 | 951 |5425 |5425 |   0 |  0 |   0 |  37 | 3.400000e+01 | 1.062000e+02 | 212.35%| unknown
  941s|127900 | 99513 | 17928k| 140.2 |   216M | 144 | 951 |5425 |5425 |   0 |  0 |   0 |  37 | 3.400000e+01 | 1.062000e+02 | 212.35%| unknown
  941s|128000 | 99599 | 17938k| 140.1 |   216M | 144 | 951 |5425 |5425 |   0 |  0 |   0 |  37 | 3.400000e+01 | 1.062000e+02 | 212.35%| unknown
  942s|128100 | 99669 | 17948k| 140.1 |   216M | 144 | 951 |5425 |5425 |   0 |  0 |   0 |  37 | 3.400000e+01 | 1.062000e+02 | 212.35%| unknown
  943s|128200 | 99729 | 17964k| 140.1 |   216M | 144 | 951 |5425 |5425 |   0 |  0 |   0 |  37 | 3.400000e+01 | 1.062000e+02 | 212.35%| unknown
  944s|128300 | 99797 | 17985k| 140.2 |   216M | 144 | 951 |5425 |5425 |   0 |  0 |   0 |  37 | 3.400000e+01 | 1.062000e+02 | 212.35%| unknown
  945s|128400 | 99889 | 17999k| 140.2 |   216M | 144 | 951 |5425 |5425 |   0 |  0 |   0 |  37 | 3.400000e+01 | 1.062000e+02 | 212.35%| unknown
  946s|128500 | 99967 | 18025k| 140.3 |   216M | 144 | 951 |5425 |5425 |   0 |  0 |   0 |  37 | 3.400000e+01 | 1.062000e+02 | 212.35%| unknown
  947s|128600 |100033 | 18048k| 140.3 |   217M | 144 | 951 |5425 |5425 |   0 |  0 |   0 |  37 | 3.400000e+01 | 1.062000e+02 | 212.35%| unknown
  948s|128700 |100103 | 18075k| 140.4 |   217M | 144 | 951 |5425 |5425 |   0 |  0 |   0 |  37 | 3.400000e+01 | 1.062000e+02 | 212.35%| unknown
  949s|128800 |100181 | 18099k| 140.5 |   217M | 144 | 951 |5425 |5425 |   0 |  0 |   0 |  37 | 3.400000e+01 | 1.062000e+02 | 212.35%| unknown
 time | node  | left  |LP iter|LP it/n|mem/heur|mdpt |vars |cons |rows |cuts |sepa|confs|strbr|  dualbound   | primalbound  |  gap   | compl. 
  951s|128900 |100249 | 18121k| 140.6 |   217M | 144 | 951 |5425 |5425 |   0 |  0 |   0 |  37 | 3.400000e+01 | 1.062000e+02 | 212.35%| unknown
  951s|129000 |100323 | 18132k| 140.6 |   217M | 144 | 951 |5425 |5425 |   0 |  0 |   0 |  37 | 3.400000e+01 | 1.062000e+02 | 212.35%| unknown
  952s|129100 |100397 | 18154k| 140.6 |   217M | 144 | 951 |5425 |5425 |   0 |  0 |   0 |  37 | 3.400000e+01 | 1.062000e+02 | 212.35%| unknown
  953s|129200 |100479 | 18168k| 140.6 |   217M | 144 | 951 |5425 |5425 |   0 |  0 |   0 |  37 | 3.400000e+01 | 1.062000e+02 | 212.35%| unknown
  954s|129300 |100553 | 18195k| 140.7 |   217M | 144 | 951 |5425 |5425 |   0 |  0 |   0 |  37 | 3.400000e+01 | 1.062000e+02 | 212.35%| unknown
  955s|129400 |100627 | 18206k| 140.7 |   217M | 144 | 951 |5425 |5425 |   0 |  0 |   0 |  37 | 3.400000e+01 | 1.062000e+02 | 212.35%| unknown
  956s|129500 |100699 | 18224k| 140.7 |   217M | 144 | 951 |5425 |5425 |   0 |  0 |   0 |  37 | 3.400000e+01 | 1.062000e+02 | 212.35%| unknown
  957s|129600 |100781 | 18249k| 140.8 |   217M | 144 | 951 |5425 |5425 |   0 |  0 |   0 |  37 | 3.400000e+01 | 1.062000e+02 | 212.35%| unknown
  958s|129700 |100859 | 18265k| 140.8 |   218M | 144 | 951 |5425 |5425 |   0 |  0 |   0 |  37 | 3.400000e+01 | 1.062000e+02 | 212.35%| unknown
  959s|129800 |100947 | 18278k| 140.8 |   218M | 144 | 951 |5425 |5425 |   0 |  0 |   0 |  37 | 3.400000e+01 | 1.062000e+02 | 212.35%| unknown
  960s|129900 |101027 | 18294k| 140.8 |   218M | 144 | 951 |5425 |5425 |   0 |  0 |   0 |  37 | 3.400000e+01 | 1.062000e+02 | 212.35%| unknown
  962s|130000 |101109 | 18338k| 141.1 |   218M | 144 | 951 |5425 |5425 |   0 |  0 |   0 |  37 | 3.400000e+01 | 1.062000e+02 | 212.35%| unknown
  963s|130100 |101201 | 18355k| 141.1 |   218M | 144 | 951 |5425 |5425 |   0 |  0 |   0 |  37 | 3.400000e+01 | 1.062000e+02 | 212.35%| unknown
  964s|130200 |101277 | 18376k| 141.1 |   218M | 144 | 951 |5425 |5425 |   0 |  0 |   0 |  37 | 3.400000e+01 | 1.062000e+02 | 212.35%| unknown
  965s|130300 |101353 | 18397k| 141.2 |   218M | 144 | 951 |5425 |5425 |   0 |  0 |   0 |  37 | 3.400000e+01 | 1.062000e+02 | 212.35%| unknown
 time | node  | left  |LP iter|LP it/n|mem/heur|mdpt |vars |cons |rows |cuts |sepa|confs|strbr|  dualbound   | primalbound  |  gap   | compl. 
  966s|130400 |101423 | 18417k| 141.2 |   218M | 144 | 951 |5425 |5425 |   0 |  0 |   0 |  37 | 3.400000e+01 | 1.062000e+02 | 212.35%| unknown
  967s|130500 |101495 | 18437k| 141.3 |   218M | 144 | 951 |5425 |5425 |   0 |  0 |   0 |  37 | 3.400000e+01 | 1.062000e+02 | 212.35%| unknown
  967s|130600 |101577 | 18444k| 141.2 |   218M | 144 | 951 |5425 |5425 |   0 |  0 |   0 |  37 | 3.400000e+01 | 1.062000e+02 | 212.35%| unknown
  967s|130700 |101655 | 18445k| 141.1 |   219M | 144 | 951 |5425 |5425 |   0 |  0 |   0 |  37 | 3.400000e+01 | 1.062000e+02 | 212.35%| unknown
  968s|130800 |101719 | 18446k| 141.0 |   219M | 144 | 951 |5425 |5425 |   0 |  0 |   0 |  37 | 3.400000e+01 | 1.062000e+02 | 212.35%| unknown
  968s|130900 |101791 | 18448k| 140.9 |   219M | 144 | 951 |5425 |5425 |   0 |  0 |   0 |  37 | 3.400000e+01 | 1.062000e+02 | 212.35%| unknown
  969s|131000 |101871 | 18464k| 140.9 |   219M | 144 | 951 |5425 |5425 |   0 |  0 |   0 |  37 | 3.400000e+01 | 1.062000e+02 | 212.35%| unknown
  969s|131100 |101947 | 18480k| 141.0 |   219M | 144 | 951 |5425 |5425 |   0 |  0 |   0 |  37 | 3.400000e+01 | 1.062000e+02 | 212.35%| unknown
  970s|131200 |102027 | 18496k| 141.0 |   219M | 144 | 951 |5425 |5425 |   0 |  0 |   0 |  37 | 3.400000e+01 | 1.062000e+02 | 212.35%| unknown
  971s|131300 |102107 | 18511k| 141.0 |   219M | 144 | 951 |5425 |5425 |   0 |  0 |   0 |  37 | 3.400000e+01 | 1.062000e+02 | 212.35%| unknown
  972s|131400 |102185 | 18539k| 141.1 |   219M | 144 | 951 |5425 |5425 |   0 |  0 |   0 |  37 | 3.400000e+01 | 1.062000e+02 | 212.35%| unknown
  974s|131500 |102259 | 18564k| 141.2 |   219M | 144 | 951 |5425 |5425 |   0 |  0 |   0 |  37 | 3.400000e+01 | 1.062000e+02 | 212.35%| unknown
  975s|131600 |102341 | 18588k| 141.2 |   219M | 144 | 951 |5425 |5425 |   0 |  0 |   0 |  37 | 3.400000e+01 | 1.062000e+02 | 212.35%| unknown
  976s|131700 |102425 | 18607k| 141.3 |   219M | 144 | 951 |5425 |5425 |   0 |  0 |   0 |  37 | 3.400000e+01 | 1.062000e+02 | 212.35%| unknown
  977s|131800 |102509 | 18624k| 141.3 |   220M | 144 | 951 |5425 |5425 |   0 |  0 |   0 |  37 | 3.400000e+01 | 1.062000e+02 | 212.35%| unknown
 time | node  | left  |LP iter|LP it/n|mem/heur|mdpt |vars |cons |rows |cuts |sepa|confs|strbr|  dualbound   | primalbound  |  gap   | compl. 
  978s|131900 |102591 | 18642k| 141.3 |   220M | 144 | 951 |5425 |5425 |   0 |  0 |   0 |  37 | 3.400000e+01 | 1.062000e+02 | 212.35%| unknown
  978s|132000 |102669 | 18657k| 141.3 |   220M | 144 | 951 |5425 |5425 |   0 |  0 |   0 |  37 | 3.400000e+01 | 1.062000e+02 | 212.35%| unknown
  979s|132100 |102737 | 18667k| 141.3 |   220M | 144 | 951 |5425 |5425 |   0 |  0 |   0 |  37 | 3.400000e+01 | 1.062000e+02 | 212.35%| unknown
  979s|132200 |102819 | 18669k| 141.2 |   221M | 144 | 951 |5425 |5425 |   0 |  0 |   0 |  37 | 3.400000e+01 | 1.062000e+02 | 212.35%| unknown
  979s|132300 |102891 | 18670k| 141.1 |   221M | 144 | 951 |5425 |5425 |   0 |  0 |   0 |  37 | 3.400000e+01 | 1.062000e+02 | 212.35%| unknown
  980s|132400 |102971 | 18671k| 141.0 |   221M | 144 | 951 |5425 |5425 |   0 |  0 |   0 |  37 | 3.400000e+01 | 1.062000e+02 | 212.35%| unknown
  980s|132500 |103043 | 18673k| 140.9 |   221M | 144 | 951 |5425 |5425 |   0 |  0 |   0 |  37 | 3.400000e+01 | 1.062000e+02 | 212.35%| unknown
  980s|132600 |103127 | 18674k| 140.8 |   222M | 144 | 951 |5425 |5425 |   0 |  0 |   0 |  37 | 3.400000e+01 | 1.062000e+02 | 212.35%| unknown
  981s|132700 |103195 | 18686k| 140.8 |   222M | 144 | 951 |5425 |5425 |   0 |  0 |   0 |  37 | 3.400000e+01 | 1.062000e+02 | 212.35%| unknown
  981s|132800 |103271 | 18706k| 140.9 |   222M | 144 | 951 |5425 |5425 |   0 |  0 |   0 |  37 | 3.400000e+01 | 1.062000e+02 | 212.35%| unknown
  983s|132900 |103343 | 18732k| 140.9 |   223M | 144 | 951 |5425 |5425 |   0 |  0 |   0 |  37 | 3.400000e+01 | 1.062000e+02 | 212.35%| unknown
  983s|133000 |103413 | 18747k| 141.0 |   223M | 144 | 951 |5425 |5425 |   0 |  0 |   0 |  37 | 3.400000e+01 | 1.062000e+02 | 212.35%| unknown
  984s|133100 |103487 | 18749k| 140.9 |   223M | 144 | 951 |5425 |5425 |   0 |  0 |   0 |  37 | 3.400000e+01 | 1.062000e+02 | 212.35%| unknown
  984s|133200 |103571 | 18751k| 140.8 |   223M | 144 | 951 |5425 |5425 |   0 |  0 |   0 |  37 | 3.400000e+01 | 1.062000e+02 | 212.35%| unknown
  984s|133300 |103647 | 18752k| 140.7 |   223M | 144 | 951 |5425 |5425 |   0 |  0 |   0 |  37 | 3.400000e+01 | 1.062000e+02 | 212.35%| unknown
 time | node  | left  |LP iter|LP it/n|mem/heur|mdpt |vars |cons |rows |cuts |sepa|confs|strbr|  dualbound   | primalbound  |  gap   | compl. 
  984s|133400 |103721 | 18753k| 140.6 |   224M | 144 | 951 |5425 |5425 |   0 |  0 |   0 |  37 | 3.400000e+01 | 1.062000e+02 | 212.35%| unknown
  984s|133500 |103795 | 18754k| 140.5 |   224M | 144 | 951 |5425 |5425 |   0 |  0 |   0 |  37 | 3.400000e+01 | 1.062000e+02 | 212.35%| unknown
  985s|133600 |103875 | 18756k| 140.4 |   224M | 144 | 951 |5425 |5425 |   0 |  0 |   0 |  37 | 3.400000e+01 | 1.062000e+02 | 212.35%| unknown
  985s|133700 |103947 | 18757k| 140.3 |   224M | 144 | 951 |5425 |5425 |   0 |  0 |   0 |  37 | 3.400000e+01 | 1.062000e+02 | 212.35%| unknown
  985s|133800 |104025 | 18758k| 140.2 |   224M | 144 | 951 |5425 |5425 |   0 |  0 |   0 |  37 | 3.400000e+01 | 1.062000e+02 | 212.35%| unknown
  985s|133900 |104111 | 18760k| 140.1 |   225M | 144 | 951 |5425 |5425 |   0 |  0 |   0 |  37 | 3.400000e+01 | 1.062000e+02 | 212.35%| unknown
  985s|134000 |104197 | 18761k| 140.0 |   225M | 144 | 951 |5425 |5425 |   0 |  0 |   0 |  37 | 3.400000e+01 | 1.062000e+02 | 212.35%| unknown
  986s|134100 |104277 | 18763k| 139.9 |   225M | 144 | 951 |5425 |5425 |   0 |  0 |   0 |  37 | 3.400000e+01 | 1.062000e+02 | 212.35%| unknown
  986s|134200 |104351 | 18764k| 139.8 |   225M | 144 | 951 |5425 |5425 |   0 |  0 |   0 |  37 | 3.400000e+01 | 1.062000e+02 | 212.35%| unknown
  986s|134300 |104429 | 18765k| 139.7 |   225M | 144 | 951 |5425 |5425 |   0 |  0 |   0 |  37 | 3.400000e+01 | 1.062000e+02 | 212.35%| unknown
  986s|134400 |104509 | 18766k| 139.6 |   225M | 144 | 951 |5425 |5425 |   0 |  0 |   0 |  37 | 3.400000e+01 | 1.062000e+02 | 212.35%| unknown
  986s|134500 |104583 | 18767k| 139.5 |   225M | 144 | 951 |5425 |5425 |   0 |  0 |   0 |  37 | 3.400000e+01 | 1.062000e+02 | 212.35%| unknown
  987s|134600 |104675 | 18788k| 139.6 |   225M | 144 | 951 |5425 |5425 |   0 |  0 |   0 |  37 | 3.400000e+01 | 1.062000e+02 | 212.35%| unknown
  989s|134700 |104771 | 18814k| 139.7 |   225M | 144 | 951 |5425 |5425 |   0 |  0 |   0 |  37 | 3.400000e+01 | 1.062000e+02 | 212.35%| unknown
  990s|134800 |104851 | 18834k| 139.7 |   225M | 144 | 951 |5425 |5425 |   0 |  0 |   0 |  37 | 3.400000e+01 | 1.062000e+02 | 212.35%| unknown
 time | node  | left  |LP iter|LP it/n|mem/heur|mdpt |vars |cons |rows |cuts |sepa|confs|strbr|  dualbound   | primalbound  |  gap   | compl. 
  990s|134900 |104929 | 18842k| 139.7 |   226M | 144 | 951 |5425 |5425 |   0 |  0 |   0 |  37 | 3.400000e+01 | 1.062000e+02 | 212.35%| unknown
  991s|135000 |105017 | 18858k| 139.7 |   226M | 144 | 951 |5425 |5425 |   0 |  0 |   0 |  37 | 3.400000e+01 | 1.062000e+02 | 212.35%| unknown
  992s|135100 |105089 | 18872k| 139.7 |   226M | 144 | 951 |5425 |5425 |   0 |  0 |   0 |  37 | 3.400000e+01 | 1.062000e+02 | 212.35%| unknown
  993s|135200 |105171 | 18889k| 139.7 |   226M | 144 | 951 |5425 |5425 |   0 |  0 |   0 |  37 | 3.400000e+01 | 1.062000e+02 | 212.35%| unknown
  994s|135300 |105249 | 18916k| 139.8 |   226M | 144 | 951 |5425 |5425 |   0 |  0 |   0 |  37 | 3.400000e+01 | 1.062000e+02 | 212.35%| unknown
  995s|135400 |105335 | 18924k| 139.8 |   226M | 144 | 951 |5425 |5425 |   0 |  0 |   0 |  37 | 3.400000e+01 | 1.062000e+02 | 212.35%| unknown
  995s|135500 |105411 | 18938k| 139.8 |   226M | 144 | 951 |5425 |5425 |   0 |  0 |   0 |  37 | 3.400000e+01 | 1.062000e+02 | 212.35%| unknown
  997s|135600 |105489 | 18963k| 139.8 |   226M | 144 | 951 |5425 |5425 |   0 |  0 |   0 |  37 | 3.400000e+01 | 1.062000e+02 | 212.35%| unknown
  998s|135700 |105575 | 18995k| 140.0 |   226M | 144 | 951 |5425 |5425 |   0 |  0 |   0 |  37 | 3.400000e+01 | 1.062000e+02 | 212.35%| unknown
 1000s|135800 |105647 | 19019k| 140.0 |   226M | 144 | 951 |5425 |5425 |   0 |  0 |   0 |  37 | 3.400000e+01 | 1.062000e+02 | 212.35%| unknown
 1002s|135900 |105725 | 19059k| 140.2 |   226M | 144 | 951 |5425 |5425 |   0 |  0 |   0 |  37 | 3.400000e+01 | 1.062000e+02 | 212.35%| unknown
 1003s|136000 |105813 | 19084k| 140.3 |   227M | 144 | 951 |5425 |5425 |   0 |  0 |   0 |  37 | 3.400000e+01 | 1.062000e+02 | 212.35%| unknown
 1004s|136100 |105895 | 19101k| 140.3 |   227M | 144 | 951 |5425 |5425 |   0 |  0 |   0 |  37 | 3.400000e+01 | 1.062000e+02 | 212.35%| unknown
 1005s|136200 |105975 | 19129k| 140.4 |   227M | 144 | 951 |5425 |5425 |   0 |  0 |   0 |  37 | 3.400000e+01 | 1.062000e+02 | 212.35%| unknown
 1006s|136300 |106045 | 19147k| 140.5 |   227M | 144 | 951 |5425 |5425 |   0 |  0 |   0 |  37 | 3.400000e+01 | 1.062000e+02 | 212.35%| unknown
 time | node  | left  |LP iter|LP it/n|mem/heur|mdpt |vars |cons |rows |cuts |sepa|confs|strbr|  dualbound   | primalbound  |  gap   | compl. 
 1006s|136400 |106127 | 19156k| 140.4 |   227M | 144 | 951 |5425 |5425 |   0 |  0 |   0 |  37 | 3.400000e+01 | 1.062000e+02 | 212.35%| unknown
 1007s|136500 |106195 | 19158k| 140.3 |   227M | 144 | 951 |5425 |5425 |   0 |  0 |   0 |  37 | 3.400000e+01 | 1.062000e+02 | 212.35%| unknown
 1007s|136600 |106269 | 19160k| 140.3 |   227M | 144 | 951 |5425 |5425 |   0 |  0 |   0 |  37 | 3.400000e+01 | 1.062000e+02 | 212.35%| unknown
 1008s|136700 |106349 | 19173k| 140.2 |   227M | 144 | 951 |5425 |5425 |   0 |  0 |   0 |  37 | 3.400000e+01 | 1.062000e+02 | 212.35%| unknown
 1008s|136800 |106427 | 19193k| 140.3 |   227M | 144 | 951 |5425 |5425 |   0 |  0 |   0 |  37 | 3.400000e+01 | 1.062000e+02 | 212.35%| unknown
 1009s|136900 |106495 | 19211k| 140.3 |   227M | 144 | 951 |5425 |5425 |   0 |  0 |   0 |  37 | 3.400000e+01 | 1.062000e+02 | 212.35%| unknown
 1010s|137000 |106553 | 19233k| 140.4 |   227M | 144 | 951 |5425 |5425 |   0 |  0 |   0 |  37 | 3.400000e+01 | 1.062000e+02 | 212.35%| unknown
 1011s|137100 |106631 | 19256k| 140.4 |   229M | 144 | 951 |5425 |5425 |   0 |  0 |   0 |  37 | 3.400000e+01 | 1.062000e+02 | 212.35%| unknown
 1013s|137200 |106693 | 19280k| 140.5 |   229M | 144 | 951 |5425 |5425 |   0 |  0 |   0 |  37 | 3.400000e+01 | 1.062000e+02 | 212.35%| unknown
 1014s|137300 |106767 | 19304k| 140.6 |   229M | 144 | 951 |5425 |5425 |   0 |  0 |   0 |  37 | 3.400000e+01 | 1.062000e+02 | 212.35%| unknown
 1015s|137400 |106817 | 19325k| 140.6 |   229M | 144 | 951 |5425 |5425 |   0 |  0 |   0 |  37 | 3.400000e+01 | 1.062000e+02 | 212.35%| unknown
 1015s|137500 |106871 | 19327k| 140.6 |   229M | 145 | 951 |5425 |5425 |   0 |  0 |   0 |  37 | 3.400000e+01 | 1.062000e+02 | 212.35%| unknown
 1015s|137600 |106947 | 19328k| 140.5 |   229M | 145 | 951 |5425 |5425 |   0 |  0 |   0 |  37 | 3.400000e+01 | 1.062000e+02 | 212.35%| unknown
 1015s|137700 |107017 | 19329k| 140.4 |   229M | 145 | 951 |5425 |5425 |   0 |  0 |   0 |  37 | 3.400000e+01 | 1.062000e+02 | 212.35%| unknown
 1015s|137800 |107091 | 19330k| 140.3 |   229M | 145 | 951 |5425 |5425 |   0 |  0 |   0 |  37 | 3.400000e+01 | 1.062000e+02 | 212.35%| unknown
 time | node  | left  |LP iter|LP it/n|mem/heur|mdpt |vars |cons |rows |cuts |sepa|confs|strbr|  dualbound   | primalbound  |  gap   | compl. 
 1016s|137900 |107157 | 19331k| 140.2 |   229M | 145 | 951 |5425 |5425 |   0 |  0 |   0 |  37 | 3.400000e+01 | 1.062000e+02 | 212.35%| unknown
 1016s|138000 |107231 | 19332k| 140.1 |   229M | 145 | 951 |5425 |5425 |   0 |  0 |   0 |  37 | 3.400000e+01 | 1.062000e+02 | 212.35%| unknown
 1016s|138100 |107303 | 19333k| 140.0 |   229M | 145 | 951 |5425 |5425 |   0 |  0 |   0 |  37 | 3.400000e+01 | 1.062000e+02 | 212.35%| unknown
 1016s|138200 |107387 | 19335k| 139.9 |   230M | 145 | 951 |5425 |5425 |   0 |  0 |   0 |  37 | 3.400000e+01 | 1.062000e+02 | 212.35%| unknown
 1016s|138300 |107459 | 19336k| 139.8 |   231M | 145 | 951 |5425 |5425 |   0 |  0 |   0 |  37 | 3.400000e+01 | 1.062000e+02 | 212.35%| unknown
 1016s|138400 |107543 | 19338k| 139.7 |   231M | 145 | 951 |5425 |5425 |   0 |  0 |   0 |  37 | 3.400000e+01 | 1.062000e+02 | 212.35%| unknown
 1017s|138500 |107611 | 19340k| 139.6 |   231M | 145 | 951 |5425 |5425 |   0 |  0 |   0 |  37 | 3.400000e+01 | 1.062000e+02 | 212.35%| unknown
 1017s|138600 |107691 | 19341k| 139.5 |   231M | 145 | 951 |5425 |5425 |   0 |  0 |   0 |  37 | 3.400000e+01 | 1.062000e+02 | 212.35%| unknown
 1017s|138700 |107757 | 19343k| 139.5 |   231M | 145 | 951 |5425 |5425 |   0 |  0 |   0 |  37 | 3.400000e+01 | 1.062000e+02 | 212.35%| unknown
 1017s|138800 |107837 | 19344k| 139.4 |   231M | 145 | 951 |5425 |5425 |   0 |  0 |   0 |  37 | 3.400000e+01 | 1.062000e+02 | 212.35%| unknown
 1017s|138900 |107913 | 19345k| 139.3 |   231M | 145 | 951 |5425 |5425 |   0 |  0 |   0 |  37 | 3.400000e+01 | 1.062000e+02 | 212.35%| unknown
 1019s|139000 |107979 | 19370k| 139.4 |   231M | 145 | 951 |5425 |5425 |   0 |  0 |   0 |  37 | 3.400000e+01 | 1.062000e+02 | 212.35%| unknown
 1019s|139100 |108051 | 19385k| 139.4 |   231M | 145 | 951 |5425 |5425 |   0 |  0 |   0 |  37 | 3.400000e+01 | 1.062000e+02 | 212.35%| unknown
 1020s|139200 |108111 | 19404k| 139.4 |   231M | 145 | 951 |5425 |5425 |   0 |  0 |   0 |  37 | 3.400000e+01 | 1.062000e+02 | 212.35%| unknown
 1021s|139300 |108177 | 19424k| 139.4 |   231M | 145 | 951 |5425 |5425 |   0 |  0 |   0 |  37 | 3.400000e+01 | 1.062000e+02 | 212.35%| unknown
 time | node  | left  |LP iter|LP it/n|mem/heur|mdpt |vars |cons |rows |cuts |sepa|confs|strbr|  dualbound   | primalbound  |  gap   | compl. 
 1022s|139400 |108253 | 19444k| 139.5 |   233M | 145 | 951 |5425 |5425 |   0 |  0 |   0 |  37 | 3.400000e+01 | 1.062000e+02 | 212.35%| unknown
 1024s|139500 |108317 | 19475k| 139.6 |   233M | 145 | 951 |5425 |5425 |   0 |  0 |   0 |  37 | 3.400000e+01 | 1.062000e+02 | 212.35%| unknown
 1025s|139600 |108393 | 19496k| 139.7 |   233M | 145 | 951 |5425 |5425 |   0 |  0 |   0 |  37 | 3.400000e+01 | 1.062000e+02 | 212.35%| unknown
 1026s|139700 |108451 | 19520k| 139.7 |   233M | 145 | 951 |5425 |5425 |   0 |  0 |   0 |  37 | 3.400000e+01 | 1.062000e+02 | 212.35%| unknown
 1027s|139800 |108523 | 19536k| 139.7 |   233M | 145 | 951 |5425 |5425 |   0 |  0 |   0 |  37 | 3.400000e+01 | 1.062000e+02 | 212.35%| unknown
 1028s|139900 |108605 | 19559k| 139.8 |   233M | 145 | 951 |5425 |5425 |   0 |  0 |   0 |  37 | 3.400000e+01 | 1.062000e+02 | 212.35%| unknown
 1029s|140000 |108681 | 19582k| 139.9 |   233M | 145 | 951 |5425 |5425 |   0 |  0 |   0 |  37 | 3.400000e+01 | 1.062000e+02 | 212.35%| unknown
 1030s|140100 |108757 | 19604k| 139.9 |   233M | 145 | 951 |5425 |5425 |   0 |  0 |   0 |  37 | 3.400000e+01 | 1.062000e+02 | 212.35%| unknown
 1031s|140200 |108849 | 19617k| 139.9 |   233M | 145 | 951 |5425 |5425 |   0 |  0 |   0 |  37 | 3.400000e+01 | 1.062000e+02 | 212.35%| unknown
 1032s|140300 |108921 | 19639k| 140.0 |   233M | 145 | 951 |5425 |5425 |   0 |  0 |   0 |  37 | 3.400000e+01 | 1.062000e+02 | 212.35%| unknown
 1033s|140400 |108983 | 19657k| 140.0 |   233M | 145 | 951 |5425 |5425 |   0 |  0 |   0 |  37 | 3.400000e+01 | 1.062000e+02 | 212.35%| unknown
 1034s|140500 |109053 | 19683k| 140.1 |   234M | 145 | 951 |5425 |5425 |   0 |  0 |   0 |  37 | 3.400000e+01 | 1.062000e+02 | 212.35%| unknown
 1035s|140600 |109125 | 19705k| 140.1 |   234M | 145 | 951 |5425 |5425 |   0 |  0 |   0 |  37 | 3.400000e+01 | 1.062000e+02 | 212.35%| unknown
 1036s|140700 |109209 | 19733k| 140.2 |   234M | 145 | 951 |5425 |5425 |   0 |  0 |   0 |  37 | 3.400000e+01 | 1.062000e+02 | 212.35%| unknown
 1038s|140800 |109281 | 19758k| 140.3 |   234M | 145 | 951 |5425 |5425 |   0 |  0 |   0 |  37 | 3.400000e+01 | 1.062000e+02 | 212.35%| unknown
 time | node  | left  |LP iter|LP it/n|mem/heur|mdpt |vars |cons |rows |cuts |sepa|confs|strbr|  dualbound   | primalbound  |  gap   | compl. 
 1039s|140900 |109355 | 19776k| 140.3 |   234M | 145 | 951 |5425 |5425 |   0 |  0 |   0 |  37 | 3.400000e+01 | 1.062000e+02 | 212.35%| unknown
 1039s|141000 |109441 | 19797k| 140.4 |   234M | 145 | 951 |5425 |5425 |   0 |  0 |   0 |  37 | 3.400000e+01 | 1.062000e+02 | 212.35%| unknown
 1041s|141100 |109521 | 19825k| 140.5 |   234M | 145 | 951 |5425 |5425 |   0 |  0 |   0 |  37 | 3.400000e+01 | 1.062000e+02 | 212.35%| unknown
 1042s|141200 |109607 | 19850k| 140.6 |   234M | 145 | 951 |5425 |5425 |   0 |  0 |   0 |  37 | 3.400000e+01 | 1.062000e+02 | 212.35%| unknown
 1043s|141300 |109685 | 19864k| 140.6 |   234M | 145 | 951 |5425 |5425 |   0 |  0 |   0 |  37 | 3.400000e+01 | 1.062000e+02 | 212.35%| unknown
 1043s|141400 |109751 | 19879k| 140.6 |   234M | 145 | 951 |5425 |5425 |   0 |  0 |   0 |  37 | 3.400000e+01 | 1.062000e+02 | 212.35%| unknown
 1044s|141500 |109829 | 19889k| 140.6 |   234M | 145 | 951 |5425 |5425 |   0 |  0 |   0 |  37 | 3.400000e+01 | 1.062000e+02 | 212.35%| unknown
 1045s|141600 |109901 | 19905k| 140.6 |   235M | 145 | 951 |5425 |5425 |   0 |  0 |   0 |  37 | 3.400000e+01 | 1.062000e+02 | 212.35%| unknown
 1046s|141700 |109977 | 19941k| 140.7 |   235M | 145 | 951 |5425 |5425 |   0 |  0 |   0 |  37 | 3.400000e+01 | 1.062000e+02 | 212.35%| unknown
 1047s|141800 |110045 | 19962k| 140.8 |   235M | 145 | 951 |5425 |5425 |   0 |  0 |   0 |  37 | 3.400000e+01 | 1.062000e+02 | 212.35%| unknown
 1048s|141900 |110133 | 19984k| 140.8 |   235M | 145 | 951 |5425 |5425 |   0 |  0 |   0 |  37 | 3.400000e+01 | 1.062000e+02 | 212.35%| unknown
 1049s|142000 |110215 | 19996k| 140.8 |   235M | 145 | 951 |5425 |5425 |   0 |  0 |   0 |  37 | 3.400000e+01 | 1.062000e+02 | 212.35%| unknown
 1050s|142100 |110285 | 20022k| 140.9 |   235M | 145 | 951 |5425 |5425 |   0 |  0 |   0 |  37 | 3.400000e+01 | 1.062000e+02 | 212.35%| unknown
 1051s|142200 |110371 | 20038k| 140.9 |   236M | 145 | 951 |5425 |5425 |   0 |  0 |   0 |  37 | 3.400000e+01 | 1.062000e+02 | 212.35%| unknown
 1052s|142300 |110441 | 20057k| 140.9 |   236M | 145 | 951 |5425 |5425 |   0 |  0 |   0 |  37 | 3.400000e+01 | 1.062000e+02 | 212.35%| unknown
 time | node  | left  |LP iter|LP it/n|mem/heur|mdpt |vars |cons |rows |cuts |sepa|confs|strbr|  dualbound   | primalbound  |  gap   | compl. 
 1053s|142400 |110535 | 20076k| 141.0 |   236M | 145 | 951 |5425 |5425 |   0 |  0 |   0 |  37 | 3.400000e+01 | 1.062000e+02 | 212.35%| unknown
 1054s|142500 |110609 | 20092k| 141.0 |   236M | 145 | 951 |5425 |5425 |   0 |  0 |   0 |  37 | 3.400000e+01 | 1.062000e+02 | 212.35%| unknown
 1055s|142600 |110695 | 20111k| 141.0 |   237M | 145 | 951 |5425 |5425 |   0 |  0 |   0 |  37 | 3.400000e+01 | 1.062000e+02 | 212.35%| unknown
 1055s|142700 |110773 | 20122k| 141.0 |   237M | 145 | 951 |5425 |5425 |   0 |  0 |   0 |  37 | 3.400000e+01 | 1.062000e+02 | 212.35%| unknown
 1056s|142800 |110857 | 20139k| 141.0 |   237M | 145 | 951 |5425 |5425 |   0 |  0 |   0 |  37 | 3.400000e+01 | 1.062000e+02 | 212.35%| unknown
 1057s|142900 |110929 | 20156k| 141.0 |   237M | 145 | 951 |5425 |5425 |   0 |  0 |   0 |  37 | 3.400000e+01 | 1.062000e+02 | 212.35%| unknown
 1058s|143000 |111005 | 20176k| 141.1 |   237M | 145 | 951 |5425 |5425 |   0 |  0 |   0 |  37 | 3.400000e+01 | 1.062000e+02 | 212.35%| unknown
 1059s|143100 |111057 | 20202k| 141.2 |   237M | 145 | 951 |5425 |5425 |   0 |  0 |   0 |  37 | 3.400000e+01 | 1.062000e+02 | 212.35%| unknown
 1060s|143200 |111145 | 20222k| 141.2 |   237M | 145 | 951 |5425 |5425 |   0 |  0 |   0 |  37 | 3.400000e+01 | 1.062000e+02 | 212.35%| unknown
 1061s|143300 |111229 | 20238k| 141.2 |   237M | 145 | 951 |5425 |5425 |   0 |  0 |   0 |  37 | 3.400000e+01 | 1.062000e+02 | 212.35%| unknown
 1061s|143400 |111285 | 20239k| 141.1 |   237M | 145 | 951 |5425 |5425 |   0 |  0 |   0 |  37 | 3.400000e+01 | 1.062000e+02 | 212.35%| unknown
 1061s|143500 |111353 | 20241k| 141.0 |   237M | 145 | 951 |5425 |5425 |   0 |  0 |   0 |  37 | 3.400000e+01 | 1.062000e+02 | 212.35%| unknown
 1062s|143600 |111433 | 20242k| 141.0 |   237M | 145 | 951 |5425 |5425 |   0 |  0 |   0 |  37 | 3.400000e+01 | 1.062000e+02 | 212.35%| unknown
 1062s|143700 |111513 | 20249k| 140.9 |   238M | 145 | 951 |5425 |5425 |   0 |  0 |   0 |  37 | 3.400000e+01 | 1.062000e+02 | 212.35%| unknown
 1064s|143800 |111589 | 20276k| 141.0 |   238M | 145 | 951 |5425 |5425 |   0 |  0 |   0 |  37 | 3.400000e+01 | 1.062000e+02 | 212.35%| unknown
 time | node  | left  |LP iter|LP it/n|mem/heur|mdpt |vars |cons |rows |cuts |sepa|confs|strbr|  dualbound   | primalbound  |  gap   | compl. 
 1065s|143900 |111675 | 20303k| 141.1 |   238M | 145 | 951 |5425 |5425 |   0 |  0 |   0 |  37 | 3.400000e+01 | 1.062000e+02 | 212.35%| unknown
 1066s|144000 |111749 | 20322k| 141.1 |   238M | 145 | 951 |5425 |5425 |   0 |  0 |   0 |  37 | 3.400000e+01 | 1.062000e+02 | 212.35%| unknown
 1067s|144100 |111821 | 20339k| 141.1 |   238M | 145 | 951 |5425 |5425 |   0 |  0 |   0 |  37 | 3.400000e+01 | 1.062000e+02 | 212.35%| unknown
 1067s|144200 |111895 | 20353k| 141.1 |   238M | 145 | 951 |5425 |5425 |   0 |  0 |   0 |  37 | 3.400000e+01 | 1.062000e+02 | 212.35%| unknown
 1068s|144300 |111977 | 20369k| 141.2 |   238M | 145 | 951 |5425 |5425 |   0 |  0 |   0 |  37 | 3.400000e+01 | 1.062000e+02 | 212.35%| unknown
 1069s|144400 |112051 | 20392k| 141.2 |   239M | 145 | 951 |5425 |5425 |   0 |  0 |   0 |  37 | 3.400000e+01 | 1.062000e+02 | 212.35%| unknown
 1071s|144500 |112137 | 20414k| 141.3 |   240M | 145 | 951 |5425 |5425 |   0 |  0 |   0 |  37 | 3.400000e+01 | 1.062000e+02 | 212.35%| unknown
 1072s|144600 |112215 | 20434k| 141.3 |   240M | 145 | 951 |5425 |5425 |   0 |  0 |   0 |  37 | 3.400000e+01 | 1.062000e+02 | 212.35%| unknown
 1073s|144700 |112293 | 20454k| 141.4 |   240M | 145 | 951 |5425 |5425 |   0 |  0 |   0 |  37 | 3.400000e+01 | 1.062000e+02 | 212.35%| unknown
 1074s|144800 |112367 | 20481k| 141.4 |   241M | 145 | 951 |5425 |5425 |   0 |  0 |   0 |  37 | 3.400000e+01 | 1.062000e+02 | 212.35%| unknown
 1075s|144900 |112435 | 20503k| 141.5 |   241M | 145 | 951 |5425 |5425 |   0 |  0 |   0 |  37 | 3.400000e+01 | 1.062000e+02 | 212.35%| unknown
 1077s|145000 |112525 | 20537k| 141.6 |   241M | 145 | 951 |5425 |5425 |   0 |  0 |   0 |  37 | 3.400000e+01 | 1.062000e+02 | 212.35%| unknown
 1078s|145100 |112609 | 20558k| 141.7 |   241M | 145 | 951 |5425 |5425 |   0 |  0 |   0 |  37 | 3.400000e+01 | 1.062000e+02 | 212.35%| unknown
 1079s|145200 |112677 | 20577k| 141.7 |   241M | 145 | 951 |5425 |5425 |   0 |  0 |   0 |  37 | 3.400000e+01 | 1.062000e+02 | 212.35%| unknown
 1080s|145300 |112749 | 20605k| 141.8 |   241M | 145 | 951 |5425 |5425 |   0 |  0 |   0 |  37 | 3.400000e+01 | 1.062000e+02 | 212.35%| unknown
 time | node  | left  |LP iter|LP it/n|mem/heur|mdpt |vars |cons |rows |cuts |sepa|confs|strbr|  dualbound   | primalbound  |  gap   | compl. 
 1081s|145400 |112835 | 20617k| 141.8 |   241M | 145 | 951 |5425 |5425 |   0 |  0 |   0 |  37 | 3.400000e+01 | 1.062000e+02 | 212.35%| unknown
 1081s|145500 |112913 | 20629k| 141.8 |   241M | 145 | 951 |5425 |5425 |   0 |  0 |   0 |  37 | 3.400000e+01 | 1.062000e+02 | 212.35%| unknown
 1082s|145600 |113001 | 20647k| 141.8 |   241M | 145 | 951 |5425 |5425 |   0 |  0 |   0 |  37 | 3.400000e+01 | 1.062000e+02 | 212.35%| unknown
 1083s|145700 |113089 | 20668k| 141.9 |   241M | 145 | 951 |5425 |5425 |   0 |  0 |   0 |  37 | 3.400000e+01 | 1.062000e+02 | 212.35%| unknown
 1084s|145800 |113167 | 20685k| 141.9 |   242M | 145 | 951 |5425 |5425 |   0 |  0 |   0 |  37 | 3.400000e+01 | 1.062000e+02 | 212.35%| unknown
 1085s|145900 |113243 | 20702k| 141.9 |   242M | 145 | 951 |5425 |5425 |   0 |  0 |   0 |  37 | 3.400000e+01 | 1.062000e+02 | 212.35%| unknown
 1086s|146000 |113307 | 20725k| 141.9 |   242M | 145 | 951 |5425 |5425 |   0 |  0 |   0 |  37 | 3.400000e+01 | 1.062000e+02 | 212.35%| unknown
 1087s|146100 |113327 | 20738k| 141.9 |   242M | 145 | 951 |5425 |5425 |   0 |  0 |   0 |  37 | 3.400000e+01 | 1.062000e+02 | 212.35%| unknown
 1088s|146200 |113401 | 20761k| 142.0 |   242M | 145 | 951 |5425 |5425 |   0 |  0 |   0 |  37 | 3.400000e+01 | 1.062000e+02 | 212.35%| unknown
 1089s|146300 |113479 | 20777k| 142.0 |   242M | 145 | 951 |5425 |5425 |   0 |  0 |   0 |  37 | 3.400000e+01 | 1.062000e+02 | 212.35%| unknown
 1089s|146400 |113557 | 20788k| 142.0 |   242M | 145 | 951 |5425 |5425 |   0 |  0 |   0 |  37 | 3.400000e+01 | 1.062000e+02 | 212.35%| unknown
 1090s|146500 |113631 | 20805k| 142.0 |   242M | 145 | 951 |5425 |5425 |   0 |  0 |   0 |  37 | 3.400000e+01 | 1.062000e+02 | 212.35%| unknown
 1092s|146600 |113701 | 20835k| 142.1 |   242M | 145 | 951 |5425 |5425 |   0 |  0 |   0 |  37 | 3.400000e+01 | 1.062000e+02 | 212.35%| unknown
 1093s|146700 |113779 | 20849k| 142.1 |   242M | 145 | 951 |5425 |5425 |   0 |  0 |   0 |  37 | 3.400000e+01 | 1.062000e+02 | 212.35%| unknown
 1094s|146800 |113851 | 20873k| 142.2 |   242M | 145 | 951 |5425 |5425 |   0 |  0 |   0 |  37 | 3.400000e+01 | 1.062000e+02 | 212.35%| unknown
 time | node  | left  |LP iter|LP it/n|mem/heur|mdpt |vars |cons |rows |cuts |sepa|confs|strbr|  dualbound   | primalbound  |  gap   | compl. 
 1094s|146900 |113937 | 20883k| 142.2 |   242M | 145 | 951 |5425 |5425 |   0 |  0 |   0 |  37 | 3.400000e+01 | 1.062000e+02 | 212.35%| unknown
 1094s|147000 |114027 | 20884k| 142.1 |   243M | 145 | 951 |5425 |5425 |   0 |  0 |   0 |  37 | 3.400000e+01 | 1.062000e+02 | 212.35%| unknown
 1095s|147100 |114121 | 20885k| 142.0 |   243M | 145 | 951 |5425 |5425 |   0 |  0 |   0 |  37 | 3.400000e+01 | 1.062000e+02 | 212.35%| unknown
 1095s|147200 |114203 | 20886k| 141.9 |   243M | 145 | 951 |5425 |5425 |   0 |  0 |   0 |  37 | 3.400000e+01 | 1.062000e+02 | 212.35%| unknown
 1095s|147300 |114281 | 20888k| 141.8 |   243M | 145 | 951 |5425 |5425 |   0 |  0 |   0 |  37 | 3.400000e+01 | 1.062000e+02 | 212.35%| unknown
 1095s|147400 |114357 | 20889k| 141.7 |   243M | 145 | 951 |5425 |5425 |   0 |  0 |   0 |  37 | 3.400000e+01 | 1.062000e+02 | 212.35%| unknown
 1096s|147500 |114435 | 20905k| 141.7 |   243M | 145 | 951 |5425 |5425 |   0 |  0 |   0 |  37 | 3.400000e+01 | 1.062000e+02 | 212.35%| unknown
 1097s|147600 |114493 | 20927k| 141.8 |   243M | 145 | 951 |5425 |5425 |   0 |  0 |   0 |  37 | 3.400000e+01 | 1.062000e+02 | 212.35%| unknown
 1098s|147700 |114565 | 20949k| 141.8 |   244M | 145 | 951 |5425 |5425 |   0 |  0 |   0 |  37 | 3.400000e+01 | 1.062000e+02 | 212.35%| unknown
 1099s|147800 |114651 | 20963k| 141.8 |   244M | 145 | 951 |5425 |5425 |   0 |  0 |   0 |  37 | 3.400000e+01 | 1.062000e+02 | 212.35%| unknown
 1100s|147900 |114741 | 20976k| 141.8 |   244M | 145 | 951 |5425 |5425 |   0 |  0 |   0 |  37 | 3.400000e+01 | 1.062000e+02 | 212.35%| unknown
 1100s|148000 |114821 | 20980k| 141.8 |   245M | 145 | 951 |5425 |5425 |   0 |  0 |   0 |  37 | 3.400000e+01 | 1.062000e+02 | 212.35%| unknown
 1100s|148100 |114889 | 20981k| 141.7 |   245M | 145 | 951 |5425 |5425 |   0 |  0 |   0 |  37 | 3.400000e+01 | 1.062000e+02 | 212.35%| unknown
 1100s|148200 |114979 | 20982k| 141.6 |   245M | 145 | 951 |5425 |5425 |   0 |  0 |   0 |  37 | 3.400000e+01 | 1.062000e+02 | 212.35%| unknown
 1101s|148300 |115057 | 20984k| 141.5 |   245M | 145 | 951 |5425 |5425 |   0 |  0 |   0 |  37 | 3.400000e+01 | 1.062000e+02 | 212.35%| unknown
 time | node  | left  |LP iter|LP it/n|mem/heur|mdpt |vars |cons |rows |cuts |sepa|confs|strbr|  dualbound   | primalbound  |  gap   | compl. 
 1102s|148400 |115137 | 21003k| 141.5 |   245M | 145 | 951 |5425 |5425 |   0 |  0 |   0 |  37 | 3.400000e+01 | 1.062000e+02 | 212.35%| unknown
 1102s|148500 |115209 | 21015k| 141.5 |   245M | 145 | 951 |5425 |5425 |   0 |  0 |   0 |  37 | 3.400000e+01 | 1.062000e+02 | 212.35%| unknown
 1102s|148600 |115289 | 21016k| 141.4 |   245M | 145 | 951 |5425 |5425 |   0 |  0 |   0 |  37 | 3.400000e+01 | 1.062000e+02 | 212.35%| unknown
 1102s|148700 |115363 | 21017k| 141.3 |   245M | 145 | 951 |5425 |5425 |   0 |  0 |   0 |  37 | 3.400000e+01 | 1.062000e+02 | 212.35%| unknown
 1103s|148800 |115429 | 21018k| 141.3 |   245M | 145 | 951 |5425 |5425 |   0 |  0 |   0 |  37 | 3.400000e+01 | 1.062000e+02 | 212.35%| unknown
 1103s|148900 |115497 | 21020k| 141.2 |   245M | 145 | 951 |5425 |5425 |   0 |  0 |   0 |  37 | 3.400000e+01 | 1.062000e+02 | 212.35%| unknown
 1104s|149000 |115539 | 21037k| 141.2 |   245M | 145 | 951 |5425 |5425 |   0 |  0 |   0 |  37 | 3.400000e+01 | 1.062000e+02 | 212.35%| unknown
 1104s|149100 |115623 | 21052k| 141.2 |   246M | 145 | 951 |5425 |5425 |   0 |  0 |   0 |  37 | 3.400000e+01 | 1.062000e+02 | 212.35%| unknown
 1105s|149200 |115705 | 21066k| 141.2 |   246M | 145 | 951 |5425 |5425 |   0 |  0 |   0 |  37 | 3.400000e+01 | 1.062000e+02 | 212.35%| unknown
 1106s|149300 |115789 | 21081k| 141.2 |   246M | 145 | 951 |5425 |5425 |   0 |  0 |   0 |  37 | 3.400000e+01 | 1.062000e+02 | 212.35%| unknown
 1107s|149400 |115865 | 21108k| 141.3 |   246M | 145 | 951 |5425 |5425 |   0 |  0 |   0 |  37 | 3.400000e+01 | 1.062000e+02 | 212.35%| unknown
 1108s|149500 |115937 | 21126k| 141.3 |   246M | 145 | 951 |5425 |5425 |   0 |  0 |   0 |  37 | 3.400000e+01 | 1.062000e+02 | 212.35%| unknown
 1109s|149600 |116025 | 21140k| 141.3 |   246M | 145 | 951 |5425 |5425 |   0 |  0 |   0 |  37 | 3.400000e+01 | 1.062000e+02 | 212.35%| unknown
 1110s|149700 |116107 | 21154k| 141.3 |   246M | 145 | 951 |5425 |5425 |   0 |  0 |   0 |  37 | 3.400000e+01 | 1.062000e+02 | 212.35%| unknown
 1110s|149800 |116185 | 21166k| 141.3 |   246M | 145 | 951 |5425 |5425 |   0 |  0 |   0 |  37 | 3.400000e+01 | 1.062000e+02 | 212.35%| unknown
 time | node  | left  |LP iter|LP it/n|mem/heur|mdpt |vars |cons |rows |cuts |sepa|confs|strbr|  dualbound   | primalbound  |  gap   | compl. 
 1111s|149900 |116251 | 21182k| 141.3 |   246M | 145 | 951 |5425 |5425 |   0 |  0 |   0 |  37 | 3.400000e+01 | 1.062000e+02 | 212.35%| unknown
 1112s|150000 |116331 | 21199k| 141.3 |   246M | 145 | 951 |5425 |5425 |   0 |  0 |   0 |  37 | 3.400000e+01 | 1.062000e+02 | 212.35%| unknown
 1113s|150100 |116421 | 21209k| 141.3 |   247M | 145 | 951 |5425 |5425 |   0 |  0 |   0 |  37 | 3.400000e+01 | 1.062000e+02 | 212.35%| unknown
 1113s|150200 |116501 | 21222k| 141.3 |   247M | 145 | 951 |5425 |5425 |   0 |  0 |   0 |  37 | 3.400000e+01 | 1.062000e+02 | 212.35%| unknown
 1114s|150300 |116583 | 21236k| 141.3 |   247M | 145 | 951 |5425 |5425 |   0 |  0 |   0 |  37 | 3.400000e+01 | 1.062000e+02 | 212.35%| unknown
 1115s|150400 |116659 | 21248k| 141.3 |   247M | 145 | 951 |5425 |5425 |   0 |  0 |   0 |  37 | 3.400000e+01 | 1.062000e+02 | 212.35%| unknown
 1116s|150500 |116729 | 21263k| 141.3 |   249M | 145 | 951 |5425 |5425 |   0 |  0 |   0 |  37 | 3.400000e+01 | 1.062000e+02 | 212.35%| unknown
 1116s|150600 |116809 | 21275k| 141.3 |   249M | 145 | 951 |5425 |5425 |   0 |  0 |   0 |  37 | 3.400000e+01 | 1.062000e+02 | 212.35%| unknown
 1117s|150700 |116889 | 21295k| 141.3 |   249M | 145 | 951 |5425 |5425 |   0 |  0 |   0 |  37 | 3.400000e+01 | 1.062000e+02 | 212.35%| unknown
 1119s|150800 |116963 | 21324k| 141.4 |   249M | 145 | 951 |5425 |5425 |   0 |  0 |   0 |  37 | 3.400000e+01 | 1.062000e+02 | 212.35%| unknown
 1119s|150900 |117053 | 21339k| 141.4 |   249M | 145 | 951 |5425 |5425 |   0 |  0 |   0 |  37 | 3.400000e+01 | 1.062000e+02 | 212.35%| unknown
 1120s|151000 |117133 | 21350k| 141.4 |   249M | 145 | 951 |5425 |5425 |   0 |  0 |   0 |  37 | 3.400000e+01 | 1.062000e+02 | 212.35%| unknown
 1121s|151100 |117207 | 21363k| 141.4 |   249M | 145 | 951 |5425 |5425 |   0 |  0 |   0 |  37 | 3.400000e+01 | 1.062000e+02 | 212.35%| unknown
 1122s|151200 |117295 | 21380k| 141.4 |   250M | 145 | 951 |5425 |5425 |   0 |  0 |   0 |  37 | 3.400000e+01 | 1.062000e+02 | 212.35%| unknown
 1122s|151300 |117379 | 21395k| 141.4 |   250M | 145 | 951 |5425 |5425 |   0 |  0 |   0 |  37 | 3.400000e+01 | 1.062000e+02 | 212.35%| unknown
 time | node  | left  |LP iter|LP it/n|mem/heur|mdpt |vars |cons |rows |cuts |sepa|confs|strbr|  dualbound   | primalbound  |  gap   | compl. 
 1123s|151400 |117465 | 21410k| 141.4 |   250M | 145 | 951 |5425 |5425 |   0 |  0 |   0 |  37 | 3.400000e+01 | 1.062000e+02 | 212.35%| unknown
 1124s|151500 |117541 | 21427k| 141.4 |   250M | 145 | 951 |5425 |5425 |   0 |  0 |   0 |  37 | 3.400000e+01 | 1.062000e+02 | 212.35%| unknown
 1125s|151600 |117623 | 21447k| 141.5 |   250M | 145 | 951 |5425 |5425 |   0 |  0 |   0 |  37 | 3.400000e+01 | 1.062000e+02 | 212.35%| unknown
 1126s|151700 |117699 | 21473k| 141.5 |   251M | 145 | 951 |5425 |5425 |   0 |  0 |   0 |  37 | 3.400000e+01 | 1.062000e+02 | 212.35%| unknown
 1127s|151800 |117787 | 21491k| 141.6 |   251M | 145 | 951 |5425 |5425 |   0 |  0 |   0 |  37 | 3.400000e+01 | 1.062000e+02 | 212.35%| unknown
 1128s|151900 |117853 | 21515k| 141.6 |   251M | 145 | 951 |5425 |5425 |   0 |  0 |   0 |  37 | 3.400000e+01 | 1.062000e+02 | 212.35%| unknown
 1130s|152000 |117929 | 21538k| 141.7 |   251M | 145 | 951 |5425 |5425 |   0 |  0 |   0 |  37 | 3.400000e+01 | 1.062000e+02 | 212.35%| unknown
 1130s|152100 |118019 | 21555k| 141.7 |   255M | 145 | 951 |5425 |5425 |   0 |  0 |   0 |  37 | 3.400000e+01 | 1.062000e+02 | 212.35%| unknown
 1131s|152200 |118103 | 21569k| 141.7 |   256M | 147 | 951 |5425 |5425 |   0 |  0 |   0 |  37 | 3.400000e+01 | 1.062000e+02 | 212.35%| unknown
 1132s|152300 |118175 | 21590k| 141.8 |   256M | 147 | 951 |5425 |5425 |   0 |  0 |   0 |  37 | 3.400000e+01 | 1.062000e+02 | 212.35%| unknown
 1133s|152400 |118257 | 21603k| 141.8 |   256M | 147 | 951 |5425 |5425 |   0 |  0 |   0 |  37 | 3.400000e+01 | 1.062000e+02 | 212.35%| unknown
 1134s|152500 |118323 | 21617k| 141.7 |   256M | 147 | 951 |5425 |5425 |   0 |  0 |   0 |  37 | 3.400000e+01 | 1.062000e+02 | 212.35%| unknown
 1134s|152600 |118401 | 21629k| 141.7 |   256M | 147 | 951 |5425 |5425 |   0 |  0 |   0 |  37 | 3.400000e+01 | 1.062000e+02 | 212.35%| unknown
 1135s|152700 |118467 | 21645k| 141.7 |   256M | 147 | 951 |5425 |5425 |   0 |  0 |   0 |  37 | 3.400000e+01 | 1.062000e+02 | 212.35%| unknown
 1136s|152800 |118537 | 21667k| 141.8 |   256M | 147 | 951 |5425 |5425 |   0 |  0 |   0 |  37 | 3.400000e+01 | 1.062000e+02 | 212.35%| unknown
 time | node  | left  |LP iter|LP it/n|mem/heur|mdpt |vars |cons |rows |cuts |sepa|confs|strbr|  dualbound   | primalbound  |  gap   | compl. 
 1137s|152900 |118609 | 21682k| 141.8 |   257M | 147 | 951 |5425 |5425 |   0 |  0 |   0 |  37 | 3.400000e+01 | 1.062000e+02 | 212.35%| unknown
 1138s|153000 |118689 | 21700k| 141.8 |   257M | 147 | 951 |5425 |5425 |   0 |  0 |   0 |  37 | 3.400000e+01 | 1.062000e+02 | 212.35%| unknown
 1139s|153100 |118763 | 21716k| 141.8 |   257M | 147 | 951 |5425 |5425 |   0 |  0 |   0 |  37 | 3.400000e+01 | 1.062000e+02 | 212.35%| unknown
 1139s|153200 |118841 | 21730k| 141.8 |   257M | 147 | 951 |5425 |5425 |   0 |  0 |   0 |  37 | 3.400000e+01 | 1.062000e+02 | 212.35%| unknown
 1140s|153300 |118925 | 21740k| 141.8 |   258M | 147 | 951 |5425 |5425 |   0 |  0 |   0 |  37 | 3.400000e+01 | 1.062000e+02 | 212.35%| unknown
 1141s|153400 |119015 | 21755k| 141.8 |   258M | 147 | 951 |5425 |5425 |   0 |  0 |   0 |  37 | 3.400000e+01 | 1.062000e+02 | 212.35%| unknown
 1142s|153500 |119085 | 21779k| 141.9 |   258M | 147 | 951 |5425 |5425 |   0 |  0 |   0 |  37 | 3.400000e+01 | 1.062000e+02 | 212.35%| unknown
 1143s|153600 |119167 | 21798k| 141.9 |   258M | 147 | 951 |5425 |5425 |   0 |  0 |   0 |  37 | 3.400000e+01 | 1.062000e+02 | 212.35%| unknown
 1144s|153700 |119239 | 21812k| 141.9 |   258M | 147 | 951 |5425 |5425 |   0 |  0 |   0 |  37 | 3.400000e+01 | 1.062000e+02 | 212.35%| unknown
 1145s|153800 |119309 | 21841k| 142.0 |   258M | 147 | 951 |5425 |5425 |   0 |  0 |   0 |  37 | 3.400000e+01 | 1.062000e+02 | 212.35%| unknown
 1146s|153900 |119387 | 21857k| 142.0 |   258M | 147 | 951 |5425 |5425 |   0 |  0 |   0 |  37 | 3.400000e+01 | 1.062000e+02 | 212.35%| unknown
 1148s|154000 |119453 | 21902k| 142.2 |   258M | 147 | 951 |5425 |5425 |   0 |  0 |   0 |  37 | 3.400000e+01 | 1.062000e+02 | 212.35%| unknown
 1149s|154100 |119531 | 21918k| 142.2 |   258M | 147 | 951 |5425 |5425 |   0 |  0 |   0 |  37 | 3.400000e+01 | 1.062000e+02 | 212.35%| unknown
 1149s|154200 |119609 | 21931k| 142.2 |   258M | 147 | 951 |5425 |5425 |   0 |  0 |   0 |  37 | 3.400000e+01 | 1.062000e+02 | 212.35%| unknown
 1150s|154300 |119693 | 21948k| 142.2 |   258M | 147 | 951 |5425 |5425 |   0 |  0 |   0 |  37 | 3.400000e+01 | 1.062000e+02 | 212.35%| unknown
 time | node  | left  |LP iter|LP it/n|mem/heur|mdpt |vars |cons |rows |cuts |sepa|confs|strbr|  dualbound   | primalbound  |  gap   | compl. 
 1151s|154400 |119775 | 21969k| 142.3 |   259M | 147 | 951 |5425 |5425 |   0 |  0 |   0 |  37 | 3.400000e+01 | 1.062000e+02 | 212.35%| unknown
 1152s|154500 |119853 | 21970k| 142.2 |   259M | 147 | 951 |5425 |5425 |   0 |  0 |   0 |  37 | 3.400000e+01 | 1.062000e+02 | 212.35%| unknown
 1152s|154600 |119933 | 21972k| 142.1 |   259M | 147 | 951 |5425 |5425 |   0 |  0 |   0 |  37 | 3.400000e+01 | 1.062000e+02 | 212.35%| unknown
 1152s|154700 |120011 | 21973k| 142.0 |   259M | 147 | 951 |5425 |5425 |   0 |  0 |   0 |  37 | 3.400000e+01 | 1.062000e+02 | 212.35%| unknown
 1152s|154800 |120099 | 21974k| 141.9 |   259M | 147 | 951 |5425 |5425 |   0 |  0 |   0 |  37 | 3.400000e+01 | 1.062000e+02 | 212.35%| unknown
 1152s|154900 |120185 | 21976k| 141.9 |   259M | 147 | 951 |5425 |5425 |   0 |  0 |   0 |  37 | 3.400000e+01 | 1.062000e+02 | 212.35%| unknown
 1152s|155000 |120269 | 21977k| 141.8 |   259M | 147 | 951 |5425 |5425 |   0 |  0 |   0 |  37 | 3.400000e+01 | 1.062000e+02 | 212.35%| unknown
 1153s|155100 |120341 | 21978k| 141.7 |   259M | 147 | 951 |5425 |5425 |   0 |  0 |   0 |  37 | 3.400000e+01 | 1.062000e+02 | 212.35%| unknown
 1153s|155200 |120421 | 21979k| 141.6 |   259M | 147 | 951 |5425 |5425 |   0 |  0 |   0 |  37 | 3.400000e+01 | 1.062000e+02 | 212.35%| unknown
 1153s|155300 |120497 | 21980k| 141.5 |   259M | 147 | 951 |5425 |5425 |   0 |  0 |   0 |  37 | 3.400000e+01 | 1.062000e+02 | 212.35%| unknown
 1153s|155400 |120575 | 21982k| 141.4 |   260M | 147 | 951 |5425 |5425 |   0 |  0 |   0 |  37 | 3.400000e+01 | 1.062000e+02 | 212.35%| unknown
 1154s|155500 |120649 | 21989k| 141.4 |   261M | 147 | 951 |5425 |5425 |   0 |  0 |   0 |  37 | 3.400000e+01 | 1.062000e+02 | 212.35%| unknown
 1155s|155600 |120723 | 22010k| 141.5 |   261M | 147 | 951 |5425 |5425 |   0 |  0 |   0 |  37 | 3.400000e+01 | 1.062000e+02 | 212.35%| unknown
 1155s|155700 |120805 | 22024k| 141.5 |   261M | 147 | 951 |5425 |5425 |   0 |  0 |   0 |  37 | 3.400000e+01 | 1.062000e+02 | 212.35%| unknown
 1157s|155800 |120877 | 22058k| 141.6 |   261M | 147 | 951 |5425 |5425 |   0 |  0 |   0 |  37 | 3.400000e+01 | 1.062000e+02 | 212.35%| unknown
 time | node  | left  |LP iter|LP it/n|mem/heur|mdpt |vars |cons |rows |cuts |sepa|confs|strbr|  dualbound   | primalbound  |  gap   | compl. 
 1158s|155900 |120957 | 22072k| 141.6 |   261M | 147 | 951 |5425 |5425 |   0 |  0 |   0 |  37 | 3.400000e+01 | 1.062000e+02 | 212.35%| unknown
 1159s|156000 |121035 | 22091k| 141.6 |   261M | 147 | 951 |5425 |5425 |   0 |  0 |   0 |  37 | 3.400000e+01 | 1.062000e+02 | 212.35%| unknown
 1160s|156100 |121117 | 22117k| 141.7 |   261M | 147 | 951 |5425 |5425 |   0 |  0 |   0 |  37 | 3.400000e+01 | 1.062000e+02 | 212.35%| unknown
 1161s|156200 |121207 | 22128k| 141.7 |   261M | 147 | 951 |5425 |5425 |   0 |  0 |   0 |  37 | 3.400000e+01 | 1.062000e+02 | 212.35%| unknown
 1162s|156300 |121293 | 22148k| 141.7 |   261M | 147 | 951 |5425 |5425 |   0 |  0 |   0 |  37 | 3.400000e+01 | 1.062000e+02 | 212.35%| unknown
 1163s|156400 |121375 | 22168k| 141.7 |   263M | 147 | 951 |5425 |5425 |   0 |  0 |   0 |  37 | 3.400000e+01 | 1.062000e+02 | 212.35%| unknown
 1164s|156500 |121455 | 22196k| 141.8 |   263M | 147 | 951 |5425 |5425 |   0 |  0 |   0 |  37 | 3.400000e+01 | 1.062000e+02 | 212.35%| unknown
 1165s|156600 |121543 | 22217k| 141.9 |   263M | 147 | 951 |5425 |5425 |   0 |  0 |   0 |  37 | 3.400000e+01 | 1.062000e+02 | 212.35%| unknown
 1166s|156700 |121635 | 22235k| 141.9 |   263M | 147 | 951 |5425 |5425 |   0 |  0 |   0 |  37 | 3.400000e+01 | 1.062000e+02 | 212.35%| unknown
 1167s|156800 |121721 | 22259k| 142.0 |   263M | 147 | 951 |5425 |5425 |   0 |  0 |   0 |  37 | 3.400000e+01 | 1.062000e+02 | 212.35%| unknown
 1168s|156900 |121807 | 22272k| 141.9 |   263M | 147 | 951 |5425 |5425 |   0 |  0 |   0 |  37 | 3.400000e+01 | 1.062000e+02 | 212.35%| unknown
 1169s|157000 |121873 | 22290k| 142.0 |   263M | 147 | 951 |5425 |5425 |   0 |  0 |   0 |  37 | 3.400000e+01 | 1.062000e+02 | 212.35%| unknown
 1170s|157100 |121933 | 22317k| 142.1 |   263M | 147 | 951 |5425 |5425 |   0 |  0 |   0 |  37 | 3.400000e+01 | 1.062000e+02 | 212.35%| unknown
 1172s|157200 |122009 | 22350k| 142.2 |   263M | 147 | 951 |5425 |5425 |   0 |  0 |   0 |  37 | 3.400000e+01 | 1.062000e+02 | 212.35%| unknown
 1173s|157300 |122097 | 22362k| 142.2 |   263M | 147 | 951 |5425 |5425 |   0 |  0 |   0 |  37 | 3.400000e+01 | 1.062000e+02 | 212.35%| unknown
 time | node  | left  |LP iter|LP it/n|mem/heur|mdpt |vars |cons |rows |cuts |sepa|confs|strbr|  dualbound   | primalbound  |  gap   | compl. 
 1174s|157400 |122181 | 22382k| 142.2 |   264M | 147 | 951 |5425 |5425 |   0 |  0 |   0 |  37 | 3.400000e+01 | 1.062000e+02 | 212.35%| unknown
 1175s|157500 |122261 | 22404k| 142.2 |   264M | 147 | 951 |5425 |5425 |   0 |  0 |   0 |  37 | 3.400000e+01 | 1.062000e+02 | 212.35%| unknown
 1175s|157600 |122341 | 22415k| 142.2 |   264M | 147 | 951 |5425 |5425 |   0 |  0 |   0 |  37 | 3.400000e+01 | 1.062000e+02 | 212.35%| unknown
 1176s|157700 |122417 | 22427k| 142.2 |   264M | 147 | 951 |5425 |5425 |   0 |  0 |   0 |  37 | 3.400000e+01 | 1.062000e+02 | 212.35%| unknown
 1177s|157800 |122479 | 22448k| 142.3 |   264M | 147 | 951 |5425 |5425 |   0 |  0 |   0 |  37 | 3.400000e+01 | 1.062000e+02 | 212.35%| unknown
 1178s|157900 |122553 | 22470k| 142.3 |   264M | 147 | 951 |5425 |5425 |   0 |  0 |   0 |  37 | 3.400000e+01 | 1.062000e+02 | 212.35%| unknown
 1179s|158000 |122627 | 22486k| 142.3 |   264M | 147 | 951 |5425 |5425 |   0 |  0 |   0 |  37 | 3.400000e+01 | 1.062000e+02 | 212.35%| unknown
 1180s|158100 |122691 | 22500k| 142.3 |   264M | 147 | 951 |5425 |5425 |   0 |  0 |   0 |  37 | 3.400000e+01 | 1.062000e+02 | 212.35%| unknown
 1180s|158200 |122769 | 22511k| 142.3 |   264M | 147 | 951 |5425 |5425 |   0 |  0 |   0 |  37 | 3.400000e+01 | 1.062000e+02 | 212.35%| unknown
 1181s|158300 |122847 | 22525k| 142.3 |   264M | 147 | 951 |5425 |5425 |   0 |  0 |   0 |  37 | 3.400000e+01 | 1.062000e+02 | 212.35%| unknown
 1181s|158400 |122923 | 22533k| 142.2 |   264M | 147 | 951 |5425 |5425 |   0 |  0 |   0 |  37 | 3.400000e+01 | 1.062000e+02 | 212.35%| unknown
 1182s|158500 |122999 | 22544k| 142.2 |   265M | 147 | 951 |5425 |5425 |   0 |  0 |   0 |  37 | 3.400000e+01 | 1.062000e+02 | 212.35%| unknown
 1183s|158600 |123081 | 22557k| 142.2 |   265M | 147 | 951 |5425 |5425 |   0 |  0 |   0 |  37 | 3.400000e+01 | 1.062000e+02 | 212.35%| unknown
 1184s|158700 |123153 | 22575k| 142.2 |   265M | 147 | 951 |5425 |5425 |   0 |  0 |   0 |  37 | 3.400000e+01 | 1.062000e+02 | 212.35%| unknown
 1185s|158800 |123235 | 22596k| 142.3 |   265M | 147 | 951 |5425 |5425 |   0 |  0 |   0 |  37 | 3.400000e+01 | 1.062000e+02 | 212.35%| unknown
 time | node  | left  |LP iter|LP it/n|mem/heur|mdpt |vars |cons |rows |cuts |sepa|confs|strbr|  dualbound   | primalbound  |  gap   | compl. 
 1186s|158900 |123309 | 22610k| 142.3 |   265M | 147 | 951 |5425 |5425 |   0 |  0 |   0 |  37 | 3.400000e+01 | 1.062000e+02 | 212.35%| unknown
 1187s|159000 |123387 | 22641k| 142.4 |   265M | 147 | 951 |5425 |5425 |   0 |  0 |   0 |  37 | 3.400000e+01 | 1.062000e+02 | 212.35%| unknown
 1188s|159100 |123463 | 22665k| 142.5 |   265M | 147 | 951 |5425 |5425 |   0 |  0 |   0 |  37 | 3.400000e+01 | 1.062000e+02 | 212.35%| unknown
 1190s|159200 |123545 | 22692k| 142.5 |   265M | 147 | 951 |5425 |5425 |   0 |  0 |   0 |  37 | 3.400000e+01 | 1.062000e+02 | 212.35%| unknown
 1190s|159300 |123631 | 22708k| 142.5 |   265M | 147 | 951 |5425 |5425 |   0 |  0 |   0 |  37 | 3.400000e+01 | 1.062000e+02 | 212.35%| unknown
 1191s|159400 |123715 | 22723k| 142.6 |   265M | 147 | 951 |5425 |5425 |   0 |  0 |   0 |  37 | 3.400000e+01 | 1.062000e+02 | 212.35%| unknown
 1192s|159500 |123791 | 22746k| 142.6 |   265M | 147 | 951 |5425 |5425 |   0 |  0 |   0 |  37 | 3.400000e+01 | 1.062000e+02 | 212.35%| unknown
 1193s|159600 |123875 | 22755k| 142.6 |   266M | 147 | 951 |5425 |5425 |   0 |  0 |   0 |  37 | 3.400000e+01 | 1.062000e+02 | 212.35%| unknown
 1194s|159700 |123957 | 22764k| 142.5 |   266M | 147 | 951 |5425 |5425 |   0 |  0 |   0 |  37 | 3.400000e+01 | 1.062000e+02 | 212.35%| unknown
 1194s|159800 |124035 | 22780k| 142.5 |   266M | 147 | 951 |5425 |5425 |   0 |  0 |   0 |  37 | 3.400000e+01 | 1.062000e+02 | 212.35%| unknown
 1196s|159900 |124115 | 22818k| 142.7 |   266M | 147 | 951 |5425 |5425 |   0 |  0 |   0 |  37 | 3.400000e+01 | 1.062000e+02 | 212.35%| unknown
 1197s|160000 |124171 | 22840k| 142.7 |   266M | 147 | 951 |5425 |5425 |   0 |  0 |   0 |  37 | 3.400000e+01 | 1.062000e+02 | 212.35%| unknown
 1198s|160100 |124233 | 22860k| 142.8 |   266M | 147 | 951 |5425 |5425 |   0 |  0 |   0 |  37 | 3.400000e+01 | 1.062000e+02 | 212.35%| unknown
 1199s|160200 |124319 | 22874k| 142.8 |   266M | 147 | 951 |5425 |5425 |   0 |  0 |   0 |  37 | 3.400000e+01 | 1.062000e+02 | 212.35%| unknown
 1200s|160300 |124393 | 22889k| 142.8 |   266M | 147 | 951 |5425 |5425 |   0 |  0 |   0 |  37 | 3.400000e+01 | 1.062000e+02 | 212.35%| unknown
 time | node  | left  |LP iter|LP it/n|mem/heur|mdpt |vars |cons |rows |cuts |sepa|confs|strbr|  dualbound   | primalbound  |  gap   | compl. 
 1201s|160400 |124475 | 22908k| 142.8 |   267M | 147 | 951 |5425 |5425 |   0 |  0 |   0 |  37 | 3.400000e+01 | 1.062000e+02 | 212.35%| unknown
 1202s|160500 |124553 | 22928k| 142.9 |   267M | 147 | 951 |5425 |5425 |   0 |  0 |   0 |  37 | 3.400000e+01 | 1.062000e+02 | 212.35%| unknown
 1203s|160600 |124635 | 22950k| 142.9 |   268M | 147 | 951 |5425 |5425 |   0 |  0 |   0 |  37 | 3.400000e+01 | 1.062000e+02 | 212.35%| unknown
 1204s|160700 |124723 | 22970k| 142.9 |   268M | 147 | 951 |5425 |5425 |   0 |  0 |   0 |  37 | 3.400000e+01 | 1.062000e+02 | 212.35%| unknown
 1205s|160800 |124797 | 23004k| 143.1 |   268M | 147 | 951 |5425 |5425 |   0 |  0 |   0 |  37 | 3.400000e+01 | 1.062000e+02 | 212.35%| unknown
 1207s|160900 |124879 | 23044k| 143.2 |   268M | 147 | 951 |5425 |5425 |   0 |  0 |   0 |  37 | 3.400000e+01 | 1.062000e+02 | 212.35%| unknown
 1208s|161000 |124957 | 23075k| 143.3 |   268M | 147 | 951 |5425 |5425 |   0 |  0 |   0 |  37 | 3.400000e+01 | 1.062000e+02 | 212.35%| unknown
 1209s|161100 |125029 | 23090k| 143.3 |   268M | 147 | 951 |5425 |5425 |   0 |  0 |   0 |  37 | 3.400000e+01 | 1.062000e+02 | 212.35%| unknown
 1211s|161200 |125113 | 23118k| 143.4 |   269M | 147 | 951 |5425 |5425 |   0 |  0 |   0 |  37 | 3.400000e+01 | 1.062000e+02 | 212.35%| unknown
 1212s|161300 |125199 | 23141k| 143.5 |   269M | 147 | 951 |5425 |5425 |   0 |  0 |   0 |  37 | 3.400000e+01 | 1.062000e+02 | 212.35%| unknown
 1213s|161400 |125285 | 23159k| 143.5 |   269M | 147 | 951 |5425 |5425 |   0 |  0 |   0 |  37 | 3.400000e+01 | 1.062000e+02 | 212.35%| unknown
 1214s|161500 |125361 | 23181k| 143.5 |   269M | 147 | 951 |5425 |5425 |   0 |  0 |   0 |  37 | 3.400000e+01 | 1.062000e+02 | 212.35%| unknown
 1215s|161600 |125439 | 23200k| 143.6 |   270M | 147 | 951 |5425 |5425 |   0 |  0 |   0 |  37 | 3.400000e+01 | 1.062000e+02 | 212.35%| unknown
 1215s|161700 |125509 | 23201k| 143.5 |   270M | 147 | 951 |5425 |5425 |   0 |  0 |   0 |  37 | 3.400000e+01 | 1.062000e+02 | 212.35%| unknown
 1215s|161800 |125587 | 23202k| 143.4 |   270M | 147 | 951 |5425 |5425 |   0 |  0 |   0 |  37 | 3.400000e+01 | 1.062000e+02 | 212.35%| unknown
 time | node  | left  |LP iter|LP it/n|mem/heur|mdpt |vars |cons |rows |cuts |sepa|confs|strbr|  dualbound   | primalbound  |  gap   | compl. 
 1215s|161900 |125665 | 23203k| 143.3 |   270M | 147 | 951 |5425 |5425 |   0 |  0 |   0 |  37 | 3.400000e+01 | 1.062000e+02 | 212.35%| unknown
 1215s|162000 |125735 | 23204k| 143.2 |   270M | 147 | 951 |5425 |5425 |   0 |  0 |   0 |  37 | 3.400000e+01 | 1.062000e+02 | 212.35%| unknown
 1216s|162100 |125811 | 23206k| 143.2 |   270M | 147 | 951 |5425 |5425 |   0 |  0 |   0 |  37 | 3.400000e+01 | 1.062000e+02 | 212.35%| unknown
 1216s|162200 |125885 | 23207k| 143.1 |   270M | 147 | 951 |5425 |5425 |   0 |  0 |   0 |  37 | 3.400000e+01 | 1.062000e+02 | 212.35%| unknown
 1216s|162300 |125949 | 23208k| 143.0 |   270M | 147 | 951 |5425 |5425 |   0 |  0 |   0 |  37 | 3.400000e+01 | 1.062000e+02 | 212.35%| unknown
 1216s|162400 |126029 | 23215k| 142.9 |   271M | 147 | 951 |5425 |5425 |   0 |  0 |   0 |  37 | 3.400000e+01 | 1.062000e+02 | 212.35%| unknown
 1217s|162500 |126115 | 23231k| 143.0 |   271M | 147 | 951 |5425 |5425 |   0 |  0 |   0 |  37 | 3.400000e+01 | 1.062000e+02 | 212.35%| unknown
 1218s|162600 |126199 | 23249k| 143.0 |   271M | 147 | 951 |5425 |5425 |   0 |  0 |   0 |  37 | 3.400000e+01 | 1.062000e+02 | 212.35%| unknown
 1219s|162700 |126281 | 23261k| 143.0 |   273M | 147 | 951 |5425 |5425 |   0 |  0 |   0 |  37 | 3.400000e+01 | 1.062000e+02 | 212.35%| unknown
 1219s|162800 |126361 | 23272k| 142.9 |   273M | 147 | 951 |5425 |5425 |   0 |  0 |   0 |  37 | 3.400000e+01 | 1.062000e+02 | 212.35%| unknown
 1221s|162900 |126439 | 23297k| 143.0 |   273M | 147 | 951 |5425 |5425 |   0 |  0 |   0 |  37 | 3.400000e+01 | 1.062000e+02 | 212.35%| unknown
 1221s|163000 |126519 | 23313k| 143.0 |   273M | 147 | 951 |5425 |5425 |   0 |  0 |   0 |  37 | 3.400000e+01 | 1.062000e+02 | 212.35%| unknown
 1222s|163100 |126595 | 23332k| 143.1 |   273M | 147 | 951 |5425 |5425 |   0 |  0 |   0 |  37 | 3.400000e+01 | 1.062000e+02 | 212.35%| unknown
 1224s|163200 |126673 | 23353k| 143.1 |   273M | 147 | 951 |5425 |5425 |   0 |  0 |   0 |  37 | 3.400000e+01 | 1.062000e+02 | 212.35%| unknown
 1224s|163300 |126743 | 23371k| 143.1 |   273M | 147 | 951 |5425 |5425 |   0 |  0 |   0 |  37 | 3.400000e+01 | 1.062000e+02 | 212.35%| unknown
 time | node  | left  |LP iter|LP it/n|mem/heur|mdpt |vars |cons |rows |cuts |sepa|confs|strbr|  dualbound   | primalbound  |  gap   | compl. 
 1226s|163400 |126819 | 23394k| 143.2 |   273M | 147 | 951 |5425 |5425 |   0 |  0 |   0 |  37 | 3.400000e+01 | 1.062000e+02 | 212.35%| unknown
 1226s|163500 |126893 | 23406k| 143.2 |   273M | 147 | 951 |5425 |5425 |   0 |  0 |   0 |  37 | 3.400000e+01 | 1.062000e+02 | 212.35%| unknown
 1227s|163600 |126967 | 23425k| 143.2 |   273M | 147 | 951 |5425 |5425 |   0 |  0 |   0 |  37 | 3.400000e+01 | 1.062000e+02 | 212.35%| unknown
 1228s|163700 |127051 | 23442k| 143.2 |   273M | 147 | 951 |5425 |5425 |   0 |  0 |   0 |  37 | 3.400000e+01 | 1.062000e+02 | 212.35%| unknown
 1230s|163800 |127125 | 23492k| 143.4 |   274M | 147 | 951 |5425 |5425 |   0 |  0 |   0 |  37 | 3.400000e+01 | 1.062000e+02 | 212.35%| unknown
 1231s|163900 |127197 | 23494k| 143.3 |   274M | 147 | 951 |5425 |5425 |   0 |  0 |   0 |  37 | 3.400000e+01 | 1.062000e+02 | 212.35%| unknown
 1231s|164000 |127279 | 23505k| 143.3 |   274M | 147 | 951 |5425 |5425 |   0 |  0 |   0 |  37 | 3.400000e+01 | 1.062000e+02 | 212.35%| unknown
 1232s|164100 |127343 | 23516k| 143.3 |   274M | 147 | 951 |5425 |5425 |   0 |  0 |   0 |  37 | 3.400000e+01 | 1.062000e+02 | 212.35%| unknown
 1232s|164200 |127405 | 23518k| 143.2 |   274M | 147 | 951 |5425 |5425 |   0 |  0 |   0 |  37 | 3.400000e+01 | 1.062000e+02 | 212.35%| unknown
 1232s|164300 |127467 | 23519k| 143.1 |   274M | 147 | 951 |5425 |5425 |   0 |  0 |   0 |  37 | 3.400000e+01 | 1.062000e+02 | 212.35%| unknown
 1232s|164400 |127527 | 23520k| 143.1 |   274M | 147 | 951 |5425 |5425 |   0 |  0 |   0 |  37 | 3.400000e+01 | 1.062000e+02 | 212.35%| unknown
 1233s|164500 |127577 | 23521k| 143.0 |   274M | 147 | 951 |5425 |5425 |   0 |  0 |   0 |  37 | 3.400000e+01 | 1.062000e+02 | 212.35%| unknown
 1233s|164600 |127657 | 23523k| 142.9 |   274M | 147 | 951 |5425 |5425 |   0 |  0 |   0 |  37 | 3.400000e+01 | 1.062000e+02 | 212.35%| unknown
 1233s|164700 |127729 | 23524k| 142.8 |   274M | 147 | 951 |5425 |5425 |   0 |  0 |   0 |  37 | 3.400000e+01 | 1.062000e+02 | 212.35%| unknown
 1233s|164800 |127803 | 23525k| 142.7 |   274M | 147 | 951 |5425 |5425 |   0 |  0 |   0 |  37 | 3.400000e+01 | 1.062000e+02 | 212.35%| unknown
 time | node  | left  |LP iter|LP it/n|mem/heur|mdpt |vars |cons |rows |cuts |sepa|confs|strbr|  dualbound   | primalbound  |  gap   | compl. 
 1233s|164900 |127867 | 23527k| 142.7 |   274M | 147 | 951 |5425 |5425 |   0 |  0 |   0 |  37 | 3.400000e+01 | 1.062000e+02 | 212.35%| unknown
 1234s|165000 |127923 | 23528k| 142.6 |   275M | 147 | 951 |5425 |5425 |   0 |  0 |   0 |  37 | 3.400000e+01 | 1.062000e+02 | 212.35%| unknown
 1234s|165100 |127995 | 23530k| 142.5 |   275M | 147 | 951 |5425 |5425 |   0 |  0 |   0 |  37 | 3.400000e+01 | 1.062000e+02 | 212.35%| unknown
 1234s|165200 |128067 | 23532k| 142.4 |   275M | 147 | 951 |5425 |5425 |   0 |  0 |   0 |  37 | 3.400000e+01 | 1.062000e+02 | 212.35%| unknown
 1234s|165300 |128143 | 23533k| 142.4 |   275M | 147 | 951 |5425 |5425 |   0 |  0 |   0 |  37 | 3.400000e+01 | 1.062000e+02 | 212.35%| unknown
 1234s|165400 |128213 | 23535k| 142.3 |   275M | 147 | 951 |5425 |5425 |   0 |  0 |   0 |  37 | 3.400000e+01 | 1.062000e+02 | 212.35%| unknown
 1235s|165500 |128291 | 23548k| 142.3 |   275M | 147 | 951 |5425 |5425 |   0 |  0 |   0 |  37 | 3.400000e+01 | 1.062000e+02 | 212.35%| unknown
 1236s|165600 |128373 | 23573k| 142.3 |   275M | 147 | 951 |5425 |5425 |   0 |  0 |   0 |  37 | 3.400000e+01 | 1.062000e+02 | 212.35%| unknown
 1237s|165700 |128449 | 23599k| 142.4 |   275M | 147 | 951 |5425 |5425 |   0 |  0 |   0 |  37 | 3.400000e+01 | 1.062000e+02 | 212.35%| unknown
 1239s|165800 |128529 | 23628k| 142.5 |   275M | 147 | 951 |5425 |5425 |   0 |  0 |   0 |  37 | 3.400000e+01 | 1.062000e+02 | 212.35%| unknown
 1240s|165900 |128615 | 23648k| 142.5 |   275M | 147 | 951 |5425 |5425 |   0 |  0 |   0 |  37 | 3.400000e+01 | 1.062000e+02 | 212.35%| unknown
 1241s|166000 |128697 | 23675k| 142.6 |   275M | 147 | 951 |5425 |5425 |   0 |  0 |   0 |  37 | 3.400000e+01 | 1.062000e+02 | 212.35%| unknown
 1242s|166100 |128759 | 23695k| 142.7 |   276M | 147 | 951 |5425 |5425 |   0 |  0 |   0 |  37 | 3.400000e+01 | 1.062000e+02 | 212.35%| unknown
 1243s|166200 |128827 | 23715k| 142.7 |   276M | 147 | 951 |5425 |5425 |   0 |  0 |   0 |  37 | 3.400000e+01 | 1.062000e+02 | 212.35%| unknown
 1244s|166300 |128899 | 23735k| 142.7 |   276M | 147 | 951 |5425 |5425 |   0 |  0 |   0 |  37 | 3.400000e+01 | 1.062000e+02 | 212.35%| unknown
 time | node  | left  |LP iter|LP it/n|mem/heur|mdpt |vars |cons |rows |cuts |sepa|confs|strbr|  dualbound   | primalbound  |  gap   | compl. 
 1244s|166400 |128971 | 23740k| 142.7 |   276M | 147 | 951 |5425 |5425 |   0 |  0 |   0 |  37 | 3.400000e+01 | 1.062000e+02 | 212.35%| unknown
 1245s|166500 |129051 | 23742k| 142.6 |   277M | 147 | 951 |5425 |5425 |   0 |  0 |   0 |  37 | 3.400000e+01 | 1.062000e+02 | 212.35%| unknown
 1245s|166600 |129139 | 23748k| 142.5 |   277M | 147 | 951 |5425 |5425 |   0 |  0 |   0 |  37 | 3.400000e+01 | 1.062000e+02 | 212.35%| unknown
 1246s|166700 |129231 | 23767k| 142.6 |   277M | 147 | 951 |5425 |5425 |   0 |  0 |   0 |  37 | 3.400000e+01 | 1.062000e+02 | 212.35%| unknown
 1246s|166800 |129317 | 23776k| 142.5 |   277M | 147 | 951 |5425 |5425 |   0 |  0 |   0 |  37 | 3.400000e+01 | 1.062000e+02 | 212.35%| unknown
 1247s|166900 |129409 | 23797k| 142.6 |   277M | 147 | 951 |5425 |5425 |   0 |  0 |   0 |  37 | 3.400000e+01 | 1.062000e+02 | 212.35%| unknown
 1248s|167000 |129497 | 23821k| 142.6 |   277M | 147 | 951 |5425 |5425 |   0 |  0 |   0 |  37 | 3.400000e+01 | 1.062000e+02 | 212.35%| unknown
 1249s|167100 |129579 | 23835k| 142.6 |   278M | 147 | 951 |5425 |5425 |   0 |  0 |   0 |  37 | 3.400000e+01 | 1.062000e+02 | 212.35%| unknown
 1250s|167200 |129671 | 23854k| 142.7 |   278M | 147 | 951 |5425 |5425 |   0 |  0 |   0 |  37 | 3.400000e+01 | 1.062000e+02 | 212.35%| unknown
 1251s|167300 |129763 | 23873k| 142.7 |   278M | 147 | 951 |5425 |5425 |   0 |  0 |   0 |  37 | 3.400000e+01 | 1.062000e+02 | 212.35%| unknown
 1251s|167400 |129843 | 23886k| 142.7 |   278M | 147 | 951 |5425 |5425 |   0 |  0 |   0 |  37 | 3.400000e+01 | 1.062000e+02 | 212.35%| unknown
 1252s|167500 |129931 | 23888k| 142.6 |   278M | 147 | 951 |5425 |5425 |   0 |  0 |   0 |  37 | 3.400000e+01 | 1.062000e+02 | 212.35%| unknown
 1252s|167600 |130003 | 23890k| 142.5 |   278M | 152 | 951 |5425 |5425 |   0 |  0 |   0 |  37 | 3.400000e+01 | 1.062000e+02 | 212.35%| unknown
 1252s|167700 |130077 | 23891k| 142.5 |   278M | 152 | 951 |5425 |5425 |   0 |  0 |   0 |  37 | 3.400000e+01 | 1.062000e+02 | 212.35%| unknown
 1252s|167800 |130157 | 23892k| 142.4 |   278M | 152 | 951 |5425 |5425 |   0 |  0 |   0 |  37 | 3.400000e+01 | 1.062000e+02 | 212.35%| unknown
 time | node  | left  |LP iter|LP it/n|mem/heur|mdpt |vars |cons |rows |cuts |sepa|confs|strbr|  dualbound   | primalbound  |  gap   | compl. 
 1253s|167900 |130239 | 23896k| 142.3 |   278M | 152 | 951 |5425 |5425 |   0 |  0 |   0 |  37 | 3.400000e+01 | 1.062000e+02 | 212.35%| unknown
 1253s|168000 |130329 | 23907k| 142.3 |   278M | 152 | 951 |5425 |5425 |   0 |  0 |   0 |  37 | 3.400000e+01 | 1.062000e+02 | 212.35%| unknown
 1254s|168100 |130417 | 23924k| 142.3 |   279M | 152 | 951 |5425 |5425 |   0 |  0 |   0 |  37 | 3.400000e+01 | 1.062000e+02 | 212.35%| unknown
 1255s|168200 |130505 | 23931k| 142.3 |   279M | 152 | 951 |5425 |5425 |   0 |  0 |   0 |  37 | 3.400000e+01 | 1.062000e+02 | 212.35%| unknown
 1255s|168300 |130579 | 23933k| 142.2 |   279M | 152 | 951 |5425 |5425 |   0 |  0 |   0 |  37 | 3.400000e+01 | 1.062000e+02 | 212.35%| unknown
 1255s|168400 |130653 | 23934k| 142.1 |   280M | 152 | 951 |5425 |5425 |   0 |  0 |   0 |  37 | 3.400000e+01 | 1.062000e+02 | 212.35%| unknown
 1255s|168500 |130737 | 23936k| 142.0 |   280M | 152 | 951 |5425 |5425 |   0 |  0 |   0 |  37 | 3.400000e+01 | 1.062000e+02 | 212.35%| unknown
 1255s|168600 |130809 | 23937k| 142.0 |   280M | 152 | 951 |5425 |5425 |   0 |  0 |   0 |  37 | 3.400000e+01 | 1.062000e+02 | 212.35%| unknown
 1255s|168700 |130899 | 23938k| 141.9 |   280M | 152 | 951 |5425 |5425 |   0 |  0 |   0 |  37 | 3.400000e+01 | 1.062000e+02 | 212.35%| unknown
 1256s|168800 |130969 | 23939k| 141.8 |   280M | 152 | 951 |5425 |5425 |   0 |  0 |   0 |  37 | 3.400000e+01 | 1.062000e+02 | 212.35%| unknown
 1256s|168900 |131043 | 23952k| 141.8 |   280M | 152 | 951 |5425 |5425 |   0 |  0 |   0 |  37 | 3.400000e+01 | 1.062000e+02 | 212.35%| unknown
 1257s|169000 |131133 | 23973k| 141.8 |   280M | 152 | 951 |5425 |5425 |   0 |  0 |   0 |  37 | 3.400000e+01 | 1.062000e+02 | 212.35%| unknown
 1258s|169100 |131215 | 23997k| 141.9 |   281M | 152 | 951 |5425 |5425 |   0 |  0 |   0 |  37 | 3.400000e+01 | 1.062000e+02 | 212.35%| unknown
 1259s|169200 |131297 | 24017k| 141.9 |   281M | 152 | 951 |5425 |5425 |   0 |  0 |   0 |  37 | 3.400000e+01 | 1.062000e+02 | 212.35%| unknown
 1260s|169300 |131387 | 24030k| 141.9 |   281M | 152 | 951 |5425 |5425 |   0 |  0 |   0 |  37 | 3.400000e+01 | 1.062000e+02 | 212.35%| unknown
 time | node  | left  |LP iter|LP it/n|mem/heur|mdpt |vars |cons |rows |cuts |sepa|confs|strbr|  dualbound   | primalbound  |  gap   | compl. 
 1261s|169400 |131469 | 24043k| 141.9 |   281M | 152 | 951 |5425 |5425 |   0 |  0 |   0 |  37 | 3.400000e+01 | 1.062000e+02 | 212.35%| unknown
 1262s|169500 |131545 | 24056k| 141.9 |   281M | 152 | 951 |5425 |5425 |   0 |  0 |   0 |  37 | 3.400000e+01 | 1.062000e+02 | 212.35%| unknown
 1262s|169600 |131617 | 24073k| 141.9 |   281M | 152 | 951 |5425 |5425 |   0 |  0 |   0 |  37 | 3.400000e+01 | 1.062000e+02 | 212.35%| unknown
 1263s|169700 |131689 | 24094k| 142.0 |   281M | 152 | 951 |5425 |5425 |   0 |  0 |   0 |  37 | 3.400000e+01 | 1.062000e+02 | 212.35%| unknown
 1264s|169800 |131765 | 24110k| 142.0 |   281M | 152 | 951 |5425 |5425 |   0 |  0 |   0 |  37 | 3.400000e+01 | 1.062000e+02 | 212.35%| unknown
 1264s|169900 |131845 | 24111k| 141.9 |   281M | 152 | 951 |5425 |5425 |   0 |  0 |   0 |  37 | 3.400000e+01 | 1.062000e+02 | 212.35%| unknown
 1264s|170000 |131921 | 24112k| 141.8 |   281M | 152 | 951 |5425 |5425 |   0 |  0 |   0 |  37 | 3.400000e+01 | 1.062000e+02 | 212.35%| unknown
 1265s|170100 |131989 | 24126k| 141.8 |   281M | 152 | 951 |5425 |5425 |   0 |  0 |   0 |  37 | 3.400000e+01 | 1.062000e+02 | 212.35%| unknown
 1266s|170200 |132071 | 24139k| 141.8 |   282M | 152 | 951 |5425 |5425 |   0 |  0 |   0 |  37 | 3.400000e+01 | 1.062000e+02 | 212.35%| unknown
 1266s|170300 |132147 | 24148k| 141.8 |   283M | 152 | 951 |5425 |5425 |   0 |  0 |   0 |  37 | 3.400000e+01 | 1.062000e+02 | 212.35%| unknown
 1267s|170400 |132219 | 24159k| 141.8 |   283M | 152 | 951 |5425 |5425 |   0 |  0 |   0 |  37 | 3.400000e+01 | 1.062000e+02 | 212.35%| unknown
 1268s|170500 |132297 | 24171k| 141.8 |   283M | 152 | 951 |5425 |5425 |   0 |  0 |   0 |  37 | 3.400000e+01 | 1.062000e+02 | 212.35%| unknown
 1269s|170600 |132373 | 24193k| 141.8 |   283M | 152 | 951 |5425 |5425 |   0 |  0 |   0 |  37 | 3.400000e+01 | 1.062000e+02 | 212.35%| unknown
 1270s|170700 |132445 | 24214k| 141.8 |   283M | 152 | 951 |5425 |5425 |   0 |  0 |   0 |  37 | 3.400000e+01 | 1.062000e+02 | 212.35%| unknown
 1271s|170800 |132523 | 24230k| 141.9 |   283M | 152 | 951 |5425 |5425 |   0 |  0 |   0 |  37 | 3.400000e+01 | 1.062000e+02 | 212.35%| unknown
 time | node  | left  |LP iter|LP it/n|mem/heur|mdpt |vars |cons |rows |cuts |sepa|confs|strbr|  dualbound   | primalbound  |  gap   | compl. 
 1272s|170900 |132605 | 24252k| 141.9 |   283M | 152 | 951 |5425 |5425 |   0 |  0 |   0 |  37 | 3.400000e+01 | 1.062000e+02 | 212.35%| unknown
 1273s|171000 |132689 | 24284k| 142.0 |   283M | 152 | 951 |5425 |5425 |   0 |  0 |   0 |  37 | 3.400000e+01 | 1.062000e+02 | 212.35%| unknown
 1274s|171100 |132763 | 24301k| 142.0 |   283M | 152 | 951 |5425 |5425 |   0 |  0 |   0 |  37 | 3.400000e+01 | 1.062000e+02 | 212.35%| unknown
 1275s|171200 |132841 | 24325k| 142.1 |   285M | 152 | 951 |5425 |5425 |   0 |  0 |   0 |  37 | 3.400000e+01 | 1.062000e+02 | 212.35%| unknown
 1276s|171300 |132931 | 24341k| 142.1 |   285M | 152 | 951 |5425 |5425 |   0 |  0 |   0 |  37 | 3.400000e+01 | 1.062000e+02 | 212.35%| unknown
 1277s|171400 |133011 | 24362k| 142.1 |   285M | 152 | 951 |5425 |5425 |   0 |  0 |   0 |  37 | 3.400000e+01 | 1.062000e+02 | 212.35%| unknown
 1278s|171500 |133101 | 24381k| 142.2 |   285M | 152 | 951 |5425 |5425 |   0 |  0 |   0 |  37 | 3.400000e+01 | 1.062000e+02 | 212.35%| unknown
 1279s|171600 |133179 | 24387k| 142.1 |   285M | 152 | 951 |5425 |5425 |   0 |  0 |   0 |  37 | 3.400000e+01 | 1.062000e+02 | 212.35%| unknown
 1279s|171700 |133265 | 24388k| 142.0 |   285M | 152 | 951 |5425 |5425 |   0 |  0 |   0 |  37 | 3.400000e+01 | 1.062000e+02 | 212.35%| unknown
 1279s|171800 |133347 | 24389k| 142.0 |   285M | 152 | 951 |5425 |5425 |   0 |  0 |   0 |  37 | 3.400000e+01 | 1.062000e+02 | 212.35%| unknown
 1279s|171900 |133439 | 24391k| 141.9 |   285M | 152 | 951 |5425 |5425 |   0 |  0 |   0 |  37 | 3.400000e+01 | 1.062000e+02 | 212.35%| unknown
 1279s|172000 |133525 | 24395k| 141.8 |   285M | 152 | 951 |5425 |5425 |   0 |  0 |   0 |  37 | 3.400000e+01 | 1.062000e+02 | 212.35%| unknown
 1280s|172100 |133615 | 24407k| 141.8 |   285M | 152 | 951 |5425 |5425 |   0 |  0 |   0 |  37 | 3.400000e+01 | 1.062000e+02 | 212.35%| unknown
 1280s|172200 |133693 | 24409k| 141.7 |   286M | 152 | 951 |5425 |5425 |   0 |  0 |   0 |  37 | 3.400000e+01 | 1.062000e+02 | 212.35%| unknown
 1281s|172300 |133763 | 24410k| 141.7 |   286M | 152 | 951 |5425 |5425 |   0 |  0 |   0 |  37 | 3.400000e+01 | 1.062000e+02 | 212.35%| unknown
 time | node  | left  |LP iter|LP it/n|mem/heur|mdpt |vars |cons |rows |cuts |sepa|confs|strbr|  dualbound   | primalbound  |  gap   | compl. 
 1281s|172400 |133851 | 24411k| 141.6 |   286M | 152 | 951 |5425 |5425 |   0 |  0 |   0 |  37 | 3.400000e+01 | 1.062000e+02 | 212.35%| unknown
 1281s|172500 |133931 | 24413k| 141.5 |   286M | 152 | 951 |5425 |5425 |   0 |  0 |   0 |  37 | 3.400000e+01 | 1.062000e+02 | 212.35%| unknown
 1281s|172600 |134017 | 24414k| 141.4 |   286M | 152 | 951 |5425 |5425 |   0 |  0 |   0 |  37 | 3.400000e+01 | 1.062000e+02 | 212.35%| unknown
 1281s|172700 |134103 | 24416k| 141.4 |   286M | 152 | 951 |5425 |5425 |   0 |  0 |   0 |  37 | 3.400000e+01 | 1.062000e+02 | 212.35%| unknown
 1281s|172800 |134193 | 24417k| 141.3 |   286M | 152 | 951 |5425 |5425 |   0 |  0 |   0 |  37 | 3.400000e+01 | 1.062000e+02 | 212.35%| unknown
 1282s|172900 |134273 | 24419k| 141.2 |   286M | 152 | 951 |5425 |5425 |   0 |  0 |   0 |  37 | 3.400000e+01 | 1.062000e+02 | 212.35%| unknown
 1282s|173000 |134353 | 24420k| 141.2 |   286M | 152 | 951 |5425 |5425 |   0 |  0 |   0 |  37 | 3.400000e+01 | 1.062000e+02 | 212.35%| unknown
 1282s|173100 |134441 | 24421k| 141.1 |   286M | 152 | 951 |5425 |5425 |   0 |  0 |   0 |  37 | 3.400000e+01 | 1.062000e+02 | 212.35%| unknown
 1282s|173200 |134527 | 24423k| 141.0 |   287M | 152 | 951 |5425 |5425 |   0 |  0 |   0 |  37 | 3.400000e+01 | 1.062000e+02 | 212.35%| unknown
 1283s|173300 |134597 | 24429k| 141.0 |   287M | 152 | 951 |5425 |5425 |   0 |  0 |   0 |  37 | 3.400000e+01 | 1.062000e+02 | 212.35%| unknown
 1284s|173400 |134667 | 24467k| 141.1 |   287M | 152 | 951 |5425 |5425 |   0 |  0 |   0 |  37 | 3.400000e+01 | 1.062000e+02 | 212.35%| unknown
 1286s|173500 |134749 | 24497k| 141.2 |   287M | 152 | 951 |5425 |5425 |   0 |  0 |   0 |  37 | 3.400000e+01 | 1.062000e+02 | 212.35%| unknown
 1287s|173600 |134831 | 24517k| 141.2 |   287M | 152 | 951 |5425 |5425 |   0 |  0 |   0 |  37 | 3.400000e+01 | 1.062000e+02 | 212.35%| unknown
 1287s|173700 |134923 | 24533k| 141.2 |   287M | 152 | 951 |5425 |5425 |   0 |  0 |   0 |  37 | 3.400000e+01 | 1.062000e+02 | 212.35%| unknown
 1289s|173800 |135003 | 24561k| 141.3 |   287M | 152 | 951 |5425 |5425 |   0 |  0 |   0 |  37 | 3.400000e+01 | 1.062000e+02 | 212.35%| unknown
 time | node  | left  |LP iter|LP it/n|mem/heur|mdpt |vars |cons |rows |cuts |sepa|confs|strbr|  dualbound   | primalbound  |  gap   | compl. 
 1290s|173900 |135077 | 24583k| 141.4 |   287M | 152 | 951 |5425 |5425 |   0 |  0 |   0 |  37 | 3.400000e+01 | 1.062000e+02 | 212.35%| unknown
 1291s|174000 |135141 | 24602k| 141.4 |   287M | 152 | 951 |5425 |5425 |   0 |  0 |   0 |  37 | 3.400000e+01 | 1.062000e+02 | 212.35%| unknown
 1292s|174100 |135207 | 24620k| 141.4 |   287M | 152 | 951 |5425 |5425 |   0 |  0 |   0 |  37 | 3.400000e+01 | 1.062000e+02 | 212.35%| unknown
 1292s|174200 |135273 | 24639k| 141.4 |   289M | 152 | 951 |5425 |5425 |   0 |  0 |   0 |  37 | 3.400000e+01 | 1.062000e+02 | 212.35%| unknown
 1293s|174300 |135355 | 24657k| 141.5 |   290M | 152 | 951 |5425 |5425 |   0 |  0 |   0 |  37 | 3.400000e+01 | 1.062000e+02 | 212.35%| unknown
 1295s|174400 |135433 | 24681k| 141.5 |   290M | 152 | 951 |5425 |5425 |   0 |  0 |   0 |  37 | 3.400000e+01 | 1.062000e+02 | 212.35%| unknown
 1296s|174500 |135511 | 24712k| 141.6 |   290M | 152 | 951 |5425 |5425 |   0 |  0 |   0 |  37 | 3.400000e+01 | 1.062000e+02 | 212.35%| unknown
 1296s|174600 |135589 | 24714k| 141.5 |   290M | 152 | 951 |5425 |5425 |   0 |  0 |   0 |  37 | 3.400000e+01 | 1.062000e+02 | 212.35%| unknown
 1297s|174700 |135673 | 24728k| 141.5 |   290M | 152 | 951 |5425 |5425 |   0 |  0 |   0 |  37 | 3.400000e+01 | 1.062000e+02 | 212.35%| unknown
 1298s|174800 |135763 | 24749k| 141.6 |   290M | 152 | 951 |5425 |5425 |   0 |  0 |   0 |  37 | 3.400000e+01 | 1.062000e+02 | 212.35%| unknown
 1299s|174900 |135847 | 24766k| 141.6 |   290M | 152 | 951 |5425 |5425 |   0 |  0 |   0 |  37 | 3.400000e+01 | 1.062000e+02 | 212.35%| unknown
 1300s|175000 |135925 | 24785k| 141.6 |   290M | 152 | 951 |5425 |5425 |   0 |  0 |   0 |  37 | 3.400000e+01 | 1.062000e+02 | 212.35%| unknown
 1301s|175100 |136021 | 24806k| 141.7 |   290M | 152 | 951 |5425 |5425 |   0 |  0 |   0 |  37 | 3.400000e+01 | 1.062000e+02 | 212.35%| unknown
 1302s|175200 |136107 | 24827k| 141.7 |   291M | 152 | 951 |5425 |5425 |   0 |  0 |   0 |  37 | 3.400000e+01 | 1.062000e+02 | 212.35%| unknown
 1303s|175300 |136193 | 24845k| 141.7 |   291M | 152 | 951 |5425 |5425 |   0 |  0 |   0 |  37 | 3.400000e+01 | 1.062000e+02 | 212.35%| unknown
 time | node  | left  |LP iter|LP it/n|mem/heur|mdpt |vars |cons |rows |cuts |sepa|confs|strbr|  dualbound   | primalbound  |  gap   | compl. 
 1304s|175400 |136267 | 24861k| 141.7 |   291M | 152 | 951 |5425 |5425 |   0 |  0 |   0 |  37 | 3.400000e+01 | 1.062000e+02 | 212.35%| unknown
 1305s|175500 |136345 | 24877k| 141.7 |   291M | 152 | 951 |5425 |5425 |   0 |  0 |   0 |  37 | 3.400000e+01 | 1.062000e+02 | 212.35%| unknown
 1306s|175600 |136427 | 24896k| 141.8 |   291M | 152 | 951 |5425 |5425 |   0 |  0 |   0 |  37 | 3.400000e+01 | 1.062000e+02 | 212.35%| unknown
 1306s|175700 |136513 | 24899k| 141.7 |   291M | 152 | 951 |5425 |5425 |   0 |  0 |   0 |  37 | 3.400000e+01 | 1.062000e+02 | 212.35%| unknown
 1306s|175800 |136599 | 24901k| 141.6 |   291M | 152 | 951 |5425 |5425 |   0 |  0 |   0 |  37 | 3.400000e+01 | 1.062000e+02 | 212.35%| unknown
 1307s|175900 |136683 | 24924k| 141.7 |   291M | 152 | 951 |5425 |5425 |   0 |  0 |   0 |  37 | 3.400000e+01 | 1.062000e+02 | 212.35%| unknown
 1308s|176000 |136767 | 24944k| 141.7 |   291M | 152 | 951 |5425 |5425 |   0 |  0 |   0 |  37 | 3.400000e+01 | 1.062000e+02 | 212.35%| unknown
 1308s|176100 |136841 | 24945k| 141.7 |   291M | 152 | 951 |5425 |5425 |   0 |  0 |   0 |  37 | 3.400000e+01 | 1.062000e+02 | 212.35%| unknown
 1309s|176200 |136925 | 24947k| 141.6 |   292M | 152 | 951 |5425 |5425 |   0 |  0 |   0 |  37 | 3.400000e+01 | 1.062000e+02 | 212.35%| unknown
 1309s|176300 |137007 | 24948k| 141.5 |   292M | 152 | 951 |5425 |5425 |   0 |  0 |   0 |  37 | 3.400000e+01 | 1.062000e+02 | 212.35%| unknown
 1309s|176400 |137077 | 24950k| 141.4 |   292M | 152 | 951 |5425 |5425 |   0 |  0 |   0 |  37 | 3.400000e+01 | 1.062000e+02 | 212.35%| unknown
 1309s|176500 |137153 | 24951k| 141.4 |   292M | 152 | 951 |5425 |5425 |   0 |  0 |   0 |  37 | 3.400000e+01 | 1.062000e+02 | 212.35%| unknown
 1309s|176600 |137231 | 24953k| 141.3 |   292M | 152 | 951 |5425 |5425 |   0 |  0 |   0 |  37 | 3.400000e+01 | 1.062000e+02 | 212.35%| unknown
 1310s|176700 |137303 | 24954k| 141.2 |   292M | 152 | 951 |5425 |5425 |   0 |  0 |   0 |  37 | 3.400000e+01 | 1.062000e+02 | 212.35%| unknown
 1310s|176800 |137377 | 24956k| 141.1 |   292M | 152 | 951 |5425 |5425 |   0 |  0 |   0 |  37 | 3.400000e+01 | 1.062000e+02 | 212.35%| unknown
 time | node  | left  |LP iter|LP it/n|mem/heur|mdpt |vars |cons |rows |cuts |sepa|confs|strbr|  dualbound   | primalbound  |  gap   | compl. 
 1310s|176900 |137453 | 24968k| 141.1 |   293M | 152 | 951 |5425 |5425 |   0 |  0 |   0 |  37 | 3.400000e+01 | 1.062000e+02 | 212.35%| unknown
 1311s|177000 |137527 | 24984k| 141.2 |   293M | 152 | 951 |5425 |5425 |   0 |  0 |   0 |  37 | 3.400000e+01 | 1.062000e+02 | 212.35%| unknown
 1313s|177100 |137607 | 25023k| 141.3 |   293M | 152 | 951 |5425 |5425 |   0 |  0 |   0 |  37 | 3.400000e+01 | 1.062000e+02 | 212.35%| unknown
 1314s|177200 |137681 | 25045k| 141.3 |   293M | 152 | 951 |5425 |5425 |   0 |  0 |   0 |  37 | 3.400000e+01 | 1.062000e+02 | 212.35%| unknown
 1316s|177300 |137757 | 25076k| 141.4 |   294M | 152 | 951 |5425 |5425 |   0 |  0 |   0 |  37 | 3.400000e+01 | 1.062000e+02 | 212.35%| unknown
 1318s|177400 |137845 | 25126k| 141.6 |   294M | 152 | 951 |5425 |5425 |   0 |  0 |   0 |  37 | 3.400000e+01 | 1.062000e+02 | 212.35%| unknown
 1319s|177500 |137919 | 25153k| 141.7 |   294M | 152 | 951 |5425 |5425 |   0 |  0 |   0 |  37 | 3.400000e+01 | 1.062000e+02 | 212.35%| unknown
 1320s|177600 |137979 | 25169k| 141.7 |   294M | 152 | 951 |5425 |5425 |   0 |  0 |   0 |  37 | 3.400000e+01 | 1.062000e+02 | 212.35%| unknown
 1321s|177700 |138047 | 25183k| 141.7 |   294M | 152 | 951 |5425 |5425 |   0 |  0 |   0 |  37 | 3.400000e+01 | 1.062000e+02 | 212.35%| unknown
 1321s|177800 |138131 | 25195k| 141.7 |   294M | 152 | 951 |5425 |5425 |   0 |  0 |   0 |  37 | 3.400000e+01 | 1.062000e+02 | 212.35%| unknown
 1322s|177900 |138205 | 25197k| 141.6 |   294M | 152 | 951 |5425 |5425 |   0 |  0 |   0 |  37 | 3.400000e+01 | 1.062000e+02 | 212.35%| unknown
 1322s|178000 |138275 | 25198k| 141.6 |   294M | 152 | 951 |5425 |5425 |   0 |  0 |   0 |  37 | 3.400000e+01 | 1.062000e+02 | 212.35%| unknown
 1322s|178100 |138349 | 25200k| 141.5 |   294M | 152 | 951 |5425 |5425 |   0 |  0 |   0 |  37 | 3.400000e+01 | 1.062000e+02 | 212.35%| unknown
 1322s|178200 |138409 | 25201k| 141.4 |   294M | 152 | 951 |5425 |5425 |   0 |  0 |   0 |  37 | 3.400000e+01 | 1.062000e+02 | 212.35%| unknown
 1322s|178300 |138485 | 25203k| 141.4 |   294M | 152 | 951 |5425 |5425 |   0 |  0 |   0 |  37 | 3.400000e+01 | 1.062000e+02 | 212.35%| unknown
 time | node  | left  |LP iter|LP it/n|mem/heur|mdpt |vars |cons |rows |cuts |sepa|confs|strbr|  dualbound   | primalbound  |  gap   | compl. 
 1323s|178400 |138563 | 25204k| 141.3 |   295M | 152 | 951 |5425 |5425 |   0 |  0 |   0 |  37 | 3.400000e+01 | 1.062000e+02 | 212.35%| unknown
 1323s|178500 |138643 | 25215k| 141.3 |   295M | 152 | 951 |5425 |5425 |   0 |  0 |   0 |  37 | 3.400000e+01 | 1.062000e+02 | 212.35%| unknown
 1324s|178600 |138723 | 25224k| 141.2 |   295M | 152 | 951 |5425 |5425 |   0 |  0 |   0 |  37 | 3.400000e+01 | 1.062000e+02 | 212.35%| unknown
 1325s|178700 |138791 | 25252k| 141.3 |   295M | 152 | 951 |5425 |5425 |   0 |  0 |   0 |  37 | 3.400000e+01 | 1.062000e+02 | 212.35%| unknown
 1326s|178800 |138863 | 25281k| 141.4 |   295M | 152 | 951 |5425 |5425 |   0 |  0 |   0 |  37 | 3.400000e+01 | 1.062000e+02 | 212.35%| unknown
 1328s|178900 |138927 | 25312k| 141.5 |   295M | 152 | 951 |5425 |5425 |   0 |  0 |   0 |  37 | 3.400000e+01 | 1.062000e+02 | 212.35%| unknown
 1329s|179000 |139003 | 25331k| 141.5 |   295M | 152 | 951 |5425 |5425 |   0 |  0 |   0 |  37 | 3.400000e+01 | 1.062000e+02 | 212.35%| unknown
 1330s|179100 |139087 | 25357k| 141.6 |   295M | 152 | 951 |5425 |5425 |   0 |  0 |   0 |  37 | 3.400000e+01 | 1.062000e+02 | 212.35%| unknown
 1331s|179200 |139163 | 25384k| 141.6 |   295M | 152 | 951 |5425 |5425 |   0 |  0 |   0 |  37 | 3.400000e+01 | 1.062000e+02 | 212.35%| unknown
 1333s|179300 |139239 | 25416k| 141.8 |   295M | 152 | 951 |5425 |5425 |   0 |  0 |   0 |  37 | 3.400000e+01 | 1.062000e+02 | 212.35%| unknown
 1334s|179400 |139323 | 25434k| 141.8 |   295M | 152 | 951 |5425 |5425 |   0 |  0 |   0 |  37 | 3.400000e+01 | 1.062000e+02 | 212.35%| unknown
 1335s|179500 |139389 | 25456k| 141.8 |   296M | 152 | 951 |5425 |5425 |   0 |  0 |   0 |  37 | 3.400000e+01 | 1.062000e+02 | 212.35%| unknown
 1336s|179600 |139471 | 25474k| 141.8 |   297M | 152 | 951 |5425 |5425 |   0 |  0 |   0 |  37 | 3.400000e+01 | 1.062000e+02 | 212.35%| unknown
 1337s|179700 |139539 | 25495k| 141.9 |   297M | 152 | 951 |5425 |5425 |   0 |  0 |   0 |  37 | 3.400000e+01 | 1.062000e+02 | 212.35%| unknown
 1338s|179800 |139599 | 25515k| 141.9 |   297M | 152 | 951 |5425 |5425 |   0 |  0 |   0 |  37 | 3.400000e+01 | 1.062000e+02 | 212.35%| unknown
 time | node  | left  |LP iter|LP it/n|mem/heur|mdpt |vars |cons |rows |cuts |sepa|confs|strbr|  dualbound   | primalbound  |  gap   | compl. 
 1339s|179900 |139681 | 25538k| 142.0 |   297M | 152 | 951 |5425 |5425 |   0 |  0 |   0 |  37 | 3.400000e+01 | 1.062000e+02 | 212.35%| unknown
 1340s|180000 |139765 | 25547k| 141.9 |   297M | 152 | 951 |5425 |5425 |   0 |  0 |   0 |  37 | 3.400000e+01 | 1.062000e+02 | 212.35%| unknown
 1340s|180100 |139837 | 25565k| 141.9 |   297M | 152 | 951 |5425 |5425 |   0 |  0 |   0 |  37 | 3.400000e+01 | 1.062000e+02 | 212.35%| unknown
 1341s|180200 |139921 | 25576k| 141.9 |   298M | 152 | 951 |5425 |5425 |   0 |  0 |   0 |  37 | 3.400000e+01 | 1.062000e+02 | 212.35%| unknown
 1342s|180300 |139999 | 25592k| 141.9 |   298M | 152 | 951 |5425 |5425 |   0 |  0 |   0 |  37 | 3.400000e+01 | 1.062000e+02 | 212.35%| unknown
 1343s|180400 |140075 | 25610k| 142.0 |   298M | 152 | 951 |5425 |5425 |   0 |  0 |   0 |  37 | 3.400000e+01 | 1.062000e+02 | 212.35%| unknown
 1344s|180500 |140161 | 25626k| 142.0 |   299M | 152 | 951 |5425 |5425 |   0 |  0 |   0 |  37 | 3.400000e+01 | 1.062000e+02 | 212.35%| unknown
 1344s|180600 |140249 | 25645k| 142.0 |   299M | 152 | 951 |5425 |5425 |   0 |  0 |   0 |  37 | 3.400000e+01 | 1.062000e+02 | 212.35%| unknown
 1345s|180700 |140323 | 25664k| 142.0 |   299M | 152 | 951 |5425 |5425 |   0 |  0 |   0 |  37 | 3.400000e+01 | 1.062000e+02 | 212.35%| unknown
 1346s|180800 |140397 | 25666k| 142.0 |   299M | 152 | 951 |5425 |5425 |   0 |  0 |   0 |  37 | 3.400000e+01 | 1.062000e+02 | 212.35%| unknown
 1346s|180900 |140489 | 25667k| 141.9 |   299M | 152 | 951 |5425 |5425 |   0 |  0 |   0 |  37 | 3.400000e+01 | 1.062000e+02 | 212.35%| unknown
 1346s|181000 |140573 | 25669k| 141.8 |   299M | 152 | 951 |5425 |5425 |   0 |  0 |   0 |  37 | 3.400000e+01 | 1.062000e+02 | 212.35%| unknown
 1346s|181100 |140629 | 25670k| 141.7 |   299M | 152 | 951 |5425 |5425 |   0 |  0 |   0 |  37 | 3.400000e+01 | 1.062000e+02 | 212.35%| unknown
 1346s|181200 |140703 | 25671k| 141.7 |   299M | 152 | 951 |5425 |5425 |   0 |  0 |   0 |  37 | 3.400000e+01 | 1.062000e+02 | 212.35%| unknown
 1347s|181300 |140787 | 25680k| 141.6 |   299M | 152 | 951 |5425 |5425 |   0 |  0 |   0 |  37 | 3.400000e+01 | 1.062000e+02 | 212.35%| unknown
 time | node  | left  |LP iter|LP it/n|mem/heur|mdpt |vars |cons |rows |cuts |sepa|confs|strbr|  dualbound   | primalbound  |  gap   | compl. 
 1349s|181400 |140873 | 25718k| 141.8 |   299M | 152 | 951 |5425 |5425 |   0 |  0 |   0 |  37 | 3.400000e+01 | 1.062000e+02 | 212.35%| unknown
 1350s|181500 |140947 | 25747k| 141.9 |   299M | 152 | 951 |5425 |5425 |   0 |  0 |   0 |  37 | 3.400000e+01 | 1.062000e+02 | 212.35%| unknown
 1352s|181600 |141041 | 25788k| 142.0 |   301M | 152 | 951 |5425 |5425 |   0 |  0 |   0 |  37 | 3.400000e+01 | 1.062000e+02 | 212.35%| unknown
 1355s|181700 |141129 | 25832k| 142.2 |   301M | 152 | 951 |5425 |5425 |   0 |  0 |   0 |  37 | 3.400000e+01 | 1.062000e+02 | 212.35%| unknown
 1356s|181800 |141213 | 25858k| 142.2 |   301M | 152 | 951 |5425 |5425 |   0 |  0 |   0 |  37 | 3.400000e+01 | 1.062000e+02 | 212.35%| unknown
 1356s|181900 |141303 | 25859k| 142.2 |   301M | 152 | 951 |5425 |5425 |   0 |  0 |   0 |  37 | 3.400000e+01 | 1.062000e+02 | 212.35%| unknown
 1356s|182000 |141377 | 25861k| 142.1 |   301M | 152 | 951 |5425 |5425 |   0 |  0 |   0 |  37 | 3.400000e+01 | 1.062000e+02 | 212.35%| unknown
 1357s|182100 |141449 | 25863k| 142.0 |   301M | 152 | 951 |5425 |5425 |   0 |  0 |   0 |  37 | 3.400000e+01 | 1.062000e+02 | 212.35%| unknown
 1357s|182200 |141499 | 25865k| 142.0 |   301M | 152 | 951 |5425 |5425 |   0 |  0 |   0 |  37 | 3.400000e+01 | 1.062000e+02 | 212.35%| unknown
 1358s|182300 |141581 | 25893k| 142.0 |   301M | 152 | 951 |5425 |5425 |   0 |  0 |   0 |  37 | 3.400000e+01 | 1.062000e+02 | 212.35%| unknown
 1358s|182400 |141669 | 25896k| 142.0 |   301M | 152 | 951 |5425 |5425 |   0 |  0 |   0 |  37 | 3.400000e+01 | 1.062000e+02 | 212.35%| unknown
 1359s|182500 |141751 | 25898k| 141.9 |   301M | 152 | 951 |5425 |5425 |   0 |  0 |   0 |  37 | 3.400000e+01 | 1.062000e+02 | 212.35%| unknown
 1359s|182600 |141827 | 25899k| 141.8 |   302M | 152 | 951 |5425 |5425 |   0 |  0 |   0 |  37 | 3.400000e+01 | 1.062000e+02 | 212.35%| unknown
 1359s|182700 |141909 | 25900k| 141.8 |   302M | 152 | 951 |5425 |5425 |   0 |  0 |   0 |  37 | 3.400000e+01 | 1.062000e+02 | 212.35%| unknown
 1359s|182800 |141993 | 25902k| 141.7 |   302M | 152 | 951 |5425 |5425 |   0 |  0 |   0 |  37 | 3.400000e+01 | 1.062000e+02 | 212.35%| unknown
 time | node  | left  |LP iter|LP it/n|mem/heur|mdpt |vars |cons |rows |cuts |sepa|confs|strbr|  dualbound   | primalbound  |  gap   | compl. 
 1360s|182900 |142069 | 25931k| 141.8 |   302M | 152 | 951 |5425 |5425 |   0 |  0 |   0 |  37 | 3.400000e+01 | 1.062000e+02 | 212.35%| unknown
 1362s|183000 |142153 | 25963k| 141.9 |   302M | 152 | 951 |5425 |5425 |   0 |  0 |   0 |  37 | 3.400000e+01 | 1.062000e+02 | 212.35%| unknown
 1363s|183100 |142231 | 25973k| 141.8 |   302M | 152 | 951 |5425 |5425 |   0 |  0 |   0 |  37 | 3.400000e+01 | 1.062000e+02 | 212.35%| unknown
 1363s|183200 |142307 | 25988k| 141.9 |   302M | 152 | 951 |5425 |5425 |   0 |  0 |   0 |  37 | 3.400000e+01 | 1.062000e+02 | 212.35%| unknown
 1365s|183300 |142379 | 26017k| 141.9 |   302M | 152 | 951 |5425 |5425 |   0 |  0 |   0 |  37 | 3.400000e+01 | 1.062000e+02 | 212.35%| unknown
 1365s|183400 |142457 | 26036k| 142.0 |   302M | 152 | 951 |5425 |5425 |   0 |  0 |   0 |  37 | 3.400000e+01 | 1.062000e+02 | 212.35%| unknown
 1367s|183500 |142539 | 26059k| 142.0 |   302M | 152 | 951 |5425 |5425 |   0 |  0 |   0 |  37 | 3.400000e+01 | 1.062000e+02 | 212.35%| unknown
 1367s|183600 |142621 | 26074k| 142.0 |   303M | 152 | 951 |5425 |5425 |   0 |  0 |   0 |  37 | 3.400000e+01 | 1.062000e+02 | 212.35%| unknown
 1368s|183700 |142689 | 26079k| 142.0 |   303M | 152 | 951 |5425 |5425 |   0 |  0 |   0 |  37 | 3.400000e+01 | 1.062000e+02 | 212.35%| unknown
 1368s|183800 |142767 | 26080k| 141.9 |   303M | 152 | 951 |5425 |5425 |   0 |  0 |   0 |  37 | 3.400000e+01 | 1.062000e+02 | 212.35%| unknown
 1368s|183900 |142845 | 26082k| 141.8 |   303M | 152 | 951 |5425 |5425 |   0 |  0 |   0 |  37 | 3.400000e+01 | 1.062000e+02 | 212.35%| unknown
 1368s|184000 |142915 | 26083k| 141.8 |   303M | 152 | 951 |5425 |5425 |   0 |  0 |   0 |  37 | 3.400000e+01 | 1.062000e+02 | 212.35%| unknown
 1369s|184100 |142993 | 26091k| 141.7 |   303M | 152 | 951 |5425 |5425 |   0 |  0 |   0 |  37 | 3.400000e+01 | 1.062000e+02 | 212.35%| unknown
 1369s|184200 |143065 | 26093k| 141.7 |   303M | 152 | 951 |5425 |5425 |   0 |  0 |   0 |  37 | 3.400000e+01 | 1.062000e+02 | 212.35%| unknown
 1369s|184300 |143139 | 26095k| 141.6 |   303M | 152 | 951 |5425 |5425 |   0 |  0 |   0 |  37 | 3.400000e+01 | 1.062000e+02 | 212.35%| unknown
 time | node  | left  |LP iter|LP it/n|mem/heur|mdpt |vars |cons |rows |cuts |sepa|confs|strbr|  dualbound   | primalbound  |  gap   | compl. 
 1369s|184400 |143213 | 26099k| 141.5 |   303M | 152 | 951 |5425 |5425 |   0 |  0 |   0 |  37 | 3.400000e+01 | 1.062000e+02 | 212.35%| unknown
 1371s|184500 |143295 | 26126k| 141.6 |   303M | 152 | 951 |5425 |5425 |   0 |  0 |   0 |  37 | 3.400000e+01 | 1.062000e+02 | 212.35%| unknown
 1372s|184600 |143371 | 26150k| 141.7 |   303M | 152 | 951 |5425 |5425 |   0 |  0 |   0 |  37 | 3.400000e+01 | 1.062000e+02 | 212.35%| unknown
 1373s|184700 |143445 | 26168k| 141.7 |   305M | 152 | 951 |5425 |5425 |   0 |  0 |   0 |  37 | 3.400000e+01 | 1.062000e+02 | 212.35%| unknown
 1374s|184800 |143525 | 26182k| 141.7 |   305M | 152 | 951 |5425 |5425 |   0 |  0 |   0 |  37 | 3.400000e+01 | 1.062000e+02 | 212.35%| unknown
 1375s|184900 |143603 | 26210k| 141.8 |   305M | 152 | 951 |5425 |5425 |   0 |  0 |   0 |  37 | 3.400000e+01 | 1.062000e+02 | 212.35%| unknown
 1376s|185000 |143675 | 26230k| 141.8 |   305M | 152 | 951 |5425 |5425 |   0 |  0 |   0 |  37 | 3.400000e+01 | 1.062000e+02 | 212.35%| unknown
 1377s|185100 |143757 | 26256k| 141.8 |   305M | 152 | 951 |5425 |5425 |   0 |  0 |   0 |  37 | 3.400000e+01 | 1.062000e+02 | 212.35%| unknown
 1378s|185200 |143825 | 26277k| 141.9 |   305M | 152 | 951 |5425 |5425 |   0 |  0 |   0 |  37 | 3.400000e+01 | 1.062000e+02 | 212.35%| unknown
 1379s|185300 |143913 | 26301k| 141.9 |   305M | 152 | 951 |5425 |5425 |   0 |  0 |   0 |  37 | 3.400000e+01 | 1.062000e+02 | 212.35%| unknown
 1381s|185400 |143997 | 26321k| 142.0 |   305M | 152 | 951 |5425 |5425 |   0 |  0 |   0 |  37 | 3.400000e+01 | 1.062000e+02 | 212.35%| unknown
 1381s|185500 |144079 | 26333k| 142.0 |   305M | 152 | 951 |5425 |5425 |   0 |  0 |   0 |  37 | 3.400000e+01 | 1.062000e+02 | 212.35%| unknown
 1382s|185600 |144165 | 26354k| 142.0 |   305M | 152 | 951 |5425 |5425 |   0 |  0 |   0 |  37 | 3.400000e+01 | 1.062000e+02 | 212.35%| unknown
 1383s|185700 |144245 | 26377k| 142.0 |   306M | 152 | 951 |5425 |5425 |   0 |  0 |   0 |  37 | 3.400000e+01 | 1.062000e+02 | 212.35%| unknown
 1384s|185800 |144337 | 26382k| 142.0 |   306M | 152 | 951 |5425 |5425 |   0 |  0 |   0 |  37 | 3.400000e+01 | 1.062000e+02 | 212.35%| unknown
 time | node  | left  |LP iter|LP it/n|mem/heur|mdpt |vars |cons |rows |cuts |sepa|confs|strbr|  dualbound   | primalbound  |  gap   | compl. 
 1385s|185900 |144433 | 26412k| 142.1 |   306M | 152 | 951 |5425 |5425 |   0 |  0 |   0 |  37 | 3.400000e+01 | 1.062000e+02 | 212.35%| unknown
 1387s|186000 |144529 | 26446k| 142.2 |   307M | 152 | 951 |5425 |5425 |   0 |  0 |   0 |  37 | 3.400000e+01 | 1.062000e+02 | 212.35%| unknown
 1388s|186100 |144613 | 26476k| 142.3 |   307M | 158 | 951 |5425 |5425 |   0 |  0 |   0 |  37 | 3.400000e+01 | 1.062000e+02 | 212.35%| unknown
 1390s|186200 |144709 | 26512k| 142.4 |   307M | 158 | 951 |5425 |5425 |   0 |  0 |   0 |  37 | 3.400000e+01 | 1.062000e+02 | 212.35%| unknown
 1391s|186300 |144787 | 26530k| 142.4 |   307M | 158 | 951 |5425 |5425 |   0 |  0 |   0 |  37 | 3.400000e+01 | 1.062000e+02 | 212.35%| unknown
 1394s|186400 |144873 | 26588k| 142.6 |   307M | 158 | 951 |5425 |5425 |   0 |  0 |   0 |  37 | 3.400000e+01 | 1.062000e+02 | 212.35%| unknown
 1395s|186500 |144959 | 26621k| 142.7 |   307M | 158 | 951 |5425 |5425 |   0 |  0 |   0 |  37 | 3.400000e+01 | 1.062000e+02 | 212.35%| unknown
 1396s|186600 |145037 | 26645k| 142.8 |   307M | 158 | 951 |5425 |5425 |   0 |  0 |   0 |  37 | 3.400000e+01 | 1.062000e+02 | 212.35%| unknown
 1397s|186700 |145117 | 26666k| 142.8 |   308M | 158 | 951 |5425 |5425 |   0 |  0 |   0 |  37 | 3.400000e+01 | 1.062000e+02 | 212.35%| unknown
 1398s|186800 |145199 | 26691k| 142.9 |   308M | 158 | 951 |5425 |5425 |   0 |  0 |   0 |  37 | 3.400000e+01 | 1.062000e+02 | 212.35%| unknown
 1400s|186900 |145275 | 26715k| 142.9 |   308M | 158 | 951 |5425 |5425 |   0 |  0 |   0 |  37 | 3.400000e+01 | 1.062000e+02 | 212.35%| unknown
 1401s|187000 |145353 | 26748k| 143.0 |   308M | 158 | 951 |5425 |5425 |   0 |  0 |   0 |  37 | 3.400000e+01 | 1.062000e+02 | 212.35%| unknown
 1402s|187100 |145433 | 26773k| 143.1 |   309M | 158 | 951 |5425 |5425 |   0 |  0 |   0 |  37 | 3.400000e+01 | 1.062000e+02 | 212.35%| unknown
 1404s|187200 |145521 | 26794k| 143.1 |   309M | 158 | 951 |5425 |5425 |   0 |  0 |   0 |  37 | 3.400000e+01 | 1.062000e+02 | 212.35%| unknown
 1405s|187300 |145603 | 26825k| 143.2 |   309M | 158 | 951 |5425 |5425 |   0 |  0 |   0 |  37 | 3.400000e+01 | 1.062000e+02 | 212.35%| unknown
 time | node  | left  |LP iter|LP it/n|mem/heur|mdpt |vars |cons |rows |cuts |sepa|confs|strbr|  dualbound   | primalbound  |  gap   | compl. 
 1407s|187400 |145689 | 26857k| 143.3 |   309M | 158 | 951 |5425 |5425 |   0 |  0 |   0 |  37 | 3.400000e+01 | 1.062000e+02 | 212.35%| unknown
 1408s|187500 |145779 | 26878k| 143.3 |   309M | 158 | 951 |5425 |5425 |   0 |  0 |   0 |  37 | 3.400000e+01 | 1.062000e+02 | 212.35%| unknown
 1409s|187600 |145863 | 26904k| 143.4 |   310M | 158 | 951 |5425 |5425 |   0 |  0 |   0 |  37 | 3.400000e+01 | 1.062000e+02 | 212.35%| unknown
 1410s|187700 |145951 | 26928k| 143.5 |   310M | 158 | 951 |5425 |5425 |   0 |  0 |   0 |  37 | 3.400000e+01 | 1.062000e+02 | 212.35%| unknown
 1411s|187800 |146027 | 26955k| 143.5 |   310M | 158 | 951 |5425 |5425 |   0 |  0 |   0 |  37 | 3.400000e+01 | 1.062000e+02 | 212.35%| unknown
 1412s|187900 |146115 | 26976k| 143.6 |   310M | 158 | 951 |5425 |5425 |   0 |  0 |   0 |  37 | 3.400000e+01 | 1.062000e+02 | 212.35%| unknown
 1413s|188000 |146201 | 26993k| 143.6 |   310M | 158 | 951 |5425 |5425 |   0 |  0 |   0 |  37 | 3.400000e+01 | 1.062000e+02 | 212.35%| unknown
 1414s|188100 |146271 | 26999k| 143.5 |   310M | 158 | 951 |5425 |5425 |   0 |  0 |   0 |  37 | 3.400000e+01 | 1.062000e+02 | 212.35%| unknown
 1414s|188200 |146347 | 27001k| 143.5 |   310M | 158 | 951 |5425 |5425 |   0 |  0 |   0 |  37 | 3.400000e+01 | 1.062000e+02 | 212.35%| unknown
 1414s|188300 |146427 | 27003k| 143.4 |   310M | 158 | 951 |5425 |5425 |   0 |  0 |   0 |  37 | 3.400000e+01 | 1.062000e+02 | 212.35%| unknown
 1414s|188400 |146507 | 27004k| 143.3 |   310M | 158 | 951 |5425 |5425 |   0 |  0 |   0 |  37 | 3.400000e+01 | 1.062000e+02 | 212.35%| unknown
 1415s|188500 |146587 | 27005k| 143.3 |   310M | 158 | 951 |5425 |5425 |   0 |  0 |   0 |  37 | 3.400000e+01 | 1.062000e+02 | 212.35%| unknown
 1415s|188600 |146669 | 27007k| 143.2 |   310M | 158 | 951 |5425 |5425 |   0 |  0 |   0 |  37 | 3.400000e+01 | 1.062000e+02 | 212.35%| unknown
 1415s|188700 |146753 | 27008k| 143.1 |   311M | 158 | 951 |5425 |5425 |   0 |  0 |   0 |  37 | 3.400000e+01 | 1.062000e+02 | 212.35%| unknown
 1416s|188800 |146833 | 27022k| 143.1 |   312M | 158 | 951 |5425 |5425 |   0 |  0 |   0 |  37 | 3.400000e+01 | 1.062000e+02 | 212.35%| unknown
 time | node  | left  |LP iter|LP it/n|mem/heur|mdpt |vars |cons |rows |cuts |sepa|confs|strbr|  dualbound   | primalbound  |  gap   | compl. 
 1417s|188900 |146921 | 27052k| 143.2 |   312M | 158 | 951 |5425 |5425 |   0 |  0 |   0 |  37 | 3.400000e+01 | 1.062000e+02 | 212.35%| unknown
 1418s|189000 |147007 | 27070k| 143.2 |   312M | 158 | 951 |5425 |5425 |   0 |  0 |   0 |  37 | 3.400000e+01 | 1.062000e+02 | 212.35%| unknown
 1420s|189100 |147095 | 27101k| 143.3 |   312M | 158 | 951 |5425 |5425 |   0 |  0 |   0 |  37 | 3.400000e+01 | 1.062000e+02 | 212.35%| unknown
 1422s|189200 |147171 | 27147k| 143.5 |   312M | 158 | 951 |5425 |5425 |   0 |  0 |   0 |  37 | 3.400000e+01 | 1.062000e+02 | 212.35%| unknown
 1423s|189300 |147261 | 27171k| 143.5 |   312M | 158 | 951 |5425 |5425 |   0 |  0 |   0 |  37 | 3.400000e+01 | 1.062000e+02 | 212.35%| unknown
 1424s|189400 |147345 | 27197k| 143.6 |   312M | 158 | 951 |5425 |5425 |   0 |  0 |   0 |  37 | 3.400000e+01 | 1.062000e+02 | 212.35%| unknown
 1425s|189500 |147427 | 27215k| 143.6 |   312M | 158 | 951 |5425 |5425 |   0 |  0 |   0 |  37 | 3.400000e+01 | 1.062000e+02 | 212.35%| unknown
 1426s|189600 |147513 | 27238k| 143.7 |   313M | 158 | 951 |5425 |5425 |   0 |  0 |   0 |  37 | 3.400000e+01 | 1.062000e+02 | 212.35%| unknown
 1428s|189700 |147595 | 27270k| 143.8 |   313M | 158 | 951 |5425 |5425 |   0 |  0 |   0 |  37 | 3.400000e+01 | 1.062000e+02 | 212.35%| unknown
 1429s|189800 |147677 | 27296k| 143.8 |   313M | 158 | 951 |5425 |5425 |   0 |  0 |   0 |  37 | 3.400000e+01 | 1.062000e+02 | 212.35%| unknown
 1430s|189900 |147757 | 27318k| 143.9 |   313M | 158 | 951 |5425 |5425 |   0 |  0 |   0 |  37 | 3.400000e+01 | 1.062000e+02 | 212.35%| unknown
 1431s|190000 |147829 | 27327k| 143.8 |   313M | 158 | 951 |5425 |5425 |   0 |  0 |   0 |  37 | 3.400000e+01 | 1.062000e+02 | 212.35%| unknown
 1432s|190100 |147917 | 27346k| 143.8 |   313M | 158 | 951 |5425 |5425 |   0 |  0 |   0 |  37 | 3.400000e+01 | 1.062000e+02 | 212.35%| unknown
 1433s|190200 |148007 | 27376k| 143.9 |   313M | 158 | 951 |5425 |5425 |   0 |  0 |   0 |  37 | 3.400000e+01 | 1.062000e+02 | 212.35%| unknown
 1434s|190300 |148089 | 27393k| 143.9 |   313M | 158 | 951 |5425 |5425 |   0 |  0 |   0 |  37 | 3.400000e+01 | 1.062000e+02 | 212.35%| unknown
 time | node  | left  |LP iter|LP it/n|mem/heur|mdpt |vars |cons |rows |cuts |sepa|confs|strbr|  dualbound   | primalbound  |  gap   | compl. 
 1435s|190400 |148151 | 27414k| 144.0 |   313M | 158 | 951 |5425 |5425 |   0 |  0 |   0 |  37 | 3.400000e+01 | 1.062000e+02 | 212.35%| unknown
 1436s|190500 |148231 | 27427k| 144.0 |   313M | 158 | 951 |5425 |5425 |   0 |  0 |   0 |  37 | 3.400000e+01 | 1.062000e+02 | 212.35%| unknown
 1437s|190600 |148305 | 27449k| 144.0 |   313M | 158 | 951 |5425 |5425 |   0 |  0 |   0 |  37 | 3.400000e+01 | 1.062000e+02 | 212.35%| unknown
 1438s|190700 |148381 | 27468k| 144.0 |   314M | 158 | 951 |5425 |5425 |   0 |  0 |   0 |  37 | 3.400000e+01 | 1.062000e+02 | 212.35%| unknown
 1439s|190800 |148459 | 27487k| 144.1 |   314M | 158 | 951 |5425 |5425 |   0 |  0 |   0 |  37 | 3.400000e+01 | 1.062000e+02 | 212.35%| unknown
 1440s|190900 |148541 | 27513k| 144.1 |   314M | 158 | 951 |5425 |5425 |   0 |  0 |   0 |  37 | 3.400000e+01 | 1.062000e+02 | 212.35%| unknown
 1440s|191000 |148623 | 27526k| 144.1 |   314M | 158 | 951 |5425 |5425 |   0 |  0 |   0 |  37 | 3.400000e+01 | 1.062000e+02 | 212.35%| unknown
 1441s|191100 |148709 | 27534k| 144.1 |   314M | 158 | 951 |5425 |5425 |   0 |  0 |   0 |  37 | 3.400000e+01 | 1.062000e+02 | 212.35%| unknown
 1441s|191200 |148783 | 27537k| 144.0 |   314M | 158 | 951 |5425 |5425 |   0 |  0 |   0 |  37 | 3.400000e+01 | 1.062000e+02 | 212.35%| unknown
 1442s|191300 |148855 | 27562k| 144.1 |   314M | 158 | 951 |5425 |5425 |   0 |  0 |   0 |  37 | 3.400000e+01 | 1.062000e+02 | 212.35%| unknown
 1443s|191400 |148933 | 27577k| 144.1 |   314M | 158 | 951 |5425 |5425 |   0 |  0 |   0 |  37 | 3.400000e+01 | 1.062000e+02 | 212.35%| unknown
 1444s|191500 |149019 | 27604k| 144.1 |   314M | 158 | 951 |5425 |5425 |   0 |  0 |   0 |  37 | 3.400000e+01 | 1.062000e+02 | 212.35%| unknown
 1446s|191600 |149097 | 27628k| 144.2 |   314M | 158 | 951 |5425 |5425 |   0 |  0 |   0 |  37 | 3.400000e+01 | 1.062000e+02 | 212.35%| unknown
 1447s|191700 |149175 | 27652k| 144.2 |   317M | 158 | 951 |5425 |5425 |   0 |  0 |   0 |  37 | 3.400000e+01 | 1.062000e+02 | 212.35%| unknown
 1448s|191800 |149251 | 27670k| 144.3 |   317M | 158 | 951 |5425 |5425 |   0 |  0 |   0 |  37 | 3.400000e+01 | 1.062000e+02 | 212.35%| unknown
 time | node  | left  |LP iter|LP it/n|mem/heur|mdpt |vars |cons |rows |cuts |sepa|confs|strbr|  dualbound   | primalbound  |  gap   | compl. 
 1449s|191900 |149325 | 27693k| 144.3 |   317M | 158 | 951 |5425 |5425 |   0 |  0 |   0 |  37 | 3.400000e+01 | 1.062000e+02 | 212.35%| unknown
 1450s|192000 |149401 | 27719k| 144.4 |   317M | 158 | 951 |5425 |5425 |   0 |  0 |   0 |  37 | 3.400000e+01 | 1.062000e+02 | 212.35%| unknown
 1451s|192100 |149477 | 27738k| 144.4 |   317M | 158 | 951 |5425 |5425 |   0 |  0 |   0 |  37 | 3.400000e+01 | 1.062000e+02 | 212.35%| unknown
 1452s|192200 |149553 | 27759k| 144.4 |   317M | 158 | 951 |5425 |5425 |   0 |  0 |   0 |  37 | 3.400000e+01 | 1.062000e+02 | 212.35%| unknown
 1453s|192300 |149621 | 27782k| 144.5 |   317M | 158 | 951 |5425 |5425 |   0 |  0 |   0 |  37 | 3.400000e+01 | 1.062000e+02 | 212.35%| unknown
 1455s|192400 |149711 | 27806k| 144.5 |   317M | 158 | 951 |5425 |5425 |   0 |  0 |   0 |  37 | 3.400000e+01 | 1.062000e+02 | 212.35%| unknown
 1455s|192500 |149799 | 27825k| 144.5 |   317M | 158 | 951 |5425 |5425 |   0 |  0 |   0 |  37 | 3.400000e+01 | 1.062000e+02 | 212.35%| unknown
 1456s|192600 |149883 | 27841k| 144.6 |   317M | 158 | 951 |5425 |5425 |   0 |  0 |   0 |  37 | 3.400000e+01 | 1.062000e+02 | 212.35%| unknown
 1458s|192700 |149959 | 27874k| 144.6 |   318M | 158 | 951 |5425 |5425 |   0 |  0 |   0 |  37 | 3.400000e+01 | 1.062000e+02 | 212.35%| unknown
 1459s|192800 |150019 | 27895k| 144.7 |   318M | 158 | 951 |5425 |5425 |   0 |  0 |   0 |  37 | 3.400000e+01 | 1.062000e+02 | 212.35%| unknown
 1460s|192900 |150093 | 27909k| 144.7 |   318M | 158 | 951 |5425 |5425 |   0 |  0 |   0 |  37 | 3.400000e+01 | 1.062000e+02 | 212.35%| unknown
 1461s|193000 |150177 | 27930k| 144.7 |   318M | 158 | 951 |5425 |5425 |   0 |  0 |   0 |  37 | 3.400000e+01 | 1.062000e+02 | 212.35%| unknown
 1463s|193100 |150259 | 27955k| 144.8 |   318M | 158 | 951 |5425 |5425 |   0 |  0 |   0 |  37 | 3.400000e+01 | 1.062000e+02 | 212.35%| unknown
 1463s|193200 |150335 | 27968k| 144.8 |   318M | 158 | 951 |5425 |5425 |   0 |  0 |   0 |  37 | 3.400000e+01 | 1.062000e+02 | 212.35%| unknown
 1464s|193300 |150401 | 27974k| 144.7 |   318M | 158 | 951 |5425 |5425 |   0 |  0 |   0 |  37 | 3.400000e+01 | 1.062000e+02 | 212.35%| unknown
 time | node  | left  |LP iter|LP it/n|mem/heur|mdpt |vars |cons |rows |cuts |sepa|confs|strbr|  dualbound   | primalbound  |  gap   | compl. 
 1464s|193400 |150477 | 27984k| 144.7 |   318M | 158 | 951 |5425 |5425 |   0 |  0 |   0 |  37 | 3.400000e+01 | 1.062000e+02 | 212.35%| unknown
 1465s|193500 |150555 | 28003k| 144.7 |   318M | 158 | 951 |5425 |5425 |   0 |  0 |   0 |  37 | 3.400000e+01 | 1.062000e+02 | 212.35%| unknown
 1466s|193600 |150635 | 28017k| 144.7 |   318M | 158 | 951 |5425 |5425 |   0 |  0 |   0 |  37 | 3.400000e+01 | 1.062000e+02 | 212.35%| unknown
 1467s|193700 |150705 | 28031k| 144.7 |   318M | 158 | 951 |5425 |5425 |   0 |  0 |   0 |  37 | 3.400000e+01 | 1.062000e+02 | 212.35%| unknown
 1467s|193800 |150787 | 28038k| 144.7 |   319M | 158 | 951 |5425 |5425 |   0 |  0 |   0 |  37 | 3.400000e+01 | 1.062000e+02 | 212.35%| unknown
 1468s|193900 |150875 | 28057k| 144.7 |   319M | 158 | 951 |5425 |5425 |   0 |  0 |   0 |  37 | 3.400000e+01 | 1.062000e+02 | 212.35%| unknown
 1469s|194000 |150951 | 28078k| 144.7 |   319M | 158 | 951 |5425 |5425 |   0 |  0 |   0 |  37 | 3.400000e+01 | 1.062000e+02 | 212.35%| unknown
 1470s|194100 |151035 | 28098k| 144.8 |   319M | 158 | 951 |5425 |5425 |   0 |  0 |   0 |  37 | 3.400000e+01 | 1.062000e+02 | 212.35%| unknown
 1471s|194200 |151111 | 28130k| 144.9 |   319M | 158 | 951 |5425 |5425 |   0 |  0 |   0 |  37 | 3.400000e+01 | 1.062000e+02 | 212.35%| unknown
 1472s|194300 |151201 | 28141k| 144.8 |   319M | 158 | 951 |5425 |5425 |   0 |  0 |   0 |  37 | 3.400000e+01 | 1.062000e+02 | 212.35%| unknown
 1473s|194400 |151269 | 28162k| 144.9 |   319M | 158 | 951 |5425 |5425 |   0 |  0 |   0 |  37 | 3.400000e+01 | 1.062000e+02 | 212.35%| unknown
 1474s|194500 |151345 | 28190k| 144.9 |   319M | 158 | 951 |5425 |5425 |   0 |  0 |   0 |  37 | 3.400000e+01 | 1.062000e+02 | 212.35%| unknown
 1475s|194600 |151437 | 28202k| 144.9 |   319M | 158 | 951 |5425 |5425 |   0 |  0 |   0 |  37 | 3.400000e+01 | 1.062000e+02 | 212.35%| unknown
 1476s|194700 |151521 | 28220k| 144.9 |   320M | 158 | 951 |5425 |5425 |   0 |  0 |   0 |  37 | 3.400000e+01 | 1.062000e+02 | 212.35%| unknown
 1477s|194800 |151611 | 28244k| 145.0 |   321M | 158 | 951 |5425 |5425 |   0 |  0 |   0 |  37 | 3.400000e+01 | 1.062000e+02 | 212.35%| unknown
 time | node  | left  |LP iter|LP it/n|mem/heur|mdpt |vars |cons |rows |cuts |sepa|confs|strbr|  dualbound   | primalbound  |  gap   | compl. 
 1478s|194900 |151685 | 28269k| 145.0 |   321M | 158 | 951 |5425 |5425 |   0 |  0 |   0 |  37 | 3.400000e+01 | 1.062000e+02 | 212.35%| unknown
 1479s|195000 |151767 | 28279k| 145.0 |   321M | 158 | 951 |5425 |5425 |   0 |  0 |   0 |  37 | 3.400000e+01 | 1.062000e+02 | 212.35%| unknown
 1480s|195100 |151845 | 28303k| 145.1 |   321M | 158 | 951 |5425 |5425 |   0 |  0 |   0 |  37 | 3.400000e+01 | 1.062000e+02 | 212.35%| unknown
 1481s|195200 |151915 | 28326k| 145.1 |   321M | 158 | 951 |5425 |5425 |   0 |  0 |   0 |  37 | 3.400000e+01 | 1.062000e+02 | 212.35%| unknown
 1482s|195300 |151989 | 28350k| 145.2 |   321M | 158 | 951 |5425 |5425 |   0 |  0 |   0 |  37 | 3.400000e+01 | 1.062000e+02 | 212.35%| unknown
 1484s|195400 |152071 | 28380k| 145.2 |   321M | 158 | 951 |5425 |5425 |   0 |  0 |   0 |  37 | 3.400000e+01 | 1.062000e+02 | 212.35%| unknown
 1485s|195500 |152153 | 28404k| 145.3 |   321M | 158 | 951 |5425 |5425 |   0 |  0 |   0 |  37 | 3.400000e+01 | 1.062000e+02 | 212.35%| unknown
 1486s|195600 |152219 | 28421k| 145.3 |   321M | 158 | 951 |5425 |5425 |   0 |  0 |   0 |  37 | 3.400000e+01 | 1.062000e+02 | 212.35%| unknown
 1486s|195700 |152295 | 28422k| 145.2 |   321M | 158 | 951 |5425 |5425 |   0 |  0 |   0 |  37 | 3.400000e+01 | 1.062000e+02 | 212.35%| unknown
 1486s|195800 |152377 | 28423k| 145.2 |   321M | 158 | 951 |5425 |5425 |   0 |  0 |   0 |  37 | 3.400000e+01 | 1.062000e+02 | 212.35%| unknown
 1486s|195900 |152471 | 28425k| 145.1 |   322M | 158 | 951 |5425 |5425 |   0 |  0 |   0 |  37 | 3.400000e+01 | 1.062000e+02 | 212.35%| unknown
 1487s|196000 |152543 | 28426k| 145.0 |   322M | 158 | 951 |5425 |5425 |   0 |  0 |   0 |  37 | 3.400000e+01 | 1.062000e+02 | 212.35%| unknown
 1487s|196100 |152621 | 28428k| 145.0 |   322M | 158 | 951 |5425 |5425 |   0 |  0 |   0 |  37 | 3.400000e+01 | 1.062000e+02 | 212.35%| unknown
 1487s|196200 |152707 | 28429k| 144.9 |   322M | 158 | 951 |5425 |5425 |   0 |  0 |   0 |  37 | 3.400000e+01 | 1.062000e+02 | 212.35%| unknown
 1487s|196300 |152795 | 28431k| 144.8 |   322M | 158 | 951 |5425 |5425 |   0 |  0 |   0 |  37 | 3.400000e+01 | 1.062000e+02 | 212.35%| unknown
 time | node  | left  |LP iter|LP it/n|mem/heur|mdpt |vars |cons |rows |cuts |sepa|confs|strbr|  dualbound   | primalbound  |  gap   | compl. 
 1487s|196400 |152871 | 28432k| 144.8 |   322M | 158 | 951 |5425 |5425 |   0 |  0 |   0 |  37 | 3.400000e+01 | 1.062000e+02 | 212.35%| unknown
 1490s|196500 |152963 | 28481k| 144.9 |   322M | 158 | 951 |5425 |5425 |   0 |  0 |   0 |  37 | 3.400000e+01 | 1.062000e+02 | 212.35%| unknown
 1491s|196600 |153041 | 28504k| 145.0 |   322M | 158 | 951 |5425 |5425 |   0 |  0 |   0 |  37 | 3.400000e+01 | 1.062000e+02 | 212.35%| unknown
 1491s|196700 |153119 | 28519k| 145.0 |   322M | 158 | 951 |5425 |5425 |   0 |  0 |   0 |  37 | 3.400000e+01 | 1.062000e+02 | 212.35%| unknown
 1493s|196800 |153207 | 28540k| 145.0 |   324M | 158 | 951 |5425 |5425 |   0 |  0 |   0 |  37 | 3.400000e+01 | 1.062000e+02 | 212.35%| unknown
 1494s|196900 |153293 | 28574k| 145.1 |   324M | 158 | 951 |5425 |5425 |   0 |  0 |   0 |  37 | 3.400000e+01 | 1.062000e+02 | 212.35%| unknown
 1496s|197000 |153383 | 28602k| 145.2 |   324M | 158 | 951 |5425 |5425 |   0 |  0 |   0 |  37 | 3.400000e+01 | 1.062000e+02 | 212.35%| unknown
 1496s|197100 |153461 | 28622k| 145.2 |   324M | 158 | 951 |5425 |5425 |   0 |  0 |   0 |  37 | 3.400000e+01 | 1.062000e+02 | 212.35%| unknown
 1498s|197200 |153539 | 28648k| 145.3 |   324M | 158 | 951 |5425 |5425 |   0 |  0 |   0 |  37 | 3.400000e+01 | 1.062000e+02 | 212.35%| unknown
 1499s|197300 |153609 | 28667k| 145.3 |   324M | 158 | 951 |5425 |5425 |   0 |  0 |   0 |  37 | 3.400000e+01 | 1.062000e+02 | 212.35%| unknown
 1500s|197400 |153691 | 28692k| 145.3 |   324M | 158 | 951 |5425 |5425 |   0 |  0 |   0 |  37 | 3.400000e+01 | 1.062000e+02 | 212.35%| unknown
 1501s|197500 |153777 | 28710k| 145.4 |   325M | 158 | 951 |5425 |5425 |   0 |  0 |   0 |  37 | 3.400000e+01 | 1.062000e+02 | 212.35%| unknown
 1502s|197600 |153861 | 28727k| 145.4 |   325M | 158 | 951 |5425 |5425 |   0 |  0 |   0 |  37 | 3.400000e+01 | 1.062000e+02 | 212.35%| unknown
 1504s|197700 |153937 | 28761k| 145.5 |   325M | 158 | 951 |5425 |5425 |   0 |  0 |   0 |  37 | 3.400000e+01 | 1.062000e+02 | 212.35%| unknown
 1505s|197800 |154017 | 28785k| 145.5 |   325M | 158 | 951 |5425 |5425 |   0 |  0 |   0 |  37 | 3.400000e+01 | 1.062000e+02 | 212.35%| unknown
 time | node  | left  |LP iter|LP it/n|mem/heur|mdpt |vars |cons |rows |cuts |sepa|confs|strbr|  dualbound   | primalbound  |  gap   | compl. 
 1506s|197900 |154091 | 28814k| 145.6 |   326M | 158 | 951 |5425 |5425 |   0 |  0 |   0 |  37 | 3.400000e+01 | 1.062000e+02 | 212.35%| unknown
 1507s|198000 |154165 | 28836k| 145.6 |   326M | 158 | 951 |5425 |5425 |   0 |  0 |   0 |  37 | 3.400000e+01 | 1.062000e+02 | 212.35%| unknown
 1508s|198100 |154231 | 28850k| 145.6 |   326M | 158 | 951 |5425 |5425 |   0 |  0 |   0 |  37 | 3.400000e+01 | 1.062000e+02 | 212.35%| unknown
 1509s|198200 |154305 | 28874k| 145.7 |   327M | 158 | 951 |5425 |5425 |   0 |  0 |   0 |  37 | 3.400000e+01 | 1.062000e+02 | 212.35%| unknown
 1510s|198300 |154373 | 28893k| 145.7 |   327M | 158 | 951 |5425 |5425 |   0 |  0 |   0 |  37 | 3.400000e+01 | 1.062000e+02 | 212.35%| unknown
 1511s|198400 |154455 | 28913k| 145.7 |   327M | 158 | 951 |5425 |5425 |   0 |  0 |   0 |  37 | 3.400000e+01 | 1.062000e+02 | 212.35%| unknown
 1512s|198500 |154535 | 28927k| 145.7 |   327M | 158 | 951 |5425 |5425 |   0 |  0 |   0 |  37 | 3.400000e+01 | 1.062000e+02 | 212.35%| unknown
 1513s|198600 |154619 | 28955k| 145.8 |   327M | 158 | 951 |5425 |5425 |   0 |  0 |   0 |  37 | 3.400000e+01 | 1.062000e+02 | 212.35%| unknown
 1514s|198700 |154703 | 28970k| 145.8 |   327M | 158 | 951 |5425 |5425 |   0 |  0 |   0 |  37 | 3.400000e+01 | 1.062000e+02 | 212.35%| unknown
 1514s|198800 |154787 | 28983k| 145.8 |   327M | 158 | 951 |5425 |5425 |   0 |  0 |   0 |  37 | 3.400000e+01 | 1.062000e+02 | 212.35%| unknown
 1515s|198900 |154867 | 28986k| 145.7 |   328M | 158 | 951 |5425 |5425 |   0 |  0 |   0 |  37 | 3.400000e+01 | 1.062000e+02 | 212.35%| unknown
 1515s|199000 |154947 | 28987k| 145.7 |   328M | 158 | 951 |5425 |5425 |   0 |  0 |   0 |  37 | 3.400000e+01 | 1.062000e+02 | 212.35%| unknown
 1515s|199100 |155029 | 29001k| 145.7 |   328M | 158 | 951 |5425 |5425 |   0 |  0 |   0 |  37 | 3.400000e+01 | 1.062000e+02 | 212.35%| unknown
 1516s|199200 |155107 | 29014k| 145.6 |   328M | 158 | 951 |5425 |5425 |   0 |  0 |   0 |  37 | 3.400000e+01 | 1.062000e+02 | 212.35%| unknown
 1518s|199300 |155179 | 29043k| 145.7 |   328M | 158 | 951 |5425 |5425 |   0 |  0 |   0 |  37 | 3.400000e+01 | 1.062000e+02 | 212.35%| unknown
 time | node  | left  |LP iter|LP it/n|mem/heur|mdpt |vars |cons |rows |cuts |sepa|confs|strbr|  dualbound   | primalbound  |  gap   | compl. 
 1518s|199400 |155259 | 29050k| 145.7 |   328M | 158 | 951 |5425 |5425 |   0 |  0 |   0 |  37 | 3.400000e+01 | 1.062000e+02 | 212.35%| unknown
 1519s|199500 |155345 | 29064k| 145.7 |   328M | 158 | 951 |5425 |5425 |   0 |  0 |   0 |  37 | 3.400000e+01 | 1.062000e+02 | 212.35%| unknown
 1520s|199600 |155433 | 29081k| 145.7 |   328M | 158 | 951 |5425 |5425 |   0 |  0 |   0 |  37 | 3.400000e+01 | 1.062000e+02 | 212.35%| unknown
 1520s|199700 |155511 | 29100k| 145.7 |   328M | 158 | 951 |5425 |5425 |   0 |  0 |   0 |  37 | 3.400000e+01 | 1.062000e+02 | 212.35%| unknown
 1522s|199800 |155601 | 29124k| 145.8 |   328M | 158 | 951 |5425 |5425 |   0 |  0 |   0 |  37 | 3.400000e+01 | 1.062000e+02 | 212.35%| unknown
 1523s|199900 |155677 | 29149k| 145.8 |   329M | 158 | 951 |5425 |5425 |   0 |  0 |   0 |  37 | 3.400000e+01 | 1.062000e+02 | 212.35%| unknown
 1524s|200000 |155745 | 29176k| 145.9 |   329M | 158 | 951 |5425 |5425 |   0 |  0 |   0 |  37 | 3.400000e+01 | 1.062000e+02 | 212.35%| unknown
 1526s|200100 |155821 | 29208k| 146.0 |   329M | 158 | 951 |5425 |5425 |   0 |  0 |   0 |  37 | 3.400000e+01 | 1.062000e+02 | 212.35%| unknown
 1527s|200200 |155893 | 29228k| 146.0 |   329M | 158 | 951 |5425 |5425 |   0 |  0 |   0 |  37 | 3.400000e+01 | 1.062000e+02 | 212.35%| unknown
 1528s|200300 |155971 | 29255k| 146.1 |   329M | 158 | 951 |5425 |5425 |   0 |  0 |   0 |  37 | 3.400000e+01 | 1.062000e+02 | 212.35%| unknown
 1530s|200400 |156045 | 29282k| 146.1 |   329M | 158 | 951 |5425 |5425 |   0 |  0 |   0 |  37 | 3.400000e+01 | 1.062000e+02 | 212.35%| unknown
 1530s|200500 |156115 | 29287k| 146.1 |   329M | 158 | 951 |5425 |5425 |   0 |  0 |   0 |  37 | 3.400000e+01 | 1.062000e+02 | 212.35%| unknown
 1530s|200600 |156185 | 29288k| 146.0 |   329M | 158 | 951 |5425 |5425 |   0 |  0 |   0 |  37 | 3.400000e+01 | 1.062000e+02 | 212.35%| unknown
 1530s|200700 |156249 | 29289k| 145.9 |   329M | 158 | 951 |5425 |5425 |   0 |  0 |   0 |  37 | 3.400000e+01 | 1.062000e+02 | 212.35%| unknown
 1531s|200800 |156313 | 29302k| 145.9 |   329M | 158 | 951 |5425 |5425 |   0 |  0 |   0 |  37 | 3.400000e+01 | 1.062000e+02 | 212.35%| unknown
 time | node  | left  |LP iter|LP it/n|mem/heur|mdpt |vars |cons |rows |cuts |sepa|confs|strbr|  dualbound   | primalbound  |  gap   | compl. 
 1532s|200900 |156397 | 29327k| 146.0 |   329M | 158 | 951 |5425 |5425 |   0 |  0 |   0 |  37 | 3.400000e+01 | 1.062000e+02 | 212.35%| unknown
 1533s|201000 |156479 | 29341k| 146.0 |   330M | 158 | 951 |5425 |5425 |   0 |  0 |   0 |  37 | 3.400000e+01 | 1.062000e+02 | 212.35%| unknown
 1534s|201100 |156555 | 29361k| 146.0 |   330M | 158 | 951 |5425 |5425 |   0 |  0 |   0 |  37 | 3.400000e+01 | 1.062000e+02 | 212.35%| unknown
 1535s|201200 |156639 | 29380k| 146.0 |   330M | 158 | 951 |5425 |5425 |   0 |  0 |   0 |  37 | 3.400000e+01 | 1.062000e+02 | 212.35%| unknown
 1536s|201300 |156731 | 29397k| 146.0 |   330M | 158 | 951 |5425 |5425 |   0 |  0 |   0 |  37 | 3.400000e+01 | 1.062000e+02 | 212.35%| unknown
 1537s|201400 |156805 | 29420k| 146.1 |   330M | 158 | 951 |5425 |5425 |   0 |  0 |   0 |  37 | 3.400000e+01 | 1.062000e+02 | 212.35%| unknown
 1538s|201500 |156883 | 29436k| 146.1 |   330M | 158 | 951 |5425 |5425 |   0 |  0 |   0 |  37 | 3.400000e+01 | 1.062000e+02 | 212.35%| unknown
 1539s|201600 |156959 | 29451k| 146.1 |   330M | 158 | 951 |5425 |5425 |   0 |  0 |   0 |  37 | 3.400000e+01 | 1.062000e+02 | 212.35%| unknown
 1540s|201700 |157041 | 29471k| 146.1 |   331M | 158 | 951 |5425 |5425 |   0 |  0 |   0 |  37 | 3.400000e+01 | 1.062000e+02 | 212.35%| unknown
 1541s|201800 |157121 | 29496k| 146.2 |   331M | 158 | 951 |5425 |5425 |   0 |  0 |   0 |  37 | 3.400000e+01 | 1.062000e+02 | 212.35%| unknown
 1542s|201900 |157195 | 29517k| 146.2 |   331M | 158 | 951 |5425 |5425 |   0 |  0 |   0 |  37 | 3.400000e+01 | 1.062000e+02 | 212.35%| unknown
 1543s|202000 |157277 | 29537k| 146.2 |   331M | 158 | 951 |5425 |5425 |   0 |  0 |   0 |  37 | 3.400000e+01 | 1.062000e+02 | 212.35%| unknown
 1544s|202100 |157365 | 29555k| 146.2 |   332M | 158 | 951 |5425 |5425 |   0 |  0 |   0 |  37 | 3.400000e+01 | 1.062000e+02 | 212.35%| unknown
 1545s|202200 |157441 | 29576k| 146.3 |   332M | 158 | 951 |5425 |5425 |   0 |  0 |   0 |  37 | 3.400000e+01 | 1.062000e+02 | 212.35%| unknown
 1547s|202300 |157525 | 29604k| 146.3 |   332M | 158 | 951 |5425 |5425 |   0 |  0 |   0 |  37 | 3.400000e+01 | 1.062000e+02 | 212.35%| unknown
 time | node  | left  |LP iter|LP it/n|mem/heur|mdpt |vars |cons |rows |cuts |sepa|confs|strbr|  dualbound   | primalbound  |  gap   | compl. 
 1548s|202400 |157597 | 29641k| 146.4 |   332M | 158 | 951 |5425 |5425 |   0 |  0 |   0 |  37 | 3.400000e+01 | 1.062000e+02 | 212.35%| unknown
 1549s|202500 |157683 | 29651k| 146.4 |   332M | 158 | 951 |5425 |5425 |   0 |  0 |   0 |  37 | 3.400000e+01 | 1.062000e+02 | 212.35%| unknown
 1549s|202600 |157753 | 29653k| 146.4 |   332M | 158 | 951 |5425 |5425 |   0 |  0 |   0 |  37 | 3.400000e+01 | 1.062000e+02 | 212.35%| unknown
 1549s|202700 |157819 | 29654k| 146.3 |   332M | 158 | 951 |5425 |5425 |   0 |  0 |   0 |  37 | 3.400000e+01 | 1.062000e+02 | 212.35%| unknown
 1549s|202800 |157891 | 29655k| 146.2 |   332M | 158 | 951 |5425 |5425 |   0 |  0 |   0 |  37 | 3.400000e+01 | 1.062000e+02 | 212.35%| unknown
 1550s|202900 |157961 | 29657k| 146.2 |   332M | 158 | 951 |5425 |5425 |   0 |  0 |   0 |  37 | 3.400000e+01 | 1.062000e+02 | 212.35%| unknown
 1551s|203000 |158049 | 29683k| 146.2 |   332M | 158 | 951 |5425 |5425 |   0 |  0 |   0 |  37 | 3.400000e+01 | 1.062000e+02 | 212.35%| unknown
 1552s|203100 |158139 | 29696k| 146.2 |   333M | 158 | 951 |5425 |5425 |   0 |  0 |   0 |  37 | 3.400000e+01 | 1.062000e+02 | 212.35%| unknown
 1553s|203200 |158215 | 29718k| 146.2 |   333M | 158 | 951 |5425 |5425 |   0 |  0 |   0 |  37 | 3.400000e+01 | 1.062000e+02 | 212.35%| unknown
 1554s|203300 |158293 | 29737k| 146.3 |   333M | 158 | 951 |5425 |5425 |   0 |  0 |   0 |  37 | 3.400000e+01 | 1.062000e+02 | 212.35%| unknown
 1555s|203400 |158375 | 29755k| 146.3 |   333M | 158 | 951 |5425 |5425 |   0 |  0 |   0 |  37 | 3.400000e+01 | 1.062000e+02 | 212.35%| unknown
 1556s|203500 |158455 | 29780k| 146.3 |   334M | 158 | 951 |5425 |5425 |   0 |  0 |   0 |  37 | 3.400000e+01 | 1.062000e+02 | 212.35%| unknown
 1557s|203600 |158531 | 29811k| 146.4 |   334M | 158 | 951 |5425 |5425 |   0 |  0 |   0 |  37 | 3.400000e+01 | 1.062000e+02 | 212.35%| unknown
 1558s|203700 |158619 | 29834k| 146.5 |   334M | 158 | 951 |5425 |5425 |   0 |  0 |   0 |  37 | 3.400000e+01 | 1.062000e+02 | 212.35%| unknown
 1559s|203800 |158687 | 29856k| 146.5 |   334M | 158 | 951 |5425 |5425 |   0 |  0 |   0 |  37 | 3.400000e+01 | 1.062000e+02 | 212.35%| unknown
 time | node  | left  |LP iter|LP it/n|mem/heur|mdpt |vars |cons |rows |cuts |sepa|confs|strbr|  dualbound   | primalbound  |  gap   | compl. 
 1561s|203900 |158773 | 29882k| 146.6 |   334M | 158 | 951 |5425 |5425 |   0 |  0 |   0 |  37 | 3.400000e+01 | 1.062000e+02 | 212.35%| unknown
 1561s|204000 |158857 | 29897k| 146.6 |   334M | 158 | 951 |5425 |5425 |   0 |  0 |   0 |  37 | 3.400000e+01 | 1.062000e+02 | 212.35%| unknown
 1562s|204100 |158937 | 29907k| 146.5 |   335M | 158 | 951 |5425 |5425 |   0 |  0 |   0 |  37 | 3.400000e+01 | 1.062000e+02 | 212.35%| unknown
 1563s|204200 |159001 | 29931k| 146.6 |   335M | 158 | 951 |5425 |5425 |   0 |  0 |   0 |  37 | 3.400000e+01 | 1.062000e+02 | 212.35%| unknown
 1564s|204300 |159087 | 29953k| 146.6 |   335M | 158 | 951 |5425 |5425 |   0 |  0 |   0 |  37 | 3.400000e+01 | 1.062000e+02 | 212.35%| unknown
 1565s|204400 |159161 | 29968k| 146.6 |   335M | 158 | 951 |5425 |5425 |   0 |  0 |   0 |  37 | 3.400000e+01 | 1.062000e+02 | 212.35%| unknown
 1566s|204500 |159249 | 29991k| 146.7 |   336M | 158 | 951 |5425 |5425 |   0 |  0 |   0 |  37 | 3.400000e+01 | 1.062000e+02 | 212.35%| unknown
 1567s|204600 |159317 | 30008k| 146.7 |   336M | 158 | 951 |5425 |5425 |   0 |  0 |   0 |  37 | 3.400000e+01 | 1.062000e+02 | 212.35%| unknown
 1568s|204700 |159389 | 30024k| 146.7 |   336M | 158 | 951 |5425 |5425 |   0 |  0 |   0 |  37 | 3.400000e+01 | 1.062000e+02 | 212.35%| unknown
 1569s|204800 |159471 | 30046k| 146.7 |   336M | 158 | 951 |5425 |5425 |   0 |  0 |   0 |  37 | 3.400000e+01 | 1.062000e+02 | 212.35%| unknown
 1569s|204900 |159563 | 30059k| 146.7 |   336M | 158 | 951 |5425 |5425 |   0 |  0 |   0 |  37 | 3.400000e+01 | 1.062000e+02 | 212.35%| unknown
 1570s|205000 |159643 | 30061k| 146.6 |   336M | 158 | 951 |5425 |5425 |   0 |  0 |   0 |  37 | 3.400000e+01 | 1.062000e+02 | 212.35%| unknown
 1570s|205100 |159721 | 30063k| 146.6 |   336M | 158 | 951 |5425 |5425 |   0 |  0 |   0 |  37 | 3.400000e+01 | 1.062000e+02 | 212.35%| unknown
 1571s|205200 |159801 | 30087k| 146.6 |   337M | 158 | 951 |5425 |5425 |   0 |  0 |   0 |  37 | 3.400000e+01 | 1.062000e+02 | 212.35%| unknown
 1572s|205300 |159887 | 30108k| 146.6 |   337M | 158 | 951 |5425 |5425 |   0 |  0 |   0 |  37 | 3.400000e+01 | 1.062000e+02 | 212.35%| unknown
 time | node  | left  |LP iter|LP it/n|mem/heur|mdpt |vars |cons |rows |cuts |sepa|confs|strbr|  dualbound   | primalbound  |  gap   | compl. 
 1573s|205400 |159967 | 30123k| 146.7 |   337M | 158 | 951 |5425 |5425 |   0 |  0 |   0 |  37 | 3.400000e+01 | 1.062000e+02 | 212.35%| unknown
 1574s|205500 |160047 | 30138k| 146.7 |   337M | 158 | 951 |5425 |5425 |   0 |  0 |   0 |  37 | 3.400000e+01 | 1.062000e+02 | 212.35%| unknown
 1575s|205600 |160101 | 30171k| 146.7 |   337M | 158 | 951 |5425 |5425 |   0 |  0 |   0 |  37 | 3.400000e+01 | 1.062000e+02 | 212.35%| unknown
 1577s|205700 |160191 | 30202k| 146.8 |   337M | 158 | 951 |5425 |5425 |   0 |  0 |   0 |  37 | 3.400000e+01 | 1.062000e+02 | 212.35%| unknown
 1578s|205800 |160273 | 30221k| 146.8 |   337M | 158 | 951 |5425 |5425 |   0 |  0 |   0 |  37 | 3.400000e+01 | 1.062000e+02 | 212.35%| unknown
 1578s|205900 |160351 | 30239k| 146.9 |   337M | 158 | 951 |5425 |5425 |   0 |  0 |   0 |  37 | 3.400000e+01 | 1.062000e+02 | 212.35%| unknown
 1579s|206000 |160429 | 30254k| 146.9 |   337M | 158 | 951 |5425 |5425 |   0 |  0 |   0 |  37 | 3.400000e+01 | 1.062000e+02 | 212.35%| unknown
 1580s|206100 |160505 | 30272k| 146.9 |   337M | 158 | 951 |5425 |5425 |   0 |  0 |   0 |  37 | 3.400000e+01 | 1.062000e+02 | 212.35%| unknown
 1581s|206200 |160573 | 30286k| 146.9 |   338M | 158 | 951 |5425 |5425 |   0 |  0 |   0 |  37 | 3.400000e+01 | 1.062000e+02 | 212.35%| unknown
 1581s|206300 |160649 | 30290k| 146.8 |   338M | 158 | 951 |5425 |5425 |   0 |  0 |   0 |  37 | 3.400000e+01 | 1.062000e+02 | 212.35%| unknown
 1582s|206400 |160723 | 30301k| 146.8 |   338M | 158 | 951 |5425 |5425 |   0 |  0 |   0 |  37 | 3.400000e+01 | 1.062000e+02 | 212.35%| unknown
 1582s|206500 |160803 | 30309k| 146.8 |   338M | 158 | 951 |5425 |5425 |   0 |  0 |   0 |  37 | 3.400000e+01 | 1.062000e+02 | 212.35%| unknown
 1583s|206600 |160885 | 30328k| 146.8 |   339M | 158 | 951 |5425 |5425 |   0 |  0 |   0 |  37 | 3.400000e+01 | 1.062000e+02 | 212.35%| unknown
 1585s|206700 |160957 | 30363k| 146.9 |   339M | 158 | 951 |5425 |5425 |   0 |  0 |   0 |  37 | 3.400000e+01 | 1.062000e+02 | 212.35%| unknown
 1586s|206800 |161027 | 30389k| 146.9 |   339M | 158 | 951 |5425 |5425 |   0 |  0 |   0 |  37 | 3.400000e+01 | 1.062000e+02 | 212.35%| unknown
 time | node  | left  |LP iter|LP it/n|mem/heur|mdpt |vars |cons |rows |cuts |sepa|confs|strbr|  dualbound   | primalbound  |  gap   | compl. 
 1586s|206900 |161099 | 30392k| 146.9 |   339M | 158 | 951 |5425 |5425 |   0 |  0 |   0 |  37 | 3.400000e+01 | 1.062000e+02 | 212.35%| unknown
 1587s|207000 |161165 | 30394k| 146.8 |   339M | 158 | 951 |5425 |5425 |   0 |  0 |   0 |  37 | 3.400000e+01 | 1.062000e+02 | 212.35%| unknown
 1587s|207100 |161245 | 30402k| 146.8 |   339M | 158 | 951 |5425 |5425 |   0 |  0 |   0 |  37 | 3.400000e+01 | 1.062000e+02 | 212.35%| unknown
 1588s|207200 |161327 | 30419k| 146.8 |   339M | 158 | 951 |5425 |5425 |   0 |  0 |   0 |  37 | 3.400000e+01 | 1.062000e+02 | 212.35%| unknown
 1589s|207300 |161415 | 30446k| 146.9 |   340M | 158 | 951 |5425 |5425 |   0 |  0 |   0 |  37 | 3.400000e+01 | 1.062000e+02 | 212.35%| unknown
 1590s|207400 |161491 | 30468k| 146.9 |   340M | 158 | 951 |5425 |5425 |   0 |  0 |   0 |  37 | 3.400000e+01 | 1.062000e+02 | 212.35%| unknown
 1591s|207500 |161567 | 30483k| 146.9 |   340M | 158 | 951 |5425 |5425 |   0 |  0 |   0 |  37 | 3.400000e+01 | 1.062000e+02 | 212.35%| unknown
 1591s|207600 |161641 | 30484k| 146.8 |   340M | 158 | 951 |5425 |5425 |   0 |  0 |   0 |  37 | 3.400000e+01 | 1.062000e+02 | 212.35%| unknown
 1591s|207700 |161715 | 30486k| 146.8 |   340M | 158 | 951 |5425 |5425 |   0 |  0 |   0 |  37 | 3.400000e+01 | 1.062000e+02 | 212.35%| unknown
 1592s|207800 |161783 | 30487k| 146.7 |   340M | 158 | 951 |5425 |5425 |   0 |  0 |   0 |  37 | 3.400000e+01 | 1.062000e+02 | 212.35%| unknown
 1592s|207900 |161863 | 30489k| 146.6 |   340M | 158 | 951 |5425 |5425 |   0 |  0 |   0 |  37 | 3.400000e+01 | 1.062000e+02 | 212.35%| unknown
 1592s|208000 |161935 | 30490k| 146.6 |   340M | 158 | 951 |5425 |5425 |   0 |  0 |   0 |  37 | 3.400000e+01 | 1.062000e+02 | 212.35%| unknown
 1592s|208100 |162003 | 30491k| 146.5 |   340M | 158 | 951 |5425 |5425 |   0 |  0 |   0 |  37 | 3.400000e+01 | 1.062000e+02 | 212.35%| unknown
 1592s|208200 |162073 | 30493k| 146.5 |   340M | 158 | 951 |5425 |5425 |   0 |  0 |   0 |  37 | 3.400000e+01 | 1.062000e+02 | 212.35%| unknown
 1593s|208300 |162145 | 30494k| 146.4 |   340M | 158 | 951 |5425 |5425 |   0 |  0 |   0 |  37 | 3.400000e+01 | 1.062000e+02 | 212.35%| unknown
 time | node  | left  |LP iter|LP it/n|mem/heur|mdpt |vars |cons |rows |cuts |sepa|confs|strbr|  dualbound   | primalbound  |  gap   | compl. 
 1593s|208400 |162209 | 30495k| 146.3 |   341M | 158 | 951 |5425 |5425 |   0 |  0 |   0 |  37 | 3.400000e+01 | 1.062000e+02 | 212.35%| unknown
 1593s|208500 |162289 | 30497k| 146.3 |   341M | 158 | 951 |5425 |5425 |   0 |  0 |   0 |  37 | 3.400000e+01 | 1.062000e+02 | 212.35%| unknown
 1593s|208600 |162361 | 30498k| 146.2 |   341M | 158 | 951 |5425 |5425 |   0 |  0 |   0 |  37 | 3.400000e+01 | 1.062000e+02 | 212.35%| unknown
 1594s|208700 |162439 | 30517k| 146.2 |   341M | 158 | 951 |5425 |5425 |   0 |  0 |   0 |  37 | 3.400000e+01 | 1.062000e+02 | 212.35%| unknown
 1595s|208800 |162515 | 30535k| 146.2 |   341M | 158 | 951 |5425 |5425 |   0 |  0 |   0 |  37 | 3.400000e+01 | 1.062000e+02 | 212.35%| unknown
 1596s|208900 |162585 | 30563k| 146.3 |   341M | 158 | 951 |5425 |5425 |   0 |  0 |   0 |  37 | 3.400000e+01 | 1.062000e+02 | 212.35%| unknown
 1597s|209000 |162663 | 30577k| 146.3 |   341M | 158 | 951 |5425 |5425 |   0 |  0 |   0 |  37 | 3.400000e+01 | 1.062000e+02 | 212.35%| unknown
 1598s|209100 |162737 | 30602k| 146.3 |   342M | 158 | 951 |5425 |5425 |   0 |  0 |   0 |  37 | 3.400000e+01 | 1.062000e+02 | 212.35%| unknown
 1599s|209200 |162825 | 30621k| 146.4 |   342M | 158 | 951 |5425 |5425 |   0 |  0 |   0 |  37 | 3.400000e+01 | 1.062000e+02 | 212.35%| unknown
 1600s|209300 |162901 | 30639k| 146.4 |   342M | 158 | 951 |5425 |5425 |   0 |  0 |   0 |  37 | 3.400000e+01 | 1.062000e+02 | 212.35%| unknown
 1601s|209400 |162973 | 30656k| 146.4 |   342M | 158 | 951 |5425 |5425 |   0 |  0 |   0 |  37 | 3.400000e+01 | 1.062000e+02 | 212.35%| unknown
 1602s|209500 |163045 | 30671k| 146.4 |   344M | 158 | 951 |5425 |5425 |   0 |  0 |   0 |  37 | 3.400000e+01 | 1.062000e+02 | 212.35%| unknown
 1603s|209600 |163119 | 30691k| 146.4 |   344M | 158 | 951 |5425 |5425 |   0 |  0 |   0 |  37 | 3.400000e+01 | 1.062000e+02 | 212.35%| unknown
 1604s|209700 |163191 | 30712k| 146.5 |   344M | 158 | 951 |5425 |5425 |   0 |  0 |   0 |  37 | 3.400000e+01 | 1.062000e+02 | 212.35%| unknown
 1604s|209800 |163275 | 30727k| 146.5 |   344M | 158 | 951 |5425 |5425 |   0 |  0 |   0 |  37 | 3.400000e+01 | 1.062000e+02 | 212.35%| unknown
 time | node  | left  |LP iter|LP it/n|mem/heur|mdpt |vars |cons |rows |cuts |sepa|confs|strbr|  dualbound   | primalbound  |  gap   | compl. 
 1605s|209900 |163351 | 30728k| 146.4 |   344M | 158 | 951 |5425 |5425 |   0 |  0 |   0 |  37 | 3.400000e+01 | 1.062000e+02 | 212.35%| unknown
 1605s|210000 |163421 | 30739k| 146.4 |   344M | 158 | 951 |5425 |5425 |   0 |  0 |   0 |  37 | 3.400000e+01 | 1.062000e+02 | 212.35%| unknown
 1606s|210100 |163499 | 30760k| 146.4 |   344M | 158 | 951 |5425 |5425 |   0 |  0 |   0 |  37 | 3.400000e+01 | 1.062000e+02 | 212.35%| unknown
 1607s|210200 |163585 | 30779k| 146.4 |   344M | 158 | 951 |5425 |5425 |   0 |  0 |   0 |  37 | 3.400000e+01 | 1.062000e+02 | 212.35%| unknown
 1608s|210300 |163667 | 30800k| 146.5 |   344M | 158 | 951 |5425 |5425 |   0 |  0 |   0 |  37 | 3.400000e+01 | 1.062000e+02 | 212.35%| unknown
 1610s|210400 |163751 | 30826k| 146.5 |   344M | 158 | 951 |5425 |5425 |   0 |  0 |   0 |  37 | 3.400000e+01 | 1.062000e+02 | 212.35%| unknown
 1610s|210500 |163815 | 30845k| 146.5 |   344M | 158 | 951 |5425 |5425 |   0 |  0 |   0 |  37 | 3.400000e+01 | 1.062000e+02 | 212.35%| unknown
 1611s|210600 |163901 | 30866k| 146.6 |   345M | 158 | 951 |5425 |5425 |   0 |  0 |   0 |  37 | 3.400000e+01 | 1.062000e+02 | 212.35%| unknown
 1613s|210700 |163973 | 30894k| 146.6 |   345M | 158 | 951 |5425 |5425 |   0 |  0 |   0 |  37 | 3.400000e+01 | 1.062000e+02 | 212.35%| unknown
 1615s|210800 |164045 | 30930k| 146.7 |   345M | 158 | 951 |5425 |5425 |   0 |  0 |   0 |  37 | 3.400000e+01 | 1.062000e+02 | 212.35%| unknown
 1616s|210900 |164115 | 30951k| 146.8 |   345M | 158 | 951 |5425 |5425 |   0 |  0 |   0 |  37 | 3.400000e+01 | 1.062000e+02 | 212.35%| unknown
 1617s|211000 |164185 | 30978k| 146.8 |   345M | 158 | 951 |5425 |5425 |   0 |  0 |   0 |  37 | 3.400000e+01 | 1.062000e+02 | 212.35%| unknown
 1618s|211100 |164257 | 31008k| 146.9 |   345M | 158 | 951 |5425 |5425 |   0 |  0 |   0 |  37 | 3.400000e+01 | 1.062000e+02 | 212.35%| unknown
 1620s|211200 |164325 | 31031k| 146.9 |   345M | 158 | 951 |5425 |5425 |   0 |  0 |   0 |  37 | 3.400000e+01 | 1.062000e+02 | 212.35%| unknown
 1620s|211300 |164401 | 31032k| 146.9 |   345M | 158 | 951 |5425 |5425 |   0 |  0 |   0 |  37 | 3.400000e+01 | 1.062000e+02 | 212.35%| unknown
 time | node  | left  |LP iter|LP it/n|mem/heur|mdpt |vars |cons |rows |cuts |sepa|confs|strbr|  dualbound   | primalbound  |  gap   | compl. 
 1620s|211400 |164483 | 31044k| 146.8 |   345M | 158 | 951 |5425 |5425 |   0 |  0 |   0 |  37 | 3.400000e+01 | 1.062000e+02 | 212.35%| unknown
 1622s|211500 |164567 | 31071k| 146.9 |   345M | 158 | 951 |5425 |5425 |   0 |  0 |   0 |  37 | 3.400000e+01 | 1.062000e+02 | 212.35%| unknown
 1623s|211600 |164647 | 31092k| 146.9 |   346M | 158 | 951 |5425 |5425 |   0 |  0 |   0 |  37 | 3.400000e+01 | 1.062000e+02 | 212.35%| unknown
 1624s|211700 |164725 | 31110k| 147.0 |   347M | 158 | 951 |5425 |5425 |   0 |  0 |   0 |  37 | 3.400000e+01 | 1.062000e+02 | 212.35%| unknown
 1626s|211800 |164801 | 31152k| 147.1 |   347M | 158 | 951 |5425 |5425 |   0 |  0 |   0 |  37 | 3.400000e+01 | 1.062000e+02 | 212.35%| unknown
 1626s|211900 |164883 | 31160k| 147.0 |   347M | 158 | 951 |5425 |5425 |   0 |  0 |   0 |  37 | 3.400000e+01 | 1.062000e+02 | 212.35%| unknown
 1628s|212000 |164961 | 31205k| 147.2 |   347M | 158 | 951 |5425 |5425 |   0 |  0 |   0 |  37 | 3.400000e+01 | 1.062000e+02 | 212.35%| unknown
 1629s|212100 |165039 | 31233k| 147.3 |   347M | 158 | 951 |5425 |5425 |   0 |  0 |   0 |  37 | 3.400000e+01 | 1.062000e+02 | 212.35%| unknown
 1631s|212200 |165113 | 31258k| 147.3 |   347M | 158 | 951 |5425 |5425 |   0 |  0 |   0 |  37 | 3.400000e+01 | 1.062000e+02 | 212.35%| unknown
 1631s|212300 |165199 | 31270k| 147.3 |   347M | 158 | 951 |5425 |5425 |   0 |  0 |   0 |  37 | 3.400000e+01 | 1.062000e+02 | 212.35%| unknown
 1632s|212400 |165265 | 31293k| 147.3 |   347M | 158 | 951 |5425 |5425 |   0 |  0 |   0 |  37 | 3.400000e+01 | 1.062000e+02 | 212.35%| unknown
 1633s|212500 |165329 | 31312k| 147.4 |   347M | 158 | 951 |5425 |5425 |   0 |  0 |   0 |  37 | 3.400000e+01 | 1.062000e+02 | 212.35%| unknown
 1634s|212600 |165403 | 31330k| 147.4 |   347M | 158 | 951 |5425 |5425 |   0 |  0 |   0 |  37 | 3.400000e+01 | 1.062000e+02 | 212.35%| unknown
 1635s|212700 |165483 | 31349k| 147.4 |   348M | 158 | 951 |5425 |5425 |   0 |  0 |   0 |  37 | 3.400000e+01 | 1.062000e+02 | 212.35%| unknown
 1636s|212800 |165575 | 31371k| 147.4 |   348M | 158 | 951 |5425 |5425 |   0 |  0 |   0 |  37 | 3.400000e+01 | 1.062000e+02 | 212.35%| unknown
 time | node  | left  |LP iter|LP it/n|mem/heur|mdpt |vars |cons |rows |cuts |sepa|confs|strbr|  dualbound   | primalbound  |  gap   | compl. 
 1638s|212900 |165657 | 31410k| 147.5 |   348M | 158 | 951 |5425 |5425 |   0 |  0 |   0 |  37 | 3.400000e+01 | 1.062000e+02 | 212.35%| unknown
 1639s|213000 |165737 | 31431k| 147.6 |   348M | 158 | 951 |5425 |5425 |   0 |  0 |   0 |  37 | 3.400000e+01 | 1.062000e+02 | 212.35%| unknown
 1640s|213100 |165821 | 31453k| 147.6 |   348M | 158 | 951 |5425 |5425 |   0 |  0 |   0 |  37 | 3.400000e+01 | 1.062000e+02 | 212.35%| unknown
 1642s|213200 |165905 | 31490k| 147.7 |   348M | 158 | 951 |5425 |5425 |   0 |  0 |   0 |  37 | 3.400000e+01 | 1.062000e+02 | 212.35%| unknown
 1644s|213300 |165983 | 31525k| 147.8 |   348M | 158 | 951 |5425 |5425 |   0 |  0 |   0 |  37 | 3.400000e+01 | 1.062000e+02 | 212.35%| unknown
 1645s|213400 |166059 | 31538k| 147.8 |   348M | 158 | 951 |5425 |5425 |   0 |  0 |   0 |  37 | 3.400000e+01 | 1.062000e+02 | 212.35%| unknown
 1646s|213500 |166141 | 31564k| 147.8 |   348M | 158 | 951 |5425 |5425 |   0 |  0 |   0 |  37 | 3.400000e+01 | 1.062000e+02 | 212.35%| unknown
 1647s|213600 |166217 | 31596k| 147.9 |   348M | 158 | 951 |5425 |5425 |   0 |  0 |   0 |  37 | 3.400000e+01 | 1.062000e+02 | 212.35%| unknown
 1649s|213700 |166293 | 31625k| 148.0 |   349M | 158 | 951 |5425 |5425 |   0 |  0 |   0 |  37 | 3.400000e+01 | 1.062000e+02 | 212.35%| unknown
 1650s|213800 |166353 | 31647k| 148.0 |   349M | 158 | 951 |5425 |5425 |   0 |  0 |   0 |  37 | 3.400000e+01 | 1.062000e+02 | 212.35%| unknown
 1651s|213900 |166441 | 31672k| 148.1 |   349M | 158 | 951 |5425 |5425 |   0 |  0 |   0 |  37 | 3.400000e+01 | 1.062000e+02 | 212.35%| unknown
 1652s|214000 |166515 | 31695k| 148.1 |   349M | 158 | 951 |5425 |5425 |   0 |  0 |   0 |  37 | 3.400000e+01 | 1.062000e+02 | 212.35%| unknown
 1653s|214100 |166591 | 31712k| 148.1 |   349M | 158 | 951 |5425 |5425 |   0 |  0 |   0 |  37 | 3.400000e+01 | 1.062000e+02 | 212.35%| unknown
 1654s|214200 |166667 | 31738k| 148.2 |   349M | 158 | 951 |5425 |5425 |   0 |  0 |   0 |  37 | 3.400000e+01 | 1.062000e+02 | 212.35%| unknown
 1655s|214300 |166747 | 31742k| 148.1 |   349M | 158 | 951 |5425 |5425 |   0 |  0 |   0 |  37 | 3.400000e+01 | 1.062000e+02 | 212.35%| unknown
 time | node  | left  |LP iter|LP it/n|mem/heur|mdpt |vars |cons |rows |cuts |sepa|confs|strbr|  dualbound   | primalbound  |  gap   | compl. 
 1655s|214400 |166817 | 31743k| 148.1 |   349M | 158 | 951 |5425 |5425 |   0 |  0 |   0 |  37 | 3.400000e+01 | 1.062000e+02 | 212.35%| unknown
 1655s|214500 |166891 | 31745k| 148.0 |   350M | 158 | 951 |5425 |5425 |   0 |  0 |   0 |  37 | 3.400000e+01 | 1.062000e+02 | 212.35%| unknown
 1655s|214600 |166963 | 31746k| 147.9 |   350M | 158 | 951 |5425 |5425 |   0 |  0 |   0 |  37 | 3.400000e+01 | 1.062000e+02 | 212.35%| unknown
 1655s|214700 |167029 | 31748k| 147.9 |   350M | 158 | 951 |5425 |5425 |   0 |  0 |   0 |  37 | 3.400000e+01 | 1.062000e+02 | 212.35%| unknown
 1656s|214800 |167103 | 31749k| 147.8 |   351M | 158 | 951 |5425 |5425 |   0 |  0 |   0 |  37 | 3.400000e+01 | 1.062000e+02 | 212.35%| unknown
 1656s|214900 |167183 | 31750k| 147.7 |   351M | 158 | 951 |5425 |5425 |   0 |  0 |   0 |  37 | 3.400000e+01 | 1.062000e+02 | 212.35%| unknown
 1656s|215000 |167267 | 31750k| 147.7 |   351M | 158 | 951 |5425 |5425 |   0 |  0 |   0 |  37 | 3.400000e+01 | 1.062000e+02 | 212.35%| unknown
 1656s|215100 |167339 | 31752k| 147.6 |   351M | 158 | 951 |5425 |5425 |   0 |  0 |   0 |  37 | 3.400000e+01 | 1.062000e+02 | 212.35%| unknown
 1656s|215200 |167423 | 31753k| 147.5 |   351M | 158 | 951 |5425 |5425 |   0 |  0 |   0 |  37 | 3.400000e+01 | 1.062000e+02 | 212.35%| unknown
 1656s|215300 |167505 | 31754k| 147.5 |   351M | 158 | 951 |5425 |5425 |   0 |  0 |   0 |  37 | 3.400000e+01 | 1.062000e+02 | 212.35%| unknown
 1657s|215400 |167585 | 31755k| 147.4 |   351M | 158 | 951 |5425 |5425 |   0 |  0 |   0 |  37 | 3.400000e+01 | 1.062000e+02 | 212.35%| unknown
 1657s|215500 |167669 | 31757k| 147.4 |   352M | 158 | 951 |5425 |5425 |   0 |  0 |   0 |  37 | 3.400000e+01 | 1.062000e+02 | 212.35%| unknown
 1657s|215600 |167739 | 31758k| 147.3 |   352M | 158 | 951 |5425 |5425 |   0 |  0 |   0 |  37 | 3.400000e+01 | 1.062000e+02 | 212.35%| unknown
 1657s|215700 |167817 | 31763k| 147.3 |   352M | 158 | 951 |5425 |5425 |   0 |  0 |   0 |  37 | 3.400000e+01 | 1.062000e+02 | 212.35%| unknown
 1658s|215800 |167887 | 31784k| 147.3 |   352M | 158 | 951 |5425 |5425 |   0 |  0 |   0 |  37 | 3.400000e+01 | 1.062000e+02 | 212.35%| unknown
 time | node  | left  |LP iter|LP it/n|mem/heur|mdpt |vars |cons |rows |cuts |sepa|confs|strbr|  dualbound   | primalbound  |  gap   | compl. 
 1659s|215900 |167959 | 31801k| 147.3 |   353M | 158 | 951 |5425 |5425 |   0 |  0 |   0 |  37 | 3.400000e+01 | 1.062000e+02 | 212.35%| unknown
 1660s|216000 |168039 | 31818k| 147.3 |   353M | 158 | 951 |5425 |5425 |   0 |  0 |   0 |  37 | 3.400000e+01 | 1.062000e+02 | 212.35%| unknown
 1661s|216100 |168123 | 31836k| 147.3 |   353M | 158 | 951 |5425 |5425 |   0 |  0 |   0 |  37 | 3.400000e+01 | 1.062000e+02 | 212.35%| unknown
 1662s|216200 |168199 | 31856k| 147.3 |   353M | 158 | 951 |5425 |5425 |   0 |  0 |   0 |  37 | 3.400000e+01 | 1.062000e+02 | 212.35%| unknown
 1663s|216300 |168275 | 31871k| 147.3 |   353M | 158 | 951 |5425 |5425 |   0 |  0 |   0 |  37 | 3.400000e+01 | 1.062000e+02 | 212.35%| unknown
 1664s|216400 |168353 | 31884k| 147.3 |   353M | 158 | 951 |5425 |5425 |   0 |  0 |   0 |  37 | 3.400000e+01 | 1.062000e+02 | 212.35%| unknown
 1665s|216500 |168435 | 31903k| 147.4 |   353M | 158 | 951 |5425 |5425 |   0 |  0 |   0 |  37 | 3.400000e+01 | 1.062000e+02 | 212.35%| unknown
 1666s|216600 |168511 | 31928k| 147.4 |   354M | 158 | 951 |5425 |5425 |   0 |  0 |   0 |  37 | 3.400000e+01 | 1.062000e+02 | 212.35%| unknown
 1667s|216700 |168583 | 31949k| 147.4 |   354M | 158 | 951 |5425 |5425 |   0 |  0 |   0 |  37 | 3.400000e+01 | 1.062000e+02 | 212.35%| unknown
 1668s|216800 |168663 | 31973k| 147.5 |   354M | 158 | 951 |5425 |5425 |   0 |  0 |   0 |  37 | 3.400000e+01 | 1.062000e+02 | 212.35%| unknown
 1670s|216900 |168745 | 32002k| 147.5 |   355M | 158 | 951 |5425 |5425 |   0 |  0 |   0 |  37 | 3.400000e+01 | 1.062000e+02 | 212.35%| unknown
 1670s|217000 |168815 | 32013k| 147.5 |   355M | 158 | 951 |5425 |5425 |   0 |  0 |   0 |  37 | 3.400000e+01 | 1.062000e+02 | 212.35%| unknown
 1671s|217100 |168901 | 32037k| 147.6 |   355M | 158 | 951 |5425 |5425 |   0 |  0 |   0 |  37 | 3.400000e+01 | 1.062000e+02 | 212.35%| unknown
 1672s|217200 |168975 | 32056k| 147.6 |   355M | 158 | 951 |5425 |5425 |   0 |  0 |   0 |  37 | 3.400000e+01 | 1.062000e+02 | 212.35%| unknown
 1674s|217300 |169035 | 32088k| 147.7 |   355M | 158 | 951 |5425 |5425 |   0 |  0 |   0 |  37 | 3.400000e+01 | 1.062000e+02 | 212.35%| unknown
 time | node  | left  |LP iter|LP it/n|mem/heur|mdpt |vars |cons |rows |cuts |sepa|confs|strbr|  dualbound   | primalbound  |  gap   | compl. 
 1675s|217400 |169107 | 32120k| 147.7 |   355M | 158 | 951 |5425 |5425 |   0 |  0 |   0 |  37 | 3.400000e+01 | 1.062000e+02 | 212.35%| unknown
 1676s|217500 |169187 | 32144k| 147.8 |   355M | 158 | 951 |5425 |5425 |   0 |  0 |   0 |  37 | 3.400000e+01 | 1.062000e+02 | 212.35%| unknown
 1677s|217600 |169259 | 32168k| 147.8 |   355M | 158 | 951 |5425 |5425 |   0 |  0 |   0 |  37 | 3.400000e+01 | 1.062000e+02 | 212.35%| unknown
 1678s|217700 |169349 | 32181k| 147.8 |   355M | 158 | 951 |5425 |5425 |   0 |  0 |   0 |  37 | 3.400000e+01 | 1.062000e+02 | 212.35%| unknown
 1679s|217800 |169435 | 32195k| 147.8 |   355M | 158 | 951 |5425 |5425 |   0 |  0 |   0 |  37 | 3.400000e+01 | 1.062000e+02 | 212.35%| unknown
 1680s|217900 |169503 | 32217k| 147.9 |   355M | 158 | 951 |5425 |5425 |   0 |  0 |   0 |  37 | 3.400000e+01 | 1.062000e+02 | 212.35%| unknown
 1681s|218000 |169565 | 32237k| 147.9 |   356M | 158 | 951 |5425 |5425 |   0 |  0 |   0 |  37 | 3.400000e+01 | 1.062000e+02 | 212.35%| unknown
 1682s|218100 |169645 | 32258k| 147.9 |   356M | 158 | 951 |5425 |5425 |   0 |  0 |   0 |  37 | 3.400000e+01 | 1.062000e+02 | 212.35%| unknown
 1683s|218200 |169735 | 32281k| 147.9 |   356M | 158 | 951 |5425 |5425 |   0 |  0 |   0 |  37 | 3.400000e+01 | 1.062000e+02 | 212.35%| unknown
 1684s|218300 |169811 | 32310k| 148.0 |   356M | 158 | 951 |5425 |5425 |   0 |  0 |   0 |  37 | 3.400000e+01 | 1.062000e+02 | 212.35%| unknown
 1685s|218400 |169885 | 32329k| 148.0 |   356M | 158 | 951 |5425 |5425 |   0 |  0 |   0 |  37 | 3.400000e+01 | 1.062000e+02 | 212.35%| unknown
 1686s|218500 |169969 | 32347k| 148.0 |   356M | 158 | 951 |5425 |5425 |   0 |  0 |   0 |  37 | 3.400000e+01 | 1.062000e+02 | 212.35%| unknown
 1687s|218600 |170049 | 32367k| 148.1 |   356M | 158 | 951 |5425 |5425 |   0 |  0 |   0 |  37 | 3.400000e+01 | 1.062000e+02 | 212.35%| unknown
 1689s|218700 |170121 | 32394k| 148.1 |   356M | 158 | 951 |5425 |5425 |   0 |  0 |   0 |  37 | 3.400000e+01 | 1.062000e+02 | 212.35%| unknown
 1689s|218800 |170211 | 32400k| 148.1 |   356M | 158 | 951 |5425 |5425 |   0 |  0 |   0 |  37 | 3.400000e+01 | 1.062000e+02 | 212.35%| unknown
 time | node  | left  |LP iter|LP it/n|mem/heur|mdpt |vars |cons |rows |cuts |sepa|confs|strbr|  dualbound   | primalbound  |  gap   | compl. 
 1690s|218900 |170289 | 32419k| 148.1 |   356M | 158 | 951 |5425 |5425 |   0 |  0 |   0 |  37 | 3.400000e+01 | 1.062000e+02 | 212.35%| unknown
 1691s|219000 |170363 | 32442k| 148.1 |   357M | 158 | 951 |5425 |5425 |   0 |  0 |   0 |  37 | 3.400000e+01 | 1.062000e+02 | 212.35%| unknown
 1691s|219100 |170439 | 32449k| 148.1 |   357M | 158 | 951 |5425 |5425 |   0 |  0 |   0 |  37 | 3.400000e+01 | 1.062000e+02 | 212.35%| unknown
 1692s|219200 |170519 | 32450k| 148.0 |   357M | 158 | 951 |5425 |5425 |   0 |  0 |   0 |  37 | 3.400000e+01 | 1.062000e+02 | 212.35%| unknown
 1692s|219300 |170591 | 32452k| 148.0 |   357M | 158 | 951 |5425 |5425 |   0 |  0 |   0 |  37 | 3.400000e+01 | 1.062000e+02 | 212.35%| unknown
 1692s|219400 |170671 | 32454k| 147.9 |   357M | 158 | 951 |5425 |5425 |   0 |  0 |   0 |  37 | 3.400000e+01 | 1.062000e+02 | 212.35%| unknown
 1692s|219500 |170745 | 32455k| 147.9 |   358M | 158 | 951 |5425 |5425 |   0 |  0 |   0 |  37 | 3.400000e+01 | 1.062000e+02 | 212.35%| unknown
 1693s|219600 |170831 | 32469k| 147.9 |   358M | 158 | 951 |5425 |5425 |   0 |  0 |   0 |  37 | 3.400000e+01 | 1.062000e+02 | 212.35%| unknown
 1694s|219700 |170913 | 32488k| 147.9 |   358M | 158 | 951 |5425 |5425 |   0 |  0 |   0 |  37 | 3.400000e+01 | 1.062000e+02 | 212.35%| unknown
 1695s|219800 |170985 | 32508k| 147.9 |   358M | 158 | 951 |5425 |5425 |   0 |  0 |   0 |  37 | 3.400000e+01 | 1.062000e+02 | 212.35%| unknown
 1696s|219900 |171065 | 32532k| 147.9 |   358M | 158 | 951 |5425 |5425 |   0 |  0 |   0 |  37 | 3.400000e+01 | 1.062000e+02 | 212.35%| unknown
 1697s|220000 |171149 | 32553k| 148.0 |   359M | 158 | 951 |5425 |5425 |   0 |  0 |   0 |  37 | 3.400000e+01 | 1.062000e+02 | 212.35%| unknown
 1698s|220100 |171211 | 32567k| 148.0 |   359M | 158 | 951 |5425 |5425 |   0 |  0 |   0 |  37 | 3.400000e+01 | 1.062000e+02 | 212.35%| unknown
 1699s|220200 |171281 | 32597k| 148.0 |   359M | 158 | 951 |5425 |5425 |   0 |  0 |   0 |  37 | 3.400000e+01 | 1.062000e+02 | 212.35%| unknown
 1701s|220300 |171351 | 32624k| 148.1 |   359M | 158 | 951 |5425 |5425 |   0 |  0 |   0 |  37 | 3.400000e+01 | 1.062000e+02 | 212.35%| unknown
 time | node  | left  |LP iter|LP it/n|mem/heur|mdpt |vars |cons |rows |cuts |sepa|confs|strbr|  dualbound   | primalbound  |  gap   | compl. 
 1701s|220400 |171427 | 32641k| 148.1 |   359M | 158 | 951 |5425 |5425 |   0 |  0 |   0 |  37 | 3.400000e+01 | 1.062000e+02 | 212.35%| unknown
 1703s|220500 |171509 | 32664k| 148.1 |   359M | 158 | 951 |5425 |5425 |   0 |  0 |   0 |  37 | 3.400000e+01 | 1.062000e+02 | 212.35%| unknown
 1703s|220600 |171593 | 32678k| 148.1 |   359M | 158 | 951 |5425 |5425 |   0 |  0 |   0 |  37 | 3.400000e+01 | 1.062000e+02 | 212.35%| unknown
 1705s|220700 |171661 | 32706k| 148.2 |   359M | 158 | 951 |5425 |5425 |   0 |  0 |   0 |  37 | 3.400000e+01 | 1.062000e+02 | 212.35%| unknown
 1705s|220800 |171743 | 32712k| 148.2 |   359M | 158 | 951 |5425 |5425 |   0 |  0 |   0 |  37 | 3.400000e+01 | 1.062000e+02 | 212.35%| unknown
 1706s|220900 |171829 | 32713k| 148.1 |   359M | 158 | 951 |5425 |5425 |   0 |  0 |   0 |  37 | 3.400000e+01 | 1.062000e+02 | 212.35%| unknown
 1706s|221000 |171899 | 32731k| 148.1 |   359M | 158 | 951 |5425 |5425 |   0 |  0 |   0 |  37 | 3.400000e+01 | 1.062000e+02 | 212.35%| unknown
 1707s|221100 |171973 | 32746k| 148.1 |   360M | 158 | 951 |5425 |5425 |   0 |  0 |   0 |  37 | 3.400000e+01 | 1.062000e+02 | 212.35%| unknown
 1708s|221200 |172035 | 32755k| 148.1 |   360M | 158 | 951 |5425 |5425 |   0 |  0 |   0 |  37 | 3.400000e+01 | 1.062000e+02 | 212.35%| unknown
 1709s|221300 |172115 | 32772k| 148.1 |   360M | 158 | 951 |5425 |5425 |   0 |  0 |   0 |  37 | 3.400000e+01 | 1.062000e+02 | 212.35%| unknown
 1710s|221400 |172189 | 32803k| 148.2 |   360M | 158 | 951 |5425 |5425 |   0 |  0 |   0 |  37 | 3.400000e+01 | 1.062000e+02 | 212.35%| unknown
 1711s|221500 |172273 | 32819k| 148.2 |   361M | 158 | 951 |5425 |5425 |   0 |  0 |   0 |  37 | 3.400000e+01 | 1.062000e+02 | 212.35%| unknown
 1711s|221600 |172355 | 32831k| 148.2 |   362M | 158 | 951 |5425 |5425 |   0 |  0 |   0 |  37 | 3.400000e+01 | 1.062000e+02 | 212.35%| unknown
 1712s|221700 |172427 | 32833k| 148.1 |   362M | 158 | 951 |5425 |5425 |   0 |  0 |   0 |  37 | 3.400000e+01 | 1.062000e+02 | 212.35%| unknown
 1712s|221800 |172497 | 32835k| 148.0 |   362M | 158 | 951 |5425 |5425 |   0 |  0 |   0 |  37 | 3.400000e+01 | 1.062000e+02 | 212.35%| unknown
 time | node  | left  |LP iter|LP it/n|mem/heur|mdpt |vars |cons |rows |cuts |sepa|confs|strbr|  dualbound   | primalbound  |  gap   | compl. 
 1712s|221900 |172577 | 32836k| 148.0 |   362M | 158 | 951 |5425 |5425 |   0 |  0 |   0 |  37 | 3.400000e+01 | 1.062000e+02 | 212.35%| unknown
 1712s|222000 |172651 | 32837k| 147.9 |   362M | 158 | 951 |5425 |5425 |   0 |  0 |   0 |  37 | 3.400000e+01 | 1.062000e+02 | 212.35%| unknown
 1712s|222100 |172731 | 32838k| 147.9 |   362M | 158 | 951 |5425 |5425 |   0 |  0 |   0 |  37 | 3.400000e+01 | 1.062000e+02 | 212.35%| unknown
 1713s|222200 |172817 | 32840k| 147.8 |   363M | 158 | 951 |5425 |5425 |   0 |  0 |   0 |  37 | 3.400000e+01 | 1.062000e+02 | 212.35%| unknown
 1713s|222300 |172887 | 32841k| 147.7 |   363M | 158 | 951 |5425 |5425 |   0 |  0 |   0 |  37 | 3.400000e+01 | 1.062000e+02 | 212.35%| unknown
 1713s|222400 |172949 | 32843k| 147.7 |   363M | 158 | 951 |5425 |5425 |   0 |  0 |   0 |  37 | 3.400000e+01 | 1.062000e+02 | 212.35%| unknown
 1713s|222500 |173021 | 32844k| 147.6 |   363M | 158 | 951 |5425 |5425 |   0 |  0 |   0 |  37 | 3.400000e+01 | 1.062000e+02 | 212.35%| unknown
 1713s|222600 |173095 | 32846k| 147.6 |   363M | 158 | 951 |5425 |5425 |   0 |  0 |   0 |  37 | 3.400000e+01 | 1.062000e+02 | 212.35%| unknown
 1714s|222700 |173181 | 32857k| 147.5 |   363M | 158 | 951 |5425 |5425 |   0 |  0 |   0 |  37 | 3.400000e+01 | 1.062000e+02 | 212.35%| unknown
 1715s|222800 |173253 | 32883k| 147.6 |   363M | 158 | 951 |5425 |5425 |   0 |  0 |   0 |  37 | 3.400000e+01 | 1.062000e+02 | 212.35%| unknown
 1715s|222900 |173331 | 32888k| 147.5 |   363M | 158 | 951 |5425 |5425 |   0 |  0 |   0 |  37 | 3.400000e+01 | 1.062000e+02 | 212.35%| unknown
 1716s|223000 |173413 | 32890k| 147.5 |   363M | 158 | 951 |5425 |5425 |   0 |  0 |   0 |  37 | 3.400000e+01 | 1.062000e+02 | 212.35%| unknown
 1716s|223100 |173489 | 32891k| 147.4 |   363M | 158 | 951 |5425 |5425 |   0 |  0 |   0 |  37 | 3.400000e+01 | 1.062000e+02 | 212.35%| unknown
 1716s|223200 |173547 | 32892k| 147.4 |   363M | 158 | 951 |5425 |5425 |   0 |  0 |   0 |  37 | 3.400000e+01 | 1.062000e+02 | 212.35%| unknown
 1716s|223300 |173597 | 32895k| 147.3 |   364M | 158 | 951 |5425 |5425 |   0 |  0 |   0 |  37 | 3.400000e+01 | 1.062000e+02 | 212.35%| unknown
 time | node  | left  |LP iter|LP it/n|mem/heur|mdpt |vars |cons |rows |cuts |sepa|confs|strbr|  dualbound   | primalbound  |  gap   | compl. 
 1717s|223400 |173683 | 32920k| 147.4 |   364M | 158 | 951 |5425 |5425 |   0 |  0 |   0 |  37 | 3.400000e+01 | 1.062000e+02 | 212.35%| unknown
 1718s|223500 |173757 | 32935k| 147.4 |   364M | 158 | 951 |5425 |5425 |   0 |  0 |   0 |  37 | 3.400000e+01 | 1.062000e+02 | 212.35%| unknown
 1719s|223600 |173837 | 32950k| 147.4 |   364M | 158 | 951 |5425 |5425 |   0 |  0 |   0 |  37 | 3.400000e+01 | 1.062000e+02 | 212.35%| unknown
 1720s|223700 |173915 | 32970k| 147.4 |   364M | 158 | 951 |5425 |5425 |   0 |  0 |   0 |  37 | 3.400000e+01 | 1.062000e+02 | 212.35%| unknown
 1721s|223800 |173993 | 32995k| 147.4 |   364M | 158 | 951 |5425 |5425 |   0 |  0 |   0 |  37 | 3.400000e+01 | 1.062000e+02 | 212.35%| unknown
 1722s|223900 |174069 | 33014k| 147.4 |   364M | 158 | 951 |5425 |5425 |   0 |  0 |   0 |  37 | 3.400000e+01 | 1.062000e+02 | 212.35%| unknown
 1723s|224000 |174157 | 33029k| 147.4 |   364M | 158 | 951 |5425 |5425 |   0 |  0 |   0 |  37 | 3.400000e+01 | 1.062000e+02 | 212.35%| unknown
 1724s|224100 |174229 | 33061k| 147.5 |   364M | 158 | 951 |5425 |5425 |   0 |  0 |   0 |  37 | 3.400000e+01 | 1.062000e+02 | 212.35%| unknown
 1725s|224200 |174317 | 33076k| 147.5 |   364M | 158 | 951 |5425 |5425 |   0 |  0 |   0 |  37 | 3.400000e+01 | 1.062000e+02 | 212.35%| unknown
 1726s|224300 |174395 | 33099k| 147.6 |   365M | 158 | 951 |5425 |5425 |   0 |  0 |   0 |  37 | 3.400000e+01 | 1.062000e+02 | 212.35%| unknown
 1727s|224400 |174463 | 33119k| 147.6 |   365M | 158 | 951 |5425 |5425 |   0 |  0 |   0 |  37 | 3.400000e+01 | 1.062000e+02 | 212.35%| unknown
 1728s|224500 |174527 | 33135k| 147.6 |   365M | 158 | 951 |5425 |5425 |   0 |  0 |   0 |  37 | 3.400000e+01 | 1.062000e+02 | 212.35%| unknown
 1729s|224600 |174599 | 33163k| 147.7 |   366M | 158 | 951 |5425 |5425 |   0 |  0 |   0 |  37 | 3.400000e+01 | 1.062000e+02 | 212.35%| unknown
 1730s|224700 |174673 | 33182k| 147.7 |   366M | 158 | 951 |5425 |5425 |   0 |  0 |   0 |  37 | 3.400000e+01 | 1.062000e+02 | 212.35%| unknown
 1731s|224800 |174737 | 33204k| 147.7 |   366M | 158 | 951 |5425 |5425 |   0 |  0 |   0 |  37 | 3.400000e+01 | 1.062000e+02 | 212.35%| unknown
 time | node  | left  |LP iter|LP it/n|mem/heur|mdpt |vars |cons |rows |cuts |sepa|confs|strbr|  dualbound   | primalbound  |  gap   | compl. 
 1732s|224900 |174809 | 33223k| 147.7 |   366M | 158 | 951 |5425 |5425 |   0 |  0 |   0 |  37 | 3.400000e+01 | 1.062000e+02 | 212.35%| unknown
 1734s|225000 |174883 | 33252k| 147.8 |   366M | 158 | 951 |5425 |5425 |   0 |  0 |   0 |  37 | 3.400000e+01 | 1.062000e+02 | 212.35%| unknown
 1735s|225100 |174957 | 33269k| 147.8 |   366M | 158 | 951 |5425 |5425 |   0 |  0 |   0 |  37 | 3.400000e+01 | 1.062000e+02 | 212.35%| unknown
 1736s|225200 |175029 | 33293k| 147.8 |   366M | 158 | 951 |5425 |5425 |   0 |  0 |   0 |  37 | 3.400000e+01 | 1.062000e+02 | 212.35%| unknown
 1737s|225300 |175105 | 33323k| 147.9 |   366M | 158 | 951 |5425 |5425 |   0 |  0 |   0 |  37 | 3.400000e+01 | 1.062000e+02 | 212.35%| unknown
 1739s|225400 |175191 | 33351k| 148.0 |   366M | 158 | 951 |5425 |5425 |   0 |  0 |   0 |  37 | 3.400000e+01 | 1.062000e+02 | 212.35%| unknown
 1739s|225500 |175267 | 33363k| 147.9 |   367M | 158 | 951 |5425 |5425 |   0 |  0 |   0 |  37 | 3.400000e+01 | 1.062000e+02 | 212.35%| unknown
 1740s|225600 |175347 | 33376k| 147.9 |   367M | 158 | 951 |5425 |5425 |   0 |  0 |   0 |  37 | 3.400000e+01 | 1.062000e+02 | 212.35%| unknown
 1740s|225700 |175429 | 33377k| 147.9 |   367M | 158 | 951 |5425 |5425 |   0 |  0 |   0 |  37 | 3.400000e+01 | 1.062000e+02 | 212.35%| unknown
 1740s|225800 |175505 | 33379k| 147.8 |   367M | 158 | 951 |5425 |5425 |   0 |  0 |   0 |  37 | 3.400000e+01 | 1.062000e+02 | 212.35%| unknown
 1741s|225900 |175581 | 33380k| 147.8 |   367M | 158 | 951 |5425 |5425 |   0 |  0 |   0 |  37 | 3.400000e+01 | 1.062000e+02 | 212.35%| unknown
 1741s|226000 |175653 | 33382k| 147.7 |   367M | 158 | 951 |5425 |5425 |   0 |  0 |   0 |  37 | 3.400000e+01 | 1.062000e+02 | 212.35%| unknown
 1741s|226100 |175721 | 33383k| 147.6 |   367M | 158 | 951 |5425 |5425 |   0 |  0 |   0 |  37 | 3.400000e+01 | 1.062000e+02 | 212.35%| unknown
 1741s|226200 |175791 | 33384k| 147.6 |   367M | 158 | 951 |5425 |5425 |   0 |  0 |   0 |  37 | 3.400000e+01 | 1.062000e+02 | 212.35%| unknown
 1741s|226300 |175877 | 33386k| 147.5 |   367M | 158 | 951 |5425 |5425 |   0 |  0 |   0 |  37 | 3.400000e+01 | 1.062000e+02 | 212.35%| unknown
 time | node  | left  |LP iter|LP it/n|mem/heur|mdpt |vars |cons |rows |cuts |sepa|confs|strbr|  dualbound   | primalbound  |  gap   | compl. 
 1742s|226400 |175945 | 33387k| 147.5 |   367M | 158 | 951 |5425 |5425 |   0 |  0 |   0 |  37 | 3.400000e+01 | 1.062000e+02 | 212.35%| unknown
 1742s|226500 |176025 | 33389k| 147.4 |   368M | 158 | 951 |5425 |5425 |   0 |  0 |   0 |  37 | 3.400000e+01 | 1.062000e+02 | 212.35%| unknown
 1742s|226600 |176099 | 33390k| 147.4 |   368M | 158 | 951 |5425 |5425 |   0 |  0 |   0 |  37 | 3.400000e+01 | 1.062000e+02 | 212.35%| unknown
 1742s|226700 |176185 | 33391k| 147.3 |   369M | 158 | 951 |5425 |5425 |   0 |  0 |   0 |  37 | 3.400000e+01 | 1.062000e+02 | 212.35%| unknown
 1742s|226800 |176253 | 33393k| 147.2 |   369M | 158 | 951 |5425 |5425 |   0 |  0 |   0 |  37 | 3.400000e+01 | 1.062000e+02 | 212.35%| unknown
 1743s|226900 |176333 | 33403k| 147.2 |   369M | 158 | 951 |5425 |5425 |   0 |  0 |   0 |  37 | 3.400000e+01 | 1.062000e+02 | 212.35%| unknown
 1744s|227000 |176411 | 33416k| 147.2 |   369M | 158 | 951 |5425 |5425 |   0 |  0 |   0 |  37 | 3.400000e+01 | 1.062000e+02 | 212.35%| unknown
 1745s|227100 |176487 | 33448k| 147.3 |   369M | 158 | 951 |5425 |5425 |   0 |  0 |   0 |  37 | 3.400000e+01 | 1.062000e+02 | 212.35%| unknown
 1746s|227200 |176567 | 33473k| 147.3 |   369M | 158 | 951 |5425 |5425 |   0 |  0 |   0 |  37 | 3.400000e+01 | 1.062000e+02 | 212.35%| unknown
 1746s|227300 |176653 | 33474k| 147.3 |   369M | 158 | 951 |5425 |5425 |   0 |  0 |   0 |  37 | 3.400000e+01 | 1.062000e+02 | 212.35%| unknown
 1747s|227400 |176721 | 33480k| 147.2 |   369M | 158 | 951 |5425 |5425 |   0 |  0 |   0 |  37 | 3.400000e+01 | 1.062000e+02 | 212.35%| unknown
 1748s|227500 |176795 | 33495k| 147.2 |   369M | 158 | 951 |5425 |5425 |   0 |  0 |   0 |  37 | 3.400000e+01 | 1.062000e+02 | 212.35%| unknown
 1748s|227600 |176877 | 33510k| 147.2 |   371M | 158 | 951 |5425 |5425 |   0 |  0 |   0 |  37 | 3.400000e+01 | 1.062000e+02 | 212.35%| unknown
 1750s|227700 |176945 | 33537k| 147.3 |   371M | 158 | 951 |5425 |5425 |   0 |  0 |   0 |  37 | 3.400000e+01 | 1.062000e+02 | 212.35%| unknown
 1751s|227800 |177013 | 33568k| 147.4 |   371M | 158 | 951 |5425 |5425 |   0 |  0 |   0 |  37 | 3.400000e+01 | 1.062000e+02 | 212.35%| unknown
 time | node  | left  |LP iter|LP it/n|mem/heur|mdpt |vars |cons |rows |cuts |sepa|confs|strbr|  dualbound   | primalbound  |  gap   | compl. 
 1752s|227900 |177093 | 33590k| 147.4 |   371M | 158 | 951 |5425 |5425 |   0 |  0 |   0 |  37 | 3.400000e+01 | 1.062000e+02 | 212.35%| unknown
 1754s|228000 |177179 | 33632k| 147.5 |   371M | 158 | 951 |5425 |5425 |   0 |  0 |   0 |  37 | 3.400000e+01 | 1.062000e+02 | 212.35%| unknown
 1755s|228100 |177261 | 33654k| 147.5 |   371M | 158 | 951 |5425 |5425 |   0 |  0 |   0 |  37 | 3.400000e+01 | 1.062000e+02 | 212.35%| unknown
 1756s|228200 |177349 | 33669k| 147.5 |   371M | 158 | 951 |5425 |5425 |   0 |  0 |   0 |  37 | 3.400000e+01 | 1.062000e+02 | 212.35%| unknown
 1757s|228300 |177435 | 33687k| 147.6 |   371M | 158 | 951 |5425 |5425 |   0 |  0 |   0 |  37 | 3.400000e+01 | 1.062000e+02 | 212.35%| unknown
 1758s|228400 |177501 | 33706k| 147.6 |   371M | 158 | 951 |5425 |5425 |   0 |  0 |   0 |  37 | 3.400000e+01 | 1.062000e+02 | 212.35%| unknown
 1759s|228500 |177573 | 33727k| 147.6 |   371M | 158 | 951 |5425 |5425 |   0 |  0 |   0 |  37 | 3.400000e+01 | 1.062000e+02 | 212.35%| unknown
 1760s|228600 |177653 | 33752k| 147.6 |   372M | 158 | 951 |5425 |5425 |   0 |  0 |   0 |  37 | 3.400000e+01 | 1.062000e+02 | 212.35%| unknown
 1761s|228700 |177731 | 33777k| 147.7 |   372M | 158 | 951 |5425 |5425 |   0 |  0 |   0 |  37 | 3.400000e+01 | 1.062000e+02 | 212.35%| unknown
 1762s|228800 |177805 | 33778k| 147.6 |   372M | 158 | 951 |5425 |5425 |   0 |  0 |   0 |  37 | 3.400000e+01 | 1.062000e+02 | 212.35%| unknown
 1762s|228900 |177885 | 33789k| 147.6 |   372M | 158 | 951 |5425 |5425 |   0 |  0 |   0 |  37 | 3.400000e+01 | 1.062000e+02 | 212.35%| unknown
 1764s|229000 |177983 | 33831k| 147.7 |   372M | 158 | 951 |5425 |5425 |   0 |  0 |   0 |  37 | 3.400000e+01 | 1.062000e+02 | 212.35%| unknown
 1765s|229100 |178069 | 33853k| 147.8 |   372M | 158 | 951 |5425 |5425 |   0 |  0 |   0 |  37 | 3.400000e+01 | 1.062000e+02 | 212.35%| unknown
 1766s|229200 |178133 | 33868k| 147.8 |   372M | 158 | 951 |5425 |5425 |   0 |  0 |   0 |  37 | 3.400000e+01 | 1.062000e+02 | 212.35%| unknown
 1766s|229300 |178221 | 33870k| 147.7 |   372M | 158 | 951 |5425 |5425 |   0 |  0 |   0 |  37 | 3.400000e+01 | 1.062000e+02 | 212.35%| unknown
 time | node  | left  |LP iter|LP it/n|mem/heur|mdpt |vars |cons |rows |cuts |sepa|confs|strbr|  dualbound   | primalbound  |  gap   | compl. 
 1766s|229400 |178297 | 33871k| 147.7 |   372M | 158 | 951 |5425 |5425 |   0 |  0 |   0 |  37 | 3.400000e+01 | 1.062000e+02 | 212.35%| unknown
 1767s|229500 |178369 | 33873k| 147.6 |   373M | 158 | 951 |5425 |5425 |   0 |  0 |   0 |  37 | 3.400000e+01 | 1.062000e+02 | 212.35%| unknown
 1767s|229600 |178455 | 33875k| 147.5 |   374M | 158 | 951 |5425 |5425 |   0 |  0 |   0 |  37 | 3.400000e+01 | 1.062000e+02 | 212.35%| unknown
 1767s|229700 |178533 | 33876k| 147.5 |   374M | 158 | 951 |5425 |5425 |   0 |  0 |   0 |  37 | 3.400000e+01 | 1.062000e+02 | 212.35%| unknown
 1767s|229800 |178613 | 33878k| 147.4 |   374M | 158 | 951 |5425 |5425 |   0 |  0 |   0 |  37 | 3.400000e+01 | 1.062000e+02 | 212.35%| unknown
 1768s|229900 |178685 | 33892k| 147.4 |   374M | 158 | 951 |5425 |5425 |   0 |  0 |   0 |  37 | 3.400000e+01 | 1.062000e+02 | 212.35%| unknown
 1769s|230000 |178755 | 33920k| 147.5 |   374M | 158 | 951 |5425 |5425 |   0 |  0 |   0 |  37 | 3.400000e+01 | 1.062000e+02 | 212.35%| unknown
 1770s|230100 |178833 | 33935k| 147.5 |   374M | 158 | 951 |5425 |5425 |   0 |  0 |   0 |  37 | 3.400000e+01 | 1.062000e+02 | 212.35%| unknown
 1771s|230200 |178911 | 33948k| 147.5 |   374M | 158 | 951 |5425 |5425 |   0 |  0 |   0 |  37 | 3.400000e+01 | 1.062000e+02 | 212.35%| unknown
 1771s|230300 |178997 | 33956k| 147.4 |   374M | 158 | 951 |5425 |5425 |   0 |  0 |   0 |  37 | 3.400000e+01 | 1.062000e+02 | 212.35%| unknown
 1772s|230400 |179085 | 33960k| 147.4 |   374M | 158 | 951 |5425 |5425 |   0 |  0 |   0 |  37 | 3.400000e+01 | 1.062000e+02 | 212.35%| unknown
 1772s|230500 |179161 | 33968k| 147.4 |   374M | 158 | 951 |5425 |5425 |   0 |  0 |   0 |  37 | 3.400000e+01 | 1.062000e+02 | 212.35%| unknown
 1772s|230600 |179241 | 33969k| 147.3 |   374M | 158 | 951 |5425 |5425 |   0 |  0 |   0 |  37 | 3.400000e+01 | 1.062000e+02 | 212.35%| unknown
 1772s|230700 |179311 | 33971k| 147.2 |   375M | 158 | 951 |5425 |5425 |   0 |  0 |   0 |  37 | 3.400000e+01 | 1.062000e+02 | 212.35%| unknown
 1774s|230800 |179395 | 33993k| 147.3 |   375M | 158 | 951 |5425 |5425 |   0 |  0 |   0 |  37 | 3.400000e+01 | 1.062000e+02 | 212.35%| unknown
 time | node  | left  |LP iter|LP it/n|mem/heur|mdpt |vars |cons |rows |cuts |sepa|confs|strbr|  dualbound   | primalbound  |  gap   | compl. 
 1775s|230900 |179475 | 34013k| 147.3 |   375M | 158 | 951 |5425 |5425 |   0 |  0 |   0 |  37 | 3.400000e+01 | 1.062000e+02 | 212.35%| unknown
 1775s|231000 |179543 | 34016k| 147.3 |   375M | 158 | 951 |5425 |5425 |   0 |  0 |   0 |  37 | 3.400000e+01 | 1.062000e+02 | 212.35%| unknown
 1775s|231100 |179631 | 34018k| 147.2 |   375M | 158 | 951 |5425 |5425 |   0 |  0 |   0 |  37 | 3.400000e+01 | 1.062000e+02 | 212.35%| unknown
 1775s|231200 |179715 | 34019k| 147.1 |   375M | 158 | 951 |5425 |5425 |   0 |  0 |   0 |  37 | 3.400000e+01 | 1.062000e+02 | 212.35%| unknown
 1775s|231300 |179777 | 34020k| 147.1 |   375M | 158 | 951 |5425 |5425 |   0 |  0 |   0 |  37 | 3.400000e+01 | 1.062000e+02 | 212.35%| unknown
 1776s|231400 |179867 | 34022k| 147.0 |   375M | 158 | 951 |5425 |5425 |   0 |  0 |   0 |  37 | 3.400000e+01 | 1.062000e+02 | 212.35%| unknown
 1776s|231500 |179947 | 34023k| 147.0 |   375M | 158 | 951 |5425 |5425 |   0 |  0 |   0 |  37 | 3.400000e+01 | 1.062000e+02 | 212.35%| unknown
 1776s|231600 |180023 | 34024k| 146.9 |   376M | 158 | 951 |5425 |5425 |   0 |  0 |   0 |  37 | 3.400000e+01 | 1.062000e+02 | 212.35%| unknown
 1776s|231700 |180097 | 34026k| 146.9 |   377M | 158 | 951 |5425 |5425 |   0 |  0 |   0 |  37 | 3.400000e+01 | 1.062000e+02 | 212.35%| unknown
 1776s|231800 |180177 | 34027k| 146.8 |   377M | 158 | 951 |5425 |5425 |   0 |  0 |   0 |  37 | 3.400000e+01 | 1.062000e+02 | 212.35%| unknown
 1777s|231900 |180269 | 34029k| 146.7 |   377M | 158 | 951 |5425 |5425 |   0 |  0 |   0 |  37 | 3.400000e+01 | 1.062000e+02 | 212.35%| unknown
 1777s|232000 |180349 | 34030k| 146.7 |   377M | 158 | 951 |5425 |5425 |   0 |  0 |   0 |  37 | 3.400000e+01 | 1.062000e+02 | 212.35%| unknown
 1777s|232100 |180427 | 34032k| 146.6 |   377M | 158 | 951 |5425 |5425 |   0 |  0 |   0 |  37 | 3.400000e+01 | 1.062000e+02 | 212.35%| unknown
 1777s|232200 |180497 | 34033k| 146.6 |   377M | 158 | 951 |5425 |5425 |   0 |  0 |   0 |  37 | 3.400000e+01 | 1.062000e+02 | 212.35%| unknown
 1777s|232300 |180563 | 34035k| 146.5 |   377M | 158 | 951 |5425 |5425 |   0 |  0 |   0 |  37 | 3.400000e+01 | 1.062000e+02 | 212.35%| unknown
 time | node  | left  |LP iter|LP it/n|mem/heur|mdpt |vars |cons |rows |cuts |sepa|confs|strbr|  dualbound   | primalbound  |  gap   | compl. 
 1777s|232400 |180635 | 34037k| 146.5 |   377M | 158 | 951 |5425 |5425 |   0 |  0 |   0 |  37 | 3.400000e+01 | 1.062000e+02 | 212.35%| unknown
 1778s|232500 |180711 | 34044k| 146.4 |   377M | 158 | 951 |5425 |5425 |   0 |  0 |   0 |  37 | 3.400000e+01 | 1.062000e+02 | 212.35%| unknown
 1779s|232600 |180781 | 34071k| 146.5 |   377M | 158 | 951 |5425 |5425 |   0 |  0 |   0 |  37 | 3.400000e+01 | 1.062000e+02 | 212.35%| unknown
 1781s|232700 |180843 | 34104k| 146.6 |   377M | 158 | 951 |5425 |5425 |   0 |  0 |   0 |  37 | 3.400000e+01 | 1.062000e+02 | 212.35%| unknown
 1783s|232800 |180923 | 34142k| 146.7 |   378M | 158 | 951 |5425 |5425 |   0 |  0 |   0 |  37 | 3.400000e+01 | 1.062000e+02 | 212.35%| unknown
 1784s|232900 |180995 | 34167k| 146.7 |   378M | 158 | 951 |5425 |5425 |   0 |  0 |   0 |  37 | 3.400000e+01 | 1.062000e+02 | 212.35%| unknown
 1785s|233000 |181071 | 34186k| 146.7 |   378M | 158 | 951 |5425 |5425 |   0 |  0 |   0 |  37 | 3.400000e+01 | 1.062000e+02 | 212.35%| unknown
 1786s|233100 |181143 | 34210k| 146.8 |   378M | 158 | 951 |5425 |5425 |   0 |  0 |   0 |  37 | 3.400000e+01 | 1.062000e+02 | 212.35%| unknown
 1788s|233200 |181215 | 34241k| 146.8 |   378M | 158 | 951 |5425 |5425 |   0 |  0 |   0 |  37 | 3.400000e+01 | 1.062000e+02 | 212.35%| unknown
 1788s|233300 |181285 | 34259k| 146.8 |   378M | 158 | 951 |5425 |5425 |   0 |  0 |   0 |  37 | 3.400000e+01 | 1.062000e+02 | 212.35%| unknown
 1790s|233400 |181363 | 34288k| 146.9 |   378M | 158 | 951 |5425 |5425 |   0 |  0 |   0 |  37 | 3.400000e+01 | 1.062000e+02 | 212.35%| unknown
 1791s|233500 |181443 | 34318k| 147.0 |   378M | 158 | 951 |5425 |5425 |   0 |  0 |   0 |  37 | 3.400000e+01 | 1.062000e+02 | 212.35%| unknown
 1792s|233600 |181513 | 34334k| 147.0 |   379M | 158 | 951 |5425 |5425 |   0 |  0 |   0 |  37 | 3.400000e+01 | 1.062000e+02 | 212.35%| unknown
 1793s|233700 |181603 | 34352k| 147.0 |   379M | 158 | 951 |5425 |5425 |   0 |  0 |   0 |  37 | 3.400000e+01 | 1.062000e+02 | 212.35%| unknown
 1793s|233800 |181675 | 34354k| 146.9 |   379M | 158 | 951 |5425 |5425 |   0 |  0 |   0 |  37 | 3.400000e+01 | 1.062000e+02 | 212.35%| unknown
 time | node  | left  |LP iter|LP it/n|mem/heur|mdpt |vars |cons |rows |cuts |sepa|confs|strbr|  dualbound   | primalbound  |  gap   | compl. 
 1794s|233900 |181763 | 34355k| 146.9 |   380M | 158 | 951 |5425 |5425 |   0 |  0 |   0 |  37 | 3.400000e+01 | 1.062000e+02 | 212.35%| unknown
 1794s|234000 |181835 | 34357k| 146.8 |   380M | 158 | 951 |5425 |5425 |   0 |  0 |   0 |  37 | 3.400000e+01 | 1.062000e+02 | 212.35%| unknown
 1795s|234100 |181915 | 34374k| 146.8 |   380M | 158 | 951 |5425 |5425 |   0 |  0 |   0 |  37 | 3.400000e+01 | 1.062000e+02 | 212.35%| unknown
 1795s|234200 |181995 | 34387k| 146.8 |   380M | 158 | 951 |5425 |5425 |   0 |  0 |   0 |  37 | 3.400000e+01 | 1.062000e+02 | 212.35%| unknown
 1796s|234300 |182057 | 34408k| 146.9 |   380M | 158 | 951 |5425 |5425 |   0 |  0 |   0 |  37 | 3.400000e+01 | 1.062000e+02 | 212.35%| unknown
 1798s|234400 |182147 | 34436k| 146.9 |   380M | 158 | 951 |5425 |5425 |   0 |  0 |   0 |  37 | 3.400000e+01 | 1.062000e+02 | 212.35%| unknown
 1799s|234500 |182227 | 34457k| 146.9 |   381M | 158 | 951 |5425 |5425 |   0 |  0 |   0 |  37 | 3.400000e+01 | 1.062000e+02 | 212.35%| unknown
 1800s|234600 |182297 | 34483k| 147.0 |   381M | 158 | 951 |5425 |5425 |   0 |  0 |   0 |  37 | 3.400000e+01 | 1.062000e+02 | 212.35%| unknown
 1804s|234700 |182375 | 34564k| 147.3 |   381M | 158 | 951 |5425 |5425 |   0 |  0 |   0 |  37 | 3.400000e+01 | 1.062000e+02 | 212.35%| unknown
 1805s|234800 |182451 | 34587k| 147.3 |   381M | 158 | 951 |5425 |5425 |   0 |  0 |   0 |  37 | 3.400000e+01 | 1.062000e+02 | 212.35%| unknown
 1806s|234900 |182535 | 34616k| 147.4 |   382M | 158 | 951 |5425 |5425 |   0 |  0 |   0 |  37 | 3.400000e+01 | 1.062000e+02 | 212.35%| unknown
 1807s|235000 |182627 | 34642k| 147.4 |   382M | 158 | 951 |5425 |5425 |   0 |  0 |   0 |  37 | 3.400000e+01 | 1.062000e+02 | 212.35%| unknown
 1808s|235100 |182711 | 34662k| 147.4 |   382M | 158 | 951 |5425 |5425 |   0 |  0 |   0 |  37 | 3.400000e+01 | 1.062000e+02 | 212.35%| unknown
 1810s|235200 |182783 | 34692k| 147.5 |   382M | 158 | 951 |5425 |5425 |   0 |  0 |   0 |  37 | 3.400000e+01 | 1.062000e+02 | 212.35%| unknown
 1811s|235300 |182861 | 34723k| 147.6 |   382M | 158 | 951 |5425 |5425 |   0 |  0 |   0 |  37 | 3.400000e+01 | 1.062000e+02 | 212.35%| unknown
 time | node  | left  |LP iter|LP it/n|mem/heur|mdpt |vars |cons |rows |cuts |sepa|confs|strbr|  dualbound   | primalbound  |  gap   | compl. 
 1812s|235400 |182949 | 34738k| 147.6 |   382M | 158 | 951 |5425 |5425 |   0 |  0 |   0 |  37 | 3.400000e+01 | 1.062000e+02 | 212.35%| unknown
 1813s|235500 |183033 | 34760k| 147.6 |   382M | 158 | 951 |5425 |5425 |   0 |  0 |   0 |  37 | 3.400000e+01 | 1.062000e+02 | 212.35%| unknown
 1814s|235600 |183123 | 34779k| 147.6 |   382M | 158 | 951 |5425 |5425 |   0 |  0 |   0 |  37 | 3.400000e+01 | 1.062000e+02 | 212.35%| unknown
 1815s|235700 |183199 | 34795k| 147.6 |   382M | 158 | 951 |5425 |5425 |   0 |  0 |   0 |  37 | 3.400000e+01 | 1.062000e+02 | 212.35%| unknown
 1816s|235800 |183281 | 34817k| 147.7 |   382M | 158 | 951 |5425 |5425 |   0 |  0 |   0 |  37 | 3.400000e+01 | 1.062000e+02 | 212.35%| unknown
 1817s|235900 |183367 | 34830k| 147.6 |   383M | 158 | 951 |5425 |5425 |   0 |  0 |   0 |  37 | 3.400000e+01 | 1.062000e+02 | 212.35%| unknown
 1817s|236000 |183445 | 34831k| 147.6 |   383M | 158 | 951 |5425 |5425 |   0 |  0 |   0 |  37 | 3.400000e+01 | 1.062000e+02 | 212.35%| unknown
 1817s|236100 |183517 | 34833k| 147.5 |   383M | 158 | 951 |5425 |5425 |   0 |  0 |   0 |  37 | 3.400000e+01 | 1.062000e+02 | 212.35%| unknown
 1818s|236200 |183589 | 34847k| 147.5 |   383M | 158 | 951 |5425 |5425 |   0 |  0 |   0 |  37 | 3.400000e+01 | 1.062000e+02 | 212.35%| unknown
 1819s|236300 |183653 | 34866k| 147.5 |   383M | 158 | 951 |5425 |5425 |   0 |  0 |   0 |  37 | 3.400000e+01 | 1.062000e+02 | 212.35%| unknown
 1820s|236400 |183725 | 34897k| 147.6 |   383M | 158 | 951 |5425 |5425 |   0 |  0 |   0 |  37 | 3.400000e+01 | 1.062000e+02 | 212.35%| unknown
 1821s|236500 |183807 | 34913k| 147.6 |   383M | 158 | 951 |5425 |5425 |   0 |  0 |   0 |  37 | 3.400000e+01 | 1.062000e+02 | 212.35%| unknown
 1821s|236600 |183893 | 34921k| 147.6 |   384M | 158 | 951 |5425 |5425 |   0 |  0 |   0 |  37 | 3.400000e+01 | 1.062000e+02 | 212.35%| unknown
 1822s|236700 |183977 | 34923k| 147.5 |   384M | 158 | 951 |5425 |5425 |   0 |  0 |   0 |  37 | 3.400000e+01 | 1.062000e+02 | 212.35%| unknown
 1822s|236800 |184059 | 34937k| 147.5 |   384M | 158 | 951 |5425 |5425 |   0 |  0 |   0 |  37 | 3.400000e+01 | 1.062000e+02 | 212.35%| unknown
 time | node  | left  |LP iter|LP it/n|mem/heur|mdpt |vars |cons |rows |cuts |sepa|confs|strbr|  dualbound   | primalbound  |  gap   | compl. 
 1823s|236900 |184131 | 34955k| 147.6 |   384M | 158 | 951 |5425 |5425 |   0 |  0 |   0 |  37 | 3.400000e+01 | 1.062000e+02 | 212.35%| unknown
 1824s|237000 |184211 | 34975k| 147.6 |   385M | 158 | 951 |5425 |5425 |   0 |  0 |   0 |  37 | 3.400000e+01 | 1.062000e+02 | 212.35%| unknown
 1825s|237100 |184297 | 34980k| 147.5 |   385M | 158 | 951 |5425 |5425 |   0 |  0 |   0 |  37 | 3.400000e+01 | 1.062000e+02 | 212.35%| unknown
 1825s|237200 |184373 | 34991k| 147.5 |   385M | 158 | 951 |5425 |5425 |   0 |  0 |   0 |  37 | 3.400000e+01 | 1.062000e+02 | 212.35%| unknown
 1826s|237300 |184463 | 35009k| 147.5 |   385M | 158 | 951 |5425 |5425 |   0 |  0 |   0 |  37 | 3.400000e+01 | 1.062000e+02 | 212.35%| unknown
 1827s|237400 |184545 | 35029k| 147.5 |   385M | 158 | 951 |5425 |5425 |   0 |  0 |   0 |  37 | 3.400000e+01 | 1.062000e+02 | 212.35%| unknown
 1828s|237500 |184621 | 35047k| 147.6 |   385M | 158 | 951 |5425 |5425 |   0 |  0 |   0 |  37 | 3.400000e+01 | 1.062000e+02 | 212.35%| unknown
 1829s|237600 |184703 | 35063k| 147.6 |   385M | 158 | 951 |5425 |5425 |   0 |  0 |   0 |  37 | 3.400000e+01 | 1.062000e+02 | 212.35%| unknown
 1830s|237700 |184795 | 35078k| 147.6 |   385M | 158 | 951 |5425 |5425 |   0 |  0 |   0 |  37 | 3.400000e+01 | 1.062000e+02 | 212.35%| unknown
 1830s|237800 |184871 | 35088k| 147.5 |   385M | 158 | 951 |5425 |5425 |   0 |  0 |   0 |  37 | 3.400000e+01 | 1.062000e+02 | 212.35%| unknown
 1830s|237900 |184931 | 35089k| 147.5 |   385M | 158 | 951 |5425 |5425 |   0 |  0 |   0 |  37 | 3.400000e+01 | 1.062000e+02 | 212.35%| unknown
 1830s|238000 |185003 | 35090k| 147.4 |   386M | 158 | 951 |5425 |5425 |   0 |  0 |   0 |  37 | 3.400000e+01 | 1.062000e+02 | 212.35%| unknown
 1831s|238100 |185079 | 35092k| 147.4 |   386M | 158 | 951 |5425 |5425 |   0 |  0 |   0 |  37 | 3.400000e+01 | 1.062000e+02 | 212.35%| unknown
 1831s|238200 |185153 | 35093k| 147.3 |   386M | 158 | 951 |5425 |5425 |   0 |  0 |   0 |  37 | 3.400000e+01 | 1.062000e+02 | 212.35%| unknown
 1831s|238300 |185233 | 35100k| 147.3 |   386M | 158 | 951 |5425 |5425 |   0 |  0 |   0 |  37 | 3.400000e+01 | 1.062000e+02 | 212.35%| unknown
 time | node  | left  |LP iter|LP it/n|mem/heur|mdpt |vars |cons |rows |cuts |sepa|confs|strbr|  dualbound   | primalbound  |  gap   | compl. 
 1832s|238400 |185315 | 35118k| 147.3 |   386M | 158 | 951 |5425 |5425 |   0 |  0 |   0 |  37 | 3.400000e+01 | 1.062000e+02 | 212.35%| unknown
 1834s|238500 |185389 | 35151k| 147.4 |   386M | 158 | 951 |5425 |5425 |   0 |  0 |   0 |  37 | 3.400000e+01 | 1.062000e+02 | 212.35%| unknown
 1835s|238600 |185471 | 35170k| 147.4 |   386M | 158 | 951 |5425 |5425 |   0 |  0 |   0 |  37 | 3.400000e+01 | 1.062000e+02 | 212.35%| unknown
 1836s|238700 |185535 | 35193k| 147.4 |   386M | 158 | 951 |5425 |5425 |   0 |  0 |   0 |  37 | 3.400000e+01 | 1.062000e+02 | 212.35%| unknown
 1837s|238800 |185623 | 35219k| 147.5 |   386M | 158 | 951 |5425 |5425 |   0 |  0 |   0 |  37 | 3.400000e+01 | 1.062000e+02 | 212.35%| unknown
 1837s|238900 |185707 | 35231k| 147.5 |   386M | 158 | 951 |5425 |5425 |   0 |  0 |   0 |  37 | 3.400000e+01 | 1.062000e+02 | 212.35%| unknown
 1838s|239000 |185791 | 35244k| 147.5 |   387M | 158 | 951 |5425 |5425 |   0 |  0 |   0 |  37 | 3.400000e+01 | 1.062000e+02 | 212.35%| unknown
 1839s|239100 |185873 | 35269k| 147.5 |   387M | 158 | 951 |5425 |5425 |   0 |  0 |   0 |  37 | 3.400000e+01 | 1.062000e+02 | 212.35%| unknown
 1840s|239200 |185955 | 35284k| 147.5 |   387M | 158 | 951 |5425 |5425 |   0 |  0 |   0 |  37 | 3.400000e+01 | 1.062000e+02 | 212.35%| unknown
 1841s|239300 |186029 | 35300k| 147.5 |   387M | 158 | 951 |5425 |5425 |   0 |  0 |   0 |  37 | 3.400000e+01 | 1.062000e+02 | 212.35%| unknown
 1842s|239400 |186117 | 35312k| 147.5 |   389M | 158 | 951 |5425 |5425 |   0 |  0 |   0 |  37 | 3.400000e+01 | 1.062000e+02 | 212.35%| unknown
 1842s|239500 |186207 | 35313k| 147.4 |   389M | 158 | 951 |5425 |5425 |   0 |  0 |   0 |  37 | 3.400000e+01 | 1.062000e+02 | 212.35%| unknown
 1842s|239600 |186289 | 35315k| 147.4 |   389M | 158 | 951 |5425 |5425 |   0 |  0 |   0 |  37 | 3.400000e+01 | 1.062000e+02 | 212.35%| unknown
 1843s|239700 |186373 | 35333k| 147.4 |   389M | 158 | 951 |5425 |5425 |   0 |  0 |   0 |  37 | 3.400000e+01 | 1.062000e+02 | 212.35%| unknown
 1844s|239800 |186449 | 35360k| 147.5 |   389M | 158 | 951 |5425 |5425 |   0 |  0 |   0 |  37 | 3.400000e+01 | 1.062000e+02 | 212.35%| unknown
 time | node  | left  |LP iter|LP it/n|mem/heur|mdpt |vars |cons |rows |cuts |sepa|confs|strbr|  dualbound   | primalbound  |  gap   | compl. 
 1845s|239900 |186517 | 35379k| 147.5 |   389M | 158 | 951 |5425 |5425 |   0 |  0 |   0 |  37 | 3.400000e+01 | 1.062000e+02 | 212.35%| unknown
 1846s|240000 |186605 | 35403k| 147.5 |   390M | 158 | 951 |5425 |5425 |   0 |  0 |   0 |  37 | 3.400000e+01 | 1.062000e+02 | 212.35%| unknown
 1847s|240100 |186689 | 35417k| 147.5 |   390M | 158 | 951 |5425 |5425 |   0 |  0 |   0 |  37 | 3.400000e+01 | 1.062000e+02 | 212.35%| unknown
 1849s|240200 |186765 | 35463k| 147.6 |   390M | 158 | 951 |5425 |5425 |   0 |  0 |   0 |  37 | 3.400000e+01 | 1.062000e+02 | 212.35%| unknown
 1850s|240300 |186839 | 35472k| 147.6 |   390M | 158 | 951 |5425 |5425 |   0 |  0 |   0 |  37 | 3.400000e+01 | 1.062000e+02 | 212.35%| unknown
 1850s|240400 |186927 | 35483k| 147.6 |   390M | 158 | 951 |5425 |5425 |   0 |  0 |   0 |  37 | 3.400000e+01 | 1.062000e+02 | 212.35%| unknown
 1851s|240500 |187001 | 35484k| 147.5 |   390M | 158 | 951 |5425 |5425 |   0 |  0 |   0 |  37 | 3.400000e+01 | 1.062000e+02 | 212.35%| unknown
 1851s|240600 |187075 | 35485k| 147.5 |   390M | 158 | 951 |5425 |5425 |   0 |  0 |   0 |  37 | 3.400000e+01 | 1.062000e+02 | 212.35%| unknown
 1851s|240700 |187155 | 35487k| 147.4 |   390M | 158 | 951 |5425 |5425 |   0 |  0 |   0 |  37 | 3.400000e+01 | 1.062000e+02 | 212.35%| unknown
 1851s|240800 |187235 | 35488k| 147.4 |   390M | 158 | 951 |5425 |5425 |   0 |  0 |   0 |  37 | 3.400000e+01 | 1.062000e+02 | 212.35%| unknown
 1851s|240900 |187315 | 35490k| 147.3 |   390M | 158 | 951 |5425 |5425 |   0 |  0 |   0 |  37 | 3.400000e+01 | 1.062000e+02 | 212.35%| unknown
 1852s|241000 |187391 | 35491k| 147.3 |   390M | 158 | 951 |5425 |5425 |   0 |  0 |   0 |  37 | 3.400000e+01 | 1.062000e+02 | 212.35%| unknown
 1852s|241100 |187467 | 35495k| 147.2 |   391M | 158 | 951 |5425 |5425 |   0 |  0 |   0 |  37 | 3.400000e+01 | 1.062000e+02 | 212.35%| unknown
 1853s|241200 |187551 | 35509k| 147.2 |   391M | 158 | 951 |5425 |5425 |   0 |  0 |   0 |  37 | 3.400000e+01 | 1.062000e+02 | 212.35%| unknown
 1854s|241300 |187635 | 35533k| 147.3 |   391M | 158 | 951 |5425 |5425 |   0 |  0 |   0 |  37 | 3.400000e+01 | 1.062000e+02 | 212.35%| unknown
 time | node  | left  |LP iter|LP it/n|mem/heur|mdpt |vars |cons |rows |cuts |sepa|confs|strbr|  dualbound   | primalbound  |  gap   | compl. 
 1855s|241400 |187719 | 35556k| 147.3 |   392M | 158 | 951 |5425 |5425 |   0 |  0 |   0 |  37 | 3.400000e+01 | 1.062000e+02 | 212.35%| unknown
 1856s|241500 |187801 | 35568k| 147.3 |   392M | 158 | 951 |5425 |5425 |   0 |  0 |   0 |  37 | 3.400000e+01 | 1.062000e+02 | 212.35%| unknown
 1857s|241600 |187883 | 35594k| 147.3 |   392M | 158 | 951 |5425 |5425 |   0 |  0 |   0 |  37 | 3.400000e+01 | 1.062000e+02 | 212.35%| unknown
 1858s|241700 |187959 | 35620k| 147.4 |   392M | 158 | 951 |5425 |5425 |   0 |  0 |   0 |  37 | 3.400000e+01 | 1.062000e+02 | 212.35%| unknown
 1859s|241800 |188043 | 35630k| 147.4 |   392M | 158 | 951 |5425 |5425 |   0 |  0 |   0 |  37 | 3.400000e+01 | 1.062000e+02 | 212.35%| unknown
 1859s|241900 |188115 | 35642k| 147.3 |   392M | 158 | 951 |5425 |5425 |   0 |  0 |   0 |  37 | 3.400000e+01 | 1.062000e+02 | 212.35%| unknown
 1860s|242000 |188173 | 35666k| 147.4 |   392M | 158 | 951 |5425 |5425 |   0 |  0 |   0 |  37 | 3.400000e+01 | 1.062000e+02 | 212.35%| unknown
 1862s|242100 |188245 | 35701k| 147.5 |   393M | 158 | 951 |5425 |5425 |   0 |  0 |   0 |  37 | 3.400000e+01 | 1.062000e+02 | 212.35%| unknown
 1863s|242200 |188325 | 35725k| 147.5 |   393M | 158 | 951 |5425 |5425 |   0 |  0 |   0 |  37 | 3.400000e+01 | 1.062000e+02 | 212.35%| unknown
 1864s|242300 |188397 | 35745k| 147.5 |   393M | 158 | 951 |5425 |5425 |   0 |  0 |   0 |  37 | 3.400000e+01 | 1.062000e+02 | 212.35%| unknown
 1865s|242400 |188477 | 35752k| 147.5 |   393M | 158 | 951 |5425 |5425 |   0 |  0 |   0 |  37 | 3.400000e+01 | 1.062000e+02 | 212.35%| unknown
 1865s|242500 |188551 | 35753k| 147.4 |   393M | 158 | 951 |5425 |5425 |   0 |  0 |   0 |  37 | 3.400000e+01 | 1.062000e+02 | 212.35%| unknown
 1865s|242600 |188633 | 35754k| 147.4 |   393M | 158 | 951 |5425 |5425 |   0 |  0 |   0 |  37 | 3.400000e+01 | 1.062000e+02 | 212.35%| unknown
 1865s|242700 |188701 | 35755k| 147.3 |   393M | 158 | 951 |5425 |5425 |   0 |  0 |   0 |  37 | 3.400000e+01 | 1.062000e+02 | 212.35%| unknown
 1866s|242800 |188767 | 35757k| 147.3 |   393M | 158 | 951 |5425 |5425 |   0 |  0 |   0 |  37 | 3.400000e+01 | 1.062000e+02 | 212.35%| unknown
 time | node  | left  |LP iter|LP it/n|mem/heur|mdpt |vars |cons |rows |cuts |sepa|confs|strbr|  dualbound   | primalbound  |  gap   | compl. 
 1867s|242900 |188849 | 35789k| 147.3 |   393M | 158 | 951 |5425 |5425 |   0 |  0 |   0 |  37 | 3.400000e+01 | 1.062000e+02 | 212.35%| unknown
 1868s|243000 |188921 | 35811k| 147.4 |   393M | 158 | 951 |5425 |5425 |   0 |  0 |   0 |  37 | 3.400000e+01 | 1.062000e+02 | 212.35%| unknown
 1870s|243100 |188997 | 35842k| 147.4 |   393M | 158 | 951 |5425 |5425 |   0 |  0 |   0 |  37 | 3.400000e+01 | 1.062000e+02 | 212.35%| unknown
 1870s|243200 |189073 | 35857k| 147.4 |   394M | 158 | 951 |5425 |5425 |   0 |  0 |   0 |  37 | 3.400000e+01 | 1.062000e+02 | 212.35%| unknown
 1871s|243300 |189161 | 35880k| 147.5 |   394M | 158 | 951 |5425 |5425 |   0 |  0 |   0 |  37 | 3.400000e+01 | 1.062000e+02 | 212.35%| unknown
 1872s|243400 |189237 | 35892k| 147.5 |   394M | 158 | 951 |5425 |5425 |   0 |  0 |   0 |  37 | 3.400000e+01 | 1.062000e+02 | 212.35%| unknown
 1872s|243500 |189299 | 35894k| 147.4 |   394M | 158 | 951 |5425 |5425 |   0 |  0 |   0 |  37 | 3.400000e+01 | 1.062000e+02 | 212.35%| unknown
 1873s|243600 |189359 | 35904k| 147.4 |   394M | 158 | 951 |5425 |5425 |   0 |  0 |   0 |  37 | 3.400000e+01 | 1.062000e+02 | 212.35%| unknown
 1874s|243700 |189447 | 35927k| 147.4 |   394M | 158 | 951 |5425 |5425 |   0 |  0 |   0 |  37 | 3.400000e+01 | 1.062000e+02 | 212.35%| unknown
 1875s|243800 |189515 | 35944k| 147.4 |   394M | 158 | 951 |5425 |5425 |   0 |  0 |   0 |  37 | 3.400000e+01 | 1.062000e+02 | 212.35%| unknown
 1875s|243900 |189605 | 35957k| 147.4 |   394M | 158 | 951 |5425 |5425 |   0 |  0 |   0 |  37 | 3.400000e+01 | 1.062000e+02 | 212.35%| unknown
 1876s|244000 |189695 | 35974k| 147.4 |   394M | 158 | 951 |5425 |5425 |   0 |  0 |   0 |  37 | 3.400000e+01 | 1.062000e+02 | 212.35%| unknown
 1878s|244100 |189775 | 36002k| 147.5 |   394M | 158 | 951 |5425 |5425 |   0 |  0 |   0 |  37 | 3.400000e+01 | 1.062000e+02 | 212.35%| unknown
 1879s|244200 |189869 | 36018k| 147.5 |   395M | 158 | 951 |5425 |5425 |   0 |  0 |   0 |  37 | 3.400000e+01 | 1.062000e+02 | 212.35%| unknown
 1880s|244300 |189947 | 36046k| 147.5 |   396M | 158 | 951 |5425 |5425 |   0 |  0 |   0 |  37 | 3.400000e+01 | 1.062000e+02 | 212.35%| unknown
 time | node  | left  |LP iter|LP it/n|mem/heur|mdpt |vars |cons |rows |cuts |sepa|confs|strbr|  dualbound   | primalbound  |  gap   | compl. 
 1881s|244400 |190009 | 36072k| 147.6 |   396M | 158 | 951 |5425 |5425 |   0 |  0 |   0 |  37 | 3.400000e+01 | 1.062000e+02 | 212.35%| unknown
 1882s|244500 |190071 | 36093k| 147.6 |   396M | 158 | 951 |5425 |5425 |   0 |  0 |   0 |  37 | 3.400000e+01 | 1.062000e+02 | 212.35%| unknown
 1884s|244600 |190149 | 36126k| 147.7 |   396M | 158 | 951 |5425 |5425 |   0 |  0 |   0 |  37 | 3.400000e+01 | 1.062000e+02 | 212.35%| unknown
 1885s|244700 |190239 | 36144k| 147.7 |   396M | 158 | 951 |5425 |5425 |   0 |  0 |   0 |  37 | 3.400000e+01 | 1.062000e+02 | 212.35%| unknown
 1886s|244800 |190325 | 36163k| 147.7 |   396M | 158 | 951 |5425 |5425 |   0 |  0 |   0 |  37 | 3.400000e+01 | 1.062000e+02 | 212.35%| unknown
 1887s|244900 |190401 | 36193k| 147.8 |   396M | 158 | 951 |5425 |5425 |   0 |  0 |   0 |  37 | 3.400000e+01 | 1.062000e+02 | 212.35%| unknown
 1888s|245000 |190487 | 36207k| 147.8 |   396M | 158 | 951 |5425 |5425 |   0 |  0 |   0 |  37 | 3.400000e+01 | 1.062000e+02 | 212.35%| unknown
 1889s|245100 |190573 | 36225k| 147.8 |   396M | 158 | 951 |5425 |5425 |   0 |  0 |   0 |  37 | 3.400000e+01 | 1.062000e+02 | 212.35%| unknown
 1890s|245200 |190649 | 36242k| 147.8 |   396M | 158 | 951 |5425 |5425 |   0 |  0 |   0 |  37 | 3.400000e+01 | 1.062000e+02 | 212.35%| unknown
 1891s|245300 |190727 | 36270k| 147.9 |   398M | 158 | 951 |5425 |5425 |   0 |  0 |   0 |  37 | 3.400000e+01 | 1.062000e+02 | 212.35%| unknown
 1892s|245400 |190797 | 36290k| 147.9 |   398M | 158 | 951 |5425 |5425 |   0 |  0 |   0 |  37 | 3.400000e+01 | 1.062000e+02 | 212.35%| unknown
 1893s|245500 |190883 | 36306k| 147.9 |   398M | 158 | 951 |5425 |5425 |   0 |  0 |   0 |  37 | 3.400000e+01 | 1.062000e+02 | 212.35%| unknown
 1894s|245600 |190959 | 36332k| 147.9 |   398M | 158 | 951 |5425 |5425 |   0 |  0 |   0 |  37 | 3.400000e+01 | 1.062000e+02 | 212.35%| unknown
 1895s|245700 |191027 | 36353k| 148.0 |   398M | 158 | 951 |5425 |5425 |   0 |  0 |   0 |  37 | 3.400000e+01 | 1.062000e+02 | 212.35%| unknown
 1896s|245800 |191091 | 36374k| 148.0 |   398M | 158 | 951 |5425 |5425 |   0 |  0 |   0 |  37 | 3.400000e+01 | 1.062000e+02 | 212.35%| unknown
 time | node  | left  |LP iter|LP it/n|mem/heur|mdpt |vars |cons |rows |cuts |sepa|confs|strbr|  dualbound   | primalbound  |  gap   | compl. 
 1897s|245900 |191171 | 36391k| 148.0 |   398M | 158 | 951 |5425 |5425 |   0 |  0 |   0 |  37 | 3.400000e+01 | 1.062000e+02 | 212.35%| unknown
 1898s|246000 |191253 | 36409k| 148.0 |   398M | 158 | 951 |5425 |5425 |   0 |  0 |   0 |  37 | 3.400000e+01 | 1.062000e+02 | 212.35%| unknown
 1899s|246100 |191333 | 36435k| 148.0 |   398M | 158 | 951 |5425 |5425 |   0 |  0 |   0 |  37 | 3.400000e+01 | 1.062000e+02 | 212.35%| unknown
 1900s|246200 |191409 | 36453k| 148.1 |   398M | 158 | 951 |5425 |5425 |   0 |  0 |   0 |  37 | 3.400000e+01 | 1.062000e+02 | 212.35%| unknown
 1901s|246300 |191487 | 36471k| 148.1 |   399M | 158 | 951 |5425 |5425 |   0 |  0 |   0 |  37 | 3.400000e+01 | 1.062000e+02 | 212.35%| unknown
 1901s|246400 |191569 | 36481k| 148.1 |   400M | 158 | 951 |5425 |5425 |   0 |  0 |   0 |  37 | 3.400000e+01 | 1.062000e+02 | 212.35%| unknown
 1903s|246500 |191633 | 36506k| 148.1 |   400M | 158 | 951 |5425 |5425 |   0 |  0 |   0 |  37 | 3.400000e+01 | 1.062000e+02 | 212.35%| unknown
 1904s|246600 |191713 | 36531k| 148.1 |   400M | 158 | 951 |5425 |5425 |   0 |  0 |   0 |  37 | 3.400000e+01 | 1.062000e+02 | 212.35%| unknown
 1905s|246700 |191799 | 36547k| 148.1 |   400M | 158 | 951 |5425 |5425 |   0 |  0 |   0 |  37 | 3.400000e+01 | 1.062000e+02 | 212.35%| unknown
 1906s|246800 |191885 | 36565k| 148.2 |   400M | 158 | 951 |5425 |5425 |   0 |  0 |   0 |  37 | 3.400000e+01 | 1.062000e+02 | 212.35%| unknown
 1906s|246900 |191983 | 36577k| 148.1 |   400M | 158 | 951 |5425 |5425 |   0 |  0 |   0 |  37 | 3.400000e+01 | 1.062000e+02 | 212.35%| unknown
 1907s|247000 |192067 | 36605k| 148.2 |   400M | 158 | 951 |5425 |5425 |   0 |  0 |   0 |  37 | 3.400000e+01 | 1.062000e+02 | 212.35%| unknown
 1909s|247100 |192151 | 36640k| 148.3 |   400M | 158 | 951 |5425 |5425 |   0 |  0 |   0 |  37 | 3.400000e+01 | 1.062000e+02 | 212.35%| unknown
 1910s|247200 |192239 | 36649k| 148.3 |   400M | 158 | 951 |5425 |5425 |   0 |  0 |   0 |  37 | 3.400000e+01 | 1.062000e+02 | 212.35%| unknown
 1911s|247300 |192331 | 36670k| 148.3 |   401M | 158 | 951 |5425 |5425 |   0 |  0 |   0 |  37 | 3.400000e+01 | 1.062000e+02 | 212.35%| unknown
 time | node  | left  |LP iter|LP it/n|mem/heur|mdpt |vars |cons |rows |cuts |sepa|confs|strbr|  dualbound   | primalbound  |  gap   | compl. 
 1912s|247400 |192411 | 36697k| 148.3 |   401M | 158 | 951 |5425 |5425 |   0 |  0 |   0 |  37 | 3.400000e+01 | 1.062000e+02 | 212.35%| unknown
 1913s|247500 |192489 | 36713k| 148.3 |   401M | 158 | 951 |5425 |5425 |   0 |  0 |   0 |  37 | 3.400000e+01 | 1.062000e+02 | 212.35%| unknown
 1914s|247600 |192561 | 36729k| 148.3 |   401M | 158 | 951 |5425 |5425 |   0 |  0 |   0 |  37 | 3.400000e+01 | 1.062000e+02 | 212.35%| unknown
 1915s|247700 |192643 | 36758k| 148.4 |   401M | 158 | 951 |5425 |5425 |   0 |  0 |   0 |  37 | 3.400000e+01 | 1.062000e+02 | 212.35%| unknown
 1916s|247800 |192713 | 36772k| 148.4 |   401M | 158 | 951 |5425 |5425 |   0 |  0 |   0 |  37 | 3.400000e+01 | 1.062000e+02 | 212.35%| unknown
 1917s|247900 |192799 | 36797k| 148.4 |   401M | 158 | 951 |5425 |5425 |   0 |  0 |   0 |  37 | 3.400000e+01 | 1.062000e+02 | 212.35%| unknown
 1918s|248000 |192875 | 36812k| 148.4 |   401M | 158 | 951 |5425 |5425 |   0 |  0 |   0 |  37 | 3.400000e+01 | 1.062000e+02 | 212.35%| unknown
 1918s|248100 |192959 | 36818k| 148.4 |   401M | 158 | 951 |5425 |5425 |   0 |  0 |   0 |  37 | 3.400000e+01 | 1.062000e+02 | 212.35%| unknown
 1918s|248200 |193037 | 36819k| 148.3 |   401M | 158 | 951 |5425 |5425 |   0 |  0 |   0 |  37 | 3.400000e+01 | 1.062000e+02 | 212.35%| unknown
 1919s|248300 |193117 | 36820k| 148.3 |   402M | 158 | 951 |5425 |5425 |   0 |  0 |   0 |  37 | 3.400000e+01 | 1.062000e+02 | 212.35%| unknown
 1919s|248400 |193203 | 36822k| 148.2 |   402M | 158 | 951 |5425 |5425 |   0 |  0 |   0 |  37 | 3.400000e+01 | 1.062000e+02 | 212.35%| unknown
 1919s|248500 |193275 | 36823k| 148.2 |   402M | 158 | 951 |5425 |5425 |   0 |  0 |   0 |  37 | 3.400000e+01 | 1.062000e+02 | 212.35%| unknown
 1919s|248600 |193341 | 36825k| 148.1 |   402M | 158 | 951 |5425 |5425 |   0 |  0 |   0 |  37 | 3.400000e+01 | 1.062000e+02 | 212.35%| unknown
 1919s|248700 |193401 | 36826k| 148.1 |   402M | 158 | 951 |5425 |5425 |   0 |  0 |   0 |  37 | 3.400000e+01 | 1.062000e+02 | 212.35%| unknown
 1919s|248800 |193471 | 36827k| 148.0 |   402M | 158 | 951 |5425 |5425 |   0 |  0 |   0 |  37 | 3.400000e+01 | 1.062000e+02 | 212.35%| unknown
 time | node  | left  |LP iter|LP it/n|mem/heur|mdpt |vars |cons |rows |cuts |sepa|confs|strbr|  dualbound   | primalbound  |  gap   | compl. 
 1920s|248900 |193511 | 36829k| 148.0 |   402M | 158 | 951 |5425 |5425 |   0 |  0 |   0 |  37 | 3.400000e+01 | 1.062000e+02 | 212.35%| unknown
 1920s|249000 |193587 | 36831k| 147.9 |   402M | 158 | 951 |5425 |5425 |   0 |  0 |   0 |  37 | 3.400000e+01 | 1.062000e+02 | 212.35%| unknown
 1920s|249100 |193673 | 36832k| 147.9 |   402M | 158 | 951 |5425 |5425 |   0 |  0 |   0 |  37 | 3.400000e+01 | 1.062000e+02 | 212.35%| unknown
 1920s|249200 |193747 | 36839k| 147.8 |   402M | 158 | 951 |5425 |5425 |   0 |  0 |   0 |  37 | 3.400000e+01 | 1.062000e+02 | 212.35%| unknown
 1922s|249300 |193805 | 36861k| 147.9 |   403M | 158 | 951 |5425 |5425 |   0 |  0 |   0 |  37 | 3.400000e+01 | 1.062000e+02 | 212.35%| unknown
 1923s|249400 |193863 | 36885k| 147.9 |   403M | 158 | 951 |5425 |5425 |   0 |  0 |   0 |  37 | 3.400000e+01 | 1.062000e+02 | 212.35%| unknown
 1924s|249500 |193949 | 36917k| 148.0 |   404M | 158 | 951 |5425 |5425 |   0 |  0 |   0 |  37 | 3.400000e+01 | 1.062000e+02 | 212.35%| unknown
 1925s|249600 |194023 | 36933k| 148.0 |   404M | 158 | 951 |5425 |5425 |   0 |  0 |   0 |  37 | 3.400000e+01 | 1.062000e+02 | 212.35%| unknown
 1926s|249700 |194107 | 36957k| 148.0 |   404M | 158 | 951 |5425 |5425 |   0 |  0 |   0 |  37 | 3.400000e+01 | 1.062000e+02 | 212.35%| unknown
 1927s|249800 |194191 | 36964k| 148.0 |   404M | 158 | 951 |5425 |5425 |   0 |  0 |   0 |  37 | 3.400000e+01 | 1.062000e+02 | 212.35%| unknown
 1928s|249900 |194271 | 37001k| 148.1 |   404M | 158 | 951 |5425 |5425 |   0 |  0 |   0 |  37 | 3.400000e+01 | 1.062000e+02 | 212.35%| unknown
 1931s|250000 |194357 | 37046k| 148.2 |   404M | 158 | 951 |5425 |5425 |   0 |  0 |   0 |  37 | 3.400000e+01 | 1.062000e+02 | 212.35%| unknown
 1932s|250100 |194441 | 37068k| 148.2 |   404M | 158 | 951 |5425 |5425 |   0 |  0 |   0 |  37 | 3.400000e+01 | 1.062000e+02 | 212.35%| unknown
 1933s|250200 |194519 | 37092k| 148.2 |   404M | 158 | 951 |5425 |5425 |   0 |  0 |   0 |  37 | 3.400000e+01 | 1.062000e+02 | 212.35%| unknown
 1934s|250300 |194591 | 37111k| 148.3 |   404M | 158 | 951 |5425 |5425 |   0 |  0 |   0 |  37 | 3.400000e+01 | 1.062000e+02 | 212.35%| unknown
 time | node  | left  |LP iter|LP it/n|mem/heur|mdpt |vars |cons |rows |cuts |sepa|confs|strbr|  dualbound   | primalbound  |  gap   | compl. 
 1935s|250400 |194667 | 37140k| 148.3 |   404M | 158 | 951 |5425 |5425 |   0 |  0 |   0 |  37 | 3.400000e+01 | 1.062000e+02 | 212.35%| unknown
 1936s|250500 |194749 | 37163k| 148.4 |   405M | 158 | 951 |5425 |5425 |   0 |  0 |   0 |  37 | 3.400000e+01 | 1.062000e+02 | 212.35%| unknown
 1937s|250600 |194823 | 37183k| 148.4 |   405M | 158 | 951 |5425 |5425 |   0 |  0 |   0 |  37 | 3.400000e+01 | 1.062000e+02 | 212.35%| unknown
 1938s|250700 |194901 | 37203k| 148.4 |   405M | 158 | 951 |5425 |5425 |   0 |  0 |   0 |  37 | 3.400000e+01 | 1.062000e+02 | 212.35%| unknown
 1939s|250800 |194975 | 37224k| 148.4 |   405M | 158 | 951 |5425 |5425 |   0 |  0 |   0 |  37 | 3.400000e+01 | 1.062000e+02 | 212.35%| unknown
 1939s|250900 |195053 | 37229k| 148.4 |   405M | 158 | 951 |5425 |5425 |   0 |  0 |   0 |  37 | 3.400000e+01 | 1.062000e+02 | 212.35%| unknown
 1939s|251000 |195127 | 37231k| 148.3 |   405M | 158 | 951 |5425 |5425 |   0 |  0 |   0 |  37 | 3.400000e+01 | 1.062000e+02 | 212.35%| unknown
 1940s|251100 |195211 | 37252k| 148.4 |   405M | 158 | 951 |5425 |5425 |   0 |  0 |   0 |  37 | 3.400000e+01 | 1.062000e+02 | 212.35%| unknown
 1941s|251200 |195291 | 37266k| 148.4 |   405M | 158 | 951 |5425 |5425 |   0 |  0 |   0 |  37 | 3.400000e+01 | 1.062000e+02 | 212.35%| unknown
 1942s|251300 |195371 | 37277k| 148.3 |   406M | 158 | 951 |5425 |5425 |   0 |  0 |   0 |  37 | 3.400000e+01 | 1.062000e+02 | 212.35%| unknown
 1942s|251400 |195441 | 37278k| 148.3 |   406M | 158 | 951 |5425 |5425 |   0 |  0 |   0 |  37 | 3.400000e+01 | 1.062000e+02 | 212.35%| unknown
 1942s|251500 |195513 | 37280k| 148.2 |   406M | 158 | 951 |5425 |5425 |   0 |  0 |   0 |  37 | 3.400000e+01 | 1.062000e+02 | 212.35%| unknown
 1942s|251600 |195605 | 37281k| 148.2 |   408M | 158 | 951 |5425 |5425 |   0 |  0 |   0 |  37 | 3.400000e+01 | 1.062000e+02 | 212.35%| unknown
 1942s|251700 |195681 | 37282k| 148.1 |   408M | 158 | 951 |5425 |5425 |   0 |  0 |   0 |  37 | 3.400000e+01 | 1.062000e+02 | 212.35%| unknown
 1943s|251800 |195743 | 37284k| 148.1 |   408M | 158 | 951 |5425 |5425 |   0 |  0 |   0 |  37 | 3.400000e+01 | 1.062000e+02 | 212.35%| unknown
 time | node  | left  |LP iter|LP it/n|mem/heur|mdpt |vars |cons |rows |cuts |sepa|confs|strbr|  dualbound   | primalbound  |  gap   | compl. 
 1943s|251900 |195821 | 37299k| 148.1 |   408M | 158 | 951 |5425 |5425 |   0 |  0 |   0 |  37 | 3.400000e+01 | 1.062000e+02 | 212.35%| unknown
 1945s|252000 |195899 | 37323k| 148.1 |   408M | 158 | 951 |5425 |5425 |   0 |  0 |   0 |  37 | 3.400000e+01 | 1.062000e+02 | 212.35%| unknown
 1946s|252100 |195977 | 37341k| 148.1 |   408M | 158 | 951 |5425 |5425 |   0 |  0 |   0 |  37 | 3.400000e+01 | 1.062000e+02 | 212.35%| unknown
 1947s|252200 |196051 | 37361k| 148.1 |   408M | 158 | 951 |5425 |5425 |   0 |  0 |   0 |  37 | 3.400000e+01 | 1.062000e+02 | 212.35%| unknown
 1947s|252300 |196141 | 37379k| 148.2 |   408M | 158 | 951 |5425 |5425 |   0 |  0 |   0 |  37 | 3.400000e+01 | 1.062000e+02 | 212.35%| unknown
 1949s|252400 |196223 | 37404k| 148.2 |   408M | 158 | 951 |5425 |5425 |   0 |  0 |   0 |  37 | 3.400000e+01 | 1.062000e+02 | 212.35%| unknown
 1950s|252500 |196309 | 37429k| 148.2 |   408M | 158 | 951 |5425 |5425 |   0 |  0 |   0 |  37 | 3.400000e+01 | 1.062000e+02 | 212.35%| unknown
 1950s|252600 |196391 | 37430k| 148.2 |   409M | 158 | 951 |5425 |5425 |   0 |  0 |   0 |  37 | 3.400000e+01 | 1.062000e+02 | 212.35%| unknown
 1950s|252700 |196467 | 37431k| 148.1 |   409M | 158 | 951 |5425 |5425 |   0 |  0 |   0 |  37 | 3.400000e+01 | 1.062000e+02 | 212.35%| unknown
 1950s|252800 |196527 | 37433k| 148.1 |   409M | 158 | 951 |5425 |5425 |   0 |  0 |   0 |  37 | 3.400000e+01 | 1.062000e+02 | 212.35%| unknown
 1951s|252900 |196611 | 37434k| 148.0 |   409M | 158 | 951 |5425 |5425 |   0 |  0 |   0 |  37 | 3.400000e+01 | 1.062000e+02 | 212.35%| unknown
 1951s|253000 |196687 | 37436k| 148.0 |   409M | 158 | 951 |5425 |5425 |   0 |  0 |   0 |  37 | 3.400000e+01 | 1.062000e+02 | 212.35%| unknown
 1951s|253100 |196769 | 37437k| 147.9 |   409M | 158 | 951 |5425 |5425 |   0 |  0 |   0 |  37 | 3.400000e+01 | 1.062000e+02 | 212.35%| unknown
 1951s|253200 |196843 | 37439k| 147.9 |   409M | 158 | 951 |5425 |5425 |   0 |  0 |   0 |  37 | 3.400000e+01 | 1.062000e+02 | 212.35%| unknown
 1951s|253300 |196913 | 37440k| 147.8 |   409M | 158 | 951 |5425 |5425 |   0 |  0 |   0 |  37 | 3.400000e+01 | 1.062000e+02 | 212.35%| unknown
 time | node  | left  |LP iter|LP it/n|mem/heur|mdpt |vars |cons |rows |cuts |sepa|confs|strbr|  dualbound   | primalbound  |  gap   | compl. 
 1952s|253400 |196993 | 37441k| 147.8 |   409M | 158 | 951 |5425 |5425 |   0 |  0 |   0 |  37 | 3.400000e+01 | 1.062000e+02 | 212.35%| unknown
 1952s|253500 |197063 | 37448k| 147.7 |   409M | 158 | 951 |5425 |5425 |   0 |  0 |   0 |  37 | 3.400000e+01 | 1.062000e+02 | 212.35%| unknown
 1953s|253600 |197141 | 37467k| 147.7 |   409M | 158 | 951 |5425 |5425 |   0 |  0 |   0 |  37 | 3.400000e+01 | 1.062000e+02 | 212.35%| unknown
 1954s|253700 |197227 | 37484k| 147.7 |   410M | 158 | 951 |5425 |5425 |   0 |  0 |   0 |  37 | 3.400000e+01 | 1.062000e+02 | 212.35%| unknown
 1955s|253800 |197323 | 37509k| 147.8 |   410M | 158 | 951 |5425 |5425 |   0 |  0 |   0 |  37 | 3.400000e+01 | 1.062000e+02 | 212.35%| unknown
 1956s|253900 |197409 | 37530k| 147.8 |   410M | 158 | 951 |5425 |5425 |   0 |  0 |   0 |  37 | 3.400000e+01 | 1.062000e+02 | 212.35%| unknown
 1957s|254000 |197491 | 37551k| 147.8 |   410M | 158 | 951 |5425 |5425 |   0 |  0 |   0 |  37 | 3.400000e+01 | 1.062000e+02 | 212.35%| unknown
 1958s|254100 |197565 | 37565k| 147.8 |   410M | 158 | 951 |5425 |5425 |   0 |  0 |   0 |  37 | 3.400000e+01 | 1.062000e+02 | 212.35%| unknown
 1959s|254200 |197631 | 37595k| 147.9 |   411M | 158 | 951 |5425 |5425 |   0 |  0 |   0 |  37 | 3.400000e+01 | 1.062000e+02 | 212.35%| unknown
 1960s|254300 |197703 | 37612k| 147.9 |   411M | 158 | 951 |5425 |5425 |   0 |  0 |   0 |  37 | 3.400000e+01 | 1.062000e+02 | 212.35%| unknown
 1961s|254400 |197781 | 37630k| 147.9 |   411M | 158 | 951 |5425 |5425 |   0 |  0 |   0 |  37 | 3.400000e+01 | 1.062000e+02 | 212.35%| unknown
 1962s|254500 |197859 | 37645k| 147.9 |   411M | 158 | 951 |5425 |5425 |   0 |  0 |   0 |  37 | 3.400000e+01 | 1.062000e+02 | 212.35%| unknown
 1963s|254600 |197937 | 37676k| 148.0 |   411M | 158 | 951 |5425 |5425 |   0 |  0 |   0 |  37 | 3.400000e+01 | 1.062000e+02 | 212.35%| unknown
 1964s|254700 |198025 | 37695k| 148.0 |   412M | 158 | 951 |5425 |5425 |   0 |  0 |   0 |  37 | 3.400000e+01 | 1.062000e+02 | 212.35%| unknown
 1965s|254800 |198107 | 37719k| 148.0 |   412M | 158 | 951 |5425 |5425 |   0 |  0 |   0 |  37 | 3.400000e+01 | 1.062000e+02 | 212.35%| unknown
 time | node  | left  |LP iter|LP it/n|mem/heur|mdpt |vars |cons |rows |cuts |sepa|confs|strbr|  dualbound   | primalbound  |  gap   | compl. 
 1966s|254900 |198191 | 37740k| 148.1 |   412M | 158 | 951 |5425 |5425 |   0 |  0 |   0 |  37 | 3.400000e+01 | 1.062000e+02 | 212.35%| unknown
 1968s|255000 |198267 | 37764k| 148.1 |   412M | 158 | 951 |5425 |5425 |   0 |  0 |   0 |  37 | 3.400000e+01 | 1.062000e+02 | 212.35%| unknown
 1969s|255100 |198353 | 37782k| 148.1 |   412M | 158 | 951 |5425 |5425 |   0 |  0 |   0 |  37 | 3.400000e+01 | 1.062000e+02 | 212.35%| unknown
 1971s|255200 |198439 | 37826k| 148.2 |   412M | 158 | 951 |5425 |5425 |   0 |  0 |   0 |  37 | 3.400000e+01 | 1.062000e+02 | 212.35%| unknown
 1971s|255300 |198521 | 37842k| 148.2 |   412M | 158 | 951 |5425 |5425 |   0 |  0 |   0 |  37 | 3.400000e+01 | 1.062000e+02 | 212.35%| unknown
 1973s|255400 |198581 | 37864k| 148.3 |   412M | 158 | 951 |5425 |5425 |   0 |  0 |   0 |  37 | 3.400000e+01 | 1.062000e+02 | 212.35%| unknown
 1974s|255500 |198651 | 37883k| 148.3 |   412M | 158 | 951 |5425 |5425 |   0 |  0 |   0 |  37 | 3.400000e+01 | 1.062000e+02 | 212.35%| unknown
 1974s|255600 |198729 | 37900k| 148.3 |   412M | 158 | 951 |5425 |5425 |   0 |  0 |   0 |  37 | 3.400000e+01 | 1.062000e+02 | 212.35%| unknown
 1977s|255700 |198807 | 37958k| 148.4 |   413M | 158 | 951 |5425 |5425 |   0 |  0 |   0 |  37 | 3.400000e+01 | 1.062000e+02 | 212.35%| unknown
 1978s|255800 |198883 | 37974k| 148.4 |   413M | 158 | 951 |5425 |5425 |   0 |  0 |   0 |  37 | 3.400000e+01 | 1.062000e+02 | 212.35%| unknown
 1978s|255900 |198961 | 37975k| 148.4 |   413M | 158 | 951 |5425 |5425 |   0 |  0 |   0 |  37 | 3.400000e+01 | 1.062000e+02 | 212.35%| unknown
 1978s|256000 |199029 | 37976k| 148.3 |   413M | 158 | 951 |5425 |5425 |   0 |  0 |   0 |  37 | 3.400000e+01 | 1.062000e+02 | 212.35%| unknown
 1979s|256100 |199095 | 38002k| 148.4 |   413M | 158 | 951 |5425 |5425 |   0 |  0 |   0 |  37 | 3.400000e+01 | 1.062000e+02 | 212.35%| unknown
 1981s|256200 |199175 | 38034k| 148.5 |   413M | 158 | 951 |5425 |5425 |   0 |  0 |   0 |  37 | 3.400000e+01 | 1.062000e+02 | 212.35%| unknown
 1982s|256300 |199253 | 38056k| 148.5 |   414M | 158 | 951 |5425 |5425 |   0 |  0 |   0 |  37 | 3.400000e+01 | 1.062000e+02 | 212.35%| unknown
 time | node  | left  |LP iter|LP it/n|mem/heur|mdpt |vars |cons |rows |cuts |sepa|confs|strbr|  dualbound   | primalbound  |  gap   | compl. 
 1983s|256400 |199335 | 38074k| 148.5 |   414M | 158 | 951 |5425 |5425 |   0 |  0 |   0 |  37 | 3.400000e+01 | 1.062000e+02 | 212.35%| unknown
 1983s|256500 |199409 | 38089k| 148.5 |   414M | 158 | 951 |5425 |5425 |   0 |  0 |   0 |  37 | 3.400000e+01 | 1.062000e+02 | 212.35%| unknown
 1984s|256600 |199495 | 38104k| 148.5 |   414M | 158 | 951 |5425 |5425 |   0 |  0 |   0 |  37 | 3.400000e+01 | 1.062000e+02 | 212.35%| unknown
 1986s|256700 |199567 | 38135k| 148.6 |   414M | 158 | 951 |5425 |5425 |   0 |  0 |   0 |  37 | 3.400000e+01 | 1.062000e+02 | 212.35%| unknown
 1987s|256800 |199661 | 38154k| 148.6 |   415M | 158 | 951 |5425 |5425 |   0 |  0 |   0 |  37 | 3.400000e+01 | 1.062000e+02 | 212.35%| unknown
 1987s|256900 |199751 | 38155k| 148.5 |   415M | 158 | 951 |5425 |5425 |   0 |  0 |   0 |  37 | 3.400000e+01 | 1.062000e+02 | 212.35%| unknown
 1987s|257000 |199833 | 38157k| 148.5 |   415M | 158 | 951 |5425 |5425 |   0 |  0 |   0 |  37 | 3.400000e+01 | 1.062000e+02 | 212.35%| unknown
 1987s|257100 |199915 | 38158k| 148.4 |   416M | 158 | 951 |5425 |5425 |   0 |  0 |   0 |  37 | 3.400000e+01 | 1.062000e+02 | 212.35%| unknown
 1987s|257200 |199991 | 38160k| 148.4 |   416M | 158 | 951 |5425 |5425 |   0 |  0 |   0 |  37 | 3.400000e+01 | 1.062000e+02 | 212.35%| unknown
 1989s|257300 |200065 | 38181k| 148.4 |   416M | 158 | 951 |5425 |5425 |   0 |  0 |   0 |  37 | 3.400000e+01 | 1.062000e+02 | 212.35%| unknown
 1990s|257400 |200143 | 38201k| 148.4 |   416M | 158 | 951 |5425 |5425 |   0 |  0 |   0 |  37 | 3.400000e+01 | 1.062000e+02 | 212.35%| unknown
 1991s|257500 |200221 | 38237k| 148.5 |   416M | 158 | 951 |5425 |5425 |   0 |  0 |   0 |  37 | 3.400000e+01 | 1.062000e+02 | 212.35%| unknown
 1992s|257600 |200297 | 38255k| 148.5 |   416M | 158 | 951 |5425 |5425 |   0 |  0 |   0 |  37 | 3.400000e+01 | 1.062000e+02 | 212.35%| unknown
 1994s|257700 |200373 | 38292k| 148.6 |   416M | 158 | 951 |5425 |5425 |   0 |  0 |   0 |  37 | 3.400000e+01 | 1.062000e+02 | 212.35%| unknown
 1994s|257800 |200453 | 38293k| 148.5 |   417M | 158 | 951 |5425 |5425 |   0 |  0 |   0 |  37 | 3.400000e+01 | 1.062000e+02 | 212.35%| unknown
 time | node  | left  |LP iter|LP it/n|mem/heur|mdpt |vars |cons |rows |cuts |sepa|confs|strbr|  dualbound   | primalbound  |  gap   | compl. 
 1994s|257900 |200537 | 38295k| 148.5 |   417M | 158 | 951 |5425 |5425 |   0 |  0 |   0 |  37 | 3.400000e+01 | 1.062000e+02 | 212.35%| unknown
 1994s|258000 |200609 | 38296k| 148.4 |   417M | 158 | 951 |5425 |5425 |   0 |  0 |   0 |  37 | 3.400000e+01 | 1.062000e+02 | 212.35%| unknown
 1995s|258100 |200693 | 38298k| 148.4 |   417M | 158 | 951 |5425 |5425 |   0 |  0 |   0 |  37 | 3.400000e+01 | 1.062000e+02 | 212.35%| unknown
 1995s|258200 |200757 | 38300k| 148.3 |   417M | 158 | 951 |5425 |5425 |   0 |  0 |   0 |  37 | 3.400000e+01 | 1.062000e+02 | 212.35%| unknown
 1995s|258300 |200837 | 38302k| 148.3 |   417M | 158 | 951 |5425 |5425 |   0 |  0 |   0 |  37 | 3.400000e+01 | 1.062000e+02 | 212.35%| unknown
 1995s|258400 |200913 | 38303k| 148.2 |   417M | 158 | 951 |5425 |5425 |   0 |  0 |   0 |  37 | 3.400000e+01 | 1.062000e+02 | 212.35%| unknown
 1995s|258500 |201003 | 38304k| 148.2 |   417M | 158 | 951 |5425 |5425 |   0 |  0 |   0 |  37 | 3.400000e+01 | 1.062000e+02 | 212.35%| unknown
 1995s|258600 |201077 | 38305k| 148.1 |   417M | 158 | 951 |5425 |5425 |   0 |  0 |   0 |  37 | 3.400000e+01 | 1.062000e+02 | 212.35%| unknown
 1996s|258700 |201139 | 38306k| 148.1 |   417M | 158 | 951 |5425 |5425 |   0 |  0 |   0 |  37 | 3.400000e+01 | 1.062000e+02 | 212.35%| unknown
 1996s|258800 |201181 | 38307k| 148.0 |   417M | 158 | 951 |5425 |5425 |   0 |  0 |   0 |  37 | 3.400000e+01 | 1.062000e+02 | 212.35%| unknown
 1996s|258900 |201205 | 38309k| 148.0 |   417M | 158 | 951 |5425 |5425 |   0 |  0 |   0 |  37 | 3.400000e+01 | 1.062000e+02 | 212.35%| unknown
 1998s|259000 |201265 | 38344k| 148.0 |   418M | 158 | 951 |5425 |5425 |   0 |  0 |   0 |  37 | 3.400000e+01 | 1.062000e+02 | 212.35%| unknown
 1999s|259100 |201333 | 38384k| 148.1 |   418M | 158 | 951 |5425 |5425 |   0 |  0 |   0 |  37 | 3.400000e+01 | 1.062000e+02 | 212.35%| unknown
 2000s|259200 |201421 | 38402k| 148.2 |   418M | 158 | 951 |5425 |5425 |   0 |  0 |   0 |  37 | 3.400000e+01 | 1.062000e+02 | 212.35%| unknown
 2001s|259300 |201503 | 38421k| 148.2 |   419M | 158 | 951 |5425 |5425 |   0 |  0 |   0 |  37 | 3.400000e+01 | 1.062000e+02 | 212.35%| unknown
 time | node  | left  |LP iter|LP it/n|mem/heur|mdpt |vars |cons |rows |cuts |sepa|confs|strbr|  dualbound   | primalbound  |  gap   | compl. 
 2002s|259400 |201593 | 38443k| 148.2 |   419M | 158 | 951 |5425 |5425 |   0 |  0 |   0 |  37 | 3.400000e+01 | 1.062000e+02 | 212.35%| unknown
 2003s|259500 |201673 | 38460k| 148.2 |   419M | 158 | 951 |5425 |5425 |   0 |  0 |   0 |  37 | 3.400000e+01 | 1.062000e+02 | 212.35%| unknown
 2005s|259600 |201753 | 38499k| 148.3 |   419M | 158 | 951 |5425 |5425 |   0 |  0 |   0 |  37 | 3.400000e+01 | 1.062000e+02 | 212.35%| unknown
 2006s|259700 |201829 | 38524k| 148.3 |   419M | 158 | 951 |5425 |5425 |   0 |  0 |   0 |  37 | 3.400000e+01 | 1.062000e+02 | 212.35%| unknown
 2008s|259800 |201903 | 38545k| 148.4 |   419M | 158 | 951 |5425 |5425 |   0 |  0 |   0 |  37 | 3.400000e+01 | 1.062000e+02 | 212.35%| unknown
 2008s|259900 |201983 | 38557k| 148.4 |   419M | 158 | 951 |5425 |5425 |   0 |  0 |   0 |  37 | 3.400000e+01 | 1.062000e+02 | 212.35%| unknown
 2009s|260000 |202053 | 38573k| 148.4 |   420M | 158 | 951 |5425 |5425 |   0 |  0 |   0 |  37 | 3.400000e+01 | 1.062000e+02 | 212.35%| unknown
 2010s|260100 |202131 | 38584k| 148.3 |   420M | 158 | 951 |5425 |5425 |   0 |  0 |   0 |  37 | 3.400000e+01 | 1.062000e+02 | 212.35%| unknown
 2010s|260200 |202213 | 38595k| 148.3 |   420M | 158 | 951 |5425 |5425 |   0 |  0 |   0 |  37 | 3.400000e+01 | 1.062000e+02 | 212.35%| unknown
 2011s|260300 |202293 | 38619k| 148.4 |   420M | 158 | 951 |5425 |5425 |   0 |  0 |   0 |  37 | 3.400000e+01 | 1.062000e+02 | 212.35%| unknown
 2012s|260400 |202377 | 38637k| 148.4 |   420M | 158 | 951 |5425 |5425 |   0 |  0 |   0 |  37 | 3.400000e+01 | 1.062000e+02 | 212.35%| unknown
 2013s|260500 |202457 | 38657k| 148.4 |   420M | 158 | 951 |5425 |5425 |   0 |  0 |   0 |  37 | 3.400000e+01 | 1.062000e+02 | 212.35%| unknown
 2014s|260600 |202537 | 38673k| 148.4 |   420M | 158 | 951 |5425 |5425 |   0 |  0 |   0 |  37 | 3.400000e+01 | 1.062000e+02 | 212.35%| unknown
 2015s|260700 |202617 | 38692k| 148.4 |   420M | 158 | 951 |5425 |5425 |   0 |  0 |   0 |  37 | 3.400000e+01 | 1.062000e+02 | 212.35%| unknown
 2016s|260800 |202703 | 38703k| 148.4 |   420M | 158 | 951 |5425 |5425 |   0 |  0 |   0 |  37 | 3.400000e+01 | 1.062000e+02 | 212.35%| unknown
 time | node  | left  |LP iter|LP it/n|mem/heur|mdpt |vars |cons |rows |cuts |sepa|confs|strbr|  dualbound   | primalbound  |  gap   | compl. 
 2016s|260900 |202793 | 38704k| 148.3 |   420M | 158 | 951 |5425 |5425 |   0 |  0 |   0 |  37 | 3.400000e+01 | 1.062000e+02 | 212.35%| unknown
 2017s|261000 |202863 | 38724k| 148.4 |   421M | 158 | 951 |5425 |5425 |   0 |  0 |   0 |  37 | 3.400000e+01 | 1.062000e+02 | 212.35%| unknown
 2017s|261100 |202929 | 38740k| 148.4 |   421M | 158 | 951 |5425 |5425 |   0 |  0 |   0 |  37 | 3.400000e+01 | 1.062000e+02 | 212.35%| unknown
 2018s|261200 |203009 | 38756k| 148.4 |   421M | 158 | 951 |5425 |5425 |   0 |  0 |   0 |  37 | 3.400000e+01 | 1.062000e+02 | 212.35%| unknown
 2019s|261300 |203097 | 38772k| 148.4 |   421M | 158 | 951 |5425 |5425 |   0 |  0 |   0 |  37 | 3.400000e+01 | 1.062000e+02 | 212.35%| unknown
 2020s|261400 |203175 | 38788k| 148.4 |   421M | 158 | 951 |5425 |5425 |   0 |  0 |   0 |  37 | 3.400000e+01 | 1.062000e+02 | 212.35%| unknown
 2021s|261500 |203251 | 38808k| 148.4 |   422M | 158 | 951 |5425 |5425 |   0 |  0 |   0 |  37 | 3.400000e+01 | 1.062000e+02 | 212.35%| unknown
 2022s|261600 |203327 | 38838k| 148.5 |   422M | 158 | 951 |5425 |5425 |   0 |  0 |   0 |  37 | 3.400000e+01 | 1.062000e+02 | 212.35%| unknown
 2024s|261700 |203403 | 38861k| 148.5 |   422M | 158 | 951 |5425 |5425 |   0 |  0 |   0 |  37 | 3.400000e+01 | 1.062000e+02 | 212.35%| unknown
 2024s|261800 |203485 | 38879k| 148.5 |   422M | 158 | 951 |5425 |5425 |   0 |  0 |   0 |  37 | 3.400000e+01 | 1.062000e+02 | 212.35%| unknown
 2025s|261900 |203571 | 38898k| 148.5 |   422M | 158 | 951 |5425 |5425 |   0 |  0 |   0 |  37 | 3.400000e+01 | 1.062000e+02 | 212.35%| unknown
 2026s|262000 |203657 | 38919k| 148.5 |   422M | 158 | 951 |5425 |5425 |   0 |  0 |   0 |  37 | 3.400000e+01 | 1.062000e+02 | 212.35%| unknown
 2027s|262100 |203729 | 38930k| 148.5 |   423M | 158 | 951 |5425 |5425 |   0 |  0 |   0 |  37 | 3.400000e+01 | 1.062000e+02 | 212.35%| unknown
 2028s|262200 |203805 | 38943k| 148.5 |   423M | 158 | 951 |5425 |5425 |   0 |  0 |   0 |  37 | 3.400000e+01 | 1.062000e+02 | 212.35%| unknown
 2029s|262300 |203879 | 38961k| 148.5 |   423M | 158 | 951 |5425 |5425 |   0 |  0 |   0 |  37 | 3.400000e+01 | 1.062000e+02 | 212.35%| unknown
 time | node  | left  |LP iter|LP it/n|mem/heur|mdpt |vars |cons |rows |cuts |sepa|confs|strbr|  dualbound   | primalbound  |  gap   | compl. 
 2029s|262400 |203963 | 38975k| 148.5 |   423M | 158 | 951 |5425 |5425 |   0 |  0 |   0 |  37 | 3.400000e+01 | 1.062000e+02 | 212.35%| unknown
 2030s|262500 |204047 | 38977k| 148.5 |   423M | 158 | 951 |5425 |5425 |   0 |  0 |   0 |  37 | 3.400000e+01 | 1.062000e+02 | 212.35%| unknown
 2030s|262600 |204131 | 38978k| 148.4 |   423M | 158 | 951 |5425 |5425 |   0 |  0 |   0 |  37 | 3.400000e+01 | 1.062000e+02 | 212.35%| unknown
 2030s|262700 |204215 | 38980k| 148.4 |   423M | 158 | 951 |5425 |5425 |   0 |  0 |   0 |  37 | 3.400000e+01 | 1.062000e+02 | 212.35%| unknown
 2030s|262800 |204281 | 38981k| 148.3 |   423M | 158 | 951 |5425 |5425 |   0 |  0 |   0 |  37 | 3.400000e+01 | 1.062000e+02 | 212.35%| unknown
 2030s|262900 |204357 | 38983k| 148.3 |   423M | 158 | 951 |5425 |5425 |   0 |  0 |   0 |  37 | 3.400000e+01 | 1.062000e+02 | 212.35%| unknown
 2031s|263000 |204411 | 38984k| 148.2 |   423M | 158 | 951 |5425 |5425 |   0 |  0 |   0 |  37 | 3.400000e+01 | 1.062000e+02 | 212.35%| unknown
 2031s|263100 |204503 | 38985k| 148.2 |   425M | 158 | 951 |5425 |5425 |   0 |  0 |   0 |  37 | 3.400000e+01 | 1.062000e+02 | 212.35%| unknown
 2031s|263200 |204581 | 38987k| 148.1 |   425M | 158 | 951 |5425 |5425 |   0 |  0 |   0 |  37 | 3.400000e+01 | 1.062000e+02 | 212.35%| unknown
 2031s|263300 |204655 | 38988k| 148.1 |   425M | 158 | 951 |5425 |5425 |   0 |  0 |   0 |  37 | 3.400000e+01 | 1.062000e+02 | 212.35%| unknown
 2031s|263400 |204731 | 38990k| 148.0 |   425M | 158 | 951 |5425 |5425 |   0 |  0 |   0 |  37 | 3.400000e+01 | 1.062000e+02 | 212.35%| unknown
 2032s|263500 |204809 | 38991k| 148.0 |   425M | 158 | 951 |5425 |5425 |   0 |  0 |   0 |  37 | 3.400000e+01 | 1.062000e+02 | 212.35%| unknown
 2032s|263600 |204889 | 39003k| 148.0 |   425M | 158 | 951 |5425 |5425 |   0 |  0 |   0 |  37 | 3.400000e+01 | 1.062000e+02 | 212.35%| unknown
 2033s|263700 |204957 | 39023k| 148.0 |   425M | 158 | 951 |5425 |5425 |   0 |  0 |   0 |  37 | 3.400000e+01 | 1.062000e+02 | 212.35%| unknown
 2034s|263800 |205037 | 39040k| 148.0 |   425M | 158 | 951 |5425 |5425 |   0 |  0 |   0 |  37 | 3.400000e+01 | 1.062000e+02 | 212.35%| unknown
 time | node  | left  |LP iter|LP it/n|mem/heur|mdpt |vars |cons |rows |cuts |sepa|confs|strbr|  dualbound   | primalbound  |  gap   | compl. 
 2035s|263900 |205107 | 39054k| 148.0 |   425M | 158 | 951 |5425 |5425 |   0 |  0 |   0 |  37 | 3.400000e+01 | 1.062000e+02 | 212.35%| unknown
 2036s|264000 |205185 | 39076k| 148.0 |   425M | 158 | 951 |5425 |5425 |   0 |  0 |   0 |  37 | 3.400000e+01 | 1.062000e+02 | 212.35%| unknown
 2037s|264100 |205271 | 39098k| 148.0 |   425M | 158 | 951 |5425 |5425 |   0 |  0 |   0 |  37 | 3.400000e+01 | 1.062000e+02 | 212.35%| unknown
 2038s|264200 |205351 | 39124k| 148.1 |   427M | 158 | 951 |5425 |5425 |   0 |  0 |   0 |  37 | 3.400000e+01 | 1.062000e+02 | 212.35%| unknown
 2040s|264300 |205413 | 39155k| 148.1 |   427M | 158 | 951 |5425 |5425 |   0 |  0 |   0 |  37 | 3.400000e+01 | 1.062000e+02 | 212.35%| unknown
 2040s|264400 |205501 | 39172k| 148.2 |   427M | 158 | 951 |5425 |5425 |   0 |  0 |   0 |  37 | 3.400000e+01 | 1.062000e+02 | 212.35%| unknown
 2042s|264500 |205579 | 39199k| 148.2 |   427M | 158 | 951 |5425 |5425 |   0 |  0 |   0 |  37 | 3.400000e+01 | 1.062000e+02 | 212.35%| unknown
 2043s|264600 |205645 | 39221k| 148.2 |   427M | 158 | 951 |5425 |5425 |   0 |  0 |   0 |  37 | 3.400000e+01 | 1.062000e+02 | 212.35%| unknown
 2044s|264700 |205729 | 39238k| 148.2 |   427M | 158 | 951 |5425 |5425 |   0 |  0 |   0 |  37 | 3.400000e+01 | 1.062000e+02 | 212.35%| unknown
 2045s|264800 |205807 | 39263k| 148.3 |   427M | 158 | 951 |5425 |5425 |   0 |  0 |   0 |  37 | 3.400000e+01 | 1.062000e+02 | 212.35%| unknown
 2046s|264900 |205873 | 39286k| 148.3 |   427M | 158 | 951 |5425 |5425 |   0 |  0 |   0 |  37 | 3.400000e+01 | 1.062000e+02 | 212.35%| unknown
 2047s|265000 |205949 | 39314k| 148.4 |   427M | 158 | 951 |5425 |5425 |   0 |  0 |   0 |  37 | 3.400000e+01 | 1.062000e+02 | 212.35%| unknown
 2048s|265100 |206033 | 39333k| 148.4 |   427M | 158 | 951 |5425 |5425 |   0 |  0 |   0 |  37 | 3.400000e+01 | 1.062000e+02 | 212.35%| unknown
 2049s|265200 |206117 | 39359k| 148.4 |   428M | 158 | 951 |5425 |5425 |   0 |  0 |   0 |  37 | 3.400000e+01 | 1.062000e+02 | 212.35%| unknown
 2050s|265300 |206205 | 39380k| 148.4 |   428M | 158 | 951 |5425 |5425 |   0 |  0 |   0 |  37 | 3.400000e+01 | 1.062000e+02 | 212.35%| unknown
 time | node  | left  |LP iter|LP it/n|mem/heur|mdpt |vars |cons |rows |cuts |sepa|confs|strbr|  dualbound   | primalbound  |  gap   | compl. 
 2052s|265400 |206285 | 39404k| 148.5 |   428M | 158 | 951 |5425 |5425 |   0 |  0 |   0 |  37 | 3.400000e+01 | 1.062000e+02 | 212.35%| unknown
 2052s|265500 |206359 | 39420k| 148.5 |   428M | 158 | 951 |5425 |5425 |   0 |  0 |   0 |  37 | 3.400000e+01 | 1.062000e+02 | 212.35%| unknown
 2053s|265600 |206443 | 39439k| 148.5 |   428M | 158 | 951 |5425 |5425 |   0 |  0 |   0 |  37 | 3.400000e+01 | 1.062000e+02 | 212.35%| unknown
 2056s|265700 |206529 | 39488k| 148.6 |   428M | 158 | 951 |5425 |5425 |   0 |  0 |   0 |  37 | 3.400000e+01 | 1.062000e+02 | 212.35%| unknown
 2057s|265800 |206613 | 39511k| 148.6 |   428M | 158 | 951 |5425 |5425 |   0 |  0 |   0 |  37 | 3.400000e+01 | 1.062000e+02 | 212.35%| unknown
 2058s|265900 |206691 | 39528k| 148.7 |   428M | 158 | 951 |5425 |5425 |   0 |  0 |   0 |  37 | 3.400000e+01 | 1.062000e+02 | 212.35%| unknown
 2058s|266000 |206769 | 39541k| 148.6 |   428M | 158 | 951 |5425 |5425 |   0 |  0 |   0 |  37 | 3.400000e+01 | 1.062000e+02 | 212.35%| unknown
 2060s|266100 |206847 | 39571k| 148.7 |   428M | 158 | 951 |5425 |5425 |   0 |  0 |   0 |  37 | 3.400000e+01 | 1.062000e+02 | 212.35%| unknown
 2061s|266200 |206923 | 39590k| 148.7 |   429M | 158 | 951 |5425 |5425 |   0 |  0 |   0 |  37 | 3.400000e+01 | 1.062000e+02 | 212.35%| unknown
 2062s|266300 |206997 | 39626k| 148.8 |   430M | 158 | 951 |5425 |5425 |   0 |  0 |   0 |  37 | 3.400000e+01 | 1.062000e+02 | 212.35%| unknown
 2063s|266400 |207069 | 39643k| 148.8 |   430M | 158 | 951 |5425 |5425 |   0 |  0 |   0 |  37 | 3.400000e+01 | 1.062000e+02 | 212.35%| unknown
 2065s|266500 |207133 | 39674k| 148.9 |   430M | 158 | 951 |5425 |5425 |   0 |  0 |   0 |  37 | 3.400000e+01 | 1.062000e+02 | 212.35%| unknown
 2066s|266600 |207215 | 39704k| 148.9 |   430M | 158 | 951 |5425 |5425 |   0 |  0 |   0 |  37 | 3.400000e+01 | 1.062000e+02 | 212.35%| unknown
 2067s|266700 |207291 | 39720k| 148.9 |   430M | 158 | 951 |5425 |5425 |   0 |  0 |   0 |  37 | 3.400000e+01 | 1.062000e+02 | 212.35%| unknown
 2068s|266800 |207377 | 39740k| 148.9 |   430M | 158 | 951 |5425 |5425 |   0 |  0 |   0 |  37 | 3.400000e+01 | 1.062000e+02 | 212.35%| unknown
 time | node  | left  |LP iter|LP it/n|mem/heur|mdpt |vars |cons |rows |cuts |sepa|confs|strbr|  dualbound   | primalbound  |  gap   | compl. 
 2069s|266900 |207463 | 39752k| 148.9 |   430M | 158 | 951 |5425 |5425 |   0 |  0 |   0 |  37 | 3.400000e+01 | 1.062000e+02 | 212.35%| unknown
 2070s|267000 |207531 | 39778k| 149.0 |   430M | 158 | 951 |5425 |5425 |   0 |  0 |   0 |  37 | 3.400000e+01 | 1.062000e+02 | 212.35%| unknown
 2071s|267100 |207601 | 39795k| 149.0 |   430M | 158 | 951 |5425 |5425 |   0 |  0 |   0 |  37 | 3.400000e+01 | 1.062000e+02 | 212.35%| unknown
 2071s|267200 |207675 | 39811k| 149.0 |   430M | 158 | 951 |5425 |5425 |   0 |  0 |   0 |  37 | 3.400000e+01 | 1.062000e+02 | 212.35%| unknown
 2072s|267300 |207751 | 39824k| 149.0 |   431M | 158 | 951 |5425 |5425 |   0 |  0 |   0 |  37 | 3.400000e+01 | 1.062000e+02 | 212.35%| unknown
 2074s|267400 |207821 | 39860k| 149.1 |   431M | 158 | 951 |5425 |5425 |   0 |  0 |   0 |  37 | 3.400000e+01 | 1.062000e+02 | 212.35%| unknown
 2076s|267500 |207889 | 39901k| 149.2 |   431M | 158 | 951 |5425 |5425 |   0 |  0 |   0 |  37 | 3.400000e+01 | 1.062000e+02 | 212.35%| unknown
 2077s|267600 |207969 | 39916k| 149.2 |   431M | 158 | 951 |5425 |5425 |   0 |  0 |   0 |  37 | 3.400000e+01 | 1.062000e+02 | 212.35%| unknown
 2077s|267700 |208045 | 39933k| 149.2 |   431M | 158 | 951 |5425 |5425 |   0 |  0 |   0 |  37 | 3.400000e+01 | 1.062000e+02 | 212.35%| unknown
 2078s|267800 |208135 | 39953k| 149.2 |   431M | 158 | 951 |5425 |5425 |   0 |  0 |   0 |  37 | 3.400000e+01 | 1.062000e+02 | 212.35%| unknown
 2079s|267900 |208207 | 39969k| 149.2 |   431M | 158 | 951 |5425 |5425 |   0 |  0 |   0 |  37 | 3.400000e+01 | 1.062000e+02 | 212.35%| unknown
 2080s|268000 |208295 | 39986k| 149.2 |   431M | 158 | 951 |5425 |5425 |   0 |  0 |   0 |  37 | 3.400000e+01 | 1.062000e+02 | 212.35%| unknown
 2082s|268100 |208385 | 40022k| 149.3 |   431M | 158 | 951 |5425 |5425 |   0 |  0 |   0 |  37 | 3.400000e+01 | 1.062000e+02 | 212.35%| unknown
 2083s|268200 |208463 | 40044k| 149.3 |   431M | 158 | 951 |5425 |5425 |   0 |  0 |   0 |  37 | 3.400000e+01 | 1.062000e+02 | 212.35%| unknown
 2085s|268300 |208543 | 40077k| 149.4 |   432M | 158 | 951 |5425 |5425 |   0 |  0 |   0 |  37 | 3.400000e+01 | 1.062000e+02 | 212.35%| unknown
 time | node  | left  |LP iter|LP it/n|mem/heur|mdpt |vars |cons |rows |cuts |sepa|confs|strbr|  dualbound   | primalbound  |  gap   | compl. 
 2086s|268400 |208625 | 40111k| 149.4 |   432M | 158 | 951 |5425 |5425 |   0 |  0 |   0 |  37 | 3.400000e+01 | 1.062000e+02 | 212.35%| unknown
 2087s|268500 |208693 | 40124k| 149.4 |   432M | 158 | 951 |5425 |5425 |   0 |  0 |   0 |  37 | 3.400000e+01 | 1.062000e+02 | 212.35%| unknown
 2088s|268600 |208769 | 40156k| 149.5 |   432M | 158 | 951 |5425 |5425 |   0 |  0 |   0 |  37 | 3.400000e+01 | 1.062000e+02 | 212.35%| unknown
 2090s|268700 |208847 | 40184k| 149.5 |   432M | 158 | 951 |5425 |5425 |   0 |  0 |   0 |  37 | 3.400000e+01 | 1.062000e+02 | 212.35%| unknown
 2090s|268800 |208937 | 40199k| 149.5 |   432M | 158 | 951 |5425 |5425 |   0 |  0 |   0 |  37 | 3.400000e+01 | 1.062000e+02 | 212.35%| unknown
 2091s|268900 |209015 | 40220k| 149.6 |   432M | 158 | 951 |5425 |5425 |   0 |  0 |   0 |  37 | 3.400000e+01 | 1.062000e+02 | 212.35%| unknown
 2093s|269000 |209087 | 40260k| 149.7 |   432M | 158 | 951 |5425 |5425 |   0 |  0 |   0 |  37 | 3.400000e+01 | 1.062000e+02 | 212.35%| unknown
 2095s|269100 |209157 | 40302k| 149.8 |   434M | 158 | 951 |5425 |5425 |   0 |  0 |   0 |  37 | 3.400000e+01 | 1.062000e+02 | 212.35%| unknown
 2095s|269200 |209233 | 40304k| 149.7 |   434M | 158 | 951 |5425 |5425 |   0 |  0 |   0 |  37 | 3.400000e+01 | 1.062000e+02 | 212.35%| unknown
 2096s|269300 |209307 | 40320k| 149.7 |   434M | 158 | 951 |5425 |5425 |   0 |  0 |   0 |  37 | 3.400000e+01 | 1.062000e+02 | 212.35%| unknown
 2098s|269400 |209391 | 40364k| 149.8 |   435M | 158 | 951 |5425 |5425 |   0 |  0 |   0 |  37 | 3.400000e+01 | 1.062000e+02 | 212.35%| unknown
 2099s|269500 |209467 | 40381k| 149.8 |   435M | 158 | 951 |5425 |5425 |   0 |  0 |   0 |  37 | 3.400000e+01 | 1.062000e+02 | 212.35%| unknown
 2100s|269600 |209537 | 40408k| 149.9 |   435M | 158 | 951 |5425 |5425 |   0 |  0 |   0 |  37 | 3.400000e+01 | 1.062000e+02 | 212.35%| unknown
 2101s|269700 |209619 | 40426k| 149.9 |   435M | 158 | 951 |5425 |5425 |   0 |  0 |   0 |  37 | 3.400000e+01 | 1.062000e+02 | 212.35%| unknown
 2102s|269800 |209707 | 40437k| 149.9 |   435M | 158 | 951 |5425 |5425 |   0 |  0 |   0 |  37 | 3.400000e+01 | 1.062000e+02 | 212.35%| unknown
 time | node  | left  |LP iter|LP it/n|mem/heur|mdpt |vars |cons |rows |cuts |sepa|confs|strbr|  dualbound   | primalbound  |  gap   | compl. 
 2103s|269900 |209799 | 40452k| 149.9 |   435M | 158 | 951 |5425 |5425 |   0 |  0 |   0 |  37 | 3.400000e+01 | 1.062000e+02 | 212.35%| unknown
 2104s|270000 |209881 | 40479k| 149.9 |   435M | 158 | 951 |5425 |5425 |   0 |  0 |   0 |  37 | 3.400000e+01 | 1.062000e+02 | 212.35%| unknown
 2105s|270100 |209959 | 40504k| 150.0 |   435M | 158 | 951 |5425 |5425 |   0 |  0 |   0 |  37 | 3.400000e+01 | 1.062000e+02 | 212.35%| unknown
 2106s|270200 |210037 | 40524k| 150.0 |   435M | 158 | 951 |5425 |5425 |   0 |  0 |   0 |  37 | 3.400000e+01 | 1.062000e+02 | 212.35%| unknown
 2107s|270300 |210109 | 40539k| 150.0 |   435M | 158 | 951 |5425 |5425 |   0 |  0 |   0 |  37 | 3.400000e+01 | 1.062000e+02 | 212.35%| unknown
 2108s|270400 |210191 | 40554k| 150.0 |   436M | 158 | 951 |5425 |5425 |   0 |  0 |   0 |  37 | 3.400000e+01 | 1.062000e+02 | 212.35%| unknown
 2109s|270500 |210275 | 40568k| 150.0 |   436M | 158 | 951 |5425 |5425 |   0 |  0 |   0 |  37 | 3.400000e+01 | 1.062000e+02 | 212.35%| unknown
 2110s|270600 |210349 | 40591k| 150.0 |   436M | 158 | 951 |5425 |5425 |   0 |  0 |   0 |  37 | 3.400000e+01 | 1.062000e+02 | 212.35%| unknown
 2110s|270700 |210415 | 40606k| 150.0 |   436M | 158 | 951 |5425 |5425 |   0 |  0 |   0 |  37 | 3.400000e+01 | 1.062000e+02 | 212.35%| unknown
 2111s|270800 |210481 | 40622k| 150.0 |   436M | 158 | 951 |5425 |5425 |   0 |  0 |   0 |  37 | 3.400000e+01 | 1.062000e+02 | 212.35%| unknown
 2112s|270900 |210561 | 40646k| 150.0 |   436M | 158 | 951 |5425 |5425 |   0 |  0 |   0 |  37 | 3.400000e+01 | 1.062000e+02 | 212.35%| unknown
 2113s|271000 |210643 | 40654k| 150.0 |   436M | 158 | 951 |5425 |5425 |   0 |  0 |   0 |  37 | 3.400000e+01 | 1.062000e+02 | 212.35%| unknown
 2113s|271100 |210727 | 40664k| 150.0 |   436M | 158 | 951 |5425 |5425 |   0 |  0 |   0 |  37 | 3.400000e+01 | 1.062000e+02 | 212.35%| unknown
 2115s|271200 |210803 | 40691k| 150.0 |   436M | 158 | 951 |5425 |5425 |   0 |  0 |   0 |  37 | 3.400000e+01 | 1.062000e+02 | 212.35%| unknown
 2115s|271300 |210879 | 40704k| 150.0 |   436M | 158 | 951 |5425 |5425 |   0 |  0 |   0 |  37 | 3.400000e+01 | 1.062000e+02 | 212.35%| unknown
 time | node  | left  |LP iter|LP it/n|mem/heur|mdpt |vars |cons |rows |cuts |sepa|confs|strbr|  dualbound   | primalbound  |  gap   | compl. 
 2117s|271400 |210953 | 40734k| 150.1 |   437M | 158 | 951 |5425 |5425 |   0 |  0 |   0 |  37 | 3.400000e+01 | 1.062000e+02 | 212.35%| unknown
 2118s|271500 |211041 | 40750k| 150.1 |   438M | 158 | 951 |5425 |5425 |   0 |  0 |   0 |  37 | 3.400000e+01 | 1.062000e+02 | 212.35%| unknown
 2119s|271600 |211127 | 40779k| 150.1 |   438M | 158 | 951 |5425 |5425 |   0 |  0 |   0 |  37 | 3.400000e+01 | 1.062000e+02 | 212.35%| unknown
 2120s|271700 |211205 | 40795k| 150.1 |   438M | 158 | 951 |5425 |5425 |   0 |  0 |   0 |  37 | 3.400000e+01 | 1.062000e+02 | 212.35%| unknown
 2121s|271800 |211291 | 40810k| 150.1 |   438M | 158 | 951 |5425 |5425 |   0 |  0 |   0 |  37 | 3.400000e+01 | 1.062000e+02 | 212.35%| unknown
 2122s|271900 |211371 | 40836k| 150.2 |   438M | 158 | 951 |5425 |5425 |   0 |  0 |   0 |  37 | 3.400000e+01 | 1.062000e+02 | 212.35%| unknown
 2123s|272000 |211441 | 40853k| 150.2 |   438M | 158 | 951 |5425 |5425 |   0 |  0 |   0 |  37 | 3.400000e+01 | 1.062000e+02 | 212.35%| unknown
 2124s|272100 |211511 | 40870k| 150.2 |   438M | 158 | 951 |5425 |5425 |   0 |  0 |   0 |  37 | 3.400000e+01 | 1.062000e+02 | 212.35%| unknown
 2125s|272200 |211595 | 40892k| 150.2 |   438M | 158 | 951 |5425 |5425 |   0 |  0 |   0 |  37 | 3.400000e+01 | 1.062000e+02 | 212.35%| unknown
 2126s|272300 |211665 | 40911k| 150.2 |   438M | 158 | 951 |5425 |5425 |   0 |  0 |   0 |  37 | 3.400000e+01 | 1.062000e+02 | 212.35%| unknown
 2126s|272400 |211755 | 40929k| 150.3 |   438M | 158 | 951 |5425 |5425 |   0 |  0 |   0 |  37 | 3.400000e+01 | 1.062000e+02 | 212.35%| unknown
 2127s|272500 |211837 | 40945k| 150.3 |   439M | 158 | 951 |5425 |5425 |   0 |  0 |   0 |  37 | 3.400000e+01 | 1.062000e+02 | 212.35%| unknown
 2129s|272600 |211913 | 40973k| 150.3 |   439M | 158 | 951 |5425 |5425 |   0 |  0 |   0 |  37 | 3.400000e+01 | 1.062000e+02 | 212.35%| unknown
 2130s|272700 |211989 | 41006k| 150.4 |   439M | 158 | 951 |5425 |5425 |   0 |  0 |   0 |  37 | 3.400000e+01 | 1.062000e+02 | 212.35%| unknown
 2131s|272800 |212063 | 41023k| 150.4 |   439M | 158 | 951 |5425 |5425 |   0 |  0 |   0 |  37 | 3.400000e+01 | 1.062000e+02 | 212.35%| unknown
 time | node  | left  |LP iter|LP it/n|mem/heur|mdpt |vars |cons |rows |cuts |sepa|confs|strbr|  dualbound   | primalbound  |  gap   | compl. 
 2132s|272900 |212139 | 41047k| 150.4 |   439M | 158 | 951 |5425 |5425 |   0 |  0 |   0 |  37 | 3.400000e+01 | 1.062000e+02 | 212.35%| unknown
 2133s|273000 |212225 | 41060k| 150.4 |   439M | 158 | 951 |5425 |5425 |   0 |  0 |   0 |  37 | 3.400000e+01 | 1.062000e+02 | 212.35%| unknown
 2133s|273100 |212297 | 41069k| 150.4 |   439M | 158 | 951 |5425 |5425 |   0 |  0 |   0 |  37 | 3.400000e+01 | 1.062000e+02 | 212.35%| unknown
 2134s|273200 |212373 | 41091k| 150.4 |   439M | 158 | 951 |5425 |5425 |   0 |  0 |   0 |  37 | 3.400000e+01 | 1.062000e+02 | 212.35%| unknown
 2136s|273300 |212453 | 41129k| 150.5 |   439M | 158 | 951 |5425 |5425 |   0 |  0 |   0 |  37 | 3.400000e+01 | 1.062000e+02 | 212.35%| unknown
 2137s|273400 |212525 | 41145k| 150.5 |   439M | 158 | 951 |5425 |5425 |   0 |  0 |   0 |  37 | 3.400000e+01 | 1.062000e+02 | 212.35%| unknown
 2138s|273500 |212611 | 41157k| 150.5 |   440M | 158 | 951 |5425 |5425 |   0 |  0 |   0 |  37 | 3.400000e+01 | 1.062000e+02 | 212.35%| unknown
 2140s|273600 |212695 | 41197k| 150.6 |   440M | 158 | 951 |5425 |5425 |   0 |  0 |   0 |  37 | 3.400000e+01 | 1.062000e+02 | 212.35%| unknown
 2142s|273700 |212769 | 41237k| 150.7 |   440M | 158 | 951 |5425 |5425 |   0 |  0 |   0 |  37 | 3.400000e+01 | 1.062000e+02 | 212.35%| unknown
 2143s|273800 |212847 | 41263k| 150.7 |   440M | 158 | 951 |5425 |5425 |   0 |  0 |   0 |  37 | 3.400000e+01 | 1.062000e+02 | 212.35%| unknown
 2143s|273900 |212929 | 41273k| 150.7 |   440M | 158 | 951 |5425 |5425 |   0 |  0 |   0 |  37 | 3.400000e+01 | 1.062000e+02 | 212.35%| unknown
 2144s|274000 |213003 | 41274k| 150.6 |   441M | 158 | 951 |5425 |5425 |   0 |  0 |   0 |  37 | 3.400000e+01 | 1.062000e+02 | 212.35%| unknown
 2145s|274100 |213067 | 41293k| 150.6 |   441M | 158 | 951 |5425 |5425 |   0 |  0 |   0 |  37 | 3.400000e+01 | 1.062000e+02 | 212.35%| unknown
 2145s|274200 |213145 | 41312k| 150.7 |   441M | 158 | 951 |5425 |5425 |   0 |  0 |   0 |  37 | 3.400000e+01 | 1.062000e+02 | 212.35%| unknown
 2146s|274300 |213201 | 41313k| 150.6 |   441M | 158 | 951 |5425 |5425 |   0 |  0 |   0 |  37 | 3.400000e+01 | 1.062000e+02 | 212.35%| unknown
 time | node  | left  |LP iter|LP it/n|mem/heur|mdpt |vars |cons |rows |cuts |sepa|confs|strbr|  dualbound   | primalbound  |  gap   | compl. 
 2147s|274400 |213277 | 41333k| 150.6 |   441M | 158 | 951 |5425 |5425 |   0 |  0 |   0 |  37 | 3.400000e+01 | 1.062000e+02 | 212.35%| unknown
 2148s|274500 |213357 | 41355k| 150.7 |   441M | 158 | 951 |5425 |5425 |   0 |  0 |   0 |  37 | 3.400000e+01 | 1.062000e+02 | 212.35%| unknown
 2149s|274600 |213433 | 41386k| 150.7 |   442M | 158 | 951 |5425 |5425 |   0 |  0 |   0 |  37 | 3.400000e+01 | 1.062000e+02 | 212.35%| unknown
 2151s|274700 |213505 | 41412k| 150.8 |   442M | 158 | 951 |5425 |5425 |   0 |  0 |   0 |  37 | 3.400000e+01 | 1.062000e+02 | 212.35%| unknown
 2152s|274800 |213587 | 41451k| 150.8 |   442M | 158 | 951 |5425 |5425 |   0 |  0 |   0 |  37 | 3.400000e+01 | 1.062000e+02 | 212.35%| unknown
 2153s|274900 |213655 | 41471k| 150.9 |   442M | 158 | 951 |5425 |5425 |   0 |  0 |   0 |  37 | 3.400000e+01 | 1.062000e+02 | 212.35%| unknown
 2155s|275000 |213739 | 41496k| 150.9 |   443M | 158 | 951 |5425 |5425 |   0 |  0 |   0 |  37 | 3.400000e+01 | 1.062000e+02 | 212.35%| unknown
 2156s|275100 |213823 | 41527k| 150.9 |   443M | 158 | 951 |5425 |5425 |   0 |  0 |   0 |  37 | 3.400000e+01 | 1.062000e+02 | 212.35%| unknown
 2157s|275200 |213901 | 41550k| 151.0 |   443M | 158 | 951 |5425 |5425 |   0 |  0 |   0 |  37 | 3.400000e+01 | 1.062000e+02 | 212.35%| unknown
 2158s|275300 |213975 | 41571k| 151.0 |   443M | 158 | 951 |5425 |5425 |   0 |  0 |   0 |  37 | 3.400000e+01 | 1.062000e+02 | 212.35%| unknown
 2159s|275400 |214047 | 41591k| 151.0 |   443M | 158 | 951 |5425 |5425 |   0 |  0 |   0 |  37 | 3.400000e+01 | 1.062000e+02 | 212.35%| unknown
 2160s|275500 |214129 | 41612k| 151.0 |   443M | 158 | 951 |5425 |5425 |   0 |  0 |   0 |  37 | 3.400000e+01 | 1.062000e+02 | 212.35%| unknown
 2161s|275600 |214205 | 41634k| 151.1 |   443M | 158 | 951 |5425 |5425 |   0 |  0 |   0 |  37 | 3.400000e+01 | 1.062000e+02 | 212.35%| unknown
 2162s|275700 |214279 | 41652k| 151.1 |   444M | 158 | 951 |5425 |5425 |   0 |  0 |   0 |  37 | 3.400000e+01 | 1.062000e+02 | 212.35%| unknown
 2163s|275800 |214363 | 41671k| 151.1 |   444M | 158 | 951 |5425 |5425 |   0 |  0 |   0 |  37 | 3.400000e+01 | 1.062000e+02 | 212.35%| unknown
 time | node  | left  |LP iter|LP it/n|mem/heur|mdpt |vars |cons |rows |cuts |sepa|confs|strbr|  dualbound   | primalbound  |  gap   | compl. 
 2163s|275900 |214437 | 41676k| 151.1 |   444M | 158 | 951 |5425 |5425 |   0 |  0 |   0 |  37 | 3.400000e+01 | 1.062000e+02 | 212.35%| unknown
 2163s|276000 |214505 | 41677k| 151.0 |   444M | 158 | 951 |5425 |5425 |   0 |  0 |   0 |  37 | 3.400000e+01 | 1.062000e+02 | 212.35%| unknown
 2164s|276100 |214569 | 41688k| 151.0 |   444M | 158 | 951 |5425 |5425 |   0 |  0 |   0 |  37 | 3.400000e+01 | 1.062000e+02 | 212.35%| unknown
 2165s|276200 |214637 | 41710k| 151.0 |   445M | 158 | 951 |5425 |5425 |   0 |  0 |   0 |  37 | 3.400000e+01 | 1.062000e+02 | 212.35%| unknown
 2166s|276300 |214721 | 41727k| 151.0 |   445M | 158 | 951 |5425 |5425 |   0 |  0 |   0 |  37 | 3.400000e+01 | 1.062000e+02 | 212.35%| unknown
 2167s|276400 |214787 | 41743k| 151.0 |   445M | 158 | 951 |5425 |5425 |   0 |  0 |   0 |  37 | 3.400000e+01 | 1.062000e+02 | 212.35%| unknown
 2167s|276500 |214857 | 41749k| 151.0 |   445M | 158 | 951 |5425 |5425 |   0 |  0 |   0 |  37 | 3.400000e+01 | 1.062000e+02 | 212.35%| unknown
 2168s|276600 |214933 | 41771k| 151.0 |   445M | 158 | 951 |5425 |5425 |   0 |  0 |   0 |  37 | 3.400000e+01 | 1.062000e+02 | 212.35%| unknown
 2169s|276700 |215015 | 41796k| 151.1 |   445M | 158 | 951 |5425 |5425 |   0 |  0 |   0 |  37 | 3.400000e+01 | 1.062000e+02 | 212.35%| unknown
 2170s|276800 |215087 | 41813k| 151.1 |   446M | 158 | 951 |5425 |5425 |   0 |  0 |   0 |  37 | 3.400000e+01 | 1.062000e+02 | 212.35%| unknown
 2171s|276900 |215171 | 41827k| 151.1 |   446M | 158 | 951 |5425 |5425 |   0 |  0 |   0 |  37 | 3.400000e+01 | 1.062000e+02 | 212.35%| unknown
 2172s|277000 |215255 | 41846k| 151.1 |   446M | 158 | 951 |5425 |5425 |   0 |  0 |   0 |  37 | 3.400000e+01 | 1.062000e+02 | 212.35%| unknown
 2173s|277100 |215327 | 41876k| 151.1 |   446M | 158 | 951 |5425 |5425 |   0 |  0 |   0 |  37 | 3.400000e+01 | 1.062000e+02 | 212.35%| unknown
 2174s|277200 |215393 | 41899k| 151.1 |   446M | 158 | 951 |5425 |5425 |   0 |  0 |   0 |  37 | 3.400000e+01 | 1.062000e+02 | 212.35%| unknown
 2175s|277300 |215467 | 41918k| 151.2 |   446M | 158 | 951 |5425 |5425 |   0 |  0 |   0 |  37 | 3.400000e+01 | 1.062000e+02 | 212.35%| unknown
 time | node  | left  |LP iter|LP it/n|mem/heur|mdpt |vars |cons |rows |cuts |sepa|confs|strbr|  dualbound   | primalbound  |  gap   | compl. 
 2176s|277400 |215549 | 41938k| 151.2 |   446M | 158 | 951 |5425 |5425 |   0 |  0 |   0 |  37 | 3.400000e+01 | 1.062000e+02 | 212.35%| unknown
 2178s|277500 |215623 | 41984k| 151.3 |   446M | 158 | 951 |5425 |5425 |   0 |  0 |   0 |  37 | 3.400000e+01 | 1.062000e+02 | 212.35%| unknown
 2179s|277600 |215707 | 42005k| 151.3 |   446M | 158 | 951 |5425 |5425 |   0 |  0 |   0 |  37 | 3.400000e+01 | 1.062000e+02 | 212.35%| unknown
 2181s|277700 |215783 | 42041k| 151.4 |   446M | 158 | 951 |5425 |5425 |   0 |  0 |   0 |  37 | 3.400000e+01 | 1.062000e+02 | 212.35%| unknown
 2182s|277800 |215863 | 42059k| 151.4 |   447M | 158 | 951 |5425 |5425 |   0 |  0 |   0 |  37 | 3.400000e+01 | 1.062000e+02 | 212.35%| unknown
 2183s|277900 |215923 | 42080k| 151.4 |   447M | 158 | 951 |5425 |5425 |   0 |  0 |   0 |  37 | 3.400000e+01 | 1.062000e+02 | 212.35%| unknown
 2184s|278000 |215997 | 42104k| 151.5 |   447M | 158 | 951 |5425 |5425 |   0 |  0 |   0 |  37 | 3.400000e+01 | 1.062000e+02 | 212.35%| unknown
 2185s|278100 |216075 | 42126k| 151.5 |   447M | 158 | 951 |5425 |5425 |   0 |  0 |   0 |  37 | 3.400000e+01 | 1.062000e+02 | 212.35%| unknown
 2186s|278200 |216139 | 42147k| 151.5 |   447M | 158 | 951 |5425 |5425 |   0 |  0 |   0 |  37 | 3.400000e+01 | 1.062000e+02 | 212.35%| unknown
 2187s|278300 |216227 | 42167k| 151.5 |   447M | 158 | 951 |5425 |5425 |   0 |  0 |   0 |  37 | 3.400000e+01 | 1.062000e+02 | 212.35%| unknown
 2188s|278400 |216301 | 42187k| 151.5 |   447M | 158 | 951 |5425 |5425 |   0 |  0 |   0 |  37 | 3.400000e+01 | 1.062000e+02 | 212.35%| unknown
 2189s|278500 |216373 | 42205k| 151.5 |   447M | 158 | 951 |5425 |5425 |   0 |  0 |   0 |  37 | 3.400000e+01 | 1.062000e+02 | 212.35%| unknown
 2190s|278600 |216451 | 42225k| 151.6 |   447M | 158 | 951 |5425 |5425 |   0 |  0 |   0 |  37 | 3.400000e+01 | 1.062000e+02 | 212.35%| unknown
 2191s|278700 |216527 | 42246k| 151.6 |   447M | 158 | 951 |5425 |5425 |   0 |  0 |   0 |  37 | 3.400000e+01 | 1.062000e+02 | 212.35%| unknown
 2192s|278800 |216603 | 42248k| 151.5 |   447M | 158 | 951 |5425 |5425 |   0 |  0 |   0 |  37 | 3.400000e+01 | 1.062000e+02 | 212.35%| unknown
 time | node  | left  |LP iter|LP it/n|mem/heur|mdpt |vars |cons |rows |cuts |sepa|confs|strbr|  dualbound   | primalbound  |  gap   | compl. 
 2192s|278900 |216679 | 42249k| 151.5 |   448M | 158 | 951 |5425 |5425 |   0 |  0 |   0 |  37 | 3.400000e+01 | 1.062000e+02 | 212.35%| unknown
 2192s|279000 |216757 | 42250k| 151.4 |   448M | 158 | 951 |5425 |5425 |   0 |  0 |   0 |  37 | 3.400000e+01 | 1.062000e+02 | 212.35%| unknown
 2193s|279100 |216833 | 42264k| 151.4 |   449M | 158 | 951 |5425 |5425 |   0 |  0 |   0 |  37 | 3.400000e+01 | 1.062000e+02 | 212.35%| unknown
 2193s|279200 |216903 | 42275k| 151.4 |   449M | 158 | 951 |5425 |5425 |   0 |  0 |   0 |  37 | 3.400000e+01 | 1.062000e+02 | 212.35%| unknown
 2193s|279300 |216977 | 42276k| 151.4 |   449M | 158 | 951 |5425 |5425 |   0 |  0 |   0 |  37 | 3.400000e+01 | 1.062000e+02 | 212.35%| unknown
 2194s|279400 |217059 | 42278k| 151.3 |   449M | 158 | 951 |5425 |5425 |   0 |  0 |   0 |  37 | 3.400000e+01 | 1.062000e+02 | 212.35%| unknown
 2194s|279500 |217125 | 42279k| 151.3 |   449M | 158 | 951 |5425 |5425 |   0 |  0 |   0 |  37 | 3.400000e+01 | 1.062000e+02 | 212.35%| unknown
 2194s|279600 |217201 | 42293k| 151.3 |   449M | 158 | 951 |5425 |5425 |   0 |  0 |   0 |  37 | 3.400000e+01 | 1.062000e+02 | 212.35%| unknown
 2195s|279700 |217263 | 42311k| 151.3 |   449M | 158 | 951 |5425 |5425 |   0 |  0 |   0 |  37 | 3.400000e+01 | 1.062000e+02 | 212.35%| unknown
 2197s|279800 |217337 | 42340k| 151.3 |   449M | 158 | 951 |5425 |5425 |   0 |  0 |   0 |  37 | 3.400000e+01 | 1.062000e+02 | 212.35%| unknown
 2198s|279900 |217417 | 42370k| 151.4 |   449M | 158 | 951 |5425 |5425 |   0 |  0 |   0 |  37 | 3.400000e+01 | 1.062000e+02 | 212.35%| unknown
 2199s|280000 |217491 | 42377k| 151.3 |   450M | 158 | 951 |5425 |5425 |   0 |  0 |   0 |  37 | 3.400000e+01 | 1.062000e+02 | 212.35%| unknown
 2199s|280100 |217569 | 42378k| 151.3 |   450M | 158 | 951 |5425 |5425 |   0 |  0 |   0 |  37 | 3.400000e+01 | 1.062000e+02 | 212.35%| unknown
 2199s|280200 |217639 | 42381k| 151.2 |   450M | 158 | 951 |5425 |5425 |   0 |  0 |   0 |  37 | 3.400000e+01 | 1.062000e+02 | 212.35%| unknown
 2200s|280300 |217723 | 42398k| 151.3 |   450M | 158 | 951 |5425 |5425 |   0 |  0 |   0 |  37 | 3.400000e+01 | 1.062000e+02 | 212.35%| unknown
 time | node  | left  |LP iter|LP it/n|mem/heur|mdpt |vars |cons |rows |cuts |sepa|confs|strbr|  dualbound   | primalbound  |  gap   | compl. 
 2201s|280400 |217805 | 42427k| 151.3 |   450M | 158 | 951 |5425 |5425 |   0 |  0 |   0 |  37 | 3.400000e+01 | 1.062000e+02 | 212.35%| unknown
 2203s|280500 |217873 | 42455k| 151.4 |   450M | 158 | 951 |5425 |5425 |   0 |  0 |   0 |  37 | 3.400000e+01 | 1.062000e+02 | 212.35%| unknown
 2204s|280600 |217949 | 42477k| 151.4 |   450M | 158 | 951 |5425 |5425 |   0 |  0 |   0 |  37 | 3.400000e+01 | 1.062000e+02 | 212.35%| unknown
 2205s|280700 |218023 | 42515k| 151.5 |   450M | 158 | 951 |5425 |5425 |   0 |  0 |   0 |  37 | 3.400000e+01 | 1.062000e+02 | 212.35%| unknown
 2206s|280800 |218101 | 42528k| 151.5 |   450M | 158 | 951 |5425 |5425 |   0 |  0 |   0 |  37 | 3.400000e+01 | 1.062000e+02 | 212.35%| unknown
 2207s|280900 |218185 | 42550k| 151.5 |   450M | 158 | 951 |5425 |5425 |   0 |  0 |   0 |  37 | 3.400000e+01 | 1.062000e+02 | 212.35%| unknown
 2208s|281000 |218263 | 42569k| 151.5 |   450M | 158 | 951 |5425 |5425 |   0 |  0 |   0 |  37 | 3.400000e+01 | 1.062000e+02 | 212.35%| unknown
 2209s|281100 |218329 | 42591k| 151.5 |   452M | 158 | 951 |5425 |5425 |   0 |  0 |   0 |  37 | 3.400000e+01 | 1.062000e+02 | 212.35%| unknown
 2210s|281200 |218411 | 42605k| 151.5 |   452M | 158 | 951 |5425 |5425 |   0 |  0 |   0 |  37 | 3.400000e+01 | 1.062000e+02 | 212.35%| unknown
 2211s|281300 |218471 | 42619k| 151.5 |   452M | 158 | 951 |5425 |5425 |   0 |  0 |   0 |  37 | 3.400000e+01 | 1.062000e+02 | 212.35%| unknown
 2212s|281400 |218539 | 42644k| 151.5 |   452M | 158 | 951 |5425 |5425 |   0 |  0 |   0 |  37 | 3.400000e+01 | 1.062000e+02 | 212.35%| unknown
 2213s|281500 |218599 | 42662k| 151.6 |   453M | 158 | 951 |5425 |5425 |   0 |  0 |   0 |  37 | 3.400000e+01 | 1.062000e+02 | 212.35%| unknown
 2213s|281600 |218683 | 42674k| 151.5 |   453M | 158 | 951 |5425 |5425 |   0 |  0 |   0 |  37 | 3.400000e+01 | 1.062000e+02 | 212.35%| unknown
 2214s|281700 |218767 | 42685k| 151.5 |   453M | 158 | 951 |5425 |5425 |   0 |  0 |   0 |  37 | 3.400000e+01 | 1.062000e+02 | 212.35%| unknown
 2214s|281800 |218833 | 42686k| 151.5 |   453M | 158 | 951 |5425 |5425 |   0 |  0 |   0 |  37 | 3.400000e+01 | 1.062000e+02 | 212.35%| unknown
 time | node  | left  |LP iter|LP it/n|mem/heur|mdpt |vars |cons |rows |cuts |sepa|confs|strbr|  dualbound   | primalbound  |  gap   | compl. 
 2215s|281900 |218919 | 42714k| 151.5 |   453M | 158 | 951 |5425 |5425 |   0 |  0 |   0 |  37 | 3.400000e+01 | 1.062000e+02 | 212.35%| unknown
 2216s|282000 |219007 | 42729k| 151.5 |   453M | 158 | 951 |5425 |5425 |   0 |  0 |   0 |  37 | 3.400000e+01 | 1.062000e+02 | 212.35%| unknown
 2217s|282100 |219083 | 42739k| 151.5 |   454M | 158 | 951 |5425 |5425 |   0 |  0 |   0 |  37 | 3.400000e+01 | 1.062000e+02 | 212.35%| unknown
 2217s|282200 |219157 | 42741k| 151.5 |   454M | 158 | 951 |5425 |5425 |   0 |  0 |   0 |  37 | 3.400000e+01 | 1.062000e+02 | 212.35%| unknown
 2217s|282300 |219235 | 42742k| 151.4 |   454M | 158 | 951 |5425 |5425 |   0 |  0 |   0 |  37 | 3.400000e+01 | 1.062000e+02 | 212.35%| unknown
 2217s|282400 |219305 | 42744k| 151.4 |   454M | 158 | 951 |5425 |5425 |   0 |  0 |   0 |  37 | 3.400000e+01 | 1.062000e+02 | 212.35%| unknown
 2217s|282500 |219371 | 42746k| 151.3 |   454M | 158 | 951 |5425 |5425 |   0 |  0 |   0 |  37 | 3.400000e+01 | 1.062000e+02 | 212.35%| unknown
 2218s|282600 |219445 | 42747k| 151.3 |   454M | 158 | 951 |5425 |5425 |   0 |  0 |   0 |  37 | 3.400000e+01 | 1.062000e+02 | 212.35%| unknown
 2218s|282700 |219535 | 42755k| 151.2 |   454M | 158 | 951 |5425 |5425 |   0 |  0 |   0 |  37 | 3.400000e+01 | 1.062000e+02 | 212.35%| unknown
 2219s|282800 |219611 | 42780k| 151.3 |   454M | 158 | 951 |5425 |5425 |   0 |  0 |   0 |  37 | 3.400000e+01 | 1.062000e+02 | 212.35%| unknown
 2221s|282900 |219689 | 42808k| 151.3 |   454M | 158 | 951 |5425 |5425 |   0 |  0 |   0 |  37 | 3.400000e+01 | 1.062000e+02 | 212.35%| unknown
 2221s|283000 |219759 | 42819k| 151.3 |   454M | 158 | 951 |5425 |5425 |   0 |  0 |   0 |  37 | 3.400000e+01 | 1.062000e+02 | 212.35%| unknown
 2222s|283100 |219837 | 42847k| 151.3 |   454M | 158 | 951 |5425 |5425 |   0 |  0 |   0 |  37 | 3.400000e+01 | 1.062000e+02 | 212.35%| unknown
 2223s|283200 |219913 | 42854k| 151.3 |   455M | 158 | 951 |5425 |5425 |   0 |  0 |   0 |  37 | 3.400000e+01 | 1.062000e+02 | 212.35%| unknown
 2223s|283300 |219991 | 42859k| 151.3 |   455M | 158 | 951 |5425 |5425 |   0 |  0 |   0 |  37 | 3.400000e+01 | 1.062000e+02 | 212.35%| unknown
 time | node  | left  |LP iter|LP it/n|mem/heur|mdpt |vars |cons |rows |cuts |sepa|confs|strbr|  dualbound   | primalbound  |  gap   | compl. 
 2224s|283400 |220059 | 42880k| 151.3 |   455M | 158 | 951 |5425 |5425 |   0 |  0 |   0 |  37 | 3.400000e+01 | 1.062000e+02 | 212.35%| unknown
 2225s|283500 |220137 | 42896k| 151.3 |   455M | 158 | 951 |5425 |5425 |   0 |  0 |   0 |  37 | 3.400000e+01 | 1.062000e+02 | 212.35%| unknown
 2226s|283600 |220227 | 42913k| 151.3 |   455M | 158 | 951 |5425 |5425 |   0 |  0 |   0 |  37 | 3.400000e+01 | 1.062000e+02 | 212.35%| unknown
 2227s|283700 |220317 | 42935k| 151.3 |   455M | 158 | 951 |5425 |5425 |   0 |  0 |   0 |  37 | 3.400000e+01 | 1.062000e+02 | 212.35%| unknown
 2228s|283800 |220399 | 42956k| 151.4 |   455M | 158 | 951 |5425 |5425 |   0 |  0 |   0 |  37 | 3.400000e+01 | 1.062000e+02 | 212.35%| unknown
 2229s|283900 |220479 | 42976k| 151.4 |   455M | 158 | 951 |5425 |5425 |   0 |  0 |   0 |  37 | 3.400000e+01 | 1.062000e+02 | 212.35%| unknown
 2230s|284000 |220551 | 42992k| 151.4 |   455M | 158 | 951 |5425 |5425 |   0 |  0 |   0 |  37 | 3.400000e+01 | 1.062000e+02 | 212.35%| unknown
 2231s|284100 |220627 | 43017k| 151.4 |   455M | 158 | 951 |5425 |5425 |   0 |  0 |   0 |  37 | 3.400000e+01 | 1.062000e+02 | 212.35%| unknown
 2234s|284200 |220697 | 43068k| 151.5 |   456M | 163 | 951 |5425 |5425 |   0 |  0 |   0 |  37 | 3.400000e+01 | 1.062000e+02 | 212.35%| unknown
 2234s|284300 |220777 | 43083k| 151.5 |   457M | 163 | 951 |5425 |5425 |   0 |  0 |   0 |  37 | 3.400000e+01 | 1.062000e+02 | 212.35%| unknown
 2235s|284400 |220847 | 43102k| 151.6 |   457M | 163 | 951 |5425 |5425 |   0 |  0 |   0 |  37 | 3.400000e+01 | 1.062000e+02 | 212.35%| unknown
 2236s|284500 |220923 | 43111k| 151.5 |   457M | 163 | 951 |5425 |5425 |   0 |  0 |   0 |  37 | 3.400000e+01 | 1.062000e+02 | 212.35%| unknown
 2236s|284600 |220991 | 43112k| 151.5 |   457M | 163 | 951 |5425 |5425 |   0 |  0 |   0 |  37 | 3.400000e+01 | 1.062000e+02 | 212.35%| unknown
 2236s|284700 |221073 | 43114k| 151.4 |   457M | 163 | 951 |5425 |5425 |   0 |  0 |   0 |  37 | 3.400000e+01 | 1.062000e+02 | 212.35%| unknown
 2236s|284800 |221125 | 43115k| 151.4 |   457M | 163 | 951 |5425 |5425 |   0 |  0 |   0 |  37 | 3.400000e+01 | 1.062000e+02 | 212.35%| unknown
 time | node  | left  |LP iter|LP it/n|mem/heur|mdpt |vars |cons |rows |cuts |sepa|confs|strbr|  dualbound   | primalbound  |  gap   | compl. 
 2237s|284900 |221193 | 43136k| 151.4 |   457M | 163 | 951 |5425 |5425 |   0 |  0 |   0 |  37 | 3.400000e+01 | 1.062000e+02 | 212.35%| unknown
 2239s|285000 |221261 | 43158k| 151.4 |   457M | 163 | 951 |5425 |5425 |   0 |  0 |   0 |  37 | 3.400000e+01 | 1.062000e+02 | 212.35%| unknown
 2240s|285100 |221335 | 43190k| 151.5 |   457M | 163 | 951 |5425 |5425 |   0 |  0 |   0 |  37 | 3.400000e+01 | 1.062000e+02 | 212.35%| unknown
 2241s|285200 |221399 | 43209k| 151.5 |   457M | 163 | 951 |5425 |5425 |   0 |  0 |   0 |  37 | 3.400000e+01 | 1.062000e+02 | 212.35%| unknown
 2242s|285300 |221475 | 43228k| 151.5 |   457M | 163 | 951 |5425 |5425 |   0 |  0 |   0 |  37 | 3.400000e+01 | 1.062000e+02 | 212.35%| unknown
 2243s|285400 |221543 | 43248k| 151.5 |   458M | 163 | 951 |5425 |5425 |   0 |  0 |   0 |  37 | 3.400000e+01 | 1.062000e+02 | 212.35%| unknown
 2244s|285500 |221621 | 43264k| 151.5 |   458M | 163 | 951 |5425 |5425 |   0 |  0 |   0 |  37 | 3.400000e+01 | 1.062000e+02 | 212.35%| unknown
 2245s|285600 |221691 | 43299k| 151.6 |   458M | 163 | 951 |5425 |5425 |   0 |  0 |   0 |  37 | 3.400000e+01 | 1.062000e+02 | 212.35%| unknown
 2247s|285700 |221765 | 43329k| 151.7 |   458M | 163 | 951 |5425 |5425 |   0 |  0 |   0 |  37 | 3.400000e+01 | 1.062000e+02 | 212.35%| unknown
 2248s|285800 |221845 | 43351k| 151.7 |   458M | 163 | 951 |5425 |5425 |   0 |  0 |   0 |  37 | 3.400000e+01 | 1.062000e+02 | 212.35%| unknown
 2249s|285900 |221923 | 43382k| 151.7 |   458M | 163 | 951 |5425 |5425 |   0 |  0 |   0 |  37 | 3.400000e+01 | 1.062000e+02 | 212.35%| unknown
 2250s|286000 |221997 | 43394k| 151.7 |   458M | 163 | 951 |5425 |5425 |   0 |  0 |   0 |  37 | 3.400000e+01 | 1.062000e+02 | 212.35%| unknown
 2250s|286100 |222073 | 43405k| 151.7 |   458M | 163 | 951 |5425 |5425 |   0 |  0 |   0 |  37 | 3.400000e+01 | 1.062000e+02 | 212.35%| unknown
 2251s|286200 |222141 | 43422k| 151.7 |   458M | 163 | 951 |5425 |5425 |   0 |  0 |   0 |  37 | 3.400000e+01 | 1.062000e+02 | 212.35%| unknown
 2251s|286300 |222211 | 43423k| 151.7 |   458M | 163 | 951 |5425 |5425 |   0 |  0 |   0 |  37 | 3.400000e+01 | 1.062000e+02 | 212.35%| unknown
 time | node  | left  |LP iter|LP it/n|mem/heur|mdpt |vars |cons |rows |cuts |sepa|confs|strbr|  dualbound   | primalbound  |  gap   | compl. 
 2252s|286400 |222289 | 43425k| 151.6 |   458M | 163 | 951 |5425 |5425 |   0 |  0 |   0 |  37 | 3.400000e+01 | 1.062000e+02 | 212.35%| unknown
 2252s|286500 |222363 | 43430k| 151.6 |   460M | 163 | 951 |5425 |5425 |   0 |  0 |   0 |  37 | 3.400000e+01 | 1.062000e+02 | 212.35%| unknown
 2253s|286600 |222427 | 43461k| 151.6 |   460M | 163 | 951 |5425 |5425 |   0 |  0 |   0 |  37 | 3.400000e+01 | 1.062000e+02 | 212.35%| unknown
 2254s|286700 |222525 | 43476k| 151.6 |   460M | 163 | 951 |5425 |5425 |   0 |  0 |   0 |  37 | 3.400000e+01 | 1.062000e+02 | 212.35%| unknown
 2255s|286800 |222599 | 43486k| 151.6 |   460M | 163 | 951 |5425 |5425 |   0 |  0 |   0 |  37 | 3.400000e+01 | 1.062000e+02 | 212.35%| unknown
 2256s|286900 |222675 | 43511k| 151.7 |   460M | 163 | 951 |5425 |5425 |   0 |  0 |   0 |  37 | 3.400000e+01 | 1.062000e+02 | 212.35%| unknown
 2257s|287000 |222751 | 43533k| 151.7 |   460M | 163 | 951 |5425 |5425 |   0 |  0 |   0 |  37 | 3.400000e+01 | 1.062000e+02 | 212.35%| unknown
 2258s|287100 |222829 | 43558k| 151.7 |   460M | 163 | 951 |5425 |5425 |   0 |  0 |   0 |  37 | 3.400000e+01 | 1.062000e+02 | 212.35%| unknown
 2259s|287200 |222909 | 43583k| 151.7 |   461M | 163 | 951 |5425 |5425 |   0 |  0 |   0 |  37 | 3.400000e+01 | 1.062000e+02 | 212.35%| unknown
 2260s|287300 |222985 | 43597k| 151.7 |   461M | 163 | 951 |5425 |5425 |   0 |  0 |   0 |  37 | 3.400000e+01 | 1.062000e+02 | 212.35%| unknown
 2261s|287400 |223057 | 43616k| 151.8 |   461M | 163 | 951 |5425 |5425 |   0 |  0 |   0 |  37 | 3.400000e+01 | 1.062000e+02 | 212.35%| unknown
 2262s|287500 |223145 | 43632k| 151.8 |   462M | 163 | 951 |5425 |5425 |   0 |  0 |   0 |  37 | 3.400000e+01 | 1.062000e+02 | 212.35%| unknown
 2262s|287600 |223213 | 43633k| 151.7 |   462M | 163 | 951 |5425 |5425 |   0 |  0 |   0 |  37 | 3.400000e+01 | 1.062000e+02 | 212.35%| unknown
 2262s|287700 |223285 | 43634k| 151.7 |   462M | 163 | 951 |5425 |5425 |   0 |  0 |   0 |  37 | 3.400000e+01 | 1.062000e+02 | 212.35%| unknown
 2262s|287800 |223369 | 43636k| 151.6 |   462M | 163 | 951 |5425 |5425 |   0 |  0 |   0 |  37 | 3.400000e+01 | 1.062000e+02 | 212.35%| unknown
 time | node  | left  |LP iter|LP it/n|mem/heur|mdpt |vars |cons |rows |cuts |sepa|confs|strbr|  dualbound   | primalbound  |  gap   | compl. 
 2264s|287900 |223437 | 43657k| 151.6 |   462M | 163 | 951 |5425 |5425 |   0 |  0 |   0 |  37 | 3.400000e+01 | 1.062000e+02 | 212.35%| unknown
 2264s|288000 |223527 | 43660k| 151.6 |   462M | 163 | 951 |5425 |5425 |   0 |  0 |   0 |  37 | 3.400000e+01 | 1.062000e+02 | 212.35%| unknown
 2264s|288100 |223601 | 43662k| 151.6 |   462M | 163 | 951 |5425 |5425 |   0 |  0 |   0 |  37 | 3.400000e+01 | 1.062000e+02 | 212.35%| unknown
 2264s|288200 |223677 | 43663k| 151.5 |   462M | 163 | 951 |5425 |5425 |   0 |  0 |   0 |  37 | 3.400000e+01 | 1.062000e+02 | 212.35%| unknown
 2264s|288300 |223743 | 43665k| 151.5 |   462M | 163 | 951 |5425 |5425 |   0 |  0 |   0 |  37 | 3.400000e+01 | 1.062000e+02 | 212.35%| unknown
 2265s|288400 |223815 | 43676k| 151.4 |   462M | 163 | 951 |5425 |5425 |   0 |  0 |   0 |  37 | 3.400000e+01 | 1.062000e+02 | 212.35%| unknown
 2266s|288500 |223881 | 43703k| 151.5 |   462M | 163 | 951 |5425 |5425 |   0 |  0 |   0 |  37 | 3.400000e+01 | 1.062000e+02 | 212.35%| unknown
 2267s|288600 |223965 | 43720k| 151.5 |   463M | 163 | 951 |5425 |5425 |   0 |  0 |   0 |  37 | 3.400000e+01 | 1.062000e+02 | 212.35%| unknown
 2268s|288700 |224037 | 43734k| 151.5 |   463M | 163 | 951 |5425 |5425 |   0 |  0 |   0 |  37 | 3.400000e+01 | 1.062000e+02 | 212.35%| unknown
 2268s|288800 |224113 | 43748k| 151.5 |   463M | 163 | 951 |5425 |5425 |   0 |  0 |   0 |  37 | 3.400000e+01 | 1.062000e+02 | 212.35%| unknown
 2269s|288900 |224167 | 43755k| 151.5 |   463M | 163 | 951 |5425 |5425 |   0 |  0 |   0 |  37 | 3.400000e+01 | 1.062000e+02 | 212.35%| unknown
 2270s|289000 |224233 | 43769k| 151.4 |   463M | 163 | 951 |5425 |5425 |   0 |  0 |   0 |  37 | 3.400000e+01 | 1.062000e+02 | 212.35%| unknown
 2271s|289100 |224299 | 43797k| 151.5 |   463M | 163 | 951 |5425 |5425 |   0 |  0 |   0 |  37 | 3.400000e+01 | 1.062000e+02 | 212.35%| unknown
 2271s|289200 |224377 | 43799k| 151.4 |   463M | 163 | 951 |5425 |5425 |   0 |  0 |   0 |  37 | 3.400000e+01 | 1.062000e+02 | 212.35%| unknown
 2271s|289300 |224429 | 43800k| 151.4 |   463M | 163 | 951 |5425 |5425 |   0 |  0 |   0 |  37 | 3.400000e+01 | 1.062000e+02 | 212.35%| unknown
 time | node  | left  |LP iter|LP it/n|mem/heur|mdpt |vars |cons |rows |cuts |sepa|confs|strbr|  dualbound   | primalbound  |  gap   | compl. 
 2272s|289400 |224485 | 43802k| 151.4 |   463M | 163 | 951 |5425 |5425 |   0 |  0 |   0 |  37 | 3.400000e+01 | 1.062000e+02 | 212.35%| unknown
 2272s|289500 |224569 | 43804k| 151.3 |   463M | 163 | 951 |5425 |5425 |   0 |  0 |   0 |  37 | 3.400000e+01 | 1.062000e+02 | 212.35%| unknown
 2272s|289600 |224651 | 43805k| 151.3 |   463M | 163 | 951 |5425 |5425 |   0 |  0 |   0 |  37 | 3.400000e+01 | 1.062000e+02 | 212.35%| unknown
 2272s|289700 |224717 | 43806k| 151.2 |   463M | 163 | 951 |5425 |5425 |   0 |  0 |   0 |  37 | 3.400000e+01 | 1.062000e+02 | 212.35%| unknown
 2272s|289800 |224809 | 43807k| 151.2 |   465M | 163 | 951 |5425 |5425 |   0 |  0 |   0 |  37 | 3.400000e+01 | 1.062000e+02 | 212.35%| unknown
 2273s|289900 |224877 | 43809k| 151.1 |   465M | 163 | 951 |5425 |5425 |   0 |  0 |   0 |  37 | 3.400000e+01 | 1.062000e+02 | 212.35%| unknown
 2275s|290000 |224945 | 43866k| 151.3 |   465M | 163 | 951 |5425 |5425 |   0 |  0 |   0 |  37 | 3.400000e+01 | 1.062000e+02 | 212.35%| unknown
 2277s|290100 |225025 | 43910k| 151.4 |   465M | 163 | 951 |5425 |5425 |   0 |  0 |   0 |  37 | 3.400000e+01 | 1.062000e+02 | 212.35%| unknown
 2279s|290200 |225087 | 43939k| 151.4 |   465M | 163 | 951 |5425 |5425 |   0 |  0 |   0 |  37 | 3.400000e+01 | 1.062000e+02 | 212.35%| unknown
 2280s|290300 |225165 | 43961k| 151.4 |   465M | 163 | 951 |5425 |5425 |   0 |  0 |   0 |  37 | 3.400000e+01 | 1.062000e+02 | 212.35%| unknown
 2281s|290400 |225241 | 43982k| 151.5 |   465M | 163 | 951 |5425 |5425 |   0 |  0 |   0 |  37 | 3.400000e+01 | 1.062000e+02 | 212.35%| unknown
 2282s|290500 |225309 | 43999k| 151.5 |   465M | 163 | 951 |5425 |5425 |   0 |  0 |   0 |  37 | 3.400000e+01 | 1.062000e+02 | 212.35%| unknown
 2283s|290600 |225381 | 44031k| 151.5 |   465M | 163 | 951 |5425 |5425 |   0 |  0 |   0 |  37 | 3.400000e+01 | 1.062000e+02 | 212.35%| unknown
 2284s|290700 |225461 | 44053k| 151.5 |   465M | 163 | 951 |5425 |5425 |   0 |  0 |   0 |  37 | 3.400000e+01 | 1.062000e+02 | 212.35%| unknown
 2285s|290800 |225545 | 44073k| 151.6 |   465M | 163 | 951 |5425 |5425 |   0 |  0 |   0 |  37 | 3.400000e+01 | 1.062000e+02 | 212.35%| unknown
 time | node  | left  |LP iter|LP it/n|mem/heur|mdpt |vars |cons |rows |cuts |sepa|confs|strbr|  dualbound   | primalbound  |  gap   | compl. 
 2286s|290900 |225619 | 44090k| 151.6 |   466M | 163 | 951 |5425 |5425 |   0 |  0 |   0 |  37 | 3.400000e+01 | 1.062000e+02 | 212.35%| unknown
 2287s|291000 |225707 | 44105k| 151.6 |   466M | 163 | 951 |5425 |5425 |   0 |  0 |   0 |  37 | 3.400000e+01 | 1.062000e+02 | 212.35%| unknown
 2288s|291100 |225793 | 44144k| 151.6 |   466M | 163 | 951 |5425 |5425 |   0 |  0 |   0 |  37 | 3.400000e+01 | 1.062000e+02 | 212.35%| unknown
 2290s|291200 |225867 | 44168k| 151.7 |   466M | 163 | 951 |5425 |5425 |   0 |  0 |   0 |  37 | 3.400000e+01 | 1.062000e+02 | 212.35%| unknown
 2290s|291300 |225943 | 44181k| 151.7 |   466M | 163 | 951 |5425 |5425 |   0 |  0 |   0 |  37 | 3.400000e+01 | 1.062000e+02 | 212.35%| unknown
 2291s|291400 |226009 | 44202k| 151.7 |   466M | 163 | 951 |5425 |5425 |   0 |  0 |   0 |  37 | 3.400000e+01 | 1.062000e+02 | 212.35%| unknown
 2292s|291500 |226089 | 44218k| 151.7 |   466M | 163 | 951 |5425 |5425 |   0 |  0 |   0 |  37 | 3.400000e+01 | 1.062000e+02 | 212.35%| unknown
 2293s|291600 |226175 | 44238k| 151.7 |   466M | 163 | 951 |5425 |5425 |   0 |  0 |   0 |  37 | 3.400000e+01 | 1.062000e+02 | 212.35%| unknown
 2294s|291700 |226263 | 44252k| 151.7 |   466M | 163 | 951 |5425 |5425 |   0 |  0 |   0 |  37 | 3.400000e+01 | 1.062000e+02 | 212.35%| unknown
 2295s|291800 |226345 | 44269k| 151.7 |   466M | 163 | 951 |5425 |5425 |   0 |  0 |   0 |  37 | 3.400000e+01 | 1.062000e+02 | 212.35%| unknown
 2296s|291900 |226415 | 44286k| 151.7 |   468M | 163 | 951 |5425 |5425 |   0 |  0 |   0 |  37 | 3.400000e+01 | 1.062000e+02 | 212.35%| unknown
 2296s|292000 |226485 | 44302k| 151.7 |   468M | 163 | 951 |5425 |5425 |   0 |  0 |   0 |  37 | 3.400000e+01 | 1.062000e+02 | 212.35%| unknown
 2298s|292100 |226575 | 44338k| 151.8 |   468M | 163 | 951 |5425 |5425 |   0 |  0 |   0 |  37 | 3.400000e+01 | 1.062000e+02 | 212.35%| unknown
 2299s|292200 |226661 | 44352k| 151.8 |   468M | 163 | 951 |5425 |5425 |   0 |  0 |   0 |  37 | 3.400000e+01 | 1.062000e+02 | 212.35%| unknown
 2300s|292300 |226747 | 44389k| 151.9 |   468M | 163 | 951 |5425 |5425 |   0 |  0 |   0 |  37 | 3.400000e+01 | 1.062000e+02 | 212.35%| unknown
 time | node  | left  |LP iter|LP it/n|mem/heur|mdpt |vars |cons |rows |cuts |sepa|confs|strbr|  dualbound   | primalbound  |  gap   | compl. 
 2302s|292400 |226835 | 44413k| 151.9 |   468M | 163 | 951 |5425 |5425 |   0 |  0 |   0 |  37 | 3.400000e+01 | 1.062000e+02 | 212.35%| unknown
 2302s|292500 |226915 | 44432k| 151.9 |   468M | 163 | 951 |5425 |5425 |   0 |  0 |   0 |  37 | 3.400000e+01 | 1.062000e+02 | 212.35%| unknown
 2303s|292600 |226991 | 44447k| 151.9 |   468M | 163 | 951 |5425 |5425 |   0 |  0 |   0 |  37 | 3.400000e+01 | 1.062000e+02 | 212.35%| unknown
 2303s|292700 |227057 | 44449k| 151.9 |   468M | 163 | 951 |5425 |5425 |   0 |  0 |   0 |  37 | 3.400000e+01 | 1.062000e+02 | 212.35%| unknown
 2304s|292800 |227131 | 44450k| 151.8 |   468M | 163 | 951 |5425 |5425 |   0 |  0 |   0 |  37 | 3.400000e+01 | 1.062000e+02 | 212.35%| unknown
 2304s|292900 |227211 | 44461k| 151.8 |   469M | 163 | 951 |5425 |5425 |   0 |  0 |   0 |  37 | 3.400000e+01 | 1.062000e+02 | 212.35%| unknown
 2305s|293000 |227283 | 44480k| 151.8 |   469M | 163 | 951 |5425 |5425 |   0 |  0 |   0 |  37 | 3.400000e+01 | 1.062000e+02 | 212.35%| unknown
 2306s|293100 |227375 | 44493k| 151.8 |   469M | 163 | 951 |5425 |5425 |   0 |  0 |   0 |  37 | 3.400000e+01 | 1.062000e+02 | 212.35%| unknown
 2306s|293200 |227457 | 44504k| 151.8 |   469M | 163 | 951 |5425 |5425 |   0 |  0 |   0 |  37 | 3.400000e+01 | 1.062000e+02 | 212.35%| unknown
 2308s|293300 |227527 | 44531k| 151.8 |   470M | 163 | 951 |5425 |5425 |   0 |  0 |   0 |  37 | 3.400000e+01 | 1.062000e+02 | 212.35%| unknown
 2308s|293400 |227607 | 44532k| 151.8 |   470M | 163 | 951 |5425 |5425 |   0 |  0 |   0 |  37 | 3.400000e+01 | 1.062000e+02 | 212.35%| unknown
 2308s|293500 |227679 | 44534k| 151.7 |   470M | 163 | 951 |5425 |5425 |   0 |  0 |   0 |  37 | 3.400000e+01 | 1.062000e+02 | 212.35%| unknown
 2308s|293600 |227747 | 44535k| 151.7 |   470M | 163 | 951 |5425 |5425 |   0 |  0 |   0 |  37 | 3.400000e+01 | 1.062000e+02 | 212.35%| unknown
 2308s|293700 |227821 | 44536k| 151.6 |   470M | 163 | 951 |5425 |5425 |   0 |  0 |   0 |  37 | 3.400000e+01 | 1.062000e+02 | 212.35%| unknown
 2309s|293800 |227893 | 44538k| 151.6 |   470M | 163 | 951 |5425 |5425 |   0 |  0 |   0 |  37 | 3.400000e+01 | 1.062000e+02 | 212.35%| unknown
 time | node  | left  |LP iter|LP it/n|mem/heur|mdpt |vars |cons |rows |cuts |sepa|confs|strbr|  dualbound   | primalbound  |  gap   | compl. 
 2310s|293900 |227977 | 44558k| 151.6 |   470M | 163 | 951 |5425 |5425 |   0 |  0 |   0 |  37 | 3.400000e+01 | 1.062000e+02 | 212.35%| unknown
 2311s|294000 |228047 | 44582k| 151.6 |   471M | 163 | 951 |5425 |5425 |   0 |  0 |   0 |  37 | 3.400000e+01 | 1.062000e+02 | 212.35%| unknown
 2312s|294100 |228123 | 44603k| 151.7 |   471M | 163 | 951 |5425 |5425 |   0 |  0 |   0 |  37 | 3.400000e+01 | 1.062000e+02 | 212.35%| unknown
 2312s|294200 |228215 | 44610k| 151.6 |   471M | 163 | 951 |5425 |5425 |   0 |  0 |   0 |  37 | 3.400000e+01 | 1.062000e+02 | 212.35%| unknown
 2313s|294300 |228279 | 44625k| 151.6 |   472M | 163 | 951 |5425 |5425 |   0 |  0 |   0 |  37 | 3.400000e+01 | 1.062000e+02 | 212.35%| unknown
 2313s|294400 |228349 | 44627k| 151.6 |   472M | 163 | 951 |5425 |5425 |   0 |  0 |   0 |  37 | 3.400000e+01 | 1.062000e+02 | 212.35%| unknown
 2313s|294500 |228433 | 44628k| 151.5 |   472M | 163 | 951 |5425 |5425 |   0 |  0 |   0 |  37 | 3.400000e+01 | 1.062000e+02 | 212.35%| unknown
 2314s|294600 |228517 | 44630k| 151.5 |   472M | 163 | 951 |5425 |5425 |   0 |  0 |   0 |  37 | 3.400000e+01 | 1.062000e+02 | 212.35%| unknown
 2314s|294700 |228589 | 44631k| 151.4 |   472M | 163 | 951 |5425 |5425 |   0 |  0 |   0 |  37 | 3.400000e+01 | 1.062000e+02 | 212.35%| unknown
 2314s|294800 |228673 | 44633k| 151.4 |   472M | 163 | 951 |5425 |5425 |   0 |  0 |   0 |  37 | 3.400000e+01 | 1.062000e+02 | 212.35%| unknown
 2314s|294900 |228757 | 44634k| 151.4 |   472M | 163 | 951 |5425 |5425 |   0 |  0 |   0 |  37 | 3.400000e+01 | 1.062000e+02 | 212.35%| unknown
 2314s|295000 |228829 | 44635k| 151.3 |   473M | 163 | 951 |5425 |5425 |   0 |  0 |   0 |  37 | 3.400000e+01 | 1.062000e+02 | 212.35%| unknown
 2315s|295100 |228909 | 44637k| 151.3 |   473M | 163 | 951 |5425 |5425 |   0 |  0 |   0 |  37 | 3.400000e+01 | 1.062000e+02 | 212.35%| unknown
 2315s|295200 |228991 | 44638k| 151.2 |   473M | 163 | 951 |5425 |5425 |   0 |  0 |   0 |  37 | 3.400000e+01 | 1.062000e+02 | 212.35%| unknown
 2315s|295300 |229067 | 44639k| 151.2 |   473M | 163 | 951 |5425 |5425 |   0 |  0 |   0 |  37 | 3.400000e+01 | 1.062000e+02 | 212.35%| unknown
 time | node  | left  |LP iter|LP it/n|mem/heur|mdpt |vars |cons |rows |cuts |sepa|confs|strbr|  dualbound   | primalbound  |  gap   | compl. 
 2315s|295400 |229143 | 44640k| 151.1 |   473M | 163 | 951 |5425 |5425 |   0 |  0 |   0 |  37 | 3.400000e+01 | 1.062000e+02 | 212.35%| unknown
 2315s|295500 |229215 | 44641k| 151.1 |   473M | 163 | 951 |5425 |5425 |   0 |  0 |   0 |  37 | 3.400000e+01 | 1.062000e+02 | 212.35%| unknown
 2316s|295600 |229265 | 44645k| 151.0 |   473M | 163 | 951 |5425 |5425 |   0 |  0 |   0 |  37 | 3.400000e+01 | 1.062000e+02 | 212.35%| unknown
 2317s|295700 |229347 | 44664k| 151.0 |   473M | 163 | 951 |5425 |5425 |   0 |  0 |   0 |  37 | 3.400000e+01 | 1.062000e+02 | 212.35%| unknown
 2318s|295800 |229431 | 44706k| 151.1 |   473M | 163 | 951 |5425 |5425 |   0 |  0 |   0 |  37 | 3.400000e+01 | 1.062000e+02 | 212.35%| unknown
 2320s|295900 |229525 | 44734k| 151.2 |   473M | 163 | 951 |5425 |5425 |   0 |  0 |   0 |  37 | 3.400000e+01 | 1.062000e+02 | 212.35%| unknown
 2321s|296000 |229617 | 44756k| 151.2 |   474M | 163 | 951 |5425 |5425 |   0 |  0 |   0 |  37 | 3.400000e+01 | 1.062000e+02 | 212.35%| unknown
 2321s|296100 |229701 | 44769k| 151.2 |   474M | 163 | 951 |5425 |5425 |   0 |  0 |   0 |  37 | 3.400000e+01 | 1.062000e+02 | 212.35%| unknown
 2323s|296200 |229787 | 44794k| 151.2 |   474M | 163 | 951 |5425 |5425 |   0 |  0 |   0 |  37 | 3.400000e+01 | 1.062000e+02 | 212.35%| unknown
 2324s|296300 |229867 | 44819k| 151.3 |   474M | 163 | 951 |5425 |5425 |   0 |  0 |   0 |  37 | 3.400000e+01 | 1.062000e+02 | 212.35%| unknown
 2325s|296400 |229953 | 44849k| 151.3 |   474M | 163 | 951 |5425 |5425 |   0 |  0 |   0 |  37 | 3.400000e+01 | 1.062000e+02 | 212.35%| unknown
 2326s|296500 |230033 | 44875k| 151.3 |   474M | 163 | 951 |5425 |5425 |   0 |  0 |   0 |  37 | 3.400000e+01 | 1.062000e+02 | 212.35%| unknown
 2327s|296600 |230121 | 44904k| 151.4 |   475M | 163 | 951 |5425 |5425 |   0 |  0 |   0 |  37 | 3.400000e+01 | 1.062000e+02 | 212.35%| unknown
 2330s|296700 |230201 | 44956k| 151.5 |   475M | 163 | 951 |5425 |5425 |   0 |  0 |   0 |  37 | 3.400000e+01 | 1.062000e+02 | 212.35%| unknown
 2331s|296800 |230291 | 44983k| 151.6 |   475M | 163 | 951 |5425 |5425 |   0 |  0 |   0 |  37 | 3.400000e+01 | 1.062000e+02 | 212.35%| unknown
 time | node  | left  |LP iter|LP it/n|mem/heur|mdpt |vars |cons |rows |cuts |sepa|confs|strbr|  dualbound   | primalbound  |  gap   | compl. 
 2333s|296900 |230377 | 45027k| 151.7 |   475M | 163 | 951 |5425 |5425 |   0 |  0 |   0 |  37 | 3.400000e+01 | 1.062000e+02 | 212.35%| unknown
 2334s|297000 |230453 | 45044k| 151.7 |   476M | 163 | 951 |5425 |5425 |   0 |  0 |   0 |  37 | 3.400000e+01 | 1.062000e+02 | 212.35%| unknown
 2335s|297100 |230533 | 45073k| 151.7 |   476M | 163 | 951 |5425 |5425 |   0 |  0 |   0 |  37 | 3.400000e+01 | 1.062000e+02 | 212.35%| unknown
 2336s|297200 |230611 | 45109k| 151.8 |   476M | 163 | 951 |5425 |5425 |   0 |  0 |   0 |  37 | 3.400000e+01 | 1.062000e+02 | 212.35%| unknown
 2338s|297300 |230687 | 45138k| 151.8 |   476M | 163 | 951 |5425 |5425 |   0 |  0 |   0 |  37 | 3.400000e+01 | 1.062000e+02 | 212.35%| unknown
 2339s|297400 |230757 | 45175k| 151.9 |   476M | 163 | 951 |5425 |5425 |   0 |  0 |   0 |  37 | 3.400000e+01 | 1.062000e+02 | 212.35%| unknown
 2341s|297500 |230851 | 45222k| 152.0 |   476M | 163 | 951 |5425 |5425 |   0 |  0 |   0 |  37 | 3.400000e+01 | 1.062000e+02 | 212.35%| unknown
 2343s|297600 |230929 | 45251k| 152.1 |   476M | 163 | 951 |5425 |5425 |   0 |  0 |   0 |  37 | 3.400000e+01 | 1.062000e+02 | 212.35%| unknown
 2345s|297700 |231013 | 45290k| 152.1 |   476M | 163 | 951 |5425 |5425 |   0 |  0 |   0 |  37 | 3.400000e+01 | 1.062000e+02 | 212.35%| unknown
 2346s|297800 |231101 | 45318k| 152.2 |   476M | 163 | 951 |5425 |5425 |   0 |  0 |   0 |  37 | 3.400000e+01 | 1.062000e+02 | 212.35%| unknown
 2347s|297900 |231175 | 45350k| 152.2 |   476M | 163 | 951 |5425 |5425 |   0 |  0 |   0 |  37 | 3.400000e+01 | 1.062000e+02 | 212.35%| unknown
 2349s|298000 |231253 | 45382k| 152.3 |   477M | 163 | 951 |5425 |5425 |   0 |  0 |   0 |  37 | 3.400000e+01 | 1.062000e+02 | 212.35%| unknown
 2350s|298100 |231313 | 45406k| 152.3 |   477M | 163 | 951 |5425 |5425 |   0 |  0 |   0 |  37 | 3.400000e+01 | 1.062000e+02 | 212.35%| unknown
 2351s|298200 |231399 | 45417k| 152.3 |   477M | 163 | 951 |5425 |5425 |   0 |  0 |   0 |  37 | 3.400000e+01 | 1.062000e+02 | 212.35%| unknown
 2352s|298300 |231483 | 45448k| 152.4 |   477M | 163 | 951 |5425 |5425 |   0 |  0 |   0 |  37 | 3.400000e+01 | 1.062000e+02 | 212.35%| unknown
 time | node  | left  |LP iter|LP it/n|mem/heur|mdpt |vars |cons |rows |cuts |sepa|confs|strbr|  dualbound   | primalbound  |  gap   | compl. 
 2354s|298400 |231553 | 45488k| 152.4 |   477M | 163 | 951 |5425 |5425 |   0 |  0 |   0 |  37 | 3.400000e+01 | 1.062000e+02 | 212.35%| unknown
 2355s|298500 |231627 | 45521k| 152.5 |   477M | 163 | 951 |5425 |5425 |   0 |  0 |   0 |  37 | 3.400000e+01 | 1.062000e+02 | 212.35%| unknown
 2357s|298600 |231709 | 45547k| 152.5 |   477M | 163 | 951 |5425 |5425 |   0 |  0 |   0 |  37 | 3.400000e+01 | 1.062000e+02 | 212.35%| unknown
 2358s|298700 |231783 | 45574k| 152.6 |   477M | 163 | 951 |5425 |5425 |   0 |  0 |   0 |  37 | 3.400000e+01 | 1.062000e+02 | 212.35%| unknown
 2359s|298800 |231859 | 45601k| 152.6 |   477M | 163 | 951 |5425 |5425 |   0 |  0 |   0 |  37 | 3.400000e+01 | 1.062000e+02 | 212.35%| unknown
 2360s|298900 |231935 | 45619k| 152.6 |   477M | 163 | 951 |5425 |5425 |   0 |  0 |   0 |  37 | 3.400000e+01 | 1.062000e+02 | 212.35%| unknown
 2361s|299000 |232009 | 45641k| 152.6 |   477M | 163 | 951 |5425 |5425 |   0 |  0 |   0 |  37 | 3.400000e+01 | 1.062000e+02 | 212.35%| unknown
 2362s|299100 |232089 | 45666k| 152.7 |   479M | 163 | 951 |5425 |5425 |   0 |  0 |   0 |  37 | 3.400000e+01 | 1.062000e+02 | 212.35%| unknown
 2363s|299200 |232169 | 45690k| 152.7 |   479M | 163 | 951 |5425 |5425 |   0 |  0 |   0 |  37 | 3.400000e+01 | 1.062000e+02 | 212.35%| unknown
 2365s|299300 |232253 | 45722k| 152.8 |   479M | 163 | 951 |5425 |5425 |   0 |  0 |   0 |  37 | 3.400000e+01 | 1.062000e+02 | 212.35%| unknown
 2366s|299400 |232327 | 45743k| 152.8 |   479M | 163 | 951 |5425 |5425 |   0 |  0 |   0 |  37 | 3.400000e+01 | 1.062000e+02 | 212.35%| unknown
 2366s|299500 |232413 | 45753k| 152.8 |   479M | 163 | 951 |5425 |5425 |   0 |  0 |   0 |  37 | 3.400000e+01 | 1.062000e+02 | 212.35%| unknown
 2367s|299600 |232495 | 45769k| 152.8 |   479M | 163 | 951 |5425 |5425 |   0 |  0 |   0 |  37 | 3.400000e+01 | 1.062000e+02 | 212.35%| unknown
 2368s|299700 |232579 | 45784k| 152.8 |   479M | 163 | 951 |5425 |5425 |   0 |  0 |   0 |  37 | 3.400000e+01 | 1.062000e+02 | 212.35%| unknown
 2369s|299800 |232649 | 45810k| 152.8 |   479M | 163 | 951 |5425 |5425 |   0 |  0 |   0 |  37 | 3.400000e+01 | 1.062000e+02 | 212.35%| unknown
 time | node  | left  |LP iter|LP it/n|mem/heur|mdpt |vars |cons |rows |cuts |sepa|confs|strbr|  dualbound   | primalbound  |  gap   | compl. 
 2371s|299900 |232723 | 45841k| 152.9 |   479M | 163 | 951 |5425 |5425 |   0 |  0 |   0 |  37 | 3.400000e+01 | 1.062000e+02 | 212.35%| unknown
 2372s|300000 |232799 | 45858k| 152.9 |   479M | 163 | 951 |5425 |5425 |   0 |  0 |   0 |  37 | 3.400000e+01 | 1.062000e+02 | 212.35%| unknown
 2373s|300100 |232881 | 45872k| 152.9 |   480M | 163 | 951 |5425 |5425 |   0 |  0 |   0 |  37 | 3.400000e+01 | 1.062000e+02 | 212.35%| unknown
 2373s|300200 |232955 | 45888k| 152.9 |   480M | 163 | 951 |5425 |5425 |   0 |  0 |   0 |  37 | 3.400000e+01 | 1.062000e+02 | 212.35%| unknown
 2374s|300300 |233041 | 45909k| 152.9 |   480M | 163 | 951 |5425 |5425 |   0 |  0 |   0 |  37 | 3.400000e+01 | 1.062000e+02 | 212.35%| unknown
 2375s|300400 |233123 | 45928k| 152.9 |   480M | 163 | 951 |5425 |5425 |   0 |  0 |   0 |  37 | 3.400000e+01 | 1.062000e+02 | 212.35%| unknown
 2376s|300500 |233209 | 45953k| 152.9 |   480M | 163 | 951 |5425 |5425 |   0 |  0 |   0 |  37 | 3.400000e+01 | 1.062000e+02 | 212.35%| unknown
 2378s|300600 |233283 | 45981k| 153.0 |   480M | 163 | 951 |5425 |5425 |   0 |  0 |   0 |  37 | 3.400000e+01 | 1.062000e+02 | 212.35%| unknown
 2379s|300700 |233363 | 45997k| 153.0 |   480M | 163 | 951 |5425 |5425 |   0 |  0 |   0 |  37 | 3.400000e+01 | 1.062000e+02 | 212.35%| unknown
 2380s|300800 |233443 | 46019k| 153.0 |   480M | 163 | 951 |5425 |5425 |   0 |  0 |   0 |  37 | 3.400000e+01 | 1.062000e+02 | 212.35%| unknown
 2381s|300900 |233517 | 46043k| 153.0 |   480M | 163 | 951 |5425 |5425 |   0 |  0 |   0 |  37 | 3.400000e+01 | 1.062000e+02 | 212.35%| unknown
 2382s|301000 |233587 | 46072k| 153.1 |   480M | 163 | 951 |5425 |5425 |   0 |  0 |   0 |  37 | 3.400000e+01 | 1.062000e+02 | 212.35%| unknown
 2383s|301100 |233653 | 46090k| 153.1 |   480M | 163 | 951 |5425 |5425 |   0 |  0 |   0 |  37 | 3.400000e+01 | 1.062000e+02 | 212.35%| unknown
 2385s|301200 |233723 | 46124k| 153.1 |   482M | 163 | 951 |5425 |5425 |   0 |  0 |   0 |  37 | 3.400000e+01 | 1.062000e+02 | 212.35%| unknown
 2386s|301300 |233803 | 46148k| 153.2 |   482M | 163 | 951 |5425 |5425 |   0 |  0 |   0 |  37 | 3.400000e+01 | 1.062000e+02 | 212.35%| unknown
 time | node  | left  |LP iter|LP it/n|mem/heur|mdpt |vars |cons |rows |cuts |sepa|confs|strbr|  dualbound   | primalbound  |  gap   | compl. 
 2387s|301400 |233881 | 46178k| 153.2 |   482M | 163 | 951 |5425 |5425 |   0 |  0 |   0 |  37 | 3.400000e+01 | 1.062000e+02 | 212.35%| unknown
 2389s|301500 |233957 | 46215k| 153.3 |   483M | 163 | 951 |5425 |5425 |   0 |  0 |   0 |  37 | 3.400000e+01 | 1.062000e+02 | 212.35%| unknown
 2390s|301600 |234039 | 46231k| 153.3 |   483M | 163 | 951 |5425 |5425 |   0 |  0 |   0 |  37 | 3.400000e+01 | 1.062000e+02 | 212.35%| unknown
 2390s|301700 |234123 | 46233k| 153.2 |   483M | 163 | 951 |5425 |5425 |   0 |  0 |   0 |  37 | 3.400000e+01 | 1.062000e+02 | 212.35%| unknown
 2391s|301800 |234205 | 46247k| 153.2 |   483M | 163 | 951 |5425 |5425 |   0 |  0 |   0 |  37 | 3.400000e+01 | 1.062000e+02 | 212.35%| unknown
 2392s|301900 |234283 | 46272k| 153.3 |   483M | 163 | 951 |5425 |5425 |   0 |  0 |   0 |  37 | 3.400000e+01 | 1.062000e+02 | 212.35%| unknown
 2392s|302000 |234355 | 46273k| 153.2 |   483M | 163 | 951 |5425 |5425 |   0 |  0 |   0 |  37 | 3.400000e+01 | 1.062000e+02 | 212.35%| unknown
 2392s|302100 |234405 | 46274k| 153.2 |   483M | 163 | 951 |5425 |5425 |   0 |  0 |   0 |  37 | 3.400000e+01 | 1.062000e+02 | 212.35%| unknown
 2392s|302200 |234473 | 46275k| 153.1 |   484M | 163 | 951 |5425 |5425 |   0 |  0 |   0 |  37 | 3.400000e+01 | 1.062000e+02 | 212.35%| unknown
 2393s|302300 |234549 | 46276k| 153.1 |   484M | 163 | 951 |5425 |5425 |   0 |  0 |   0 |  37 | 3.400000e+01 | 1.062000e+02 | 212.35%| unknown
 2393s|302400 |234629 | 46278k| 153.0 |   484M | 163 | 951 |5425 |5425 |   0 |  0 |   0 |  37 | 3.400000e+01 | 1.062000e+02 | 212.35%| unknown
 2393s|302500 |234709 | 46290k| 153.0 |   484M | 163 | 951 |5425 |5425 |   0 |  0 |   0 |  37 | 3.400000e+01 | 1.062000e+02 | 212.35%| unknown
 2395s|302600 |234799 | 46321k| 153.1 |   484M | 163 | 951 |5425 |5425 |   0 |  0 |   0 |  37 | 3.400000e+01 | 1.062000e+02 | 212.35%| unknown
 2396s|302700 |234881 | 46356k| 153.1 |   484M | 163 | 951 |5425 |5425 |   0 |  0 |   0 |  37 | 3.400000e+01 | 1.062000e+02 | 212.35%| unknown
 2399s|302800 |234955 | 46403k| 153.2 |   484M | 163 | 951 |5425 |5425 |   0 |  0 |   0 |  37 | 3.400000e+01 | 1.062000e+02 | 212.35%| unknown
 time | node  | left  |LP iter|LP it/n|mem/heur|mdpt |vars |cons |rows |cuts |sepa|confs|strbr|  dualbound   | primalbound  |  gap   | compl. 
 2400s|302900 |235029 | 46425k| 153.3 |   484M | 163 | 951 |5425 |5425 |   0 |  0 |   0 |  37 | 3.400000e+01 | 1.062000e+02 | 212.35%| unknown
 2401s|303000 |235109 | 46452k| 153.3 |   484M | 163 | 951 |5425 |5425 |   0 |  0 |   0 |  37 | 3.400000e+01 | 1.062000e+02 | 212.35%| unknown
 2403s|303100 |235187 | 46482k| 153.4 |   484M | 163 | 951 |5425 |5425 |   0 |  0 |   0 |  37 | 3.400000e+01 | 1.062000e+02 | 212.35%| unknown
 2404s|303200 |235275 | 46502k| 153.4 |   484M | 163 | 951 |5425 |5425 |   0 |  0 |   0 |  37 | 3.400000e+01 | 1.062000e+02 | 212.35%| unknown
 2404s|303300 |235369 | 46514k| 153.4 |   485M | 163 | 951 |5425 |5425 |   0 |  0 |   0 |  37 | 3.400000e+01 | 1.062000e+02 | 212.35%| unknown
 2407s|303400 |235455 | 46563k| 153.5 |   485M | 163 | 951 |5425 |5425 |   0 |  0 |   0 |  37 | 3.400000e+01 | 1.062000e+02 | 212.35%| unknown
 2408s|303500 |235535 | 46584k| 153.5 |   485M | 163 | 951 |5425 |5425 |   0 |  0 |   0 |  37 | 3.400000e+01 | 1.062000e+02 | 212.35%| unknown
 2409s|303600 |235619 | 46610k| 153.5 |   485M | 163 | 951 |5425 |5425 |   0 |  0 |   0 |  37 | 3.400000e+01 | 1.062000e+02 | 212.35%| unknown
 2410s|303700 |235701 | 46629k| 153.5 |   485M | 163 | 951 |5425 |5425 |   0 |  0 |   0 |  37 | 3.400000e+01 | 1.062000e+02 | 212.35%| unknown
 2411s|303800 |235777 | 46648k| 153.5 |   485M | 163 | 951 |5425 |5425 |   0 |  0 |   0 |  37 | 3.400000e+01 | 1.062000e+02 | 212.35%| unknown
 2411s|303900 |235843 | 46652k| 153.5 |   485M | 163 | 951 |5425 |5425 |   0 |  0 |   0 |  37 | 3.400000e+01 | 1.062000e+02 | 212.35%| unknown
 2411s|304000 |235925 | 46653k| 153.5 |   485M | 163 | 951 |5425 |5425 |   0 |  0 |   0 |  37 | 3.400000e+01 | 1.062000e+02 | 212.35%| unknown
 2412s|304100 |236013 | 46654k| 153.4 |   486M | 163 | 951 |5425 |5425 |   0 |  0 |   0 |  37 | 3.400000e+01 | 1.062000e+02 | 212.35%| unknown
 2412s|304200 |236089 | 46657k| 153.4 |   494M | 163 | 951 |5425 |5425 |   0 |  0 |   0 |  37 | 3.400000e+01 | 1.062000e+02 | 212.35%| unknown
 2413s|304300 |236163 | 46675k| 153.4 |   495M | 163 | 951 |5425 |5425 |   0 |  0 |   0 |  37 | 3.400000e+01 | 1.062000e+02 | 212.35%| unknown
 time | node  | left  |LP iter|LP it/n|mem/heur|mdpt |vars |cons |rows |cuts |sepa|confs|strbr|  dualbound   | primalbound  |  gap   | compl. 
 2413s|304400 |236251 | 46692k| 153.4 |   495M | 163 | 951 |5425 |5425 |   0 |  0 |   0 |  37 | 3.400000e+01 | 1.062000e+02 | 212.35%| unknown
 2414s|304500 |236335 | 46707k| 153.4 |   495M | 163 | 951 |5425 |5425 |   0 |  0 |   0 |  37 | 3.400000e+01 | 1.062000e+02 | 212.35%| unknown
 2415s|304600 |236415 | 46724k| 153.4 |   495M | 163 | 951 |5425 |5425 |   0 |  0 |   0 |  37 | 3.400000e+01 | 1.062000e+02 | 212.35%| unknown
 2416s|304700 |236499 | 46752k| 153.4 |   495M | 163 | 951 |5425 |5425 |   0 |  0 |   0 |  37 | 3.400000e+01 | 1.062000e+02 | 212.35%| unknown
 2418s|304800 |236583 | 46781k| 153.5 |   495M | 163 | 951 |5425 |5425 |   0 |  0 |   0 |  37 | 3.400000e+01 | 1.062000e+02 | 212.35%| unknown
 2420s|304900 |236647 | 46824k| 153.6 |   495M | 163 | 951 |5425 |5425 |   0 |  0 |   0 |  37 | 3.400000e+01 | 1.062000e+02 | 212.35%| unknown
 2421s|305000 |236733 | 46844k| 153.6 |   496M | 163 | 951 |5425 |5425 |   0 |  0 |   0 |  37 | 3.400000e+01 | 1.062000e+02 | 212.35%| unknown
 2422s|305100 |236817 | 46864k| 153.6 |   496M | 163 | 951 |5425 |5425 |   0 |  0 |   0 |  37 | 3.400000e+01 | 1.062000e+02 | 212.35%| unknown
 2422s|305200 |236887 | 46869k| 153.6 |   496M | 163 | 951 |5425 |5425 |   0 |  0 |   0 |  37 | 3.400000e+01 | 1.062000e+02 | 212.35%| unknown
 2423s|305300 |236973 | 46898k| 153.6 |   497M | 163 | 951 |5425 |5425 |   0 |  0 |   0 |  37 | 3.400000e+01 | 1.062000e+02 | 212.35%| unknown
 2423s|305400 |237051 | 46899k| 153.6 |   497M | 163 | 951 |5425 |5425 |   0 |  0 |   0 |  37 | 3.400000e+01 | 1.062000e+02 | 212.35%| unknown
 2424s|305500 |237123 | 46915k| 153.6 |   497M | 163 | 951 |5425 |5425 |   0 |  0 |   0 |  37 | 3.400000e+01 | 1.062000e+02 | 212.35%| unknown
 2425s|305600 |237215 | 46934k| 153.6 |   497M | 163 | 951 |5425 |5425 |   0 |  0 |   0 |  37 | 3.400000e+01 | 1.062000e+02 | 212.35%| unknown
 2426s|305700 |237293 | 46955k| 153.6 |   497M | 163 | 951 |5425 |5425 |   0 |  0 |   0 |  37 | 3.400000e+01 | 1.062000e+02 | 212.35%| unknown
 2427s|305800 |237371 | 46966k| 153.6 |   497M | 163 | 951 |5425 |5425 |   0 |  0 |   0 |  37 | 3.400000e+01 | 1.062000e+02 | 212.35%| unknown
 time | node  | left  |LP iter|LP it/n|mem/heur|mdpt |vars |cons |rows |cuts |sepa|confs|strbr|  dualbound   | primalbound  |  gap   | compl. 
 2427s|305900 |237451 | 46967k| 153.5 |   497M | 163 | 951 |5425 |5425 |   0 |  0 |   0 |  37 | 3.400000e+01 | 1.062000e+02 | 212.35%| unknown
 2427s|306000 |237515 | 46968k| 153.5 |   497M | 163 | 951 |5425 |5425 |   0 |  0 |   0 |  37 | 3.400000e+01 | 1.062000e+02 | 212.35%| unknown
 2427s|306100 |237581 | 46974k| 153.5 |   497M | 163 | 951 |5425 |5425 |   0 |  0 |   0 |  37 | 3.400000e+01 | 1.062000e+02 | 212.35%| unknown
 2428s|306200 |237657 | 46996k| 153.5 |   498M | 163 | 951 |5425 |5425 |   0 |  0 |   0 |  37 | 3.400000e+01 | 1.062000e+02 | 212.35%| unknown
 2430s|306300 |237741 | 47024k| 153.5 |   499M | 163 | 951 |5425 |5425 |   0 |  0 |   0 |  37 | 3.400000e+01 | 1.062000e+02 | 212.35%| unknown
 2431s|306400 |237827 | 47051k| 153.6 |   499M | 163 | 951 |5425 |5425 |   0 |  0 |   0 |  37 | 3.400000e+01 | 1.062000e+02 | 212.35%| unknown
 2433s|306500 |237899 | 47080k| 153.6 |   499M | 163 | 951 |5425 |5425 |   0 |  0 |   0 |  37 | 3.400000e+01 | 1.062000e+02 | 212.35%| unknown
 2433s|306600 |237979 | 47096k| 153.6 |   499M | 163 | 951 |5425 |5425 |   0 |  0 |   0 |  37 | 3.400000e+01 | 1.062000e+02 | 212.35%| unknown
 2435s|306700 |238067 | 47123k| 153.6 |   499M | 163 | 951 |5425 |5425 |   0 |  0 |   0 |  37 | 3.400000e+01 | 1.062000e+02 | 212.35%| unknown
 2436s|306800 |238151 | 47139k| 153.6 |   499M | 163 | 951 |5425 |5425 |   0 |  0 |   0 |  37 | 3.400000e+01 | 1.062000e+02 | 212.35%| unknown
 2437s|306900 |238237 | 47163k| 153.7 |   499M | 163 | 951 |5425 |5425 |   0 |  0 |   0 |  37 | 3.400000e+01 | 1.062000e+02 | 212.35%| unknown
 2437s|307000 |238313 | 47179k| 153.7 |   499M | 163 | 951 |5425 |5425 |   0 |  0 |   0 |  37 | 3.400000e+01 | 1.062000e+02 | 212.35%| unknown
 2438s|307100 |238391 | 47201k| 153.7 |   499M | 163 | 951 |5425 |5425 |   0 |  0 |   0 |  37 | 3.400000e+01 | 1.062000e+02 | 212.35%| unknown
 2440s|307200 |238471 | 47229k| 153.7 |   499M | 163 | 951 |5425 |5425 |   0 |  0 |   0 |  37 | 3.400000e+01 | 1.062000e+02 | 212.35%| unknown
 2441s|307300 |238553 | 47246k| 153.7 |   500M | 163 | 951 |5425 |5425 |   0 |  0 |   0 |  37 | 3.400000e+01 | 1.062000e+02 | 212.35%| unknown
 time | node  | left  |LP iter|LP it/n|mem/heur|mdpt |vars |cons |rows |cuts |sepa|confs|strbr|  dualbound   | primalbound  |  gap   | compl. 
 2441s|307400 |238635 | 47257k| 153.7 |   500M | 163 | 951 |5425 |5425 |   0 |  0 |   0 |  37 | 3.400000e+01 | 1.062000e+02 | 212.35%| unknown
 2441s|307500 |238715 | 47259k| 153.7 |   500M | 163 | 951 |5425 |5425 |   0 |  0 |   0 |  37 | 3.400000e+01 | 1.062000e+02 | 212.35%| unknown
 2442s|307600 |238789 | 47260k| 153.6 |   500M | 163 | 951 |5425 |5425 |   0 |  0 |   0 |  37 | 3.400000e+01 | 1.062000e+02 | 212.35%| unknown
 2442s|307700 |238853 | 47262k| 153.6 |   500M | 163 | 951 |5425 |5425 |   0 |  0 |   0 |  37 | 3.400000e+01 | 1.062000e+02 | 212.35%| unknown
 2442s|307800 |238931 | 47264k| 153.6 |   500M | 163 | 951 |5425 |5425 |   0 |  0 |   0 |  37 | 3.400000e+01 | 1.062000e+02 | 212.35%| unknown
 2443s|307900 |239021 | 47282k| 153.6 |   500M | 163 | 951 |5425 |5425 |   0 |  0 |   0 |  37 | 3.400000e+01 | 1.062000e+02 | 212.35%| unknown
 2445s|308000 |239099 | 47306k| 153.6 |   500M | 163 | 951 |5425 |5425 |   0 |  0 |   0 |  37 | 3.400000e+01 | 1.062000e+02 | 212.35%| unknown
 2446s|308100 |239167 | 47332k| 153.6 |   500M | 163 | 951 |5425 |5425 |   0 |  0 |   0 |  37 | 3.400000e+01 | 1.062000e+02 | 212.35%| unknown
 2447s|308200 |239245 | 47357k| 153.7 |   500M | 163 | 951 |5425 |5425 |   0 |  0 |   0 |  37 | 3.400000e+01 | 1.062000e+02 | 212.35%| unknown
 2448s|308300 |239323 | 47379k| 153.7 |   500M | 163 | 951 |5425 |5425 |   0 |  0 |   0 |  37 | 3.400000e+01 | 1.062000e+02 | 212.35%| unknown
 2449s|308400 |239405 | 47396k| 153.7 |   501M | 163 | 951 |5425 |5425 |   0 |  0 |   0 |  37 | 3.400000e+01 | 1.062000e+02 | 212.35%| unknown
 2450s|308500 |239477 | 47408k| 153.7 |   501M | 163 | 951 |5425 |5425 |   0 |  0 |   0 |  37 | 3.400000e+01 | 1.062000e+02 | 212.35%| unknown
 2451s|308600 |239561 | 47427k| 153.7 |   501M | 163 | 951 |5425 |5425 |   0 |  0 |   0 |  37 | 3.400000e+01 | 1.062000e+02 | 212.35%| unknown
 2452s|308700 |239653 | 47443k| 153.7 |   501M | 163 | 951 |5425 |5425 |   0 |  0 |   0 |  37 | 3.400000e+01 | 1.062000e+02 | 212.35%| unknown
 2452s|308800 |239731 | 47456k| 153.7 |   501M | 163 | 951 |5425 |5425 |   0 |  0 |   0 |  37 | 3.400000e+01 | 1.062000e+02 | 212.35%| unknown
 time | node  | left  |LP iter|LP it/n|mem/heur|mdpt |vars |cons |rows |cuts |sepa|confs|strbr|  dualbound   | primalbound  |  gap   | compl. 
 2453s|308900 |239809 | 47472k| 153.7 |   501M | 163 | 951 |5425 |5425 |   0 |  0 |   0 |  37 | 3.400000e+01 | 1.062000e+02 | 212.35%| unknown
 2454s|309000 |239893 | 47485k| 153.7 |   502M | 163 | 951 |5425 |5425 |   0 |  0 |   0 |  37 | 3.400000e+01 | 1.062000e+02 | 212.35%| unknown
 2455s|309100 |239955 | 47503k| 153.7 |   502M | 163 | 951 |5425 |5425 |   0 |  0 |   0 |  37 | 3.400000e+01 | 1.062000e+02 | 212.35%| unknown
 2455s|309200 |240021 | 47512k| 153.7 |   502M | 163 | 951 |5425 |5425 |   0 |  0 |   0 |  37 | 3.400000e+01 | 1.062000e+02 | 212.35%| unknown
 2455s|309300 |240099 | 47513k| 153.6 |   502M | 163 | 951 |5425 |5425 |   0 |  0 |   0 |  37 | 3.400000e+01 | 1.062000e+02 | 212.35%| unknown
 2456s|309400 |240179 | 47529k| 153.6 |   503M | 163 | 951 |5425 |5425 |   0 |  0 |   0 |  37 | 3.400000e+01 | 1.062000e+02 | 212.35%| unknown
 2457s|309500 |240259 | 47545k| 153.6 |   503M | 163 | 951 |5425 |5425 |   0 |  0 |   0 |  37 | 3.400000e+01 | 1.062000e+02 | 212.35%| unknown
 2458s|309600 |240347 | 47563k| 153.6 |   503M | 163 | 951 |5425 |5425 |   0 |  0 |   0 |  37 | 3.400000e+01 | 1.062000e+02 | 212.35%| unknown
 2459s|309700 |240431 | 47587k| 153.7 |   503M | 163 | 951 |5425 |5425 |   0 |  0 |   0 |  37 | 3.400000e+01 | 1.062000e+02 | 212.35%| unknown
 2461s|309800 |240507 | 47632k| 153.8 |   503M | 163 | 951 |5425 |5425 |   0 |  0 |   0 |  37 | 3.400000e+01 | 1.062000e+02 | 212.35%| unknown
 2462s|309900 |240595 | 47649k| 153.8 |   503M | 163 | 951 |5425 |5425 |   0 |  0 |   0 |  37 | 3.400000e+01 | 1.062000e+02 | 212.35%| unknown
 2463s|310000 |240679 | 47670k| 153.8 |   503M | 163 | 951 |5425 |5425 |   0 |  0 |   0 |  37 | 3.400000e+01 | 1.062000e+02 | 212.35%| unknown
 2464s|310100 |240765 | 47685k| 153.8 |   503M | 163 | 951 |5425 |5425 |   0 |  0 |   0 |  37 | 3.400000e+01 | 1.062000e+02 | 212.35%| unknown
 2464s|310200 |240847 | 47699k| 153.8 |   503M | 163 | 951 |5425 |5425 |   0 |  0 |   0 |  37 | 3.400000e+01 | 1.062000e+02 | 212.35%| unknown
 2465s|310300 |240917 | 47712k| 153.8 |   503M | 163 | 951 |5425 |5425 |   0 |  0 |   0 |  37 | 3.400000e+01 | 1.062000e+02 | 212.35%| unknown
 time | node  | left  |LP iter|LP it/n|mem/heur|mdpt |vars |cons |rows |cuts |sepa|confs|strbr|  dualbound   | primalbound  |  gap   | compl. 
 2465s|310400 |240981 | 47717k| 153.7 |   504M | 163 | 951 |5425 |5425 |   0 |  0 |   0 |  37 | 3.400000e+01 | 1.062000e+02 | 212.35%| unknown
 2466s|310500 |241063 | 47732k| 153.7 |   504M | 163 | 951 |5425 |5425 |   0 |  0 |   0 |  37 | 3.400000e+01 | 1.062000e+02 | 212.35%| unknown
 2467s|310600 |241141 | 47752k| 153.7 |   504M | 163 | 951 |5425 |5425 |   0 |  0 |   0 |  37 | 3.400000e+01 | 1.062000e+02 | 212.35%| unknown
 2468s|310700 |241213 | 47773k| 153.8 |   504M | 163 | 951 |5425 |5425 |   0 |  0 |   0 |  37 | 3.400000e+01 | 1.062000e+02 | 212.35%| unknown
 2469s|310800 |241297 | 47791k| 153.8 |   505M | 163 | 951 |5425 |5425 |   0 |  0 |   0 |  37 | 3.400000e+01 | 1.062000e+02 | 212.35%| unknown
 2470s|310900 |241369 | 47820k| 153.8 |   505M | 163 | 951 |5425 |5425 |   0 |  0 |   0 |  37 | 3.400000e+01 | 1.062000e+02 | 212.35%| unknown
 2471s|311000 |241453 | 47839k| 153.8 |   505M | 163 | 951 |5425 |5425 |   0 |  0 |   0 |  37 | 3.400000e+01 | 1.062000e+02 | 212.35%| unknown
 2472s|311100 |241527 | 47859k| 153.8 |   506M | 163 | 951 |5425 |5425 |   0 |  0 |   0 |  37 | 3.400000e+01 | 1.062000e+02 | 212.35%| unknown
 2473s|311200 |241607 | 47871k| 153.8 |   506M | 163 | 951 |5425 |5425 |   0 |  0 |   0 |  37 | 3.400000e+01 | 1.062000e+02 | 212.35%| unknown
 2474s|311300 |241689 | 47890k| 153.8 |   506M | 163 | 951 |5425 |5425 |   0 |  0 |   0 |  37 | 3.400000e+01 | 1.062000e+02 | 212.35%| unknown
 2475s|311400 |241767 | 47914k| 153.9 |   507M | 163 | 951 |5425 |5425 |   0 |  0 |   0 |  37 | 3.400000e+01 | 1.062000e+02 | 212.35%| unknown
 2476s|311500 |241851 | 47929k| 153.9 |   507M | 163 | 951 |5425 |5425 |   0 |  0 |   0 |  37 | 3.400000e+01 | 1.062000e+02 | 212.35%| unknown
 2477s|311600 |241929 | 47965k| 153.9 |   507M | 163 | 951 |5425 |5425 |   0 |  0 |   0 |  37 | 3.400000e+01 | 1.062000e+02 | 212.35%| unknown
 2478s|311700 |242023 | 47982k| 153.9 |   507M | 163 | 951 |5425 |5425 |   0 |  0 |   0 |  37 | 3.400000e+01 | 1.062000e+02 | 212.35%| unknown
 2479s|311800 |242107 | 47997k| 153.9 |   507M | 163 | 951 |5425 |5425 |   0 |  0 |   0 |  37 | 3.400000e+01 | 1.062000e+02 | 212.35%| unknown
 time | node  | left  |LP iter|LP it/n|mem/heur|mdpt |vars |cons |rows |cuts |sepa|confs|strbr|  dualbound   | primalbound  |  gap   | compl. 
 2481s|311900 |242185 | 48032k| 154.0 |   507M | 163 | 951 |5425 |5425 |   0 |  0 |   0 |  37 | 3.400000e+01 | 1.062000e+02 | 212.35%| unknown
 2481s|312000 |242255 | 48034k| 154.0 |   507M | 163 | 951 |5425 |5425 |   0 |  0 |   0 |  37 | 3.400000e+01 | 1.062000e+02 | 212.35%| unknown
 2481s|312100 |242319 | 48035k| 153.9 |   507M | 163 | 951 |5425 |5425 |   0 |  0 |   0 |  37 | 3.400000e+01 | 1.062000e+02 | 212.35%| unknown
 2481s|312200 |242389 | 48037k| 153.9 |   507M | 163 | 951 |5425 |5425 |   0 |  0 |   0 |  37 | 3.400000e+01 | 1.062000e+02 | 212.35%| unknown
 2482s|312300 |242471 | 48048k| 153.8 |   507M | 163 | 951 |5425 |5425 |   0 |  0 |   0 |  37 | 3.400000e+01 | 1.062000e+02 | 212.35%| unknown
 2484s|312400 |242553 | 48090k| 153.9 |   507M | 163 | 951 |5425 |5425 |   0 |  0 |   0 |  37 | 3.400000e+01 | 1.062000e+02 | 212.35%| unknown
 2485s|312500 |242621 | 48113k| 154.0 |   508M | 163 | 951 |5425 |5425 |   0 |  0 |   0 |  37 | 3.400000e+01 | 1.062000e+02 | 212.35%| unknown
 2486s|312600 |242693 | 48133k| 154.0 |   508M | 163 | 951 |5425 |5425 |   0 |  0 |   0 |  37 | 3.400000e+01 | 1.062000e+02 | 212.35%| unknown
 2487s|312700 |242767 | 48162k| 154.0 |   508M | 163 | 951 |5425 |5425 |   0 |  0 |   0 |  37 | 3.400000e+01 | 1.062000e+02 | 212.35%| unknown
 2488s|312800 |242857 | 48182k| 154.0 |   508M | 163 | 951 |5425 |5425 |   0 |  0 |   0 |  37 | 3.400000e+01 | 1.062000e+02 | 212.35%| unknown
 2489s|312900 |242945 | 48197k| 154.0 |   508M | 163 | 951 |5425 |5425 |   0 |  0 |   0 |  37 | 3.400000e+01 | 1.062000e+02 | 212.35%| unknown
 2489s|313000 |243009 | 48201k| 154.0 |   508M | 163 | 951 |5425 |5425 |   0 |  0 |   0 |  37 | 3.400000e+01 | 1.062000e+02 | 212.35%| unknown
 2490s|313100 |243089 | 48219k| 154.0 |   508M | 163 | 951 |5425 |5425 |   0 |  0 |   0 |  37 | 3.400000e+01 | 1.062000e+02 | 212.35%| unknown
 2491s|313200 |243155 | 48234k| 154.0 |   508M | 163 | 951 |5425 |5425 |   0 |  0 |   0 |  37 | 3.400000e+01 | 1.062000e+02 | 212.35%| unknown
 2492s|313300 |243237 | 48259k| 154.0 |   508M | 163 | 951 |5425 |5425 |   0 |  0 |   0 |  37 | 3.400000e+01 | 1.062000e+02 | 212.35%| unknown
 time | node  | left  |LP iter|LP it/n|mem/heur|mdpt |vars |cons |rows |cuts |sepa|confs|strbr|  dualbound   | primalbound  |  gap   | compl. 
 2493s|313400 |243319 | 48285k| 154.1 |   508M | 163 | 951 |5425 |5425 |   0 |  0 |   0 |  37 | 3.400000e+01 | 1.062000e+02 | 212.35%| unknown
 2495s|313500 |243395 | 48323k| 154.1 |   509M | 163 | 951 |5425 |5425 |   0 |  0 |   0 |  37 | 3.400000e+01 | 1.062000e+02 | 212.35%| unknown
 2496s|313600 |243477 | 48340k| 154.1 |   509M | 163 | 951 |5425 |5425 |   0 |  0 |   0 |  37 | 3.400000e+01 | 1.062000e+02 | 212.35%| unknown
 2496s|313700 |243551 | 48342k| 154.1 |   509M | 163 | 951 |5425 |5425 |   0 |  0 |   0 |  37 | 3.400000e+01 | 1.062000e+02 | 212.35%| unknown
 2497s|313800 |243641 | 48343k| 154.1 |   509M | 163 | 951 |5425 |5425 |   0 |  0 |   0 |  37 | 3.400000e+01 | 1.062000e+02 | 212.35%| unknown
 2497s|313900 |243725 | 48344k| 154.0 |   510M | 163 | 951 |5425 |5425 |   0 |  0 |   0 |  37 | 3.400000e+01 | 1.062000e+02 | 212.35%| unknown
 2497s|314000 |243797 | 48346k| 154.0 |   510M | 163 | 951 |5425 |5425 |   0 |  0 |   0 |  37 | 3.400000e+01 | 1.062000e+02 | 212.35%| unknown
 2497s|314100 |243877 | 48347k| 153.9 |   510M | 163 | 951 |5425 |5425 |   0 |  0 |   0 |  37 | 3.400000e+01 | 1.062000e+02 | 212.35%| unknown
 2497s|314200 |243951 | 48349k| 153.9 |   510M | 163 | 951 |5425 |5425 |   0 |  0 |   0 |  37 | 3.400000e+01 | 1.062000e+02 | 212.35%| unknown
 2498s|314300 |244027 | 48354k| 153.8 |   510M | 163 | 951 |5425 |5425 |   0 |  0 |   0 |  37 | 3.400000e+01 | 1.062000e+02 | 212.35%| unknown
 2498s|314400 |244103 | 48355k| 153.8 |   510M | 163 | 951 |5425 |5425 |   0 |  0 |   0 |  37 | 3.400000e+01 | 1.062000e+02 | 212.35%| unknown
 2498s|314500 |244185 | 48357k| 153.8 |   510M | 163 | 951 |5425 |5425 |   0 |  0 |   0 |  37 | 3.400000e+01 | 1.062000e+02 | 212.35%| unknown
 2498s|314600 |244261 | 48358k| 153.7 |   511M | 163 | 951 |5425 |5425 |   0 |  0 |   0 |  37 | 3.400000e+01 | 1.062000e+02 | 212.35%| unknown
 2499s|314700 |244343 | 48366k| 153.7 |   511M | 163 | 951 |5425 |5425 |   0 |  0 |   0 |  37 | 3.400000e+01 | 1.062000e+02 | 212.35%| unknown
 2500s|314800 |244419 | 48391k| 153.7 |   511M | 163 | 951 |5425 |5425 |   0 |  0 |   0 |  37 | 3.400000e+01 | 1.062000e+02 | 212.35%| unknown
 time | node  | left  |LP iter|LP it/n|mem/heur|mdpt |vars |cons |rows |cuts |sepa|confs|strbr|  dualbound   | primalbound  |  gap   | compl. 
 2501s|314900 |244499 | 48416k| 153.7 |   511M | 163 | 951 |5425 |5425 |   0 |  0 |   0 |  37 | 3.400000e+01 | 1.062000e+02 | 212.35%| unknown
 2503s|315000 |244575 | 48455k| 153.8 |   511M | 163 | 951 |5425 |5425 |   0 |  0 |   0 |  37 | 3.400000e+01 | 1.062000e+02 | 212.35%| unknown
 2504s|315100 |244661 | 48482k| 153.9 |   511M | 163 | 951 |5425 |5425 |   0 |  0 |   0 |  37 | 3.400000e+01 | 1.062000e+02 | 212.35%| unknown
 2506s|315200 |244731 | 48514k| 153.9 |   511M | 163 | 951 |5425 |5425 |   0 |  0 |   0 |  37 | 3.400000e+01 | 1.062000e+02 | 212.35%| unknown
 2507s|315300 |244801 | 48543k| 154.0 |   511M | 163 | 951 |5425 |5425 |   0 |  0 |   0 |  37 | 3.400000e+01 | 1.062000e+02 | 212.35%| unknown
 2508s|315400 |244873 | 48564k| 154.0 |   511M | 163 | 951 |5425 |5425 |   0 |  0 |   0 |  37 | 3.400000e+01 | 1.062000e+02 | 212.35%| unknown
 2510s|315500 |244953 | 48619k| 154.1 |   511M | 163 | 951 |5425 |5425 |   0 |  0 |   0 |  37 | 3.400000e+01 | 1.062000e+02 | 212.35%| unknown
 2512s|315600 |245023 | 48641k| 154.1 |   512M | 163 | 951 |5425 |5425 |   0 |  0 |   0 |  37 | 3.400000e+01 | 1.062000e+02 | 212.35%| unknown
 2513s|315700 |245101 | 48663k| 154.1 |   512M | 163 | 951 |5425 |5425 |   0 |  0 |   0 |  37 | 3.400000e+01 | 1.062000e+02 | 212.35%| unknown
 2513s|315800 |245175 | 48676k| 154.1 |   512M | 163 | 951 |5425 |5425 |   0 |  0 |   0 |  37 | 3.400000e+01 | 1.062000e+02 | 212.35%| unknown
 2514s|315900 |245259 | 48677k| 154.1 |   512M | 163 | 951 |5425 |5425 |   0 |  0 |   0 |  37 | 3.400000e+01 | 1.062000e+02 | 212.35%| unknown
 2514s|316000 |245327 | 48679k| 154.0 |   512M | 163 | 951 |5425 |5425 |   0 |  0 |   0 |  37 | 3.400000e+01 | 1.062000e+02 | 212.35%| unknown
 2514s|316100 |245405 | 48680k| 154.0 |   513M | 163 | 951 |5425 |5425 |   0 |  0 |   0 |  37 | 3.400000e+01 | 1.062000e+02 | 212.35%| unknown
 2514s|316200 |245481 | 48682k| 154.0 |   513M | 163 | 951 |5425 |5425 |   0 |  0 |   0 |  37 | 3.400000e+01 | 1.062000e+02 | 212.35%| unknown
 2515s|316300 |245561 | 48701k| 154.0 |   513M | 163 | 951 |5425 |5425 |   0 |  0 |   0 |  37 | 3.400000e+01 | 1.062000e+02 | 212.35%| unknown
 time | node  | left  |LP iter|LP it/n|mem/heur|mdpt |vars |cons |rows |cuts |sepa|confs|strbr|  dualbound   | primalbound  |  gap   | compl. 
 2516s|316400 |245641 | 48716k| 154.0 |   513M | 163 | 951 |5425 |5425 |   0 |  0 |   0 |  37 | 3.400000e+01 | 1.062000e+02 | 212.35%| unknown
 2517s|316500 |245713 | 48744k| 154.0 |   513M | 163 | 951 |5425 |5425 |   0 |  0 |   0 |  37 | 3.400000e+01 | 1.062000e+02 | 212.35%| unknown
 2518s|316600 |245797 | 48765k| 154.0 |   513M | 163 | 951 |5425 |5425 |   0 |  0 |   0 |  37 | 3.400000e+01 | 1.062000e+02 | 212.35%| unknown
 2519s|316700 |245875 | 48767k| 154.0 |   515M | 163 | 951 |5425 |5425 |   0 |  0 |   0 |  37 | 3.400000e+01 | 1.062000e+02 | 212.35%| unknown
 2519s|316800 |245943 | 48768k| 153.9 |   515M | 163 | 951 |5425 |5425 |   0 |  0 |   0 |  37 | 3.400000e+01 | 1.062000e+02 | 212.35%| unknown
 2519s|316900 |246027 | 48769k| 153.9 |   515M | 163 | 951 |5425 |5425 |   0 |  0 |   0 |  37 | 3.400000e+01 | 1.062000e+02 | 212.35%| unknown
 2519s|317000 |246105 | 48770k| 153.8 |   515M | 163 | 951 |5425 |5425 |   0 |  0 |   0 |  37 | 3.400000e+01 | 1.062000e+02 | 212.35%| unknown
 2519s|317100 |246187 | 48771k| 153.8 |   515M | 163 | 951 |5425 |5425 |   0 |  0 |   0 |  37 | 3.400000e+01 | 1.062000e+02 | 212.35%| unknown
 2519s|317200 |246265 | 48773k| 153.8 |   515M | 163 | 951 |5425 |5425 |   0 |  0 |   0 |  37 | 3.400000e+01 | 1.062000e+02 | 212.35%| unknown
 2520s|317300 |246341 | 48775k| 153.7 |   515M | 163 | 951 |5425 |5425 |   0 |  0 |   0 |  37 | 3.400000e+01 | 1.062000e+02 | 212.35%| unknown
 2520s|317400 |246421 | 48776k| 153.7 |   515M | 163 | 951 |5425 |5425 |   0 |  0 |   0 |  37 | 3.400000e+01 | 1.062000e+02 | 212.35%| unknown
 2520s|317500 |246499 | 48778k| 153.6 |   515M | 163 | 951 |5425 |5425 |   0 |  0 |   0 |  37 | 3.400000e+01 | 1.062000e+02 | 212.35%| unknown
 2520s|317600 |246579 | 48780k| 153.6 |   515M | 163 | 951 |5425 |5425 |   0 |  0 |   0 |  37 | 3.400000e+01 | 1.062000e+02 | 212.35%| unknown
 2520s|317700 |246651 | 48781k| 153.5 |   516M | 163 | 951 |5425 |5425 |   0 |  0 |   0 |  37 | 3.400000e+01 | 1.062000e+02 | 212.35%| unknown
 2521s|317800 |246733 | 48783k| 153.5 |   516M | 163 | 951 |5425 |5425 |   0 |  0 |   0 |  37 | 3.400000e+01 | 1.062000e+02 | 212.35%| unknown
 time | node  | left  |LP iter|LP it/n|mem/heur|mdpt |vars |cons |rows |cuts |sepa|confs|strbr|  dualbound   | primalbound  |  gap   | compl. 
 2521s|317900 |246791 | 48793k| 153.5 |   516M | 163 | 951 |5425 |5425 |   0 |  0 |   0 |  37 | 3.400000e+01 | 1.062000e+02 | 212.35%| unknown
 2522s|318000 |246865 | 48814k| 153.5 |   516M | 163 | 951 |5425 |5425 |   0 |  0 |   0 |  37 | 3.400000e+01 | 1.062000e+02 | 212.35%| unknown
 2523s|318100 |246937 | 48834k| 153.5 |   516M | 163 | 951 |5425 |5425 |   0 |  0 |   0 |  37 | 3.400000e+01 | 1.062000e+02 | 212.35%| unknown
 2524s|318200 |247013 | 48854k| 153.5 |   516M | 163 | 951 |5425 |5425 |   0 |  0 |   0 |  37 | 3.400000e+01 | 1.062000e+02 | 212.35%| unknown
 2525s|318300 |247099 | 48867k| 153.5 |   516M | 163 | 951 |5425 |5425 |   0 |  0 |   0 |  37 | 3.400000e+01 | 1.062000e+02 | 212.35%| unknown
 2526s|318400 |247175 | 48891k| 153.6 |   516M | 163 | 951 |5425 |5425 |   0 |  0 |   0 |  37 | 3.400000e+01 | 1.062000e+02 | 212.35%| unknown
 2527s|318500 |247255 | 48911k| 153.6 |   516M | 163 | 951 |5425 |5425 |   0 |  0 |   0 |  37 | 3.400000e+01 | 1.062000e+02 | 212.35%| unknown
 2528s|318600 |247337 | 48934k| 153.6 |   516M | 163 | 951 |5425 |5425 |   0 |  0 |   0 |  37 | 3.400000e+01 | 1.062000e+02 | 212.35%| unknown
 2529s|318700 |247407 | 48948k| 153.6 |   516M | 163 | 951 |5425 |5425 |   0 |  0 |   0 |  37 | 3.400000e+01 | 1.062000e+02 | 212.35%| unknown
 2531s|318800 |247473 | 48991k| 153.7 |   517M | 163 | 951 |5425 |5425 |   0 |  0 |   0 |  37 | 3.400000e+01 | 1.062000e+02 | 212.35%| unknown
 2532s|318900 |247555 | 49021k| 153.7 |   518M | 163 | 951 |5425 |5425 |   0 |  0 |   0 |  37 | 3.400000e+01 | 1.062000e+02 | 212.35%| unknown
 2533s|319000 |247627 | 49038k| 153.7 |   518M | 163 | 951 |5425 |5425 |   0 |  0 |   0 |  37 | 3.400000e+01 | 1.062000e+02 | 212.35%| unknown
 2534s|319100 |247699 | 49053k| 153.7 |   518M | 163 | 951 |5425 |5425 |   0 |  0 |   0 |  37 | 3.400000e+01 | 1.062000e+02 | 212.35%| unknown
 2535s|319200 |247775 | 49084k| 153.8 |   518M | 163 | 951 |5425 |5425 |   0 |  0 |   0 |  37 | 3.400000e+01 | 1.062000e+02 | 212.35%| unknown
 2536s|319300 |247859 | 49103k| 153.8 |   518M | 163 | 951 |5425 |5425 |   0 |  0 |   0 |  37 | 3.400000e+01 | 1.062000e+02 | 212.35%| unknown
 time | node  | left  |LP iter|LP it/n|mem/heur|mdpt |vars |cons |rows |cuts |sepa|confs|strbr|  dualbound   | primalbound  |  gap   | compl. 
 2537s|319400 |247931 | 49132k| 153.8 |   518M | 163 | 951 |5425 |5425 |   0 |  0 |   0 |  37 | 3.400000e+01 | 1.062000e+02 | 212.35%| unknown
 2538s|319500 |248009 | 49134k| 153.8 |   518M | 163 | 951 |5425 |5425 |   0 |  0 |   0 |  37 | 3.400000e+01 | 1.062000e+02 | 212.35%| unknown
 2538s|319600 |248089 | 49135k| 153.7 |   518M | 163 | 951 |5425 |5425 |   0 |  0 |   0 |  37 | 3.400000e+01 | 1.062000e+02 | 212.35%| unknown
 2538s|319700 |248169 | 49136k| 153.7 |   518M | 163 | 951 |5425 |5425 |   0 |  0 |   0 |  37 | 3.400000e+01 | 1.062000e+02 | 212.35%| unknown
 2538s|319800 |248245 | 49137k| 153.6 |   519M | 163 | 951 |5425 |5425 |   0 |  0 |   0 |  37 | 3.400000e+01 | 1.062000e+02 | 212.35%| unknown
 2538s|319900 |248315 | 49138k| 153.6 |   519M | 163 | 951 |5425 |5425 |   0 |  0 |   0 |  37 | 3.400000e+01 | 1.062000e+02 | 212.35%| unknown
 2539s|320000 |248389 | 49140k| 153.6 |   519M | 163 | 951 |5425 |5425 |   0 |  0 |   0 |  37 | 3.400000e+01 | 1.062000e+02 | 212.35%| unknown
 2539s|320100 |248461 | 49141k| 153.5 |   519M | 163 | 951 |5425 |5425 |   0 |  0 |   0 |  37 | 3.400000e+01 | 1.062000e+02 | 212.35%| unknown
 2539s|320200 |248547 | 49143k| 153.5 |   519M | 163 | 951 |5425 |5425 |   0 |  0 |   0 |  37 | 3.400000e+01 | 1.062000e+02 | 212.35%| unknown
 2539s|320300 |248619 | 49144k| 153.4 |   519M | 163 | 951 |5425 |5425 |   0 |  0 |   0 |  37 | 3.400000e+01 | 1.062000e+02 | 212.35%| unknown
 2540s|320400 |248697 | 49156k| 153.4 |   519M | 163 | 951 |5425 |5425 |   0 |  0 |   0 |  37 | 3.400000e+01 | 1.062000e+02 | 212.35%| unknown
 2541s|320500 |248767 | 49174k| 153.4 |   519M | 163 | 951 |5425 |5425 |   0 |  0 |   0 |  37 | 3.400000e+01 | 1.062000e+02 | 212.35%| unknown
 2542s|320600 |248847 | 49198k| 153.5 |   519M | 163 | 951 |5425 |5425 |   0 |  0 |   0 |  37 | 3.400000e+01 | 1.062000e+02 | 212.35%| unknown
 2543s|320700 |248923 | 49216k| 153.5 |   519M | 163 | 951 |5425 |5425 |   0 |  0 |   0 |  37 | 3.400000e+01 | 1.062000e+02 | 212.35%| unknown
 2544s|320800 |249009 | 49240k| 153.5 |   519M | 163 | 951 |5425 |5425 |   0 |  0 |   0 |  37 | 3.400000e+01 | 1.062000e+02 | 212.35%| unknown
 time | node  | left  |LP iter|LP it/n|mem/heur|mdpt |vars |cons |rows |cuts |sepa|confs|strbr|  dualbound   | primalbound  |  gap   | compl. 
 2546s|320900 |249079 | 49273k| 153.5 |   520M | 163 | 951 |5425 |5425 |   0 |  0 |   0 |  37 | 3.400000e+01 | 1.062000e+02 | 212.35%| unknown
 2546s|321000 |249147 | 49291k| 153.6 |   520M | 163 | 951 |5425 |5425 |   0 |  0 |   0 |  37 | 3.400000e+01 | 1.062000e+02 | 212.35%| unknown
 2548s|321100 |249219 | 49319k| 153.6 |   521M | 163 | 951 |5425 |5425 |   0 |  0 |   0 |  37 | 3.400000e+01 | 1.062000e+02 | 212.35%| unknown
 2549s|321200 |249299 | 49335k| 153.6 |   521M | 163 | 951 |5425 |5425 |   0 |  0 |   0 |  37 | 3.400000e+01 | 1.062000e+02 | 212.35%| unknown
 2549s|321300 |249387 | 49354k| 153.6 |   521M | 163 | 951 |5425 |5425 |   0 |  0 |   0 |  37 | 3.400000e+01 | 1.062000e+02 | 212.35%| unknown
 2550s|321400 |249467 | 49373k| 153.6 |   521M | 163 | 951 |5425 |5425 |   0 |  0 |   0 |  37 | 3.400000e+01 | 1.062000e+02 | 212.35%| unknown
 2551s|321500 |249545 | 49385k| 153.6 |   521M | 163 | 951 |5425 |5425 |   0 |  0 |   0 |  37 | 3.400000e+01 | 1.062000e+02 | 212.35%| unknown
 2552s|321600 |249615 | 49400k| 153.6 |   521M | 163 | 951 |5425 |5425 |   0 |  0 |   0 |  37 | 3.400000e+01 | 1.062000e+02 | 212.35%| unknown
 2552s|321700 |249681 | 49415k| 153.6 |   521M | 163 | 951 |5425 |5425 |   0 |  0 |   0 |  37 | 3.400000e+01 | 1.062000e+02 | 212.35%| unknown
 2553s|321800 |249751 | 49416k| 153.6 |   521M | 163 | 951 |5425 |5425 |   0 |  0 |   0 |  37 | 3.400000e+01 | 1.062000e+02 | 212.35%| unknown
 2553s|321900 |249829 | 49417k| 153.5 |   521M | 163 | 951 |5425 |5425 |   0 |  0 |   0 |  37 | 3.400000e+01 | 1.062000e+02 | 212.35%| unknown
 2553s|322000 |249889 | 49427k| 153.5 |   522M | 163 | 951 |5425 |5425 |   0 |  0 |   0 |  37 | 3.400000e+01 | 1.062000e+02 | 212.35%| unknown
 2554s|322100 |249961 | 49447k| 153.5 |   522M | 163 | 951 |5425 |5425 |   0 |  0 |   0 |  37 | 3.400000e+01 | 1.062000e+02 | 212.35%| unknown
 2555s|322200 |250051 | 49470k| 153.5 |   522M | 163 | 951 |5425 |5425 |   0 |  0 |   0 |  37 | 3.400000e+01 | 1.062000e+02 | 212.35%| unknown
 2557s|322300 |250127 | 49497k| 153.6 |   522M | 163 | 951 |5425 |5425 |   0 |  0 |   0 |  37 | 3.400000e+01 | 1.062000e+02 | 212.35%| unknown
 time | node  | left  |LP iter|LP it/n|mem/heur|mdpt |vars |cons |rows |cuts |sepa|confs|strbr|  dualbound   | primalbound  |  gap   | compl. 
 2558s|322400 |250201 | 49536k| 153.6 |   522M | 163 | 951 |5425 |5425 |   0 |  0 |   0 |  37 | 3.400000e+01 | 1.062000e+02 | 212.35%| unknown
 2560s|322500 |250273 | 49577k| 153.7 |   522M | 163 | 951 |5425 |5425 |   0 |  0 |   0 |  37 | 3.400000e+01 | 1.062000e+02 | 212.35%| unknown
 2561s|322600 |250351 | 49598k| 153.7 |   522M | 163 | 951 |5425 |5425 |   0 |  0 |   0 |  37 | 3.400000e+01 | 1.062000e+02 | 212.35%| unknown
 2562s|322700 |250445 | 49606k| 153.7 |   523M | 163 | 951 |5425 |5425 |   0 |  0 |   0 |  37 | 3.400000e+01 | 1.062000e+02 | 212.35%| unknown
 2562s|322800 |250519 | 49614k| 153.7 |   523M | 163 | 951 |5425 |5425 |   0 |  0 |   0 |  37 | 3.400000e+01 | 1.062000e+02 | 212.35%| unknown
 2563s|322900 |250611 | 49628k| 153.7 |   523M | 163 | 951 |5425 |5425 |   0 |  0 |   0 |  37 | 3.400000e+01 | 1.062000e+02 | 212.35%| unknown
 2565s|323000 |250675 | 49675k| 153.8 |   524M | 163 | 951 |5425 |5425 |   0 |  0 |   0 |  37 | 3.400000e+01 | 1.062000e+02 | 212.35%| unknown
 2566s|323100 |250739 | 49698k| 153.8 |   524M | 163 | 951 |5425 |5425 |   0 |  0 |   0 |  37 | 3.400000e+01 | 1.062000e+02 | 212.35%| unknown
 2567s|323200 |250813 | 49723k| 153.8 |   524M | 163 | 951 |5425 |5425 |   0 |  0 |   0 |  37 | 3.400000e+01 | 1.062000e+02 | 212.35%| unknown
 2568s|323300 |250879 | 49744k| 153.9 |   524M | 163 | 951 |5425 |5425 |   0 |  0 |   0 |  37 | 3.400000e+01 | 1.062000e+02 | 212.35%| unknown
 2570s|323400 |250969 | 49775k| 153.9 |   524M | 163 | 951 |5425 |5425 |   0 |  0 |   0 |  37 | 3.400000e+01 | 1.062000e+02 | 212.35%| unknown
 2570s|323500 |251061 | 49786k| 153.9 |   524M | 163 | 951 |5425 |5425 |   0 |  0 |   0 |  37 | 3.400000e+01 | 1.062000e+02 | 212.35%| unknown
 2571s|323600 |251143 | 49792k| 153.9 |   524M | 163 | 951 |5425 |5425 |   0 |  0 |   0 |  37 | 3.400000e+01 | 1.062000e+02 | 212.35%| unknown
 2572s|323700 |251213 | 49817k| 153.9 |   524M | 163 | 951 |5425 |5425 |   0 |  0 |   0 |  37 | 3.400000e+01 | 1.062000e+02 | 212.35%| unknown
 2573s|323800 |251283 | 49846k| 153.9 |   524M | 163 | 951 |5425 |5425 |   0 |  0 |   0 |  37 | 3.400000e+01 | 1.062000e+02 | 212.35%| unknown
 time | node  | left  |LP iter|LP it/n|mem/heur|mdpt |vars |cons |rows |cuts |sepa|confs|strbr|  dualbound   | primalbound  |  gap   | compl. 
 2574s|323900 |251359 | 49873k| 154.0 |   524M | 163 | 951 |5425 |5425 |   0 |  0 |   0 |  37 | 3.400000e+01 | 1.062000e+02 | 212.35%| unknown
 2575s|324000 |251423 | 49890k| 154.0 |   525M | 163 | 951 |5425 |5425 |   0 |  0 |   0 |  37 | 3.400000e+01 | 1.062000e+02 | 212.35%| unknown
 2576s|324100 |251503 | 49899k| 154.0 |   526M | 163 | 951 |5425 |5425 |   0 |  0 |   0 |  37 | 3.400000e+01 | 1.062000e+02 | 212.35%| unknown
 2577s|324200 |251585 | 49923k| 154.0 |   526M | 163 | 951 |5425 |5425 |   0 |  0 |   0 |  37 | 3.400000e+01 | 1.062000e+02 | 212.35%| unknown
 2578s|324300 |251667 | 49934k| 154.0 |   526M | 163 | 951 |5425 |5425 |   0 |  0 |   0 |  37 | 3.400000e+01 | 1.062000e+02 | 212.35%| unknown
 2579s|324400 |251741 | 49956k| 154.0 |   526M | 163 | 951 |5425 |5425 |   0 |  0 |   0 |  37 | 3.400000e+01 | 1.062000e+02 | 212.35%| unknown
 2580s|324500 |251823 | 49974k| 154.0 |   526M | 163 | 951 |5425 |5425 |   0 |  0 |   0 |  37 | 3.400000e+01 | 1.062000e+02 | 212.35%| unknown
 2581s|324600 |251891 | 49999k| 154.0 |   526M | 163 | 951 |5425 |5425 |   0 |  0 |   0 |  37 | 3.400000e+01 | 1.062000e+02 | 212.35%| unknown
 2582s|324700 |251957 | 50016k| 154.0 |   526M | 163 | 951 |5425 |5425 |   0 |  0 |   0 |  37 | 3.400000e+01 | 1.062000e+02 | 212.35%| unknown
 2583s|324800 |252053 | 50043k| 154.1 |   526M | 163 | 951 |5425 |5425 |   0 |  0 |   0 |  37 | 3.400000e+01 | 1.062000e+02 | 212.35%| unknown
 2583s|324900 |252131 | 50065k| 154.1 |   526M | 163 | 951 |5425 |5425 |   0 |  0 |   0 |  37 | 3.400000e+01 | 1.062000e+02 | 212.35%| unknown
 2584s|325000 |252215 | 50079k| 154.1 |   526M | 163 | 951 |5425 |5425 |   0 |  0 |   0 |  37 | 3.400000e+01 | 1.062000e+02 | 212.35%| unknown
 2585s|325100 |252293 | 50095k| 154.1 |   527M | 163 | 951 |5425 |5425 |   0 |  0 |   0 |  37 | 3.400000e+01 | 1.062000e+02 | 212.35%| unknown
 2586s|325200 |252363 | 50108k| 154.1 |   527M | 163 | 951 |5425 |5425 |   0 |  0 |   0 |  37 | 3.400000e+01 | 1.062000e+02 | 212.35%| unknown
 2587s|325300 |252447 | 50149k| 154.2 |   527M | 163 | 951 |5425 |5425 |   0 |  0 |   0 |  37 | 3.400000e+01 | 1.062000e+02 | 212.35%| unknown
 time | node  | left  |LP iter|LP it/n|mem/heur|mdpt |vars |cons |rows |cuts |sepa|confs|strbr|  dualbound   | primalbound  |  gap   | compl. 
 2589s|325400 |252533 | 50181k| 154.2 |   527M | 163 | 951 |5425 |5425 |   0 |  0 |   0 |  37 | 3.400000e+01 | 1.062000e+02 | 212.35%| unknown
 2591s|325500 |252609 | 50224k| 154.3 |   527M | 163 | 951 |5425 |5425 |   0 |  0 |   0 |  37 | 3.400000e+01 | 1.062000e+02 | 212.35%| unknown
 2592s|325600 |252677 | 50248k| 154.3 |   527M | 163 | 951 |5425 |5425 |   0 |  0 |   0 |  37 | 3.400000e+01 | 1.062000e+02 | 212.35%| unknown
 2593s|325700 |252763 | 50278k| 154.4 |   527M | 163 | 951 |5425 |5425 |   0 |  0 |   0 |  37 | 3.400000e+01 | 1.062000e+02 | 212.35%| unknown
 2595s|325800 |252831 | 50307k| 154.4 |   527M | 163 | 951 |5425 |5425 |   0 |  0 |   0 |  37 | 3.400000e+01 | 1.062000e+02 | 212.35%| unknown
 2596s|325900 |252905 | 50325k| 154.4 |   527M | 163 | 951 |5425 |5425 |   0 |  0 |   0 |  37 | 3.400000e+01 | 1.062000e+02 | 212.35%| unknown
 2597s|326000 |252979 | 50347k| 154.4 |   527M | 163 | 951 |5425 |5425 |   0 |  0 |   0 |  37 | 3.400000e+01 | 1.062000e+02 | 212.35%| unknown
 2598s|326100 |253059 | 50370k| 154.5 |   527M | 163 | 951 |5425 |5425 |   0 |  0 |   0 |  37 | 3.400000e+01 | 1.062000e+02 | 212.35%| unknown
 2599s|326200 |253147 | 50386k| 154.5 |   529M | 163 | 951 |5425 |5425 |   0 |  0 |   0 |  37 | 3.400000e+01 | 1.062000e+02 | 212.35%| unknown
 2599s|326300 |253213 | 50393k| 154.4 |   529M | 163 | 951 |5425 |5425 |   0 |  0 |   0 |  37 | 3.400000e+01 | 1.062000e+02 | 212.35%| unknown
 2599s|326400 |253303 | 50394k| 154.4 |   529M | 163 | 951 |5425 |5425 |   0 |  0 |   0 |  37 | 3.400000e+01 | 1.062000e+02 | 212.35%| unknown
 2599s|326500 |253371 | 50395k| 154.3 |   529M | 163 | 951 |5425 |5425 |   0 |  0 |   0 |  37 | 3.400000e+01 | 1.062000e+02 | 212.35%| unknown
 2600s|326600 |253465 | 50397k| 154.3 |   529M | 163 | 951 |5425 |5425 |   0 |  0 |   0 |  37 | 3.400000e+01 | 1.062000e+02 | 212.35%| unknown
 2600s|326700 |253545 | 50404k| 154.3 |   529M | 163 | 951 |5425 |5425 |   0 |  0 |   0 |  37 | 3.400000e+01 | 1.062000e+02 | 212.35%| unknown
 2600s|326800 |253623 | 50405k| 154.2 |   529M | 163 | 951 |5425 |5425 |   0 |  0 |   0 |  37 | 3.400000e+01 | 1.062000e+02 | 212.35%| unknown
 time | node  | left  |LP iter|LP it/n|mem/heur|mdpt |vars |cons |rows |cuts |sepa|confs|strbr|  dualbound   | primalbound  |  gap   | compl. 
 2601s|326900 |253705 | 50414k| 154.2 |   529M | 163 | 951 |5425 |5425 |   0 |  0 |   0 |  37 | 3.400000e+01 | 1.062000e+02 | 212.35%| unknown
 2602s|327000 |253787 | 50431k| 154.2 |   529M | 163 | 951 |5425 |5425 |   0 |  0 |   0 |  37 | 3.400000e+01 | 1.062000e+02 | 212.35%| unknown
 2603s|327100 |253857 | 50455k| 154.2 |   529M | 163 | 951 |5425 |5425 |   0 |  0 |   0 |  37 | 3.400000e+01 | 1.062000e+02 | 212.35%| unknown
 2604s|327200 |253951 | 50475k| 154.3 |   530M | 163 | 951 |5425 |5425 |   0 |  0 |   0 |  37 | 3.400000e+01 | 1.062000e+02 | 212.35%| unknown
 2605s|327300 |254045 | 50499k| 154.3 |   530M | 163 | 951 |5425 |5425 |   0 |  0 |   0 |  37 | 3.400000e+01 | 1.062000e+02 | 212.35%| unknown
 2606s|327400 |254121 | 50517k| 154.3 |   530M | 163 | 951 |5425 |5425 |   0 |  0 |   0 |  37 | 3.400000e+01 | 1.062000e+02 | 212.35%| unknown
 2607s|327500 |254191 | 50536k| 154.3 |   530M | 163 | 951 |5425 |5425 |   0 |  0 |   0 |  37 | 3.400000e+01 | 1.062000e+02 | 212.35%| unknown
 2608s|327600 |254267 | 50566k| 154.4 |   530M | 163 | 951 |5425 |5425 |   0 |  0 |   0 |  37 | 3.400000e+01 | 1.062000e+02 | 212.35%| unknown
 2610s|327700 |254337 | 50590k| 154.4 |   530M | 163 | 951 |5425 |5425 |   0 |  0 |   0 |  37 | 3.400000e+01 | 1.062000e+02 | 212.35%| unknown
 2611s|327800 |254417 | 50609k| 154.4 |   530M | 163 | 951 |5425 |5425 |   0 |  0 |   0 |  37 | 3.400000e+01 | 1.062000e+02 | 212.35%| unknown
 2612s|327900 |254497 | 50637k| 154.4 |   530M | 163 | 951 |5425 |5425 |   0 |  0 |   0 |  37 | 3.400000e+01 | 1.062000e+02 | 212.35%| unknown
 2613s|328000 |254571 | 50651k| 154.4 |   530M | 163 | 951 |5425 |5425 |   0 |  0 |   0 |  37 | 3.400000e+01 | 1.062000e+02 | 212.35%| unknown
 2614s|328100 |254649 | 50672k| 154.4 |   530M | 163 | 951 |5425 |5425 |   0 |  0 |   0 |  37 | 3.400000e+01 | 1.062000e+02 | 212.35%| unknown
 2615s|328200 |254727 | 50692k| 154.5 |   531M | 163 | 951 |5425 |5425 |   0 |  0 |   0 |  37 | 3.400000e+01 | 1.062000e+02 | 212.35%| unknown
 2615s|328300 |254799 | 50708k| 154.5 |   531M | 163 | 951 |5425 |5425 |   0 |  0 |   0 |  37 | 3.400000e+01 | 1.062000e+02 | 212.35%| unknown
 time | node  | left  |LP iter|LP it/n|mem/heur|mdpt |vars |cons |rows |cuts |sepa|confs|strbr|  dualbound   | primalbound  |  gap   | compl. 
 2616s|328400 |254885 | 50718k| 154.4 |   531M | 163 | 951 |5425 |5425 |   0 |  0 |   0 |  37 | 3.400000e+01 | 1.062000e+02 | 212.35%| unknown
 2616s|328500 |254961 | 50719k| 154.4 |   531M | 163 | 951 |5425 |5425 |   0 |  0 |   0 |  37 | 3.400000e+01 | 1.062000e+02 | 212.35%| unknown
 2616s|328600 |255041 | 50720k| 154.4 |   532M | 163 | 951 |5425 |5425 |   0 |  0 |   0 |  37 | 3.400000e+01 | 1.062000e+02 | 212.35%| unknown
 2617s|328700 |255111 | 50722k| 154.3 |   532M | 163 | 951 |5425 |5425 |   0 |  0 |   0 |  37 | 3.400000e+01 | 1.062000e+02 | 212.35%| unknown
 2617s|328800 |255177 | 50733k| 154.3 |   532M | 163 | 951 |5425 |5425 |   0 |  0 |   0 |  37 | 3.400000e+01 | 1.062000e+02 | 212.35%| unknown
 2618s|328900 |255247 | 50757k| 154.3 |   533M | 163 | 951 |5425 |5425 |   0 |  0 |   0 |  37 | 3.400000e+01 | 1.062000e+02 | 212.35%| unknown
 2620s|329000 |255319 | 50784k| 154.4 |   533M | 163 | 951 |5425 |5425 |   0 |  0 |   0 |  37 | 3.400000e+01 | 1.062000e+02 | 212.35%| unknown
 2621s|329100 |255399 | 50813k| 154.4 |   533M | 163 | 951 |5425 |5425 |   0 |  0 |   0 |  37 | 3.400000e+01 | 1.062000e+02 | 212.35%| unknown
 2622s|329200 |255471 | 50842k| 154.4 |   533M | 163 | 951 |5425 |5425 |   0 |  0 |   0 |  37 | 3.400000e+01 | 1.062000e+02 | 212.35%| unknown
 2623s|329300 |255551 | 50863k| 154.5 |   534M | 163 | 951 |5425 |5425 |   0 |  0 |   0 |  37 | 3.400000e+01 | 1.062000e+02 | 212.35%| unknown
 2624s|329400 |255629 | 50882k| 154.5 |   534M | 163 | 951 |5425 |5425 |   0 |  0 |   0 |  37 | 3.400000e+01 | 1.062000e+02 | 212.35%| unknown
 2625s|329500 |255703 | 50904k| 154.5 |   534M | 163 | 951 |5425 |5425 |   0 |  0 |   0 |  37 | 3.400000e+01 | 1.062000e+02 | 212.35%| unknown
 2627s|329600 |255779 | 50927k| 154.5 |   534M | 163 | 951 |5425 |5425 |   0 |  0 |   0 |  37 | 3.400000e+01 | 1.062000e+02 | 212.35%| unknown
 2628s|329700 |255855 | 50950k| 154.5 |   534M | 163 | 951 |5425 |5425 |   0 |  0 |   0 |  37 | 3.400000e+01 | 1.062000e+02 | 212.35%| unknown
 2628s|329800 |255937 | 50962k| 154.5 |   534M | 163 | 951 |5425 |5425 |   0 |  0 |   0 |  37 | 3.400000e+01 | 1.062000e+02 | 212.35%| unknown
 time | node  | left  |LP iter|LP it/n|mem/heur|mdpt |vars |cons |rows |cuts |sepa|confs|strbr|  dualbound   | primalbound  |  gap   | compl. 
 2629s|329900 |256011 | 50980k| 154.5 |   534M | 163 | 951 |5425 |5425 |   0 |  0 |   0 |  37 | 3.400000e+01 | 1.062000e+02 | 212.35%| unknown
 2631s|330000 |256087 | 51005k| 154.6 |   534M | 163 | 951 |5425 |5425 |   0 |  0 |   0 |  37 | 3.400000e+01 | 1.062000e+02 | 212.35%| unknown
 2631s|330100 |256153 | 51022k| 154.6 |   534M | 163 | 951 |5425 |5425 |   0 |  0 |   0 |  37 | 3.400000e+01 | 1.062000e+02 | 212.35%| unknown
 2633s|330200 |256223 | 51053k| 154.6 |   534M | 163 | 951 |5425 |5425 |   0 |  0 |   0 |  37 | 3.400000e+01 | 1.062000e+02 | 212.35%| unknown
 2634s|330300 |256293 | 51070k| 154.6 |   534M | 163 | 951 |5425 |5425 |   0 |  0 |   0 |  37 | 3.400000e+01 | 1.062000e+02 | 212.35%| unknown
 2635s|330400 |256367 | 51095k| 154.6 |   535M | 163 | 951 |5425 |5425 |   0 |  0 |   0 |  37 | 3.400000e+01 | 1.062000e+02 | 212.35%| unknown
 2636s|330500 |256453 | 51117k| 154.7 |   535M | 163 | 951 |5425 |5425 |   0 |  0 |   0 |  37 | 3.400000e+01 | 1.062000e+02 | 212.35%| unknown
 2637s|330600 |256529 | 51136k| 154.7 |   535M | 163 | 951 |5425 |5425 |   0 |  0 |   0 |  37 | 3.400000e+01 | 1.062000e+02 | 212.35%| unknown
 2638s|330700 |256595 | 51159k| 154.7 |   535M | 163 | 951 |5425 |5425 |   0 |  0 |   0 |  37 | 3.400000e+01 | 1.062000e+02 | 212.35%| unknown
 2639s|330800 |256675 | 51179k| 154.7 |   535M | 163 | 951 |5425 |5425 |   0 |  0 |   0 |  37 | 3.400000e+01 | 1.062000e+02 | 212.35%| unknown
 2640s|330900 |256745 | 51207k| 154.7 |   535M | 163 | 951 |5425 |5425 |   0 |  0 |   0 |  37 | 3.400000e+01 | 1.062000e+02 | 212.35%| unknown
 2641s|331000 |256825 | 51227k| 154.8 |   535M | 163 | 951 |5425 |5425 |   0 |  0 |   0 |  37 | 3.400000e+01 | 1.062000e+02 | 212.35%| unknown
 2643s|331100 |256909 | 51255k| 154.8 |   536M | 163 | 951 |5425 |5425 |   0 |  0 |   0 |  37 | 3.400000e+01 | 1.062000e+02 | 212.35%| unknown
 2644s|331200 |256987 | 51281k| 154.8 |   536M | 163 | 951 |5425 |5425 |   0 |  0 |   0 |  37 | 3.400000e+01 | 1.062000e+02 | 212.35%| unknown
 2645s|331300 |257055 | 51308k| 154.9 |   536M | 163 | 951 |5425 |5425 |   0 |  0 |   0 |  37 | 3.400000e+01 | 1.062000e+02 | 212.35%| unknown
 time | node  | left  |LP iter|LP it/n|mem/heur|mdpt |vars |cons |rows |cuts |sepa|confs|strbr|  dualbound   | primalbound  |  gap   | compl. 
 2646s|331400 |257135 | 51331k| 154.9 |   536M | 163 | 951 |5425 |5425 |   0 |  0 |   0 |  37 | 3.400000e+01 | 1.062000e+02 | 212.35%| unknown
 2646s|331500 |257205 | 51339k| 154.9 |   537M | 163 | 951 |5425 |5425 |   0 |  0 |   0 |  37 | 3.400000e+01 | 1.062000e+02 | 212.35%| unknown
 2648s|331600 |257271 | 51363k| 154.9 |   537M | 163 | 951 |5425 |5425 |   0 |  0 |   0 |  37 | 3.400000e+01 | 1.062000e+02 | 212.35%| unknown
 2649s|331700 |257353 | 51392k| 154.9 |   537M | 163 | 951 |5425 |5425 |   0 |  0 |   0 |  37 | 3.400000e+01 | 1.062000e+02 | 212.35%| unknown
 2650s|331800 |257431 | 51416k| 155.0 |   537M | 163 | 951 |5425 |5425 |   0 |  0 |   0 |  37 | 3.400000e+01 | 1.062000e+02 | 212.35%| unknown
 2651s|331900 |257515 | 51434k| 155.0 |   537M | 163 | 951 |5425 |5425 |   0 |  0 |   0 |  37 | 3.400000e+01 | 1.062000e+02 | 212.35%| unknown
 2653s|332000 |257593 | 51476k| 155.0 |   537M | 163 | 951 |5425 |5425 |   0 |  0 |   0 |  37 | 3.400000e+01 | 1.062000e+02 | 212.35%| unknown
 2654s|332100 |257679 | 51500k| 155.1 |   537M | 163 | 951 |5425 |5425 |   0 |  0 |   0 |  37 | 3.400000e+01 | 1.062000e+02 | 212.35%| unknown
 2655s|332200 |257759 | 51518k| 155.1 |   537M | 163 | 951 |5425 |5425 |   0 |  0 |   0 |  37 | 3.400000e+01 | 1.062000e+02 | 212.35%| unknown
 2656s|332300 |257841 | 51549k| 155.1 |   537M | 163 | 951 |5425 |5425 |   0 |  0 |   0 |  37 | 3.400000e+01 | 1.062000e+02 | 212.35%| unknown
 2657s|332400 |257907 | 51564k| 155.1 |   537M | 163 | 951 |5425 |5425 |   0 |  0 |   0 |  37 | 3.400000e+01 | 1.062000e+02 | 212.35%| unknown
 2658s|332500 |257975 | 51597k| 155.2 |   538M | 163 | 951 |5425 |5425 |   0 |  0 |   0 |  37 | 3.400000e+01 | 1.062000e+02 | 212.35%| unknown
 2659s|332600 |258047 | 51609k| 155.2 |   538M | 163 | 951 |5425 |5425 |   0 |  0 |   0 |  37 | 3.400000e+01 | 1.062000e+02 | 212.35%| unknown
 2659s|332700 |258127 | 51611k| 155.1 |   538M | 163 | 951 |5425 |5425 |   0 |  0 |   0 |  37 | 3.400000e+01 | 1.062000e+02 | 212.35%| unknown
 2659s|332800 |258211 | 51612k| 155.1 |   538M | 163 | 951 |5425 |5425 |   0 |  0 |   0 |  37 | 3.400000e+01 | 1.062000e+02 | 212.35%| unknown
 time | node  | left  |LP iter|LP it/n|mem/heur|mdpt |vars |cons |rows |cuts |sepa|confs|strbr|  dualbound   | primalbound  |  gap   | compl. 
 2660s|332900 |258289 | 51613k| 155.0 |   538M | 163 | 951 |5425 |5425 |   0 |  0 |   0 |  37 | 3.400000e+01 | 1.062000e+02 | 212.35%| unknown
 2661s|333000 |258367 | 51635k| 155.1 |   538M | 163 | 951 |5425 |5425 |   0 |  0 |   0 |  37 | 3.400000e+01 | 1.062000e+02 | 212.35%| unknown
 2662s|333100 |258445 | 51673k| 155.1 |   538M | 163 | 951 |5425 |5425 |   0 |  0 |   0 |  37 | 3.400000e+01 | 1.062000e+02 | 212.35%| unknown
 2664s|333200 |258511 | 51699k| 155.2 |   538M | 163 | 951 |5425 |5425 |   0 |  0 |   0 |  37 | 3.400000e+01 | 1.062000e+02 | 212.35%| unknown
 2664s|333300 |258593 | 51720k| 155.2 |   538M | 163 | 951 |5425 |5425 |   0 |  0 |   0 |  37 | 3.400000e+01 | 1.062000e+02 | 212.35%| unknown
 2667s|333400 |258663 | 51764k| 155.3 |   538M | 163 | 951 |5425 |5425 |   0 |  0 |   0 |  37 | 3.400000e+01 | 1.062000e+02 | 212.35%| unknown
 2668s|333500 |258743 | 51784k| 155.3 |   538M | 163 | 951 |5425 |5425 |   0 |  0 |   0 |  37 | 3.400000e+01 | 1.062000e+02 | 212.35%| unknown
 2668s|333600 |258825 | 51799k| 155.3 |   539M | 163 | 951 |5425 |5425 |   0 |  0 |   0 |  37 | 3.400000e+01 | 1.062000e+02 | 212.35%| unknown
 2669s|333700 |258899 | 51813k| 155.3 |   539M | 163 | 951 |5425 |5425 |   0 |  0 |   0 |  37 | 3.400000e+01 | 1.062000e+02 | 212.35%| unknown
 2670s|333800 |258985 | 51835k| 155.3 |   539M | 163 | 951 |5425 |5425 |   0 |  0 |   0 |  37 | 3.400000e+01 | 1.062000e+02 | 212.35%| unknown
 2671s|333900 |259067 | 51860k| 155.3 |   540M | 163 | 951 |5425 |5425 |   0 |  0 |   0 |  37 | 3.400000e+01 | 1.062000e+02 | 212.35%| unknown
 2673s|334000 |259135 | 51889k| 155.4 |   540M | 163 | 951 |5425 |5425 |   0 |  0 |   0 |  37 | 3.400000e+01 | 1.062000e+02 | 212.35%| unknown
 2674s|334100 |259217 | 51905k| 155.4 |   540M | 163 | 951 |5425 |5425 |   0 |  0 |   0 |  37 | 3.400000e+01 | 1.062000e+02 | 212.35%| unknown
 2674s|334200 |259275 | 51922k| 155.4 |   540M | 163 | 951 |5425 |5425 |   0 |  0 |   0 |  37 | 3.400000e+01 | 1.062000e+02 | 212.35%| unknown
 2676s|334300 |259353 | 51944k| 155.4 |   540M | 163 | 951 |5425 |5425 |   0 |  0 |   0 |  37 | 3.400000e+01 | 1.062000e+02 | 212.35%| unknown
 time | node  | left  |LP iter|LP it/n|mem/heur|mdpt |vars |cons |rows |cuts |sepa|confs|strbr|  dualbound   | primalbound  |  gap   | compl. 
 2677s|334400 |259427 | 51964k| 155.4 |   540M | 163 | 951 |5425 |5425 |   0 |  0 |   0 |  37 | 3.400000e+01 | 1.062000e+02 | 212.35%| unknown
 2678s|334500 |259511 | 51998k| 155.5 |   540M | 163 | 951 |5425 |5425 |   0 |  0 |   0 |  37 | 3.400000e+01 | 1.062000e+02 | 212.35%| unknown
 2680s|334600 |259587 | 52030k| 155.5 |   542M | 163 | 951 |5425 |5425 |   0 |  0 |   0 |  37 | 3.400000e+01 | 1.062000e+02 | 212.35%| unknown
 2681s|334700 |259651 | 52063k| 155.6 |   542M | 163 | 951 |5425 |5425 |   0 |  0 |   0 |  37 | 3.400000e+01 | 1.062000e+02 | 212.35%| unknown
 2682s|334800 |259731 | 52082k| 155.6 |   542M | 163 | 951 |5425 |5425 |   0 |  0 |   0 |  37 | 3.400000e+01 | 1.062000e+02 | 212.35%| unknown
 2683s|334900 |259799 | 52104k| 155.6 |   542M | 163 | 951 |5425 |5425 |   0 |  0 |   0 |  37 | 3.400000e+01 | 1.062000e+02 | 212.35%| unknown
 2684s|335000 |259875 | 52105k| 155.5 |   542M | 163 | 951 |5425 |5425 |   0 |  0 |   0 |  37 | 3.400000e+01 | 1.062000e+02 | 212.35%| unknown
 2684s|335100 |259951 | 52106k| 155.5 |   542M | 163 | 951 |5425 |5425 |   0 |  0 |   0 |  37 | 3.400000e+01 | 1.062000e+02 | 212.35%| unknown
 2684s|335200 |260015 | 52108k| 155.5 |   542M | 163 | 951 |5425 |5425 |   0 |  0 |   0 |  37 | 3.400000e+01 | 1.062000e+02 | 212.35%| unknown
 2684s|335300 |260083 | 52109k| 155.4 |   542M | 163 | 951 |5425 |5425 |   0 |  0 |   0 |  37 | 3.400000e+01 | 1.062000e+02 | 212.35%| unknown
 2684s|335400 |260163 | 52111k| 155.4 |   542M | 163 | 951 |5425 |5425 |   0 |  0 |   0 |  37 | 3.400000e+01 | 1.062000e+02 | 212.35%| unknown
 2685s|335500 |260243 | 52116k| 155.3 |   542M | 163 | 951 |5425 |5425 |   0 |  0 |   0 |  37 | 3.400000e+01 | 1.062000e+02 | 212.35%| unknown
 2685s|335600 |260315 | 52133k| 155.3 |   542M | 163 | 951 |5425 |5425 |   0 |  0 |   0 |  37 | 3.400000e+01 | 1.062000e+02 | 212.35%| unknown
 2686s|335700 |260379 | 52150k| 155.3 |   543M | 163 | 951 |5425 |5425 |   0 |  0 |   0 |  37 | 3.400000e+01 | 1.062000e+02 | 212.35%| unknown
 2687s|335800 |260459 | 52172k| 155.4 |   543M | 163 | 951 |5425 |5425 |   0 |  0 |   0 |  37 | 3.400000e+01 | 1.062000e+02 | 212.35%| unknown
 time | node  | left  |LP iter|LP it/n|mem/heur|mdpt |vars |cons |rows |cuts |sepa|confs|strbr|  dualbound   | primalbound  |  gap   | compl. 
 2689s|335900 |260547 | 52210k| 155.4 |   543M | 163 | 951 |5425 |5425 |   0 |  0 |   0 |  37 | 3.400000e+01 | 1.062000e+02 | 212.35%| unknown
 2690s|336000 |260633 | 52222k| 155.4 |   543M | 163 | 951 |5425 |5425 |   0 |  0 |   0 |  37 | 3.400000e+01 | 1.062000e+02 | 212.35%| unknown
 2691s|336100 |260703 | 52248k| 155.5 |   543M | 163 | 951 |5425 |5425 |   0 |  0 |   0 |  37 | 3.400000e+01 | 1.062000e+02 | 212.35%| unknown
 2692s|336200 |260769 | 52271k| 155.5 |   543M | 163 | 951 |5425 |5425 |   0 |  0 |   0 |  37 | 3.400000e+01 | 1.062000e+02 | 212.35%| unknown
 2693s|336300 |260843 | 52292k| 155.5 |   544M | 163 | 951 |5425 |5425 |   0 |  0 |   0 |  37 | 3.400000e+01 | 1.062000e+02 | 212.35%| unknown
 2694s|336400 |260917 | 52321k| 155.5 |   544M | 163 | 951 |5425 |5425 |   0 |  0 |   0 |  37 | 3.400000e+01 | 1.062000e+02 | 212.35%| unknown
 2695s|336500 |260993 | 52339k| 155.5 |   544M | 163 | 951 |5425 |5425 |   0 |  0 |   0 |  37 | 3.400000e+01 | 1.062000e+02 | 212.35%| unknown
 2697s|336600 |261065 | 52379k| 155.6 |   544M | 163 | 951 |5425 |5425 |   0 |  0 |   0 |  37 | 3.400000e+01 | 1.062000e+02 | 212.35%| unknown
 2698s|336700 |261133 | 52397k| 155.6 |   544M | 163 | 951 |5425 |5425 |   0 |  0 |   0 |  37 | 3.400000e+01 | 1.062000e+02 | 212.35%| unknown
 2699s|336800 |261221 | 52420k| 155.6 |   545M | 163 | 951 |5425 |5425 |   0 |  0 |   0 |  37 | 3.400000e+01 | 1.062000e+02 | 212.35%| unknown
 2700s|336900 |261297 | 52436k| 155.6 |   545M | 163 | 951 |5425 |5425 |   0 |  0 |   0 |  37 | 3.400000e+01 | 1.062000e+02 | 212.35%| unknown
 2701s|337000 |261371 | 52461k| 155.7 |   545M | 163 | 951 |5425 |5425 |   0 |  0 |   0 |  37 | 3.400000e+01 | 1.062000e+02 | 212.35%| unknown
 2702s|337100 |261443 | 52487k| 155.7 |   545M | 163 | 951 |5425 |5425 |   0 |  0 |   0 |  37 | 3.400000e+01 | 1.062000e+02 | 212.35%| unknown
 2704s|337200 |261513 | 52516k| 155.7 |   545M | 163 | 951 |5425 |5425 |   0 |  0 |   0 |  37 | 3.400000e+01 | 1.062000e+02 | 212.35%| unknown
 2704s|337300 |261581 | 52523k| 155.7 |   545M | 163 | 951 |5425 |5425 |   0 |  0 |   0 |  37 | 3.400000e+01 | 1.062000e+02 | 212.35%| unknown
 time | node  | left  |LP iter|LP it/n|mem/heur|mdpt |vars |cons |rows |cuts |sepa|confs|strbr|  dualbound   | primalbound  |  gap   | compl. 
 2704s|337400 |261665 | 52524k| 155.7 |   545M | 163 | 951 |5425 |5425 |   0 |  0 |   0 |  37 | 3.400000e+01 | 1.062000e+02 | 212.35%| unknown
 2704s|337500 |261747 | 52525k| 155.6 |   545M | 163 | 951 |5425 |5425 |   0 |  0 |   0 |  37 | 3.400000e+01 | 1.062000e+02 | 212.35%| unknown
 2705s|337600 |261831 | 52542k| 155.6 |   545M | 163 | 951 |5425 |5425 |   0 |  0 |   0 |  37 | 3.400000e+01 | 1.062000e+02 | 212.35%| unknown
 2706s|337700 |261905 | 52564k| 155.7 |   545M | 163 | 951 |5425 |5425 |   0 |  0 |   0 |  37 | 3.400000e+01 | 1.062000e+02 | 212.35%| unknown
 2707s|337800 |261981 | 52579k| 155.7 |   545M | 163 | 951 |5425 |5425 |   0 |  0 |   0 |  37 | 3.400000e+01 | 1.062000e+02 | 212.35%| unknown
 2708s|337900 |262055 | 52608k| 155.7 |   546M | 163 | 951 |5425 |5425 |   0 |  0 |   0 |  37 | 3.400000e+01 | 1.062000e+02 | 212.35%| unknown
 2710s|338000 |262137 | 52638k| 155.7 |   546M | 163 | 951 |5425 |5425 |   0 |  0 |   0 |  37 | 3.400000e+01 | 1.062000e+02 | 212.35%| unknown
 2711s|338100 |262205 | 52654k| 155.7 |   546M | 163 | 951 |5425 |5425 |   0 |  0 |   0 |  37 | 3.400000e+01 | 1.062000e+02 | 212.35%| unknown
 2711s|338200 |262275 | 52672k| 155.7 |   546M | 163 | 951 |5425 |5425 |   0 |  0 |   0 |  37 | 3.400000e+01 | 1.062000e+02 | 212.35%| unknown
 2713s|338300 |262351 | 52698k| 155.8 |   546M | 163 | 951 |5425 |5425 |   0 |  0 |   0 |  37 | 3.400000e+01 | 1.062000e+02 | 212.35%| unknown
 2714s|338400 |262429 | 52720k| 155.8 |   546M | 163 | 951 |5425 |5425 |   0 |  0 |   0 |  37 | 3.400000e+01 | 1.062000e+02 | 212.35%| unknown
 2715s|338500 |262499 | 52738k| 155.8 |   546M | 163 | 951 |5425 |5425 |   0 |  0 |   0 |  37 | 3.400000e+01 | 1.062000e+02 | 212.35%| unknown
 2716s|338600 |262573 | 52771k| 155.9 |   546M | 163 | 951 |5425 |5425 |   0 |  0 |   0 |  37 | 3.400000e+01 | 1.062000e+02 | 212.35%| unknown
 2717s|338700 |262655 | 52790k| 155.9 |   546M | 163 | 951 |5425 |5425 |   0 |  0 |   0 |  37 | 3.400000e+01 | 1.062000e+02 | 212.35%| unknown
 2718s|338800 |262729 | 52806k| 155.9 |   546M | 163 | 951 |5425 |5425 |   0 |  0 |   0 |  37 | 3.400000e+01 | 1.062000e+02 | 212.35%| unknown
 time | node  | left  |LP iter|LP it/n|mem/heur|mdpt |vars |cons |rows |cuts |sepa|confs|strbr|  dualbound   | primalbound  |  gap   | compl. 
 2718s|338900 |262805 | 52808k| 155.8 |   547M | 163 | 951 |5425 |5425 |   0 |  0 |   0 |  37 | 3.400000e+01 | 1.062000e+02 | 212.35%| unknown
 2718s|339000 |262879 | 52809k| 155.8 |   548M | 163 | 951 |5425 |5425 |   0 |  0 |   0 |  37 | 3.400000e+01 | 1.062000e+02 | 212.35%| unknown
 2718s|339100 |262947 | 52811k| 155.7 |   548M | 163 | 951 |5425 |5425 |   0 |  0 |   0 |  37 | 3.400000e+01 | 1.062000e+02 | 212.35%| unknown
 2719s|339200 |263021 | 52812k| 155.7 |   548M | 163 | 951 |5425 |5425 |   0 |  0 |   0 |  37 | 3.400000e+01 | 1.062000e+02 | 212.35%| unknown
 2719s|339300 |263091 | 52814k| 155.7 |   548M | 163 | 951 |5425 |5425 |   0 |  0 |   0 |  37 | 3.400000e+01 | 1.062000e+02 | 212.35%| unknown
 2720s|339400 |263159 | 52834k| 155.7 |   548M | 163 | 951 |5425 |5425 |   0 |  0 |   0 |  37 | 3.400000e+01 | 1.062000e+02 | 212.35%| unknown
 2720s|339500 |263239 | 52848k| 155.7 |   548M | 163 | 951 |5425 |5425 |   0 |  0 |   0 |  37 | 3.400000e+01 | 1.062000e+02 | 212.35%| unknown
 2722s|339600 |263313 | 52885k| 155.7 |   548M | 163 | 951 |5425 |5425 |   0 |  0 |   0 |  37 | 3.400000e+01 | 1.062000e+02 | 212.35%| unknown
 2723s|339700 |263381 | 52908k| 155.7 |   548M | 163 | 951 |5425 |5425 |   0 |  0 |   0 |  37 | 3.400000e+01 | 1.062000e+02 | 212.35%| unknown
 2725s|339800 |263451 | 52937k| 155.8 |   548M | 163 | 951 |5425 |5425 |   0 |  0 |   0 |  37 | 3.400000e+01 | 1.062000e+02 | 212.35%| unknown
 2726s|339900 |263533 | 52955k| 155.8 |   548M | 163 | 951 |5425 |5425 |   0 |  0 |   0 |  37 | 3.400000e+01 | 1.062000e+02 | 212.35%| unknown
 2727s|340000 |263605 | 52982k| 155.8 |   548M | 163 | 951 |5425 |5425 |   0 |  0 |   0 |  37 | 3.400000e+01 | 1.062000e+02 | 212.35%| unknown
 2728s|340100 |263687 | 53004k| 155.8 |   549M | 163 | 951 |5425 |5425 |   0 |  0 |   0 |  37 | 3.400000e+01 | 1.062000e+02 | 212.35%| unknown
 2729s|340200 |263765 | 53027k| 155.9 |   549M | 163 | 951 |5425 |5425 |   0 |  0 |   0 |  37 | 3.400000e+01 | 1.062000e+02 | 212.35%| unknown
 2731s|340300 |263851 | 53062k| 155.9 |   549M | 163 | 951 |5425 |5425 |   0 |  0 |   0 |  37 | 3.400000e+01 | 1.062000e+02 | 212.35%| unknown
 time | node  | left  |LP iter|LP it/n|mem/heur|mdpt |vars |cons |rows |cuts |sepa|confs|strbr|  dualbound   | primalbound  |  gap   | compl. 
 2732s|340400 |263929 | 53082k| 155.9 |   549M | 163 | 951 |5425 |5425 |   0 |  0 |   0 |  37 | 3.400000e+01 | 1.062000e+02 | 212.35%| unknown
 2732s|340500 |264007 | 53097k| 155.9 |   549M | 163 | 951 |5425 |5425 |   0 |  0 |   0 |  37 | 3.400000e+01 | 1.062000e+02 | 212.35%| unknown
 2733s|340600 |264081 | 53111k| 155.9 |   549M | 163 | 951 |5425 |5425 |   0 |  0 |   0 |  37 | 3.400000e+01 | 1.062000e+02 | 212.35%| unknown
 2734s|340700 |264163 | 53138k| 156.0 |   549M | 163 | 951 |5425 |5425 |   0 |  0 |   0 |  37 | 3.400000e+01 | 1.062000e+02 | 212.35%| unknown
 2735s|340800 |264249 | 53161k| 156.0 |   550M | 163 | 951 |5425 |5425 |   0 |  0 |   0 |  37 | 3.400000e+01 | 1.062000e+02 | 212.35%| unknown
 2737s|340900 |264331 | 53188k| 156.0 |   550M | 163 | 951 |5425 |5425 |   0 |  0 |   0 |  37 | 3.400000e+01 | 1.062000e+02 | 212.35%| unknown
 2738s|341000 |264419 | 53214k| 156.1 |   550M | 163 | 951 |5425 |5425 |   0 |  0 |   0 |  37 | 3.400000e+01 | 1.062000e+02 | 212.35%| unknown
 2738s|341100 |264495 | 53215k| 156.0 |   551M | 163 | 951 |5425 |5425 |   0 |  0 |   0 |  37 | 3.400000e+01 | 1.062000e+02 | 212.35%| unknown
 2739s|341200 |264559 | 53236k| 156.0 |   552M | 163 | 951 |5425 |5425 |   0 |  0 |   0 |  37 | 3.400000e+01 | 1.062000e+02 | 212.35%| unknown
 2740s|341300 |264627 | 53255k| 156.0 |   552M | 163 | 951 |5425 |5425 |   0 |  0 |   0 |  37 | 3.400000e+01 | 1.062000e+02 | 212.35%| unknown
 2741s|341400 |264701 | 53276k| 156.1 |   552M | 163 | 951 |5425 |5425 |   0 |  0 |   0 |  37 | 3.400000e+01 | 1.062000e+02 | 212.35%| unknown
 2742s|341500 |264771 | 53300k| 156.1 |   552M | 163 | 951 |5425 |5425 |   0 |  0 |   0 |  37 | 3.400000e+01 | 1.062000e+02 | 212.35%| unknown
 2743s|341600 |264847 | 53322k| 156.1 |   552M | 163 | 951 |5425 |5425 |   0 |  0 |   0 |  37 | 3.400000e+01 | 1.062000e+02 | 212.35%| unknown
 2745s|341700 |264921 | 53356k| 156.1 |   552M | 163 | 951 |5425 |5425 |   0 |  0 |   0 |  37 | 3.400000e+01 | 1.062000e+02 | 212.35%| unknown
 2748s|341800 |264997 | 53434k| 156.3 |   552M | 163 | 951 |5425 |5425 |   0 |  0 |   0 |  37 | 3.400000e+01 | 1.062000e+02 | 212.35%| unknown
 time | node  | left  |LP iter|LP it/n|mem/heur|mdpt |vars |cons |rows |cuts |sepa|confs|strbr|  dualbound   | primalbound  |  gap   | compl. 
 2750s|341900 |265069 | 53473k| 156.4 |   552M | 163 | 951 |5425 |5425 |   0 |  0 |   0 |  37 | 3.400000e+01 | 1.062000e+02 | 212.35%| unknown
 2751s|342000 |265143 | 53487k| 156.4 |   552M | 163 | 951 |5425 |5425 |   0 |  0 |   0 |  37 | 3.400000e+01 | 1.062000e+02 | 212.35%| unknown
 2752s|342100 |265225 | 53502k| 156.4 |   552M | 163 | 951 |5425 |5425 |   0 |  0 |   0 |  37 | 3.400000e+01 | 1.062000e+02 | 212.35%| unknown
 2754s|342200 |265303 | 53542k| 156.5 |   553M | 163 | 951 |5425 |5425 |   0 |  0 |   0 |  37 | 3.400000e+01 | 1.062000e+02 | 212.35%| unknown
 2755s|342300 |265377 | 53568k| 156.5 |   553M | 163 | 951 |5425 |5425 |   0 |  0 |   0 |  37 | 3.400000e+01 | 1.062000e+02 | 212.35%| unknown
 2756s|342400 |265471 | 53606k| 156.6 |   553M | 163 | 951 |5425 |5425 |   0 |  0 |   0 |  37 | 3.400000e+01 | 1.062000e+02 | 212.35%| unknown
 2758s|342500 |265539 | 53632k| 156.6 |   553M | 163 | 951 |5425 |5425 |   0 |  0 |   0 |  37 | 3.400000e+01 | 1.062000e+02 | 212.35%| unknown
 2759s|342600 |265627 | 53648k| 156.6 |   553M | 163 | 951 |5425 |5425 |   0 |  0 |   0 |  37 | 3.400000e+01 | 1.062000e+02 | 212.35%| unknown
 2759s|342700 |265693 | 53660k| 156.6 |   553M | 163 | 951 |5425 |5425 |   0 |  0 |   0 |  37 | 3.400000e+01 | 1.062000e+02 | 212.35%| unknown
 2760s|342800 |265779 | 53672k| 156.6 |   553M | 163 | 951 |5425 |5425 |   0 |  0 |   0 |  37 | 3.400000e+01 | 1.062000e+02 | 212.35%| unknown
 2761s|342900 |265841 | 53689k| 156.6 |   553M | 163 | 951 |5425 |5425 |   0 |  0 |   0 |  37 | 3.400000e+01 | 1.062000e+02 | 212.35%| unknown
 2761s|343000 |265899 | 53705k| 156.6 |   553M | 163 | 951 |5425 |5425 |   0 |  0 |   0 |  37 | 3.400000e+01 | 1.062000e+02 | 212.35%| unknown
 2762s|343100 |265977 | 53726k| 156.6 |   553M | 163 | 951 |5425 |5425 |   0 |  0 |   0 |  37 | 3.400000e+01 | 1.062000e+02 | 212.35%| unknown
 2764s|343200 |266049 | 53752k| 156.6 |   554M | 163 | 951 |5425 |5425 |   0 |  0 |   0 |  37 | 3.400000e+01 | 1.062000e+02 | 212.35%| unknown
 2764s|343300 |266127 | 53763k| 156.6 |   554M | 163 | 951 |5425 |5425 |   0 |  0 |   0 |  37 | 3.400000e+01 | 1.062000e+02 | 212.35%| unknown
 time | node  | left  |LP iter|LP it/n|mem/heur|mdpt |vars |cons |rows |cuts |sepa|confs|strbr|  dualbound   | primalbound  |  gap   | compl. 
 2765s|343400 |266209 | 53783k| 156.6 |   554M | 163 | 951 |5425 |5425 |   0 |  0 |   0 |  37 | 3.400000e+01 | 1.062000e+02 | 212.35%| unknown
 2766s|343500 |266277 | 53807k| 156.6 |   554M | 163 | 951 |5425 |5425 |   0 |  0 |   0 |  37 | 3.400000e+01 | 1.062000e+02 | 212.35%| unknown
 2767s|343600 |266345 | 53832k| 156.7 |   554M | 163 | 951 |5425 |5425 |   0 |  0 |   0 |  37 | 3.400000e+01 | 1.062000e+02 | 212.35%| unknown
 2768s|343700 |266423 | 53844k| 156.7 |   554M | 163 | 951 |5425 |5425 |   0 |  0 |   0 |  37 | 3.400000e+01 | 1.062000e+02 | 212.35%| unknown
 2768s|343800 |266505 | 53846k| 156.6 |   554M | 163 | 951 |5425 |5425 |   0 |  0 |   0 |  37 | 3.400000e+01 | 1.062000e+02 | 212.35%| unknown
 2769s|343900 |266573 | 53855k| 156.6 |   554M | 163 | 951 |5425 |5425 |   0 |  0 |   0 |  37 | 3.400000e+01 | 1.062000e+02 | 212.35%| unknown
 2770s|344000 |266657 | 53876k| 156.6 |   554M | 163 | 951 |5425 |5425 |   0 |  0 |   0 |  37 | 3.400000e+01 | 1.062000e+02 | 212.35%| unknown
 2771s|344100 |266741 | 53894k| 156.6 |   555M | 163 | 951 |5425 |5425 |   0 |  0 |   0 |  37 | 3.400000e+01 | 1.062000e+02 | 212.35%| unknown
 2772s|344200 |266813 | 53929k| 156.7 |   555M | 163 | 951 |5425 |5425 |   0 |  0 |   0 |  37 | 3.400000e+01 | 1.062000e+02 | 212.35%| unknown
 2773s|344300 |266879 | 53953k| 156.7 |   556M | 163 | 951 |5425 |5425 |   0 |  0 |   0 |  37 | 3.400000e+01 | 1.062000e+02 | 212.35%| unknown
 2774s|344400 |266953 | 53969k| 156.7 |   556M | 163 | 951 |5425 |5425 |   0 |  0 |   0 |  37 | 3.400000e+01 | 1.062000e+02 | 212.35%| unknown
 2776s|344500 |267015 | 54000k| 156.7 |   556M | 163 | 951 |5425 |5425 |   0 |  0 |   0 |  37 | 3.400000e+01 | 1.062000e+02 | 212.35%| unknown
 2776s|344600 |267093 | 54014k| 156.7 |   556M | 163 | 951 |5425 |5425 |   0 |  0 |   0 |  37 | 3.400000e+01 | 1.062000e+02 | 212.35%| unknown
 2777s|344700 |267167 | 54031k| 156.7 |   556M | 163 | 951 |5425 |5425 |   0 |  0 |   0 |  37 | 3.400000e+01 | 1.062000e+02 | 212.35%| unknown
 2778s|344800 |267231 | 54050k| 156.8 |   556M | 163 | 951 |5425 |5425 |   0 |  0 |   0 |  37 | 3.400000e+01 | 1.062000e+02 | 212.35%| unknown
 time | node  | left  |LP iter|LP it/n|mem/heur|mdpt |vars |cons |rows |cuts |sepa|confs|strbr|  dualbound   | primalbound  |  gap   | compl. 
 2780s|344900 |267301 | 54080k| 156.8 |   556M | 163 | 951 |5425 |5425 |   0 |  0 |   0 |  37 | 3.400000e+01 | 1.062000e+02 | 212.35%| unknown
 2780s|345000 |267371 | 54100k| 156.8 |   556M | 163 | 951 |5425 |5425 |   0 |  0 |   0 |  37 | 3.400000e+01 | 1.062000e+02 | 212.35%| unknown
 2782s|345100 |267441 | 54138k| 156.9 |   556M | 163 | 951 |5425 |5425 |   0 |  0 |   0 |  37 | 3.400000e+01 | 1.062000e+02 | 212.35%| unknown
 2783s|345200 |267515 | 54161k| 156.9 |   556M | 163 | 951 |5425 |5425 |   0 |  0 |   0 |  37 | 3.400000e+01 | 1.062000e+02 | 212.35%| unknown
 2784s|345300 |267591 | 54185k| 156.9 |   556M | 163 | 951 |5425 |5425 |   0 |  0 |   0 |  37 | 3.400000e+01 | 1.062000e+02 | 212.35%| unknown
 2786s|345400 |267655 | 54215k| 157.0 |   556M | 163 | 951 |5425 |5425 |   0 |  0 |   0 |  37 | 3.400000e+01 | 1.062000e+02 | 212.35%| unknown
 2787s|345500 |267741 | 54246k| 157.0 |   557M | 163 | 951 |5425 |5425 |   0 |  0 |   0 |  37 | 3.400000e+01 | 1.062000e+02 | 212.35%| unknown
 2788s|345600 |267825 | 54261k| 157.0 |   557M | 163 | 951 |5425 |5425 |   0 |  0 |   0 |  37 | 3.400000e+01 | 1.062000e+02 | 212.35%| unknown
 2789s|345700 |267905 | 54279k| 157.0 |   557M | 163 | 951 |5425 |5425 |   0 |  0 |   0 |  37 | 3.400000e+01 | 1.062000e+02 | 212.35%| unknown
 2790s|345800 |267989 | 54292k| 157.0 |   557M | 163 | 951 |5425 |5425 |   0 |  0 |   0 |  37 | 3.400000e+01 | 1.062000e+02 | 212.35%| unknown
 2791s|345900 |268069 | 54318k| 157.0 |   557M | 163 | 951 |5425 |5425 |   0 |  0 |   0 |  37 | 3.400000e+01 | 1.062000e+02 | 212.35%| unknown
 2792s|346000 |268139 | 54345k| 157.1 |   557M | 163 | 951 |5425 |5425 |   0 |  0 |   0 |  37 | 3.400000e+01 | 1.062000e+02 | 212.35%| unknown
 2793s|346100 |268203 | 54364k| 157.1 |   557M | 163 | 951 |5425 |5425 |   0 |  0 |   0 |  37 | 3.400000e+01 | 1.062000e+02 | 212.35%| unknown
 2794s|346200 |268273 | 54392k| 157.1 |   557M | 163 | 951 |5425 |5425 |   0 |  0 |   0 |  37 | 3.400000e+01 | 1.062000e+02 | 212.35%| unknown
 2796s|346300 |268349 | 54427k| 157.2 |   557M | 163 | 951 |5425 |5425 |   0 |  0 |   0 |  37 | 3.400000e+01 | 1.062000e+02 | 212.35%| unknown
 time | node  | left  |LP iter|LP it/n|mem/heur|mdpt |vars |cons |rows |cuts |sepa|confs|strbr|  dualbound   | primalbound  |  gap   | compl. 
 2797s|346400 |268423 | 54445k| 157.2 |   557M | 163 | 951 |5425 |5425 |   0 |  0 |   0 |  37 | 3.400000e+01 | 1.062000e+02 | 212.35%| unknown
 2798s|346500 |268499 | 54463k| 157.2 |   559M | 163 | 951 |5425 |5425 |   0 |  0 |   0 |  37 | 3.400000e+01 | 1.062000e+02 | 212.35%| unknown
 2799s|346600 |268581 | 54481k| 157.2 |   559M | 163 | 951 |5425 |5425 |   0 |  0 |   0 |  37 | 3.400000e+01 | 1.062000e+02 | 212.35%| unknown
 2799s|346700 |268657 | 54495k| 157.2 |   559M | 163 | 951 |5425 |5425 |   0 |  0 |   0 |  37 | 3.400000e+01 | 1.062000e+02 | 212.35%| unknown
 2800s|346800 |268741 | 54514k| 157.2 |   559M | 163 | 951 |5425 |5425 |   0 |  0 |   0 |  37 | 3.400000e+01 | 1.062000e+02 | 212.35%| unknown
 2801s|346900 |268829 | 54527k| 157.2 |   560M | 163 | 951 |5425 |5425 |   0 |  0 |   0 |  37 | 3.400000e+01 | 1.062000e+02 | 212.35%| unknown
 2802s|347000 |268919 | 54542k| 157.2 |   560M | 163 | 951 |5425 |5425 |   0 |  0 |   0 |  37 | 3.400000e+01 | 1.062000e+02 | 212.35%| unknown
 2803s|347100 |268997 | 54563k| 157.2 |   560M | 163 | 951 |5425 |5425 |   0 |  0 |   0 |  37 | 3.400000e+01 | 1.062000e+02 | 212.35%| unknown
 2804s|347200 |269089 | 54595k| 157.2 |   560M | 163 | 951 |5425 |5425 |   0 |  0 |   0 |  37 | 3.400000e+01 | 1.062000e+02 | 212.35%| unknown
 2805s|347300 |269165 | 54619k| 157.3 |   560M | 163 | 951 |5425 |5425 |   0 |  0 |   0 |  37 | 3.400000e+01 | 1.062000e+02 | 212.35%| unknown
 2805s|347400 |269231 | 54620k| 157.2 |   560M | 163 | 951 |5425 |5425 |   0 |  0 |   0 |  37 | 3.400000e+01 | 1.062000e+02 | 212.35%| unknown
 2806s|347500 |269301 | 54622k| 157.2 |   561M | 163 | 951 |5425 |5425 |   0 |  0 |   0 |  37 | 3.400000e+01 | 1.062000e+02 | 212.35%| unknown
 2808s|347600 |269369 | 54660k| 157.2 |   561M | 163 | 951 |5425 |5425 |   0 |  0 |   0 |  37 | 3.400000e+01 | 1.062000e+02 | 212.35%| unknown
 2809s|347700 |269445 | 54680k| 157.3 |   561M | 163 | 951 |5425 |5425 |   0 |  0 |   0 |  37 | 3.400000e+01 | 1.062000e+02 | 212.35%| unknown
 2809s|347800 |269527 | 54696k| 157.3 |   561M | 163 | 951 |5425 |5425 |   0 |  0 |   0 |  37 | 3.400000e+01 | 1.062000e+02 | 212.35%| unknown
 time | node  | left  |LP iter|LP it/n|mem/heur|mdpt |vars |cons |rows |cuts |sepa|confs|strbr|  dualbound   | primalbound  |  gap   | compl. 
 2810s|347900 |269603 | 54711k| 157.3 |   561M | 163 | 951 |5425 |5425 |   0 |  0 |   0 |  37 | 3.400000e+01 | 1.062000e+02 | 212.35%| unknown
 2811s|348000 |269689 | 54724k| 157.3 |   561M | 163 | 951 |5425 |5425 |   0 |  0 |   0 |  37 | 3.400000e+01 | 1.062000e+02 | 212.35%| unknown
 2812s|348100 |269769 | 54739k| 157.2 |   561M | 163 | 951 |5425 |5425 |   0 |  0 |   0 |  37 | 3.400000e+01 | 1.062000e+02 | 212.35%| unknown
 2812s|348200 |269845 | 54740k| 157.2 |   561M | 163 | 951 |5425 |5425 |   0 |  0 |   0 |  37 | 3.400000e+01 | 1.062000e+02 | 212.35%| unknown
 2812s|348300 |269921 | 54741k| 157.2 |   561M | 163 | 951 |5425 |5425 |   0 |  0 |   0 |  37 | 3.400000e+01 | 1.062000e+02 | 212.35%| unknown
 2812s|348400 |269997 | 54744k| 157.1 |   561M | 163 | 951 |5425 |5425 |   0 |  0 |   0 |  37 | 3.400000e+01 | 1.062000e+02 | 212.35%| unknown
 2813s|348500 |270067 | 54772k| 157.2 |   561M | 163 | 951 |5425 |5425 |   0 |  0 |   0 |  37 | 3.400000e+01 | 1.062000e+02 | 212.35%| unknown
 2815s|348600 |270147 | 54804k| 157.2 |   562M | 163 | 951 |5425 |5425 |   0 |  0 |   0 |  37 | 3.400000e+01 | 1.062000e+02 | 212.35%| unknown
 2816s|348700 |270207 | 54813k| 157.2 |   562M | 163 | 951 |5425 |5425 |   0 |  0 |   0 |  37 | 3.400000e+01 | 1.062000e+02 | 212.35%| unknown
 2816s|348800 |270283 | 54815k| 157.2 |   562M | 163 | 951 |5425 |5425 |   0 |  0 |   0 |  37 | 3.400000e+01 | 1.062000e+02 | 212.35%| unknown
 2817s|348900 |270347 | 54838k| 157.2 |   562M | 163 | 951 |5425 |5425 |   0 |  0 |   0 |  37 | 3.400000e+01 | 1.062000e+02 | 212.35%| unknown
 2818s|349000 |270417 | 54869k| 157.2 |   562M | 163 | 951 |5425 |5425 |   0 |  0 |   0 |  37 | 3.400000e+01 | 1.062000e+02 | 212.35%| unknown
 2819s|349100 |270487 | 54894k| 157.2 |   562M | 163 | 951 |5425 |5425 |   0 |  0 |   0 |  37 | 3.400000e+01 | 1.062000e+02 | 212.35%| unknown
 2820s|349200 |270545 | 54912k| 157.3 |   563M | 163 | 951 |5425 |5425 |   0 |  0 |   0 |  37 | 3.400000e+01 | 1.062000e+02 | 212.35%| unknown
 2821s|349300 |270619 | 54931k| 157.3 |   563M | 163 | 951 |5425 |5425 |   0 |  0 |   0 |  37 | 3.400000e+01 | 1.062000e+02 | 212.35%| unknown
 time | node  | left  |LP iter|LP it/n|mem/heur|mdpt |vars |cons |rows |cuts |sepa|confs|strbr|  dualbound   | primalbound  |  gap   | compl. 
 2823s|349400 |270693 | 54958k| 157.3 |   563M | 163 | 951 |5425 |5425 |   0 |  0 |   0 |  37 | 3.400000e+01 | 1.062000e+02 | 212.35%| unknown
 2824s|349500 |270773 | 54980k| 157.3 |   563M | 163 | 951 |5425 |5425 |   0 |  0 |   0 |  37 | 3.400000e+01 | 1.062000e+02 | 212.35%| unknown
 2825s|349600 |270841 | 54998k| 157.3 |   563M | 163 | 951 |5425 |5425 |   0 |  0 |   0 |  37 | 3.400000e+01 | 1.062000e+02 | 212.35%| unknown
 2826s|349700 |270925 | 55022k| 157.3 |   564M | 163 | 951 |5425 |5425 |   0 |  0 |   0 |  37 | 3.400000e+01 | 1.062000e+02 | 212.35%| unknown
 2827s|349800 |271007 | 55041k| 157.3 |   564M | 163 | 951 |5425 |5425 |   0 |  0 |   0 |  37 | 3.400000e+01 | 1.062000e+02 | 212.35%| unknown
 2828s|349900 |271085 | 55064k| 157.4 |   564M | 163 | 951 |5425 |5425 |   0 |  0 |   0 |  37 | 3.400000e+01 | 1.062000e+02 | 212.35%| unknown
 2830s|350000 |271163 | 55103k| 157.4 |   564M | 163 | 951 |5425 |5425 |   0 |  0 |   0 |  37 | 3.400000e+01 | 1.062000e+02 | 212.35%| unknown
 2831s|350100 |271239 | 55126k| 157.5 |   564M | 163 | 951 |5425 |5425 |   0 |  0 |   0 |  37 | 3.400000e+01 | 1.062000e+02 | 212.35%| unknown
 2832s|350200 |271297 | 55150k| 157.5 |   564M | 163 | 951 |5425 |5425 |   0 |  0 |   0 |  37 | 3.400000e+01 | 1.062000e+02 | 212.35%| unknown
 2833s|350300 |271381 | 55177k| 157.5 |   564M | 163 | 951 |5425 |5425 |   0 |  0 |   0 |  37 | 3.400000e+01 | 1.062000e+02 | 212.35%| unknown
 2834s|350400 |271461 | 55198k| 157.5 |   564M | 163 | 951 |5425 |5425 |   0 |  0 |   0 |  37 | 3.400000e+01 | 1.062000e+02 | 212.35%| unknown
 2835s|350500 |271529 | 55218k| 157.5 |   564M | 163 | 951 |5425 |5425 |   0 |  0 |   0 |  37 | 3.400000e+01 | 1.062000e+02 | 212.35%| unknown
 2837s|350600 |271607 | 55256k| 157.6 |   564M | 163 | 951 |5425 |5425 |   0 |  0 |   0 |  37 | 3.400000e+01 | 1.062000e+02 | 212.35%| unknown
 2838s|350700 |271677 | 55289k| 157.7 |   564M | 163 | 951 |5425 |5425 |   0 |  0 |   0 |  37 | 3.400000e+01 | 1.062000e+02 | 212.35%| unknown
 2840s|350800 |271767 | 55316k| 157.7 |   565M | 163 | 951 |5425 |5425 |   0 |  0 |   0 |  37 | 3.400000e+01 | 1.062000e+02 | 212.35%| unknown
 time | node  | left  |LP iter|LP it/n|mem/heur|mdpt |vars |cons |rows |cuts |sepa|confs|strbr|  dualbound   | primalbound  |  gap   | compl. 
 2841s|350900 |271847 | 55351k| 157.7 |   565M | 163 | 951 |5425 |5425 |   0 |  0 |   0 |  37 | 3.400000e+01 | 1.062000e+02 | 212.35%| unknown
 2842s|351000 |271933 | 55373k| 157.8 |   565M | 163 | 951 |5425 |5425 |   0 |  0 |   0 |  37 | 3.400000e+01 | 1.062000e+02 | 212.35%| unknown
 2843s|351100 |271999 | 55389k| 157.8 |   565M | 163 | 951 |5425 |5425 |   0 |  0 |   0 |  37 | 3.400000e+01 | 1.062000e+02 | 212.35%| unknown
 2844s|351200 |272073 | 55409k| 157.8 |   565M | 163 | 951 |5425 |5425 |   0 |  0 |   0 |  37 | 3.400000e+01 | 1.062000e+02 | 212.35%| unknown
 2845s|351300 |272151 | 55428k| 157.8 |   566M | 163 | 951 |5425 |5425 |   0 |  0 |   0 |  37 | 3.400000e+01 | 1.062000e+02 | 212.35%| unknown
 2847s|351400 |272209 | 55462k| 157.8 |   566M | 163 | 951 |5425 |5425 |   0 |  0 |   0 |  37 | 3.400000e+01 | 1.062000e+02 | 212.35%| unknown
 2848s|351500 |272291 | 55486k| 157.9 |   566M | 163 | 951 |5425 |5425 |   0 |  0 |   0 |  37 | 3.400000e+01 | 1.062000e+02 | 212.35%| unknown
 2849s|351600 |272369 | 55508k| 157.9 |   566M | 163 | 951 |5425 |5425 |   0 |  0 |   0 |  37 | 3.400000e+01 | 1.062000e+02 | 212.35%| unknown
 2850s|351700 |272443 | 55529k| 157.9 |   566M | 163 | 951 |5425 |5425 |   0 |  0 |   0 |  37 | 3.400000e+01 | 1.062000e+02 | 212.35%| unknown
 2852s|351800 |272511 | 55561k| 157.9 |   567M | 163 | 951 |5425 |5425 |   0 |  0 |   0 |  37 | 3.400000e+01 | 1.062000e+02 | 212.35%| unknown
 2853s|351900 |272587 | 55594k| 158.0 |   567M | 163 | 951 |5425 |5425 |   0 |  0 |   0 |  37 | 3.400000e+01 | 1.062000e+02 | 212.35%| unknown
 2855s|352000 |272671 | 55637k| 158.1 |   567M | 163 | 951 |5425 |5425 |   0 |  0 |   0 |  37 | 3.400000e+01 | 1.062000e+02 | 212.35%| unknown
 2856s|352100 |272757 | 55647k| 158.0 |   567M | 163 | 951 |5425 |5425 |   0 |  0 |   0 |  37 | 3.400000e+01 | 1.062000e+02 | 212.35%| unknown
 2856s|352200 |272813 | 55654k| 158.0 |   567M | 163 | 951 |5425 |5425 |   0 |  0 |   0 |  37 | 3.400000e+01 | 1.062000e+02 | 212.35%| unknown
 2857s|352300 |272881 | 55663k| 158.0 |   567M | 163 | 951 |5425 |5425 |   0 |  0 |   0 |  37 | 3.400000e+01 | 1.062000e+02 | 212.35%| unknown
 time | node  | left  |LP iter|LP it/n|mem/heur|mdpt |vars |cons |rows |cuts |sepa|confs|strbr|  dualbound   | primalbound  |  gap   | compl. 
 2858s|352400 |272967 | 55682k| 158.0 |   567M | 163 | 951 |5425 |5425 |   0 |  0 |   0 |  37 | 3.400000e+01 | 1.062000e+02 | 212.35%| unknown
 2859s|352500 |273051 | 55707k| 158.0 |   567M | 163 | 951 |5425 |5425 |   0 |  0 |   0 |  37 | 3.400000e+01 | 1.062000e+02 | 212.35%| unknown
 2860s|352600 |273133 | 55732k| 158.1 |   567M | 163 | 951 |5425 |5425 |   0 |  0 |   0 |  37 | 3.400000e+01 | 1.062000e+02 | 212.35%| unknown
 2862s|352700 |273217 | 55763k| 158.1 |   567M | 163 | 951 |5425 |5425 |   0 |  0 |   0 |  37 | 3.400000e+01 | 1.062000e+02 | 212.35%| unknown
 2863s|352800 |273309 | 55804k| 158.2 |   567M | 163 | 951 |5425 |5425 |   0 |  0 |   0 |  37 | 3.400000e+01 | 1.062000e+02 | 212.35%| unknown
 2865s|352900 |273389 | 55826k| 158.2 |   569M | 163 | 951 |5425 |5425 |   0 |  0 |   0 |  37 | 3.400000e+01 | 1.062000e+02 | 212.35%| unknown
 2865s|353000 |273475 | 55827k| 158.1 |   569M | 163 | 951 |5425 |5425 |   0 |  0 |   0 |  37 | 3.400000e+01 | 1.062000e+02 | 212.35%| unknown
 2865s|353100 |273539 | 55830k| 158.1 |   569M | 163 | 951 |5425 |5425 |   0 |  0 |   0 |  37 | 3.400000e+01 | 1.062000e+02 | 212.35%| unknown
 2866s|353200 |273617 | 55841k| 158.1 |   569M | 163 | 951 |5425 |5425 |   0 |  0 |   0 |  37 | 3.400000e+01 | 1.062000e+02 | 212.35%| unknown
 2868s|353300 |273705 | 55883k| 158.2 |   569M | 163 | 951 |5425 |5425 |   0 |  0 |   0 |  37 | 3.400000e+01 | 1.062000e+02 | 212.35%| unknown
 2870s|353400 |273799 | 55937k| 158.3 |   569M | 163 | 951 |5425 |5425 |   0 |  0 |   0 |  37 | 3.400000e+01 | 1.062000e+02 | 212.35%| unknown
 2872s|353500 |273871 | 55982k| 158.4 |   569M | 163 | 951 |5425 |5425 |   0 |  0 |   0 |  37 | 3.400000e+01 | 1.062000e+02 | 212.35%| unknown
 2873s|353600 |273947 | 55999k| 158.4 |   569M | 163 | 951 |5425 |5425 |   0 |  0 |   0 |  37 | 3.400000e+01 | 1.062000e+02 | 212.35%| unknown
 2873s|353700 |274017 | 56000k| 158.3 |   569M | 163 | 951 |5425 |5425 |   0 |  0 |   0 |  37 | 3.400000e+01 | 1.062000e+02 | 212.35%| unknown
 2874s|353800 |274097 | 56002k| 158.3 |   569M | 163 | 951 |5425 |5425 |   0 |  0 |   0 |  37 | 3.400000e+01 | 1.062000e+02 | 212.35%| unknown
 time | node  | left  |LP iter|LP it/n|mem/heur|mdpt |vars |cons |rows |cuts |sepa|confs|strbr|  dualbound   | primalbound  |  gap   | compl. 
 2874s|353900 |274179 | 56003k| 158.2 |   570M | 163 | 951 |5425 |5425 |   0 |  0 |   0 |  37 | 3.400000e+01 | 1.062000e+02 | 212.35%| unknown
 2874s|354000 |274249 | 56005k| 158.2 |   570M | 163 | 951 |5425 |5425 |   0 |  0 |   0 |  37 | 3.400000e+01 | 1.062000e+02 | 212.35%| unknown
 2874s|354100 |274309 | 56007k| 158.2 |   570M | 163 | 951 |5425 |5425 |   0 |  0 |   0 |  37 | 3.400000e+01 | 1.062000e+02 | 212.35%| unknown
 2874s|354200 |274383 | 56009k| 158.1 |   571M | 163 | 951 |5425 |5425 |   0 |  0 |   0 |  37 | 3.400000e+01 | 1.062000e+02 | 212.35%| unknown
 2875s|354300 |274453 | 56010k| 158.1 |   571M | 163 | 951 |5425 |5425 |   0 |  0 |   0 |  37 | 3.400000e+01 | 1.062000e+02 | 212.35%| unknown
 2875s|354400 |274533 | 56012k| 158.0 |   571M | 163 | 951 |5425 |5425 |   0 |  0 |   0 |  37 | 3.400000e+01 | 1.062000e+02 | 212.35%| unknown
 2875s|354500 |274601 | 56023k| 158.0 |   571M | 163 | 951 |5425 |5425 |   0 |  0 |   0 |  37 | 3.400000e+01 | 1.062000e+02 | 212.35%| unknown
 2876s|354600 |274655 | 56046k| 158.1 |   571M | 163 | 951 |5425 |5425 |   0 |  0 |   0 |  37 | 3.400000e+01 | 1.062000e+02 | 212.35%| unknown
 2877s|354700 |274735 | 56065k| 158.1 |   571M | 163 | 951 |5425 |5425 |   0 |  0 |   0 |  37 | 3.400000e+01 | 1.062000e+02 | 212.35%| unknown
 2879s|354800 |274819 | 56101k| 158.1 |   571M | 163 | 951 |5425 |5425 |   0 |  0 |   0 |  37 | 3.400000e+01 | 1.062000e+02 | 212.35%| unknown
 2881s|354900 |274909 | 56142k| 158.2 |   571M | 163 | 951 |5425 |5425 |   0 |  0 |   0 |  37 | 3.400000e+01 | 1.062000e+02 | 212.35%| unknown
 2882s|355000 |274991 | 56168k| 158.2 |   572M | 163 | 951 |5425 |5425 |   0 |  0 |   0 |  37 | 3.400000e+01 | 1.062000e+02 | 212.35%| unknown
 2883s|355100 |275063 | 56185k| 158.2 |   572M | 163 | 951 |5425 |5425 |   0 |  0 |   0 |  37 | 3.400000e+01 | 1.062000e+02 | 212.35%| unknown
 2884s|355200 |275149 | 56215k| 158.3 |   572M | 163 | 951 |5425 |5425 |   0 |  0 |   0 |  37 | 3.400000e+01 | 1.062000e+02 | 212.35%| unknown
 2885s|355300 |275231 | 56229k| 158.3 |   572M | 163 | 951 |5425 |5425 |   0 |  0 |   0 |  37 | 3.400000e+01 | 1.062000e+02 | 212.35%| unknown
 time | node  | left  |LP iter|LP it/n|mem/heur|mdpt |vars |cons |rows |cuts |sepa|confs|strbr|  dualbound   | primalbound  |  gap   | compl. 
 2886s|355400 |275307 | 56248k| 158.3 |   572M | 163 | 951 |5425 |5425 |   0 |  0 |   0 |  37 | 3.400000e+01 | 1.062000e+02 | 212.35%| unknown
 2887s|355500 |275389 | 56268k| 158.3 |   572M | 163 | 951 |5425 |5425 |   0 |  0 |   0 |  37 | 3.400000e+01 | 1.062000e+02 | 212.35%| unknown
 2888s|355600 |275459 | 56287k| 158.3 |   572M | 163 | 951 |5425 |5425 |   0 |  0 |   0 |  37 | 3.400000e+01 | 1.062000e+02 | 212.35%| unknown
 2889s|355700 |275543 | 56313k| 158.3 |   572M | 163 | 951 |5425 |5425 |   0 |  0 |   0 |  37 | 3.400000e+01 | 1.062000e+02 | 212.35%| unknown
 2891s|355800 |275623 | 56341k| 158.4 |   572M | 163 | 951 |5425 |5425 |   0 |  0 |   0 |  37 | 3.400000e+01 | 1.062000e+02 | 212.35%| unknown
 2891s|355900 |275695 | 56343k| 158.3 |   572M | 163 | 951 |5425 |5425 |   0 |  0 |   0 |  37 | 3.400000e+01 | 1.062000e+02 | 212.35%| unknown
 2891s|356000 |275773 | 56344k| 158.3 |   573M | 163 | 951 |5425 |5425 |   0 |  0 |   0 |  37 | 3.400000e+01 | 1.062000e+02 | 212.35%| unknown
 2891s|356100 |275851 | 56347k| 158.2 |   573M | 163 | 951 |5425 |5425 |   0 |  0 |   0 |  37 | 3.400000e+01 | 1.062000e+02 | 212.35%| unknown
 2893s|356200 |275917 | 56370k| 158.3 |   573M | 163 | 951 |5425 |5425 |   0 |  0 |   0 |  37 | 3.400000e+01 | 1.062000e+02 | 212.35%| unknown
 2895s|356300 |275989 | 56414k| 158.3 |   573M | 163 | 951 |5425 |5425 |   0 |  0 |   0 |  37 | 3.400000e+01 | 1.062000e+02 | 212.35%| unknown
 2896s|356400 |276069 | 56443k| 158.4 |   573M | 163 | 951 |5425 |5425 |   0 |  0 |   0 |  37 | 3.400000e+01 | 1.062000e+02 | 212.35%| unknown
 2897s|356500 |276149 | 56465k| 158.4 |   573M | 163 | 951 |5425 |5425 |   0 |  0 |   0 |  37 | 3.400000e+01 | 1.062000e+02 | 212.35%| unknown
 2898s|356600 |276215 | 56492k| 158.4 |   573M | 163 | 951 |5425 |5425 |   0 |  0 |   0 |  37 | 3.400000e+01 | 1.062000e+02 | 212.35%| unknown
 2900s|356700 |276287 | 56542k| 158.5 |   573M | 163 | 951 |5425 |5425 |   0 |  0 |   0 |  37 | 3.400000e+01 | 1.062000e+02 | 212.35%| unknown
 2902s|356800 |276369 | 56576k| 158.6 |   573M | 163 | 951 |5425 |5425 |   0 |  0 |   0 |  37 | 3.400000e+01 | 1.062000e+02 | 212.35%| unknown
 time | node  | left  |LP iter|LP it/n|mem/heur|mdpt |vars |cons |rows |cuts |sepa|confs|strbr|  dualbound   | primalbound  |  gap   | compl. 
 2903s|356900 |276445 | 56602k| 158.6 |   573M | 163 | 951 |5425 |5425 |   0 |  0 |   0 |  37 | 3.400000e+01 | 1.062000e+02 | 212.35%| unknown
 2905s|357000 |276527 | 56630k| 158.6 |   573M | 163 | 951 |5425 |5425 |   0 |  0 |   0 |  37 | 3.400000e+01 | 1.062000e+02 | 212.35%| unknown
 2906s|357100 |276599 | 56651k| 158.6 |   575M | 163 | 951 |5425 |5425 |   0 |  0 |   0 |  37 | 3.400000e+01 | 1.062000e+02 | 212.35%| unknown
 2907s|357200 |276671 | 56675k| 158.7 |   575M | 163 | 951 |5425 |5425 |   0 |  0 |   0 |  37 | 3.400000e+01 | 1.062000e+02 | 212.35%| unknown
 2908s|357300 |276757 | 56704k| 158.7 |   575M | 163 | 951 |5425 |5425 |   0 |  0 |   0 |  37 | 3.400000e+01 | 1.062000e+02 | 212.35%| unknown
 2908s|357400 |276833 | 56705k| 158.7 |   575M | 163 | 951 |5425 |5425 |   0 |  0 |   0 |  37 | 3.400000e+01 | 1.062000e+02 | 212.35%| unknown
 2909s|357500 |276905 | 56718k| 158.7 |   575M | 163 | 951 |5425 |5425 |   0 |  0 |   0 |  37 | 3.400000e+01 | 1.062000e+02 | 212.35%| unknown
 2910s|357600 |276979 | 56748k| 158.7 |   575M | 163 | 951 |5425 |5425 |   0 |  0 |   0 |  37 | 3.400000e+01 | 1.062000e+02 | 212.35%| unknown
 2912s|357700 |277045 | 56777k| 158.7 |   575M | 163 | 951 |5425 |5425 |   0 |  0 |   0 |  37 | 3.400000e+01 | 1.062000e+02 | 212.35%| unknown
 2913s|357800 |277103 | 56796k| 158.7 |   575M | 163 | 951 |5425 |5425 |   0 |  0 |   0 |  37 | 3.400000e+01 | 1.062000e+02 | 212.35%| unknown
 2914s|357900 |277181 | 56815k| 158.7 |   575M | 163 | 951 |5425 |5425 |   0 |  0 |   0 |  37 | 3.400000e+01 | 1.062000e+02 | 212.35%| unknown
 2915s|358000 |277255 | 56841k| 158.8 |   575M | 163 | 951 |5425 |5425 |   0 |  0 |   0 |  37 | 3.400000e+01 | 1.062000e+02 | 212.35%| unknown
 2916s|358100 |277339 | 56862k| 158.8 |   575M | 163 | 951 |5425 |5425 |   0 |  0 |   0 |  37 | 3.400000e+01 | 1.062000e+02 | 212.35%| unknown
 2917s|358200 |277405 | 56888k| 158.8 |   576M | 163 | 951 |5425 |5425 |   0 |  0 |   0 |  37 | 3.400000e+01 | 1.062000e+02 | 212.35%| unknown
 2918s|358300 |277483 | 56900k| 158.8 |   576M | 163 | 951 |5425 |5425 |   0 |  0 |   0 |  37 | 3.400000e+01 | 1.062000e+02 | 212.35%| unknown
 time | node  | left  |LP iter|LP it/n|mem/heur|mdpt |vars |cons |rows |cuts |sepa|confs|strbr|  dualbound   | primalbound  |  gap   | compl. 
 2919s|358400 |277555 | 56938k| 158.9 |   576M | 163 | 951 |5425 |5425 |   0 |  0 |   0 |  37 | 3.400000e+01 | 1.062000e+02 | 212.35%| unknown
 2920s|358500 |277633 | 56960k| 158.9 |   576M | 163 | 951 |5425 |5425 |   0 |  0 |   0 |  37 | 3.400000e+01 | 1.062000e+02 | 212.35%| unknown
 2922s|358600 |277705 | 56982k| 158.9 |   576M | 163 | 951 |5425 |5425 |   0 |  0 |   0 |  37 | 3.400000e+01 | 1.062000e+02 | 212.35%| unknown
 2922s|358700 |277775 | 57000k| 158.9 |   576M | 163 | 951 |5425 |5425 |   0 |  0 |   0 |  37 | 3.400000e+01 | 1.062000e+02 | 212.35%| unknown
 2924s|358800 |277867 | 57042k| 159.0 |   576M | 163 | 951 |5425 |5425 |   0 |  0 |   0 |  37 | 3.400000e+01 | 1.062000e+02 | 212.35%| unknown
 2925s|358900 |277947 | 57057k| 159.0 |   577M | 163 | 951 |5425 |5425 |   0 |  0 |   0 |  37 | 3.400000e+01 | 1.062000e+02 | 212.35%| unknown
 2926s|359000 |278027 | 57075k| 159.0 |   577M | 163 | 951 |5425 |5425 |   0 |  0 |   0 |  37 | 3.400000e+01 | 1.062000e+02 | 212.35%| unknown
 2927s|359100 |278111 | 57096k| 159.0 |   577M | 163 | 951 |5425 |5425 |   0 |  0 |   0 |  37 | 3.400000e+01 | 1.062000e+02 | 212.35%| unknown
 2929s|359200 |278177 | 57137k| 159.1 |   579M | 163 | 951 |5425 |5425 |   0 |  0 |   0 |  37 | 3.400000e+01 | 1.062000e+02 | 212.35%| unknown
 2929s|359300 |278245 | 57146k| 159.0 |   579M | 163 | 951 |5425 |5425 |   0 |  0 |   0 |  37 | 3.400000e+01 | 1.062000e+02 | 212.35%| unknown
 2931s|359400 |278331 | 57172k| 159.1 |   579M | 163 | 951 |5425 |5425 |   0 |  0 |   0 |  37 | 3.400000e+01 | 1.062000e+02 | 212.35%| unknown
 2932s|359500 |278387 | 57201k| 159.1 |   579M | 163 | 951 |5425 |5425 |   0 |  0 |   0 |  37 | 3.400000e+01 | 1.062000e+02 | 212.35%| unknown
 2934s|359600 |278455 | 57238k| 159.2 |   579M | 163 | 951 |5425 |5425 |   0 |  0 |   0 |  37 | 3.400000e+01 | 1.062000e+02 | 212.35%| unknown
 2935s|359700 |278531 | 57260k| 159.2 |   579M | 163 | 951 |5425 |5425 |   0 |  0 |   0 |  37 | 3.400000e+01 | 1.062000e+02 | 212.35%| unknown
 2937s|359800 |278609 | 57301k| 159.3 |   579M | 163 | 951 |5425 |5425 |   0 |  0 |   0 |  37 | 3.400000e+01 | 1.062000e+02 | 212.35%| unknown
 time | node  | left  |LP iter|LP it/n|mem/heur|mdpt |vars |cons |rows |cuts |sepa|confs|strbr|  dualbound   | primalbound  |  gap   | compl. 
 2939s|359900 |278683 | 57339k| 159.3 |   579M | 163 | 951 |5425 |5425 |   0 |  0 |   0 |  37 | 3.400000e+01 | 1.062000e+02 | 212.35%| unknown
 2939s|360000 |278759 | 57352k| 159.3 |   579M | 163 | 951 |5425 |5425 |   0 |  0 |   0 |  37 | 3.400000e+01 | 1.062000e+02 | 212.35%| unknown
 2939s|360100 |278825 | 57353k| 159.3 |   579M | 163 | 951 |5425 |5425 |   0 |  0 |   0 |  37 | 3.400000e+01 | 1.062000e+02 | 212.35%| unknown
 2941s|360200 |278907 | 57378k| 159.3 |   579M | 163 | 951 |5425 |5425 |   0 |  0 |   0 |  37 | 3.400000e+01 | 1.062000e+02 | 212.35%| unknown
 2942s|360300 |278987 | 57400k| 159.3 |   580M | 163 | 951 |5425 |5425 |   0 |  0 |   0 |  37 | 3.400000e+01 | 1.062000e+02 | 212.35%| unknown
 2943s|360400 |279067 | 57424k| 159.3 |   580M | 163 | 951 |5425 |5425 |   0 |  0 |   0 |  37 | 3.400000e+01 | 1.062000e+02 | 212.35%| unknown
 2944s|360500 |279137 | 57445k| 159.3 |   580M | 163 | 951 |5425 |5425 |   0 |  0 |   0 |  37 | 3.400000e+01 | 1.062000e+02 | 212.35%| unknown
 2945s|360600 |279205 | 57479k| 159.4 |   580M | 163 | 951 |5425 |5425 |   0 |  0 |   0 |  37 | 3.400000e+01 | 1.062000e+02 | 212.35%| unknown
 2947s|360700 |279285 | 57506k| 159.4 |   580M | 163 | 951 |5425 |5425 |   0 |  0 |   0 |  37 | 3.400000e+01 | 1.062000e+02 | 212.35%| unknown
 2948s|360800 |279377 | 57532k| 159.5 |   580M | 163 | 951 |5425 |5425 |   0 |  0 |   0 |  37 | 3.400000e+01 | 1.062000e+02 | 212.35%| unknown
 2950s|360900 |279455 | 57570k| 159.5 |   580M | 163 | 951 |5425 |5425 |   0 |  0 |   0 |  37 | 3.400000e+01 | 1.062000e+02 | 212.35%| unknown
 2951s|361000 |279519 | 57598k| 159.6 |   580M | 163 | 951 |5425 |5425 |   0 |  0 |   0 |  37 | 3.400000e+01 | 1.062000e+02 | 212.35%| unknown
 2952s|361100 |279599 | 57609k| 159.5 |   580M | 163 | 951 |5425 |5425 |   0 |  0 |   0 |  37 | 3.400000e+01 | 1.062000e+02 | 212.35%| unknown
 2953s|361200 |279685 | 57645k| 159.6 |   580M | 163 | 951 |5425 |5425 |   0 |  0 |   0 |  37 | 3.400000e+01 | 1.062000e+02 | 212.35%| unknown
 2954s|361300 |279765 | 57668k| 159.6 |   580M | 163 | 951 |5425 |5425 |   0 |  0 |   0 |  37 | 3.400000e+01 | 1.062000e+02 | 212.35%| unknown
 time | node  | left  |LP iter|LP it/n|mem/heur|mdpt |vars |cons |rows |cuts |sepa|confs|strbr|  dualbound   | primalbound  |  gap   | compl. 
 2956s|361400 |279827 | 57691k| 159.6 |   581M | 163 | 951 |5425 |5425 |   0 |  0 |   0 |  37 | 3.400000e+01 | 1.062000e+02 | 212.35%| unknown
 2956s|361500 |279897 | 57708k| 159.6 |   581M | 163 | 951 |5425 |5425 |   0 |  0 |   0 |  37 | 3.400000e+01 | 1.062000e+02 | 212.35%| unknown
 2958s|361600 |279969 | 57735k| 159.7 |   581M | 163 | 951 |5425 |5425 |   0 |  0 |   0 |  37 | 3.400000e+01 | 1.062000e+02 | 212.35%| unknown
 2959s|361700 |280049 | 57758k| 159.7 |   581M | 163 | 951 |5425 |5425 |   0 |  0 |   0 |  37 | 3.400000e+01 | 1.062000e+02 | 212.35%| unknown
 2960s|361800 |280123 | 57774k| 159.7 |   581M | 163 | 951 |5425 |5425 |   0 |  0 |   0 |  37 | 3.400000e+01 | 1.062000e+02 | 212.35%| unknown
 2960s|361900 |280197 | 57788k| 159.7 |   581M | 163 | 951 |5425 |5425 |   0 |  0 |   0 |  37 | 3.400000e+01 | 1.062000e+02 | 212.35%| unknown
 2961s|362000 |280263 | 57807k| 159.7 |   581M | 163 | 951 |5425 |5425 |   0 |  0 |   0 |  37 | 3.400000e+01 | 1.062000e+02 | 212.35%| unknown
 2962s|362100 |280343 | 57828k| 159.7 |   582M | 163 | 951 |5425 |5425 |   0 |  0 |   0 |  37 | 3.400000e+01 | 1.062000e+02 | 212.35%| unknown
 2963s|362200 |280421 | 57851k| 159.7 |   582M | 163 | 951 |5425 |5425 |   0 |  0 |   0 |  37 | 3.400000e+01 | 1.062000e+02 | 212.35%| unknown
 2965s|362300 |280511 | 57882k| 159.8 |   582M | 163 | 951 |5425 |5425 |   0 |  0 |   0 |  37 | 3.400000e+01 | 1.062000e+02 | 212.35%| unknown
 2966s|362400 |280589 | 57917k| 159.8 |   582M | 163 | 951 |5425 |5425 |   0 |  0 |   0 |  37 | 3.400000e+01 | 1.062000e+02 | 212.35%| unknown
 2967s|362500 |280659 | 57942k| 159.8 |   583M | 163 | 951 |5425 |5425 |   0 |  0 |   0 |  37 | 3.400000e+01 | 1.062000e+02 | 212.35%| unknown
 2969s|362600 |280725 | 57969k| 159.9 |   583M | 163 | 951 |5425 |5425 |   0 |  0 |   0 |  37 | 3.400000e+01 | 1.062000e+02 | 212.35%| unknown
 2970s|362700 |280811 | 57983k| 159.9 |   583M | 163 | 951 |5425 |5425 |   0 |  0 |   0 |  37 | 3.400000e+01 | 1.062000e+02 | 212.35%| unknown
 2970s|362800 |280889 | 57999k| 159.9 |   583M | 163 | 951 |5425 |5425 |   0 |  0 |   0 |  37 | 3.400000e+01 | 1.062000e+02 | 212.35%| unknown
 time | node  | left  |LP iter|LP it/n|mem/heur|mdpt |vars |cons |rows |cuts |sepa|confs|strbr|  dualbound   | primalbound  |  gap   | compl. 
 2972s|362900 |280951 | 58033k| 159.9 |   583M | 163 | 951 |5425 |5425 |   0 |  0 |   0 |  37 | 3.400000e+01 | 1.062000e+02 | 212.35%| unknown
 2974s|363000 |281015 | 58082k| 160.0 |   583M | 163 | 951 |5425 |5425 |   0 |  0 |   0 |  37 | 3.400000e+01 | 1.062000e+02 | 212.35%| unknown
 2975s|363100 |281095 | 58109k| 160.0 |   583M | 163 | 951 |5425 |5425 |   0 |  0 |   0 |  37 | 3.400000e+01 | 1.062000e+02 | 212.35%| unknown
 2977s|363200 |281171 | 58139k| 160.1 |   583M | 163 | 951 |5425 |5425 |   0 |  0 |   0 |  37 | 3.400000e+01 | 1.062000e+02 | 212.35%| unknown
 2978s|363300 |281259 | 58176k| 160.1 |   583M | 163 | 951 |5425 |5425 |   0 |  0 |   0 |  37 | 3.400000e+01 | 1.062000e+02 | 212.35%| unknown
 2979s|363400 |281331 | 58196k| 160.1 |   583M | 163 | 951 |5425 |5425 |   0 |  0 |   0 |  37 | 3.400000e+01 | 1.062000e+02 | 212.35%| unknown
 2980s|363500 |281407 | 58219k| 160.2 |   583M | 163 | 951 |5425 |5425 |   0 |  0 |   0 |  37 | 3.400000e+01 | 1.062000e+02 | 212.35%| unknown
 2981s|363600 |281483 | 58236k| 160.2 |   584M | 163 | 951 |5425 |5425 |   0 |  0 |   0 |  37 | 3.400000e+01 | 1.062000e+02 | 212.35%| unknown
 2982s|363700 |281557 | 58252k| 160.2 |   584M | 163 | 951 |5425 |5425 |   0 |  0 |   0 |  37 | 3.400000e+01 | 1.062000e+02 | 212.35%| unknown
 2982s|363800 |281621 | 58254k| 160.1 |   584M | 163 | 951 |5425 |5425 |   0 |  0 |   0 |  37 | 3.400000e+01 | 1.062000e+02 | 212.35%| unknown
 2982s|363900 |281697 | 58255k| 160.1 |   584M | 163 | 951 |5425 |5425 |   0 |  0 |   0 |  37 | 3.400000e+01 | 1.062000e+02 | 212.35%| unknown
 2983s|364000 |281783 | 58277k| 160.1 |   584M | 163 | 951 |5425 |5425 |   0 |  0 |   0 |  37 | 3.400000e+01 | 1.062000e+02 | 212.35%| unknown
 2984s|364100 |281851 | 58291k| 160.1 |   584M | 163 | 951 |5425 |5425 |   0 |  0 |   0 |  37 | 3.400000e+01 | 1.062000e+02 | 212.35%| unknown
 2986s|364200 |281925 | 58320k| 160.1 |   584M | 163 | 951 |5425 |5425 |   0 |  0 |   0 |  37 | 3.400000e+01 | 1.062000e+02 | 212.35%| unknown
 2986s|364300 |282007 | 58322k| 160.1 |   584M | 163 | 951 |5425 |5425 |   0 |  0 |   0 |  37 | 3.400000e+01 | 1.062000e+02 | 212.35%| unknown
 time | node  | left  |LP iter|LP it/n|mem/heur|mdpt |vars |cons |rows |cuts |sepa|confs|strbr|  dualbound   | primalbound  |  gap   | compl. 
 2986s|364400 |282059 | 58323k| 160.1 |   584M | 163 | 951 |5425 |5425 |   0 |  0 |   0 |  37 | 3.400000e+01 | 1.062000e+02 | 212.35%| unknown
 2986s|364500 |282123 | 58324k| 160.0 |   584M | 163 | 951 |5425 |5425 |   0 |  0 |   0 |  37 | 3.400000e+01 | 1.062000e+02 | 212.35%| unknown
 2986s|364600 |282193 | 58326k| 160.0 |   584M | 163 | 951 |5425 |5425 |   0 |  0 |   0 |  37 | 3.400000e+01 | 1.062000e+02 | 212.35%| unknown
 2987s|364700 |282279 | 58347k| 160.0 |   585M | 163 | 951 |5425 |5425 |   0 |  0 |   0 |  37 | 3.400000e+01 | 1.062000e+02 | 212.35%| unknown
 2988s|364800 |282355 | 58373k| 160.0 |   585M | 163 | 951 |5425 |5425 |   0 |  0 |   0 |  37 | 3.400000e+01 | 1.062000e+02 | 212.35%| unknown
 2989s|364900 |282423 | 58395k| 160.0 |   585M | 163 | 951 |5425 |5425 |   0 |  0 |   0 |  37 | 3.400000e+01 | 1.062000e+02 | 212.35%| unknown
 2991s|365000 |282493 | 58418k| 160.0 |   585M | 163 | 951 |5425 |5425 |   0 |  0 |   0 |  37 | 3.400000e+01 | 1.062000e+02 | 212.35%| unknown
 2992s|365100 |282569 | 58443k| 160.1 |   587M | 163 | 951 |5425 |5425 |   0 |  0 |   0 |  37 | 3.400000e+01 | 1.062000e+02 | 212.35%| unknown
 2993s|365200 |282649 | 58461k| 160.1 |   587M | 163 | 951 |5425 |5425 |   0 |  0 |   0 |  37 | 3.400000e+01 | 1.062000e+02 | 212.35%| unknown
 2993s|365300 |282719 | 58475k| 160.1 |   587M | 163 | 951 |5425 |5425 |   0 |  0 |   0 |  37 | 3.400000e+01 | 1.062000e+02 | 212.35%| unknown
 2995s|365400 |282819 | 58503k| 160.1 |   587M | 163 | 951 |5425 |5425 |   0 |  0 |   0 |  37 | 3.400000e+01 | 1.062000e+02 | 212.35%| unknown
 2996s|365500 |282909 | 58529k| 160.1 |   587M | 163 | 951 |5425 |5425 |   0 |  0 |   0 |  37 | 3.400000e+01 | 1.062000e+02 | 212.35%| unknown
 2998s|365600 |282985 | 58568k| 160.2 |   587M | 163 | 951 |5425 |5425 |   0 |  0 |   0 |  37 | 3.400000e+01 | 1.062000e+02 | 212.35%| unknown
 2999s|365700 |283071 | 58588k| 160.2 |   588M | 163 | 951 |5425 |5425 |   0 |  0 |   0 |  37 | 3.400000e+01 | 1.062000e+02 | 212.35%| unknown
 3001s|365800 |283141 | 58642k| 160.3 |   588M | 163 | 951 |5425 |5425 |   0 |  0 |   0 |  37 | 3.400000e+01 | 1.062000e+02 | 212.35%| unknown
 time | node  | left  |LP iter|LP it/n|mem/heur|mdpt |vars |cons |rows |cuts |sepa|confs|strbr|  dualbound   | primalbound  |  gap   | compl. 
 3002s|365900 |283219 | 58663k| 160.3 |   588M | 163 | 951 |5425 |5425 |   0 |  0 |   0 |  37 | 3.400000e+01 | 1.062000e+02 | 212.35%| unknown
 3004s|366000 |283295 | 58688k| 160.3 |   588M | 163 | 951 |5425 |5425 |   0 |  0 |   0 |  37 | 3.400000e+01 | 1.062000e+02 | 212.35%| unknown
 3005s|366100 |283365 | 58718k| 160.4 |   588M | 163 | 951 |5425 |5425 |   0 |  0 |   0 |  37 | 3.400000e+01 | 1.062000e+02 | 212.35%| unknown
 3007s|366200 |283439 | 58755k| 160.4 |   588M | 163 | 951 |5425 |5425 |   0 |  0 |   0 |  37 | 3.400000e+01 | 1.062000e+02 | 212.35%| unknown
 3008s|366300 |283513 | 58782k| 160.5 |   588M | 163 | 951 |5425 |5425 |   0 |  0 |   0 |  37 | 3.400000e+01 | 1.062000e+02 | 212.35%| unknown
 3010s|366400 |283607 | 58833k| 160.6 |   588M | 163 | 951 |5425 |5425 |   0 |  0 |   0 |  37 | 3.400000e+01 | 1.062000e+02 | 212.35%| unknown
 3012s|366500 |283691 | 58873k| 160.6 |   588M | 163 | 951 |5425 |5425 |   0 |  0 |   0 |  37 | 3.400000e+01 | 1.062000e+02 | 212.35%| unknown
 3013s|366600 |283745 | 58893k| 160.6 |   588M | 163 | 951 |5425 |5425 |   0 |  0 |   0 |  37 | 3.400000e+01 | 1.062000e+02 | 212.35%| unknown
 3016s|366700 |283835 | 58941k| 160.7 |   589M | 163 | 951 |5425 |5425 |   0 |  0 |   0 |  37 | 3.400000e+01 | 1.062000e+02 | 212.35%| unknown
 3017s|366800 |283901 | 58961k| 160.7 |   589M | 163 | 951 |5425 |5425 |   0 |  0 |   0 |  37 | 3.400000e+01 | 1.062000e+02 | 212.35%| unknown
 3018s|366900 |283971 | 58981k| 160.8 |   589M | 163 | 951 |5425 |5425 |   0 |  0 |   0 |  37 | 3.400000e+01 | 1.062000e+02 | 212.35%| unknown
 3019s|367000 |284049 | 59009k| 160.8 |   589M | 163 | 951 |5425 |5425 |   0 |  0 |   0 |  37 | 3.400000e+01 | 1.062000e+02 | 212.35%| unknown
 3021s|367100 |284127 | 59053k| 160.9 |   589M | 163 | 951 |5425 |5425 |   0 |  0 |   0 |  37 | 3.400000e+01 | 1.062000e+02 | 212.35%| unknown
 3022s|367200 |284205 | 59074k| 160.9 |   590M | 163 | 951 |5425 |5425 |   0 |  0 |   0 |  37 | 3.400000e+01 | 1.062000e+02 | 212.35%| unknown
 3023s|367300 |284285 | 59087k| 160.9 |   590M | 163 | 951 |5425 |5425 |   0 |  0 |   0 |  37 | 3.400000e+01 | 1.062000e+02 | 212.35%| unknown
 time | node  | left  |LP iter|LP it/n|mem/heur|mdpt |vars |cons |rows |cuts |sepa|confs|strbr|  dualbound   | primalbound  |  gap   | compl. 
 3023s|367400 |284347 | 59088k| 160.8 |   590M | 163 | 951 |5425 |5425 |   0 |  0 |   0 |  37 | 3.400000e+01 | 1.062000e+02 | 212.35%| unknown
 3024s|367500 |284425 | 59107k| 160.8 |   590M | 163 | 951 |5425 |5425 |   0 |  0 |   0 |  37 | 3.400000e+01 | 1.062000e+02 | 212.35%| unknown
 3025s|367600 |284499 | 59137k| 160.9 |   590M | 163 | 951 |5425 |5425 |   0 |  0 |   0 |  37 | 3.400000e+01 | 1.062000e+02 | 212.35%| unknown
 3027s|367700 |284581 | 59172k| 160.9 |   590M | 163 | 951 |5425 |5425 |   0 |  0 |   0 |  37 | 3.400000e+01 | 1.062000e+02 | 212.35%| unknown
 3028s|367800 |284663 | 59195k| 160.9 |   591M | 163 | 951 |5425 |5425 |   0 |  0 |   0 |  37 | 3.400000e+01 | 1.062000e+02 | 212.35%| unknown
 3030s|367900 |284749 | 59236k| 161.0 |   591M | 163 | 951 |5425 |5425 |   0 |  0 |   0 |  37 | 3.400000e+01 | 1.062000e+02 | 212.35%| unknown
 3031s|368000 |284823 | 59269k| 161.1 |   591M | 163 | 951 |5425 |5425 |   0 |  0 |   0 |  37 | 3.400000e+01 | 1.062000e+02 | 212.35%| unknown
 3032s|368100 |284895 | 59286k| 161.1 |   591M | 163 | 951 |5425 |5425 |   0 |  0 |   0 |  37 | 3.400000e+01 | 1.062000e+02 | 212.35%| unknown
 3033s|368200 |284965 | 59300k| 161.1 |   591M | 163 | 951 |5425 |5425 |   0 |  0 |   0 |  37 | 3.400000e+01 | 1.062000e+02 | 212.35%| unknown
 3034s|368300 |285035 | 59325k| 161.1 |   591M | 163 | 951 |5425 |5425 |   0 |  0 |   0 |  37 | 3.400000e+01 | 1.062000e+02 | 212.35%| unknown
 3036s|368400 |285091 | 59369k| 161.2 |   591M | 163 | 951 |5425 |5425 |   0 |  0 |   0 |  37 | 3.400000e+01 | 1.062000e+02 | 212.35%| unknown
 3037s|368500 |285163 | 59389k| 161.2 |   591M | 163 | 951 |5425 |5425 |   0 |  0 |   0 |  37 | 3.400000e+01 | 1.062000e+02 | 212.35%| unknown
 3038s|368600 |285233 | 59415k| 161.2 |   591M | 163 | 951 |5425 |5425 |   0 |  0 |   0 |  37 | 3.400000e+01 | 1.062000e+02 | 212.35%| unknown
 3040s|368700 |285315 | 59442k| 161.2 |   591M | 163 | 951 |5425 |5425 |   0 |  0 |   0 |  37 | 3.400000e+01 | 1.062000e+02 | 212.35%| unknown
 3041s|368800 |285377 | 59478k| 161.3 |   591M | 163 | 951 |5425 |5425 |   0 |  0 |   0 |  37 | 3.400000e+01 | 1.062000e+02 | 212.35%| unknown
 time | node  | left  |LP iter|LP it/n|mem/heur|mdpt |vars |cons |rows |cuts |sepa|confs|strbr|  dualbound   | primalbound  |  gap   | compl. 
 3043s|368900 |285447 | 59514k| 161.3 |   591M | 163 | 951 |5425 |5425 |   0 |  0 |   0 |  37 | 3.400000e+01 | 1.062000e+02 | 212.35%| unknown
 3044s|369000 |285525 | 59538k| 161.3 |   592M | 163 | 951 |5425 |5425 |   0 |  0 |   0 |  37 | 3.400000e+01 | 1.062000e+02 | 212.35%| unknown
 3046s|369100 |285601 | 59572k| 161.4 |   592M | 163 | 951 |5425 |5425 |   0 |  0 |   0 |  37 | 3.400000e+01 | 1.062000e+02 | 212.35%| unknown
 3046s|369200 |285677 | 59574k| 161.4 |   592M | 163 | 951 |5425 |5425 |   0 |  0 |   0 |  37 | 3.400000e+01 | 1.062000e+02 | 212.35%| unknown
 3046s|369300 |285741 | 59575k| 161.3 |   592M | 163 | 951 |5425 |5425 |   0 |  0 |   0 |  37 | 3.400000e+01 | 1.062000e+02 | 212.35%| unknown
 3047s|369400 |285801 | 59583k| 161.3 |   592M | 163 | 951 |5425 |5425 |   0 |  0 |   0 |  37 | 3.400000e+01 | 1.062000e+02 | 212.35%| unknown
 3048s|369500 |285875 | 59616k| 161.3 |   593M | 163 | 951 |5425 |5425 |   0 |  0 |   0 |  37 | 3.400000e+01 | 1.062000e+02 | 212.35%| unknown
 3049s|369600 |285963 | 59639k| 161.4 |   593M | 163 | 951 |5425 |5425 |   0 |  0 |   0 |  37 | 3.400000e+01 | 1.062000e+02 | 212.35%| unknown
 3051s|369700 |286041 | 59670k| 161.4 |   593M | 163 | 951 |5425 |5425 |   0 |  0 |   0 |  37 | 3.400000e+01 | 1.062000e+02 | 212.35%| unknown
 3051s|369800 |286117 | 59687k| 161.4 |   593M | 163 | 951 |5425 |5425 |   0 |  0 |   0 |  37 | 3.400000e+01 | 1.062000e+02 | 212.35%| unknown
 3052s|369900 |286181 | 59705k| 161.4 |   593M | 163 | 951 |5425 |5425 |   0 |  0 |   0 |  37 | 3.400000e+01 | 1.062000e+02 | 212.35%| unknown
 3053s|370000 |286269 | 59715k| 161.4 |   594M | 163 | 951 |5425 |5425 |   0 |  0 |   0 |  37 | 3.400000e+01 | 1.062000e+02 | 212.35%| unknown
 3053s|370100 |286347 | 59724k| 161.4 |   594M | 163 | 951 |5425 |5425 |   0 |  0 |   0 |  37 | 3.400000e+01 | 1.062000e+02 | 212.35%| unknown
 3053s|370200 |286417 | 59726k| 161.3 |   594M | 163 | 951 |5425 |5425 |   0 |  0 |   0 |  37 | 3.400000e+01 | 1.062000e+02 | 212.35%| unknown
 3054s|370300 |286499 | 59727k| 161.3 |   594M | 163 | 951 |5425 |5425 |   0 |  0 |   0 |  37 | 3.400000e+01 | 1.062000e+02 | 212.35%| unknown
 time | node  | left  |LP iter|LP it/n|mem/heur|mdpt |vars |cons |rows |cuts |sepa|confs|strbr|  dualbound   | primalbound  |  gap   | compl. 
 3054s|370400 |286571 | 59729k| 161.3 |   594M | 163 | 951 |5425 |5425 |   0 |  0 |   0 |  37 | 3.400000e+01 | 1.062000e+02 | 212.35%| unknown
 3054s|370500 |286643 | 59731k| 161.2 |   594M | 163 | 951 |5425 |5425 |   0 |  0 |   0 |  37 | 3.400000e+01 | 1.062000e+02 | 212.35%| unknown
 3055s|370600 |286721 | 59744k| 161.2 |   594M | 163 | 951 |5425 |5425 |   0 |  0 |   0 |  37 | 3.400000e+01 | 1.062000e+02 | 212.35%| unknown
 3057s|370700 |286805 | 59791k| 161.3 |   594M | 163 | 951 |5425 |5425 |   0 |  0 |   0 |  37 | 3.400000e+01 | 1.062000e+02 | 212.35%| unknown
 3059s|370800 |286883 | 59828k| 161.3 |   594M | 163 | 951 |5425 |5425 |   0 |  0 |   0 |  37 | 3.400000e+01 | 1.062000e+02 | 212.35%| unknown
 3060s|370900 |286943 | 59852k| 161.4 |   594M | 163 | 951 |5425 |5425 |   0 |  0 |   0 |  37 | 3.400000e+01 | 1.062000e+02 | 212.35%| unknown
 3061s|371000 |287019 | 59877k| 161.4 |   594M | 163 | 951 |5425 |5425 |   0 |  0 |   0 |  37 | 3.400000e+01 | 1.062000e+02 | 212.35%| unknown
 3062s|371100 |287093 | 59894k| 161.4 |   596M | 163 | 951 |5425 |5425 |   0 |  0 |   0 |  37 | 3.400000e+01 | 1.062000e+02 | 212.35%| unknown
 3063s|371200 |287171 | 59910k| 161.4 |   596M | 163 | 951 |5425 |5425 |   0 |  0 |   0 |  37 | 3.400000e+01 | 1.062000e+02 | 212.35%| unknown
 3063s|371300 |287243 | 59926k| 161.4 |   596M | 163 | 951 |5425 |5425 |   0 |  0 |   0 |  37 | 3.400000e+01 | 1.062000e+02 | 212.35%| unknown
 3065s|371400 |287313 | 59951k| 161.4 |   596M | 163 | 951 |5425 |5425 |   0 |  0 |   0 |  37 | 3.400000e+01 | 1.062000e+02 | 212.35%| unknown
 3066s|371500 |287389 | 59978k| 161.4 |   596M | 163 | 951 |5425 |5425 |   0 |  0 |   0 |  37 | 3.400000e+01 | 1.062000e+02 | 212.35%| unknown
 3067s|371600 |287463 | 60009k| 161.5 |   596M | 163 | 951 |5425 |5425 |   0 |  0 |   0 |  37 | 3.400000e+01 | 1.062000e+02 | 212.35%| unknown
 3069s|371700 |287531 | 60039k| 161.5 |   596M | 163 | 951 |5425 |5425 |   0 |  0 |   0 |  37 | 3.400000e+01 | 1.062000e+02 | 212.35%| unknown
 3070s|371800 |287607 | 60066k| 161.6 |   596M | 163 | 951 |5425 |5425 |   0 |  0 |   0 |  37 | 3.400000e+01 | 1.062000e+02 | 212.35%| unknown
 time | node  | left  |LP iter|LP it/n|mem/heur|mdpt |vars |cons |rows |cuts |sepa|confs|strbr|  dualbound   | primalbound  |  gap   | compl. 
 3070s|371900 |287665 | 60071k| 161.5 |   596M | 163 | 951 |5425 |5425 |   0 |  0 |   0 |  37 | 3.400000e+01 | 1.062000e+02 | 212.35%| unknown
 3070s|372000 |287741 | 60074k| 161.5 |   596M | 163 | 951 |5425 |5425 |   0 |  0 |   0 |  37 | 3.400000e+01 | 1.062000e+02 | 212.35%| unknown
 3071s|372100 |287805 | 60096k| 161.5 |   596M | 163 | 951 |5425 |5425 |   0 |  0 |   0 |  37 | 3.400000e+01 | 1.062000e+02 | 212.35%| unknown
 3073s|372200 |287883 | 60118k| 161.5 |   597M | 163 | 951 |5425 |5425 |   0 |  0 |   0 |  37 | 3.400000e+01 | 1.062000e+02 | 212.35%| unknown
 3073s|372300 |287963 | 60135k| 161.5 |   597M | 163 | 951 |5425 |5425 |   0 |  0 |   0 |  37 | 3.400000e+01 | 1.062000e+02 | 212.35%| unknown
 3075s|372400 |288027 | 60163k| 161.6 |   597M | 163 | 951 |5425 |5425 |   0 |  0 |   0 |  37 | 3.400000e+01 | 1.062000e+02 | 212.35%| unknown
 3076s|372500 |288101 | 60186k| 161.6 |   597M | 163 | 951 |5425 |5425 |   0 |  0 |   0 |  37 | 3.400000e+01 | 1.062000e+02 | 212.35%| unknown
 3077s|372600 |288175 | 60208k| 161.6 |   597M | 163 | 951 |5425 |5425 |   0 |  0 |   0 |  37 | 3.400000e+01 | 1.062000e+02 | 212.35%| unknown
 3077s|372700 |288257 | 60222k| 161.6 |   597M | 163 | 951 |5425 |5425 |   0 |  0 |   0 |  37 | 3.400000e+01 | 1.062000e+02 | 212.35%| unknown
 3078s|372800 |288345 | 60232k| 161.6 |   597M | 163 | 951 |5425 |5425 |   0 |  0 |   0 |  37 | 3.400000e+01 | 1.062000e+02 | 212.35%| unknown
 3078s|372900 |288403 | 60233k| 161.5 |   597M | 163 | 951 |5425 |5425 |   0 |  0 |   0 |  37 | 3.400000e+01 | 1.062000e+02 | 212.35%| unknown
 3079s|373000 |288465 | 60244k| 161.5 |   597M | 163 | 951 |5425 |5425 |   0 |  0 |   0 |  37 | 3.400000e+01 | 1.062000e+02 | 212.35%| unknown
 3079s|373100 |288545 | 60258k| 161.5 |   597M | 163 | 951 |5425 |5425 |   0 |  0 |   0 |  37 | 3.400000e+01 | 1.062000e+02 | 212.35%| unknown
 3080s|373200 |288621 | 60278k| 161.5 |   597M | 163 | 951 |5425 |5425 |   0 |  0 |   0 |  37 | 3.400000e+01 | 1.062000e+02 | 212.35%| unknown
 3081s|373300 |288715 | 60289k| 161.5 |   599M | 163 | 951 |5425 |5425 |   0 |  0 |   0 |  37 | 3.400000e+01 | 1.062000e+02 | 212.35%| unknown
 time | node  | left  |LP iter|LP it/n|mem/heur|mdpt |vars |cons |rows |cuts |sepa|confs|strbr|  dualbound   | primalbound  |  gap   | compl. 
 3082s|373400 |288797 | 60302k| 161.5 |   599M | 163 | 951 |5425 |5425 |   0 |  0 |   0 |  37 | 3.400000e+01 | 1.062000e+02 | 212.35%| unknown
 3083s|373500 |288881 | 60322k| 161.5 |   599M | 163 | 951 |5425 |5425 |   0 |  0 |   0 |  37 | 3.400000e+01 | 1.062000e+02 | 212.35%| unknown
 3084s|373600 |288953 | 60340k| 161.5 |   599M | 163 | 951 |5425 |5425 |   0 |  0 |   0 |  37 | 3.400000e+01 | 1.062000e+02 | 212.35%| unknown
 3085s|373700 |289021 | 60363k| 161.5 |   599M | 163 | 951 |5425 |5425 |   0 |  0 |   0 |  37 | 3.400000e+01 | 1.062000e+02 | 212.35%| unknown
 3086s|373800 |289099 | 60381k| 161.5 |   599M | 163 | 951 |5425 |5425 |   0 |  0 |   0 |  37 | 3.400000e+01 | 1.062000e+02 | 212.35%| unknown
 3087s|373900 |289163 | 60411k| 161.6 |   599M | 163 | 951 |5425 |5425 |   0 |  0 |   0 |  37 | 3.400000e+01 | 1.062000e+02 | 212.35%| unknown
 3088s|374000 |289243 | 60434k| 161.6 |   599M | 163 | 951 |5425 |5425 |   0 |  0 |   0 |  37 | 3.400000e+01 | 1.062000e+02 | 212.35%| unknown
 3089s|374100 |289323 | 60458k| 161.6 |   599M | 163 | 951 |5425 |5425 |   0 |  0 |   0 |  37 | 3.400000e+01 | 1.062000e+02 | 212.35%| unknown
 3090s|374200 |289409 | 60483k| 161.6 |   599M | 163 | 951 |5425 |5425 |   0 |  0 |   0 |  37 | 3.400000e+01 | 1.062000e+02 | 212.35%| unknown
 3091s|374300 |289489 | 60504k| 161.6 |   600M | 163 | 951 |5425 |5425 |   0 |  0 |   0 |  37 | 3.400000e+01 | 1.062000e+02 | 212.35%| unknown
 3092s|374400 |289553 | 60511k| 161.6 |   600M | 163 | 951 |5425 |5425 |   0 |  0 |   0 |  37 | 3.400000e+01 | 1.062000e+02 | 212.35%| unknown
 3092s|374500 |289629 | 60513k| 161.6 |   600M | 163 | 951 |5425 |5425 |   0 |  0 |   0 |  37 | 3.400000e+01 | 1.062000e+02 | 212.35%| unknown
 3092s|374600 |289699 | 60514k| 161.5 |   600M | 163 | 951 |5425 |5425 |   0 |  0 |   0 |  37 | 3.400000e+01 | 1.062000e+02 | 212.35%| unknown
 3092s|374700 |289789 | 60515k| 161.5 |   600M | 163 | 951 |5425 |5425 |   0 |  0 |   0 |  37 | 3.400000e+01 | 1.062000e+02 | 212.35%| unknown
 3092s|374800 |289871 | 60517k| 161.5 |   600M | 163 | 951 |5425 |5425 |   0 |  0 |   0 |  37 | 3.400000e+01 | 1.062000e+02 | 212.35%| unknown
 time | node  | left  |LP iter|LP it/n|mem/heur|mdpt |vars |cons |rows |cuts |sepa|confs|strbr|  dualbound   | primalbound  |  gap   | compl. 
 3093s|374900 |289957 | 60519k| 161.4 |   600M | 163 | 951 |5425 |5425 |   0 |  0 |   0 |  37 | 3.400000e+01 | 1.062000e+02 | 212.35%| unknown
 3093s|375000 |290031 | 60529k| 161.4 |   600M | 163 | 951 |5425 |5425 |   0 |  0 |   0 |  37 | 3.400000e+01 | 1.062000e+02 | 212.35%| unknown
 3094s|375100 |290101 | 60550k| 161.4 |   600M | 163 | 951 |5425 |5425 |   0 |  0 |   0 |  37 | 3.400000e+01 | 1.062000e+02 | 212.35%| unknown
 3095s|375200 |290185 | 60568k| 161.4 |   600M | 163 | 951 |5425 |5425 |   0 |  0 |   0 |  37 | 3.400000e+01 | 1.062000e+02 | 212.35%| unknown
 3096s|375300 |290261 | 60584k| 161.4 |   600M | 163 | 951 |5425 |5425 |   0 |  0 |   0 |  37 | 3.400000e+01 | 1.062000e+02 | 212.35%| unknown
 3097s|375400 |290353 | 60609k| 161.5 |   601M | 163 | 951 |5425 |5425 |   0 |  0 |   0 |  37 | 3.400000e+01 | 1.062000e+02 | 212.35%| unknown
 3098s|375500 |290431 | 60637k| 161.5 |   601M | 163 | 951 |5425 |5425 |   0 |  0 |   0 |  37 | 3.400000e+01 | 1.062000e+02 | 212.35%| unknown
 3099s|375600 |290489 | 60661k| 161.5 |   601M | 163 | 951 |5425 |5425 |   0 |  0 |   0 |  37 | 3.400000e+01 | 1.062000e+02 | 212.35%| unknown
 3100s|375700 |290563 | 60684k| 161.5 |   601M | 163 | 951 |5425 |5425 |   0 |  0 |   0 |  37 | 3.400000e+01 | 1.062000e+02 | 212.35%| unknown
 3101s|375800 |290643 | 60700k| 161.5 |   601M | 163 | 951 |5425 |5425 |   0 |  0 |   0 |  37 | 3.400000e+01 | 1.062000e+02 | 212.35%| unknown
 3101s|375900 |290715 | 60701k| 161.5 |   601M | 163 | 951 |5425 |5425 |   0 |  0 |   0 |  37 | 3.400000e+01 | 1.062000e+02 | 212.35%| unknown
 3101s|376000 |290783 | 60702k| 161.4 |   601M | 163 | 951 |5425 |5425 |   0 |  0 |   0 |  37 | 3.400000e+01 | 1.062000e+02 | 212.35%| unknown
 3102s|376100 |290851 | 60704k| 161.4 |   601M | 163 | 951 |5425 |5425 |   0 |  0 |   0 |  37 | 3.400000e+01 | 1.062000e+02 | 212.35%| unknown
 3102s|376200 |290929 | 60705k| 161.4 |   601M | 163 | 951 |5425 |5425 |   0 |  0 |   0 |  37 | 3.400000e+01 | 1.062000e+02 | 212.35%| unknown
 3102s|376300 |291005 | 60714k| 161.3 |   601M | 163 | 951 |5425 |5425 |   0 |  0 |   0 |  37 | 3.400000e+01 | 1.062000e+02 | 212.35%| unknown
 time | node  | left  |LP iter|LP it/n|mem/heur|mdpt |vars |cons |rows |cuts |sepa|confs|strbr|  dualbound   | primalbound  |  gap   | compl. 
 3103s|376400 |291079 | 60722k| 161.3 |   601M | 163 | 951 |5425 |5425 |   0 |  0 |   0 |  37 | 3.400000e+01 | 1.062000e+02 | 212.35%| unknown
 3104s|376500 |291161 | 60739k| 161.3 |   603M | 163 | 951 |5425 |5425 |   0 |  0 |   0 |  37 | 3.400000e+01 | 1.062000e+02 | 212.35%| unknown
 3106s|376600 |291239 | 60780k| 161.4 |   603M | 163 | 951 |5425 |5425 |   0 |  0 |   0 |  37 | 3.400000e+01 | 1.062000e+02 | 212.35%| unknown
 3107s|376700 |291313 | 60801k| 161.4 |   603M | 163 | 951 |5425 |5425 |   0 |  0 |   0 |  37 | 3.400000e+01 | 1.062000e+02 | 212.35%| unknown
 3107s|376800 |291395 | 60814k| 161.4 |   603M | 163 | 951 |5425 |5425 |   0 |  0 |   0 |  37 | 3.400000e+01 | 1.062000e+02 | 212.35%| unknown
 3108s|376900 |291473 | 60840k| 161.4 |   604M | 163 | 951 |5425 |5425 |   0 |  0 |   0 |  37 | 3.400000e+01 | 1.062000e+02 | 212.35%| unknown
 3109s|377000 |291551 | 60856k| 161.4 |   604M | 163 | 951 |5425 |5425 |   0 |  0 |   0 |  37 | 3.400000e+01 | 1.062000e+02 | 212.35%| unknown
 3111s|377100 |291633 | 60886k| 161.5 |   604M | 163 | 951 |5425 |5425 |   0 |  0 |   0 |  37 | 3.400000e+01 | 1.062000e+02 | 212.35%| unknown
 3112s|377200 |291713 | 60906k| 161.5 |   605M | 163 | 951 |5425 |5425 |   0 |  0 |   0 |  37 | 3.400000e+01 | 1.062000e+02 | 212.35%| unknown
 3113s|377300 |291793 | 60931k| 161.5 |   605M | 163 | 951 |5425 |5425 |   0 |  0 |   0 |  37 | 3.400000e+01 | 1.062000e+02 | 212.35%| unknown
 3115s|377400 |291863 | 60980k| 161.6 |   605M | 163 | 951 |5425 |5425 |   0 |  0 |   0 |  37 | 3.400000e+01 | 1.062000e+02 | 212.35%| unknown
 3116s|377500 |291923 | 61001k| 161.6 |   606M | 163 | 951 |5425 |5425 |   0 |  0 |   0 |  37 | 3.400000e+01 | 1.062000e+02 | 212.35%| unknown
 3117s|377600 |291981 | 61015k| 161.6 |   606M | 163 | 951 |5425 |5425 |   0 |  0 |   0 |  37 | 3.400000e+01 | 1.062000e+02 | 212.35%| unknown
 3118s|377700 |292065 | 61035k| 161.6 |   606M | 163 | 951 |5425 |5425 |   0 |  0 |   0 |  37 | 3.400000e+01 | 1.062000e+02 | 212.35%| unknown
 3119s|377800 |292139 | 61058k| 161.6 |   606M | 163 | 951 |5425 |5425 |   0 |  0 |   0 |  37 | 3.400000e+01 | 1.062000e+02 | 212.35%| unknown
 time | node  | left  |LP iter|LP it/n|mem/heur|mdpt |vars |cons |rows |cuts |sepa|confs|strbr|  dualbound   | primalbound  |  gap   | compl. 
 3120s|377900 |292215 | 61087k| 161.6 |   606M | 163 | 951 |5425 |5425 |   0 |  0 |   0 |  37 | 3.400000e+01 | 1.062000e+02 | 212.35%| unknown
 3121s|378000 |292301 | 61102k| 161.6 |   606M | 163 | 951 |5425 |5425 |   0 |  0 |   0 |  37 | 3.400000e+01 | 1.062000e+02 | 212.35%| unknown
 3122s|378100 |292373 | 61125k| 161.7 |   606M | 163 | 951 |5425 |5425 |   0 |  0 |   0 |  37 | 3.400000e+01 | 1.062000e+02 | 212.35%| unknown
 3123s|378200 |292445 | 61143k| 161.7 |   606M | 163 | 951 |5425 |5425 |   0 |  0 |   0 |  37 | 3.400000e+01 | 1.062000e+02 | 212.35%| unknown
 3124s|378300 |292513 | 61164k| 161.7 |   606M | 163 | 951 |5425 |5425 |   0 |  0 |   0 |  37 | 3.400000e+01 | 1.062000e+02 | 212.35%| unknown
 3125s|378400 |292591 | 61184k| 161.7 |   606M | 163 | 951 |5425 |5425 |   0 |  0 |   0 |  37 | 3.400000e+01 | 1.062000e+02 | 212.35%| unknown
 3127s|378500 |292663 | 61225k| 161.8 |   606M | 163 | 951 |5425 |5425 |   0 |  0 |   0 |  37 | 3.400000e+01 | 1.062000e+02 | 212.35%| unknown
 3128s|378600 |292739 | 61244k| 161.8 |   607M | 163 | 951 |5425 |5425 |   0 |  0 |   0 |  37 | 3.400000e+01 | 1.062000e+02 | 212.35%| unknown
 3129s|378700 |292825 | 61273k| 161.8 |   607M | 163 | 951 |5425 |5425 |   0 |  0 |   0 |  37 | 3.400000e+01 | 1.062000e+02 | 212.35%| unknown
 3131s|378800 |292899 | 61301k| 161.8 |   607M | 163 | 951 |5425 |5425 |   0 |  0 |   0 |  37 | 3.400000e+01 | 1.062000e+02 | 212.35%| unknown
 3132s|378900 |292985 | 61328k| 161.9 |   607M | 163 | 951 |5425 |5425 |   0 |  0 |   0 |  37 | 3.400000e+01 | 1.062000e+02 | 212.35%| unknown
 3133s|379000 |293069 | 61353k| 161.9 |   607M | 163 | 951 |5425 |5425 |   0 |  0 |   0 |  37 | 3.400000e+01 | 1.062000e+02 | 212.35%| unknown
 3133s|379100 |293151 | 61354k| 161.8 |   607M | 163 | 951 |5425 |5425 |   0 |  0 |   0 |  37 | 3.400000e+01 | 1.062000e+02 | 212.35%| unknown
 3133s|379200 |293227 | 61356k| 161.8 |   607M | 163 | 951 |5425 |5425 |   0 |  0 |   0 |  37 | 3.400000e+01 | 1.062000e+02 | 212.35%| unknown
 3134s|379300 |293315 | 61357k| 161.8 |   607M | 163 | 951 |5425 |5425 |   0 |  0 |   0 |  37 | 3.400000e+01 | 1.062000e+02 | 212.35%| unknown
 time | node  | left  |LP iter|LP it/n|mem/heur|mdpt |vars |cons |rows |cuts |sepa|confs|strbr|  dualbound   | primalbound  |  gap   | compl. 
 3134s|379400 |293395 | 61358k| 161.7 |   607M | 163 | 951 |5425 |5425 |   0 |  0 |   0 |  37 | 3.400000e+01 | 1.062000e+02 | 212.35%| unknown
 3134s|379500 |293467 | 61359k| 161.7 |   608M | 163 | 951 |5425 |5425 |   0 |  0 |   0 |  37 | 3.400000e+01 | 1.062000e+02 | 212.35%| unknown
 3134s|379600 |293543 | 61361k| 161.6 |   609M | 163 | 951 |5425 |5425 |   0 |  0 |   0 |  37 | 3.400000e+01 | 1.062000e+02 | 212.35%| unknown
 3134s|379700 |293617 | 61362k| 161.6 |   609M | 163 | 951 |5425 |5425 |   0 |  0 |   0 |  37 | 3.400000e+01 | 1.062000e+02 | 212.35%| unknown
 3135s|379800 |293687 | 61363k| 161.6 |   609M | 163 | 951 |5425 |5425 |   0 |  0 |   0 |  37 | 3.400000e+01 | 1.062000e+02 | 212.35%| unknown
 3135s|379900 |293761 | 61365k| 161.5 |   609M | 163 | 951 |5425 |5425 |   0 |  0 |   0 |  37 | 3.400000e+01 | 1.062000e+02 | 212.35%| unknown
 3135s|380000 |293835 | 61366k| 161.5 |   609M | 163 | 951 |5425 |5425 |   0 |  0 |   0 |  37 | 3.400000e+01 | 1.062000e+02 | 212.35%| unknown
 3135s|380100 |293913 | 61368k| 161.5 |   609M | 163 | 951 |5425 |5425 |   0 |  0 |   0 |  37 | 3.400000e+01 | 1.062000e+02 | 212.35%| unknown
 3135s|380200 |293975 | 61369k| 161.4 |   609M | 163 | 951 |5425 |5425 |   0 |  0 |   0 |  37 | 3.400000e+01 | 1.062000e+02 | 212.35%| unknown
 3135s|380300 |294037 | 61370k| 161.4 |   609M | 163 | 951 |5425 |5425 |   0 |  0 |   0 |  37 | 3.400000e+01 | 1.062000e+02 | 212.35%| unknown
 3136s|380400 |294101 | 61372k| 161.3 |   609M | 163 | 951 |5425 |5425 |   0 |  0 |   0 |  37 | 3.400000e+01 | 1.062000e+02 | 212.35%| unknown
 3136s|380500 |294175 | 61373k| 161.3 |   609M | 163 | 951 |5425 |5425 |   0 |  0 |   0 |  37 | 3.400000e+01 | 1.062000e+02 | 212.35%| unknown
 3136s|380600 |294239 | 61374k| 161.3 |   609M | 163 | 951 |5425 |5425 |   0 |  0 |   0 |  37 | 3.400000e+01 | 1.062000e+02 | 212.35%| unknown
 3136s|380700 |294303 | 61376k| 161.2 |   609M | 163 | 951 |5425 |5425 |   0 |  0 |   0 |  37 | 3.400000e+01 | 1.062000e+02 | 212.35%| unknown
 3137s|380800 |294373 | 61395k| 161.2 |   610M | 163 | 951 |5425 |5425 |   0 |  0 |   0 |  37 | 3.400000e+01 | 1.062000e+02 | 212.35%| unknown
 time | node  | left  |LP iter|LP it/n|mem/heur|mdpt |vars |cons |rows |cuts |sepa|confs|strbr|  dualbound   | primalbound  |  gap   | compl. 
 3138s|380900 |294455 | 61415k| 161.2 |   610M | 163 | 951 |5425 |5425 |   0 |  0 |   0 |  37 | 3.400000e+01 | 1.062000e+02 | 212.35%| unknown
 3139s|381000 |294523 | 61430k| 161.2 |   610M | 163 | 951 |5425 |5425 |   0 |  0 |   0 |  37 | 3.400000e+01 | 1.062000e+02 | 212.35%| unknown
 3140s|381100 |294601 | 61447k| 161.2 |   610M | 163 | 951 |5425 |5425 |   0 |  0 |   0 |  37 | 3.400000e+01 | 1.062000e+02 | 212.35%| unknown
 3141s|381200 |294673 | 61488k| 161.3 |   610M | 163 | 951 |5425 |5425 |   0 |  0 |   0 |  37 | 3.400000e+01 | 1.062000e+02 | 212.35%| unknown
 3143s|381300 |294755 | 61511k| 161.3 |   610M | 163 | 951 |5425 |5425 |   0 |  0 |   0 |  37 | 3.400000e+01 | 1.062000e+02 | 212.35%| unknown
 3143s|381400 |294837 | 61530k| 161.3 |   610M | 163 | 951 |5425 |5425 |   0 |  0 |   0 |  37 | 3.400000e+01 | 1.062000e+02 | 212.35%| unknown
 3144s|381500 |294921 | 61549k| 161.3 |   610M | 163 | 951 |5425 |5425 |   0 |  0 |   0 |  37 | 3.400000e+01 | 1.062000e+02 | 212.35%| unknown
 3146s|381600 |294979 | 61585k| 161.4 |   610M | 163 | 951 |5425 |5425 |   0 |  0 |   0 |  37 | 3.400000e+01 | 1.062000e+02 | 212.35%| unknown
 3147s|381700 |295037 | 61612k| 161.4 |   610M | 163 | 951 |5425 |5425 |   0 |  0 |   0 |  37 | 3.400000e+01 | 1.062000e+02 | 212.35%| unknown
 3149s|381800 |295127 | 61647k| 161.5 |   610M | 163 | 951 |5425 |5425 |   0 |  0 |   0 |  37 | 3.400000e+01 | 1.062000e+02 | 212.35%| unknown
 3150s|381900 |295201 | 61676k| 161.5 |   611M | 163 | 951 |5425 |5425 |   0 |  0 |   0 |  37 | 3.400000e+01 | 1.062000e+02 | 212.35%| unknown
 3152s|382000 |295269 | 61712k| 161.5 |   611M | 163 | 951 |5425 |5425 |   0 |  0 |   0 |  37 | 3.400000e+01 | 1.062000e+02 | 212.35%| unknown
 3153s|382100 |295353 | 61741k| 161.6 |   611M | 163 | 951 |5425 |5425 |   0 |  0 |   0 |  37 | 3.400000e+01 | 1.062000e+02 | 212.35%| unknown
 3154s|382200 |295423 | 61754k| 161.6 |   611M | 163 | 951 |5425 |5425 |   0 |  0 |   0 |  37 | 3.400000e+01 | 1.062000e+02 | 212.35%| unknown
 3155s|382300 |295491 | 61773k| 161.6 |   611M | 163 | 951 |5425 |5425 |   0 |  0 |   0 |  37 | 3.400000e+01 | 1.062000e+02 | 212.35%| unknown
 time | node  | left  |LP iter|LP it/n|mem/heur|mdpt |vars |cons |rows |cuts |sepa|confs|strbr|  dualbound   | primalbound  |  gap   | compl. 
 3156s|382400 |295563 | 61796k| 161.6 |   611M | 163 | 951 |5425 |5425 |   0 |  0 |   0 |  37 | 3.400000e+01 | 1.062000e+02 | 212.35%| unknown
 3157s|382500 |295641 | 61812k| 161.6 |   611M | 163 | 951 |5425 |5425 |   0 |  0 |   0 |  37 | 3.400000e+01 | 1.062000e+02 | 212.35%| unknown
 3158s|382600 |295717 | 61828k| 161.6 |   611M | 163 | 951 |5425 |5425 |   0 |  0 |   0 |  37 | 3.400000e+01 | 1.062000e+02 | 212.35%| unknown
 3159s|382700 |295789 | 61864k| 161.7 |   611M | 163 | 951 |5425 |5425 |   0 |  0 |   0 |  37 | 3.400000e+01 | 1.062000e+02 | 212.35%| unknown
 3160s|382800 |295865 | 61890k| 161.7 |   611M | 163 | 951 |5425 |5425 |   0 |  0 |   0 |  37 | 3.400000e+01 | 1.062000e+02 | 212.35%| unknown
 3161s|382900 |295925 | 61903k| 161.7 |   611M | 163 | 951 |5425 |5425 |   0 |  0 |   0 |  37 | 3.400000e+01 | 1.062000e+02 | 212.35%| unknown
 3161s|383000 |296003 | 61905k| 161.6 |   612M | 163 | 951 |5425 |5425 |   0 |  0 |   0 |  37 | 3.400000e+01 | 1.062000e+02 | 212.35%| unknown
 3162s|383100 |296073 | 61906k| 161.6 |   612M | 163 | 951 |5425 |5425 |   0 |  0 |   0 |  37 | 3.400000e+01 | 1.062000e+02 | 212.35%| unknown
 3162s|383200 |296135 | 61908k| 161.6 |   612M | 163 | 951 |5425 |5425 |   0 |  0 |   0 |  37 | 3.400000e+01 | 1.062000e+02 | 212.35%| unknown
 3162s|383300 |296215 | 61910k| 161.5 |   612M | 163 | 951 |5425 |5425 |   0 |  0 |   0 |  37 | 3.400000e+01 | 1.062000e+02 | 212.35%| unknown
 3162s|383400 |296283 | 61913k| 161.5 |   613M | 163 | 951 |5425 |5425 |   0 |  0 |   0 |  37 | 3.400000e+01 | 1.062000e+02 | 212.35%| unknown
 3163s|383500 |296357 | 61934k| 161.5 |   613M | 163 | 951 |5425 |5425 |   0 |  0 |   0 |  37 | 3.400000e+01 | 1.062000e+02 | 212.35%| unknown
 3164s|383600 |296433 | 61951k| 161.5 |   613M | 163 | 951 |5425 |5425 |   0 |  0 |   0 |  37 | 3.400000e+01 | 1.062000e+02 | 212.35%| unknown
 3165s|383700 |296503 | 61979k| 161.5 |   613M | 163 | 951 |5425 |5425 |   0 |  0 |   0 |  37 | 3.400000e+01 | 1.062000e+02 | 212.35%| unknown
 3167s|383800 |296577 | 62005k| 161.6 |   613M | 163 | 951 |5425 |5425 |   0 |  0 |   0 |  37 | 3.400000e+01 | 1.062000e+02 | 212.35%| unknown
 time | node  | left  |LP iter|LP it/n|mem/heur|mdpt |vars |cons |rows |cuts |sepa|confs|strbr|  dualbound   | primalbound  |  gap   | compl. 
 3167s|383900 |296645 | 62024k| 161.6 |   613M | 163 | 951 |5425 |5425 |   0 |  0 |   0 |  37 | 3.400000e+01 | 1.062000e+02 | 212.35%| unknown
 3169s|384000 |296731 | 62061k| 161.6 |   613M | 163 | 951 |5425 |5425 |   0 |  0 |   0 |  37 | 3.400000e+01 | 1.062000e+02 | 212.35%| unknown
 3170s|384100 |296801 | 62091k| 161.7 |   615M | 163 | 951 |5425 |5425 |   0 |  0 |   0 |  37 | 3.400000e+01 | 1.062000e+02 | 212.35%| unknown
 3171s|384200 |296867 | 62109k| 161.7 |   615M | 163 | 951 |5425 |5425 |   0 |  0 |   0 |  37 | 3.400000e+01 | 1.062000e+02 | 212.35%| unknown
 3172s|384300 |296933 | 62132k| 161.7 |   615M | 163 | 951 |5425 |5425 |   0 |  0 |   0 |  37 | 3.400000e+01 | 1.062000e+02 | 212.35%| unknown
 3173s|384400 |296999 | 62154k| 161.7 |   615M | 163 | 951 |5425 |5425 |   0 |  0 |   0 |  37 | 3.400000e+01 | 1.062000e+02 | 212.35%| unknown
 3175s|384500 |297077 | 62173k| 161.7 |   615M | 163 | 951 |5425 |5425 |   0 |  0 |   0 |  37 | 3.400000e+01 | 1.062000e+02 | 212.35%| unknown
 3175s|384600 |297147 | 62191k| 161.7 |   615M | 163 | 951 |5425 |5425 |   0 |  0 |   0 |  37 | 3.400000e+01 | 1.062000e+02 | 212.35%| unknown
 3177s|384700 |297217 | 62224k| 161.7 |   615M | 163 | 951 |5425 |5425 |   0 |  0 |   0 |  37 | 3.400000e+01 | 1.062000e+02 | 212.35%| unknown
 3177s|384800 |297291 | 62226k| 161.7 |   615M | 163 | 951 |5425 |5425 |   0 |  0 |   0 |  37 | 3.400000e+01 | 1.062000e+02 | 212.35%| unknown
 3177s|384900 |297371 | 62227k| 161.7 |   615M | 163 | 951 |5425 |5425 |   0 |  0 |   0 |  37 | 3.400000e+01 | 1.062000e+02 | 212.35%| unknown
 3178s|385000 |297445 | 62244k| 161.7 |   615M | 163 | 951 |5425 |5425 |   0 |  0 |   0 |  37 | 3.400000e+01 | 1.062000e+02 | 212.35%| unknown
 3179s|385100 |297521 | 62260k| 161.7 |   615M | 163 | 951 |5425 |5425 |   0 |  0 |   0 |  37 | 3.400000e+01 | 1.062000e+02 | 212.35%| unknown
 3181s|385200 |297593 | 62290k| 161.7 |   616M | 163 | 951 |5425 |5425 |   0 |  0 |   0 |  37 | 3.400000e+01 | 1.062000e+02 | 212.35%| unknown
 3182s|385300 |297671 | 62324k| 161.8 |   616M | 163 | 951 |5425 |5425 |   0 |  0 |   0 |  37 | 3.400000e+01 | 1.062000e+02 | 212.35%| unknown
 time | node  | left  |LP iter|LP it/n|mem/heur|mdpt |vars |cons |rows |cuts |sepa|confs|strbr|  dualbound   | primalbound  |  gap   | compl. 
 3184s|385400 |297737 | 62361k| 161.8 |   616M | 163 | 951 |5425 |5425 |   0 |  0 |   0 |  37 | 3.400000e+01 | 1.062000e+02 | 212.35%| unknown
 3185s|385500 |297817 | 62394k| 161.9 |   616M | 163 | 951 |5425 |5425 |   0 |  0 |   0 |  37 | 3.400000e+01 | 1.062000e+02 | 212.35%| unknown
 3187s|385600 |297873 | 62442k| 161.9 |   616M | 163 | 951 |5425 |5425 |   0 |  0 |   0 |  37 | 3.400000e+01 | 1.062000e+02 | 212.35%| unknown
 3188s|385700 |297935 | 62459k| 161.9 |   616M | 163 | 951 |5425 |5425 |   0 |  0 |   0 |  37 | 3.400000e+01 | 1.062000e+02 | 212.35%| unknown
 3189s|385800 |298011 | 62477k| 161.9 |   616M | 163 | 951 |5425 |5425 |   0 |  0 |   0 |  37 | 3.400000e+01 | 1.062000e+02 | 212.35%| unknown
 3190s|385900 |298089 | 62500k| 162.0 |   616M | 163 | 951 |5425 |5425 |   0 |  0 |   0 |  37 | 3.400000e+01 | 1.062000e+02 | 212.35%| unknown
 3192s|386000 |298153 | 62523k| 162.0 |   616M | 163 | 951 |5425 |5425 |   0 |  0 |   0 |  37 | 3.400000e+01 | 1.062000e+02 | 212.35%| unknown
 3192s|386100 |298225 | 62545k| 162.0 |   616M | 163 | 951 |5425 |5425 |   0 |  0 |   0 |  37 | 3.400000e+01 | 1.062000e+02 | 212.35%| unknown
 3194s|386200 |298301 | 62566k| 162.0 |   616M | 163 | 951 |5425 |5425 |   0 |  0 |   0 |  37 | 3.400000e+01 | 1.062000e+02 | 212.35%| unknown
 3195s|386300 |298391 | 62597k| 162.0 |   617M | 163 | 951 |5425 |5425 |   0 |  0 |   0 |  37 | 3.400000e+01 | 1.062000e+02 | 212.35%| unknown
 3196s|386400 |298469 | 62613k| 162.0 |   618M | 163 | 951 |5425 |5425 |   0 |  0 |   0 |  37 | 3.400000e+01 | 1.062000e+02 | 212.35%| unknown
 3197s|386500 |298539 | 62636k| 162.1 |   618M | 163 | 951 |5425 |5425 |   0 |  0 |   0 |  37 | 3.400000e+01 | 1.062000e+02 | 212.35%| unknown
 3197s|386600 |298607 | 62643k| 162.0 |   618M | 163 | 951 |5425 |5425 |   0 |  0 |   0 |  37 | 3.400000e+01 | 1.062000e+02 | 212.35%| unknown
 3198s|386700 |298687 | 62646k| 162.0 |   618M | 163 | 951 |5425 |5425 |   0 |  0 |   0 |  37 | 3.400000e+01 | 1.062000e+02 | 212.35%| unknown
 3198s|386800 |298761 | 62663k| 162.0 |   618M | 163 | 951 |5425 |5425 |   0 |  0 |   0 |  37 | 3.400000e+01 | 1.062000e+02 | 212.35%| unknown
 time | node  | left  |LP iter|LP it/n|mem/heur|mdpt |vars |cons |rows |cuts |sepa|confs|strbr|  dualbound   | primalbound  |  gap   | compl. 
 3199s|386900 |298829 | 62686k| 162.0 |   618M | 163 | 951 |5425 |5425 |   0 |  0 |   0 |  37 | 3.400000e+01 | 1.062000e+02 | 212.35%| unknown
 3200s|387000 |298893 | 62708k| 162.0 |   618M | 163 | 951 |5425 |5425 |   0 |  0 |   0 |  37 | 3.400000e+01 | 1.062000e+02 | 212.35%| unknown
 3201s|387100 |298983 | 62727k| 162.0 |   618M | 163 | 951 |5425 |5425 |   0 |  0 |   0 |  37 | 3.400000e+01 | 1.062000e+02 | 212.35%| unknown
 3203s|387200 |299061 | 62750k| 162.1 |   619M | 163 | 951 |5425 |5425 |   0 |  0 |   0 |  37 | 3.400000e+01 | 1.062000e+02 | 212.35%| unknown
 3204s|387300 |299141 | 62776k| 162.1 |   619M | 163 | 951 |5425 |5425 |   0 |  0 |   0 |  37 | 3.400000e+01 | 1.062000e+02 | 212.35%| unknown
 3205s|387400 |299225 | 62797k| 162.1 |   620M | 163 | 951 |5425 |5425 |   0 |  0 |   0 |  37 | 3.400000e+01 | 1.062000e+02 | 212.35%| unknown
 3206s|387500 |299289 | 62822k| 162.1 |   620M | 163 | 951 |5425 |5425 |   0 |  0 |   0 |  37 | 3.400000e+01 | 1.062000e+02 | 212.35%| unknown
 3208s|387600 |299351 | 62862k| 162.2 |   620M | 163 | 951 |5425 |5425 |   0 |  0 |   0 |  37 | 3.400000e+01 | 1.062000e+02 | 212.35%| unknown
 3209s|387700 |299421 | 62883k| 162.2 |   620M | 163 | 951 |5425 |5425 |   0 |  0 |   0 |  37 | 3.400000e+01 | 1.062000e+02 | 212.35%| unknown
 3210s|387800 |299505 | 62919k| 162.2 |   620M | 163 | 951 |5425 |5425 |   0 |  0 |   0 |  37 | 3.400000e+01 | 1.062000e+02 | 212.35%| unknown
 3211s|387900 |299579 | 62936k| 162.2 |   620M | 163 | 951 |5425 |5425 |   0 |  0 |   0 |  37 | 3.400000e+01 | 1.062000e+02 | 212.35%| unknown
 3212s|388000 |299655 | 62951k| 162.2 |   620M | 163 | 951 |5425 |5425 |   0 |  0 |   0 |  37 | 3.400000e+01 | 1.062000e+02 | 212.35%| unknown
 3213s|388100 |299733 | 62971k| 162.3 |   620M | 163 | 951 |5425 |5425 |   0 |  0 |   0 |  37 | 3.400000e+01 | 1.062000e+02 | 212.35%| unknown
 3214s|388200 |299811 | 62998k| 162.3 |   620M | 163 | 951 |5425 |5425 |   0 |  0 |   0 |  37 | 3.400000e+01 | 1.062000e+02 | 212.35%| unknown
 3215s|388300 |299883 | 63026k| 162.3 |   620M | 163 | 951 |5425 |5425 |   0 |  0 |   0 |  37 | 3.400000e+01 | 1.062000e+02 | 212.35%| unknown
 time | node  | left  |LP iter|LP it/n|mem/heur|mdpt |vars |cons |rows |cuts |sepa|confs|strbr|  dualbound   | primalbound  |  gap   | compl. 
 3217s|388400 |299969 | 63048k| 162.3 |   620M | 163 | 951 |5425 |5425 |   0 |  0 |   0 |  37 | 3.400000e+01 | 1.062000e+02 | 212.35%| unknown
 3218s|388500 |300049 | 63069k| 162.3 |   621M | 163 | 951 |5425 |5425 |   0 |  0 |   0 |  37 | 3.400000e+01 | 1.062000e+02 | 212.35%| unknown
 3218s|388600 |300121 | 63087k| 162.3 |   621M | 163 | 951 |5425 |5425 |   0 |  0 |   0 |  37 | 3.400000e+01 | 1.062000e+02 | 212.35%| unknown
 3219s|388700 |300191 | 63088k| 162.3 |   621M | 163 | 951 |5425 |5425 |   0 |  0 |   0 |  37 | 3.400000e+01 | 1.062000e+02 | 212.35%| unknown
 3219s|388800 |300271 | 63090k| 162.3 |   621M | 163 | 951 |5425 |5425 |   0 |  0 |   0 |  37 | 3.400000e+01 | 1.062000e+02 | 212.35%| unknown
 3219s|388900 |300339 | 63092k| 162.2 |   621M | 163 | 951 |5425 |5425 |   0 |  0 |   0 |  37 | 3.400000e+01 | 1.062000e+02 | 212.35%| unknown
 3219s|389000 |300407 | 63093k| 162.2 |   621M | 163 | 951 |5425 |5425 |   0 |  0 |   0 |  37 | 3.400000e+01 | 1.062000e+02 | 212.35%| unknown
 3219s|389100 |300473 | 63094k| 162.2 |   621M | 163 | 951 |5425 |5425 |   0 |  0 |   0 |  37 | 3.400000e+01 | 1.062000e+02 | 212.35%| unknown
 3220s|389200 |300551 | 63109k| 162.1 |   621M | 163 | 951 |5425 |5425 |   0 |  0 |   0 |  37 | 3.400000e+01 | 1.062000e+02 | 212.35%| unknown
 3221s|389300 |300611 | 63129k| 162.2 |   621M | 163 | 951 |5425 |5425 |   0 |  0 |   0 |  37 | 3.400000e+01 | 1.062000e+02 | 212.35%| unknown
 3222s|389400 |300689 | 63147k| 162.2 |   621M | 163 | 951 |5425 |5425 |   0 |  0 |   0 |  37 | 3.400000e+01 | 1.062000e+02 | 212.35%| unknown
 3223s|389500 |300771 | 63162k| 162.2 |   621M | 163 | 951 |5425 |5425 |   0 |  0 |   0 |  37 | 3.400000e+01 | 1.062000e+02 | 212.35%| unknown
 3224s|389600 |300843 | 63182k| 162.2 |   623M | 163 | 951 |5425 |5425 |   0 |  0 |   0 |  37 | 3.400000e+01 | 1.062000e+02 | 212.35%| unknown
 3226s|389700 |300929 | 63221k| 162.2 |   623M | 163 | 951 |5425 |5425 |   0 |  0 |   0 |  37 | 3.400000e+01 | 1.062000e+02 | 212.35%| unknown
 3227s|389800 |301005 | 63243k| 162.2 |   623M | 163 | 951 |5425 |5425 |   0 |  0 |   0 |  37 | 3.400000e+01 | 1.062000e+02 | 212.35%| unknown
 time | node  | left  |LP iter|LP it/n|mem/heur|mdpt |vars |cons |rows |cuts |sepa|confs|strbr|  dualbound   | primalbound  |  gap   | compl. 
 3228s|389900 |301091 | 63261k| 162.2 |   623M | 163 | 951 |5425 |5425 |   0 |  0 |   0 |  37 | 3.400000e+01 | 1.062000e+02 | 212.35%| unknown
 3229s|390000 |301161 | 63280k| 162.3 |   623M | 163 | 951 |5425 |5425 |   0 |  0 |   0 |  37 | 3.400000e+01 | 1.062000e+02 | 212.35%| unknown
 3229s|390100 |301239 | 63289k| 162.2 |   623M | 163 | 951 |5425 |5425 |   0 |  0 |   0 |  37 | 3.400000e+01 | 1.062000e+02 | 212.35%| unknown
 3230s|390200 |301289 | 63306k| 162.2 |   624M | 163 | 951 |5425 |5425 |   0 |  0 |   0 |  37 | 3.400000e+01 | 1.062000e+02 | 212.35%| unknown
 3230s|390300 |301351 | 63307k| 162.2 |   624M | 163 | 951 |5425 |5425 |   0 |  0 |   0 |  37 | 3.400000e+01 | 1.062000e+02 | 212.35%| unknown
 3230s|390400 |301421 | 63308k| 162.2 |   624M | 163 | 951 |5425 |5425 |   0 |  0 |   0 |  37 | 3.400000e+01 | 1.062000e+02 | 212.35%| unknown
 3230s|390500 |301491 | 63310k| 162.1 |   624M | 163 | 951 |5425 |5425 |   0 |  0 |   0 |  37 | 3.400000e+01 | 1.062000e+02 | 212.35%| unknown
 3231s|390600 |301569 | 63328k| 162.1 |   624M | 163 | 951 |5425 |5425 |   0 |  0 |   0 |  37 | 3.400000e+01 | 1.062000e+02 | 212.35%| unknown
 3233s|390700 |301645 | 63359k| 162.2 |   625M | 163 | 951 |5425 |5425 |   0 |  0 |   0 |  37 | 3.400000e+01 | 1.062000e+02 | 212.35%| unknown
 3235s|390800 |301715 | 63398k| 162.2 |   625M | 163 | 951 |5425 |5425 |   0 |  0 |   0 |  37 | 3.400000e+01 | 1.062000e+02 | 212.35%| unknown
 3236s|390900 |301791 | 63417k| 162.2 |   625M | 163 | 951 |5425 |5425 |   0 |  0 |   0 |  37 | 3.400000e+01 | 1.062000e+02 | 212.35%| unknown
 3237s|391000 |301853 | 63443k| 162.3 |   625M | 163 | 951 |5425 |5425 |   0 |  0 |   0 |  37 | 3.400000e+01 | 1.062000e+02 | 212.35%| unknown
 3238s|391100 |301933 | 63467k| 162.3 |   625M | 163 | 951 |5425 |5425 |   0 |  0 |   0 |  37 | 3.400000e+01 | 1.062000e+02 | 212.35%| unknown
 3239s|391200 |302007 | 63499k| 162.3 |   625M | 163 | 951 |5425 |5425 |   0 |  0 |   0 |  37 | 3.400000e+01 | 1.062000e+02 | 212.35%| unknown
 3240s|391300 |302077 | 63517k| 162.3 |   625M | 163 | 951 |5425 |5425 |   0 |  0 |   0 |  37 | 3.400000e+01 | 1.062000e+02 | 212.35%| unknown
 time | node  | left  |LP iter|LP it/n|mem/heur|mdpt |vars |cons |rows |cuts |sepa|confs|strbr|  dualbound   | primalbound  |  gap   | compl. 
 3242s|391400 |302153 | 63550k| 162.4 |   625M | 163 | 951 |5425 |5425 |   0 |  0 |   0 |  37 | 3.400000e+01 | 1.062000e+02 | 212.35%| unknown
 3243s|391500 |302221 | 63576k| 162.4 |   625M | 163 | 951 |5425 |5425 |   0 |  0 |   0 |  37 | 3.400000e+01 | 1.062000e+02 | 212.35%| unknown
 3244s|391600 |302285 | 63600k| 162.4 |   625M | 163 | 951 |5425 |5425 |   0 |  0 |   0 |  37 | 3.400000e+01 | 1.062000e+02 | 212.35%| unknown
 3245s|391700 |302353 | 63625k| 162.4 |   625M | 163 | 951 |5425 |5425 |   0 |  0 |   0 |  37 | 3.400000e+01 | 1.062000e+02 | 212.35%| unknown
 3245s|391800 |302423 | 63627k| 162.4 |   626M | 163 | 951 |5425 |5425 |   0 |  0 |   0 |  37 | 3.400000e+01 | 1.062000e+02 | 212.35%| unknown
 3246s|391900 |302511 | 63629k| 162.4 |   626M | 163 | 951 |5425 |5425 |   0 |  0 |   0 |  37 | 3.400000e+01 | 1.062000e+02 | 212.35%| unknown
 3247s|392000 |302587 | 63649k| 162.4 |   626M | 163 | 951 |5425 |5425 |   0 |  0 |   0 |  37 | 3.400000e+01 | 1.062000e+02 | 212.35%| unknown
 3247s|392100 |302655 | 63664k| 162.4 |   626M | 163 | 951 |5425 |5425 |   0 |  0 |   0 |  37 | 3.400000e+01 | 1.062000e+02 | 212.35%| unknown
 3249s|392200 |302731 | 63692k| 162.4 |   626M | 163 | 951 |5425 |5425 |   0 |  0 |   0 |  37 | 3.400000e+01 | 1.062000e+02 | 212.35%| unknown
 3250s|392300 |302813 | 63718k| 162.4 |   626M | 163 | 951 |5425 |5425 |   0 |  0 |   0 |  37 | 3.400000e+01 | 1.062000e+02 | 212.35%| unknown
 3251s|392400 |302889 | 63750k| 162.5 |   626M | 163 | 951 |5425 |5425 |   0 |  0 |   0 |  37 | 3.400000e+01 | 1.062000e+02 | 212.35%| unknown
 3252s|392500 |302951 | 63768k| 162.5 |   626M | 163 | 951 |5425 |5425 |   0 |  0 |   0 |  37 | 3.400000e+01 | 1.062000e+02 | 212.35%| unknown
 3253s|392600 |303039 | 63790k| 162.5 |   626M | 163 | 951 |5425 |5425 |   0 |  0 |   0 |  37 | 3.400000e+01 | 1.062000e+02 | 212.35%| unknown
 3254s|392700 |303125 | 63813k| 162.5 |   626M | 163 | 951 |5425 |5425 |   0 |  0 |   0 |  37 | 3.400000e+01 | 1.062000e+02 | 212.35%| unknown
 3255s|392800 |303201 | 63833k| 162.5 |   626M | 163 | 951 |5425 |5425 |   0 |  0 |   0 |  37 | 3.400000e+01 | 1.062000e+02 | 212.35%| unknown
 time | node  | left  |LP iter|LP it/n|mem/heur|mdpt |vars |cons |rows |cuts |sepa|confs|strbr|  dualbound   | primalbound  |  gap   | compl. 
 3256s|392900 |303279 | 63851k| 162.5 |   627M | 163 | 951 |5425 |5425 |   0 |  0 |   0 |  37 | 3.400000e+01 | 1.062000e+02 | 212.35%| unknown
 3257s|393000 |303343 | 63872k| 162.5 |   627M | 163 | 951 |5425 |5425 |   0 |  0 |   0 |  37 | 3.400000e+01 | 1.062000e+02 | 212.35%| unknown
 3258s|393100 |303425 | 63884k| 162.5 |   627M | 163 | 951 |5425 |5425 |   0 |  0 |   0 |  37 | 3.400000e+01 | 1.062000e+02 | 212.35%| unknown
 3258s|393200 |303483 | 63886k| 162.5 |   627M | 163 | 951 |5425 |5425 |   0 |  0 |   0 |  37 | 3.400000e+01 | 1.062000e+02 | 212.35%| unknown
 3259s|393300 |303565 | 63908k| 162.5 |   627M | 163 | 951 |5425 |5425 |   0 |  0 |   0 |  37 | 3.400000e+01 | 1.062000e+02 | 212.35%| unknown
 3260s|393400 |303635 | 63925k| 162.5 |   627M | 163 | 951 |5425 |5425 |   0 |  0 |   0 |  37 | 3.400000e+01 | 1.062000e+02 | 212.35%| unknown
 3261s|393500 |303713 | 63942k| 162.5 |   627M | 163 | 951 |5425 |5425 |   0 |  0 |   0 |  37 | 3.400000e+01 | 1.062000e+02 | 212.35%| unknown
 3262s|393600 |303793 | 63961k| 162.5 |   627M | 163 | 951 |5425 |5425 |   0 |  0 |   0 |  37 | 3.400000e+01 | 1.062000e+02 | 212.35%| unknown
 3262s|393700 |303875 | 63972k| 162.5 |   627M | 163 | 951 |5425 |5425 |   0 |  0 |   0 |  37 | 3.400000e+01 | 1.062000e+02 | 212.35%| unknown
 3263s|393800 |303957 | 63988k| 162.5 |   627M | 163 | 951 |5425 |5425 |   0 |  0 |   0 |  37 | 3.400000e+01 | 1.062000e+02 | 212.35%| unknown
 3264s|393900 |304037 | 64016k| 162.5 |   628M | 163 | 951 |5425 |5425 |   0 |  0 |   0 |  37 | 3.400000e+01 | 1.062000e+02 | 212.35%| unknown
 3266s|394000 |304113 | 64048k| 162.6 |   628M | 163 | 951 |5425 |5425 |   0 |  0 |   0 |  37 | 3.400000e+01 | 1.062000e+02 | 212.35%| unknown
 3266s|394100 |304183 | 64063k| 162.6 |   628M | 163 | 951 |5425 |5425 |   0 |  0 |   0 |  37 | 3.400000e+01 | 1.062000e+02 | 212.35%| unknown
 3268s|394200 |304249 | 64089k| 162.6 |   628M | 163 | 951 |5425 |5425 |   0 |  0 |   0 |  37 | 3.400000e+01 | 1.062000e+02 | 212.35%| unknown
 3269s|394300 |304317 | 64121k| 162.6 |   628M | 163 | 951 |5425 |5425 |   0 |  0 |   0 |  37 | 3.400000e+01 | 1.062000e+02 | 212.35%| unknown
 time | node  | left  |LP iter|LP it/n|mem/heur|mdpt |vars |cons |rows |cuts |sepa|confs|strbr|  dualbound   | primalbound  |  gap   | compl. 
 3270s|394400 |304385 | 64137k| 162.6 |   628M | 163 | 951 |5425 |5425 |   0 |  0 |   0 |  37 | 3.400000e+01 | 1.062000e+02 | 212.35%| unknown
 3271s|394500 |304469 | 64162k| 162.6 |   628M | 163 | 951 |5425 |5425 |   0 |  0 |   0 |  37 | 3.400000e+01 | 1.062000e+02 | 212.35%| unknown
 3272s|394600 |304551 | 64185k| 162.7 |   628M | 163 | 951 |5425 |5425 |   0 |  0 |   0 |  37 | 3.400000e+01 | 1.062000e+02 | 212.35%| unknown
 3273s|394700 |304637 | 64201k| 162.7 |   628M | 163 | 951 |5425 |5425 |   0 |  0 |   0 |  37 | 3.400000e+01 | 1.062000e+02 | 212.35%| unknown
 3274s|394800 |304707 | 64223k| 162.7 |   628M | 163 | 951 |5425 |5425 |   0 |  0 |   0 |  37 | 3.400000e+01 | 1.062000e+02 | 212.35%| unknown
 3275s|394900 |304787 | 64238k| 162.7 |   628M | 163 | 951 |5425 |5425 |   0 |  0 |   0 |  37 | 3.400000e+01 | 1.062000e+02 | 212.35%| unknown
 3276s|395000 |304853 | 64256k| 162.7 |   630M | 163 | 951 |5425 |5425 |   0 |  0 |   0 |  37 | 3.400000e+01 | 1.062000e+02 | 212.35%| unknown
 3276s|395100 |304921 | 64270k| 162.7 |   630M | 163 | 951 |5425 |5425 |   0 |  0 |   0 |  37 | 3.400000e+01 | 1.062000e+02 | 212.35%| unknown
 3277s|395200 |304999 | 64289k| 162.7 |   630M | 163 | 951 |5425 |5425 |   0 |  0 |   0 |  37 | 3.400000e+01 | 1.062000e+02 | 212.35%| unknown
 3278s|395300 |305067 | 64308k| 162.7 |   630M | 163 | 951 |5425 |5425 |   0 |  0 |   0 |  37 | 3.400000e+01 | 1.062000e+02 | 212.35%| unknown
 3279s|395400 |305131 | 64324k| 162.7 |   630M | 163 | 951 |5425 |5425 |   0 |  0 |   0 |  37 | 3.400000e+01 | 1.062000e+02 | 212.35%| unknown
 3280s|395500 |305205 | 64349k| 162.7 |   630M | 163 | 951 |5425 |5425 |   0 |  0 |   0 |  37 | 3.400000e+01 | 1.062000e+02 | 212.35%| unknown
 3281s|395600 |305273 | 64372k| 162.7 |   630M | 163 | 951 |5425 |5425 |   0 |  0 |   0 |  37 | 3.400000e+01 | 1.062000e+02 | 212.35%| unknown
 3282s|395700 |305349 | 64381k| 162.7 |   630M | 163 | 951 |5425 |5425 |   0 |  0 |   0 |  37 | 3.400000e+01 | 1.062000e+02 | 212.35%| unknown
 3282s|395800 |305431 | 64390k| 162.7 |   631M | 163 | 951 |5425 |5425 |   0 |  0 |   0 |  37 | 3.400000e+01 | 1.062000e+02 | 212.35%| unknown
 time | node  | left  |LP iter|LP it/n|mem/heur|mdpt |vars |cons |rows |cuts |sepa|confs|strbr|  dualbound   | primalbound  |  gap   | compl. 
 3284s|395900 |305519 | 64421k| 162.7 |   632M | 163 | 951 |5425 |5425 |   0 |  0 |   0 |  37 | 3.400000e+01 | 1.062000e+02 | 212.35%| unknown
 3285s|396000 |305583 | 64449k| 162.7 |   632M | 163 | 951 |5425 |5425 |   0 |  0 |   0 |  37 | 3.400000e+01 | 1.062000e+02 | 212.35%| unknown
 3286s|396100 |305677 | 64467k| 162.8 |   633M | 163 | 951 |5425 |5425 |   0 |  0 |   0 |  37 | 3.400000e+01 | 1.062000e+02 | 212.35%| unknown
 3287s|396200 |305755 | 64490k| 162.8 |   633M | 163 | 951 |5425 |5425 |   0 |  0 |   0 |  37 | 3.400000e+01 | 1.062000e+02 | 212.35%| unknown
 3288s|396300 |305839 | 64508k| 162.8 |   633M | 163 | 951 |5425 |5425 |   0 |  0 |   0 |  37 | 3.400000e+01 | 1.062000e+02 | 212.35%| unknown
 3290s|396400 |305921 | 64558k| 162.9 |   633M | 163 | 951 |5425 |5425 |   0 |  0 |   0 |  37 | 3.400000e+01 | 1.062000e+02 | 212.35%| unknown
 3290s|396500 |305989 | 64559k| 162.8 |   633M | 163 | 951 |5425 |5425 |   0 |  0 |   0 |  37 | 3.400000e+01 | 1.062000e+02 | 212.35%| unknown
 3290s|396600 |306051 | 64561k| 162.8 |   633M | 163 | 951 |5425 |5425 |   0 |  0 |   0 |  37 | 3.400000e+01 | 1.062000e+02 | 212.35%| unknown
 3290s|396700 |306109 | 64562k| 162.7 |   633M | 163 | 951 |5425 |5425 |   0 |  0 |   0 |  37 | 3.400000e+01 | 1.062000e+02 | 212.35%| unknown
 3291s|396800 |306185 | 64563k| 162.7 |   633M | 163 | 951 |5425 |5425 |   0 |  0 |   0 |  37 | 3.400000e+01 | 1.062000e+02 | 212.35%| unknown
 3291s|396900 |306253 | 64565k| 162.7 |   633M | 163 | 951 |5425 |5425 |   0 |  0 |   0 |  37 | 3.400000e+01 | 1.062000e+02 | 212.35%| unknown
 3291s|397000 |306327 | 64566k| 162.6 |   633M | 163 | 951 |5425 |5425 |   0 |  0 |   0 |  37 | 3.400000e+01 | 1.062000e+02 | 212.35%| unknown
 3291s|397100 |306413 | 64568k| 162.6 |   633M | 163 | 951 |5425 |5425 |   0 |  0 |   0 |  37 | 3.400000e+01 | 1.062000e+02 | 212.35%| unknown
 3292s|397200 |306489 | 64575k| 162.6 |   634M | 163 | 951 |5425 |5425 |   0 |  0 |   0 |  37 | 3.400000e+01 | 1.062000e+02 | 212.35%| unknown
 3294s|397300 |306567 | 64625k| 162.7 |   634M | 163 | 951 |5425 |5425 |   0 |  0 |   0 |  37 | 3.400000e+01 | 1.062000e+02 | 212.35%| unknown
 time | node  | left  |LP iter|LP it/n|mem/heur|mdpt |vars |cons |rows |cuts |sepa|confs|strbr|  dualbound   | primalbound  |  gap   | compl. 
 3296s|397400 |306641 | 64660k| 162.7 |   635M | 163 | 951 |5425 |5425 |   0 |  0 |   0 |  37 | 3.400000e+01 | 1.062000e+02 | 212.35%| unknown
 3297s|397500 |306713 | 64679k| 162.7 |   635M | 163 | 951 |5425 |5425 |   0 |  0 |   0 |  37 | 3.400000e+01 | 1.062000e+02 | 212.35%| unknown
 3297s|397600 |306801 | 64698k| 162.7 |   635M | 163 | 951 |5425 |5425 |   0 |  0 |   0 |  37 | 3.400000e+01 | 1.062000e+02 | 212.35%| unknown
 3298s|397700 |306869 | 64714k| 162.7 |   635M | 163 | 951 |5425 |5425 |   0 |  0 |   0 |  37 | 3.400000e+01 | 1.062000e+02 | 212.35%| unknown
 3300s|397800 |306949 | 64748k| 162.8 |   635M | 163 | 951 |5425 |5425 |   0 |  0 |   0 |  37 | 3.400000e+01 | 1.062000e+02 | 212.35%| unknown
 3301s|397900 |307029 | 64767k| 162.8 |   635M | 163 | 951 |5425 |5425 |   0 |  0 |   0 |  37 | 3.400000e+01 | 1.062000e+02 | 212.35%| unknown
 3303s|398000 |307103 | 64804k| 162.8 |   635M | 163 | 951 |5425 |5425 |   0 |  0 |   0 |  37 | 3.400000e+01 | 1.062000e+02 | 212.35%| unknown
 3304s|398100 |307167 | 64832k| 162.9 |   635M | 163 | 951 |5425 |5425 |   0 |  0 |   0 |  37 | 3.400000e+01 | 1.062000e+02 | 212.35%| unknown
 3305s|398200 |307227 | 64852k| 162.9 |   635M | 163 | 951 |5425 |5425 |   0 |  0 |   0 |  37 | 3.400000e+01 | 1.062000e+02 | 212.35%| unknown
 3307s|398300 |307285 | 64891k| 162.9 |   636M | 163 | 951 |5425 |5425 |   0 |  0 |   0 |  37 | 3.400000e+01 | 1.062000e+02 | 212.35%| unknown
 3308s|398400 |307359 | 64908k| 162.9 |   636M | 163 | 951 |5425 |5425 |   0 |  0 |   0 |  37 | 3.400000e+01 | 1.062000e+02 | 212.35%| unknown
 3309s|398500 |307429 | 64929k| 162.9 |   636M | 163 | 951 |5425 |5425 |   0 |  0 |   0 |  37 | 3.400000e+01 | 1.062000e+02 | 212.35%| unknown
 3310s|398600 |307493 | 64956k| 163.0 |   636M | 163 | 951 |5425 |5425 |   0 |  0 |   0 |  37 | 3.400000e+01 | 1.062000e+02 | 212.35%| unknown
 3311s|398700 |307559 | 64986k| 163.0 |   636M | 163 | 951 |5425 |5425 |   0 |  0 |   0 |  37 | 3.400000e+01 | 1.062000e+02 | 212.35%| unknown
 3313s|398800 |307633 | 65011k| 163.0 |   636M | 163 | 951 |5425 |5425 |   0 |  0 |   0 |  37 | 3.400000e+01 | 1.062000e+02 | 212.35%| unknown
 time | node  | left  |LP iter|LP it/n|mem/heur|mdpt |vars |cons |rows |cuts |sepa|confs|strbr|  dualbound   | primalbound  |  gap   | compl. 
 3314s|398900 |307687 | 65037k| 163.0 |   636M | 163 | 951 |5425 |5425 |   0 |  0 |   0 |  37 | 3.400000e+01 | 1.062000e+02 | 212.35%| unknown
 3315s|399000 |307761 | 65057k| 163.0 |   636M | 163 | 951 |5425 |5425 |   0 |  0 |   0 |  37 | 3.400000e+01 | 1.062000e+02 | 212.35%| unknown
 3316s|399100 |307821 | 65075k| 163.1 |   636M | 163 | 951 |5425 |5425 |   0 |  0 |   0 |  37 | 3.400000e+01 | 1.062000e+02 | 212.35%| unknown
 3316s|399200 |307883 | 65084k| 163.0 |   636M | 163 | 951 |5425 |5425 |   0 |  0 |   0 |  37 | 3.400000e+01 | 1.062000e+02 | 212.35%| unknown
 3317s|399300 |307959 | 65105k| 163.0 |   636M | 163 | 951 |5425 |5425 |   0 |  0 |   0 |  37 | 3.400000e+01 | 1.062000e+02 | 212.35%| unknown
 3318s|399400 |308025 | 65132k| 163.1 |   636M | 163 | 951 |5425 |5425 |   0 |  0 |   0 |  37 | 3.400000e+01 | 1.062000e+02 | 212.35%| unknown
 3319s|399500 |308087 | 65155k| 163.1 |   637M | 163 | 951 |5425 |5425 |   0 |  0 |   0 |  37 | 3.400000e+01 | 1.062000e+02 | 212.35%| unknown
 3321s|399600 |308163 | 65194k| 163.1 |   637M | 163 | 951 |5425 |5425 |   0 |  0 |   0 |  37 | 3.400000e+01 | 1.062000e+02 | 212.35%| unknown
 3322s|399700 |308241 | 65206k| 163.1 |   637M | 163 | 951 |5425 |5425 |   0 |  0 |   0 |  37 | 3.400000e+01 | 1.062000e+02 | 212.35%| unknown
 3323s|399800 |308323 | 65238k| 163.2 |   637M | 163 | 951 |5425 |5425 |   0 |  0 |   0 |  37 | 3.400000e+01 | 1.062000e+02 | 212.35%| unknown
 3324s|399900 |308401 | 65261k| 163.2 |   637M | 163 | 951 |5425 |5425 |   0 |  0 |   0 |  37 | 3.400000e+01 | 1.062000e+02 | 212.35%| unknown
 3326s|400000 |308483 | 65298k| 163.2 |   637M | 163 | 951 |5425 |5425 |   0 |  0 |   0 |  37 | 3.400000e+01 | 1.062000e+02 | 212.35%| unknown
 3328s|400100 |308577 | 65332k| 163.3 |   637M | 163 | 951 |5425 |5425 |   0 |  0 |   0 |  37 | 3.400000e+01 | 1.062000e+02 | 212.35%| unknown
 3330s|400200 |308665 | 65374k| 163.4 |   637M | 163 | 951 |5425 |5425 |   0 |  0 |   0 |  37 | 3.400000e+01 | 1.062000e+02 | 212.35%| unknown
 3331s|400300 |308757 | 65409k| 163.4 |   637M | 163 | 951 |5425 |5425 |   0 |  0 |   0 |  37 | 3.400000e+01 | 1.062000e+02 | 212.35%| unknown
 time | node  | left  |LP iter|LP it/n|mem/heur|mdpt |vars |cons |rows |cuts |sepa|confs|strbr|  dualbound   | primalbound  |  gap   | compl. 
 3334s|400400 |308837 | 65469k| 163.5 |   637M | 163 | 951 |5425 |5425 |   0 |  0 |   0 |  37 | 3.400000e+01 | 1.062000e+02 | 212.35%| unknown
 3336s|400500 |308915 | 65500k| 163.5 |   638M | 163 | 951 |5425 |5425 |   0 |  0 |   0 |  37 | 3.400000e+01 | 1.062000e+02 | 212.35%| unknown
 3337s|400600 |308985 | 65521k| 163.6 |   638M | 163 | 951 |5425 |5425 |   0 |  0 |   0 |  37 | 3.400000e+01 | 1.062000e+02 | 212.35%| unknown
 3338s|400700 |309071 | 65556k| 163.6 |   638M | 163 | 951 |5425 |5425 |   0 |  0 |   0 |  37 | 3.400000e+01 | 1.062000e+02 | 212.35%| unknown
 3339s|400800 |309149 | 65575k| 163.6 |   638M | 163 | 951 |5425 |5425 |   0 |  0 |   0 |  37 | 3.400000e+01 | 1.062000e+02 | 212.35%| unknown
 3341s|400900 |309213 | 65612k| 163.7 |   638M | 163 | 951 |5425 |5425 |   0 |  0 |   0 |  37 | 3.400000e+01 | 1.062000e+02 | 212.35%| unknown
 3341s|401000 |309289 | 65625k| 163.7 |   638M | 163 | 951 |5425 |5425 |   0 |  0 |   0 |  37 | 3.400000e+01 | 1.062000e+02 | 212.35%| unknown
 3342s|401100 |309363 | 65644k| 163.7 |   638M | 163 | 951 |5425 |5425 |   0 |  0 |   0 |  37 | 3.400000e+01 | 1.062000e+02 | 212.35%| unknown
 3344s|401200 |309433 | 65682k| 163.7 |   638M | 163 | 951 |5425 |5425 |   0 |  0 |   0 |  37 | 3.400000e+01 | 1.062000e+02 | 212.35%| unknown
 3345s|401300 |309517 | 65701k| 163.7 |   638M | 163 | 951 |5425 |5425 |   0 |  0 |   0 |  37 | 3.400000e+01 | 1.062000e+02 | 212.35%| unknown
 3346s|401400 |309603 | 65730k| 163.7 |   638M | 163 | 951 |5425 |5425 |   0 |  0 |   0 |  37 | 3.400000e+01 | 1.062000e+02 | 212.35%| unknown
 3348s|401500 |309675 | 65770k| 163.8 |   639M | 163 | 951 |5425 |5425 |   0 |  0 |   0 |  37 | 3.400000e+01 | 1.062000e+02 | 212.35%| unknown
 3349s|401600 |309745 | 65796k| 163.8 |   640M | 163 | 951 |5425 |5425 |   0 |  0 |   0 |  37 | 3.400000e+01 | 1.062000e+02 | 212.35%| unknown
 3350s|401700 |309825 | 65815k| 163.8 |   640M | 163 | 951 |5425 |5425 |   0 |  0 |   0 |  37 | 3.400000e+01 | 1.062000e+02 | 212.35%| unknown
 3351s|401800 |309895 | 65824k| 163.8 |   640M | 163 | 951 |5425 |5425 |   0 |  0 |   0 |  37 | 3.400000e+01 | 1.062000e+02 | 212.35%| unknown
 time | node  | left  |LP iter|LP it/n|mem/heur|mdpt |vars |cons |rows |cuts |sepa|confs|strbr|  dualbound   | primalbound  |  gap   | compl. 
 3351s|401900 |309971 | 65825k| 163.8 |   640M | 163 | 951 |5425 |5425 |   0 |  0 |   0 |  37 | 3.400000e+01 | 1.062000e+02 | 212.35%| unknown
 3351s|402000 |310043 | 65826k| 163.7 |   641M | 163 | 951 |5425 |5425 |   0 |  0 |   0 |  37 | 3.400000e+01 | 1.062000e+02 | 212.35%| unknown
 3351s|402100 |310107 | 65827k| 163.7 |   641M | 163 | 951 |5425 |5425 |   0 |  0 |   0 |  37 | 3.400000e+01 | 1.062000e+02 | 212.35%| unknown
 3352s|402200 |310183 | 65850k| 163.7 |   641M | 163 | 951 |5425 |5425 |   0 |  0 |   0 |  37 | 3.400000e+01 | 1.062000e+02 | 212.35%| unknown
 3353s|402300 |310273 | 65865k| 163.7 |   641M | 163 | 951 |5425 |5425 |   0 |  0 |   0 |  37 | 3.400000e+01 | 1.062000e+02 | 212.35%| unknown
 3354s|402400 |310343 | 65886k| 163.7 |   641M | 163 | 951 |5425 |5425 |   0 |  0 |   0 |  37 | 3.400000e+01 | 1.062000e+02 | 212.35%| unknown
 3355s|402500 |310409 | 65908k| 163.7 |   641M | 163 | 951 |5425 |5425 |   0 |  0 |   0 |  37 | 3.400000e+01 | 1.062000e+02 | 212.35%| unknown
 3357s|402600 |310489 | 65942k| 163.8 |   641M | 163 | 951 |5425 |5425 |   0 |  0 |   0 |  37 | 3.400000e+01 | 1.062000e+02 | 212.35%| unknown
 3358s|402700 |310565 | 65961k| 163.8 |   642M | 163 | 951 |5425 |5425 |   0 |  0 |   0 |  37 | 3.400000e+01 | 1.062000e+02 | 212.35%| unknown
 3359s|402800 |310651 | 65986k| 163.8 |   642M | 163 | 951 |5425 |5425 |   0 |  0 |   0 |  37 | 3.400000e+01 | 1.062000e+02 | 212.35%| unknown
 3360s|402900 |310735 | 66005k| 163.8 |   642M | 163 | 951 |5425 |5425 |   0 |  0 |   0 |  37 | 3.400000e+01 | 1.062000e+02 | 212.35%| unknown
 3361s|403000 |310819 | 66023k| 163.8 |   642M | 163 | 951 |5425 |5425 |   0 |  0 |   0 |  37 | 3.400000e+01 | 1.062000e+02 | 212.35%| unknown
 3363s|403100 |310873 | 66059k| 163.9 |   642M | 163 | 951 |5425 |5425 |   0 |  0 |   0 |  37 | 3.400000e+01 | 1.062000e+02 | 212.35%| unknown
 3363s|403200 |310943 | 66078k| 163.9 |   642M | 163 | 951 |5425 |5425 |   0 |  0 |   0 |  37 | 3.400000e+01 | 1.062000e+02 | 212.35%| unknown
 3364s|403300 |311023 | 66098k| 163.9 |   642M | 163 | 951 |5425 |5425 |   0 |  0 |   0 |  37 | 3.400000e+01 | 1.062000e+02 | 212.35%| unknown
 time | node  | left  |LP iter|LP it/n|mem/heur|mdpt |vars |cons |rows |cuts |sepa|confs|strbr|  dualbound   | primalbound  |  gap   | compl. 
 3365s|403400 |311099 | 66118k| 163.9 |   642M | 163 | 951 |5425 |5425 |   0 |  0 |   0 |  37 | 3.400000e+01 | 1.062000e+02 | 212.35%| unknown
 3366s|403500 |311179 | 66133k| 163.9 |   642M | 163 | 951 |5425 |5425 |   0 |  0 |   0 |  37 | 3.400000e+01 | 1.062000e+02 | 212.35%| unknown
 3367s|403600 |311265 | 66148k| 163.9 |   642M | 163 | 951 |5425 |5425 |   0 |  0 |   0 |  37 | 3.400000e+01 | 1.062000e+02 | 212.35%| unknown
 3368s|403700 |311333 | 66168k| 163.9 |   643M | 163 | 951 |5425 |5425 |   0 |  0 |   0 |  37 | 3.400000e+01 | 1.062000e+02 | 212.35%| unknown
 3368s|403800 |311409 | 66177k| 163.9 |   643M | 163 | 951 |5425 |5425 |   0 |  0 |   0 |  37 | 3.400000e+01 | 1.062000e+02 | 212.35%| unknown
 3371s|403900 |311493 | 66222k| 164.0 |   643M | 163 | 951 |5425 |5425 |   0 |  0 |   0 |  37 | 3.400000e+01 | 1.062000e+02 | 212.35%| unknown
 3372s|404000 |311573 | 66258k| 164.0 |   643M | 163 | 951 |5425 |5425 |   0 |  0 |   0 |  37 | 3.400000e+01 | 1.062000e+02 | 212.35%| unknown
 3374s|404100 |311649 | 66288k| 164.0 |   643M | 163 | 951 |5425 |5425 |   0 |  0 |   0 |  37 | 3.400000e+01 | 1.062000e+02 | 212.35%| unknown
 3375s|404200 |311719 | 66324k| 164.1 |   643M | 163 | 951 |5425 |5425 |   0 |  0 |   0 |  37 | 3.400000e+01 | 1.062000e+02 | 212.35%| unknown
 3377s|404300 |311799 | 66348k| 164.1 |   643M | 163 | 951 |5425 |5425 |   0 |  0 |   0 |  37 | 3.400000e+01 | 1.062000e+02 | 212.35%| unknown
 3378s|404400 |311885 | 66376k| 164.1 |   643M | 163 | 951 |5425 |5425 |   0 |  0 |   0 |  37 | 3.400000e+01 | 1.062000e+02 | 212.35%| unknown
 3379s|404500 |311957 | 66401k| 164.2 |   643M | 163 | 951 |5425 |5425 |   0 |  0 |   0 |  37 | 3.400000e+01 | 1.062000e+02 | 212.35%| unknown
 3380s|404600 |312045 | 66417k| 164.2 |   643M | 163 | 951 |5425 |5425 |   0 |  0 |   0 |  37 | 3.400000e+01 | 1.062000e+02 | 212.35%| unknown
 3381s|404700 |312127 | 66448k| 164.2 |   644M | 163 | 951 |5425 |5425 |   0 |  0 |   0 |  37 | 3.400000e+01 | 1.062000e+02 | 212.35%| unknown
 3383s|404800 |312207 | 66480k| 164.2 |   644M | 163 | 951 |5425 |5425 |   0 |  0 |   0 |  37 | 3.400000e+01 | 1.062000e+02 | 212.35%| unknown
 time | node  | left  |LP iter|LP it/n|mem/heur|mdpt |vars |cons |rows |cuts |sepa|confs|strbr|  dualbound   | primalbound  |  gap   | compl. 
 3384s|404900 |312289 | 66510k| 164.3 |   644M | 163 | 951 |5425 |5425 |   0 |  0 |   0 |  37 | 3.400000e+01 | 1.062000e+02 | 212.35%| unknown
 3385s|405000 |312371 | 66537k| 164.3 |   644M | 163 | 951 |5425 |5425 |   0 |  0 |   0 |  37 | 3.400000e+01 | 1.062000e+02 | 212.35%| unknown
 3387s|405100 |312437 | 66560k| 164.3 |   644M | 163 | 951 |5425 |5425 |   0 |  0 |   0 |  37 | 3.400000e+01 | 1.062000e+02 | 212.35%| unknown
 3388s|405200 |312505 | 66589k| 164.3 |   645M | 163 | 951 |5425 |5425 |   0 |  0 |   0 |  37 | 3.400000e+01 | 1.062000e+02 | 212.35%| unknown
 3389s|405300 |312577 | 66612k| 164.4 |   645M | 163 | 951 |5425 |5425 |   0 |  0 |   0 |  37 | 3.400000e+01 | 1.062000e+02 | 212.35%| unknown
 3390s|405400 |312655 | 66630k| 164.4 |   645M | 163 | 951 |5425 |5425 |   0 |  0 |   0 |  37 | 3.400000e+01 | 1.062000e+02 | 212.35%| unknown
 3391s|405500 |312735 | 66647k| 164.4 |   645M | 163 | 951 |5425 |5425 |   0 |  0 |   0 |  37 | 3.400000e+01 | 1.062000e+02 | 212.35%| unknown
 3391s|405600 |312809 | 66661k| 164.4 |   645M | 163 | 951 |5425 |5425 |   0 |  0 |   0 |  37 | 3.400000e+01 | 1.062000e+02 | 212.35%| unknown
 3393s|405700 |312879 | 66696k| 164.4 |   645M | 163 | 951 |5425 |5425 |   0 |  0 |   0 |  37 | 3.400000e+01 | 1.062000e+02 | 212.35%| unknown
 3394s|405800 |312955 | 66716k| 164.4 |   647M | 163 | 951 |5425 |5425 |   0 |  0 |   0 |  37 | 3.400000e+01 | 1.062000e+02 | 212.35%| unknown
 3395s|405900 |313041 | 66733k| 164.4 |   647M | 163 | 951 |5425 |5425 |   0 |  0 |   0 |  37 | 3.400000e+01 | 1.062000e+02 | 212.35%| unknown
 3395s|406000 |313123 | 66742k| 164.4 |   647M | 163 | 951 |5425 |5425 |   0 |  0 |   0 |  37 | 3.400000e+01 | 1.062000e+02 | 212.35%| unknown
 3395s|406100 |313187 | 66744k| 164.4 |   647M | 163 | 951 |5425 |5425 |   0 |  0 |   0 |  37 | 3.400000e+01 | 1.062000e+02 | 212.35%| unknown
 3396s|406200 |313253 | 66746k| 164.3 |   647M | 163 | 951 |5425 |5425 |   0 |  0 |   0 |  37 | 3.400000e+01 | 1.062000e+02 | 212.35%| unknown
 3396s|406300 |313331 | 66750k| 164.3 |   647M | 163 | 951 |5425 |5425 |   0 |  0 |   0 |  37 | 3.400000e+01 | 1.062000e+02 | 212.35%| unknown
 time | node  | left  |LP iter|LP it/n|mem/heur|mdpt |vars |cons |rows |cuts |sepa|confs|strbr|  dualbound   | primalbound  |  gap   | compl. 
 3397s|406400 |313409 | 66766k| 164.3 |   647M | 163 | 951 |5425 |5425 |   0 |  0 |   0 |  37 | 3.400000e+01 | 1.062000e+02 | 212.35%| unknown
 3398s|406500 |313495 | 66794k| 164.3 |   647M | 163 | 951 |5425 |5425 |   0 |  0 |   0 |  37 | 3.400000e+01 | 1.062000e+02 | 212.35%| unknown
 3399s|406600 |313573 | 66818k| 164.3 |   647M | 163 | 951 |5425 |5425 |   0 |  0 |   0 |  37 | 3.400000e+01 | 1.062000e+02 | 212.35%| unknown
 3400s|406700 |313649 | 66843k| 164.4 |   647M | 163 | 951 |5425 |5425 |   0 |  0 |   0 |  37 | 3.400000e+01 | 1.062000e+02 | 212.35%| unknown
 3401s|406800 |313709 | 66845k| 164.3 |   647M | 163 | 951 |5425 |5425 |   0 |  0 |   0 |  37 | 3.400000e+01 | 1.062000e+02 | 212.35%| unknown
 3401s|406900 |313781 | 66846k| 164.3 |   648M | 163 | 951 |5425 |5425 |   0 |  0 |   0 |  37 | 3.400000e+01 | 1.062000e+02 | 212.35%| unknown
 3401s|407000 |313861 | 66847k| 164.2 |   648M | 163 | 951 |5425 |5425 |   0 |  0 |   0 |  37 | 3.400000e+01 | 1.062000e+02 | 212.35%| unknown
 3401s|407100 |313931 | 66849k| 164.2 |   648M | 163 | 951 |5425 |5425 |   0 |  0 |   0 |  37 | 3.400000e+01 | 1.062000e+02 | 212.35%| unknown
 3401s|407200 |314015 | 66850k| 164.2 |   648M | 163 | 951 |5425 |5425 |   0 |  0 |   0 |  37 | 3.400000e+01 | 1.062000e+02 | 212.35%| unknown
 3402s|407300 |314085 | 66851k| 164.1 |   648M | 163 | 951 |5425 |5425 |   0 |  0 |   0 |  37 | 3.400000e+01 | 1.062000e+02 | 212.35%| unknown
 3402s|407400 |314151 | 66853k| 164.1 |   648M | 163 | 951 |5425 |5425 |   0 |  0 |   0 |  37 | 3.400000e+01 | 1.062000e+02 | 212.35%| unknown
 3402s|407500 |314215 | 66854k| 164.1 |   648M | 163 | 951 |5425 |5425 |   0 |  0 |   0 |  37 | 3.400000e+01 | 1.062000e+02 | 212.35%| unknown
 3402s|407600 |314291 | 66856k| 164.0 |   648M | 163 | 951 |5425 |5425 |   0 |  0 |   0 |  37 | 3.400000e+01 | 1.062000e+02 | 212.35%| unknown
 3402s|407700 |314353 | 66857k| 164.0 |   648M | 163 | 951 |5425 |5425 |   0 |  0 |   0 |  37 | 3.400000e+01 | 1.062000e+02 | 212.35%| unknown
 3402s|407800 |314423 | 66858k| 163.9 |   648M | 163 | 951 |5425 |5425 |   0 |  0 |   0 |  37 | 3.400000e+01 | 1.062000e+02 | 212.35%| unknown
 time | node  | left  |LP iter|LP it/n|mem/heur|mdpt |vars |cons |rows |cuts |sepa|confs|strbr|  dualbound   | primalbound  |  gap   | compl. 
 3403s|407900 |314495 | 66860k| 163.9 |   648M | 163 | 951 |5425 |5425 |   0 |  0 |   0 |  37 | 3.400000e+01 | 1.062000e+02 | 212.35%| unknown
 3403s|408000 |314567 | 66862k| 163.9 |   651M | 163 | 951 |5425 |5425 |   0 |  0 |   0 |  37 | 3.400000e+01 | 1.062000e+02 | 212.35%| unknown
 3403s|408100 |314653 | 66863k| 163.8 |   651M | 163 | 951 |5425 |5425 |   0 |  0 |   0 |  37 | 3.400000e+01 | 1.062000e+02 | 212.35%| unknown
 3403s|408200 |314731 | 66864k| 163.8 |   651M | 163 | 951 |5425 |5425 |   0 |  0 |   0 |  37 | 3.400000e+01 | 1.062000e+02 | 212.35%| unknown
 3403s|408300 |314805 | 66865k| 163.8 |   651M | 163 | 951 |5425 |5425 |   0 |  0 |   0 |  37 | 3.400000e+01 | 1.062000e+02 | 212.35%| unknown
 3404s|408400 |314875 | 66870k| 163.7 |   651M | 163 | 951 |5425 |5425 |   0 |  0 |   0 |  37 | 3.400000e+01 | 1.062000e+02 | 212.35%| unknown
 3405s|408500 |314949 | 66893k| 163.8 |   651M | 163 | 951 |5425 |5425 |   0 |  0 |   0 |  37 | 3.400000e+01 | 1.062000e+02 | 212.35%| unknown
 3406s|408600 |315031 | 66912k| 163.8 |   651M | 163 | 951 |5425 |5425 |   0 |  0 |   0 |  37 | 3.400000e+01 | 1.062000e+02 | 212.35%| unknown
 3406s|408700 |315099 | 66919k| 163.7 |   651M | 163 | 951 |5425 |5425 |   0 |  0 |   0 |  37 | 3.400000e+01 | 1.062000e+02 | 212.35%| unknown
 3406s|408800 |315173 | 66921k| 163.7 |   651M | 163 | 951 |5425 |5425 |   0 |  0 |   0 |  37 | 3.400000e+01 | 1.062000e+02 | 212.35%| unknown
 3407s|408900 |315249 | 66922k| 163.7 |   651M | 163 | 951 |5425 |5425 |   0 |  0 |   0 |  37 | 3.400000e+01 | 1.062000e+02 | 212.35%| unknown
 3407s|409000 |315311 | 66924k| 163.6 |   651M | 163 | 951 |5425 |5425 |   0 |  0 |   0 |  37 | 3.400000e+01 | 1.062000e+02 | 212.35%| unknown
 3407s|409100 |315387 | 66925k| 163.6 |   652M | 163 | 951 |5425 |5425 |   0 |  0 |   0 |  37 | 3.400000e+01 | 1.062000e+02 | 212.35%| unknown
 3408s|409200 |315461 | 66949k| 163.6 |   652M | 163 | 951 |5425 |5425 |   0 |  0 |   0 |  37 | 3.400000e+01 | 1.062000e+02 | 212.35%| unknown
 3409s|409300 |315547 | 66979k| 163.6 |   652M | 163 | 951 |5425 |5425 |   0 |  0 |   0 |  37 | 3.400000e+01 | 1.062000e+02 | 212.35%| unknown
 time | node  | left  |LP iter|LP it/n|mem/heur|mdpt |vars |cons |rows |cuts |sepa|confs|strbr|  dualbound   | primalbound  |  gap   | compl. 
 3410s|409400 |315631 | 67000k| 163.7 |   652M | 163 | 951 |5425 |5425 |   0 |  0 |   0 |  37 | 3.400000e+01 | 1.062000e+02 | 212.35%| unknown
 3412s|409500 |315703 | 67024k| 163.7 |   652M | 163 | 951 |5425 |5425 |   0 |  0 |   0 |  37 | 3.400000e+01 | 1.062000e+02 | 212.35%| unknown
 3413s|409600 |315765 | 67060k| 163.7 |   652M | 163 | 951 |5425 |5425 |   0 |  0 |   0 |  37 | 3.400000e+01 | 1.062000e+02 | 212.35%| unknown
 3414s|409700 |315829 | 67089k| 163.7 |   652M | 163 | 951 |5425 |5425 |   0 |  0 |   0 |  37 | 3.400000e+01 | 1.062000e+02 | 212.35%| unknown
 3415s|409800 |315899 | 67108k| 163.8 |   652M | 163 | 951 |5425 |5425 |   0 |  0 |   0 |  37 | 3.400000e+01 | 1.062000e+02 | 212.35%| unknown
 3417s|409900 |315983 | 67147k| 163.8 |   652M | 163 | 951 |5425 |5425 |   0 |  0 |   0 |  37 | 3.400000e+01 | 1.062000e+02 | 212.35%| unknown
 3418s|410000 |316059 | 67162k| 163.8 |   652M | 163 | 951 |5425 |5425 |   0 |  0 |   0 |  37 | 3.400000e+01 | 1.062000e+02 | 212.35%| unknown
 3419s|410100 |316115 | 67191k| 163.8 |   652M | 163 | 951 |5425 |5425 |   0 |  0 |   0 |  37 | 3.400000e+01 | 1.062000e+02 | 212.35%| unknown
 3420s|410200 |316181 | 67222k| 163.9 |   653M | 163 | 951 |5425 |5425 |   0 |  0 |   0 |  37 | 3.400000e+01 | 1.062000e+02 | 212.35%| unknown
 3421s|410300 |316257 | 67244k| 163.9 |   653M | 163 | 951 |5425 |5425 |   0 |  0 |   0 |  37 | 3.400000e+01 | 1.062000e+02 | 212.35%| unknown
 3423s|410400 |316315 | 67279k| 163.9 |   653M | 163 | 951 |5425 |5425 |   0 |  0 |   0 |  37 | 3.400000e+01 | 1.062000e+02 | 212.35%| unknown
 3424s|410500 |316391 | 67294k| 163.9 |   653M | 163 | 951 |5425 |5425 |   0 |  0 |   0 |  37 | 3.400000e+01 | 1.062000e+02 | 212.35%| unknown
 3424s|410600 |316453 | 67313k| 163.9 |   653M | 163 | 951 |5425 |5425 |   0 |  0 |   0 |  37 | 3.400000e+01 | 1.062000e+02 | 212.35%| unknown
 3427s|410700 |316515 | 67364k| 164.0 |   653M | 163 | 951 |5425 |5425 |   0 |  0 |   0 |  37 | 3.400000e+01 | 1.062000e+02 | 212.35%| unknown
 3428s|410800 |316587 | 67381k| 164.0 |   653M | 163 | 951 |5425 |5425 |   0 |  0 |   0 |  37 | 3.400000e+01 | 1.062000e+02 | 212.35%| unknown
 time | node  | left  |LP iter|LP it/n|mem/heur|mdpt |vars |cons |rows |cuts |sepa|confs|strbr|  dualbound   | primalbound  |  gap   | compl. 
 3428s|410900 |316661 | 67394k| 164.0 |   653M | 163 | 951 |5425 |5425 |   0 |  0 |   0 |  37 | 3.400000e+01 | 1.062000e+02 | 212.35%| unknown
 3429s|411000 |316739 | 67413k| 164.0 |   653M | 163 | 951 |5425 |5425 |   0 |  0 |   0 |  37 | 3.400000e+01 | 1.062000e+02 | 212.35%| unknown
 3430s|411100 |316809 | 67440k| 164.0 |   653M | 163 | 951 |5425 |5425 |   0 |  0 |   0 |  37 | 3.400000e+01 | 1.062000e+02 | 212.35%| unknown
 3431s|411200 |316887 | 67456k| 164.0 |   653M | 163 | 951 |5425 |5425 |   0 |  0 |   0 |  37 | 3.400000e+01 | 1.062000e+02 | 212.35%| unknown
 3432s|411300 |316949 | 67480k| 164.1 |   653M | 163 | 951 |5425 |5425 |   0 |  0 |   0 |  37 | 3.400000e+01 | 1.062000e+02 | 212.35%| unknown
 3433s|411400 |317027 | 67501k| 164.1 |   654M | 163 | 951 |5425 |5425 |   0 |  0 |   0 |  37 | 3.400000e+01 | 1.062000e+02 | 212.35%| unknown
 3434s|411500 |317099 | 67523k| 164.1 |   654M | 163 | 951 |5425 |5425 |   0 |  0 |   0 |  37 | 3.400000e+01 | 1.062000e+02 | 212.35%| unknown
 3435s|411600 |317167 | 67544k| 164.1 |   654M | 163 | 951 |5425 |5425 |   0 |  0 |   0 |  37 | 3.400000e+01 | 1.062000e+02 | 212.35%| unknown
 3437s|411700 |317245 | 67567k| 164.1 |   654M | 163 | 951 |5425 |5425 |   0 |  0 |   0 |  37 | 3.400000e+01 | 1.062000e+02 | 212.35%| unknown
 3438s|411800 |317321 | 67598k| 164.2 |   654M | 163 | 951 |5425 |5425 |   0 |  0 |   0 |  37 | 3.400000e+01 | 1.062000e+02 | 212.35%| unknown
 3439s|411900 |317399 | 67614k| 164.1 |   654M | 163 | 951 |5425 |5425 |   0 |  0 |   0 |  37 | 3.400000e+01 | 1.062000e+02 | 212.35%| unknown
 3440s|412000 |317463 | 67632k| 164.2 |   654M | 163 | 951 |5425 |5425 |   0 |  0 |   0 |  37 | 3.400000e+01 | 1.062000e+02 | 212.35%| unknown
 3441s|412100 |317531 | 67665k| 164.2 |   654M | 163 | 951 |5425 |5425 |   0 |  0 |   0 |  37 | 3.400000e+01 | 1.062000e+02 | 212.35%| unknown
 3442s|412200 |317595 | 67672k| 164.2 |   654M | 163 | 951 |5425 |5425 |   0 |  0 |   0 |  37 | 3.400000e+01 | 1.062000e+02 | 212.35%| unknown
 3443s|412300 |317667 | 67703k| 164.2 |   654M | 163 | 951 |5425 |5425 |   0 |  0 |   0 |  37 | 3.400000e+01 | 1.062000e+02 | 212.35%| unknown
 time | node  | left  |LP iter|LP it/n|mem/heur|mdpt |vars |cons |rows |cuts |sepa|confs|strbr|  dualbound   | primalbound  |  gap   | compl. 
 3444s|412400 |317751 | 67725k| 164.2 |   654M | 163 | 951 |5425 |5425 |   0 |  0 |   0 |  37 | 3.400000e+01 | 1.062000e+02 | 212.35%| unknown
 3446s|412500 |317839 | 67758k| 164.3 |   655M | 163 | 951 |5425 |5425 |   0 |  0 |   0 |  37 | 3.400000e+01 | 1.062000e+02 | 212.35%| unknown
 3446s|412600 |317921 | 67777k| 164.3 |   656M | 163 | 951 |5425 |5425 |   0 |  0 |   0 |  37 | 3.400000e+01 | 1.062000e+02 | 212.35%| unknown
 3448s|412700 |317991 | 67804k| 164.3 |   656M | 163 | 951 |5425 |5425 |   0 |  0 |   0 |  37 | 3.400000e+01 | 1.062000e+02 | 212.35%| unknown
 3448s|412800 |318065 | 67819k| 164.3 |   656M | 163 | 951 |5425 |5425 |   0 |  0 |   0 |  37 | 3.400000e+01 | 1.062000e+02 | 212.35%| unknown
 3449s|412900 |318147 | 67839k| 164.3 |   656M | 163 | 951 |5425 |5425 |   0 |  0 |   0 |  37 | 3.400000e+01 | 1.062000e+02 | 212.35%| unknown
 3451s|413000 |318215 | 67873k| 164.3 |   656M | 163 | 951 |5425 |5425 |   0 |  0 |   0 |  37 | 3.400000e+01 | 1.062000e+02 | 212.35%| unknown
 3452s|413100 |318289 | 67896k| 164.4 |   656M | 163 | 951 |5425 |5425 |   0 |  0 |   0 |  37 | 3.400000e+01 | 1.062000e+02 | 212.35%| unknown
 3454s|413200 |318361 | 67937k| 164.4 |   656M | 163 | 951 |5425 |5425 |   0 |  0 |   0 |  37 | 3.400000e+01 | 1.062000e+02 | 212.35%| unknown
 3455s|413300 |318443 | 67949k| 164.4 |   656M | 163 | 951 |5425 |5425 |   0 |  0 |   0 |  37 | 3.400000e+01 | 1.062000e+02 | 212.35%| unknown
 3455s|413400 |318513 | 67962k| 164.4 |   656M | 163 | 951 |5425 |5425 |   0 |  0 |   0 |  37 | 3.400000e+01 | 1.062000e+02 | 212.35%| unknown
 3456s|413500 |318575 | 67981k| 164.4 |   656M | 163 | 951 |5425 |5425 |   0 |  0 |   0 |  37 | 3.400000e+01 | 1.062000e+02 | 212.35%| unknown
 3457s|413600 |318653 | 67994k| 164.4 |   657M | 163 | 951 |5425 |5425 |   0 |  0 |   0 |  37 | 3.400000e+01 | 1.062000e+02 | 212.35%| unknown
 3458s|413700 |318727 | 68016k| 164.4 |   657M | 163 | 951 |5425 |5425 |   0 |  0 |   0 |  37 | 3.400000e+01 | 1.062000e+02 | 212.35%| unknown
 3459s|413800 |318787 | 68033k| 164.4 |   657M | 163 | 951 |5425 |5425 |   0 |  0 |   0 |  37 | 3.400000e+01 | 1.062000e+02 | 212.35%| unknown
 time | node  | left  |LP iter|LP it/n|mem/heur|mdpt |vars |cons |rows |cuts |sepa|confs|strbr|  dualbound   | primalbound  |  gap   | compl. 
 3461s|413900 |318853 | 68075k| 164.5 |   657M | 163 | 951 |5425 |5425 |   0 |  0 |   0 |  37 | 3.400000e+01 | 1.062000e+02 | 212.35%| unknown
 3462s|414000 |318921 | 68096k| 164.5 |   657M | 163 | 951 |5425 |5425 |   0 |  0 |   0 |  37 | 3.400000e+01 | 1.062000e+02 | 212.35%| unknown
 3463s|414100 |318995 | 68120k| 164.5 |   657M | 163 | 951 |5425 |5425 |   0 |  0 |   0 |  37 | 3.400000e+01 | 1.062000e+02 | 212.35%| unknown
 3464s|414200 |319047 | 68149k| 164.5 |   657M | 163 | 951 |5425 |5425 |   0 |  0 |   0 |  37 | 3.400000e+01 | 1.062000e+02 | 212.35%| unknown
 3465s|414300 |319119 | 68175k| 164.6 |   657M | 163 | 951 |5425 |5425 |   0 |  0 |   0 |  37 | 3.400000e+01 | 1.062000e+02 | 212.35%| unknown
 3466s|414400 |319193 | 68188k| 164.5 |   658M | 163 | 951 |5425 |5425 |   0 |  0 |   0 |  37 | 3.400000e+01 | 1.062000e+02 | 212.35%| unknown
 3467s|414500 |319263 | 68201k| 164.5 |   658M | 163 | 951 |5425 |5425 |   0 |  0 |   0 |  37 | 3.400000e+01 | 1.062000e+02 | 212.35%| unknown
 3467s|414600 |319341 | 68218k| 164.5 |   658M | 163 | 951 |5425 |5425 |   0 |  0 |   0 |  37 | 3.400000e+01 | 1.062000e+02 | 212.35%| unknown
 3468s|414700 |319431 | 68232k| 164.5 |   659M | 163 | 951 |5425 |5425 |   0 |  0 |   0 |  37 | 3.400000e+01 | 1.062000e+02 | 212.35%| unknown
 3469s|414800 |319495 | 68257k| 164.6 |   659M | 163 | 951 |5425 |5425 |   0 |  0 |   0 |  37 | 3.400000e+01 | 1.062000e+02 | 212.35%| unknown
 3470s|414900 |319563 | 68275k| 164.6 |   659M | 163 | 951 |5425 |5425 |   0 |  0 |   0 |  37 | 3.400000e+01 | 1.062000e+02 | 212.35%| unknown
 3471s|415000 |319649 | 68288k| 164.5 |   659M | 163 | 951 |5425 |5425 |   0 |  0 |   0 |  37 | 3.400000e+01 | 1.062000e+02 | 212.35%| unknown
 3472s|415100 |319725 | 68305k| 164.5 |   660M | 163 | 951 |5425 |5425 |   0 |  0 |   0 |  37 | 3.400000e+01 | 1.062000e+02 | 212.35%| unknown
 3473s|415200 |319809 | 68319k| 164.5 |   660M | 163 | 951 |5425 |5425 |   0 |  0 |   0 |  37 | 3.400000e+01 | 1.062000e+02 | 212.35%| unknown
 3474s|415300 |319895 | 68342k| 164.6 |   660M | 163 | 951 |5425 |5425 |   0 |  0 |   0 |  37 | 3.400000e+01 | 1.062000e+02 | 212.35%| unknown
 time | node  | left  |LP iter|LP it/n|mem/heur|mdpt |vars |cons |rows |cuts |sepa|confs|strbr|  dualbound   | primalbound  |  gap   | compl. 
 3475s|415400 |319973 | 68365k| 164.6 |   660M | 163 | 951 |5425 |5425 |   0 |  0 |   0 |  37 | 3.400000e+01 | 1.062000e+02 | 212.35%| unknown
 3476s|415500 |320065 | 68385k| 164.6 |   660M | 163 | 951 |5425 |5425 |   0 |  0 |   0 |  37 | 3.400000e+01 | 1.062000e+02 | 212.35%| unknown
 3477s|415600 |320149 | 68402k| 164.6 |   660M | 163 | 951 |5425 |5425 |   0 |  0 |   0 |  37 | 3.400000e+01 | 1.062000e+02 | 212.35%| unknown
 3477s|415700 |320227 | 68417k| 164.6 |   661M | 163 | 951 |5425 |5425 |   0 |  0 |   0 |  37 | 3.400000e+01 | 1.062000e+02 | 212.35%| unknown
 3479s|415800 |320305 | 68447k| 164.6 |   661M | 163 | 951 |5425 |5425 |   0 |  0 |   0 |  37 | 3.400000e+01 | 1.062000e+02 | 212.35%| unknown
 3479s|415900 |320383 | 68457k| 164.6 |   661M | 163 | 951 |5425 |5425 |   0 |  0 |   0 |  37 | 3.400000e+01 | 1.062000e+02 | 212.35%| unknown
 3480s|416000 |320447 | 68478k| 164.6 |   661M | 163 | 951 |5425 |5425 |   0 |  0 |   0 |  37 | 3.400000e+01 | 1.062000e+02 | 212.35%| unknown
 3482s|416100 |320521 | 68518k| 164.7 |   661M | 163 | 951 |5425 |5425 |   0 |  0 |   0 |  37 | 3.400000e+01 | 1.062000e+02 | 212.35%| unknown
 3483s|416200 |320595 | 68534k| 164.7 |   661M | 163 | 951 |5425 |5425 |   0 |  0 |   0 |  37 | 3.400000e+01 | 1.062000e+02 | 212.35%| unknown
 3484s|416300 |320663 | 68550k| 164.7 |   661M | 163 | 951 |5425 |5425 |   0 |  0 |   0 |  37 | 3.400000e+01 | 1.062000e+02 | 212.35%| unknown
 3485s|416400 |320745 | 68570k| 164.7 |   661M | 163 | 951 |5425 |5425 |   0 |  0 |   0 |  37 | 3.400000e+01 | 1.062000e+02 | 212.35%| unknown
 3486s|416500 |320821 | 68594k| 164.7 |   661M | 163 | 951 |5425 |5425 |   0 |  0 |   0 |  37 | 3.400000e+01 | 1.062000e+02 | 212.35%| unknown
 3486s|416600 |320909 | 68595k| 164.7 |   661M | 163 | 951 |5425 |5425 |   0 |  0 |   0 |  37 | 3.400000e+01 | 1.062000e+02 | 212.35%| unknown
 3486s|416700 |320985 | 68597k| 164.6 |   661M | 163 | 951 |5425 |5425 |   0 |  0 |   0 |  37 | 3.400000e+01 | 1.062000e+02 | 212.35%| unknown
 3488s|416800 |321073 | 68623k| 164.6 |   663M | 163 | 951 |5425 |5425 |   0 |  0 |   0 |  37 | 3.400000e+01 | 1.062000e+02 | 212.35%| unknown
 time | node  | left  |LP iter|LP it/n|mem/heur|mdpt |vars |cons |rows |cuts |sepa|confs|strbr|  dualbound   | primalbound  |  gap   | compl. 
 3488s|416900 |321155 | 68635k| 164.6 |   663M | 163 | 951 |5425 |5425 |   0 |  0 |   0 |  37 | 3.400000e+01 | 1.062000e+02 | 212.35%| unknown
 3488s|417000 |321227 | 68636k| 164.6 |   663M | 163 | 951 |5425 |5425 |   0 |  0 |   0 |  37 | 3.400000e+01 | 1.062000e+02 | 212.35%| unknown
 3489s|417100 |321293 | 68648k| 164.6 |   663M | 163 | 951 |5425 |5425 |   0 |  0 |   0 |  37 | 3.400000e+01 | 1.062000e+02 | 212.35%| unknown
 3491s|417200 |321361 | 68676k| 164.6 |   663M | 163 | 951 |5425 |5425 |   0 |  0 |   0 |  37 | 3.400000e+01 | 1.062000e+02 | 212.35%| unknown
 3491s|417300 |321443 | 68694k| 164.6 |   663M | 163 | 951 |5425 |5425 |   0 |  0 |   0 |  37 | 3.400000e+01 | 1.062000e+02 | 212.35%| unknown
 3492s|417400 |321513 | 68714k| 164.6 |   663M | 163 | 951 |5425 |5425 |   0 |  0 |   0 |  37 | 3.400000e+01 | 1.062000e+02 | 212.35%| unknown
 3493s|417500 |321573 | 68728k| 164.6 |   663M | 163 | 951 |5425 |5425 |   0 |  0 |   0 |  37 | 3.400000e+01 | 1.062000e+02 | 212.35%| unknown
 3494s|417600 |321647 | 68734k| 164.6 |   663M | 163 | 951 |5425 |5425 |   0 |  0 |   0 |  37 | 3.400000e+01 | 1.062000e+02 | 212.35%| unknown
 3495s|417700 |321719 | 68756k| 164.6 |   663M | 163 | 951 |5425 |5425 |   0 |  0 |   0 |  37 | 3.400000e+01 | 1.062000e+02 | 212.35%| unknown
 3496s|417800 |321789 | 68777k| 164.6 |   663M | 163 | 951 |5425 |5425 |   0 |  0 |   0 |  37 | 3.400000e+01 | 1.062000e+02 | 212.35%| unknown
 3497s|417900 |321853 | 68799k| 164.6 |   664M | 163 | 951 |5425 |5425 |   0 |  0 |   0 |  37 | 3.400000e+01 | 1.062000e+02 | 212.35%| unknown
 3498s|418000 |321925 | 68831k| 164.7 |   664M | 163 | 951 |5425 |5425 |   0 |  0 |   0 |  37 | 3.400000e+01 | 1.062000e+02 | 212.35%| unknown
 3499s|418100 |322017 | 68854k| 164.7 |   664M | 163 | 951 |5425 |5425 |   0 |  0 |   0 |  37 | 3.400000e+01 | 1.062000e+02 | 212.35%| unknown
 3500s|418200 |322109 | 68874k| 164.7 |   664M | 163 | 951 |5425 |5425 |   0 |  0 |   0 |  37 | 3.400000e+01 | 1.062000e+02 | 212.35%| unknown
 3502s|418300 |322185 | 68904k| 164.7 |   664M | 163 | 951 |5425 |5425 |   0 |  0 |   0 |  37 | 3.400000e+01 | 1.062000e+02 | 212.35%| unknown
 time | node  | left  |LP iter|LP it/n|mem/heur|mdpt |vars |cons |rows |cuts |sepa|confs|strbr|  dualbound   | primalbound  |  gap   | compl. 
 3503s|418400 |322255 | 68920k| 164.7 |   664M | 163 | 951 |5425 |5425 |   0 |  0 |   0 |  37 | 3.400000e+01 | 1.062000e+02 | 212.35%| unknown
 3505s|418500 |322327 | 68969k| 164.8 |   664M | 163 | 951 |5425 |5425 |   0 |  0 |   0 |  37 | 3.400000e+01 | 1.062000e+02 | 212.35%| unknown
 3506s|418600 |322403 | 68992k| 164.8 |   664M | 163 | 951 |5425 |5425 |   0 |  0 |   0 |  37 | 3.400000e+01 | 1.062000e+02 | 212.35%| unknown
 3507s|418700 |322477 | 69015k| 164.8 |   664M | 163 | 951 |5425 |5425 |   0 |  0 |   0 |  37 | 3.400000e+01 | 1.062000e+02 | 212.35%| unknown
 3508s|418800 |322551 | 69036k| 164.8 |   664M | 163 | 951 |5425 |5425 |   0 |  0 |   0 |  37 | 3.400000e+01 | 1.062000e+02 | 212.35%| unknown
 3509s|418900 |322623 | 69059k| 164.9 |   665M | 163 | 951 |5425 |5425 |   0 |  0 |   0 |  37 | 3.400000e+01 | 1.062000e+02 | 212.35%| unknown
 3510s|419000 |322691 | 69083k| 164.9 |   665M | 163 | 951 |5425 |5425 |   0 |  0 |   0 |  37 | 3.400000e+01 | 1.062000e+02 | 212.35%| unknown
 3511s|419100 |322775 | 69095k| 164.9 |   665M | 163 | 951 |5425 |5425 |   0 |  0 |   0 |  37 | 3.400000e+01 | 1.062000e+02 | 212.35%| unknown
 3512s|419200 |322849 | 69126k| 164.9 |   665M | 163 | 951 |5425 |5425 |   0 |  0 |   0 |  37 | 3.400000e+01 | 1.062000e+02 | 212.35%| unknown
 3513s|419300 |322919 | 69144k| 164.9 |   665M | 163 | 951 |5425 |5425 |   0 |  0 |   0 |  37 | 3.400000e+01 | 1.062000e+02 | 212.35%| unknown
 3514s|419400 |323003 | 69158k| 164.9 |   665M | 163 | 951 |5425 |5425 |   0 |  0 |   0 |  37 | 3.400000e+01 | 1.062000e+02 | 212.35%| unknown
 3515s|419500 |323073 | 69183k| 164.9 |   665M | 163 | 951 |5425 |5425 |   0 |  0 |   0 |  37 | 3.400000e+01 | 1.062000e+02 | 212.35%| unknown
 3516s|419600 |323163 | 69196k| 164.9 |   665M | 163 | 951 |5425 |5425 |   0 |  0 |   0 |  37 | 3.400000e+01 | 1.062000e+02 | 212.35%| unknown
 3517s|419700 |323227 | 69211k| 164.9 |   665M | 163 | 951 |5425 |5425 |   0 |  0 |   0 |  37 | 3.400000e+01 | 1.062000e+02 | 212.35%| unknown
 3517s|419800 |323307 | 69225k| 164.9 |   665M | 163 | 951 |5425 |5425 |   0 |  0 |   0 |  37 | 3.400000e+01 | 1.062000e+02 | 212.35%| unknown
 time | node  | left  |LP iter|LP it/n|mem/heur|mdpt |vars |cons |rows |cuts |sepa|confs|strbr|  dualbound   | primalbound  |  gap   | compl. 
 3518s|419900 |323385 | 69241k| 164.9 |   665M | 163 | 951 |5425 |5425 |   0 |  0 |   0 |  37 | 3.400000e+01 | 1.062000e+02 | 212.35%| unknown
 3519s|420000 |323455 | 69262k| 164.9 |   667M | 163 | 951 |5425 |5425 |   0 |  0 |   0 |  37 | 3.400000e+01 | 1.062000e+02 | 212.35%| unknown
 3520s|420100 |323531 | 69286k| 164.9 |   667M | 163 | 951 |5425 |5425 |   0 |  0 |   0 |  37 | 3.400000e+01 | 1.062000e+02 | 212.35%| unknown
 3521s|420200 |323597 | 69314k| 165.0 |   667M | 163 | 951 |5425 |5425 |   0 |  0 |   0 |  37 | 3.400000e+01 | 1.062000e+02 | 212.35%| unknown
 3522s|420300 |323665 | 69331k| 165.0 |   667M | 163 | 951 |5425 |5425 |   0 |  0 |   0 |  37 | 3.400000e+01 | 1.062000e+02 | 212.35%| unknown
 3523s|420400 |323749 | 69347k| 165.0 |   668M | 163 | 951 |5425 |5425 |   0 |  0 |   0 |  37 | 3.400000e+01 | 1.062000e+02 | 212.35%| unknown
 3524s|420500 |323831 | 69370k| 165.0 |   668M | 163 | 951 |5425 |5425 |   0 |  0 |   0 |  37 | 3.400000e+01 | 1.062000e+02 | 212.35%| unknown
 3525s|420600 |323923 | 69382k| 165.0 |   668M | 163 | 951 |5425 |5425 |   0 |  0 |   0 |  37 | 3.400000e+01 | 1.062000e+02 | 212.35%| unknown
 3526s|420700 |323999 | 69407k| 165.0 |   668M | 163 | 951 |5425 |5425 |   0 |  0 |   0 |  37 | 3.400000e+01 | 1.062000e+02 | 212.35%| unknown
 3527s|420800 |324081 | 69425k| 165.0 |   668M | 163 | 951 |5425 |5425 |   0 |  0 |   0 |  37 | 3.400000e+01 | 1.062000e+02 | 212.35%| unknown
 3528s|420900 |324147 | 69439k| 165.0 |   668M | 163 | 951 |5425 |5425 |   0 |  0 |   0 |  37 | 3.400000e+01 | 1.062000e+02 | 212.35%| unknown
 3529s|421000 |324207 | 69471k| 165.0 |   668M | 163 | 951 |5425 |5425 |   0 |  0 |   0 |  37 | 3.400000e+01 | 1.062000e+02 | 212.35%| unknown
 3529s|421100 |324297 | 69472k| 165.0 |   669M | 163 | 951 |5425 |5425 |   0 |  0 |   0 |  37 | 3.400000e+01 | 1.062000e+02 | 212.35%| unknown
 3529s|421200 |324359 | 69474k| 164.9 |   669M | 163 | 951 |5425 |5425 |   0 |  0 |   0 |  37 | 3.400000e+01 | 1.062000e+02 | 212.35%| unknown
 3529s|421300 |324439 | 69475k| 164.9 |   669M | 163 | 951 |5425 |5425 |   0 |  0 |   0 |  37 | 3.400000e+01 | 1.062000e+02 | 212.35%| unknown
 time | node  | left  |LP iter|LP it/n|mem/heur|mdpt |vars |cons |rows |cuts |sepa|confs|strbr|  dualbound   | primalbound  |  gap   | compl. 
 3530s|421400 |324515 | 69481k| 164.9 |   669M | 163 | 951 |5425 |5425 |   0 |  0 |   0 |  37 | 3.400000e+01 | 1.062000e+02 | 212.35%| unknown
 3531s|421500 |324585 | 69495k| 164.9 |   669M | 163 | 951 |5425 |5425 |   0 |  0 |   0 |  37 | 3.400000e+01 | 1.062000e+02 | 212.35%| unknown
 3531s|421600 |324679 | 69512k| 164.9 |   669M | 163 | 951 |5425 |5425 |   0 |  0 |   0 |  37 | 3.400000e+01 | 1.062000e+02 | 212.35%| unknown
 3532s|421700 |324755 | 69527k| 164.9 |   669M | 163 | 951 |5425 |5425 |   0 |  0 |   0 |  37 | 3.400000e+01 | 1.062000e+02 | 212.35%| unknown
 3534s|421800 |324831 | 69569k| 164.9 |   669M | 163 | 951 |5425 |5425 |   0 |  0 |   0 |  37 | 3.400000e+01 | 1.062000e+02 | 212.35%| unknown
 3535s|421900 |324897 | 69584k| 164.9 |   669M | 163 | 951 |5425 |5425 |   0 |  0 |   0 |  37 | 3.400000e+01 | 1.062000e+02 | 212.35%| unknown
 3536s|422000 |324981 | 69616k| 165.0 |   669M | 163 | 951 |5425 |5425 |   0 |  0 |   0 |  37 | 3.400000e+01 | 1.062000e+02 | 212.35%| unknown
 3538s|422100 |325065 | 69649k| 165.0 |   670M | 163 | 951 |5425 |5425 |   0 |  0 |   0 |  37 | 3.400000e+01 | 1.062000e+02 | 212.35%| unknown
 3538s|422200 |325135 | 69652k| 165.0 |   670M | 163 | 951 |5425 |5425 |   0 |  0 |   0 |  37 | 3.400000e+01 | 1.062000e+02 | 212.35%| unknown
 3538s|422300 |325203 | 69654k| 164.9 |   670M | 163 | 951 |5425 |5425 |   0 |  0 |   0 |  37 | 3.400000e+01 | 1.062000e+02 | 212.35%| unknown
 3538s|422400 |325277 | 69657k| 164.9 |   670M | 163 | 951 |5425 |5425 |   0 |  0 |   0 |  37 | 3.400000e+01 | 1.062000e+02 | 212.35%| unknown
 3540s|422500 |325343 | 69681k| 164.9 |   670M | 163 | 951 |5425 |5425 |   0 |  0 |   0 |  37 | 3.400000e+01 | 1.062000e+02 | 212.35%| unknown
 3540s|422600 |325421 | 69699k| 164.9 |   670M | 163 | 951 |5425 |5425 |   0 |  0 |   0 |  37 | 3.400000e+01 | 1.062000e+02 | 212.35%| unknown
 3542s|422700 |325475 | 69722k| 164.9 |   670M | 163 | 951 |5425 |5425 |   0 |  0 |   0 |  37 | 3.400000e+01 | 1.062000e+02 | 212.35%| unknown
 3543s|422800 |325547 | 69751k| 165.0 |   671M | 163 | 951 |5425 |5425 |   0 |  0 |   0 |  37 | 3.400000e+01 | 1.062000e+02 | 212.35%| unknown
 time | node  | left  |LP iter|LP it/n|mem/heur|mdpt |vars |cons |rows |cuts |sepa|confs|strbr|  dualbound   | primalbound  |  gap   | compl. 
 3545s|422900 |325639 | 69798k| 165.0 |   671M | 163 | 951 |5425 |5425 |   0 |  0 |   0 |  37 | 3.400000e+01 | 1.062000e+02 | 212.35%| unknown
 3546s|423000 |325711 | 69820k| 165.1 |   671M | 163 | 951 |5425 |5425 |   0 |  0 |   0 |  37 | 3.400000e+01 | 1.062000e+02 | 212.35%| unknown
 3547s|423100 |325791 | 69845k| 165.1 |   671M | 163 | 951 |5425 |5425 |   0 |  0 |   0 |  37 | 3.400000e+01 | 1.062000e+02 | 212.35%| unknown
 3548s|423200 |325871 | 69866k| 165.1 |   672M | 163 | 951 |5425 |5425 |   0 |  0 |   0 |  37 | 3.400000e+01 | 1.062000e+02 | 212.35%| unknown
 3549s|423300 |325947 | 69887k| 165.1 |   672M | 163 | 951 |5425 |5425 |   0 |  0 |   0 |  37 | 3.400000e+01 | 1.062000e+02 | 212.35%| unknown
 3550s|423400 |326025 | 69905k| 165.1 |   672M | 163 | 951 |5425 |5425 |   0 |  0 |   0 |  37 | 3.400000e+01 | 1.062000e+02 | 212.35%| unknown
 3551s|423500 |326077 | 69927k| 165.1 |   672M | 163 | 951 |5425 |5425 |   0 |  0 |   0 |  37 | 3.400000e+01 | 1.062000e+02 | 212.35%| unknown
 3552s|423600 |326157 | 69942k| 165.1 |   672M | 163 | 951 |5425 |5425 |   0 |  0 |   0 |  37 | 3.400000e+01 | 1.062000e+02 | 212.35%| unknown
 3553s|423700 |326241 | 69970k| 165.1 |   672M | 163 | 951 |5425 |5425 |   0 |  0 |   0 |  37 | 3.400000e+01 | 1.062000e+02 | 212.35%| unknown
 3555s|423800 |326295 | 70012k| 165.2 |   672M | 163 | 951 |5425 |5425 |   0 |  0 |   0 |  37 | 3.400000e+01 | 1.062000e+02 | 212.35%| unknown
 3557s|423900 |326363 | 70044k| 165.2 |   672M | 163 | 951 |5425 |5425 |   0 |  0 |   0 |  37 | 3.400000e+01 | 1.062000e+02 | 212.35%| unknown
 3558s|424000 |326439 | 70063k| 165.2 |   672M | 163 | 951 |5425 |5425 |   0 |  0 |   0 |  37 | 3.400000e+01 | 1.062000e+02 | 212.35%| unknown
 3558s|424100 |326511 | 70083k| 165.3 |   672M | 163 | 951 |5425 |5425 |   0 |  0 |   0 |  37 | 3.400000e+01 | 1.062000e+02 | 212.35%| unknown
 3559s|424200 |326589 | 70101k| 165.3 |   672M | 163 | 951 |5425 |5425 |   0 |  0 |   0 |  37 | 3.400000e+01 | 1.062000e+02 | 212.35%| unknown
 3560s|424300 |326661 | 70120k| 165.3 |   673M | 163 | 951 |5425 |5425 |   0 |  0 |   0 |  37 | 3.400000e+01 | 1.062000e+02 | 212.35%| unknown
 time | node  | left  |LP iter|LP it/n|mem/heur|mdpt |vars |cons |rows |cuts |sepa|confs|strbr|  dualbound   | primalbound  |  gap   | compl. 
 3561s|424400 |326741 | 70145k| 165.3 |   673M | 163 | 951 |5425 |5425 |   0 |  0 |   0 |  37 | 3.400000e+01 | 1.062000e+02 | 212.35%| unknown
 3563s|424500 |326815 | 70168k| 165.3 |   674M | 163 | 951 |5425 |5425 |   0 |  0 |   0 |  37 | 3.400000e+01 | 1.062000e+02 | 212.35%| unknown
 3563s|424600 |326887 | 70183k| 165.3 |   674M | 163 | 951 |5425 |5425 |   0 |  0 |   0 |  37 | 3.400000e+01 | 1.062000e+02 | 212.35%| unknown
 3564s|424700 |326947 | 70195k| 165.3 |   674M | 163 | 951 |5425 |5425 |   0 |  0 |   0 |  37 | 3.400000e+01 | 1.062000e+02 | 212.35%| unknown
 3566s|424800 |327017 | 70232k| 165.3 |   674M | 163 | 951 |5425 |5425 |   0 |  0 |   0 |  37 | 3.400000e+01 | 1.062000e+02 | 212.35%| unknown
 3567s|424900 |327091 | 70250k| 165.3 |   674M | 163 | 951 |5425 |5425 |   0 |  0 |   0 |  37 | 3.400000e+01 | 1.062000e+02 | 212.35%| unknown
 3567s|425000 |327175 | 70261k| 165.3 |   674M | 163 | 951 |5425 |5425 |   0 |  0 |   0 |  37 | 3.400000e+01 | 1.062000e+02 | 212.35%| unknown
 3568s|425100 |327261 | 70266k| 165.3 |   674M | 163 | 951 |5425 |5425 |   0 |  0 |   0 |  37 | 3.400000e+01 | 1.062000e+02 | 212.35%| unknown
 3568s|425200 |327337 | 70268k| 165.3 |   674M | 163 | 951 |5425 |5425 |   0 |  0 |   0 |  37 | 3.400000e+01 | 1.062000e+02 | 212.35%| unknown
 3568s|425300 |327413 | 70279k| 165.2 |   674M | 163 | 951 |5425 |5425 |   0 |  0 |   0 |  37 | 3.400000e+01 | 1.062000e+02 | 212.35%| unknown
 3569s|425400 |327479 | 70294k| 165.2 |   675M | 163 | 951 |5425 |5425 |   0 |  0 |   0 |  37 | 3.400000e+01 | 1.062000e+02 | 212.35%| unknown
 3570s|425500 |327545 | 70312k| 165.2 |   675M | 163 | 951 |5425 |5425 |   0 |  0 |   0 |  37 | 3.400000e+01 | 1.062000e+02 | 212.35%| unknown
 3570s|425600 |327607 | 70314k| 165.2 |   675M | 163 | 951 |5425 |5425 |   0 |  0 |   0 |  37 | 3.400000e+01 | 1.062000e+02 | 212.35%| unknown
 3570s|425700 |327675 | 70316k| 165.2 |   675M | 163 | 951 |5425 |5425 |   0 |  0 |   0 |  37 | 3.400000e+01 | 1.062000e+02 | 212.35%| unknown
 3571s|425800 |327741 | 70317k| 165.1 |   675M | 163 | 951 |5425 |5425 |   0 |  0 |   0 |  37 | 3.400000e+01 | 1.062000e+02 | 212.35%| unknown
 time | node  | left  |LP iter|LP it/n|mem/heur|mdpt |vars |cons |rows |cuts |sepa|confs|strbr|  dualbound   | primalbound  |  gap   | compl. 
 3571s|425900 |327807 | 70318k| 165.1 |   675M | 163 | 951 |5425 |5425 |   0 |  0 |   0 |  37 | 3.400000e+01 | 1.062000e+02 | 212.35%| unknown
 3571s|426000 |327871 | 70320k| 165.1 |   675M | 163 | 951 |5425 |5425 |   0 |  0 |   0 |  37 | 3.400000e+01 | 1.062000e+02 | 212.35%| unknown
 3572s|426100 |327947 | 70338k| 165.1 |   675M | 163 | 951 |5425 |5425 |   0 |  0 |   0 |  37 | 3.400000e+01 | 1.062000e+02 | 212.35%| unknown
 3573s|426200 |328019 | 70365k| 165.1 |   675M | 163 | 951 |5425 |5425 |   0 |  0 |   0 |  37 | 3.400000e+01 | 1.062000e+02 | 212.35%| unknown
 3574s|426300 |328081 | 70384k| 165.1 |   675M | 163 | 951 |5425 |5425 |   0 |  0 |   0 |  37 | 3.400000e+01 | 1.062000e+02 | 212.35%| unknown
 3575s|426400 |328155 | 70410k| 165.1 |   675M | 163 | 951 |5425 |5425 |   0 |  0 |   0 |  37 | 3.400000e+01 | 1.062000e+02 | 212.35%| unknown
 3577s|426500 |328229 | 70440k| 165.2 |   675M | 163 | 951 |5425 |5425 |   0 |  0 |   0 |  37 | 3.400000e+01 | 1.062000e+02 | 212.35%| unknown
 3578s|426600 |328313 | 70476k| 165.2 |   677M | 163 | 951 |5425 |5425 |   0 |  0 |   0 |  37 | 3.400000e+01 | 1.062000e+02 | 212.35%| unknown
 3579s|426700 |328385 | 70497k| 165.2 |   677M | 163 | 951 |5425 |5425 |   0 |  0 |   0 |  37 | 3.400000e+01 | 1.062000e+02 | 212.35%| unknown
 3581s|426800 |328457 | 70527k| 165.2 |   677M | 163 | 951 |5425 |5425 |   0 |  0 |   0 |  37 | 3.400000e+01 | 1.062000e+02 | 212.35%| unknown
 3582s|426900 |328531 | 70557k| 165.3 |   677M | 163 | 951 |5425 |5425 |   0 |  0 |   0 |  37 | 3.400000e+01 | 1.062000e+02 | 212.35%| unknown
 3583s|427000 |328615 | 70577k| 165.3 |   677M | 163 | 951 |5425 |5425 |   0 |  0 |   0 |  37 | 3.400000e+01 | 1.062000e+02 | 212.35%| unknown
 3584s|427100 |328701 | 70594k| 165.3 |   677M | 163 | 951 |5425 |5425 |   0 |  0 |   0 |  37 | 3.400000e+01 | 1.062000e+02 | 212.35%| unknown
 3585s|427200 |328779 | 70628k| 165.3 |   677M | 163 | 951 |5425 |5425 |   0 |  0 |   0 |  37 | 3.400000e+01 | 1.062000e+02 | 212.35%| unknown
 3586s|427300 |328857 | 70649k| 165.3 |   677M | 163 | 951 |5425 |5425 |   0 |  0 |   0 |  37 | 3.400000e+01 | 1.062000e+02 | 212.35%| unknown
 time | node  | left  |LP iter|LP it/n|mem/heur|mdpt |vars |cons |rows |cuts |sepa|confs|strbr|  dualbound   | primalbound  |  gap   | compl. 
 3588s|427400 |328941 | 70683k| 165.4 |   677M | 163 | 951 |5425 |5425 |   0 |  0 |   0 |  37 | 3.400000e+01 | 1.062000e+02 | 212.35%| unknown
 3588s|427500 |329013 | 70697k| 165.4 |   677M | 163 | 951 |5425 |5425 |   0 |  0 |   0 |  37 | 3.400000e+01 | 1.062000e+02 | 212.35%| unknown
 3589s|427600 |329081 | 70701k| 165.3 |   678M | 163 | 951 |5425 |5425 |   0 |  0 |   0 |  37 | 3.400000e+01 | 1.062000e+02 | 212.35%| unknown
 3589s|427700 |329159 | 70704k| 165.3 |   678M | 163 | 951 |5425 |5425 |   0 |  0 |   0 |  37 | 3.400000e+01 | 1.062000e+02 | 212.35%| unknown
 3590s|427800 |329225 | 70721k| 165.3 |   678M | 163 | 951 |5425 |5425 |   0 |  0 |   0 |  37 | 3.400000e+01 | 1.062000e+02 | 212.35%| unknown
 3591s|427900 |329305 | 70741k| 165.3 |   679M | 163 | 951 |5425 |5425 |   0 |  0 |   0 |  37 | 3.400000e+01 | 1.062000e+02 | 212.35%| unknown
 3592s|428000 |329381 | 70768k| 165.3 |   679M | 163 | 951 |5425 |5425 |   0 |  0 |   0 |  37 | 3.400000e+01 | 1.062000e+02 | 212.35%| unknown
 3593s|428100 |329439 | 70801k| 165.4 |   679M | 163 | 951 |5425 |5425 |   0 |  0 |   0 |  37 | 3.400000e+01 | 1.062000e+02 | 212.35%| unknown
 3594s|428200 |329521 | 70820k| 165.4 |   679M | 163 | 951 |5425 |5425 |   0 |  0 |   0 |  37 | 3.400000e+01 | 1.062000e+02 | 212.35%| unknown
 3595s|428300 |329613 | 70838k| 165.4 |   679M | 163 | 951 |5425 |5425 |   0 |  0 |   0 |  37 | 3.400000e+01 | 1.062000e+02 | 212.35%| unknown
 3596s|428400 |329683 | 70859k| 165.4 |   679M | 163 | 951 |5425 |5425 |   0 |  0 |   0 |  37 | 3.400000e+01 | 1.062000e+02 | 212.35%| unknown
 3597s|428500 |329761 | 70874k| 165.4 |   679M | 163 | 951 |5425 |5425 |   0 |  0 |   0 |  37 | 3.400000e+01 | 1.062000e+02 | 212.35%| unknown
 3598s|428600 |329839 | 70888k| 165.4 |   679M | 163 | 951 |5425 |5425 |   0 |  0 |   0 |  37 | 3.400000e+01 | 1.062000e+02 | 212.35%| unknown
 3598s|428700 |329907 | 70906k| 165.4 |   680M | 163 | 951 |5425 |5425 |   0 |  0 |   0 |  37 | 3.400000e+01 | 1.062000e+02 | 212.35%| unknown
 3599s|428800 |329983 | 70924k| 165.4 |   680M | 163 | 951 |5425 |5425 |   0 |  0 |   0 |  37 | 3.400000e+01 | 1.062000e+02 | 212.35%| unknown
 time | node  | left  |LP iter|LP it/n|mem/heur|mdpt |vars |cons |rows |cuts |sepa|confs|strbr|  dualbound   | primalbound  |  gap   | compl. 
 3599s|428900 |330061 | 70925k| 165.4 |   680M | 163 | 951 |5425 |5425 |   0 |  0 |   0 |  37 | 3.400000e+01 | 1.062000e+02 | 212.35%| unknown
 3600s|429000 |330149 | 70927k| 165.3 |   680M | 163 | 951 |5425 |5425 |   0 |  0 |   0 |  37 | 3.400000e+01 | 1.062000e+02 | 212.35%| unknown

SCIP Status        : solving was interrupted [time limit reached]
Solving Time (sec) : 3600.00
Solving Nodes      : 429062
Primal Bound       : +1.06200000000000e+02 (1 solutions)
Dual Bound         : +3.40000000000000e+01
Gap                : 212.35 %
objective value:                                106.2
delta[B24,B22]                                      1 	(obj:0)
delta[B0,B3]                                        1 	(obj:0)
delta[B0,B4]                                        1 	(obj:0)
delta[B0,B5]                                        1 	(obj:0)
delta[B0,B6]                                        1 	(obj:0)
delta[B0,B7]                                        1 	(obj:0)
delta[B0,B9]                                        1 	(obj:0)
delta[B0,B10]                                       1 	(obj:0)
delta[B0,B12]                                       1 	(obj:0)
delta[B0,B14]                                       1 	(obj:0)
delta[B0,B15]                                       1 	(obj:0)
delta[B0,B16]                                       1 	(obj:0)
delta[B0,B20]                                       1 	(obj:0)
delta[B0,B21]                                       1 	(obj:0)
delta[B0,B22]                                       1 	(obj:0)
delta[B1,B0]                                        1 	(obj:0)
delta[B1,B3]                                        1 	(obj:0)
delta[B1,B4]                                        1 	(obj:0)
delta[B1,B5]                                        1 	(obj:0)
delta[B1,B6]                                        1 	(obj:0)
delta[B1,B7]                                        1 	(obj:0)
delta[B1,B8]                                        1 	(obj:0)
delta[B1,B9]                                        1 	(obj:0)
delta[B1,B10]                                       1 	(obj:0)
delta[B1,B12]                                       1 	(obj:0)
delta[B1,B14]                                       1 	(obj:0)
delta[B1,B15]                                       1 	(obj:0)
delta[B1,B16]                                       1 	(obj:0)
delta[B1,B17]                                       1 	(obj:0)
delta[B1,B19]                                       1 	(obj:0)
delta[B1,B20]                                       1 	(obj:0)
delta[B1,B21]                                       1 	(obj:0)
delta[B1,B22]                                       1 	(obj:0)
delta[B2,B3]                                        1 	(obj:0)
delta[B2,B4]                                        1 	(obj:0)
delta[B2,B5]                                        1 	(obj:0)
delta[B2,B6]                                        1 	(obj:0)
delta[B2,B7]                                        1 	(obj:0)
delta[B2,B8]                                        1 	(obj:0)
delta[B2,B9]                                        1 	(obj:0)
delta[B2,B15]                                       1 	(obj:0)
delta[B2,B19]                                       1 	(obj:0)
delta[B2,B20]                                       1 	(obj:0)
delta[B2,B21]                                       1 	(obj:0)
delta[B2,B22]                                       1 	(obj:0)
delta[B2,B23]                                       1 	(obj:0)
delta[B2,B24]                                       1 	(obj:0)
delta[B3,B0]                                        1 	(obj:0)
delta[B3,B6]                                        1 	(obj:0)
delta[B3,B7]                                        1 	(obj:0)
delta[B3,B10]                                       1 	(obj:0)
delta[B3,B12]                                       1 	(obj:0)
delta[B3,B14]                                       1 	(obj:0)
delta[B3,B15]                                       1 	(obj:0)
delta[B3,B19]                                       1 	(obj:0)
delta[B3,B20]                                       1 	(obj:0)
delta[B3,B21]                                       1 	(obj:0)
delta[B3,B22]                                       1 	(obj:0)
delta[B4,B0]                                        1 	(obj:0)
delta[B4,B1]                                        1 	(obj:0)
delta[B4,B5]                                        1 	(obj:0)
delta[B4,B6]                                        1 	(obj:0)
delta[B4,B7]                                        1 	(obj:0)
delta[B4,B9]                                        1 	(obj:0)
delta[B4,B10]                                       1 	(obj:0)
delta[B4,B12]                                       1 	(obj:0)
delta[B4,B15]                                       1 	(obj:0)
delta[B4,B19]                                       1 	(obj:0)
delta[B4,B20]                                       1 	(obj:0)
delta[B4,B21]                                       1 	(obj:0)
delta[B5,B7]                                        1 	(obj:0)
delta[B6,B0]                                        1 	(obj:0)
delta[B6,B1]                                        1 	(obj:0)
delta[B6,B5]                                        1 	(obj:0)
delta[B6,B7]                                        1 	(obj:0)
delta[B6,B9]                                        1 	(obj:0)
delta[B6,B10]                                       1 	(obj:0)
delta[B6,B12]                                       1 	(obj:0)
delta[B6,B14]                                       1 	(obj:0)
delta[B6,B15]                                       1 	(obj:0)
delta[B6,B21]                                       1 	(obj:0)
delta[B7,B5]                                        1 	(obj:0)
delta[B7,B10]                                       1 	(obj:0)
delta[B7,B12]                                       1 	(obj:0)
delta[B7,B14]                                       1 	(obj:0)
delta[B7,B15]                                       1 	(obj:0)
delta[B7,B19]                                       1 	(obj:0)
delta[B7,B20]                                       1 	(obj:0)
delta[B7,B21]                                       1 	(obj:0)
delta[B8,B5]                                        1 	(obj:0)
delta[B8,B6]                                        1 	(obj:0)
delta[B8,B9]                                        1 	(obj:0)
delta[B8,B10]                                       1 	(obj:0)
delta[B8,B12]                                       1 	(obj:0)
delta[B8,B15]                                       1 	(obj:0)
delta[B8,B19]                                       1 	(obj:0)
delta[B8,B21]                                       1 	(obj:0)
delta[B10,B4]                                       1 	(obj:0)
delta[B10,B6]                                       1 	(obj:0)
delta[B10,B7]                                       1 	(obj:0)
delta[B10,B14]                                      1 	(obj:0)
delta[B10,B16]                                      1 	(obj:0)
delta[B10,B21]                                      1 	(obj:0)
delta[B10,B22]                                      1 	(obj:0)
delta[B11,B0]                                       1 	(obj:0)
delta[B11,B1]                                       1 	(obj:0)
delta[B11,B3]                                       1 	(obj:0)
delta[B11,B4]                                       1 	(obj:0)
delta[B11,B6]                                       1 	(obj:0)
delta[B11,B7]                                       1 	(obj:0)
delta[B11,B10]                                      1 	(obj:0)
delta[B11,B12]                                      1 	(obj:0)
delta[B11,B13]                                      1 	(obj:0)
delta[B11,B14]                                      1 	(obj:0)
delta[B11,B16]                                      1 	(obj:0)
delta[B11,B17]                                      1 	(obj:0)
delta[B11,B20]                                      1 	(obj:0)
delta[B11,B21]                                      1 	(obj:0)
delta[B11,B22]                                      1 	(obj:0)
delta[B11,B23]                                      1 	(obj:0)
delta[B11,B24]                                      1 	(obj:0)
delta[B12,B0]                                       1 	(obj:0)
delta[B12,B5]                                       1 	(obj:0)
delta[B12,B6]                                       1 	(obj:0)
delta[B12,B7]                                       1 	(obj:0)
delta[B12,B9]                                       1 	(obj:0)
delta[B12,B10]                                      1 	(obj:0)
delta[B12,B14]                                      1 	(obj:0)
delta[B12,B16]                                      1 	(obj:0)
delta[B12,B21]                                      1 	(obj:0)
delta[B12,B22]                                      1 	(obj:0)
delta[B13,B0]                                       1 	(obj:0)
delta[B13,B1]                                       1 	(obj:0)
delta[B13,B3]                                       1 	(obj:0)
delta[B13,B4]                                       1 	(obj:0)
delta[B13,B6]                                       1 	(obj:0)
delta[B13,B7]                                       1 	(obj:0)
delta[B13,B10]                                      1 	(obj:0)
delta[B13,B11]                                      1 	(obj:0)
delta[B13,B12]                                      1 	(obj:0)
delta[B13,B14]                                      1 	(obj:0)
delta[B13,B16]                                      1 	(obj:0)
delta[B13,B17]                                      1 	(obj:0)
delta[B13,B20]                                      1 	(obj:0)
delta[B13,B21]                                      1 	(obj:0)
delta[B13,B22]                                      1 	(obj:0)
delta[B13,B23]                                      1 	(obj:0)
delta[B13,B24]                                      1 	(obj:0)
delta[B15,B4]                                       1 	(obj:0)
delta[B15,B5]                                       1 	(obj:0)
delta[B15,B6]                                       1 	(obj:0)
delta[B15,B7]                                       1 	(obj:0)
delta[B15,B9]                                       1 	(obj:0)
delta[B15,B10]                                      1 	(obj:0)
delta[B15,B16]                                      1 	(obj:0)
delta[B15,B21]                                      1 	(obj:0)
delta[B15,B22]                                      1 	(obj:0)
delta[B16,B0]                                       1 	(obj:0)
delta[B16,B1]                                       1 	(obj:0)
delta[B16,B3]                                       1 	(obj:0)
delta[B16,B7]                                       1 	(obj:0)
delta[B16,B10]                                      1 	(obj:0)
delta[B16,B12]                                      1 	(obj:0)
delta[B16,B14]                                      1 	(obj:0)
delta[B16,B15]                                      1 	(obj:0)
delta[B16,B22]                                      1 	(obj:0)
delta[B17,B0]                                       1 	(obj:0)
delta[B17,B1]                                       1 	(obj:0)
delta[B17,B3]                                       1 	(obj:0)
delta[B17,B4]                                       1 	(obj:0)
delta[B17,B5]                                       1 	(obj:0)
delta[B17,B6]                                       1 	(obj:0)
delta[B17,B7]                                       1 	(obj:0)
delta[B17,B8]                                       1 	(obj:0)
delta[B17,B9]                                       1 	(obj:0)
delta[B17,B10]                                      1 	(obj:0)
delta[B17,B12]                                      1 	(obj:0)
delta[B17,B14]                                      1 	(obj:0)
delta[B17,B15]                                      1 	(obj:0)
delta[B17,B19]                                      1 	(obj:0)
delta[B17,B20]                                      1 	(obj:0)
delta[B17,B21]                                      1 	(obj:0)
delta[B17,B22]                                      1 	(obj:0)
delta[B18,B0]                                       1 	(obj:0)
delta[B18,B1]                                       1 	(obj:0)
delta[B18,B3]                                       1 	(obj:0)
delta[B18,B4]                                       1 	(obj:0)
delta[B18,B5]                                       1 	(obj:0)
delta[B18,B6]                                       1 	(obj:0)
delta[B18,B7]                                       1 	(obj:0)
delta[B18,B8]                                       1 	(obj:0)
delta[B18,B9]                                       1 	(obj:0)
delta[B18,B10]                                      1 	(obj:0)
delta[B18,B12]                                      1 	(obj:0)
delta[B18,B15]                                      1 	(obj:0)
delta[B18,B19]                                      1 	(obj:0)
delta[B18,B20]                                      1 	(obj:0)
delta[B18,B21]                                      1 	(obj:0)
delta[B18,B22]                                      1 	(obj:0)
delta[B18,B23]                                      1 	(obj:0)
delta[B18,B24]                                      1 	(obj:0)
delta[B19,B3]                                       1 	(obj:0)
delta[B19,B4]                                       1 	(obj:0)
delta[B19,B5]                                       1 	(obj:0)
delta[B19,B6]                                       1 	(obj:0)
delta[B19,B7]                                       1 	(obj:0)
delta[B19,B8]                                       1 	(obj:0)
delta[B19,B9]                                       1 	(obj:0)
delta[B19,B10]                                      1 	(obj:0)
delta[B19,B12]                                      1 	(obj:0)
delta[B19,B15]                                      1 	(obj:0)
delta[B19,B20]                                      1 	(obj:0)
delta[B19,B21]                                      1 	(obj:0)
delta[B19,B22]                                      1 	(obj:0)
delta[B20,B0]                                       1 	(obj:0)
delta[B20,B3]                                       1 	(obj:0)
delta[B20,B4]                                       1 	(obj:0)
delta[B20,B5]                                       1 	(obj:0)
delta[B20,B6]                                       1 	(obj:0)
delta[B20,B7]                                       1 	(obj:0)
delta[B20,B9]                                       1 	(obj:0)
delta[B20,B10]                                      1 	(obj:0)
delta[B20,B12]                                      1 	(obj:0)
delta[B20,B15]                                      1 	(obj:0)
delta[B20,B19]                                      1 	(obj:0)
delta[B20,B21]                                      1 	(obj:0)
delta[B20,B22]                                      1 	(obj:0)
delta[B21,B0]                                       1 	(obj:0)
delta[B21,B7]                                       1 	(obj:0)
delta[B21,B10]                                      1 	(obj:0)
delta[B21,B19]                                      1 	(obj:0)
delta[B21,B22]                                      1 	(obj:0)
delta[B22,B7]                                       1 	(obj:0)
delta[B22,B10]                                      1 	(obj:0)
delta[B22,B12]                                      1 	(obj:0)
delta[B22,B14]                                      1 	(obj:0)
delta[B22,B15]                                      1 	(obj:0)
delta[B22,B21]                                      1 	(obj:0)
delta[B23,B0]                                       1 	(obj:0)
delta[B23,B1]                                       1 	(obj:0)
delta[B23,B2]                                       1 	(obj:0)
delta[B23,B3]                                       1 	(obj:0)
delta[B23,B7]                                       1 	(obj:0)
delta[B23,B10]                                      1 	(obj:0)
delta[B23,B11]                                      1 	(obj:0)
delta[B23,B12]                                      1 	(obj:0)
delta[B23,B13]                                      1 	(obj:0)
delta[B23,B14]                                      1 	(obj:0)
delta[B23,B15]                                      1 	(obj:0)
delta[B23,B16]                                      1 	(obj:0)
delta[B23,B17]                                      1 	(obj:0)
delta[B23,B18]                                      1 	(obj:0)
delta[B23,B19]                                      1 	(obj:0)
delta[B23,B20]                                      1 	(obj:0)
delta[B23,B21]                                      1 	(obj:0)
delta[B23,B22]                                      1 	(obj:0)
delta[B24,B0]                                       1 	(obj:0)
delta[B24,B1]                                       1 	(obj:0)
delta[B24,B2]                                       1 	(obj:0)
delta[B24,B3]                                       1 	(obj:0)
delta[B24,B6]                                       1 	(obj:0)
delta[B24,B7]                                       1 	(obj:0)
delta[B24,B10]                                      1 	(obj:0)
delta[B24,B11]                                      1 	(obj:0)
delta[B24,B12]                                      1 	(obj:0)
delta[B24,B13]                                      1 	(obj:0)
delta[B24,B14]                                      1 	(obj:0)
delta[B24,B15]                                      1 	(obj:0)
delta[B24,B17]                                      1 	(obj:0)
delta[B24,B18]                                      1 	(obj:0)
delta[B24,B19]                                      1 	(obj:0)
delta[B24,B20]                                      1 	(obj:0)
delta[B24,B21]                                      1 	(obj:0)
c[B19,1]                                         58.8 	(obj:0)
c[B20,0]                                           54 	(obj:0)
c[B20,1]                                         64.6 	(obj:0)
c[B21,0]                                           42 	(obj:0)
c[B21,1]                                         89.7 	(obj:0)
c[B22,0]                                         10.5 	(obj:0)
c[B22,1]                                         78.3 	(obj:0)
c[B23,0]                                            9 	(obj:0)
c[B23,1]                                           18 	(obj:0)
c[B24,0]                                           27 	(obj:0)
c[B24,1]                                         22.5 	(obj:0)
h                                               106.2 	(obj:1)
c[B0,0]                                          72.5 	(obj:0)
c[B0,1]                                          59.3 	(obj:0)
c[B1,0]                                            53 	(obj:0)
c[B1,1]                                          41.5 	(obj:0)
c[B2,0]                                            91 	(obj:0)
c[B2,1]                                          13.5 	(obj:0)
c[B3,0]                                            16 	(obj:0)
c[B3,1]                                          61.1 	(obj:0)
c[B4,0]                                            41 	(obj:0)
c[B4,1]                                          60.3 	(obj:0)
c[B5,0]                                            80 	(obj:0)
c[B5,1]                                          91.3 	(obj:0)
c[B6,0]                                          31.5 	(obj:0)
c[B6,1]                                          75.3 	(obj:0)
c[B7,0]                                           9.5 	(obj:0)
c[B7,1]                                          89.7 	(obj:0)
c[B8,0]                                          82.5 	(obj:0)
c[B8,1]                                          61.8 	(obj:0)
c[B9,0]                                          88.5 	(obj:0)
c[B9,1]                                          90.2 	(obj:0)
c[B10,0]                                           68 	(obj:0)
c[B10,1]                                         90.7 	(obj:0)
c[B11,0]                                         52.5 	(obj:0)
c[B11,1]                                            6 	(obj:0)
c[B12,0]                                         50.5 	(obj:0)
c[B12,1]                                         77.3 	(obj:0)
c[B13,0]                                           41 	(obj:0)
c[B13,1]                                           10 	(obj:0)
c[B14,0]                                           21 	(obj:0)
c[B14,1]                                        101.7 	(obj:0)
c[B15,0]                                           68 	(obj:0)
c[B15,1]                                         77.3 	(obj:0)
c[B16,0]                                          6.5 	(obj:0)
c[B16,1]                                           41 	(obj:0)
c[B17,0]                                           27 	(obj:0)
c[B17,1]                                         44.1 	(obj:0)
c[B18,0]                                           67 	(obj:0)
c[B18,1]                                          9.5 	(obj:0)
c[B19,0]                                         92.5 	(obj:0)
DELTA[B0,B3]                                        1 	(obj:0)
DELTA[B0,B4]                                        1 	(obj:0)
DELTA[B0,B6]                                        1 	(obj:0)
DELTA[B0,B12]                                       1 	(obj:0)
DELTA[B0,B16]                                       1 	(obj:0)
DELTA[B0,B20]                                       1 	(obj:0)
DELTA[B0,B21]                                       1 	(obj:0)
DELTA[B1,B4]                                        1 	(obj:0)
DELTA[B1,B6]                                        1 	(obj:0)
DELTA[B1,B16]                                       1 	(obj:0)
DELTA[B1,B17]                                       1 	(obj:0)
DELTA[B2,B23]                                       1 	(obj:0)
DELTA[B2,B24]                                       1 	(obj:0)
DELTA[B3,B19]                                       1 	(obj:0)
DELTA[B3,B20]                                       1 	(obj:0)
DELTA[B4,B10]                                       1 	(obj:0)
DELTA[B4,B15]                                       1 	(obj:0)
DELTA[B4,B19]                                       1 	(obj:0)
DELTA[B4,B20]                                       1 	(obj:0)
DELTA[B5,B7]                                        1 	(obj:0)
DELTA[B6,B10]                                       1 	(obj:0)
DELTA[B6,B12]                                       1 	(obj:0)
DELTA[B6,B15]                                       1 	(obj:0)
DELTA[B7,B10]                                       1 	(obj:0)
DELTA[B7,B12]                                       1 	(obj:0)
DELTA[B7,B15]                                       1 	(obj:0)
DELTA[B7,B19]                                       1 	(obj:0)
DELTA[B7,B20]                                       1 	(obj:0)
DELTA[B7,B21]                                       1 	(obj:0)
DELTA[B8,B19]                                       1 	(obj:0)
DELTA[B10,B16]                                      1 	(obj:0)
DELTA[B10,B21]                                      1 	(obj:0)
DELTA[B10,B22]                                      1 	(obj:0)
DELTA[B11,B13]                                      1 	(obj:0)
DELTA[B11,B23]                                      1 	(obj:0)
DELTA[B11,B24]                                      1 	(obj:0)
DELTA[B12,B16]                                      1 	(obj:0)
DELTA[B12,B22]                                      1 	(obj:0)
DELTA[B13,B23]                                      1 	(obj:0)
DELTA[B13,B24]                                      1 	(obj:0)
DELTA[B15,B16]                                      1 	(obj:0)
DELTA[B15,B22]                                      1 	(obj:0)
DELTA[B18,B23]                                      1 	(obj:0)
DELTA[B18,B24]                                      1 	(obj:0)
DELTA[B19,B20]                                      1 	(obj:0)
DELTA[B19,B21]                                      1 	(obj:0)
DELTA[B21,B22]                                      1 	(obj:0)
