1/1 feasible solution given by solution candidate storage, new primal bound 9.790000e+01

presolving:
presolving (0 rounds: 0 fast, 0 medium, 0 exhaustive):
 0 deleted vars, 0 deleted constraints, 0 added constraints, 0 tightened bounds, 0 added holes, 0 changed sides, 0 changed coefficients
 0 implications, 0 cliques, 0 implied integral variables (0 bin, 0 int, 0 cont)
presolved problem has 951 variables (600 bin, 0 int, 351 cont) and 5425 constraints
   5425 constraints of type <linear>
Presolving Time: 0.00
transformed 1/1 original solutions to the transformed problem space

 time | node  | left  |LP iter|LP it/n|mem/heur|mdpt |vars |cons |rows |cuts |sepa|confs|strbr|  dualbound   | primalbound  |  gap   | compl. 
  0.0s|     1 |     0 |  1019 |     - |    15M |   0 | 951 |5425 |5425 |   0 |  0 |   0 |   0 | 4.100000e+01 | 9.790000e+01 | 138.78%| unknown
  0.3s|     1 |     2 |  1059 |     - |    16M |   0 | 951 |5425 |5425 |   0 |  0 |   0 |  37 | 4.100000e+01 | 9.790000e+01 | 138.78%| unknown
  0.5s|   100 |   101 |  2269 |  12.6 |    16M |  85 | 951 |5425 |5425 |   0 |  0 |   0 |  37 | 4.100000e+01 | 9.790000e+01 | 138.78%| unknown
  0.8s|   200 |   197 |  3366 |  11.8 |    16M | 184 | 951 |5425 |5425 |   0 |  0 |   0 |  37 | 4.100000e+01 | 9.790000e+01 | 138.78%| unknown
  0.9s|   300 |   287 |  4195 |  10.6 |    17M | 242 | 951 |5425 |5425 |   0 |  0 |   0 |  37 | 4.100000e+01 | 9.790000e+01 | 138.78%| unknown
  1.1s|   400 |   359 |  5287 |  10.7 |    18M | 242 | 951 |5425 |5425 |   0 |  0 |   0 |  37 | 4.100000e+01 | 9.790000e+01 | 138.78%| unknown
  1.3s|   500 |   437 |  6831 |  11.6 |    18M | 242 | 951 |5425 |5425 |   0 |  0 |   0 |  37 | 4.100000e+01 | 9.790000e+01 | 138.78%| unknown
  1.5s|   600 |   501 |  8095 |  11.8 |    18M | 242 | 951 |5425 |5425 |   0 |  0 |   0 |  37 | 4.100000e+01 | 9.790000e+01 | 138.78%| unknown
  1.7s|   700 |   555 |  9254 |  11.8 |    19M | 242 | 951 |5425 |5425 |   0 |  0 |   0 |  37 | 4.100000e+01 | 9.790000e+01 | 138.78%| unknown
  2.1s|   800 |   613 | 15022 |  17.5 |    19M | 242 | 951 |5425 |5425 |   0 |  0 |   0 |  37 | 4.100000e+01 | 9.790000e+01 | 138.78%| unknown
  3.2s|   900 |   697 | 37332 |  40.4 |    19M | 242 | 951 |5425 |5425 |   0 |  0 |   0 |  37 | 4.100000e+01 | 9.790000e+01 | 138.78%| unknown
  4.0s|  1000 |   761 | 54574 |  53.6 |    19M | 242 | 951 |5425 |5425 |   0 |  0 |   0 |  37 | 4.100000e+01 | 9.790000e+01 | 138.78%| unknown
  4.6s|  1100 |   843 | 65637 |  58.8 |    19M | 242 | 951 |5425 |5425 |   0 |  0 |   0 |  37 | 4.100000e+01 | 9.790000e+01 | 138.78%| unknown
  5.2s|  1200 |   921 | 76557 |  63.0 |    19M | 242 | 951 |5425 |5425 |   0 |  0 |   0 |  37 | 4.100000e+01 | 9.790000e+01 | 138.78%| unknown
  6.6s|  1300 |   979 |105249 |  80.2 |    19M | 242 | 951 |5425 |5425 |   0 |  0 |   0 |  37 | 4.100000e+01 | 9.790000e+01 | 138.78%| unknown
 time | node  | left  |LP iter|LP it/n|mem/heur|mdpt |vars |cons |rows |cuts |sepa|confs|strbr|  dualbound   | primalbound  |  gap   | compl. 
  7.2s|  1400 |  1041 |117621 |  83.3 |    19M | 242 | 951 |5425 |5425 |   0 |  0 |   0 |  37 | 4.100000e+01 | 9.790000e+01 | 138.78%| unknown
  7.4s|  1500 |  1097 |119186 |  78.8 |    20M | 242 | 951 |5425 |5425 |   0 |  0 |   0 |  37 | 4.100000e+01 | 9.790000e+01 | 138.78%| unknown
  7.6s|  1600 |  1171 |120410 |  74.7 |    20M | 242 | 951 |5425 |5425 |   0 |  0 |   0 |  37 | 4.100000e+01 | 9.790000e+01 | 138.78%| unknown
  7.8s|  1700 |  1261 |121381 |  70.8 |    20M | 242 | 951 |5425 |5425 |   0 |  0 |   0 |  37 | 4.100000e+01 | 9.790000e+01 | 138.78%| unknown
  8.0s|  1800 |  1327 |122738 |  67.7 |    20M | 242 | 951 |5425 |5425 |   0 |  0 |   0 |  37 | 4.100000e+01 | 9.790000e+01 | 138.78%| unknown
  8.2s|  1900 |  1397 |124165 |  64.8 |    20M | 242 | 951 |5425 |5425 |   0 |  0 |   0 |  37 | 4.100000e+01 | 9.790000e+01 | 138.78%| unknown
  8.4s|  2000 |  1459 |125694 |  62.4 |    20M | 242 | 951 |5425 |5425 |   0 |  0 |   0 |  37 | 4.100000e+01 | 9.790000e+01 | 138.78%| unknown
  8.6s|  2100 |  1523 |127196 |  60.1 |    20M | 242 | 951 |5425 |5425 |   0 |  0 |   0 |  37 | 4.100000e+01 | 9.790000e+01 | 138.78%| unknown
  8.8s|  2200 |  1591 |128465 |  58.0 |    20M | 242 | 951 |5425 |5425 |   0 |  0 |   0 |  37 | 4.100000e+01 | 9.790000e+01 | 138.78%| unknown
  9.0s|  2300 |  1653 |130159 |  56.2 |    20M | 242 | 951 |5425 |5425 |   0 |  0 |   0 |  37 | 4.100000e+01 | 9.790000e+01 | 138.78%| unknown
  9.2s|  2400 |  1719 |131354 |  54.3 |    20M | 242 | 951 |5425 |5425 |   0 |  0 |   0 |  37 | 4.100000e+01 | 9.790000e+01 | 138.78%| unknown
  9.3s|  2500 |  1791 |132747 |  52.7 |    20M | 242 | 951 |5425 |5425 |   0 |  0 |   0 |  37 | 4.100000e+01 | 9.790000e+01 | 138.78%| unknown
  9.6s|  2600 |  1857 |134025 |  51.2 |    20M | 242 | 951 |5425 |5425 |   0 |  0 |   0 |  37 | 4.100000e+01 | 9.790000e+01 | 138.78%| unknown
  9.9s|  2700 |  1921 |138667 |  51.0 |    21M | 242 | 951 |5425 |5425 |   0 |  0 |   0 |  37 | 4.100000e+01 | 9.790000e+01 | 138.78%| unknown
 10.1s|  2800 |  1993 |140422 |  49.8 |    21M | 242 | 951 |5425 |5425 |   0 |  0 |   0 |  37 | 4.100000e+01 | 9.790000e+01 | 138.78%| unknown
 time | node  | left  |LP iter|LP it/n|mem/heur|mdpt |vars |cons |rows |cuts |sepa|confs|strbr|  dualbound   | primalbound  |  gap   | compl. 
 10.4s|  2900 |  2061 |143146 |  49.0 |    22M | 242 | 951 |5425 |5425 |   0 |  0 |   0 |  37 | 4.100000e+01 | 9.790000e+01 | 138.78%| unknown
 11.5s|  3000 |  2137 |164781 |  54.6 |    22M | 242 | 951 |5425 |5425 |   0 |  0 |   0 |  37 | 4.100000e+01 | 9.790000e+01 | 138.78%| unknown
 13.0s|  3100 |  2217 |195276 |  62.7 |    22M | 242 | 951 |5425 |5425 |   0 |  0 |   0 |  37 | 4.100000e+01 | 9.790000e+01 | 138.78%| unknown
 13.9s|  3200 |  2293 |212738 |  66.2 |    22M | 242 | 951 |5425 |5425 |   0 |  0 |   0 |  37 | 4.100000e+01 | 9.790000e+01 | 138.78%| unknown
 14.5s|  3300 |  2387 |223414 |  67.4 |    22M | 242 | 951 |5425 |5425 |   0 |  0 |   0 |  37 | 4.100000e+01 | 9.790000e+01 | 138.78%| unknown
 15.3s|  3400 |  2475 |238775 |  69.9 |    22M | 242 | 951 |5425 |5425 |   0 |  0 |   0 |  37 | 4.100000e+01 | 9.790000e+01 | 138.78%| unknown
 16.5s|  3500 |  2569 |262183 |  74.6 |    22M | 242 | 951 |5425 |5425 |   0 |  0 |   0 |  37 | 4.100000e+01 | 9.790000e+01 | 138.78%| unknown
 17.9s|  3600 |  2657 |290760 |  80.5 |    22M | 242 | 951 |5425 |5425 |   0 |  0 |   0 |  37 | 4.100000e+01 | 9.790000e+01 | 138.78%| unknown
 18.6s|  3700 |  2751 |305248 |  82.2 |    23M | 242 | 951 |5425 |5425 |   0 |  0 |   0 |  37 | 4.100000e+01 | 9.790000e+01 | 138.78%| unknown
 19.8s|  3800 |  2831 |328862 |  86.3 |    23M | 242 | 951 |5425 |5425 |   0 |  0 |   0 |  37 | 4.100000e+01 | 9.790000e+01 | 138.78%| unknown
 20.7s|  3900 |  2923 |345910 |  88.5 |    23M | 242 | 951 |5425 |5425 |   0 |  0 |   0 |  37 | 4.100000e+01 | 9.790000e+01 | 138.78%| unknown
 21.6s|  4000 |  2999 |363305 |  90.6 |    23M | 242 | 951 |5425 |5425 |   0 |  0 |   0 |  37 | 4.100000e+01 | 9.790000e+01 | 138.78%| unknown
 22.6s|  4100 |  3083 |383950 |  93.4 |    23M | 242 | 951 |5425 |5425 |   0 |  0 |   0 |  37 | 4.100000e+01 | 9.790000e+01 | 138.78%| unknown
 23.5s|  4200 |  3167 |400498 |  95.1 |    23M | 242 | 951 |5425 |5425 |   0 |  0 |   0 |  37 | 4.100000e+01 | 9.790000e+01 | 138.78%| unknown
 24.9s|  4300 |  3245 |426379 |  98.9 |    24M | 242 | 951 |5425 |5425 |   0 |  0 |   0 |  37 | 4.100000e+01 | 9.790000e+01 | 138.78%| unknown
 time | node  | left  |LP iter|LP it/n|mem/heur|mdpt |vars |cons |rows |cuts |sepa|confs|strbr|  dualbound   | primalbound  |  gap   | compl. 
 26.1s|  4400 |  3337 |452322 | 102.6 |    24M | 242 | 951 |5425 |5425 |   0 |  0 |   0 |  37 | 4.100000e+01 | 9.790000e+01 | 138.78%| unknown
 26.7s|  4500 |  3431 |464347 | 103.0 |    24M | 242 | 951 |5425 |5425 |   0 |  0 |   0 |  37 | 4.100000e+01 | 9.790000e+01 | 138.78%| unknown
 26.9s|  4600 |  3521 |465561 | 101.0 |    25M | 242 | 951 |5425 |5425 |   0 |  0 |   0 |  37 | 4.100000e+01 | 9.790000e+01 | 138.78%| unknown
 27.1s|  4700 |  3613 |466967 |  99.2 |    25M | 242 | 951 |5425 |5425 |   0 |  0 |   0 |  37 | 4.100000e+01 | 9.790000e+01 | 138.78%| unknown
 27.4s|  4800 |  3701 |468762 |  97.5 |    25M | 242 | 951 |5425 |5425 |   0 |  0 |   0 |  37 | 4.100000e+01 | 9.790000e+01 | 138.78%| unknown
 27.6s|  4900 |  3783 |471549 |  96.0 |    25M | 242 | 951 |5425 |5425 |   0 |  0 |   0 |  37 | 4.100000e+01 | 9.790000e+01 | 138.78%| unknown
 27.8s|  5000 |  3869 |473092 |  94.4 |    25M | 242 | 951 |5425 |5425 |   0 |  0 |   0 |  37 | 4.100000e+01 | 9.790000e+01 | 138.78%| unknown
 28.0s|  5100 |  3963 |473796 |  92.7 |    25M | 242 | 951 |5425 |5425 |   0 |  0 |   0 |  37 | 4.100000e+01 | 9.790000e+01 | 138.78%| unknown
 28.2s|  5200 |  4057 |475889 |  91.3 |    25M | 242 | 951 |5425 |5425 |   0 |  0 |   0 |  37 | 4.100000e+01 | 9.790000e+01 | 138.78%| unknown
 28.5s|  5300 |  4149 |478914 |  90.2 |    25M | 242 | 951 |5425 |5425 |   0 |  0 |   0 |  37 | 4.100000e+01 | 9.790000e+01 | 138.78%| unknown
 29.1s|  5400 |  4245 |489206 |  90.4 |    26M | 242 | 951 |5425 |5425 |   0 |  0 |   0 |  37 | 4.100000e+01 | 9.790000e+01 | 138.78%| unknown
 29.9s|  5500 |  4333 |504520 |  91.6 |    26M | 242 | 951 |5425 |5425 |   0 |  0 |   0 |  37 | 4.100000e+01 | 9.790000e+01 | 138.78%| unknown
 30.1s|  5600 |  4423 |506638 |  90.3 |    26M | 242 | 951 |5425 |5425 |   0 |  0 |   0 |  37 | 4.100000e+01 | 9.790000e+01 | 138.78%| unknown
 30.3s|  5700 |  4519 |507872 |  88.9 |    27M | 242 | 951 |5425 |5425 |   0 |  0 |   0 |  37 | 4.100000e+01 | 9.790000e+01 | 138.78%| unknown
 30.5s|  5800 |  4615 |509187 |  87.6 |    27M | 242 | 951 |5425 |5425 |   0 |  0 |   0 |  37 | 4.100000e+01 | 9.790000e+01 | 138.78%| unknown
 time | node  | left  |LP iter|LP it/n|mem/heur|mdpt |vars |cons |rows |cuts |sepa|confs|strbr|  dualbound   | primalbound  |  gap   | compl. 
 30.7s|  5900 |  4701 |511293 |  86.5 |    27M | 242 | 951 |5425 |5425 |   0 |  0 |   0 |  37 | 4.100000e+01 | 9.790000e+01 | 138.78%| unknown
 30.9s|  6000 |  4799 |512351 |  85.2 |    28M | 242 | 951 |5425 |5425 |   0 |  0 |   0 |  37 | 4.100000e+01 | 9.790000e+01 | 138.78%| unknown
 31.4s|  6100 |  4873 |520617 |  85.2 |    28M | 242 | 951 |5425 |5425 |   0 |  0 |   0 |  37 | 4.100000e+01 | 9.790000e+01 | 138.78%| unknown
 32.2s|  6200 |  4963 |537053 |  86.5 |    28M | 242 | 951 |5425 |5425 |   0 |  0 |   0 |  37 | 4.100000e+01 | 9.790000e+01 | 138.78%| unknown
 33.5s|  6300 |  5049 |564716 |  89.5 |    29M | 242 | 951 |5425 |5425 |   0 |  0 |   0 |  37 | 4.100000e+01 | 9.790000e+01 | 138.78%| unknown
 35.0s|  6400 |  5127 |595943 |  93.0 |    29M | 242 | 951 |5425 |5425 |   0 |  0 |   0 |  37 | 4.100000e+01 | 9.790000e+01 | 138.78%| unknown
 36.2s|  6500 |  5209 |621972 |  95.5 |    29M | 242 | 951 |5425 |5425 |   0 |  0 |   0 |  37 | 4.100000e+01 | 9.790000e+01 | 138.78%| unknown
 36.4s|  6600 |  5299 |623909 |  94.4 |    29M | 242 | 951 |5425 |5425 |   0 |  0 |   0 |  37 | 4.100000e+01 | 9.790000e+01 | 138.78%| unknown
 36.6s|  6700 |  5399 |624813 |  93.1 |    29M | 242 | 951 |5425 |5425 |   0 |  0 |   0 |  37 | 4.100000e+01 | 9.790000e+01 | 138.78%| unknown
 36.8s|  6800 |  5481 |627756 |  92.2 |    29M | 242 | 951 |5425 |5425 |   0 |  0 |   0 |  37 | 4.100000e+01 | 9.790000e+01 | 138.78%| unknown
 37.1s|  6900 |  5557 |630806 |  91.3 |    29M | 242 | 951 |5425 |5425 |   0 |  0 |   0 |  37 | 4.100000e+01 | 9.790000e+01 | 138.78%| unknown
 37.3s|  7000 |  5653 |632111 |  90.2 |    29M | 242 | 951 |5425 |5425 |   0 |  0 |   0 |  37 | 4.100000e+01 | 9.790000e+01 | 138.78%| unknown
 37.5s|  7100 |  5751 |633350 |  89.1 |    29M | 242 | 951 |5425 |5425 |   0 |  0 |   0 |  37 | 4.100000e+01 | 9.790000e+01 | 138.78%| unknown
 37.7s|  7200 |  5845 |634497 |  88.0 |    30M | 242 | 951 |5425 |5425 |   0 |  0 |   0 |  37 | 4.100000e+01 | 9.790000e+01 | 138.78%| unknown
 39.1s|  7300 |  5939 |662528 |  90.6 |    30M | 242 | 951 |5425 |5425 |   0 |  0 |   0 |  37 | 4.100000e+01 | 9.790000e+01 | 138.78%| unknown
 time | node  | left  |LP iter|LP it/n|mem/heur|mdpt |vars |cons |rows |cuts |sepa|confs|strbr|  dualbound   | primalbound  |  gap   | compl. 
 40.2s|  7400 |  6035 |683517 |  92.2 |    30M | 242 | 951 |5425 |5425 |   0 |  0 |   0 |  37 | 4.100000e+01 | 9.790000e+01 | 138.78%| unknown
 41.1s|  7500 |  6131 |703443 |  93.7 |    30M | 242 | 951 |5425 |5425 |   0 |  0 |   0 |  37 | 4.100000e+01 | 9.790000e+01 | 138.78%| unknown
 42.0s|  7600 |  6227 |718758 |  94.5 |    31M | 242 | 951 |5425 |5425 |   0 |  0 |   0 |  37 | 4.100000e+01 | 9.790000e+01 | 138.78%| unknown
 43.1s|  7700 |  6319 |740727 |  96.1 |    31M | 242 | 951 |5425 |5425 |   0 |  0 |   0 |  37 | 4.100000e+01 | 9.790000e+01 | 138.78%| unknown
 44.6s|  7800 |  6409 |767329 |  98.3 |    31M | 242 | 951 |5425 |5425 |   0 |  0 |   0 |  37 | 4.100000e+01 | 9.790000e+01 | 138.78%| unknown
 45.9s|  7900 |  6505 |793464 | 100.3 |    31M | 242 | 951 |5425 |5425 |   0 |  0 |   0 |  37 | 4.100000e+01 | 9.790000e+01 | 138.78%| unknown
 46.8s|  8000 |  6601 |811097 | 101.3 |    32M | 242 | 951 |5425 |5425 |   0 |  0 |   0 |  37 | 4.100000e+01 | 9.790000e+01 | 138.78%| unknown
 48.0s|  8100 |  6691 |833254 | 102.8 |    32M | 242 | 951 |5425 |5425 |   0 |  0 |   0 |  37 | 4.100000e+01 | 9.790000e+01 | 138.78%| unknown
 49.0s|  8200 |  6783 |855032 | 104.2 |    32M | 242 | 951 |5425 |5425 |   0 |  0 |   0 |  37 | 4.100000e+01 | 9.790000e+01 | 138.78%| unknown
 50.0s|  8300 |  6877 |873367 | 105.1 |    32M | 242 | 951 |5425 |5425 |   0 |  0 |   0 |  37 | 4.100000e+01 | 9.790000e+01 | 138.78%| unknown
 50.9s|  8400 |  6973 |890395 | 105.9 |    32M | 242 | 951 |5425 |5425 |   0 |  0 |   0 |  37 | 4.100000e+01 | 9.790000e+01 | 138.78%| unknown
 51.9s|  8500 |  7065 |911071 | 107.1 |    32M | 242 | 951 |5425 |5425 |   0 |  0 |   0 |  37 | 4.100000e+01 | 9.790000e+01 | 138.78%| unknown
 53.5s|  8600 |  7157 |939808 | 109.2 |    32M | 242 | 951 |5425 |5425 |   0 |  0 |   0 |  37 | 4.100000e+01 | 9.790000e+01 | 138.78%| unknown
 54.7s|  8700 |  7251 |963070 | 110.6 |    32M | 242 | 951 |5425 |5425 |   0 |  0 |   0 |  37 | 4.100000e+01 | 9.790000e+01 | 138.78%| unknown
 56.0s|  8800 |  7341 |988479 | 112.2 |    32M | 242 | 951 |5425 |5425 |   0 |  0 |   0 |  37 | 4.100000e+01 | 9.790000e+01 | 138.78%| unknown
 time | node  | left  |LP iter|LP it/n|mem/heur|mdpt |vars |cons |rows |cuts |sepa|confs|strbr|  dualbound   | primalbound  |  gap   | compl. 
 57.2s|  8900 |  7429 |  1012k| 113.6 |    34M | 242 | 951 |5425 |5425 |   0 |  0 |   0 |  37 | 4.100000e+01 | 9.790000e+01 | 138.78%| unknown
 58.1s|  9000 |  7517 |  1030k| 114.3 |    34M | 242 | 951 |5425 |5425 |   0 |  0 |   0 |  37 | 4.100000e+01 | 9.790000e+01 | 138.78%| unknown
 59.0s|  9100 |  7607 |  1047k| 115.0 |    34M | 242 | 951 |5425 |5425 |   0 |  0 |   0 |  37 | 4.100000e+01 | 9.790000e+01 | 138.78%| unknown
 59.8s|  9200 |  7703 |  1062k| 115.4 |    34M | 242 | 951 |5425 |5425 |   0 |  0 |   0 |  37 | 4.100000e+01 | 9.790000e+01 | 138.78%| unknown
 60.9s|  9300 |  7791 |  1085k| 116.6 |    34M | 242 | 951 |5425 |5425 |   0 |  0 |   0 |  37 | 4.100000e+01 | 9.790000e+01 | 138.78%| unknown
 62.0s|  9400 |  7881 |  1110k| 118.0 |    34M | 242 | 951 |5425 |5425 |   0 |  0 |   0 |  37 | 4.100000e+01 | 9.790000e+01 | 138.78%| unknown
 62.6s|  9500 |  7977 |  1120k| 117.9 |    34M | 242 | 951 |5425 |5425 |   0 |  0 |   0 |  37 | 4.100000e+01 | 9.790000e+01 | 138.78%| unknown
 63.2s|  9600 |  8075 |  1131k| 117.7 |    34M | 242 | 951 |5425 |5425 |   0 |  0 |   0 |  37 | 4.100000e+01 | 9.790000e+01 | 138.78%| unknown
 63.9s|  9700 |  8165 |  1147k| 118.2 |    35M | 242 | 951 |5425 |5425 |   0 |  0 |   0 |  37 | 4.100000e+01 | 9.790000e+01 | 138.78%| unknown
 64.9s|  9800 |  8259 |  1167k| 119.0 |    35M | 242 | 951 |5425 |5425 |   0 |  0 |   0 |  37 | 4.100000e+01 | 9.790000e+01 | 138.78%| unknown
 65.8s|  9900 |  8349 |  1188k| 119.9 |    35M | 242 | 951 |5425 |5425 |   0 |  0 |   0 |  37 | 4.100000e+01 | 9.790000e+01 | 138.78%| unknown
 66.8s| 10000 |  8437 |  1208k| 120.8 |    35M | 242 | 951 |5425 |5425 |   0 |  0 |   0 |  37 | 4.100000e+01 | 9.790000e+01 | 138.78%| unknown
 67.8s| 10100 |  8531 |  1227k| 121.4 |    35M | 242 | 951 |5425 |5425 |   0 |  0 |   0 |  37 | 4.100000e+01 | 9.790000e+01 | 138.78%| unknown
 69.0s| 10200 |  8617 |  1254k| 122.9 |    35M | 242 | 951 |5425 |5425 |   0 |  0 |   0 |  37 | 4.100000e+01 | 9.790000e+01 | 138.78%| unknown
 70.0s| 10300 |  8717 |  1274k| 123.6 |    35M | 242 | 951 |5425 |5425 |   0 |  0 |   0 |  37 | 4.100000e+01 | 9.790000e+01 | 138.78%| unknown
 time | node  | left  |LP iter|LP it/n|mem/heur|mdpt |vars |cons |rows |cuts |sepa|confs|strbr|  dualbound   | primalbound  |  gap   | compl. 
 70.9s| 10400 |  8803 |  1296k| 124.6 |    35M | 242 | 951 |5425 |5425 |   0 |  0 |   0 |  37 | 4.100000e+01 | 9.790000e+01 | 138.78%| unknown
 71.4s| 10500 |  8899 |  1305k| 124.3 |    35M | 242 | 951 |5425 |5425 |   0 |  0 |   0 |  37 | 4.100000e+01 | 9.790000e+01 | 138.78%| unknown
 72.4s| 10600 |  8989 |  1328k| 125.2 |    37M | 242 | 951 |5425 |5425 |   0 |  0 |   0 |  37 | 4.100000e+01 | 9.790000e+01 | 138.78%| unknown
 74.0s| 10700 |  9077 |  1361k| 127.1 |    37M | 242 | 951 |5425 |5425 |   0 |  0 |   0 |  37 | 4.100000e+01 | 9.790000e+01 | 138.78%| unknown
 75.7s| 10800 |  9167 |  1395k| 129.1 |    37M | 242 | 951 |5425 |5425 |   0 |  0 |   0 |  37 | 4.100000e+01 | 9.790000e+01 | 138.78%| unknown
 76.7s| 10900 |  9251 |  1414k| 129.7 |    37M | 242 | 951 |5425 |5425 |   0 |  0 |   0 |  37 | 4.100000e+01 | 9.790000e+01 | 138.78%| unknown
 78.0s| 11000 |  9341 |  1440k| 130.9 |    37M | 242 | 951 |5425 |5425 |   0 |  0 |   0 |  37 | 4.100000e+01 | 9.790000e+01 | 138.78%| unknown
 79.2s| 11100 |  9433 |  1467k| 132.1 |    37M | 242 | 951 |5425 |5425 |   0 |  0 |   0 |  37 | 4.100000e+01 | 9.790000e+01 | 138.78%| unknown
 80.7s| 11200 |  9525 |  1496k| 133.5 |    37M | 242 | 951 |5425 |5425 |   0 |  0 |   0 |  37 | 4.100000e+01 | 9.790000e+01 | 138.78%| unknown
 81.9s| 11300 |  9617 |  1521k| 134.6 |    37M | 242 | 951 |5425 |5425 |   0 |  0 |   0 |  37 | 4.100000e+01 | 9.790000e+01 | 138.78%| unknown
 83.0s| 11400 |  9707 |  1545k| 135.5 |    38M | 242 | 951 |5425 |5425 |   0 |  0 |   0 |  37 | 4.100000e+01 | 9.790000e+01 | 138.78%| unknown
 83.9s| 11500 |  9799 |  1563k| 135.9 |    39M | 242 | 951 |5425 |5425 |   0 |  0 |   0 |  37 | 4.100000e+01 | 9.790000e+01 | 138.78%| unknown
 85.2s| 11600 |  9889 |  1590k| 137.0 |    39M | 242 | 951 |5425 |5425 |   0 |  0 |   0 |  37 | 4.100000e+01 | 9.790000e+01 | 138.78%| unknown
 86.4s| 11700 |  9981 |  1613k| 137.8 |    39M | 242 | 951 |5425 |5425 |   0 |  0 |   0 |  37 | 4.100000e+01 | 9.790000e+01 | 138.78%| unknown
 87.2s| 11800 | 10069 |  1631k| 138.2 |    39M | 242 | 951 |5425 |5425 |   0 |  0 |   0 |  37 | 4.100000e+01 | 9.790000e+01 | 138.78%| unknown
 time | node  | left  |LP iter|LP it/n|mem/heur|mdpt |vars |cons |rows |cuts |sepa|confs|strbr|  dualbound   | primalbound  |  gap   | compl. 
 88.1s| 11900 | 10159 |  1651k| 138.7 |    39M | 242 | 951 |5425 |5425 |   0 |  0 |   0 |  37 | 4.100000e+01 | 9.790000e+01 | 138.78%| unknown
 89.1s| 12000 | 10245 |  1671k| 139.2 |    39M | 242 | 951 |5425 |5425 |   0 |  0 |   0 |  37 | 4.100000e+01 | 9.790000e+01 | 138.78%| unknown
 89.9s| 12100 | 10337 |  1686k| 139.3 |    39M | 242 | 951 |5425 |5425 |   0 |  0 |   0 |  37 | 4.100000e+01 | 9.790000e+01 | 138.78%| unknown
 90.3s| 12200 | 10435 |  1692k| 138.7 |    39M | 242 | 951 |5425 |5425 |   0 |  0 |   0 |  37 | 4.100000e+01 | 9.790000e+01 | 138.78%| unknown
 90.9s| 12300 | 10523 |  1702k| 138.4 |    39M | 242 | 951 |5425 |5425 |   0 |  0 |   0 |  37 | 4.100000e+01 | 9.790000e+01 | 138.78%| unknown
 91.5s| 12400 | 10611 |  1714k| 138.2 |    40M | 242 | 951 |5425 |5425 |   0 |  0 |   0 |  37 | 4.100000e+01 | 9.790000e+01 | 138.78%| unknown
 92.2s| 12500 | 10705 |  1728k| 138.2 |    40M | 242 | 951 |5425 |5425 |   0 |  0 |   0 |  37 | 4.100000e+01 | 9.790000e+01 | 138.78%| unknown
 92.8s| 12600 | 10797 |  1740k| 138.1 |    40M | 242 | 951 |5425 |5425 |   0 |  0 |   0 |  37 | 4.100000e+01 | 9.790000e+01 | 138.78%| unknown
 93.6s| 12700 | 10887 |  1755k| 138.2 |    40M | 242 | 951 |5425 |5425 |   0 |  0 |   0 |  37 | 4.100000e+01 | 9.790000e+01 | 138.78%| unknown
 94.2s| 12800 | 10979 |  1767k| 138.0 |    40M | 242 | 951 |5425 |5425 |   0 |  0 |   0 |  37 | 4.100000e+01 | 9.790000e+01 | 138.78%| unknown
 95.4s| 12900 | 11071 |  1791k| 138.8 |    40M | 242 | 951 |5425 |5425 |   0 |  0 |   0 |  37 | 4.100000e+01 | 9.790000e+01 | 138.78%| unknown
 96.0s| 13000 | 11161 |  1802k| 138.6 |    40M | 242 | 951 |5425 |5425 |   0 |  0 |   0 |  37 | 4.100000e+01 | 9.790000e+01 | 138.78%| unknown
 96.9s| 13100 | 11243 |  1819k| 138.8 |    41M | 242 | 951 |5425 |5425 |   0 |  0 |   0 |  37 | 4.100000e+01 | 9.790000e+01 | 138.78%| unknown
 97.7s| 13200 | 11331 |  1836k| 139.0 |    42M | 242 | 951 |5425 |5425 |   0 |  0 |   0 |  37 | 4.100000e+01 | 9.790000e+01 | 138.78%| unknown
 98.1s| 13300 | 11425 |  1842k| 138.5 |    42M | 242 | 951 |5425 |5425 |   0 |  0 |   0 |  37 | 4.100000e+01 | 9.790000e+01 | 138.78%| unknown
 time | node  | left  |LP iter|LP it/n|mem/heur|mdpt |vars |cons |rows |cuts |sepa|confs|strbr|  dualbound   | primalbound  |  gap   | compl. 
 98.7s| 13400 | 11519 |  1853k| 138.3 |    42M | 242 | 951 |5425 |5425 |   0 |  0 |   0 |  37 | 4.100000e+01 | 9.790000e+01 | 138.78%| unknown
 99.2s| 13500 | 11613 |  1863k| 138.0 |    42M | 242 | 951 |5425 |5425 |   0 |  0 |   0 |  37 | 4.100000e+01 | 9.790000e+01 | 138.78%| unknown
 99.9s| 13600 | 11703 |  1878k| 138.1 |    42M | 242 | 951 |5425 |5425 |   0 |  0 |   0 |  37 | 4.100000e+01 | 9.790000e+01 | 138.78%| unknown
  100s| 13700 | 11789 |  1884k| 137.5 |    42M | 242 | 951 |5425 |5425 |   0 |  0 |   0 |  37 | 4.100000e+01 | 9.790000e+01 | 138.78%| unknown
  101s| 13800 | 11873 |  1901k| 137.7 |    42M | 242 | 951 |5425 |5425 |   0 |  0 |   0 |  37 | 4.100000e+01 | 9.790000e+01 | 138.78%| unknown
  102s| 13900 | 11959 |  1912k| 137.5 |    42M | 242 | 951 |5425 |5425 |   0 |  0 |   0 |  37 | 4.100000e+01 | 9.790000e+01 | 138.78%| unknown
  103s| 14000 | 12049 |  1935k| 138.2 |    42M | 242 | 951 |5425 |5425 |   0 |  0 |   0 |  37 | 4.100000e+01 | 9.790000e+01 | 138.78%| unknown
  104s| 14100 | 12129 |  1951k| 138.3 |    43M | 242 | 951 |5425 |5425 |   0 |  0 |   0 |  37 | 4.100000e+01 | 9.790000e+01 | 138.78%| unknown
  105s| 14200 | 12195 |  1972k| 138.8 |    43M | 242 | 951 |5425 |5425 |   0 |  0 |   0 |  37 | 4.100000e+01 | 9.790000e+01 | 138.78%| unknown
  106s| 14300 | 12273 |  1998k| 139.7 |    43M | 242 | 951 |5425 |5425 |   0 |  0 |   0 |  37 | 4.100000e+01 | 9.790000e+01 | 138.78%| unknown
  107s| 14400 | 12357 |  2002k| 139.0 |    43M | 242 | 951 |5425 |5425 |   0 |  0 |   0 |  37 | 4.100000e+01 | 9.790000e+01 | 138.78%| unknown
  107s| 14500 | 12437 |  2004k| 138.2 |    43M | 242 | 951 |5425 |5425 |   0 |  0 |   0 |  37 | 4.100000e+01 | 9.790000e+01 | 138.78%| unknown
  107s| 14600 | 12511 |  2005k| 137.3 |    43M | 242 | 951 |5425 |5425 |   0 |  0 |   0 |  37 | 4.100000e+01 | 9.790000e+01 | 138.78%| unknown
  107s| 14700 | 12583 |  2007k| 136.5 |    43M | 242 | 951 |5425 |5425 |   0 |  0 |   0 |  37 | 4.100000e+01 | 9.790000e+01 | 138.78%| unknown
  107s| 14800 | 12653 |  2009k| 135.7 |    43M | 242 | 951 |5425 |5425 |   0 |  0 |   0 |  37 | 4.100000e+01 | 9.790000e+01 | 138.78%| unknown
 time | node  | left  |LP iter|LP it/n|mem/heur|mdpt |vars |cons |rows |cuts |sepa|confs|strbr|  dualbound   | primalbound  |  gap   | compl. 
  108s| 14900 | 12735 |  2025k| 135.9 |    43M | 242 | 951 |5425 |5425 |   0 |  0 |   0 |  37 | 4.100000e+01 | 9.790000e+01 | 138.78%| unknown
  109s| 15000 | 12815 |  2043k| 136.2 |    43M | 242 | 951 |5425 |5425 |   0 |  0 |   0 |  37 | 4.100000e+01 | 9.790000e+01 | 138.78%| unknown
  110s| 15100 | 12895 |  2066k| 136.8 |    43M | 242 | 951 |5425 |5425 |   0 |  0 |   0 |  37 | 4.100000e+01 | 9.790000e+01 | 138.78%| unknown
  111s| 15200 | 12965 |  2088k| 137.4 |    44M | 242 | 951 |5425 |5425 |   0 |  0 |   0 |  37 | 4.100000e+01 | 9.790000e+01 | 138.78%| unknown
  113s| 15300 | 13031 |  2130k| 139.2 |    44M | 242 | 951 |5425 |5425 |   0 |  0 |   0 |  37 | 4.100000e+01 | 9.790000e+01 | 138.78%| unknown
  115s| 15400 | 13109 |  2155k| 139.9 |    44M | 242 | 951 |5425 |5425 |   0 |  0 |   0 |  37 | 4.100000e+01 | 9.790000e+01 | 138.78%| unknown
  115s| 15500 | 13177 |  2164k| 139.6 |    44M | 242 | 951 |5425 |5425 |   0 |  0 |   0 |  37 | 4.100000e+01 | 9.790000e+01 | 138.78%| unknown
  115s| 15600 | 13239 |  2166k| 138.8 |    44M | 242 | 951 |5425 |5425 |   0 |  0 |   0 |  37 | 4.100000e+01 | 9.790000e+01 | 138.78%| unknown
  116s| 15700 | 13315 |  2177k| 138.6 |    44M | 242 | 951 |5425 |5425 |   0 |  0 |   0 |  37 | 4.100000e+01 | 9.790000e+01 | 138.78%| unknown
  116s| 15800 | 13405 |  2184k| 138.2 |    44M | 242 | 951 |5425 |5425 |   0 |  0 |   0 |  37 | 4.100000e+01 | 9.790000e+01 | 138.78%| unknown
  117s| 15900 | 13495 |  2196k| 138.1 |    46M | 242 | 951 |5425 |5425 |   0 |  0 |   0 |  37 | 4.100000e+01 | 9.790000e+01 | 138.78%| unknown
  118s| 16000 | 13581 |  2210k| 138.1 |    46M | 242 | 951 |5425 |5425 |   0 |  0 |   0 |  37 | 4.100000e+01 | 9.790000e+01 | 138.78%| unknown
  119s| 16100 | 13659 |  2230k| 138.5 |    46M | 242 | 951 |5425 |5425 |   0 |  0 |   0 |  37 | 4.100000e+01 | 9.790000e+01 | 138.78%| unknown
  120s| 16200 | 13739 |  2249k| 138.8 |    47M | 242 | 951 |5425 |5425 |   0 |  0 |   0 |  37 | 4.100000e+01 | 9.790000e+01 | 138.78%| unknown
  120s| 16300 | 13821 |  2264k| 138.9 |    47M | 242 | 951 |5425 |5425 |   0 |  0 |   0 |  37 | 4.100000e+01 | 9.790000e+01 | 138.78%| unknown
 time | node  | left  |LP iter|LP it/n|mem/heur|mdpt |vars |cons |rows |cuts |sepa|confs|strbr|  dualbound   | primalbound  |  gap   | compl. 
  121s| 16400 | 13901 |  2281k| 139.1 |    47M | 242 | 951 |5425 |5425 |   0 |  0 |   0 |  37 | 4.100000e+01 | 9.790000e+01 | 138.78%| unknown
  123s| 16500 | 13977 |  2308k| 139.9 |    47M | 242 | 951 |5425 |5425 |   0 |  0 |   0 |  37 | 4.100000e+01 | 9.790000e+01 | 138.78%| unknown
  124s| 16600 | 14059 |  2329k| 140.3 |    47M | 242 | 951 |5425 |5425 |   0 |  0 |   0 |  37 | 4.100000e+01 | 9.790000e+01 | 138.78%| unknown
  125s| 16700 | 14129 |  2355k| 141.0 |    47M | 242 | 951 |5425 |5425 |   0 |  0 |   0 |  37 | 4.100000e+01 | 9.790000e+01 | 138.78%| unknown
  126s| 16800 | 14207 |  2378k| 141.5 |    47M | 242 | 951 |5425 |5425 |   0 |  0 |   0 |  37 | 4.100000e+01 | 9.790000e+01 | 138.78%| unknown
  127s| 16900 | 14277 |  2401k| 142.1 |    47M | 242 | 951 |5425 |5425 |   0 |  0 |   0 |  37 | 4.100000e+01 | 9.790000e+01 | 138.78%| unknown
  129s| 17000 | 14355 |  2428k| 142.8 |    47M | 242 | 951 |5425 |5425 |   0 |  0 |   0 |  37 | 4.100000e+01 | 9.790000e+01 | 138.78%| unknown
  130s| 17100 | 14429 |  2458k| 143.7 |    47M | 242 | 951 |5425 |5425 |   0 |  0 |   0 |  37 | 4.100000e+01 | 9.790000e+01 | 138.78%| unknown
  131s| 17200 | 14507 |  2473k| 143.8 |    47M | 242 | 951 |5425 |5425 |   0 |  0 |   0 |  37 | 4.100000e+01 | 9.790000e+01 | 138.78%| unknown
  132s| 17300 | 14593 |  2491k| 144.0 |    48M | 242 | 951 |5425 |5425 |   0 |  0 |   0 |  37 | 4.100000e+01 | 9.790000e+01 | 138.78%| unknown
  133s| 17400 | 14675 |  2514k| 144.5 |    48M | 242 | 951 |5425 |5425 |   0 |  0 |   0 |  37 | 4.100000e+01 | 9.790000e+01 | 138.78%| unknown
  134s| 17500 | 14757 |  2535k| 144.8 |    48M | 242 | 951 |5425 |5425 |   0 |  0 |   0 |  37 | 4.100000e+01 | 9.790000e+01 | 138.78%| unknown
  135s| 17600 | 14829 |  2558k| 145.3 |    48M | 242 | 951 |5425 |5425 |   0 |  0 |   0 |  37 | 4.100000e+01 | 9.790000e+01 | 138.78%| unknown
  136s| 17700 | 14907 |  2579k| 145.7 |    48M | 242 | 951 |5425 |5425 |   0 |  0 |   0 |  37 | 4.100000e+01 | 9.790000e+01 | 138.78%| unknown
  138s| 17800 | 14993 |  2601k| 146.1 |    48M | 242 | 951 |5425 |5425 |   0 |  0 |   0 |  37 | 4.100000e+01 | 9.790000e+01 | 138.78%| unknown
 time | node  | left  |LP iter|LP it/n|mem/heur|mdpt |vars |cons |rows |cuts |sepa|confs|strbr|  dualbound   | primalbound  |  gap   | compl. 
  139s| 17900 | 15069 |  2640k| 147.5 |    48M | 242 | 951 |5425 |5425 |   0 |  0 |   0 |  37 | 4.100000e+01 | 9.790000e+01 | 138.78%| unknown
  140s| 18000 | 15153 |  2653k| 147.4 |    49M | 242 | 951 |5425 |5425 |   0 |  0 |   0 |  37 | 4.100000e+01 | 9.790000e+01 | 138.78%| unknown
  141s| 18100 | 15225 |  2676k| 147.8 |    49M | 242 | 951 |5425 |5425 |   0 |  0 |   0 |  37 | 4.100000e+01 | 9.790000e+01 | 138.78%| unknown
  142s| 18200 | 15297 |  2695k| 148.0 |    49M | 242 | 951 |5425 |5425 |   0 |  0 |   0 |  37 | 4.100000e+01 | 9.790000e+01 | 138.78%| unknown
  144s| 18300 | 15365 |  2722k| 148.7 |    50M | 242 | 951 |5425 |5425 |   0 |  0 |   0 |  37 | 4.100000e+01 | 9.790000e+01 | 138.78%| unknown
  145s| 18400 | 15445 |  2737k| 148.7 |    50M | 242 | 951 |5425 |5425 |   0 |  0 |   0 |  37 | 4.100000e+01 | 9.790000e+01 | 138.78%| unknown
  145s| 18500 | 15525 |  2750k| 148.6 |    50M | 242 | 951 |5425 |5425 |   0 |  0 |   0 |  37 | 4.100000e+01 | 9.790000e+01 | 138.78%| unknown
  146s| 18600 | 15595 |  2771k| 149.0 |    50M | 242 | 951 |5425 |5425 |   0 |  0 |   0 |  37 | 4.100000e+01 | 9.790000e+01 | 138.78%| unknown
  148s| 18700 | 15663 |  2797k| 149.5 |    50M | 242 | 951 |5425 |5425 |   0 |  0 |   0 |  37 | 4.100000e+01 | 9.790000e+01 | 138.78%| unknown
  149s| 18800 | 15739 |  2820k| 150.0 |    50M | 242 | 951 |5425 |5425 |   0 |  0 |   0 |  37 | 4.100000e+01 | 9.790000e+01 | 138.78%| unknown
  150s| 18900 | 15825 |  2844k| 150.4 |    50M | 242 | 951 |5425 |5425 |   0 |  0 |   0 |  37 | 4.100000e+01 | 9.790000e+01 | 138.78%| unknown
  152s| 19000 | 15895 |  2876k| 151.4 |    50M | 242 | 951 |5425 |5425 |   0 |  0 |   0 |  37 | 4.100000e+01 | 9.790000e+01 | 138.78%| unknown
  153s| 19100 | 15973 |  2907k| 152.2 |    50M | 242 | 951 |5425 |5425 |   0 |  0 |   0 |  37 | 4.100000e+01 | 9.790000e+01 | 138.78%| unknown
  155s| 19200 | 16047 |  2939k| 153.0 |    50M | 242 | 951 |5425 |5425 |   0 |  0 |   0 |  37 | 4.100000e+01 | 9.790000e+01 | 138.78%| unknown
  156s| 19300 | 16117 |  2970k| 153.9 |    51M | 242 | 951 |5425 |5425 |   0 |  0 |   0 |  37 | 4.100000e+01 | 9.790000e+01 | 138.78%| unknown
 time | node  | left  |LP iter|LP it/n|mem/heur|mdpt |vars |cons |rows |cuts |sepa|confs|strbr|  dualbound   | primalbound  |  gap   | compl. 
  158s| 19400 | 16177 |  2998k| 154.5 |    51M | 242 | 951 |5425 |5425 |   0 |  0 |   0 |  37 | 4.100000e+01 | 9.790000e+01 | 138.78%| unknown
  160s| 19500 | 16241 |  3036k| 155.7 |    51M | 242 | 951 |5425 |5425 |   0 |  0 |   0 |  37 | 4.100000e+01 | 9.790000e+01 | 138.78%| unknown
  161s| 19600 | 16299 |  3070k| 156.6 |    51M | 242 | 951 |5425 |5425 |   0 |  0 |   0 |  37 | 4.100000e+01 | 9.790000e+01 | 138.78%| unknown
  162s| 19700 | 16367 |  3086k| 156.6 |    51M | 242 | 951 |5425 |5425 |   0 |  0 |   0 |  37 | 4.100000e+01 | 9.790000e+01 | 138.78%| unknown
  162s| 19800 | 16415 |  3088k| 155.9 |    51M | 242 | 951 |5425 |5425 |   0 |  0 |   0 |  37 | 4.100000e+01 | 9.790000e+01 | 138.78%| unknown
  163s| 19900 | 16477 |  3090k| 155.2 |    51M | 242 | 951 |5425 |5425 |   0 |  0 |   0 |  37 | 4.100000e+01 | 9.790000e+01 | 138.78%| unknown
  163s| 20000 | 16545 |  3091k| 154.6 |    51M | 242 | 951 |5425 |5425 |   0 |  0 |   0 |  37 | 4.100000e+01 | 9.790000e+01 | 138.78%| unknown
  163s| 20100 | 16613 |  3093k| 153.9 |    51M | 242 | 951 |5425 |5425 |   0 |  0 |   0 |  37 | 4.100000e+01 | 9.790000e+01 | 138.78%| unknown
  163s| 20200 | 16671 |  3095k| 153.2 |    51M | 242 | 951 |5425 |5425 |   0 |  0 |   0 |  37 | 4.100000e+01 | 9.790000e+01 | 138.78%| unknown
  163s| 20300 | 16733 |  3096k| 152.5 |    51M | 242 | 951 |5425 |5425 |   0 |  0 |   0 |  37 | 4.100000e+01 | 9.790000e+01 | 138.78%| unknown
  164s| 20400 | 16803 |  3098k| 151.8 |    51M | 242 | 951 |5425 |5425 |   0 |  0 |   0 |  37 | 4.100000e+01 | 9.790000e+01 | 138.78%| unknown
  164s| 20500 | 16883 |  3099k| 151.2 |    51M | 242 | 951 |5425 |5425 |   0 |  0 |   0 |  37 | 4.100000e+01 | 9.790000e+01 | 138.78%| unknown
  164s| 20600 | 16949 |  3101k| 150.5 |    52M | 242 | 951 |5425 |5425 |   0 |  0 |   0 |  37 | 4.100000e+01 | 9.790000e+01 | 138.78%| unknown
  164s| 20700 | 17023 |  3102k| 149.8 |    53M | 242 | 951 |5425 |5425 |   0 |  0 |   0 |  37 | 4.100000e+01 | 9.790000e+01 | 138.78%| unknown
  165s| 20800 | 17093 |  3120k| 150.0 |    53M | 242 | 951 |5425 |5425 |   0 |  0 |   0 |  37 | 4.100000e+01 | 9.790000e+01 | 138.78%| unknown
 time | node  | left  |LP iter|LP it/n|mem/heur|mdpt |vars |cons |rows |cuts |sepa|confs|strbr|  dualbound   | primalbound  |  gap   | compl. 
  167s| 20900 | 17175 |  3150k| 150.7 |    53M | 242 | 951 |5425 |5425 |   0 |  0 |   0 |  37 | 4.100000e+01 | 9.790000e+01 | 138.78%| unknown
  168s| 21000 | 17251 |  3176k| 151.2 |    53M | 242 | 951 |5425 |5425 |   0 |  0 |   0 |  37 | 4.100000e+01 | 9.790000e+01 | 138.78%| unknown
  170s| 21100 | 17325 |  3209k| 152.1 |    53M | 242 | 951 |5425 |5425 |   0 |  0 |   0 |  37 | 4.100000e+01 | 9.790000e+01 | 138.78%| unknown
  170s| 21200 | 17401 |  3213k| 151.6 |    53M | 242 | 951 |5425 |5425 |   0 |  0 |   0 |  37 | 4.100000e+01 | 9.790000e+01 | 138.78%| unknown
  170s| 21300 | 17477 |  3215k| 150.9 |    53M | 242 | 951 |5425 |5425 |   0 |  0 |   0 |  37 | 4.100000e+01 | 9.790000e+01 | 138.78%| unknown
  170s| 21400 | 17561 |  3216k| 150.3 |    53M | 242 | 951 |5425 |5425 |   0 |  0 |   0 |  37 | 4.100000e+01 | 9.790000e+01 | 138.78%| unknown
  170s| 21500 | 17643 |  3217k| 149.6 |    53M | 242 | 951 |5425 |5425 |   0 |  0 |   0 |  37 | 4.100000e+01 | 9.790000e+01 | 138.78%| unknown
  171s| 21600 | 17715 |  3219k| 149.0 |    53M | 242 | 951 |5425 |5425 |   0 |  0 |   0 |  37 | 4.100000e+01 | 9.790000e+01 | 138.78%| unknown
  171s| 21700 | 17779 |  3220k| 148.4 |    54M | 242 | 951 |5425 |5425 |   0 |  0 |   0 |  37 | 4.100000e+01 | 9.790000e+01 | 138.78%| unknown
  171s| 21800 | 17853 |  3222k| 147.8 |    54M | 242 | 951 |5425 |5425 |   0 |  0 |   0 |  37 | 4.100000e+01 | 9.790000e+01 | 138.78%| unknown
  171s| 21900 | 17909 |  3224k| 147.2 |    54M | 242 | 951 |5425 |5425 |   0 |  0 |   0 |  37 | 4.100000e+01 | 9.790000e+01 | 138.78%| unknown
  171s| 22000 | 17987 |  3225k| 146.6 |    54M | 242 | 951 |5425 |5425 |   0 |  0 |   0 |  37 | 4.100000e+01 | 9.790000e+01 | 138.78%| unknown
  172s| 22100 | 18057 |  3227k| 146.0 |    55M | 242 | 951 |5425 |5425 |   0 |  0 |   0 |  37 | 4.100000e+01 | 9.790000e+01 | 138.78%| unknown
  172s| 22200 | 18125 |  3229k| 145.4 |    55M | 242 | 951 |5425 |5425 |   0 |  0 |   0 |  37 | 4.100000e+01 | 9.790000e+01 | 138.78%| unknown
  172s| 22300 | 18203 |  3230k| 144.8 |    55M | 242 | 951 |5425 |5425 |   0 |  0 |   0 |  37 | 4.100000e+01 | 9.790000e+01 | 138.78%| unknown
 time | node  | left  |LP iter|LP it/n|mem/heur|mdpt |vars |cons |rows |cuts |sepa|confs|strbr|  dualbound   | primalbound  |  gap   | compl. 
  172s| 22400 | 18267 |  3232k| 144.3 |    55M | 242 | 951 |5425 |5425 |   0 |  0 |   0 |  37 | 4.100000e+01 | 9.790000e+01 | 138.78%| unknown
  172s| 22500 | 18333 |  3234k| 143.7 |    55M | 242 | 951 |5425 |5425 |   0 |  0 |   0 |  37 | 4.100000e+01 | 9.790000e+01 | 138.78%| unknown
  173s| 22600 | 18395 |  3235k| 143.1 |    55M | 242 | 951 |5425 |5425 |   0 |  0 |   0 |  37 | 4.100000e+01 | 9.790000e+01 | 138.78%| unknown
  173s| 22700 | 18457 |  3236k| 142.6 |    55M | 242 | 951 |5425 |5425 |   0 |  0 |   0 |  37 | 4.100000e+01 | 9.790000e+01 | 138.78%| unknown
  173s| 22800 | 18525 |  3238k| 142.0 |    56M | 242 | 951 |5425 |5425 |   0 |  0 |   0 |  37 | 4.100000e+01 | 9.790000e+01 | 138.78%| unknown
  173s| 22900 | 18597 |  3240k| 141.5 |    56M | 242 | 951 |5425 |5425 |   0 |  0 |   0 |  37 | 4.100000e+01 | 9.790000e+01 | 138.78%| unknown
  173s| 23000 | 18687 |  3241k| 140.9 |    56M | 242 | 951 |5425 |5425 |   0 |  0 |   0 |  37 | 4.100000e+01 | 9.790000e+01 | 138.78%| unknown
  174s| 23100 | 18773 |  3243k| 140.4 |    57M | 242 | 951 |5425 |5425 |   0 |  0 |   0 |  37 | 4.100000e+01 | 9.790000e+01 | 138.78%| unknown
  174s| 23200 | 18851 |  3244k| 139.8 |    57M | 242 | 951 |5425 |5425 |   0 |  0 |   0 |  37 | 4.100000e+01 | 9.790000e+01 | 138.78%| unknown
  174s| 23300 | 18925 |  3246k| 139.3 |    57M | 242 | 951 |5425 |5425 |   0 |  0 |   0 |  37 | 4.100000e+01 | 9.790000e+01 | 138.78%| unknown
  174s| 23400 | 18999 |  3248k| 138.8 |    57M | 242 | 951 |5425 |5425 |   0 |  0 |   0 |  37 | 4.100000e+01 | 9.790000e+01 | 138.78%| unknown
  174s| 23500 | 19059 |  3251k| 138.3 |    57M | 242 | 951 |5425 |5425 |   0 |  0 |   0 |  37 | 4.100000e+01 | 9.790000e+01 | 138.78%| unknown
  175s| 23600 | 19131 |  3253k| 137.8 |    57M | 242 | 951 |5425 |5425 |   0 |  0 |   0 |  37 | 4.100000e+01 | 9.790000e+01 | 138.78%| unknown
  175s| 23700 | 19209 |  3254k| 137.3 |    57M | 242 | 951 |5425 |5425 |   0 |  0 |   0 |  37 | 4.100000e+01 | 9.790000e+01 | 138.78%| unknown
  175s| 23800 | 19295 |  3255k| 136.7 |    57M | 242 | 951 |5425 |5425 |   0 |  0 |   0 |  37 | 4.100000e+01 | 9.790000e+01 | 138.78%| unknown
 time | node  | left  |LP iter|LP it/n|mem/heur|mdpt |vars |cons |rows |cuts |sepa|confs|strbr|  dualbound   | primalbound  |  gap   | compl. 
  175s| 23900 | 19385 |  3256k| 136.2 |    58M | 242 | 951 |5425 |5425 |   0 |  0 |   0 |  37 | 4.100000e+01 | 9.790000e+01 | 138.78%| unknown
  175s| 24000 | 19469 |  3258k| 135.7 |    58M | 242 | 951 |5425 |5425 |   0 |  0 |   0 |  37 | 4.100000e+01 | 9.790000e+01 | 138.78%| unknown
  176s| 24100 | 19551 |  3260k| 135.2 |    58M | 242 | 951 |5425 |5425 |   0 |  0 |   0 |  37 | 4.100000e+01 | 9.790000e+01 | 138.78%| unknown
  176s| 24200 | 19637 |  3261k| 134.7 |    58M | 242 | 951 |5425 |5425 |   0 |  0 |   0 |  37 | 4.100000e+01 | 9.790000e+01 | 138.78%| unknown
  176s| 24300 | 19713 |  3263k| 134.3 |    58M | 242 | 951 |5425 |5425 |   0 |  0 |   0 |  37 | 4.100000e+01 | 9.790000e+01 | 138.78%| unknown
  176s| 24400 | 19799 |  3265k| 133.8 |    58M | 242 | 951 |5425 |5425 |   0 |  0 |   0 |  37 | 4.100000e+01 | 9.790000e+01 | 138.78%| unknown
  176s| 24500 | 19869 |  3266k| 133.3 |    58M | 242 | 951 |5425 |5425 |   0 |  0 |   0 |  37 | 4.100000e+01 | 9.790000e+01 | 138.78%| unknown
  177s| 24600 | 19941 |  3268k| 132.8 |    58M | 242 | 951 |5425 |5425 |   0 |  0 |   0 |  37 | 4.100000e+01 | 9.790000e+01 | 138.78%| unknown
  177s| 24700 | 20015 |  3269k| 132.3 |    58M | 242 | 951 |5425 |5425 |   0 |  0 |   0 |  37 | 4.100000e+01 | 9.790000e+01 | 138.78%| unknown
  177s| 24800 | 20099 |  3271k| 131.9 |    58M | 242 | 951 |5425 |5425 |   0 |  0 |   0 |  37 | 4.100000e+01 | 9.790000e+01 | 138.78%| unknown
  177s| 24900 | 20161 |  3273k| 131.4 |    59M | 242 | 951 |5425 |5425 |   0 |  0 |   0 |  37 | 4.100000e+01 | 9.790000e+01 | 138.78%| unknown
  177s| 25000 | 20239 |  3274k| 131.0 |    59M | 242 | 951 |5425 |5425 |   0 |  0 |   0 |  37 | 4.100000e+01 | 9.790000e+01 | 138.78%| unknown
  178s| 25100 | 20317 |  3276k| 130.5 |    59M | 242 | 951 |5425 |5425 |   0 |  0 |   0 |  37 | 4.100000e+01 | 9.790000e+01 | 138.78%| unknown
  178s| 25200 | 20397 |  3278k| 130.1 |    59M | 242 | 951 |5425 |5425 |   0 |  0 |   0 |  37 | 4.100000e+01 | 9.790000e+01 | 138.78%| unknown
  178s| 25300 | 20465 |  3280k| 129.6 |    59M | 242 | 951 |5425 |5425 |   0 |  0 |   0 |  37 | 4.100000e+01 | 9.790000e+01 | 138.78%| unknown
 time | node  | left  |LP iter|LP it/n|mem/heur|mdpt |vars |cons |rows |cuts |sepa|confs|strbr|  dualbound   | primalbound  |  gap   | compl. 
  178s| 25400 | 20535 |  3281k| 129.2 |    59M | 242 | 951 |5425 |5425 |   0 |  0 |   0 |  37 | 4.100000e+01 | 9.790000e+01 | 138.78%| unknown
  178s| 25500 | 20613 |  3283k| 128.7 |    59M | 242 | 951 |5425 |5425 |   0 |  0 |   0 |  37 | 4.100000e+01 | 9.790000e+01 | 138.78%| unknown
  179s| 25600 | 20693 |  3284k| 128.3 |    59M | 242 | 951 |5425 |5425 |   0 |  0 |   0 |  37 | 4.100000e+01 | 9.790000e+01 | 138.78%| unknown
  179s| 25700 | 20781 |  3286k| 127.9 |    59M | 242 | 951 |5425 |5425 |   0 |  0 |   0 |  37 | 4.100000e+01 | 9.790000e+01 | 138.78%| unknown
  179s| 25800 | 20849 |  3288k| 127.4 |    59M | 242 | 951 |5425 |5425 |   0 |  0 |   0 |  37 | 4.100000e+01 | 9.790000e+01 | 138.78%| unknown
  179s| 25900 | 20929 |  3297k| 127.3 |    59M | 242 | 951 |5425 |5425 |   0 |  0 |   0 |  37 | 4.100000e+01 | 9.790000e+01 | 138.78%| unknown
  180s| 26000 | 21005 |  3314k| 127.4 |    60M | 242 | 951 |5425 |5425 |   0 |  0 |   0 |  37 | 4.100000e+01 | 9.790000e+01 | 138.78%| unknown
  182s| 26100 | 21089 |  3335k| 127.8 |    61M | 242 | 951 |5425 |5425 |   0 |  0 |   0 |  37 | 4.100000e+01 | 9.790000e+01 | 138.78%| unknown
  183s| 26200 | 21167 |  3359k| 128.2 |    61M | 242 | 951 |5425 |5425 |   0 |  0 |   0 |  37 | 4.100000e+01 | 9.790000e+01 | 138.78%| unknown
  185s| 26300 | 21239 |  3395k| 129.1 |    61M | 242 | 951 |5425 |5425 |   0 |  0 |   0 |  37 | 4.100000e+01 | 9.790000e+01 | 138.78%| unknown
  186s| 26400 | 21315 |  3429k| 129.9 |    61M | 242 | 951 |5425 |5425 |   0 |  0 |   0 |  37 | 4.100000e+01 | 9.790000e+01 | 138.78%| unknown
  188s| 26500 | 21375 |  3457k| 130.4 |    61M | 242 | 951 |5425 |5425 |   0 |  0 |   0 |  37 | 4.100000e+01 | 9.790000e+01 | 138.78%| unknown
  189s| 26600 | 21433 |  3491k| 131.2 |    61M | 242 | 951 |5425 |5425 |   0 |  0 |   0 |  37 | 4.100000e+01 | 9.790000e+01 | 138.78%| unknown
  190s| 26700 | 21501 |  3494k| 130.8 |    61M | 242 | 951 |5425 |5425 |   0 |  0 |   0 |  37 | 4.100000e+01 | 9.790000e+01 | 138.78%| unknown
  190s| 26800 | 21577 |  3496k| 130.4 |    61M | 242 | 951 |5425 |5425 |   0 |  0 |   0 |  37 | 4.100000e+01 | 9.790000e+01 | 138.78%| unknown
 time | node  | left  |LP iter|LP it/n|mem/heur|mdpt |vars |cons |rows |cuts |sepa|confs|strbr|  dualbound   | primalbound  |  gap   | compl. 
  190s| 26900 | 21655 |  3497k| 130.0 |    61M | 242 | 951 |5425 |5425 |   0 |  0 |   0 |  37 | 4.100000e+01 | 9.790000e+01 | 138.78%| unknown
  190s| 27000 | 21733 |  3499k| 129.6 |    61M | 242 | 951 |5425 |5425 |   0 |  0 |   0 |  37 | 4.100000e+01 | 9.790000e+01 | 138.78%| unknown
  190s| 27100 | 21813 |  3500k| 129.1 |    62M | 242 | 951 |5425 |5425 |   0 |  0 |   0 |  37 | 4.100000e+01 | 9.790000e+01 | 138.78%| unknown
  191s| 27200 | 21883 |  3502k| 128.7 |    62M | 242 | 951 |5425 |5425 |   0 |  0 |   0 |  37 | 4.100000e+01 | 9.790000e+01 | 138.78%| unknown
  191s| 27300 | 21963 |  3503k| 128.3 |    62M | 242 | 951 |5425 |5425 |   0 |  0 |   0 |  37 | 4.100000e+01 | 9.790000e+01 | 138.78%| unknown
  191s| 27400 | 22051 |  3504k| 127.9 |    62M | 242 | 951 |5425 |5425 |   0 |  0 |   0 |  37 | 4.100000e+01 | 9.790000e+01 | 138.78%| unknown
  192s| 27500 | 22125 |  3512k| 127.7 |    62M | 242 | 951 |5425 |5425 |   0 |  0 |   0 |  37 | 4.100000e+01 | 9.790000e+01 | 138.78%| unknown
  193s| 27600 | 22193 |  3533k| 128.0 |    62M | 242 | 951 |5425 |5425 |   0 |  0 |   0 |  37 | 4.100000e+01 | 9.790000e+01 | 138.78%| unknown
  194s| 27700 | 22269 |  3559k| 128.5 |    62M | 242 | 951 |5425 |5425 |   0 |  0 |   0 |  37 | 4.100000e+01 | 9.790000e+01 | 138.78%| unknown
  195s| 27800 | 22349 |  3579k| 128.7 |    62M | 242 | 951 |5425 |5425 |   0 |  0 |   0 |  37 | 4.100000e+01 | 9.790000e+01 | 138.78%| unknown
  196s| 27900 | 22419 |  3604k| 129.2 |    62M | 242 | 951 |5425 |5425 |   0 |  0 |   0 |  37 | 4.100000e+01 | 9.790000e+01 | 138.78%| unknown
  198s| 28000 | 22485 |  3639k| 129.9 |    62M | 242 | 951 |5425 |5425 |   0 |  0 |   0 |  37 | 4.100000e+01 | 9.790000e+01 | 138.78%| unknown
  199s| 28100 | 22541 |  3666k| 130.4 |    63M | 242 | 951 |5425 |5425 |   0 |  0 |   0 |  37 | 4.100000e+01 | 9.790000e+01 | 138.78%| unknown
  200s| 28200 | 22605 |  3687k| 130.7 |    64M | 242 | 951 |5425 |5425 |   0 |  0 |   0 |  37 | 4.100000e+01 | 9.790000e+01 | 138.78%| unknown
  201s| 28300 | 22669 |  3701k| 130.8 |    65M | 242 | 951 |5425 |5425 |   0 |  0 |   0 |  37 | 4.100000e+01 | 9.790000e+01 | 138.78%| unknown
 time | node  | left  |LP iter|LP it/n|mem/heur|mdpt |vars |cons |rows |cuts |sepa|confs|strbr|  dualbound   | primalbound  |  gap   | compl. 
  201s| 28400 | 22725 |  3714k| 130.8 |    65M | 242 | 951 |5425 |5425 |   0 |  0 |   0 |  37 | 4.100000e+01 | 9.790000e+01 | 138.78%| unknown
  202s| 28500 | 22791 |  3732k| 130.9 |    65M | 242 | 951 |5425 |5425 |   0 |  0 |   0 |  37 | 4.100000e+01 | 9.790000e+01 | 138.78%| unknown
  203s| 28600 | 22875 |  3745k| 130.9 |    65M | 242 | 951 |5425 |5425 |   0 |  0 |   0 |  37 | 4.100000e+01 | 9.790000e+01 | 138.78%| unknown
  204s| 28700 | 22947 |  3765k| 131.2 |    65M | 242 | 951 |5425 |5425 |   0 |  0 |   0 |  37 | 4.100000e+01 | 9.790000e+01 | 138.78%| unknown
  205s| 28800 | 23021 |  3781k| 131.3 |    65M | 242 | 951 |5425 |5425 |   0 |  0 |   0 |  37 | 4.100000e+01 | 9.790000e+01 | 138.78%| unknown
  206s| 28900 | 23113 |  3797k| 131.4 |    65M | 242 | 951 |5425 |5425 |   0 |  0 |   0 |  37 | 4.100000e+01 | 9.790000e+01 | 138.78%| unknown
  207s| 29000 | 23183 |  3820k| 131.7 |    65M | 242 | 951 |5425 |5425 |   0 |  0 |   0 |  37 | 4.100000e+01 | 9.790000e+01 | 138.78%| unknown
  208s| 29100 | 23259 |  3845k| 132.1 |    65M | 242 | 951 |5425 |5425 |   0 |  0 |   0 |  37 | 4.100000e+01 | 9.790000e+01 | 138.78%| unknown
  209s| 29200 | 23329 |  3866k| 132.4 |    65M | 242 | 951 |5425 |5425 |   0 |  0 |   0 |  37 | 4.100000e+01 | 9.790000e+01 | 138.78%| unknown
  209s| 29300 | 23391 |  3867k| 132.0 |    66M | 242 | 951 |5425 |5425 |   0 |  0 |   0 |  37 | 4.100000e+01 | 9.790000e+01 | 138.78%| unknown
  210s| 29400 | 23475 |  3869k| 131.6 |    66M | 242 | 951 |5425 |5425 |   0 |  0 |   0 |  37 | 4.100000e+01 | 9.790000e+01 | 138.78%| unknown
  210s| 29500 | 23547 |  3870k| 131.2 |    66M | 242 | 951 |5425 |5425 |   0 |  0 |   0 |  37 | 4.100000e+01 | 9.790000e+01 | 138.78%| unknown
  210s| 29600 | 23633 |  3872k| 130.8 |    66M | 242 | 951 |5425 |5425 |   0 |  0 |   0 |  37 | 4.100000e+01 | 9.790000e+01 | 138.78%| unknown
  210s| 29700 | 23721 |  3873k| 130.4 |    66M | 242 | 951 |5425 |5425 |   0 |  0 |   0 |  37 | 4.100000e+01 | 9.790000e+01 | 138.78%| unknown
  210s| 29800 | 23801 |  3875k| 130.0 |    66M | 242 | 951 |5425 |5425 |   0 |  0 |   0 |  37 | 4.100000e+01 | 9.790000e+01 | 138.78%| unknown
 time | node  | left  |LP iter|LP it/n|mem/heur|mdpt |vars |cons |rows |cuts |sepa|confs|strbr|  dualbound   | primalbound  |  gap   | compl. 
  211s| 29900 | 23877 |  3877k| 129.6 |    66M | 242 | 951 |5425 |5425 |   0 |  0 |   0 |  37 | 4.100000e+01 | 9.790000e+01 | 138.78%| unknown
  211s| 30000 | 23949 |  3878k| 129.3 |    66M | 242 | 951 |5425 |5425 |   0 |  0 |   0 |  37 | 4.100000e+01 | 9.790000e+01 | 138.78%| unknown
  211s| 30100 | 24005 |  3880k| 128.9 |    66M | 242 | 951 |5425 |5425 |   0 |  0 |   0 |  37 | 4.100000e+01 | 9.790000e+01 | 138.78%| unknown
  211s| 30200 | 24073 |  3881k| 128.5 |    66M | 242 | 951 |5425 |5425 |   0 |  0 |   0 |  37 | 4.100000e+01 | 9.790000e+01 | 138.78%| unknown
  211s| 30300 | 24153 |  3883k| 128.1 |    68M | 242 | 951 |5425 |5425 |   0 |  0 |   0 |  37 | 4.100000e+01 | 9.790000e+01 | 138.78%| unknown
  212s| 30400 | 24195 |  3885k| 127.8 |    68M | 242 | 951 |5425 |5425 |   0 |  0 |   0 |  37 | 4.100000e+01 | 9.790000e+01 | 138.78%| unknown
  212s| 30500 | 24235 |  3887k| 127.4 |    68M | 242 | 951 |5425 |5425 |   0 |  0 |   0 |  37 | 4.100000e+01 | 9.790000e+01 | 138.78%| unknown
  212s| 30600 | 24313 |  3888k| 127.0 |    68M | 242 | 951 |5425 |5425 |   0 |  0 |   0 |  37 | 4.100000e+01 | 9.790000e+01 | 138.78%| unknown
  212s| 30700 | 24393 |  3889k| 126.7 |    68M | 242 | 951 |5425 |5425 |   0 |  0 |   0 |  37 | 4.100000e+01 | 9.790000e+01 | 138.78%| unknown
  212s| 30800 | 24475 |  3891k| 126.3 |    68M | 242 | 951 |5425 |5425 |   0 |  0 |   0 |  37 | 4.100000e+01 | 9.790000e+01 | 138.78%| unknown
  212s| 30900 | 24555 |  3892k| 125.9 |    68M | 242 | 951 |5425 |5425 |   0 |  0 |   0 |  37 | 4.100000e+01 | 9.790000e+01 | 138.78%| unknown
  213s| 31000 | 24621 |  3894k| 125.6 |    68M | 242 | 951 |5425 |5425 |   0 |  0 |   0 |  37 | 4.100000e+01 | 9.790000e+01 | 138.78%| unknown
  213s| 31100 | 24671 |  3896k| 125.2 |    68M | 242 | 951 |5425 |5425 |   0 |  0 |   0 |  37 | 4.100000e+01 | 9.790000e+01 | 138.78%| unknown
  213s| 31200 | 24737 |  3897k| 124.9 |    68M | 242 | 951 |5425 |5425 |   0 |  0 |   0 |  37 | 4.100000e+01 | 9.790000e+01 | 138.78%| unknown
  213s| 31300 | 24823 |  3899k| 124.5 |    68M | 242 | 951 |5425 |5425 |   0 |  0 |   0 |  37 | 4.100000e+01 | 9.790000e+01 | 138.78%| unknown
 time | node  | left  |LP iter|LP it/n|mem/heur|mdpt |vars |cons |rows |cuts |sepa|confs|strbr|  dualbound   | primalbound  |  gap   | compl. 
  213s| 31400 | 24895 |  3900k| 124.2 |    68M | 242 | 951 |5425 |5425 |   0 |  0 |   0 |  37 | 4.100000e+01 | 9.790000e+01 | 138.78%| unknown
  214s| 31500 | 24971 |  3902k| 123.9 |    69M | 242 | 951 |5425 |5425 |   0 |  0 |   0 |  37 | 4.100000e+01 | 9.790000e+01 | 138.78%| unknown
  214s| 31600 | 25043 |  3904k| 123.5 |    69M | 242 | 951 |5425 |5425 |   0 |  0 |   0 |  37 | 4.100000e+01 | 9.790000e+01 | 138.78%| unknown
  214s| 31700 | 25129 |  3909k| 123.3 |    69M | 242 | 951 |5425 |5425 |   0 |  0 |   0 |  37 | 4.100000e+01 | 9.790000e+01 | 138.78%| unknown
  215s| 31800 | 25215 |  3930k| 123.6 |    69M | 242 | 951 |5425 |5425 |   0 |  0 |   0 |  37 | 4.100000e+01 | 9.790000e+01 | 138.78%| unknown
  216s| 31900 | 25285 |  3947k| 123.7 |    69M | 242 | 951 |5425 |5425 |   0 |  0 |   0 |  37 | 4.100000e+01 | 9.790000e+01 | 138.78%| unknown
  218s| 32000 | 25329 |  3975k| 124.2 |    69M | 242 | 951 |5425 |5425 |   0 |  0 |   0 |  37 | 4.100000e+01 | 9.790000e+01 | 138.78%| unknown
  219s| 32100 | 25389 |  4002k| 124.7 |    69M | 242 | 951 |5425 |5425 |   0 |  0 |   0 |  37 | 4.100000e+01 | 9.790000e+01 | 138.78%| unknown
  220s| 32200 | 25481 |  4025k| 125.0 |    69M | 242 | 951 |5425 |5425 |   0 |  0 |   0 |  37 | 4.100000e+01 | 9.790000e+01 | 138.78%| unknown
  221s| 32300 | 25561 |  4045k| 125.2 |    69M | 242 | 951 |5425 |5425 |   0 |  0 |   0 |  37 | 4.100000e+01 | 9.790000e+01 | 138.78%| unknown
  222s| 32400 | 25651 |  4056k| 125.2 |    69M | 242 | 951 |5425 |5425 |   0 |  0 |   0 |  37 | 4.100000e+01 | 9.790000e+01 | 138.78%| unknown
  222s| 32500 | 25733 |  4067k| 125.1 |    70M | 242 | 951 |5425 |5425 |   0 |  0 |   0 |  37 | 4.100000e+01 | 9.790000e+01 | 138.78%| unknown
  223s| 32600 | 25817 |  4078k| 125.1 |    70M | 242 | 951 |5425 |5425 |   0 |  0 |   0 |  37 | 4.100000e+01 | 9.790000e+01 | 138.78%| unknown
  224s| 32700 | 25883 |  4103k| 125.5 |    70M | 242 | 951 |5425 |5425 |   0 |  0 |   0 |  37 | 4.100000e+01 | 9.790000e+01 | 138.78%| unknown
  225s| 32800 | 25967 |  4126k| 125.8 |    70M | 242 | 951 |5425 |5425 |   0 |  0 |   0 |  37 | 4.100000e+01 | 9.790000e+01 | 138.78%| unknown
 time | node  | left  |LP iter|LP it/n|mem/heur|mdpt |vars |cons |rows |cuts |sepa|confs|strbr|  dualbound   | primalbound  |  gap   | compl. 
  226s| 32900 | 26059 |  4146k| 126.0 |    70M | 242 | 951 |5425 |5425 |   0 |  0 |   0 |  37 | 4.100000e+01 | 9.790000e+01 | 138.78%| unknown
  227s| 33000 | 26131 |  4166k| 126.2 |    70M | 242 | 951 |5425 |5425 |   0 |  0 |   0 |  37 | 4.100000e+01 | 9.790000e+01 | 138.78%| unknown
  229s| 33100 | 26197 |  4187k| 126.5 |    70M | 242 | 951 |5425 |5425 |   0 |  0 |   0 |  37 | 4.100000e+01 | 9.790000e+01 | 138.78%| unknown
  230s| 33200 | 26251 |  4209k| 126.8 |    70M | 242 | 951 |5425 |5425 |   0 |  0 |   0 |  37 | 4.100000e+01 | 9.790000e+01 | 138.78%| unknown
  231s| 33300 | 26319 |  4229k| 127.0 |    70M | 242 | 951 |5425 |5425 |   0 |  0 |   0 |  37 | 4.100000e+01 | 9.790000e+01 | 138.78%| unknown
  232s| 33400 | 26397 |  4251k| 127.3 |    71M | 242 | 951 |5425 |5425 |   0 |  0 |   0 |  37 | 4.100000e+01 | 9.790000e+01 | 138.78%| unknown
  232s| 33500 | 26469 |  4259k| 127.1 |    71M | 242 | 951 |5425 |5425 |   0 |  0 |   0 |  37 | 4.100000e+01 | 9.790000e+01 | 138.78%| unknown
  233s| 33600 | 26519 |  4269k| 127.1 |    72M | 242 | 951 |5425 |5425 |   0 |  0 |   0 |  37 | 4.100000e+01 | 9.790000e+01 | 138.78%| unknown
  234s| 33700 | 26603 |  4290k| 127.3 |    72M | 242 | 951 |5425 |5425 |   0 |  0 |   0 |  37 | 4.100000e+01 | 9.790000e+01 | 138.78%| unknown
  234s| 33800 | 26675 |  4291k| 126.9 |    72M | 242 | 951 |5425 |5425 |   0 |  0 |   0 |  37 | 4.100000e+01 | 9.790000e+01 | 138.78%| unknown
  234s| 33900 | 26751 |  4293k| 126.6 |    72M | 242 | 951 |5425 |5425 |   0 |  0 |   0 |  37 | 4.100000e+01 | 9.790000e+01 | 138.78%| unknown
  235s| 34000 | 26811 |  4294k| 126.3 |    72M | 242 | 951 |5425 |5425 |   0 |  0 |   0 |  37 | 4.100000e+01 | 9.790000e+01 | 138.78%| unknown
  235s| 34100 | 26891 |  4296k| 126.0 |    72M | 242 | 951 |5425 |5425 |   0 |  0 |   0 |  37 | 4.100000e+01 | 9.790000e+01 | 138.78%| unknown
  235s| 34200 | 26961 |  4297k| 125.6 |    72M | 242 | 951 |5425 |5425 |   0 |  0 |   0 |  37 | 4.100000e+01 | 9.790000e+01 | 138.78%| unknown
  235s| 34300 | 27033 |  4299k| 125.3 |    72M | 242 | 951 |5425 |5425 |   0 |  0 |   0 |  37 | 4.100000e+01 | 9.790000e+01 | 138.78%| unknown
 time | node  | left  |LP iter|LP it/n|mem/heur|mdpt |vars |cons |rows |cuts |sepa|confs|strbr|  dualbound   | primalbound  |  gap   | compl. 
  235s| 34400 | 27095 |  4300k| 125.0 |    73M | 242 | 951 |5425 |5425 |   0 |  0 |   0 |  37 | 4.100000e+01 | 9.790000e+01 | 138.78%| unknown
  235s| 34500 | 27153 |  4302k| 124.7 |    73M | 242 | 951 |5425 |5425 |   0 |  0 |   0 |  37 | 4.100000e+01 | 9.790000e+01 | 138.78%| unknown
  236s| 34600 | 27237 |  4304k| 124.4 |    73M | 242 | 951 |5425 |5425 |   0 |  0 |   0 |  37 | 4.100000e+01 | 9.790000e+01 | 138.78%| unknown
  236s| 34700 | 27311 |  4305k| 124.1 |    73M | 242 | 951 |5425 |5425 |   0 |  0 |   0 |  37 | 4.100000e+01 | 9.790000e+01 | 138.78%| unknown
  236s| 34800 | 27365 |  4307k| 123.7 |    74M | 242 | 951 |5425 |5425 |   0 |  0 |   0 |  37 | 4.100000e+01 | 9.790000e+01 | 138.78%| unknown
  236s| 34900 | 27433 |  4308k| 123.4 |    74M | 242 | 951 |5425 |5425 |   0 |  0 |   0 |  37 | 4.100000e+01 | 9.790000e+01 | 138.78%| unknown
  236s| 35000 | 27505 |  4309k| 123.1 |    74M | 242 | 951 |5425 |5425 |   0 |  0 |   0 |  37 | 4.100000e+01 | 9.790000e+01 | 138.78%| unknown
  237s| 35100 | 27577 |  4311k| 122.8 |    74M | 242 | 951 |5425 |5425 |   0 |  0 |   0 |  37 | 4.100000e+01 | 9.790000e+01 | 138.78%| unknown
  237s| 35200 | 27653 |  4312k| 122.5 |    74M | 242 | 951 |5425 |5425 |   0 |  0 |   0 |  37 | 4.100000e+01 | 9.790000e+01 | 138.78%| unknown
  237s| 35300 | 27713 |  4314k| 122.2 |    74M | 242 | 951 |5425 |5425 |   0 |  0 |   0 |  37 | 4.100000e+01 | 9.790000e+01 | 138.78%| unknown
  237s| 35400 | 27777 |  4316k| 121.9 |    74M | 242 | 951 |5425 |5425 |   0 |  0 |   0 |  37 | 4.100000e+01 | 9.790000e+01 | 138.78%| unknown
  237s| 35500 | 27857 |  4317k| 121.6 |    74M | 242 | 951 |5425 |5425 |   0 |  0 |   0 |  37 | 4.100000e+01 | 9.790000e+01 | 138.78%| unknown
  238s| 35600 | 27937 |  4319k| 121.3 |    74M | 242 | 951 |5425 |5425 |   0 |  0 |   0 |  37 | 4.100000e+01 | 9.790000e+01 | 138.78%| unknown
  238s| 35700 | 28011 |  4327k| 121.2 |    74M | 242 | 951 |5425 |5425 |   0 |  0 |   0 |  37 | 4.100000e+01 | 9.790000e+01 | 138.78%| unknown
  239s| 35800 | 28077 |  4348k| 121.4 |    74M | 242 | 951 |5425 |5425 |   0 |  0 |   0 |  37 | 4.100000e+01 | 9.790000e+01 | 138.78%| unknown
 time | node  | left  |LP iter|LP it/n|mem/heur|mdpt |vars |cons |rows |cuts |sepa|confs|strbr|  dualbound   | primalbound  |  gap   | compl. 
  240s| 35900 | 28169 |  4364k| 121.5 |    75M | 242 | 951 |5425 |5425 |   0 |  0 |   0 |  37 | 4.100000e+01 | 9.790000e+01 | 138.78%| unknown
  241s| 36000 | 28261 |  4375k| 121.5 |    75M | 242 | 951 |5425 |5425 |   0 |  0 |   0 |  37 | 4.100000e+01 | 9.790000e+01 | 138.78%| unknown
  242s| 36100 | 28345 |  4404k| 122.0 |    75M | 242 | 951 |5425 |5425 |   0 |  0 |   0 |  37 | 4.100000e+01 | 9.790000e+01 | 138.78%| unknown
  243s| 36200 | 28431 |  4419k| 122.1 |    75M | 242 | 951 |5425 |5425 |   0 |  0 |   0 |  37 | 4.100000e+01 | 9.790000e+01 | 138.78%| unknown
  244s| 36300 | 28513 |  4435k| 122.2 |    75M | 242 | 951 |5425 |5425 |   0 |  0 |   0 |  37 | 4.100000e+01 | 9.790000e+01 | 138.78%| unknown
  244s| 36400 | 28577 |  4437k| 121.9 |    76M | 242 | 951 |5425 |5425 |   0 |  0 |   0 |  37 | 4.100000e+01 | 9.790000e+01 | 138.78%| unknown
  244s| 36500 | 28659 |  4438k| 121.6 |    76M | 242 | 951 |5425 |5425 |   0 |  0 |   0 |  37 | 4.100000e+01 | 9.790000e+01 | 138.78%| unknown
  245s| 36600 | 28725 |  4440k| 121.3 |    76M | 242 | 951 |5425 |5425 |   0 |  0 |   0 |  37 | 4.100000e+01 | 9.790000e+01 | 138.78%| unknown
  245s| 36700 | 28807 |  4441k| 121.0 |    76M | 242 | 951 |5425 |5425 |   0 |  0 |   0 |  37 | 4.100000e+01 | 9.790000e+01 | 138.78%| unknown
  245s| 36800 | 28897 |  4454k| 121.0 |    76M | 242 | 951 |5425 |5425 |   0 |  0 |   0 |  37 | 4.100000e+01 | 9.790000e+01 | 138.78%| unknown
  247s| 36900 | 28977 |  4477k| 121.3 |    77M | 242 | 951 |5425 |5425 |   0 |  0 |   0 |  37 | 4.100000e+01 | 9.790000e+01 | 138.78%| unknown
  248s| 37000 | 29071 |  4503k| 121.7 |    77M | 242 | 951 |5425 |5425 |   0 |  0 |   0 |  37 | 4.100000e+01 | 9.790000e+01 | 138.78%| unknown
  249s| 37100 | 29155 |  4534k| 122.2 |    77M | 242 | 951 |5425 |5425 |   0 |  0 |   0 |  37 | 4.100000e+01 | 9.790000e+01 | 138.78%| unknown
  251s| 37200 | 29231 |  4560k| 122.6 |    77M | 242 | 951 |5425 |5425 |   0 |  0 |   0 |  37 | 4.100000e+01 | 9.790000e+01 | 138.78%| unknown
  252s| 37300 | 29309 |  4585k| 122.9 |    77M | 242 | 951 |5425 |5425 |   0 |  0 |   0 |  37 | 4.100000e+01 | 9.790000e+01 | 138.78%| unknown
 time | node  | left  |LP iter|LP it/n|mem/heur|mdpt |vars |cons |rows |cuts |sepa|confs|strbr|  dualbound   | primalbound  |  gap   | compl. 
  253s| 37400 | 29397 |  4609k| 123.2 |    77M | 242 | 951 |5425 |5425 |   0 |  0 |   0 |  37 | 4.100000e+01 | 9.790000e+01 | 138.78%| unknown
  255s| 37500 | 29489 |  4639k| 123.7 |    77M | 242 | 951 |5425 |5425 |   0 |  0 |   0 |  37 | 4.100000e+01 | 9.790000e+01 | 138.78%| unknown
  256s| 37600 | 29569 |  4668k| 124.1 |    78M | 242 | 951 |5425 |5425 |   0 |  0 |   0 |  37 | 4.100000e+01 | 9.790000e+01 | 138.78%| unknown
  257s| 37700 | 29647 |  4690k| 124.4 |    78M | 242 | 951 |5425 |5425 |   0 |  0 |   0 |  37 | 4.100000e+01 | 9.790000e+01 | 138.78%| unknown
  259s| 37800 | 29731 |  4716k| 124.7 |    79M | 242 | 951 |5425 |5425 |   0 |  0 |   0 |  37 | 4.100000e+01 | 9.790000e+01 | 138.78%| unknown
  260s| 37900 | 29801 |  4743k| 125.1 |    79M | 242 | 951 |5425 |5425 |   0 |  0 |   0 |  37 | 4.100000e+01 | 9.790000e+01 | 138.78%| unknown
  261s| 38000 | 29875 |  4769k| 125.5 |    79M | 242 | 951 |5425 |5425 |   0 |  0 |   0 |  37 | 4.100000e+01 | 9.790000e+01 | 138.78%| unknown
  263s| 38100 | 29959 |  4800k| 126.0 |    79M | 242 | 951 |5425 |5425 |   0 |  0 |   0 |  37 | 4.100000e+01 | 9.790000e+01 | 138.78%| unknown
  264s| 38200 | 30027 |  4824k| 126.3 |    79M | 242 | 951 |5425 |5425 |   0 |  0 |   0 |  37 | 4.100000e+01 | 9.790000e+01 | 138.78%| unknown
  265s| 38300 | 30091 |  4849k| 126.6 |    79M | 242 | 951 |5425 |5425 |   0 |  0 |   0 |  37 | 4.100000e+01 | 9.790000e+01 | 138.78%| unknown
  266s| 38400 | 30165 |  4857k| 126.5 |    79M | 242 | 951 |5425 |5425 |   0 |  0 |   0 |  37 | 4.100000e+01 | 9.790000e+01 | 138.78%| unknown
  266s| 38500 | 30255 |  4859k| 126.2 |    80M | 242 | 951 |5425 |5425 |   0 |  0 |   0 |  37 | 4.100000e+01 | 9.790000e+01 | 138.78%| unknown
  267s| 38600 | 30323 |  4869k| 126.1 |    80M | 242 | 951 |5425 |5425 |   0 |  0 |   0 |  37 | 4.100000e+01 | 9.790000e+01 | 138.78%| unknown
  268s| 38700 | 30397 |  4895k| 126.5 |    80M | 242 | 951 |5425 |5425 |   0 |  0 |   0 |  37 | 4.100000e+01 | 9.790000e+01 | 138.78%| unknown
  269s| 38800 | 30479 |  4925k| 126.9 |    80M | 242 | 951 |5425 |5425 |   0 |  0 |   0 |  37 | 4.100000e+01 | 9.790000e+01 | 138.78%| unknown
 time | node  | left  |LP iter|LP it/n|mem/heur|mdpt |vars |cons |rows |cuts |sepa|confs|strbr|  dualbound   | primalbound  |  gap   | compl. 
  271s| 38900 | 30555 |  4955k| 127.4 |    81M | 242 | 951 |5425 |5425 |   0 |  0 |   0 |  37 | 4.100000e+01 | 9.790000e+01 | 138.78%| unknown
  272s| 39000 | 30639 |  4976k| 127.6 |    81M | 242 | 951 |5425 |5425 |   0 |  0 |   0 |  37 | 4.100000e+01 | 9.790000e+01 | 138.78%| unknown
  273s| 39100 | 30711 |  5001k| 127.9 |    81M | 242 | 951 |5425 |5425 |   0 |  0 |   0 |  37 | 4.100000e+01 | 9.790000e+01 | 138.78%| unknown
  274s| 39200 | 30795 |  5024k| 128.2 |    81M | 242 | 951 |5425 |5425 |   0 |  0 |   0 |  37 | 4.100000e+01 | 9.790000e+01 | 138.78%| unknown
  275s| 39300 | 30873 |  5043k| 128.3 |    81M | 242 | 951 |5425 |5425 |   0 |  0 |   0 |  37 | 4.100000e+01 | 9.790000e+01 | 138.78%| unknown
  276s| 39400 | 30931 |  5069k| 128.6 |    81M | 242 | 951 |5425 |5425 |   0 |  0 |   0 |  37 | 4.100000e+01 | 9.790000e+01 | 138.78%| unknown
  277s| 39500 | 31015 |  5086k| 128.8 |    81M | 242 | 951 |5425 |5425 |   0 |  0 |   0 |  37 | 4.100000e+01 | 9.790000e+01 | 138.78%| unknown
  278s| 39600 | 31105 |  5106k| 128.9 |    81M | 242 | 951 |5425 |5425 |   0 |  0 |   0 |  37 | 4.100000e+01 | 9.790000e+01 | 138.78%| unknown
  279s| 39700 | 31183 |  5122k| 129.0 |    81M | 242 | 951 |5425 |5425 |   0 |  0 |   0 |  37 | 4.100000e+01 | 9.790000e+01 | 138.78%| unknown
  279s| 39800 | 31249 |  5123k| 128.7 |    81M | 242 | 951 |5425 |5425 |   0 |  0 |   0 |  37 | 4.100000e+01 | 9.790000e+01 | 138.78%| unknown
  280s| 39900 | 31315 |  5125k| 128.4 |    81M | 242 | 951 |5425 |5425 |   0 |  0 |   0 |  37 | 4.100000e+01 | 9.790000e+01 | 138.78%| unknown
  280s| 40000 | 31389 |  5127k| 128.2 |    82M | 242 | 951 |5425 |5425 |   0 |  0 |   0 |  37 | 4.100000e+01 | 9.790000e+01 | 138.78%| unknown
  280s| 40100 | 31471 |  5129k| 127.9 |    82M | 242 | 951 |5425 |5425 |   0 |  0 |   0 |  37 | 4.100000e+01 | 9.790000e+01 | 138.78%| unknown
  280s| 40200 | 31563 |  5130k| 127.6 |    82M | 242 | 951 |5425 |5425 |   0 |  0 |   0 |  37 | 4.100000e+01 | 9.790000e+01 | 138.78%| unknown
  280s| 40300 | 31649 |  5131k| 127.3 |    84M | 242 | 951 |5425 |5425 |   0 |  0 |   0 |  37 | 4.100000e+01 | 9.790000e+01 | 138.78%| unknown
 time | node  | left  |LP iter|LP it/n|mem/heur|mdpt |vars |cons |rows |cuts |sepa|confs|strbr|  dualbound   | primalbound  |  gap   | compl. 
  281s| 40400 | 31745 |  5132k| 127.0 |    84M | 242 | 951 |5425 |5425 |   0 |  0 |   0 |  37 | 4.100000e+01 | 9.790000e+01 | 138.78%| unknown
  282s| 40500 | 31837 |  5150k| 127.1 |    84M | 242 | 951 |5425 |5425 |   0 |  0 |   0 |  37 | 4.100000e+01 | 9.790000e+01 | 138.78%| unknown
  282s| 40600 | 31921 |  5164k| 127.2 |    84M | 242 | 951 |5425 |5425 |   0 |  0 |   0 |  37 | 4.100000e+01 | 9.790000e+01 | 138.78%| unknown
  282s| 40700 | 31991 |  5165k| 126.9 |    84M | 242 | 951 |5425 |5425 |   0 |  0 |   0 |  37 | 4.100000e+01 | 9.790000e+01 | 138.78%| unknown
  283s| 40800 | 32069 |  5172k| 126.7 |    84M | 242 | 951 |5425 |5425 |   0 |  0 |   0 |  37 | 4.100000e+01 | 9.790000e+01 | 138.78%| unknown
  284s| 40900 | 32147 |  5192k| 126.9 |    85M | 242 | 951 |5425 |5425 |   0 |  0 |   0 |  37 | 4.100000e+01 | 9.790000e+01 | 138.78%| unknown
  285s| 41000 | 32223 |  5214k| 127.2 |    85M | 242 | 951 |5425 |5425 |   0 |  0 |   0 |  37 | 4.100000e+01 | 9.790000e+01 | 138.78%| unknown
  286s| 41100 | 32301 |  5240k| 127.5 |    85M | 242 | 951 |5425 |5425 |   0 |  0 |   0 |  37 | 4.100000e+01 | 9.790000e+01 | 138.78%| unknown
  288s| 41200 | 32383 |  5264k| 127.8 |    85M | 242 | 951 |5425 |5425 |   0 |  0 |   0 |  37 | 4.100000e+01 | 9.790000e+01 | 138.78%| unknown
  289s| 41300 | 32461 |  5288k| 128.0 |    85M | 242 | 951 |5425 |5425 |   0 |  0 |   0 |  37 | 4.100000e+01 | 9.790000e+01 | 138.78%| unknown
  290s| 41400 | 32551 |  5308k| 128.2 |    85M | 242 | 951 |5425 |5425 |   0 |  0 |   0 |  37 | 4.100000e+01 | 9.790000e+01 | 138.78%| unknown
  291s| 41500 | 32635 |  5337k| 128.6 |    85M | 242 | 951 |5425 |5425 |   0 |  0 |   0 |  37 | 4.100000e+01 | 9.790000e+01 | 138.78%| unknown
  293s| 41600 | 32715 |  5368k| 129.0 |    85M | 242 | 951 |5425 |5425 |   0 |  0 |   0 |  37 | 4.100000e+01 | 9.790000e+01 | 138.78%| unknown
  294s| 41700 | 32789 |  5385k| 129.1 |    85M | 242 | 951 |5425 |5425 |   0 |  0 |   0 |  37 | 4.100000e+01 | 9.790000e+01 | 138.78%| unknown
  295s| 41800 | 32867 |  5405k| 129.3 |    85M | 242 | 951 |5425 |5425 |   0 |  0 |   0 |  37 | 4.100000e+01 | 9.790000e+01 | 138.78%| unknown
 time | node  | left  |LP iter|LP it/n|mem/heur|mdpt |vars |cons |rows |cuts |sepa|confs|strbr|  dualbound   | primalbound  |  gap   | compl. 
  296s| 41900 | 32957 |  5426k| 129.5 |    86M | 242 | 951 |5425 |5425 |   0 |  0 |   0 |  37 | 4.100000e+01 | 9.790000e+01 | 138.78%| unknown
  297s| 42000 | 33033 |  5445k| 129.6 |    86M | 242 | 951 |5425 |5425 |   0 |  0 |   0 |  37 | 4.100000e+01 | 9.790000e+01 | 138.78%| unknown
  298s| 42100 | 33095 |  5475k| 130.0 |    86M | 242 | 951 |5425 |5425 |   0 |  0 |   0 |  37 | 4.100000e+01 | 9.790000e+01 | 138.78%| unknown
  299s| 42200 | 33161 |  5480k| 129.8 |    86M | 242 | 951 |5425 |5425 |   0 |  0 |   0 |  37 | 4.100000e+01 | 9.790000e+01 | 138.78%| unknown
  299s| 42300 | 33243 |  5482k| 129.6 |    86M | 242 | 951 |5425 |5425 |   0 |  0 |   0 |  37 | 4.100000e+01 | 9.790000e+01 | 138.78%| unknown
  299s| 42400 | 33321 |  5484k| 129.3 |    86M | 242 | 951 |5425 |5425 |   0 |  0 |   0 |  37 | 4.100000e+01 | 9.790000e+01 | 138.78%| unknown
  299s| 42500 | 33407 |  5485k| 129.0 |    86M | 242 | 951 |5425 |5425 |   0 |  0 |   0 |  37 | 4.100000e+01 | 9.790000e+01 | 138.78%| unknown
  299s| 42600 | 33477 |  5487k| 128.8 |    86M | 242 | 951 |5425 |5425 |   0 |  0 |   0 |  37 | 4.100000e+01 | 9.790000e+01 | 138.78%| unknown
  300s| 42700 | 33549 |  5499k| 128.8 |    86M | 242 | 951 |5425 |5425 |   0 |  0 |   0 |  37 | 4.100000e+01 | 9.790000e+01 | 138.78%| unknown
  301s| 42800 | 33633 |  5524k| 129.1 |    86M | 242 | 951 |5425 |5425 |   0 |  0 |   0 |  37 | 4.100000e+01 | 9.790000e+01 | 138.78%| unknown
  303s| 42900 | 33719 |  5549k| 129.3 |    87M | 242 | 951 |5425 |5425 |   0 |  0 |   0 |  37 | 4.100000e+01 | 9.790000e+01 | 138.78%| unknown
  304s| 43000 | 33807 |  5571k| 129.6 |    87M | 242 | 951 |5425 |5425 |   0 |  0 |   0 |  37 | 4.100000e+01 | 9.790000e+01 | 138.78%| unknown
  305s| 43100 | 33879 |  5589k| 129.7 |    87M | 242 | 951 |5425 |5425 |   0 |  0 |   0 |  37 | 4.100000e+01 | 9.790000e+01 | 138.78%| unknown
  306s| 43200 | 33961 |  5611k| 129.9 |    87M | 242 | 951 |5425 |5425 |   0 |  0 |   0 |  37 | 4.100000e+01 | 9.790000e+01 | 138.78%| unknown
  307s| 43300 | 34049 |  5630k| 130.0 |    87M | 242 | 951 |5425 |5425 |   0 |  0 |   0 |  37 | 4.100000e+01 | 9.790000e+01 | 138.78%| unknown
 time | node  | left  |LP iter|LP it/n|mem/heur|mdpt |vars |cons |rows |cuts |sepa|confs|strbr|  dualbound   | primalbound  |  gap   | compl. 
  308s| 43400 | 34131 |  5661k| 130.4 |    88M | 242 | 951 |5425 |5425 |   0 |  0 |   0 |  37 | 4.100000e+01 | 9.790000e+01 | 138.78%| unknown
  309s| 43500 | 34215 |  5679k| 130.6 |    88M | 242 | 951 |5425 |5425 |   0 |  0 |   0 |  37 | 4.100000e+01 | 9.790000e+01 | 138.78%| unknown
  310s| 43600 | 34295 |  5700k| 130.7 |    88M | 242 | 951 |5425 |5425 |   0 |  0 |   0 |  37 | 4.100000e+01 | 9.790000e+01 | 138.78%| unknown
  311s| 43700 | 34367 |  5712k| 130.7 |    88M | 242 | 951 |5425 |5425 |   0 |  0 |   0 |  37 | 4.100000e+01 | 9.790000e+01 | 138.78%| unknown
  312s| 43800 | 34443 |  5734k| 130.9 |    88M | 242 | 951 |5425 |5425 |   0 |  0 |   0 |  37 | 4.100000e+01 | 9.790000e+01 | 138.78%| unknown
  313s| 43900 | 34513 |  5758k| 131.2 |    88M | 242 | 951 |5425 |5425 |   0 |  0 |   0 |  37 | 4.100000e+01 | 9.790000e+01 | 138.78%| unknown
  315s| 44000 | 34579 |  5782k| 131.4 |    89M | 242 | 951 |5425 |5425 |   0 |  0 |   0 |  37 | 4.100000e+01 | 9.790000e+01 | 138.78%| unknown
  316s| 44100 | 34661 |  5808k| 131.7 |    89M | 242 | 951 |5425 |5425 |   0 |  0 |   0 |  37 | 4.100000e+01 | 9.790000e+01 | 138.78%| unknown
  318s| 44200 | 34731 |  5841k| 132.1 |    89M | 242 | 951 |5425 |5425 |   0 |  0 |   0 |  37 | 4.100000e+01 | 9.790000e+01 | 138.78%| unknown
  319s| 44300 | 34789 |  5869k| 132.5 |    89M | 242 | 951 |5425 |5425 |   0 |  0 |   0 |  37 | 4.100000e+01 | 9.790000e+01 | 138.78%| unknown
  320s| 44400 | 34867 |  5894k| 132.7 |    89M | 242 | 951 |5425 |5425 |   0 |  0 |   0 |  37 | 4.100000e+01 | 9.790000e+01 | 138.78%| unknown
  322s| 44500 | 34931 |  5923k| 133.1 |    89M | 242 | 951 |5425 |5425 |   0 |  0 |   0 |  37 | 4.100000e+01 | 9.790000e+01 | 138.78%| unknown
  323s| 44600 | 35015 |  5948k| 133.4 |    89M | 242 | 951 |5425 |5425 |   0 |  0 |   0 |  37 | 4.100000e+01 | 9.790000e+01 | 138.78%| unknown
  324s| 44700 | 35085 |  5968k| 133.5 |    89M | 242 | 951 |5425 |5425 |   0 |  0 |   0 |  37 | 4.100000e+01 | 9.790000e+01 | 138.78%| unknown
  325s| 44800 | 35167 |  5988k| 133.7 |    89M | 242 | 951 |5425 |5425 |   0 |  0 |   0 |  37 | 4.100000e+01 | 9.790000e+01 | 138.78%| unknown
 time | node  | left  |LP iter|LP it/n|mem/heur|mdpt |vars |cons |rows |cuts |sepa|confs|strbr|  dualbound   | primalbound  |  gap   | compl. 
  325s| 44900 | 35247 |  5990k| 133.4 |    89M | 242 | 951 |5425 |5425 |   0 |  0 |   0 |  37 | 4.100000e+01 | 9.790000e+01 | 138.78%| unknown
  325s| 45000 | 35335 |  5992k| 133.2 |    90M | 242 | 951 |5425 |5425 |   0 |  0 |   0 |  37 | 4.100000e+01 | 9.790000e+01 | 138.78%| unknown
  326s| 45100 | 35415 |  5994k| 132.9 |    90M | 242 | 951 |5425 |5425 |   0 |  0 |   0 |  37 | 4.100000e+01 | 9.790000e+01 | 138.78%| unknown
  326s| 45200 | 35491 |  5996k| 132.6 |    90M | 242 | 951 |5425 |5425 |   0 |  0 |   0 |  37 | 4.100000e+01 | 9.790000e+01 | 138.78%| unknown
  327s| 45300 | 35575 |  6016k| 132.8 |    90M | 242 | 951 |5425 |5425 |   0 |  0 |   0 |  37 | 4.100000e+01 | 9.790000e+01 | 138.78%| unknown
  328s| 45400 | 35663 |  6040k| 133.0 |    90M | 242 | 951 |5425 |5425 |   0 |  0 |   0 |  37 | 4.100000e+01 | 9.790000e+01 | 138.78%| unknown
  329s| 45500 | 35749 |  6065k| 133.3 |    90M | 242 | 951 |5425 |5425 |   0 |  0 |   0 |  37 | 4.100000e+01 | 9.790000e+01 | 138.78%| unknown
  330s| 45600 | 35833 |  6084k| 133.4 |    90M | 242 | 951 |5425 |5425 |   0 |  0 |   0 |  37 | 4.100000e+01 | 9.790000e+01 | 138.78%| unknown
  330s| 45700 | 35927 |  6085k| 133.1 |    90M | 242 | 951 |5425 |5425 |   0 |  0 |   0 |  37 | 4.100000e+01 | 9.790000e+01 | 138.78%| unknown
  331s| 45800 | 36013 |  6088k| 132.9 |    90M | 242 | 951 |5425 |5425 |   0 |  0 |   0 |  37 | 4.100000e+01 | 9.790000e+01 | 138.78%| unknown
  331s| 45900 | 36087 |  6090k| 132.7 |    90M | 242 | 951 |5425 |5425 |   0 |  0 |   0 |  37 | 4.100000e+01 | 9.790000e+01 | 138.78%| unknown
  331s| 46000 | 36165 |  6091k| 132.4 |    92M | 242 | 951 |5425 |5425 |   0 |  0 |   0 |  37 | 4.100000e+01 | 9.790000e+01 | 138.78%| unknown
  331s| 46100 | 36239 |  6093k| 132.2 |    92M | 242 | 951 |5425 |5425 |   0 |  0 |   0 |  37 | 4.100000e+01 | 9.790000e+01 | 138.78%| unknown
  331s| 46200 | 36315 |  6094k| 131.9 |    93M | 242 | 951 |5425 |5425 |   0 |  0 |   0 |  37 | 4.100000e+01 | 9.790000e+01 | 138.78%| unknown
  332s| 46300 | 36385 |  6096k| 131.7 |    93M | 242 | 951 |5425 |5425 |   0 |  0 |   0 |  37 | 4.100000e+01 | 9.790000e+01 | 138.78%| unknown
 time | node  | left  |LP iter|LP it/n|mem/heur|mdpt |vars |cons |rows |cuts |sepa|confs|strbr|  dualbound   | primalbound  |  gap   | compl. 
  332s| 46400 | 36449 |  6098k| 131.4 |    93M | 242 | 951 |5425 |5425 |   0 |  0 |   0 |  37 | 4.100000e+01 | 9.790000e+01 | 138.78%| unknown
  332s| 46500 | 36513 |  6100k| 131.2 |    93M | 242 | 951 |5425 |5425 |   0 |  0 |   0 |  37 | 4.100000e+01 | 9.790000e+01 | 138.78%| unknown
  332s| 46600 | 36587 |  6102k| 130.9 |    93M | 242 | 951 |5425 |5425 |   0 |  0 |   0 |  37 | 4.100000e+01 | 9.790000e+01 | 138.78%| unknown
  333s| 46700 | 36669 |  6112k| 130.9 |    93M | 242 | 951 |5425 |5425 |   0 |  0 |   0 |  37 | 4.100000e+01 | 9.790000e+01 | 138.78%| unknown
  334s| 46800 | 36759 |  6131k| 131.0 |    93M | 242 | 951 |5425 |5425 |   0 |  0 |   0 |  37 | 4.100000e+01 | 9.790000e+01 | 138.78%| unknown
  335s| 46900 | 36837 |  6151k| 131.1 |    93M | 242 | 951 |5425 |5425 |   0 |  0 |   0 |  37 | 4.100000e+01 | 9.790000e+01 | 138.78%| unknown
  336s| 47000 | 36903 |  6165k| 131.2 |    93M | 242 | 951 |5425 |5425 |   0 |  0 |   0 |  37 | 4.100000e+01 | 9.790000e+01 | 138.78%| unknown
  336s| 47100 | 36975 |  6181k| 131.2 |    94M | 242 | 951 |5425 |5425 |   0 |  0 |   0 |  37 | 4.100000e+01 | 9.790000e+01 | 138.78%| unknown
  337s| 47200 | 37053 |  6193k| 131.2 |    94M | 242 | 951 |5425 |5425 |   0 |  0 |   0 |  37 | 4.100000e+01 | 9.790000e+01 | 138.78%| unknown
  338s| 47300 | 37133 |  6216k| 131.4 |    94M | 242 | 951 |5425 |5425 |   0 |  0 |   0 |  37 | 4.100000e+01 | 9.790000e+01 | 138.78%| unknown
  339s| 47400 | 37203 |  6236k| 131.6 |    94M | 242 | 951 |5425 |5425 |   0 |  0 |   0 |  37 | 4.100000e+01 | 9.790000e+01 | 138.78%| unknown
  340s| 47500 | 37283 |  6262k| 131.8 |    94M | 242 | 951 |5425 |5425 |   0 |  0 |   0 |  37 | 4.100000e+01 | 9.790000e+01 | 138.78%| unknown
  341s| 47600 | 37365 |  6273k| 131.8 |    94M | 242 | 951 |5425 |5425 |   0 |  0 |   0 |  37 | 4.100000e+01 | 9.790000e+01 | 138.78%| unknown
  342s| 47700 | 37445 |  6287k| 131.8 |    94M | 242 | 951 |5425 |5425 |   0 |  0 |   0 |  37 | 4.100000e+01 | 9.790000e+01 | 138.78%| unknown
  343s| 47800 | 37535 |  6311k| 132.0 |    94M | 242 | 951 |5425 |5425 |   0 |  0 |   0 |  37 | 4.100000e+01 | 9.790000e+01 | 138.78%| unknown
 time | node  | left  |LP iter|LP it/n|mem/heur|mdpt |vars |cons |rows |cuts |sepa|confs|strbr|  dualbound   | primalbound  |  gap   | compl. 
  344s| 47900 | 37615 |  6331k| 132.2 |    94M | 242 | 951 |5425 |5425 |   0 |  0 |   0 |  37 | 4.100000e+01 | 9.790000e+01 | 138.78%| unknown
  345s| 48000 | 37693 |  6348k| 132.2 |    94M | 242 | 951 |5425 |5425 |   0 |  0 |   0 |  37 | 4.100000e+01 | 9.790000e+01 | 138.78%| unknown
  346s| 48100 | 37789 |  6375k| 132.5 |    95M | 242 | 951 |5425 |5425 |   0 |  0 |   0 |  37 | 4.100000e+01 | 9.790000e+01 | 138.78%| unknown
  347s| 48200 | 37875 |  6390k| 132.6 |    95M | 242 | 951 |5425 |5425 |   0 |  0 |   0 |  37 | 4.100000e+01 | 9.790000e+01 | 138.78%| unknown
  347s| 48300 | 37959 |  6393k| 132.3 |    96M | 242 | 951 |5425 |5425 |   0 |  0 |   0 |  37 | 4.100000e+01 | 9.790000e+01 | 138.78%| unknown
  347s| 48400 | 38045 |  6395k| 132.1 |    96M | 242 | 951 |5425 |5425 |   0 |  0 |   0 |  37 | 4.100000e+01 | 9.790000e+01 | 138.78%| unknown
  348s| 48500 | 38123 |  6396k| 131.9 |    96M | 242 | 951 |5425 |5425 |   0 |  0 |   0 |  37 | 4.100000e+01 | 9.790000e+01 | 138.78%| unknown
  348s| 48600 | 38195 |  6398k| 131.6 |    96M | 242 | 951 |5425 |5425 |   0 |  0 |   0 |  37 | 4.100000e+01 | 9.790000e+01 | 138.78%| unknown
  348s| 48700 | 38277 |  6399k| 131.4 |    96M | 242 | 951 |5425 |5425 |   0 |  0 |   0 |  37 | 4.100000e+01 | 9.790000e+01 | 138.78%| unknown
  348s| 48800 | 38347 |  6401k| 131.2 |    96M | 242 | 951 |5425 |5425 |   0 |  0 |   0 |  37 | 4.100000e+01 | 9.790000e+01 | 138.78%| unknown
  348s| 48900 | 38421 |  6402k| 130.9 |    96M | 242 | 951 |5425 |5425 |   0 |  0 |   0 |  37 | 4.100000e+01 | 9.790000e+01 | 138.78%| unknown
  349s| 49000 | 38501 |  6404k| 130.7 |    96M | 242 | 951 |5425 |5425 |   0 |  0 |   0 |  37 | 4.100000e+01 | 9.790000e+01 | 138.78%| unknown
  349s| 49100 | 38567 |  6406k| 130.5 |    97M | 242 | 951 |5425 |5425 |   0 |  0 |   0 |  37 | 4.100000e+01 | 9.790000e+01 | 138.78%| unknown
  349s| 49200 | 38647 |  6408k| 130.2 |    97M | 242 | 951 |5425 |5425 |   0 |  0 |   0 |  37 | 4.100000e+01 | 9.790000e+01 | 138.78%| unknown
  349s| 49300 | 38711 |  6409k| 130.0 |    97M | 242 | 951 |5425 |5425 |   0 |  0 |   0 |  37 | 4.100000e+01 | 9.790000e+01 | 138.78%| unknown
 time | node  | left  |LP iter|LP it/n|mem/heur|mdpt |vars |cons |rows |cuts |sepa|confs|strbr|  dualbound   | primalbound  |  gap   | compl. 
  349s| 49400 | 38797 |  6411k| 129.8 |    97M | 242 | 951 |5425 |5425 |   0 |  0 |   0 |  37 | 4.100000e+01 | 9.790000e+01 | 138.78%| unknown
  350s| 49500 | 38873 |  6413k| 129.5 |    97M | 242 | 951 |5425 |5425 |   0 |  0 |   0 |  37 | 4.100000e+01 | 9.790000e+01 | 138.78%| unknown
  350s| 49600 | 38945 |  6414k| 129.3 |    97M | 242 | 951 |5425 |5425 |   0 |  0 |   0 |  37 | 4.100000e+01 | 9.790000e+01 | 138.78%| unknown
  350s| 49700 | 39015 |  6416k| 129.1 |    97M | 242 | 951 |5425 |5425 |   0 |  0 |   0 |  37 | 4.100000e+01 | 9.790000e+01 | 138.78%| unknown
  350s| 49800 | 39081 |  6417k| 128.9 |    97M | 242 | 951 |5425 |5425 |   0 |  0 |   0 |  37 | 4.100000e+01 | 9.790000e+01 | 138.78%| unknown
  350s| 49900 | 39155 |  6419k| 128.6 |    97M | 242 | 951 |5425 |5425 |   0 |  0 |   0 |  37 | 4.100000e+01 | 9.790000e+01 | 138.78%| unknown
  351s| 50000 | 39233 |  6421k| 128.4 |    97M | 242 | 951 |5425 |5425 |   0 |  0 |   0 |  37 | 4.100000e+01 | 9.790000e+01 | 138.78%| unknown
  351s| 50100 | 39313 |  6423k| 128.2 |    97M | 242 | 951 |5425 |5425 |   0 |  0 |   0 |  37 | 4.100000e+01 | 9.790000e+01 | 138.78%| unknown
  351s| 50200 | 39383 |  6424k| 128.0 |    98M | 242 | 951 |5425 |5425 |   0 |  0 |   0 |  37 | 4.100000e+01 | 9.790000e+01 | 138.78%| unknown
  351s| 50300 | 39463 |  6426k| 127.7 |    98M | 242 | 951 |5425 |5425 |   0 |  0 |   0 |  37 | 4.100000e+01 | 9.790000e+01 | 138.78%| unknown
  351s| 50400 | 39537 |  6427k| 127.5 |    98M | 242 | 951 |5425 |5425 |   0 |  0 |   0 |  37 | 4.100000e+01 | 9.790000e+01 | 138.78%| unknown
  352s| 50500 | 39589 |  6429k| 127.3 |    98M | 242 | 951 |5425 |5425 |   0 |  0 |   0 |  37 | 4.100000e+01 | 9.790000e+01 | 138.78%| unknown
  352s| 50600 | 39653 |  6430k| 127.1 |    98M | 242 | 951 |5425 |5425 |   0 |  0 |   0 |  37 | 4.100000e+01 | 9.790000e+01 | 138.78%| unknown
  352s| 50700 | 39729 |  6432k| 126.8 |    98M | 242 | 951 |5425 |5425 |   0 |  0 |   0 |  37 | 4.100000e+01 | 9.790000e+01 | 138.78%| unknown
  352s| 50800 | 39815 |  6433k| 126.6 |    98M | 242 | 951 |5425 |5425 |   0 |  0 |   0 |  37 | 4.100000e+01 | 9.790000e+01 | 138.78%| unknown
 time | node  | left  |LP iter|LP it/n|mem/heur|mdpt |vars |cons |rows |cuts |sepa|confs|strbr|  dualbound   | primalbound  |  gap   | compl. 
  352s| 50900 | 39895 |  6434k| 126.4 |    98M | 242 | 951 |5425 |5425 |   0 |  0 |   0 |  37 | 4.100000e+01 | 9.790000e+01 | 138.78%| unknown
  353s| 51000 | 39979 |  6445k| 126.4 |    98M | 242 | 951 |5425 |5425 |   0 |  0 |   0 |  37 | 4.100000e+01 | 9.790000e+01 | 138.78%| unknown
  354s| 51100 | 40057 |  6461k| 126.4 |    98M | 242 | 951 |5425 |5425 |   0 |  0 |   0 |  37 | 4.100000e+01 | 9.790000e+01 | 138.78%| unknown
  354s| 51200 | 40133 |  6463k| 126.2 |   100M | 242 | 951 |5425 |5425 |   0 |  0 |   0 |  37 | 4.100000e+01 | 9.790000e+01 | 138.78%| unknown
  354s| 51300 | 40203 |  6464k| 126.0 |   100M | 242 | 951 |5425 |5425 |   0 |  0 |   0 |  37 | 4.100000e+01 | 9.790000e+01 | 138.78%| unknown
  354s| 51400 | 40283 |  6466k| 125.8 |   100M | 242 | 951 |5425 |5425 |   0 |  0 |   0 |  37 | 4.100000e+01 | 9.790000e+01 | 138.78%| unknown
  354s| 51500 | 40361 |  6468k| 125.6 |   100M | 242 | 951 |5425 |5425 |   0 |  0 |   0 |  37 | 4.100000e+01 | 9.790000e+01 | 138.78%| unknown
  355s| 51600 | 40449 |  6470k| 125.4 |   100M | 242 | 951 |5425 |5425 |   0 |  0 |   0 |  37 | 4.100000e+01 | 9.790000e+01 | 138.78%| unknown
  355s| 51700 | 40515 |  6472k| 125.2 |   100M | 242 | 951 |5425 |5425 |   0 |  0 |   0 |  37 | 4.100000e+01 | 9.790000e+01 | 138.78%| unknown
  355s| 51800 | 40587 |  6474k| 125.0 |   100M | 242 | 951 |5425 |5425 |   0 |  0 |   0 |  37 | 4.100000e+01 | 9.790000e+01 | 138.78%| unknown
  355s| 51900 | 40653 |  6475k| 124.8 |   100M | 242 | 951 |5425 |5425 |   0 |  0 |   0 |  37 | 4.100000e+01 | 9.790000e+01 | 138.78%| unknown
  355s| 52000 | 40737 |  6477k| 124.5 |   101M | 242 | 951 |5425 |5425 |   0 |  0 |   0 |  37 | 4.100000e+01 | 9.790000e+01 | 138.78%| unknown
  356s| 52100 | 40815 |  6478k| 124.3 |   101M | 242 | 951 |5425 |5425 |   0 |  0 |   0 |  37 | 4.100000e+01 | 9.790000e+01 | 138.78%| unknown
  356s| 52200 | 40895 |  6480k| 124.1 |   101M | 242 | 951 |5425 |5425 |   0 |  0 |   0 |  37 | 4.100000e+01 | 9.790000e+01 | 138.78%| unknown
  357s| 52300 | 40979 |  6491k| 124.1 |   102M | 242 | 951 |5425 |5425 |   0 |  0 |   0 |  37 | 4.100000e+01 | 9.790000e+01 | 138.78%| unknown
 time | node  | left  |LP iter|LP it/n|mem/heur|mdpt |vars |cons |rows |cuts |sepa|confs|strbr|  dualbound   | primalbound  |  gap   | compl. 
  358s| 52400 | 41055 |  6512k| 124.3 |   102M | 242 | 951 |5425 |5425 |   0 |  0 |   0 |  37 | 4.100000e+01 | 9.790000e+01 | 138.78%| unknown
  359s| 52500 | 41135 |  6532k| 124.4 |   102M | 242 | 951 |5425 |5425 |   0 |  0 |   0 |  37 | 4.100000e+01 | 9.790000e+01 | 138.78%| unknown
  360s| 52600 | 41207 |  6561k| 124.7 |   102M | 242 | 951 |5425 |5425 |   0 |  0 |   0 |  37 | 4.100000e+01 | 9.790000e+01 | 138.78%| unknown
  361s| 52700 | 41273 |  6584k| 124.9 |   102M | 242 | 951 |5425 |5425 |   0 |  0 |   0 |  37 | 4.100000e+01 | 9.790000e+01 | 138.78%| unknown
  362s| 52800 | 41349 |  6612k| 125.2 |   102M | 242 | 951 |5425 |5425 |   0 |  0 |   0 |  37 | 4.100000e+01 | 9.790000e+01 | 138.78%| unknown
  363s| 52900 | 41415 |  6627k| 125.3 |   102M | 242 | 951 |5425 |5425 |   0 |  0 |   0 |  37 | 4.100000e+01 | 9.790000e+01 | 138.78%| unknown
  364s| 53000 | 41489 |  6650k| 125.5 |   102M | 242 | 951 |5425 |5425 |   0 |  0 |   0 |  37 | 4.100000e+01 | 9.790000e+01 | 138.78%| unknown
  366s| 53100 | 41571 |  6682k| 125.8 |   102M | 242 | 951 |5425 |5425 |   0 |  0 |   0 |  37 | 4.100000e+01 | 9.790000e+01 | 138.78%| unknown
  367s| 53200 | 41653 |  6712k| 126.1 |   102M | 242 | 951 |5425 |5425 |   0 |  0 |   0 |  37 | 4.100000e+01 | 9.790000e+01 | 138.78%| unknown
  369s| 53300 | 41729 |  6740k| 126.4 |   104M | 242 | 951 |5425 |5425 |   0 |  0 |   0 |  37 | 4.100000e+01 | 9.790000e+01 | 138.78%| unknown
  370s| 53400 | 41811 |  6764k| 126.7 |   104M | 242 | 951 |5425 |5425 |   0 |  0 |   0 |  37 | 4.100000e+01 | 9.790000e+01 | 138.78%| unknown
  371s| 53500 | 41891 |  6786k| 126.8 |   104M | 242 | 951 |5425 |5425 |   0 |  0 |   0 |  37 | 4.100000e+01 | 9.790000e+01 | 138.78%| unknown
  371s| 53600 | 41979 |  6787k| 126.6 |   104M | 242 | 951 |5425 |5425 |   0 |  0 |   0 |  37 | 4.100000e+01 | 9.790000e+01 | 138.78%| unknown
  371s| 53700 | 42053 |  6788k| 126.4 |   104M | 242 | 951 |5425 |5425 |   0 |  0 |   0 |  37 | 4.100000e+01 | 9.790000e+01 | 138.78%| unknown
  372s| 53800 | 42125 |  6789k| 126.2 |   104M | 242 | 951 |5425 |5425 |   0 |  0 |   0 |  37 | 4.100000e+01 | 9.790000e+01 | 138.78%| unknown
 time | node  | left  |LP iter|LP it/n|mem/heur|mdpt |vars |cons |rows |cuts |sepa|confs|strbr|  dualbound   | primalbound  |  gap   | compl. 
  372s| 53900 | 42205 |  6800k| 126.2 |   104M | 242 | 951 |5425 |5425 |   0 |  0 |   0 |  37 | 4.100000e+01 | 9.790000e+01 | 138.78%| unknown
  373s| 54000 | 42287 |  6814k| 126.2 |   104M | 242 | 951 |5425 |5425 |   0 |  0 |   0 |  37 | 4.100000e+01 | 9.790000e+01 | 138.78%| unknown
  374s| 54100 | 42373 |  6824k| 126.1 |   104M | 242 | 951 |5425 |5425 |   0 |  0 |   0 |  37 | 4.100000e+01 | 9.790000e+01 | 138.78%| unknown
  374s| 54200 | 42449 |  6837k| 126.1 |   104M | 242 | 951 |5425 |5425 |   0 |  0 |   0 |  37 | 4.100000e+01 | 9.790000e+01 | 138.78%| unknown
  375s| 54300 | 42531 |  6857k| 126.3 |   105M | 242 | 951 |5425 |5425 |   0 |  0 |   0 |  37 | 4.100000e+01 | 9.790000e+01 | 138.78%| unknown
  376s| 54400 | 42609 |  6871k| 126.3 |   105M | 242 | 951 |5425 |5425 |   0 |  0 |   0 |  37 | 4.100000e+01 | 9.790000e+01 | 138.78%| unknown
  377s| 54500 | 42687 |  6891k| 126.4 |   105M | 242 | 951 |5425 |5425 |   0 |  0 |   0 |  37 | 4.100000e+01 | 9.790000e+01 | 138.78%| unknown
  378s| 54600 | 42757 |  6916k| 126.7 |   105M | 242 | 951 |5425 |5425 |   0 |  0 |   0 |  37 | 4.100000e+01 | 9.790000e+01 | 138.78%| unknown
  379s| 54700 | 42837 |  6930k| 126.7 |   105M | 242 | 951 |5425 |5425 |   0 |  0 |   0 |  37 | 4.100000e+01 | 9.790000e+01 | 138.78%| unknown
  380s| 54800 | 42907 |  6950k| 126.8 |   105M | 242 | 951 |5425 |5425 |   0 |  0 |   0 |  37 | 4.100000e+01 | 9.790000e+01 | 138.78%| unknown
  381s| 54900 | 42981 |  6965k| 126.9 |   105M | 242 | 951 |5425 |5425 |   0 |  0 |   0 |  37 | 4.100000e+01 | 9.790000e+01 | 138.78%| unknown
  382s| 55000 | 43053 |  6990k| 127.1 |   105M | 242 | 951 |5425 |5425 |   0 |  0 |   0 |  37 | 4.100000e+01 | 9.790000e+01 | 138.78%| unknown
  383s| 55100 | 43127 |  7010k| 127.2 |   105M | 242 | 951 |5425 |5425 |   0 |  0 |   0 |  37 | 4.100000e+01 | 9.790000e+01 | 138.78%| unknown
  384s| 55200 | 43205 |  7031k| 127.4 |   105M | 242 | 951 |5425 |5425 |   0 |  0 |   0 |  37 | 4.100000e+01 | 9.790000e+01 | 138.78%| unknown
  385s| 55300 | 43281 |  7050k| 127.5 |   105M | 242 | 951 |5425 |5425 |   0 |  0 |   0 |  37 | 4.100000e+01 | 9.790000e+01 | 138.78%| unknown
 time | node  | left  |LP iter|LP it/n|mem/heur|mdpt |vars |cons |rows |cuts |sepa|confs|strbr|  dualbound   | primalbound  |  gap   | compl. 
  387s| 55400 | 43365 |  7076k| 127.7 |   106M | 242 | 951 |5425 |5425 |   0 |  0 |   0 |  37 | 4.100000e+01 | 9.790000e+01 | 138.78%| unknown
  388s| 55500 | 43439 |  7099k| 127.9 |   106M | 242 | 951 |5425 |5425 |   0 |  0 |   0 |  37 | 4.100000e+01 | 9.790000e+01 | 138.78%| unknown
  389s| 55600 | 43513 |  7120k| 128.0 |   106M | 242 | 951 |5425 |5425 |   0 |  0 |   0 |  37 | 4.100000e+01 | 9.790000e+01 | 138.78%| unknown
  391s| 55700 | 43585 |  7156k| 128.5 |   106M | 242 | 951 |5425 |5425 |   0 |  0 |   0 |  37 | 4.100000e+01 | 9.790000e+01 | 138.78%| unknown
  391s| 55800 | 43671 |  7171k| 128.5 |   106M | 242 | 951 |5425 |5425 |   0 |  0 |   0 |  37 | 4.100000e+01 | 9.790000e+01 | 138.78%| unknown
  393s| 55900 | 43747 |  7207k| 128.9 |   106M | 242 | 951 |5425 |5425 |   0 |  0 |   0 |  37 | 4.100000e+01 | 9.790000e+01 | 138.78%| unknown
  394s| 56000 | 43825 |  7229k| 129.1 |   106M | 242 | 951 |5425 |5425 |   0 |  0 |   0 |  37 | 4.100000e+01 | 9.790000e+01 | 138.78%| unknown
  395s| 56100 | 43891 |  7244k| 129.1 |   106M | 242 | 951 |5425 |5425 |   0 |  0 |   0 |  37 | 4.100000e+01 | 9.790000e+01 | 138.78%| unknown
  396s| 56200 | 43967 |  7257k| 129.1 |   107M | 242 | 951 |5425 |5425 |   0 |  0 |   0 |  37 | 4.100000e+01 | 9.790000e+01 | 138.78%| unknown
  396s| 56300 | 44033 |  7258k| 128.9 |   107M | 242 | 951 |5425 |5425 |   0 |  0 |   0 |  37 | 4.100000e+01 | 9.790000e+01 | 138.78%| unknown
  396s| 56400 | 44105 |  7260k| 128.7 |   107M | 242 | 951 |5425 |5425 |   0 |  0 |   0 |  37 | 4.100000e+01 | 9.790000e+01 | 138.78%| unknown
  396s| 56500 | 44185 |  7261k| 128.5 |   108M | 242 | 951 |5425 |5425 |   0 |  0 |   0 |  37 | 4.100000e+01 | 9.790000e+01 | 138.78%| unknown
  397s| 56600 | 44263 |  7262k| 128.3 |   108M | 242 | 951 |5425 |5425 |   0 |  0 |   0 |  37 | 4.100000e+01 | 9.790000e+01 | 138.78%| unknown
  397s| 56700 | 44333 |  7264k| 128.1 |   108M | 242 | 951 |5425 |5425 |   0 |  0 |   0 |  37 | 4.100000e+01 | 9.790000e+01 | 138.78%| unknown
  397s| 56800 | 44403 |  7265k| 127.9 |   108M | 242 | 951 |5425 |5425 |   0 |  0 |   0 |  37 | 4.100000e+01 | 9.790000e+01 | 138.78%| unknown
 time | node  | left  |LP iter|LP it/n|mem/heur|mdpt |vars |cons |rows |cuts |sepa|confs|strbr|  dualbound   | primalbound  |  gap   | compl. 
  397s| 56900 | 44465 |  7267k| 127.7 |   108M | 242 | 951 |5425 |5425 |   0 |  0 |   0 |  37 | 4.100000e+01 | 9.790000e+01 | 138.78%| unknown
  397s| 57000 | 44545 |  7268k| 127.5 |   108M | 242 | 951 |5425 |5425 |   0 |  0 |   0 |  37 | 4.100000e+01 | 9.790000e+01 | 138.78%| unknown
  398s| 57100 | 44615 |  7278k| 127.5 |   108M | 242 | 951 |5425 |5425 |   0 |  0 |   0 |  37 | 4.100000e+01 | 9.790000e+01 | 138.78%| unknown
  398s| 57200 | 44695 |  7280k| 127.3 |   108M | 242 | 951 |5425 |5425 |   0 |  0 |   0 |  37 | 4.100000e+01 | 9.790000e+01 | 138.78%| unknown
  398s| 57300 | 44773 |  7282k| 127.1 |   108M | 242 | 951 |5425 |5425 |   0 |  0 |   0 |  37 | 4.100000e+01 | 9.790000e+01 | 138.78%| unknown
  399s| 57400 | 44841 |  7283k| 126.9 |   108M | 242 | 951 |5425 |5425 |   0 |  0 |   0 |  37 | 4.100000e+01 | 9.790000e+01 | 138.78%| unknown
  399s| 57500 | 44929 |  7285k| 126.7 |   109M | 242 | 951 |5425 |5425 |   0 |  0 |   0 |  37 | 4.100000e+01 | 9.790000e+01 | 138.78%| unknown
  399s| 57600 | 45011 |  7286k| 126.5 |   109M | 242 | 951 |5425 |5425 |   0 |  0 |   0 |  37 | 4.100000e+01 | 9.790000e+01 | 138.78%| unknown
  399s| 57700 | 45081 |  7289k| 126.3 |   109M | 242 | 951 |5425 |5425 |   0 |  0 |   0 |  37 | 4.100000e+01 | 9.790000e+01 | 138.78%| unknown
  399s| 57800 | 45145 |  7290k| 126.1 |   109M | 242 | 951 |5425 |5425 |   0 |  0 |   0 |  37 | 4.100000e+01 | 9.790000e+01 | 138.78%| unknown
  400s| 57900 | 45219 |  7291k| 125.9 |   110M | 242 | 951 |5425 |5425 |   0 |  0 |   0 |  37 | 4.100000e+01 | 9.790000e+01 | 138.78%| unknown
  400s| 58000 | 45293 |  7293k| 125.7 |   110M | 242 | 951 |5425 |5425 |   0 |  0 |   0 |  37 | 4.100000e+01 | 9.790000e+01 | 138.78%| unknown
  400s| 58100 | 45369 |  7295k| 125.6 |   110M | 242 | 951 |5425 |5425 |   0 |  0 |   0 |  37 | 4.100000e+01 | 9.790000e+01 | 138.78%| unknown
  400s| 58200 | 45443 |  7297k| 125.4 |   110M | 242 | 951 |5425 |5425 |   0 |  0 |   0 |  37 | 4.100000e+01 | 9.790000e+01 | 138.78%| unknown
  401s| 58300 | 45535 |  7312k| 125.4 |   110M | 242 | 951 |5425 |5425 |   0 |  0 |   0 |  37 | 4.100000e+01 | 9.790000e+01 | 138.78%| unknown
 time | node  | left  |LP iter|LP it/n|mem/heur|mdpt |vars |cons |rows |cuts |sepa|confs|strbr|  dualbound   | primalbound  |  gap   | compl. 
  402s| 58400 | 45613 |  7341k| 125.7 |   111M | 242 | 951 |5425 |5425 |   0 |  0 |   0 |  37 | 4.100000e+01 | 9.790000e+01 | 138.78%| unknown
  404s| 58500 | 45703 |  7360k| 125.8 |   111M | 242 | 951 |5425 |5425 |   0 |  0 |   0 |  37 | 4.100000e+01 | 9.790000e+01 | 138.78%| unknown
  404s| 58600 | 45787 |  7378k| 125.9 |   112M | 242 | 951 |5425 |5425 |   0 |  0 |   0 |  37 | 4.100000e+01 | 9.790000e+01 | 138.78%| unknown
  406s| 58700 | 45863 |  7399k| 126.0 |   112M | 242 | 951 |5425 |5425 |   0 |  0 |   0 |  37 | 4.100000e+01 | 9.790000e+01 | 138.78%| unknown
  406s| 58800 | 45927 |  7408k| 126.0 |   112M | 242 | 951 |5425 |5425 |   0 |  0 |   0 |  37 | 4.100000e+01 | 9.790000e+01 | 138.78%| unknown
  406s| 58900 | 46017 |  7410k| 125.8 |   112M | 242 | 951 |5425 |5425 |   0 |  0 |   0 |  37 | 4.100000e+01 | 9.790000e+01 | 138.78%| unknown
  406s| 59000 | 46087 |  7412k| 125.6 |   112M | 242 | 951 |5425 |5425 |   0 |  0 |   0 |  37 | 4.100000e+01 | 9.790000e+01 | 138.78%| unknown
  407s| 59100 | 46171 |  7414k| 125.4 |   112M | 242 | 951 |5425 |5425 |   0 |  0 |   0 |  37 | 4.100000e+01 | 9.790000e+01 | 138.78%| unknown
  407s| 59200 | 46255 |  7415k| 125.3 |   112M | 242 | 951 |5425 |5425 |   0 |  0 |   0 |  37 | 4.100000e+01 | 9.790000e+01 | 138.78%| unknown
  407s| 59300 | 46325 |  7417k| 125.1 |   112M | 242 | 951 |5425 |5425 |   0 |  0 |   0 |  37 | 4.100000e+01 | 9.790000e+01 | 138.78%| unknown
  407s| 59400 | 46387 |  7418k| 124.9 |   112M | 242 | 951 |5425 |5425 |   0 |  0 |   0 |  37 | 4.100000e+01 | 9.790000e+01 | 138.78%| unknown
  407s| 59500 | 46453 |  7420k| 124.7 |   112M | 242 | 951 |5425 |5425 |   0 |  0 |   0 |  37 | 4.100000e+01 | 9.790000e+01 | 138.78%| unknown
  408s| 59600 | 46543 |  7421k| 124.5 |   113M | 242 | 951 |5425 |5425 |   0 |  0 |   0 |  37 | 4.100000e+01 | 9.790000e+01 | 138.78%| unknown
  408s| 59700 | 46619 |  7423k| 124.3 |   113M | 242 | 951 |5425 |5425 |   0 |  0 |   0 |  37 | 4.100000e+01 | 9.790000e+01 | 138.78%| unknown
  408s| 59800 | 46677 |  7425k| 124.2 |   113M | 242 | 951 |5425 |5425 |   0 |  0 |   0 |  37 | 4.100000e+01 | 9.790000e+01 | 138.78%| unknown
 time | node  | left  |LP iter|LP it/n|mem/heur|mdpt |vars |cons |rows |cuts |sepa|confs|strbr|  dualbound   | primalbound  |  gap   | compl. 
  408s| 59900 | 46743 |  7427k| 124.0 |   113M | 242 | 951 |5425 |5425 |   0 |  0 |   0 |  37 | 4.100000e+01 | 9.790000e+01 | 138.78%| unknown
  408s| 60000 | 46811 |  7428k| 123.8 |   113M | 242 | 951 |5425 |5425 |   0 |  0 |   0 |  37 | 4.100000e+01 | 9.790000e+01 | 138.78%| unknown
  409s| 60100 | 46891 |  7430k| 123.6 |   113M | 242 | 951 |5425 |5425 |   0 |  0 |   0 |  37 | 4.100000e+01 | 9.790000e+01 | 138.78%| unknown
  409s| 60200 | 46959 |  7433k| 123.5 |   113M | 242 | 951 |5425 |5425 |   0 |  0 |   0 |  37 | 4.100000e+01 | 9.790000e+01 | 138.78%| unknown
  410s| 60300 | 47027 |  7445k| 123.5 |   113M | 242 | 951 |5425 |5425 |   0 |  0 |   0 |  37 | 4.100000e+01 | 9.790000e+01 | 138.78%| unknown
  410s| 60400 | 47105 |  7459k| 123.5 |   113M | 242 | 951 |5425 |5425 |   0 |  0 |   0 |  37 | 4.100000e+01 | 9.790000e+01 | 138.78%| unknown
  412s| 60500 | 47159 |  7482k| 123.7 |   113M | 242 | 951 |5425 |5425 |   0 |  0 |   0 |  37 | 4.100000e+01 | 9.790000e+01 | 138.78%| unknown
  412s| 60600 | 47211 |  7491k| 123.6 |   113M | 242 | 951 |5425 |5425 |   0 |  0 |   0 |  37 | 4.100000e+01 | 9.790000e+01 | 138.78%| unknown
  412s| 60700 | 47247 |  7493k| 123.4 |   113M | 242 | 951 |5425 |5425 |   0 |  0 |   0 |  37 | 4.100000e+01 | 9.790000e+01 | 138.78%| unknown
  412s| 60800 | 47327 |  7495k| 123.3 |   114M | 242 | 951 |5425 |5425 |   0 |  0 |   0 |  37 | 4.100000e+01 | 9.790000e+01 | 138.78%| unknown
  413s| 60900 | 47393 |  7497k| 123.1 |   114M | 242 | 951 |5425 |5425 |   0 |  0 |   0 |  37 | 4.100000e+01 | 9.790000e+01 | 138.78%| unknown
  413s| 61000 | 47461 |  7499k| 122.9 |   114M | 242 | 951 |5425 |5425 |   0 |  0 |   0 |  37 | 4.100000e+01 | 9.790000e+01 | 138.78%| unknown
  413s| 61100 | 47521 |  7501k| 122.8 |   114M | 242 | 951 |5425 |5425 |   0 |  0 |   0 |  37 | 4.100000e+01 | 9.790000e+01 | 138.78%| unknown
  413s| 61200 | 47575 |  7503k| 122.6 |   114M | 242 | 951 |5425 |5425 |   0 |  0 |   0 |  37 | 4.100000e+01 | 9.790000e+01 | 138.78%| unknown
  413s| 61300 | 47643 |  7504k| 122.4 |   114M | 242 | 951 |5425 |5425 |   0 |  0 |   0 |  37 | 4.100000e+01 | 9.790000e+01 | 138.78%| unknown
 time | node  | left  |LP iter|LP it/n|mem/heur|mdpt |vars |cons |rows |cuts |sepa|confs|strbr|  dualbound   | primalbound  |  gap   | compl. 
  414s| 61400 | 47713 |  7506k| 122.2 |   115M | 242 | 951 |5425 |5425 |   0 |  0 |   0 |  37 | 4.100000e+01 | 9.790000e+01 | 138.78%| unknown
  414s| 61500 | 47775 |  7508k| 122.1 |   115M | 242 | 951 |5425 |5425 |   0 |  0 |   0 |  37 | 4.100000e+01 | 9.790000e+01 | 138.78%| unknown
  414s| 61600 | 47821 |  7510k| 121.9 |   115M | 242 | 951 |5425 |5425 |   0 |  0 |   0 |  37 | 4.100000e+01 | 9.790000e+01 | 138.78%| unknown
  414s| 61700 | 47879 |  7512k| 121.7 |   115M | 242 | 951 |5425 |5425 |   0 |  0 |   0 |  37 | 4.100000e+01 | 9.790000e+01 | 138.78%| unknown
  414s| 61800 | 47943 |  7514k| 121.6 |   115M | 242 | 951 |5425 |5425 |   0 |  0 |   0 |  37 | 4.100000e+01 | 9.790000e+01 | 138.78%| unknown
  415s| 61900 | 48019 |  7516k| 121.4 |   115M | 242 | 951 |5425 |5425 |   0 |  0 |   0 |  37 | 4.100000e+01 | 9.790000e+01 | 138.78%| unknown
  415s| 62000 | 48089 |  7517k| 121.2 |   115M | 242 | 951 |5425 |5425 |   0 |  0 |   0 |  37 | 4.100000e+01 | 9.790000e+01 | 138.78%| unknown
  415s| 62100 | 48169 |  7519k| 121.1 |   116M | 242 | 951 |5425 |5425 |   0 |  0 |   0 |  37 | 4.100000e+01 | 9.790000e+01 | 138.78%| unknown
  415s| 62200 | 48211 |  7522k| 120.9 |   116M | 242 | 951 |5425 |5425 |   0 |  0 |   0 |  37 | 4.100000e+01 | 9.790000e+01 | 138.78%| unknown
  415s| 62300 | 48303 |  7523k| 120.7 |   116M | 242 | 951 |5425 |5425 |   0 |  0 |   0 |  37 | 4.100000e+01 | 9.790000e+01 | 138.78%| unknown
  416s| 62400 | 48367 |  7525k| 120.6 |   116M | 242 | 951 |5425 |5425 |   0 |  0 |   0 |  37 | 4.100000e+01 | 9.790000e+01 | 138.78%| unknown
  416s| 62500 | 48429 |  7527k| 120.4 |   116M | 242 | 951 |5425 |5425 |   0 |  0 |   0 |  37 | 4.100000e+01 | 9.790000e+01 | 138.78%| unknown
  416s| 62600 | 48487 |  7529k| 120.3 |   116M | 242 | 951 |5425 |5425 |   0 |  0 |   0 |  37 | 4.100000e+01 | 9.790000e+01 | 138.78%| unknown
  416s| 62700 | 48559 |  7530k| 120.1 |   116M | 242 | 951 |5425 |5425 |   0 |  0 |   0 |  37 | 4.100000e+01 | 9.790000e+01 | 138.78%| unknown
  416s| 62800 | 48631 |  7532k| 119.9 |   116M | 242 | 951 |5425 |5425 |   0 |  0 |   0 |  37 | 4.100000e+01 | 9.790000e+01 | 138.78%| unknown
 time | node  | left  |LP iter|LP it/n|mem/heur|mdpt |vars |cons |rows |cuts |sepa|confs|strbr|  dualbound   | primalbound  |  gap   | compl. 
  417s| 62900 | 48697 |  7533k| 119.8 |   116M | 242 | 951 |5425 |5425 |   0 |  0 |   0 |  37 | 4.100000e+01 | 9.790000e+01 | 138.78%| unknown
  417s| 63000 | 48771 |  7535k| 119.6 |   116M | 242 | 951 |5425 |5425 |   0 |  0 |   0 |  37 | 4.100000e+01 | 9.790000e+01 | 138.78%| unknown
  417s| 63100 | 48841 |  7537k| 119.4 |   116M | 242 | 951 |5425 |5425 |   0 |  0 |   0 |  37 | 4.100000e+01 | 9.790000e+01 | 138.78%| unknown
  418s| 63200 | 48903 |  7553k| 119.5 |   117M | 242 | 951 |5425 |5425 |   0 |  0 |   0 |  37 | 4.100000e+01 | 9.790000e+01 | 138.78%| unknown
  420s| 63300 | 48973 |  7589k| 119.9 |   117M | 242 | 951 |5425 |5425 |   0 |  0 |   0 |  37 | 4.100000e+01 | 9.790000e+01 | 138.78%| unknown
  420s| 63400 | 49045 |  7597k| 119.8 |   117M | 242 | 951 |5425 |5425 |   0 |  0 |   0 |  37 | 4.100000e+01 | 9.790000e+01 | 138.78%| unknown
  420s| 63500 | 49125 |  7599k| 119.7 |   117M | 242 | 951 |5425 |5425 |   0 |  0 |   0 |  37 | 4.100000e+01 | 9.790000e+01 | 138.78%| unknown
  421s| 63600 | 49199 |  7601k| 119.5 |   117M | 242 | 951 |5425 |5425 |   0 |  0 |   0 |  37 | 4.100000e+01 | 9.790000e+01 | 138.78%| unknown
  421s| 63700 | 49267 |  7611k| 119.5 |   118M | 242 | 951 |5425 |5425 |   0 |  0 |   0 |  37 | 4.100000e+01 | 9.790000e+01 | 138.78%| unknown
  422s| 63800 | 49353 |  7618k| 119.4 |   118M | 242 | 951 |5425 |5425 |   0 |  0 |   0 |  37 | 4.100000e+01 | 9.790000e+01 | 138.78%| unknown
  422s| 63900 | 49425 |  7620k| 119.2 |   118M | 242 | 951 |5425 |5425 |   0 |  0 |   0 |  37 | 4.100000e+01 | 9.790000e+01 | 138.78%| unknown
  422s| 64000 | 49495 |  7622k| 119.1 |   118M | 242 | 951 |5425 |5425 |   0 |  0 |   0 |  37 | 4.100000e+01 | 9.790000e+01 | 138.78%| unknown
  422s| 64100 | 49577 |  7623k| 118.9 |   118M | 242 | 951 |5425 |5425 |   0 |  0 |   0 |  37 | 4.100000e+01 | 9.790000e+01 | 138.78%| unknown
  422s| 64200 | 49655 |  7625k| 118.8 |   118M | 242 | 951 |5425 |5425 |   0 |  0 |   0 |  37 | 4.100000e+01 | 9.790000e+01 | 138.78%| unknown
  423s| 64300 | 49739 |  7626k| 118.6 |   120M | 242 | 951 |5425 |5425 |   0 |  0 |   0 |  37 | 4.100000e+01 | 9.790000e+01 | 138.78%| unknown
 time | node  | left  |LP iter|LP it/n|mem/heur|mdpt |vars |cons |rows |cuts |sepa|confs|strbr|  dualbound   | primalbound  |  gap   | compl. 
  423s| 64400 | 49821 |  7641k| 118.6 |   120M | 242 | 951 |5425 |5425 |   0 |  0 |   0 |  37 | 4.100000e+01 | 9.790000e+01 | 138.78%| unknown
  424s| 64500 | 49901 |  7660k| 118.7 |   120M | 242 | 951 |5425 |5425 |   0 |  0 |   0 |  37 | 4.100000e+01 | 9.790000e+01 | 138.78%| unknown
  426s| 64600 | 49965 |  7695k| 119.1 |   120M | 242 | 951 |5425 |5425 |   0 |  0 |   0 |  37 | 4.100000e+01 | 9.790000e+01 | 138.78%| unknown
  427s| 64700 | 50031 |  7713k| 119.2 |   120M | 242 | 951 |5425 |5425 |   0 |  0 |   0 |  37 | 4.100000e+01 | 9.790000e+01 | 138.78%| unknown
  428s| 64800 | 50099 |  7734k| 119.3 |   120M | 242 | 951 |5425 |5425 |   0 |  0 |   0 |  37 | 4.100000e+01 | 9.790000e+01 | 138.78%| unknown
  429s| 64900 | 50185 |  7754k| 119.5 |   120M | 242 | 951 |5425 |5425 |   0 |  0 |   0 |  37 | 4.100000e+01 | 9.790000e+01 | 138.78%| unknown
  430s| 65000 | 50269 |  7773k| 119.6 |   120M | 242 | 951 |5425 |5425 |   0 |  0 |   0 |  37 | 4.100000e+01 | 9.790000e+01 | 138.78%| unknown
  432s| 65100 | 50349 |  7809k| 119.9 |   120M | 242 | 951 |5425 |5425 |   0 |  0 |   0 |  37 | 4.100000e+01 | 9.790000e+01 | 138.78%| unknown
  434s| 65200 | 50417 |  7847k| 120.4 |   120M | 242 | 951 |5425 |5425 |   0 |  0 |   0 |  37 | 4.100000e+01 | 9.790000e+01 | 138.78%| unknown
  435s| 65300 | 50485 |  7868k| 120.5 |   120M | 242 | 951 |5425 |5425 |   0 |  0 |   0 |  37 | 4.100000e+01 | 9.790000e+01 | 138.78%| unknown
  437s| 65400 | 50551 |  7912k| 121.0 |   121M | 242 | 951 |5425 |5425 |   0 |  0 |   0 |  37 | 4.100000e+01 | 9.790000e+01 | 138.78%| unknown
  438s| 65500 | 50637 |  7929k| 121.0 |   121M | 242 | 951 |5425 |5425 |   0 |  0 |   0 |  37 | 4.100000e+01 | 9.790000e+01 | 138.78%| unknown
  439s| 65600 | 50713 |  7947k| 121.1 |   121M | 242 | 951 |5425 |5425 |   0 |  0 |   0 |  37 | 4.100000e+01 | 9.790000e+01 | 138.78%| unknown
  439s| 65700 | 50799 |  7949k| 121.0 |   121M | 242 | 951 |5425 |5425 |   0 |  0 |   0 |  37 | 4.100000e+01 | 9.790000e+01 | 138.78%| unknown
  439s| 65800 | 50867 |  7951k| 120.8 |   121M | 242 | 951 |5425 |5425 |   0 |  0 |   0 |  37 | 4.100000e+01 | 9.790000e+01 | 138.78%| unknown
 time | node  | left  |LP iter|LP it/n|mem/heur|mdpt |vars |cons |rows |cuts |sepa|confs|strbr|  dualbound   | primalbound  |  gap   | compl. 
  439s| 65900 | 50927 |  7953k| 120.7 |   121M | 242 | 951 |5425 |5425 |   0 |  0 |   0 |  37 | 4.100000e+01 | 9.790000e+01 | 138.78%| unknown
  440s| 66000 | 50999 |  7955k| 120.5 |   121M | 242 | 951 |5425 |5425 |   0 |  0 |   0 |  37 | 4.100000e+01 | 9.790000e+01 | 138.78%| unknown
  440s| 66100 | 51063 |  7957k| 120.4 |   121M | 242 | 951 |5425 |5425 |   0 |  0 |   0 |  37 | 4.100000e+01 | 9.790000e+01 | 138.78%| unknown
  440s| 66200 | 51141 |  7958k| 120.2 |   121M | 242 | 951 |5425 |5425 |   0 |  0 |   0 |  37 | 4.100000e+01 | 9.790000e+01 | 138.78%| unknown
  440s| 66300 | 51233 |  7959k| 120.0 |   121M | 242 | 951 |5425 |5425 |   0 |  0 |   0 |  37 | 4.100000e+01 | 9.790000e+01 | 138.78%| unknown
  440s| 66400 | 51301 |  7961k| 119.9 |   122M | 242 | 951 |5425 |5425 |   0 |  0 |   0 |  37 | 4.100000e+01 | 9.790000e+01 | 138.78%| unknown
  441s| 66500 | 51369 |  7963k| 119.7 |   122M | 242 | 951 |5425 |5425 |   0 |  0 |   0 |  37 | 4.100000e+01 | 9.790000e+01 | 138.78%| unknown
  441s| 66600 | 51449 |  7964k| 119.6 |   122M | 242 | 951 |5425 |5425 |   0 |  0 |   0 |  37 | 4.100000e+01 | 9.790000e+01 | 138.78%| unknown
  441s| 66700 | 51519 |  7966k| 119.4 |   123M | 242 | 951 |5425 |5425 |   0 |  0 |   0 |  37 | 4.100000e+01 | 9.790000e+01 | 138.78%| unknown
  442s| 66800 | 51589 |  7979k| 119.4 |   123M | 242 | 951 |5425 |5425 |   0 |  0 |   0 |  37 | 4.100000e+01 | 9.790000e+01 | 138.78%| unknown
  443s| 66900 | 51657 |  7992k| 119.5 |   123M | 242 | 951 |5425 |5425 |   0 |  0 |   0 |  37 | 4.100000e+01 | 9.790000e+01 | 138.78%| unknown
  443s| 67000 | 51725 |  7994k| 119.3 |   123M | 242 | 951 |5425 |5425 |   0 |  0 |   0 |  37 | 4.100000e+01 | 9.790000e+01 | 138.78%| unknown
  443s| 67100 | 51795 |  7995k| 119.1 |   123M | 242 | 951 |5425 |5425 |   0 |  0 |   0 |  37 | 4.100000e+01 | 9.790000e+01 | 138.78%| unknown
  443s| 67200 | 51863 |  7997k| 119.0 |   123M | 242 | 951 |5425 |5425 |   0 |  0 |   0 |  37 | 4.100000e+01 | 9.790000e+01 | 138.78%| unknown
  443s| 67300 | 51945 |  7998k| 118.8 |   123M | 242 | 951 |5425 |5425 |   0 |  0 |   0 |  37 | 4.100000e+01 | 9.790000e+01 | 138.78%| unknown
 time | node  | left  |LP iter|LP it/n|mem/heur|mdpt |vars |cons |rows |cuts |sepa|confs|strbr|  dualbound   | primalbound  |  gap   | compl. 
  444s| 67400 | 52015 |  8000k| 118.7 |   123M | 242 | 951 |5425 |5425 |   0 |  0 |   0 |  37 | 4.100000e+01 | 9.790000e+01 | 138.78%| unknown
  444s| 67500 | 52103 |  8001k| 118.5 |   124M | 242 | 951 |5425 |5425 |   0 |  0 |   0 |  37 | 4.100000e+01 | 9.790000e+01 | 138.78%| unknown
  444s| 67600 | 52179 |  8003k| 118.4 |   124M | 242 | 951 |5425 |5425 |   0 |  0 |   0 |  37 | 4.100000e+01 | 9.790000e+01 | 138.78%| unknown
  444s| 67700 | 52267 |  8004k| 118.2 |   124M | 242 | 951 |5425 |5425 |   0 |  0 |   0 |  37 | 4.100000e+01 | 9.790000e+01 | 138.78%| unknown
  445s| 67800 | 52319 |  8023k| 118.3 |   124M | 242 | 951 |5425 |5425 |   0 |  0 |   0 |  37 | 4.100000e+01 | 9.790000e+01 | 138.78%| unknown
  446s| 67900 | 52389 |  8051k| 118.6 |   124M | 242 | 951 |5425 |5425 |   0 |  0 |   0 |  37 | 4.100000e+01 | 9.790000e+01 | 138.78%| unknown
  448s| 68000 | 52473 |  8073k| 118.7 |   124M | 242 | 951 |5425 |5425 |   0 |  0 |   0 |  37 | 4.100000e+01 | 9.790000e+01 | 138.78%| unknown
  449s| 68100 | 52543 |  8097k| 118.9 |   124M | 242 | 951 |5425 |5425 |   0 |  0 |   0 |  37 | 4.100000e+01 | 9.790000e+01 | 138.78%| unknown
  449s| 68200 | 52625 |  8102k| 118.8 |   124M | 242 | 951 |5425 |5425 |   0 |  0 |   0 |  37 | 4.100000e+01 | 9.790000e+01 | 138.78%| unknown
  449s| 68300 | 52687 |  8103k| 118.6 |   124M | 242 | 951 |5425 |5425 |   0 |  0 |   0 |  37 | 4.100000e+01 | 9.790000e+01 | 138.78%| unknown
  450s| 68400 | 52769 |  8128k| 118.8 |   124M | 242 | 951 |5425 |5425 |   0 |  0 |   0 |  37 | 4.100000e+01 | 9.790000e+01 | 138.78%| unknown
  452s| 68500 | 52847 |  8152k| 119.0 |   124M | 242 | 951 |5425 |5425 |   0 |  0 |   0 |  37 | 4.100000e+01 | 9.790000e+01 | 138.78%| unknown
  453s| 68600 | 52933 |  8174k| 119.2 |   125M | 242 | 951 |5425 |5425 |   0 |  0 |   0 |  37 | 4.100000e+01 | 9.790000e+01 | 138.78%| unknown
  454s| 68700 | 52997 |  8194k| 119.3 |   125M | 242 | 951 |5425 |5425 |   0 |  0 |   0 |  37 | 4.100000e+01 | 9.790000e+01 | 138.78%| unknown
  455s| 68800 | 53067 |  8209k| 119.3 |   126M | 242 | 951 |5425 |5425 |   0 |  0 |   0 |  37 | 4.100000e+01 | 9.790000e+01 | 138.78%| unknown
 time | node  | left  |LP iter|LP it/n|mem/heur|mdpt |vars |cons |rows |cuts |sepa|confs|strbr|  dualbound   | primalbound  |  gap   | compl. 
  456s| 68900 | 53137 |  8235k| 119.5 |   126M | 242 | 951 |5425 |5425 |   0 |  0 |   0 |  37 | 4.100000e+01 | 9.790000e+01 | 138.78%| unknown
  457s| 69000 | 53217 |  8257k| 119.7 |   126M | 242 | 951 |5425 |5425 |   0 |  0 |   0 |  37 | 4.100000e+01 | 9.790000e+01 | 138.78%| unknown
  459s| 69100 | 53285 |  8298k| 120.1 |   126M | 242 | 951 |5425 |5425 |   0 |  0 |   0 |  37 | 4.100000e+01 | 9.790000e+01 | 138.78%| unknown
  461s| 69200 | 53357 |  8340k| 120.5 |   126M | 242 | 951 |5425 |5425 |   0 |  0 |   0 |  37 | 4.100000e+01 | 9.790000e+01 | 138.78%| unknown
  462s| 69300 | 53431 |  8363k| 120.7 |   126M | 242 | 951 |5425 |5425 |   0 |  0 |   0 |  37 | 4.100000e+01 | 9.790000e+01 | 138.78%| unknown
  463s| 69400 | 53507 |  8380k| 120.7 |   126M | 242 | 951 |5425 |5425 |   0 |  0 |   0 |  37 | 4.100000e+01 | 9.790000e+01 | 138.78%| unknown
  465s| 69500 | 53575 |  8411k| 121.0 |   126M | 242 | 951 |5425 |5425 |   0 |  0 |   0 |  37 | 4.100000e+01 | 9.790000e+01 | 138.78%| unknown
  466s| 69600 | 53663 |  8430k| 121.1 |   126M | 242 | 951 |5425 |5425 |   0 |  0 |   0 |  37 | 4.100000e+01 | 9.790000e+01 | 138.78%| unknown
  467s| 69700 | 53737 |  8452k| 121.3 |   127M | 242 | 951 |5425 |5425 |   0 |  0 |   0 |  37 | 4.100000e+01 | 9.790000e+01 | 138.78%| unknown
  468s| 69800 | 53805 |  8471k| 121.4 |   127M | 242 | 951 |5425 |5425 |   0 |  0 |   0 |  37 | 4.100000e+01 | 9.790000e+01 | 138.78%| unknown
  469s| 69900 | 53867 |  8494k| 121.5 |   127M | 242 | 951 |5425 |5425 |   0 |  0 |   0 |  37 | 4.100000e+01 | 9.790000e+01 | 138.78%| unknown
  470s| 70000 | 53941 |  8520k| 121.7 |   127M | 242 | 951 |5425 |5425 |   0 |  0 |   0 |  37 | 4.100000e+01 | 9.790000e+01 | 138.78%| unknown
  471s| 70100 | 54011 |  8544k| 121.9 |   127M | 242 | 951 |5425 |5425 |   0 |  0 |   0 |  37 | 4.100000e+01 | 9.790000e+01 | 138.78%| unknown
  473s| 70200 | 54083 |  8566k| 122.0 |   127M | 242 | 951 |5425 |5425 |   0 |  0 |   0 |  37 | 4.100000e+01 | 9.790000e+01 | 138.78%| unknown
  474s| 70300 | 54153 |  8590k| 122.2 |   127M | 242 | 951 |5425 |5425 |   0 |  0 |   0 |  37 | 4.100000e+01 | 9.790000e+01 | 138.78%| unknown
 time | node  | left  |LP iter|LP it/n|mem/heur|mdpt |vars |cons |rows |cuts |sepa|confs|strbr|  dualbound   | primalbound  |  gap   | compl. 
  475s| 70400 | 54227 |  8625k| 122.5 |   127M | 242 | 951 |5425 |5425 |   0 |  0 |   0 |  37 | 4.100000e+01 | 9.790000e+01 | 138.78%| unknown
  477s| 70500 | 54297 |  8655k| 122.8 |   128M | 242 | 951 |5425 |5425 |   0 |  0 |   0 |  37 | 4.100000e+01 | 9.790000e+01 | 138.78%| unknown
  478s| 70600 | 54375 |  8682k| 123.0 |   128M | 242 | 951 |5425 |5425 |   0 |  0 |   0 |  37 | 4.100000e+01 | 9.790000e+01 | 138.78%| unknown
  479s| 70700 | 54447 |  8709k| 123.2 |   128M | 242 | 951 |5425 |5425 |   0 |  0 |   0 |  37 | 4.100000e+01 | 9.790000e+01 | 138.78%| unknown
  481s| 70800 | 54519 |  8729k| 123.3 |   129M | 242 | 951 |5425 |5425 |   0 |  0 |   0 |  37 | 4.100000e+01 | 9.790000e+01 | 138.78%| unknown
  481s| 70900 | 54601 |  8744k| 123.3 |   129M | 242 | 951 |5425 |5425 |   0 |  0 |   0 |  37 | 4.100000e+01 | 9.790000e+01 | 138.78%| unknown
  483s| 71000 | 54661 |  8769k| 123.5 |   129M | 242 | 951 |5425 |5425 |   0 |  0 |   0 |  37 | 4.100000e+01 | 9.790000e+01 | 138.78%| unknown
  484s| 71100 | 54719 |  8789k| 123.6 |   129M | 242 | 951 |5425 |5425 |   0 |  0 |   0 |  37 | 4.100000e+01 | 9.790000e+01 | 138.78%| unknown
  485s| 71200 | 54787 |  8813k| 123.8 |   129M | 242 | 951 |5425 |5425 |   0 |  0 |   0 |  37 | 4.100000e+01 | 9.790000e+01 | 138.78%| unknown
  486s| 71300 | 54857 |  8832k| 123.9 |   129M | 242 | 951 |5425 |5425 |   0 |  0 |   0 |  37 | 4.100000e+01 | 9.790000e+01 | 138.78%| unknown
  486s| 71400 | 54925 |  8834k| 123.7 |   129M | 242 | 951 |5425 |5425 |   0 |  0 |   0 |  37 | 4.100000e+01 | 9.790000e+01 | 138.78%| unknown
  486s| 71500 | 55003 |  8836k| 123.6 |   129M | 242 | 951 |5425 |5425 |   0 |  0 |   0 |  37 | 4.100000e+01 | 9.790000e+01 | 138.78%| unknown
  486s| 71600 | 55059 |  8838k| 123.4 |   129M | 242 | 951 |5425 |5425 |   0 |  0 |   0 |  37 | 4.100000e+01 | 9.790000e+01 | 138.78%| unknown
  487s| 71700 | 55127 |  8840k| 123.3 |   129M | 242 | 951 |5425 |5425 |   0 |  0 |   0 |  37 | 4.100000e+01 | 9.790000e+01 | 138.78%| unknown
  487s| 71800 | 55191 |  8841k| 123.1 |   129M | 242 | 951 |5425 |5425 |   0 |  0 |   0 |  37 | 4.100000e+01 | 9.790000e+01 | 138.78%| unknown
 time | node  | left  |LP iter|LP it/n|mem/heur|mdpt |vars |cons |rows |cuts |sepa|confs|strbr|  dualbound   | primalbound  |  gap   | compl. 
  487s| 71900 | 55261 |  8843k| 123.0 |   130M | 242 | 951 |5425 |5425 |   0 |  0 |   0 |  37 | 4.100000e+01 | 9.790000e+01 | 138.78%| unknown
  487s| 72000 | 55329 |  8845k| 122.8 |   131M | 242 | 951 |5425 |5425 |   0 |  0 |   0 |  37 | 4.100000e+01 | 9.790000e+01 | 138.78%| unknown
  487s| 72100 | 55399 |  8846k| 122.7 |   131M | 242 | 951 |5425 |5425 |   0 |  0 |   0 |  37 | 4.100000e+01 | 9.790000e+01 | 138.78%| unknown
  488s| 72200 | 55449 |  8848k| 122.5 |   131M | 242 | 951 |5425 |5425 |   0 |  0 |   0 |  37 | 4.100000e+01 | 9.790000e+01 | 138.78%| unknown
  488s| 72300 | 55495 |  8851k| 122.4 |   131M | 242 | 951 |5425 |5425 |   0 |  0 |   0 |  37 | 4.100000e+01 | 9.790000e+01 | 138.78%| unknown
  488s| 72400 | 55565 |  8853k| 122.3 |   131M | 242 | 951 |5425 |5425 |   0 |  0 |   0 |  37 | 4.100000e+01 | 9.790000e+01 | 138.78%| unknown
  488s| 72500 | 55641 |  8853k| 122.1 |   131M | 242 | 951 |5425 |5425 |   0 |  0 |   0 |  37 | 4.100000e+01 | 9.790000e+01 | 138.78%| unknown
  488s| 72600 | 55733 |  8855k| 122.0 |   131M | 242 | 951 |5425 |5425 |   0 |  0 |   0 |  37 | 4.100000e+01 | 9.790000e+01 | 138.78%| unknown
  489s| 72700 | 55807 |  8856k| 121.8 |   131M | 242 | 951 |5425 |5425 |   0 |  0 |   0 |  37 | 4.100000e+01 | 9.790000e+01 | 138.78%| unknown
  489s| 72800 | 55869 |  8858k| 121.7 |   131M | 242 | 951 |5425 |5425 |   0 |  0 |   0 |  37 | 4.100000e+01 | 9.790000e+01 | 138.78%| unknown
  489s| 72900 | 55949 |  8860k| 121.5 |   131M | 242 | 951 |5425 |5425 |   0 |  0 |   0 |  37 | 4.100000e+01 | 9.790000e+01 | 138.78%| unknown
  489s| 73000 | 56015 |  8862k| 121.4 |   131M | 242 | 951 |5425 |5425 |   0 |  0 |   0 |  37 | 4.100000e+01 | 9.790000e+01 | 138.78%| unknown
  489s| 73100 | 56087 |  8864k| 121.2 |   131M | 242 | 951 |5425 |5425 |   0 |  0 |   0 |  37 | 4.100000e+01 | 9.790000e+01 | 138.78%| unknown
  490s| 73200 | 56155 |  8865k| 121.1 |   132M | 242 | 951 |5425 |5425 |   0 |  0 |   0 |  37 | 4.100000e+01 | 9.790000e+01 | 138.78%| unknown
  491s| 73300 | 56235 |  8893k| 121.3 |   132M | 242 | 951 |5425 |5425 |   0 |  0 |   0 |  37 | 4.100000e+01 | 9.790000e+01 | 138.78%| unknown
 time | node  | left  |LP iter|LP it/n|mem/heur|mdpt |vars |cons |rows |cuts |sepa|confs|strbr|  dualbound   | primalbound  |  gap   | compl. 
  492s| 73400 | 56313 |  8921k| 121.5 |   132M | 242 | 951 |5425 |5425 |   0 |  0 |   0 |  37 | 4.100000e+01 | 9.790000e+01 | 138.78%| unknown
  493s| 73500 | 56395 |  8939k| 121.6 |   132M | 242 | 951 |5425 |5425 |   0 |  0 |   0 |  37 | 4.100000e+01 | 9.790000e+01 | 138.78%| unknown
  495s| 73600 | 56475 |  8963k| 121.8 |   132M | 242 | 951 |5425 |5425 |   0 |  0 |   0 |  37 | 4.100000e+01 | 9.790000e+01 | 138.78%| unknown
  496s| 73700 | 56557 |  8990k| 122.0 |   132M | 242 | 951 |5425 |5425 |   0 |  0 |   0 |  37 | 4.100000e+01 | 9.790000e+01 | 138.78%| unknown
  498s| 73800 | 56605 |  9026k| 122.3 |   132M | 242 | 951 |5425 |5425 |   0 |  0 |   0 |  37 | 4.100000e+01 | 9.790000e+01 | 138.78%| unknown
  499s| 73900 | 56677 |  9047k| 122.4 |   132M | 242 | 951 |5425 |5425 |   0 |  0 |   0 |  37 | 4.100000e+01 | 9.790000e+01 | 138.78%| unknown
  499s| 74000 | 56759 |  9048k| 122.3 |   132M | 242 | 951 |5425 |5425 |   0 |  0 |   0 |  37 | 4.100000e+01 | 9.790000e+01 | 138.78%| unknown
  499s| 74100 | 56831 |  9049k| 122.1 |   133M | 242 | 951 |5425 |5425 |   0 |  0 |   0 |  37 | 4.100000e+01 | 9.790000e+01 | 138.78%| unknown
  499s| 74200 | 56895 |  9051k| 122.0 |   134M | 242 | 951 |5425 |5425 |   0 |  0 |   0 |  37 | 4.100000e+01 | 9.790000e+01 | 138.78%| unknown
  499s| 74300 | 56979 |  9052k| 121.8 |   134M | 242 | 951 |5425 |5425 |   0 |  0 |   0 |  37 | 4.100000e+01 | 9.790000e+01 | 138.78%| unknown
  500s| 74400 | 57043 |  9054k| 121.7 |   134M | 242 | 951 |5425 |5425 |   0 |  0 |   0 |  37 | 4.100000e+01 | 9.790000e+01 | 138.78%| unknown
  500s| 74500 | 57119 |  9055k| 121.5 |   134M | 242 | 951 |5425 |5425 |   0 |  0 |   0 |  37 | 4.100000e+01 | 9.790000e+01 | 138.78%| unknown
  500s| 74600 | 57183 |  9057k| 121.4 |   134M | 242 | 951 |5425 |5425 |   0 |  0 |   0 |  37 | 4.100000e+01 | 9.790000e+01 | 138.78%| unknown
  500s| 74700 | 57247 |  9059k| 121.3 |   134M | 242 | 951 |5425 |5425 |   0 |  0 |   0 |  37 | 4.100000e+01 | 9.790000e+01 | 138.78%| unknown
  500s| 74800 | 57319 |  9060k| 121.1 |   134M | 242 | 951 |5425 |5425 |   0 |  0 |   0 |  37 | 4.100000e+01 | 9.790000e+01 | 138.78%| unknown
 time | node  | left  |LP iter|LP it/n|mem/heur|mdpt |vars |cons |rows |cuts |sepa|confs|strbr|  dualbound   | primalbound  |  gap   | compl. 
  501s| 74900 | 57397 |  9066k| 121.0 |   134M | 242 | 951 |5425 |5425 |   0 |  0 |   0 |  37 | 4.100000e+01 | 9.790000e+01 | 138.78%| unknown
  502s| 75000 | 57481 |  9082k| 121.1 |   134M | 242 | 951 |5425 |5425 |   0 |  0 |   0 |  37 | 4.100000e+01 | 9.790000e+01 | 138.78%| unknown
  503s| 75100 | 57555 |  9105k| 121.2 |   134M | 242 | 951 |5425 |5425 |   0 |  0 |   0 |  37 | 4.100000e+01 | 9.790000e+01 | 138.78%| unknown
  504s| 75200 | 57629 |  9125k| 121.3 |   134M | 242 | 951 |5425 |5425 |   0 |  0 |   0 |  37 | 4.100000e+01 | 9.790000e+01 | 138.78%| unknown
  505s| 75300 | 57707 |  9145k| 121.4 |   135M | 242 | 951 |5425 |5425 |   0 |  0 |   0 |  37 | 4.100000e+01 | 9.790000e+01 | 138.78%| unknown
  507s| 75400 | 57767 |  9182k| 121.8 |   135M | 242 | 951 |5425 |5425 |   0 |  0 |   0 |  37 | 4.100000e+01 | 9.790000e+01 | 138.78%| unknown
  508s| 75500 | 57839 |  9218k| 122.1 |   135M | 242 | 951 |5425 |5425 |   0 |  0 |   0 |  37 | 4.100000e+01 | 9.790000e+01 | 138.78%| unknown
  509s| 75600 | 57903 |  9238k| 122.2 |   135M | 242 | 951 |5425 |5425 |   0 |  0 |   0 |  37 | 4.100000e+01 | 9.790000e+01 | 138.78%| unknown
  511s| 75700 | 57971 |  9261k| 122.3 |   135M | 242 | 951 |5425 |5425 |   0 |  0 |   0 |  37 | 4.100000e+01 | 9.790000e+01 | 138.78%| unknown
  511s| 75800 | 58049 |  9280k| 122.4 |   135M | 242 | 951 |5425 |5425 |   0 |  0 |   0 |  37 | 4.100000e+01 | 9.790000e+01 | 138.78%| unknown
  513s| 75900 | 58119 |  9309k| 122.6 |   135M | 242 | 951 |5425 |5425 |   0 |  0 |   0 |  37 | 4.100000e+01 | 9.790000e+01 | 138.78%| unknown
  514s| 76000 | 58195 |  9327k| 122.7 |   135M | 242 | 951 |5425 |5425 |   0 |  0 |   0 |  37 | 4.100000e+01 | 9.790000e+01 | 138.78%| unknown
  515s| 76100 | 58271 |  9350k| 122.9 |   135M | 242 | 951 |5425 |5425 |   0 |  0 |   0 |  37 | 4.100000e+01 | 9.790000e+01 | 138.78%| unknown
  517s| 76200 | 58325 |  9386k| 123.2 |   135M | 242 | 951 |5425 |5425 |   0 |  0 |   0 |  37 | 4.100000e+01 | 9.790000e+01 | 138.78%| unknown
  518s| 76300 | 58377 |  9420k| 123.5 |   135M | 242 | 951 |5425 |5425 |   0 |  0 |   0 |  37 | 4.100000e+01 | 9.790000e+01 | 138.78%| unknown
 time | node  | left  |LP iter|LP it/n|mem/heur|mdpt |vars |cons |rows |cuts |sepa|confs|strbr|  dualbound   | primalbound  |  gap   | compl. 
  520s| 76400 | 58431 |  9463k| 123.9 |   135M | 242 | 951 |5425 |5425 |   0 |  0 |   0 |  37 | 4.100000e+01 | 9.790000e+01 | 138.78%| unknown
  522s| 76500 | 58495 |  9489k| 124.0 |   135M | 242 | 951 |5425 |5425 |   0 |  0 |   0 |  37 | 4.100000e+01 | 9.790000e+01 | 138.78%| unknown
  523s| 76600 | 58577 |  9520k| 124.3 |   136M | 242 | 951 |5425 |5425 |   0 |  0 |   0 |  37 | 4.100000e+01 | 9.790000e+01 | 138.78%| unknown
  524s| 76700 | 58627 |  9542k| 124.4 |   136M | 242 | 951 |5425 |5425 |   0 |  0 |   0 |  37 | 4.100000e+01 | 9.790000e+01 | 138.78%| unknown
  526s| 76800 | 58665 |  9588k| 124.8 |   136M | 242 | 951 |5425 |5425 |   0 |  0 |   0 |  37 | 4.100000e+01 | 9.790000e+01 | 138.78%| unknown
  528s| 76900 | 58725 |  9621k| 125.1 |   136M | 242 | 951 |5425 |5425 |   0 |  0 |   0 |  37 | 4.100000e+01 | 9.790000e+01 | 138.78%| unknown
  528s| 77000 | 58789 |  9622k| 125.0 |   137M | 242 | 951 |5425 |5425 |   0 |  0 |   0 |  37 | 4.100000e+01 | 9.790000e+01 | 138.78%| unknown
  529s| 77100 | 58859 |  9643k| 125.1 |   137M | 242 | 951 |5425 |5425 |   0 |  0 |   0 |  37 | 4.100000e+01 | 9.790000e+01 | 138.78%| unknown
  530s| 77200 | 58927 |  9662k| 125.2 |   137M | 242 | 951 |5425 |5425 |   0 |  0 |   0 |  37 | 4.100000e+01 | 9.790000e+01 | 138.78%| unknown
  533s| 77300 | 58979 |  9708k| 125.6 |   138M | 242 | 951 |5425 |5425 |   0 |  0 |   0 |  37 | 4.100000e+01 | 9.790000e+01 | 138.78%| unknown
  533s| 77400 | 59043 |  9711k| 125.5 |   140M | 242 | 951 |5425 |5425 |   0 |  0 |   0 |  37 | 4.100000e+01 | 9.790000e+01 | 138.78%| unknown
  533s| 77500 | 59123 |  9712k| 125.3 |   140M | 242 | 951 |5425 |5425 |   0 |  0 |   0 |  37 | 4.100000e+01 | 9.790000e+01 | 138.78%| unknown
  533s| 77600 | 59219 |  9713k| 125.2 |   140M | 242 | 951 |5425 |5425 |   0 |  0 |   0 |  37 | 4.100000e+01 | 9.790000e+01 | 138.78%| unknown
  533s| 77700 | 59309 |  9714k| 125.0 |   141M | 242 | 951 |5425 |5425 |   0 |  0 |   0 |  37 | 4.100000e+01 | 9.790000e+01 | 138.78%| unknown
  534s| 77800 | 59371 |  9716k| 124.9 |   141M | 242 | 951 |5425 |5425 |   0 |  0 |   0 |  37 | 4.100000e+01 | 9.790000e+01 | 138.78%| unknown
 time | node  | left  |LP iter|LP it/n|mem/heur|mdpt |vars |cons |rows |cuts |sepa|confs|strbr|  dualbound   | primalbound  |  gap   | compl. 
  534s| 77900 | 59439 |  9718k| 124.7 |   141M | 242 | 951 |5425 |5425 |   0 |  0 |   0 |  37 | 4.100000e+01 | 9.790000e+01 | 138.78%| unknown
  534s| 78000 | 59535 |  9719k| 124.6 |   141M | 242 | 951 |5425 |5425 |   0 |  0 |   0 |  37 | 4.100000e+01 | 9.790000e+01 | 138.78%| unknown
  534s| 78100 | 59619 |  9720k| 124.5 |   141M | 242 | 951 |5425 |5425 |   0 |  0 |   0 |  37 | 4.100000e+01 | 9.790000e+01 | 138.78%| unknown
  534s| 78200 | 59669 |  9723k| 124.3 |   141M | 242 | 951 |5425 |5425 |   0 |  0 |   0 |  37 | 4.100000e+01 | 9.790000e+01 | 138.78%| unknown
  535s| 78300 | 59743 |  9724k| 124.2 |   141M | 242 | 951 |5425 |5425 |   0 |  0 |   0 |  37 | 4.100000e+01 | 9.790000e+01 | 138.78%| unknown
  535s| 78400 | 59809 |  9736k| 124.2 |   141M | 242 | 951 |5425 |5425 |   0 |  0 |   0 |  37 | 4.100000e+01 | 9.790000e+01 | 138.78%| unknown
  536s| 78500 | 59877 |  9748k| 124.2 |   141M | 242 | 951 |5425 |5425 |   0 |  0 |   0 |  37 | 4.100000e+01 | 9.790000e+01 | 138.78%| unknown
  536s| 78600 | 59953 |  9750k| 124.0 |   141M | 242 | 951 |5425 |5425 |   0 |  0 |   0 |  37 | 4.100000e+01 | 9.790000e+01 | 138.78%| unknown
  537s| 78700 | 60015 |  9769k| 124.1 |   141M | 242 | 951 |5425 |5425 |   0 |  0 |   0 |  37 | 4.100000e+01 | 9.790000e+01 | 138.78%| unknown
  539s| 78800 | 60087 |  9805k| 124.4 |   142M | 242 | 951 |5425 |5425 |   0 |  0 |   0 |  37 | 4.100000e+01 | 9.790000e+01 | 138.78%| unknown
  540s| 78900 | 60173 |  9830k| 124.6 |   142M | 242 | 951 |5425 |5425 |   0 |  0 |   0 |  37 | 4.100000e+01 | 9.790000e+01 | 138.78%| unknown
  541s| 79000 | 60227 |  9851k| 124.7 |   142M | 242 | 951 |5425 |5425 |   0 |  0 |   0 |  37 | 4.100000e+01 | 9.790000e+01 | 138.78%| unknown
  541s| 79100 | 60287 |  9853k| 124.6 |   142M | 242 | 951 |5425 |5425 |   0 |  0 |   0 |  37 | 4.100000e+01 | 9.790000e+01 | 138.78%| unknown
  541s| 79200 | 60365 |  9855k| 124.4 |   142M | 242 | 951 |5425 |5425 |   0 |  0 |   0 |  37 | 4.100000e+01 | 9.790000e+01 | 138.78%| unknown
  542s| 79300 | 60427 |  9857k| 124.3 |   142M | 242 | 951 |5425 |5425 |   0 |  0 |   0 |  37 | 4.100000e+01 | 9.790000e+01 | 138.78%| unknown
 time | node  | left  |LP iter|LP it/n|mem/heur|mdpt |vars |cons |rows |cuts |sepa|confs|strbr|  dualbound   | primalbound  |  gap   | compl. 
  542s| 79400 | 60489 |  9858k| 124.2 |   142M | 242 | 951 |5425 |5425 |   0 |  0 |   0 |  37 | 4.100000e+01 | 9.790000e+01 | 138.78%| unknown
  542s| 79500 | 60545 |  9860k| 124.0 |   142M | 242 | 951 |5425 |5425 |   0 |  0 |   0 |  37 | 4.100000e+01 | 9.790000e+01 | 138.78%| unknown
  542s| 79600 | 60615 |  9861k| 123.9 |   143M | 242 | 951 |5425 |5425 |   0 |  0 |   0 |  37 | 4.100000e+01 | 9.790000e+01 | 138.78%| unknown
  542s| 79700 | 60681 |  9862k| 123.7 |   143M | 242 | 951 |5425 |5425 |   0 |  0 |   0 |  37 | 4.100000e+01 | 9.790000e+01 | 138.78%| unknown
  543s| 79800 | 60749 |  9863k| 123.6 |   143M | 242 | 951 |5425 |5425 |   0 |  0 |   0 |  37 | 4.100000e+01 | 9.790000e+01 | 138.78%| unknown
  543s| 79900 | 60815 |  9864k| 123.5 |   143M | 242 | 951 |5425 |5425 |   0 |  0 |   0 |  37 | 4.100000e+01 | 9.790000e+01 | 138.78%| unknown
  543s| 80000 | 60875 |  9865k| 123.3 |   143M | 242 | 951 |5425 |5425 |   0 |  0 |   0 |  37 | 4.100000e+01 | 9.790000e+01 | 138.78%| unknown
  543s| 80100 | 60937 |  9867k| 123.2 |   144M | 242 | 951 |5425 |5425 |   0 |  0 |   0 |  37 | 4.100000e+01 | 9.790000e+01 | 138.78%| unknown
  544s| 80200 | 60993 |  9891k| 123.3 |   144M | 242 | 951 |5425 |5425 |   0 |  0 |   0 |  37 | 4.100000e+01 | 9.790000e+01 | 138.78%| unknown
  545s| 80300 | 61067 |  9911k| 123.4 |   144M | 242 | 951 |5425 |5425 |   0 |  0 |   0 |  37 | 4.100000e+01 | 9.790000e+01 | 138.78%| unknown
  546s| 80400 | 61133 |  9929k| 123.5 |   144M | 242 | 951 |5425 |5425 |   0 |  0 |   0 |  37 | 4.100000e+01 | 9.790000e+01 | 138.78%| unknown
  547s| 80500 | 61195 |  9941k| 123.5 |   144M | 242 | 951 |5425 |5425 |   0 |  0 |   0 |  37 | 4.100000e+01 | 9.790000e+01 | 138.78%| unknown
  547s| 80600 | 61273 |  9942k| 123.4 |   144M | 242 | 951 |5425 |5425 |   0 |  0 |   0 |  37 | 4.100000e+01 | 9.790000e+01 | 138.78%| unknown
  547s| 80700 | 61363 |  9944k| 123.2 |   144M | 242 | 951 |5425 |5425 |   0 |  0 |   0 |  37 | 4.100000e+01 | 9.790000e+01 | 138.78%| unknown
  547s| 80800 | 61421 |  9946k| 123.1 |   144M | 242 | 951 |5425 |5425 |   0 |  0 |   0 |  37 | 4.100000e+01 | 9.790000e+01 | 138.78%| unknown
 time | node  | left  |LP iter|LP it/n|mem/heur|mdpt |vars |cons |rows |cuts |sepa|confs|strbr|  dualbound   | primalbound  |  gap   | compl. 
  548s| 80900 | 61477 |  9948k| 123.0 |   144M | 242 | 951 |5425 |5425 |   0 |  0 |   0 |  37 | 4.100000e+01 | 9.790000e+01 | 138.78%| unknown
  548s| 81000 | 61537 |  9949k| 122.8 |   144M | 242 | 951 |5425 |5425 |   0 |  0 |   0 |  37 | 4.100000e+01 | 9.790000e+01 | 138.78%| unknown
  548s| 81100 | 61607 |  9951k| 122.7 |   144M | 242 | 951 |5425 |5425 |   0 |  0 |   0 |  37 | 4.100000e+01 | 9.790000e+01 | 138.78%| unknown
  548s| 81200 | 61649 |  9953k| 122.6 |   144M | 242 | 951 |5425 |5425 |   0 |  0 |   0 |  37 | 4.100000e+01 | 9.790000e+01 | 138.78%| unknown
  548s| 81300 | 61709 |  9955k| 122.4 |   145M | 242 | 951 |5425 |5425 |   0 |  0 |   0 |  37 | 4.100000e+01 | 9.790000e+01 | 138.78%| unknown
  549s| 81400 | 61777 |  9957k| 122.3 |   145M | 242 | 951 |5425 |5425 |   0 |  0 |   0 |  37 | 4.100000e+01 | 9.790000e+01 | 138.78%| unknown
  549s| 81500 | 61841 |  9959k| 122.2 |   145M | 242 | 951 |5425 |5425 |   0 |  0 |   0 |  37 | 4.100000e+01 | 9.790000e+01 | 138.78%| unknown
  549s| 81600 | 61921 |  9961k| 122.1 |   145M | 242 | 951 |5425 |5425 |   0 |  0 |   0 |  37 | 4.100000e+01 | 9.790000e+01 | 138.78%| unknown
  550s| 81700 | 61995 |  9972k| 122.0 |   145M | 242 | 951 |5425 |5425 |   0 |  0 |   0 |  37 | 4.100000e+01 | 9.790000e+01 | 138.78%| unknown
  551s| 81800 | 62069 | 10004k| 122.3 |   145M | 242 | 951 |5425 |5425 |   0 |  0 |   0 |  37 | 4.100000e+01 | 9.790000e+01 | 138.78%| unknown
  552s| 81900 | 62153 | 10022k| 122.4 |   145M | 242 | 951 |5425 |5425 |   0 |  0 |   0 |  37 | 4.100000e+01 | 9.790000e+01 | 138.78%| unknown
  553s| 82000 | 62217 | 10044k| 122.5 |   145M | 242 | 951 |5425 |5425 |   0 |  0 |   0 |  37 | 4.100000e+01 | 9.790000e+01 | 138.78%| unknown
  553s| 82100 | 62295 | 10046k| 122.4 |   145M | 242 | 951 |5425 |5425 |   0 |  0 |   0 |  37 | 4.100000e+01 | 9.790000e+01 | 138.78%| unknown
  554s| 82200 | 62367 | 10047k| 122.2 |   145M | 242 | 951 |5425 |5425 |   0 |  0 |   0 |  37 | 4.100000e+01 | 9.790000e+01 | 138.78%| unknown
  554s| 82300 | 62427 | 10049k| 122.1 |   145M | 242 | 951 |5425 |5425 |   0 |  0 |   0 |  37 | 4.100000e+01 | 9.790000e+01 | 138.78%| unknown
 time | node  | left  |LP iter|LP it/n|mem/heur|mdpt |vars |cons |rows |cuts |sepa|confs|strbr|  dualbound   | primalbound  |  gap   | compl. 
  554s| 82400 | 62499 | 10051k| 122.0 |   146M | 242 | 951 |5425 |5425 |   0 |  0 |   0 |  37 | 4.100000e+01 | 9.790000e+01 | 138.78%| unknown
  554s| 82500 | 62563 | 10053k| 121.8 |   146M | 242 | 951 |5425 |5425 |   0 |  0 |   0 |  37 | 4.100000e+01 | 9.790000e+01 | 138.78%| unknown
  554s| 82600 | 62641 | 10055k| 121.7 |   146M | 242 | 951 |5425 |5425 |   0 |  0 |   0 |  37 | 4.100000e+01 | 9.790000e+01 | 138.78%| unknown
  555s| 82700 | 62711 | 10057k| 121.6 |   147M | 242 | 951 |5425 |5425 |   0 |  0 |   0 |  37 | 4.100000e+01 | 9.790000e+01 | 138.78%| unknown
  555s| 82800 | 62765 | 10059k| 121.5 |   147M | 242 | 951 |5425 |5425 |   0 |  0 |   0 |  37 | 4.100000e+01 | 9.790000e+01 | 138.78%| unknown
  555s| 82900 | 62825 | 10061k| 121.4 |   147M | 242 | 951 |5425 |5425 |   0 |  0 |   0 |  37 | 4.100000e+01 | 9.790000e+01 | 138.78%| unknown
  555s| 83000 | 62887 | 10063k| 121.2 |   147M | 242 | 951 |5425 |5425 |   0 |  0 |   0 |  37 | 4.100000e+01 | 9.790000e+01 | 138.78%| unknown
  555s| 83100 | 62951 | 10065k| 121.1 |   147M | 242 | 951 |5425 |5425 |   0 |  0 |   0 |  37 | 4.100000e+01 | 9.790000e+01 | 138.78%| unknown
  556s| 83200 | 63007 | 10067k| 121.0 |   147M | 242 | 951 |5425 |5425 |   0 |  0 |   0 |  37 | 4.100000e+01 | 9.790000e+01 | 138.78%| unknown
  556s| 83300 | 63053 | 10069k| 120.9 |   147M | 242 | 951 |5425 |5425 |   0 |  0 |   0 |  37 | 4.100000e+01 | 9.790000e+01 | 138.78%| unknown
  556s| 83400 | 63123 | 10070k| 120.7 |   147M | 242 | 951 |5425 |5425 |   0 |  0 |   0 |  37 | 4.100000e+01 | 9.790000e+01 | 138.78%| unknown
  556s| 83500 | 63189 | 10072k| 120.6 |   147M | 242 | 951 |5425 |5425 |   0 |  0 |   0 |  37 | 4.100000e+01 | 9.790000e+01 | 138.78%| unknown
  556s| 83600 | 63235 | 10073k| 120.5 |   147M | 242 | 951 |5425 |5425 |   0 |  0 |   0 |  37 | 4.100000e+01 | 9.790000e+01 | 138.78%| unknown
  557s| 83700 | 63327 | 10074k| 120.4 |   149M | 242 | 951 |5425 |5425 |   0 |  0 |   0 |  37 | 4.100000e+01 | 9.790000e+01 | 138.78%| unknown
  557s| 83800 | 63405 | 10075k| 120.2 |   149M | 242 | 951 |5425 |5425 |   0 |  0 |   0 |  37 | 4.100000e+01 | 9.790000e+01 | 138.78%| unknown
 time | node  | left  |LP iter|LP it/n|mem/heur|mdpt |vars |cons |rows |cuts |sepa|confs|strbr|  dualbound   | primalbound  |  gap   | compl. 
  557s| 83900 | 63463 | 10078k| 120.1 |   149M | 242 | 951 |5425 |5425 |   0 |  0 |   0 |  37 | 4.100000e+01 | 9.790000e+01 | 138.78%| unknown
  557s| 84000 | 63527 | 10079k| 120.0 |   149M | 242 | 951 |5425 |5425 |   0 |  0 |   0 |  37 | 4.100000e+01 | 9.790000e+01 | 138.78%| unknown
  557s| 84100 | 63591 | 10081k| 119.9 |   149M | 242 | 951 |5425 |5425 |   0 |  0 |   0 |  37 | 4.100000e+01 | 9.790000e+01 | 138.78%| unknown
  558s| 84200 | 63651 | 10082k| 119.7 |   149M | 242 | 951 |5425 |5425 |   0 |  0 |   0 |  37 | 4.100000e+01 | 9.790000e+01 | 138.78%| unknown
  559s| 84300 | 63737 | 10114k| 120.0 |   149M | 242 | 951 |5425 |5425 |   0 |  0 |   0 |  37 | 4.100000e+01 | 9.790000e+01 | 138.78%| unknown
  560s| 84400 | 63809 | 10136k| 120.1 |   149M | 242 | 951 |5425 |5425 |   0 |  0 |   0 |  37 | 4.100000e+01 | 9.790000e+01 | 138.78%| unknown
  561s| 84500 | 63879 | 10153k| 120.1 |   149M | 242 | 951 |5425 |5425 |   0 |  0 |   0 |  37 | 4.100000e+01 | 9.790000e+01 | 138.78%| unknown
  562s| 84600 | 63961 | 10177k| 120.3 |   149M | 242 | 951 |5425 |5425 |   0 |  0 |   0 |  37 | 4.100000e+01 | 9.790000e+01 | 138.78%| unknown
  564s| 84700 | 64035 | 10208k| 120.5 |   149M | 242 | 951 |5425 |5425 |   0 |  0 |   0 |  37 | 4.100000e+01 | 9.790000e+01 | 138.78%| unknown
  565s| 84800 | 64091 | 10235k| 120.7 |   150M | 242 | 951 |5425 |5425 |   0 |  0 |   0 |  37 | 4.100000e+01 | 9.790000e+01 | 138.78%| unknown
  567s| 84900 | 64149 | 10267k| 120.9 |   150M | 242 | 951 |5425 |5425 |   0 |  0 |   0 |  37 | 4.100000e+01 | 9.790000e+01 | 138.78%| unknown
  568s| 85000 | 64217 | 10285k| 121.0 |   150M | 242 | 951 |5425 |5425 |   0 |  0 |   0 |  37 | 4.100000e+01 | 9.790000e+01 | 138.78%| unknown
  569s| 85100 | 64283 | 10309k| 121.1 |   151M | 242 | 951 |5425 |5425 |   0 |  0 |   0 |  37 | 4.100000e+01 | 9.790000e+01 | 138.78%| unknown
  570s| 85200 | 64357 | 10331k| 121.2 |   151M | 242 | 951 |5425 |5425 |   0 |  0 |   0 |  37 | 4.100000e+01 | 9.790000e+01 | 138.78%| unknown
  570s| 85300 | 64409 | 10336k| 121.2 |   151M | 242 | 951 |5425 |5425 |   0 |  0 |   0 |  37 | 4.100000e+01 | 9.790000e+01 | 138.78%| unknown
 time | node  | left  |LP iter|LP it/n|mem/heur|mdpt |vars |cons |rows |cuts |sepa|confs|strbr|  dualbound   | primalbound  |  gap   | compl. 
  571s| 85400 | 64467 | 10338k| 121.0 |   151M | 242 | 951 |5425 |5425 |   0 |  0 |   0 |  37 | 4.100000e+01 | 9.790000e+01 | 138.78%| unknown
  571s| 85500 | 64535 | 10339k| 120.9 |   151M | 242 | 951 |5425 |5425 |   0 |  0 |   0 |  37 | 4.100000e+01 | 9.790000e+01 | 138.78%| unknown
  571s| 85600 | 64599 | 10341k| 120.8 |   151M | 242 | 951 |5425 |5425 |   0 |  0 |   0 |  37 | 4.100000e+01 | 9.790000e+01 | 138.78%| unknown
  571s| 85700 | 64667 | 10343k| 120.7 |   151M | 242 | 951 |5425 |5425 |   0 |  0 |   0 |  37 | 4.100000e+01 | 9.790000e+01 | 138.78%| unknown
  571s| 85800 | 64757 | 10344k| 120.6 |   151M | 242 | 951 |5425 |5425 |   0 |  0 |   0 |  37 | 4.100000e+01 | 9.790000e+01 | 138.78%| unknown
  572s| 85900 | 64823 | 10346k| 120.4 |   151M | 242 | 951 |5425 |5425 |   0 |  0 |   0 |  37 | 4.100000e+01 | 9.790000e+01 | 138.78%| unknown
  572s| 86000 | 64903 | 10348k| 120.3 |   152M | 242 | 951 |5425 |5425 |   0 |  0 |   0 |  37 | 4.100000e+01 | 9.790000e+01 | 138.78%| unknown
  572s| 86100 | 64989 | 10349k| 120.2 |   152M | 242 | 951 |5425 |5425 |   0 |  0 |   0 |  37 | 4.100000e+01 | 9.790000e+01 | 138.78%| unknown
  572s| 86200 | 65049 | 10351k| 120.1 |   152M | 242 | 951 |5425 |5425 |   0 |  0 |   0 |  37 | 4.100000e+01 | 9.790000e+01 | 138.78%| unknown
  572s| 86300 | 65127 | 10352k| 120.0 |   152M | 242 | 951 |5425 |5425 |   0 |  0 |   0 |  37 | 4.100000e+01 | 9.790000e+01 | 138.78%| unknown
  572s| 86400 | 65191 | 10354k| 119.8 |   152M | 242 | 951 |5425 |5425 |   0 |  0 |   0 |  37 | 4.100000e+01 | 9.790000e+01 | 138.78%| unknown
  573s| 86500 | 65257 | 10356k| 119.7 |   152M | 242 | 951 |5425 |5425 |   0 |  0 |   0 |  37 | 4.100000e+01 | 9.790000e+01 | 138.78%| unknown
  573s| 86600 | 65331 | 10357k| 119.6 |   152M | 242 | 951 |5425 |5425 |   0 |  0 |   0 |  37 | 4.100000e+01 | 9.790000e+01 | 138.78%| unknown
  573s| 86700 | 65391 | 10359k| 119.5 |   152M | 242 | 951 |5425 |5425 |   0 |  0 |   0 |  37 | 4.100000e+01 | 9.790000e+01 | 138.78%| unknown
  573s| 86800 | 65445 | 10361k| 119.4 |   152M | 242 | 951 |5425 |5425 |   0 |  0 |   0 |  37 | 4.100000e+01 | 9.790000e+01 | 138.78%| unknown
 time | node  | left  |LP iter|LP it/n|mem/heur|mdpt |vars |cons |rows |cuts |sepa|confs|strbr|  dualbound   | primalbound  |  gap   | compl. 
  573s| 86900 | 65515 | 10362k| 119.2 |   152M | 242 | 951 |5425 |5425 |   0 |  0 |   0 |  37 | 4.100000e+01 | 9.790000e+01 | 138.78%| unknown
  574s| 87000 | 65595 | 10364k| 119.1 |   152M | 242 | 951 |5425 |5425 |   0 |  0 |   0 |  37 | 4.100000e+01 | 9.790000e+01 | 138.78%| unknown
  574s| 87100 | 65673 | 10366k| 119.0 |   153M | 242 | 951 |5425 |5425 |   0 |  0 |   0 |  37 | 4.100000e+01 | 9.790000e+01 | 138.78%| unknown
  574s| 87200 | 65745 | 10368k| 118.9 |   153M | 242 | 951 |5425 |5425 |   0 |  0 |   0 |  37 | 4.100000e+01 | 9.790000e+01 | 138.78%| unknown
  575s| 87300 | 65827 | 10376k| 118.8 |   153M | 242 | 951 |5425 |5425 |   0 |  0 |   0 |  37 | 4.100000e+01 | 9.790000e+01 | 138.78%| unknown
  575s| 87400 | 65923 | 10385k| 118.8 |   153M | 242 | 951 |5425 |5425 |   0 |  0 |   0 |  37 | 4.100000e+01 | 9.790000e+01 | 138.78%| unknown
  576s| 87500 | 65991 | 10401k| 118.9 |   153M | 242 | 951 |5425 |5425 |   0 |  0 |   0 |  37 | 4.100000e+01 | 9.790000e+01 | 138.78%| unknown
  577s| 87600 | 66081 | 10415k| 118.9 |   153M | 242 | 951 |5425 |5425 |   0 |  0 |   0 |  37 | 4.100000e+01 | 9.790000e+01 | 138.78%| unknown
  577s| 87700 | 66153 | 10430k| 118.9 |   153M | 242 | 951 |5425 |5425 |   0 |  0 |   0 |  37 | 4.100000e+01 | 9.790000e+01 | 138.78%| unknown
  578s| 87800 | 66221 | 10432k| 118.8 |   153M | 242 | 951 |5425 |5425 |   0 |  0 |   0 |  37 | 4.100000e+01 | 9.790000e+01 | 138.78%| unknown
  578s| 87900 | 66273 | 10433k| 118.7 |   153M | 242 | 951 |5425 |5425 |   0 |  0 |   0 |  37 | 4.100000e+01 | 9.790000e+01 | 138.78%| unknown
  578s| 88000 | 66353 | 10435k| 118.6 |   153M | 242 | 951 |5425 |5425 |   0 |  0 |   0 |  37 | 4.100000e+01 | 9.790000e+01 | 138.78%| unknown
  578s| 88100 | 66439 | 10437k| 118.5 |   154M | 242 | 951 |5425 |5425 |   0 |  0 |   0 |  37 | 4.100000e+01 | 9.790000e+01 | 138.78%| unknown
  578s| 88200 | 66509 | 10439k| 118.3 |   155M | 242 | 951 |5425 |5425 |   0 |  0 |   0 |  37 | 4.100000e+01 | 9.790000e+01 | 138.78%| unknown
  579s| 88300 | 66593 | 10444k| 118.3 |   155M | 242 | 951 |5425 |5425 |   0 |  0 |   0 |  37 | 4.100000e+01 | 9.790000e+01 | 138.78%| unknown
 time | node  | left  |LP iter|LP it/n|mem/heur|mdpt |vars |cons |rows |cuts |sepa|confs|strbr|  dualbound   | primalbound  |  gap   | compl. 
  580s| 88400 | 66673 | 10470k| 118.4 |   155M | 242 | 951 |5425 |5425 |   0 |  0 |   0 |  37 | 4.100000e+01 | 9.790000e+01 | 138.78%| unknown
  581s| 88500 | 66745 | 10504k| 118.7 |   155M | 242 | 951 |5425 |5425 |   0 |  0 |   0 |  37 | 4.100000e+01 | 9.790000e+01 | 138.78%| unknown
  583s| 88600 | 66821 | 10525k| 118.8 |   155M | 242 | 951 |5425 |5425 |   0 |  0 |   0 |  37 | 4.100000e+01 | 9.790000e+01 | 138.78%| unknown
  584s| 88700 | 66887 | 10565k| 119.1 |   155M | 242 | 951 |5425 |5425 |   0 |  0 |   0 |  37 | 4.100000e+01 | 9.790000e+01 | 138.78%| unknown
  585s| 88800 | 66965 | 10586k| 119.2 |   155M | 242 | 951 |5425 |5425 |   0 |  0 |   0 |  37 | 4.100000e+01 | 9.790000e+01 | 138.78%| unknown
  587s| 88900 | 67039 | 10615k| 119.4 |   155M | 242 | 951 |5425 |5425 |   0 |  0 |   0 |  37 | 4.100000e+01 | 9.790000e+01 | 138.78%| unknown
  588s| 89000 | 67103 | 10637k| 119.5 |   155M | 242 | 951 |5425 |5425 |   0 |  0 |   0 |  37 | 4.100000e+01 | 9.790000e+01 | 138.78%| unknown
  589s| 89100 | 67185 | 10665k| 119.7 |   155M | 242 | 951 |5425 |5425 |   0 |  0 |   0 |  37 | 4.100000e+01 | 9.790000e+01 | 138.78%| unknown
  590s| 89200 | 67259 | 10670k| 119.6 |   155M | 242 | 951 |5425 |5425 |   0 |  0 |   0 |  37 | 4.100000e+01 | 9.790000e+01 | 138.78%| unknown
  590s| 89300 | 67341 | 10672k| 119.5 |   156M | 242 | 951 |5425 |5425 |   0 |  0 |   0 |  37 | 4.100000e+01 | 9.790000e+01 | 138.78%| unknown
  590s| 89400 | 67415 | 10674k| 119.4 |   156M | 242 | 951 |5425 |5425 |   0 |  0 |   0 |  37 | 4.100000e+01 | 9.790000e+01 | 138.78%| unknown
  590s| 89500 | 67483 | 10676k| 119.3 |   156M | 242 | 951 |5425 |5425 |   0 |  0 |   0 |  37 | 4.100000e+01 | 9.790000e+01 | 138.78%| unknown
  591s| 89600 | 67555 | 10678k| 119.2 |   156M | 242 | 951 |5425 |5425 |   0 |  0 |   0 |  37 | 4.100000e+01 | 9.790000e+01 | 138.78%| unknown
  591s| 89700 | 67591 | 10680k| 119.1 |   156M | 242 | 951 |5425 |5425 |   0 |  0 |   0 |  37 | 4.100000e+01 | 9.790000e+01 | 138.78%| unknown
  591s| 89800 | 67637 | 10681k| 118.9 |   156M | 242 | 951 |5425 |5425 |   0 |  0 |   0 |  37 | 4.100000e+01 | 9.790000e+01 | 138.78%| unknown
 time | node  | left  |LP iter|LP it/n|mem/heur|mdpt |vars |cons |rows |cuts |sepa|confs|strbr|  dualbound   | primalbound  |  gap   | compl. 
  591s| 89900 | 67705 | 10683k| 118.8 |   156M | 242 | 951 |5425 |5425 |   0 |  0 |   0 |  37 | 4.100000e+01 | 9.790000e+01 | 138.78%| unknown
  591s| 90000 | 67767 | 10685k| 118.7 |   156M | 242 | 951 |5425 |5425 |   0 |  0 |   0 |  37 | 4.100000e+01 | 9.790000e+01 | 138.78%| unknown
  592s| 90100 | 67855 | 10686k| 118.6 |   157M | 242 | 951 |5425 |5425 |   0 |  0 |   0 |  37 | 4.100000e+01 | 9.790000e+01 | 138.78%| unknown
  593s| 90200 | 67935 | 10727k| 118.9 |   157M | 242 | 951 |5425 |5425 |   0 |  0 |   0 |  37 | 4.100000e+01 | 9.790000e+01 | 138.78%| unknown
  594s| 90300 | 68017 | 10747k| 119.0 |   158M | 242 | 951 |5425 |5425 |   0 |  0 |   0 |  37 | 4.100000e+01 | 9.790000e+01 | 138.78%| unknown
  595s| 90400 | 68107 | 10757k| 119.0 |   159M | 242 | 951 |5425 |5425 |   0 |  0 |   0 |  37 | 4.100000e+01 | 9.790000e+01 | 138.78%| unknown
  596s| 90500 | 68189 | 10785k| 119.2 |   159M | 242 | 951 |5425 |5425 |   0 |  0 |   0 |  37 | 4.100000e+01 | 9.790000e+01 | 138.78%| unknown
  599s| 90600 | 68267 | 10835k| 119.6 |   159M | 242 | 951 |5425 |5425 |   0 |  0 |   0 |  37 | 4.100000e+01 | 9.790000e+01 | 138.78%| unknown
  601s| 90700 | 68345 | 10889k| 120.1 |   159M | 242 | 951 |5425 |5425 |   0 |  0 |   0 |  37 | 4.100000e+01 | 9.790000e+01 | 138.78%| unknown
  604s| 90800 | 68421 | 10931k| 120.4 |   159M | 242 | 951 |5425 |5425 |   0 |  0 |   0 |  37 | 4.100000e+01 | 9.790000e+01 | 138.78%| unknown
  606s| 90900 | 68499 | 10984k| 120.8 |   159M | 242 | 951 |5425 |5425 |   0 |  0 |   0 |  37 | 4.100000e+01 | 9.790000e+01 | 138.78%| unknown
  607s| 91000 | 68583 | 11005k| 120.9 |   159M | 242 | 951 |5425 |5425 |   0 |  0 |   0 |  37 | 4.100000e+01 | 9.790000e+01 | 138.78%| unknown
  609s| 91100 | 68665 | 11045k| 121.2 |   159M | 242 | 951 |5425 |5425 |   0 |  0 |   0 |  37 | 4.100000e+01 | 9.790000e+01 | 138.78%| unknown
  611s| 91200 | 68739 | 11090k| 121.6 |   159M | 242 | 951 |5425 |5425 |   0 |  0 |   0 |  37 | 4.100000e+01 | 9.790000e+01 | 138.78%| unknown
  613s| 91300 | 68813 | 11122k| 121.8 |   159M | 242 | 951 |5425 |5425 |   0 |  0 |   0 |  37 | 4.100000e+01 | 9.790000e+01 | 138.78%| unknown
 time | node  | left  |LP iter|LP it/n|mem/heur|mdpt |vars |cons |rows |cuts |sepa|confs|strbr|  dualbound   | primalbound  |  gap   | compl. 
  614s| 91400 | 68901 | 11142k| 121.9 |   160M | 242 | 951 |5425 |5425 |   0 |  0 |   0 |  37 | 4.100000e+01 | 9.790000e+01 | 138.78%| unknown
  615s| 91500 | 68979 | 11173k| 122.1 |   160M | 242 | 951 |5425 |5425 |   0 |  0 |   0 |  37 | 4.100000e+01 | 9.790000e+01 | 138.78%| unknown
  616s| 91600 | 69041 | 11195k| 122.2 |   160M | 242 | 951 |5425 |5425 |   0 |  0 |   0 |  37 | 4.100000e+01 | 9.790000e+01 | 138.78%| unknown
  617s| 91700 | 69125 | 11205k| 122.2 |   160M | 242 | 951 |5425 |5425 |   0 |  0 |   0 |  37 | 4.100000e+01 | 9.790000e+01 | 138.78%| unknown
  617s| 91800 | 69211 | 11206k| 122.1 |   160M | 242 | 951 |5425 |5425 |   0 |  0 |   0 |  37 | 4.100000e+01 | 9.790000e+01 | 138.78%| unknown
  617s| 91900 | 69301 | 11207k| 121.9 |   160M | 242 | 951 |5425 |5425 |   0 |  0 |   0 |  37 | 4.100000e+01 | 9.790000e+01 | 138.78%| unknown
  618s| 92000 | 69395 | 11207k| 121.8 |   160M | 242 | 951 |5425 |5425 |   0 |  0 |   0 |  37 | 4.100000e+01 | 9.790000e+01 | 138.78%| unknown
  618s| 92100 | 69481 | 11209k| 121.7 |   160M | 242 | 951 |5425 |5425 |   0 |  0 |   0 |  37 | 4.100000e+01 | 9.790000e+01 | 138.78%| unknown
  618s| 92200 | 69575 | 11209k| 121.6 |   160M | 242 | 951 |5425 |5425 |   0 |  0 |   0 |  37 | 4.100000e+01 | 9.790000e+01 | 138.78%| unknown
  618s| 92300 | 69667 | 11210k| 121.5 |   161M | 242 | 951 |5425 |5425 |   0 |  0 |   0 |  37 | 4.100000e+01 | 9.790000e+01 | 138.78%| unknown
  618s| 92400 | 69759 | 11211k| 121.3 |   161M | 242 | 951 |5425 |5425 |   0 |  0 |   0 |  37 | 4.100000e+01 | 9.790000e+01 | 138.78%| unknown
  619s| 92500 | 69825 | 11226k| 121.4 |   161M | 242 | 951 |5425 |5425 |   0 |  0 |   0 |  37 | 4.100000e+01 | 9.790000e+01 | 138.78%| unknown
  620s| 92600 | 69897 | 11251k| 121.5 |   161M | 242 | 951 |5425 |5425 |   0 |  0 |   0 |  37 | 4.100000e+01 | 9.790000e+01 | 138.78%| unknown
  621s| 92700 | 69959 | 11268k| 121.5 |   161M | 242 | 951 |5425 |5425 |   0 |  0 |   0 |  37 | 4.100000e+01 | 9.790000e+01 | 138.78%| unknown
  622s| 92800 | 70041 | 11293k| 121.7 |   161M | 242 | 951 |5425 |5425 |   0 |  0 |   0 |  37 | 4.100000e+01 | 9.790000e+01 | 138.78%| unknown
 time | node  | left  |LP iter|LP it/n|mem/heur|mdpt |vars |cons |rows |cuts |sepa|confs|strbr|  dualbound   | primalbound  |  gap   | compl. 
  624s| 92900 | 70119 | 11317k| 121.8 |   161M | 242 | 951 |5425 |5425 |   0 |  0 |   0 |  37 | 4.100000e+01 | 9.790000e+01 | 138.78%| unknown
  625s| 93000 | 70193 | 11350k| 122.0 |   161M | 242 | 951 |5425 |5425 |   0 |  0 |   0 |  37 | 4.100000e+01 | 9.790000e+01 | 138.78%| unknown
  626s| 93100 | 70265 | 11373k| 122.2 |   162M | 242 | 951 |5425 |5425 |   0 |  0 |   0 |  37 | 4.100000e+01 | 9.790000e+01 | 138.78%| unknown
  627s| 93200 | 70349 | 11390k| 122.2 |   162M | 242 | 951 |5425 |5425 |   0 |  0 |   0 |  37 | 4.100000e+01 | 9.790000e+01 | 138.78%| unknown
  628s| 93300 | 70427 | 11407k| 122.3 |   162M | 242 | 951 |5425 |5425 |   0 |  0 |   0 |  37 | 4.100000e+01 | 9.790000e+01 | 138.78%| unknown
  629s| 93400 | 70499 | 11414k| 122.2 |   163M | 242 | 951 |5425 |5425 |   0 |  0 |   0 |  37 | 4.100000e+01 | 9.790000e+01 | 138.78%| unknown
  629s| 93500 | 70571 | 11415k| 122.1 |   163M | 242 | 951 |5425 |5425 |   0 |  0 |   0 |  37 | 4.100000e+01 | 9.790000e+01 | 138.78%| unknown
  629s| 93600 | 70653 | 11417k| 122.0 |   163M | 242 | 951 |5425 |5425 |   0 |  0 |   0 |  37 | 4.100000e+01 | 9.790000e+01 | 138.78%| unknown
  629s| 93700 | 70729 | 11418k| 121.9 |   163M | 242 | 951 |5425 |5425 |   0 |  0 |   0 |  37 | 4.100000e+01 | 9.790000e+01 | 138.78%| unknown
  629s| 93800 | 70807 | 11420k| 121.7 |   163M | 242 | 951 |5425 |5425 |   0 |  0 |   0 |  37 | 4.100000e+01 | 9.790000e+01 | 138.78%| unknown
  631s| 93900 | 70893 | 11442k| 121.8 |   163M | 242 | 951 |5425 |5425 |   0 |  0 |   0 |  37 | 4.100000e+01 | 9.790000e+01 | 138.78%| unknown
  632s| 94000 | 70965 | 11466k| 122.0 |   163M | 242 | 951 |5425 |5425 |   0 |  0 |   0 |  37 | 4.100000e+01 | 9.790000e+01 | 138.78%| unknown
  633s| 94100 | 71035 | 11484k| 122.0 |   163M | 242 | 951 |5425 |5425 |   0 |  0 |   0 |  37 | 4.100000e+01 | 9.790000e+01 | 138.78%| unknown
  634s| 94200 | 71101 | 11508k| 122.2 |   163M | 242 | 951 |5425 |5425 |   0 |  0 |   0 |  37 | 4.100000e+01 | 9.790000e+01 | 138.78%| unknown
  635s| 94300 | 71175 | 11522k| 122.2 |   163M | 242 | 951 |5425 |5425 |   0 |  0 |   0 |  37 | 4.100000e+01 | 9.790000e+01 | 138.78%| unknown
 time | node  | left  |LP iter|LP it/n|mem/heur|mdpt |vars |cons |rows |cuts |sepa|confs|strbr|  dualbound   | primalbound  |  gap   | compl. 
  635s| 94400 | 71251 | 11525k| 122.1 |   163M | 242 | 951 |5425 |5425 |   0 |  0 |   0 |  37 | 4.100000e+01 | 9.790000e+01 | 138.78%| unknown
  636s| 94500 | 71337 | 11539k| 122.1 |   164M | 242 | 951 |5425 |5425 |   0 |  0 |   0 |  37 | 4.100000e+01 | 9.790000e+01 | 138.78%| unknown
  636s| 94600 | 71419 | 11553k| 122.1 |   164M | 242 | 951 |5425 |5425 |   0 |  0 |   0 |  37 | 4.100000e+01 | 9.790000e+01 | 138.78%| unknown
  637s| 94700 | 71477 | 11566k| 122.1 |   164M | 242 | 951 |5425 |5425 |   0 |  0 |   0 |  37 | 4.100000e+01 | 9.790000e+01 | 138.78%| unknown
  637s| 94800 | 71543 | 11568k| 122.0 |   164M | 242 | 951 |5425 |5425 |   0 |  0 |   0 |  37 | 4.100000e+01 | 9.790000e+01 | 138.78%| unknown
  638s| 94900 | 71613 | 11584k| 122.1 |   164M | 242 | 951 |5425 |5425 |   0 |  0 |   0 |  37 | 4.100000e+01 | 9.790000e+01 | 138.78%| unknown
  639s| 95000 | 71685 | 11603k| 122.1 |   164M | 242 | 951 |5425 |5425 |   0 |  0 |   0 |  37 | 4.100000e+01 | 9.790000e+01 | 138.78%| unknown
  640s| 95100 | 71775 | 11630k| 122.3 |   164M | 242 | 951 |5425 |5425 |   0 |  0 |   0 |  37 | 4.100000e+01 | 9.790000e+01 | 138.78%| unknown
  641s| 95200 | 71857 | 11654k| 122.4 |   164M | 242 | 951 |5425 |5425 |   0 |  0 |   0 |  37 | 4.100000e+01 | 9.790000e+01 | 138.78%| unknown
  642s| 95300 | 71937 | 11670k| 122.4 |   164M | 242 | 951 |5425 |5425 |   0 |  0 |   0 |  37 | 4.100000e+01 | 9.790000e+01 | 138.78%| unknown
  643s| 95400 | 72017 | 11690k| 122.5 |   165M | 242 | 951 |5425 |5425 |   0 |  0 |   0 |  37 | 4.100000e+01 | 9.790000e+01 | 138.78%| unknown
  644s| 95500 | 72085 | 11709k| 122.6 |   166M | 242 | 951 |5425 |5425 |   0 |  0 |   0 |  37 | 4.100000e+01 | 9.790000e+01 | 138.78%| unknown
  645s| 95600 | 72159 | 11723k| 122.6 |   166M | 242 | 951 |5425 |5425 |   0 |  0 |   0 |  37 | 4.100000e+01 | 9.790000e+01 | 138.78%| unknown
  647s| 95700 | 72219 | 11761k| 122.9 |   166M | 242 | 951 |5425 |5425 |   0 |  0 |   0 |  37 | 4.100000e+01 | 9.790000e+01 | 138.78%| unknown
  648s| 95800 | 72277 | 11781k| 123.0 |   166M | 242 | 951 |5425 |5425 |   0 |  0 |   0 |  37 | 4.100000e+01 | 9.790000e+01 | 138.78%| unknown
 time | node  | left  |LP iter|LP it/n|mem/heur|mdpt |vars |cons |rows |cuts |sepa|confs|strbr|  dualbound   | primalbound  |  gap   | compl. 
  649s| 95900 | 72349 | 11806k| 123.1 |   167M | 242 | 951 |5425 |5425 |   0 |  0 |   0 |  37 | 4.100000e+01 | 9.790000e+01 | 138.78%| unknown
  650s| 96000 | 72407 | 11824k| 123.2 |   167M | 242 | 951 |5425 |5425 |   0 |  0 |   0 |  37 | 4.100000e+01 | 9.790000e+01 | 138.78%| unknown
  650s| 96100 | 72483 | 11825k| 123.0 |   167M | 242 | 951 |5425 |5425 |   0 |  0 |   0 |  37 | 4.100000e+01 | 9.790000e+01 | 138.78%| unknown
  650s| 96200 | 72557 | 11827k| 122.9 |   167M | 242 | 951 |5425 |5425 |   0 |  0 |   0 |  37 | 4.100000e+01 | 9.790000e+01 | 138.78%| unknown
  651s| 96300 | 72627 | 11839k| 122.9 |   167M | 242 | 951 |5425 |5425 |   0 |  0 |   0 |  37 | 4.100000e+01 | 9.790000e+01 | 138.78%| unknown
  652s| 96400 | 72699 | 11850k| 122.9 |   167M | 242 | 951 |5425 |5425 |   0 |  0 |   0 |  37 | 4.100000e+01 | 9.790000e+01 | 138.78%| unknown
  652s| 96500 | 72761 | 11851k| 122.8 |   167M | 242 | 951 |5425 |5425 |   0 |  0 |   0 |  37 | 4.100000e+01 | 9.790000e+01 | 138.78%| unknown
  652s| 96600 | 72829 | 11853k| 122.7 |   167M | 242 | 951 |5425 |5425 |   0 |  0 |   0 |  37 | 4.100000e+01 | 9.790000e+01 | 138.78%| unknown
  652s| 96700 | 72879 | 11854k| 122.6 |   168M | 242 | 951 |5425 |5425 |   0 |  0 |   0 |  37 | 4.100000e+01 | 9.790000e+01 | 138.78%| unknown
  652s| 96800 | 72957 | 11857k| 122.5 |   168M | 242 | 951 |5425 |5425 |   0 |  0 |   0 |  37 | 4.100000e+01 | 9.790000e+01 | 138.78%| unknown
  653s| 96900 | 73041 | 11858k| 122.4 |   168M | 242 | 951 |5425 |5425 |   0 |  0 |   0 |  37 | 4.100000e+01 | 9.790000e+01 | 138.78%| unknown
  654s| 97000 | 73125 | 11886k| 122.5 |   168M | 242 | 951 |5425 |5425 |   0 |  0 |   0 |  37 | 4.100000e+01 | 9.790000e+01 | 138.78%| unknown
  655s| 97100 | 73191 | 11907k| 122.6 |   168M | 242 | 951 |5425 |5425 |   0 |  0 |   0 |  37 | 4.100000e+01 | 9.790000e+01 | 138.78%| unknown
  656s| 97200 | 73279 | 11932k| 122.8 |   168M | 242 | 951 |5425 |5425 |   0 |  0 |   0 |  37 | 4.100000e+01 | 9.790000e+01 | 138.78%| unknown
  657s| 97300 | 73353 | 11956k| 122.9 |   168M | 242 | 951 |5425 |5425 |   0 |  0 |   0 |  37 | 4.100000e+01 | 9.790000e+01 | 138.78%| unknown
 time | node  | left  |LP iter|LP it/n|mem/heur|mdpt |vars |cons |rows |cuts |sepa|confs|strbr|  dualbound   | primalbound  |  gap   | compl. 
  659s| 97400 | 73387 | 11985k| 123.0 |   168M | 242 | 951 |5425 |5425 |   0 |  0 |   0 |  37 | 4.100000e+01 | 9.790000e+01 | 138.78%| unknown
  660s| 97500 | 73449 | 12015k| 123.2 |   168M | 242 | 951 |5425 |5425 |   0 |  0 |   0 |  37 | 4.100000e+01 | 9.790000e+01 | 138.78%| unknown
  662s| 97600 | 73523 | 12040k| 123.4 |   168M | 242 | 951 |5425 |5425 |   0 |  0 |   0 |  37 | 4.100000e+01 | 9.790000e+01 | 138.78%| unknown
  663s| 97700 | 73589 | 12070k| 123.5 |   168M | 242 | 951 |5425 |5425 |   0 |  0 |   0 |  37 | 4.100000e+01 | 9.790000e+01 | 138.78%| unknown
  664s| 97800 | 73657 | 12091k| 123.6 |   169M | 242 | 951 |5425 |5425 |   0 |  0 |   0 |  37 | 4.100000e+01 | 9.790000e+01 | 138.78%| unknown
  665s| 97900 | 73743 | 12108k| 123.7 |   169M | 242 | 951 |5425 |5425 |   0 |  0 |   0 |  37 | 4.100000e+01 | 9.790000e+01 | 138.78%| unknown
  666s| 98000 | 73823 | 12124k| 123.7 |   169M | 242 | 951 |5425 |5425 |   0 |  0 |   0 |  37 | 4.100000e+01 | 9.790000e+01 | 138.78%| unknown
  667s| 98100 | 73897 | 12141k| 123.8 |   169M | 242 | 951 |5425 |5425 |   0 |  0 |   0 |  37 | 4.100000e+01 | 9.790000e+01 | 138.78%| unknown
  668s| 98200 | 73975 | 12167k| 123.9 |   169M | 242 | 951 |5425 |5425 |   0 |  0 |   0 |  37 | 4.100000e+01 | 9.790000e+01 | 138.78%| unknown
  669s| 98300 | 74041 | 12175k| 123.9 |   170M | 242 | 951 |5425 |5425 |   0 |  0 |   0 |  37 | 4.100000e+01 | 9.790000e+01 | 138.78%| unknown
  669s| 98400 | 74107 | 12177k| 123.7 |   170M | 242 | 951 |5425 |5425 |   0 |  0 |   0 |  37 | 4.100000e+01 | 9.790000e+01 | 138.78%| unknown
  670s| 98500 | 74183 | 12194k| 123.8 |   170M | 242 | 951 |5425 |5425 |   0 |  0 |   0 |  37 | 4.100000e+01 | 9.790000e+01 | 138.78%| unknown
  671s| 98600 | 74255 | 12214k| 123.9 |   170M | 242 | 951 |5425 |5425 |   0 |  0 |   0 |  37 | 4.100000e+01 | 9.790000e+01 | 138.78%| unknown
  673s| 98700 | 74319 | 12262k| 124.2 |   170M | 242 | 951 |5425 |5425 |   0 |  0 |   0 |  37 | 4.100000e+01 | 9.790000e+01 | 138.78%| unknown
  674s| 98800 | 74383 | 12277k| 124.3 |   170M | 242 | 951 |5425 |5425 |   0 |  0 |   0 |  37 | 4.100000e+01 | 9.790000e+01 | 138.78%| unknown
 time | node  | left  |LP iter|LP it/n|mem/heur|mdpt |vars |cons |rows |cuts |sepa|confs|strbr|  dualbound   | primalbound  |  gap   | compl. 
  674s| 98900 | 74447 | 12278k| 124.1 |   171M | 242 | 951 |5425 |5425 |   0 |  0 |   0 |  37 | 4.100000e+01 | 9.790000e+01 | 138.78%| unknown
  674s| 99000 | 74519 | 12280k| 124.0 |   171M | 242 | 951 |5425 |5425 |   0 |  0 |   0 |  37 | 4.100000e+01 | 9.790000e+01 | 138.78%| unknown
  674s| 99100 | 74575 | 12282k| 123.9 |   171M | 242 | 951 |5425 |5425 |   0 |  0 |   0 |  37 | 4.100000e+01 | 9.790000e+01 | 138.78%| unknown
  674s| 99200 | 74649 | 12283k| 123.8 |   171M | 242 | 951 |5425 |5425 |   0 |  0 |   0 |  37 | 4.100000e+01 | 9.790000e+01 | 138.78%| unknown
  675s| 99300 | 74711 | 12285k| 123.7 |   171M | 242 | 951 |5425 |5425 |   0 |  0 |   0 |  37 | 4.100000e+01 | 9.790000e+01 | 138.78%| unknown
  675s| 99400 | 74755 | 12287k| 123.6 |   171M | 242 | 951 |5425 |5425 |   0 |  0 |   0 |  37 | 4.100000e+01 | 9.790000e+01 | 138.78%| unknown
  676s| 99500 | 74831 | 12300k| 123.6 |   171M | 242 | 951 |5425 |5425 |   0 |  0 |   0 |  37 | 4.100000e+01 | 9.790000e+01 | 138.78%| unknown
  676s| 99600 | 74907 | 12314k| 123.6 |   171M | 242 | 951 |5425 |5425 |   0 |  0 |   0 |  37 | 4.100000e+01 | 9.790000e+01 | 138.78%| unknown
  677s| 99700 | 74993 | 12325k| 123.6 |   171M | 242 | 951 |5425 |5425 |   0 |  0 |   0 |  37 | 4.100000e+01 | 9.790000e+01 | 138.78%| unknown
  678s| 99800 | 75061 | 12354k| 123.8 |   171M | 242 | 951 |5425 |5425 |   0 |  0 |   0 |  37 | 4.100000e+01 | 9.790000e+01 | 138.78%| unknown
  679s| 99900 | 75131 | 12378k| 123.9 |   171M | 242 | 951 |5425 |5425 |   0 |  0 |   0 |  37 | 4.100000e+01 | 9.790000e+01 | 138.78%| unknown
  680s|100000 | 75197 | 12387k| 123.9 |   171M | 242 | 951 |5425 |5425 |   0 |  0 |   0 |  37 | 4.100000e+01 | 9.790000e+01 | 138.78%| unknown
  680s|100100 | 75267 | 12389k| 123.8 |   172M | 242 | 951 |5425 |5425 |   0 |  0 |   0 |  37 | 4.100000e+01 | 9.790000e+01 | 138.78%| unknown
  680s|100200 | 75335 | 12390k| 123.7 |   172M | 242 | 951 |5425 |5425 |   0 |  0 |   0 |  37 | 4.100000e+01 | 9.790000e+01 | 138.78%| unknown
  681s|100300 | 75409 | 12403k| 123.7 |   172M | 242 | 951 |5425 |5425 |   0 |  0 |   0 |  37 | 4.100000e+01 | 9.790000e+01 | 138.78%| unknown
 time | node  | left  |LP iter|LP it/n|mem/heur|mdpt |vars |cons |rows |cuts |sepa|confs|strbr|  dualbound   | primalbound  |  gap   | compl. 
  682s|100400 | 75477 | 12424k| 123.7 |   172M | 242 | 951 |5425 |5425 |   0 |  0 |   0 |  37 | 4.100000e+01 | 9.790000e+01 | 138.78%| unknown
  683s|100500 | 75557 | 12437k| 123.7 |   172M | 242 | 951 |5425 |5425 |   0 |  0 |   0 |  37 | 4.100000e+01 | 9.790000e+01 | 138.78%| unknown
  684s|100600 | 75623 | 12458k| 123.8 |   173M | 242 | 951 |5425 |5425 |   0 |  0 |   0 |  37 | 4.100000e+01 | 9.790000e+01 | 138.78%| unknown
  684s|100700 | 75685 | 12461k| 123.7 |   173M | 242 | 951 |5425 |5425 |   0 |  0 |   0 |  37 | 4.100000e+01 | 9.790000e+01 | 138.78%| unknown
  685s|100800 | 75761 | 12481k| 123.8 |   173M | 242 | 951 |5425 |5425 |   0 |  0 |   0 |  37 | 4.100000e+01 | 9.790000e+01 | 138.78%| unknown
  686s|100900 | 75831 | 12495k| 123.8 |   173M | 242 | 951 |5425 |5425 |   0 |  0 |   0 |  37 | 4.100000e+01 | 9.790000e+01 | 138.78%| unknown
  688s|101000 | 75885 | 12522k| 124.0 |   173M | 242 | 951 |5425 |5425 |   0 |  0 |   0 |  37 | 4.100000e+01 | 9.790000e+01 | 138.78%| unknown
  689s|101100 | 75963 | 12542k| 124.1 |   173M | 242 | 951 |5425 |5425 |   0 |  0 |   0 |  37 | 4.100000e+01 | 9.790000e+01 | 138.78%| unknown
  690s|101200 | 76025 | 12564k| 124.1 |   173M | 242 | 951 |5425 |5425 |   0 |  0 |   0 |  37 | 4.100000e+01 | 9.790000e+01 | 138.78%| unknown
  691s|101300 | 76095 | 12588k| 124.3 |   174M | 242 | 951 |5425 |5425 |   0 |  0 |   0 |  37 | 4.100000e+01 | 9.790000e+01 | 138.78%| unknown
  692s|101400 | 76161 | 12616k| 124.4 |   174M | 242 | 951 |5425 |5425 |   0 |  0 |   0 |  37 | 4.100000e+01 | 9.790000e+01 | 138.78%| unknown
  693s|101500 | 76229 | 12618k| 124.3 |   174M | 242 | 951 |5425 |5425 |   0 |  0 |   0 |  37 | 4.100000e+01 | 9.790000e+01 | 138.78%| unknown
  693s|101600 | 76301 | 12619k| 124.2 |   174M | 242 | 951 |5425 |5425 |   0 |  0 |   0 |  37 | 4.100000e+01 | 9.790000e+01 | 138.78%| unknown
  693s|101700 | 76381 | 12621k| 124.1 |   174M | 242 | 951 |5425 |5425 |   0 |  0 |   0 |  37 | 4.100000e+01 | 9.790000e+01 | 138.78%| unknown
  693s|101800 | 76459 | 12624k| 124.0 |   174M | 242 | 951 |5425 |5425 |   0 |  0 |   0 |  37 | 4.100000e+01 | 9.790000e+01 | 138.78%| unknown
 time | node  | left  |LP iter|LP it/n|mem/heur|mdpt |vars |cons |rows |cuts |sepa|confs|strbr|  dualbound   | primalbound  |  gap   | compl. 
  694s|101900 | 76535 | 12630k| 123.9 |   174M | 242 | 951 |5425 |5425 |   0 |  0 |   0 |  37 | 4.100000e+01 | 9.790000e+01 | 138.78%| unknown
  695s|102000 | 76615 | 12654k| 124.1 |   174M | 242 | 951 |5425 |5425 |   0 |  0 |   0 |  37 | 4.100000e+01 | 9.790000e+01 | 138.78%| unknown
  696s|102100 | 76701 | 12673k| 124.1 |   174M | 242 | 951 |5425 |5425 |   0 |  0 |   0 |  37 | 4.100000e+01 | 9.790000e+01 | 138.78%| unknown
  697s|102200 | 76787 | 12691k| 124.2 |   174M | 242 | 951 |5425 |5425 |   0 |  0 |   0 |  37 | 4.100000e+01 | 9.790000e+01 | 138.78%| unknown
  698s|102300 | 76855 | 12716k| 124.3 |   175M | 242 | 951 |5425 |5425 |   0 |  0 |   0 |  37 | 4.100000e+01 | 9.790000e+01 | 138.78%| unknown
  699s|102400 | 76917 | 12735k| 124.4 |   176M | 242 | 951 |5425 |5425 |   0 |  0 |   0 |  37 | 4.100000e+01 | 9.790000e+01 | 138.78%| unknown
  700s|102500 | 76999 | 12755k| 124.4 |   176M | 242 | 951 |5425 |5425 |   0 |  0 |   0 |  37 | 4.100000e+01 | 9.790000e+01 | 138.78%| unknown
  701s|102600 | 77067 | 12774k| 124.5 |   176M | 242 | 951 |5425 |5425 |   0 |  0 |   0 |  37 | 4.100000e+01 | 9.790000e+01 | 138.78%| unknown
  702s|102700 | 77139 | 12802k| 124.6 |   176M | 242 | 951 |5425 |5425 |   0 |  0 |   0 |  37 | 4.100000e+01 | 9.790000e+01 | 138.78%| unknown
  704s|102800 | 77201 | 12840k| 124.9 |   176M | 242 | 951 |5425 |5425 |   0 |  0 |   0 |  37 | 4.100000e+01 | 9.790000e+01 | 138.78%| unknown
  705s|102900 | 77263 | 12862k| 125.0 |   176M | 242 | 951 |5425 |5425 |   0 |  0 |   0 |  37 | 4.100000e+01 | 9.790000e+01 | 138.78%| unknown
  707s|103000 | 77329 | 12886k| 125.1 |   176M | 242 | 951 |5425 |5425 |   0 |  0 |   0 |  37 | 4.100000e+01 | 9.790000e+01 | 138.78%| unknown
  707s|103100 | 77373 | 12889k| 125.0 |   176M | 242 | 951 |5425 |5425 |   0 |  0 |   0 |  37 | 4.100000e+01 | 9.790000e+01 | 138.78%| unknown
  707s|103200 | 77443 | 12890k| 124.9 |   176M | 242 | 951 |5425 |5425 |   0 |  0 |   0 |  37 | 4.100000e+01 | 9.790000e+01 | 138.78%| unknown
  707s|103300 | 77499 | 12892k| 124.8 |   176M | 242 | 951 |5425 |5425 |   0 |  0 |   0 |  37 | 4.100000e+01 | 9.790000e+01 | 138.78%| unknown
 time | node  | left  |LP iter|LP it/n|mem/heur|mdpt |vars |cons |rows |cuts |sepa|confs|strbr|  dualbound   | primalbound  |  gap   | compl. 
  707s|103400 | 77563 | 12894k| 124.7 |   176M | 242 | 951 |5425 |5425 |   0 |  0 |   0 |  37 | 4.100000e+01 | 9.790000e+01 | 138.78%| unknown
  708s|103500 | 77627 | 12896k| 124.6 |   176M | 242 | 951 |5425 |5425 |   0 |  0 |   0 |  37 | 4.100000e+01 | 9.790000e+01 | 138.78%| unknown
  708s|103600 | 77695 | 12902k| 124.5 |   177M | 242 | 951 |5425 |5425 |   0 |  0 |   0 |  37 | 4.100000e+01 | 9.790000e+01 | 138.78%| unknown
  709s|103700 | 77751 | 12923k| 124.6 |   178M | 242 | 951 |5425 |5425 |   0 |  0 |   0 |  37 | 4.100000e+01 | 9.790000e+01 | 138.78%| unknown
  710s|103800 | 77841 | 12935k| 124.6 |   178M | 242 | 951 |5425 |5425 |   0 |  0 |   0 |  37 | 4.100000e+01 | 9.790000e+01 | 138.78%| unknown
  711s|103900 | 77913 | 12953k| 124.7 |   178M | 242 | 951 |5425 |5425 |   0 |  0 |   0 |  37 | 4.100000e+01 | 9.790000e+01 | 138.78%| unknown
  711s|104000 | 77981 | 12964k| 124.6 |   178M | 242 | 951 |5425 |5425 |   0 |  0 |   0 |  37 | 4.100000e+01 | 9.790000e+01 | 138.78%| unknown
  712s|104100 | 78055 | 12966k| 124.6 |   178M | 242 | 951 |5425 |5425 |   0 |  0 |   0 |  37 | 4.100000e+01 | 9.790000e+01 | 138.78%| unknown
  712s|104200 | 78125 | 12968k| 124.4 |   178M | 242 | 951 |5425 |5425 |   0 |  0 |   0 |  37 | 4.100000e+01 | 9.790000e+01 | 138.78%| unknown
  712s|104300 | 78171 | 12970k| 124.3 |   178M | 242 | 951 |5425 |5425 |   0 |  0 |   0 |  37 | 4.100000e+01 | 9.790000e+01 | 138.78%| unknown
  712s|104400 | 78247 | 12971k| 124.2 |   178M | 242 | 951 |5425 |5425 |   0 |  0 |   0 |  37 | 4.100000e+01 | 9.790000e+01 | 138.78%| unknown
  713s|104500 | 78331 | 12991k| 124.3 |   178M | 242 | 951 |5425 |5425 |   0 |  0 |   0 |  37 | 4.100000e+01 | 9.790000e+01 | 138.78%| unknown
  714s|104600 | 78395 | 13008k| 124.4 |   178M | 242 | 951 |5425 |5425 |   0 |  0 |   0 |  37 | 4.100000e+01 | 9.790000e+01 | 138.78%| unknown
  714s|104700 | 78461 | 13010k| 124.3 |   179M | 242 | 951 |5425 |5425 |   0 |  0 |   0 |  37 | 4.100000e+01 | 9.790000e+01 | 138.78%| unknown
  714s|104800 | 78539 | 13012k| 124.2 |   179M | 242 | 951 |5425 |5425 |   0 |  0 |   0 |  37 | 4.100000e+01 | 9.790000e+01 | 138.78%| unknown
 time | node  | left  |LP iter|LP it/n|mem/heur|mdpt |vars |cons |rows |cuts |sepa|confs|strbr|  dualbound   | primalbound  |  gap   | compl. 
  715s|104900 | 78615 | 13013k| 124.0 |   179M | 242 | 951 |5425 |5425 |   0 |  0 |   0 |  37 | 4.100000e+01 | 9.790000e+01 | 138.78%| unknown
  715s|105000 | 78681 | 13015k| 123.9 |   179M | 242 | 951 |5425 |5425 |   0 |  0 |   0 |  37 | 4.100000e+01 | 9.790000e+01 | 138.78%| unknown
  715s|105100 | 78749 | 13016k| 123.8 |   179M | 242 | 951 |5425 |5425 |   0 |  0 |   0 |  37 | 4.100000e+01 | 9.790000e+01 | 138.78%| unknown
  715s|105200 | 78809 | 13019k| 123.7 |   179M | 242 | 951 |5425 |5425 |   0 |  0 |   0 |  37 | 4.100000e+01 | 9.790000e+01 | 138.78%| unknown
  715s|105300 | 78891 | 13020k| 123.6 |   179M | 242 | 951 |5425 |5425 |   0 |  0 |   0 |  37 | 4.100000e+01 | 9.790000e+01 | 138.78%| unknown
  716s|105400 | 78955 | 13022k| 123.5 |   179M | 242 | 951 |5425 |5425 |   0 |  0 |   0 |  37 | 4.100000e+01 | 9.790000e+01 | 138.78%| unknown
  716s|105500 | 79027 | 13033k| 123.5 |   179M | 242 | 951 |5425 |5425 |   0 |  0 |   0 |  37 | 4.100000e+01 | 9.790000e+01 | 138.78%| unknown
  717s|105600 | 79091 | 13035k| 123.4 |   179M | 242 | 951 |5425 |5425 |   0 |  0 |   0 |  37 | 4.100000e+01 | 9.790000e+01 | 138.78%| unknown
  717s|105700 | 79151 | 13037k| 123.3 |   179M | 242 | 951 |5425 |5425 |   0 |  0 |   0 |  37 | 4.100000e+01 | 9.790000e+01 | 138.78%| unknown
  717s|105800 | 79217 | 13039k| 123.2 |   179M | 242 | 951 |5425 |5425 |   0 |  0 |   0 |  37 | 4.100000e+01 | 9.790000e+01 | 138.78%| unknown
  717s|105900 | 79273 | 13041k| 123.1 |   180M | 242 | 951 |5425 |5425 |   0 |  0 |   0 |  37 | 4.100000e+01 | 9.790000e+01 | 138.78%| unknown
  717s|106000 | 79339 | 13042k| 123.0 |   180M | 242 | 951 |5425 |5425 |   0 |  0 |   0 |  37 | 4.100000e+01 | 9.790000e+01 | 138.78%| unknown
  718s|106100 | 79413 | 13044k| 122.9 |   180M | 242 | 951 |5425 |5425 |   0 |  0 |   0 |  37 | 4.100000e+01 | 9.790000e+01 | 138.78%| unknown
  718s|106200 | 79485 | 13046k| 122.8 |   181M | 242 | 951 |5425 |5425 |   0 |  0 |   0 |  37 | 4.100000e+01 | 9.790000e+01 | 138.78%| unknown
  718s|106300 | 79545 | 13047k| 122.7 |   181M | 242 | 951 |5425 |5425 |   0 |  0 |   0 |  37 | 4.100000e+01 | 9.790000e+01 | 138.78%| unknown
 time | node  | left  |LP iter|LP it/n|mem/heur|mdpt |vars |cons |rows |cuts |sepa|confs|strbr|  dualbound   | primalbound  |  gap   | compl. 
  718s|106400 | 79597 | 13049k| 122.6 |   181M | 242 | 951 |5425 |5425 |   0 |  0 |   0 |  37 | 4.100000e+01 | 9.790000e+01 | 138.78%| unknown
  718s|106500 | 79659 | 13051k| 122.5 |   181M | 242 | 951 |5425 |5425 |   0 |  0 |   0 |  37 | 4.100000e+01 | 9.790000e+01 | 138.78%| unknown
  719s|106600 | 79735 | 13053k| 122.4 |   181M | 242 | 951 |5425 |5425 |   0 |  0 |   0 |  37 | 4.100000e+01 | 9.790000e+01 | 138.78%| unknown
  719s|106700 | 79817 | 13055k| 122.3 |   181M | 242 | 951 |5425 |5425 |   0 |  0 |   0 |  37 | 4.100000e+01 | 9.790000e+01 | 138.78%| unknown
  719s|106800 | 79905 | 13056k| 122.2 |   181M | 242 | 951 |5425 |5425 |   0 |  0 |   0 |  37 | 4.100000e+01 | 9.790000e+01 | 138.78%| unknown
  719s|106900 | 79987 | 13060k| 122.2 |   181M | 242 | 951 |5425 |5425 |   0 |  0 |   0 |  37 | 4.100000e+01 | 9.790000e+01 | 138.78%| unknown
  720s|107000 | 80075 | 13082k| 122.3 |   182M | 242 | 951 |5425 |5425 |   0 |  0 |   0 |  37 | 4.100000e+01 | 9.790000e+01 | 138.78%| unknown
  722s|107100 | 80147 | 13109k| 122.4 |   182M | 242 | 951 |5425 |5425 |   0 |  0 |   0 |  37 | 4.100000e+01 | 9.790000e+01 | 138.78%| unknown
  723s|107200 | 80209 | 13133k| 122.5 |   182M | 242 | 951 |5425 |5425 |   0 |  0 |   0 |  37 | 4.100000e+01 | 9.790000e+01 | 138.78%| unknown
  724s|107300 | 80283 | 13151k| 122.6 |   182M | 242 | 951 |5425 |5425 |   0 |  0 |   0 |  37 | 4.100000e+01 | 9.790000e+01 | 138.78%| unknown
  724s|107400 | 80371 | 13164k| 122.6 |   182M | 242 | 951 |5425 |5425 |   0 |  0 |   0 |  37 | 4.100000e+01 | 9.790000e+01 | 138.78%| unknown
  725s|107500 | 80441 | 13183k| 122.6 |   182M | 242 | 951 |5425 |5425 |   0 |  0 |   0 |  37 | 4.100000e+01 | 9.790000e+01 | 138.78%| unknown
  726s|107600 | 80519 | 13199k| 122.7 |   182M | 242 | 951 |5425 |5425 |   0 |  0 |   0 |  37 | 4.100000e+01 | 9.790000e+01 | 138.78%| unknown
  727s|107700 | 80593 | 13222k| 122.8 |   182M | 242 | 951 |5425 |5425 |   0 |  0 |   0 |  37 | 4.100000e+01 | 9.790000e+01 | 138.78%| unknown
  729s|107800 | 80665 | 13245k| 122.9 |   182M | 242 | 951 |5425 |5425 |   0 |  0 |   0 |  37 | 4.100000e+01 | 9.790000e+01 | 138.78%| unknown
 time | node  | left  |LP iter|LP it/n|mem/heur|mdpt |vars |cons |rows |cuts |sepa|confs|strbr|  dualbound   | primalbound  |  gap   | compl. 
  730s|107900 | 80741 | 13269k| 123.0 |   182M | 242 | 951 |5425 |5425 |   0 |  0 |   0 |  37 | 4.100000e+01 | 9.790000e+01 | 138.78%| unknown
  731s|108000 | 80811 | 13286k| 123.0 |   182M | 242 | 951 |5425 |5425 |   0 |  0 |   0 |  37 | 4.100000e+01 | 9.790000e+01 | 138.78%| unknown
  732s|108100 | 80877 | 13316k| 123.2 |   183M | 242 | 951 |5425 |5425 |   0 |  0 |   0 |  37 | 4.100000e+01 | 9.790000e+01 | 138.78%| unknown
  733s|108200 | 80957 | 13342k| 123.3 |   183M | 242 | 951 |5425 |5425 |   0 |  0 |   0 |  37 | 4.100000e+01 | 9.790000e+01 | 138.78%| unknown
  735s|108300 | 81033 | 13368k| 123.4 |   183M | 242 | 951 |5425 |5425 |   0 |  0 |   0 |  37 | 4.100000e+01 | 9.790000e+01 | 138.78%| unknown
  736s|108400 | 81113 | 13386k| 123.5 |   183M | 242 | 951 |5425 |5425 |   0 |  0 |   0 |  37 | 4.100000e+01 | 9.790000e+01 | 138.78%| unknown
  736s|108500 | 81201 | 13388k| 123.4 |   183M | 242 | 951 |5425 |5425 |   0 |  0 |   0 |  37 | 4.100000e+01 | 9.790000e+01 | 138.78%| unknown
  736s|108600 | 81277 | 13390k| 123.3 |   183M | 242 | 951 |5425 |5425 |   0 |  0 |   0 |  37 | 4.100000e+01 | 9.790000e+01 | 138.78%| unknown
  736s|108700 | 81345 | 13392k| 123.2 |   183M | 242 | 951 |5425 |5425 |   0 |  0 |   0 |  37 | 4.100000e+01 | 9.790000e+01 | 138.78%| unknown
  736s|108800 | 81415 | 13394k| 123.1 |   184M | 242 | 951 |5425 |5425 |   0 |  0 |   0 |  37 | 4.100000e+01 | 9.790000e+01 | 138.78%| unknown
  737s|108900 | 81479 | 13398k| 123.0 |   184M | 242 | 951 |5425 |5425 |   0 |  0 |   0 |  37 | 4.100000e+01 | 9.790000e+01 | 138.78%| unknown
  738s|109000 | 81555 | 13423k| 123.1 |   185M | 242 | 951 |5425 |5425 |   0 |  0 |   0 |  37 | 4.100000e+01 | 9.790000e+01 | 138.78%| unknown
  739s|109100 | 81631 | 13448k| 123.3 |   186M | 242 | 951 |5425 |5425 |   0 |  0 |   0 |  37 | 4.100000e+01 | 9.790000e+01 | 138.78%| unknown
  740s|109200 | 81715 | 13466k| 123.3 |   186M | 242 | 951 |5425 |5425 |   0 |  0 |   0 |  37 | 4.100000e+01 | 9.790000e+01 | 138.78%| unknown
  742s|109300 | 81795 | 13492k| 123.4 |   186M | 242 | 951 |5425 |5425 |   0 |  0 |   0 |  37 | 4.100000e+01 | 9.790000e+01 | 138.78%| unknown
 time | node  | left  |LP iter|LP it/n|mem/heur|mdpt |vars |cons |rows |cuts |sepa|confs|strbr|  dualbound   | primalbound  |  gap   | compl. 
  743s|109400 | 81889 | 13529k| 123.7 |   186M | 242 | 951 |5425 |5425 |   0 |  0 |   0 |  37 | 4.100000e+01 | 9.790000e+01 | 138.78%| unknown
  745s|109500 | 81973 | 13555k| 123.8 |   186M | 242 | 951 |5425 |5425 |   0 |  0 |   0 |  37 | 4.100000e+01 | 9.790000e+01 | 138.78%| unknown
  746s|109600 | 82051 | 13571k| 123.8 |   186M | 242 | 951 |5425 |5425 |   0 |  0 |   0 |  37 | 4.100000e+01 | 9.790000e+01 | 138.78%| unknown
  746s|109700 | 82115 | 13576k| 123.8 |   186M | 242 | 951 |5425 |5425 |   0 |  0 |   0 |  37 | 4.100000e+01 | 9.790000e+01 | 138.78%| unknown
  746s|109800 | 82191 | 13578k| 123.7 |   186M | 242 | 951 |5425 |5425 |   0 |  0 |   0 |  37 | 4.100000e+01 | 9.790000e+01 | 138.78%| unknown
  746s|109900 | 82271 | 13580k| 123.6 |   186M | 242 | 951 |5425 |5425 |   0 |  0 |   0 |  37 | 4.100000e+01 | 9.790000e+01 | 138.78%| unknown
  747s|110000 | 82359 | 13581k| 123.5 |   186M | 242 | 951 |5425 |5425 |   0 |  0 |   0 |  37 | 4.100000e+01 | 9.790000e+01 | 138.78%| unknown
  747s|110100 | 82429 | 13582k| 123.4 |   187M | 242 | 951 |5425 |5425 |   0 |  0 |   0 |  37 | 4.100000e+01 | 9.790000e+01 | 138.78%| unknown
  747s|110200 | 82503 | 13584k| 123.3 |   187M | 242 | 951 |5425 |5425 |   0 |  0 |   0 |  37 | 4.100000e+01 | 9.790000e+01 | 138.78%| unknown
  748s|110300 | 82591 | 13601k| 123.3 |   187M | 242 | 951 |5425 |5425 |   0 |  0 |   0 |  37 | 4.100000e+01 | 9.790000e+01 | 138.78%| unknown
  750s|110400 | 82683 | 13648k| 123.6 |   187M | 242 | 951 |5425 |5425 |   0 |  0 |   0 |  37 | 4.100000e+01 | 9.790000e+01 | 138.78%| unknown
  751s|110500 | 82767 | 13669k| 123.7 |   187M | 242 | 951 |5425 |5425 |   0 |  0 |   0 |  37 | 4.100000e+01 | 9.790000e+01 | 138.78%| unknown
  753s|110600 | 82831 | 13698k| 123.8 |   187M | 242 | 951 |5425 |5425 |   0 |  0 |   0 |  37 | 4.100000e+01 | 9.790000e+01 | 138.78%| unknown
  754s|110700 | 82895 | 13723k| 124.0 |   187M | 242 | 951 |5425 |5425 |   0 |  0 |   0 |  37 | 4.100000e+01 | 9.790000e+01 | 138.78%| unknown
  755s|110800 | 82965 | 13735k| 124.0 |   187M | 242 | 951 |5425 |5425 |   0 |  0 |   0 |  37 | 4.100000e+01 | 9.790000e+01 | 138.78%| unknown
 time | node  | left  |LP iter|LP it/n|mem/heur|mdpt |vars |cons |rows |cuts |sepa|confs|strbr|  dualbound   | primalbound  |  gap   | compl. 
  756s|110900 | 83031 | 13758k| 124.1 |   187M | 242 | 951 |5425 |5425 |   0 |  0 |   0 |  37 | 4.100000e+01 | 9.790000e+01 | 138.78%| unknown
  757s|111000 | 83113 | 13780k| 124.1 |   187M | 242 | 951 |5425 |5425 |   0 |  0 |   0 |  37 | 4.100000e+01 | 9.790000e+01 | 138.78%| unknown
  758s|111100 | 83187 | 13800k| 124.2 |   188M | 242 | 951 |5425 |5425 |   0 |  0 |   0 |  37 | 4.100000e+01 | 9.790000e+01 | 138.78%| unknown
  759s|111200 | 83257 | 13823k| 124.3 |   189M | 242 | 951 |5425 |5425 |   0 |  0 |   0 |  37 | 4.100000e+01 | 9.790000e+01 | 138.78%| unknown
  761s|111300 | 83323 | 13867k| 124.6 |   189M | 242 | 951 |5425 |5425 |   0 |  0 |   0 |  37 | 4.100000e+01 | 9.790000e+01 | 138.78%| unknown
  762s|111400 | 83399 | 13887k| 124.7 |   189M | 242 | 951 |5425 |5425 |   0 |  0 |   0 |  37 | 4.100000e+01 | 9.790000e+01 | 138.78%| unknown
  763s|111500 | 83473 | 13908k| 124.7 |   189M | 242 | 951 |5425 |5425 |   0 |  0 |   0 |  37 | 4.100000e+01 | 9.790000e+01 | 138.78%| unknown
  765s|111600 | 83541 | 13939k| 124.9 |   189M | 242 | 951 |5425 |5425 |   0 |  0 |   0 |  37 | 4.100000e+01 | 9.790000e+01 | 138.78%| unknown
  767s|111700 | 83601 | 13995k| 125.3 |   189M | 242 | 951 |5425 |5425 |   0 |  0 |   0 |  37 | 4.100000e+01 | 9.790000e+01 | 138.78%| unknown
  768s|111800 | 83693 | 14018k| 125.4 |   189M | 242 | 951 |5425 |5425 |   0 |  0 |   0 |  37 | 4.100000e+01 | 9.790000e+01 | 138.78%| unknown
  769s|111900 | 83769 | 14040k| 125.5 |   189M | 242 | 951 |5425 |5425 |   0 |  0 |   0 |  37 | 4.100000e+01 | 9.790000e+01 | 138.78%| unknown
  771s|112000 | 83847 | 14069k| 125.6 |   189M | 242 | 951 |5425 |5425 |   0 |  0 |   0 |  37 | 4.100000e+01 | 9.790000e+01 | 138.78%| unknown
  772s|112100 | 83935 | 14084k| 125.6 |   189M | 242 | 951 |5425 |5425 |   0 |  0 |   0 |  37 | 4.100000e+01 | 9.790000e+01 | 138.78%| unknown
  773s|112200 | 83995 | 14107k| 125.7 |   189M | 242 | 951 |5425 |5425 |   0 |  0 |   0 |  37 | 4.100000e+01 | 9.790000e+01 | 138.78%| unknown
  773s|112300 | 84061 | 14112k| 125.7 |   190M | 242 | 951 |5425 |5425 |   0 |  0 |   0 |  37 | 4.100000e+01 | 9.790000e+01 | 138.78%| unknown
 time | node  | left  |LP iter|LP it/n|mem/heur|mdpt |vars |cons |rows |cuts |sepa|confs|strbr|  dualbound   | primalbound  |  gap   | compl. 
  773s|112400 | 84143 | 14113k| 125.6 |   190M | 242 | 951 |5425 |5425 |   0 |  0 |   0 |  37 | 4.100000e+01 | 9.790000e+01 | 138.78%| unknown
  773s|112500 | 84209 | 14115k| 125.5 |   190M | 242 | 951 |5425 |5425 |   0 |  0 |   0 |  37 | 4.100000e+01 | 9.790000e+01 | 138.78%| unknown
  774s|112600 | 84289 | 14116k| 125.4 |   190M | 242 | 951 |5425 |5425 |   0 |  0 |   0 |  37 | 4.100000e+01 | 9.790000e+01 | 138.78%| unknown
  774s|112700 | 84373 | 14117k| 125.3 |   190M | 242 | 951 |5425 |5425 |   0 |  0 |   0 |  37 | 4.100000e+01 | 9.790000e+01 | 138.78%| unknown
  774s|112800 | 84463 | 14119k| 125.2 |   190M | 242 | 951 |5425 |5425 |   0 |  0 |   0 |  37 | 4.100000e+01 | 9.790000e+01 | 138.78%| unknown
  774s|112900 | 84521 | 14120k| 125.1 |   190M | 242 | 951 |5425 |5425 |   0 |  0 |   0 |  37 | 4.100000e+01 | 9.790000e+01 | 138.78%| unknown
  775s|113000 | 84607 | 14125k| 125.0 |   190M | 242 | 951 |5425 |5425 |   0 |  0 |   0 |  37 | 4.100000e+01 | 9.790000e+01 | 138.78%| unknown
  776s|113100 | 84683 | 14162k| 125.2 |   190M | 242 | 951 |5425 |5425 |   0 |  0 |   0 |  37 | 4.100000e+01 | 9.790000e+01 | 138.78%| unknown
  777s|113200 | 84773 | 14178k| 125.2 |   190M | 242 | 951 |5425 |5425 |   0 |  0 |   0 |  37 | 4.100000e+01 | 9.790000e+01 | 138.78%| unknown
  778s|113300 | 84847 | 14201k| 125.3 |   191M | 242 | 951 |5425 |5425 |   0 |  0 |   0 |  37 | 4.100000e+01 | 9.790000e+01 | 138.78%| unknown
  779s|113400 | 84911 | 14219k| 125.4 |   191M | 242 | 951 |5425 |5425 |   0 |  0 |   0 |  37 | 4.100000e+01 | 9.790000e+01 | 138.78%| unknown
  780s|113500 | 84991 | 14239k| 125.4 |   191M | 242 | 951 |5425 |5425 |   0 |  0 |   0 |  37 | 4.100000e+01 | 9.790000e+01 | 138.78%| unknown
  781s|113600 | 85077 | 14256k| 125.5 |   191M | 242 | 951 |5425 |5425 |   0 |  0 |   0 |  37 | 4.100000e+01 | 9.790000e+01 | 138.78%| unknown
  783s|113700 | 85143 | 14286k| 125.6 |   191M | 242 | 951 |5425 |5425 |   0 |  0 |   0 |  37 | 4.100000e+01 | 9.790000e+01 | 138.78%| unknown
  784s|113800 | 85201 | 14313k| 125.8 |   191M | 242 | 951 |5425 |5425 |   0 |  0 |   0 |  37 | 4.100000e+01 | 9.790000e+01 | 138.78%| unknown
 time | node  | left  |LP iter|LP it/n|mem/heur|mdpt |vars |cons |rows |cuts |sepa|confs|strbr|  dualbound   | primalbound  |  gap   | compl. 
  785s|113900 | 85279 | 14331k| 125.8 |   191M | 242 | 951 |5425 |5425 |   0 |  0 |   0 |  37 | 4.100000e+01 | 9.790000e+01 | 138.78%| unknown
  786s|114000 | 85363 | 14359k| 126.0 |   192M | 242 | 951 |5425 |5425 |   0 |  0 |   0 |  37 | 4.100000e+01 | 9.790000e+01 | 138.78%| unknown
  787s|114100 | 85421 | 14381k| 126.0 |   192M | 242 | 951 |5425 |5425 |   0 |  0 |   0 |  37 | 4.100000e+01 | 9.790000e+01 | 138.78%| unknown
  789s|114200 | 85485 | 14406k| 126.1 |   192M | 242 | 951 |5425 |5425 |   0 |  0 |   0 |  37 | 4.100000e+01 | 9.790000e+01 | 138.78%| unknown
  790s|114300 | 85557 | 14427k| 126.2 |   192M | 242 | 951 |5425 |5425 |   0 |  0 |   0 |  37 | 4.100000e+01 | 9.790000e+01 | 138.78%| unknown
  791s|114400 | 85619 | 14448k| 126.3 |   193M | 242 | 951 |5425 |5425 |   0 |  0 |   0 |  37 | 4.100000e+01 | 9.790000e+01 | 138.78%| unknown
  792s|114500 | 85699 | 14474k| 126.4 |   193M | 242 | 951 |5425 |5425 |   0 |  0 |   0 |  37 | 4.100000e+01 | 9.790000e+01 | 138.78%| unknown
  793s|114600 | 85771 | 14493k| 126.5 |   193M | 242 | 951 |5425 |5425 |   0 |  0 |   0 |  37 | 4.100000e+01 | 9.790000e+01 | 138.78%| unknown
  794s|114700 | 85835 | 14518k| 126.6 |   193M | 242 | 951 |5425 |5425 |   0 |  0 |   0 |  37 | 4.100000e+01 | 9.790000e+01 | 138.78%| unknown
  796s|114800 | 85907 | 14547k| 126.7 |   194M | 242 | 951 |5425 |5425 |   0 |  0 |   0 |  37 | 4.100000e+01 | 9.790000e+01 | 138.78%| unknown
  797s|114900 | 85993 | 14563k| 126.7 |   194M | 242 | 951 |5425 |5425 |   0 |  0 |   0 |  37 | 4.100000e+01 | 9.790000e+01 | 138.78%| unknown
  797s|115000 | 86059 | 14565k| 126.7 |   194M | 242 | 951 |5425 |5425 |   0 |  0 |   0 |  37 | 4.100000e+01 | 9.790000e+01 | 138.78%| unknown
  797s|115100 | 86125 | 14567k| 126.6 |   194M | 242 | 951 |5425 |5425 |   0 |  0 |   0 |  37 | 4.100000e+01 | 9.790000e+01 | 138.78%| unknown
  797s|115200 | 86203 | 14568k| 126.5 |   194M | 242 | 951 |5425 |5425 |   0 |  0 |   0 |  37 | 4.100000e+01 | 9.790000e+01 | 138.78%| unknown
  798s|115300 | 86275 | 14569k| 126.4 |   194M | 242 | 951 |5425 |5425 |   0 |  0 |   0 |  37 | 4.100000e+01 | 9.790000e+01 | 138.78%| unknown
 time | node  | left  |LP iter|LP it/n|mem/heur|mdpt |vars |cons |rows |cuts |sepa|confs|strbr|  dualbound   | primalbound  |  gap   | compl. 
  798s|115400 | 86341 | 14571k| 126.3 |   194M | 242 | 951 |5425 |5425 |   0 |  0 |   0 |  37 | 4.100000e+01 | 9.790000e+01 | 138.78%| unknown
  798s|115500 | 86409 | 14573k| 126.2 |   194M | 242 | 951 |5425 |5425 |   0 |  0 |   0 |  37 | 4.100000e+01 | 9.790000e+01 | 138.78%| unknown
  798s|115600 | 86479 | 14578k| 126.1 |   195M | 242 | 951 |5425 |5425 |   0 |  0 |   0 |  37 | 4.100000e+01 | 9.790000e+01 | 138.78%| unknown
  800s|115700 | 86557 | 14605k| 126.2 |   195M | 242 | 951 |5425 |5425 |   0 |  0 |   0 |  37 | 4.100000e+01 | 9.790000e+01 | 138.78%| unknown
  801s|115800 | 86615 | 14634k| 126.4 |   195M | 242 | 951 |5425 |5425 |   0 |  0 |   0 |  37 | 4.100000e+01 | 9.790000e+01 | 138.78%| unknown
  802s|115900 | 86685 | 14651k| 126.4 |   195M | 242 | 951 |5425 |5425 |   0 |  0 |   0 |  37 | 4.100000e+01 | 9.790000e+01 | 138.78%| unknown
  803s|116000 | 86763 | 14664k| 126.4 |   195M | 242 | 951 |5425 |5425 |   0 |  0 |   0 |  37 | 4.100000e+01 | 9.790000e+01 | 138.78%| unknown
  804s|116100 | 86839 | 14684k| 126.5 |   195M | 242 | 951 |5425 |5425 |   0 |  0 |   0 |  37 | 4.100000e+01 | 9.790000e+01 | 138.78%| unknown
  805s|116200 | 86913 | 14712k| 126.6 |   195M | 242 | 951 |5425 |5425 |   0 |  0 |   0 |  37 | 4.100000e+01 | 9.790000e+01 | 138.78%| unknown
  806s|116300 | 86985 | 14729k| 126.6 |   195M | 242 | 951 |5425 |5425 |   0 |  0 |   0 |  37 | 4.100000e+01 | 9.790000e+01 | 138.78%| unknown
  807s|116400 | 87059 | 14747k| 126.7 |   195M | 242 | 951 |5425 |5425 |   0 |  0 |   0 |  37 | 4.100000e+01 | 9.790000e+01 | 138.78%| unknown
  809s|116500 | 87109 | 14777k| 126.8 |   196M | 242 | 951 |5425 |5425 |   0 |  0 |   0 |  37 | 4.100000e+01 | 9.790000e+01 | 138.78%| unknown
  809s|116600 | 87165 | 14793k| 126.9 |   196M | 242 | 951 |5425 |5425 |   0 |  0 |   0 |  37 | 4.100000e+01 | 9.790000e+01 | 138.78%| unknown
  810s|116700 | 87241 | 14794k| 126.8 |   197M | 242 | 951 |5425 |5425 |   0 |  0 |   0 |  37 | 4.100000e+01 | 9.790000e+01 | 138.78%| unknown
  810s|116800 | 87307 | 14795k| 126.7 |   197M | 242 | 951 |5425 |5425 |   0 |  0 |   0 |  37 | 4.100000e+01 | 9.790000e+01 | 138.78%| unknown
 time | node  | left  |LP iter|LP it/n|mem/heur|mdpt |vars |cons |rows |cuts |sepa|confs|strbr|  dualbound   | primalbound  |  gap   | compl. 
  811s|116900 | 87383 | 14828k| 126.8 |   197M | 242 | 951 |5425 |5425 |   0 |  0 |   0 |  37 | 4.100000e+01 | 9.790000e+01 | 138.78%| unknown
  812s|117000 | 87457 | 14846k| 126.9 |   197M | 242 | 951 |5425 |5425 |   0 |  0 |   0 |  37 | 4.100000e+01 | 9.790000e+01 | 138.78%| unknown
  813s|117100 | 87525 | 14878k| 127.0 |   197M | 242 | 951 |5425 |5425 |   0 |  0 |   0 |  37 | 4.100000e+01 | 9.790000e+01 | 138.78%| unknown
  814s|117200 | 87595 | 14901k| 127.1 |   197M | 242 | 951 |5425 |5425 |   0 |  0 |   0 |  37 | 4.100000e+01 | 9.790000e+01 | 138.78%| unknown
  816s|117300 | 87673 | 14923k| 127.2 |   197M | 242 | 951 |5425 |5425 |   0 |  0 |   0 |  37 | 4.100000e+01 | 9.790000e+01 | 138.78%| unknown
  816s|117400 | 87741 | 14939k| 127.2 |   197M | 242 | 951 |5425 |5425 |   0 |  0 |   0 |  37 | 4.100000e+01 | 9.790000e+01 | 138.78%| unknown
  817s|117500 | 87811 | 14940k| 127.1 |   197M | 242 | 951 |5425 |5425 |   0 |  0 |   0 |  37 | 4.100000e+01 | 9.790000e+01 | 138.78%| unknown
  817s|117600 | 87887 | 14942k| 127.1 |   197M | 242 | 951 |5425 |5425 |   0 |  0 |   0 |  37 | 4.100000e+01 | 9.790000e+01 | 138.78%| unknown
  817s|117700 | 87953 | 14943k| 127.0 |   197M | 242 | 951 |5425 |5425 |   0 |  0 |   0 |  37 | 4.100000e+01 | 9.790000e+01 | 138.78%| unknown
  817s|117800 | 88017 | 14944k| 126.9 |   198M | 242 | 951 |5425 |5425 |   0 |  0 |   0 |  37 | 4.100000e+01 | 9.790000e+01 | 138.78%| unknown
  818s|117900 | 88087 | 14960k| 126.9 |   198M | 242 | 951 |5425 |5425 |   0 |  0 |   0 |  37 | 4.100000e+01 | 9.790000e+01 | 138.78%| unknown
  819s|118000 | 88165 | 14981k| 127.0 |   198M | 242 | 951 |5425 |5425 |   0 |  0 |   0 |  37 | 4.100000e+01 | 9.790000e+01 | 138.78%| unknown
  819s|118100 | 88237 | 14989k| 126.9 |   198M | 242 | 951 |5425 |5425 |   0 |  0 |   0 |  37 | 4.100000e+01 | 9.790000e+01 | 138.78%| unknown
  820s|118200 | 88307 | 15001k| 126.9 |   198M | 242 | 951 |5425 |5425 |   0 |  0 |   0 |  37 | 4.100000e+01 | 9.790000e+01 | 138.78%| unknown
  822s|118300 | 88375 | 15033k| 127.1 |   198M | 242 | 951 |5425 |5425 |   0 |  0 |   0 |  37 | 4.100000e+01 | 9.790000e+01 | 138.78%| unknown
 time | node  | left  |LP iter|LP it/n|mem/heur|mdpt |vars |cons |rows |cuts |sepa|confs|strbr|  dualbound   | primalbound  |  gap   | compl. 
  822s|118400 | 88449 | 15047k| 127.1 |   198M | 242 | 951 |5425 |5425 |   0 |  0 |   0 |  37 | 4.100000e+01 | 9.790000e+01 | 138.78%| unknown
  823s|118500 | 88515 | 15067k| 127.1 |   198M | 242 | 951 |5425 |5425 |   0 |  0 |   0 |  37 | 4.100000e+01 | 9.790000e+01 | 138.78%| unknown
  825s|118600 | 88571 | 15095k| 127.3 |   198M | 242 | 951 |5425 |5425 |   0 |  0 |   0 |  37 | 4.100000e+01 | 9.790000e+01 | 138.78%| unknown
  826s|118700 | 88635 | 15123k| 127.4 |   198M | 242 | 951 |5425 |5425 |   0 |  0 |   0 |  37 | 4.100000e+01 | 9.790000e+01 | 138.78%| unknown
  827s|118800 | 88679 | 15145k| 127.5 |   198M | 242 | 951 |5425 |5425 |   0 |  0 |   0 |  37 | 4.100000e+01 | 9.790000e+01 | 138.78%| unknown
  827s|118900 | 88743 | 15146k| 127.4 |   198M | 242 | 951 |5425 |5425 |   0 |  0 |   0 |  37 | 4.100000e+01 | 9.790000e+01 | 138.78%| unknown
  827s|119000 | 88813 | 15147k| 127.3 |   199M | 242 | 951 |5425 |5425 |   0 |  0 |   0 |  37 | 4.100000e+01 | 9.790000e+01 | 138.78%| unknown
  828s|119100 | 88845 | 15150k| 127.2 |   199M | 242 | 951 |5425 |5425 |   0 |  0 |   0 |  37 | 4.100000e+01 | 9.790000e+01 | 138.78%| unknown
  828s|119200 | 88883 | 15152k| 127.1 |   199M | 242 | 951 |5425 |5425 |   0 |  0 |   0 |  37 | 4.100000e+01 | 9.790000e+01 | 138.78%| unknown
  828s|119300 | 88941 | 15154k| 127.0 |   199M | 242 | 951 |5425 |5425 |   0 |  0 |   0 |  37 | 4.100000e+01 | 9.790000e+01 | 138.78%| unknown
  828s|119400 | 88995 | 15155k| 126.9 |   199M | 242 | 951 |5425 |5425 |   0 |  0 |   0 |  37 | 4.100000e+01 | 9.790000e+01 | 138.78%| unknown
  828s|119500 | 89061 | 15157k| 126.8 |   200M | 242 | 951 |5425 |5425 |   0 |  0 |   0 |  37 | 4.100000e+01 | 9.790000e+01 | 138.78%| unknown
  829s|119600 | 89111 | 15159k| 126.7 |   200M | 242 | 951 |5425 |5425 |   0 |  0 |   0 |  37 | 4.100000e+01 | 9.790000e+01 | 138.78%| unknown
  829s|119700 | 89179 | 15161k| 126.7 |   200M | 242 | 951 |5425 |5425 |   0 |  0 |   0 |  37 | 4.100000e+01 | 9.790000e+01 | 138.78%| unknown
  829s|119800 | 89237 | 15163k| 126.6 |   200M | 242 | 951 |5425 |5425 |   0 |  0 |   0 |  37 | 4.100000e+01 | 9.790000e+01 | 138.78%| unknown
 time | node  | left  |LP iter|LP it/n|mem/heur|mdpt |vars |cons |rows |cuts |sepa|confs|strbr|  dualbound   | primalbound  |  gap   | compl. 
  829s|119900 | 89287 | 15165k| 126.5 |   200M | 242 | 951 |5425 |5425 |   0 |  0 |   0 |  37 | 4.100000e+01 | 9.790000e+01 | 138.78%| unknown
  829s|120000 | 89361 | 15166k| 126.4 |   200M | 242 | 951 |5425 |5425 |   0 |  0 |   0 |  37 | 4.100000e+01 | 9.790000e+01 | 138.78%| unknown
  830s|120100 | 89435 | 15168k| 126.3 |   200M | 242 | 951 |5425 |5425 |   0 |  0 |   0 |  37 | 4.100000e+01 | 9.790000e+01 | 138.78%| unknown
  830s|120200 | 89511 | 15169k| 126.2 |   200M | 242 | 951 |5425 |5425 |   0 |  0 |   0 |  37 | 4.100000e+01 | 9.790000e+01 | 138.78%| unknown
  830s|120300 | 89593 | 15171k| 126.1 |   200M | 242 | 951 |5425 |5425 |   0 |  0 |   0 |  37 | 4.100000e+01 | 9.790000e+01 | 138.78%| unknown
  830s|120400 | 89659 | 15173k| 126.0 |   201M | 242 | 951 |5425 |5425 |   0 |  0 |   0 |  37 | 4.100000e+01 | 9.790000e+01 | 138.78%| unknown
  830s|120500 | 89721 | 15175k| 125.9 |   201M | 242 | 951 |5425 |5425 |   0 |  0 |   0 |  37 | 4.100000e+01 | 9.790000e+01 | 138.78%| unknown
  831s|120600 | 89799 | 15176k| 125.8 |   201M | 242 | 951 |5425 |5425 |   0 |  0 |   0 |  37 | 4.100000e+01 | 9.790000e+01 | 138.78%| unknown
  831s|120700 | 89881 | 15177k| 125.7 |   201M | 242 | 951 |5425 |5425 |   0 |  0 |   0 |  37 | 4.100000e+01 | 9.790000e+01 | 138.78%| unknown
  831s|120800 | 89961 | 15183k| 125.7 |   201M | 242 | 951 |5425 |5425 |   0 |  0 |   0 |  37 | 4.100000e+01 | 9.790000e+01 | 138.78%| unknown
  833s|120900 | 90033 | 15211k| 125.8 |   201M | 242 | 951 |5425 |5425 |   0 |  0 |   0 |  37 | 4.100000e+01 | 9.790000e+01 | 138.78%| unknown
  833s|121000 | 90111 | 15223k| 125.8 |   201M | 242 | 951 |5425 |5425 |   0 |  0 |   0 |  37 | 4.100000e+01 | 9.790000e+01 | 138.78%| unknown
  834s|121100 | 90187 | 15247k| 125.9 |   201M | 242 | 951 |5425 |5425 |   0 |  0 |   0 |  37 | 4.100000e+01 | 9.790000e+01 | 138.78%| unknown
  836s|121200 | 90243 | 15271k| 126.0 |   201M | 242 | 951 |5425 |5425 |   0 |  0 |   0 |  37 | 4.100000e+01 | 9.790000e+01 | 138.78%| unknown
  836s|121300 | 90321 | 15287k| 126.0 |   201M | 242 | 951 |5425 |5425 |   0 |  0 |   0 |  37 | 4.100000e+01 | 9.790000e+01 | 138.78%| unknown
 time | node  | left  |LP iter|LP it/n|mem/heur|mdpt |vars |cons |rows |cuts |sepa|confs|strbr|  dualbound   | primalbound  |  gap   | compl. 
  837s|121400 | 90397 | 15300k| 126.0 |   201M | 242 | 951 |5425 |5425 |   0 |  0 |   0 |  37 | 4.100000e+01 | 9.790000e+01 | 138.78%| unknown
  838s|121500 | 90469 | 15320k| 126.1 |   203M | 242 | 951 |5425 |5425 |   0 |  0 |   0 |  37 | 4.100000e+01 | 9.790000e+01 | 138.78%| unknown
  840s|121600 | 90539 | 15353k| 126.3 |   203M | 242 | 951 |5425 |5425 |   0 |  0 |   0 |  37 | 4.100000e+01 | 9.790000e+01 | 138.78%| unknown
  840s|121700 | 90601 | 15354k| 126.2 |   203M | 242 | 951 |5425 |5425 |   0 |  0 |   0 |  37 | 4.100000e+01 | 9.790000e+01 | 138.78%| unknown
  840s|121800 | 90675 | 15355k| 126.1 |   204M | 242 | 951 |5425 |5425 |   0 |  0 |   0 |  37 | 4.100000e+01 | 9.790000e+01 | 138.78%| unknown
  840s|121900 | 90741 | 15358k| 126.0 |   204M | 242 | 951 |5425 |5425 |   0 |  0 |   0 |  37 | 4.100000e+01 | 9.790000e+01 | 138.78%| unknown
  841s|122000 | 90811 | 15360k| 125.9 |   204M | 242 | 951 |5425 |5425 |   0 |  0 |   0 |  37 | 4.100000e+01 | 9.790000e+01 | 138.78%| unknown
  841s|122100 | 90869 | 15361k| 125.8 |   204M | 242 | 951 |5425 |5425 |   0 |  0 |   0 |  37 | 4.100000e+01 | 9.790000e+01 | 138.78%| unknown
  841s|122200 | 90935 | 15365k| 125.7 |   204M | 242 | 951 |5425 |5425 |   0 |  0 |   0 |  37 | 4.100000e+01 | 9.790000e+01 | 138.78%| unknown
  842s|122300 | 91003 | 15390k| 125.8 |   204M | 246 | 951 |5425 |5425 |   0 |  0 |   0 |  37 | 4.100000e+01 | 9.790000e+01 | 138.78%| unknown
  844s|122400 | 91055 | 15418k| 126.0 |   204M | 246 | 951 |5425 |5425 |   0 |  0 |   0 |  37 | 4.100000e+01 | 9.790000e+01 | 138.78%| unknown
  845s|122500 | 91127 | 15458k| 126.2 |   204M | 246 | 951 |5425 |5425 |   0 |  0 |   0 |  37 | 4.100000e+01 | 9.790000e+01 | 138.78%| unknown
  847s|122600 | 91203 | 15480k| 126.3 |   205M | 246 | 951 |5425 |5425 |   0 |  0 |   0 |  37 | 4.100000e+01 | 9.790000e+01 | 138.78%| unknown
  848s|122700 | 91281 | 15510k| 126.4 |   205M | 247 | 951 |5425 |5425 |   0 |  0 |   0 |  37 | 4.100000e+01 | 9.790000e+01 | 138.78%| unknown
  849s|122800 | 91345 | 15525k| 126.4 |   205M | 247 | 951 |5425 |5425 |   0 |  0 |   0 |  37 | 4.100000e+01 | 9.790000e+01 | 138.78%| unknown
 time | node  | left  |LP iter|LP it/n|mem/heur|mdpt |vars |cons |rows |cuts |sepa|confs|strbr|  dualbound   | primalbound  |  gap   | compl. 
  849s|122900 | 91421 | 15526k| 126.3 |   205M | 247 | 951 |5425 |5425 |   0 |  0 |   0 |  37 | 4.100000e+01 | 9.790000e+01 | 138.78%| unknown
  849s|123000 | 91503 | 15534k| 126.3 |   205M | 247 | 951 |5425 |5425 |   0 |  0 |   0 |  37 | 4.100000e+01 | 9.790000e+01 | 138.78%| unknown
  850s|123100 | 91571 | 15552k| 126.3 |   205M | 247 | 951 |5425 |5425 |   0 |  0 |   0 |  37 | 4.100000e+01 | 9.790000e+01 | 138.78%| unknown
  851s|123200 | 91637 | 15564k| 126.3 |   205M | 247 | 951 |5425 |5425 |   0 |  0 |   0 |  37 | 4.100000e+01 | 9.790000e+01 | 138.78%| unknown
  853s|123300 | 91705 | 15593k| 126.5 |   205M | 247 | 951 |5425 |5425 |   0 |  0 |   0 |  37 | 4.100000e+01 | 9.790000e+01 | 138.78%| unknown
  854s|123400 | 91781 | 15613k| 126.5 |   205M | 247 | 951 |5425 |5425 |   0 |  0 |   0 |  37 | 4.100000e+01 | 9.790000e+01 | 138.78%| unknown
  854s|123500 | 91851 | 15627k| 126.5 |   205M | 247 | 951 |5425 |5425 |   0 |  0 |   0 |  37 | 4.100000e+01 | 9.790000e+01 | 138.78%| unknown
  855s|123600 | 91927 | 15646k| 126.6 |   205M | 247 | 951 |5425 |5425 |   0 |  0 |   0 |  37 | 4.100000e+01 | 9.790000e+01 | 138.78%| unknown
  856s|123700 | 91995 | 15665k| 126.6 |   206M | 247 | 951 |5425 |5425 |   0 |  0 |   0 |  37 | 4.100000e+01 | 9.790000e+01 | 138.78%| unknown
  857s|123800 | 92063 | 15685k| 126.7 |   206M | 247 | 951 |5425 |5425 |   0 |  0 |   0 |  37 | 4.100000e+01 | 9.790000e+01 | 138.78%| unknown
  858s|123900 | 92121 | 15707k| 126.8 |   206M | 247 | 951 |5425 |5425 |   0 |  0 |   0 |  37 | 4.100000e+01 | 9.790000e+01 | 138.78%| unknown
  860s|124000 | 92193 | 15739k| 126.9 |   206M | 247 | 951 |5425 |5425 |   0 |  0 |   0 |  37 | 4.100000e+01 | 9.790000e+01 | 138.78%| unknown
  861s|124100 | 92257 | 15761k| 127.0 |   206M | 247 | 951 |5425 |5425 |   0 |  0 |   0 |  37 | 4.100000e+01 | 9.790000e+01 | 138.78%| unknown
  862s|124200 | 92331 | 15778k| 127.0 |   206M | 247 | 951 |5425 |5425 |   0 |  0 |   0 |  37 | 4.100000e+01 | 9.790000e+01 | 138.78%| unknown
  863s|124300 | 92425 | 15790k| 127.0 |   206M | 247 | 951 |5425 |5425 |   0 |  0 |   0 |  37 | 4.100000e+01 | 9.790000e+01 | 138.78%| unknown
 time | node  | left  |LP iter|LP it/n|mem/heur|mdpt |vars |cons |rows |cuts |sepa|confs|strbr|  dualbound   | primalbound  |  gap   | compl. 
  865s|124400 | 92505 | 15836k| 127.3 |   206M | 247 | 951 |5425 |5425 |   0 |  0 |   0 |  37 | 4.100000e+01 | 9.790000e+01 | 138.78%| unknown
  866s|124500 | 92579 | 15854k| 127.3 |   206M | 247 | 951 |5425 |5425 |   0 |  0 |   0 |  37 | 4.100000e+01 | 9.790000e+01 | 138.78%| unknown
  867s|124600 | 92663 | 15878k| 127.4 |   206M | 247 | 951 |5425 |5425 |   0 |  0 |   0 |  37 | 4.100000e+01 | 9.790000e+01 | 138.78%| unknown
  868s|124700 | 92733 | 15901k| 127.5 |   206M | 247 | 951 |5425 |5425 |   0 |  0 |   0 |  37 | 4.100000e+01 | 9.790000e+01 | 138.78%| unknown
  870s|124800 | 92805 | 15927k| 127.6 |   208M | 247 | 951 |5425 |5425 |   0 |  0 |   0 |  37 | 4.100000e+01 | 9.790000e+01 | 138.78%| unknown
  870s|124900 | 92885 | 15943k| 127.6 |   208M | 247 | 951 |5425 |5425 |   0 |  0 |   0 |  37 | 4.100000e+01 | 9.790000e+01 | 138.78%| unknown
  871s|125000 | 92965 | 15963k| 127.7 |   208M | 247 | 951 |5425 |5425 |   0 |  0 |   0 |  37 | 4.100000e+01 | 9.790000e+01 | 138.78%| unknown
  873s|125100 | 93023 | 15991k| 127.8 |   208M | 247 | 951 |5425 |5425 |   0 |  0 |   0 |  37 | 4.100000e+01 | 9.790000e+01 | 138.78%| unknown
  874s|125200 | 93103 | 16007k| 127.9 |   208M | 247 | 951 |5425 |5425 |   0 |  0 |   0 |  37 | 4.100000e+01 | 9.790000e+01 | 138.78%| unknown
  875s|125300 | 93171 | 16027k| 127.9 |   208M | 247 | 951 |5425 |5425 |   0 |  0 |   0 |  37 | 4.100000e+01 | 9.790000e+01 | 138.78%| unknown
  876s|125400 | 93247 | 16045k| 127.9 |   208M | 247 | 951 |5425 |5425 |   0 |  0 |   0 |  37 | 4.100000e+01 | 9.790000e+01 | 138.78%| unknown
  877s|125500 | 93309 | 16065k| 128.0 |   208M | 247 | 951 |5425 |5425 |   0 |  0 |   0 |  37 | 4.100000e+01 | 9.790000e+01 | 138.78%| unknown
  878s|125600 | 93383 | 16082k| 128.0 |   208M | 247 | 951 |5425 |5425 |   0 |  0 |   0 |  37 | 4.100000e+01 | 9.790000e+01 | 138.78%| unknown
  879s|125700 | 93465 | 16100k| 128.1 |   208M | 247 | 951 |5425 |5425 |   0 |  0 |   0 |  37 | 4.100000e+01 | 9.790000e+01 | 138.78%| unknown
  880s|125800 | 93537 | 16123k| 128.2 |   208M | 247 | 951 |5425 |5425 |   0 |  0 |   0 |  37 | 4.100000e+01 | 9.790000e+01 | 138.78%| unknown
 time | node  | left  |LP iter|LP it/n|mem/heur|mdpt |vars |cons |rows |cuts |sepa|confs|strbr|  dualbound   | primalbound  |  gap   | compl. 
  881s|125900 | 93617 | 16144k| 128.2 |   209M | 247 | 951 |5425 |5425 |   0 |  0 |   0 |  37 | 4.100000e+01 | 9.790000e+01 | 138.78%| unknown
  882s|126000 | 93683 | 16164k| 128.3 |   209M | 247 | 951 |5425 |5425 |   0 |  0 |   0 |  37 | 4.100000e+01 | 9.790000e+01 | 138.78%| unknown
  883s|126100 | 93749 | 16198k| 128.4 |   209M | 247 | 951 |5425 |5425 |   0 |  0 |   0 |  37 | 4.100000e+01 | 9.790000e+01 | 138.78%| unknown
  885s|126200 | 93823 | 16235k| 128.6 |   209M | 247 | 951 |5425 |5425 |   0 |  0 |   0 |  37 | 4.100000e+01 | 9.790000e+01 | 138.78%| unknown
  886s|126300 | 93913 | 16251k| 128.7 |   209M | 247 | 951 |5425 |5425 |   0 |  0 |   0 |  37 | 4.100000e+01 | 9.790000e+01 | 138.78%| unknown
  888s|126400 | 93995 | 16283k| 128.8 |   209M | 247 | 951 |5425 |5425 |   0 |  0 |   0 |  37 | 4.100000e+01 | 9.790000e+01 | 138.78%| unknown
  888s|126500 | 94059 | 16298k| 128.8 |   209M | 247 | 951 |5425 |5425 |   0 |  0 |   0 |  37 | 4.100000e+01 | 9.790000e+01 | 138.78%| unknown
  889s|126600 | 94129 | 16315k| 128.9 |   209M | 247 | 951 |5425 |5425 |   0 |  0 |   0 |  37 | 4.100000e+01 | 9.790000e+01 | 138.78%| unknown
  890s|126700 | 94197 | 16334k| 128.9 |   209M | 247 | 951 |5425 |5425 |   0 |  0 |   0 |  37 | 4.100000e+01 | 9.790000e+01 | 138.78%| unknown
  891s|126800 | 94267 | 16357k| 129.0 |   209M | 247 | 951 |5425 |5425 |   0 |  0 |   0 |  37 | 4.100000e+01 | 9.790000e+01 | 138.78%| unknown
  892s|126900 | 94345 | 16367k| 129.0 |   209M | 247 | 951 |5425 |5425 |   0 |  0 |   0 |  37 | 4.100000e+01 | 9.790000e+01 | 138.78%| unknown
  893s|127000 | 94409 | 16376k| 128.9 |   210M | 247 | 951 |5425 |5425 |   0 |  0 |   0 |  37 | 4.100000e+01 | 9.790000e+01 | 138.78%| unknown
  894s|127100 | 94473 | 16399k| 129.0 |   211M | 247 | 951 |5425 |5425 |   0 |  0 |   0 |  37 | 4.100000e+01 | 9.790000e+01 | 138.78%| unknown
  895s|127200 | 94555 | 16420k| 129.1 |   211M | 247 | 951 |5425 |5425 |   0 |  0 |   0 |  37 | 4.100000e+01 | 9.790000e+01 | 138.78%| unknown
  896s|127300 | 94631 | 16438k| 129.1 |   211M | 247 | 951 |5425 |5425 |   0 |  0 |   0 |  37 | 4.100000e+01 | 9.790000e+01 | 138.78%| unknown
 time | node  | left  |LP iter|LP it/n|mem/heur|mdpt |vars |cons |rows |cuts |sepa|confs|strbr|  dualbound   | primalbound  |  gap   | compl. 
  897s|127400 | 94723 | 16458k| 129.2 |   211M | 247 | 951 |5425 |5425 |   0 |  0 |   0 |  37 | 4.100000e+01 | 9.790000e+01 | 138.78%| unknown
  898s|127500 | 94793 | 16482k| 129.3 |   211M | 247 | 951 |5425 |5425 |   0 |  0 |   0 |  37 | 4.100000e+01 | 9.790000e+01 | 138.78%| unknown
  899s|127600 | 94871 | 16501k| 129.3 |   211M | 247 | 951 |5425 |5425 |   0 |  0 |   0 |  37 | 4.100000e+01 | 9.790000e+01 | 138.78%| unknown
  900s|127700 | 94959 | 16517k| 129.3 |   212M | 247 | 951 |5425 |5425 |   0 |  0 |   0 |  37 | 4.100000e+01 | 9.790000e+01 | 138.78%| unknown
  901s|127800 | 95031 | 16539k| 129.4 |   212M | 247 | 951 |5425 |5425 |   0 |  0 |   0 |  37 | 4.100000e+01 | 9.790000e+01 | 138.78%| unknown
  902s|127900 | 95109 | 16559k| 129.5 |   212M | 247 | 951 |5425 |5425 |   0 |  0 |   0 |  37 | 4.100000e+01 | 9.790000e+01 | 138.78%| unknown
  902s|128000 | 95193 | 16575k| 129.5 |   213M | 247 | 951 |5425 |5425 |   0 |  0 |   0 |  37 | 4.100000e+01 | 9.790000e+01 | 138.78%| unknown
  903s|128100 | 95269 | 16594k| 129.5 |   213M | 247 | 951 |5425 |5425 |   0 |  0 |   0 |  37 | 4.100000e+01 | 9.790000e+01 | 138.78%| unknown
  905s|128200 | 95339 | 16618k| 129.6 |   213M | 247 | 951 |5425 |5425 |   0 |  0 |   0 |  37 | 4.100000e+01 | 9.790000e+01 | 138.78%| unknown
  905s|128300 | 95429 | 16633k| 129.6 |   213M | 247 | 951 |5425 |5425 |   0 |  0 |   0 |  37 | 4.100000e+01 | 9.790000e+01 | 138.78%| unknown
  907s|128400 | 95501 | 16663k| 129.8 |   213M | 247 | 951 |5425 |5425 |   0 |  0 |   0 |  37 | 4.100000e+01 | 9.790000e+01 | 138.78%| unknown
  908s|128500 | 95565 | 16683k| 129.8 |   213M | 247 | 951 |5425 |5425 |   0 |  0 |   0 |  37 | 4.100000e+01 | 9.790000e+01 | 138.78%| unknown
  910s|128600 | 95639 | 16723k| 130.0 |   213M | 247 | 951 |5425 |5425 |   0 |  0 |   0 |  37 | 4.100000e+01 | 9.790000e+01 | 138.78%| unknown
  911s|128700 | 95723 | 16736k| 130.0 |   213M | 247 | 951 |5425 |5425 |   0 |  0 |   0 |  37 | 4.100000e+01 | 9.790000e+01 | 138.78%| unknown
  912s|128800 | 95799 | 16761k| 130.1 |   213M | 247 | 951 |5425 |5425 |   0 |  0 |   0 |  37 | 4.100000e+01 | 9.790000e+01 | 138.78%| unknown
 time | node  | left  |LP iter|LP it/n|mem/heur|mdpt |vars |cons |rows |cuts |sepa|confs|strbr|  dualbound   | primalbound  |  gap   | compl. 
  912s|128900 | 95865 | 16774k| 130.1 |   213M | 247 | 951 |5425 |5425 |   0 |  0 |   0 |  37 | 4.100000e+01 | 9.790000e+01 | 138.78%| unknown
  913s|129000 | 95933 | 16775k| 130.0 |   213M | 247 | 951 |5425 |5425 |   0 |  0 |   0 |  37 | 4.100000e+01 | 9.790000e+01 | 138.78%| unknown
  913s|129100 | 96003 | 16777k| 130.0 |   214M | 247 | 951 |5425 |5425 |   0 |  0 |   0 |  37 | 4.100000e+01 | 9.790000e+01 | 138.78%| unknown
  913s|129200 | 96071 | 16778k| 129.9 |   214M | 247 | 951 |5425 |5425 |   0 |  0 |   0 |  37 | 4.100000e+01 | 9.790000e+01 | 138.78%| unknown
  913s|129300 | 96161 | 16780k| 129.8 |   214M | 247 | 951 |5425 |5425 |   0 |  0 |   0 |  37 | 4.100000e+01 | 9.790000e+01 | 138.78%| unknown
  913s|129400 | 96227 | 16781k| 129.7 |   214M | 247 | 951 |5425 |5425 |   0 |  0 |   0 |  37 | 4.100000e+01 | 9.790000e+01 | 138.78%| unknown
  914s|129500 | 96291 | 16783k| 129.6 |   214M | 247 | 951 |5425 |5425 |   0 |  0 |   0 |  37 | 4.100000e+01 | 9.790000e+01 | 138.78%| unknown
  914s|129600 | 96351 | 16784k| 129.5 |   214M | 247 | 951 |5425 |5425 |   0 |  0 |   0 |  37 | 4.100000e+01 | 9.790000e+01 | 138.78%| unknown
  914s|129700 | 96423 | 16786k| 129.4 |   214M | 247 | 951 |5425 |5425 |   0 |  0 |   0 |  37 | 4.100000e+01 | 9.790000e+01 | 138.78%| unknown
  914s|129800 | 96487 | 16788k| 129.3 |   214M | 247 | 951 |5425 |5425 |   0 |  0 |   0 |  37 | 4.100000e+01 | 9.790000e+01 | 138.78%| unknown
  914s|129900 | 96545 | 16789k| 129.2 |   214M | 247 | 951 |5425 |5425 |   0 |  0 |   0 |  37 | 4.100000e+01 | 9.790000e+01 | 138.78%| unknown
  915s|130000 | 96617 | 16791k| 129.2 |   215M | 247 | 951 |5425 |5425 |   0 |  0 |   0 |  37 | 4.100000e+01 | 9.790000e+01 | 138.78%| unknown
  915s|130100 | 96693 | 16793k| 129.1 |   215M | 247 | 951 |5425 |5425 |   0 |  0 |   0 |  37 | 4.100000e+01 | 9.790000e+01 | 138.78%| unknown
  915s|130200 | 96765 | 16795k| 129.0 |   215M | 247 | 951 |5425 |5425 |   0 |  0 |   0 |  37 | 4.100000e+01 | 9.790000e+01 | 138.78%| unknown
  915s|130300 | 96831 | 16796k| 128.9 |   216M | 247 | 951 |5425 |5425 |   0 |  0 |   0 |  37 | 4.100000e+01 | 9.790000e+01 | 138.78%| unknown
 time | node  | left  |LP iter|LP it/n|mem/heur|mdpt |vars |cons |rows |cuts |sepa|confs|strbr|  dualbound   | primalbound  |  gap   | compl. 
  915s|130400 | 96903 | 16798k| 128.8 |   216M | 247 | 951 |5425 |5425 |   0 |  0 |   0 |  37 | 4.100000e+01 | 9.790000e+01 | 138.78%| unknown
  916s|130500 | 96973 | 16800k| 128.7 |   216M | 247 | 951 |5425 |5425 |   0 |  0 |   0 |  37 | 4.100000e+01 | 9.790000e+01 | 138.78%| unknown
  916s|130600 | 97037 | 16802k| 128.6 |   216M | 247 | 951 |5425 |5425 |   0 |  0 |   0 |  37 | 4.100000e+01 | 9.790000e+01 | 138.78%| unknown
  916s|130700 | 97111 | 16803k| 128.6 |   216M | 247 | 951 |5425 |5425 |   0 |  0 |   0 |  37 | 4.100000e+01 | 9.790000e+01 | 138.78%| unknown
  916s|130800 | 97193 | 16804k| 128.5 |   216M | 247 | 951 |5425 |5425 |   0 |  0 |   0 |  37 | 4.100000e+01 | 9.790000e+01 | 138.78%| unknown
  916s|130900 | 97247 | 16805k| 128.4 |   216M | 247 | 951 |5425 |5425 |   0 |  0 |   0 |  37 | 4.100000e+01 | 9.790000e+01 | 138.78%| unknown
  916s|131000 | 97321 | 16807k| 128.3 |   216M | 247 | 951 |5425 |5425 |   0 |  0 |   0 |  37 | 4.100000e+01 | 9.790000e+01 | 138.78%| unknown
  917s|131100 | 97383 | 16808k| 128.2 |   216M | 247 | 951 |5425 |5425 |   0 |  0 |   0 |  37 | 4.100000e+01 | 9.790000e+01 | 138.78%| unknown
  917s|131200 | 97451 | 16810k| 128.1 |   216M | 247 | 951 |5425 |5425 |   0 |  0 |   0 |  37 | 4.100000e+01 | 9.790000e+01 | 138.78%| unknown
  917s|131300 | 97531 | 16812k| 128.0 |   216M | 247 | 951 |5425 |5425 |   0 |  0 |   0 |  37 | 4.100000e+01 | 9.790000e+01 | 138.78%| unknown
  917s|131400 | 97611 | 16813k| 128.0 |   217M | 247 | 951 |5425 |5425 |   0 |  0 |   0 |  37 | 4.100000e+01 | 9.790000e+01 | 138.78%| unknown
  918s|131500 | 97675 | 16818k| 127.9 |   217M | 247 | 951 |5425 |5425 |   0 |  0 |   0 |  37 | 4.100000e+01 | 9.790000e+01 | 138.78%| unknown
  919s|131600 | 97765 | 16837k| 127.9 |   217M | 247 | 951 |5425 |5425 |   0 |  0 |   0 |  37 | 4.100000e+01 | 9.790000e+01 | 138.78%| unknown
  919s|131700 | 97861 | 16848k| 127.9 |   217M | 247 | 951 |5425 |5425 |   0 |  0 |   0 |  37 | 4.100000e+01 | 9.790000e+01 | 138.78%| unknown
  920s|131800 | 97947 | 16863k| 127.9 |   217M | 247 | 951 |5425 |5425 |   0 |  0 |   0 |  37 | 4.100000e+01 | 9.790000e+01 | 138.78%| unknown
 time | node  | left  |LP iter|LP it/n|mem/heur|mdpt |vars |cons |rows |cuts |sepa|confs|strbr|  dualbound   | primalbound  |  gap   | compl. 
  920s|131900 | 98023 | 16864k| 127.9 |   217M | 247 | 951 |5425 |5425 |   0 |  0 |   0 |  37 | 4.100000e+01 | 9.790000e+01 | 138.78%| unknown
  920s|132000 | 98099 | 16865k| 127.8 |   217M | 247 | 951 |5425 |5425 |   0 |  0 |   0 |  37 | 4.100000e+01 | 9.790000e+01 | 138.78%| unknown
  921s|132100 | 98165 | 16866k| 127.7 |   217M | 247 | 951 |5425 |5425 |   0 |  0 |   0 |  37 | 4.100000e+01 | 9.790000e+01 | 138.78%| unknown
  921s|132200 | 98237 | 16867k| 127.6 |   217M | 247 | 951 |5425 |5425 |   0 |  0 |   0 |  37 | 4.100000e+01 | 9.790000e+01 | 138.78%| unknown
  921s|132300 | 98319 | 16868k| 127.5 |   217M | 247 | 951 |5425 |5425 |   0 |  0 |   0 |  37 | 4.100000e+01 | 9.790000e+01 | 138.78%| unknown
  921s|132400 | 98401 | 16869k| 127.4 |   219M | 247 | 951 |5425 |5425 |   0 |  0 |   0 |  37 | 4.100000e+01 | 9.790000e+01 | 138.78%| unknown
  921s|132500 | 98483 | 16870k| 127.3 |   219M | 247 | 951 |5425 |5425 |   0 |  0 |   0 |  37 | 4.100000e+01 | 9.790000e+01 | 138.78%| unknown
  921s|132600 | 98563 | 16872k| 127.2 |   219M | 247 | 951 |5425 |5425 |   0 |  0 |   0 |  37 | 4.100000e+01 | 9.790000e+01 | 138.78%| unknown
  922s|132700 | 98647 | 16872k| 127.1 |   219M | 247 | 951 |5425 |5425 |   0 |  0 |   0 |  37 | 4.100000e+01 | 9.790000e+01 | 138.78%| unknown
  922s|132800 | 98725 | 16874k| 127.1 |   219M | 247 | 951 |5425 |5425 |   0 |  0 |   0 |  37 | 4.100000e+01 | 9.790000e+01 | 138.78%| unknown
  922s|132900 | 98789 | 16875k| 127.0 |   219M | 247 | 951 |5425 |5425 |   0 |  0 |   0 |  37 | 4.100000e+01 | 9.790000e+01 | 138.78%| unknown
  922s|133000 | 98865 | 16877k| 126.9 |   219M | 247 | 951 |5425 |5425 |   0 |  0 |   0 |  37 | 4.100000e+01 | 9.790000e+01 | 138.78%| unknown
  922s|133100 | 98927 | 16879k| 126.8 |   219M | 247 | 951 |5425 |5425 |   0 |  0 |   0 |  37 | 4.100000e+01 | 9.790000e+01 | 138.78%| unknown
  923s|133200 | 98985 | 16881k| 126.7 |   219M | 247 | 951 |5425 |5425 |   0 |  0 |   0 |  37 | 4.100000e+01 | 9.790000e+01 | 138.78%| unknown
  923s|133300 | 99061 | 16882k| 126.6 |   219M | 247 | 951 |5425 |5425 |   0 |  0 |   0 |  37 | 4.100000e+01 | 9.790000e+01 | 138.78%| unknown
 time | node  | left  |LP iter|LP it/n|mem/heur|mdpt |vars |cons |rows |cuts |sepa|confs|strbr|  dualbound   | primalbound  |  gap   | compl. 
  923s|133400 | 99131 | 16884k| 126.6 |   219M | 247 | 951 |5425 |5425 |   0 |  0 |   0 |  37 | 4.100000e+01 | 9.790000e+01 | 138.78%| unknown
  923s|133500 | 99187 | 16886k| 126.5 |   220M | 247 | 951 |5425 |5425 |   0 |  0 |   0 |  37 | 4.100000e+01 | 9.790000e+01 | 138.78%| unknown
  923s|133600 | 99247 | 16888k| 126.4 |   220M | 247 | 951 |5425 |5425 |   0 |  0 |   0 |  37 | 4.100000e+01 | 9.790000e+01 | 138.78%| unknown
  925s|133700 | 99323 | 16927k| 126.6 |   220M | 247 | 951 |5425 |5425 |   0 |  0 |   0 |  37 | 4.100000e+01 | 9.790000e+01 | 138.78%| unknown
  927s|133800 | 99393 | 16948k| 126.7 |   220M | 247 | 951 |5425 |5425 |   0 |  0 |   0 |  37 | 4.100000e+01 | 9.790000e+01 | 138.78%| unknown
  927s|133900 | 99467 | 16950k| 126.6 |   221M | 247 | 951 |5425 |5425 |   0 |  0 |   0 |  37 | 4.100000e+01 | 9.790000e+01 | 138.78%| unknown
  927s|134000 | 99541 | 16952k| 126.5 |   221M | 247 | 951 |5425 |5425 |   0 |  0 |   0 |  37 | 4.100000e+01 | 9.790000e+01 | 138.78%| unknown
  927s|134100 | 99591 | 16954k| 126.4 |   221M | 247 | 951 |5425 |5425 |   0 |  0 |   0 |  37 | 4.100000e+01 | 9.790000e+01 | 138.78%| unknown
  928s|134200 | 99679 | 16967k| 126.4 |   221M | 247 | 951 |5425 |5425 |   0 |  0 |   0 |  37 | 4.100000e+01 | 9.790000e+01 | 138.78%| unknown
  928s|134300 | 99753 | 16979k| 126.4 |   221M | 247 | 951 |5425 |5425 |   0 |  0 |   0 |  37 | 4.100000e+01 | 9.790000e+01 | 138.78%| unknown
  930s|134400 | 99821 | 17006k| 126.5 |   221M | 247 | 951 |5425 |5425 |   0 |  0 |   0 |  37 | 4.100000e+01 | 9.790000e+01 | 138.78%| unknown
  931s|134500 | 99907 | 17026k| 126.6 |   221M | 247 | 951 |5425 |5425 |   0 |  0 |   0 |  37 | 4.100000e+01 | 9.790000e+01 | 138.78%| unknown
  932s|134600 | 99983 | 17045k| 126.6 |   222M | 247 | 951 |5425 |5425 |   0 |  0 |   0 |  37 | 4.100000e+01 | 9.790000e+01 | 138.78%| unknown
  933s|134700 |100063 | 17074k| 126.8 |   222M | 247 | 951 |5425 |5425 |   0 |  0 |   0 |  37 | 4.100000e+01 | 9.790000e+01 | 138.78%| unknown
  934s|134800 |100143 | 17094k| 126.8 |   222M | 247 | 951 |5425 |5425 |   0 |  0 |   0 |  37 | 4.100000e+01 | 9.790000e+01 | 138.78%| unknown
 time | node  | left  |LP iter|LP it/n|mem/heur|mdpt |vars |cons |rows |cuts |sepa|confs|strbr|  dualbound   | primalbound  |  gap   | compl. 
  935s|134900 |100211 | 17099k| 126.7 |   222M | 247 | 951 |5425 |5425 |   0 |  0 |   0 |  37 | 4.100000e+01 | 9.790000e+01 | 138.78%| unknown
  935s|135000 |100277 | 17100k| 126.7 |   222M | 247 | 951 |5425 |5425 |   0 |  0 |   0 |  37 | 4.100000e+01 | 9.790000e+01 | 138.78%| unknown
  935s|135100 |100355 | 17102k| 126.6 |   222M | 247 | 951 |5425 |5425 |   0 |  0 |   0 |  37 | 4.100000e+01 | 9.790000e+01 | 138.78%| unknown
  935s|135200 |100425 | 17104k| 126.5 |   222M | 247 | 951 |5425 |5425 |   0 |  0 |   0 |  37 | 4.100000e+01 | 9.790000e+01 | 138.78%| unknown
  935s|135300 |100493 | 17106k| 126.4 |   222M | 247 | 951 |5425 |5425 |   0 |  0 |   0 |  37 | 4.100000e+01 | 9.790000e+01 | 138.78%| unknown
  936s|135400 |100561 | 17107k| 126.3 |   222M | 247 | 951 |5425 |5425 |   0 |  0 |   0 |  37 | 4.100000e+01 | 9.790000e+01 | 138.78%| unknown
  936s|135500 |100623 | 17109k| 126.3 |   222M | 247 | 951 |5425 |5425 |   0 |  0 |   0 |  37 | 4.100000e+01 | 9.790000e+01 | 138.78%| unknown
  936s|135600 |100669 | 17112k| 126.2 |   222M | 247 | 951 |5425 |5425 |   0 |  0 |   0 |  37 | 4.100000e+01 | 9.790000e+01 | 138.78%| unknown
  936s|135700 |100737 | 17114k| 126.1 |   222M | 247 | 951 |5425 |5425 |   0 |  0 |   0 |  37 | 4.100000e+01 | 9.790000e+01 | 138.78%| unknown
  936s|135800 |100815 | 17115k| 126.0 |   223M | 247 | 951 |5425 |5425 |   0 |  0 |   0 |  37 | 4.100000e+01 | 9.790000e+01 | 138.78%| unknown
  937s|135900 |100899 | 17127k| 126.0 |   223M | 247 | 951 |5425 |5425 |   0 |  0 |   0 |  37 | 4.100000e+01 | 9.790000e+01 | 138.78%| unknown
  938s|136000 |100971 | 17146k| 126.1 |   223M | 247 | 951 |5425 |5425 |   0 |  0 |   0 |  37 | 4.100000e+01 | 9.790000e+01 | 138.78%| unknown
  939s|136100 |101029 | 17169k| 126.1 |   223M | 247 | 951 |5425 |5425 |   0 |  0 |   0 |  37 | 4.100000e+01 | 9.790000e+01 | 138.78%| unknown
  940s|136200 |101101 | 17192k| 126.2 |   223M | 247 | 951 |5425 |5425 |   0 |  0 |   0 |  37 | 4.100000e+01 | 9.790000e+01 | 138.78%| unknown
  942s|136300 |101171 | 17213k| 126.3 |   223M | 247 | 951 |5425 |5425 |   0 |  0 |   0 |  37 | 4.100000e+01 | 9.790000e+01 | 138.78%| unknown
 time | node  | left  |LP iter|LP it/n|mem/heur|mdpt |vars |cons |rows |cuts |sepa|confs|strbr|  dualbound   | primalbound  |  gap   | compl. 
  943s|136400 |101247 | 17233k| 126.3 |   223M | 247 | 951 |5425 |5425 |   0 |  0 |   0 |  37 | 4.100000e+01 | 9.790000e+01 | 138.78%| unknown
  944s|136500 |101313 | 17253k| 126.4 |   224M | 247 | 951 |5425 |5425 |   0 |  0 |   0 |  37 | 4.100000e+01 | 9.790000e+01 | 138.78%| unknown
  945s|136600 |101397 | 17276k| 126.5 |   224M | 247 | 951 |5425 |5425 |   0 |  0 |   0 |  37 | 4.100000e+01 | 9.790000e+01 | 138.78%| unknown
  946s|136700 |101467 | 17298k| 126.5 |   224M | 247 | 951 |5425 |5425 |   0 |  0 |   0 |  37 | 4.100000e+01 | 9.790000e+01 | 138.78%| unknown
  947s|136800 |101539 | 17317k| 126.6 |   224M | 247 | 951 |5425 |5425 |   0 |  0 |   0 |  37 | 4.100000e+01 | 9.790000e+01 | 138.78%| unknown
  948s|136900 |101615 | 17338k| 126.6 |   225M | 247 | 951 |5425 |5425 |   0 |  0 |   0 |  37 | 4.100000e+01 | 9.790000e+01 | 138.78%| unknown
  949s|137000 |101693 | 17361k| 126.7 |   225M | 247 | 951 |5425 |5425 |   0 |  0 |   0 |  37 | 4.100000e+01 | 9.790000e+01 | 138.78%| unknown
  950s|137100 |101767 | 17384k| 126.8 |   225M | 247 | 951 |5425 |5425 |   0 |  0 |   0 |  37 | 4.100000e+01 | 9.790000e+01 | 138.78%| unknown
  951s|137200 |101837 | 17411k| 126.9 |   225M | 247 | 951 |5425 |5425 |   0 |  0 |   0 |  37 | 4.100000e+01 | 9.790000e+01 | 138.78%| unknown
  952s|137300 |101897 | 17428k| 126.9 |   225M | 247 | 951 |5425 |5425 |   0 |  0 |   0 |  37 | 4.100000e+01 | 9.790000e+01 | 138.78%| unknown
  953s|137400 |101975 | 17442k| 126.9 |   225M | 247 | 951 |5425 |5425 |   0 |  0 |   0 |  37 | 4.100000e+01 | 9.790000e+01 | 138.78%| unknown
  954s|137500 |102055 | 17461k| 127.0 |   226M | 247 | 951 |5425 |5425 |   0 |  0 |   0 |  37 | 4.100000e+01 | 9.790000e+01 | 138.78%| unknown
  955s|137600 |102119 | 17483k| 127.1 |   226M | 247 | 951 |5425 |5425 |   0 |  0 |   0 |  37 | 4.100000e+01 | 9.790000e+01 | 138.78%| unknown
  955s|137700 |102189 | 17485k| 127.0 |   226M | 247 | 951 |5425 |5425 |   0 |  0 |   0 |  37 | 4.100000e+01 | 9.790000e+01 | 138.78%| unknown
  956s|137800 |102261 | 17486k| 126.9 |   226M | 247 | 951 |5425 |5425 |   0 |  0 |   0 |  37 | 4.100000e+01 | 9.790000e+01 | 138.78%| unknown
 time | node  | left  |LP iter|LP it/n|mem/heur|mdpt |vars |cons |rows |cuts |sepa|confs|strbr|  dualbound   | primalbound  |  gap   | compl. 
  956s|137900 |102337 | 17488k| 126.8 |   226M | 247 | 951 |5425 |5425 |   0 |  0 |   0 |  37 | 4.100000e+01 | 9.790000e+01 | 138.78%| unknown
  957s|138000 |102415 | 17506k| 126.8 |   227M | 247 | 951 |5425 |5425 |   0 |  0 |   0 |  37 | 4.100000e+01 | 9.790000e+01 | 138.78%| unknown
  957s|138100 |102487 | 17519k| 126.9 |   227M | 247 | 951 |5425 |5425 |   0 |  0 |   0 |  37 | 4.100000e+01 | 9.790000e+01 | 138.78%| unknown
  958s|138200 |102551 | 17539k| 126.9 |   227M | 247 | 951 |5425 |5425 |   0 |  0 |   0 |  37 | 4.100000e+01 | 9.790000e+01 | 138.78%| unknown
  960s|138300 |102609 | 17563k| 127.0 |   227M | 247 | 951 |5425 |5425 |   0 |  0 |   0 |  37 | 4.100000e+01 | 9.790000e+01 | 138.78%| unknown
  961s|138400 |102683 | 17585k| 127.1 |   227M | 247 | 951 |5425 |5425 |   0 |  0 |   0 |  37 | 4.100000e+01 | 9.790000e+01 | 138.78%| unknown
  962s|138500 |102747 | 17602k| 127.1 |   227M | 247 | 951 |5425 |5425 |   0 |  0 |   0 |  37 | 4.100000e+01 | 9.790000e+01 | 138.78%| unknown
  962s|138600 |102839 | 17615k| 127.1 |   227M | 247 | 951 |5425 |5425 |   0 |  0 |   0 |  37 | 4.100000e+01 | 9.790000e+01 | 138.78%| unknown
  963s|138700 |102903 | 17638k| 127.2 |   227M | 247 | 951 |5425 |5425 |   0 |  0 |   0 |  37 | 4.100000e+01 | 9.790000e+01 | 138.78%| unknown
  964s|138800 |102977 | 17652k| 127.2 |   227M | 247 | 951 |5425 |5425 |   0 |  0 |   0 |  37 | 4.100000e+01 | 9.790000e+01 | 138.78%| unknown
  965s|138900 |103041 | 17661k| 127.1 |   227M | 247 | 951 |5425 |5425 |   0 |  0 |   0 |  37 | 4.100000e+01 | 9.790000e+01 | 138.78%| unknown
  966s|139000 |103113 | 17679k| 127.2 |   227M | 247 | 951 |5425 |5425 |   0 |  0 |   0 |  37 | 4.100000e+01 | 9.790000e+01 | 138.78%| unknown
  967s|139100 |103189 | 17704k| 127.3 |   228M | 247 | 951 |5425 |5425 |   0 |  0 |   0 |  37 | 4.100000e+01 | 9.790000e+01 | 138.78%| unknown
  969s|139200 |103263 | 17740k| 127.4 |   228M | 247 | 951 |5425 |5425 |   0 |  0 |   0 |  37 | 4.100000e+01 | 9.790000e+01 | 138.78%| unknown
  970s|139300 |103321 | 17765k| 127.5 |   228M | 247 | 951 |5425 |5425 |   0 |  0 |   0 |  37 | 4.100000e+01 | 9.790000e+01 | 138.78%| unknown
 time | node  | left  |LP iter|LP it/n|mem/heur|mdpt |vars |cons |rows |cuts |sepa|confs|strbr|  dualbound   | primalbound  |  gap   | compl. 
  971s|139400 |103373 | 17791k| 127.6 |   228M | 247 | 951 |5425 |5425 |   0 |  0 |   0 |  37 | 4.100000e+01 | 9.790000e+01 | 138.78%| unknown
  972s|139500 |103453 | 17810k| 127.7 |   228M | 247 | 951 |5425 |5425 |   0 |  0 |   0 |  37 | 4.100000e+01 | 9.790000e+01 | 138.78%| unknown
  973s|139600 |103523 | 17827k| 127.7 |   228M | 247 | 951 |5425 |5425 |   0 |  0 |   0 |  37 | 4.100000e+01 | 9.790000e+01 | 138.78%| unknown
  974s|139700 |103597 | 17846k| 127.7 |   228M | 247 | 951 |5425 |5425 |   0 |  0 |   0 |  37 | 4.100000e+01 | 9.790000e+01 | 138.78%| unknown
  975s|139800 |103673 | 17859k| 127.7 |   228M | 247 | 951 |5425 |5425 |   0 |  0 |   0 |  37 | 4.100000e+01 | 9.790000e+01 | 138.78%| unknown
  976s|139900 |103747 | 17878k| 127.8 |   228M | 247 | 951 |5425 |5425 |   0 |  0 |   0 |  37 | 4.100000e+01 | 9.790000e+01 | 138.78%| unknown
  977s|140000 |103823 | 17903k| 127.9 |   228M | 247 | 951 |5425 |5425 |   0 |  0 |   0 |  37 | 4.100000e+01 | 9.790000e+01 | 138.78%| unknown
  979s|140100 |103899 | 17939k| 128.0 |   228M | 247 | 951 |5425 |5425 |   0 |  0 |   0 |  37 | 4.100000e+01 | 9.790000e+01 | 138.78%| unknown
  979s|140200 |103957 | 17953k| 128.1 |   229M | 247 | 951 |5425 |5425 |   0 |  0 |   0 |  37 | 4.100000e+01 | 9.790000e+01 | 138.78%| unknown
  979s|140300 |104011 | 17955k| 128.0 |   230M | 247 | 951 |5425 |5425 |   0 |  0 |   0 |  37 | 4.100000e+01 | 9.790000e+01 | 138.78%| unknown
  980s|140400 |104083 | 17971k| 128.0 |   230M | 247 | 951 |5425 |5425 |   0 |  0 |   0 |  37 | 4.100000e+01 | 9.790000e+01 | 138.78%| unknown
  982s|140500 |104153 | 17995k| 128.1 |   231M | 247 | 951 |5425 |5425 |   0 |  0 |   0 |  37 | 4.100000e+01 | 9.790000e+01 | 138.78%| unknown
  983s|140600 |104219 | 18034k| 128.3 |   231M | 247 | 951 |5425 |5425 |   0 |  0 |   0 |  37 | 4.100000e+01 | 9.790000e+01 | 138.78%| unknown
  984s|140700 |104285 | 18036k| 128.2 |   231M | 247 | 951 |5425 |5425 |   0 |  0 |   0 |  37 | 4.100000e+01 | 9.790000e+01 | 138.78%| unknown
  985s|140800 |104345 | 18054k| 128.2 |   231M | 247 | 951 |5425 |5425 |   0 |  0 |   0 |  37 | 4.100000e+01 | 9.790000e+01 | 138.78%| unknown
 time | node  | left  |LP iter|LP it/n|mem/heur|mdpt |vars |cons |rows |cuts |sepa|confs|strbr|  dualbound   | primalbound  |  gap   | compl. 
  986s|140900 |104417 | 18084k| 128.3 |   231M | 247 | 951 |5425 |5425 |   0 |  0 |   0 |  37 | 4.100000e+01 | 9.790000e+01 | 138.78%| unknown
  987s|141000 |104485 | 18107k| 128.4 |   231M | 247 | 951 |5425 |5425 |   0 |  0 |   0 |  37 | 4.100000e+01 | 9.790000e+01 | 138.78%| unknown
  988s|141100 |104551 | 18123k| 128.4 |   231M | 247 | 951 |5425 |5425 |   0 |  0 |   0 |  37 | 4.100000e+01 | 9.790000e+01 | 138.78%| unknown
  989s|141200 |104639 | 18142k| 128.5 |   231M | 247 | 951 |5425 |5425 |   0 |  0 |   0 |  37 | 4.100000e+01 | 9.790000e+01 | 138.78%| unknown
  990s|141300 |104707 | 18165k| 128.6 |   231M | 247 | 951 |5425 |5425 |   0 |  0 |   0 |  37 | 4.100000e+01 | 9.790000e+01 | 138.78%| unknown
  991s|141400 |104789 | 18185k| 128.6 |   232M | 247 | 951 |5425 |5425 |   0 |  0 |   0 |  37 | 4.100000e+01 | 9.790000e+01 | 138.78%| unknown
  991s|141500 |104859 | 18187k| 128.5 |   232M | 247 | 951 |5425 |5425 |   0 |  0 |   0 |  37 | 4.100000e+01 | 9.790000e+01 | 138.78%| unknown
  992s|141600 |104935 | 18189k| 128.4 |   232M | 247 | 951 |5425 |5425 |   0 |  0 |   0 |  37 | 4.100000e+01 | 9.790000e+01 | 138.78%| unknown
  992s|141700 |105015 | 18190k| 128.4 |   232M | 247 | 951 |5425 |5425 |   0 |  0 |   0 |  37 | 4.100000e+01 | 9.790000e+01 | 138.78%| unknown
  992s|141800 |105087 | 18191k| 128.3 |   232M | 247 | 951 |5425 |5425 |   0 |  0 |   0 |  37 | 4.100000e+01 | 9.790000e+01 | 138.78%| unknown
  992s|141900 |105161 | 18193k| 128.2 |   232M | 247 | 951 |5425 |5425 |   0 |  0 |   0 |  37 | 4.100000e+01 | 9.790000e+01 | 138.78%| unknown
  992s|142000 |105237 | 18194k| 128.1 |   232M | 247 | 951 |5425 |5425 |   0 |  0 |   0 |  37 | 4.100000e+01 | 9.790000e+01 | 138.78%| unknown
  993s|142100 |105311 | 18196k| 128.0 |   232M | 247 | 951 |5425 |5425 |   0 |  0 |   0 |  37 | 4.100000e+01 | 9.790000e+01 | 138.78%| unknown
  993s|142200 |105339 | 18211k| 128.1 |   232M | 247 | 951 |5425 |5425 |   0 |  0 |   0 |  37 | 4.100000e+01 | 9.790000e+01 | 138.78%| unknown
  995s|142300 |105393 | 18236k| 128.1 |   232M | 247 | 951 |5425 |5425 |   0 |  0 |   0 |  37 | 4.100000e+01 | 9.790000e+01 | 138.78%| unknown
 time | node  | left  |LP iter|LP it/n|mem/heur|mdpt |vars |cons |rows |cuts |sepa|confs|strbr|  dualbound   | primalbound  |  gap   | compl. 
  996s|142400 |105457 | 18264k| 128.3 |   232M | 247 | 951 |5425 |5425 |   0 |  0 |   0 |  37 | 4.100000e+01 | 9.790000e+01 | 138.78%| unknown
  997s|142500 |105531 | 18281k| 128.3 |   232M | 247 | 951 |5425 |5425 |   0 |  0 |   0 |  37 | 4.100000e+01 | 9.790000e+01 | 138.78%| unknown
  998s|142600 |105595 | 18300k| 128.3 |   233M | 247 | 951 |5425 |5425 |   0 |  0 |   0 |  37 | 4.100000e+01 | 9.790000e+01 | 138.78%| unknown
 1000s|142700 |105663 | 18332k| 128.5 |   233M | 247 | 951 |5425 |5425 |   0 |  0 |   0 |  37 | 4.100000e+01 | 9.790000e+01 | 138.78%| unknown
 1001s|142800 |105721 | 18362k| 128.6 |   233M | 247 | 951 |5425 |5425 |   0 |  0 |   0 |  37 | 4.100000e+01 | 9.790000e+01 | 138.78%| unknown
 1002s|142900 |105781 | 18389k| 128.7 |   233M | 247 | 951 |5425 |5425 |   0 |  0 |   0 |  37 | 4.100000e+01 | 9.790000e+01 | 138.78%| unknown
 1004s|143000 |105837 | 18419k| 128.8 |   233M | 247 | 951 |5425 |5425 |   0 |  0 |   0 |  37 | 4.100000e+01 | 9.790000e+01 | 138.78%| unknown
 1005s|143100 |105897 | 18436k| 128.8 |   233M | 247 | 951 |5425 |5425 |   0 |  0 |   0 |  37 | 4.100000e+01 | 9.790000e+01 | 138.78%| unknown
 1006s|143200 |105959 | 18457k| 128.9 |   233M | 247 | 951 |5425 |5425 |   0 |  0 |   0 |  37 | 4.100000e+01 | 9.790000e+01 | 138.78%| unknown
 1006s|143300 |106045 | 18459k| 128.8 |   233M | 247 | 951 |5425 |5425 |   0 |  0 |   0 |  37 | 4.100000e+01 | 9.790000e+01 | 138.78%| unknown
 1006s|143400 |106115 | 18460k| 128.7 |   233M | 247 | 951 |5425 |5425 |   0 |  0 |   0 |  37 | 4.100000e+01 | 9.790000e+01 | 138.78%| unknown
 1007s|143500 |106175 | 18461k| 128.6 |   233M | 247 | 951 |5425 |5425 |   0 |  0 |   0 |  37 | 4.100000e+01 | 9.790000e+01 | 138.78%| unknown
 1007s|143600 |106235 | 18462k| 128.6 |   234M | 247 | 951 |5425 |5425 |   0 |  0 |   0 |  37 | 4.100000e+01 | 9.790000e+01 | 138.78%| unknown
 1007s|143700 |106303 | 18464k| 128.5 |   234M | 247 | 951 |5425 |5425 |   0 |  0 |   0 |  37 | 4.100000e+01 | 9.790000e+01 | 138.78%| unknown
 1007s|143800 |106365 | 18466k| 128.4 |   235M | 247 | 951 |5425 |5425 |   0 |  0 |   0 |  37 | 4.100000e+01 | 9.790000e+01 | 138.78%| unknown
 time | node  | left  |LP iter|LP it/n|mem/heur|mdpt |vars |cons |rows |cuts |sepa|confs|strbr|  dualbound   | primalbound  |  gap   | compl. 
 1007s|143900 |106425 | 18468k| 128.3 |   235M | 247 | 951 |5425 |5425 |   0 |  0 |   0 |  37 | 4.100000e+01 | 9.790000e+01 | 138.78%| unknown
 1007s|144000 |106489 | 18469k| 128.3 |   235M | 247 | 951 |5425 |5425 |   0 |  0 |   0 |  37 | 4.100000e+01 | 9.790000e+01 | 138.78%| unknown
 1008s|144100 |106541 | 18471k| 128.2 |   235M | 247 | 951 |5425 |5425 |   0 |  0 |   0 |  37 | 4.100000e+01 | 9.790000e+01 | 138.78%| unknown
 1008s|144200 |106613 | 18472k| 128.1 |   235M | 247 | 951 |5425 |5425 |   0 |  0 |   0 |  37 | 4.100000e+01 | 9.790000e+01 | 138.78%| unknown
 1008s|144300 |106681 | 18474k| 128.0 |   235M | 247 | 951 |5425 |5425 |   0 |  0 |   0 |  37 | 4.100000e+01 | 9.790000e+01 | 138.78%| unknown
 1008s|144400 |106747 | 18480k| 128.0 |   235M | 247 | 951 |5425 |5425 |   0 |  0 |   0 |  37 | 4.100000e+01 | 9.790000e+01 | 138.78%| unknown
 1009s|144500 |106813 | 18495k| 128.0 |   235M | 247 | 951 |5425 |5425 |   0 |  0 |   0 |  37 | 4.100000e+01 | 9.790000e+01 | 138.78%| unknown
 1010s|144600 |106883 | 18515k| 128.0 |   235M | 247 | 951 |5425 |5425 |   0 |  0 |   0 |  37 | 4.100000e+01 | 9.790000e+01 | 138.78%| unknown
 1011s|144700 |106951 | 18535k| 128.1 |   235M | 247 | 951 |5425 |5425 |   0 |  0 |   0 |  37 | 4.100000e+01 | 9.790000e+01 | 138.78%| unknown
 1012s|144800 |107021 | 18556k| 128.1 |   235M | 247 | 951 |5425 |5425 |   0 |  0 |   0 |  37 | 4.100000e+01 | 9.790000e+01 | 138.78%| unknown
 1014s|144900 |107075 | 18581k| 128.2 |   235M | 247 | 951 |5425 |5425 |   0 |  0 |   0 |  37 | 4.100000e+01 | 9.790000e+01 | 138.78%| unknown
 1015s|145000 |107129 | 18605k| 128.3 |   235M | 247 | 951 |5425 |5425 |   0 |  0 |   0 |  37 | 4.100000e+01 | 9.790000e+01 | 138.78%| unknown
 1017s|145100 |107185 | 18638k| 128.4 |   236M | 247 | 951 |5425 |5425 |   0 |  0 |   0 |  37 | 4.100000e+01 | 9.790000e+01 | 138.78%| unknown
 1018s|145200 |107231 | 18663k| 128.5 |   236M | 247 | 951 |5425 |5425 |   0 |  0 |   0 |  37 | 4.100000e+01 | 9.790000e+01 | 138.78%| unknown
 1019s|145300 |107299 | 18681k| 128.6 |   236M | 247 | 951 |5425 |5425 |   0 |  0 |   0 |  37 | 4.100000e+01 | 9.790000e+01 | 138.78%| unknown
 time | node  | left  |LP iter|LP it/n|mem/heur|mdpt |vars |cons |rows |cuts |sepa|confs|strbr|  dualbound   | primalbound  |  gap   | compl. 
 1020s|145400 |107367 | 18714k| 128.7 |   236M | 247 | 951 |5425 |5425 |   0 |  0 |   0 |  37 | 4.100000e+01 | 9.790000e+01 | 138.78%| unknown
 1021s|145500 |107441 | 18731k| 128.7 |   236M | 247 | 951 |5425 |5425 |   0 |  0 |   0 |  37 | 4.100000e+01 | 9.790000e+01 | 138.78%| unknown
 1022s|145600 |107521 | 18750k| 128.8 |   236M | 247 | 951 |5425 |5425 |   0 |  0 |   0 |  37 | 4.100000e+01 | 9.790000e+01 | 138.78%| unknown
 1023s|145700 |107589 | 18773k| 128.8 |   236M | 247 | 951 |5425 |5425 |   0 |  0 |   0 |  37 | 4.100000e+01 | 9.790000e+01 | 138.78%| unknown
 1024s|145800 |107655 | 18786k| 128.8 |   236M | 247 | 951 |5425 |5425 |   0 |  0 |   0 |  37 | 4.100000e+01 | 9.790000e+01 | 138.78%| unknown
 1025s|145900 |107721 | 18805k| 128.9 |   236M | 247 | 951 |5425 |5425 |   0 |  0 |   0 |  37 | 4.100000e+01 | 9.790000e+01 | 138.78%| unknown
 1026s|146000 |107775 | 18833k| 129.0 |   236M | 247 | 951 |5425 |5425 |   0 |  0 |   0 |  37 | 4.100000e+01 | 9.790000e+01 | 138.78%| unknown
 1027s|146100 |107853 | 18847k| 129.0 |   236M | 247 | 951 |5425 |5425 |   0 |  0 |   0 |  37 | 4.100000e+01 | 9.790000e+01 | 138.78%| unknown
 1028s|146200 |107923 | 18867k| 129.0 |   236M | 247 | 951 |5425 |5425 |   0 |  0 |   0 |  37 | 4.100000e+01 | 9.790000e+01 | 138.78%| unknown
 1030s|146300 |107979 | 18898k| 129.2 |   237M | 247 | 951 |5425 |5425 |   0 |  0 |   0 |  37 | 4.100000e+01 | 9.790000e+01 | 138.78%| unknown
 1031s|146400 |108065 | 18926k| 129.3 |   237M | 247 | 951 |5425 |5425 |   0 |  0 |   0 |  37 | 4.100000e+01 | 9.790000e+01 | 138.78%| unknown
 1032s|146500 |108127 | 18950k| 129.3 |   238M | 247 | 951 |5425 |5425 |   0 |  0 |   0 |  37 | 4.100000e+01 | 9.790000e+01 | 138.78%| unknown
 1033s|146600 |108189 | 18971k| 129.4 |   238M | 247 | 951 |5425 |5425 |   0 |  0 |   0 |  37 | 4.100000e+01 | 9.790000e+01 | 138.78%| unknown
 1034s|146700 |108259 | 18987k| 129.4 |   238M | 247 | 951 |5425 |5425 |   0 |  0 |   0 |  37 | 4.100000e+01 | 9.790000e+01 | 138.78%| unknown
 1035s|146800 |108339 | 19010k| 129.5 |   238M | 247 | 951 |5425 |5425 |   0 |  0 |   0 |  37 | 4.100000e+01 | 9.790000e+01 | 138.78%| unknown
 time | node  | left  |LP iter|LP it/n|mem/heur|mdpt |vars |cons |rows |cuts |sepa|confs|strbr|  dualbound   | primalbound  |  gap   | compl. 
 1037s|146900 |108413 | 19035k| 129.6 |   238M | 247 | 951 |5425 |5425 |   0 |  0 |   0 |  37 | 4.100000e+01 | 9.790000e+01 | 138.78%| unknown
 1038s|147000 |108487 | 19063k| 129.7 |   239M | 247 | 951 |5425 |5425 |   0 |  0 |   0 |  37 | 4.100000e+01 | 9.790000e+01 | 138.78%| unknown
 1039s|147100 |108573 | 19085k| 129.7 |   239M | 247 | 951 |5425 |5425 |   0 |  0 |   0 |  37 | 4.100000e+01 | 9.790000e+01 | 138.78%| unknown
 1040s|147200 |108643 | 19098k| 129.7 |   239M | 247 | 951 |5425 |5425 |   0 |  0 |   0 |  37 | 4.100000e+01 | 9.790000e+01 | 138.78%| unknown
 1041s|147300 |108715 | 19122k| 129.8 |   239M | 247 | 951 |5425 |5425 |   0 |  0 |   0 |  37 | 4.100000e+01 | 9.790000e+01 | 138.78%| unknown
 1042s|147400 |108795 | 19148k| 129.9 |   240M | 247 | 951 |5425 |5425 |   0 |  0 |   0 |  37 | 4.100000e+01 | 9.790000e+01 | 138.78%| unknown
 1044s|147500 |108879 | 19178k| 130.0 |   240M | 247 | 951 |5425 |5425 |   0 |  0 |   0 |  37 | 4.100000e+01 | 9.790000e+01 | 138.78%| unknown
 1045s|147600 |108961 | 19201k| 130.1 |   240M | 247 | 951 |5425 |5425 |   0 |  0 |   0 |  37 | 4.100000e+01 | 9.790000e+01 | 138.78%| unknown
 1046s|147700 |109017 | 19222k| 130.1 |   240M | 247 | 951 |5425 |5425 |   0 |  0 |   0 |  37 | 4.100000e+01 | 9.790000e+01 | 138.78%| unknown
 1047s|147800 |109093 | 19244k| 130.2 |   240M | 247 | 951 |5425 |5425 |   0 |  0 |   0 |  37 | 4.100000e+01 | 9.790000e+01 | 138.78%| unknown
 1048s|147900 |109167 | 19256k| 130.2 |   240M | 247 | 951 |5425 |5425 |   0 |  0 |   0 |  37 | 4.100000e+01 | 9.790000e+01 | 138.78%| unknown
 1048s|148000 |109257 | 19270k| 130.2 |   240M | 247 | 951 |5425 |5425 |   0 |  0 |   0 |  37 | 4.100000e+01 | 9.790000e+01 | 138.78%| unknown
 1049s|148100 |109325 | 19289k| 130.2 |   240M | 247 | 951 |5425 |5425 |   0 |  0 |   0 |  37 | 4.100000e+01 | 9.790000e+01 | 138.78%| unknown
 1050s|148200 |109399 | 19305k| 130.3 |   240M | 247 | 951 |5425 |5425 |   0 |  0 |   0 |  37 | 4.100000e+01 | 9.790000e+01 | 138.78%| unknown
 1051s|148300 |109461 | 19326k| 130.3 |   240M | 247 | 951 |5425 |5425 |   0 |  0 |   0 |  37 | 4.100000e+01 | 9.790000e+01 | 138.78%| unknown
 time | node  | left  |LP iter|LP it/n|mem/heur|mdpt |vars |cons |rows |cuts |sepa|confs|strbr|  dualbound   | primalbound  |  gap   | compl. 
 1052s|148400 |109527 | 19332k| 130.3 |   241M | 247 | 951 |5425 |5425 |   0 |  0 |   0 |  37 | 4.100000e+01 | 9.790000e+01 | 138.78%| unknown
 1052s|148500 |109589 | 19334k| 130.2 |   241M | 247 | 951 |5425 |5425 |   0 |  0 |   0 |  37 | 4.100000e+01 | 9.790000e+01 | 138.78%| unknown
 1052s|148600 |109665 | 19336k| 130.1 |   242M | 247 | 951 |5425 |5425 |   0 |  0 |   0 |  37 | 4.100000e+01 | 9.790000e+01 | 138.78%| unknown
 1052s|148700 |109733 | 19338k| 130.0 |   242M | 247 | 951 |5425 |5425 |   0 |  0 |   0 |  37 | 4.100000e+01 | 9.790000e+01 | 138.78%| unknown
 1053s|148800 |109805 | 19340k| 130.0 |   242M | 247 | 951 |5425 |5425 |   0 |  0 |   0 |  37 | 4.100000e+01 | 9.790000e+01 | 138.78%| unknown
 1053s|148900 |109885 | 19351k| 130.0 |   242M | 247 | 951 |5425 |5425 |   0 |  0 |   0 |  37 | 4.100000e+01 | 9.790000e+01 | 138.78%| unknown
 1054s|149000 |109961 | 19369k| 130.0 |   242M | 247 | 951 |5425 |5425 |   0 |  0 |   0 |  37 | 4.100000e+01 | 9.790000e+01 | 138.78%| unknown
 1055s|149100 |110041 | 19392k| 130.1 |   242M | 247 | 951 |5425 |5425 |   0 |  0 |   0 |  37 | 4.100000e+01 | 9.790000e+01 | 138.78%| unknown
 1056s|149200 |110115 | 19407k| 130.1 |   242M | 247 | 951 |5425 |5425 |   0 |  0 |   0 |  37 | 4.100000e+01 | 9.790000e+01 | 138.78%| unknown
 1056s|149300 |110181 | 19410k| 130.0 |   242M | 247 | 951 |5425 |5425 |   0 |  0 |   0 |  37 | 4.100000e+01 | 9.790000e+01 | 138.78%| unknown
 1057s|149400 |110261 | 19412k| 129.9 |   242M | 247 | 951 |5425 |5425 |   0 |  0 |   0 |  37 | 4.100000e+01 | 9.790000e+01 | 138.78%| unknown
 1057s|149500 |110321 | 19413k| 129.9 |   242M | 247 | 951 |5425 |5425 |   0 |  0 |   0 |  37 | 4.100000e+01 | 9.790000e+01 | 138.78%| unknown
 1057s|149600 |110393 | 19415k| 129.8 |   243M | 247 | 951 |5425 |5425 |   0 |  0 |   0 |  37 | 4.100000e+01 | 9.790000e+01 | 138.78%| unknown
 1057s|149700 |110457 | 19417k| 129.7 |   243M | 247 | 951 |5425 |5425 |   0 |  0 |   0 |  37 | 4.100000e+01 | 9.790000e+01 | 138.78%| unknown
 1057s|149800 |110539 | 19418k| 129.6 |   243M | 247 | 951 |5425 |5425 |   0 |  0 |   0 |  37 | 4.100000e+01 | 9.790000e+01 | 138.78%| unknown
 time | node  | left  |LP iter|LP it/n|mem/heur|mdpt |vars |cons |rows |cuts |sepa|confs|strbr|  dualbound   | primalbound  |  gap   | compl. 
 1058s|149900 |110609 | 19420k| 129.5 |   243M | 247 | 951 |5425 |5425 |   0 |  0 |   0 |  37 | 4.100000e+01 | 9.790000e+01 | 138.78%| unknown
 1059s|150000 |110687 | 19442k| 129.6 |   243M | 247 | 951 |5425 |5425 |   0 |  0 |   0 |  37 | 4.100000e+01 | 9.790000e+01 | 138.78%| unknown
 1060s|150100 |110763 | 19464k| 129.7 |   243M | 247 | 951 |5425 |5425 |   0 |  0 |   0 |  37 | 4.100000e+01 | 9.790000e+01 | 138.78%| unknown
 1061s|150200 |110841 | 19486k| 129.7 |   243M | 247 | 951 |5425 |5425 |   0 |  0 |   0 |  37 | 4.100000e+01 | 9.790000e+01 | 138.78%| unknown
 1062s|150300 |110931 | 19511k| 129.8 |   243M | 247 | 951 |5425 |5425 |   0 |  0 |   0 |  37 | 4.100000e+01 | 9.790000e+01 | 138.78%| unknown
 1063s|150400 |111007 | 19532k| 129.9 |   243M | 247 | 951 |5425 |5425 |   0 |  0 |   0 |  37 | 4.100000e+01 | 9.790000e+01 | 138.78%| unknown
 1064s|150500 |111075 | 19554k| 129.9 |   243M | 247 | 951 |5425 |5425 |   0 |  0 |   0 |  37 | 4.100000e+01 | 9.790000e+01 | 138.78%| unknown
 1066s|150600 |111155 | 19576k| 130.0 |   244M | 247 | 951 |5425 |5425 |   0 |  0 |   0 |  37 | 4.100000e+01 | 9.790000e+01 | 138.78%| unknown
 1067s|150700 |111213 | 19602k| 130.1 |   244M | 247 | 951 |5425 |5425 |   0 |  0 |   0 |  37 | 4.100000e+01 | 9.790000e+01 | 138.78%| unknown
 1068s|150800 |111277 | 19631k| 130.2 |   244M | 247 | 951 |5425 |5425 |   0 |  0 |   0 |  37 | 4.100000e+01 | 9.790000e+01 | 138.78%| unknown
 1069s|150900 |111355 | 19641k| 130.2 |   244M | 247 | 951 |5425 |5425 |   0 |  0 |   0 |  37 | 4.100000e+01 | 9.790000e+01 | 138.78%| unknown
 1069s|151000 |111423 | 19643k| 130.1 |   244M | 247 | 951 |5425 |5425 |   0 |  0 |   0 |  37 | 4.100000e+01 | 9.790000e+01 | 138.78%| unknown
 1069s|151100 |111497 | 19645k| 130.0 |   244M | 247 | 951 |5425 |5425 |   0 |  0 |   0 |  37 | 4.100000e+01 | 9.790000e+01 | 138.78%| unknown
 1069s|151200 |111575 | 19649k| 130.0 |   244M | 247 | 951 |5425 |5425 |   0 |  0 |   0 |  37 | 4.100000e+01 | 9.790000e+01 | 138.78%| unknown
 1070s|151300 |111651 | 19664k| 130.0 |   245M | 247 | 951 |5425 |5425 |   0 |  0 |   0 |  37 | 4.100000e+01 | 9.790000e+01 | 138.78%| unknown
 time | node  | left  |LP iter|LP it/n|mem/heur|mdpt |vars |cons |rows |cuts |sepa|confs|strbr|  dualbound   | primalbound  |  gap   | compl. 
 1071s|151400 |111729 | 19680k| 130.0 |   245M | 247 | 951 |5425 |5425 |   0 |  0 |   0 |  37 | 4.100000e+01 | 9.790000e+01 | 138.78%| unknown
 1072s|151500 |111805 | 19696k| 130.0 |   245M | 247 | 951 |5425 |5425 |   0 |  0 |   0 |  37 | 4.100000e+01 | 9.790000e+01 | 138.78%| unknown
 1073s|151600 |111893 | 19713k| 130.0 |   245M | 247 | 951 |5425 |5425 |   0 |  0 |   0 |  37 | 4.100000e+01 | 9.790000e+01 | 138.78%| unknown
 1074s|151700 |111969 | 19736k| 130.1 |   246M | 247 | 951 |5425 |5425 |   0 |  0 |   0 |  37 | 4.100000e+01 | 9.790000e+01 | 138.78%| unknown
 1075s|151800 |112045 | 19755k| 130.1 |   246M | 247 | 951 |5425 |5425 |   0 |  0 |   0 |  37 | 4.100000e+01 | 9.790000e+01 | 138.78%| unknown
 1076s|151900 |112121 | 19779k| 130.2 |   246M | 247 | 951 |5425 |5425 |   0 |  0 |   0 |  37 | 4.100000e+01 | 9.790000e+01 | 138.78%| unknown
 1077s|152000 |112191 | 19804k| 130.3 |   246M | 247 | 951 |5425 |5425 |   0 |  0 |   0 |  37 | 4.100000e+01 | 9.790000e+01 | 138.78%| unknown
 1078s|152100 |112277 | 19821k| 130.3 |   246M | 247 | 951 |5425 |5425 |   0 |  0 |   0 |  37 | 4.100000e+01 | 9.790000e+01 | 138.78%| unknown
 1080s|152200 |112347 | 19852k| 130.4 |   246M | 247 | 951 |5425 |5425 |   0 |  0 |   0 |  37 | 4.100000e+01 | 9.790000e+01 | 138.78%| unknown
 1081s|152300 |112401 | 19876k| 130.5 |   246M | 247 | 951 |5425 |5425 |   0 |  0 |   0 |  37 | 4.100000e+01 | 9.790000e+01 | 138.78%| unknown
 1082s|152400 |112469 | 19903k| 130.6 |   246M | 247 | 951 |5425 |5425 |   0 |  0 |   0 |  37 | 4.100000e+01 | 9.790000e+01 | 138.78%| unknown
 1084s|152500 |112549 | 19931k| 130.7 |   246M | 247 | 951 |5425 |5425 |   0 |  0 |   0 |  37 | 4.100000e+01 | 9.790000e+01 | 138.78%| unknown
 1084s|152600 |112631 | 19944k| 130.7 |   246M | 247 | 951 |5425 |5425 |   0 |  0 |   0 |  37 | 4.100000e+01 | 9.790000e+01 | 138.78%| unknown
 1086s|152700 |112697 | 19974k| 130.8 |   246M | 247 | 951 |5425 |5425 |   0 |  0 |   0 |  37 | 4.100000e+01 | 9.790000e+01 | 138.78%| unknown
 1087s|152800 |112775 | 19988k| 130.8 |   247M | 247 | 951 |5425 |5425 |   0 |  0 |   0 |  37 | 4.100000e+01 | 9.790000e+01 | 138.78%| unknown
 time | node  | left  |LP iter|LP it/n|mem/heur|mdpt |vars |cons |rows |cuts |sepa|confs|strbr|  dualbound   | primalbound  |  gap   | compl. 
 1087s|152900 |112855 | 20004k| 130.8 |   247M | 247 | 951 |5425 |5425 |   0 |  0 |   0 |  37 | 4.100000e+01 | 9.790000e+01 | 138.78%| unknown
 1089s|153000 |112919 | 20033k| 130.9 |   247M | 247 | 951 |5425 |5425 |   0 |  0 |   0 |  37 | 4.100000e+01 | 9.790000e+01 | 138.78%| unknown
 1090s|153100 |113009 | 20055k| 131.0 |   248M | 247 | 951 |5425 |5425 |   0 |  0 |   0 |  37 | 4.100000e+01 | 9.790000e+01 | 138.78%| unknown
 1091s|153200 |113069 | 20078k| 131.1 |   248M | 247 | 951 |5425 |5425 |   0 |  0 |   0 |  37 | 4.100000e+01 | 9.790000e+01 | 138.78%| unknown
 1091s|153300 |113147 | 20080k| 131.0 |   248M | 247 | 951 |5425 |5425 |   0 |  0 |   0 |  37 | 4.100000e+01 | 9.790000e+01 | 138.78%| unknown
 1091s|153400 |113227 | 20081k| 130.9 |   248M | 247 | 951 |5425 |5425 |   0 |  0 |   0 |  37 | 4.100000e+01 | 9.790000e+01 | 138.78%| unknown
 1092s|153500 |113299 | 20083k| 130.8 |   248M | 247 | 951 |5425 |5425 |   0 |  0 |   0 |  37 | 4.100000e+01 | 9.790000e+01 | 138.78%| unknown
 1092s|153600 |113361 | 20088k| 130.8 |   248M | 247 | 951 |5425 |5425 |   0 |  0 |   0 |  37 | 4.100000e+01 | 9.790000e+01 | 138.78%| unknown
 1093s|153700 |113429 | 20107k| 130.8 |   248M | 247 | 951 |5425 |5425 |   0 |  0 |   0 |  37 | 4.100000e+01 | 9.790000e+01 | 138.78%| unknown
 1093s|153800 |113487 | 20110k| 130.8 |   248M | 247 | 951 |5425 |5425 |   0 |  0 |   0 |  37 | 4.100000e+01 | 9.790000e+01 | 138.78%| unknown
 1093s|153900 |113545 | 20111k| 130.7 |   249M | 247 | 951 |5425 |5425 |   0 |  0 |   0 |  37 | 4.100000e+01 | 9.790000e+01 | 138.78%| unknown
 1094s|154000 |113619 | 20113k| 130.6 |   249M | 247 | 951 |5425 |5425 |   0 |  0 |   0 |  37 | 4.100000e+01 | 9.790000e+01 | 138.78%| unknown
 1094s|154100 |113689 | 20114k| 130.5 |   249M | 247 | 951 |5425 |5425 |   0 |  0 |   0 |  37 | 4.100000e+01 | 9.790000e+01 | 138.78%| unknown
 1094s|154200 |113761 | 20116k| 130.4 |   249M | 247 | 951 |5425 |5425 |   0 |  0 |   0 |  37 | 4.100000e+01 | 9.790000e+01 | 138.78%| unknown
 1094s|154300 |113837 | 20117k| 130.4 |   249M | 247 | 951 |5425 |5425 |   0 |  0 |   0 |  37 | 4.100000e+01 | 9.790000e+01 | 138.78%| unknown
 time | node  | left  |LP iter|LP it/n|mem/heur|mdpt |vars |cons |rows |cuts |sepa|confs|strbr|  dualbound   | primalbound  |  gap   | compl. 
 1094s|154400 |113891 | 20119k| 130.3 |   249M | 247 | 951 |5425 |5425 |   0 |  0 |   0 |  37 | 4.100000e+01 | 9.790000e+01 | 138.78%| unknown
 1095s|154500 |113977 | 20120k| 130.2 |   249M | 247 | 951 |5425 |5425 |   0 |  0 |   0 |  37 | 4.100000e+01 | 9.790000e+01 | 138.78%| unknown
 1095s|154600 |114043 | 20135k| 130.2 |   249M | 247 | 951 |5425 |5425 |   0 |  0 |   0 |  37 | 4.100000e+01 | 9.790000e+01 | 138.78%| unknown
 1096s|154700 |114113 | 20150k| 130.2 |   249M | 247 | 951 |5425 |5425 |   0 |  0 |   0 |  37 | 4.100000e+01 | 9.790000e+01 | 138.78%| unknown
 1098s|154800 |114187 | 20188k| 130.4 |   249M | 247 | 951 |5425 |5425 |   0 |  0 |   0 |  37 | 4.100000e+01 | 9.790000e+01 | 138.78%| unknown
 1099s|154900 |114251 | 20206k| 130.4 |   249M | 247 | 951 |5425 |5425 |   0 |  0 |   0 |  37 | 4.100000e+01 | 9.790000e+01 | 138.78%| unknown
 1100s|155000 |114319 | 20234k| 130.5 |   250M | 247 | 951 |5425 |5425 |   0 |  0 |   0 |  37 | 4.100000e+01 | 9.790000e+01 | 138.78%| unknown
 1101s|155100 |114389 | 20249k| 130.6 |   250M | 247 | 951 |5425 |5425 |   0 |  0 |   0 |  37 | 4.100000e+01 | 9.790000e+01 | 138.78%| unknown
 1102s|155200 |114443 | 20274k| 130.6 |   250M | 247 | 951 |5425 |5425 |   0 |  0 |   0 |  37 | 4.100000e+01 | 9.790000e+01 | 138.78%| unknown
 1104s|155300 |114505 | 20299k| 130.7 |   250M | 247 | 951 |5425 |5425 |   0 |  0 |   0 |  37 | 4.100000e+01 | 9.790000e+01 | 138.78%| unknown
 1105s|155400 |114557 | 20329k| 130.8 |   251M | 247 | 951 |5425 |5425 |   0 |  0 |   0 |  37 | 4.100000e+01 | 9.790000e+01 | 138.78%| unknown
 1107s|155500 |114595 | 20367k| 131.0 |   251M | 247 | 951 |5425 |5425 |   0 |  0 |   0 |  37 | 4.100000e+01 | 9.790000e+01 | 138.78%| unknown
 1108s|155600 |114633 | 20394k| 131.1 |   251M | 247 | 951 |5425 |5425 |   0 |  0 |   0 |  37 | 4.100000e+01 | 9.790000e+01 | 138.78%| unknown
 1109s|155700 |114703 | 20418k| 131.1 |   251M | 247 | 951 |5425 |5425 |   0 |  0 |   0 |  37 | 4.100000e+01 | 9.790000e+01 | 138.78%| unknown
 1111s|155800 |114747 | 20454k| 131.3 |   251M | 247 | 951 |5425 |5425 |   0 |  0 |   0 |  37 | 4.100000e+01 | 9.790000e+01 | 138.78%| unknown
 time | node  | left  |LP iter|LP it/n|mem/heur|mdpt |vars |cons |rows |cuts |sepa|confs|strbr|  dualbound   | primalbound  |  gap   | compl. 
 1112s|155900 |114811 | 20483k| 131.4 |   251M | 247 | 951 |5425 |5425 |   0 |  0 |   0 |  37 | 4.100000e+01 | 9.790000e+01 | 138.78%| unknown
 1113s|156000 |114899 | 20493k| 131.4 |   251M | 247 | 951 |5425 |5425 |   0 |  0 |   0 |  37 | 4.100000e+01 | 9.790000e+01 | 138.78%| unknown
 1114s|156100 |114953 | 20517k| 131.4 |   251M | 247 | 951 |5425 |5425 |   0 |  0 |   0 |  37 | 4.100000e+01 | 9.790000e+01 | 138.78%| unknown
 1116s|156200 |115025 | 20544k| 131.5 |   251M | 247 | 951 |5425 |5425 |   0 |  0 |   0 |  37 | 4.100000e+01 | 9.790000e+01 | 138.78%| unknown
 1117s|156300 |115103 | 20568k| 131.6 |   252M | 247 | 951 |5425 |5425 |   0 |  0 |   0 |  37 | 4.100000e+01 | 9.790000e+01 | 138.78%| unknown
 1118s|156400 |115167 | 20595k| 131.7 |   252M | 247 | 951 |5425 |5425 |   0 |  0 |   0 |  37 | 4.100000e+01 | 9.790000e+01 | 138.78%| unknown
 1120s|156500 |115239 | 20630k| 131.8 |   252M | 247 | 951 |5425 |5425 |   0 |  0 |   0 |  37 | 4.100000e+01 | 9.790000e+01 | 138.78%| unknown
 1121s|156600 |115323 | 20659k| 131.9 |   252M | 247 | 951 |5425 |5425 |   0 |  0 |   0 |  37 | 4.100000e+01 | 9.790000e+01 | 138.78%| unknown
 1122s|156700 |115391 | 20677k| 131.9 |   253M | 247 | 951 |5425 |5425 |   0 |  0 |   0 |  37 | 4.100000e+01 | 9.790000e+01 | 138.78%| unknown
 1123s|156800 |115459 | 20700k| 132.0 |   253M | 247 | 951 |5425 |5425 |   0 |  0 |   0 |  37 | 4.100000e+01 | 9.790000e+01 | 138.78%| unknown
 1125s|156900 |115535 | 20735k| 132.2 |   253M | 247 | 951 |5425 |5425 |   0 |  0 |   0 |  37 | 4.100000e+01 | 9.790000e+01 | 138.78%| unknown
 1125s|157000 |115615 | 20739k| 132.1 |   253M | 247 | 951 |5425 |5425 |   0 |  0 |   0 |  37 | 4.100000e+01 | 9.790000e+01 | 138.78%| unknown
 1125s|157100 |115675 | 20741k| 132.0 |   253M | 247 | 951 |5425 |5425 |   0 |  0 |   0 |  37 | 4.100000e+01 | 9.790000e+01 | 138.78%| unknown
 1126s|157200 |115749 | 20760k| 132.1 |   253M | 247 | 951 |5425 |5425 |   0 |  0 |   0 |  37 | 4.100000e+01 | 9.790000e+01 | 138.78%| unknown
 1127s|157300 |115823 | 20776k| 132.1 |   253M | 247 | 951 |5425 |5425 |   0 |  0 |   0 |  37 | 4.100000e+01 | 9.790000e+01 | 138.78%| unknown
 time | node  | left  |LP iter|LP it/n|mem/heur|mdpt |vars |cons |rows |cuts |sepa|confs|strbr|  dualbound   | primalbound  |  gap   | compl. 
 1128s|157400 |115899 | 20792k| 132.1 |   254M | 247 | 951 |5425 |5425 |   0 |  0 |   0 |  37 | 4.100000e+01 | 9.790000e+01 | 138.78%| unknown
 1129s|157500 |115971 | 20814k| 132.2 |   254M | 247 | 951 |5425 |5425 |   0 |  0 |   0 |  37 | 4.100000e+01 | 9.790000e+01 | 138.78%| unknown
 1130s|157600 |116039 | 20837k| 132.2 |   254M | 247 | 951 |5425 |5425 |   0 |  0 |   0 |  37 | 4.100000e+01 | 9.790000e+01 | 138.78%| unknown
 1131s|157700 |116107 | 20863k| 132.3 |   254M | 247 | 951 |5425 |5425 |   0 |  0 |   0 |  37 | 4.100000e+01 | 9.790000e+01 | 138.78%| unknown
 1132s|157800 |116185 | 20883k| 132.3 |   254M | 247 | 951 |5425 |5425 |   0 |  0 |   0 |  37 | 4.100000e+01 | 9.790000e+01 | 138.78%| unknown
 1134s|157900 |116261 | 20909k| 132.4 |   254M | 247 | 951 |5425 |5425 |   0 |  0 |   0 |  37 | 4.100000e+01 | 9.790000e+01 | 138.78%| unknown
 1135s|158000 |116333 | 20928k| 132.5 |   254M | 247 | 951 |5425 |5425 |   0 |  0 |   0 |  37 | 4.100000e+01 | 9.790000e+01 | 138.78%| unknown
 1136s|158100 |116397 | 20946k| 132.5 |   254M | 247 | 951 |5425 |5425 |   0 |  0 |   0 |  37 | 4.100000e+01 | 9.790000e+01 | 138.78%| unknown
 1137s|158200 |116465 | 20975k| 132.6 |   254M | 247 | 951 |5425 |5425 |   0 |  0 |   0 |  37 | 4.100000e+01 | 9.790000e+01 | 138.78%| unknown
 1138s|158300 |116545 | 20988k| 132.6 |   254M | 247 | 951 |5425 |5425 |   0 |  0 |   0 |  37 | 4.100000e+01 | 9.790000e+01 | 138.78%| unknown
 1139s|158400 |116625 | 21011k| 132.6 |   254M | 247 | 951 |5425 |5425 |   0 |  0 |   0 |  37 | 4.100000e+01 | 9.790000e+01 | 138.78%| unknown
 1140s|158500 |116687 | 21042k| 132.8 |   254M | 247 | 951 |5425 |5425 |   0 |  0 |   0 |  37 | 4.100000e+01 | 9.790000e+01 | 138.78%| unknown
 1141s|158600 |116761 | 21065k| 132.8 |   255M | 247 | 951 |5425 |5425 |   0 |  0 |   0 |  37 | 4.100000e+01 | 9.790000e+01 | 138.78%| unknown
 1142s|158700 |116835 | 21075k| 132.8 |   255M | 247 | 951 |5425 |5425 |   0 |  0 |   0 |  37 | 4.100000e+01 | 9.790000e+01 | 138.78%| unknown
 1142s|158800 |116893 | 21077k| 132.7 |   255M | 247 | 951 |5425 |5425 |   0 |  0 |   0 |  37 | 4.100000e+01 | 9.790000e+01 | 138.78%| unknown
 time | node  | left  |LP iter|LP it/n|mem/heur|mdpt |vars |cons |rows |cuts |sepa|confs|strbr|  dualbound   | primalbound  |  gap   | compl. 
 1143s|158900 |116957 | 21091k| 132.7 |   255M | 247 | 951 |5425 |5425 |   0 |  0 |   0 |  37 | 4.100000e+01 | 9.790000e+01 | 138.78%| unknown
 1144s|159000 |117035 | 21113k| 132.8 |   255M | 247 | 951 |5425 |5425 |   0 |  0 |   0 |  37 | 4.100000e+01 | 9.790000e+01 | 138.78%| unknown
 1145s|159100 |117121 | 21127k| 132.8 |   255M | 247 | 951 |5425 |5425 |   0 |  0 |   0 |  37 | 4.100000e+01 | 9.790000e+01 | 138.78%| unknown
 1146s|159200 |117195 | 21145k| 132.8 |   255M | 247 | 951 |5425 |5425 |   0 |  0 |   0 |  37 | 4.100000e+01 | 9.790000e+01 | 138.78%| unknown
 1146s|159300 |117273 | 21156k| 132.8 |   255M | 247 | 951 |5425 |5425 |   0 |  0 |   0 |  37 | 4.100000e+01 | 9.790000e+01 | 138.78%| unknown
 1148s|159400 |117341 | 21182k| 132.9 |   255M | 247 | 951 |5425 |5425 |   0 |  0 |   0 |  37 | 4.100000e+01 | 9.790000e+01 | 138.78%| unknown
 1149s|159500 |117409 | 21200k| 132.9 |   255M | 247 | 951 |5425 |5425 |   0 |  0 |   0 |  37 | 4.100000e+01 | 9.790000e+01 | 138.78%| unknown
 1150s|159600 |117481 | 21223k| 133.0 |   257M | 247 | 951 |5425 |5425 |   0 |  0 |   0 |  37 | 4.100000e+01 | 9.790000e+01 | 138.78%| unknown
 1151s|159700 |117545 | 21245k| 133.0 |   258M | 247 | 951 |5425 |5425 |   0 |  0 |   0 |  37 | 4.100000e+01 | 9.790000e+01 | 138.78%| unknown
 1151s|159800 |117613 | 21246k| 133.0 |   258M | 247 | 951 |5425 |5425 |   0 |  0 |   0 |  37 | 4.100000e+01 | 9.790000e+01 | 138.78%| unknown
 1151s|159900 |117667 | 21249k| 132.9 |   258M | 247 | 951 |5425 |5425 |   0 |  0 |   0 |  37 | 4.100000e+01 | 9.790000e+01 | 138.78%| unknown
 1151s|160000 |117731 | 21251k| 132.8 |   258M | 247 | 951 |5425 |5425 |   0 |  0 |   0 |  37 | 4.100000e+01 | 9.790000e+01 | 138.78%| unknown
 1152s|160100 |117813 | 21253k| 132.7 |   258M | 247 | 951 |5425 |5425 |   0 |  0 |   0 |  37 | 4.100000e+01 | 9.790000e+01 | 138.78%| unknown
 1152s|160200 |117867 | 21255k| 132.7 |   258M | 247 | 951 |5425 |5425 |   0 |  0 |   0 |  37 | 4.100000e+01 | 9.790000e+01 | 138.78%| unknown
 1153s|160300 |117949 | 21272k| 132.7 |   258M | 247 | 951 |5425 |5425 |   0 |  0 |   0 |  37 | 4.100000e+01 | 9.790000e+01 | 138.78%| unknown
 time | node  | left  |LP iter|LP it/n|mem/heur|mdpt |vars |cons |rows |cuts |sepa|confs|strbr|  dualbound   | primalbound  |  gap   | compl. 
 1154s|160400 |118017 | 21304k| 132.8 |   262M | 247 | 951 |5425 |5425 |   0 |  0 |   0 |  37 | 4.100000e+01 | 9.790000e+01 | 138.78%| unknown
 1156s|160500 |118079 | 21328k| 132.9 |   262M | 247 | 951 |5425 |5425 |   0 |  0 |   0 |  37 | 4.100000e+01 | 9.790000e+01 | 138.78%| unknown
 1156s|160600 |118159 | 21343k| 132.9 |   262M | 247 | 951 |5425 |5425 |   0 |  0 |   0 |  37 | 4.100000e+01 | 9.790000e+01 | 138.78%| unknown
 1158s|160700 |118241 | 21371k| 133.0 |   262M | 247 | 951 |5425 |5425 |   0 |  0 |   0 |  37 | 4.100000e+01 | 9.790000e+01 | 138.78%| unknown
 1160s|160800 |118305 | 21406k| 133.1 |   263M | 247 | 951 |5425 |5425 |   0 |  0 |   0 |  37 | 4.100000e+01 | 9.790000e+01 | 138.78%| unknown
 1161s|160900 |118377 | 21425k| 133.2 |   263M | 247 | 951 |5425 |5425 |   0 |  0 |   0 |  37 | 4.100000e+01 | 9.790000e+01 | 138.78%| unknown
 1161s|161000 |118453 | 21437k| 133.1 |   263M | 247 | 951 |5425 |5425 |   0 |  0 |   0 |  37 | 4.100000e+01 | 9.790000e+01 | 138.78%| unknown
 1162s|161100 |118527 | 21460k| 133.2 |   263M | 247 | 951 |5425 |5425 |   0 |  0 |   0 |  37 | 4.100000e+01 | 9.790000e+01 | 138.78%| unknown
 1163s|161200 |118595 | 21474k| 133.2 |   263M | 247 | 951 |5425 |5425 |   0 |  0 |   0 |  37 | 4.100000e+01 | 9.790000e+01 | 138.78%| unknown
 1164s|161300 |118683 | 21497k| 133.3 |   263M | 247 | 951 |5425 |5425 |   0 |  0 |   0 |  37 | 4.100000e+01 | 9.790000e+01 | 138.78%| unknown
 1166s|161400 |118751 | 21524k| 133.4 |   263M | 247 | 951 |5425 |5425 |   0 |  0 |   0 |  37 | 4.100000e+01 | 9.790000e+01 | 138.78%| unknown
 1166s|161500 |118835 | 21540k| 133.4 |   263M | 247 | 951 |5425 |5425 |   0 |  0 |   0 |  37 | 4.100000e+01 | 9.790000e+01 | 138.78%| unknown
 1167s|161600 |118889 | 21545k| 133.3 |   263M | 247 | 951 |5425 |5425 |   0 |  0 |   0 |  37 | 4.100000e+01 | 9.790000e+01 | 138.78%| unknown
 1167s|161700 |118963 | 21546k| 133.2 |   263M | 247 | 951 |5425 |5425 |   0 |  0 |   0 |  37 | 4.100000e+01 | 9.790000e+01 | 138.78%| unknown
 1167s|161800 |119043 | 21548k| 133.2 |   263M | 247 | 951 |5425 |5425 |   0 |  0 |   0 |  37 | 4.100000e+01 | 9.790000e+01 | 138.78%| unknown
 time | node  | left  |LP iter|LP it/n|mem/heur|mdpt |vars |cons |rows |cuts |sepa|confs|strbr|  dualbound   | primalbound  |  gap   | compl. 
 1167s|161900 |119109 | 21549k| 133.1 |   264M | 247 | 951 |5425 |5425 |   0 |  0 |   0 |  37 | 4.100000e+01 | 9.790000e+01 | 138.78%| unknown
 1167s|162000 |119193 | 21551k| 133.0 |   265M | 247 | 951 |5425 |5425 |   0 |  0 |   0 |  37 | 4.100000e+01 | 9.790000e+01 | 138.78%| unknown
 1168s|162100 |119271 | 21552k| 133.0 |   265M | 247 | 951 |5425 |5425 |   0 |  0 |   0 |  37 | 4.100000e+01 | 9.790000e+01 | 138.78%| unknown
 1168s|162200 |119335 | 21554k| 132.9 |   265M | 247 | 951 |5425 |5425 |   0 |  0 |   0 |  37 | 4.100000e+01 | 9.790000e+01 | 138.78%| unknown
 1168s|162300 |119405 | 21561k| 132.8 |   265M | 247 | 951 |5425 |5425 |   0 |  0 |   0 |  37 | 4.100000e+01 | 9.790000e+01 | 138.78%| unknown
 1169s|162400 |119475 | 21577k| 132.9 |   265M | 247 | 951 |5425 |5425 |   0 |  0 |   0 |  37 | 4.100000e+01 | 9.790000e+01 | 138.78%| unknown
 1171s|162500 |119549 | 21604k| 132.9 |   265M | 247 | 951 |5425 |5425 |   0 |  0 |   0 |  37 | 4.100000e+01 | 9.790000e+01 | 138.78%| unknown
 1172s|162600 |119617 | 21638k| 133.1 |   265M | 247 | 951 |5425 |5425 |   0 |  0 |   0 |  37 | 4.100000e+01 | 9.790000e+01 | 138.78%| unknown
 1173s|162700 |119677 | 21662k| 133.1 |   265M | 247 | 951 |5425 |5425 |   0 |  0 |   0 |  37 | 4.100000e+01 | 9.790000e+01 | 138.78%| unknown
 1175s|162800 |119755 | 21685k| 133.2 |   265M | 247 | 951 |5425 |5425 |   0 |  0 |   0 |  37 | 4.100000e+01 | 9.790000e+01 | 138.78%| unknown
 1176s|162900 |119821 | 21711k| 133.3 |   265M | 247 | 951 |5425 |5425 |   0 |  0 |   0 |  37 | 4.100000e+01 | 9.790000e+01 | 138.78%| unknown
 1177s|163000 |119897 | 21726k| 133.3 |   266M | 247 | 951 |5425 |5425 |   0 |  0 |   0 |  37 | 4.100000e+01 | 9.790000e+01 | 138.78%| unknown
 1177s|163100 |119983 | 21739k| 133.3 |   266M | 247 | 951 |5425 |5425 |   0 |  0 |   0 |  37 | 4.100000e+01 | 9.790000e+01 | 138.78%| unknown
 1178s|163200 |120069 | 21740k| 133.2 |   266M | 247 | 951 |5425 |5425 |   0 |  0 |   0 |  37 | 4.100000e+01 | 9.790000e+01 | 138.78%| unknown
 1178s|163300 |120133 | 21742k| 133.1 |   266M | 247 | 951 |5425 |5425 |   0 |  0 |   0 |  37 | 4.100000e+01 | 9.790000e+01 | 138.78%| unknown
 time | node  | left  |LP iter|LP it/n|mem/heur|mdpt |vars |cons |rows |cuts |sepa|confs|strbr|  dualbound   | primalbound  |  gap   | compl. 
 1178s|163400 |120151 | 21744k| 133.1 |   266M | 247 | 951 |5425 |5425 |   0 |  0 |   0 |  37 | 4.100000e+01 | 9.790000e+01 | 138.78%| unknown
 1178s|163500 |120213 | 21746k| 133.0 |   266M | 247 | 951 |5425 |5425 |   0 |  0 |   0 |  37 | 4.100000e+01 | 9.790000e+01 | 138.78%| unknown
 1178s|163600 |120281 | 21747k| 132.9 |   266M | 247 | 951 |5425 |5425 |   0 |  0 |   0 |  37 | 4.100000e+01 | 9.790000e+01 | 138.78%| unknown
 1179s|163700 |120353 | 21749k| 132.9 |   266M | 247 | 951 |5425 |5425 |   0 |  0 |   0 |  37 | 4.100000e+01 | 9.790000e+01 | 138.78%| unknown
 1179s|163800 |120421 | 21750k| 132.8 |   266M | 247 | 951 |5425 |5425 |   0 |  0 |   0 |  37 | 4.100000e+01 | 9.790000e+01 | 138.78%| unknown
 1179s|163900 |120495 | 21752k| 132.7 |   266M | 247 | 951 |5425 |5425 |   0 |  0 |   0 |  37 | 4.100000e+01 | 9.790000e+01 | 138.78%| unknown
 1179s|164000 |120559 | 21753k| 132.6 |   266M | 247 | 951 |5425 |5425 |   0 |  0 |   0 |  37 | 4.100000e+01 | 9.790000e+01 | 138.78%| unknown
 1179s|164100 |120611 | 21755k| 132.6 |   266M | 247 | 951 |5425 |5425 |   0 |  0 |   0 |  37 | 4.100000e+01 | 9.790000e+01 | 138.78%| unknown
 1179s|164200 |120685 | 21757k| 132.5 |   267M | 247 | 951 |5425 |5425 |   0 |  0 |   0 |  37 | 4.100000e+01 | 9.790000e+01 | 138.78%| unknown
 1180s|164300 |120757 | 21758k| 132.4 |   267M | 247 | 951 |5425 |5425 |   0 |  0 |   0 |  37 | 4.100000e+01 | 9.790000e+01 | 138.78%| unknown
 1180s|164400 |120825 | 21760k| 132.4 |   267M | 247 | 951 |5425 |5425 |   0 |  0 |   0 |  37 | 4.100000e+01 | 9.790000e+01 | 138.78%| unknown
 1180s|164500 |120895 | 21762k| 132.3 |   267M | 247 | 951 |5425 |5425 |   0 |  0 |   0 |  37 | 4.100000e+01 | 9.790000e+01 | 138.78%| unknown
 1180s|164600 |120965 | 21763k| 132.2 |   267M | 247 | 951 |5425 |5425 |   0 |  0 |   0 |  37 | 4.100000e+01 | 9.790000e+01 | 138.78%| unknown
 1181s|164700 |121041 | 21775k| 132.2 |   267M | 247 | 951 |5425 |5425 |   0 |  0 |   0 |  37 | 4.100000e+01 | 9.790000e+01 | 138.78%| unknown
 1181s|164800 |121123 | 21780k| 132.2 |   267M | 247 | 951 |5425 |5425 |   0 |  0 |   0 |  37 | 4.100000e+01 | 9.790000e+01 | 138.78%| unknown
 time | node  | left  |LP iter|LP it/n|mem/heur|mdpt |vars |cons |rows |cuts |sepa|confs|strbr|  dualbound   | primalbound  |  gap   | compl. 
 1181s|164900 |121197 | 21781k| 132.1 |   267M | 247 | 951 |5425 |5425 |   0 |  0 |   0 |  37 | 4.100000e+01 | 9.790000e+01 | 138.78%| unknown
 1182s|165000 |121261 | 21784k| 132.0 |   267M | 247 | 951 |5425 |5425 |   0 |  0 |   0 |  37 | 4.100000e+01 | 9.790000e+01 | 138.78%| unknown
 1182s|165100 |121341 | 21785k| 131.9 |   267M | 247 | 951 |5425 |5425 |   0 |  0 |   0 |  37 | 4.100000e+01 | 9.790000e+01 | 138.78%| unknown
 1182s|165200 |121405 | 21787k| 131.9 |   267M | 247 | 951 |5425 |5425 |   0 |  0 |   0 |  37 | 4.100000e+01 | 9.790000e+01 | 138.78%| unknown
 1182s|165300 |121475 | 21788k| 131.8 |   269M | 247 | 951 |5425 |5425 |   0 |  0 |   0 |  37 | 4.100000e+01 | 9.790000e+01 | 138.78%| unknown
 1182s|165400 |121553 | 21790k| 131.7 |   269M | 247 | 951 |5425 |5425 |   0 |  0 |   0 |  37 | 4.100000e+01 | 9.790000e+01 | 138.78%| unknown
 1183s|165500 |121611 | 21797k| 131.7 |   269M | 247 | 951 |5425 |5425 |   0 |  0 |   0 |  37 | 4.100000e+01 | 9.790000e+01 | 138.78%| unknown
 1184s|165600 |121677 | 21829k| 131.8 |   269M | 247 | 951 |5425 |5425 |   0 |  0 |   0 |  37 | 4.100000e+01 | 9.790000e+01 | 138.78%| unknown
 1185s|165700 |121739 | 21850k| 131.9 |   269M | 247 | 951 |5425 |5425 |   0 |  0 |   0 |  37 | 4.100000e+01 | 9.790000e+01 | 138.78%| unknown
 1186s|165800 |121809 | 21864k| 131.9 |   269M | 247 | 951 |5425 |5425 |   0 |  0 |   0 |  37 | 4.100000e+01 | 9.790000e+01 | 138.78%| unknown
 1187s|165900 |121875 | 21886k| 131.9 |   269M | 247 | 951 |5425 |5425 |   0 |  0 |   0 |  37 | 4.100000e+01 | 9.790000e+01 | 138.78%| unknown
 1188s|166000 |121943 | 21903k| 131.9 |   269M | 247 | 951 |5425 |5425 |   0 |  0 |   0 |  37 | 4.100000e+01 | 9.790000e+01 | 138.78%| unknown
 1189s|166100 |122015 | 21926k| 132.0 |   270M | 247 | 951 |5425 |5425 |   0 |  0 |   0 |  37 | 4.100000e+01 | 9.790000e+01 | 138.78%| unknown
 1190s|166200 |122085 | 21929k| 131.9 |   270M | 247 | 951 |5425 |5425 |   0 |  0 |   0 |  37 | 4.100000e+01 | 9.790000e+01 | 138.78%| unknown
 1190s|166300 |122139 | 21932k| 131.9 |   270M | 247 | 951 |5425 |5425 |   0 |  0 |   0 |  37 | 4.100000e+01 | 9.790000e+01 | 138.78%| unknown
 time | node  | left  |LP iter|LP it/n|mem/heur|mdpt |vars |cons |rows |cuts |sepa|confs|strbr|  dualbound   | primalbound  |  gap   | compl. 
 1190s|166400 |122203 | 21933k| 131.8 |   270M | 247 | 951 |5425 |5425 |   0 |  0 |   0 |  37 | 4.100000e+01 | 9.790000e+01 | 138.78%| unknown
 1190s|166500 |122281 | 21934k| 131.7 |   271M | 247 | 951 |5425 |5425 |   0 |  0 |   0 |  37 | 4.100000e+01 | 9.790000e+01 | 138.78%| unknown
 1190s|166600 |122345 | 21937k| 131.7 |   271M | 247 | 951 |5425 |5425 |   0 |  0 |   0 |  37 | 4.100000e+01 | 9.790000e+01 | 138.78%| unknown
 1192s|166700 |122407 | 21966k| 131.8 |   271M | 247 | 951 |5425 |5425 |   0 |  0 |   0 |  37 | 4.100000e+01 | 9.790000e+01 | 138.78%| unknown
 1193s|166800 |122483 | 21980k| 131.8 |   271M | 247 | 951 |5425 |5425 |   0 |  0 |   0 |  37 | 4.100000e+01 | 9.790000e+01 | 138.78%| unknown
 1193s|166900 |122561 | 21994k| 131.8 |   271M | 247 | 951 |5425 |5425 |   0 |  0 |   0 |  37 | 4.100000e+01 | 9.790000e+01 | 138.78%| unknown
 1194s|167000 |122633 | 22010k| 131.8 |   271M | 247 | 951 |5425 |5425 |   0 |  0 |   0 |  37 | 4.100000e+01 | 9.790000e+01 | 138.78%| unknown
 1195s|167100 |122707 | 22031k| 131.8 |   271M | 247 | 951 |5425 |5425 |   0 |  0 |   0 |  37 | 4.100000e+01 | 9.790000e+01 | 138.78%| unknown
 1197s|167200 |122785 | 22066k| 132.0 |   271M | 247 | 951 |5425 |5425 |   0 |  0 |   0 |  37 | 4.100000e+01 | 9.790000e+01 | 138.78%| unknown
 1198s|167300 |122859 | 22093k| 132.1 |   271M | 247 | 951 |5425 |5425 |   0 |  0 |   0 |  37 | 4.100000e+01 | 9.790000e+01 | 138.78%| unknown
 1199s|167400 |122939 | 22113k| 132.1 |   272M | 247 | 951 |5425 |5425 |   0 |  0 |   0 |  37 | 4.100000e+01 | 9.790000e+01 | 138.78%| unknown
 1200s|167500 |122995 | 22136k| 132.2 |   272M | 247 | 951 |5425 |5425 |   0 |  0 |   0 |  37 | 4.100000e+01 | 9.790000e+01 | 138.78%| unknown
 1201s|167600 |123079 | 22156k| 132.2 |   273M | 247 | 951 |5425 |5425 |   0 |  0 |   0 |  37 | 4.100000e+01 | 9.790000e+01 | 138.78%| unknown
 1202s|167700 |123151 | 22171k| 132.2 |   273M | 247 | 951 |5425 |5425 |   0 |  0 |   0 |  37 | 4.100000e+01 | 9.790000e+01 | 138.78%| unknown
 1203s|167800 |123239 | 22183k| 132.2 |   273M | 247 | 951 |5425 |5425 |   0 |  0 |   0 |  37 | 4.100000e+01 | 9.790000e+01 | 138.78%| unknown
 time | node  | left  |LP iter|LP it/n|mem/heur|mdpt |vars |cons |rows |cuts |sepa|confs|strbr|  dualbound   | primalbound  |  gap   | compl. 
 1204s|167900 |123319 | 22207k| 132.3 |   273M | 247 | 951 |5425 |5425 |   0 |  0 |   0 |  37 | 4.100000e+01 | 9.790000e+01 | 138.78%| unknown
 1204s|168000 |123391 | 22211k| 132.2 |   273M | 247 | 951 |5425 |5425 |   0 |  0 |   0 |  37 | 4.100000e+01 | 9.790000e+01 | 138.78%| unknown
 1205s|168100 |123479 | 22226k| 132.2 |   273M | 247 | 951 |5425 |5425 |   0 |  0 |   0 |  37 | 4.100000e+01 | 9.790000e+01 | 138.78%| unknown
 1206s|168200 |123567 | 22249k| 132.3 |   273M | 247 | 951 |5425 |5425 |   0 |  0 |   0 |  37 | 4.100000e+01 | 9.790000e+01 | 138.78%| unknown
 1208s|168300 |123649 | 22274k| 132.3 |   273M | 247 | 951 |5425 |5425 |   0 |  0 |   0 |  37 | 4.100000e+01 | 9.790000e+01 | 138.78%| unknown
 1209s|168400 |123719 | 22295k| 132.4 |   273M | 247 | 951 |5425 |5425 |   0 |  0 |   0 |  37 | 4.100000e+01 | 9.790000e+01 | 138.78%| unknown
 1210s|168500 |123789 | 22324k| 132.5 |   273M | 247 | 951 |5425 |5425 |   0 |  0 |   0 |  37 | 4.100000e+01 | 9.790000e+01 | 138.78%| unknown
 1211s|168600 |123871 | 22339k| 132.5 |   274M | 247 | 951 |5425 |5425 |   0 |  0 |   0 |  37 | 4.100000e+01 | 9.790000e+01 | 138.78%| unknown
 1212s|168700 |123953 | 22367k| 132.6 |   274M | 247 | 951 |5425 |5425 |   0 |  0 |   0 |  37 | 4.100000e+01 | 9.790000e+01 | 138.78%| unknown
 1213s|168800 |124031 | 22385k| 132.6 |   274M | 247 | 951 |5425 |5425 |   0 |  0 |   0 |  37 | 4.100000e+01 | 9.790000e+01 | 138.78%| unknown
 1214s|168900 |124119 | 22403k| 132.6 |   274M | 247 | 951 |5425 |5425 |   0 |  0 |   0 |  37 | 4.100000e+01 | 9.790000e+01 | 138.78%| unknown
 1215s|169000 |124199 | 22424k| 132.7 |   274M | 247 | 951 |5425 |5425 |   0 |  0 |   0 |  37 | 4.100000e+01 | 9.790000e+01 | 138.78%| unknown
 1216s|169100 |124253 | 22427k| 132.6 |   274M | 247 | 951 |5425 |5425 |   0 |  0 |   0 |  37 | 4.100000e+01 | 9.790000e+01 | 138.78%| unknown
 1216s|169200 |124327 | 22428k| 132.6 |   274M | 247 | 951 |5425 |5425 |   0 |  0 |   0 |  37 | 4.100000e+01 | 9.790000e+01 | 138.78%| unknown
 1216s|169300 |124409 | 22430k| 132.5 |   274M | 247 | 951 |5425 |5425 |   0 |  0 |   0 |  37 | 4.100000e+01 | 9.790000e+01 | 138.78%| unknown
 time | node  | left  |LP iter|LP it/n|mem/heur|mdpt |vars |cons |rows |cuts |sepa|confs|strbr|  dualbound   | primalbound  |  gap   | compl. 
 1216s|169400 |124487 | 22431k| 132.4 |   274M | 247 | 951 |5425 |5425 |   0 |  0 |   0 |  37 | 4.100000e+01 | 9.790000e+01 | 138.78%| unknown
 1216s|169500 |124553 | 22432k| 132.3 |   274M | 247 | 951 |5425 |5425 |   0 |  0 |   0 |  37 | 4.100000e+01 | 9.790000e+01 | 138.78%| unknown
 1216s|169600 |124613 | 22434k| 132.3 |   274M | 247 | 951 |5425 |5425 |   0 |  0 |   0 |  37 | 4.100000e+01 | 9.790000e+01 | 138.78%| unknown
 1217s|169700 |124699 | 22435k| 132.2 |   276M | 247 | 951 |5425 |5425 |   0 |  0 |   0 |  37 | 4.100000e+01 | 9.790000e+01 | 138.78%| unknown
 1217s|169800 |124767 | 22437k| 132.1 |   276M | 247 | 951 |5425 |5425 |   0 |  0 |   0 |  37 | 4.100000e+01 | 9.790000e+01 | 138.78%| unknown
 1217s|169900 |124835 | 22438k| 132.1 |   276M | 247 | 951 |5425 |5425 |   0 |  0 |   0 |  37 | 4.100000e+01 | 9.790000e+01 | 138.78%| unknown
 1217s|170000 |124923 | 22439k| 132.0 |   276M | 247 | 951 |5425 |5425 |   0 |  0 |   0 |  37 | 4.100000e+01 | 9.790000e+01 | 138.78%| unknown
 1217s|170100 |125001 | 22441k| 131.9 |   276M | 247 | 951 |5425 |5425 |   0 |  0 |   0 |  37 | 4.100000e+01 | 9.790000e+01 | 138.78%| unknown
 1218s|170200 |125067 | 22443k| 131.9 |   276M | 247 | 951 |5425 |5425 |   0 |  0 |   0 |  37 | 4.100000e+01 | 9.790000e+01 | 138.78%| unknown
 1218s|170300 |125145 | 22444k| 131.8 |   276M | 247 | 951 |5425 |5425 |   0 |  0 |   0 |  37 | 4.100000e+01 | 9.790000e+01 | 138.78%| unknown
 1218s|170400 |125229 | 22449k| 131.7 |   276M | 247 | 951 |5425 |5425 |   0 |  0 |   0 |  37 | 4.100000e+01 | 9.790000e+01 | 138.78%| unknown
 1220s|170500 |125301 | 22477k| 131.8 |   276M | 247 | 951 |5425 |5425 |   0 |  0 |   0 |  37 | 4.100000e+01 | 9.790000e+01 | 138.78%| unknown
 1220s|170600 |125379 | 22495k| 131.9 |   276M | 247 | 951 |5425 |5425 |   0 |  0 |   0 |  37 | 4.100000e+01 | 9.790000e+01 | 138.78%| unknown
 1221s|170700 |125463 | 22496k| 131.8 |   277M | 247 | 951 |5425 |5425 |   0 |  0 |   0 |  37 | 4.100000e+01 | 9.790000e+01 | 138.78%| unknown
 1221s|170800 |125531 | 22498k| 131.7 |   277M | 247 | 951 |5425 |5425 |   0 |  0 |   0 |  37 | 4.100000e+01 | 9.790000e+01 | 138.78%| unknown
 time | node  | left  |LP iter|LP it/n|mem/heur|mdpt |vars |cons |rows |cuts |sepa|confs|strbr|  dualbound   | primalbound  |  gap   | compl. 
 1221s|170900 |125611 | 22499k| 131.6 |   277M | 247 | 951 |5425 |5425 |   0 |  0 |   0 |  37 | 4.100000e+01 | 9.790000e+01 | 138.78%| unknown
 1222s|171000 |125685 | 22516k| 131.7 |   277M | 247 | 951 |5425 |5425 |   0 |  0 |   0 |  37 | 4.100000e+01 | 9.790000e+01 | 138.78%| unknown
 1224s|171100 |125769 | 22566k| 131.9 |   277M | 247 | 951 |5425 |5425 |   0 |  0 |   0 |  37 | 4.100000e+01 | 9.790000e+01 | 138.78%| unknown
 1225s|171200 |125837 | 22585k| 131.9 |   277M | 247 | 951 |5425 |5425 |   0 |  0 |   0 |  37 | 4.100000e+01 | 9.790000e+01 | 138.78%| unknown
 1227s|171300 |125895 | 22615k| 132.0 |   277M | 247 | 951 |5425 |5425 |   0 |  0 |   0 |  37 | 4.100000e+01 | 9.790000e+01 | 138.78%| unknown
 1228s|171400 |125975 | 22630k| 132.0 |   277M | 247 | 951 |5425 |5425 |   0 |  0 |   0 |  37 | 4.100000e+01 | 9.790000e+01 | 138.78%| unknown
 1228s|171500 |126055 | 22643k| 132.0 |   277M | 247 | 951 |5425 |5425 |   0 |  0 |   0 |  37 | 4.100000e+01 | 9.790000e+01 | 138.78%| unknown
 1229s|171600 |126129 | 22663k| 132.1 |   277M | 247 | 951 |5425 |5425 |   0 |  0 |   0 |  37 | 4.100000e+01 | 9.790000e+01 | 138.78%| unknown
 1231s|171700 |126195 | 22689k| 132.1 |   277M | 247 | 951 |5425 |5425 |   0 |  0 |   0 |  37 | 4.100000e+01 | 9.790000e+01 | 138.78%| unknown
 1231s|171800 |126277 | 22700k| 132.1 |   278M | 247 | 951 |5425 |5425 |   0 |  0 |   0 |  37 | 4.100000e+01 | 9.790000e+01 | 138.78%| unknown
 1231s|171900 |126351 | 22701k| 132.1 |   278M | 247 | 951 |5425 |5425 |   0 |  0 |   0 |  37 | 4.100000e+01 | 9.790000e+01 | 138.78%| unknown
 1232s|172000 |126437 | 22703k| 132.0 |   278M | 247 | 951 |5425 |5425 |   0 |  0 |   0 |  37 | 4.100000e+01 | 9.790000e+01 | 138.78%| unknown
 1232s|172100 |126525 | 22704k| 131.9 |   279M | 247 | 951 |5425 |5425 |   0 |  0 |   0 |  37 | 4.100000e+01 | 9.790000e+01 | 138.78%| unknown
 1232s|172200 |126599 | 22706k| 131.9 |   279M | 247 | 951 |5425 |5425 |   0 |  0 |   0 |  37 | 4.100000e+01 | 9.790000e+01 | 138.78%| unknown
 1232s|172300 |126675 | 22707k| 131.8 |   279M | 247 | 951 |5425 |5425 |   0 |  0 |   0 |  37 | 4.100000e+01 | 9.790000e+01 | 138.78%| unknown
 time | node  | left  |LP iter|LP it/n|mem/heur|mdpt |vars |cons |rows |cuts |sepa|confs|strbr|  dualbound   | primalbound  |  gap   | compl. 
 1233s|172400 |126765 | 22713k| 131.7 |   279M | 247 | 951 |5425 |5425 |   0 |  0 |   0 |  37 | 4.100000e+01 | 9.790000e+01 | 138.78%| unknown
 1234s|172500 |126841 | 22731k| 131.8 |   279M | 247 | 951 |5425 |5425 |   0 |  0 |   0 |  37 | 4.100000e+01 | 9.790000e+01 | 138.78%| unknown
 1234s|172600 |126925 | 22733k| 131.7 |   279M | 247 | 951 |5425 |5425 |   0 |  0 |   0 |  37 | 4.100000e+01 | 9.790000e+01 | 138.78%| unknown
 1234s|172700 |127001 | 22734k| 131.6 |   279M | 247 | 951 |5425 |5425 |   0 |  0 |   0 |  37 | 4.100000e+01 | 9.790000e+01 | 138.78%| unknown
 1234s|172800 |127081 | 22736k| 131.6 |   281M | 247 | 951 |5425 |5425 |   0 |  0 |   0 |  37 | 4.100000e+01 | 9.790000e+01 | 138.78%| unknown
 1234s|172900 |127153 | 22737k| 131.5 |   281M | 247 | 951 |5425 |5425 |   0 |  0 |   0 |  37 | 4.100000e+01 | 9.790000e+01 | 138.78%| unknown
 1235s|173000 |127233 | 22738k| 131.4 |   281M | 247 | 951 |5425 |5425 |   0 |  0 |   0 |  37 | 4.100000e+01 | 9.790000e+01 | 138.78%| unknown
 1235s|173100 |127311 | 22748k| 131.4 |   281M | 247 | 951 |5425 |5425 |   0 |  0 |   0 |  37 | 4.100000e+01 | 9.790000e+01 | 138.78%| unknown
 1236s|173200 |127385 | 22770k| 131.5 |   281M | 247 | 951 |5425 |5425 |   0 |  0 |   0 |  37 | 4.100000e+01 | 9.790000e+01 | 138.78%| unknown
 1237s|173300 |127453 | 22797k| 131.5 |   281M | 247 | 951 |5425 |5425 |   0 |  0 |   0 |  37 | 4.100000e+01 | 9.790000e+01 | 138.78%| unknown
 1239s|173400 |127529 | 22827k| 131.6 |   281M | 247 | 951 |5425 |5425 |   0 |  0 |   0 |  37 | 4.100000e+01 | 9.790000e+01 | 138.78%| unknown
 1240s|173500 |127599 | 22854k| 131.7 |   281M | 247 | 951 |5425 |5425 |   0 |  0 |   0 |  37 | 4.100000e+01 | 9.790000e+01 | 138.78%| unknown
 1241s|173600 |127665 | 22880k| 131.8 |   281M | 247 | 951 |5425 |5425 |   0 |  0 |   0 |  37 | 4.100000e+01 | 9.790000e+01 | 138.78%| unknown
 1242s|173700 |127747 | 22893k| 131.8 |   281M | 247 | 951 |5425 |5425 |   0 |  0 |   0 |  37 | 4.100000e+01 | 9.790000e+01 | 138.78%| unknown
 1243s|173800 |127809 | 22903k| 131.8 |   281M | 247 | 951 |5425 |5425 |   0 |  0 |   0 |  37 | 4.100000e+01 | 9.790000e+01 | 138.78%| unknown
 time | node  | left  |LP iter|LP it/n|mem/heur|mdpt |vars |cons |rows |cuts |sepa|confs|strbr|  dualbound   | primalbound  |  gap   | compl. 
 1243s|173900 |127875 | 22905k| 131.7 |   282M | 247 | 951 |5425 |5425 |   0 |  0 |   0 |  37 | 4.100000e+01 | 9.790000e+01 | 138.78%| unknown
 1243s|174000 |127949 | 22906k| 131.6 |   282M | 247 | 951 |5425 |5425 |   0 |  0 |   0 |  37 | 4.100000e+01 | 9.790000e+01 | 138.78%| unknown
 1243s|174100 |128021 | 22907k| 131.6 |   282M | 247 | 951 |5425 |5425 |   0 |  0 |   0 |  37 | 4.100000e+01 | 9.790000e+01 | 138.78%| unknown
 1244s|174200 |128091 | 22913k| 131.5 |   282M | 247 | 951 |5425 |5425 |   0 |  0 |   0 |  37 | 4.100000e+01 | 9.790000e+01 | 138.78%| unknown
 1244s|174300 |128181 | 22926k| 131.5 |   282M | 247 | 951 |5425 |5425 |   0 |  0 |   0 |  37 | 4.100000e+01 | 9.790000e+01 | 138.78%| unknown
 1245s|174400 |128241 | 22950k| 131.6 |   282M | 247 | 951 |5425 |5425 |   0 |  0 |   0 |  37 | 4.100000e+01 | 9.790000e+01 | 138.78%| unknown
 1247s|174500 |128313 | 22973k| 131.7 |   282M | 247 | 951 |5425 |5425 |   0 |  0 |   0 |  37 | 4.100000e+01 | 9.790000e+01 | 138.78%| unknown
 1248s|174600 |128389 | 22999k| 131.7 |   282M | 247 | 951 |5425 |5425 |   0 |  0 |   0 |  37 | 4.100000e+01 | 9.790000e+01 | 138.78%| unknown
 1249s|174700 |128459 | 23022k| 131.8 |   282M | 247 | 951 |5425 |5425 |   0 |  0 |   0 |  37 | 4.100000e+01 | 9.790000e+01 | 138.78%| unknown
 1251s|174800 |128535 | 23048k| 131.9 |   282M | 247 | 951 |5425 |5425 |   0 |  0 |   0 |  37 | 4.100000e+01 | 9.790000e+01 | 138.78%| unknown
 1252s|174900 |128599 | 23067k| 131.9 |   282M | 247 | 951 |5425 |5425 |   0 |  0 |   0 |  37 | 4.100000e+01 | 9.790000e+01 | 138.78%| unknown
 1253s|175000 |128675 | 23084k| 131.9 |   283M | 247 | 951 |5425 |5425 |   0 |  0 |   0 |  37 | 4.100000e+01 | 9.790000e+01 | 138.78%| unknown
 1254s|175100 |128761 | 23111k| 132.0 |   283M | 247 | 951 |5425 |5425 |   0 |  0 |   0 |  37 | 4.100000e+01 | 9.790000e+01 | 138.78%| unknown
 1256s|175200 |128823 | 23144k| 132.1 |   283M | 247 | 951 |5425 |5425 |   0 |  0 |   0 |  37 | 4.100000e+01 | 9.790000e+01 | 138.78%| unknown
 1256s|175300 |128885 | 23163k| 132.1 |   283M | 247 | 951 |5425 |5425 |   0 |  0 |   0 |  37 | 4.100000e+01 | 9.790000e+01 | 138.78%| unknown
 time | node  | left  |LP iter|LP it/n|mem/heur|mdpt |vars |cons |rows |cuts |sepa|confs|strbr|  dualbound   | primalbound  |  gap   | compl. 
 1258s|175400 |128937 | 23184k| 132.2 |   283M | 247 | 951 |5425 |5425 |   0 |  0 |   0 |  37 | 4.100000e+01 | 9.790000e+01 | 138.78%| unknown
 1258s|175500 |129009 | 23202k| 132.2 |   283M | 247 | 951 |5425 |5425 |   0 |  0 |   0 |  37 | 4.100000e+01 | 9.790000e+01 | 138.78%| unknown
 1259s|175600 |129091 | 23219k| 132.2 |   283M | 247 | 951 |5425 |5425 |   0 |  0 |   0 |  37 | 4.100000e+01 | 9.790000e+01 | 138.78%| unknown
 1261s|175700 |129169 | 23242k| 132.3 |   283M | 247 | 951 |5425 |5425 |   0 |  0 |   0 |  37 | 4.100000e+01 | 9.790000e+01 | 138.78%| unknown
 1262s|175800 |129227 | 23276k| 132.4 |   284M | 247 | 951 |5425 |5425 |   0 |  0 |   0 |  37 | 4.100000e+01 | 9.790000e+01 | 138.78%| unknown
 1263s|175900 |129295 | 23292k| 132.4 |   284M | 247 | 951 |5425 |5425 |   0 |  0 |   0 |  37 | 4.100000e+01 | 9.790000e+01 | 138.78%| unknown
 1264s|176000 |129377 | 23317k| 132.5 |   284M | 247 | 951 |5425 |5425 |   0 |  0 |   0 |  37 | 4.100000e+01 | 9.790000e+01 | 138.78%| unknown
 1265s|176100 |129453 | 23336k| 132.5 |   285M | 247 | 951 |5425 |5425 |   0 |  0 |   0 |  37 | 4.100000e+01 | 9.790000e+01 | 138.78%| unknown
 1266s|176200 |129523 | 23353k| 132.5 |   285M | 247 | 951 |5425 |5425 |   0 |  0 |   0 |  37 | 4.100000e+01 | 9.790000e+01 | 138.78%| unknown
 1267s|176300 |129603 | 23375k| 132.6 |   285M | 247 | 951 |5425 |5425 |   0 |  0 |   0 |  37 | 4.100000e+01 | 9.790000e+01 | 138.78%| unknown
 1268s|176400 |129685 | 23396k| 132.6 |   285M | 247 | 951 |5425 |5425 |   0 |  0 |   0 |  37 | 4.100000e+01 | 9.790000e+01 | 138.78%| unknown
 1269s|176500 |129773 | 23414k| 132.7 |   285M | 247 | 951 |5425 |5425 |   0 |  0 |   0 |  37 | 4.100000e+01 | 9.790000e+01 | 138.78%| unknown
 1270s|176600 |129851 | 23437k| 132.7 |   285M | 247 | 951 |5425 |5425 |   0 |  0 |   0 |  37 | 4.100000e+01 | 9.790000e+01 | 138.78%| unknown
 1272s|176700 |129923 | 23473k| 132.8 |   285M | 247 | 951 |5425 |5425 |   0 |  0 |   0 |  37 | 4.100000e+01 | 9.790000e+01 | 138.78%| unknown
 1273s|176800 |129995 | 23492k| 132.9 |   285M | 247 | 951 |5425 |5425 |   0 |  0 |   0 |  37 | 4.100000e+01 | 9.790000e+01 | 138.78%| unknown
 time | node  | left  |LP iter|LP it/n|mem/heur|mdpt |vars |cons |rows |cuts |sepa|confs|strbr|  dualbound   | primalbound  |  gap   | compl. 
 1274s|176900 |130065 | 23507k| 132.9 |   285M | 247 | 951 |5425 |5425 |   0 |  0 |   0 |  37 | 4.100000e+01 | 9.790000e+01 | 138.78%| unknown
 1274s|177000 |130127 | 23509k| 132.8 |   285M | 247 | 951 |5425 |5425 |   0 |  0 |   0 |  37 | 4.100000e+01 | 9.790000e+01 | 138.78%| unknown
 1274s|177100 |130209 | 23510k| 132.7 |   285M | 247 | 951 |5425 |5425 |   0 |  0 |   0 |  37 | 4.100000e+01 | 9.790000e+01 | 138.78%| unknown
 1274s|177200 |130281 | 23511k| 132.7 |   286M | 247 | 951 |5425 |5425 |   0 |  0 |   0 |  37 | 4.100000e+01 | 9.790000e+01 | 138.78%| unknown
 1275s|177300 |130347 | 23526k| 132.7 |   286M | 247 | 951 |5425 |5425 |   0 |  0 |   0 |  37 | 4.100000e+01 | 9.790000e+01 | 138.78%| unknown
 1276s|177400 |130433 | 23546k| 132.7 |   286M | 247 | 951 |5425 |5425 |   0 |  0 |   0 |  37 | 4.100000e+01 | 9.790000e+01 | 138.78%| unknown
 1277s|177500 |130507 | 23562k| 132.7 |   286M | 247 | 951 |5425 |5425 |   0 |  0 |   0 |  37 | 4.100000e+01 | 9.790000e+01 | 138.78%| unknown
 1278s|177600 |130573 | 23584k| 132.8 |   287M | 247 | 951 |5425 |5425 |   0 |  0 |   0 |  37 | 4.100000e+01 | 9.790000e+01 | 138.78%| unknown
 1279s|177700 |130643 | 23602k| 132.8 |   287M | 247 | 951 |5425 |5425 |   0 |  0 |   0 |  37 | 4.100000e+01 | 9.790000e+01 | 138.78%| unknown
 1280s|177800 |130709 | 23620k| 132.8 |   287M | 247 | 951 |5425 |5425 |   0 |  0 |   0 |  37 | 4.100000e+01 | 9.790000e+01 | 138.78%| unknown
 1281s|177900 |130783 | 23640k| 132.9 |   287M | 247 | 951 |5425 |5425 |   0 |  0 |   0 |  37 | 4.100000e+01 | 9.790000e+01 | 138.78%| unknown
 1283s|178000 |130845 | 23674k| 133.0 |   287M | 247 | 951 |5425 |5425 |   0 |  0 |   0 |  37 | 4.100000e+01 | 9.790000e+01 | 138.78%| unknown
 1283s|178100 |130923 | 23685k| 133.0 |   287M | 247 | 951 |5425 |5425 |   0 |  0 |   0 |  37 | 4.100000e+01 | 9.790000e+01 | 138.78%| unknown
 1284s|178200 |130997 | 23686k| 132.9 |   287M | 247 | 951 |5425 |5425 |   0 |  0 |   0 |  37 | 4.100000e+01 | 9.790000e+01 | 138.78%| unknown
 1284s|178300 |131045 | 23688k| 132.9 |   289M | 247 | 951 |5425 |5425 |   0 |  0 |   0 |  37 | 4.100000e+01 | 9.790000e+01 | 138.78%| unknown
 time | node  | left  |LP iter|LP it/n|mem/heur|mdpt |vars |cons |rows |cuts |sepa|confs|strbr|  dualbound   | primalbound  |  gap   | compl. 
 1284s|178400 |131107 | 23689k| 132.8 |   289M | 247 | 951 |5425 |5425 |   0 |  0 |   0 |  37 | 4.100000e+01 | 9.790000e+01 | 138.78%| unknown
 1284s|178500 |131181 | 23691k| 132.7 |   289M | 247 | 951 |5425 |5425 |   0 |  0 |   0 |  37 | 4.100000e+01 | 9.790000e+01 | 138.78%| unknown
 1284s|178600 |131249 | 23693k| 132.7 |   289M | 247 | 951 |5425 |5425 |   0 |  0 |   0 |  37 | 4.100000e+01 | 9.790000e+01 | 138.78%| unknown
 1285s|178700 |131331 | 23716k| 132.7 |   289M | 247 | 951 |5425 |5425 |   0 |  0 |   0 |  37 | 4.100000e+01 | 9.790000e+01 | 138.78%| unknown
 1286s|178800 |131409 | 23728k| 132.7 |   289M | 247 | 951 |5425 |5425 |   0 |  0 |   0 |  37 | 4.100000e+01 | 9.790000e+01 | 138.78%| unknown
 1286s|178900 |131497 | 23730k| 132.6 |   289M | 247 | 951 |5425 |5425 |   0 |  0 |   0 |  37 | 4.100000e+01 | 9.790000e+01 | 138.78%| unknown
 1287s|179000 |131573 | 23731k| 132.6 |   289M | 247 | 951 |5425 |5425 |   0 |  0 |   0 |  37 | 4.100000e+01 | 9.790000e+01 | 138.78%| unknown
 1287s|179100 |131651 | 23733k| 132.5 |   289M | 247 | 951 |5425 |5425 |   0 |  0 |   0 |  37 | 4.100000e+01 | 9.790000e+01 | 138.78%| unknown
 1287s|179200 |131739 | 23734k| 132.4 |   289M | 247 | 951 |5425 |5425 |   0 |  0 |   0 |  37 | 4.100000e+01 | 9.790000e+01 | 138.78%| unknown
 1287s|179300 |131811 | 23736k| 132.4 |   290M | 247 | 951 |5425 |5425 |   0 |  0 |   0 |  37 | 4.100000e+01 | 9.790000e+01 | 138.78%| unknown
 1287s|179400 |131867 | 23737k| 132.3 |   290M | 247 | 951 |5425 |5425 |   0 |  0 |   0 |  37 | 4.100000e+01 | 9.790000e+01 | 138.78%| unknown
 1287s|179500 |131939 | 23738k| 132.2 |   290M | 247 | 951 |5425 |5425 |   0 |  0 |   0 |  37 | 4.100000e+01 | 9.790000e+01 | 138.78%| unknown
 1288s|179600 |132017 | 23739k| 132.2 |   290M | 247 | 951 |5425 |5425 |   0 |  0 |   0 |  37 | 4.100000e+01 | 9.790000e+01 | 138.78%| unknown
 1288s|179700 |132093 | 23740k| 132.1 |   290M | 247 | 951 |5425 |5425 |   0 |  0 |   0 |  37 | 4.100000e+01 | 9.790000e+01 | 138.78%| unknown
 1289s|179800 |132167 | 23759k| 132.1 |   290M | 247 | 951 |5425 |5425 |   0 |  0 |   0 |  37 | 4.100000e+01 | 9.790000e+01 | 138.78%| unknown
 time | node  | left  |LP iter|LP it/n|mem/heur|mdpt |vars |cons |rows |cuts |sepa|confs|strbr|  dualbound   | primalbound  |  gap   | compl. 
 1290s|179900 |132237 | 23778k| 132.2 |   290M | 247 | 951 |5425 |5425 |   0 |  0 |   0 |  37 | 4.100000e+01 | 9.790000e+01 | 138.78%| unknown
 1291s|180000 |132323 | 23805k| 132.2 |   291M | 247 | 951 |5425 |5425 |   0 |  0 |   0 |  37 | 4.100000e+01 | 9.790000e+01 | 138.78%| unknown
 1293s|180100 |132389 | 23851k| 132.4 |   291M | 247 | 951 |5425 |5425 |   0 |  0 |   0 |  37 | 4.100000e+01 | 9.790000e+01 | 138.78%| unknown
 1295s|180200 |132467 | 23878k| 132.5 |   291M | 247 | 951 |5425 |5425 |   0 |  0 |   0 |  37 | 4.100000e+01 | 9.790000e+01 | 138.78%| unknown
 1297s|180300 |132533 | 23915k| 132.6 |   291M | 247 | 951 |5425 |5425 |   0 |  0 |   0 |  37 | 4.100000e+01 | 9.790000e+01 | 138.78%| unknown
 1298s|180400 |132613 | 23944k| 132.7 |   292M | 247 | 951 |5425 |5425 |   0 |  0 |   0 |  37 | 4.100000e+01 | 9.790000e+01 | 138.78%| unknown
 1299s|180500 |132687 | 23958k| 132.7 |   292M | 247 | 951 |5425 |5425 |   0 |  0 |   0 |  37 | 4.100000e+01 | 9.790000e+01 | 138.78%| unknown
 1300s|180600 |132763 | 23976k| 132.8 |   292M | 247 | 951 |5425 |5425 |   0 |  0 |   0 |  37 | 4.100000e+01 | 9.790000e+01 | 138.78%| unknown
 1301s|180700 |132827 | 24006k| 132.8 |   292M | 247 | 951 |5425 |5425 |   0 |  0 |   0 |  37 | 4.100000e+01 | 9.790000e+01 | 138.78%| unknown
 1302s|180800 |132871 | 24013k| 132.8 |   292M | 247 | 951 |5425 |5425 |   0 |  0 |   0 |  37 | 4.100000e+01 | 9.790000e+01 | 138.78%| unknown
 1303s|180900 |132933 | 24033k| 132.9 |   292M | 247 | 951 |5425 |5425 |   0 |  0 |   0 |  37 | 4.100000e+01 | 9.790000e+01 | 138.78%| unknown
 1304s|181000 |133009 | 24057k| 132.9 |   292M | 247 | 951 |5425 |5425 |   0 |  0 |   0 |  37 | 4.100000e+01 | 9.790000e+01 | 138.78%| unknown
 1305s|181100 |133087 | 24077k| 132.9 |   292M | 247 | 951 |5425 |5425 |   0 |  0 |   0 |  37 | 4.100000e+01 | 9.790000e+01 | 138.78%| unknown
 1306s|181200 |133163 | 24100k| 133.0 |   292M | 247 | 951 |5425 |5425 |   0 |  0 |   0 |  37 | 4.100000e+01 | 9.790000e+01 | 138.78%| unknown
 1307s|181300 |133237 | 24118k| 133.0 |   292M | 247 | 951 |5425 |5425 |   0 |  0 |   0 |  37 | 4.100000e+01 | 9.790000e+01 | 138.78%| unknown
 time | node  | left  |LP iter|LP it/n|mem/heur|mdpt |vars |cons |rows |cuts |sepa|confs|strbr|  dualbound   | primalbound  |  gap   | compl. 
 1308s|181400 |133305 | 24140k| 133.1 |   292M | 247 | 951 |5425 |5425 |   0 |  0 |   0 |  37 | 4.100000e+01 | 9.790000e+01 | 138.78%| unknown
 1309s|181500 |133379 | 24156k| 133.1 |   292M | 247 | 951 |5425 |5425 |   0 |  0 |   0 |  37 | 4.100000e+01 | 9.790000e+01 | 138.78%| unknown
 1310s|181600 |133445 | 24179k| 133.1 |   293M | 247 | 951 |5425 |5425 |   0 |  0 |   0 |  37 | 4.100000e+01 | 9.790000e+01 | 138.78%| unknown
 1311s|181700 |133523 | 24196k| 133.2 |   293M | 247 | 951 |5425 |5425 |   0 |  0 |   0 |  37 | 4.100000e+01 | 9.790000e+01 | 138.78%| unknown
 1312s|181800 |133603 | 24213k| 133.2 |   293M | 247 | 951 |5425 |5425 |   0 |  0 |   0 |  37 | 4.100000e+01 | 9.790000e+01 | 138.78%| unknown
 1313s|181900 |133683 | 24230k| 133.2 |   293M | 247 | 951 |5425 |5425 |   0 |  0 |   0 |  37 | 4.100000e+01 | 9.790000e+01 | 138.78%| unknown
 1314s|182000 |133749 | 24249k| 133.2 |   293M | 247 | 951 |5425 |5425 |   0 |  0 |   0 |  37 | 4.100000e+01 | 9.790000e+01 | 138.78%| unknown
 1314s|182100 |133807 | 24251k| 133.2 |   293M | 247 | 951 |5425 |5425 |   0 |  0 |   0 |  37 | 4.100000e+01 | 9.790000e+01 | 138.78%| unknown
 1315s|182200 |133881 | 24272k| 133.2 |   293M | 247 | 951 |5425 |5425 |   0 |  0 |   0 |  37 | 4.100000e+01 | 9.790000e+01 | 138.78%| unknown
 1316s|182300 |133949 | 24290k| 133.2 |   293M | 247 | 951 |5425 |5425 |   0 |  0 |   0 |  37 | 4.100000e+01 | 9.790000e+01 | 138.78%| unknown
 1317s|182400 |134029 | 24301k| 133.2 |   293M | 247 | 951 |5425 |5425 |   0 |  0 |   0 |  37 | 4.100000e+01 | 9.790000e+01 | 138.78%| unknown
 1318s|182500 |134081 | 24327k| 133.3 |   293M | 247 | 951 |5425 |5425 |   0 |  0 |   0 |  37 | 4.100000e+01 | 9.790000e+01 | 138.78%| unknown
 1319s|182600 |134141 | 24357k| 133.4 |   293M | 247 | 951 |5425 |5425 |   0 |  0 |   0 |  37 | 4.100000e+01 | 9.790000e+01 | 138.78%| unknown
 1321s|182700 |134209 | 24378k| 133.4 |   294M | 247 | 951 |5425 |5425 |   0 |  0 |   0 |  37 | 4.100000e+01 | 9.790000e+01 | 138.78%| unknown
 1321s|182800 |134287 | 24390k| 133.4 |   294M | 247 | 951 |5425 |5425 |   0 |  0 |   0 |  37 | 4.100000e+01 | 9.790000e+01 | 138.78%| unknown
 time | node  | left  |LP iter|LP it/n|mem/heur|mdpt |vars |cons |rows |cuts |sepa|confs|strbr|  dualbound   | primalbound  |  gap   | compl. 
 1322s|182900 |134359 | 24409k| 133.5 |   294M | 247 | 951 |5425 |5425 |   0 |  0 |   0 |  37 | 4.100000e+01 | 9.790000e+01 | 138.78%| unknown
 1323s|183000 |134433 | 24433k| 133.5 |   294M | 247 | 951 |5425 |5425 |   0 |  0 |   0 |  37 | 4.100000e+01 | 9.790000e+01 | 138.78%| unknown
 1324s|183100 |134501 | 24450k| 133.5 |   294M | 247 | 951 |5425 |5425 |   0 |  0 |   0 |  37 | 4.100000e+01 | 9.790000e+01 | 138.78%| unknown
 1326s|183200 |134557 | 24486k| 133.7 |   294M | 247 | 951 |5425 |5425 |   0 |  0 |   0 |  37 | 4.100000e+01 | 9.790000e+01 | 138.78%| unknown
 1327s|183300 |134637 | 24514k| 133.7 |   294M | 247 | 951 |5425 |5425 |   0 |  0 |   0 |  37 | 4.100000e+01 | 9.790000e+01 | 138.78%| unknown
 1328s|183400 |134709 | 24530k| 133.8 |   294M | 247 | 951 |5425 |5425 |   0 |  0 |   0 |  37 | 4.100000e+01 | 9.790000e+01 | 138.78%| unknown
 1329s|183500 |134767 | 24552k| 133.8 |   294M | 247 | 951 |5425 |5425 |   0 |  0 |   0 |  37 | 4.100000e+01 | 9.790000e+01 | 138.78%| unknown
 1330s|183600 |134839 | 24574k| 133.8 |   294M | 247 | 951 |5425 |5425 |   0 |  0 |   0 |  37 | 4.100000e+01 | 9.790000e+01 | 138.78%| unknown
 1332s|183700 |134907 | 24598k| 133.9 |   294M | 247 | 951 |5425 |5425 |   0 |  0 |   0 |  37 | 4.100000e+01 | 9.790000e+01 | 138.78%| unknown
 1333s|183800 |134979 | 24621k| 134.0 |   294M | 247 | 951 |5425 |5425 |   0 |  0 |   0 |  37 | 4.100000e+01 | 9.790000e+01 | 138.78%| unknown
 1334s|183900 |135063 | 24640k| 134.0 |   295M | 247 | 951 |5425 |5425 |   0 |  0 |   0 |  37 | 4.100000e+01 | 9.790000e+01 | 138.78%| unknown
 1335s|184000 |135145 | 24668k| 134.1 |   295M | 247 | 951 |5425 |5425 |   0 |  0 |   0 |  37 | 4.100000e+01 | 9.790000e+01 | 138.78%| unknown
 1336s|184100 |135219 | 24683k| 134.1 |   295M | 247 | 951 |5425 |5425 |   0 |  0 |   0 |  37 | 4.100000e+01 | 9.790000e+01 | 138.78%| unknown
 1337s|184200 |135291 | 24702k| 134.1 |   295M | 247 | 951 |5425 |5425 |   0 |  0 |   0 |  37 | 4.100000e+01 | 9.790000e+01 | 138.78%| unknown
 1338s|184300 |135361 | 24729k| 134.2 |   296M | 247 | 951 |5425 |5425 |   0 |  0 |   0 |  37 | 4.100000e+01 | 9.790000e+01 | 138.78%| unknown
 time | node  | left  |LP iter|LP it/n|mem/heur|mdpt |vars |cons |rows |cuts |sepa|confs|strbr|  dualbound   | primalbound  |  gap   | compl. 
 1340s|184400 |135431 | 24760k| 134.3 |   296M | 247 | 951 |5425 |5425 |   0 |  0 |   0 |  37 | 4.100000e+01 | 9.790000e+01 | 138.78%| unknown
 1340s|184500 |135495 | 24771k| 134.3 |   296M | 247 | 951 |5425 |5425 |   0 |  0 |   0 |  37 | 4.100000e+01 | 9.790000e+01 | 138.78%| unknown
 1341s|184600 |135575 | 24773k| 134.2 |   297M | 247 | 951 |5425 |5425 |   0 |  0 |   0 |  37 | 4.100000e+01 | 9.790000e+01 | 138.78%| unknown
 1341s|184700 |135643 | 24774k| 134.1 |   297M | 247 | 951 |5425 |5425 |   0 |  0 |   0 |  37 | 4.100000e+01 | 9.790000e+01 | 138.78%| unknown
 1341s|184800 |135721 | 24776k| 134.1 |   297M | 247 | 951 |5425 |5425 |   0 |  0 |   0 |  37 | 4.100000e+01 | 9.790000e+01 | 138.78%| unknown
 1342s|184900 |135797 | 24793k| 134.1 |   298M | 247 | 951 |5425 |5425 |   0 |  0 |   0 |  37 | 4.100000e+01 | 9.790000e+01 | 138.78%| unknown
 1344s|185000 |135873 | 24844k| 134.3 |   298M | 247 | 951 |5425 |5425 |   0 |  0 |   0 |  37 | 4.100000e+01 | 9.790000e+01 | 138.78%| unknown
 1345s|185100 |135951 | 24862k| 134.3 |   298M | 247 | 951 |5425 |5425 |   0 |  0 |   0 |  37 | 4.100000e+01 | 9.790000e+01 | 138.78%| unknown
 1346s|185200 |136029 | 24883k| 134.4 |   298M | 247 | 951 |5425 |5425 |   0 |  0 |   0 |  37 | 4.100000e+01 | 9.790000e+01 | 138.78%| unknown
 1347s|185300 |136113 | 24898k| 134.4 |   298M | 247 | 951 |5425 |5425 |   0 |  0 |   0 |  37 | 4.100000e+01 | 9.790000e+01 | 138.78%| unknown
 1348s|185400 |136185 | 24923k| 134.4 |   298M | 247 | 951 |5425 |5425 |   0 |  0 |   0 |  37 | 4.100000e+01 | 9.790000e+01 | 138.78%| unknown
 1349s|185500 |136247 | 24942k| 134.5 |   299M | 247 | 951 |5425 |5425 |   0 |  0 |   0 |  37 | 4.100000e+01 | 9.790000e+01 | 138.78%| unknown
 1350s|185600 |136325 | 24956k| 134.5 |   299M | 247 | 951 |5425 |5425 |   0 |  0 |   0 |  37 | 4.100000e+01 | 9.790000e+01 | 138.78%| unknown
 1351s|185700 |136403 | 24975k| 134.5 |   299M | 247 | 951 |5425 |5425 |   0 |  0 |   0 |  37 | 4.100000e+01 | 9.790000e+01 | 138.78%| unknown
 1352s|185800 |136481 | 25000k| 134.6 |   299M | 247 | 951 |5425 |5425 |   0 |  0 |   0 |  37 | 4.100000e+01 | 9.790000e+01 | 138.78%| unknown
 time | node  | left  |LP iter|LP it/n|mem/heur|mdpt |vars |cons |rows |cuts |sepa|confs|strbr|  dualbound   | primalbound  |  gap   | compl. 
 1353s|185900 |136557 | 25020k| 134.6 |   299M | 247 | 951 |5425 |5425 |   0 |  0 |   0 |  37 | 4.100000e+01 | 9.790000e+01 | 138.78%| unknown
 1354s|186000 |136633 | 25036k| 134.6 |   300M | 247 | 951 |5425 |5425 |   0 |  0 |   0 |  37 | 4.100000e+01 | 9.790000e+01 | 138.78%| unknown
 1355s|186100 |136711 | 25052k| 134.6 |   300M | 247 | 951 |5425 |5425 |   0 |  0 |   0 |  37 | 4.100000e+01 | 9.790000e+01 | 138.78%| unknown
 1355s|186200 |136785 | 25068k| 134.6 |   300M | 247 | 951 |5425 |5425 |   0 |  0 |   0 |  37 | 4.100000e+01 | 9.790000e+01 | 138.78%| unknown
 1356s|186300 |136869 | 25069k| 134.6 |   300M | 247 | 951 |5425 |5425 |   0 |  0 |   0 |  37 | 4.100000e+01 | 9.790000e+01 | 138.78%| unknown
 1356s|186400 |136939 | 25071k| 134.5 |   300M | 247 | 951 |5425 |5425 |   0 |  0 |   0 |  37 | 4.100000e+01 | 9.790000e+01 | 138.78%| unknown
 1356s|186500 |137019 | 25072k| 134.4 |   300M | 247 | 951 |5425 |5425 |   0 |  0 |   0 |  37 | 4.100000e+01 | 9.790000e+01 | 138.78%| unknown
 1356s|186600 |137089 | 25074k| 134.4 |   300M | 247 | 951 |5425 |5425 |   0 |  0 |   0 |  37 | 4.100000e+01 | 9.790000e+01 | 138.78%| unknown
 1357s|186700 |137157 | 25098k| 134.4 |   300M | 247 | 951 |5425 |5425 |   0 |  0 |   0 |  37 | 4.100000e+01 | 9.790000e+01 | 138.78%| unknown
 1358s|186800 |137207 | 25099k| 134.4 |   300M | 247 | 951 |5425 |5425 |   0 |  0 |   0 |  37 | 4.100000e+01 | 9.790000e+01 | 138.78%| unknown
 1358s|186900 |137267 | 25100k| 134.3 |   300M | 247 | 951 |5425 |5425 |   0 |  0 |   0 |  37 | 4.100000e+01 | 9.790000e+01 | 138.78%| unknown
 1358s|187000 |137327 | 25102k| 134.2 |   300M | 247 | 951 |5425 |5425 |   0 |  0 |   0 |  37 | 4.100000e+01 | 9.790000e+01 | 138.78%| unknown
 1359s|187100 |137395 | 25114k| 134.2 |   301M | 247 | 951 |5425 |5425 |   0 |  0 |   0 |  37 | 4.100000e+01 | 9.790000e+01 | 138.78%| unknown
 1360s|187200 |137455 | 25134k| 134.3 |   301M | 247 | 951 |5425 |5425 |   0 |  0 |   0 |  37 | 4.100000e+01 | 9.790000e+01 | 138.78%| unknown
 1361s|187300 |137517 | 25153k| 134.3 |   301M | 247 | 951 |5425 |5425 |   0 |  0 |   0 |  37 | 4.100000e+01 | 9.790000e+01 | 138.78%| unknown
 time | node  | left  |LP iter|LP it/n|mem/heur|mdpt |vars |cons |rows |cuts |sepa|confs|strbr|  dualbound   | primalbound  |  gap   | compl. 
 1361s|187400 |137591 | 25154k| 134.2 |   301M | 247 | 951 |5425 |5425 |   0 |  0 |   0 |  37 | 4.100000e+01 | 9.790000e+01 | 138.78%| unknown
 1361s|187500 |137657 | 25157k| 134.2 |   301M | 247 | 951 |5425 |5425 |   0 |  0 |   0 |  37 | 4.100000e+01 | 9.790000e+01 | 138.78%| unknown
 1361s|187600 |137707 | 25158k| 134.1 |   301M | 247 | 951 |5425 |5425 |   0 |  0 |   0 |  37 | 4.100000e+01 | 9.790000e+01 | 138.78%| unknown
 1361s|187700 |137785 | 25160k| 134.0 |   301M | 247 | 951 |5425 |5425 |   0 |  0 |   0 |  37 | 4.100000e+01 | 9.790000e+01 | 138.78%| unknown
 1362s|187800 |137853 | 25162k| 134.0 |   301M | 247 | 951 |5425 |5425 |   0 |  0 |   0 |  37 | 4.100000e+01 | 9.790000e+01 | 138.78%| unknown
 1362s|187900 |137941 | 25165k| 133.9 |   301M | 247 | 951 |5425 |5425 |   0 |  0 |   0 |  37 | 4.100000e+01 | 9.790000e+01 | 138.78%| unknown
 1363s|188000 |138019 | 25195k| 134.0 |   301M | 247 | 951 |5425 |5425 |   0 |  0 |   0 |  37 | 4.100000e+01 | 9.790000e+01 | 138.78%| unknown
 1364s|188100 |138089 | 25217k| 134.1 |   301M | 247 | 951 |5425 |5425 |   0 |  0 |   0 |  37 | 4.100000e+01 | 9.790000e+01 | 138.78%| unknown
 1365s|188200 |138163 | 25219k| 134.0 |   302M | 247 | 951 |5425 |5425 |   0 |  0 |   0 |  37 | 4.100000e+01 | 9.790000e+01 | 138.78%| unknown
 1365s|188300 |138237 | 25220k| 133.9 |   303M | 247 | 951 |5425 |5425 |   0 |  0 |   0 |  37 | 4.100000e+01 | 9.790000e+01 | 138.78%| unknown
 1365s|188400 |138299 | 25222k| 133.9 |   303M | 247 | 951 |5425 |5425 |   0 |  0 |   0 |  37 | 4.100000e+01 | 9.790000e+01 | 138.78%| unknown
 1365s|188500 |138371 | 25224k| 133.8 |   303M | 247 | 951 |5425 |5425 |   0 |  0 |   0 |  37 | 4.100000e+01 | 9.790000e+01 | 138.78%| unknown
 1365s|188600 |138447 | 25225k| 133.7 |   303M | 247 | 951 |5425 |5425 |   0 |  0 |   0 |  37 | 4.100000e+01 | 9.790000e+01 | 138.78%| unknown
 1366s|188700 |138529 | 25241k| 133.8 |   303M | 247 | 951 |5425 |5425 |   0 |  0 |   0 |  37 | 4.100000e+01 | 9.790000e+01 | 138.78%| unknown
 1367s|188800 |138593 | 25262k| 133.8 |   303M | 247 | 951 |5425 |5425 |   0 |  0 |   0 |  37 | 4.100000e+01 | 9.790000e+01 | 138.78%| unknown
 time | node  | left  |LP iter|LP it/n|mem/heur|mdpt |vars |cons |rows |cuts |sepa|confs|strbr|  dualbound   | primalbound  |  gap   | compl. 
 1368s|188900 |138675 | 25280k| 133.8 |   303M | 247 | 951 |5425 |5425 |   0 |  0 |   0 |  37 | 4.100000e+01 | 9.790000e+01 | 138.78%| unknown
 1369s|189000 |138749 | 25294k| 133.8 |   303M | 247 | 951 |5425 |5425 |   0 |  0 |   0 |  37 | 4.100000e+01 | 9.790000e+01 | 138.78%| unknown
 1370s|189100 |138823 | 25314k| 133.9 |   303M | 247 | 951 |5425 |5425 |   0 |  0 |   0 |  37 | 4.100000e+01 | 9.790000e+01 | 138.78%| unknown
 1372s|189200 |138887 | 25345k| 134.0 |   303M | 247 | 951 |5425 |5425 |   0 |  0 |   0 |  37 | 4.100000e+01 | 9.790000e+01 | 138.78%| unknown
 1372s|189300 |138967 | 25363k| 134.0 |   303M | 247 | 951 |5425 |5425 |   0 |  0 |   0 |  37 | 4.100000e+01 | 9.790000e+01 | 138.78%| unknown
 1373s|189400 |139051 | 25379k| 134.0 |   304M | 247 | 951 |5425 |5425 |   0 |  0 |   0 |  37 | 4.100000e+01 | 9.790000e+01 | 138.78%| unknown
 1374s|189500 |139127 | 25399k| 134.0 |   304M | 247 | 951 |5425 |5425 |   0 |  0 |   0 |  37 | 4.100000e+01 | 9.790000e+01 | 138.78%| unknown
 1375s|189600 |139199 | 25424k| 134.1 |   304M | 247 | 951 |5425 |5425 |   0 |  0 |   0 |  37 | 4.100000e+01 | 9.790000e+01 | 138.78%| unknown
 1377s|189700 |139259 | 25445k| 134.1 |   304M | 247 | 951 |5425 |5425 |   0 |  0 |   0 |  37 | 4.100000e+01 | 9.790000e+01 | 138.78%| unknown
 1377s|189800 |139325 | 25462k| 134.1 |   304M | 247 | 951 |5425 |5425 |   0 |  0 |   0 |  37 | 4.100000e+01 | 9.790000e+01 | 138.78%| unknown
 1379s|189900 |139387 | 25491k| 134.2 |   304M | 247 | 951 |5425 |5425 |   0 |  0 |   0 |  37 | 4.100000e+01 | 9.790000e+01 | 138.78%| unknown
 1380s|190000 |139455 | 25514k| 134.3 |   304M | 247 | 951 |5425 |5425 |   0 |  0 |   0 |  37 | 4.100000e+01 | 9.790000e+01 | 138.78%| unknown
 1381s|190100 |139529 | 25540k| 134.4 |   304M | 247 | 951 |5425 |5425 |   0 |  0 |   0 |  37 | 4.100000e+01 | 9.790000e+01 | 138.78%| unknown
 1382s|190200 |139599 | 25558k| 134.4 |   304M | 247 | 951 |5425 |5425 |   0 |  0 |   0 |  37 | 4.100000e+01 | 9.790000e+01 | 138.78%| unknown
 1383s|190300 |139663 | 25576k| 134.4 |   304M | 247 | 951 |5425 |5425 |   0 |  0 |   0 |  37 | 4.100000e+01 | 9.790000e+01 | 138.78%| unknown
 time | node  | left  |LP iter|LP it/n|mem/heur|mdpt |vars |cons |rows |cuts |sepa|confs|strbr|  dualbound   | primalbound  |  gap   | compl. 
 1383s|190400 |139737 | 25578k| 134.3 |   304M | 247 | 951 |5425 |5425 |   0 |  0 |   0 |  37 | 4.100000e+01 | 9.790000e+01 | 138.78%| unknown
 1384s|190500 |139809 | 25580k| 134.3 |   305M | 247 | 951 |5425 |5425 |   0 |  0 |   0 |  37 | 4.100000e+01 | 9.790000e+01 | 138.78%| unknown
 1384s|190600 |139869 | 25582k| 134.2 |   306M | 247 | 951 |5425 |5425 |   0 |  0 |   0 |  37 | 4.100000e+01 | 9.790000e+01 | 138.78%| unknown
 1384s|190700 |139937 | 25583k| 134.2 |   306M | 247 | 951 |5425 |5425 |   0 |  0 |   0 |  37 | 4.100000e+01 | 9.790000e+01 | 138.78%| unknown
 1384s|190800 |140019 | 25585k| 134.1 |   306M | 247 | 951 |5425 |5425 |   0 |  0 |   0 |  37 | 4.100000e+01 | 9.790000e+01 | 138.78%| unknown
 1384s|190900 |140101 | 25586k| 134.0 |   307M | 247 | 951 |5425 |5425 |   0 |  0 |   0 |  37 | 4.100000e+01 | 9.790000e+01 | 138.78%| unknown
 1385s|191000 |140175 | 25587k| 134.0 |   307M | 247 | 951 |5425 |5425 |   0 |  0 |   0 |  37 | 4.100000e+01 | 9.790000e+01 | 138.78%| unknown
 1385s|191100 |140247 | 25588k| 133.9 |   307M | 247 | 951 |5425 |5425 |   0 |  0 |   0 |  37 | 4.100000e+01 | 9.790000e+01 | 138.78%| unknown
 1385s|191200 |140301 | 25590k| 133.8 |   307M | 247 | 951 |5425 |5425 |   0 |  0 |   0 |  37 | 4.100000e+01 | 9.790000e+01 | 138.78%| unknown
 1385s|191300 |140367 | 25592k| 133.8 |   307M | 247 | 951 |5425 |5425 |   0 |  0 |   0 |  37 | 4.100000e+01 | 9.790000e+01 | 138.78%| unknown
 1385s|191400 |140431 | 25593k| 133.7 |   307M | 247 | 951 |5425 |5425 |   0 |  0 |   0 |  37 | 4.100000e+01 | 9.790000e+01 | 138.78%| unknown
 1385s|191500 |140505 | 25595k| 133.7 |   307M | 247 | 951 |5425 |5425 |   0 |  0 |   0 |  37 | 4.100000e+01 | 9.790000e+01 | 138.78%| unknown
 1386s|191600 |140553 | 25596k| 133.6 |   307M | 247 | 951 |5425 |5425 |   0 |  0 |   0 |  37 | 4.100000e+01 | 9.790000e+01 | 138.78%| unknown
 1386s|191700 |140609 | 25598k| 133.5 |   308M | 247 | 951 |5425 |5425 |   0 |  0 |   0 |  37 | 4.100000e+01 | 9.790000e+01 | 138.78%| unknown
 1386s|191800 |140687 | 25599k| 133.5 |   308M | 247 | 951 |5425 |5425 |   0 |  0 |   0 |  37 | 4.100000e+01 | 9.790000e+01 | 138.78%| unknown
 time | node  | left  |LP iter|LP it/n|mem/heur|mdpt |vars |cons |rows |cuts |sepa|confs|strbr|  dualbound   | primalbound  |  gap   | compl. 
 1386s|191900 |140765 | 25600k| 133.4 |   308M | 247 | 951 |5425 |5425 |   0 |  0 |   0 |  37 | 4.100000e+01 | 9.790000e+01 | 138.78%| unknown
 1386s|192000 |140853 | 25602k| 133.3 |   308M | 247 | 951 |5425 |5425 |   0 |  0 |   0 |  37 | 4.100000e+01 | 9.790000e+01 | 138.78%| unknown
 1388s|192100 |140937 | 25628k| 133.4 |   308M | 247 | 951 |5425 |5425 |   0 |  0 |   0 |  37 | 4.100000e+01 | 9.790000e+01 | 138.78%| unknown
 1389s|192200 |141013 | 25648k| 133.4 |   308M | 247 | 951 |5425 |5425 |   0 |  0 |   0 |  37 | 4.100000e+01 | 9.790000e+01 | 138.78%| unknown
 1390s|192300 |141099 | 25671k| 133.5 |   308M | 247 | 951 |5425 |5425 |   0 |  0 |   0 |  37 | 4.100000e+01 | 9.790000e+01 | 138.78%| unknown
 1391s|192400 |141175 | 25683k| 133.5 |   308M | 247 | 951 |5425 |5425 |   0 |  0 |   0 |  37 | 4.100000e+01 | 9.790000e+01 | 138.78%| unknown
 1391s|192500 |141243 | 25685k| 133.4 |   308M | 247 | 951 |5425 |5425 |   0 |  0 |   0 |  37 | 4.100000e+01 | 9.790000e+01 | 138.78%| unknown
 1391s|192600 |141307 | 25687k| 133.4 |   308M | 247 | 951 |5425 |5425 |   0 |  0 |   0 |  37 | 4.100000e+01 | 9.790000e+01 | 138.78%| unknown
 1391s|192700 |141377 | 25689k| 133.3 |   309M | 247 | 951 |5425 |5425 |   0 |  0 |   0 |  37 | 4.100000e+01 | 9.790000e+01 | 138.78%| unknown
 1391s|192800 |141455 | 25690k| 133.2 |   309M | 247 | 951 |5425 |5425 |   0 |  0 |   0 |  37 | 4.100000e+01 | 9.790000e+01 | 138.78%| unknown
 1392s|192900 |141519 | 25692k| 133.2 |   309M | 247 | 951 |5425 |5425 |   0 |  0 |   0 |  37 | 4.100000e+01 | 9.790000e+01 | 138.78%| unknown
 1392s|193000 |141607 | 25693k| 133.1 |   309M | 247 | 951 |5425 |5425 |   0 |  0 |   0 |  37 | 4.100000e+01 | 9.790000e+01 | 138.78%| unknown
 1392s|193100 |141683 | 25694k| 133.1 |   309M | 247 | 951 |5425 |5425 |   0 |  0 |   0 |  37 | 4.100000e+01 | 9.790000e+01 | 138.78%| unknown
 1392s|193200 |141737 | 25696k| 133.0 |   309M | 247 | 951 |5425 |5425 |   0 |  0 |   0 |  37 | 4.100000e+01 | 9.790000e+01 | 138.78%| unknown
 1392s|193300 |141809 | 25700k| 133.0 |   309M | 247 | 951 |5425 |5425 |   0 |  0 |   0 |  37 | 4.100000e+01 | 9.790000e+01 | 138.78%| unknown
 time | node  | left  |LP iter|LP it/n|mem/heur|mdpt |vars |cons |rows |cuts |sepa|confs|strbr|  dualbound   | primalbound  |  gap   | compl. 
 1393s|193400 |141871 | 25713k| 132.9 |   309M | 247 | 951 |5425 |5425 |   0 |  0 |   0 |  37 | 4.100000e+01 | 9.790000e+01 | 138.78%| unknown
 1394s|193500 |141947 | 25737k| 133.0 |   309M | 247 | 951 |5425 |5425 |   0 |  0 |   0 |  37 | 4.100000e+01 | 9.790000e+01 | 138.78%| unknown
 1395s|193600 |142013 | 25743k| 133.0 |   309M | 247 | 951 |5425 |5425 |   0 |  0 |   0 |  37 | 4.100000e+01 | 9.790000e+01 | 138.78%| unknown
 1395s|193700 |142069 | 25745k| 132.9 |   309M | 247 | 951 |5425 |5425 |   0 |  0 |   0 |  37 | 4.100000e+01 | 9.790000e+01 | 138.78%| unknown
 1395s|193800 |142133 | 25747k| 132.9 |   309M | 247 | 951 |5425 |5425 |   0 |  0 |   0 |  37 | 4.100000e+01 | 9.790000e+01 | 138.78%| unknown
 1395s|193900 |142209 | 25749k| 132.8 |   310M | 247 | 951 |5425 |5425 |   0 |  0 |   0 |  37 | 4.100000e+01 | 9.790000e+01 | 138.78%| unknown
 1396s|194000 |142269 | 25750k| 132.7 |   310M | 247 | 951 |5425 |5425 |   0 |  0 |   0 |  37 | 4.100000e+01 | 9.790000e+01 | 138.78%| unknown
 1396s|194100 |142349 | 25752k| 132.7 |   310M | 247 | 951 |5425 |5425 |   0 |  0 |   0 |  37 | 4.100000e+01 | 9.790000e+01 | 138.78%| unknown
 1396s|194200 |142419 | 25753k| 132.6 |   310M | 247 | 951 |5425 |5425 |   0 |  0 |   0 |  37 | 4.100000e+01 | 9.790000e+01 | 138.78%| unknown
 1396s|194300 |142483 | 25755k| 132.6 |   310M | 247 | 951 |5425 |5425 |   0 |  0 |   0 |  37 | 4.100000e+01 | 9.790000e+01 | 138.78%| unknown
 1397s|194400 |142561 | 25769k| 132.6 |   310M | 247 | 951 |5425 |5425 |   0 |  0 |   0 |  37 | 4.100000e+01 | 9.790000e+01 | 138.78%| unknown
 1398s|194500 |142629 | 25791k| 132.6 |   310M | 247 | 951 |5425 |5425 |   0 |  0 |   0 |  37 | 4.100000e+01 | 9.790000e+01 | 138.78%| unknown
 1399s|194600 |142705 | 25821k| 132.7 |   310M | 247 | 951 |5425 |5425 |   0 |  0 |   0 |  37 | 4.100000e+01 | 9.790000e+01 | 138.78%| unknown
 1401s|194700 |142753 | 25853k| 132.8 |   310M | 247 | 951 |5425 |5425 |   0 |  0 |   0 |  37 | 4.100000e+01 | 9.790000e+01 | 138.78%| unknown
 1402s|194800 |142819 | 25872k| 132.8 |   310M | 247 | 951 |5425 |5425 |   0 |  0 |   0 |  37 | 4.100000e+01 | 9.790000e+01 | 138.78%| unknown
 time | node  | left  |LP iter|LP it/n|mem/heur|mdpt |vars |cons |rows |cuts |sepa|confs|strbr|  dualbound   | primalbound  |  gap   | compl. 
 1403s|194900 |142883 | 25883k| 132.8 |   310M | 247 | 951 |5425 |5425 |   0 |  0 |   0 |  37 | 4.100000e+01 | 9.790000e+01 | 138.78%| unknown
 1404s|195000 |142951 | 25903k| 132.8 |   311M | 247 | 951 |5425 |5425 |   0 |  0 |   0 |  37 | 4.100000e+01 | 9.790000e+01 | 138.78%| unknown
 1405s|195100 |143035 | 25935k| 132.9 |   311M | 247 | 951 |5425 |5425 |   0 |  0 |   0 |  37 | 4.100000e+01 | 9.790000e+01 | 138.78%| unknown
 1406s|195200 |143091 | 25943k| 132.9 |   311M | 247 | 951 |5425 |5425 |   0 |  0 |   0 |  37 | 4.100000e+01 | 9.790000e+01 | 138.78%| unknown
 1406s|195300 |143165 | 25944k| 132.8 |   311M | 247 | 951 |5425 |5425 |   0 |  0 |   0 |  37 | 4.100000e+01 | 9.790000e+01 | 138.78%| unknown
 1406s|195400 |143233 | 25945k| 132.8 |   311M | 247 | 951 |5425 |5425 |   0 |  0 |   0 |  37 | 4.100000e+01 | 9.790000e+01 | 138.78%| unknown
 1406s|195500 |143299 | 25947k| 132.7 |   312M | 247 | 951 |5425 |5425 |   0 |  0 |   0 |  37 | 4.100000e+01 | 9.790000e+01 | 138.78%| unknown
 1406s|195600 |143369 | 25949k| 132.7 |   312M | 247 | 951 |5425 |5425 |   0 |  0 |   0 |  37 | 4.100000e+01 | 9.790000e+01 | 138.78%| unknown
 1407s|195700 |143453 | 25950k| 132.6 |   312M | 247 | 951 |5425 |5425 |   0 |  0 |   0 |  37 | 4.100000e+01 | 9.790000e+01 | 138.78%| unknown
 1407s|195800 |143521 | 25952k| 132.5 |   312M | 247 | 951 |5425 |5425 |   0 |  0 |   0 |  37 | 4.100000e+01 | 9.790000e+01 | 138.78%| unknown
 1407s|195900 |143595 | 25953k| 132.5 |   312M | 247 | 951 |5425 |5425 |   0 |  0 |   0 |  37 | 4.100000e+01 | 9.790000e+01 | 138.78%| unknown
 1407s|196000 |143669 | 25955k| 132.4 |   313M | 247 | 951 |5425 |5425 |   0 |  0 |   0 |  37 | 4.100000e+01 | 9.790000e+01 | 138.78%| unknown
 1407s|196100 |143741 | 25956k| 132.4 |   314M | 247 | 951 |5425 |5425 |   0 |  0 |   0 |  37 | 4.100000e+01 | 9.790000e+01 | 138.78%| unknown
 1408s|196200 |143813 | 25958k| 132.3 |   314M | 247 | 951 |5425 |5425 |   0 |  0 |   0 |  37 | 4.100000e+01 | 9.790000e+01 | 138.78%| unknown
 1408s|196300 |143867 | 25959k| 132.2 |   314M | 247 | 951 |5425 |5425 |   0 |  0 |   0 |  37 | 4.100000e+01 | 9.790000e+01 | 138.78%| unknown
 time | node  | left  |LP iter|LP it/n|mem/heur|mdpt |vars |cons |rows |cuts |sepa|confs|strbr|  dualbound   | primalbound  |  gap   | compl. 
 1408s|196400 |143929 | 25961k| 132.2 |   314M | 247 | 951 |5425 |5425 |   0 |  0 |   0 |  37 | 4.100000e+01 | 9.790000e+01 | 138.78%| unknown
 1408s|196500 |144023 | 25962k| 132.1 |   314M | 247 | 951 |5425 |5425 |   0 |  0 |   0 |  37 | 4.100000e+01 | 9.790000e+01 | 138.78%| unknown
 1408s|196600 |144109 | 25964k| 132.1 |   314M | 247 | 951 |5425 |5425 |   0 |  0 |   0 |  37 | 4.100000e+01 | 9.790000e+01 | 138.78%| unknown
 1409s|196700 |144187 | 25965k| 132.0 |   314M | 247 | 951 |5425 |5425 |   0 |  0 |   0 |  37 | 4.100000e+01 | 9.790000e+01 | 138.78%| unknown
 1409s|196800 |144265 | 25967k| 131.9 |   314M | 247 | 951 |5425 |5425 |   0 |  0 |   0 |  37 | 4.100000e+01 | 9.790000e+01 | 138.78%| unknown
 1409s|196900 |144339 | 25969k| 131.9 |   314M | 247 | 951 |5425 |5425 |   0 |  0 |   0 |  37 | 4.100000e+01 | 9.790000e+01 | 138.78%| unknown
 1409s|197000 |144399 | 25971k| 131.8 |   314M | 247 | 951 |5425 |5425 |   0 |  0 |   0 |  37 | 4.100000e+01 | 9.790000e+01 | 138.78%| unknown
 1409s|197100 |144467 | 25972k| 131.8 |   314M | 247 | 951 |5425 |5425 |   0 |  0 |   0 |  37 | 4.100000e+01 | 9.790000e+01 | 138.78%| unknown
 1410s|197200 |144535 | 25974k| 131.7 |   314M | 247 | 951 |5425 |5425 |   0 |  0 |   0 |  37 | 4.100000e+01 | 9.790000e+01 | 138.78%| unknown
 1410s|197300 |144601 | 25975k| 131.7 |   316M | 247 | 951 |5425 |5425 |   0 |  0 |   0 |  37 | 4.100000e+01 | 9.790000e+01 | 138.78%| unknown
 1410s|197400 |144675 | 25977k| 131.6 |   316M | 247 | 951 |5425 |5425 |   0 |  0 |   0 |  37 | 4.100000e+01 | 9.790000e+01 | 138.78%| unknown
 1410s|197500 |144761 | 25979k| 131.5 |   316M | 247 | 951 |5425 |5425 |   0 |  0 |   0 |  37 | 4.100000e+01 | 9.790000e+01 | 138.78%| unknown
 1411s|197600 |144841 | 25989k| 131.5 |   316M | 247 | 951 |5425 |5425 |   0 |  0 |   0 |  37 | 4.100000e+01 | 9.790000e+01 | 138.78%| unknown
 1411s|197700 |144917 | 25990k| 131.5 |   316M | 247 | 951 |5425 |5425 |   0 |  0 |   0 |  37 | 4.100000e+01 | 9.790000e+01 | 138.78%| unknown
 1411s|197800 |144993 | 25991k| 131.4 |   316M | 247 | 951 |5425 |5425 |   0 |  0 |   0 |  37 | 4.100000e+01 | 9.790000e+01 | 138.78%| unknown
 time | node  | left  |LP iter|LP it/n|mem/heur|mdpt |vars |cons |rows |cuts |sepa|confs|strbr|  dualbound   | primalbound  |  gap   | compl. 
 1411s|197900 |145057 | 25993k| 131.3 |   316M | 247 | 951 |5425 |5425 |   0 |  0 |   0 |  37 | 4.100000e+01 | 9.790000e+01 | 138.78%| unknown
 1412s|198000 |145117 | 25994k| 131.3 |   316M | 247 | 951 |5425 |5425 |   0 |  0 |   0 |  37 | 4.100000e+01 | 9.790000e+01 | 138.78%| unknown
 1412s|198100 |145175 | 25996k| 131.2 |   316M | 247 | 951 |5425 |5425 |   0 |  0 |   0 |  37 | 4.100000e+01 | 9.790000e+01 | 138.78%| unknown
 1412s|198200 |145245 | 25997k| 131.2 |   316M | 247 | 951 |5425 |5425 |   0 |  0 |   0 |  37 | 4.100000e+01 | 9.790000e+01 | 138.78%| unknown
 1413s|198300 |145307 | 26025k| 131.2 |   316M | 247 | 951 |5425 |5425 |   0 |  0 |   0 |  37 | 4.100000e+01 | 9.790000e+01 | 138.78%| unknown
 1414s|198400 |145369 | 26038k| 131.2 |   317M | 247 | 951 |5425 |5425 |   0 |  0 |   0 |  37 | 4.100000e+01 | 9.790000e+01 | 138.78%| unknown
 1415s|198500 |145433 | 26044k| 131.2 |   317M | 247 | 951 |5425 |5425 |   0 |  0 |   0 |  37 | 4.100000e+01 | 9.790000e+01 | 138.78%| unknown
 1415s|198600 |145499 | 26046k| 131.1 |   317M | 247 | 951 |5425 |5425 |   0 |  0 |   0 |  37 | 4.100000e+01 | 9.790000e+01 | 138.78%| unknown
 1415s|198700 |145573 | 26048k| 131.1 |   317M | 247 | 951 |5425 |5425 |   0 |  0 |   0 |  37 | 4.100000e+01 | 9.790000e+01 | 138.78%| unknown
 1415s|198800 |145649 | 26050k| 131.0 |   318M | 247 | 951 |5425 |5425 |   0 |  0 |   0 |  37 | 4.100000e+01 | 9.790000e+01 | 138.78%| unknown
 1415s|198900 |145715 | 26052k| 131.0 |   318M | 247 | 951 |5425 |5425 |   0 |  0 |   0 |  37 | 4.100000e+01 | 9.790000e+01 | 138.78%| unknown
 1416s|199000 |145791 | 26053k| 130.9 |   318M | 247 | 951 |5425 |5425 |   0 |  0 |   0 |  37 | 4.100000e+01 | 9.790000e+01 | 138.78%| unknown
 1416s|199100 |145863 | 26068k| 130.9 |   318M | 247 | 951 |5425 |5425 |   0 |  0 |   0 |  37 | 4.100000e+01 | 9.790000e+01 | 138.78%| unknown
 1418s|199200 |145925 | 26093k| 131.0 |   318M | 247 | 951 |5425 |5425 |   0 |  0 |   0 |  37 | 4.100000e+01 | 9.790000e+01 | 138.78%| unknown
 1419s|199300 |145991 | 26121k| 131.1 |   318M | 247 | 951 |5425 |5425 |   0 |  0 |   0 |  37 | 4.100000e+01 | 9.790000e+01 | 138.78%| unknown
 time | node  | left  |LP iter|LP it/n|mem/heur|mdpt |vars |cons |rows |cuts |sepa|confs|strbr|  dualbound   | primalbound  |  gap   | compl. 
 1420s|199400 |146059 | 26140k| 131.1 |   318M | 247 | 951 |5425 |5425 |   0 |  0 |   0 |  37 | 4.100000e+01 | 9.790000e+01 | 138.78%| unknown
 1421s|199500 |146113 | 26157k| 131.1 |   318M | 247 | 951 |5425 |5425 |   0 |  0 |   0 |  37 | 4.100000e+01 | 9.790000e+01 | 138.78%| unknown
 1422s|199600 |146193 | 26188k| 131.2 |   319M | 247 | 951 |5425 |5425 |   0 |  0 |   0 |  37 | 4.100000e+01 | 9.790000e+01 | 138.78%| unknown
 1424s|199700 |146267 | 26230k| 131.3 |   319M | 247 | 951 |5425 |5425 |   0 |  0 |   0 |  37 | 4.100000e+01 | 9.790000e+01 | 138.78%| unknown
 1425s|199800 |146339 | 26250k| 131.4 |   319M | 247 | 951 |5425 |5425 |   0 |  0 |   0 |  37 | 4.100000e+01 | 9.790000e+01 | 138.78%| unknown
 1426s|199900 |146411 | 26271k| 131.4 |   319M | 247 | 951 |5425 |5425 |   0 |  0 |   0 |  37 | 4.100000e+01 | 9.790000e+01 | 138.78%| unknown
 1427s|200000 |146487 | 26287k| 131.4 |   319M | 247 | 951 |5425 |5425 |   0 |  0 |   0 |  37 | 4.100000e+01 | 9.790000e+01 | 138.78%| unknown
 1428s|200100 |146541 | 26302k| 131.4 |   319M | 247 | 951 |5425 |5425 |   0 |  0 |   0 |  37 | 4.100000e+01 | 9.790000e+01 | 138.78%| unknown
 1429s|200200 |146603 | 26323k| 131.5 |   319M | 247 | 951 |5425 |5425 |   0 |  0 |   0 |  37 | 4.100000e+01 | 9.790000e+01 | 138.78%| unknown
 1430s|200300 |146667 | 26338k| 131.5 |   319M | 247 | 951 |5425 |5425 |   0 |  0 |   0 |  37 | 4.100000e+01 | 9.790000e+01 | 138.78%| unknown
 1431s|200400 |146735 | 26352k| 131.5 |   319M | 247 | 951 |5425 |5425 |   0 |  0 |   0 |  37 | 4.100000e+01 | 9.790000e+01 | 138.78%| unknown
 1432s|200500 |146799 | 26373k| 131.5 |   319M | 247 | 951 |5425 |5425 |   0 |  0 |   0 |  37 | 4.100000e+01 | 9.790000e+01 | 138.78%| unknown
 1433s|200600 |146871 | 26391k| 131.6 |   319M | 247 | 951 |5425 |5425 |   0 |  0 |   0 |  37 | 4.100000e+01 | 9.790000e+01 | 138.78%| unknown
 1434s|200700 |146943 | 26413k| 131.6 |   320M | 247 | 951 |5425 |5425 |   0 |  0 |   0 |  37 | 4.100000e+01 | 9.790000e+01 | 138.78%| unknown
 1435s|200800 |147027 | 26443k| 131.7 |   320M | 247 | 951 |5425 |5425 |   0 |  0 |   0 |  37 | 4.100000e+01 | 9.790000e+01 | 138.78%| unknown
 time | node  | left  |LP iter|LP it/n|mem/heur|mdpt |vars |cons |rows |cuts |sepa|confs|strbr|  dualbound   | primalbound  |  gap   | compl. 
 1437s|200900 |147091 | 26480k| 131.8 |   320M | 247 | 951 |5425 |5425 |   0 |  0 |   0 |  37 | 4.100000e+01 | 9.790000e+01 | 138.78%| unknown
 1438s|201000 |147163 | 26508k| 131.9 |   320M | 247 | 951 |5425 |5425 |   0 |  0 |   0 |  37 | 4.100000e+01 | 9.790000e+01 | 138.78%| unknown
 1439s|201100 |147199 | 26528k| 131.9 |   320M | 247 | 951 |5425 |5425 |   0 |  0 |   0 |  37 | 4.100000e+01 | 9.790000e+01 | 138.78%| unknown
 1440s|201200 |147257 | 26546k| 131.9 |   320M | 247 | 951 |5425 |5425 |   0 |  0 |   0 |  37 | 4.100000e+01 | 9.790000e+01 | 138.78%| unknown
 1440s|201300 |147311 | 26548k| 131.9 |   320M | 247 | 951 |5425 |5425 |   0 |  0 |   0 |  37 | 4.100000e+01 | 9.790000e+01 | 138.78%| unknown
 1441s|201400 |147377 | 26550k| 131.8 |   320M | 247 | 951 |5425 |5425 |   0 |  0 |   0 |  37 | 4.100000e+01 | 9.790000e+01 | 138.78%| unknown
 1441s|201500 |147439 | 26551k| 131.8 |   320M | 247 | 951 |5425 |5425 |   0 |  0 |   0 |  37 | 4.100000e+01 | 9.790000e+01 | 138.78%| unknown
 1441s|201600 |147501 | 26553k| 131.7 |   320M | 247 | 951 |5425 |5425 |   0 |  0 |   0 |  37 | 4.100000e+01 | 9.790000e+01 | 138.78%| unknown
 1441s|201700 |147547 | 26555k| 131.7 |   320M | 247 | 951 |5425 |5425 |   0 |  0 |   0 |  37 | 4.100000e+01 | 9.790000e+01 | 138.78%| unknown
 1441s|201800 |147615 | 26556k| 131.6 |   320M | 247 | 951 |5425 |5425 |   0 |  0 |   0 |  37 | 4.100000e+01 | 9.790000e+01 | 138.78%| unknown
 1442s|201900 |147691 | 26558k| 131.5 |   320M | 247 | 951 |5425 |5425 |   0 |  0 |   0 |  37 | 4.100000e+01 | 9.790000e+01 | 138.78%| unknown
 1442s|202000 |147755 | 26563k| 131.5 |   321M | 247 | 951 |5425 |5425 |   0 |  0 |   0 |  37 | 4.100000e+01 | 9.790000e+01 | 138.78%| unknown
 1443s|202100 |147825 | 26582k| 131.5 |   322M | 247 | 951 |5425 |5425 |   0 |  0 |   0 |  37 | 4.100000e+01 | 9.790000e+01 | 138.78%| unknown
 1444s|202200 |147893 | 26605k| 131.6 |   322M | 247 | 951 |5425 |5425 |   0 |  0 |   0 |  37 | 4.100000e+01 | 9.790000e+01 | 138.78%| unknown
 1444s|202300 |147945 | 26608k| 131.5 |   322M | 247 | 951 |5425 |5425 |   0 |  0 |   0 |  37 | 4.100000e+01 | 9.790000e+01 | 138.78%| unknown
 time | node  | left  |LP iter|LP it/n|mem/heur|mdpt |vars |cons |rows |cuts |sepa|confs|strbr|  dualbound   | primalbound  |  gap   | compl. 
 1445s|202400 |147997 | 26610k| 131.5 |   322M | 247 | 951 |5425 |5425 |   0 |  0 |   0 |  37 | 4.100000e+01 | 9.790000e+01 | 138.78%| unknown
 1445s|202500 |148059 | 26620k| 131.5 |   322M | 247 | 951 |5425 |5425 |   0 |  0 |   0 |  37 | 4.100000e+01 | 9.790000e+01 | 138.78%| unknown
 1446s|202600 |148115 | 26639k| 131.5 |   322M | 247 | 951 |5425 |5425 |   0 |  0 |   0 |  37 | 4.100000e+01 | 9.790000e+01 | 138.78%| unknown
 1447s|202700 |148183 | 26667k| 131.6 |   322M | 247 | 951 |5425 |5425 |   0 |  0 |   0 |  37 | 4.100000e+01 | 9.790000e+01 | 138.78%| unknown
 1449s|202800 |148237 | 26700k| 131.7 |   322M | 247 | 951 |5425 |5425 |   0 |  0 |   0 |  37 | 4.100000e+01 | 9.790000e+01 | 138.78%| unknown
 1450s|202900 |148303 | 26723k| 131.7 |   322M | 247 | 951 |5425 |5425 |   0 |  0 |   0 |  37 | 4.100000e+01 | 9.790000e+01 | 138.78%| unknown
 1451s|203000 |148365 | 26745k| 131.7 |   322M | 247 | 951 |5425 |5425 |   0 |  0 |   0 |  37 | 4.100000e+01 | 9.790000e+01 | 138.78%| unknown
 1452s|203100 |148451 | 26769k| 131.8 |   322M | 247 | 951 |5425 |5425 |   0 |  0 |   0 |  37 | 4.100000e+01 | 9.790000e+01 | 138.78%| unknown
 1453s|203200 |148521 | 26786k| 131.8 |   323M | 247 | 951 |5425 |5425 |   0 |  0 |   0 |  37 | 4.100000e+01 | 9.790000e+01 | 138.78%| unknown
 1455s|203300 |148587 | 26813k| 131.9 |   323M | 247 | 951 |5425 |5425 |   0 |  0 |   0 |  37 | 4.100000e+01 | 9.790000e+01 | 138.78%| unknown
 1455s|203400 |148665 | 26828k| 131.9 |   323M | 247 | 951 |5425 |5425 |   0 |  0 |   0 |  37 | 4.100000e+01 | 9.790000e+01 | 138.78%| unknown
 1456s|203500 |148739 | 26847k| 131.9 |   323M | 247 | 951 |5425 |5425 |   0 |  0 |   0 |  37 | 4.100000e+01 | 9.790000e+01 | 138.78%| unknown
 1458s|203600 |148797 | 26873k| 132.0 |   323M | 247 | 951 |5425 |5425 |   0 |  0 |   0 |  37 | 4.100000e+01 | 9.790000e+01 | 138.78%| unknown
 1459s|203700 |148877 | 26893k| 132.0 |   323M | 247 | 951 |5425 |5425 |   0 |  0 |   0 |  37 | 4.100000e+01 | 9.790000e+01 | 138.78%| unknown
 1460s|203800 |148943 | 26925k| 132.1 |   323M | 247 | 951 |5425 |5425 |   0 |  0 |   0 |  37 | 4.100000e+01 | 9.790000e+01 | 138.78%| unknown
 time | node  | left  |LP iter|LP it/n|mem/heur|mdpt |vars |cons |rows |cuts |sepa|confs|strbr|  dualbound   | primalbound  |  gap   | compl. 
 1462s|203900 |149029 | 26954k| 132.2 |   323M | 247 | 951 |5425 |5425 |   0 |  0 |   0 |  37 | 4.100000e+01 | 9.790000e+01 | 138.78%| unknown
 1463s|204000 |149099 | 26984k| 132.3 |   324M | 247 | 951 |5425 |5425 |   0 |  0 |   0 |  37 | 4.100000e+01 | 9.790000e+01 | 138.78%| unknown
 1464s|204100 |149163 | 27009k| 132.3 |   324M | 247 | 951 |5425 |5425 |   0 |  0 |   0 |  37 | 4.100000e+01 | 9.790000e+01 | 138.78%| unknown
 1466s|204200 |149215 | 27035k| 132.4 |   324M | 247 | 951 |5425 |5425 |   0 |  0 |   0 |  37 | 4.100000e+01 | 9.790000e+01 | 138.78%| unknown
 1467s|204300 |149281 | 27062k| 132.5 |   324M | 247 | 951 |5425 |5425 |   0 |  0 |   0 |  37 | 4.100000e+01 | 9.790000e+01 | 138.78%| unknown
 1468s|204400 |149353 | 27083k| 132.5 |   325M | 247 | 951 |5425 |5425 |   0 |  0 |   0 |  37 | 4.100000e+01 | 9.790000e+01 | 138.78%| unknown
 1469s|204500 |149421 | 27103k| 132.5 |   325M | 247 | 951 |5425 |5425 |   0 |  0 |   0 |  37 | 4.100000e+01 | 9.790000e+01 | 138.78%| unknown
 1470s|204600 |149483 | 27118k| 132.5 |   325M | 247 | 951 |5425 |5425 |   0 |  0 |   0 |  37 | 4.100000e+01 | 9.790000e+01 | 138.78%| unknown
 1472s|204700 |149557 | 27155k| 132.7 |   325M | 247 | 951 |5425 |5425 |   0 |  0 |   0 |  37 | 4.100000e+01 | 9.790000e+01 | 138.78%| unknown
 1473s|204800 |149629 | 27186k| 132.7 |   325M | 247 | 951 |5425 |5425 |   0 |  0 |   0 |  37 | 4.100000e+01 | 9.790000e+01 | 138.78%| unknown
 1474s|204900 |149705 | 27211k| 132.8 |   325M | 247 | 951 |5425 |5425 |   0 |  0 |   0 |  37 | 4.100000e+01 | 9.790000e+01 | 138.78%| unknown
 1476s|205000 |149791 | 27237k| 132.9 |   325M | 247 | 951 |5425 |5425 |   0 |  0 |   0 |  37 | 4.100000e+01 | 9.790000e+01 | 138.78%| unknown
 1477s|205100 |149853 | 27255k| 132.9 |   325M | 247 | 951 |5425 |5425 |   0 |  0 |   0 |  37 | 4.100000e+01 | 9.790000e+01 | 138.78%| unknown
 1478s|205200 |149937 | 27271k| 132.9 |   325M | 247 | 951 |5425 |5425 |   0 |  0 |   0 |  37 | 4.100000e+01 | 9.790000e+01 | 138.78%| unknown
 1478s|205300 |150007 | 27272k| 132.8 |   325M | 247 | 951 |5425 |5425 |   0 |  0 |   0 |  37 | 4.100000e+01 | 9.790000e+01 | 138.78%| unknown
 time | node  | left  |LP iter|LP it/n|mem/heur|mdpt |vars |cons |rows |cuts |sepa|confs|strbr|  dualbound   | primalbound  |  gap   | compl. 
 1478s|205400 |150055 | 27281k| 132.8 |   325M | 247 | 951 |5425 |5425 |   0 |  0 |   0 |  37 | 4.100000e+01 | 9.790000e+01 | 138.78%| unknown
 1479s|205500 |150135 | 27300k| 132.8 |   327M | 247 | 951 |5425 |5425 |   0 |  0 |   0 |  37 | 4.100000e+01 | 9.790000e+01 | 138.78%| unknown
 1480s|205600 |150203 | 27311k| 132.8 |   327M | 247 | 951 |5425 |5425 |   0 |  0 |   0 |  37 | 4.100000e+01 | 9.790000e+01 | 138.78%| unknown
 1481s|205700 |150269 | 27334k| 132.9 |   327M | 247 | 951 |5425 |5425 |   0 |  0 |   0 |  37 | 4.100000e+01 | 9.790000e+01 | 138.78%| unknown
 1482s|205800 |150337 | 27358k| 132.9 |   327M | 247 | 951 |5425 |5425 |   0 |  0 |   0 |  37 | 4.100000e+01 | 9.790000e+01 | 138.78%| unknown
 1484s|205900 |150413 | 27384k| 133.0 |   327M | 247 | 951 |5425 |5425 |   0 |  0 |   0 |  37 | 4.100000e+01 | 9.790000e+01 | 138.78%| unknown
 1485s|206000 |150489 | 27402k| 133.0 |   327M | 247 | 951 |5425 |5425 |   0 |  0 |   0 |  37 | 4.100000e+01 | 9.790000e+01 | 138.78%| unknown
 1486s|206100 |150559 | 27419k| 133.0 |   327M | 247 | 951 |5425 |5425 |   0 |  0 |   0 |  37 | 4.100000e+01 | 9.790000e+01 | 138.78%| unknown
 1487s|206200 |150623 | 27437k| 133.1 |   327M | 247 | 951 |5425 |5425 |   0 |  0 |   0 |  37 | 4.100000e+01 | 9.790000e+01 | 138.78%| unknown
 1488s|206300 |150687 | 27471k| 133.2 |   327M | 247 | 951 |5425 |5425 |   0 |  0 |   0 |  37 | 4.100000e+01 | 9.790000e+01 | 138.78%| unknown
 1489s|206400 |150761 | 27494k| 133.2 |   327M | 247 | 951 |5425 |5425 |   0 |  0 |   0 |  37 | 4.100000e+01 | 9.790000e+01 | 138.78%| unknown
 1490s|206500 |150843 | 27510k| 133.2 |   327M | 247 | 951 |5425 |5425 |   0 |  0 |   0 |  37 | 4.100000e+01 | 9.790000e+01 | 138.78%| unknown
 1491s|206600 |150915 | 27513k| 133.2 |   328M | 247 | 951 |5425 |5425 |   0 |  0 |   0 |  37 | 4.100000e+01 | 9.790000e+01 | 138.78%| unknown
 1491s|206700 |150997 | 27514k| 133.1 |   328M | 247 | 951 |5425 |5425 |   0 |  0 |   0 |  37 | 4.100000e+01 | 9.790000e+01 | 138.78%| unknown
 1491s|206800 |151047 | 27516k| 133.1 |   328M | 247 | 951 |5425 |5425 |   0 |  0 |   0 |  37 | 4.100000e+01 | 9.790000e+01 | 138.78%| unknown
 time | node  | left  |LP iter|LP it/n|mem/heur|mdpt |vars |cons |rows |cuts |sepa|confs|strbr|  dualbound   | primalbound  |  gap   | compl. 
 1491s|206900 |151111 | 27526k| 133.0 |   328M | 247 | 951 |5425 |5425 |   0 |  0 |   0 |  37 | 4.100000e+01 | 9.790000e+01 | 138.78%| unknown
 1493s|207000 |151179 | 27551k| 133.1 |   328M | 247 | 951 |5425 |5425 |   0 |  0 |   0 |  37 | 4.100000e+01 | 9.790000e+01 | 138.78%| unknown
 1494s|207100 |151251 | 27584k| 133.2 |   328M | 247 | 951 |5425 |5425 |   0 |  0 |   0 |  37 | 4.100000e+01 | 9.790000e+01 | 138.78%| unknown
 1496s|207200 |151311 | 27608k| 133.2 |   328M | 247 | 951 |5425 |5425 |   0 |  0 |   0 |  37 | 4.100000e+01 | 9.790000e+01 | 138.78%| unknown
 1497s|207300 |151379 | 27644k| 133.4 |   328M | 247 | 951 |5425 |5425 |   0 |  0 |   0 |  37 | 4.100000e+01 | 9.790000e+01 | 138.78%| unknown
 1498s|207400 |151445 | 27666k| 133.4 |   328M | 247 | 951 |5425 |5425 |   0 |  0 |   0 |  37 | 4.100000e+01 | 9.790000e+01 | 138.78%| unknown
 1500s|207500 |151497 | 27691k| 133.5 |   328M | 247 | 951 |5425 |5425 |   0 |  0 |   0 |  37 | 4.100000e+01 | 9.790000e+01 | 138.78%| unknown
 1501s|207600 |151571 | 27713k| 133.5 |   328M | 247 | 951 |5425 |5425 |   0 |  0 |   0 |  37 | 4.100000e+01 | 9.790000e+01 | 138.78%| unknown
 1502s|207700 |151635 | 27731k| 133.5 |   328M | 247 | 951 |5425 |5425 |   0 |  0 |   0 |  37 | 4.100000e+01 | 9.790000e+01 | 138.78%| unknown
 1503s|207800 |151697 | 27750k| 133.5 |   330M | 247 | 951 |5425 |5425 |   0 |  0 |   0 |  37 | 4.100000e+01 | 9.790000e+01 | 138.78%| unknown
 1504s|207900 |151769 | 27779k| 133.6 |   330M | 247 | 951 |5425 |5425 |   0 |  0 |   0 |  37 | 4.100000e+01 | 9.790000e+01 | 138.78%| unknown
 1505s|208000 |151839 | 27792k| 133.6 |   330M | 247 | 951 |5425 |5425 |   0 |  0 |   0 |  37 | 4.100000e+01 | 9.790000e+01 | 138.78%| unknown
 1507s|208100 |151897 | 27828k| 133.7 |   330M | 247 | 951 |5425 |5425 |   0 |  0 |   0 |  37 | 4.100000e+01 | 9.790000e+01 | 138.78%| unknown
 1508s|208200 |151969 | 27852k| 133.8 |   330M | 247 | 951 |5425 |5425 |   0 |  0 |   0 |  37 | 4.100000e+01 | 9.790000e+01 | 138.78%| unknown
 1509s|208300 |152045 | 27876k| 133.8 |   330M | 247 | 951 |5425 |5425 |   0 |  0 |   0 |  37 | 4.100000e+01 | 9.790000e+01 | 138.78%| unknown
 time | node  | left  |LP iter|LP it/n|mem/heur|mdpt |vars |cons |rows |cuts |sepa|confs|strbr|  dualbound   | primalbound  |  gap   | compl. 
 1510s|208400 |152123 | 27895k| 133.9 |   330M | 247 | 951 |5425 |5425 |   0 |  0 |   0 |  37 | 4.100000e+01 | 9.790000e+01 | 138.78%| unknown
 1511s|208500 |152209 | 27919k| 133.9 |   330M | 247 | 951 |5425 |5425 |   0 |  0 |   0 |  37 | 4.100000e+01 | 9.790000e+01 | 138.78%| unknown
 1512s|208600 |152269 | 27939k| 133.9 |   330M | 247 | 951 |5425 |5425 |   0 |  0 |   0 |  37 | 4.100000e+01 | 9.790000e+01 | 138.78%| unknown
 1513s|208700 |152343 | 27961k| 134.0 |   330M | 247 | 951 |5425 |5425 |   0 |  0 |   0 |  37 | 4.100000e+01 | 9.790000e+01 | 138.78%| unknown
 1515s|208800 |152415 | 27985k| 134.0 |   330M | 247 | 951 |5425 |5425 |   0 |  0 |   0 |  37 | 4.100000e+01 | 9.790000e+01 | 138.78%| unknown
 1516s|208900 |152481 | 28006k| 134.1 |   331M | 247 | 951 |5425 |5425 |   0 |  0 |   0 |  37 | 4.100000e+01 | 9.790000e+01 | 138.78%| unknown
 1517s|209000 |152565 | 28027k| 134.1 |   331M | 247 | 951 |5425 |5425 |   0 |  0 |   0 |  37 | 4.100000e+01 | 9.790000e+01 | 138.78%| unknown
 1518s|209100 |152649 | 28041k| 134.1 |   331M | 247 | 951 |5425 |5425 |   0 |  0 |   0 |  37 | 4.100000e+01 | 9.790000e+01 | 138.78%| unknown
 1519s|209200 |152727 | 28068k| 134.2 |   331M | 247 | 951 |5425 |5425 |   0 |  0 |   0 |  37 | 4.100000e+01 | 9.790000e+01 | 138.78%| unknown
 1520s|209300 |152803 | 28087k| 134.2 |   331M | 247 | 951 |5425 |5425 |   0 |  0 |   0 |  37 | 4.100000e+01 | 9.790000e+01 | 138.78%| unknown
 1521s|209400 |152869 | 28105k| 134.2 |   331M | 247 | 951 |5425 |5425 |   0 |  0 |   0 |  37 | 4.100000e+01 | 9.790000e+01 | 138.78%| unknown
 1522s|209500 |152953 | 28123k| 134.2 |   331M | 247 | 951 |5425 |5425 |   0 |  0 |   0 |  37 | 4.100000e+01 | 9.790000e+01 | 138.78%| unknown
 1523s|209600 |153039 | 28144k| 134.3 |   331M | 247 | 951 |5425 |5425 |   0 |  0 |   0 |  37 | 4.100000e+01 | 9.790000e+01 | 138.78%| unknown
 1523s|209700 |153127 | 28160k| 134.3 |   331M | 247 | 951 |5425 |5425 |   0 |  0 |   0 |  37 | 4.100000e+01 | 9.790000e+01 | 138.78%| unknown
 1525s|209800 |153213 | 28186k| 134.3 |   331M | 247 | 951 |5425 |5425 |   0 |  0 |   0 |  37 | 4.100000e+01 | 9.790000e+01 | 138.78%| unknown
 time | node  | left  |LP iter|LP it/n|mem/heur|mdpt |vars |cons |rows |cuts |sepa|confs|strbr|  dualbound   | primalbound  |  gap   | compl. 
 1525s|209900 |153289 | 28188k| 134.3 |   332M | 247 | 951 |5425 |5425 |   0 |  0 |   0 |  37 | 4.100000e+01 | 9.790000e+01 | 138.78%| unknown
 1525s|210000 |153353 | 28190k| 134.2 |   332M | 247 | 951 |5425 |5425 |   0 |  0 |   0 |  37 | 4.100000e+01 | 9.790000e+01 | 138.78%| unknown
 1525s|210100 |153441 | 28191k| 134.2 |   332M | 247 | 951 |5425 |5425 |   0 |  0 |   0 |  37 | 4.100000e+01 | 9.790000e+01 | 138.78%| unknown
 1525s|210200 |153517 | 28192k| 134.1 |   332M | 247 | 951 |5425 |5425 |   0 |  0 |   0 |  37 | 4.100000e+01 | 9.790000e+01 | 138.78%| unknown
 1526s|210300 |153593 | 28193k| 134.1 |   334M | 247 | 951 |5425 |5425 |   0 |  0 |   0 |  37 | 4.100000e+01 | 9.790000e+01 | 138.78%| unknown
 1526s|210400 |153669 | 28194k| 134.0 |   334M | 247 | 951 |5425 |5425 |   0 |  0 |   0 |  37 | 4.100000e+01 | 9.790000e+01 | 138.78%| unknown
 1526s|210500 |153741 | 28196k| 133.9 |   334M | 247 | 951 |5425 |5425 |   0 |  0 |   0 |  37 | 4.100000e+01 | 9.790000e+01 | 138.78%| unknown
 1526s|210600 |153813 | 28197k| 133.9 |   334M | 247 | 951 |5425 |5425 |   0 |  0 |   0 |  37 | 4.100000e+01 | 9.790000e+01 | 138.78%| unknown
 1526s|210700 |153897 | 28199k| 133.8 |   334M | 247 | 951 |5425 |5425 |   0 |  0 |   0 |  37 | 4.100000e+01 | 9.790000e+01 | 138.78%| unknown
 1527s|210800 |153969 | 28200k| 133.8 |   334M | 247 | 951 |5425 |5425 |   0 |  0 |   0 |  37 | 4.100000e+01 | 9.790000e+01 | 138.78%| unknown
 1527s|210900 |154045 | 28205k| 133.7 |   334M | 247 | 951 |5425 |5425 |   0 |  0 |   0 |  37 | 4.100000e+01 | 9.790000e+01 | 138.78%| unknown
 1527s|211000 |154125 | 28208k| 133.7 |   335M | 247 | 951 |5425 |5425 |   0 |  0 |   0 |  37 | 4.100000e+01 | 9.790000e+01 | 138.78%| unknown
 1527s|211100 |154199 | 28210k| 133.6 |   335M | 247 | 951 |5425 |5425 |   0 |  0 |   0 |  37 | 4.100000e+01 | 9.790000e+01 | 138.78%| unknown
 1528s|211200 |154261 | 28212k| 133.6 |   335M | 247 | 951 |5425 |5425 |   0 |  0 |   0 |  37 | 4.100000e+01 | 9.790000e+01 | 138.78%| unknown
 1528s|211300 |154333 | 28213k| 133.5 |   335M | 247 | 951 |5425 |5425 |   0 |  0 |   0 |  37 | 4.100000e+01 | 9.790000e+01 | 138.78%| unknown
 time | node  | left  |LP iter|LP it/n|mem/heur|mdpt |vars |cons |rows |cuts |sepa|confs|strbr|  dualbound   | primalbound  |  gap   | compl. 
 1528s|211400 |154405 | 28214k| 133.5 |   335M | 247 | 951 |5425 |5425 |   0 |  0 |   0 |  37 | 4.100000e+01 | 9.790000e+01 | 138.78%| unknown
 1528s|211500 |154483 | 28216k| 133.4 |   335M | 247 | 951 |5425 |5425 |   0 |  0 |   0 |  37 | 4.100000e+01 | 9.790000e+01 | 138.78%| unknown
 1528s|211600 |154537 | 28217k| 133.3 |   335M | 247 | 951 |5425 |5425 |   0 |  0 |   0 |  37 | 4.100000e+01 | 9.790000e+01 | 138.78%| unknown
 1529s|211700 |154607 | 28218k| 133.3 |   335M | 247 | 951 |5425 |5425 |   0 |  0 |   0 |  37 | 4.100000e+01 | 9.790000e+01 | 138.78%| unknown
 1529s|211800 |154673 | 28220k| 133.2 |   335M | 247 | 951 |5425 |5425 |   0 |  0 |   0 |  37 | 4.100000e+01 | 9.790000e+01 | 138.78%| unknown
 1529s|211900 |154741 | 28236k| 133.2 |   335M | 247 | 951 |5425 |5425 |   0 |  0 |   0 |  37 | 4.100000e+01 | 9.790000e+01 | 138.78%| unknown
 1531s|212000 |154827 | 28259k| 133.3 |   335M | 247 | 951 |5425 |5425 |   0 |  0 |   0 |  37 | 4.100000e+01 | 9.790000e+01 | 138.78%| unknown
 1532s|212100 |154897 | 28283k| 133.3 |   336M | 247 | 951 |5425 |5425 |   0 |  0 |   0 |  37 | 4.100000e+01 | 9.790000e+01 | 138.78%| unknown
 1532s|212200 |154977 | 28296k| 133.3 |   336M | 247 | 951 |5425 |5425 |   0 |  0 |   0 |  37 | 4.100000e+01 | 9.790000e+01 | 138.78%| unknown
 1533s|212300 |155051 | 28313k| 133.4 |   336M | 247 | 951 |5425 |5425 |   0 |  0 |   0 |  37 | 4.100000e+01 | 9.790000e+01 | 138.78%| unknown
 1534s|212400 |155117 | 28330k| 133.4 |   336M | 247 | 951 |5425 |5425 |   0 |  0 |   0 |  37 | 4.100000e+01 | 9.790000e+01 | 138.78%| unknown
 1536s|212500 |155201 | 28361k| 133.5 |   336M | 247 | 951 |5425 |5425 |   0 |  0 |   0 |  37 | 4.100000e+01 | 9.790000e+01 | 138.78%| unknown
 1537s|212600 |155259 | 28386k| 133.5 |   336M | 247 | 951 |5425 |5425 |   0 |  0 |   0 |  37 | 4.100000e+01 | 9.790000e+01 | 138.78%| unknown
 1538s|212700 |155323 | 28408k| 133.6 |   336M | 247 | 951 |5425 |5425 |   0 |  0 |   0 |  37 | 4.100000e+01 | 9.790000e+01 | 138.78%| unknown
 1538s|212800 |155397 | 28409k| 133.5 |   336M | 247 | 951 |5425 |5425 |   0 |  0 |   0 |  37 | 4.100000e+01 | 9.790000e+01 | 138.78%| unknown
 time | node  | left  |LP iter|LP it/n|mem/heur|mdpt |vars |cons |rows |cuts |sepa|confs|strbr|  dualbound   | primalbound  |  gap   | compl. 
 1539s|212900 |155467 | 28411k| 133.4 |   336M | 247 | 951 |5425 |5425 |   0 |  0 |   0 |  37 | 4.100000e+01 | 9.790000e+01 | 138.78%| unknown
 1539s|213000 |155547 | 28416k| 133.4 |   336M | 247 | 951 |5425 |5425 |   0 |  0 |   0 |  37 | 4.100000e+01 | 9.790000e+01 | 138.78%| unknown
 1540s|213100 |155621 | 28441k| 133.5 |   336M | 247 | 951 |5425 |5425 |   0 |  0 |   0 |  37 | 4.100000e+01 | 9.790000e+01 | 138.78%| unknown
 1541s|213200 |155699 | 28461k| 133.5 |   337M | 247 | 951 |5425 |5425 |   0 |  0 |   0 |  37 | 4.100000e+01 | 9.790000e+01 | 138.78%| unknown
 1543s|213300 |155769 | 28492k| 133.6 |   337M | 247 | 951 |5425 |5425 |   0 |  0 |   0 |  37 | 4.100000e+01 | 9.790000e+01 | 138.78%| unknown
 1543s|213400 |155831 | 28507k| 133.6 |   337M | 247 | 951 |5425 |5425 |   0 |  0 |   0 |  37 | 4.100000e+01 | 9.790000e+01 | 138.78%| unknown
 1544s|213500 |155915 | 28527k| 133.6 |   337M | 247 | 951 |5425 |5425 |   0 |  0 |   0 |  37 | 4.100000e+01 | 9.790000e+01 | 138.78%| unknown
 1546s|213600 |155987 | 28553k| 133.7 |   337M | 247 | 951 |5425 |5425 |   0 |  0 |   0 |  37 | 4.100000e+01 | 9.790000e+01 | 138.78%| unknown
 1547s|213700 |156059 | 28571k| 133.7 |   337M | 247 | 951 |5425 |5425 |   0 |  0 |   0 |  37 | 4.100000e+01 | 9.790000e+01 | 138.78%| unknown
 1548s|213800 |156129 | 28594k| 133.7 |   337M | 247 | 951 |5425 |5425 |   0 |  0 |   0 |  37 | 4.100000e+01 | 9.790000e+01 | 138.78%| unknown
 1549s|213900 |156197 | 28611k| 133.8 |   338M | 247 | 951 |5425 |5425 |   0 |  0 |   0 |  37 | 4.100000e+01 | 9.790000e+01 | 138.78%| unknown
 1550s|214000 |156265 | 28639k| 133.8 |   338M | 247 | 951 |5425 |5425 |   0 |  0 |   0 |  37 | 4.100000e+01 | 9.790000e+01 | 138.78%| unknown
 1551s|214100 |156335 | 28660k| 133.9 |   338M | 247 | 951 |5425 |5425 |   0 |  0 |   0 |  37 | 4.100000e+01 | 9.790000e+01 | 138.78%| unknown
 1552s|214200 |156409 | 28679k| 133.9 |   338M | 247 | 951 |5425 |5425 |   0 |  0 |   0 |  37 | 4.100000e+01 | 9.790000e+01 | 138.78%| unknown
 1554s|214300 |156475 | 28708k| 134.0 |   339M | 247 | 951 |5425 |5425 |   0 |  0 |   0 |  37 | 4.100000e+01 | 9.790000e+01 | 138.78%| unknown
 time | node  | left  |LP iter|LP it/n|mem/heur|mdpt |vars |cons |rows |cuts |sepa|confs|strbr|  dualbound   | primalbound  |  gap   | compl. 
 1554s|214400 |156555 | 28723k| 134.0 |   339M | 247 | 951 |5425 |5425 |   0 |  0 |   0 |  37 | 4.100000e+01 | 9.790000e+01 | 138.78%| unknown
 1555s|214500 |156631 | 28736k| 134.0 |   339M | 247 | 951 |5425 |5425 |   0 |  0 |   0 |  37 | 4.100000e+01 | 9.790000e+01 | 138.78%| unknown
 1556s|214600 |156707 | 28752k| 134.0 |   339M | 247 | 951 |5425 |5425 |   0 |  0 |   0 |  37 | 4.100000e+01 | 9.790000e+01 | 138.78%| unknown
 1557s|214700 |156781 | 28764k| 134.0 |   339M | 247 | 951 |5425 |5425 |   0 |  0 |   0 |  37 | 4.100000e+01 | 9.790000e+01 | 138.78%| unknown
 1557s|214800 |156861 | 28766k| 133.9 |   339M | 247 | 951 |5425 |5425 |   0 |  0 |   0 |  37 | 4.100000e+01 | 9.790000e+01 | 138.78%| unknown
 1557s|214900 |156935 | 28770k| 133.9 |   339M | 247 | 951 |5425 |5425 |   0 |  0 |   0 |  37 | 4.100000e+01 | 9.790000e+01 | 138.78%| unknown
 1558s|215000 |157015 | 28797k| 133.9 |   339M | 247 | 951 |5425 |5425 |   0 |  0 |   0 |  37 | 4.100000e+01 | 9.790000e+01 | 138.78%| unknown
 1560s|215100 |157085 | 28820k| 134.0 |   340M | 247 | 951 |5425 |5425 |   0 |  0 |   0 |  37 | 4.100000e+01 | 9.790000e+01 | 138.78%| unknown
 1561s|215200 |157143 | 28842k| 134.0 |   340M | 247 | 951 |5425 |5425 |   0 |  0 |   0 |  37 | 4.100000e+01 | 9.790000e+01 | 138.78%| unknown
 1562s|215300 |157229 | 28857k| 134.0 |   340M | 247 | 951 |5425 |5425 |   0 |  0 |   0 |  37 | 4.100000e+01 | 9.790000e+01 | 138.78%| unknown
 1562s|215400 |157315 | 28866k| 134.0 |   341M | 247 | 951 |5425 |5425 |   0 |  0 |   0 |  37 | 4.100000e+01 | 9.790000e+01 | 138.78%| unknown
 1562s|215500 |157391 | 28867k| 134.0 |   341M | 247 | 951 |5425 |5425 |   0 |  0 |   0 |  37 | 4.100000e+01 | 9.790000e+01 | 138.78%| unknown
 1563s|215600 |157467 | 28884k| 134.0 |   341M | 247 | 951 |5425 |5425 |   0 |  0 |   0 |  37 | 4.100000e+01 | 9.790000e+01 | 138.78%| unknown
 1564s|215700 |157531 | 28901k| 134.0 |   341M | 247 | 951 |5425 |5425 |   0 |  0 |   0 |  37 | 4.100000e+01 | 9.790000e+01 | 138.78%| unknown
 1564s|215800 |157615 | 28902k| 133.9 |   341M | 247 | 951 |5425 |5425 |   0 |  0 |   0 |  37 | 4.100000e+01 | 9.790000e+01 | 138.78%| unknown
 time | node  | left  |LP iter|LP it/n|mem/heur|mdpt |vars |cons |rows |cuts |sepa|confs|strbr|  dualbound   | primalbound  |  gap   | compl. 
 1564s|215900 |157691 | 28903k| 133.9 |   341M | 247 | 951 |5425 |5425 |   0 |  0 |   0 |  37 | 4.100000e+01 | 9.790000e+01 | 138.78%| unknown
 1565s|216000 |157757 | 28905k| 133.8 |   341M | 247 | 951 |5425 |5425 |   0 |  0 |   0 |  37 | 4.100000e+01 | 9.790000e+01 | 138.78%| unknown
 1565s|216100 |157833 | 28906k| 133.8 |   341M | 247 | 951 |5425 |5425 |   0 |  0 |   0 |  37 | 4.100000e+01 | 9.790000e+01 | 138.78%| unknown
 1565s|216200 |157905 | 28908k| 133.7 |   341M | 247 | 951 |5425 |5425 |   0 |  0 |   0 |  37 | 4.100000e+01 | 9.790000e+01 | 138.78%| unknown
 1565s|216300 |157991 | 28909k| 133.7 |   341M | 247 | 951 |5425 |5425 |   0 |  0 |   0 |  37 | 4.100000e+01 | 9.790000e+01 | 138.78%| unknown
 1565s|216400 |158071 | 28910k| 133.6 |   342M | 247 | 951 |5425 |5425 |   0 |  0 |   0 |  37 | 4.100000e+01 | 9.790000e+01 | 138.78%| unknown
 1565s|216500 |158141 | 28913k| 133.5 |   343M | 247 | 951 |5425 |5425 |   0 |  0 |   0 |  37 | 4.100000e+01 | 9.790000e+01 | 138.78%| unknown
 1566s|216600 |158209 | 28915k| 133.5 |   343M | 247 | 951 |5425 |5425 |   0 |  0 |   0 |  37 | 4.100000e+01 | 9.790000e+01 | 138.78%| unknown
 1566s|216700 |158285 | 28917k| 133.4 |   343M | 247 | 951 |5425 |5425 |   0 |  0 |   0 |  37 | 4.100000e+01 | 9.790000e+01 | 138.78%| unknown
 1566s|216800 |158359 | 28918k| 133.4 |   343M | 247 | 951 |5425 |5425 |   0 |  0 |   0 |  37 | 4.100000e+01 | 9.790000e+01 | 138.78%| unknown
 1566s|216900 |158435 | 28919k| 133.3 |   343M | 247 | 951 |5425 |5425 |   0 |  0 |   0 |  37 | 4.100000e+01 | 9.790000e+01 | 138.78%| unknown
 1567s|217000 |158505 | 28923k| 133.3 |   343M | 247 | 951 |5425 |5425 |   0 |  0 |   0 |  37 | 4.100000e+01 | 9.790000e+01 | 138.78%| unknown
 1568s|217100 |158589 | 28948k| 133.3 |   343M | 247 | 951 |5425 |5425 |   0 |  0 |   0 |  37 | 4.100000e+01 | 9.790000e+01 | 138.78%| unknown
 1569s|217200 |158673 | 28966k| 133.4 |   343M | 247 | 951 |5425 |5425 |   0 |  0 |   0 |  37 | 4.100000e+01 | 9.790000e+01 | 138.78%| unknown
 1570s|217300 |158749 | 29001k| 133.5 |   343M | 247 | 951 |5425 |5425 |   0 |  0 |   0 |  37 | 4.100000e+01 | 9.790000e+01 | 138.78%| unknown
 time | node  | left  |LP iter|LP it/n|mem/heur|mdpt |vars |cons |rows |cuts |sepa|confs|strbr|  dualbound   | primalbound  |  gap   | compl. 
 1572s|217400 |158835 | 29026k| 133.5 |   343M | 247 | 951 |5425 |5425 |   0 |  0 |   0 |  37 | 4.100000e+01 | 9.790000e+01 | 138.78%| unknown
 1573s|217500 |158905 | 29047k| 133.5 |   344M | 247 | 951 |5425 |5425 |   0 |  0 |   0 |  37 | 4.100000e+01 | 9.790000e+01 | 138.78%| unknown
 1574s|217600 |158975 | 29066k| 133.6 |   344M | 247 | 951 |5425 |5425 |   0 |  0 |   0 |  37 | 4.100000e+01 | 9.790000e+01 | 138.78%| unknown
 1575s|217700 |159045 | 29086k| 133.6 |   344M | 247 | 951 |5425 |5425 |   0 |  0 |   0 |  37 | 4.100000e+01 | 9.790000e+01 | 138.78%| unknown
 1576s|217800 |159123 | 29109k| 133.6 |   344M | 247 | 951 |5425 |5425 |   0 |  0 |   0 |  37 | 4.100000e+01 | 9.790000e+01 | 138.78%| unknown
 1576s|217900 |159203 | 29119k| 133.6 |   344M | 247 | 951 |5425 |5425 |   0 |  0 |   0 |  37 | 4.100000e+01 | 9.790000e+01 | 138.78%| unknown
 1577s|218000 |159259 | 29132k| 133.6 |   344M | 247 | 951 |5425 |5425 |   0 |  0 |   0 |  37 | 4.100000e+01 | 9.790000e+01 | 138.78%| unknown
 1578s|218100 |159329 | 29150k| 133.7 |   344M | 247 | 951 |5425 |5425 |   0 |  0 |   0 |  37 | 4.100000e+01 | 9.790000e+01 | 138.78%| unknown
 1579s|218200 |159413 | 29166k| 133.7 |   344M | 247 | 951 |5425 |5425 |   0 |  0 |   0 |  37 | 4.100000e+01 | 9.790000e+01 | 138.78%| unknown
 1579s|218300 |159483 | 29175k| 133.6 |   344M | 247 | 951 |5425 |5425 |   0 |  0 |   0 |  37 | 4.100000e+01 | 9.790000e+01 | 138.78%| unknown
 1581s|218400 |159537 | 29199k| 133.7 |   344M | 247 | 951 |5425 |5425 |   0 |  0 |   0 |  37 | 4.100000e+01 | 9.790000e+01 | 138.78%| unknown
 1582s|218500 |159603 | 29220k| 133.7 |   344M | 247 | 951 |5425 |5425 |   0 |  0 |   0 |  37 | 4.100000e+01 | 9.790000e+01 | 138.78%| unknown
 1582s|218600 |159667 | 29231k| 133.7 |   346M | 247 | 951 |5425 |5425 |   0 |  0 |   0 |  37 | 4.100000e+01 | 9.790000e+01 | 138.78%| unknown
 1583s|218700 |159747 | 29232k| 133.7 |   346M | 247 | 951 |5425 |5425 |   0 |  0 |   0 |  37 | 4.100000e+01 | 9.790000e+01 | 138.78%| unknown
 1583s|218800 |159813 | 29235k| 133.6 |   346M | 247 | 951 |5425 |5425 |   0 |  0 |   0 |  37 | 4.100000e+01 | 9.790000e+01 | 138.78%| unknown
 time | node  | left  |LP iter|LP it/n|mem/heur|mdpt |vars |cons |rows |cuts |sepa|confs|strbr|  dualbound   | primalbound  |  gap   | compl. 
 1583s|218900 |159883 | 29237k| 133.6 |   346M | 247 | 951 |5425 |5425 |   0 |  0 |   0 |  37 | 4.100000e+01 | 9.790000e+01 | 138.78%| unknown
 1583s|219000 |159949 | 29238k| 133.5 |   346M | 247 | 951 |5425 |5425 |   0 |  0 |   0 |  37 | 4.100000e+01 | 9.790000e+01 | 138.78%| unknown
 1583s|219100 |160007 | 29240k| 133.5 |   346M | 247 | 951 |5425 |5425 |   0 |  0 |   0 |  37 | 4.100000e+01 | 9.790000e+01 | 138.78%| unknown
 1584s|219200 |160073 | 29248k| 133.4 |   346M | 247 | 951 |5425 |5425 |   0 |  0 |   0 |  37 | 4.100000e+01 | 9.790000e+01 | 138.78%| unknown
 1585s|219300 |160147 | 29271k| 133.5 |   346M | 247 | 951 |5425 |5425 |   0 |  0 |   0 |  37 | 4.100000e+01 | 9.790000e+01 | 138.78%| unknown
 1586s|219400 |160225 | 29298k| 133.5 |   346M | 247 | 951 |5425 |5425 |   0 |  0 |   0 |  37 | 4.100000e+01 | 9.790000e+01 | 138.78%| unknown
 1587s|219500 |160287 | 29307k| 133.5 |   346M | 247 | 951 |5425 |5425 |   0 |  0 |   0 |  37 | 4.100000e+01 | 9.790000e+01 | 138.78%| unknown
 1587s|219600 |160347 | 29309k| 133.5 |   346M | 247 | 951 |5425 |5425 |   0 |  0 |   0 |  37 | 4.100000e+01 | 9.790000e+01 | 138.78%| unknown
 1587s|219700 |160427 | 29311k| 133.4 |   346M | 247 | 951 |5425 |5425 |   0 |  0 |   0 |  37 | 4.100000e+01 | 9.790000e+01 | 138.78%| unknown
 1588s|219800 |160483 | 29312k| 133.4 |   347M | 247 | 951 |5425 |5425 |   0 |  0 |   0 |  37 | 4.100000e+01 | 9.790000e+01 | 138.78%| unknown
 1588s|219900 |160553 | 29314k| 133.3 |   347M | 247 | 951 |5425 |5425 |   0 |  0 |   0 |  37 | 4.100000e+01 | 9.790000e+01 | 138.78%| unknown
 1588s|220000 |160621 | 29315k| 133.2 |   347M | 247 | 951 |5425 |5425 |   0 |  0 |   0 |  37 | 4.100000e+01 | 9.790000e+01 | 138.78%| unknown
 1588s|220100 |160687 | 29316k| 133.2 |   347M | 247 | 951 |5425 |5425 |   0 |  0 |   0 |  37 | 4.100000e+01 | 9.790000e+01 | 138.78%| unknown
 1588s|220200 |160763 | 29318k| 133.1 |   347M | 247 | 951 |5425 |5425 |   0 |  0 |   0 |  37 | 4.100000e+01 | 9.790000e+01 | 138.78%| unknown
 1588s|220300 |160833 | 29320k| 133.1 |   347M | 247 | 951 |5425 |5425 |   0 |  0 |   0 |  37 | 4.100000e+01 | 9.790000e+01 | 138.78%| unknown
 time | node  | left  |LP iter|LP it/n|mem/heur|mdpt |vars |cons |rows |cuts |sepa|confs|strbr|  dualbound   | primalbound  |  gap   | compl. 
 1589s|220400 |160911 | 29321k| 133.0 |   347M | 247 | 951 |5425 |5425 |   0 |  0 |   0 |  37 | 4.100000e+01 | 9.790000e+01 | 138.78%| unknown
 1590s|220500 |160999 | 29341k| 133.1 |   347M | 247 | 951 |5425 |5425 |   0 |  0 |   0 |  37 | 4.100000e+01 | 9.790000e+01 | 138.78%| unknown
 1591s|220600 |161077 | 29369k| 133.1 |   347M | 247 | 951 |5425 |5425 |   0 |  0 |   0 |  37 | 4.100000e+01 | 9.790000e+01 | 138.78%| unknown
 1592s|220700 |161121 | 29392k| 133.2 |   347M | 247 | 951 |5425 |5425 |   0 |  0 |   0 |  37 | 4.100000e+01 | 9.790000e+01 | 138.78%| unknown
 1593s|220800 |161199 | 29416k| 133.2 |   347M | 247 | 951 |5425 |5425 |   0 |  0 |   0 |  37 | 4.100000e+01 | 9.790000e+01 | 138.78%| unknown
 1595s|220900 |161269 | 29437k| 133.3 |   348M | 247 | 951 |5425 |5425 |   0 |  0 |   0 |  37 | 4.100000e+01 | 9.790000e+01 | 138.78%| unknown
 1595s|221000 |161337 | 29454k| 133.3 |   348M | 247 | 951 |5425 |5425 |   0 |  0 |   0 |  37 | 4.100000e+01 | 9.790000e+01 | 138.78%| unknown
 1596s|221100 |161401 | 29455k| 133.2 |   348M | 247 | 951 |5425 |5425 |   0 |  0 |   0 |  37 | 4.100000e+01 | 9.790000e+01 | 138.78%| unknown
 1596s|221200 |161455 | 29457k| 133.2 |   348M | 247 | 951 |5425 |5425 |   0 |  0 |   0 |  37 | 4.100000e+01 | 9.790000e+01 | 138.78%| unknown
 1596s|221300 |161545 | 29458k| 133.1 |   348M | 247 | 951 |5425 |5425 |   0 |  0 |   0 |  37 | 4.100000e+01 | 9.790000e+01 | 138.78%| unknown
 1596s|221400 |161629 | 29459k| 133.1 |   348M | 247 | 951 |5425 |5425 |   0 |  0 |   0 |  37 | 4.100000e+01 | 9.790000e+01 | 138.78%| unknown
 1596s|221500 |161703 | 29460k| 133.0 |   348M | 247 | 951 |5425 |5425 |   0 |  0 |   0 |  37 | 4.100000e+01 | 9.790000e+01 | 138.78%| unknown
 1597s|221600 |161771 | 29461k| 132.9 |   348M | 247 | 951 |5425 |5425 |   0 |  0 |   0 |  37 | 4.100000e+01 | 9.790000e+01 | 138.78%| unknown
 1597s|221700 |161843 | 29462k| 132.9 |   348M | 247 | 951 |5425 |5425 |   0 |  0 |   0 |  37 | 4.100000e+01 | 9.790000e+01 | 138.78%| unknown
 1597s|221800 |161925 | 29464k| 132.8 |   348M | 247 | 951 |5425 |5425 |   0 |  0 |   0 |  37 | 4.100000e+01 | 9.790000e+01 | 138.78%| unknown
 time | node  | left  |LP iter|LP it/n|mem/heur|mdpt |vars |cons |rows |cuts |sepa|confs|strbr|  dualbound   | primalbound  |  gap   | compl. 
 1597s|221900 |161999 | 29465k| 132.8 |   348M | 247 | 951 |5425 |5425 |   0 |  0 |   0 |  37 | 4.100000e+01 | 9.790000e+01 | 138.78%| unknown
 1597s|222000 |162065 | 29467k| 132.7 |   350M | 247 | 951 |5425 |5425 |   0 |  0 |   0 |  37 | 4.100000e+01 | 9.790000e+01 | 138.78%| unknown
 1597s|222100 |162127 | 29469k| 132.7 |   350M | 247 | 951 |5425 |5425 |   0 |  0 |   0 |  37 | 4.100000e+01 | 9.790000e+01 | 138.78%| unknown
 1598s|222200 |162209 | 29470k| 132.6 |   350M | 247 | 951 |5425 |5425 |   0 |  0 |   0 |  37 | 4.100000e+01 | 9.790000e+01 | 138.78%| unknown
 1598s|222300 |162287 | 29471k| 132.6 |   350M | 247 | 951 |5425 |5425 |   0 |  0 |   0 |  37 | 4.100000e+01 | 9.790000e+01 | 138.78%| unknown
 1598s|222400 |162363 | 29472k| 132.5 |   350M | 247 | 951 |5425 |5425 |   0 |  0 |   0 |  37 | 4.100000e+01 | 9.790000e+01 | 138.78%| unknown
 1598s|222500 |162443 | 29473k| 132.5 |   350M | 247 | 951 |5425 |5425 |   0 |  0 |   0 |  37 | 4.100000e+01 | 9.790000e+01 | 138.78%| unknown
 1599s|222600 |162517 | 29486k| 132.5 |   350M | 247 | 951 |5425 |5425 |   0 |  0 |   0 |  37 | 4.100000e+01 | 9.790000e+01 | 138.78%| unknown
 1600s|222700 |162579 | 29508k| 132.5 |   350M | 247 | 951 |5425 |5425 |   0 |  0 |   0 |  37 | 4.100000e+01 | 9.790000e+01 | 138.78%| unknown
 1601s|222800 |162653 | 29539k| 132.6 |   351M | 247 | 951 |5425 |5425 |   0 |  0 |   0 |  37 | 4.100000e+01 | 9.790000e+01 | 138.78%| unknown
 1603s|222900 |162721 | 29565k| 132.6 |   351M | 247 | 951 |5425 |5425 |   0 |  0 |   0 |  37 | 4.100000e+01 | 9.790000e+01 | 138.78%| unknown
 1604s|223000 |162799 | 29584k| 132.7 |   351M | 247 | 951 |5425 |5425 |   0 |  0 |   0 |  37 | 4.100000e+01 | 9.790000e+01 | 138.78%| unknown
 1605s|223100 |162875 | 29602k| 132.7 |   352M | 247 | 951 |5425 |5425 |   0 |  0 |   0 |  37 | 4.100000e+01 | 9.790000e+01 | 138.78%| unknown
 1605s|223200 |162951 | 29620k| 132.7 |   352M | 247 | 951 |5425 |5425 |   0 |  0 |   0 |  37 | 4.100000e+01 | 9.790000e+01 | 138.78%| unknown
 1606s|223300 |163031 | 29634k| 132.7 |   352M | 247 | 951 |5425 |5425 |   0 |  0 |   0 |  37 | 4.100000e+01 | 9.790000e+01 | 138.78%| unknown
 time | node  | left  |LP iter|LP it/n|mem/heur|mdpt |vars |cons |rows |cuts |sepa|confs|strbr|  dualbound   | primalbound  |  gap   | compl. 
 1607s|223400 |163093 | 29656k| 132.7 |   352M | 247 | 951 |5425 |5425 |   0 |  0 |   0 |  37 | 4.100000e+01 | 9.790000e+01 | 138.78%| unknown
 1609s|223500 |163149 | 29683k| 132.8 |   352M | 247 | 951 |5425 |5425 |   0 |  0 |   0 |  37 | 4.100000e+01 | 9.790000e+01 | 138.78%| unknown
 1610s|223600 |163217 | 29700k| 132.8 |   352M | 247 | 951 |5425 |5425 |   0 |  0 |   0 |  37 | 4.100000e+01 | 9.790000e+01 | 138.78%| unknown
 1610s|223700 |163277 | 29703k| 132.8 |   352M | 247 | 951 |5425 |5425 |   0 |  0 |   0 |  37 | 4.100000e+01 | 9.790000e+01 | 138.78%| unknown
 1611s|223800 |163349 | 29729k| 132.8 |   352M | 247 | 951 |5425 |5425 |   0 |  0 |   0 |  37 | 4.100000e+01 | 9.790000e+01 | 138.78%| unknown
 1613s|223900 |163425 | 29758k| 132.9 |   352M | 247 | 951 |5425 |5425 |   0 |  0 |   0 |  37 | 4.100000e+01 | 9.790000e+01 | 138.78%| unknown
 1614s|224000 |163501 | 29785k| 133.0 |   352M | 247 | 951 |5425 |5425 |   0 |  0 |   0 |  37 | 4.100000e+01 | 9.790000e+01 | 138.78%| unknown
 1615s|224100 |163559 | 29807k| 133.0 |   352M | 247 | 951 |5425 |5425 |   0 |  0 |   0 |  37 | 4.100000e+01 | 9.790000e+01 | 138.78%| unknown
 1617s|224200 |163635 | 29841k| 133.1 |   352M | 247 | 951 |5425 |5425 |   0 |  0 |   0 |  37 | 4.100000e+01 | 9.790000e+01 | 138.78%| unknown
 1618s|224300 |163713 | 29867k| 133.2 |   353M | 247 | 951 |5425 |5425 |   0 |  0 |   0 |  37 | 4.100000e+01 | 9.790000e+01 | 138.78%| unknown
 1619s|224400 |163761 | 29888k| 133.2 |   353M | 247 | 951 |5425 |5425 |   0 |  0 |   0 |  37 | 4.100000e+01 | 9.790000e+01 | 138.78%| unknown
 1620s|224500 |163821 | 29905k| 133.2 |   353M | 247 | 951 |5425 |5425 |   0 |  0 |   0 |  37 | 4.100000e+01 | 9.790000e+01 | 138.78%| unknown
 1621s|224600 |163873 | 29926k| 133.2 |   353M | 247 | 951 |5425 |5425 |   0 |  0 |   0 |  37 | 4.100000e+01 | 9.790000e+01 | 138.78%| unknown
 1623s|224700 |163945 | 29968k| 133.4 |   353M | 247 | 951 |5425 |5425 |   0 |  0 |   0 |  37 | 4.100000e+01 | 9.790000e+01 | 138.78%| unknown
 1625s|224800 |164007 | 30012k| 133.5 |   353M | 247 | 951 |5425 |5425 |   0 |  0 |   0 |  37 | 4.100000e+01 | 9.790000e+01 | 138.78%| unknown
 time | node  | left  |LP iter|LP it/n|mem/heur|mdpt |vars |cons |rows |cuts |sepa|confs|strbr|  dualbound   | primalbound  |  gap   | compl. 
 1626s|224900 |164073 | 30040k| 133.6 |   353M | 247 | 951 |5425 |5425 |   0 |  0 |   0 |  37 | 4.100000e+01 | 9.790000e+01 | 138.78%| unknown
 1627s|225000 |164137 | 30060k| 133.6 |   354M | 247 | 951 |5425 |5425 |   0 |  0 |   0 |  37 | 4.100000e+01 | 9.790000e+01 | 138.78%| unknown
 1629s|225100 |164211 | 30092k| 133.7 |   354M | 247 | 951 |5425 |5425 |   0 |  0 |   0 |  37 | 4.100000e+01 | 9.790000e+01 | 138.78%| unknown
 1630s|225200 |164291 | 30117k| 133.7 |   354M | 247 | 951 |5425 |5425 |   0 |  0 |   0 |  37 | 4.100000e+01 | 9.790000e+01 | 138.78%| unknown
 1631s|225300 |164371 | 30136k| 133.8 |   354M | 247 | 951 |5425 |5425 |   0 |  0 |   0 |  37 | 4.100000e+01 | 9.790000e+01 | 138.78%| unknown
 1632s|225400 |164443 | 30163k| 133.8 |   355M | 247 | 951 |5425 |5425 |   0 |  0 |   0 |  37 | 4.100000e+01 | 9.790000e+01 | 138.78%| unknown
 1633s|225500 |164501 | 30180k| 133.8 |   356M | 247 | 951 |5425 |5425 |   0 |  0 |   0 |  37 | 4.100000e+01 | 9.790000e+01 | 138.78%| unknown
 1633s|225600 |164569 | 30182k| 133.8 |   356M | 247 | 951 |5425 |5425 |   0 |  0 |   0 |  37 | 4.100000e+01 | 9.790000e+01 | 138.78%| unknown
 1633s|225700 |164645 | 30183k| 133.7 |   356M | 247 | 951 |5425 |5425 |   0 |  0 |   0 |  37 | 4.100000e+01 | 9.790000e+01 | 138.78%| unknown
 1633s|225800 |164707 | 30185k| 133.7 |   356M | 247 | 951 |5425 |5425 |   0 |  0 |   0 |  37 | 4.100000e+01 | 9.790000e+01 | 138.78%| unknown
 1634s|225900 |164757 | 30187k| 133.6 |   356M | 247 | 951 |5425 |5425 |   0 |  0 |   0 |  37 | 4.100000e+01 | 9.790000e+01 | 138.78%| unknown
 1634s|226000 |164825 | 30188k| 133.6 |   356M | 247 | 951 |5425 |5425 |   0 |  0 |   0 |  37 | 4.100000e+01 | 9.790000e+01 | 138.78%| unknown
 1634s|226100 |164903 | 30190k| 133.5 |   356M | 247 | 951 |5425 |5425 |   0 |  0 |   0 |  37 | 4.100000e+01 | 9.790000e+01 | 138.78%| unknown
 1634s|226200 |164967 | 30192k| 133.5 |   356M | 247 | 951 |5425 |5425 |   0 |  0 |   0 |  37 | 4.100000e+01 | 9.790000e+01 | 138.78%| unknown
 1634s|226300 |165031 | 30193k| 133.4 |   356M | 247 | 951 |5425 |5425 |   0 |  0 |   0 |  37 | 4.100000e+01 | 9.790000e+01 | 138.78%| unknown
 time | node  | left  |LP iter|LP it/n|mem/heur|mdpt |vars |cons |rows |cuts |sepa|confs|strbr|  dualbound   | primalbound  |  gap   | compl. 
 1635s|226400 |165113 | 30194k| 133.4 |   356M | 247 | 951 |5425 |5425 |   0 |  0 |   0 |  37 | 4.100000e+01 | 9.790000e+01 | 138.78%| unknown
 1635s|226500 |165185 | 30196k| 133.3 |   356M | 247 | 951 |5425 |5425 |   0 |  0 |   0 |  37 | 4.100000e+01 | 9.790000e+01 | 138.78%| unknown
 1635s|226600 |165253 | 30197k| 133.3 |   357M | 247 | 951 |5425 |5425 |   0 |  0 |   0 |  37 | 4.100000e+01 | 9.790000e+01 | 138.78%| unknown
 1635s|226700 |165345 | 30199k| 133.2 |   357M | 247 | 951 |5425 |5425 |   0 |  0 |   0 |  37 | 4.100000e+01 | 9.790000e+01 | 138.78%| unknown
 1636s|226800 |165423 | 30205k| 133.2 |   357M | 247 | 951 |5425 |5425 |   0 |  0 |   0 |  37 | 4.100000e+01 | 9.790000e+01 | 138.78%| unknown
 1637s|226900 |165477 | 30228k| 133.2 |   357M | 247 | 951 |5425 |5425 |   0 |  0 |   0 |  37 | 4.100000e+01 | 9.790000e+01 | 138.78%| unknown
 1637s|227000 |165545 | 30241k| 133.2 |   357M | 247 | 951 |5425 |5425 |   0 |  0 |   0 |  37 | 4.100000e+01 | 9.790000e+01 | 138.78%| unknown
 1639s|227100 |165621 | 30266k| 133.3 |   357M | 247 | 951 |5425 |5425 |   0 |  0 |   0 |  37 | 4.100000e+01 | 9.790000e+01 | 138.78%| unknown
 1640s|227200 |165701 | 30298k| 133.4 |   357M | 247 | 951 |5425 |5425 |   0 |  0 |   0 |  37 | 4.100000e+01 | 9.790000e+01 | 138.78%| unknown
 1641s|227300 |165757 | 30309k| 133.3 |   357M | 247 | 951 |5425 |5425 |   0 |  0 |   0 |  37 | 4.100000e+01 | 9.790000e+01 | 138.78%| unknown
 1642s|227400 |165813 | 30322k| 133.3 |   357M | 247 | 951 |5425 |5425 |   0 |  0 |   0 |  37 | 4.100000e+01 | 9.790000e+01 | 138.78%| unknown
 1642s|227500 |165873 | 30324k| 133.3 |   357M | 247 | 951 |5425 |5425 |   0 |  0 |   0 |  37 | 4.100000e+01 | 9.790000e+01 | 138.78%| unknown
 1642s|227600 |165947 | 30325k| 133.2 |   357M | 247 | 951 |5425 |5425 |   0 |  0 |   0 |  37 | 4.100000e+01 | 9.790000e+01 | 138.78%| unknown
 1642s|227700 |166003 | 30327k| 133.2 |   357M | 247 | 951 |5425 |5425 |   0 |  0 |   0 |  37 | 4.100000e+01 | 9.790000e+01 | 138.78%| unknown
 1642s|227800 |166089 | 30328k| 133.1 |   358M | 247 | 951 |5425 |5425 |   0 |  0 |   0 |  37 | 4.100000e+01 | 9.790000e+01 | 138.78%| unknown
 time | node  | left  |LP iter|LP it/n|mem/heur|mdpt |vars |cons |rows |cuts |sepa|confs|strbr|  dualbound   | primalbound  |  gap   | compl. 
 1643s|227900 |166163 | 30329k| 133.1 |   358M | 247 | 951 |5425 |5425 |   0 |  0 |   0 |  37 | 4.100000e+01 | 9.790000e+01 | 138.78%| unknown
 1643s|228000 |166239 | 30337k| 133.1 |   358M | 247 | 951 |5425 |5425 |   0 |  0 |   0 |  37 | 4.100000e+01 | 9.790000e+01 | 138.78%| unknown
 1644s|228100 |166325 | 30353k| 133.1 |   358M | 247 | 951 |5425 |5425 |   0 |  0 |   0 |  37 | 4.100000e+01 | 9.790000e+01 | 138.78%| unknown
 1645s|228200 |166403 | 30375k| 133.1 |   358M | 247 | 951 |5425 |5425 |   0 |  0 |   0 |  37 | 4.100000e+01 | 9.790000e+01 | 138.78%| unknown
 1648s|228300 |166483 | 30431k| 133.3 |   358M | 247 | 951 |5425 |5425 |   0 |  0 |   0 |  37 | 4.100000e+01 | 9.790000e+01 | 138.78%| unknown
 1649s|228400 |166559 | 30452k| 133.3 |   358M | 247 | 951 |5425 |5425 |   0 |  0 |   0 |  37 | 4.100000e+01 | 9.790000e+01 | 138.78%| unknown
 1650s|228500 |166641 | 30482k| 133.4 |   358M | 247 | 951 |5425 |5425 |   0 |  0 |   0 |  37 | 4.100000e+01 | 9.790000e+01 | 138.78%| unknown
 1651s|228600 |166703 | 30503k| 133.4 |   358M | 247 | 951 |5425 |5425 |   0 |  0 |   0 |  37 | 4.100000e+01 | 9.790000e+01 | 138.78%| unknown
 1652s|228700 |166779 | 30523k| 133.5 |   358M | 247 | 951 |5425 |5425 |   0 |  0 |   0 |  37 | 4.100000e+01 | 9.790000e+01 | 138.78%| unknown
 1654s|228800 |166845 | 30546k| 133.5 |   359M | 247 | 951 |5425 |5425 |   0 |  0 |   0 |  37 | 4.100000e+01 | 9.790000e+01 | 138.78%| unknown
 1655s|228900 |166907 | 30577k| 133.6 |   359M | 247 | 951 |5425 |5425 |   0 |  0 |   0 |  37 | 4.100000e+01 | 9.790000e+01 | 138.78%| unknown
 1656s|229000 |166993 | 30593k| 133.6 |   359M | 247 | 951 |5425 |5425 |   0 |  0 |   0 |  37 | 4.100000e+01 | 9.790000e+01 | 138.78%| unknown
 1658s|229100 |167055 | 30623k| 133.7 |   359M | 247 | 951 |5425 |5425 |   0 |  0 |   0 |  37 | 4.100000e+01 | 9.790000e+01 | 138.78%| unknown
 1658s|229200 |167115 | 30626k| 133.6 |   360M | 247 | 951 |5425 |5425 |   0 |  0 |   0 |  37 | 4.100000e+01 | 9.790000e+01 | 138.78%| unknown
 1658s|229300 |167181 | 30628k| 133.6 |   360M | 247 | 951 |5425 |5425 |   0 |  0 |   0 |  37 | 4.100000e+01 | 9.790000e+01 | 138.78%| unknown
 time | node  | left  |LP iter|LP it/n|mem/heur|mdpt |vars |cons |rows |cuts |sepa|confs|strbr|  dualbound   | primalbound  |  gap   | compl. 
 1658s|229400 |167257 | 30631k| 133.5 |   360M | 247 | 951 |5425 |5425 |   0 |  0 |   0 |  37 | 4.100000e+01 | 9.790000e+01 | 138.78%| unknown
 1659s|229500 |167333 | 30635k| 133.5 |   360M | 247 | 951 |5425 |5425 |   0 |  0 |   0 |  37 | 4.100000e+01 | 9.790000e+01 | 138.78%| unknown
 1660s|229600 |167387 | 30662k| 133.5 |   360M | 247 | 951 |5425 |5425 |   0 |  0 |   0 |  37 | 4.100000e+01 | 9.790000e+01 | 138.78%| unknown
 1661s|229700 |167481 | 30681k| 133.6 |   360M | 247 | 951 |5425 |5425 |   0 |  0 |   0 |  37 | 4.100000e+01 | 9.790000e+01 | 138.78%| unknown
 1663s|229800 |167563 | 30717k| 133.7 |   360M | 247 | 951 |5425 |5425 |   0 |  0 |   0 |  37 | 4.100000e+01 | 9.790000e+01 | 138.78%| unknown
 1663s|229900 |167645 | 30728k| 133.7 |   362M | 247 | 951 |5425 |5425 |   0 |  0 |   0 |  37 | 4.100000e+01 | 9.790000e+01 | 138.78%| unknown
 1664s|230000 |167723 | 30742k| 133.7 |   362M | 247 | 951 |5425 |5425 |   0 |  0 |   0 |  37 | 4.100000e+01 | 9.790000e+01 | 138.78%| unknown
 1665s|230100 |167807 | 30760k| 133.7 |   362M | 247 | 951 |5425 |5425 |   0 |  0 |   0 |  37 | 4.100000e+01 | 9.790000e+01 | 138.78%| unknown
 1666s|230200 |167883 | 30780k| 133.7 |   362M | 247 | 951 |5425 |5425 |   0 |  0 |   0 |  37 | 4.100000e+01 | 9.790000e+01 | 138.78%| unknown
 1667s|230300 |167969 | 30795k| 133.7 |   362M | 247 | 951 |5425 |5425 |   0 |  0 |   0 |  37 | 4.100000e+01 | 9.790000e+01 | 138.78%| unknown
 1667s|230400 |168061 | 30797k| 133.7 |   362M | 247 | 951 |5425 |5425 |   0 |  0 |   0 |  37 | 4.100000e+01 | 9.790000e+01 | 138.78%| unknown
 1668s|230500 |168129 | 30816k| 133.7 |   362M | 247 | 951 |5425 |5425 |   0 |  0 |   0 |  37 | 4.100000e+01 | 9.790000e+01 | 138.78%| unknown
 1669s|230600 |168213 | 30832k| 133.7 |   362M | 247 | 951 |5425 |5425 |   0 |  0 |   0 |  37 | 4.100000e+01 | 9.790000e+01 | 138.78%| unknown
 1670s|230700 |168291 | 30856k| 133.7 |   362M | 247 | 951 |5425 |5425 |   0 |  0 |   0 |  37 | 4.100000e+01 | 9.790000e+01 | 138.78%| unknown
 1671s|230800 |168359 | 30879k| 133.8 |   362M | 247 | 951 |5425 |5425 |   0 |  0 |   0 |  37 | 4.100000e+01 | 9.790000e+01 | 138.78%| unknown
 time | node  | left  |LP iter|LP it/n|mem/heur|mdpt |vars |cons |rows |cuts |sepa|confs|strbr|  dualbound   | primalbound  |  gap   | compl. 
 1672s|230900 |168449 | 30899k| 133.8 |   363M | 247 | 951 |5425 |5425 |   0 |  0 |   0 |  37 | 4.100000e+01 | 9.790000e+01 | 138.78%| unknown
 1673s|231000 |168531 | 30921k| 133.9 |   363M | 247 | 951 |5425 |5425 |   0 |  0 |   0 |  37 | 4.100000e+01 | 9.790000e+01 | 138.78%| unknown
 1674s|231100 |168593 | 30923k| 133.8 |   363M | 247 | 951 |5425 |5425 |   0 |  0 |   0 |  37 | 4.100000e+01 | 9.790000e+01 | 138.78%| unknown
 1674s|231200 |168665 | 30934k| 133.8 |   363M | 247 | 951 |5425 |5425 |   0 |  0 |   0 |  37 | 4.100000e+01 | 9.790000e+01 | 138.78%| unknown
 1675s|231300 |168745 | 30955k| 133.8 |   363M | 247 | 951 |5425 |5425 |   0 |  0 |   0 |  37 | 4.100000e+01 | 9.790000e+01 | 138.78%| unknown
 1676s|231400 |168819 | 30971k| 133.8 |   363M | 247 | 951 |5425 |5425 |   0 |  0 |   0 |  37 | 4.100000e+01 | 9.790000e+01 | 138.78%| unknown
 1677s|231500 |168895 | 30988k| 133.9 |   363M | 247 | 951 |5425 |5425 |   0 |  0 |   0 |  37 | 4.100000e+01 | 9.790000e+01 | 138.78%| unknown
 1677s|231600 |168965 | 30994k| 133.8 |   363M | 247 | 951 |5425 |5425 |   0 |  0 |   0 |  37 | 4.100000e+01 | 9.790000e+01 | 138.78%| unknown
 1678s|231700 |169031 | 30996k| 133.8 |   363M | 247 | 951 |5425 |5425 |   0 |  0 |   0 |  37 | 4.100000e+01 | 9.790000e+01 | 138.78%| unknown
 1678s|231800 |169097 | 30998k| 133.7 |   363M | 247 | 951 |5425 |5425 |   0 |  0 |   0 |  37 | 4.100000e+01 | 9.790000e+01 | 138.78%| unknown
 1678s|231900 |169159 | 30999k| 133.7 |   363M | 247 | 951 |5425 |5425 |   0 |  0 |   0 |  37 | 4.100000e+01 | 9.790000e+01 | 138.78%| unknown
 1678s|232000 |169225 | 31001k| 133.6 |   364M | 247 | 951 |5425 |5425 |   0 |  0 |   0 |  37 | 4.100000e+01 | 9.790000e+01 | 138.78%| unknown
 1679s|232100 |169305 | 31015k| 133.6 |   364M | 247 | 951 |5425 |5425 |   0 |  0 |   0 |  37 | 4.100000e+01 | 9.790000e+01 | 138.78%| unknown
 1680s|232200 |169365 | 31035k| 133.7 |   364M | 247 | 951 |5425 |5425 |   0 |  0 |   0 |  37 | 4.100000e+01 | 9.790000e+01 | 138.78%| unknown
 1681s|232300 |169427 | 31057k| 133.7 |   364M | 247 | 951 |5425 |5425 |   0 |  0 |   0 |  37 | 4.100000e+01 | 9.790000e+01 | 138.78%| unknown
 time | node  | left  |LP iter|LP it/n|mem/heur|mdpt |vars |cons |rows |cuts |sepa|confs|strbr|  dualbound   | primalbound  |  gap   | compl. 
 1682s|232400 |169497 | 31074k| 133.7 |   364M | 247 | 951 |5425 |5425 |   0 |  0 |   0 |  37 | 4.100000e+01 | 9.790000e+01 | 138.78%| unknown
 1683s|232500 |169571 | 31100k| 133.8 |   364M | 247 | 951 |5425 |5425 |   0 |  0 |   0 |  37 | 4.100000e+01 | 9.790000e+01 | 138.78%| unknown
 1684s|232600 |169647 | 31123k| 133.8 |   364M | 247 | 951 |5425 |5425 |   0 |  0 |   0 |  37 | 4.100000e+01 | 9.790000e+01 | 138.78%| unknown
 1685s|232700 |169727 | 31146k| 133.8 |   364M | 247 | 951 |5425 |5425 |   0 |  0 |   0 |  37 | 4.100000e+01 | 9.790000e+01 | 138.78%| unknown
 1686s|232800 |169793 | 31166k| 133.9 |   364M | 247 | 951 |5425 |5425 |   0 |  0 |   0 |  37 | 4.100000e+01 | 9.790000e+01 | 138.78%| unknown
 1688s|232900 |169873 | 31195k| 133.9 |   365M | 247 | 951 |5425 |5425 |   0 |  0 |   0 |  37 | 4.100000e+01 | 9.790000e+01 | 138.78%| unknown
 1689s|233000 |169947 | 31213k| 134.0 |   365M | 247 | 951 |5425 |5425 |   0 |  0 |   0 |  37 | 4.100000e+01 | 9.790000e+01 | 138.78%| unknown
 1691s|233100 |170021 | 31268k| 134.1 |   366M | 247 | 951 |5425 |5425 |   0 |  0 |   0 |  37 | 4.100000e+01 | 9.790000e+01 | 138.78%| unknown
 1692s|233200 |170099 | 31289k| 134.2 |   366M | 247 | 951 |5425 |5425 |   0 |  0 |   0 |  37 | 4.100000e+01 | 9.790000e+01 | 138.78%| unknown
 1694s|233300 |170167 | 31329k| 134.3 |   366M | 247 | 951 |5425 |5425 |   0 |  0 |   0 |  37 | 4.100000e+01 | 9.790000e+01 | 138.78%| unknown
 1696s|233400 |170237 | 31358k| 134.4 |   366M | 247 | 951 |5425 |5425 |   0 |  0 |   0 |  37 | 4.100000e+01 | 9.790000e+01 | 138.78%| unknown
 1697s|233500 |170315 | 31380k| 134.4 |   366M | 247 | 951 |5425 |5425 |   0 |  0 |   0 |  37 | 4.100000e+01 | 9.790000e+01 | 138.78%| unknown
 1698s|233600 |170389 | 31395k| 134.4 |   366M | 247 | 951 |5425 |5425 |   0 |  0 |   0 |  37 | 4.100000e+01 | 9.790000e+01 | 138.78%| unknown
 1699s|233700 |170457 | 31425k| 134.5 |   366M | 247 | 951 |5425 |5425 |   0 |  0 |   0 |  37 | 4.100000e+01 | 9.790000e+01 | 138.78%| unknown
 1701s|233800 |170523 | 31470k| 134.6 |   366M | 247 | 951 |5425 |5425 |   0 |  0 |   0 |  37 | 4.100000e+01 | 9.790000e+01 | 138.78%| unknown
 time | node  | left  |LP iter|LP it/n|mem/heur|mdpt |vars |cons |rows |cuts |sepa|confs|strbr|  dualbound   | primalbound  |  gap   | compl. 
 1703s|233900 |170573 | 31499k| 134.7 |   366M | 247 | 951 |5425 |5425 |   0 |  0 |   0 |  37 | 4.100000e+01 | 9.790000e+01 | 138.78%| unknown
 1704s|234000 |170655 | 31514k| 134.7 |   366M | 247 | 951 |5425 |5425 |   0 |  0 |   0 |  37 | 4.100000e+01 | 9.790000e+01 | 138.78%| unknown
 1704s|234100 |170725 | 31521k| 134.6 |   366M | 247 | 951 |5425 |5425 |   0 |  0 |   0 |  37 | 4.100000e+01 | 9.790000e+01 | 138.78%| unknown
 1706s|234200 |170793 | 31552k| 134.7 |   366M | 247 | 951 |5425 |5425 |   0 |  0 |   0 |  37 | 4.100000e+01 | 9.790000e+01 | 138.78%| unknown
 1707s|234300 |170867 | 31570k| 134.7 |   367M | 247 | 951 |5425 |5425 |   0 |  0 |   0 |  37 | 4.100000e+01 | 9.790000e+01 | 138.78%| unknown
 1708s|234400 |170925 | 31589k| 134.8 |   367M | 247 | 951 |5425 |5425 |   0 |  0 |   0 |  37 | 4.100000e+01 | 9.790000e+01 | 138.78%| unknown
 1708s|234500 |170991 | 31602k| 134.8 |   367M | 247 | 951 |5425 |5425 |   0 |  0 |   0 |  37 | 4.100000e+01 | 9.790000e+01 | 138.78%| unknown
 1709s|234600 |171065 | 31621k| 134.8 |   368M | 247 | 951 |5425 |5425 |   0 |  0 |   0 |  37 | 4.100000e+01 | 9.790000e+01 | 138.78%| unknown
 1710s|234700 |171137 | 31623k| 134.7 |   368M | 247 | 951 |5425 |5425 |   0 |  0 |   0 |  37 | 4.100000e+01 | 9.790000e+01 | 138.78%| unknown
 1710s|234800 |171227 | 31624k| 134.7 |   368M | 247 | 951 |5425 |5425 |   0 |  0 |   0 |  37 | 4.100000e+01 | 9.790000e+01 | 138.78%| unknown
 1710s|234900 |171289 | 31626k| 134.6 |   368M | 247 | 951 |5425 |5425 |   0 |  0 |   0 |  37 | 4.100000e+01 | 9.790000e+01 | 138.78%| unknown
 1710s|235000 |171369 | 31628k| 134.6 |   368M | 247 | 951 |5425 |5425 |   0 |  0 |   0 |  37 | 4.100000e+01 | 9.790000e+01 | 138.78%| unknown
 1710s|235100 |171435 | 31630k| 134.5 |   368M | 247 | 951 |5425 |5425 |   0 |  0 |   0 |  37 | 4.100000e+01 | 9.790000e+01 | 138.78%| unknown
 1710s|235200 |171499 | 31631k| 134.5 |   368M | 247 | 951 |5425 |5425 |   0 |  0 |   0 |  37 | 4.100000e+01 | 9.790000e+01 | 138.78%| unknown
 1711s|235300 |171557 | 31633k| 134.4 |   368M | 247 | 951 |5425 |5425 |   0 |  0 |   0 |  37 | 4.100000e+01 | 9.790000e+01 | 138.78%| unknown
 time | node  | left  |LP iter|LP it/n|mem/heur|mdpt |vars |cons |rows |cuts |sepa|confs|strbr|  dualbound   | primalbound  |  gap   | compl. 
 1711s|235400 |171617 | 31634k| 134.4 |   369M | 247 | 951 |5425 |5425 |   0 |  0 |   0 |  37 | 4.100000e+01 | 9.790000e+01 | 138.78%| unknown
 1711s|235500 |171699 | 31636k| 134.3 |   370M | 247 | 951 |5425 |5425 |   0 |  0 |   0 |  37 | 4.100000e+01 | 9.790000e+01 | 138.78%| unknown
 1711s|235600 |171763 | 31638k| 134.3 |   370M | 247 | 951 |5425 |5425 |   0 |  0 |   0 |  37 | 4.100000e+01 | 9.790000e+01 | 138.78%| unknown
 1711s|235700 |171841 | 31639k| 134.2 |   370M | 247 | 951 |5425 |5425 |   0 |  0 |   0 |  37 | 4.100000e+01 | 9.790000e+01 | 138.78%| unknown
 1712s|235800 |171913 | 31641k| 134.2 |   370M | 247 | 951 |5425 |5425 |   0 |  0 |   0 |  37 | 4.100000e+01 | 9.790000e+01 | 138.78%| unknown
 1712s|235900 |171973 | 31643k| 134.1 |   370M | 247 | 951 |5425 |5425 |   0 |  0 |   0 |  37 | 4.100000e+01 | 9.790000e+01 | 138.78%| unknown
 1712s|236000 |172057 | 31645k| 134.1 |   370M | 247 | 951 |5425 |5425 |   0 |  0 |   0 |  37 | 4.100000e+01 | 9.790000e+01 | 138.78%| unknown
 1712s|236100 |172131 | 31646k| 134.0 |   370M | 247 | 951 |5425 |5425 |   0 |  0 |   0 |  37 | 4.100000e+01 | 9.790000e+01 | 138.78%| unknown
 1712s|236200 |172201 | 31648k| 134.0 |   370M | 247 | 951 |5425 |5425 |   0 |  0 |   0 |  37 | 4.100000e+01 | 9.790000e+01 | 138.78%| unknown
 1713s|236300 |172277 | 31649k| 133.9 |   370M | 247 | 951 |5425 |5425 |   0 |  0 |   0 |  37 | 4.100000e+01 | 9.790000e+01 | 138.78%| unknown
 1713s|236400 |172361 | 31650k| 133.9 |   370M | 247 | 951 |5425 |5425 |   0 |  0 |   0 |  37 | 4.100000e+01 | 9.790000e+01 | 138.78%| unknown
 1714s|236500 |172439 | 31672k| 133.9 |   371M | 247 | 951 |5425 |5425 |   0 |  0 |   0 |  37 | 4.100000e+01 | 9.790000e+01 | 138.78%| unknown
 1715s|236600 |172489 | 31698k| 134.0 |   371M | 247 | 951 |5425 |5425 |   0 |  0 |   0 |  37 | 4.100000e+01 | 9.790000e+01 | 138.78%| unknown
 1716s|236700 |172573 | 31712k| 134.0 |   371M | 247 | 951 |5425 |5425 |   0 |  0 |   0 |  37 | 4.100000e+01 | 9.790000e+01 | 138.78%| unknown
 1717s|236800 |172661 | 31728k| 134.0 |   371M | 247 | 951 |5425 |5425 |   0 |  0 |   0 |  37 | 4.100000e+01 | 9.790000e+01 | 138.78%| unknown
 time | node  | left  |LP iter|LP it/n|mem/heur|mdpt |vars |cons |rows |cuts |sepa|confs|strbr|  dualbound   | primalbound  |  gap   | compl. 
 1717s|236900 |172741 | 31741k| 134.0 |   371M | 247 | 951 |5425 |5425 |   0 |  0 |   0 |  37 | 4.100000e+01 | 9.790000e+01 | 138.78%| unknown
 1719s|237000 |172821 | 31764k| 134.0 |   372M | 247 | 951 |5425 |5425 |   0 |  0 |   0 |  37 | 4.100000e+01 | 9.790000e+01 | 138.78%| unknown
 1720s|237100 |172891 | 31791k| 134.1 |   372M | 247 | 951 |5425 |5425 |   0 |  0 |   0 |  37 | 4.100000e+01 | 9.790000e+01 | 138.78%| unknown
 1721s|237200 |172971 | 31809k| 134.1 |   372M | 247 | 951 |5425 |5425 |   0 |  0 |   0 |  37 | 4.100000e+01 | 9.790000e+01 | 138.78%| unknown
 1721s|237300 |173063 | 31821k| 134.1 |   372M | 247 | 951 |5425 |5425 |   0 |  0 |   0 |  37 | 4.100000e+01 | 9.790000e+01 | 138.78%| unknown
 1723s|237400 |173125 | 31845k| 134.1 |   372M | 247 | 951 |5425 |5425 |   0 |  0 |   0 |  37 | 4.100000e+01 | 9.790000e+01 | 138.78%| unknown
 1723s|237500 |173201 | 31852k| 134.1 |   372M | 247 | 951 |5425 |5425 |   0 |  0 |   0 |  37 | 4.100000e+01 | 9.790000e+01 | 138.78%| unknown
 1724s|237600 |173281 | 31869k| 134.1 |   373M | 247 | 951 |5425 |5425 |   0 |  0 |   0 |  37 | 4.100000e+01 | 9.790000e+01 | 138.78%| unknown
 1725s|237700 |173357 | 31882k| 134.1 |   373M | 247 | 951 |5425 |5425 |   0 |  0 |   0 |  37 | 4.100000e+01 | 9.790000e+01 | 138.78%| unknown
 1725s|237800 |173433 | 31898k| 134.1 |   373M | 247 | 951 |5425 |5425 |   0 |  0 |   0 |  37 | 4.100000e+01 | 9.790000e+01 | 138.78%| unknown
 1727s|237900 |173517 | 31918k| 134.2 |   373M | 247 | 951 |5425 |5425 |   0 |  0 |   0 |  37 | 4.100000e+01 | 9.790000e+01 | 138.78%| unknown
 1727s|238000 |173589 | 31925k| 134.1 |   373M | 247 | 951 |5425 |5425 |   0 |  0 |   0 |  37 | 4.100000e+01 | 9.790000e+01 | 138.78%| unknown
 1727s|238100 |173659 | 31929k| 134.1 |   373M | 247 | 951 |5425 |5425 |   0 |  0 |   0 |  37 | 4.100000e+01 | 9.790000e+01 | 138.78%| unknown
 1728s|238200 |173737 | 31937k| 134.1 |   373M | 247 | 951 |5425 |5425 |   0 |  0 |   0 |  37 | 4.100000e+01 | 9.790000e+01 | 138.78%| unknown
 1729s|238300 |173809 | 31952k| 134.1 |   373M | 247 | 951 |5425 |5425 |   0 |  0 |   0 |  37 | 4.100000e+01 | 9.790000e+01 | 138.78%| unknown
 time | node  | left  |LP iter|LP it/n|mem/heur|mdpt |vars |cons |rows |cuts |sepa|confs|strbr|  dualbound   | primalbound  |  gap   | compl. 
 1730s|238400 |173885 | 31978k| 134.1 |   373M | 247 | 951 |5425 |5425 |   0 |  0 |   0 |  37 | 4.100000e+01 | 9.790000e+01 | 138.78%| unknown
 1731s|238500 |173973 | 31998k| 134.2 |   373M | 247 | 951 |5425 |5425 |   0 |  0 |   0 |  37 | 4.100000e+01 | 9.790000e+01 | 138.78%| unknown
 1732s|238600 |174035 | 32019k| 134.2 |   374M | 247 | 951 |5425 |5425 |   0 |  0 |   0 |  37 | 4.100000e+01 | 9.790000e+01 | 138.78%| unknown
 1733s|238700 |174107 | 32036k| 134.2 |   374M | 247 | 951 |5425 |5425 |   0 |  0 |   0 |  37 | 4.100000e+01 | 9.790000e+01 | 138.78%| unknown
 1734s|238800 |174177 | 32054k| 134.2 |   374M | 247 | 951 |5425 |5425 |   0 |  0 |   0 |  37 | 4.100000e+01 | 9.790000e+01 | 138.78%| unknown
 1735s|238900 |174231 | 32079k| 134.3 |   374M | 247 | 951 |5425 |5425 |   0 |  0 |   0 |  37 | 4.100000e+01 | 9.790000e+01 | 138.78%| unknown
 1736s|239000 |174301 | 32101k| 134.3 |   374M | 247 | 951 |5425 |5425 |   0 |  0 |   0 |  37 | 4.100000e+01 | 9.790000e+01 | 138.78%| unknown
 1737s|239100 |174377 | 32110k| 134.3 |   374M | 247 | 951 |5425 |5425 |   0 |  0 |   0 |  37 | 4.100000e+01 | 9.790000e+01 | 138.78%| unknown
 1738s|239200 |174453 | 32134k| 134.3 |   374M | 247 | 951 |5425 |5425 |   0 |  0 |   0 |  37 | 4.100000e+01 | 9.790000e+01 | 138.78%| unknown
 1739s|239300 |174535 | 32159k| 134.4 |   374M | 247 | 951 |5425 |5425 |   0 |  0 |   0 |  37 | 4.100000e+01 | 9.790000e+01 | 138.78%| unknown
 1740s|239400 |174621 | 32178k| 134.4 |   374M | 247 | 951 |5425 |5425 |   0 |  0 |   0 |  37 | 4.100000e+01 | 9.790000e+01 | 138.78%| unknown
 1741s|239500 |174701 | 32204k| 134.5 |   374M | 247 | 951 |5425 |5425 |   0 |  0 |   0 |  37 | 4.100000e+01 | 9.790000e+01 | 138.78%| unknown
 1742s|239600 |174767 | 32215k| 134.5 |   374M | 247 | 951 |5425 |5425 |   0 |  0 |   0 |  37 | 4.100000e+01 | 9.790000e+01 | 138.78%| unknown
 1743s|239700 |174829 | 32231k| 134.5 |   375M | 247 | 951 |5425 |5425 |   0 |  0 |   0 |  37 | 4.100000e+01 | 9.790000e+01 | 138.78%| unknown
 1744s|239800 |174905 | 32253k| 134.5 |   375M | 247 | 951 |5425 |5425 |   0 |  0 |   0 |  37 | 4.100000e+01 | 9.790000e+01 | 138.78%| unknown
 time | node  | left  |LP iter|LP it/n|mem/heur|mdpt |vars |cons |rows |cuts |sepa|confs|strbr|  dualbound   | primalbound  |  gap   | compl. 
 1745s|239900 |174969 | 32276k| 134.5 |   375M | 247 | 951 |5425 |5425 |   0 |  0 |   0 |  37 | 4.100000e+01 | 9.790000e+01 | 138.78%| unknown
 1746s|240000 |175031 | 32296k| 134.6 |   375M | 247 | 951 |5425 |5425 |   0 |  0 |   0 |  37 | 4.100000e+01 | 9.790000e+01 | 138.78%| unknown
 1747s|240100 |175097 | 32317k| 134.6 |   375M | 247 | 951 |5425 |5425 |   0 |  0 |   0 |  37 | 4.100000e+01 | 9.790000e+01 | 138.78%| unknown
 1748s|240200 |175173 | 32325k| 134.6 |   375M | 247 | 951 |5425 |5425 |   0 |  0 |   0 |  37 | 4.100000e+01 | 9.790000e+01 | 138.78%| unknown
 1748s|240300 |175241 | 32335k| 134.6 |   375M | 247 | 951 |5425 |5425 |   0 |  0 |   0 |  37 | 4.100000e+01 | 9.790000e+01 | 138.78%| unknown
 1749s|240400 |175311 | 32346k| 134.6 |   375M | 247 | 951 |5425 |5425 |   0 |  0 |   0 |  37 | 4.100000e+01 | 9.790000e+01 | 138.78%| unknown
 1750s|240500 |175389 | 32360k| 134.6 |   375M | 247 | 951 |5425 |5425 |   0 |  0 |   0 |  37 | 4.100000e+01 | 9.790000e+01 | 138.78%| unknown
 1751s|240600 |175449 | 32389k| 134.6 |   375M | 247 | 951 |5425 |5425 |   0 |  0 |   0 |  37 | 4.100000e+01 | 9.790000e+01 | 138.78%| unknown
 1752s|240700 |175509 | 32412k| 134.7 |   375M | 247 | 951 |5425 |5425 |   0 |  0 |   0 |  37 | 4.100000e+01 | 9.790000e+01 | 138.78%| unknown
 1754s|240800 |175579 | 32441k| 134.7 |   375M | 247 | 951 |5425 |5425 |   0 |  0 |   0 |  37 | 4.100000e+01 | 9.790000e+01 | 138.78%| unknown
 1756s|240900 |175651 | 32477k| 134.8 |   376M | 247 | 951 |5425 |5425 |   0 |  0 |   0 |  37 | 4.100000e+01 | 9.790000e+01 | 138.78%| unknown
 1757s|241000 |175721 | 32500k| 134.9 |   376M | 247 | 951 |5425 |5425 |   0 |  0 |   0 |  37 | 4.100000e+01 | 9.790000e+01 | 138.78%| unknown
 1758s|241100 |175793 | 32523k| 134.9 |   377M | 247 | 951 |5425 |5425 |   0 |  0 |   0 |  37 | 4.100000e+01 | 9.790000e+01 | 138.78%| unknown
 1758s|241200 |175863 | 32530k| 134.9 |   377M | 247 | 951 |5425 |5425 |   0 |  0 |   0 |  37 | 4.100000e+01 | 9.790000e+01 | 138.78%| unknown
 1759s|241300 |175923 | 32532k| 134.8 |   377M | 247 | 951 |5425 |5425 |   0 |  0 |   0 |  37 | 4.100000e+01 | 9.790000e+01 | 138.78%| unknown
 time | node  | left  |LP iter|LP it/n|mem/heur|mdpt |vars |cons |rows |cuts |sepa|confs|strbr|  dualbound   | primalbound  |  gap   | compl. 
 1759s|241400 |175979 | 32534k| 134.8 |   377M | 247 | 951 |5425 |5425 |   0 |  0 |   0 |  37 | 4.100000e+01 | 9.790000e+01 | 138.78%| unknown
 1759s|241500 |176011 | 32535k| 134.7 |   377M | 247 | 951 |5425 |5425 |   0 |  0 |   0 |  37 | 4.100000e+01 | 9.790000e+01 | 138.78%| unknown
 1759s|241600 |176067 | 32537k| 134.7 |   377M | 247 | 951 |5425 |5425 |   0 |  0 |   0 |  37 | 4.100000e+01 | 9.790000e+01 | 138.78%| unknown
 1759s|241700 |176131 | 32539k| 134.6 |   377M | 247 | 951 |5425 |5425 |   0 |  0 |   0 |  37 | 4.100000e+01 | 9.790000e+01 | 138.78%| unknown
 1759s|241800 |176201 | 32541k| 134.6 |   378M | 247 | 951 |5425 |5425 |   0 |  0 |   0 |  37 | 4.100000e+01 | 9.790000e+01 | 138.78%| unknown
 1760s|241900 |176283 | 32542k| 134.5 |   378M | 247 | 951 |5425 |5425 |   0 |  0 |   0 |  37 | 4.100000e+01 | 9.790000e+01 | 138.78%| unknown
 1760s|242000 |176377 | 32550k| 134.5 |   378M | 247 | 951 |5425 |5425 |   0 |  0 |   0 |  37 | 4.100000e+01 | 9.790000e+01 | 138.78%| unknown
 1761s|242100 |176473 | 32566k| 134.5 |   379M | 247 | 951 |5425 |5425 |   0 |  0 |   0 |  37 | 4.100000e+01 | 9.790000e+01 | 138.78%| unknown
 1762s|242200 |176555 | 32589k| 134.6 |   379M | 247 | 951 |5425 |5425 |   0 |  0 |   0 |  37 | 4.100000e+01 | 9.790000e+01 | 138.78%| unknown
 1763s|242300 |176633 | 32606k| 134.6 |   379M | 247 | 951 |5425 |5425 |   0 |  0 |   0 |  37 | 4.100000e+01 | 9.790000e+01 | 138.78%| unknown
 1764s|242400 |176709 | 32622k| 134.6 |   379M | 247 | 951 |5425 |5425 |   0 |  0 |   0 |  37 | 4.100000e+01 | 9.790000e+01 | 138.78%| unknown
 1764s|242500 |176785 | 32634k| 134.6 |   379M | 247 | 951 |5425 |5425 |   0 |  0 |   0 |  37 | 4.100000e+01 | 9.790000e+01 | 138.78%| unknown
 1765s|242600 |176859 | 32653k| 134.6 |   379M | 247 | 951 |5425 |5425 |   0 |  0 |   0 |  37 | 4.100000e+01 | 9.790000e+01 | 138.78%| unknown
 1766s|242700 |176931 | 32670k| 134.6 |   379M | 247 | 951 |5425 |5425 |   0 |  0 |   0 |  37 | 4.100000e+01 | 9.790000e+01 | 138.78%| unknown
 1766s|242800 |177009 | 32672k| 134.6 |   379M | 247 | 951 |5425 |5425 |   0 |  0 |   0 |  37 | 4.100000e+01 | 9.790000e+01 | 138.78%| unknown
 time | node  | left  |LP iter|LP it/n|mem/heur|mdpt |vars |cons |rows |cuts |sepa|confs|strbr|  dualbound   | primalbound  |  gap   | compl. 
 1767s|242900 |177069 | 32673k| 134.5 |   379M | 247 | 951 |5425 |5425 |   0 |  0 |   0 |  37 | 4.100000e+01 | 9.790000e+01 | 138.78%| unknown
 1767s|243000 |177141 | 32675k| 134.5 |   379M | 247 | 951 |5425 |5425 |   0 |  0 |   0 |  37 | 4.100000e+01 | 9.790000e+01 | 138.78%| unknown
 1767s|243100 |177209 | 32677k| 134.4 |   380M | 247 | 951 |5425 |5425 |   0 |  0 |   0 |  37 | 4.100000e+01 | 9.790000e+01 | 138.78%| unknown
 1767s|243200 |177291 | 32678k| 134.4 |   380M | 247 | 951 |5425 |5425 |   0 |  0 |   0 |  37 | 4.100000e+01 | 9.790000e+01 | 138.78%| unknown
 1767s|243300 |177357 | 32679k| 134.3 |   380M | 247 | 951 |5425 |5425 |   0 |  0 |   0 |  37 | 4.100000e+01 | 9.790000e+01 | 138.78%| unknown
 1767s|243400 |177423 | 32681k| 134.3 |   381M | 247 | 951 |5425 |5425 |   0 |  0 |   0 |  37 | 4.100000e+01 | 9.790000e+01 | 138.78%| unknown
 1768s|243500 |177491 | 32683k| 134.2 |   381M | 247 | 951 |5425 |5425 |   0 |  0 |   0 |  37 | 4.100000e+01 | 9.790000e+01 | 138.78%| unknown
 1768s|243600 |177561 | 32684k| 134.2 |   381M | 247 | 951 |5425 |5425 |   0 |  0 |   0 |  37 | 4.100000e+01 | 9.790000e+01 | 138.78%| unknown
 1768s|243700 |177627 | 32686k| 134.1 |   381M | 247 | 951 |5425 |5425 |   0 |  0 |   0 |  37 | 4.100000e+01 | 9.790000e+01 | 138.78%| unknown
 1768s|243800 |177705 | 32687k| 134.1 |   381M | 247 | 951 |5425 |5425 |   0 |  0 |   0 |  37 | 4.100000e+01 | 9.790000e+01 | 138.78%| unknown
 1768s|243900 |177775 | 32688k| 134.0 |   381M | 247 | 951 |5425 |5425 |   0 |  0 |   0 |  37 | 4.100000e+01 | 9.790000e+01 | 138.78%| unknown
 1769s|244000 |177855 | 32690k| 134.0 |   381M | 247 | 951 |5425 |5425 |   0 |  0 |   0 |  37 | 4.100000e+01 | 9.790000e+01 | 138.78%| unknown
 1769s|244100 |177941 | 32691k| 133.9 |   381M | 247 | 951 |5425 |5425 |   0 |  0 |   0 |  37 | 4.100000e+01 | 9.790000e+01 | 138.78%| unknown
 1769s|244200 |178011 | 32699k| 133.9 |   382M | 247 | 951 |5425 |5425 |   0 |  0 |   0 |  37 | 4.100000e+01 | 9.790000e+01 | 138.78%| unknown
 1769s|244300 |178079 | 32700k| 133.9 |   382M | 247 | 951 |5425 |5425 |   0 |  0 |   0 |  37 | 4.100000e+01 | 9.790000e+01 | 138.78%| unknown
 time | node  | left  |LP iter|LP it/n|mem/heur|mdpt |vars |cons |rows |cuts |sepa|confs|strbr|  dualbound   | primalbound  |  gap   | compl. 
 1770s|244400 |178151 | 32702k| 133.8 |   383M | 247 | 951 |5425 |5425 |   0 |  0 |   0 |  37 | 4.100000e+01 | 9.790000e+01 | 138.78%| unknown
 1770s|244500 |178225 | 32703k| 133.8 |   383M | 247 | 951 |5425 |5425 |   0 |  0 |   0 |  37 | 4.100000e+01 | 9.790000e+01 | 138.78%| unknown
 1770s|244600 |178281 | 32705k| 133.7 |   383M | 247 | 951 |5425 |5425 |   0 |  0 |   0 |  37 | 4.100000e+01 | 9.790000e+01 | 138.78%| unknown
 1772s|244700 |178351 | 32735k| 133.8 |   383M | 247 | 951 |5425 |5425 |   0 |  0 |   0 |  37 | 4.100000e+01 | 9.790000e+01 | 138.78%| unknown
 1772s|244800 |178417 | 32738k| 133.7 |   383M | 247 | 951 |5425 |5425 |   0 |  0 |   0 |  37 | 4.100000e+01 | 9.790000e+01 | 138.78%| unknown
 1772s|244900 |178495 | 32739k| 133.7 |   383M | 247 | 951 |5425 |5425 |   0 |  0 |   0 |  37 | 4.100000e+01 | 9.790000e+01 | 138.78%| unknown
 1772s|245000 |178565 | 32741k| 133.6 |   383M | 247 | 951 |5425 |5425 |   0 |  0 |   0 |  37 | 4.100000e+01 | 9.790000e+01 | 138.78%| unknown
 1772s|245100 |178625 | 32743k| 133.6 |   383M | 247 | 951 |5425 |5425 |   0 |  0 |   0 |  37 | 4.100000e+01 | 9.790000e+01 | 138.78%| unknown
 1773s|245200 |178705 | 32744k| 133.5 |   383M | 247 | 951 |5425 |5425 |   0 |  0 |   0 |  37 | 4.100000e+01 | 9.790000e+01 | 138.78%| unknown
 1773s|245300 |178769 | 32746k| 133.5 |   383M | 247 | 951 |5425 |5425 |   0 |  0 |   0 |  37 | 4.100000e+01 | 9.790000e+01 | 138.78%| unknown
 1773s|245400 |178861 | 32746k| 133.4 |   384M | 247 | 951 |5425 |5425 |   0 |  0 |   0 |  37 | 4.100000e+01 | 9.790000e+01 | 138.78%| unknown
 1773s|245500 |178935 | 32747k| 133.4 |   384M | 247 | 951 |5425 |5425 |   0 |  0 |   0 |  37 | 4.100000e+01 | 9.790000e+01 | 138.78%| unknown
 1773s|245600 |179027 | 32749k| 133.3 |   384M | 247 | 951 |5425 |5425 |   0 |  0 |   0 |  37 | 4.100000e+01 | 9.790000e+01 | 138.78%| unknown
 1774s|245700 |179093 | 32751k| 133.3 |   384M | 247 | 951 |5425 |5425 |   0 |  0 |   0 |  37 | 4.100000e+01 | 9.790000e+01 | 138.78%| unknown
 1774s|245800 |179161 | 32753k| 133.2 |   384M | 247 | 951 |5425 |5425 |   0 |  0 |   0 |  37 | 4.100000e+01 | 9.790000e+01 | 138.78%| unknown
 time | node  | left  |LP iter|LP it/n|mem/heur|mdpt |vars |cons |rows |cuts |sepa|confs|strbr|  dualbound   | primalbound  |  gap   | compl. 
 1775s|245900 |179227 | 32768k| 133.3 |   384M | 247 | 951 |5425 |5425 |   0 |  0 |   0 |  37 | 4.100000e+01 | 9.790000e+01 | 138.78%| unknown
 1776s|246000 |179319 | 32791k| 133.3 |   384M | 247 | 951 |5425 |5425 |   0 |  0 |   0 |  37 | 4.100000e+01 | 9.790000e+01 | 138.78%| unknown
 1776s|246100 |179391 | 32805k| 133.3 |   384M | 247 | 951 |5425 |5425 |   0 |  0 |   0 |  37 | 4.100000e+01 | 9.790000e+01 | 138.78%| unknown
 1777s|246200 |179473 | 32822k| 133.3 |   384M | 247 | 951 |5425 |5425 |   0 |  0 |   0 |  37 | 4.100000e+01 | 9.790000e+01 | 138.78%| unknown
 1779s|246300 |179541 | 32849k| 133.4 |   384M | 247 | 951 |5425 |5425 |   0 |  0 |   0 |  37 | 4.100000e+01 | 9.790000e+01 | 138.78%| unknown
 1779s|246400 |179627 | 32856k| 133.3 |   385M | 247 | 951 |5425 |5425 |   0 |  0 |   0 |  37 | 4.100000e+01 | 9.790000e+01 | 138.78%| unknown
 1779s|246500 |179711 | 32858k| 133.3 |   385M | 247 | 951 |5425 |5425 |   0 |  0 |   0 |  37 | 4.100000e+01 | 9.790000e+01 | 138.78%| unknown
 1779s|246600 |179789 | 32859k| 133.2 |   385M | 247 | 951 |5425 |5425 |   0 |  0 |   0 |  37 | 4.100000e+01 | 9.790000e+01 | 138.78%| unknown
 1780s|246700 |179859 | 32861k| 133.2 |   385M | 247 | 951 |5425 |5425 |   0 |  0 |   0 |  37 | 4.100000e+01 | 9.790000e+01 | 138.78%| unknown
 1780s|246800 |179923 | 32862k| 133.2 |   385M | 247 | 951 |5425 |5425 |   0 |  0 |   0 |  37 | 4.100000e+01 | 9.790000e+01 | 138.78%| unknown
 1780s|246900 |179985 | 32864k| 133.1 |   385M | 247 | 951 |5425 |5425 |   0 |  0 |   0 |  37 | 4.100000e+01 | 9.790000e+01 | 138.78%| unknown
 1780s|247000 |180085 | 32865k| 133.1 |   385M | 247 | 951 |5425 |5425 |   0 |  0 |   0 |  37 | 4.100000e+01 | 9.790000e+01 | 138.78%| unknown
 1780s|247100 |180173 | 32866k| 133.0 |   385M | 247 | 951 |5425 |5425 |   0 |  0 |   0 |  37 | 4.100000e+01 | 9.790000e+01 | 138.78%| unknown
 1781s|247200 |180245 | 32867k| 133.0 |   385M | 247 | 951 |5425 |5425 |   0 |  0 |   0 |  37 | 4.100000e+01 | 9.790000e+01 | 138.78%| unknown
 1781s|247300 |180319 | 32869k| 132.9 |   385M | 247 | 951 |5425 |5425 |   0 |  0 |   0 |  37 | 4.100000e+01 | 9.790000e+01 | 138.78%| unknown
 time | node  | left  |LP iter|LP it/n|mem/heur|mdpt |vars |cons |rows |cuts |sepa|confs|strbr|  dualbound   | primalbound  |  gap   | compl. 
 1781s|247400 |180401 | 32870k| 132.9 |   386M | 247 | 951 |5425 |5425 |   0 |  0 |   0 |  37 | 4.100000e+01 | 9.790000e+01 | 138.78%| unknown
 1781s|247500 |180477 | 32871k| 132.8 |   386M | 247 | 951 |5425 |5425 |   0 |  0 |   0 |  37 | 4.100000e+01 | 9.790000e+01 | 138.78%| unknown
 1781s|247600 |180561 | 32872k| 132.8 |   386M | 247 | 951 |5425 |5425 |   0 |  0 |   0 |  37 | 4.100000e+01 | 9.790000e+01 | 138.78%| unknown
 1782s|247700 |180635 | 32874k| 132.7 |   386M | 247 | 951 |5425 |5425 |   0 |  0 |   0 |  37 | 4.100000e+01 | 9.790000e+01 | 138.78%| unknown
 1782s|247800 |180713 | 32875k| 132.7 |   387M | 247 | 951 |5425 |5425 |   0 |  0 |   0 |  37 | 4.100000e+01 | 9.790000e+01 | 138.78%| unknown
 1782s|247900 |180785 | 32876k| 132.6 |   387M | 247 | 951 |5425 |5425 |   0 |  0 |   0 |  37 | 4.100000e+01 | 9.790000e+01 | 138.78%| unknown
 1782s|248000 |180855 | 32877k| 132.6 |   387M | 247 | 951 |5425 |5425 |   0 |  0 |   0 |  37 | 4.100000e+01 | 9.790000e+01 | 138.78%| unknown
 1783s|248100 |180927 | 32887k| 132.6 |   387M | 247 | 951 |5425 |5425 |   0 |  0 |   0 |  37 | 4.100000e+01 | 9.790000e+01 | 138.78%| unknown
 1784s|248200 |180989 | 32906k| 132.6 |   387M | 247 | 951 |5425 |5425 |   0 |  0 |   0 |  37 | 4.100000e+01 | 9.790000e+01 | 138.78%| unknown
 1784s|248300 |181045 | 32921k| 132.6 |   387M | 247 | 951 |5425 |5425 |   0 |  0 |   0 |  37 | 4.100000e+01 | 9.790000e+01 | 138.78%| unknown
 1786s|248400 |181119 | 32951k| 132.7 |   388M | 247 | 951 |5425 |5425 |   0 |  0 |   0 |  37 | 4.100000e+01 | 9.790000e+01 | 138.78%| unknown
 1787s|248500 |181199 | 32971k| 132.7 |   389M | 247 | 951 |5425 |5425 |   0 |  0 |   0 |  37 | 4.100000e+01 | 9.790000e+01 | 138.78%| unknown
 1788s|248600 |181269 | 32992k| 132.7 |   389M | 247 | 951 |5425 |5425 |   0 |  0 |   0 |  37 | 4.100000e+01 | 9.790000e+01 | 138.78%| unknown
 1789s|248700 |181341 | 33010k| 132.7 |   389M | 247 | 951 |5425 |5425 |   0 |  0 |   0 |  37 | 4.100000e+01 | 9.790000e+01 | 138.78%| unknown
 1790s|248800 |181417 | 33026k| 132.7 |   389M | 247 | 951 |5425 |5425 |   0 |  0 |   0 |  37 | 4.100000e+01 | 9.790000e+01 | 138.78%| unknown
 time | node  | left  |LP iter|LP it/n|mem/heur|mdpt |vars |cons |rows |cuts |sepa|confs|strbr|  dualbound   | primalbound  |  gap   | compl. 
 1791s|248900 |181495 | 33050k| 132.8 |   389M | 247 | 951 |5425 |5425 |   0 |  0 |   0 |  37 | 4.100000e+01 | 9.790000e+01 | 138.78%| unknown
 1791s|249000 |181583 | 33059k| 132.8 |   389M | 247 | 951 |5425 |5425 |   0 |  0 |   0 |  37 | 4.100000e+01 | 9.790000e+01 | 138.78%| unknown
 1792s|249100 |181659 | 33074k| 132.8 |   389M | 247 | 951 |5425 |5425 |   0 |  0 |   0 |  37 | 4.100000e+01 | 9.790000e+01 | 138.78%| unknown
 1793s|249200 |181733 | 33100k| 132.8 |   389M | 247 | 951 |5425 |5425 |   0 |  0 |   0 |  37 | 4.100000e+01 | 9.790000e+01 | 138.78%| unknown
 1794s|249300 |181815 | 33111k| 132.8 |   389M | 247 | 951 |5425 |5425 |   0 |  0 |   0 |  37 | 4.100000e+01 | 9.790000e+01 | 138.78%| unknown
 1795s|249400 |181889 | 33133k| 132.9 |   389M | 247 | 951 |5425 |5425 |   0 |  0 |   0 |  37 | 4.100000e+01 | 9.790000e+01 | 138.78%| unknown
 1795s|249500 |181959 | 33146k| 132.8 |   389M | 247 | 951 |5425 |5425 |   0 |  0 |   0 |  37 | 4.100000e+01 | 9.790000e+01 | 138.78%| unknown
 1796s|249600 |182013 | 33154k| 132.8 |   390M | 247 | 951 |5425 |5425 |   0 |  0 |   0 |  37 | 4.100000e+01 | 9.790000e+01 | 138.78%| unknown
 1796s|249700 |182087 | 33165k| 132.8 |   390M | 247 | 951 |5425 |5425 |   0 |  0 |   0 |  37 | 4.100000e+01 | 9.790000e+01 | 138.78%| unknown
 1797s|249800 |182161 | 33175k| 132.8 |   390M | 247 | 951 |5425 |5425 |   0 |  0 |   0 |  37 | 4.100000e+01 | 9.790000e+01 | 138.78%| unknown
 1798s|249900 |182243 | 33194k| 132.8 |   390M | 247 | 951 |5425 |5425 |   0 |  0 |   0 |  37 | 4.100000e+01 | 9.790000e+01 | 138.78%| unknown
 1799s|250000 |182313 | 33205k| 132.8 |   390M | 247 | 951 |5425 |5425 |   0 |  0 |   0 |  37 | 4.100000e+01 | 9.790000e+01 | 138.78%| unknown
 1799s|250100 |182387 | 33214k| 132.8 |   390M | 247 | 951 |5425 |5425 |   0 |  0 |   0 |  37 | 4.100000e+01 | 9.790000e+01 | 138.78%| unknown
 1800s|250200 |182455 | 33244k| 132.9 |   390M | 247 | 951 |5425 |5425 |   0 |  0 |   0 |  37 | 4.100000e+01 | 9.790000e+01 | 138.78%| unknown
 1802s|250300 |182511 | 33268k| 132.9 |   390M | 247 | 951 |5425 |5425 |   0 |  0 |   0 |  37 | 4.100000e+01 | 9.790000e+01 | 138.78%| unknown
 time | node  | left  |LP iter|LP it/n|mem/heur|mdpt |vars |cons |rows |cuts |sepa|confs|strbr|  dualbound   | primalbound  |  gap   | compl. 
 1803s|250400 |182577 | 33288k| 132.9 |   390M | 247 | 951 |5425 |5425 |   0 |  0 |   0 |  37 | 4.100000e+01 | 9.790000e+01 | 138.78%| unknown
 1803s|250500 |182659 | 33303k| 132.9 |   390M | 247 | 951 |5425 |5425 |   0 |  0 |   0 |  37 | 4.100000e+01 | 9.790000e+01 | 138.78%| unknown
 1804s|250600 |182737 | 33323k| 133.0 |   390M | 247 | 951 |5425 |5425 |   0 |  0 |   0 |  37 | 4.100000e+01 | 9.790000e+01 | 138.78%| unknown
 1806s|250700 |182823 | 33357k| 133.1 |   391M | 247 | 951 |5425 |5425 |   0 |  0 |   0 |  37 | 4.100000e+01 | 9.790000e+01 | 138.78%| unknown
 1807s|250800 |182893 | 33375k| 133.1 |   391M | 247 | 951 |5425 |5425 |   0 |  0 |   0 |  37 | 4.100000e+01 | 9.790000e+01 | 138.78%| unknown
 1808s|250900 |182965 | 33383k| 133.1 |   391M | 247 | 951 |5425 |5425 |   0 |  0 |   0 |  37 | 4.100000e+01 | 9.790000e+01 | 138.78%| unknown
 1808s|251000 |183035 | 33389k| 133.0 |   391M | 247 | 951 |5425 |5425 |   0 |  0 |   0 |  37 | 4.100000e+01 | 9.790000e+01 | 138.78%| unknown
 1809s|251100 |183121 | 33404k| 133.0 |   391M | 247 | 951 |5425 |5425 |   0 |  0 |   0 |  37 | 4.100000e+01 | 9.790000e+01 | 138.78%| unknown
 1810s|251200 |183201 | 33421k| 133.0 |   391M | 247 | 951 |5425 |5425 |   0 |  0 |   0 |  37 | 4.100000e+01 | 9.790000e+01 | 138.78%| unknown
 1811s|251300 |183261 | 33447k| 133.1 |   391M | 247 | 951 |5425 |5425 |   0 |  0 |   0 |  37 | 4.100000e+01 | 9.790000e+01 | 138.78%| unknown
 1812s|251400 |183309 | 33477k| 133.2 |   391M | 247 | 951 |5425 |5425 |   0 |  0 |   0 |  37 | 4.100000e+01 | 9.790000e+01 | 138.78%| unknown
 1813s|251500 |183371 | 33499k| 133.2 |   392M | 247 | 951 |5425 |5425 |   0 |  0 |   0 |  37 | 4.100000e+01 | 9.790000e+01 | 138.78%| unknown
 1815s|251600 |183433 | 33525k| 133.2 |   392M | 247 | 951 |5425 |5425 |   0 |  0 |   0 |  37 | 4.100000e+01 | 9.790000e+01 | 138.78%| unknown
 1816s|251700 |183505 | 33547k| 133.3 |   392M | 247 | 951 |5425 |5425 |   0 |  0 |   0 |  37 | 4.100000e+01 | 9.790000e+01 | 138.78%| unknown
 1817s|251800 |183587 | 33580k| 133.4 |   393M | 247 | 951 |5425 |5425 |   0 |  0 |   0 |  37 | 4.100000e+01 | 9.790000e+01 | 138.78%| unknown
 time | node  | left  |LP iter|LP it/n|mem/heur|mdpt |vars |cons |rows |cuts |sepa|confs|strbr|  dualbound   | primalbound  |  gap   | compl. 
 1818s|251900 |183661 | 33594k| 133.4 |   393M | 247 | 951 |5425 |5425 |   0 |  0 |   0 |  37 | 4.100000e+01 | 9.790000e+01 | 138.78%| unknown
 1819s|252000 |183729 | 33616k| 133.4 |   393M | 247 | 951 |5425 |5425 |   0 |  0 |   0 |  37 | 4.100000e+01 | 9.790000e+01 | 138.78%| unknown
 1820s|252100 |183807 | 33624k| 133.4 |   393M | 247 | 951 |5425 |5425 |   0 |  0 |   0 |  37 | 4.100000e+01 | 9.790000e+01 | 138.78%| unknown
 1820s|252200 |183877 | 33625k| 133.3 |   393M | 247 | 951 |5425 |5425 |   0 |  0 |   0 |  37 | 4.100000e+01 | 9.790000e+01 | 138.78%| unknown
 1820s|252300 |183961 | 33638k| 133.3 |   393M | 247 | 951 |5425 |5425 |   0 |  0 |   0 |  37 | 4.100000e+01 | 9.790000e+01 | 138.78%| unknown
 1821s|252400 |184029 | 33642k| 133.3 |   393M | 247 | 951 |5425 |5425 |   0 |  0 |   0 |  37 | 4.100000e+01 | 9.790000e+01 | 138.78%| unknown
 1822s|252500 |184097 | 33660k| 133.3 |   393M | 247 | 951 |5425 |5425 |   0 |  0 |   0 |  37 | 4.100000e+01 | 9.790000e+01 | 138.78%| unknown
 1823s|252600 |184175 | 33681k| 133.3 |   393M | 247 | 951 |5425 |5425 |   0 |  0 |   0 |  37 | 4.100000e+01 | 9.790000e+01 | 138.78%| unknown
 1824s|252700 |184257 | 33705k| 133.4 |   393M | 247 | 951 |5425 |5425 |   0 |  0 |   0 |  37 | 4.100000e+01 | 9.790000e+01 | 138.78%| unknown
 1825s|252800 |184319 | 33728k| 133.4 |   393M | 247 | 951 |5425 |5425 |   0 |  0 |   0 |  37 | 4.100000e+01 | 9.790000e+01 | 138.78%| unknown
 1826s|252900 |184387 | 33753k| 133.5 |   394M | 247 | 951 |5425 |5425 |   0 |  0 |   0 |  37 | 4.100000e+01 | 9.790000e+01 | 138.78%| unknown
 1827s|253000 |184465 | 33773k| 133.5 |   394M | 247 | 951 |5425 |5425 |   0 |  0 |   0 |  37 | 4.100000e+01 | 9.790000e+01 | 138.78%| unknown
 1829s|253100 |184531 | 33793k| 133.5 |   394M | 247 | 951 |5425 |5425 |   0 |  0 |   0 |  37 | 4.100000e+01 | 9.790000e+01 | 138.78%| unknown
 1830s|253200 |184605 | 33817k| 133.6 |   394M | 247 | 951 |5425 |5425 |   0 |  0 |   0 |  37 | 4.100000e+01 | 9.790000e+01 | 138.78%| unknown
 1831s|253300 |184669 | 33833k| 133.6 |   394M | 247 | 951 |5425 |5425 |   0 |  0 |   0 |  37 | 4.100000e+01 | 9.790000e+01 | 138.78%| unknown
 time | node  | left  |LP iter|LP it/n|mem/heur|mdpt |vars |cons |rows |cuts |sepa|confs|strbr|  dualbound   | primalbound  |  gap   | compl. 
 1832s|253400 |184729 | 33856k| 133.6 |   394M | 247 | 951 |5425 |5425 |   0 |  0 |   0 |  37 | 4.100000e+01 | 9.790000e+01 | 138.78%| unknown
 1833s|253500 |184793 | 33879k| 133.6 |   394M | 247 | 951 |5425 |5425 |   0 |  0 |   0 |  37 | 4.100000e+01 | 9.790000e+01 | 138.78%| unknown
 1834s|253600 |184857 | 33909k| 133.7 |   394M | 247 | 951 |5425 |5425 |   0 |  0 |   0 |  37 | 4.100000e+01 | 9.790000e+01 | 138.78%| unknown
 1835s|253700 |184931 | 33928k| 133.7 |   394M | 247 | 951 |5425 |5425 |   0 |  0 |   0 |  37 | 4.100000e+01 | 9.790000e+01 | 138.78%| unknown
 1836s|253800 |184997 | 33943k| 133.7 |   395M | 247 | 951 |5425 |5425 |   0 |  0 |   0 |  37 | 4.100000e+01 | 9.790000e+01 | 138.78%| unknown
 1836s|253900 |185079 | 33944k| 133.7 |   395M | 247 | 951 |5425 |5425 |   0 |  0 |   0 |  37 | 4.100000e+01 | 9.790000e+01 | 138.78%| unknown
 1836s|254000 |185159 | 33945k| 133.6 |   395M | 247 | 951 |5425 |5425 |   0 |  0 |   0 |  37 | 4.100000e+01 | 9.790000e+01 | 138.78%| unknown
 1837s|254100 |185235 | 33952k| 133.6 |   397M | 247 | 951 |5425 |5425 |   0 |  0 |   0 |  37 | 4.100000e+01 | 9.790000e+01 | 138.78%| unknown
 1838s|254200 |185297 | 33979k| 133.7 |   398M | 247 | 951 |5425 |5425 |   0 |  0 |   0 |  37 | 4.100000e+01 | 9.790000e+01 | 138.78%| unknown
 1839s|254300 |185363 | 33992k| 133.7 |   398M | 247 | 951 |5425 |5425 |   0 |  0 |   0 |  37 | 4.100000e+01 | 9.790000e+01 | 138.78%| unknown
 1839s|254400 |185455 | 33993k| 133.6 |   398M | 247 | 951 |5425 |5425 |   0 |  0 |   0 |  37 | 4.100000e+01 | 9.790000e+01 | 138.78%| unknown
 1839s|254500 |185543 | 33994k| 133.6 |   398M | 247 | 951 |5425 |5425 |   0 |  0 |   0 |  37 | 4.100000e+01 | 9.790000e+01 | 138.78%| unknown
 1840s|254600 |185621 | 33996k| 133.5 |   398M | 247 | 951 |5425 |5425 |   0 |  0 |   0 |  37 | 4.100000e+01 | 9.790000e+01 | 138.78%| unknown
 1840s|254700 |185693 | 33997k| 133.5 |   398M | 247 | 951 |5425 |5425 |   0 |  0 |   0 |  37 | 4.100000e+01 | 9.790000e+01 | 138.78%| unknown
 1840s|254800 |185767 | 33999k| 133.4 |   398M | 247 | 951 |5425 |5425 |   0 |  0 |   0 |  37 | 4.100000e+01 | 9.790000e+01 | 138.78%| unknown
 time | node  | left  |LP iter|LP it/n|mem/heur|mdpt |vars |cons |rows |cuts |sepa|confs|strbr|  dualbound   | primalbound  |  gap   | compl. 
 1840s|254900 |185851 | 34000k| 133.4 |   398M | 247 | 951 |5425 |5425 |   0 |  0 |   0 |  37 | 4.100000e+01 | 9.790000e+01 | 138.78%| unknown
 1840s|255000 |185919 | 34001k| 133.3 |   398M | 247 | 951 |5425 |5425 |   0 |  0 |   0 |  37 | 4.100000e+01 | 9.790000e+01 | 138.78%| unknown
 1841s|255100 |185999 | 34017k| 133.3 |   399M | 247 | 951 |5425 |5425 |   0 |  0 |   0 |  37 | 4.100000e+01 | 9.790000e+01 | 138.78%| unknown
 1842s|255200 |186073 | 34040k| 133.4 |   399M | 247 | 951 |5425 |5425 |   0 |  0 |   0 |  37 | 4.100000e+01 | 9.790000e+01 | 138.78%| unknown
 1843s|255300 |186147 | 34050k| 133.4 |   399M | 247 | 951 |5425 |5425 |   0 |  0 |   0 |  37 | 4.100000e+01 | 9.790000e+01 | 138.78%| unknown
 1843s|255400 |186221 | 34052k| 133.3 |   399M | 247 | 951 |5425 |5425 |   0 |  0 |   0 |  37 | 4.100000e+01 | 9.790000e+01 | 138.78%| unknown
 1843s|255500 |186303 | 34053k| 133.3 |   399M | 247 | 951 |5425 |5425 |   0 |  0 |   0 |  37 | 4.100000e+01 | 9.790000e+01 | 138.78%| unknown
 1844s|255600 |186389 | 34054k| 133.2 |   399M | 247 | 951 |5425 |5425 |   0 |  0 |   0 |  37 | 4.100000e+01 | 9.790000e+01 | 138.78%| unknown
 1844s|255700 |186473 | 34055k| 133.2 |   399M | 247 | 951 |5425 |5425 |   0 |  0 |   0 |  37 | 4.100000e+01 | 9.790000e+01 | 138.78%| unknown
 1844s|255800 |186545 | 34057k| 133.1 |   399M | 247 | 951 |5425 |5425 |   0 |  0 |   0 |  37 | 4.100000e+01 | 9.790000e+01 | 138.78%| unknown
 1844s|255900 |186613 | 34058k| 133.1 |   399M | 247 | 951 |5425 |5425 |   0 |  0 |   0 |  37 | 4.100000e+01 | 9.790000e+01 | 138.78%| unknown
 1844s|256000 |186687 | 34059k| 133.0 |   399M | 247 | 951 |5425 |5425 |   0 |  0 |   0 |  37 | 4.100000e+01 | 9.790000e+01 | 138.78%| unknown
 1844s|256100 |186755 | 34060k| 133.0 |   399M | 247 | 951 |5425 |5425 |   0 |  0 |   0 |  37 | 4.100000e+01 | 9.790000e+01 | 138.78%| unknown
 1845s|256200 |186831 | 34061k| 132.9 |   400M | 247 | 951 |5425 |5425 |   0 |  0 |   0 |  37 | 4.100000e+01 | 9.790000e+01 | 138.78%| unknown
 1845s|256300 |186905 | 34063k| 132.9 |   400M | 247 | 951 |5425 |5425 |   0 |  0 |   0 |  37 | 4.100000e+01 | 9.790000e+01 | 138.78%| unknown
 time | node  | left  |LP iter|LP it/n|mem/heur|mdpt |vars |cons |rows |cuts |sepa|confs|strbr|  dualbound   | primalbound  |  gap   | compl. 
 1845s|256400 |186981 | 34064k| 132.9 |   400M | 247 | 951 |5425 |5425 |   0 |  0 |   0 |  37 | 4.100000e+01 | 9.790000e+01 | 138.78%| unknown
 1845s|256500 |187053 | 34066k| 132.8 |   400M | 247 | 951 |5425 |5425 |   0 |  0 |   0 |  37 | 4.100000e+01 | 9.790000e+01 | 138.78%| unknown
 1845s|256600 |187123 | 34068k| 132.8 |   400M | 247 | 951 |5425 |5425 |   0 |  0 |   0 |  37 | 4.100000e+01 | 9.790000e+01 | 138.78%| unknown
 1846s|256700 |187177 | 34069k| 132.7 |   400M | 247 | 951 |5425 |5425 |   0 |  0 |   0 |  37 | 4.100000e+01 | 9.790000e+01 | 138.78%| unknown
 1847s|256800 |187247 | 34088k| 132.7 |   400M | 247 | 951 |5425 |5425 |   0 |  0 |   0 |  37 | 4.100000e+01 | 9.790000e+01 | 138.78%| unknown
 1848s|256900 |187323 | 34118k| 132.8 |   400M | 247 | 951 |5425 |5425 |   0 |  0 |   0 |  37 | 4.100000e+01 | 9.790000e+01 | 138.78%| unknown
 1849s|257000 |187403 | 34135k| 132.8 |   400M | 247 | 951 |5425 |5425 |   0 |  0 |   0 |  37 | 4.100000e+01 | 9.790000e+01 | 138.78%| unknown
 1850s|257100 |187483 | 34151k| 132.8 |   400M | 247 | 951 |5425 |5425 |   0 |  0 |   0 |  37 | 4.100000e+01 | 9.790000e+01 | 138.78%| unknown
 1851s|257200 |187569 | 34164k| 132.8 |   401M | 247 | 951 |5425 |5425 |   0 |  0 |   0 |  37 | 4.100000e+01 | 9.790000e+01 | 138.78%| unknown
 1852s|257300 |187657 | 34184k| 132.9 |   401M | 247 | 951 |5425 |5425 |   0 |  0 |   0 |  37 | 4.100000e+01 | 9.790000e+01 | 138.78%| unknown
 1852s|257400 |187733 | 34199k| 132.9 |   401M | 247 | 951 |5425 |5425 |   0 |  0 |   0 |  37 | 4.100000e+01 | 9.790000e+01 | 138.78%| unknown
 1853s|257500 |187823 | 34213k| 132.9 |   401M | 247 | 951 |5425 |5425 |   0 |  0 |   0 |  37 | 4.100000e+01 | 9.790000e+01 | 138.78%| unknown
 1854s|257600 |187895 | 34230k| 132.9 |   401M | 247 | 951 |5425 |5425 |   0 |  0 |   0 |  37 | 4.100000e+01 | 9.790000e+01 | 138.78%| unknown
 1855s|257700 |187961 | 34249k| 132.9 |   401M | 247 | 951 |5425 |5425 |   0 |  0 |   0 |  37 | 4.100000e+01 | 9.790000e+01 | 138.78%| unknown
 1856s|257800 |188033 | 34262k| 132.9 |   401M | 247 | 951 |5425 |5425 |   0 |  0 |   0 |  37 | 4.100000e+01 | 9.790000e+01 | 138.78%| unknown
 time | node  | left  |LP iter|LP it/n|mem/heur|mdpt |vars |cons |rows |cuts |sepa|confs|strbr|  dualbound   | primalbound  |  gap   | compl. 
 1857s|257900 |188097 | 34281k| 132.9 |   401M | 247 | 951 |5425 |5425 |   0 |  0 |   0 |  37 | 4.100000e+01 | 9.790000e+01 | 138.78%| unknown
 1858s|258000 |188171 | 34306k| 133.0 |   401M | 247 | 951 |5425 |5425 |   0 |  0 |   0 |  37 | 4.100000e+01 | 9.790000e+01 | 138.78%| unknown
 1859s|258100 |188253 | 34321k| 133.0 |   401M | 247 | 951 |5425 |5425 |   0 |  0 |   0 |  37 | 4.100000e+01 | 9.790000e+01 | 138.78%| unknown
 1860s|258200 |188335 | 34347k| 133.0 |   401M | 247 | 951 |5425 |5425 |   0 |  0 |   0 |  37 | 4.100000e+01 | 9.790000e+01 | 138.78%| unknown
 1861s|258300 |188403 | 34374k| 133.1 |   402M | 247 | 951 |5425 |5425 |   0 |  0 |   0 |  37 | 4.100000e+01 | 9.790000e+01 | 138.78%| unknown
 1862s|258400 |188475 | 34381k| 133.1 |   402M | 247 | 951 |5425 |5425 |   0 |  0 |   0 |  37 | 4.100000e+01 | 9.790000e+01 | 138.78%| unknown
 1862s|258500 |188539 | 34383k| 133.0 |   402M | 247 | 951 |5425 |5425 |   0 |  0 |   0 |  37 | 4.100000e+01 | 9.790000e+01 | 138.78%| unknown
 1862s|258600 |188605 | 34384k| 133.0 |   402M | 247 | 951 |5425 |5425 |   0 |  0 |   0 |  37 | 4.100000e+01 | 9.790000e+01 | 138.78%| unknown
 1862s|258700 |188649 | 34386k| 132.9 |   402M | 247 | 951 |5425 |5425 |   0 |  0 |   0 |  37 | 4.100000e+01 | 9.790000e+01 | 138.78%| unknown
 1862s|258800 |188707 | 34387k| 132.9 |   402M | 247 | 951 |5425 |5425 |   0 |  0 |   0 |  37 | 4.100000e+01 | 9.790000e+01 | 138.78%| unknown
 1863s|258900 |188763 | 34388k| 132.8 |   403M | 247 | 951 |5425 |5425 |   0 |  0 |   0 |  37 | 4.100000e+01 | 9.790000e+01 | 138.78%| unknown
 1863s|259000 |188831 | 34400k| 132.8 |   403M | 247 | 951 |5425 |5425 |   0 |  0 |   0 |  37 | 4.100000e+01 | 9.790000e+01 | 138.78%| unknown
 1865s|259100 |188899 | 34432k| 132.9 |   403M | 247 | 951 |5425 |5425 |   0 |  0 |   0 |  37 | 4.100000e+01 | 9.790000e+01 | 138.78%| unknown
 1866s|259200 |188975 | 34450k| 132.9 |   403M | 247 | 951 |5425 |5425 |   0 |  0 |   0 |  37 | 4.100000e+01 | 9.790000e+01 | 138.78%| unknown
 1867s|259300 |189047 | 34466k| 132.9 |   403M | 247 | 951 |5425 |5425 |   0 |  0 |   0 |  37 | 4.100000e+01 | 9.790000e+01 | 138.78%| unknown
 time | node  | left  |LP iter|LP it/n|mem/heur|mdpt |vars |cons |rows |cuts |sepa|confs|strbr|  dualbound   | primalbound  |  gap   | compl. 
 1868s|259400 |189115 | 34488k| 133.0 |   403M | 247 | 951 |5425 |5425 |   0 |  0 |   0 |  37 | 4.100000e+01 | 9.790000e+01 | 138.78%| unknown
 1868s|259500 |189183 | 34490k| 132.9 |   404M | 247 | 951 |5425 |5425 |   0 |  0 |   0 |  37 | 4.100000e+01 | 9.790000e+01 | 138.78%| unknown
 1869s|259600 |189239 | 34501k| 132.9 |   404M | 247 | 951 |5425 |5425 |   0 |  0 |   0 |  37 | 4.100000e+01 | 9.790000e+01 | 138.78%| unknown
 1869s|259700 |189307 | 34519k| 132.9 |   404M | 247 | 951 |5425 |5425 |   0 |  0 |   0 |  37 | 4.100000e+01 | 9.790000e+01 | 138.78%| unknown
 1871s|259800 |189371 | 34543k| 133.0 |   404M | 247 | 951 |5425 |5425 |   0 |  0 |   0 |  37 | 4.100000e+01 | 9.790000e+01 | 138.78%| unknown
 1872s|259900 |189437 | 34561k| 133.0 |   404M | 247 | 951 |5425 |5425 |   0 |  0 |   0 |  37 | 4.100000e+01 | 9.790000e+01 | 138.78%| unknown
 1873s|260000 |189499 | 34585k| 133.0 |   404M | 247 | 951 |5425 |5425 |   0 |  0 |   0 |  37 | 4.100000e+01 | 9.790000e+01 | 138.78%| unknown
 1873s|260100 |189575 | 34587k| 133.0 |   404M | 247 | 951 |5425 |5425 |   0 |  0 |   0 |  37 | 4.100000e+01 | 9.790000e+01 | 138.78%| unknown
 1873s|260200 |189641 | 34588k| 132.9 |   404M | 247 | 951 |5425 |5425 |   0 |  0 |   0 |  37 | 4.100000e+01 | 9.790000e+01 | 138.78%| unknown
 1873s|260300 |189713 | 34589k| 132.9 |   405M | 247 | 951 |5425 |5425 |   0 |  0 |   0 |  37 | 4.100000e+01 | 9.790000e+01 | 138.78%| unknown
 1873s|260400 |189779 | 34591k| 132.8 |   405M | 247 | 951 |5425 |5425 |   0 |  0 |   0 |  37 | 4.100000e+01 | 9.790000e+01 | 138.78%| unknown
 1874s|260500 |189833 | 34593k| 132.8 |   405M | 247 | 951 |5425 |5425 |   0 |  0 |   0 |  37 | 4.100000e+01 | 9.790000e+01 | 138.78%| unknown
 1874s|260600 |189893 | 34595k| 132.7 |   405M | 247 | 951 |5425 |5425 |   0 |  0 |   0 |  37 | 4.100000e+01 | 9.790000e+01 | 138.78%| unknown
 1874s|260700 |189947 | 34596k| 132.7 |   405M | 247 | 951 |5425 |5425 |   0 |  0 |   0 |  37 | 4.100000e+01 | 9.790000e+01 | 138.78%| unknown
 1874s|260800 |190013 | 34598k| 132.7 |   406M | 257 | 951 |5425 |5425 |   0 |  0 |   0 |  37 | 4.100000e+01 | 9.790000e+01 | 138.78%| unknown
 time | node  | left  |LP iter|LP it/n|mem/heur|mdpt |vars |cons |rows |cuts |sepa|confs|strbr|  dualbound   | primalbound  |  gap   | compl. 
 1874s|260900 |190083 | 34599k| 132.6 |   406M | 257 | 951 |5425 |5425 |   0 |  0 |   0 |  37 | 4.100000e+01 | 9.790000e+01 | 138.78%| unknown
 1874s|261000 |190157 | 34601k| 132.6 |   406M | 257 | 951 |5425 |5425 |   0 |  0 |   0 |  37 | 4.100000e+01 | 9.790000e+01 | 138.78%| unknown
 1875s|261100 |190219 | 34602k| 132.5 |   406M | 257 | 951 |5425 |5425 |   0 |  0 |   0 |  37 | 4.100000e+01 | 9.790000e+01 | 138.78%| unknown
 1875s|261200 |190299 | 34604k| 132.5 |   406M | 257 | 951 |5425 |5425 |   0 |  0 |   0 |  37 | 4.100000e+01 | 9.790000e+01 | 138.78%| unknown
 1875s|261300 |190379 | 34605k| 132.4 |   406M | 257 | 951 |5425 |5425 |   0 |  0 |   0 |  37 | 4.100000e+01 | 9.790000e+01 | 138.78%| unknown
 1875s|261400 |190455 | 34606k| 132.4 |   406M | 257 | 951 |5425 |5425 |   0 |  0 |   0 |  37 | 4.100000e+01 | 9.790000e+01 | 138.78%| unknown
 1875s|261500 |190535 | 34607k| 132.3 |   406M | 257 | 951 |5425 |5425 |   0 |  0 |   0 |  37 | 4.100000e+01 | 9.790000e+01 | 138.78%| unknown
 1877s|261600 |190605 | 34633k| 132.4 |   406M | 257 | 951 |5425 |5425 |   0 |  0 |   0 |  37 | 4.100000e+01 | 9.790000e+01 | 138.78%| unknown
 1878s|261700 |190679 | 34663k| 132.5 |   406M | 257 | 951 |5425 |5425 |   0 |  0 |   0 |  37 | 4.100000e+01 | 9.790000e+01 | 138.78%| unknown
 1879s|261800 |190763 | 34683k| 132.5 |   407M | 257 | 951 |5425 |5425 |   0 |  0 |   0 |  37 | 4.100000e+01 | 9.790000e+01 | 138.78%| unknown
 1881s|261900 |190835 | 34706k| 132.5 |   407M | 257 | 951 |5425 |5425 |   0 |  0 |   0 |  37 | 4.100000e+01 | 9.790000e+01 | 138.78%| unknown
 1882s|262000 |190899 | 34733k| 132.6 |   408M | 257 | 951 |5425 |5425 |   0 |  0 |   0 |  37 | 4.100000e+01 | 9.790000e+01 | 138.78%| unknown
 1883s|262100 |190979 | 34755k| 132.6 |   408M | 257 | 951 |5425 |5425 |   0 |  0 |   0 |  37 | 4.100000e+01 | 9.790000e+01 | 138.78%| unknown
 1885s|262200 |191055 | 34798k| 132.7 |   408M | 257 | 951 |5425 |5425 |   0 |  0 |   0 |  37 | 4.100000e+01 | 9.790000e+01 | 138.78%| unknown
 1886s|262300 |191129 | 34816k| 132.7 |   408M | 257 | 951 |5425 |5425 |   0 |  0 |   0 |  37 | 4.100000e+01 | 9.790000e+01 | 138.78%| unknown
 time | node  | left  |LP iter|LP it/n|mem/heur|mdpt |vars |cons |rows |cuts |sepa|confs|strbr|  dualbound   | primalbound  |  gap   | compl. 
 1886s|262400 |191201 | 34818k| 132.7 |   408M | 257 | 951 |5425 |5425 |   0 |  0 |   0 |  37 | 4.100000e+01 | 9.790000e+01 | 138.78%| unknown
 1886s|262500 |191255 | 34819k| 132.6 |   408M | 257 | 951 |5425 |5425 |   0 |  0 |   0 |  37 | 4.100000e+01 | 9.790000e+01 | 138.78%| unknown
 1886s|262600 |191325 | 34821k| 132.6 |   408M | 257 | 951 |5425 |5425 |   0 |  0 |   0 |  37 | 4.100000e+01 | 9.790000e+01 | 138.78%| unknown
 1887s|262700 |191385 | 34823k| 132.6 |   408M | 257 | 951 |5425 |5425 |   0 |  0 |   0 |  37 | 4.100000e+01 | 9.790000e+01 | 138.78%| unknown
 1887s|262800 |191445 | 34824k| 132.5 |   408M | 257 | 951 |5425 |5425 |   0 |  0 |   0 |  37 | 4.100000e+01 | 9.790000e+01 | 138.78%| unknown
 1887s|262900 |191511 | 34826k| 132.5 |   408M | 257 | 951 |5425 |5425 |   0 |  0 |   0 |  37 | 4.100000e+01 | 9.790000e+01 | 138.78%| unknown
 1887s|263000 |191587 | 34828k| 132.4 |   409M | 257 | 951 |5425 |5425 |   0 |  0 |   0 |  37 | 4.100000e+01 | 9.790000e+01 | 138.78%| unknown
 1887s|263100 |191665 | 34829k| 132.4 |   409M | 257 | 951 |5425 |5425 |   0 |  0 |   0 |  37 | 4.100000e+01 | 9.790000e+01 | 138.78%| unknown
 1888s|263200 |191713 | 34831k| 132.3 |   409M | 257 | 951 |5425 |5425 |   0 |  0 |   0 |  37 | 4.100000e+01 | 9.790000e+01 | 138.78%| unknown
 1888s|263300 |191763 | 34832k| 132.3 |   409M | 257 | 951 |5425 |5425 |   0 |  0 |   0 |  37 | 4.100000e+01 | 9.790000e+01 | 138.78%| unknown
 1888s|263400 |191847 | 34833k| 132.2 |   409M | 257 | 951 |5425 |5425 |   0 |  0 |   0 |  37 | 4.100000e+01 | 9.790000e+01 | 138.78%| unknown
 1888s|263500 |191929 | 34834k| 132.2 |   409M | 257 | 951 |5425 |5425 |   0 |  0 |   0 |  37 | 4.100000e+01 | 9.790000e+01 | 138.78%| unknown
 1888s|263600 |192009 | 34835k| 132.2 |   409M | 257 | 951 |5425 |5425 |   0 |  0 |   0 |  37 | 4.100000e+01 | 9.790000e+01 | 138.78%| unknown
 1888s|263700 |192097 | 34836k| 132.1 |   409M | 257 | 951 |5425 |5425 |   0 |  0 |   0 |  37 | 4.100000e+01 | 9.790000e+01 | 138.78%| unknown
 1889s|263800 |192179 | 34837k| 132.1 |   409M | 257 | 951 |5425 |5425 |   0 |  0 |   0 |  37 | 4.100000e+01 | 9.790000e+01 | 138.78%| unknown
 time | node  | left  |LP iter|LP it/n|mem/heur|mdpt |vars |cons |rows |cuts |sepa|confs|strbr|  dualbound   | primalbound  |  gap   | compl. 
 1889s|263900 |192249 | 34838k| 132.0 |   410M | 257 | 951 |5425 |5425 |   0 |  0 |   0 |  37 | 4.100000e+01 | 9.790000e+01 | 138.78%| unknown
 1889s|264000 |192317 | 34840k| 132.0 |   410M | 257 | 951 |5425 |5425 |   0 |  0 |   0 |  37 | 4.100000e+01 | 9.790000e+01 | 138.78%| unknown
 1889s|264100 |192403 | 34841k| 131.9 |   411M | 257 | 951 |5425 |5425 |   0 |  0 |   0 |  37 | 4.100000e+01 | 9.790000e+01 | 138.78%| unknown
 1890s|264200 |192481 | 34863k| 132.0 |   411M | 257 | 951 |5425 |5425 |   0 |  0 |   0 |  37 | 4.100000e+01 | 9.790000e+01 | 138.78%| unknown
 1892s|264300 |192555 | 34894k| 132.0 |   411M | 257 | 951 |5425 |5425 |   0 |  0 |   0 |  37 | 4.100000e+01 | 9.790000e+01 | 138.78%| unknown
 1893s|264400 |192637 | 34910k| 132.0 |   411M | 257 | 951 |5425 |5425 |   0 |  0 |   0 |  37 | 4.100000e+01 | 9.790000e+01 | 138.78%| unknown
 1894s|264500 |192717 | 34929k| 132.1 |   411M | 257 | 951 |5425 |5425 |   0 |  0 |   0 |  37 | 4.100000e+01 | 9.790000e+01 | 138.78%| unknown
 1895s|264600 |192781 | 34959k| 132.1 |   411M | 257 | 951 |5425 |5425 |   0 |  0 |   0 |  37 | 4.100000e+01 | 9.790000e+01 | 138.78%| unknown
 1896s|264700 |192843 | 34962k| 132.1 |   411M | 257 | 951 |5425 |5425 |   0 |  0 |   0 |  37 | 4.100000e+01 | 9.790000e+01 | 138.78%| unknown
 1896s|264800 |192919 | 34963k| 132.0 |   411M | 257 | 951 |5425 |5425 |   0 |  0 |   0 |  37 | 4.100000e+01 | 9.790000e+01 | 138.78%| unknown
 1896s|264900 |193003 | 34964k| 132.0 |   411M | 257 | 951 |5425 |5425 |   0 |  0 |   0 |  37 | 4.100000e+01 | 9.790000e+01 | 138.78%| unknown
 1896s|265000 |193067 | 34966k| 131.9 |   411M | 257 | 951 |5425 |5425 |   0 |  0 |   0 |  37 | 4.100000e+01 | 9.790000e+01 | 138.78%| unknown
 1897s|265100 |193145 | 34977k| 131.9 |   411M | 257 | 951 |5425 |5425 |   0 |  0 |   0 |  37 | 4.100000e+01 | 9.790000e+01 | 138.78%| unknown
 1898s|265200 |193221 | 35001k| 132.0 |   412M | 257 | 951 |5425 |5425 |   0 |  0 |   0 |  37 | 4.100000e+01 | 9.790000e+01 | 138.78%| unknown
 1899s|265300 |193279 | 35022k| 132.0 |   412M | 257 | 951 |5425 |5425 |   0 |  0 |   0 |  37 | 4.100000e+01 | 9.790000e+01 | 138.78%| unknown
 time | node  | left  |LP iter|LP it/n|mem/heur|mdpt |vars |cons |rows |cuts |sepa|confs|strbr|  dualbound   | primalbound  |  gap   | compl. 
 1899s|265400 |193347 | 35023k| 132.0 |   412M | 257 | 951 |5425 |5425 |   0 |  0 |   0 |  37 | 4.100000e+01 | 9.790000e+01 | 138.78%| unknown
 1899s|265500 |193411 | 35025k| 131.9 |   412M | 257 | 951 |5425 |5425 |   0 |  0 |   0 |  37 | 4.100000e+01 | 9.790000e+01 | 138.78%| unknown
 1900s|265600 |193471 | 35027k| 131.9 |   412M | 257 | 951 |5425 |5425 |   0 |  0 |   0 |  37 | 4.100000e+01 | 9.790000e+01 | 138.78%| unknown
 1900s|265700 |193539 | 35029k| 131.8 |   412M | 257 | 951 |5425 |5425 |   0 |  0 |   0 |  37 | 4.100000e+01 | 9.790000e+01 | 138.78%| unknown
 1900s|265800 |193603 | 35030k| 131.8 |   412M | 257 | 951 |5425 |5425 |   0 |  0 |   0 |  37 | 4.100000e+01 | 9.790000e+01 | 138.78%| unknown
 1900s|265900 |193683 | 35031k| 131.7 |   412M | 257 | 951 |5425 |5425 |   0 |  0 |   0 |  37 | 4.100000e+01 | 9.790000e+01 | 138.78%| unknown
 1900s|266000 |193755 | 35032k| 131.7 |   412M | 257 | 951 |5425 |5425 |   0 |  0 |   0 |  37 | 4.100000e+01 | 9.790000e+01 | 138.78%| unknown
 1901s|266100 |193833 | 35033k| 131.7 |   412M | 257 | 951 |5425 |5425 |   0 |  0 |   0 |  37 | 4.100000e+01 | 9.790000e+01 | 138.78%| unknown
 1901s|266200 |193901 | 35035k| 131.6 |   412M | 257 | 951 |5425 |5425 |   0 |  0 |   0 |  37 | 4.100000e+01 | 9.790000e+01 | 138.78%| unknown
 1901s|266300 |193959 | 35037k| 131.6 |   414M | 257 | 951 |5425 |5425 |   0 |  0 |   0 |  37 | 4.100000e+01 | 9.790000e+01 | 138.78%| unknown
 1901s|266400 |194031 | 35038k| 131.5 |   414M | 257 | 951 |5425 |5425 |   0 |  0 |   0 |  37 | 4.100000e+01 | 9.790000e+01 | 138.78%| unknown
 1901s|266500 |194101 | 35040k| 131.5 |   414M | 257 | 951 |5425 |5425 |   0 |  0 |   0 |  37 | 4.100000e+01 | 9.790000e+01 | 138.78%| unknown
 1901s|266600 |194161 | 35041k| 131.4 |   414M | 257 | 951 |5425 |5425 |   0 |  0 |   0 |  37 | 4.100000e+01 | 9.790000e+01 | 138.78%| unknown
 1902s|266700 |194253 | 35042k| 131.4 |   415M | 257 | 951 |5425 |5425 |   0 |  0 |   0 |  37 | 4.100000e+01 | 9.790000e+01 | 138.78%| unknown
 1903s|266800 |194335 | 35060k| 131.4 |   415M | 257 | 951 |5425 |5425 |   0 |  0 |   0 |  37 | 4.100000e+01 | 9.790000e+01 | 138.78%| unknown
 time | node  | left  |LP iter|LP it/n|mem/heur|mdpt |vars |cons |rows |cuts |sepa|confs|strbr|  dualbound   | primalbound  |  gap   | compl. 
 1904s|266900 |194411 | 35077k| 131.4 |   415M | 257 | 951 |5425 |5425 |   0 |  0 |   0 |  37 | 4.100000e+01 | 9.790000e+01 | 138.78%| unknown
 1904s|267000 |194485 | 35079k| 131.4 |   415M | 257 | 951 |5425 |5425 |   0 |  0 |   0 |  37 | 4.100000e+01 | 9.790000e+01 | 138.78%| unknown
 1904s|267100 |194571 | 35080k| 131.3 |   415M | 257 | 951 |5425 |5425 |   0 |  0 |   0 |  37 | 4.100000e+01 | 9.790000e+01 | 138.78%| unknown
 1904s|267200 |194651 | 35081k| 131.3 |   415M | 257 | 951 |5425 |5425 |   0 |  0 |   0 |  37 | 4.100000e+01 | 9.790000e+01 | 138.78%| unknown
 1904s|267300 |194713 | 35083k| 131.2 |   415M | 257 | 951 |5425 |5425 |   0 |  0 |   0 |  37 | 4.100000e+01 | 9.790000e+01 | 138.78%| unknown
 1904s|267400 |194779 | 35084k| 131.2 |   416M | 257 | 951 |5425 |5425 |   0 |  0 |   0 |  37 | 4.100000e+01 | 9.790000e+01 | 138.78%| unknown
 1905s|267500 |194861 | 35097k| 131.2 |   416M | 257 | 951 |5425 |5425 |   0 |  0 |   0 |  37 | 4.100000e+01 | 9.790000e+01 | 138.78%| unknown
 1906s|267600 |194929 | 35117k| 131.2 |   416M | 257 | 951 |5425 |5425 |   0 |  0 |   0 |  37 | 4.100000e+01 | 9.790000e+01 | 138.78%| unknown
 1908s|267700 |194995 | 35149k| 131.3 |   416M | 257 | 951 |5425 |5425 |   0 |  0 |   0 |  37 | 4.100000e+01 | 9.790000e+01 | 138.78%| unknown
 1909s|267800 |195071 | 35166k| 131.3 |   416M | 257 | 951 |5425 |5425 |   0 |  0 |   0 |  37 | 4.100000e+01 | 9.790000e+01 | 138.78%| unknown
 1910s|267900 |195139 | 35195k| 131.4 |   416M | 257 | 951 |5425 |5425 |   0 |  0 |   0 |  37 | 4.100000e+01 | 9.790000e+01 | 138.78%| unknown
 1911s|268000 |195217 | 35220k| 131.4 |   416M | 257 | 951 |5425 |5425 |   0 |  0 |   0 |  37 | 4.100000e+01 | 9.790000e+01 | 138.78%| unknown
 1912s|268100 |195285 | 35237k| 131.4 |   416M | 257 | 951 |5425 |5425 |   0 |  0 |   0 |  37 | 4.100000e+01 | 9.790000e+01 | 138.78%| unknown
 1913s|268200 |195345 | 35241k| 131.4 |   416M | 257 | 951 |5425 |5425 |   0 |  0 |   0 |  37 | 4.100000e+01 | 9.790000e+01 | 138.78%| unknown
 1913s|268300 |195413 | 35242k| 131.4 |   416M | 257 | 951 |5425 |5425 |   0 |  0 |   0 |  37 | 4.100000e+01 | 9.790000e+01 | 138.78%| unknown
 time | node  | left  |LP iter|LP it/n|mem/heur|mdpt |vars |cons |rows |cuts |sepa|confs|strbr|  dualbound   | primalbound  |  gap   | compl. 
 1913s|268400 |195471 | 35245k| 131.3 |   416M | 257 | 951 |5425 |5425 |   0 |  0 |   0 |  37 | 4.100000e+01 | 9.790000e+01 | 138.78%| unknown
 1913s|268500 |195539 | 35246k| 131.3 |   417M | 257 | 951 |5425 |5425 |   0 |  0 |   0 |  37 | 4.100000e+01 | 9.790000e+01 | 138.78%| unknown
 1913s|268600 |195599 | 35248k| 131.2 |   417M | 257 | 951 |5425 |5425 |   0 |  0 |   0 |  37 | 4.100000e+01 | 9.790000e+01 | 138.78%| unknown
 1914s|268700 |195679 | 35249k| 131.2 |   417M | 257 | 951 |5425 |5425 |   0 |  0 |   0 |  37 | 4.100000e+01 | 9.790000e+01 | 138.78%| unknown
 1914s|268800 |195739 | 35250k| 131.1 |   417M | 257 | 951 |5425 |5425 |   0 |  0 |   0 |  37 | 4.100000e+01 | 9.790000e+01 | 138.78%| unknown
 1915s|268900 |195801 | 35264k| 131.1 |   417M | 257 | 951 |5425 |5425 |   0 |  0 |   0 |  37 | 4.100000e+01 | 9.790000e+01 | 138.78%| unknown
 1915s|269000 |195867 | 35281k| 131.2 |   417M | 257 | 951 |5425 |5425 |   0 |  0 |   0 |  37 | 4.100000e+01 | 9.790000e+01 | 138.78%| unknown
 1916s|269100 |195937 | 35302k| 131.2 |   417M | 257 | 951 |5425 |5425 |   0 |  0 |   0 |  37 | 4.100000e+01 | 9.790000e+01 | 138.78%| unknown
 1919s|269200 |196011 | 35352k| 131.3 |   417M | 257 | 951 |5425 |5425 |   0 |  0 |   0 |  37 | 4.100000e+01 | 9.790000e+01 | 138.78%| unknown
 1920s|269300 |196085 | 35368k| 131.3 |   417M | 257 | 951 |5425 |5425 |   0 |  0 |   0 |  37 | 4.100000e+01 | 9.790000e+01 | 138.78%| unknown
 1921s|269400 |196165 | 35388k| 131.4 |   417M | 257 | 951 |5425 |5425 |   0 |  0 |   0 |  37 | 4.100000e+01 | 9.790000e+01 | 138.78%| unknown
 1922s|269500 |196239 | 35411k| 131.4 |   417M | 257 | 951 |5425 |5425 |   0 |  0 |   0 |  37 | 4.100000e+01 | 9.790000e+01 | 138.78%| unknown
 1923s|269600 |196307 | 35435k| 131.4 |   418M | 257 | 951 |5425 |5425 |   0 |  0 |   0 |  37 | 4.100000e+01 | 9.790000e+01 | 138.78%| unknown
 1924s|269700 |196371 | 35452k| 131.4 |   419M | 257 | 951 |5425 |5425 |   0 |  0 |   0 |  37 | 4.100000e+01 | 9.790000e+01 | 138.78%| unknown
 1925s|269800 |196447 | 35473k| 131.5 |   419M | 257 | 951 |5425 |5425 |   0 |  0 |   0 |  37 | 4.100000e+01 | 9.790000e+01 | 138.78%| unknown
 time | node  | left  |LP iter|LP it/n|mem/heur|mdpt |vars |cons |rows |cuts |sepa|confs|strbr|  dualbound   | primalbound  |  gap   | compl. 
 1926s|269900 |196527 | 35484k| 131.5 |   419M | 257 | 951 |5425 |5425 |   0 |  0 |   0 |  37 | 4.100000e+01 | 9.790000e+01 | 138.78%| unknown
 1927s|270000 |196603 | 35504k| 131.5 |   419M | 257 | 951 |5425 |5425 |   0 |  0 |   0 |  37 | 4.100000e+01 | 9.790000e+01 | 138.78%| unknown
 1927s|270100 |196675 | 35519k| 131.5 |   419M | 257 | 951 |5425 |5425 |   0 |  0 |   0 |  37 | 4.100000e+01 | 9.790000e+01 | 138.78%| unknown
 1928s|270200 |196731 | 35536k| 131.5 |   419M | 257 | 951 |5425 |5425 |   0 |  0 |   0 |  37 | 4.100000e+01 | 9.790000e+01 | 138.78%| unknown
 1929s|270300 |196797 | 35548k| 131.5 |   419M | 257 | 951 |5425 |5425 |   0 |  0 |   0 |  37 | 4.100000e+01 | 9.790000e+01 | 138.78%| unknown
 1930s|270400 |196871 | 35563k| 131.5 |   419M | 257 | 951 |5425 |5425 |   0 |  0 |   0 |  37 | 4.100000e+01 | 9.790000e+01 | 138.78%| unknown
 1931s|270500 |196941 | 35589k| 131.6 |   419M | 257 | 951 |5425 |5425 |   0 |  0 |   0 |  37 | 4.100000e+01 | 9.790000e+01 | 138.78%| unknown
 1932s|270600 |197011 | 35604k| 131.6 |   419M | 257 | 951 |5425 |5425 |   0 |  0 |   0 |  37 | 4.100000e+01 | 9.790000e+01 | 138.78%| unknown
 1932s|270700 |197083 | 35616k| 131.6 |   419M | 257 | 951 |5425 |5425 |   0 |  0 |   0 |  37 | 4.100000e+01 | 9.790000e+01 | 138.78%| unknown
 1933s|270800 |197151 | 35634k| 131.6 |   420M | 257 | 951 |5425 |5425 |   0 |  0 |   0 |  37 | 4.100000e+01 | 9.790000e+01 | 138.78%| unknown
 1934s|270900 |197227 | 35648k| 131.6 |   420M | 257 | 951 |5425 |5425 |   0 |  0 |   0 |  37 | 4.100000e+01 | 9.790000e+01 | 138.78%| unknown
 1934s|271000 |197313 | 35652k| 131.6 |   420M | 257 | 951 |5425 |5425 |   0 |  0 |   0 |  37 | 4.100000e+01 | 9.790000e+01 | 138.78%| unknown
 1934s|271100 |197383 | 35654k| 131.5 |   420M | 257 | 951 |5425 |5425 |   0 |  0 |   0 |  37 | 4.100000e+01 | 9.790000e+01 | 138.78%| unknown
 1935s|271200 |197453 | 35667k| 131.5 |   420M | 257 | 951 |5425 |5425 |   0 |  0 |   0 |  37 | 4.100000e+01 | 9.790000e+01 | 138.78%| unknown
 1936s|271300 |197515 | 35685k| 131.5 |   420M | 257 | 951 |5425 |5425 |   0 |  0 |   0 |  37 | 4.100000e+01 | 9.790000e+01 | 138.78%| unknown
 time | node  | left  |LP iter|LP it/n|mem/heur|mdpt |vars |cons |rows |cuts |sepa|confs|strbr|  dualbound   | primalbound  |  gap   | compl. 
 1937s|271400 |197571 | 35703k| 131.5 |   420M | 257 | 951 |5425 |5425 |   0 |  0 |   0 |  37 | 4.100000e+01 | 9.790000e+01 | 138.78%| unknown
 1938s|271500 |197649 | 35724k| 131.6 |   420M | 263 | 951 |5425 |5425 |   0 |  0 |   0 |  37 | 4.100000e+01 | 9.790000e+01 | 138.78%| unknown
 1939s|271600 |197707 | 35750k| 131.6 |   420M | 263 | 951 |5425 |5425 |   0 |  0 |   0 |  37 | 4.100000e+01 | 9.790000e+01 | 138.78%| unknown
 1940s|271700 |197777 | 35770k| 131.7 |   420M | 263 | 951 |5425 |5425 |   0 |  0 |   0 |  37 | 4.100000e+01 | 9.790000e+01 | 138.78%| unknown
 1941s|271800 |197847 | 35787k| 131.7 |   420M | 263 | 951 |5425 |5425 |   0 |  0 |   0 |  37 | 4.100000e+01 | 9.790000e+01 | 138.78%| unknown
 1942s|271900 |197929 | 35789k| 131.6 |   421M | 263 | 951 |5425 |5425 |   0 |  0 |   0 |  37 | 4.100000e+01 | 9.790000e+01 | 138.78%| unknown
 1942s|272000 |198015 | 35790k| 131.6 |   421M | 263 | 951 |5425 |5425 |   0 |  0 |   0 |  37 | 4.100000e+01 | 9.790000e+01 | 138.78%| unknown
 1942s|272100 |198093 | 35791k| 131.5 |   421M | 263 | 951 |5425 |5425 |   0 |  0 |   0 |  37 | 4.100000e+01 | 9.790000e+01 | 138.78%| unknown
 1942s|272200 |198179 | 35797k| 131.5 |   421M | 263 | 951 |5425 |5425 |   0 |  0 |   0 |  37 | 4.100000e+01 | 9.790000e+01 | 138.78%| unknown
 1943s|272300 |198251 | 35813k| 131.5 |   421M | 263 | 951 |5425 |5425 |   0 |  0 |   0 |  37 | 4.100000e+01 | 9.790000e+01 | 138.78%| unknown
 1944s|272400 |198319 | 35838k| 131.6 |   421M | 263 | 951 |5425 |5425 |   0 |  0 |   0 |  37 | 4.100000e+01 | 9.790000e+01 | 138.78%| unknown
 1945s|272500 |198389 | 35861k| 131.6 |   421M | 263 | 951 |5425 |5425 |   0 |  0 |   0 |  37 | 4.100000e+01 | 9.790000e+01 | 138.78%| unknown
 1947s|272600 |198459 | 35889k| 131.7 |   422M | 263 | 951 |5425 |5425 |   0 |  0 |   0 |  37 | 4.100000e+01 | 9.790000e+01 | 138.78%| unknown
 1948s|272700 |198543 | 35910k| 131.7 |   422M | 263 | 951 |5425 |5425 |   0 |  0 |   0 |  37 | 4.100000e+01 | 9.790000e+01 | 138.78%| unknown
 1949s|272800 |198629 | 35937k| 131.7 |   422M | 263 | 951 |5425 |5425 |   0 |  0 |   0 |  37 | 4.100000e+01 | 9.790000e+01 | 138.78%| unknown
 time | node  | left  |LP iter|LP it/n|mem/heur|mdpt |vars |cons |rows |cuts |sepa|confs|strbr|  dualbound   | primalbound  |  gap   | compl. 
 1951s|272900 |198709 | 35964k| 131.8 |   422M | 263 | 951 |5425 |5425 |   0 |  0 |   0 |  37 | 4.100000e+01 | 9.790000e+01 | 138.78%| unknown
 1952s|273000 |198775 | 35996k| 131.9 |   424M | 263 | 951 |5425 |5425 |   0 |  0 |   0 |  37 | 4.100000e+01 | 9.790000e+01 | 138.78%| unknown
 1953s|273100 |198833 | 36018k| 131.9 |   424M | 263 | 951 |5425 |5425 |   0 |  0 |   0 |  37 | 4.100000e+01 | 9.790000e+01 | 138.78%| unknown
 1955s|273200 |198913 | 36050k| 132.0 |   424M | 263 | 951 |5425 |5425 |   0 |  0 |   0 |  37 | 4.100000e+01 | 9.790000e+01 | 138.78%| unknown
 1956s|273300 |198983 | 36074k| 132.0 |   424M | 263 | 951 |5425 |5425 |   0 |  0 |   0 |  37 | 4.100000e+01 | 9.790000e+01 | 138.78%| unknown
 1956s|273400 |199045 | 36077k| 132.0 |   424M | 263 | 951 |5425 |5425 |   0 |  0 |   0 |  37 | 4.100000e+01 | 9.790000e+01 | 138.78%| unknown
 1956s|273500 |199105 | 36078k| 131.9 |   424M | 263 | 951 |5425 |5425 |   0 |  0 |   0 |  37 | 4.100000e+01 | 9.790000e+01 | 138.78%| unknown
 1956s|273600 |199173 | 36080k| 131.9 |   424M | 263 | 951 |5425 |5425 |   0 |  0 |   0 |  37 | 4.100000e+01 | 9.790000e+01 | 138.78%| unknown
 1957s|273700 |199253 | 36081k| 131.8 |   424M | 263 | 951 |5425 |5425 |   0 |  0 |   0 |  37 | 4.100000e+01 | 9.790000e+01 | 138.78%| unknown
 1957s|273800 |199327 | 36091k| 131.8 |   424M | 263 | 951 |5425 |5425 |   0 |  0 |   0 |  37 | 4.100000e+01 | 9.790000e+01 | 138.78%| unknown
 1958s|273900 |199385 | 36106k| 131.8 |   424M | 263 | 951 |5425 |5425 |   0 |  0 |   0 |  37 | 4.100000e+01 | 9.790000e+01 | 138.78%| unknown
 1959s|274000 |199435 | 36136k| 131.9 |   424M | 263 | 951 |5425 |5425 |   0 |  0 |   0 |  37 | 4.100000e+01 | 9.790000e+01 | 138.78%| unknown
 1961s|274100 |199515 | 36160k| 131.9 |   426M | 263 | 951 |5425 |5425 |   0 |  0 |   0 |  37 | 4.100000e+01 | 9.790000e+01 | 138.78%| unknown
 1962s|274200 |199591 | 36181k| 131.9 |   426M | 263 | 951 |5425 |5425 |   0 |  0 |   0 |  37 | 4.100000e+01 | 9.790000e+01 | 138.78%| unknown
 1963s|274300 |199673 | 36207k| 132.0 |   426M | 263 | 951 |5425 |5425 |   0 |  0 |   0 |  37 | 4.100000e+01 | 9.790000e+01 | 138.78%| unknown
 time | node  | left  |LP iter|LP it/n|mem/heur|mdpt |vars |cons |rows |cuts |sepa|confs|strbr|  dualbound   | primalbound  |  gap   | compl. 
 1964s|274400 |199745 | 36231k| 132.0 |   426M | 263 | 951 |5425 |5425 |   0 |  0 |   0 |  37 | 4.100000e+01 | 9.790000e+01 | 138.78%| unknown
 1966s|274500 |199817 | 36268k| 132.1 |   426M | 263 | 951 |5425 |5425 |   0 |  0 |   0 |  37 | 4.100000e+01 | 9.790000e+01 | 138.78%| unknown
 1966s|274600 |199893 | 36270k| 132.1 |   426M | 263 | 951 |5425 |5425 |   0 |  0 |   0 |  37 | 4.100000e+01 | 9.790000e+01 | 138.78%| unknown
 1967s|274700 |199983 | 36271k| 132.0 |   426M | 263 | 951 |5425 |5425 |   0 |  0 |   0 |  37 | 4.100000e+01 | 9.790000e+01 | 138.78%| unknown
 1967s|274800 |200059 | 36273k| 132.0 |   426M | 263 | 951 |5425 |5425 |   0 |  0 |   0 |  37 | 4.100000e+01 | 9.790000e+01 | 138.78%| unknown
 1967s|274900 |200123 | 36275k| 132.0 |   426M | 263 | 951 |5425 |5425 |   0 |  0 |   0 |  37 | 4.100000e+01 | 9.790000e+01 | 138.78%| unknown
 1967s|275000 |200203 | 36276k| 131.9 |   426M | 263 | 951 |5425 |5425 |   0 |  0 |   0 |  37 | 4.100000e+01 | 9.790000e+01 | 138.78%| unknown
 1967s|275100 |200281 | 36278k| 131.9 |   426M | 263 | 951 |5425 |5425 |   0 |  0 |   0 |  37 | 4.100000e+01 | 9.790000e+01 | 138.78%| unknown
 1967s|275200 |200353 | 36279k| 131.8 |   427M | 263 | 951 |5425 |5425 |   0 |  0 |   0 |  37 | 4.100000e+01 | 9.790000e+01 | 138.78%| unknown
 1968s|275300 |200413 | 36280k| 131.8 |   427M | 263 | 951 |5425 |5425 |   0 |  0 |   0 |  37 | 4.100000e+01 | 9.790000e+01 | 138.78%| unknown
 1968s|275400 |200493 | 36282k| 131.7 |   427M | 263 | 951 |5425 |5425 |   0 |  0 |   0 |  37 | 4.100000e+01 | 9.790000e+01 | 138.78%| unknown
 1968s|275500 |200569 | 36284k| 131.7 |   427M | 263 | 951 |5425 |5425 |   0 |  0 |   0 |  37 | 4.100000e+01 | 9.790000e+01 | 138.78%| unknown
 1968s|275600 |200639 | 36285k| 131.7 |   427M | 263 | 951 |5425 |5425 |   0 |  0 |   0 |  37 | 4.100000e+01 | 9.790000e+01 | 138.78%| unknown
 1968s|275700 |200709 | 36287k| 131.6 |   427M | 263 | 951 |5425 |5425 |   0 |  0 |   0 |  37 | 4.100000e+01 | 9.790000e+01 | 138.78%| unknown
 1969s|275800 |200783 | 36301k| 131.6 |   427M | 263 | 951 |5425 |5425 |   0 |  0 |   0 |  37 | 4.100000e+01 | 9.790000e+01 | 138.78%| unknown
 time | node  | left  |LP iter|LP it/n|mem/heur|mdpt |vars |cons |rows |cuts |sepa|confs|strbr|  dualbound   | primalbound  |  gap   | compl. 
 1971s|275900 |200845 | 36338k| 131.7 |   427M | 263 | 951 |5425 |5425 |   0 |  0 |   0 |  37 | 4.100000e+01 | 9.790000e+01 | 138.78%| unknown
 1972s|276000 |200917 | 36355k| 131.7 |   427M | 263 | 951 |5425 |5425 |   0 |  0 |   0 |  37 | 4.100000e+01 | 9.790000e+01 | 138.78%| unknown
 1974s|276100 |200989 | 36387k| 131.8 |   427M | 263 | 951 |5425 |5425 |   0 |  0 |   0 |  37 | 4.100000e+01 | 9.790000e+01 | 138.78%| unknown
 1975s|276200 |201061 | 36407k| 131.8 |   427M | 263 | 951 |5425 |5425 |   0 |  0 |   0 |  37 | 4.100000e+01 | 9.790000e+01 | 138.78%| unknown
 1975s|276300 |201121 | 36409k| 131.8 |   428M | 263 | 951 |5425 |5425 |   0 |  0 |   0 |  37 | 4.100000e+01 | 9.790000e+01 | 138.78%| unknown
 1975s|276400 |201211 | 36410k| 131.7 |   428M | 263 | 951 |5425 |5425 |   0 |  0 |   0 |  37 | 4.100000e+01 | 9.790000e+01 | 138.78%| unknown
 1976s|276500 |201287 | 36429k| 131.7 |   428M | 263 | 951 |5425 |5425 |   0 |  0 |   0 |  37 | 4.100000e+01 | 9.790000e+01 | 138.78%| unknown
 1977s|276600 |201359 | 36455k| 131.8 |   428M | 263 | 951 |5425 |5425 |   0 |  0 |   0 |  37 | 4.100000e+01 | 9.790000e+01 | 138.78%| unknown
 1978s|276700 |201437 | 36474k| 131.8 |   428M | 263 | 951 |5425 |5425 |   0 |  0 |   0 |  37 | 4.100000e+01 | 9.790000e+01 | 138.78%| unknown
 1980s|276800 |201505 | 36506k| 131.9 |   428M | 263 | 951 |5425 |5425 |   0 |  0 |   0 |  37 | 4.100000e+01 | 9.790000e+01 | 138.78%| unknown
 1981s|276900 |201571 | 36524k| 131.9 |   428M | 263 | 951 |5425 |5425 |   0 |  0 |   0 |  37 | 4.100000e+01 | 9.790000e+01 | 138.78%| unknown
 1982s|277000 |201637 | 36548k| 131.9 |   428M | 263 | 951 |5425 |5425 |   0 |  0 |   0 |  37 | 4.100000e+01 | 9.790000e+01 | 138.78%| unknown
 1983s|277100 |201723 | 36567k| 132.0 |   428M | 263 | 951 |5425 |5425 |   0 |  0 |   0 |  37 | 4.100000e+01 | 9.790000e+01 | 138.78%| unknown
 1985s|277200 |201793 | 36614k| 132.1 |   428M | 263 | 951 |5425 |5425 |   0 |  0 |   0 |  37 | 4.100000e+01 | 9.790000e+01 | 138.78%| unknown
 1987s|277300 |201853 | 36651k| 132.2 |   428M | 263 | 951 |5425 |5425 |   0 |  0 |   0 |  37 | 4.100000e+01 | 9.790000e+01 | 138.78%| unknown
 time | node  | left  |LP iter|LP it/n|mem/heur|mdpt |vars |cons |rows |cuts |sepa|confs|strbr|  dualbound   | primalbound  |  gap   | compl. 
 1988s|277400 |201921 | 36671k| 132.2 |   429M | 263 | 951 |5425 |5425 |   0 |  0 |   0 |  37 | 4.100000e+01 | 9.790000e+01 | 138.78%| unknown
 1990s|277500 |201983 | 36713k| 132.3 |   430M | 263 | 951 |5425 |5425 |   0 |  0 |   0 |  37 | 4.100000e+01 | 9.790000e+01 | 138.78%| unknown
 1990s|277600 |202035 | 36714k| 132.3 |   430M | 263 | 951 |5425 |5425 |   0 |  0 |   0 |  37 | 4.100000e+01 | 9.790000e+01 | 138.78%| unknown
 1991s|277700 |202103 | 36721k| 132.2 |   430M | 263 | 951 |5425 |5425 |   0 |  0 |   0 |  37 | 4.100000e+01 | 9.790000e+01 | 138.78%| unknown
 1991s|277800 |202163 | 36738k| 132.2 |   430M | 263 | 951 |5425 |5425 |   0 |  0 |   0 |  37 | 4.100000e+01 | 9.790000e+01 | 138.78%| unknown
 1992s|277900 |202209 | 36740k| 132.2 |   430M | 263 | 951 |5425 |5425 |   0 |  0 |   0 |  37 | 4.100000e+01 | 9.790000e+01 | 138.78%| unknown
 1992s|278000 |202267 | 36742k| 132.2 |   430M | 263 | 951 |5425 |5425 |   0 |  0 |   0 |  37 | 4.100000e+01 | 9.790000e+01 | 138.78%| unknown
 1992s|278100 |202329 | 36744k| 132.1 |   430M | 263 | 951 |5425 |5425 |   0 |  0 |   0 |  37 | 4.100000e+01 | 9.790000e+01 | 138.78%| unknown
 1992s|278200 |202409 | 36745k| 132.1 |   430M | 263 | 951 |5425 |5425 |   0 |  0 |   0 |  37 | 4.100000e+01 | 9.790000e+01 | 138.78%| unknown
 1992s|278300 |202487 | 36746k| 132.0 |   430M | 263 | 951 |5425 |5425 |   0 |  0 |   0 |  37 | 4.100000e+01 | 9.790000e+01 | 138.78%| unknown
 1993s|278400 |202549 | 36748k| 132.0 |   430M | 263 | 951 |5425 |5425 |   0 |  0 |   0 |  37 | 4.100000e+01 | 9.790000e+01 | 138.78%| unknown
 1993s|278500 |202605 | 36750k| 132.0 |   430M | 263 | 951 |5425 |5425 |   0 |  0 |   0 |  37 | 4.100000e+01 | 9.790000e+01 | 138.78%| unknown
 1993s|278600 |202663 | 36758k| 131.9 |   430M | 263 | 951 |5425 |5425 |   0 |  0 |   0 |  37 | 4.100000e+01 | 9.790000e+01 | 138.78%| unknown
 1994s|278700 |202739 | 36776k| 132.0 |   431M | 263 | 951 |5425 |5425 |   0 |  0 |   0 |  37 | 4.100000e+01 | 9.790000e+01 | 138.78%| unknown
 1995s|278800 |202809 | 36795k| 132.0 |   431M | 263 | 951 |5425 |5425 |   0 |  0 |   0 |  37 | 4.100000e+01 | 9.790000e+01 | 138.78%| unknown
 time | node  | left  |LP iter|LP it/n|mem/heur|mdpt |vars |cons |rows |cuts |sepa|confs|strbr|  dualbound   | primalbound  |  gap   | compl. 
 1996s|278900 |202883 | 36800k| 131.9 |   431M | 263 | 951 |5425 |5425 |   0 |  0 |   0 |  37 | 4.100000e+01 | 9.790000e+01 | 138.78%| unknown
 1996s|279000 |202967 | 36815k| 132.0 |   431M | 263 | 951 |5425 |5425 |   0 |  0 |   0 |  37 | 4.100000e+01 | 9.790000e+01 | 138.78%| unknown
 1997s|279100 |203053 | 36825k| 131.9 |   431M | 263 | 951 |5425 |5425 |   0 |  0 |   0 |  37 | 4.100000e+01 | 9.790000e+01 | 138.78%| unknown
 1997s|279200 |203139 | 36830k| 131.9 |   431M | 263 | 951 |5425 |5425 |   0 |  0 |   0 |  37 | 4.100000e+01 | 9.790000e+01 | 138.78%| unknown
 1997s|279300 |203219 | 36831k| 131.9 |   431M | 263 | 951 |5425 |5425 |   0 |  0 |   0 |  37 | 4.100000e+01 | 9.790000e+01 | 138.78%| unknown
 1998s|279400 |203295 | 36832k| 131.8 |   432M | 263 | 951 |5425 |5425 |   0 |  0 |   0 |  37 | 4.100000e+01 | 9.790000e+01 | 138.78%| unknown
 1998s|279500 |203367 | 36834k| 131.8 |   432M | 263 | 951 |5425 |5425 |   0 |  0 |   0 |  37 | 4.100000e+01 | 9.790000e+01 | 138.78%| unknown
 1998s|279600 |203437 | 36835k| 131.7 |   432M | 263 | 951 |5425 |5425 |   0 |  0 |   0 |  37 | 4.100000e+01 | 9.790000e+01 | 138.78%| unknown
 1998s|279700 |203515 | 36836k| 131.7 |   433M | 263 | 951 |5425 |5425 |   0 |  0 |   0 |  37 | 4.100000e+01 | 9.790000e+01 | 138.78%| unknown
 1998s|279800 |203587 | 36838k| 131.7 |   433M | 263 | 951 |5425 |5425 |   0 |  0 |   0 |  37 | 4.100000e+01 | 9.790000e+01 | 138.78%| unknown
 1999s|279900 |203657 | 36855k| 131.7 |   433M | 263 | 951 |5425 |5425 |   0 |  0 |   0 |  37 | 4.100000e+01 | 9.790000e+01 | 138.78%| unknown
 2001s|280000 |203723 | 36884k| 131.7 |   433M | 263 | 951 |5425 |5425 |   0 |  0 |   0 |  37 | 4.100000e+01 | 9.790000e+01 | 138.78%| unknown
 2002s|280100 |203785 | 36907k| 131.8 |   433M | 263 | 951 |5425 |5425 |   0 |  0 |   0 |  37 | 4.100000e+01 | 9.790000e+01 | 138.78%| unknown
 2003s|280200 |203857 | 36932k| 131.8 |   434M | 263 | 951 |5425 |5425 |   0 |  0 |   0 |  37 | 4.100000e+01 | 9.790000e+01 | 138.78%| unknown
 2005s|280300 |203929 | 36963k| 131.9 |   434M | 263 | 951 |5425 |5425 |   0 |  0 |   0 |  37 | 4.100000e+01 | 9.790000e+01 | 138.78%| unknown
 time | node  | left  |LP iter|LP it/n|mem/heur|mdpt |vars |cons |rows |cuts |sepa|confs|strbr|  dualbound   | primalbound  |  gap   | compl. 
 2006s|280400 |204003 | 36980k| 131.9 |   434M | 263 | 951 |5425 |5425 |   0 |  0 |   0 |  37 | 4.100000e+01 | 9.790000e+01 | 138.78%| unknown
 2007s|280500 |204067 | 37009k| 131.9 |   434M | 263 | 951 |5425 |5425 |   0 |  0 |   0 |  37 | 4.100000e+01 | 9.790000e+01 | 138.78%| unknown
 2008s|280600 |204129 | 37028k| 132.0 |   434M | 263 | 951 |5425 |5425 |   0 |  0 |   0 |  37 | 4.100000e+01 | 9.790000e+01 | 138.78%| unknown
 2009s|280700 |204203 | 37046k| 132.0 |   434M | 263 | 951 |5425 |5425 |   0 |  0 |   0 |  37 | 4.100000e+01 | 9.790000e+01 | 138.78%| unknown
 2010s|280800 |204275 | 37065k| 132.0 |   435M | 263 | 951 |5425 |5425 |   0 |  0 |   0 |  37 | 4.100000e+01 | 9.790000e+01 | 138.78%| unknown
 2011s|280900 |204347 | 37091k| 132.0 |   435M | 263 | 951 |5425 |5425 |   0 |  0 |   0 |  37 | 4.100000e+01 | 9.790000e+01 | 138.78%| unknown
 2012s|281000 |204427 | 37109k| 132.1 |   435M | 263 | 951 |5425 |5425 |   0 |  0 |   0 |  37 | 4.100000e+01 | 9.790000e+01 | 138.78%| unknown
 2013s|281100 |204505 | 37126k| 132.1 |   435M | 263 | 951 |5425 |5425 |   0 |  0 |   0 |  37 | 4.100000e+01 | 9.790000e+01 | 138.78%| unknown
 2014s|281200 |204577 | 37144k| 132.1 |   435M | 263 | 951 |5425 |5425 |   0 |  0 |   0 |  37 | 4.100000e+01 | 9.790000e+01 | 138.78%| unknown
 2015s|281300 |204647 | 37173k| 132.1 |   435M | 263 | 951 |5425 |5425 |   0 |  0 |   0 |  37 | 4.100000e+01 | 9.790000e+01 | 138.78%| unknown
 2016s|281400 |204725 | 37193k| 132.2 |   435M | 263 | 951 |5425 |5425 |   0 |  0 |   0 |  37 | 4.100000e+01 | 9.790000e+01 | 138.78%| unknown
 2018s|281500 |204809 | 37218k| 132.2 |   435M | 263 | 951 |5425 |5425 |   0 |  0 |   0 |  37 | 4.100000e+01 | 9.790000e+01 | 138.78%| unknown
 2019s|281600 |204897 | 37252k| 132.3 |   435M | 263 | 951 |5425 |5425 |   0 |  0 |   0 |  37 | 4.100000e+01 | 9.790000e+01 | 138.78%| unknown
 2020s|281700 |204957 | 37258k| 132.3 |   435M | 263 | 951 |5425 |5425 |   0 |  0 |   0 |  37 | 4.100000e+01 | 9.790000e+01 | 138.78%| unknown
 2020s|281800 |205035 | 37259k| 132.2 |   435M | 263 | 951 |5425 |5425 |   0 |  0 |   0 |  37 | 4.100000e+01 | 9.790000e+01 | 138.78%| unknown
 time | node  | left  |LP iter|LP it/n|mem/heur|mdpt |vars |cons |rows |cuts |sepa|confs|strbr|  dualbound   | primalbound  |  gap   | compl. 
 2020s|281900 |205117 | 37261k| 132.2 |   436M | 263 | 951 |5425 |5425 |   0 |  0 |   0 |  37 | 4.100000e+01 | 9.790000e+01 | 138.78%| unknown
 2021s|282000 |205185 | 37279k| 132.2 |   436M | 263 | 951 |5425 |5425 |   0 |  0 |   0 |  37 | 4.100000e+01 | 9.790000e+01 | 138.78%| unknown
 2022s|282100 |205261 | 37295k| 132.2 |   436M | 263 | 951 |5425 |5425 |   0 |  0 |   0 |  37 | 4.100000e+01 | 9.790000e+01 | 138.78%| unknown
 2023s|282200 |205331 | 37311k| 132.2 |   436M | 263 | 951 |5425 |5425 |   0 |  0 |   0 |  37 | 4.100000e+01 | 9.790000e+01 | 138.78%| unknown
 2024s|282300 |205399 | 37338k| 132.3 |   436M | 263 | 951 |5425 |5425 |   0 |  0 |   0 |  37 | 4.100000e+01 | 9.790000e+01 | 138.78%| unknown
 2026s|282400 |205465 | 37383k| 132.4 |   436M | 263 | 951 |5425 |5425 |   0 |  0 |   0 |  37 | 4.100000e+01 | 9.790000e+01 | 138.78%| unknown
 2027s|282500 |205531 | 37399k| 132.4 |   436M | 263 | 951 |5425 |5425 |   0 |  0 |   0 |  37 | 4.100000e+01 | 9.790000e+01 | 138.78%| unknown
 2028s|282600 |205609 | 37419k| 132.4 |   436M | 263 | 951 |5425 |5425 |   0 |  0 |   0 |  37 | 4.100000e+01 | 9.790000e+01 | 138.78%| unknown
 2029s|282700 |205687 | 37440k| 132.4 |   436M | 263 | 951 |5425 |5425 |   0 |  0 |   0 |  37 | 4.100000e+01 | 9.790000e+01 | 138.78%| unknown
 2030s|282800 |205763 | 37459k| 132.5 |   436M | 263 | 951 |5425 |5425 |   0 |  0 |   0 |  37 | 4.100000e+01 | 9.790000e+01 | 138.78%| unknown
 2032s|282900 |205829 | 37505k| 132.6 |   436M | 263 | 951 |5425 |5425 |   0 |  0 |   0 |  37 | 4.100000e+01 | 9.790000e+01 | 138.78%| unknown
 2033s|283000 |205893 | 37525k| 132.6 |   437M | 263 | 951 |5425 |5425 |   0 |  0 |   0 |  37 | 4.100000e+01 | 9.790000e+01 | 138.78%| unknown
 2034s|283100 |205971 | 37545k| 132.6 |   438M | 263 | 951 |5425 |5425 |   0 |  0 |   0 |  37 | 4.100000e+01 | 9.790000e+01 | 138.78%| unknown
 2035s|283200 |206051 | 37563k| 132.6 |   438M | 263 | 951 |5425 |5425 |   0 |  0 |   0 |  37 | 4.100000e+01 | 9.790000e+01 | 138.78%| unknown
 2036s|283300 |206119 | 37576k| 132.6 |   438M | 263 | 951 |5425 |5425 |   0 |  0 |   0 |  37 | 4.100000e+01 | 9.790000e+01 | 138.78%| unknown
 time | node  | left  |LP iter|LP it/n|mem/heur|mdpt |vars |cons |rows |cuts |sepa|confs|strbr|  dualbound   | primalbound  |  gap   | compl. 
 2036s|283400 |206175 | 37578k| 132.6 |   438M | 263 | 951 |5425 |5425 |   0 |  0 |   0 |  37 | 4.100000e+01 | 9.790000e+01 | 138.78%| unknown
 2036s|283500 |206237 | 37579k| 132.6 |   438M | 263 | 951 |5425 |5425 |   0 |  0 |   0 |  37 | 4.100000e+01 | 9.790000e+01 | 138.78%| unknown
 2037s|283600 |206289 | 37581k| 132.5 |   438M | 263 | 951 |5425 |5425 |   0 |  0 |   0 |  37 | 4.100000e+01 | 9.790000e+01 | 138.78%| unknown
 2037s|283700 |206371 | 37582k| 132.5 |   438M | 263 | 951 |5425 |5425 |   0 |  0 |   0 |  37 | 4.100000e+01 | 9.790000e+01 | 138.78%| unknown
 2037s|283800 |206423 | 37583k| 132.4 |   438M | 263 | 951 |5425 |5425 |   0 |  0 |   0 |  37 | 4.100000e+01 | 9.790000e+01 | 138.78%| unknown
 2038s|283900 |206491 | 37599k| 132.4 |   438M | 263 | 951 |5425 |5425 |   0 |  0 |   0 |  37 | 4.100000e+01 | 9.790000e+01 | 138.78%| unknown
 2038s|284000 |206547 | 37611k| 132.4 |   438M | 263 | 951 |5425 |5425 |   0 |  0 |   0 |  37 | 4.100000e+01 | 9.790000e+01 | 138.78%| unknown
 2039s|284100 |206625 | 37632k| 132.5 |   438M | 263 | 951 |5425 |5425 |   0 |  0 |   0 |  37 | 4.100000e+01 | 9.790000e+01 | 138.78%| unknown
 2041s|284200 |206699 | 37657k| 132.5 |   439M | 263 | 951 |5425 |5425 |   0 |  0 |   0 |  37 | 4.100000e+01 | 9.790000e+01 | 138.78%| unknown
 2042s|284300 |206751 | 37676k| 132.5 |   439M | 263 | 951 |5425 |5425 |   0 |  0 |   0 |  37 | 4.100000e+01 | 9.790000e+01 | 138.78%| unknown
 2043s|284400 |206807 | 37704k| 132.6 |   439M | 263 | 951 |5425 |5425 |   0 |  0 |   0 |  37 | 4.100000e+01 | 9.790000e+01 | 138.78%| unknown
 2044s|284500 |206879 | 37719k| 132.6 |   439M | 263 | 951 |5425 |5425 |   0 |  0 |   0 |  37 | 4.100000e+01 | 9.790000e+01 | 138.78%| unknown
 2045s|284600 |206951 | 37745k| 132.6 |   439M | 263 | 951 |5425 |5425 |   0 |  0 |   0 |  37 | 4.100000e+01 | 9.790000e+01 | 138.78%| unknown
 2046s|284700 |207027 | 37760k| 132.6 |   439M | 263 | 951 |5425 |5425 |   0 |  0 |   0 |  37 | 4.100000e+01 | 9.790000e+01 | 138.78%| unknown
 2047s|284800 |207083 | 37783k| 132.7 |   439M | 263 | 951 |5425 |5425 |   0 |  0 |   0 |  37 | 4.100000e+01 | 9.790000e+01 | 138.78%| unknown
 time | node  | left  |LP iter|LP it/n|mem/heur|mdpt |vars |cons |rows |cuts |sepa|confs|strbr|  dualbound   | primalbound  |  gap   | compl. 
 2048s|284900 |207161 | 37796k| 132.7 |   439M | 263 | 951 |5425 |5425 |   0 |  0 |   0 |  37 | 4.100000e+01 | 9.790000e+01 | 138.78%| unknown
 2049s|285000 |207233 | 37816k| 132.7 |   439M | 263 | 951 |5425 |5425 |   0 |  0 |   0 |  37 | 4.100000e+01 | 9.790000e+01 | 138.78%| unknown
 2050s|285100 |207309 | 37835k| 132.7 |   439M | 263 | 951 |5425 |5425 |   0 |  0 |   0 |  37 | 4.100000e+01 | 9.790000e+01 | 138.78%| unknown
 2050s|285200 |207377 | 37847k| 132.7 |   439M | 263 | 951 |5425 |5425 |   0 |  0 |   0 |  37 | 4.100000e+01 | 9.790000e+01 | 138.78%| unknown
 2051s|285300 |207459 | 37868k| 132.7 |   440M | 263 | 951 |5425 |5425 |   0 |  0 |   0 |  37 | 4.100000e+01 | 9.790000e+01 | 138.78%| unknown
 2052s|285400 |207533 | 37883k| 132.7 |   440M | 263 | 951 |5425 |5425 |   0 |  0 |   0 |  37 | 4.100000e+01 | 9.790000e+01 | 138.78%| unknown
 2054s|285500 |207613 | 37924k| 132.8 |   441M | 263 | 951 |5425 |5425 |   0 |  0 |   0 |  37 | 4.100000e+01 | 9.790000e+01 | 138.78%| unknown
 2056s|285600 |207691 | 37946k| 132.9 |   441M | 263 | 951 |5425 |5425 |   0 |  0 |   0 |  37 | 4.100000e+01 | 9.790000e+01 | 138.78%| unknown
 2056s|285700 |207759 | 37964k| 132.9 |   442M | 263 | 951 |5425 |5425 |   0 |  0 |   0 |  37 | 4.100000e+01 | 9.790000e+01 | 138.78%| unknown
 2058s|285800 |207819 | 37991k| 132.9 |   442M | 263 | 951 |5425 |5425 |   0 |  0 |   0 |  37 | 4.100000e+01 | 9.790000e+01 | 138.78%| unknown
 2059s|285900 |207891 | 38006k| 132.9 |   442M | 263 | 951 |5425 |5425 |   0 |  0 |   0 |  37 | 4.100000e+01 | 9.790000e+01 | 138.78%| unknown
 2060s|286000 |207963 | 38029k| 133.0 |   442M | 263 | 951 |5425 |5425 |   0 |  0 |   0 |  37 | 4.100000e+01 | 9.790000e+01 | 138.78%| unknown
 2062s|286100 |208041 | 38067k| 133.1 |   442M | 263 | 951 |5425 |5425 |   0 |  0 |   0 |  37 | 4.100000e+01 | 9.790000e+01 | 138.78%| unknown
 2063s|286200 |208129 | 38103k| 133.1 |   442M | 263 | 951 |5425 |5425 |   0 |  0 |   0 |  37 | 4.100000e+01 | 9.790000e+01 | 138.78%| unknown
 2065s|286300 |208207 | 38141k| 133.2 |   442M | 263 | 951 |5425 |5425 |   0 |  0 |   0 |  37 | 4.100000e+01 | 9.790000e+01 | 138.78%| unknown
 time | node  | left  |LP iter|LP it/n|mem/heur|mdpt |vars |cons |rows |cuts |sepa|confs|strbr|  dualbound   | primalbound  |  gap   | compl. 
 2066s|286400 |208285 | 38153k| 133.2 |   443M | 263 | 951 |5425 |5425 |   0 |  0 |   0 |  37 | 4.100000e+01 | 9.790000e+01 | 138.78%| unknown
 2067s|286500 |208355 | 38173k| 133.2 |   443M | 263 | 951 |5425 |5425 |   0 |  0 |   0 |  37 | 4.100000e+01 | 9.790000e+01 | 138.78%| unknown
 2068s|286600 |208435 | 38190k| 133.3 |   443M | 263 | 951 |5425 |5425 |   0 |  0 |   0 |  37 | 4.100000e+01 | 9.790000e+01 | 138.78%| unknown
 2068s|286700 |208493 | 38207k| 133.3 |   443M | 263 | 951 |5425 |5425 |   0 |  0 |   0 |  37 | 4.100000e+01 | 9.790000e+01 | 138.78%| unknown
 2070s|286800 |208553 | 38233k| 133.3 |   443M | 263 | 951 |5425 |5425 |   0 |  0 |   0 |  37 | 4.100000e+01 | 9.790000e+01 | 138.78%| unknown
 2070s|286900 |208617 | 38234k| 133.3 |   443M | 263 | 951 |5425 |5425 |   0 |  0 |   0 |  37 | 4.100000e+01 | 9.790000e+01 | 138.78%| unknown
 2070s|287000 |208675 | 38235k| 133.2 |   443M | 263 | 951 |5425 |5425 |   0 |  0 |   0 |  37 | 4.100000e+01 | 9.790000e+01 | 138.78%| unknown
 2070s|287100 |208745 | 38237k| 133.2 |   443M | 263 | 951 |5425 |5425 |   0 |  0 |   0 |  37 | 4.100000e+01 | 9.790000e+01 | 138.78%| unknown
 2070s|287200 |208805 | 38239k| 133.1 |   443M | 263 | 951 |5425 |5425 |   0 |  0 |   0 |  37 | 4.100000e+01 | 9.790000e+01 | 138.78%| unknown
 2071s|287300 |208867 | 38240k| 133.1 |   443M | 263 | 951 |5425 |5425 |   0 |  0 |   0 |  37 | 4.100000e+01 | 9.790000e+01 | 138.78%| unknown
 2071s|287400 |208933 | 38242k| 133.1 |   443M | 263 | 951 |5425 |5425 |   0 |  0 |   0 |  37 | 4.100000e+01 | 9.790000e+01 | 138.78%| unknown
 2071s|287500 |209003 | 38243k| 133.0 |   443M | 263 | 951 |5425 |5425 |   0 |  0 |   0 |  37 | 4.100000e+01 | 9.790000e+01 | 138.78%| unknown
 2071s|287600 |209089 | 38244k| 133.0 |   444M | 263 | 951 |5425 |5425 |   0 |  0 |   0 |  37 | 4.100000e+01 | 9.790000e+01 | 138.78%| unknown
 2071s|287700 |209143 | 38246k| 132.9 |   444M | 263 | 951 |5425 |5425 |   0 |  0 |   0 |  37 | 4.100000e+01 | 9.790000e+01 | 138.78%| unknown
 2072s|287800 |209211 | 38248k| 132.9 |   444M | 263 | 951 |5425 |5425 |   0 |  0 |   0 |  37 | 4.100000e+01 | 9.790000e+01 | 138.78%| unknown
 time | node  | left  |LP iter|LP it/n|mem/heur|mdpt |vars |cons |rows |cuts |sepa|confs|strbr|  dualbound   | primalbound  |  gap   | compl. 
 2072s|287900 |209275 | 38253k| 132.9 |   444M | 263 | 951 |5425 |5425 |   0 |  0 |   0 |  37 | 4.100000e+01 | 9.790000e+01 | 138.78%| unknown
 2074s|288000 |209347 | 38290k| 133.0 |   444M | 263 | 951 |5425 |5425 |   0 |  0 |   0 |  37 | 4.100000e+01 | 9.790000e+01 | 138.78%| unknown
 2075s|288100 |209399 | 38306k| 133.0 |   444M | 263 | 951 |5425 |5425 |   0 |  0 |   0 |  37 | 4.100000e+01 | 9.790000e+01 | 138.78%| unknown
 2075s|288200 |209463 | 38307k| 132.9 |   444M | 263 | 951 |5425 |5425 |   0 |  0 |   0 |  37 | 4.100000e+01 | 9.790000e+01 | 138.78%| unknown
 2075s|288300 |209515 | 38309k| 132.9 |   444M | 263 | 951 |5425 |5425 |   0 |  0 |   0 |  37 | 4.100000e+01 | 9.790000e+01 | 138.78%| unknown
 2076s|288400 |209583 | 38329k| 132.9 |   444M | 263 | 951 |5425 |5425 |   0 |  0 |   0 |  37 | 4.100000e+01 | 9.790000e+01 | 138.78%| unknown
 2076s|288500 |209631 | 38330k| 132.9 |   444M | 263 | 951 |5425 |5425 |   0 |  0 |   0 |  37 | 4.100000e+01 | 9.790000e+01 | 138.78%| unknown
 2077s|288600 |209695 | 38346k| 132.9 |   445M | 263 | 951 |5425 |5425 |   0 |  0 |   0 |  37 | 4.100000e+01 | 9.790000e+01 | 138.78%| unknown
 2078s|288700 |209757 | 38371k| 132.9 |   445M | 263 | 951 |5425 |5425 |   0 |  0 |   0 |  37 | 4.100000e+01 | 9.790000e+01 | 138.78%| unknown
 2080s|288800 |209827 | 38398k| 133.0 |   446M | 263 | 951 |5425 |5425 |   0 |  0 |   0 |  37 | 4.100000e+01 | 9.790000e+01 | 138.78%| unknown
 2081s|288900 |209901 | 38410k| 133.0 |   446M | 263 | 951 |5425 |5425 |   0 |  0 |   0 |  37 | 4.100000e+01 | 9.790000e+01 | 138.78%| unknown
 2082s|289000 |209973 | 38442k| 133.0 |   446M | 263 | 951 |5425 |5425 |   0 |  0 |   0 |  37 | 4.100000e+01 | 9.790000e+01 | 138.78%| unknown
 2083s|289100 |210029 | 38462k| 133.0 |   446M | 263 | 951 |5425 |5425 |   0 |  0 |   0 |  37 | 4.100000e+01 | 9.790000e+01 | 138.78%| unknown
 2084s|289200 |210087 | 38486k| 133.1 |   446M | 263 | 951 |5425 |5425 |   0 |  0 |   0 |  37 | 4.100000e+01 | 9.790000e+01 | 138.78%| unknown
 2086s|289300 |210145 | 38509k| 133.1 |   446M | 263 | 951 |5425 |5425 |   0 |  0 |   0 |  37 | 4.100000e+01 | 9.790000e+01 | 138.78%| unknown
 time | node  | left  |LP iter|LP it/n|mem/heur|mdpt |vars |cons |rows |cuts |sepa|confs|strbr|  dualbound   | primalbound  |  gap   | compl. 
 2086s|289400 |210209 | 38524k| 133.1 |   446M | 263 | 951 |5425 |5425 |   0 |  0 |   0 |  37 | 4.100000e+01 | 9.790000e+01 | 138.78%| unknown
 2087s|289500 |210267 | 38546k| 133.1 |   446M | 263 | 951 |5425 |5425 |   0 |  0 |   0 |  37 | 4.100000e+01 | 9.790000e+01 | 138.78%| unknown
 2089s|289600 |210333 | 38575k| 133.2 |   446M | 263 | 951 |5425 |5425 |   0 |  0 |   0 |  37 | 4.100000e+01 | 9.790000e+01 | 138.78%| unknown
 2090s|289700 |210383 | 38594k| 133.2 |   446M | 263 | 951 |5425 |5425 |   0 |  0 |   0 |  37 | 4.100000e+01 | 9.790000e+01 | 138.78%| unknown
 2090s|289800 |210453 | 38596k| 133.2 |   446M | 263 | 951 |5425 |5425 |   0 |  0 |   0 |  37 | 4.100000e+01 | 9.790000e+01 | 138.78%| unknown
 2090s|289900 |210523 | 38597k| 133.1 |   446M | 263 | 951 |5425 |5425 |   0 |  0 |   0 |  37 | 4.100000e+01 | 9.790000e+01 | 138.78%| unknown
 2090s|290000 |210595 | 38598k| 133.1 |   446M | 263 | 951 |5425 |5425 |   0 |  0 |   0 |  37 | 4.100000e+01 | 9.790000e+01 | 138.78%| unknown
 2091s|290100 |210673 | 38600k| 133.1 |   447M | 263 | 951 |5425 |5425 |   0 |  0 |   0 |  37 | 4.100000e+01 | 9.790000e+01 | 138.78%| unknown
 2091s|290200 |210751 | 38614k| 133.1 |   447M | 263 | 951 |5425 |5425 |   0 |  0 |   0 |  37 | 4.100000e+01 | 9.790000e+01 | 138.78%| unknown
 2092s|290300 |210819 | 38631k| 133.1 |   447M | 263 | 951 |5425 |5425 |   0 |  0 |   0 |  37 | 4.100000e+01 | 9.790000e+01 | 138.78%| unknown
 2093s|290400 |210901 | 38646k| 133.1 |   447M | 263 | 951 |5425 |5425 |   0 |  0 |   0 |  37 | 4.100000e+01 | 9.790000e+01 | 138.78%| unknown
 2094s|290500 |210961 | 38670k| 133.1 |   447M | 263 | 951 |5425 |5425 |   0 |  0 |   0 |  37 | 4.100000e+01 | 9.790000e+01 | 138.78%| unknown
 2095s|290600 |211021 | 38685k| 133.1 |   447M | 263 | 951 |5425 |5425 |   0 |  0 |   0 |  37 | 4.100000e+01 | 9.790000e+01 | 138.78%| unknown
 2095s|290700 |211093 | 38687k| 133.1 |   447M | 263 | 951 |5425 |5425 |   0 |  0 |   0 |  37 | 4.100000e+01 | 9.790000e+01 | 138.78%| unknown
 2096s|290800 |211155 | 38706k| 133.1 |   447M | 263 | 951 |5425 |5425 |   0 |  0 |   0 |  37 | 4.100000e+01 | 9.790000e+01 | 138.78%| unknown
 time | node  | left  |LP iter|LP it/n|mem/heur|mdpt |vars |cons |rows |cuts |sepa|confs|strbr|  dualbound   | primalbound  |  gap   | compl. 
 2097s|290900 |211223 | 38726k| 133.1 |   447M | 263 | 951 |5425 |5425 |   0 |  0 |   0 |  37 | 4.100000e+01 | 9.790000e+01 | 138.78%| unknown
 2097s|291000 |211287 | 38728k| 133.1 |   448M | 263 | 951 |5425 |5425 |   0 |  0 |   0 |  37 | 4.100000e+01 | 9.790000e+01 | 138.78%| unknown
 2098s|291100 |211363 | 38729k| 133.0 |   448M | 263 | 951 |5425 |5425 |   0 |  0 |   0 |  37 | 4.100000e+01 | 9.790000e+01 | 138.78%| unknown
 2098s|291200 |211443 | 38731k| 133.0 |   449M | 263 | 951 |5425 |5425 |   0 |  0 |   0 |  37 | 4.100000e+01 | 9.790000e+01 | 138.78%| unknown
 2098s|291300 |211505 | 38732k| 133.0 |   449M | 263 | 951 |5425 |5425 |   0 |  0 |   0 |  37 | 4.100000e+01 | 9.790000e+01 | 138.78%| unknown
 2098s|291400 |211575 | 38734k| 132.9 |   449M | 263 | 951 |5425 |5425 |   0 |  0 |   0 |  37 | 4.100000e+01 | 9.790000e+01 | 138.78%| unknown
 2098s|291500 |211639 | 38735k| 132.9 |   449M | 263 | 951 |5425 |5425 |   0 |  0 |   0 |  37 | 4.100000e+01 | 9.790000e+01 | 138.78%| unknown
 2099s|291600 |211717 | 38752k| 132.9 |   449M | 263 | 951 |5425 |5425 |   0 |  0 |   0 |  37 | 4.100000e+01 | 9.790000e+01 | 138.78%| unknown
 2100s|291700 |211787 | 38769k| 132.9 |   449M | 263 | 951 |5425 |5425 |   0 |  0 |   0 |  37 | 4.100000e+01 | 9.790000e+01 | 138.78%| unknown
 2101s|291800 |211865 | 38786k| 132.9 |   449M | 263 | 951 |5425 |5425 |   0 |  0 |   0 |  37 | 4.100000e+01 | 9.790000e+01 | 138.78%| unknown
 2102s|291900 |211931 | 38806k| 132.9 |   449M | 263 | 951 |5425 |5425 |   0 |  0 |   0 |  37 | 4.100000e+01 | 9.790000e+01 | 138.78%| unknown
 2103s|292000 |211991 | 38836k| 133.0 |   449M | 263 | 951 |5425 |5425 |   0 |  0 |   0 |  37 | 4.100000e+01 | 9.790000e+01 | 138.78%| unknown
 2104s|292100 |212075 | 38852k| 133.0 |   449M | 263 | 951 |5425 |5425 |   0 |  0 |   0 |  37 | 4.100000e+01 | 9.790000e+01 | 138.78%| unknown
 2106s|292200 |212127 | 38886k| 133.1 |   449M | 263 | 951 |5425 |5425 |   0 |  0 |   0 |  37 | 4.100000e+01 | 9.790000e+01 | 138.78%| unknown
 2106s|292300 |212201 | 38888k| 133.0 |   449M | 263 | 951 |5425 |5425 |   0 |  0 |   0 |  37 | 4.100000e+01 | 9.790000e+01 | 138.78%| unknown
 time | node  | left  |LP iter|LP it/n|mem/heur|mdpt |vars |cons |rows |cuts |sepa|confs|strbr|  dualbound   | primalbound  |  gap   | compl. 
 2106s|292400 |212267 | 38889k| 133.0 |   451M | 263 | 951 |5425 |5425 |   0 |  0 |   0 |  37 | 4.100000e+01 | 9.790000e+01 | 138.78%| unknown
 2106s|292500 |212349 | 38890k| 133.0 |   451M | 263 | 951 |5425 |5425 |   0 |  0 |   0 |  37 | 4.100000e+01 | 9.790000e+01 | 138.78%| unknown
 2107s|292600 |212405 | 38892k| 132.9 |   451M | 263 | 951 |5425 |5425 |   0 |  0 |   0 |  37 | 4.100000e+01 | 9.790000e+01 | 138.78%| unknown
 2107s|292700 |212471 | 38893k| 132.9 |   451M | 263 | 951 |5425 |5425 |   0 |  0 |   0 |  37 | 4.100000e+01 | 9.790000e+01 | 138.78%| unknown
 2107s|292800 |212535 | 38895k| 132.8 |   451M | 263 | 951 |5425 |5425 |   0 |  0 |   0 |  37 | 4.100000e+01 | 9.790000e+01 | 138.78%| unknown
 2107s|292900 |212593 | 38896k| 132.8 |   451M | 263 | 951 |5425 |5425 |   0 |  0 |   0 |  37 | 4.100000e+01 | 9.790000e+01 | 138.78%| unknown
 2107s|293000 |212657 | 38898k| 132.8 |   451M | 263 | 951 |5425 |5425 |   0 |  0 |   0 |  37 | 4.100000e+01 | 9.790000e+01 | 138.78%| unknown
 2107s|293100 |212709 | 38899k| 132.7 |   451M | 263 | 951 |5425 |5425 |   0 |  0 |   0 |  37 | 4.100000e+01 | 9.790000e+01 | 138.78%| unknown
 2108s|293200 |212769 | 38900k| 132.7 |   451M | 263 | 951 |5425 |5425 |   0 |  0 |   0 |  37 | 4.100000e+01 | 9.790000e+01 | 138.78%| unknown
 2108s|293300 |212843 | 38902k| 132.6 |   451M | 263 | 951 |5425 |5425 |   0 |  0 |   0 |  37 | 4.100000e+01 | 9.790000e+01 | 138.78%| unknown
 2108s|293400 |212919 | 38904k| 132.6 |   451M | 263 | 951 |5425 |5425 |   0 |  0 |   0 |  37 | 4.100000e+01 | 9.790000e+01 | 138.78%| unknown
 2108s|293500 |212995 | 38905k| 132.6 |   452M | 263 | 951 |5425 |5425 |   0 |  0 |   0 |  37 | 4.100000e+01 | 9.790000e+01 | 138.78%| unknown
 2108s|293600 |213069 | 38906k| 132.5 |   452M | 263 | 951 |5425 |5425 |   0 |  0 |   0 |  37 | 4.100000e+01 | 9.790000e+01 | 138.78%| unknown
 2109s|293700 |213139 | 38907k| 132.5 |   452M | 263 | 951 |5425 |5425 |   0 |  0 |   0 |  37 | 4.100000e+01 | 9.790000e+01 | 138.78%| unknown
 2109s|293800 |213197 | 38909k| 132.4 |   452M | 263 | 951 |5425 |5425 |   0 |  0 |   0 |  37 | 4.100000e+01 | 9.790000e+01 | 138.78%| unknown
 time | node  | left  |LP iter|LP it/n|mem/heur|mdpt |vars |cons |rows |cuts |sepa|confs|strbr|  dualbound   | primalbound  |  gap   | compl. 
 2109s|293900 |213269 | 38911k| 132.4 |   452M | 263 | 951 |5425 |5425 |   0 |  0 |   0 |  37 | 4.100000e+01 | 9.790000e+01 | 138.78%| unknown
 2109s|294000 |213343 | 38912k| 132.4 |   452M | 263 | 951 |5425 |5425 |   0 |  0 |   0 |  37 | 4.100000e+01 | 9.790000e+01 | 138.78%| unknown
 2110s|294100 |213401 | 38920k| 132.3 |   453M | 263 | 951 |5425 |5425 |   0 |  0 |   0 |  37 | 4.100000e+01 | 9.790000e+01 | 138.78%| unknown
 2111s|294200 |213481 | 38937k| 132.3 |   453M | 263 | 951 |5425 |5425 |   0 |  0 |   0 |  37 | 4.100000e+01 | 9.790000e+01 | 138.78%| unknown
 2111s|294300 |213557 | 38952k| 132.4 |   453M | 263 | 951 |5425 |5425 |   0 |  0 |   0 |  37 | 4.100000e+01 | 9.790000e+01 | 138.78%| unknown
 2112s|294400 |213637 | 38973k| 132.4 |   453M | 263 | 951 |5425 |5425 |   0 |  0 |   0 |  37 | 4.100000e+01 | 9.790000e+01 | 138.78%| unknown
 2113s|294500 |213707 | 38992k| 132.4 |   453M | 263 | 951 |5425 |5425 |   0 |  0 |   0 |  37 | 4.100000e+01 | 9.790000e+01 | 138.78%| unknown
 2115s|294600 |213777 | 39018k| 132.4 |   453M | 263 | 951 |5425 |5425 |   0 |  0 |   0 |  37 | 4.100000e+01 | 9.790000e+01 | 138.78%| unknown
 2115s|294700 |213851 | 39034k| 132.5 |   454M | 263 | 951 |5425 |5425 |   0 |  0 |   0 |  37 | 4.100000e+01 | 9.790000e+01 | 138.78%| unknown
 2116s|294800 |213933 | 39051k| 132.5 |   454M | 263 | 951 |5425 |5425 |   0 |  0 |   0 |  37 | 4.100000e+01 | 9.790000e+01 | 138.78%| unknown
 2117s|294900 |213999 | 39072k| 132.5 |   454M | 263 | 951 |5425 |5425 |   0 |  0 |   0 |  37 | 4.100000e+01 | 9.790000e+01 | 138.78%| unknown
 2117s|295000 |214061 | 39074k| 132.5 |   454M | 263 | 951 |5425 |5425 |   0 |  0 |   0 |  37 | 4.100000e+01 | 9.790000e+01 | 138.78%| unknown
 2118s|295100 |214135 | 39075k| 132.4 |   454M | 263 | 951 |5425 |5425 |   0 |  0 |   0 |  37 | 4.100000e+01 | 9.790000e+01 | 138.78%| unknown
 2118s|295200 |214211 | 39076k| 132.4 |   454M | 263 | 951 |5425 |5425 |   0 |  0 |   0 |  37 | 4.100000e+01 | 9.790000e+01 | 138.78%| unknown
 2118s|295300 |214287 | 39078k| 132.3 |   454M | 263 | 951 |5425 |5425 |   0 |  0 |   0 |  37 | 4.100000e+01 | 9.790000e+01 | 138.78%| unknown
 time | node  | left  |LP iter|LP it/n|mem/heur|mdpt |vars |cons |rows |cuts |sepa|confs|strbr|  dualbound   | primalbound  |  gap   | compl. 
 2118s|295400 |214343 | 39084k| 132.3 |   454M | 263 | 951 |5425 |5425 |   0 |  0 |   0 |  37 | 4.100000e+01 | 9.790000e+01 | 138.78%| unknown
 2119s|295500 |214417 | 39102k| 132.3 |   454M | 263 | 951 |5425 |5425 |   0 |  0 |   0 |  37 | 4.100000e+01 | 9.790000e+01 | 138.78%| unknown
 2120s|295600 |214493 | 39120k| 132.3 |   454M | 263 | 951 |5425 |5425 |   0 |  0 |   0 |  37 | 4.100000e+01 | 9.790000e+01 | 138.78%| unknown
 2120s|295700 |214569 | 39121k| 132.3 |   454M | 263 | 951 |5425 |5425 |   0 |  0 |   0 |  37 | 4.100000e+01 | 9.790000e+01 | 138.78%| unknown
 2121s|295800 |214621 | 39123k| 132.3 |   455M | 263 | 951 |5425 |5425 |   0 |  0 |   0 |  37 | 4.100000e+01 | 9.790000e+01 | 138.78%| unknown
 2121s|295900 |214681 | 39125k| 132.2 |   455M | 263 | 951 |5425 |5425 |   0 |  0 |   0 |  37 | 4.100000e+01 | 9.790000e+01 | 138.78%| unknown
 2121s|296000 |214755 | 39126k| 132.2 |   455M | 263 | 951 |5425 |5425 |   0 |  0 |   0 |  37 | 4.100000e+01 | 9.790000e+01 | 138.78%| unknown
 2122s|296100 |214817 | 39153k| 132.2 |   455M | 263 | 951 |5425 |5425 |   0 |  0 |   0 |  37 | 4.100000e+01 | 9.790000e+01 | 138.78%| unknown
 2123s|296200 |214885 | 39167k| 132.2 |   455M | 263 | 951 |5425 |5425 |   0 |  0 |   0 |  37 | 4.100000e+01 | 9.790000e+01 | 138.78%| unknown
 2123s|296300 |214947 | 39169k| 132.2 |   455M | 263 | 951 |5425 |5425 |   0 |  0 |   0 |  37 | 4.100000e+01 | 9.790000e+01 | 138.78%| unknown
 2124s|296400 |215017 | 39178k| 132.2 |   456M | 263 | 951 |5425 |5425 |   0 |  0 |   0 |  37 | 4.100000e+01 | 9.790000e+01 | 138.78%| unknown
 2125s|296500 |215077 | 39204k| 132.2 |   456M | 263 | 951 |5425 |5425 |   0 |  0 |   0 |  37 | 4.100000e+01 | 9.790000e+01 | 138.78%| unknown
 2127s|296600 |215145 | 39238k| 132.3 |   456M | 263 | 951 |5425 |5425 |   0 |  0 |   0 |  37 | 4.100000e+01 | 9.790000e+01 | 138.78%| unknown
 2128s|296700 |215203 | 39264k| 132.3 |   456M | 263 | 951 |5425 |5425 |   0 |  0 |   0 |  37 | 4.100000e+01 | 9.790000e+01 | 138.78%| unknown
 2131s|296800 |215261 | 39320k| 132.5 |   456M | 263 | 951 |5425 |5425 |   0 |  0 |   0 |  37 | 4.100000e+01 | 9.790000e+01 | 138.78%| unknown
 time | node  | left  |LP iter|LP it/n|mem/heur|mdpt |vars |cons |rows |cuts |sepa|confs|strbr|  dualbound   | primalbound  |  gap   | compl. 
 2132s|296900 |215337 | 39347k| 132.5 |   456M | 263 | 951 |5425 |5425 |   0 |  0 |   0 |  37 | 4.100000e+01 | 9.790000e+01 | 138.78%| unknown
 2134s|297000 |215417 | 39369k| 132.6 |   457M | 263 | 951 |5425 |5425 |   0 |  0 |   0 |  37 | 4.100000e+01 | 9.790000e+01 | 138.78%| unknown
 2135s|297100 |215479 | 39398k| 132.6 |   457M | 263 | 951 |5425 |5425 |   0 |  0 |   0 |  37 | 4.100000e+01 | 9.790000e+01 | 138.78%| unknown
 2136s|297200 |215541 | 39422k| 132.6 |   457M | 263 | 951 |5425 |5425 |   0 |  0 |   0 |  37 | 4.100000e+01 | 9.790000e+01 | 138.78%| unknown
 2137s|297300 |215607 | 39437k| 132.6 |   457M | 263 | 951 |5425 |5425 |   0 |  0 |   0 |  37 | 4.100000e+01 | 9.790000e+01 | 138.78%| unknown
 2139s|297400 |215667 | 39491k| 132.8 |   457M | 263 | 951 |5425 |5425 |   0 |  0 |   0 |  37 | 4.100000e+01 | 9.790000e+01 | 138.78%| unknown
 2140s|297500 |215729 | 39506k| 132.8 |   457M | 263 | 951 |5425 |5425 |   0 |  0 |   0 |  37 | 4.100000e+01 | 9.790000e+01 | 138.78%| unknown
 2142s|297600 |215807 | 39538k| 132.9 |   457M | 263 | 951 |5425 |5425 |   0 |  0 |   0 |  37 | 4.100000e+01 | 9.790000e+01 | 138.78%| unknown
 2143s|297700 |215893 | 39552k| 132.9 |   457M | 263 | 951 |5425 |5425 |   0 |  0 |   0 |  37 | 4.100000e+01 | 9.790000e+01 | 138.78%| unknown
 2144s|297800 |215955 | 39586k| 132.9 |   457M | 263 | 951 |5425 |5425 |   0 |  0 |   0 |  37 | 4.100000e+01 | 9.790000e+01 | 138.78%| unknown
 2145s|297900 |216029 | 39605k| 132.9 |   457M | 263 | 951 |5425 |5425 |   0 |  0 |   0 |  37 | 4.100000e+01 | 9.790000e+01 | 138.78%| unknown
 2146s|298000 |216099 | 39621k| 133.0 |   457M | 263 | 951 |5425 |5425 |   0 |  0 |   0 |  37 | 4.100000e+01 | 9.790000e+01 | 138.78%| unknown
 2147s|298100 |216181 | 39640k| 133.0 |   458M | 263 | 951 |5425 |5425 |   0 |  0 |   0 |  37 | 4.100000e+01 | 9.790000e+01 | 138.78%| unknown
 2149s|298200 |216243 | 39675k| 133.0 |   458M | 263 | 951 |5425 |5425 |   0 |  0 |   0 |  37 | 4.100000e+01 | 9.790000e+01 | 138.78%| unknown
 2150s|298300 |216319 | 39696k| 133.1 |   458M | 263 | 951 |5425 |5425 |   0 |  0 |   0 |  37 | 4.100000e+01 | 9.790000e+01 | 138.78%| unknown
 time | node  | left  |LP iter|LP it/n|mem/heur|mdpt |vars |cons |rows |cuts |sepa|confs|strbr|  dualbound   | primalbound  |  gap   | compl. 
 2150s|298400 |216385 | 39710k| 133.1 |   458M | 263 | 951 |5425 |5425 |   0 |  0 |   0 |  37 | 4.100000e+01 | 9.790000e+01 | 138.78%| unknown
 2151s|298500 |216451 | 39730k| 133.1 |   458M | 263 | 951 |5425 |5425 |   0 |  0 |   0 |  37 | 4.100000e+01 | 9.790000e+01 | 138.78%| unknown
 2152s|298600 |216523 | 39743k| 133.1 |   458M | 263 | 951 |5425 |5425 |   0 |  0 |   0 |  37 | 4.100000e+01 | 9.790000e+01 | 138.78%| unknown
 2153s|298700 |216589 | 39768k| 133.1 |   458M | 263 | 951 |5425 |5425 |   0 |  0 |   0 |  37 | 4.100000e+01 | 9.790000e+01 | 138.78%| unknown
 2154s|298800 |216653 | 39786k| 133.2 |   458M | 263 | 951 |5425 |5425 |   0 |  0 |   0 |  37 | 4.100000e+01 | 9.790000e+01 | 138.78%| unknown
 2155s|298900 |216723 | 39804k| 133.2 |   459M | 263 | 951 |5425 |5425 |   0 |  0 |   0 |  37 | 4.100000e+01 | 9.790000e+01 | 138.78%| unknown
 2156s|299000 |216803 | 39827k| 133.2 |   459M | 263 | 951 |5425 |5425 |   0 |  0 |   0 |  37 | 4.100000e+01 | 9.790000e+01 | 138.78%| unknown
 2157s|299100 |216879 | 39848k| 133.2 |   459M | 263 | 951 |5425 |5425 |   0 |  0 |   0 |  37 | 4.100000e+01 | 9.790000e+01 | 138.78%| unknown
 2158s|299200 |216929 | 39864k| 133.2 |   459M | 263 | 951 |5425 |5425 |   0 |  0 |   0 |  37 | 4.100000e+01 | 9.790000e+01 | 138.78%| unknown
 2158s|299300 |216997 | 39865k| 133.2 |   460M | 263 | 951 |5425 |5425 |   0 |  0 |   0 |  37 | 4.100000e+01 | 9.790000e+01 | 138.78%| unknown
 2158s|299400 |217059 | 39866k| 133.2 |   460M | 263 | 951 |5425 |5425 |   0 |  0 |   0 |  37 | 4.100000e+01 | 9.790000e+01 | 138.78%| unknown
 2159s|299500 |217111 | 39880k| 133.2 |   460M | 263 | 951 |5425 |5425 |   0 |  0 |   0 |  37 | 4.100000e+01 | 9.790000e+01 | 138.78%| unknown
 2161s|299600 |217179 | 39928k| 133.3 |   461M | 263 | 951 |5425 |5425 |   0 |  0 |   0 |  37 | 4.100000e+01 | 9.790000e+01 | 138.78%| unknown
 2162s|299700 |217229 | 39948k| 133.3 |   461M | 263 | 951 |5425 |5425 |   0 |  0 |   0 |  37 | 4.100000e+01 | 9.790000e+01 | 138.78%| unknown
 2163s|299800 |217299 | 39968k| 133.3 |   461M | 263 | 951 |5425 |5425 |   0 |  0 |   0 |  37 | 4.100000e+01 | 9.790000e+01 | 138.78%| unknown
 time | node  | left  |LP iter|LP it/n|mem/heur|mdpt |vars |cons |rows |cuts |sepa|confs|strbr|  dualbound   | primalbound  |  gap   | compl. 
 2165s|299900 |217377 | 40005k| 133.4 |   461M | 263 | 951 |5425 |5425 |   0 |  0 |   0 |  37 | 4.100000e+01 | 9.790000e+01 | 138.78%| unknown
 2167s|300000 |217453 | 40032k| 133.4 |   461M | 263 | 951 |5425 |5425 |   0 |  0 |   0 |  37 | 4.100000e+01 | 9.790000e+01 | 138.78%| unknown
 2168s|300100 |217521 | 40053k| 133.5 |   461M | 263 | 951 |5425 |5425 |   0 |  0 |   0 |  37 | 4.100000e+01 | 9.790000e+01 | 138.78%| unknown
 2168s|300200 |217587 | 40069k| 133.5 |   461M | 263 | 951 |5425 |5425 |   0 |  0 |   0 |  37 | 4.100000e+01 | 9.790000e+01 | 138.78%| unknown
 2170s|300300 |217639 | 40096k| 133.5 |   461M | 263 | 951 |5425 |5425 |   0 |  0 |   0 |  37 | 4.100000e+01 | 9.790000e+01 | 138.78%| unknown
 2171s|300400 |217721 | 40114k| 133.5 |   461M | 263 | 951 |5425 |5425 |   0 |  0 |   0 |  37 | 4.100000e+01 | 9.790000e+01 | 138.78%| unknown
 2172s|300500 |217793 | 40132k| 133.5 |   462M | 263 | 951 |5425 |5425 |   0 |  0 |   0 |  37 | 4.100000e+01 | 9.790000e+01 | 138.78%| unknown
 2173s|300600 |217855 | 40155k| 133.6 |   462M | 263 | 951 |5425 |5425 |   0 |  0 |   0 |  37 | 4.100000e+01 | 9.790000e+01 | 138.78%| unknown
 2174s|300700 |217913 | 40177k| 133.6 |   462M | 263 | 951 |5425 |5425 |   0 |  0 |   0 |  37 | 4.100000e+01 | 9.790000e+01 | 138.78%| unknown
 2175s|300800 |217983 | 40203k| 133.7 |   462M | 263 | 951 |5425 |5425 |   0 |  0 |   0 |  37 | 4.100000e+01 | 9.790000e+01 | 138.78%| unknown
 2175s|300900 |218045 | 40206k| 133.6 |   462M | 263 | 951 |5425 |5425 |   0 |  0 |   0 |  37 | 4.100000e+01 | 9.790000e+01 | 138.78%| unknown
 2175s|301000 |218115 | 40207k| 133.6 |   462M | 263 | 951 |5425 |5425 |   0 |  0 |   0 |  37 | 4.100000e+01 | 9.790000e+01 | 138.78%| unknown
 2176s|301100 |218179 | 40208k| 133.5 |   462M | 263 | 951 |5425 |5425 |   0 |  0 |   0 |  37 | 4.100000e+01 | 9.790000e+01 | 138.78%| unknown
 2176s|301200 |218255 | 40210k| 133.5 |   462M | 263 | 951 |5425 |5425 |   0 |  0 |   0 |  37 | 4.100000e+01 | 9.790000e+01 | 138.78%| unknown
 2176s|301300 |218321 | 40211k| 133.5 |   462M | 263 | 951 |5425 |5425 |   0 |  0 |   0 |  37 | 4.100000e+01 | 9.790000e+01 | 138.78%| unknown
 time | node  | left  |LP iter|LP it/n|mem/heur|mdpt |vars |cons |rows |cuts |sepa|confs|strbr|  dualbound   | primalbound  |  gap   | compl. 
 2177s|301400 |218385 | 40227k| 133.5 |   462M | 263 | 951 |5425 |5425 |   0 |  0 |   0 |  37 | 4.100000e+01 | 9.790000e+01 | 138.78%| unknown
 2179s|301500 |218449 | 40265k| 133.5 |   462M | 263 | 951 |5425 |5425 |   0 |  0 |   0 |  37 | 4.100000e+01 | 9.790000e+01 | 138.78%| unknown
 2180s|301600 |218505 | 40297k| 133.6 |   462M | 263 | 951 |5425 |5425 |   0 |  0 |   0 |  37 | 4.100000e+01 | 9.790000e+01 | 138.78%| unknown
 2181s|301700 |218575 | 40319k| 133.6 |   463M | 263 | 951 |5425 |5425 |   0 |  0 |   0 |  37 | 4.100000e+01 | 9.790000e+01 | 138.78%| unknown
 2183s|301800 |218655 | 40340k| 133.7 |   463M | 263 | 951 |5425 |5425 |   0 |  0 |   0 |  37 | 4.100000e+01 | 9.790000e+01 | 138.78%| unknown
 2184s|301900 |218723 | 40366k| 133.7 |   463M | 263 | 951 |5425 |5425 |   0 |  0 |   0 |  37 | 4.100000e+01 | 9.790000e+01 | 138.78%| unknown
 2184s|302000 |218799 | 40377k| 133.7 |   464M | 263 | 951 |5425 |5425 |   0 |  0 |   0 |  37 | 4.100000e+01 | 9.790000e+01 | 138.78%| unknown
 2185s|302100 |218875 | 40378k| 133.7 |   464M | 263 | 951 |5425 |5425 |   0 |  0 |   0 |  37 | 4.100000e+01 | 9.790000e+01 | 138.78%| unknown
 2185s|302200 |218943 | 40380k| 133.6 |   464M | 263 | 951 |5425 |5425 |   0 |  0 |   0 |  37 | 4.100000e+01 | 9.790000e+01 | 138.78%| unknown
 2186s|302300 |219017 | 40395k| 133.6 |   464M | 263 | 951 |5425 |5425 |   0 |  0 |   0 |  37 | 4.100000e+01 | 9.790000e+01 | 138.78%| unknown
 2187s|302400 |219071 | 40421k| 133.7 |   464M | 263 | 951 |5425 |5425 |   0 |  0 |   0 |  37 | 4.100000e+01 | 9.790000e+01 | 138.78%| unknown
 2188s|302500 |219137 | 40437k| 133.7 |   464M | 263 | 951 |5425 |5425 |   0 |  0 |   0 |  37 | 4.100000e+01 | 9.790000e+01 | 138.78%| unknown
 2189s|302600 |219205 | 40469k| 133.7 |   464M | 263 | 951 |5425 |5425 |   0 |  0 |   0 |  37 | 4.100000e+01 | 9.790000e+01 | 138.78%| unknown
 2191s|302700 |219279 | 40493k| 133.8 |   464M | 263 | 951 |5425 |5425 |   0 |  0 |   0 |  37 | 4.100000e+01 | 9.790000e+01 | 138.78%| unknown
 2192s|302800 |219347 | 40513k| 133.8 |   465M | 263 | 951 |5425 |5425 |   0 |  0 |   0 |  37 | 4.100000e+01 | 9.790000e+01 | 138.78%| unknown
 time | node  | left  |LP iter|LP it/n|mem/heur|mdpt |vars |cons |rows |cuts |sepa|confs|strbr|  dualbound   | primalbound  |  gap   | compl. 
 2193s|302900 |219407 | 40532k| 133.8 |   465M | 263 | 951 |5425 |5425 |   0 |  0 |   0 |  37 | 4.100000e+01 | 9.790000e+01 | 138.78%| unknown
 2194s|303000 |219461 | 40550k| 133.8 |   465M | 263 | 951 |5425 |5425 |   0 |  0 |   0 |  37 | 4.100000e+01 | 9.790000e+01 | 138.78%| unknown
 2195s|303100 |219535 | 40580k| 133.9 |   465M | 263 | 951 |5425 |5425 |   0 |  0 |   0 |  37 | 4.100000e+01 | 9.790000e+01 | 138.78%| unknown
 2195s|303200 |219617 | 40586k| 133.9 |   465M | 263 | 951 |5425 |5425 |   0 |  0 |   0 |  37 | 4.100000e+01 | 9.790000e+01 | 138.78%| unknown
 2196s|303300 |219689 | 40587k| 133.8 |   465M | 263 | 951 |5425 |5425 |   0 |  0 |   0 |  37 | 4.100000e+01 | 9.790000e+01 | 138.78%| unknown
 2196s|303400 |219759 | 40589k| 133.8 |   465M | 263 | 951 |5425 |5425 |   0 |  0 |   0 |  37 | 4.100000e+01 | 9.790000e+01 | 138.78%| unknown
 2197s|303500 |219837 | 40619k| 133.8 |   465M | 263 | 951 |5425 |5425 |   0 |  0 |   0 |  37 | 4.100000e+01 | 9.790000e+01 | 138.78%| unknown
 2199s|303600 |219909 | 40654k| 133.9 |   465M | 263 | 951 |5425 |5425 |   0 |  0 |   0 |  37 | 4.100000e+01 | 9.790000e+01 | 138.78%| unknown
 2200s|303700 |219969 | 40683k| 134.0 |   465M | 263 | 951 |5425 |5425 |   0 |  0 |   0 |  37 | 4.100000e+01 | 9.790000e+01 | 138.78%| unknown
 2202s|303800 |220027 | 40711k| 134.0 |   465M | 263 | 951 |5425 |5425 |   0 |  0 |   0 |  37 | 4.100000e+01 | 9.790000e+01 | 138.78%| unknown
 2203s|303900 |220113 | 40729k| 134.0 |   465M | 263 | 951 |5425 |5425 |   0 |  0 |   0 |  37 | 4.100000e+01 | 9.790000e+01 | 138.78%| unknown
 2205s|304000 |220195 | 40776k| 134.1 |   466M | 263 | 951 |5425 |5425 |   0 |  0 |   0 |  37 | 4.100000e+01 | 9.790000e+01 | 138.78%| unknown
 2206s|304100 |220271 | 40805k| 134.2 |   466M | 263 | 951 |5425 |5425 |   0 |  0 |   0 |  37 | 4.100000e+01 | 9.790000e+01 | 138.78%| unknown
 2207s|304200 |220335 | 40826k| 134.2 |   466M | 263 | 951 |5425 |5425 |   0 |  0 |   0 |  37 | 4.100000e+01 | 9.790000e+01 | 138.78%| unknown
 2208s|304300 |220423 | 40840k| 134.2 |   466M | 263 | 951 |5425 |5425 |   0 |  0 |   0 |  37 | 4.100000e+01 | 9.790000e+01 | 138.78%| unknown
 time | node  | left  |LP iter|LP it/n|mem/heur|mdpt |vars |cons |rows |cuts |sepa|confs|strbr|  dualbound   | primalbound  |  gap   | compl. 
 2208s|304400 |220487 | 40841k| 134.2 |   466M | 263 | 951 |5425 |5425 |   0 |  0 |   0 |  37 | 4.100000e+01 | 9.790000e+01 | 138.78%| unknown
 2208s|304500 |220555 | 40843k| 134.1 |   466M | 263 | 951 |5425 |5425 |   0 |  0 |   0 |  37 | 4.100000e+01 | 9.790000e+01 | 138.78%| unknown
 2209s|304600 |220629 | 40845k| 134.1 |   466M | 263 | 951 |5425 |5425 |   0 |  0 |   0 |  37 | 4.100000e+01 | 9.790000e+01 | 138.78%| unknown
 2209s|304700 |220693 | 40846k| 134.1 |   466M | 263 | 951 |5425 |5425 |   0 |  0 |   0 |  37 | 4.100000e+01 | 9.790000e+01 | 138.78%| unknown
 2209s|304800 |220753 | 40848k| 134.0 |   466M | 263 | 951 |5425 |5425 |   0 |  0 |   0 |  37 | 4.100000e+01 | 9.790000e+01 | 138.78%| unknown
 2210s|304900 |220827 | 40865k| 134.0 |   466M | 263 | 951 |5425 |5425 |   0 |  0 |   0 |  37 | 4.100000e+01 | 9.790000e+01 | 138.78%| unknown
 2211s|305000 |220905 | 40880k| 134.0 |   467M | 263 | 951 |5425 |5425 |   0 |  0 |   0 |  37 | 4.100000e+01 | 9.790000e+01 | 138.78%| unknown
 2212s|305100 |220963 | 40909k| 134.1 |   468M | 263 | 951 |5425 |5425 |   0 |  0 |   0 |  37 | 4.100000e+01 | 9.790000e+01 | 138.78%| unknown
 2213s|305200 |221041 | 40927k| 134.1 |   468M | 263 | 951 |5425 |5425 |   0 |  0 |   0 |  37 | 4.100000e+01 | 9.790000e+01 | 138.78%| unknown
 2214s|305300 |221115 | 40945k| 134.1 |   468M | 263 | 951 |5425 |5425 |   0 |  0 |   0 |  37 | 4.100000e+01 | 9.790000e+01 | 138.78%| unknown
 2215s|305400 |221187 | 40964k| 134.1 |   468M | 263 | 951 |5425 |5425 |   0 |  0 |   0 |  37 | 4.100000e+01 | 9.790000e+01 | 138.78%| unknown
 2216s|305500 |221251 | 40985k| 134.2 |   469M | 263 | 951 |5425 |5425 |   0 |  0 |   0 |  37 | 4.100000e+01 | 9.790000e+01 | 138.78%| unknown
 2217s|305600 |221305 | 41004k| 134.2 |   469M | 263 | 951 |5425 |5425 |   0 |  0 |   0 |  37 | 4.100000e+01 | 9.790000e+01 | 138.78%| unknown
 2218s|305700 |221377 | 41029k| 134.2 |   469M | 263 | 951 |5425 |5425 |   0 |  0 |   0 |  37 | 4.100000e+01 | 9.790000e+01 | 138.78%| unknown
 2219s|305800 |221455 | 41042k| 134.2 |   469M | 263 | 951 |5425 |5425 |   0 |  0 |   0 |  37 | 4.100000e+01 | 9.790000e+01 | 138.78%| unknown
 time | node  | left  |LP iter|LP it/n|mem/heur|mdpt |vars |cons |rows |cuts |sepa|confs|strbr|  dualbound   | primalbound  |  gap   | compl. 
 2220s|305900 |221519 | 41062k| 134.2 |   469M | 263 | 951 |5425 |5425 |   0 |  0 |   0 |  37 | 4.100000e+01 | 9.790000e+01 | 138.78%| unknown
 2221s|306000 |221583 | 41077k| 134.2 |   469M | 263 | 951 |5425 |5425 |   0 |  0 |   0 |  37 | 4.100000e+01 | 9.790000e+01 | 138.78%| unknown
 2221s|306100 |221663 | 41078k| 134.2 |   469M | 263 | 951 |5425 |5425 |   0 |  0 |   0 |  37 | 4.100000e+01 | 9.790000e+01 | 138.78%| unknown
 2221s|306200 |221735 | 41080k| 134.2 |   470M | 263 | 951 |5425 |5425 |   0 |  0 |   0 |  37 | 4.100000e+01 | 9.790000e+01 | 138.78%| unknown
 2221s|306300 |221795 | 41082k| 134.1 |   470M | 263 | 951 |5425 |5425 |   0 |  0 |   0 |  37 | 4.100000e+01 | 9.790000e+01 | 138.78%| unknown
 2221s|306400 |221855 | 41083k| 134.1 |   470M | 263 | 951 |5425 |5425 |   0 |  0 |   0 |  37 | 4.100000e+01 | 9.790000e+01 | 138.78%| unknown
 2223s|306500 |221905 | 41105k| 134.1 |   470M | 263 | 951 |5425 |5425 |   0 |  0 |   0 |  37 | 4.100000e+01 | 9.790000e+01 | 138.78%| unknown
 2224s|306600 |221971 | 41132k| 134.2 |   470M | 263 | 951 |5425 |5425 |   0 |  0 |   0 |  37 | 4.100000e+01 | 9.790000e+01 | 138.78%| unknown
 2225s|306700 |222045 | 41152k| 134.2 |   470M | 263 | 951 |5425 |5425 |   0 |  0 |   0 |  37 | 4.100000e+01 | 9.790000e+01 | 138.78%| unknown
 2226s|306800 |222109 | 41168k| 134.2 |   470M | 263 | 951 |5425 |5425 |   0 |  0 |   0 |  37 | 4.100000e+01 | 9.790000e+01 | 138.78%| unknown
 2226s|306900 |222181 | 41181k| 134.2 |   470M | 263 | 951 |5425 |5425 |   0 |  0 |   0 |  37 | 4.100000e+01 | 9.790000e+01 | 138.78%| unknown
 2227s|307000 |222251 | 41193k| 134.2 |   470M | 263 | 951 |5425 |5425 |   0 |  0 |   0 |  37 | 4.100000e+01 | 9.790000e+01 | 138.78%| unknown
 2228s|307100 |222321 | 41212k| 134.2 |   470M | 263 | 951 |5425 |5425 |   0 |  0 |   0 |  37 | 4.100000e+01 | 9.790000e+01 | 138.78%| unknown
 2229s|307200 |222389 | 41235k| 134.2 |   470M | 263 | 951 |5425 |5425 |   0 |  0 |   0 |  37 | 4.100000e+01 | 9.790000e+01 | 138.78%| unknown
 2231s|307300 |222469 | 41265k| 134.3 |   471M | 263 | 951 |5425 |5425 |   0 |  0 |   0 |  37 | 4.100000e+01 | 9.790000e+01 | 138.78%| unknown
 time | node  | left  |LP iter|LP it/n|mem/heur|mdpt |vars |cons |rows |cuts |sepa|confs|strbr|  dualbound   | primalbound  |  gap   | compl. 
 2232s|307400 |222549 | 41283k| 134.3 |   472M | 263 | 951 |5425 |5425 |   0 |  0 |   0 |  37 | 4.100000e+01 | 9.790000e+01 | 138.78%| unknown
 2233s|307500 |222599 | 41309k| 134.3 |   472M | 263 | 951 |5425 |5425 |   0 |  0 |   0 |  37 | 4.100000e+01 | 9.790000e+01 | 138.78%| unknown
 2234s|307600 |222663 | 41326k| 134.3 |   472M | 263 | 951 |5425 |5425 |   0 |  0 |   0 |  37 | 4.100000e+01 | 9.790000e+01 | 138.78%| unknown
 2235s|307700 |222727 | 41344k| 134.4 |   472M | 263 | 951 |5425 |5425 |   0 |  0 |   0 |  37 | 4.100000e+01 | 9.790000e+01 | 138.78%| unknown
 2236s|307800 |222789 | 41367k| 134.4 |   472M | 263 | 951 |5425 |5425 |   0 |  0 |   0 |  37 | 4.100000e+01 | 9.790000e+01 | 138.78%| unknown
 2238s|307900 |222851 | 41405k| 134.5 |   472M | 263 | 951 |5425 |5425 |   0 |  0 |   0 |  37 | 4.100000e+01 | 9.790000e+01 | 138.78%| unknown
 2239s|308000 |222925 | 41432k| 134.5 |   472M | 263 | 951 |5425 |5425 |   0 |  0 |   0 |  37 | 4.100000e+01 | 9.790000e+01 | 138.78%| unknown
 2241s|308100 |223007 | 41468k| 134.6 |   472M | 263 | 951 |5425 |5425 |   0 |  0 |   0 |  37 | 4.100000e+01 | 9.790000e+01 | 138.78%| unknown
 2242s|308200 |223085 | 41500k| 134.7 |   472M | 263 | 951 |5425 |5425 |   0 |  0 |   0 |  37 | 4.100000e+01 | 9.790000e+01 | 138.78%| unknown
 2245s|308300 |223151 | 41546k| 134.8 |   472M | 263 | 951 |5425 |5425 |   0 |  0 |   0 |  37 | 4.100000e+01 | 9.790000e+01 | 138.78%| unknown
 2246s|308400 |223205 | 41572k| 134.8 |   472M | 263 | 951 |5425 |5425 |   0 |  0 |   0 |  37 | 4.100000e+01 | 9.790000e+01 | 138.78%| unknown
 2247s|308500 |223283 | 41588k| 134.8 |   472M | 263 | 951 |5425 |5425 |   0 |  0 |   0 |  37 | 4.100000e+01 | 9.790000e+01 | 138.78%| unknown
 2248s|308600 |223345 | 41611k| 134.8 |   473M | 263 | 951 |5425 |5425 |   0 |  0 |   0 |  37 | 4.100000e+01 | 9.790000e+01 | 138.78%| unknown
 2249s|308700 |223419 | 41628k| 134.8 |   473M | 263 | 951 |5425 |5425 |   0 |  0 |   0 |  37 | 4.100000e+01 | 9.790000e+01 | 138.78%| unknown
 2249s|308800 |223483 | 41630k| 134.8 |   473M | 263 | 951 |5425 |5425 |   0 |  0 |   0 |  37 | 4.100000e+01 | 9.790000e+01 | 138.78%| unknown
 time | node  | left  |LP iter|LP it/n|mem/heur|mdpt |vars |cons |rows |cuts |sepa|confs|strbr|  dualbound   | primalbound  |  gap   | compl. 
 2249s|308900 |223547 | 41632k| 134.8 |   473M | 263 | 951 |5425 |5425 |   0 |  0 |   0 |  37 | 4.100000e+01 | 9.790000e+01 | 138.78%| unknown
 2249s|309000 |223603 | 41634k| 134.7 |   473M | 263 | 951 |5425 |5425 |   0 |  0 |   0 |  37 | 4.100000e+01 | 9.790000e+01 | 138.78%| unknown
 2249s|309100 |223655 | 41636k| 134.7 |   473M | 263 | 951 |5425 |5425 |   0 |  0 |   0 |  37 | 4.100000e+01 | 9.790000e+01 | 138.78%| unknown
 2250s|309200 |223727 | 41637k| 134.7 |   473M | 263 | 951 |5425 |5425 |   0 |  0 |   0 |  37 | 4.100000e+01 | 9.790000e+01 | 138.78%| unknown
 2250s|309300 |223791 | 41639k| 134.6 |   473M | 263 | 951 |5425 |5425 |   0 |  0 |   0 |  37 | 4.100000e+01 | 9.790000e+01 | 138.78%| unknown
 2250s|309400 |223871 | 41640k| 134.6 |   473M | 263 | 951 |5425 |5425 |   0 |  0 |   0 |  37 | 4.100000e+01 | 9.790000e+01 | 138.78%| unknown
 2250s|309500 |223951 | 41641k| 134.5 |   473M | 263 | 951 |5425 |5425 |   0 |  0 |   0 |  37 | 4.100000e+01 | 9.790000e+01 | 138.78%| unknown
 2250s|309600 |224029 | 41641k| 134.5 |   473M | 263 | 951 |5425 |5425 |   0 |  0 |   0 |  37 | 4.100000e+01 | 9.790000e+01 | 138.78%| unknown
 2251s|309700 |224107 | 41642k| 134.5 |   474M | 263 | 951 |5425 |5425 |   0 |  0 |   0 |  37 | 4.100000e+01 | 9.790000e+01 | 138.78%| unknown
 2251s|309800 |224191 | 41648k| 134.4 |   474M | 263 | 951 |5425 |5425 |   0 |  0 |   0 |  37 | 4.100000e+01 | 9.790000e+01 | 138.78%| unknown
 2252s|309900 |224271 | 41663k| 134.4 |   474M | 263 | 951 |5425 |5425 |   0 |  0 |   0 |  37 | 4.100000e+01 | 9.790000e+01 | 138.78%| unknown
 2253s|310000 |224335 | 41681k| 134.5 |   474M | 263 | 951 |5425 |5425 |   0 |  0 |   0 |  37 | 4.100000e+01 | 9.790000e+01 | 138.78%| unknown
 2254s|310100 |224387 | 41701k| 134.5 |   474M | 263 | 951 |5425 |5425 |   0 |  0 |   0 |  37 | 4.100000e+01 | 9.790000e+01 | 138.78%| unknown
 2255s|310200 |224469 | 41732k| 134.5 |   474M | 263 | 951 |5425 |5425 |   0 |  0 |   0 |  37 | 4.100000e+01 | 9.790000e+01 | 138.78%| unknown
 2256s|310300 |224545 | 41754k| 134.6 |   474M | 263 | 951 |5425 |5425 |   0 |  0 |   0 |  37 | 4.100000e+01 | 9.790000e+01 | 138.78%| unknown
 time | node  | left  |LP iter|LP it/n|mem/heur|mdpt |vars |cons |rows |cuts |sepa|confs|strbr|  dualbound   | primalbound  |  gap   | compl. 
 2257s|310400 |224619 | 41775k| 134.6 |   475M | 263 | 951 |5425 |5425 |   0 |  0 |   0 |  37 | 4.100000e+01 | 9.790000e+01 | 138.78%| unknown
 2258s|310500 |224685 | 41796k| 134.6 |   475M | 263 | 951 |5425 |5425 |   0 |  0 |   0 |  37 | 4.100000e+01 | 9.790000e+01 | 138.78%| unknown
 2259s|310600 |224741 | 41814k| 134.6 |   475M | 263 | 951 |5425 |5425 |   0 |  0 |   0 |  37 | 4.100000e+01 | 9.790000e+01 | 138.78%| unknown
 2261s|310700 |224811 | 41841k| 134.7 |   475M | 263 | 951 |5425 |5425 |   0 |  0 |   0 |  37 | 4.100000e+01 | 9.790000e+01 | 138.78%| unknown
 2261s|310800 |224893 | 41842k| 134.6 |   476M | 263 | 951 |5425 |5425 |   0 |  0 |   0 |  37 | 4.100000e+01 | 9.790000e+01 | 138.78%| unknown
 2261s|310900 |224955 | 41844k| 134.6 |   476M | 263 | 951 |5425 |5425 |   0 |  0 |   0 |  37 | 4.100000e+01 | 9.790000e+01 | 138.78%| unknown
 2262s|311000 |225037 | 41848k| 134.6 |   476M | 263 | 951 |5425 |5425 |   0 |  0 |   0 |  37 | 4.100000e+01 | 9.790000e+01 | 138.78%| unknown
 2262s|311100 |225119 | 41861k| 134.6 |   476M | 263 | 951 |5425 |5425 |   0 |  0 |   0 |  37 | 4.100000e+01 | 9.790000e+01 | 138.78%| unknown
 2263s|311200 |225189 | 41878k| 134.6 |   476M | 263 | 951 |5425 |5425 |   0 |  0 |   0 |  37 | 4.100000e+01 | 9.790000e+01 | 138.78%| unknown
 2265s|311300 |225255 | 41911k| 134.6 |   476M | 263 | 951 |5425 |5425 |   0 |  0 |   0 |  37 | 4.100000e+01 | 9.790000e+01 | 138.78%| unknown
 2266s|311400 |225327 | 41932k| 134.7 |   476M | 263 | 951 |5425 |5425 |   0 |  0 |   0 |  37 | 4.100000e+01 | 9.790000e+01 | 138.78%| unknown
 2267s|311500 |225395 | 41946k| 134.7 |   476M | 263 | 951 |5425 |5425 |   0 |  0 |   0 |  37 | 4.100000e+01 | 9.790000e+01 | 138.78%| unknown
 2268s|311600 |225461 | 41969k| 134.7 |   476M | 263 | 951 |5425 |5425 |   0 |  0 |   0 |  37 | 4.100000e+01 | 9.790000e+01 | 138.78%| unknown
 2269s|311700 |225529 | 41992k| 134.7 |   476M | 263 | 951 |5425 |5425 |   0 |  0 |   0 |  37 | 4.100000e+01 | 9.790000e+01 | 138.78%| unknown
 2270s|311800 |225589 | 42018k| 134.8 |   476M | 263 | 951 |5425 |5425 |   0 |  0 |   0 |  37 | 4.100000e+01 | 9.790000e+01 | 138.78%| unknown
 time | node  | left  |LP iter|LP it/n|mem/heur|mdpt |vars |cons |rows |cuts |sepa|confs|strbr|  dualbound   | primalbound  |  gap   | compl. 
 2271s|311900 |225667 | 42032k| 134.8 |   476M | 263 | 951 |5425 |5425 |   0 |  0 |   0 |  37 | 4.100000e+01 | 9.790000e+01 | 138.78%| unknown
 2271s|312000 |225733 | 42037k| 134.7 |   478M | 263 | 951 |5425 |5425 |   0 |  0 |   0 |  37 | 4.100000e+01 | 9.790000e+01 | 138.78%| unknown
 2271s|312100 |225805 | 42038k| 134.7 |   478M | 263 | 951 |5425 |5425 |   0 |  0 |   0 |  37 | 4.100000e+01 | 9.790000e+01 | 138.78%| unknown
 2272s|312200 |225883 | 42053k| 134.7 |   478M | 263 | 951 |5425 |5425 |   0 |  0 |   0 |  37 | 4.100000e+01 | 9.790000e+01 | 138.78%| unknown
 2273s|312300 |225951 | 42075k| 134.7 |   478M | 263 | 951 |5425 |5425 |   0 |  0 |   0 |  37 | 4.100000e+01 | 9.790000e+01 | 138.78%| unknown
 2274s|312400 |226025 | 42091k| 134.7 |   478M | 263 | 951 |5425 |5425 |   0 |  0 |   0 |  37 | 4.100000e+01 | 9.790000e+01 | 138.78%| unknown
 2274s|312500 |226099 | 42092k| 134.7 |   478M | 263 | 951 |5425 |5425 |   0 |  0 |   0 |  37 | 4.100000e+01 | 9.790000e+01 | 138.78%| unknown
 2275s|312600 |226177 | 42112k| 134.7 |   478M | 263 | 951 |5425 |5425 |   0 |  0 |   0 |  37 | 4.100000e+01 | 9.790000e+01 | 138.78%| unknown
 2277s|312700 |226253 | 42134k| 134.7 |   478M | 263 | 951 |5425 |5425 |   0 |  0 |   0 |  37 | 4.100000e+01 | 9.790000e+01 | 138.78%| unknown
 2278s|312800 |226325 | 42158k| 134.8 |   478M | 263 | 951 |5425 |5425 |   0 |  0 |   0 |  37 | 4.100000e+01 | 9.790000e+01 | 138.78%| unknown
 2279s|312900 |226411 | 42189k| 134.8 |   479M | 263 | 951 |5425 |5425 |   0 |  0 |   0 |  37 | 4.100000e+01 | 9.790000e+01 | 138.78%| unknown
 2280s|313000 |226475 | 42207k| 134.8 |   479M | 263 | 951 |5425 |5425 |   0 |  0 |   0 |  37 | 4.100000e+01 | 9.790000e+01 | 138.78%| unknown
 2281s|313100 |226541 | 42231k| 134.9 |   480M | 263 | 951 |5425 |5425 |   0 |  0 |   0 |  37 | 4.100000e+01 | 9.790000e+01 | 138.78%| unknown
 2282s|313200 |226601 | 42253k| 134.9 |   480M | 263 | 951 |5425 |5425 |   0 |  0 |   0 |  37 | 4.100000e+01 | 9.790000e+01 | 138.78%| unknown
 2284s|313300 |226679 | 42274k| 134.9 |   480M | 263 | 951 |5425 |5425 |   0 |  0 |   0 |  37 | 4.100000e+01 | 9.790000e+01 | 138.78%| unknown
 time | node  | left  |LP iter|LP it/n|mem/heur|mdpt |vars |cons |rows |cuts |sepa|confs|strbr|  dualbound   | primalbound  |  gap   | compl. 
 2285s|313400 |226745 | 42296k| 135.0 |   480M | 263 | 951 |5425 |5425 |   0 |  0 |   0 |  37 | 4.100000e+01 | 9.790000e+01 | 138.78%| unknown
 2285s|313500 |226815 | 42306k| 134.9 |   480M | 263 | 951 |5425 |5425 |   0 |  0 |   0 |  37 | 4.100000e+01 | 9.790000e+01 | 138.78%| unknown
 2287s|313600 |226877 | 42334k| 135.0 |   480M | 263 | 951 |5425 |5425 |   0 |  0 |   0 |  37 | 4.100000e+01 | 9.790000e+01 | 138.78%| unknown
 2288s|313700 |226953 | 42353k| 135.0 |   480M | 263 | 951 |5425 |5425 |   0 |  0 |   0 |  37 | 4.100000e+01 | 9.790000e+01 | 138.78%| unknown
 2288s|313800 |227021 | 42354k| 135.0 |   480M | 263 | 951 |5425 |5425 |   0 |  0 |   0 |  37 | 4.100000e+01 | 9.790000e+01 | 138.78%| unknown
 2289s|313900 |227093 | 42371k| 135.0 |   480M | 263 | 951 |5425 |5425 |   0 |  0 |   0 |  37 | 4.100000e+01 | 9.790000e+01 | 138.78%| unknown
 2290s|314000 |227173 | 42390k| 135.0 |   480M | 263 | 951 |5425 |5425 |   0 |  0 |   0 |  37 | 4.100000e+01 | 9.790000e+01 | 138.78%| unknown
 2291s|314100 |227237 | 42417k| 135.0 |   480M | 263 | 951 |5425 |5425 |   0 |  0 |   0 |  37 | 4.100000e+01 | 9.790000e+01 | 138.78%| unknown
 2292s|314200 |227307 | 42447k| 135.1 |   481M | 263 | 951 |5425 |5425 |   0 |  0 |   0 |  37 | 4.100000e+01 | 9.790000e+01 | 138.78%| unknown
 2293s|314300 |227365 | 42466k| 135.1 |   481M | 263 | 951 |5425 |5425 |   0 |  0 |   0 |  37 | 4.100000e+01 | 9.790000e+01 | 138.78%| unknown
 2295s|314400 |227433 | 42496k| 135.2 |   481M | 263 | 951 |5425 |5425 |   0 |  0 |   0 |  37 | 4.100000e+01 | 9.790000e+01 | 138.78%| unknown
 2296s|314500 |227497 | 42523k| 135.2 |   481M | 263 | 951 |5425 |5425 |   0 |  0 |   0 |  37 | 4.100000e+01 | 9.790000e+01 | 138.78%| unknown
 2297s|314600 |227565 | 42549k| 135.2 |   481M | 263 | 951 |5425 |5425 |   0 |  0 |   0 |  37 | 4.100000e+01 | 9.790000e+01 | 138.78%| unknown
 2298s|314700 |227647 | 42565k| 135.3 |   481M | 263 | 951 |5425 |5425 |   0 |  0 |   0 |  37 | 4.100000e+01 | 9.790000e+01 | 138.78%| unknown
 2299s|314800 |227713 | 42579k| 135.3 |   481M | 263 | 951 |5425 |5425 |   0 |  0 |   0 |  37 | 4.100000e+01 | 9.790000e+01 | 138.78%| unknown
 time | node  | left  |LP iter|LP it/n|mem/heur|mdpt |vars |cons |rows |cuts |sepa|confs|strbr|  dualbound   | primalbound  |  gap   | compl. 
 2300s|314900 |227793 | 42603k| 135.3 |   481M | 263 | 951 |5425 |5425 |   0 |  0 |   0 |  37 | 4.100000e+01 | 9.790000e+01 | 138.78%| unknown
 2301s|315000 |227861 | 42626k| 135.3 |   481M | 263 | 951 |5425 |5425 |   0 |  0 |   0 |  37 | 4.100000e+01 | 9.790000e+01 | 138.78%| unknown
 2302s|315100 |227937 | 42645k| 135.3 |   481M | 263 | 951 |5425 |5425 |   0 |  0 |   0 |  37 | 4.100000e+01 | 9.790000e+01 | 138.78%| unknown
 2303s|315200 |228009 | 42667k| 135.4 |   481M | 263 | 951 |5425 |5425 |   0 |  0 |   0 |  37 | 4.100000e+01 | 9.790000e+01 | 138.78%| unknown
 2305s|315300 |228077 | 42711k| 135.5 |   482M | 263 | 951 |5425 |5425 |   0 |  0 |   0 |  37 | 4.100000e+01 | 9.790000e+01 | 138.78%| unknown
 2306s|315400 |228157 | 42725k| 135.5 |   482M | 263 | 951 |5425 |5425 |   0 |  0 |   0 |  37 | 4.100000e+01 | 9.790000e+01 | 138.78%| unknown
 2306s|315500 |228247 | 42725k| 135.4 |   482M | 263 | 951 |5425 |5425 |   0 |  0 |   0 |  37 | 4.100000e+01 | 9.790000e+01 | 138.78%| unknown
 2307s|315600 |228337 | 42726k| 135.4 |   482M | 263 | 951 |5425 |5425 |   0 |  0 |   0 |  37 | 4.100000e+01 | 9.790000e+01 | 138.78%| unknown
 2307s|315700 |228413 | 42727k| 135.3 |   483M | 263 | 951 |5425 |5425 |   0 |  0 |   0 |  37 | 4.100000e+01 | 9.790000e+01 | 138.78%| unknown
 2307s|315800 |228497 | 42728k| 135.3 |   483M | 263 | 951 |5425 |5425 |   0 |  0 |   0 |  37 | 4.100000e+01 | 9.790000e+01 | 138.78%| unknown
 2307s|315900 |228581 | 42730k| 135.3 |   483M | 263 | 951 |5425 |5425 |   0 |  0 |   0 |  37 | 4.100000e+01 | 9.790000e+01 | 138.78%| unknown
 2309s|316000 |228669 | 42763k| 135.3 |   483M | 263 | 951 |5425 |5425 |   0 |  0 |   0 |  37 | 4.100000e+01 | 9.790000e+01 | 138.78%| unknown
 2310s|316100 |228747 | 42777k| 135.3 |   483M | 263 | 951 |5425 |5425 |   0 |  0 |   0 |  37 | 4.100000e+01 | 9.790000e+01 | 138.78%| unknown
 2311s|316200 |228833 | 42809k| 135.4 |   483M | 263 | 951 |5425 |5425 |   0 |  0 |   0 |  37 | 4.100000e+01 | 9.790000e+01 | 138.78%| unknown
 2313s|316300 |228909 | 42851k| 135.5 |   484M | 263 | 951 |5425 |5425 |   0 |  0 |   0 |  37 | 4.100000e+01 | 9.790000e+01 | 138.78%| unknown
 time | node  | left  |LP iter|LP it/n|mem/heur|mdpt |vars |cons |rows |cuts |sepa|confs|strbr|  dualbound   | primalbound  |  gap   | compl. 
 2315s|316400 |228985 | 42896k| 135.6 |   484M | 263 | 951 |5425 |5425 |   0 |  0 |   0 |  37 | 4.100000e+01 | 9.790000e+01 | 138.78%| unknown
 2316s|316500 |229071 | 42919k| 135.6 |   484M | 263 | 951 |5425 |5425 |   0 |  0 |   0 |  37 | 4.100000e+01 | 9.790000e+01 | 138.78%| unknown
 2317s|316600 |229145 | 42920k| 135.6 |   484M | 263 | 951 |5425 |5425 |   0 |  0 |   0 |  37 | 4.100000e+01 | 9.790000e+01 | 138.78%| unknown
 2317s|316700 |229223 | 42921k| 135.5 |   484M | 263 | 951 |5425 |5425 |   0 |  0 |   0 |  37 | 4.100000e+01 | 9.790000e+01 | 138.78%| unknown
 2317s|316800 |229289 | 42922k| 135.5 |   484M | 263 | 951 |5425 |5425 |   0 |  0 |   0 |  37 | 4.100000e+01 | 9.790000e+01 | 138.78%| unknown
 2317s|316900 |229367 | 42923k| 135.4 |   484M | 263 | 951 |5425 |5425 |   0 |  0 |   0 |  37 | 4.100000e+01 | 9.790000e+01 | 138.78%| unknown
 2317s|317000 |229459 | 42924k| 135.4 |   484M | 263 | 951 |5425 |5425 |   0 |  0 |   0 |  37 | 4.100000e+01 | 9.790000e+01 | 138.78%| unknown
 2317s|317100 |229549 | 42925k| 135.4 |   484M | 263 | 951 |5425 |5425 |   0 |  0 |   0 |  37 | 4.100000e+01 | 9.790000e+01 | 138.78%| unknown
 2318s|317200 |229639 | 42927k| 135.3 |   484M | 263 | 951 |5425 |5425 |   0 |  0 |   0 |  37 | 4.100000e+01 | 9.790000e+01 | 138.78%| unknown
 2318s|317300 |229729 | 42928k| 135.3 |   485M | 263 | 951 |5425 |5425 |   0 |  0 |   0 |  37 | 4.100000e+01 | 9.790000e+01 | 138.78%| unknown
 2318s|317400 |229823 | 42929k| 135.3 |   485M | 263 | 951 |5425 |5425 |   0 |  0 |   0 |  37 | 4.100000e+01 | 9.790000e+01 | 138.78%| unknown
 2318s|317500 |229919 | 42930k| 135.2 |   485M | 263 | 951 |5425 |5425 |   0 |  0 |   0 |  37 | 4.100000e+01 | 9.790000e+01 | 138.78%| unknown
 2318s|317600 |229997 | 42931k| 135.2 |   485M | 263 | 951 |5425 |5425 |   0 |  0 |   0 |  37 | 4.100000e+01 | 9.790000e+01 | 138.78%| unknown
 2319s|317700 |230083 | 42932k| 135.1 |   486M | 263 | 951 |5425 |5425 |   0 |  0 |   0 |  37 | 4.100000e+01 | 9.790000e+01 | 138.78%| unknown
 2319s|317800 |230167 | 42934k| 135.1 |   486M | 263 | 951 |5425 |5425 |   0 |  0 |   0 |  37 | 4.100000e+01 | 9.790000e+01 | 138.78%| unknown
 time | node  | left  |LP iter|LP it/n|mem/heur|mdpt |vars |cons |rows |cuts |sepa|confs|strbr|  dualbound   | primalbound  |  gap   | compl. 
 2319s|317900 |230241 | 42936k| 135.1 |   487M | 263 | 951 |5425 |5425 |   0 |  0 |   0 |  37 | 4.100000e+01 | 9.790000e+01 | 138.78%| unknown
 2320s|318000 |230305 | 42956k| 135.1 |   487M | 263 | 951 |5425 |5425 |   0 |  0 |   0 |  37 | 4.100000e+01 | 9.790000e+01 | 138.78%| unknown
 2322s|318100 |230387 | 42988k| 135.1 |   487M | 263 | 951 |5425 |5425 |   0 |  0 |   0 |  37 | 4.100000e+01 | 9.790000e+01 | 138.78%| unknown
 2324s|318200 |230455 | 43033k| 135.2 |   488M | 263 | 951 |5425 |5425 |   0 |  0 |   0 |  37 | 4.100000e+01 | 9.790000e+01 | 138.78%| unknown
 2326s|318300 |230527 | 43082k| 135.3 |   488M | 263 | 951 |5425 |5425 |   0 |  0 |   0 |  37 | 4.100000e+01 | 9.790000e+01 | 138.78%| unknown
 2326s|318400 |230601 | 43084k| 135.3 |   488M | 263 | 951 |5425 |5425 |   0 |  0 |   0 |  37 | 4.100000e+01 | 9.790000e+01 | 138.78%| unknown
 2326s|318500 |230687 | 43086k| 135.3 |   488M | 263 | 951 |5425 |5425 |   0 |  0 |   0 |  37 | 4.100000e+01 | 9.790000e+01 | 138.78%| unknown
 2327s|318600 |230755 | 43088k| 135.2 |   488M | 263 | 951 |5425 |5425 |   0 |  0 |   0 |  37 | 4.100000e+01 | 9.790000e+01 | 138.78%| unknown
 2327s|318700 |230815 | 43089k| 135.2 |   488M | 263 | 951 |5425 |5425 |   0 |  0 |   0 |  37 | 4.100000e+01 | 9.790000e+01 | 138.78%| unknown
 2327s|318800 |230897 | 43090k| 135.2 |   488M | 263 | 951 |5425 |5425 |   0 |  0 |   0 |  37 | 4.100000e+01 | 9.790000e+01 | 138.78%| unknown
 2327s|318900 |230981 | 43091k| 135.1 |   488M | 263 | 951 |5425 |5425 |   0 |  0 |   0 |  37 | 4.100000e+01 | 9.790000e+01 | 138.78%| unknown
 2327s|319000 |231057 | 43092k| 135.1 |   488M | 263 | 951 |5425 |5425 |   0 |  0 |   0 |  37 | 4.100000e+01 | 9.790000e+01 | 138.78%| unknown
 2328s|319100 |231125 | 43093k| 135.0 |   488M | 263 | 951 |5425 |5425 |   0 |  0 |   0 |  37 | 4.100000e+01 | 9.790000e+01 | 138.78%| unknown
 2328s|319200 |231209 | 43094k| 135.0 |   488M | 263 | 951 |5425 |5425 |   0 |  0 |   0 |  37 | 4.100000e+01 | 9.790000e+01 | 138.78%| unknown
 2330s|319300 |231279 | 43139k| 135.1 |   489M | 263 | 951 |5425 |5425 |   0 |  0 |   0 |  37 | 4.100000e+01 | 9.790000e+01 | 138.78%| unknown
 time | node  | left  |LP iter|LP it/n|mem/heur|mdpt |vars |cons |rows |cuts |sepa|confs|strbr|  dualbound   | primalbound  |  gap   | compl. 
 2332s|319400 |231351 | 43188k| 135.2 |   489M | 263 | 951 |5425 |5425 |   0 |  0 |   0 |  37 | 4.100000e+01 | 9.790000e+01 | 138.78%| unknown
 2335s|319500 |231421 | 43253k| 135.4 |   489M | 263 | 951 |5425 |5425 |   0 |  0 |   0 |  37 | 4.100000e+01 | 9.790000e+01 | 138.78%| unknown
 2337s|319600 |231505 | 43292k| 135.5 |   489M | 263 | 951 |5425 |5425 |   0 |  0 |   0 |  37 | 4.100000e+01 | 9.790000e+01 | 138.78%| unknown
 2338s|319700 |231581 | 43293k| 135.4 |   489M | 263 | 951 |5425 |5425 |   0 |  0 |   0 |  37 | 4.100000e+01 | 9.790000e+01 | 138.78%| unknown
 2338s|319800 |231663 | 43294k| 135.4 |   489M | 263 | 951 |5425 |5425 |   0 |  0 |   0 |  37 | 4.100000e+01 | 9.790000e+01 | 138.78%| unknown
 2338s|319900 |231749 | 43295k| 135.3 |   489M | 263 | 951 |5425 |5425 |   0 |  0 |   0 |  37 | 4.100000e+01 | 9.790000e+01 | 138.78%| unknown
 2338s|320000 |231829 | 43296k| 135.3 |   489M | 263 | 951 |5425 |5425 |   0 |  0 |   0 |  37 | 4.100000e+01 | 9.790000e+01 | 138.78%| unknown
 2338s|320100 |231909 | 43297k| 135.3 |   489M | 263 | 951 |5425 |5425 |   0 |  0 |   0 |  37 | 4.100000e+01 | 9.790000e+01 | 138.78%| unknown
 2338s|320200 |231989 | 43298k| 135.2 |   489M | 263 | 951 |5425 |5425 |   0 |  0 |   0 |  37 | 4.100000e+01 | 9.790000e+01 | 138.78%| unknown
 2339s|320300 |232069 | 43298k| 135.2 |   490M | 263 | 951 |5425 |5425 |   0 |  0 |   0 |  37 | 4.100000e+01 | 9.790000e+01 | 138.78%| unknown
 2339s|320400 |232153 | 43299k| 135.1 |   490M | 263 | 951 |5425 |5425 |   0 |  0 |   0 |  37 | 4.100000e+01 | 9.790000e+01 | 138.78%| unknown
 2342s|320500 |232229 | 43359k| 135.3 |   490M | 263 | 951 |5425 |5425 |   0 |  0 |   0 |  37 | 4.100000e+01 | 9.790000e+01 | 138.78%| unknown
 2345s|320600 |232297 | 43422k| 135.4 |   491M | 263 | 951 |5425 |5425 |   0 |  0 |   0 |  37 | 4.100000e+01 | 9.790000e+01 | 138.78%| unknown
 2347s|320700 |232359 | 43473k| 135.6 |   491M | 263 | 951 |5425 |5425 |   0 |  0 |   0 |  37 | 4.100000e+01 | 9.790000e+01 | 138.78%| unknown
 2349s|320800 |232421 | 43517k| 135.6 |   491M | 263 | 951 |5425 |5425 |   0 |  0 |   0 |  37 | 4.100000e+01 | 9.790000e+01 | 138.78%| unknown
 time | node  | left  |LP iter|LP it/n|mem/heur|mdpt |vars |cons |rows |cuts |sepa|confs|strbr|  dualbound   | primalbound  |  gap   | compl. 
 2351s|320900 |232479 | 43551k| 135.7 |   491M | 263 | 951 |5425 |5425 |   0 |  0 |   0 |  37 | 4.100000e+01 | 9.790000e+01 | 138.78%| unknown
 2354s|321000 |232543 | 43623k| 135.9 |   491M | 263 | 951 |5425 |5425 |   0 |  0 |   0 |  37 | 4.100000e+01 | 9.790000e+01 | 138.78%| unknown
 2357s|321100 |232611 | 43673k| 136.0 |   491M | 263 | 951 |5425 |5425 |   0 |  0 |   0 |  37 | 4.100000e+01 | 9.790000e+01 | 138.78%| unknown
 2359s|321200 |232679 | 43717k| 136.1 |   491M | 263 | 951 |5425 |5425 |   0 |  0 |   0 |  37 | 4.100000e+01 | 9.790000e+01 | 138.78%| unknown
 2361s|321300 |232747 | 43774k| 136.2 |   491M | 263 | 951 |5425 |5425 |   0 |  0 |   0 |  37 | 4.100000e+01 | 9.790000e+01 | 138.78%| unknown
 2364s|321400 |232815 | 43835k| 136.4 |   491M | 263 | 951 |5425 |5425 |   0 |  0 |   0 |  37 | 4.100000e+01 | 9.790000e+01 | 138.78%| unknown
 2366s|321500 |232893 | 43874k| 136.5 |   492M | 263 | 951 |5425 |5425 |   0 |  0 |   0 |  37 | 4.100000e+01 | 9.790000e+01 | 138.78%| unknown
 2367s|321600 |232967 | 43899k| 136.5 |   492M | 263 | 951 |5425 |5425 |   0 |  0 |   0 |  37 | 4.100000e+01 | 9.790000e+01 | 138.78%| unknown
 2369s|321700 |233029 | 43946k| 136.6 |   492M | 263 | 951 |5425 |5425 |   0 |  0 |   0 |  37 | 4.100000e+01 | 9.790000e+01 | 138.78%| unknown
 2371s|321800 |233107 | 43970k| 136.6 |   492M | 263 | 951 |5425 |5425 |   0 |  0 |   0 |  37 | 4.100000e+01 | 9.790000e+01 | 138.78%| unknown
 2372s|321900 |233185 | 43992k| 136.7 |   492M | 263 | 951 |5425 |5425 |   0 |  0 |   0 |  37 | 4.100000e+01 | 9.790000e+01 | 138.78%| unknown
 2373s|322000 |233255 | 44014k| 136.7 |   492M | 263 | 951 |5425 |5425 |   0 |  0 |   0 |  37 | 4.100000e+01 | 9.790000e+01 | 138.78%| unknown
 2374s|322100 |233327 | 44033k| 136.7 |   492M | 263 | 951 |5425 |5425 |   0 |  0 |   0 |  37 | 4.100000e+01 | 9.790000e+01 | 138.78%| unknown
 2375s|322200 |233397 | 44050k| 136.7 |   492M | 263 | 951 |5425 |5425 |   0 |  0 |   0 |  37 | 4.100000e+01 | 9.790000e+01 | 138.78%| unknown
 2376s|322300 |233469 | 44068k| 136.7 |   492M | 263 | 951 |5425 |5425 |   0 |  0 |   0 |  37 | 4.100000e+01 | 9.790000e+01 | 138.78%| unknown
 time | node  | left  |LP iter|LP it/n|mem/heur|mdpt |vars |cons |rows |cuts |sepa|confs|strbr|  dualbound   | primalbound  |  gap   | compl. 
 2376s|322400 |233539 | 44069k| 136.7 |   492M | 263 | 951 |5425 |5425 |   0 |  0 |   0 |  37 | 4.100000e+01 | 9.790000e+01 | 138.78%| unknown
 2376s|322500 |233615 | 44071k| 136.7 |   492M | 263 | 951 |5425 |5425 |   0 |  0 |   0 |  37 | 4.100000e+01 | 9.790000e+01 | 138.78%| unknown
 2376s|322600 |233679 | 44072k| 136.6 |   493M | 263 | 951 |5425 |5425 |   0 |  0 |   0 |  37 | 4.100000e+01 | 9.790000e+01 | 138.78%| unknown
 2376s|322700 |233751 | 44074k| 136.6 |   493M | 263 | 951 |5425 |5425 |   0 |  0 |   0 |  37 | 4.100000e+01 | 9.790000e+01 | 138.78%| unknown
 2377s|322800 |233815 | 44075k| 136.5 |   493M | 263 | 951 |5425 |5425 |   0 |  0 |   0 |  37 | 4.100000e+01 | 9.790000e+01 | 138.78%| unknown
 2377s|322900 |233901 | 44076k| 136.5 |   494M | 263 | 951 |5425 |5425 |   0 |  0 |   0 |  37 | 4.100000e+01 | 9.790000e+01 | 138.78%| unknown
 2377s|323000 |233969 | 44077k| 136.5 |   494M | 263 | 951 |5425 |5425 |   0 |  0 |   0 |  37 | 4.100000e+01 | 9.790000e+01 | 138.78%| unknown
 2377s|323100 |234043 | 44078k| 136.4 |   494M | 263 | 951 |5425 |5425 |   0 |  0 |   0 |  37 | 4.100000e+01 | 9.790000e+01 | 138.78%| unknown
 2377s|323200 |234121 | 44080k| 136.4 |   494M | 263 | 951 |5425 |5425 |   0 |  0 |   0 |  37 | 4.100000e+01 | 9.790000e+01 | 138.78%| unknown
 2377s|323300 |234179 | 44081k| 136.3 |   494M | 263 | 951 |5425 |5425 |   0 |  0 |   0 |  37 | 4.100000e+01 | 9.790000e+01 | 138.78%| unknown
 2378s|323400 |234255 | 44082k| 136.3 |   494M | 263 | 951 |5425 |5425 |   0 |  0 |   0 |  37 | 4.100000e+01 | 9.790000e+01 | 138.78%| unknown
 2378s|323500 |234321 | 44083k| 136.3 |   494M | 263 | 951 |5425 |5425 |   0 |  0 |   0 |  37 | 4.100000e+01 | 9.790000e+01 | 138.78%| unknown
 2378s|323600 |234397 | 44085k| 136.2 |   494M | 263 | 951 |5425 |5425 |   0 |  0 |   0 |  37 | 4.100000e+01 | 9.790000e+01 | 138.78%| unknown
 2378s|323700 |234463 | 44088k| 136.2 |   495M | 263 | 951 |5425 |5425 |   0 |  0 |   0 |  37 | 4.100000e+01 | 9.790000e+01 | 138.78%| unknown
 2380s|323800 |234533 | 44120k| 136.3 |   495M | 263 | 951 |5425 |5425 |   0 |  0 |   0 |  37 | 4.100000e+01 | 9.790000e+01 | 138.78%| unknown
 time | node  | left  |LP iter|LP it/n|mem/heur|mdpt |vars |cons |rows |cuts |sepa|confs|strbr|  dualbound   | primalbound  |  gap   | compl. 
 2380s|323900 |234595 | 44130k| 136.2 |   495M | 263 | 951 |5425 |5425 |   0 |  0 |   0 |  37 | 4.100000e+01 | 9.790000e+01 | 138.78%| unknown
 2381s|324000 |234665 | 44131k| 136.2 |   495M | 263 | 951 |5425 |5425 |   0 |  0 |   0 |  37 | 4.100000e+01 | 9.790000e+01 | 138.78%| unknown
 2381s|324100 |234737 | 44132k| 136.2 |   496M | 263 | 951 |5425 |5425 |   0 |  0 |   0 |  37 | 4.100000e+01 | 9.790000e+01 | 138.78%| unknown
 2381s|324200 |234811 | 44134k| 136.1 |   496M | 263 | 951 |5425 |5425 |   0 |  0 |   0 |  37 | 4.100000e+01 | 9.790000e+01 | 138.78%| unknown
 2381s|324300 |234877 | 44135k| 136.1 |   496M | 263 | 951 |5425 |5425 |   0 |  0 |   0 |  37 | 4.100000e+01 | 9.790000e+01 | 138.78%| unknown
 2381s|324400 |234959 | 44136k| 136.1 |   496M | 263 | 951 |5425 |5425 |   0 |  0 |   0 |  37 | 4.100000e+01 | 9.790000e+01 | 138.78%| unknown
 2381s|324500 |235019 | 44138k| 136.0 |   496M | 263 | 951 |5425 |5425 |   0 |  0 |   0 |  37 | 4.100000e+01 | 9.790000e+01 | 138.78%| unknown
 2382s|324600 |235095 | 44139k| 136.0 |   496M | 263 | 951 |5425 |5425 |   0 |  0 |   0 |  37 | 4.100000e+01 | 9.790000e+01 | 138.78%| unknown
 2382s|324700 |235163 | 44141k| 135.9 |   496M | 263 | 951 |5425 |5425 |   0 |  0 |   0 |  37 | 4.100000e+01 | 9.790000e+01 | 138.78%| unknown
 2383s|324800 |235231 | 44153k| 135.9 |   497M | 263 | 951 |5425 |5425 |   0 |  0 |   0 |  37 | 4.100000e+01 | 9.790000e+01 | 138.78%| unknown
 2383s|324900 |235301 | 44160k| 135.9 |   497M | 263 | 951 |5425 |5425 |   0 |  0 |   0 |  37 | 4.100000e+01 | 9.790000e+01 | 138.78%| unknown
 2383s|325000 |235379 | 44161k| 135.9 |   497M | 263 | 951 |5425 |5425 |   0 |  0 |   0 |  37 | 4.100000e+01 | 9.790000e+01 | 138.78%| unknown
 2383s|325100 |235459 | 44163k| 135.8 |   497M | 263 | 951 |5425 |5425 |   0 |  0 |   0 |  37 | 4.100000e+01 | 9.790000e+01 | 138.78%| unknown
 2384s|325200 |235517 | 44164k| 135.8 |   497M | 263 | 951 |5425 |5425 |   0 |  0 |   0 |  37 | 4.100000e+01 | 9.790000e+01 | 138.78%| unknown
 2384s|325300 |235591 | 44182k| 135.8 |   497M | 263 | 951 |5425 |5425 |   0 |  0 |   0 |  37 | 4.100000e+01 | 9.790000e+01 | 138.78%| unknown
 time | node  | left  |LP iter|LP it/n|mem/heur|mdpt |vars |cons |rows |cuts |sepa|confs|strbr|  dualbound   | primalbound  |  gap   | compl. 
 2385s|325400 |235659 | 44200k| 135.8 |   497M | 263 | 951 |5425 |5425 |   0 |  0 |   0 |  37 | 4.100000e+01 | 9.790000e+01 | 138.78%| unknown
 2386s|325500 |235731 | 44209k| 135.8 |   497M | 263 | 951 |5425 |5425 |   0 |  0 |   0 |  37 | 4.100000e+01 | 9.790000e+01 | 138.78%| unknown
 2386s|325600 |235795 | 44210k| 135.8 |   497M | 263 | 951 |5425 |5425 |   0 |  0 |   0 |  37 | 4.100000e+01 | 9.790000e+01 | 138.78%| unknown
 2386s|325700 |235855 | 44212k| 135.7 |   497M | 263 | 951 |5425 |5425 |   0 |  0 |   0 |  37 | 4.100000e+01 | 9.790000e+01 | 138.78%| unknown
 2386s|325800 |235927 | 44213k| 135.7 |   497M | 263 | 951 |5425 |5425 |   0 |  0 |   0 |  37 | 4.100000e+01 | 9.790000e+01 | 138.78%| unknown
 2387s|325900 |236015 | 44230k| 135.7 |   499M | 263 | 951 |5425 |5425 |   0 |  0 |   0 |  37 | 4.100000e+01 | 9.790000e+01 | 138.78%| unknown
 2389s|326000 |236081 | 44262k| 135.8 |   507M | 263 | 951 |5425 |5425 |   0 |  0 |   0 |  37 | 4.100000e+01 | 9.790000e+01 | 138.78%| unknown
 2390s|326100 |236155 | 44284k| 135.8 |   507M | 263 | 951 |5425 |5425 |   0 |  0 |   0 |  37 | 4.100000e+01 | 9.790000e+01 | 138.78%| unknown
 2392s|326200 |236217 | 44322k| 135.9 |   507M | 263 | 951 |5425 |5425 |   0 |  0 |   0 |  37 | 4.100000e+01 | 9.790000e+01 | 138.78%| unknown
 2393s|326300 |236281 | 44346k| 135.9 |   507M | 263 | 951 |5425 |5425 |   0 |  0 |   0 |  37 | 4.100000e+01 | 9.790000e+01 | 138.78%| unknown
 2394s|326400 |236329 | 44370k| 135.9 |   507M | 263 | 951 |5425 |5425 |   0 |  0 |   0 |  37 | 4.100000e+01 | 9.790000e+01 | 138.78%| unknown
 2396s|326500 |236401 | 44392k| 136.0 |   507M | 263 | 951 |5425 |5425 |   0 |  0 |   0 |  37 | 4.100000e+01 | 9.790000e+01 | 138.78%| unknown
 2396s|326600 |236481 | 44404k| 136.0 |   507M | 263 | 951 |5425 |5425 |   0 |  0 |   0 |  37 | 4.100000e+01 | 9.790000e+01 | 138.78%| unknown
 2397s|326700 |236553 | 44414k| 135.9 |   507M | 263 | 951 |5425 |5425 |   0 |  0 |   0 |  37 | 4.100000e+01 | 9.790000e+01 | 138.78%| unknown
 2397s|326800 |236613 | 44415k| 135.9 |   507M | 263 | 951 |5425 |5425 |   0 |  0 |   0 |  37 | 4.100000e+01 | 9.790000e+01 | 138.78%| unknown
 time | node  | left  |LP iter|LP it/n|mem/heur|mdpt |vars |cons |rows |cuts |sepa|confs|strbr|  dualbound   | primalbound  |  gap   | compl. 
 2397s|326900 |236683 | 44417k| 135.9 |   507M | 263 | 951 |5425 |5425 |   0 |  0 |   0 |  37 | 4.100000e+01 | 9.790000e+01 | 138.78%| unknown
 2397s|327000 |236751 | 44419k| 135.8 |   507M | 263 | 951 |5425 |5425 |   0 |  0 |   0 |  37 | 4.100000e+01 | 9.790000e+01 | 138.78%| unknown
 2398s|327100 |236827 | 44424k| 135.8 |   508M | 263 | 951 |5425 |5425 |   0 |  0 |   0 |  37 | 4.100000e+01 | 9.790000e+01 | 138.78%| unknown
 2399s|327200 |236891 | 44444k| 135.8 |   508M | 263 | 951 |5425 |5425 |   0 |  0 |   0 |  37 | 4.100000e+01 | 9.790000e+01 | 138.78%| unknown
 2400s|327300 |236959 | 44478k| 135.9 |   508M | 263 | 951 |5425 |5425 |   0 |  0 |   0 |  37 | 4.100000e+01 | 9.790000e+01 | 138.78%| unknown
 2401s|327400 |237031 | 44499k| 135.9 |   508M | 263 | 951 |5425 |5425 |   0 |  0 |   0 |  37 | 4.100000e+01 | 9.790000e+01 | 138.78%| unknown
 2403s|327500 |237111 | 44526k| 136.0 |   508M | 263 | 951 |5425 |5425 |   0 |  0 |   0 |  37 | 4.100000e+01 | 9.790000e+01 | 138.78%| unknown
 2404s|327600 |237185 | 44545k| 136.0 |   508M | 263 | 951 |5425 |5425 |   0 |  0 |   0 |  37 | 4.100000e+01 | 9.790000e+01 | 138.78%| unknown
 2405s|327700 |237263 | 44563k| 136.0 |   508M | 263 | 951 |5425 |5425 |   0 |  0 |   0 |  37 | 4.100000e+01 | 9.790000e+01 | 138.78%| unknown
 2406s|327800 |237345 | 44580k| 136.0 |   508M | 263 | 951 |5425 |5425 |   0 |  0 |   0 |  37 | 4.100000e+01 | 9.790000e+01 | 138.78%| unknown
 2407s|327900 |237411 | 44603k| 136.0 |   508M | 263 | 951 |5425 |5425 |   0 |  0 |   0 |  37 | 4.100000e+01 | 9.790000e+01 | 138.78%| unknown
 2408s|328000 |237487 | 44621k| 136.0 |   508M | 263 | 951 |5425 |5425 |   0 |  0 |   0 |  37 | 4.100000e+01 | 9.790000e+01 | 138.78%| unknown
 2409s|328100 |237563 | 44650k| 136.1 |   508M | 263 | 951 |5425 |5425 |   0 |  0 |   0 |  37 | 4.100000e+01 | 9.790000e+01 | 138.78%| unknown
 2411s|328200 |237625 | 44675k| 136.1 |   510M | 263 | 951 |5425 |5425 |   0 |  0 |   0 |  37 | 4.100000e+01 | 9.790000e+01 | 138.78%| unknown
 2411s|328300 |237697 | 44688k| 136.1 |   510M | 263 | 951 |5425 |5425 |   0 |  0 |   0 |  37 | 4.100000e+01 | 9.790000e+01 | 138.78%| unknown
 time | node  | left  |LP iter|LP it/n|mem/heur|mdpt |vars |cons |rows |cuts |sepa|confs|strbr|  dualbound   | primalbound  |  gap   | compl. 
 2411s|328400 |237759 | 44691k| 136.1 |   510M | 263 | 951 |5425 |5425 |   0 |  0 |   0 |  37 | 4.100000e+01 | 9.790000e+01 | 138.78%| unknown
 2412s|328500 |237817 | 44692k| 136.0 |   510M | 263 | 951 |5425 |5425 |   0 |  0 |   0 |  37 | 4.100000e+01 | 9.790000e+01 | 138.78%| unknown
 2412s|328600 |237885 | 44694k| 136.0 |   510M | 263 | 951 |5425 |5425 |   0 |  0 |   0 |  37 | 4.100000e+01 | 9.790000e+01 | 138.78%| unknown
 2412s|328700 |237955 | 44695k| 136.0 |   510M | 263 | 951 |5425 |5425 |   0 |  0 |   0 |  37 | 4.100000e+01 | 9.790000e+01 | 138.78%| unknown
 2412s|328800 |238027 | 44697k| 135.9 |   510M | 263 | 951 |5425 |5425 |   0 |  0 |   0 |  37 | 4.100000e+01 | 9.790000e+01 | 138.78%| unknown
 2412s|328900 |238089 | 44699k| 135.9 |   510M | 263 | 951 |5425 |5425 |   0 |  0 |   0 |  37 | 4.100000e+01 | 9.790000e+01 | 138.78%| unknown
 2413s|329000 |238161 | 44700k| 135.9 |   510M | 263 | 951 |5425 |5425 |   0 |  0 |   0 |  37 | 4.100000e+01 | 9.790000e+01 | 138.78%| unknown
 2413s|329100 |238225 | 44701k| 135.8 |   510M | 263 | 951 |5425 |5425 |   0 |  0 |   0 |  37 | 4.100000e+01 | 9.790000e+01 | 138.78%| unknown
 2413s|329200 |238293 | 44703k| 135.8 |   510M | 263 | 951 |5425 |5425 |   0 |  0 |   0 |  37 | 4.100000e+01 | 9.790000e+01 | 138.78%| unknown
 2413s|329300 |238355 | 44704k| 135.8 |   510M | 263 | 951 |5425 |5425 |   0 |  0 |   0 |  37 | 4.100000e+01 | 9.790000e+01 | 138.78%| unknown
 2413s|329400 |238425 | 44705k| 135.7 |   511M | 263 | 951 |5425 |5425 |   0 |  0 |   0 |  37 | 4.100000e+01 | 9.790000e+01 | 138.78%| unknown
 2414s|329500 |238481 | 44707k| 135.7 |   511M | 263 | 951 |5425 |5425 |   0 |  0 |   0 |  37 | 4.100000e+01 | 9.790000e+01 | 138.78%| unknown
 2414s|329600 |238549 | 44725k| 135.7 |   511M | 263 | 951 |5425 |5425 |   0 |  0 |   0 |  37 | 4.100000e+01 | 9.790000e+01 | 138.78%| unknown
 2416s|329700 |238617 | 44747k| 135.7 |   511M | 263 | 951 |5425 |5425 |   0 |  0 |   0 |  37 | 4.100000e+01 | 9.790000e+01 | 138.78%| unknown
 2417s|329800 |238679 | 44784k| 135.8 |   511M | 263 | 951 |5425 |5425 |   0 |  0 |   0 |  37 | 4.100000e+01 | 9.790000e+01 | 138.78%| unknown
 time | node  | left  |LP iter|LP it/n|mem/heur|mdpt |vars |cons |rows |cuts |sepa|confs|strbr|  dualbound   | primalbound  |  gap   | compl. 
 2418s|329900 |238753 | 44794k| 135.8 |   511M | 263 | 951 |5425 |5425 |   0 |  0 |   0 |  37 | 4.100000e+01 | 9.790000e+01 | 138.78%| unknown
 2419s|330000 |238815 | 44816k| 135.8 |   511M | 263 | 951 |5425 |5425 |   0 |  0 |   0 |  37 | 4.100000e+01 | 9.790000e+01 | 138.78%| unknown
 2419s|330100 |238877 | 44824k| 135.8 |   511M | 263 | 951 |5425 |5425 |   0 |  0 |   0 |  37 | 4.100000e+01 | 9.790000e+01 | 138.78%| unknown
 2420s|330200 |238947 | 44826k| 135.8 |   511M | 263 | 951 |5425 |5425 |   0 |  0 |   0 |  37 | 4.100000e+01 | 9.790000e+01 | 138.78%| unknown
 2420s|330300 |239007 | 44827k| 135.7 |   511M | 263 | 951 |5425 |5425 |   0 |  0 |   0 |  37 | 4.100000e+01 | 9.790000e+01 | 138.78%| unknown
 2420s|330400 |239071 | 44829k| 135.7 |   511M | 263 | 951 |5425 |5425 |   0 |  0 |   0 |  37 | 4.100000e+01 | 9.790000e+01 | 138.78%| unknown
 2420s|330500 |239133 | 44831k| 135.6 |   511M | 263 | 951 |5425 |5425 |   0 |  0 |   0 |  37 | 4.100000e+01 | 9.790000e+01 | 138.78%| unknown
 2420s|330600 |239193 | 44832k| 135.6 |   512M | 263 | 951 |5425 |5425 |   0 |  0 |   0 |  37 | 4.100000e+01 | 9.790000e+01 | 138.78%| unknown
 2421s|330700 |239263 | 44834k| 135.6 |   513M | 263 | 951 |5425 |5425 |   0 |  0 |   0 |  37 | 4.100000e+01 | 9.790000e+01 | 138.78%| unknown
 2421s|330800 |239333 | 44835k| 135.5 |   513M | 263 | 951 |5425 |5425 |   0 |  0 |   0 |  37 | 4.100000e+01 | 9.790000e+01 | 138.78%| unknown
 2421s|330900 |239409 | 44836k| 135.5 |   513M | 263 | 951 |5425 |5425 |   0 |  0 |   0 |  37 | 4.100000e+01 | 9.790000e+01 | 138.78%| unknown
 2421s|331000 |239473 | 44838k| 135.5 |   513M | 263 | 951 |5425 |5425 |   0 |  0 |   0 |  37 | 4.100000e+01 | 9.790000e+01 | 138.78%| unknown
 2421s|331100 |239533 | 44840k| 135.4 |   513M | 263 | 951 |5425 |5425 |   0 |  0 |   0 |  37 | 4.100000e+01 | 9.790000e+01 | 138.78%| unknown
 2422s|331200 |239609 | 44842k| 135.4 |   513M | 263 | 951 |5425 |5425 |   0 |  0 |   0 |  37 | 4.100000e+01 | 9.790000e+01 | 138.78%| unknown
 2422s|331300 |239679 | 44843k| 135.4 |   513M | 263 | 951 |5425 |5425 |   0 |  0 |   0 |  37 | 4.100000e+01 | 9.790000e+01 | 138.78%| unknown
 time | node  | left  |LP iter|LP it/n|mem/heur|mdpt |vars |cons |rows |cuts |sepa|confs|strbr|  dualbound   | primalbound  |  gap   | compl. 
 2422s|331400 |239755 | 44845k| 135.3 |   514M | 263 | 951 |5425 |5425 |   0 |  0 |   0 |  37 | 4.100000e+01 | 9.790000e+01 | 138.78%| unknown
 2422s|331500 |239823 | 44846k| 135.3 |   514M | 263 | 951 |5425 |5425 |   0 |  0 |   0 |  37 | 4.100000e+01 | 9.790000e+01 | 138.78%| unknown
 2422s|331600 |239869 | 44848k| 135.2 |   514M | 263 | 951 |5425 |5425 |   0 |  0 |   0 |  37 | 4.100000e+01 | 9.790000e+01 | 138.78%| unknown
 2423s|331700 |239943 | 44849k| 135.2 |   514M | 263 | 951 |5425 |5425 |   0 |  0 |   0 |  37 | 4.100000e+01 | 9.790000e+01 | 138.78%| unknown
 2423s|331800 |240025 | 44850k| 135.2 |   515M | 263 | 951 |5425 |5425 |   0 |  0 |   0 |  37 | 4.100000e+01 | 9.790000e+01 | 138.78%| unknown
 2423s|331900 |240091 | 44852k| 135.1 |   515M | 263 | 951 |5425 |5425 |   0 |  0 |   0 |  37 | 4.100000e+01 | 9.790000e+01 | 138.78%| unknown
 2423s|332000 |240153 | 44853k| 135.1 |   515M | 263 | 951 |5425 |5425 |   0 |  0 |   0 |  37 | 4.100000e+01 | 9.790000e+01 | 138.78%| unknown
 2423s|332100 |240215 | 44855k| 135.1 |   515M | 263 | 951 |5425 |5425 |   0 |  0 |   0 |  37 | 4.100000e+01 | 9.790000e+01 | 138.78%| unknown
 2423s|332200 |240273 | 44856k| 135.0 |   515M | 263 | 951 |5425 |5425 |   0 |  0 |   0 |  37 | 4.100000e+01 | 9.790000e+01 | 138.78%| unknown
 2424s|332300 |240341 | 44857k| 135.0 |   515M | 263 | 951 |5425 |5425 |   0 |  0 |   0 |  37 | 4.100000e+01 | 9.790000e+01 | 138.78%| unknown
 2424s|332400 |240405 | 44859k| 135.0 |   515M | 263 | 951 |5425 |5425 |   0 |  0 |   0 |  37 | 4.100000e+01 | 9.790000e+01 | 138.78%| unknown
 2424s|332500 |240483 | 44860k| 134.9 |   515M | 263 | 951 |5425 |5425 |   0 |  0 |   0 |  37 | 4.100000e+01 | 9.790000e+01 | 138.78%| unknown
 2424s|332600 |240547 | 44862k| 134.9 |   515M | 263 | 951 |5425 |5425 |   0 |  0 |   0 |  37 | 4.100000e+01 | 9.790000e+01 | 138.78%| unknown
 2425s|332700 |240607 | 44872k| 134.9 |   515M | 263 | 951 |5425 |5425 |   0 |  0 |   0 |  37 | 4.100000e+01 | 9.790000e+01 | 138.78%| unknown
 2426s|332800 |240685 | 44900k| 134.9 |   516M | 263 | 951 |5425 |5425 |   0 |  0 |   0 |  37 | 4.100000e+01 | 9.790000e+01 | 138.78%| unknown
 time | node  | left  |LP iter|LP it/n|mem/heur|mdpt |vars |cons |rows |cuts |sepa|confs|strbr|  dualbound   | primalbound  |  gap   | compl. 
 2427s|332900 |240755 | 44920k| 134.9 |   516M | 263 | 951 |5425 |5425 |   0 |  0 |   0 |  37 | 4.100000e+01 | 9.790000e+01 | 138.78%| unknown
 2429s|333000 |240817 | 44953k| 135.0 |   517M | 263 | 951 |5425 |5425 |   0 |  0 |   0 |  37 | 4.100000e+01 | 9.790000e+01 | 138.78%| unknown
 2430s|333100 |240879 | 44985k| 135.0 |   517M | 263 | 951 |5425 |5425 |   0 |  0 |   0 |  37 | 4.100000e+01 | 9.790000e+01 | 138.78%| unknown
 2431s|333200 |240957 | 45006k| 135.1 |   517M | 263 | 951 |5425 |5425 |   0 |  0 |   0 |  37 | 4.100000e+01 | 9.790000e+01 | 138.78%| unknown
 2432s|333300 |241033 | 45032k| 135.1 |   517M | 263 | 951 |5425 |5425 |   0 |  0 |   0 |  37 | 4.100000e+01 | 9.790000e+01 | 138.78%| unknown
 2434s|333400 |241105 | 45054k| 135.1 |   517M | 263 | 951 |5425 |5425 |   0 |  0 |   0 |  37 | 4.100000e+01 | 9.790000e+01 | 138.78%| unknown
 2435s|333500 |241173 | 45073k| 135.2 |   517M | 263 | 951 |5425 |5425 |   0 |  0 |   0 |  37 | 4.100000e+01 | 9.790000e+01 | 138.78%| unknown
 2435s|333600 |241253 | 45087k| 135.2 |   517M | 263 | 951 |5425 |5425 |   0 |  0 |   0 |  37 | 4.100000e+01 | 9.790000e+01 | 138.78%| unknown
 2437s|333700 |241301 | 45114k| 135.2 |   517M | 263 | 951 |5425 |5425 |   0 |  0 |   0 |  37 | 4.100000e+01 | 9.790000e+01 | 138.78%| unknown
 2437s|333800 |241371 | 45131k| 135.2 |   517M | 263 | 951 |5425 |5425 |   0 |  0 |   0 |  37 | 4.100000e+01 | 9.790000e+01 | 138.78%| unknown
 2439s|333900 |241457 | 45156k| 135.2 |   517M | 263 | 951 |5425 |5425 |   0 |  0 |   0 |  37 | 4.100000e+01 | 9.790000e+01 | 138.78%| unknown
 2439s|334000 |241535 | 45168k| 135.2 |   517M | 263 | 951 |5425 |5425 |   0 |  0 |   0 |  37 | 4.100000e+01 | 9.790000e+01 | 138.78%| unknown
 2440s|334100 |241597 | 45186k| 135.2 |   518M | 263 | 951 |5425 |5425 |   0 |  0 |   0 |  37 | 4.100000e+01 | 9.790000e+01 | 138.78%| unknown
 2441s|334200 |241657 | 45208k| 135.3 |   518M | 263 | 951 |5425 |5425 |   0 |  0 |   0 |  37 | 4.100000e+01 | 9.790000e+01 | 138.78%| unknown
 2442s|334300 |241727 | 45220k| 135.3 |   518M | 263 | 951 |5425 |5425 |   0 |  0 |   0 |  37 | 4.100000e+01 | 9.790000e+01 | 138.78%| unknown
 time | node  | left  |LP iter|LP it/n|mem/heur|mdpt |vars |cons |rows |cuts |sepa|confs|strbr|  dualbound   | primalbound  |  gap   | compl. 
 2443s|334400 |241791 | 45246k| 135.3 |   518M | 263 | 951 |5425 |5425 |   0 |  0 |   0 |  37 | 4.100000e+01 | 9.790000e+01 | 138.78%| unknown
 2444s|334500 |241871 | 45260k| 135.3 |   518M | 263 | 951 |5425 |5425 |   0 |  0 |   0 |  37 | 4.100000e+01 | 9.790000e+01 | 138.78%| unknown
 2445s|334600 |241941 | 45289k| 135.4 |   518M | 263 | 951 |5425 |5425 |   0 |  0 |   0 |  37 | 4.100000e+01 | 9.790000e+01 | 138.78%| unknown
 2447s|334700 |242005 | 45317k| 135.4 |   518M | 263 | 951 |5425 |5425 |   0 |  0 |   0 |  37 | 4.100000e+01 | 9.790000e+01 | 138.78%| unknown
 2448s|334800 |242067 | 45342k| 135.4 |   518M | 263 | 951 |5425 |5425 |   0 |  0 |   0 |  37 | 4.100000e+01 | 9.790000e+01 | 138.78%| unknown
 2450s|334900 |242121 | 45376k| 135.5 |   518M | 263 | 951 |5425 |5425 |   0 |  0 |   0 |  37 | 4.100000e+01 | 9.790000e+01 | 138.78%| unknown
 2451s|335000 |242197 | 45406k| 135.5 |   518M | 263 | 951 |5425 |5425 |   0 |  0 |   0 |  37 | 4.100000e+01 | 9.790000e+01 | 138.78%| unknown
 2452s|335100 |242287 | 45421k| 135.5 |   518M | 263 | 951 |5425 |5425 |   0 |  0 |   0 |  37 | 4.100000e+01 | 9.790000e+01 | 138.78%| unknown
 2453s|335200 |242353 | 45444k| 135.6 |   519M | 263 | 951 |5425 |5425 |   0 |  0 |   0 |  37 | 4.100000e+01 | 9.790000e+01 | 138.78%| unknown
 2454s|335300 |242421 | 45462k| 135.6 |   519M | 263 | 951 |5425 |5425 |   0 |  0 |   0 |  37 | 4.100000e+01 | 9.790000e+01 | 138.78%| unknown
 2455s|335400 |242495 | 45483k| 135.6 |   519M | 263 | 951 |5425 |5425 |   0 |  0 |   0 |  37 | 4.100000e+01 | 9.790000e+01 | 138.78%| unknown
 2456s|335500 |242561 | 45503k| 135.6 |   519M | 263 | 951 |5425 |5425 |   0 |  0 |   0 |  37 | 4.100000e+01 | 9.790000e+01 | 138.78%| unknown
 2457s|335600 |242635 | 45518k| 135.6 |   519M | 263 | 951 |5425 |5425 |   0 |  0 |   0 |  37 | 4.100000e+01 | 9.790000e+01 | 138.78%| unknown
 2458s|335700 |242713 | 45538k| 135.6 |   519M | 263 | 951 |5425 |5425 |   0 |  0 |   0 |  37 | 4.100000e+01 | 9.790000e+01 | 138.78%| unknown
 2459s|335800 |242781 | 45557k| 135.7 |   519M | 263 | 951 |5425 |5425 |   0 |  0 |   0 |  37 | 4.100000e+01 | 9.790000e+01 | 138.78%| unknown
 time | node  | left  |LP iter|LP it/n|mem/heur|mdpt |vars |cons |rows |cuts |sepa|confs|strbr|  dualbound   | primalbound  |  gap   | compl. 
 2460s|335900 |242859 | 45574k| 135.7 |   519M | 263 | 951 |5425 |5425 |   0 |  0 |   0 |  37 | 4.100000e+01 | 9.790000e+01 | 138.78%| unknown
 2461s|336000 |242939 | 45595k| 135.7 |   519M | 263 | 951 |5425 |5425 |   0 |  0 |   0 |  37 | 4.100000e+01 | 9.790000e+01 | 138.78%| unknown
 2461s|336100 |243021 | 45608k| 135.7 |   519M | 263 | 951 |5425 |5425 |   0 |  0 |   0 |  37 | 4.100000e+01 | 9.790000e+01 | 138.78%| unknown
 2462s|336200 |243093 | 45627k| 135.7 |   519M | 263 | 951 |5425 |5425 |   0 |  0 |   0 |  37 | 4.100000e+01 | 9.790000e+01 | 138.78%| unknown
 2463s|336300 |243153 | 45646k| 135.7 |   520M | 263 | 951 |5425 |5425 |   0 |  0 |   0 |  37 | 4.100000e+01 | 9.790000e+01 | 138.78%| unknown
 2465s|336400 |243229 | 45676k| 135.8 |   520M | 263 | 951 |5425 |5425 |   0 |  0 |   0 |  37 | 4.100000e+01 | 9.790000e+01 | 138.78%| unknown
 2466s|336500 |243305 | 45707k| 135.8 |   520M | 263 | 951 |5425 |5425 |   0 |  0 |   0 |  37 | 4.100000e+01 | 9.790000e+01 | 138.78%| unknown
 2468s|336600 |243381 | 45734k| 135.9 |   520M | 263 | 951 |5425 |5425 |   0 |  0 |   0 |  37 | 4.100000e+01 | 9.790000e+01 | 138.78%| unknown
 2468s|336700 |243461 | 45750k| 135.9 |   520M | 263 | 951 |5425 |5425 |   0 |  0 |   0 |  37 | 4.100000e+01 | 9.790000e+01 | 138.78%| unknown
 2469s|336800 |243529 | 45767k| 135.9 |   521M | 263 | 951 |5425 |5425 |   0 |  0 |   0 |  37 | 4.100000e+01 | 9.790000e+01 | 138.78%| unknown
 2470s|336900 |243591 | 45773k| 135.9 |   521M | 263 | 951 |5425 |5425 |   0 |  0 |   0 |  37 | 4.100000e+01 | 9.790000e+01 | 138.78%| unknown
 2470s|337000 |243663 | 45774k| 135.8 |   521M | 263 | 951 |5425 |5425 |   0 |  0 |   0 |  37 | 4.100000e+01 | 9.790000e+01 | 138.78%| unknown
 2470s|337100 |243739 | 45783k| 135.8 |   522M | 263 | 951 |5425 |5425 |   0 |  0 |   0 |  37 | 4.100000e+01 | 9.790000e+01 | 138.78%| unknown
 2471s|337200 |243813 | 45807k| 135.8 |   522M | 263 | 951 |5425 |5425 |   0 |  0 |   0 |  37 | 4.100000e+01 | 9.790000e+01 | 138.78%| unknown
 2472s|337300 |243875 | 45822k| 135.8 |   522M | 263 | 951 |5425 |5425 |   0 |  0 |   0 |  37 | 4.100000e+01 | 9.790000e+01 | 138.78%| unknown
 time | node  | left  |LP iter|LP it/n|mem/heur|mdpt |vars |cons |rows |cuts |sepa|confs|strbr|  dualbound   | primalbound  |  gap   | compl. 
 2473s|337400 |243937 | 45839k| 135.9 |   523M | 263 | 951 |5425 |5425 |   0 |  0 |   0 |  37 | 4.100000e+01 | 9.790000e+01 | 138.78%| unknown
 2474s|337500 |244021 | 45860k| 135.9 |   523M | 263 | 951 |5425 |5425 |   0 |  0 |   0 |  37 | 4.100000e+01 | 9.790000e+01 | 138.78%| unknown
 2475s|337600 |244101 | 45873k| 135.9 |   523M | 263 | 951 |5425 |5425 |   0 |  0 |   0 |  37 | 4.100000e+01 | 9.790000e+01 | 138.78%| unknown
 2476s|337700 |244177 | 45891k| 135.9 |   523M | 263 | 951 |5425 |5425 |   0 |  0 |   0 |  37 | 4.100000e+01 | 9.790000e+01 | 138.78%| unknown
 2477s|337800 |244255 | 45908k| 135.9 |   523M | 263 | 951 |5425 |5425 |   0 |  0 |   0 |  37 | 4.100000e+01 | 9.790000e+01 | 138.78%| unknown
 2479s|337900 |244315 | 45962k| 136.0 |   523M | 263 | 951 |5425 |5425 |   0 |  0 |   0 |  37 | 4.100000e+01 | 9.790000e+01 | 138.78%| unknown
 2481s|338000 |244381 | 45992k| 136.1 |   523M | 263 | 951 |5425 |5425 |   0 |  0 |   0 |  37 | 4.100000e+01 | 9.790000e+01 | 138.78%| unknown
 2481s|338100 |244455 | 46006k| 136.1 |   523M | 263 | 951 |5425 |5425 |   0 |  0 |   0 |  37 | 4.100000e+01 | 9.790000e+01 | 138.78%| unknown
 2483s|338200 |244509 | 46038k| 136.1 |   523M | 263 | 951 |5425 |5425 |   0 |  0 |   0 |  37 | 4.100000e+01 | 9.790000e+01 | 138.78%| unknown
 2484s|338300 |244581 | 46056k| 136.1 |   523M | 263 | 951 |5425 |5425 |   0 |  0 |   0 |  37 | 4.100000e+01 | 9.790000e+01 | 138.78%| unknown
 2485s|338400 |244643 | 46075k| 136.2 |   523M | 263 | 951 |5425 |5425 |   0 |  0 |   0 |  37 | 4.100000e+01 | 9.790000e+01 | 138.78%| unknown
 2485s|338500 |244703 | 46077k| 136.1 |   523M | 263 | 951 |5425 |5425 |   0 |  0 |   0 |  37 | 4.100000e+01 | 9.790000e+01 | 138.78%| unknown
 2485s|338600 |244779 | 46078k| 136.1 |   524M | 263 | 951 |5425 |5425 |   0 |  0 |   0 |  37 | 4.100000e+01 | 9.790000e+01 | 138.78%| unknown
 2485s|338700 |244835 | 46080k| 136.0 |   524M | 263 | 951 |5425 |5425 |   0 |  0 |   0 |  37 | 4.100000e+01 | 9.790000e+01 | 138.78%| unknown
 2486s|338800 |244897 | 46082k| 136.0 |   524M | 263 | 951 |5425 |5425 |   0 |  0 |   0 |  37 | 4.100000e+01 | 9.790000e+01 | 138.78%| unknown
 time | node  | left  |LP iter|LP it/n|mem/heur|mdpt |vars |cons |rows |cuts |sepa|confs|strbr|  dualbound   | primalbound  |  gap   | compl. 
 2486s|338900 |244965 | 46083k| 136.0 |   524M | 263 | 951 |5425 |5425 |   0 |  0 |   0 |  37 | 4.100000e+01 | 9.790000e+01 | 138.78%| unknown
 2486s|339000 |245031 | 46084k| 135.9 |   524M | 263 | 951 |5425 |5425 |   0 |  0 |   0 |  37 | 4.100000e+01 | 9.790000e+01 | 138.78%| unknown
 2486s|339100 |245107 | 46086k| 135.9 |   525M | 263 | 951 |5425 |5425 |   0 |  0 |   0 |  37 | 4.100000e+01 | 9.790000e+01 | 138.78%| unknown
 2486s|339200 |245159 | 46087k| 135.9 |   525M | 263 | 951 |5425 |5425 |   0 |  0 |   0 |  37 | 4.100000e+01 | 9.790000e+01 | 138.78%| unknown
 2486s|339300 |245215 | 46089k| 135.8 |   525M | 263 | 951 |5425 |5425 |   0 |  0 |   0 |  37 | 4.100000e+01 | 9.790000e+01 | 138.78%| unknown
 2487s|339400 |245291 | 46090k| 135.8 |   525M | 263 | 951 |5425 |5425 |   0 |  0 |   0 |  37 | 4.100000e+01 | 9.790000e+01 | 138.78%| unknown
 2487s|339500 |245355 | 46092k| 135.8 |   525M | 263 | 951 |5425 |5425 |   0 |  0 |   0 |  37 | 4.100000e+01 | 9.790000e+01 | 138.78%| unknown
 2487s|339600 |245439 | 46093k| 135.7 |   525M | 263 | 951 |5425 |5425 |   0 |  0 |   0 |  37 | 4.100000e+01 | 9.790000e+01 | 138.78%| unknown
 2487s|339700 |245529 | 46095k| 135.7 |   526M | 263 | 951 |5425 |5425 |   0 |  0 |   0 |  37 | 4.100000e+01 | 9.790000e+01 | 138.78%| unknown
 2487s|339800 |245581 | 46097k| 135.7 |   526M | 263 | 951 |5425 |5425 |   0 |  0 |   0 |  37 | 4.100000e+01 | 9.790000e+01 | 138.78%| unknown
 2488s|339900 |245661 | 46098k| 135.6 |   526M | 263 | 951 |5425 |5425 |   0 |  0 |   0 |  37 | 4.100000e+01 | 9.790000e+01 | 138.78%| unknown
 2488s|340000 |245727 | 46099k| 135.6 |   526M | 263 | 951 |5425 |5425 |   0 |  0 |   0 |  37 | 4.100000e+01 | 9.790000e+01 | 138.78%| unknown
 2488s|340100 |245805 | 46101k| 135.5 |   526M | 263 | 951 |5425 |5425 |   0 |  0 |   0 |  37 | 4.100000e+01 | 9.790000e+01 | 138.78%| unknown
 2488s|340200 |245875 | 46103k| 135.5 |   526M | 263 | 951 |5425 |5425 |   0 |  0 |   0 |  37 | 4.100000e+01 | 9.790000e+01 | 138.78%| unknown
 2488s|340300 |245927 | 46105k| 135.5 |   526M | 263 | 951 |5425 |5425 |   0 |  0 |   0 |  37 | 4.100000e+01 | 9.790000e+01 | 138.78%| unknown
 time | node  | left  |LP iter|LP it/n|mem/heur|mdpt |vars |cons |rows |cuts |sepa|confs|strbr|  dualbound   | primalbound  |  gap   | compl. 
 2489s|340400 |246019 | 46106k| 135.4 |   526M | 263 | 951 |5425 |5425 |   0 |  0 |   0 |  37 | 4.100000e+01 | 9.790000e+01 | 138.78%| unknown
 2489s|340500 |246107 | 46107k| 135.4 |   526M | 263 | 951 |5425 |5425 |   0 |  0 |   0 |  37 | 4.100000e+01 | 9.790000e+01 | 138.78%| unknown
 2489s|340600 |246169 | 46108k| 135.4 |   526M | 263 | 951 |5425 |5425 |   0 |  0 |   0 |  37 | 4.100000e+01 | 9.790000e+01 | 138.78%| unknown
 2489s|340700 |246231 | 46110k| 135.3 |   526M | 263 | 951 |5425 |5425 |   0 |  0 |   0 |  37 | 4.100000e+01 | 9.790000e+01 | 138.78%| unknown
 2489s|340800 |246289 | 46112k| 135.3 |   526M | 263 | 951 |5425 |5425 |   0 |  0 |   0 |  37 | 4.100000e+01 | 9.790000e+01 | 138.78%| unknown
 2490s|340900 |246353 | 46113k| 135.3 |   527M | 263 | 951 |5425 |5425 |   0 |  0 |   0 |  37 | 4.100000e+01 | 9.790000e+01 | 138.78%| unknown
 2490s|341000 |246435 | 46114k| 135.2 |   527M | 263 | 951 |5425 |5425 |   0 |  0 |   0 |  37 | 4.100000e+01 | 9.790000e+01 | 138.78%| unknown
 2490s|341100 |246501 | 46116k| 135.2 |   527M | 263 | 951 |5425 |5425 |   0 |  0 |   0 |  37 | 4.100000e+01 | 9.790000e+01 | 138.78%| unknown
 2490s|341200 |246573 | 46117k| 135.2 |   527M | 263 | 951 |5425 |5425 |   0 |  0 |   0 |  37 | 4.100000e+01 | 9.790000e+01 | 138.78%| unknown
 2491s|341300 |246653 | 46127k| 135.2 |   527M | 263 | 951 |5425 |5425 |   0 |  0 |   0 |  37 | 4.100000e+01 | 9.790000e+01 | 138.78%| unknown
 2492s|341400 |246723 | 46150k| 135.2 |   527M | 263 | 951 |5425 |5425 |   0 |  0 |   0 |  37 | 4.100000e+01 | 9.790000e+01 | 138.78%| unknown
 2493s|341500 |246793 | 46165k| 135.2 |   527M | 263 | 951 |5425 |5425 |   0 |  0 |   0 |  37 | 4.100000e+01 | 9.790000e+01 | 138.78%| unknown
 2493s|341600 |246865 | 46166k| 135.1 |   527M | 263 | 951 |5425 |5425 |   0 |  0 |   0 |  37 | 4.100000e+01 | 9.790000e+01 | 138.78%| unknown
 2493s|341700 |246923 | 46168k| 135.1 |   527M | 263 | 951 |5425 |5425 |   0 |  0 |   0 |  37 | 4.100000e+01 | 9.790000e+01 | 138.78%| unknown
 2493s|341800 |247001 | 46170k| 135.1 |   527M | 263 | 951 |5425 |5425 |   0 |  0 |   0 |  37 | 4.100000e+01 | 9.790000e+01 | 138.78%| unknown
 time | node  | left  |LP iter|LP it/n|mem/heur|mdpt |vars |cons |rows |cuts |sepa|confs|strbr|  dualbound   | primalbound  |  gap   | compl. 
 2493s|341900 |247069 | 46171k| 135.0 |   527M | 263 | 951 |5425 |5425 |   0 |  0 |   0 |  37 | 4.100000e+01 | 9.790000e+01 | 138.78%| unknown
 2494s|342000 |247147 | 46172k| 135.0 |   528M | 263 | 951 |5425 |5425 |   0 |  0 |   0 |  37 | 4.100000e+01 | 9.790000e+01 | 138.78%| unknown
 2494s|342100 |247219 | 46176k| 135.0 |   529M | 263 | 951 |5425 |5425 |   0 |  0 |   0 |  37 | 4.100000e+01 | 9.790000e+01 | 138.78%| unknown
 2495s|342200 |247299 | 46210k| 135.0 |   529M | 263 | 951 |5425 |5425 |   0 |  0 |   0 |  37 | 4.100000e+01 | 9.790000e+01 | 138.78%| unknown
 2496s|342300 |247383 | 46223k| 135.0 |   529M | 263 | 951 |5425 |5425 |   0 |  0 |   0 |  37 | 4.100000e+01 | 9.790000e+01 | 138.78%| unknown
 2497s|342400 |247461 | 46239k| 135.0 |   529M | 263 | 951 |5425 |5425 |   0 |  0 |   0 |  37 | 4.100000e+01 | 9.790000e+01 | 138.78%| unknown
 2498s|342500 |247535 | 46258k| 135.1 |   529M | 263 | 951 |5425 |5425 |   0 |  0 |   0 |  37 | 4.100000e+01 | 9.790000e+01 | 138.78%| unknown
 2499s|342600 |247607 | 46277k| 135.1 |   529M | 263 | 951 |5425 |5425 |   0 |  0 |   0 |  37 | 4.100000e+01 | 9.790000e+01 | 138.78%| unknown
 2500s|342700 |247685 | 46297k| 135.1 |   529M | 263 | 951 |5425 |5425 |   0 |  0 |   0 |  37 | 4.100000e+01 | 9.790000e+01 | 138.78%| unknown
 2500s|342800 |247759 | 46298k| 135.1 |   529M | 263 | 951 |5425 |5425 |   0 |  0 |   0 |  37 | 4.100000e+01 | 9.790000e+01 | 138.78%| unknown
 2500s|342900 |247831 | 46299k| 135.0 |   529M | 263 | 951 |5425 |5425 |   0 |  0 |   0 |  37 | 4.100000e+01 | 9.790000e+01 | 138.78%| unknown
 2501s|343000 |247909 | 46300k| 135.0 |   531M | 263 | 951 |5425 |5425 |   0 |  0 |   0 |  37 | 4.100000e+01 | 9.790000e+01 | 138.78%| unknown
 2502s|343100 |247979 | 46324k| 135.0 |   531M | 263 | 951 |5425 |5425 |   0 |  0 |   0 |  37 | 4.100000e+01 | 9.790000e+01 | 138.78%| unknown
 2502s|343200 |248051 | 46325k| 135.0 |   531M | 263 | 951 |5425 |5425 |   0 |  0 |   0 |  37 | 4.100000e+01 | 9.790000e+01 | 138.78%| unknown
 2503s|343300 |248129 | 46333k| 135.0 |   531M | 263 | 951 |5425 |5425 |   0 |  0 |   0 |  37 | 4.100000e+01 | 9.790000e+01 | 138.78%| unknown
 time | node  | left  |LP iter|LP it/n|mem/heur|mdpt |vars |cons |rows |cuts |sepa|confs|strbr|  dualbound   | primalbound  |  gap   | compl. 
 2503s|343400 |248203 | 46334k| 134.9 |   532M | 263 | 951 |5425 |5425 |   0 |  0 |   0 |  37 | 4.100000e+01 | 9.790000e+01 | 138.78%| unknown
 2503s|343500 |248277 | 46336k| 134.9 |   532M | 263 | 951 |5425 |5425 |   0 |  0 |   0 |  37 | 4.100000e+01 | 9.790000e+01 | 138.78%| unknown
 2503s|343600 |248339 | 46337k| 134.9 |   532M | 263 | 951 |5425 |5425 |   0 |  0 |   0 |  37 | 4.100000e+01 | 9.790000e+01 | 138.78%| unknown
 2503s|343700 |248405 | 46338k| 134.8 |   532M | 263 | 951 |5425 |5425 |   0 |  0 |   0 |  37 | 4.100000e+01 | 9.790000e+01 | 138.78%| unknown
 2504s|343800 |248475 | 46340k| 134.8 |   532M | 263 | 951 |5425 |5425 |   0 |  0 |   0 |  37 | 4.100000e+01 | 9.790000e+01 | 138.78%| unknown
 2504s|343900 |248561 | 46341k| 134.8 |   532M | 263 | 951 |5425 |5425 |   0 |  0 |   0 |  37 | 4.100000e+01 | 9.790000e+01 | 138.78%| unknown
 2504s|344000 |248637 | 46343k| 134.7 |   532M | 263 | 951 |5425 |5425 |   0 |  0 |   0 |  37 | 4.100000e+01 | 9.790000e+01 | 138.78%| unknown
 2504s|344100 |248699 | 46345k| 134.7 |   533M | 263 | 951 |5425 |5425 |   0 |  0 |   0 |  37 | 4.100000e+01 | 9.790000e+01 | 138.78%| unknown
 2504s|344200 |248769 | 46346k| 134.6 |   533M | 263 | 951 |5425 |5425 |   0 |  0 |   0 |  37 | 4.100000e+01 | 9.790000e+01 | 138.78%| unknown
 2504s|344300 |248839 | 46347k| 134.6 |   533M | 263 | 951 |5425 |5425 |   0 |  0 |   0 |  37 | 4.100000e+01 | 9.790000e+01 | 138.78%| unknown
 2505s|344400 |248897 | 46349k| 134.6 |   533M | 263 | 951 |5425 |5425 |   0 |  0 |   0 |  37 | 4.100000e+01 | 9.790000e+01 | 138.78%| unknown
 2505s|344500 |248963 | 46350k| 134.5 |   533M | 263 | 951 |5425 |5425 |   0 |  0 |   0 |  37 | 4.100000e+01 | 9.790000e+01 | 138.78%| unknown
 2505s|344600 |249021 | 46351k| 134.5 |   533M | 263 | 951 |5425 |5425 |   0 |  0 |   0 |  37 | 4.100000e+01 | 9.790000e+01 | 138.78%| unknown
 2505s|344700 |249087 | 46353k| 134.5 |   533M | 263 | 951 |5425 |5425 |   0 |  0 |   0 |  37 | 4.100000e+01 | 9.790000e+01 | 138.78%| unknown
 2505s|344800 |249149 | 46355k| 134.4 |   533M | 263 | 951 |5425 |5425 |   0 |  0 |   0 |  37 | 4.100000e+01 | 9.790000e+01 | 138.78%| unknown
 time | node  | left  |LP iter|LP it/n|mem/heur|mdpt |vars |cons |rows |cuts |sepa|confs|strbr|  dualbound   | primalbound  |  gap   | compl. 
 2506s|344900 |249225 | 46357k| 134.4 |   533M | 263 | 951 |5425 |5425 |   0 |  0 |   0 |  37 | 4.100000e+01 | 9.790000e+01 | 138.78%| unknown
 2506s|345000 |249285 | 46364k| 134.4 |   533M | 263 | 951 |5425 |5425 |   0 |  0 |   0 |  37 | 4.100000e+01 | 9.790000e+01 | 138.78%| unknown
 2506s|345100 |249363 | 46365k| 134.4 |   533M | 263 | 951 |5425 |5425 |   0 |  0 |   0 |  37 | 4.100000e+01 | 9.790000e+01 | 138.78%| unknown
 2506s|345200 |249431 | 46366k| 134.3 |   533M | 263 | 951 |5425 |5425 |   0 |  0 |   0 |  37 | 4.100000e+01 | 9.790000e+01 | 138.78%| unknown
 2507s|345300 |249509 | 46368k| 134.3 |   534M | 263 | 951 |5425 |5425 |   0 |  0 |   0 |  37 | 4.100000e+01 | 9.790000e+01 | 138.78%| unknown
 2507s|345400 |249589 | 46369k| 134.2 |   534M | 263 | 951 |5425 |5425 |   0 |  0 |   0 |  37 | 4.100000e+01 | 9.790000e+01 | 138.78%| unknown
 2507s|345500 |249661 | 46370k| 134.2 |   534M | 263 | 951 |5425 |5425 |   0 |  0 |   0 |  37 | 4.100000e+01 | 9.790000e+01 | 138.78%| unknown
 2507s|345600 |249729 | 46372k| 134.2 |   534M | 263 | 951 |5425 |5425 |   0 |  0 |   0 |  37 | 4.100000e+01 | 9.790000e+01 | 138.78%| unknown
 2507s|345700 |249795 | 46374k| 134.1 |   534M | 263 | 951 |5425 |5425 |   0 |  0 |   0 |  37 | 4.100000e+01 | 9.790000e+01 | 138.78%| unknown
 2508s|345800 |249873 | 46375k| 134.1 |   534M | 263 | 951 |5425 |5425 |   0 |  0 |   0 |  37 | 4.100000e+01 | 9.790000e+01 | 138.78%| unknown
 2508s|345900 |249945 | 46377k| 134.1 |   534M | 263 | 951 |5425 |5425 |   0 |  0 |   0 |  37 | 4.100000e+01 | 9.790000e+01 | 138.78%| unknown
 2508s|346000 |250019 | 46378k| 134.0 |   534M | 263 | 951 |5425 |5425 |   0 |  0 |   0 |  37 | 4.100000e+01 | 9.790000e+01 | 138.78%| unknown
 2508s|346100 |250079 | 46379k| 134.0 |   534M | 263 | 951 |5425 |5425 |   0 |  0 |   0 |  37 | 4.100000e+01 | 9.790000e+01 | 138.78%| unknown
 2508s|346200 |250151 | 46381k| 134.0 |   534M | 263 | 951 |5425 |5425 |   0 |  0 |   0 |  37 | 4.100000e+01 | 9.790000e+01 | 138.78%| unknown
 2509s|346300 |250217 | 46382k| 133.9 |   534M | 263 | 951 |5425 |5425 |   0 |  0 |   0 |  37 | 4.100000e+01 | 9.790000e+01 | 138.78%| unknown
 time | node  | left  |LP iter|LP it/n|mem/heur|mdpt |vars |cons |rows |cuts |sepa|confs|strbr|  dualbound   | primalbound  |  gap   | compl. 
 2509s|346400 |250289 | 46401k| 133.9 |   535M | 263 | 951 |5425 |5425 |   0 |  0 |   0 |  37 | 4.100000e+01 | 9.790000e+01 | 138.78%| unknown
 2510s|346500 |250373 | 46413k| 133.9 |   535M | 263 | 951 |5425 |5425 |   0 |  0 |   0 |  37 | 4.100000e+01 | 9.790000e+01 | 138.78%| unknown
 2511s|346600 |250459 | 46432k| 134.0 |   535M | 263 | 951 |5425 |5425 |   0 |  0 |   0 |  37 | 4.100000e+01 | 9.790000e+01 | 138.78%| unknown
 2512s|346700 |250535 | 46452k| 134.0 |   535M | 263 | 951 |5425 |5425 |   0 |  0 |   0 |  37 | 4.100000e+01 | 9.790000e+01 | 138.78%| unknown
 2514s|346800 |250603 | 46481k| 134.0 |   535M | 263 | 951 |5425 |5425 |   0 |  0 |   0 |  37 | 4.100000e+01 | 9.790000e+01 | 138.78%| unknown
 2515s|346900 |250677 | 46499k| 134.0 |   535M | 263 | 951 |5425 |5425 |   0 |  0 |   0 |  37 | 4.100000e+01 | 9.790000e+01 | 138.78%| unknown
 2516s|347000 |250765 | 46514k| 134.0 |   535M | 263 | 951 |5425 |5425 |   0 |  0 |   0 |  37 | 4.100000e+01 | 9.790000e+01 | 138.78%| unknown
 2517s|347100 |250841 | 46536k| 134.1 |   535M | 263 | 951 |5425 |5425 |   0 |  0 |   0 |  37 | 4.100000e+01 | 9.790000e+01 | 138.78%| unknown
 2518s|347200 |250905 | 46557k| 134.1 |   535M | 263 | 951 |5425 |5425 |   0 |  0 |   0 |  37 | 4.100000e+01 | 9.790000e+01 | 138.78%| unknown
 2520s|347300 |250979 | 46593k| 134.2 |   535M | 263 | 951 |5425 |5425 |   0 |  0 |   0 |  37 | 4.100000e+01 | 9.790000e+01 | 138.78%| unknown
 2521s|347400 |251055 | 46615k| 134.2 |   536M | 263 | 951 |5425 |5425 |   0 |  0 |   0 |  37 | 4.100000e+01 | 9.790000e+01 | 138.78%| unknown
 2521s|347500 |251109 | 46617k| 134.1 |   537M | 263 | 951 |5425 |5425 |   0 |  0 |   0 |  37 | 4.100000e+01 | 9.790000e+01 | 138.78%| unknown
 2521s|347600 |251183 | 46618k| 134.1 |   537M | 263 | 951 |5425 |5425 |   0 |  0 |   0 |  37 | 4.100000e+01 | 9.790000e+01 | 138.78%| unknown
 2521s|347700 |251261 | 46619k| 134.1 |   537M | 263 | 951 |5425 |5425 |   0 |  0 |   0 |  37 | 4.100000e+01 | 9.790000e+01 | 138.78%| unknown
 2521s|347800 |251343 | 46621k| 134.0 |   537M | 263 | 951 |5425 |5425 |   0 |  0 |   0 |  37 | 4.100000e+01 | 9.790000e+01 | 138.78%| unknown
 time | node  | left  |LP iter|LP it/n|mem/heur|mdpt |vars |cons |rows |cuts |sepa|confs|strbr|  dualbound   | primalbound  |  gap   | compl. 
 2522s|347900 |251407 | 46622k| 134.0 |   537M | 263 | 951 |5425 |5425 |   0 |  0 |   0 |  37 | 4.100000e+01 | 9.790000e+01 | 138.78%| unknown
 2522s|348000 |251481 | 46624k| 134.0 |   537M | 263 | 951 |5425 |5425 |   0 |  0 |   0 |  37 | 4.100000e+01 | 9.790000e+01 | 138.78%| unknown
 2522s|348100 |251545 | 46625k| 133.9 |   537M | 263 | 951 |5425 |5425 |   0 |  0 |   0 |  37 | 4.100000e+01 | 9.790000e+01 | 138.78%| unknown
 2524s|348200 |251617 | 46656k| 134.0 |   537M | 263 | 951 |5425 |5425 |   0 |  0 |   0 |  37 | 4.100000e+01 | 9.790000e+01 | 138.78%| unknown
 2525s|348300 |251677 | 46683k| 134.0 |   537M | 263 | 951 |5425 |5425 |   0 |  0 |   0 |  37 | 4.100000e+01 | 9.790000e+01 | 138.78%| unknown
 2527s|348400 |251757 | 46724k| 134.1 |   537M | 263 | 951 |5425 |5425 |   0 |  0 |   0 |  37 | 4.100000e+01 | 9.790000e+01 | 138.78%| unknown
 2527s|348500 |251847 | 46729k| 134.1 |   537M | 263 | 951 |5425 |5425 |   0 |  0 |   0 |  37 | 4.100000e+01 | 9.790000e+01 | 138.78%| unknown
 2528s|348600 |251919 | 46730k| 134.1 |   538M | 263 | 951 |5425 |5425 |   0 |  0 |   0 |  37 | 4.100000e+01 | 9.790000e+01 | 138.78%| unknown
 2528s|348700 |251983 | 46732k| 134.0 |   538M | 263 | 951 |5425 |5425 |   0 |  0 |   0 |  37 | 4.100000e+01 | 9.790000e+01 | 138.78%| unknown
 2528s|348800 |252043 | 46734k| 134.0 |   538M | 263 | 951 |5425 |5425 |   0 |  0 |   0 |  37 | 4.100000e+01 | 9.790000e+01 | 138.78%| unknown
 2528s|348900 |252093 | 46735k| 133.9 |   538M | 263 | 951 |5425 |5425 |   0 |  0 |   0 |  37 | 4.100000e+01 | 9.790000e+01 | 138.78%| unknown
 2528s|349000 |252153 | 46736k| 133.9 |   538M | 263 | 951 |5425 |5425 |   0 |  0 |   0 |  37 | 4.100000e+01 | 9.790000e+01 | 138.78%| unknown
 2529s|349100 |252231 | 46738k| 133.9 |   538M | 263 | 951 |5425 |5425 |   0 |  0 |   0 |  37 | 4.100000e+01 | 9.790000e+01 | 138.78%| unknown
 2529s|349200 |252301 | 46739k| 133.8 |   538M | 263 | 951 |5425 |5425 |   0 |  0 |   0 |  37 | 4.100000e+01 | 9.790000e+01 | 138.78%| unknown
 2529s|349300 |252381 | 46740k| 133.8 |   538M | 263 | 951 |5425 |5425 |   0 |  0 |   0 |  37 | 4.100000e+01 | 9.790000e+01 | 138.78%| unknown
 time | node  | left  |LP iter|LP it/n|mem/heur|mdpt |vars |cons |rows |cuts |sepa|confs|strbr|  dualbound   | primalbound  |  gap   | compl. 
 2529s|349400 |252461 | 46742k| 133.8 |   538M | 263 | 951 |5425 |5425 |   0 |  0 |   0 |  37 | 4.100000e+01 | 9.790000e+01 | 138.78%| unknown
 2529s|349500 |252535 | 46743k| 133.7 |   538M | 263 | 951 |5425 |5425 |   0 |  0 |   0 |  37 | 4.100000e+01 | 9.790000e+01 | 138.78%| unknown
 2529s|349600 |252605 | 46744k| 133.7 |   539M | 263 | 951 |5425 |5425 |   0 |  0 |   0 |  37 | 4.100000e+01 | 9.790000e+01 | 138.78%| unknown
 2530s|349700 |252677 | 46745k| 133.7 |   541M | 263 | 951 |5425 |5425 |   0 |  0 |   0 |  37 | 4.100000e+01 | 9.790000e+01 | 138.78%| unknown
 2530s|349800 |252741 | 46747k| 133.6 |   541M | 263 | 951 |5425 |5425 |   0 |  0 |   0 |  37 | 4.100000e+01 | 9.790000e+01 | 138.78%| unknown
 2530s|349900 |252805 | 46748k| 133.6 |   541M | 263 | 951 |5425 |5425 |   0 |  0 |   0 |  37 | 4.100000e+01 | 9.790000e+01 | 138.78%| unknown
 2530s|350000 |252883 | 46749k| 133.6 |   541M | 263 | 951 |5425 |5425 |   0 |  0 |   0 |  37 | 4.100000e+01 | 9.790000e+01 | 138.78%| unknown
 2530s|350100 |252947 | 46751k| 133.5 |   541M | 263 | 951 |5425 |5425 |   0 |  0 |   0 |  37 | 4.100000e+01 | 9.790000e+01 | 138.78%| unknown
 2531s|350200 |253007 | 46752k| 133.5 |   541M | 263 | 951 |5425 |5425 |   0 |  0 |   0 |  37 | 4.100000e+01 | 9.790000e+01 | 138.78%| unknown
 2531s|350300 |253067 | 46754k| 133.5 |   541M | 263 | 951 |5425 |5425 |   0 |  0 |   0 |  37 | 4.100000e+01 | 9.790000e+01 | 138.78%| unknown
 2531s|350400 |253135 | 46755k| 133.4 |   541M | 263 | 951 |5425 |5425 |   0 |  0 |   0 |  37 | 4.100000e+01 | 9.790000e+01 | 138.78%| unknown
 2531s|350500 |253205 | 46757k| 133.4 |   541M | 263 | 951 |5425 |5425 |   0 |  0 |   0 |  37 | 4.100000e+01 | 9.790000e+01 | 138.78%| unknown
 2531s|350600 |253271 | 46758k| 133.4 |   541M | 263 | 951 |5425 |5425 |   0 |  0 |   0 |  37 | 4.100000e+01 | 9.790000e+01 | 138.78%| unknown
 2531s|350700 |253341 | 46759k| 133.3 |   541M | 263 | 951 |5425 |5425 |   0 |  0 |   0 |  37 | 4.100000e+01 | 9.790000e+01 | 138.78%| unknown
 2532s|350800 |253397 | 46761k| 133.3 |   541M | 263 | 951 |5425 |5425 |   0 |  0 |   0 |  37 | 4.100000e+01 | 9.790000e+01 | 138.78%| unknown
 time | node  | left  |LP iter|LP it/n|mem/heur|mdpt |vars |cons |rows |cuts |sepa|confs|strbr|  dualbound   | primalbound  |  gap   | compl. 
 2532s|350900 |253465 | 46763k| 133.3 |   542M | 263 | 951 |5425 |5425 |   0 |  0 |   0 |  37 | 4.100000e+01 | 9.790000e+01 | 138.78%| unknown
 2532s|351000 |253533 | 46765k| 133.2 |   542M | 263 | 951 |5425 |5425 |   0 |  0 |   0 |  37 | 4.100000e+01 | 9.790000e+01 | 138.78%| unknown
 2532s|351100 |253615 | 46766k| 133.2 |   542M | 263 | 951 |5425 |5425 |   0 |  0 |   0 |  37 | 4.100000e+01 | 9.790000e+01 | 138.78%| unknown
 2532s|351200 |253695 | 46768k| 133.2 |   542M | 263 | 951 |5425 |5425 |   0 |  0 |   0 |  37 | 4.100000e+01 | 9.790000e+01 | 138.78%| unknown
 2533s|351300 |253767 | 46778k| 133.2 |   542M | 263 | 951 |5425 |5425 |   0 |  0 |   0 |  37 | 4.100000e+01 | 9.790000e+01 | 138.78%| unknown
 2535s|351400 |253839 | 46807k| 133.2 |   542M | 263 | 951 |5425 |5425 |   0 |  0 |   0 |  37 | 4.100000e+01 | 9.790000e+01 | 138.78%| unknown
 2536s|351500 |253909 | 46844k| 133.3 |   542M | 263 | 951 |5425 |5425 |   0 |  0 |   0 |  37 | 4.100000e+01 | 9.790000e+01 | 138.78%| unknown
 2537s|351600 |253979 | 46864k| 133.3 |   542M | 263 | 951 |5425 |5425 |   0 |  0 |   0 |  37 | 4.100000e+01 | 9.790000e+01 | 138.78%| unknown
 2539s|351700 |254057 | 46892k| 133.3 |   542M | 263 | 951 |5425 |5425 |   0 |  0 |   0 |  37 | 4.100000e+01 | 9.790000e+01 | 138.78%| unknown
 2541s|351800 |254133 | 46939k| 133.4 |   542M | 263 | 951 |5425 |5425 |   0 |  0 |   0 |  37 | 4.100000e+01 | 9.790000e+01 | 138.78%| unknown
 2542s|351900 |254219 | 46959k| 133.4 |   542M | 263 | 951 |5425 |5425 |   0 |  0 |   0 |  37 | 4.100000e+01 | 9.790000e+01 | 138.78%| unknown
 2543s|352000 |254293 | 46984k| 133.5 |   543M | 263 | 951 |5425 |5425 |   0 |  0 |   0 |  37 | 4.100000e+01 | 9.790000e+01 | 138.78%| unknown
 2545s|352100 |254367 | 47015k| 133.5 |   543M | 263 | 951 |5425 |5425 |   0 |  0 |   0 |  37 | 4.100000e+01 | 9.790000e+01 | 138.78%| unknown
 2546s|352200 |254439 | 47039k| 133.6 |   543M | 263 | 951 |5425 |5425 |   0 |  0 |   0 |  37 | 4.100000e+01 | 9.790000e+01 | 138.78%| unknown
 2547s|352300 |254515 | 47072k| 133.6 |   543M | 263 | 951 |5425 |5425 |   0 |  0 |   0 |  37 | 4.100000e+01 | 9.790000e+01 | 138.78%| unknown
 time | node  | left  |LP iter|LP it/n|mem/heur|mdpt |vars |cons |rows |cuts |sepa|confs|strbr|  dualbound   | primalbound  |  gap   | compl. 
 2549s|352400 |254577 | 47098k| 133.6 |   544M | 263 | 951 |5425 |5425 |   0 |  0 |   0 |  37 | 4.100000e+01 | 9.790000e+01 | 138.78%| unknown
 2550s|352500 |254641 | 47133k| 133.7 |   544M | 263 | 951 |5425 |5425 |   0 |  0 |   0 |  37 | 4.100000e+01 | 9.790000e+01 | 138.78%| unknown
 2552s|352600 |254717 | 47165k| 133.8 |   544M | 263 | 951 |5425 |5425 |   0 |  0 |   0 |  37 | 4.100000e+01 | 9.790000e+01 | 138.78%| unknown
 2553s|352700 |254789 | 47186k| 133.8 |   544M | 263 | 951 |5425 |5425 |   0 |  0 |   0 |  37 | 4.100000e+01 | 9.790000e+01 | 138.78%| unknown
 2554s|352800 |254855 | 47208k| 133.8 |   544M | 263 | 951 |5425 |5425 |   0 |  0 |   0 |  37 | 4.100000e+01 | 9.790000e+01 | 138.78%| unknown
 2555s|352900 |254923 | 47220k| 133.8 |   544M | 263 | 951 |5425 |5425 |   0 |  0 |   0 |  37 | 4.100000e+01 | 9.790000e+01 | 138.78%| unknown
 2555s|353000 |254999 | 47221k| 133.8 |   544M | 263 | 951 |5425 |5425 |   0 |  0 |   0 |  37 | 4.100000e+01 | 9.790000e+01 | 138.78%| unknown
 2555s|353100 |255075 | 47223k| 133.7 |   545M | 263 | 951 |5425 |5425 |   0 |  0 |   0 |  37 | 4.100000e+01 | 9.790000e+01 | 138.78%| unknown
 2555s|353200 |255135 | 47224k| 133.7 |   545M | 263 | 951 |5425 |5425 |   0 |  0 |   0 |  37 | 4.100000e+01 | 9.790000e+01 | 138.78%| unknown
 2555s|353300 |255209 | 47225k| 133.7 |   545M | 263 | 951 |5425 |5425 |   0 |  0 |   0 |  37 | 4.100000e+01 | 9.790000e+01 | 138.78%| unknown
 2556s|353400 |255297 | 47226k| 133.6 |   545M | 263 | 951 |5425 |5425 |   0 |  0 |   0 |  37 | 4.100000e+01 | 9.790000e+01 | 138.78%| unknown
 2556s|353500 |255371 | 47228k| 133.6 |   545M | 263 | 951 |5425 |5425 |   0 |  0 |   0 |  37 | 4.100000e+01 | 9.790000e+01 | 138.78%| unknown
 2556s|353600 |255449 | 47229k| 133.6 |   545M | 263 | 951 |5425 |5425 |   0 |  0 |   0 |  37 | 4.100000e+01 | 9.790000e+01 | 138.78%| unknown
 2556s|353700 |255517 | 47230k| 133.5 |   545M | 263 | 951 |5425 |5425 |   0 |  0 |   0 |  37 | 4.100000e+01 | 9.790000e+01 | 138.78%| unknown
 2556s|353800 |255593 | 47232k| 133.5 |   545M | 263 | 951 |5425 |5425 |   0 |  0 |   0 |  37 | 4.100000e+01 | 9.790000e+01 | 138.78%| unknown
 time | node  | left  |LP iter|LP it/n|mem/heur|mdpt |vars |cons |rows |cuts |sepa|confs|strbr|  dualbound   | primalbound  |  gap   | compl. 
 2557s|353900 |255667 | 47233k| 133.5 |   545M | 263 | 951 |5425 |5425 |   0 |  0 |   0 |  37 | 4.100000e+01 | 9.790000e+01 | 138.78%| unknown
 2557s|354000 |255737 | 47234k| 133.4 |   545M | 263 | 951 |5425 |5425 |   0 |  0 |   0 |  37 | 4.100000e+01 | 9.790000e+01 | 138.78%| unknown
 2557s|354100 |255821 | 47235k| 133.4 |   545M | 263 | 951 |5425 |5425 |   0 |  0 |   0 |  37 | 4.100000e+01 | 9.790000e+01 | 138.78%| unknown
 2557s|354200 |255899 | 47236k| 133.4 |   546M | 263 | 951 |5425 |5425 |   0 |  0 |   0 |  37 | 4.100000e+01 | 9.790000e+01 | 138.78%| unknown
 2557s|354300 |255967 | 47237k| 133.3 |   546M | 263 | 951 |5425 |5425 |   0 |  0 |   0 |  37 | 4.100000e+01 | 9.790000e+01 | 138.78%| unknown
 2557s|354400 |256043 | 47238k| 133.3 |   546M | 263 | 951 |5425 |5425 |   0 |  0 |   0 |  37 | 4.100000e+01 | 9.790000e+01 | 138.78%| unknown
 2558s|354500 |256115 | 47239k| 133.3 |   546M | 263 | 951 |5425 |5425 |   0 |  0 |   0 |  37 | 4.100000e+01 | 9.790000e+01 | 138.78%| unknown
 2558s|354600 |256181 | 47241k| 133.2 |   546M | 263 | 951 |5425 |5425 |   0 |  0 |   0 |  37 | 4.100000e+01 | 9.790000e+01 | 138.78%| unknown
 2558s|354700 |256255 | 47242k| 133.2 |   546M | 263 | 951 |5425 |5425 |   0 |  0 |   0 |  37 | 4.100000e+01 | 9.790000e+01 | 138.78%| unknown
 2558s|354800 |256321 | 47243k| 133.2 |   546M | 263 | 951 |5425 |5425 |   0 |  0 |   0 |  37 | 4.100000e+01 | 9.790000e+01 | 138.78%| unknown
 2558s|354900 |256399 | 47245k| 133.1 |   547M | 263 | 951 |5425 |5425 |   0 |  0 |   0 |  37 | 4.100000e+01 | 9.790000e+01 | 138.78%| unknown
 2559s|355000 |256455 | 47246k| 133.1 |   547M | 263 | 951 |5425 |5425 |   0 |  0 |   0 |  37 | 4.100000e+01 | 9.790000e+01 | 138.78%| unknown
 2559s|355100 |256511 | 47248k| 133.1 |   547M | 263 | 951 |5425 |5425 |   0 |  0 |   0 |  37 | 4.100000e+01 | 9.790000e+01 | 138.78%| unknown
 2559s|355200 |256581 | 47249k| 133.0 |   547M | 263 | 951 |5425 |5425 |   0 |  0 |   0 |  37 | 4.100000e+01 | 9.790000e+01 | 138.78%| unknown
 2559s|355300 |256649 | 47251k| 133.0 |   548M | 263 | 951 |5425 |5425 |   0 |  0 |   0 |  37 | 4.100000e+01 | 9.790000e+01 | 138.78%| unknown
 time | node  | left  |LP iter|LP it/n|mem/heur|mdpt |vars |cons |rows |cuts |sepa|confs|strbr|  dualbound   | primalbound  |  gap   | compl. 
 2559s|355400 |256709 | 47252k| 133.0 |   548M | 263 | 951 |5425 |5425 |   0 |  0 |   0 |  37 | 4.100000e+01 | 9.790000e+01 | 138.78%| unknown
 2560s|355500 |256777 | 47254k| 132.9 |   548M | 263 | 951 |5425 |5425 |   0 |  0 |   0 |  37 | 4.100000e+01 | 9.790000e+01 | 138.78%| unknown
 2560s|355600 |256841 | 47266k| 132.9 |   548M | 263 | 951 |5425 |5425 |   0 |  0 |   0 |  37 | 4.100000e+01 | 9.790000e+01 | 138.78%| unknown
 2562s|355700 |256913 | 47291k| 133.0 |   548M | 263 | 951 |5425 |5425 |   0 |  0 |   0 |  37 | 4.100000e+01 | 9.790000e+01 | 138.78%| unknown
 2562s|355800 |256995 | 47305k| 133.0 |   548M | 263 | 951 |5425 |5425 |   0 |  0 |   0 |  37 | 4.100000e+01 | 9.790000e+01 | 138.78%| unknown
 2563s|355900 |257061 | 47327k| 133.0 |   548M | 263 | 951 |5425 |5425 |   0 |  0 |   0 |  37 | 4.100000e+01 | 9.790000e+01 | 138.78%| unknown
 2564s|356000 |257141 | 47350k| 133.0 |   548M | 263 | 951 |5425 |5425 |   0 |  0 |   0 |  37 | 4.100000e+01 | 9.790000e+01 | 138.78%| unknown
 2567s|356100 |257209 | 47396k| 133.1 |   549M | 263 | 951 |5425 |5425 |   0 |  0 |   0 |  37 | 4.100000e+01 | 9.790000e+01 | 138.78%| unknown
 2568s|356200 |257279 | 47428k| 133.1 |   549M | 263 | 951 |5425 |5425 |   0 |  0 |   0 |  37 | 4.100000e+01 | 9.790000e+01 | 138.78%| unknown
 2569s|356300 |257357 | 47452k| 133.2 |   549M | 263 | 951 |5425 |5425 |   0 |  0 |   0 |  37 | 4.100000e+01 | 9.790000e+01 | 138.78%| unknown
 2572s|356400 |257433 | 47511k| 133.3 |   550M | 263 | 951 |5425 |5425 |   0 |  0 |   0 |  37 | 4.100000e+01 | 9.790000e+01 | 138.78%| unknown
 2573s|356500 |257503 | 47534k| 133.3 |   550M | 263 | 951 |5425 |5425 |   0 |  0 |   0 |  37 | 4.100000e+01 | 9.790000e+01 | 138.78%| unknown
 2575s|356600 |257573 | 47567k| 133.4 |   550M | 263 | 951 |5425 |5425 |   0 |  0 |   0 |  37 | 4.100000e+01 | 9.790000e+01 | 138.78%| unknown
 2577s|356700 |257655 | 47615k| 133.5 |   550M | 263 | 951 |5425 |5425 |   0 |  0 |   0 |  37 | 4.100000e+01 | 9.790000e+01 | 138.78%| unknown
 2578s|356800 |257725 | 47633k| 133.5 |   550M | 263 | 951 |5425 |5425 |   0 |  0 |   0 |  37 | 4.100000e+01 | 9.790000e+01 | 138.78%| unknown
 time | node  | left  |LP iter|LP it/n|mem/heur|mdpt |vars |cons |rows |cuts |sepa|confs|strbr|  dualbound   | primalbound  |  gap   | compl. 
 2578s|356900 |257797 | 47635k| 133.5 |   550M | 263 | 951 |5425 |5425 |   0 |  0 |   0 |  37 | 4.100000e+01 | 9.790000e+01 | 138.78%| unknown
 2578s|357000 |257859 | 47636k| 133.4 |   550M | 263 | 951 |5425 |5425 |   0 |  0 |   0 |  37 | 4.100000e+01 | 9.790000e+01 | 138.78%| unknown
 2579s|357100 |257933 | 47638k| 133.4 |   550M | 263 | 951 |5425 |5425 |   0 |  0 |   0 |  37 | 4.100000e+01 | 9.790000e+01 | 138.78%| unknown
 2579s|357200 |258001 | 47639k| 133.4 |   550M | 263 | 951 |5425 |5425 |   0 |  0 |   0 |  37 | 4.100000e+01 | 9.790000e+01 | 138.78%| unknown
 2579s|357300 |258081 | 47641k| 133.3 |   550M | 263 | 951 |5425 |5425 |   0 |  0 |   0 |  37 | 4.100000e+01 | 9.790000e+01 | 138.78%| unknown
 2579s|357400 |258147 | 47642k| 133.3 |   550M | 263 | 951 |5425 |5425 |   0 |  0 |   0 |  37 | 4.100000e+01 | 9.790000e+01 | 138.78%| unknown
 2579s|357500 |258207 | 47644k| 133.3 |   550M | 263 | 951 |5425 |5425 |   0 |  0 |   0 |  37 | 4.100000e+01 | 9.790000e+01 | 138.78%| unknown
 2580s|357600 |258275 | 47645k| 133.2 |   551M | 263 | 951 |5425 |5425 |   0 |  0 |   0 |  37 | 4.100000e+01 | 9.790000e+01 | 138.78%| unknown
 2580s|357700 |258335 | 47647k| 133.2 |   551M | 263 | 951 |5425 |5425 |   0 |  0 |   0 |  37 | 4.100000e+01 | 9.790000e+01 | 138.78%| unknown
 2580s|357800 |258397 | 47648k| 133.2 |   551M | 263 | 951 |5425 |5425 |   0 |  0 |   0 |  37 | 4.100000e+01 | 9.790000e+01 | 138.78%| unknown
 2580s|357900 |258469 | 47649k| 133.1 |   551M | 263 | 951 |5425 |5425 |   0 |  0 |   0 |  37 | 4.100000e+01 | 9.790000e+01 | 138.78%| unknown
 2580s|358000 |258543 | 47651k| 133.1 |   552M | 263 | 951 |5425 |5425 |   0 |  0 |   0 |  37 | 4.100000e+01 | 9.790000e+01 | 138.78%| unknown
 2581s|358100 |258607 | 47652k| 133.1 |   552M | 263 | 951 |5425 |5425 |   0 |  0 |   0 |  37 | 4.100000e+01 | 9.790000e+01 | 138.78%| unknown
 2581s|358200 |258679 | 47654k| 133.0 |   552M | 263 | 951 |5425 |5425 |   0 |  0 |   0 |  37 | 4.100000e+01 | 9.790000e+01 | 138.78%| unknown
 2581s|358300 |258755 | 47655k| 133.0 |   552M | 263 | 951 |5425 |5425 |   0 |  0 |   0 |  37 | 4.100000e+01 | 9.790000e+01 | 138.78%| unknown
 time | node  | left  |LP iter|LP it/n|mem/heur|mdpt |vars |cons |rows |cuts |sepa|confs|strbr|  dualbound   | primalbound  |  gap   | compl. 
 2581s|358400 |258819 | 47657k| 133.0 |   552M | 263 | 951 |5425 |5425 |   0 |  0 |   0 |  37 | 4.100000e+01 | 9.790000e+01 | 138.78%| unknown
 2581s|358500 |258887 | 47659k| 132.9 |   552M | 263 | 951 |5425 |5425 |   0 |  0 |   0 |  37 | 4.100000e+01 | 9.790000e+01 | 138.78%| unknown
 2581s|358600 |258953 | 47660k| 132.9 |   552M | 263 | 951 |5425 |5425 |   0 |  0 |   0 |  37 | 4.100000e+01 | 9.790000e+01 | 138.78%| unknown
 2582s|358700 |259031 | 47662k| 132.9 |   553M | 263 | 951 |5425 |5425 |   0 |  0 |   0 |  37 | 4.100000e+01 | 9.790000e+01 | 138.78%| unknown
 2582s|358800 |259101 | 47663k| 132.8 |   553M | 263 | 951 |5425 |5425 |   0 |  0 |   0 |  37 | 4.100000e+01 | 9.790000e+01 | 138.78%| unknown
 2582s|358900 |259163 | 47665k| 132.8 |   553M | 263 | 951 |5425 |5425 |   0 |  0 |   0 |  37 | 4.100000e+01 | 9.790000e+01 | 138.78%| unknown
 2582s|359000 |259243 | 47666k| 132.8 |   553M | 263 | 951 |5425 |5425 |   0 |  0 |   0 |  37 | 4.100000e+01 | 9.790000e+01 | 138.78%| unknown
 2582s|359100 |259317 | 47668k| 132.7 |   553M | 263 | 951 |5425 |5425 |   0 |  0 |   0 |  37 | 4.100000e+01 | 9.790000e+01 | 138.78%| unknown
 2583s|359200 |259373 | 47669k| 132.7 |   553M | 263 | 951 |5425 |5425 |   0 |  0 |   0 |  37 | 4.100000e+01 | 9.790000e+01 | 138.78%| unknown
 2583s|359300 |259439 | 47671k| 132.7 |   553M | 263 | 951 |5425 |5425 |   0 |  0 |   0 |  37 | 4.100000e+01 | 9.790000e+01 | 138.78%| unknown
 2583s|359400 |259521 | 47673k| 132.6 |   553M | 263 | 951 |5425 |5425 |   0 |  0 |   0 |  37 | 4.100000e+01 | 9.790000e+01 | 138.78%| unknown
 2584s|359500 |259597 | 47682k| 132.6 |   553M | 263 | 951 |5425 |5425 |   0 |  0 |   0 |  37 | 4.100000e+01 | 9.790000e+01 | 138.78%| unknown
 2584s|359600 |259657 | 47687k| 132.6 |   553M | 263 | 951 |5425 |5425 |   0 |  0 |   0 |  37 | 4.100000e+01 | 9.790000e+01 | 138.78%| unknown
 2584s|359700 |259727 | 47688k| 132.6 |   553M | 263 | 951 |5425 |5425 |   0 |  0 |   0 |  37 | 4.100000e+01 | 9.790000e+01 | 138.78%| unknown
 2584s|359800 |259791 | 47689k| 132.5 |   553M | 263 | 951 |5425 |5425 |   0 |  0 |   0 |  37 | 4.100000e+01 | 9.790000e+01 | 138.78%| unknown
 time | node  | left  |LP iter|LP it/n|mem/heur|mdpt |vars |cons |rows |cuts |sepa|confs|strbr|  dualbound   | primalbound  |  gap   | compl. 
 2586s|359900 |259857 | 47715k| 132.6 |   554M | 263 | 951 |5425 |5425 |   0 |  0 |   0 |  37 | 4.100000e+01 | 9.790000e+01 | 138.78%| unknown
 2587s|360000 |259933 | 47734k| 132.6 |   554M | 263 | 951 |5425 |5425 |   0 |  0 |   0 |  37 | 4.100000e+01 | 9.790000e+01 | 138.78%| unknown
 2588s|360100 |259997 | 47761k| 132.6 |   554M | 263 | 951 |5425 |5425 |   0 |  0 |   0 |  37 | 4.100000e+01 | 9.790000e+01 | 138.78%| unknown
 2590s|360200 |260053 | 47802k| 132.7 |   554M | 263 | 951 |5425 |5425 |   0 |  0 |   0 |  37 | 4.100000e+01 | 9.790000e+01 | 138.78%| unknown
 2591s|360300 |260129 | 47836k| 132.8 |   555M | 263 | 951 |5425 |5425 |   0 |  0 |   0 |  37 | 4.100000e+01 | 9.790000e+01 | 138.78%| unknown
 2593s|360400 |260195 | 47862k| 132.8 |   555M | 263 | 951 |5425 |5425 |   0 |  0 |   0 |  37 | 4.100000e+01 | 9.790000e+01 | 138.78%| unknown
 2594s|360500 |260273 | 47890k| 132.8 |   555M | 263 | 951 |5425 |5425 |   0 |  0 |   0 |  37 | 4.100000e+01 | 9.790000e+01 | 138.78%| unknown
 2595s|360600 |260339 | 47913k| 132.9 |   555M | 263 | 951 |5425 |5425 |   0 |  0 |   0 |  37 | 4.100000e+01 | 9.790000e+01 | 138.78%| unknown
 2596s|360700 |260395 | 47936k| 132.9 |   555M | 263 | 951 |5425 |5425 |   0 |  0 |   0 |  37 | 4.100000e+01 | 9.790000e+01 | 138.78%| unknown
 2597s|360800 |260465 | 47952k| 132.9 |   555M | 263 | 951 |5425 |5425 |   0 |  0 |   0 |  37 | 4.100000e+01 | 9.790000e+01 | 138.78%| unknown
 2599s|360900 |260539 | 47981k| 132.9 |   555M | 263 | 951 |5425 |5425 |   0 |  0 |   0 |  37 | 4.100000e+01 | 9.790000e+01 | 138.78%| unknown
 2600s|361000 |260599 | 47998k| 133.0 |   556M | 263 | 951 |5425 |5425 |   0 |  0 |   0 |  37 | 4.100000e+01 | 9.790000e+01 | 138.78%| unknown
 2600s|361100 |260661 | 48004k| 132.9 |   556M | 263 | 951 |5425 |5425 |   0 |  0 |   0 |  37 | 4.100000e+01 | 9.790000e+01 | 138.78%| unknown
 2601s|361200 |260725 | 48024k| 133.0 |   556M | 263 | 951 |5425 |5425 |   0 |  0 |   0 |  37 | 4.100000e+01 | 9.790000e+01 | 138.78%| unknown
 2601s|361300 |260787 | 48030k| 132.9 |   556M | 263 | 951 |5425 |5425 |   0 |  0 |   0 |  37 | 4.100000e+01 | 9.790000e+01 | 138.78%| unknown
 time | node  | left  |LP iter|LP it/n|mem/heur|mdpt |vars |cons |rows |cuts |sepa|confs|strbr|  dualbound   | primalbound  |  gap   | compl. 
 2601s|361400 |260857 | 48031k| 132.9 |   556M | 263 | 951 |5425 |5425 |   0 |  0 |   0 |  37 | 4.100000e+01 | 9.790000e+01 | 138.78%| unknown
 2602s|361500 |260915 | 48034k| 132.9 |   556M | 263 | 951 |5425 |5425 |   0 |  0 |   0 |  37 | 4.100000e+01 | 9.790000e+01 | 138.78%| unknown
 2602s|361600 |260979 | 48043k| 132.9 |   556M | 263 | 951 |5425 |5425 |   0 |  0 |   0 |  37 | 4.100000e+01 | 9.790000e+01 | 138.78%| unknown
 2603s|361700 |261043 | 48065k| 132.9 |   556M | 263 | 951 |5425 |5425 |   0 |  0 |   0 |  37 | 4.100000e+01 | 9.790000e+01 | 138.78%| unknown
 2604s|361800 |261109 | 48084k| 132.9 |   556M | 263 | 951 |5425 |5425 |   0 |  0 |   0 |  37 | 4.100000e+01 | 9.790000e+01 | 138.78%| unknown
 2606s|361900 |261187 | 48110k| 132.9 |   556M | 263 | 951 |5425 |5425 |   0 |  0 |   0 |  37 | 4.100000e+01 | 9.790000e+01 | 138.78%| unknown
 2606s|362000 |261263 | 48127k| 132.9 |   556M | 263 | 951 |5425 |5425 |   0 |  0 |   0 |  37 | 4.100000e+01 | 9.790000e+01 | 138.78%| unknown
 2608s|362100 |261333 | 48150k| 133.0 |   556M | 263 | 951 |5425 |5425 |   0 |  0 |   0 |  37 | 4.100000e+01 | 9.790000e+01 | 138.78%| unknown
 2609s|362200 |261409 | 48176k| 133.0 |   557M | 263 | 951 |5425 |5425 |   0 |  0 |   0 |  37 | 4.100000e+01 | 9.790000e+01 | 138.78%| unknown
 2610s|362300 |261471 | 48204k| 133.0 |   557M | 263 | 951 |5425 |5425 |   0 |  0 |   0 |  37 | 4.100000e+01 | 9.790000e+01 | 138.78%| unknown
 2611s|362400 |261539 | 48229k| 133.1 |   557M | 263 | 951 |5425 |5425 |   0 |  0 |   0 |  37 | 4.100000e+01 | 9.790000e+01 | 138.78%| unknown
 2612s|362500 |261609 | 48246k| 133.1 |   557M | 263 | 951 |5425 |5425 |   0 |  0 |   0 |  37 | 4.100000e+01 | 9.790000e+01 | 138.78%| unknown
 2613s|362600 |261679 | 48267k| 133.1 |   558M | 263 | 951 |5425 |5425 |   0 |  0 |   0 |  37 | 4.100000e+01 | 9.790000e+01 | 138.78%| unknown
 2615s|362700 |261747 | 48302k| 133.2 |   558M | 263 | 951 |5425 |5425 |   0 |  0 |   0 |  37 | 4.100000e+01 | 9.790000e+01 | 138.78%| unknown
 2617s|362800 |261823 | 48339k| 133.2 |   558M | 263 | 951 |5425 |5425 |   0 |  0 |   0 |  37 | 4.100000e+01 | 9.790000e+01 | 138.78%| unknown
 time | node  | left  |LP iter|LP it/n|mem/heur|mdpt |vars |cons |rows |cuts |sepa|confs|strbr|  dualbound   | primalbound  |  gap   | compl. 
 2618s|362900 |261901 | 48363k| 133.3 |   558M | 263 | 951 |5425 |5425 |   0 |  0 |   0 |  37 | 4.100000e+01 | 9.790000e+01 | 138.78%| unknown
 2620s|363000 |261961 | 48403k| 133.3 |   558M | 263 | 951 |5425 |5425 |   0 |  0 |   0 |  37 | 4.100000e+01 | 9.790000e+01 | 138.78%| unknown
 2621s|363100 |262021 | 48422k| 133.4 |   558M | 263 | 951 |5425 |5425 |   0 |  0 |   0 |  37 | 4.100000e+01 | 9.790000e+01 | 138.78%| unknown
 2622s|363200 |262097 | 48444k| 133.4 |   558M | 263 | 951 |5425 |5425 |   0 |  0 |   0 |  37 | 4.100000e+01 | 9.790000e+01 | 138.78%| unknown
 2623s|363300 |262173 | 48469k| 133.4 |   560M | 263 | 951 |5425 |5425 |   0 |  0 |   0 |  37 | 4.100000e+01 | 9.790000e+01 | 138.78%| unknown
 2625s|363400 |262235 | 48499k| 133.5 |   560M | 263 | 951 |5425 |5425 |   0 |  0 |   0 |  37 | 4.100000e+01 | 9.790000e+01 | 138.78%| unknown
 2626s|363500 |262303 | 48519k| 133.5 |   560M | 263 | 951 |5425 |5425 |   0 |  0 |   0 |  37 | 4.100000e+01 | 9.790000e+01 | 138.78%| unknown
 2627s|363600 |262385 | 48540k| 133.5 |   560M | 263 | 951 |5425 |5425 |   0 |  0 |   0 |  37 | 4.100000e+01 | 9.790000e+01 | 138.78%| unknown
 2628s|363700 |262451 | 48562k| 133.5 |   560M | 263 | 951 |5425 |5425 |   0 |  0 |   0 |  37 | 4.100000e+01 | 9.790000e+01 | 138.78%| unknown
 2629s|363800 |262519 | 48582k| 133.5 |   560M | 263 | 951 |5425 |5425 |   0 |  0 |   0 |  37 | 4.100000e+01 | 9.790000e+01 | 138.78%| unknown
 2630s|363900 |262585 | 48600k| 133.6 |   560M | 263 | 951 |5425 |5425 |   0 |  0 |   0 |  37 | 4.100000e+01 | 9.790000e+01 | 138.78%| unknown
 2631s|364000 |262645 | 48622k| 133.6 |   560M | 263 | 951 |5425 |5425 |   0 |  0 |   0 |  37 | 4.100000e+01 | 9.790000e+01 | 138.78%| unknown
 2632s|364100 |262721 | 48640k| 133.6 |   560M | 263 | 951 |5425 |5425 |   0 |  0 |   0 |  37 | 4.100000e+01 | 9.790000e+01 | 138.78%| unknown
 2632s|364200 |262789 | 48642k| 133.6 |   560M | 263 | 951 |5425 |5425 |   0 |  0 |   0 |  37 | 4.100000e+01 | 9.790000e+01 | 138.78%| unknown
 2632s|364300 |262851 | 48643k| 133.5 |   560M | 263 | 951 |5425 |5425 |   0 |  0 |   0 |  37 | 4.100000e+01 | 9.790000e+01 | 138.78%| unknown
 time | node  | left  |LP iter|LP it/n|mem/heur|mdpt |vars |cons |rows |cuts |sepa|confs|strbr|  dualbound   | primalbound  |  gap   | compl. 
 2633s|364400 |262921 | 48645k| 133.5 |   560M | 263 | 951 |5425 |5425 |   0 |  0 |   0 |  37 | 4.100000e+01 | 9.790000e+01 | 138.78%| unknown
 2633s|364500 |262993 | 48647k| 133.5 |   561M | 263 | 951 |5425 |5425 |   0 |  0 |   0 |  37 | 4.100000e+01 | 9.790000e+01 | 138.78%| unknown
 2633s|364600 |263063 | 48648k| 133.4 |   561M | 263 | 951 |5425 |5425 |   0 |  0 |   0 |  37 | 4.100000e+01 | 9.790000e+01 | 138.78%| unknown
 2633s|364700 |263143 | 48650k| 133.4 |   561M | 263 | 951 |5425 |5425 |   0 |  0 |   0 |  37 | 4.100000e+01 | 9.790000e+01 | 138.78%| unknown
 2633s|364800 |263217 | 48651k| 133.4 |   561M | 263 | 951 |5425 |5425 |   0 |  0 |   0 |  37 | 4.100000e+01 | 9.790000e+01 | 138.78%| unknown
 2634s|364900 |263279 | 48653k| 133.3 |   561M | 263 | 951 |5425 |5425 |   0 |  0 |   0 |  37 | 4.100000e+01 | 9.790000e+01 | 138.78%| unknown
 2634s|365000 |263341 | 48664k| 133.3 |   561M | 263 | 951 |5425 |5425 |   0 |  0 |   0 |  37 | 4.100000e+01 | 9.790000e+01 | 138.78%| unknown
 2636s|365100 |263403 | 48693k| 133.4 |   561M | 263 | 951 |5425 |5425 |   0 |  0 |   0 |  37 | 4.100000e+01 | 9.790000e+01 | 138.78%| unknown
 2637s|365200 |263467 | 48711k| 133.4 |   561M | 263 | 951 |5425 |5425 |   0 |  0 |   0 |  37 | 4.100000e+01 | 9.790000e+01 | 138.78%| unknown
 2637s|365300 |263535 | 48713k| 133.3 |   561M | 263 | 951 |5425 |5425 |   0 |  0 |   0 |  37 | 4.100000e+01 | 9.790000e+01 | 138.78%| unknown
 2637s|365400 |263591 | 48715k| 133.3 |   561M | 263 | 951 |5425 |5425 |   0 |  0 |   0 |  37 | 4.100000e+01 | 9.790000e+01 | 138.78%| unknown
 2637s|365500 |263665 | 48716k| 133.3 |   561M | 263 | 951 |5425 |5425 |   0 |  0 |   0 |  37 | 4.100000e+01 | 9.790000e+01 | 138.78%| unknown
 2637s|365600 |263737 | 48718k| 133.3 |   561M | 263 | 951 |5425 |5425 |   0 |  0 |   0 |  37 | 4.100000e+01 | 9.790000e+01 | 138.78%| unknown
 2638s|365700 |263809 | 48719k| 133.2 |   562M | 263 | 951 |5425 |5425 |   0 |  0 |   0 |  37 | 4.100000e+01 | 9.790000e+01 | 138.78%| unknown
 2639s|365800 |263875 | 48740k| 133.2 |   563M | 263 | 951 |5425 |5425 |   0 |  0 |   0 |  37 | 4.100000e+01 | 9.790000e+01 | 138.78%| unknown
 time | node  | left  |LP iter|LP it/n|mem/heur|mdpt |vars |cons |rows |cuts |sepa|confs|strbr|  dualbound   | primalbound  |  gap   | compl. 
 2640s|365900 |263937 | 48762k| 133.3 |   563M | 263 | 951 |5425 |5425 |   0 |  0 |   0 |  37 | 4.100000e+01 | 9.790000e+01 | 138.78%| unknown
 2641s|366000 |263989 | 48787k| 133.3 |   563M | 263 | 951 |5425 |5425 |   0 |  0 |   0 |  37 | 4.100000e+01 | 9.790000e+01 | 138.78%| unknown
 2642s|366100 |264047 | 48814k| 133.3 |   563M | 263 | 951 |5425 |5425 |   0 |  0 |   0 |  37 | 4.100000e+01 | 9.790000e+01 | 138.78%| unknown
 2644s|366200 |264115 | 48840k| 133.4 |   563M | 263 | 951 |5425 |5425 |   0 |  0 |   0 |  37 | 4.100000e+01 | 9.790000e+01 | 138.78%| unknown
 2644s|366300 |264185 | 48842k| 133.3 |   563M | 263 | 951 |5425 |5425 |   0 |  0 |   0 |  37 | 4.100000e+01 | 9.790000e+01 | 138.78%| unknown
 2644s|366400 |264255 | 48844k| 133.3 |   563M | 263 | 951 |5425 |5425 |   0 |  0 |   0 |  37 | 4.100000e+01 | 9.790000e+01 | 138.78%| unknown
 2644s|366500 |264317 | 48845k| 133.3 |   563M | 263 | 951 |5425 |5425 |   0 |  0 |   0 |  37 | 4.100000e+01 | 9.790000e+01 | 138.78%| unknown
 2644s|366600 |264409 | 48846k| 133.2 |   563M | 263 | 951 |5425 |5425 |   0 |  0 |   0 |  37 | 4.100000e+01 | 9.790000e+01 | 138.78%| unknown
 2645s|366700 |264479 | 48848k| 133.2 |   563M | 263 | 951 |5425 |5425 |   0 |  0 |   0 |  37 | 4.100000e+01 | 9.790000e+01 | 138.78%| unknown
 2645s|366800 |264543 | 48849k| 133.2 |   564M | 263 | 951 |5425 |5425 |   0 |  0 |   0 |  37 | 4.100000e+01 | 9.790000e+01 | 138.78%| unknown
 2645s|366900 |264619 | 48851k| 133.1 |   564M | 263 | 951 |5425 |5425 |   0 |  0 |   0 |  37 | 4.100000e+01 | 9.790000e+01 | 138.78%| unknown
 2645s|367000 |264693 | 48852k| 133.1 |   564M | 263 | 951 |5425 |5425 |   0 |  0 |   0 |  37 | 4.100000e+01 | 9.790000e+01 | 138.78%| unknown
 2645s|367100 |264765 | 48854k| 133.1 |   564M | 263 | 951 |5425 |5425 |   0 |  0 |   0 |  37 | 4.100000e+01 | 9.790000e+01 | 138.78%| unknown
 2645s|367200 |264839 | 48855k| 133.0 |   564M | 263 | 951 |5425 |5425 |   0 |  0 |   0 |  37 | 4.100000e+01 | 9.790000e+01 | 138.78%| unknown
 2646s|367300 |264917 | 48857k| 133.0 |   564M | 263 | 951 |5425 |5425 |   0 |  0 |   0 |  37 | 4.100000e+01 | 9.790000e+01 | 138.78%| unknown
 time | node  | left  |LP iter|LP it/n|mem/heur|mdpt |vars |cons |rows |cuts |sepa|confs|strbr|  dualbound   | primalbound  |  gap   | compl. 
 2646s|367400 |264975 | 48861k| 133.0 |   564M | 263 | 951 |5425 |5425 |   0 |  0 |   0 |  37 | 4.100000e+01 | 9.790000e+01 | 138.78%| unknown
 2647s|367500 |265049 | 48890k| 133.0 |   564M | 263 | 951 |5425 |5425 |   0 |  0 |   0 |  37 | 4.100000e+01 | 9.790000e+01 | 138.78%| unknown
 2649s|367600 |265125 | 48918k| 133.1 |   564M | 263 | 951 |5425 |5425 |   0 |  0 |   0 |  37 | 4.100000e+01 | 9.790000e+01 | 138.78%| unknown
 2649s|367700 |265201 | 48931k| 133.1 |   564M | 263 | 951 |5425 |5425 |   0 |  0 |   0 |  37 | 4.100000e+01 | 9.790000e+01 | 138.78%| unknown
 2651s|367800 |265279 | 48955k| 133.1 |   564M | 263 | 951 |5425 |5425 |   0 |  0 |   0 |  37 | 4.100000e+01 | 9.790000e+01 | 138.78%| unknown
 2652s|367900 |265349 | 48978k| 133.1 |   565M | 263 | 951 |5425 |5425 |   0 |  0 |   0 |  37 | 4.100000e+01 | 9.790000e+01 | 138.78%| unknown
 2652s|368000 |265427 | 48979k| 133.1 |   565M | 263 | 951 |5425 |5425 |   0 |  0 |   0 |  37 | 4.100000e+01 | 9.790000e+01 | 138.78%| unknown
 2653s|368100 |265501 | 49007k| 133.1 |   565M | 263 | 951 |5425 |5425 |   0 |  0 |   0 |  37 | 4.100000e+01 | 9.790000e+01 | 138.78%| unknown
 2655s|368200 |265557 | 49051k| 133.2 |   565M | 263 | 951 |5425 |5425 |   0 |  0 |   0 |  37 | 4.100000e+01 | 9.790000e+01 | 138.78%| unknown
 2657s|368300 |265631 | 49079k| 133.3 |   565M | 263 | 951 |5425 |5425 |   0 |  0 |   0 |  37 | 4.100000e+01 | 9.790000e+01 | 138.78%| unknown
 2659s|368400 |265715 | 49132k| 133.4 |   565M | 263 | 951 |5425 |5425 |   0 |  0 |   0 |  37 | 4.100000e+01 | 9.790000e+01 | 138.78%| unknown
 2659s|368500 |265773 | 49133k| 133.3 |   565M | 263 | 951 |5425 |5425 |   0 |  0 |   0 |  37 | 4.100000e+01 | 9.790000e+01 | 138.78%| unknown
 2660s|368600 |265863 | 49134k| 133.3 |   565M | 263 | 951 |5425 |5425 |   0 |  0 |   0 |  37 | 4.100000e+01 | 9.790000e+01 | 138.78%| unknown
 2660s|368700 |265935 | 49135k| 133.3 |   565M | 263 | 951 |5425 |5425 |   0 |  0 |   0 |  37 | 4.100000e+01 | 9.790000e+01 | 138.78%| unknown
 2660s|368800 |266007 | 49137k| 133.2 |   566M | 263 | 951 |5425 |5425 |   0 |  0 |   0 |  37 | 4.100000e+01 | 9.790000e+01 | 138.78%| unknown
 time | node  | left  |LP iter|LP it/n|mem/heur|mdpt |vars |cons |rows |cuts |sepa|confs|strbr|  dualbound   | primalbound  |  gap   | compl. 
 2660s|368900 |266067 | 49138k| 133.2 |   566M | 263 | 951 |5425 |5425 |   0 |  0 |   0 |  37 | 4.100000e+01 | 9.790000e+01 | 138.78%| unknown
 2660s|369000 |266143 | 49140k| 133.2 |   568M | 263 | 951 |5425 |5425 |   0 |  0 |   0 |  37 | 4.100000e+01 | 9.790000e+01 | 138.78%| unknown
 2661s|369100 |266209 | 49141k| 133.1 |   568M | 263 | 951 |5425 |5425 |   0 |  0 |   0 |  37 | 4.100000e+01 | 9.790000e+01 | 138.78%| unknown
 2661s|369200 |266263 | 49142k| 133.1 |   568M | 263 | 951 |5425 |5425 |   0 |  0 |   0 |  37 | 4.100000e+01 | 9.790000e+01 | 138.78%| unknown
 2661s|369300 |266325 | 49144k| 133.1 |   568M | 263 | 951 |5425 |5425 |   0 |  0 |   0 |  37 | 4.100000e+01 | 9.790000e+01 | 138.78%| unknown
 2661s|369400 |266385 | 49145k| 133.0 |   568M | 263 | 951 |5425 |5425 |   0 |  0 |   0 |  37 | 4.100000e+01 | 9.790000e+01 | 138.78%| unknown
 2661s|369500 |266447 | 49147k| 133.0 |   568M | 263 | 951 |5425 |5425 |   0 |  0 |   0 |  37 | 4.100000e+01 | 9.790000e+01 | 138.78%| unknown
 2661s|369600 |266517 | 49148k| 133.0 |   568M | 263 | 951 |5425 |5425 |   0 |  0 |   0 |  37 | 4.100000e+01 | 9.790000e+01 | 138.78%| unknown
 2662s|369700 |266593 | 49149k| 132.9 |   568M | 263 | 951 |5425 |5425 |   0 |  0 |   0 |  37 | 4.100000e+01 | 9.790000e+01 | 138.78%| unknown
 2663s|369800 |266655 | 49174k| 133.0 |   568M | 263 | 951 |5425 |5425 |   0 |  0 |   0 |  37 | 4.100000e+01 | 9.790000e+01 | 138.78%| unknown
 2664s|369900 |266717 | 49193k| 133.0 |   568M | 263 | 951 |5425 |5425 |   0 |  0 |   0 |  37 | 4.100000e+01 | 9.790000e+01 | 138.78%| unknown
 2665s|370000 |266793 | 49209k| 133.0 |   568M | 263 | 951 |5425 |5425 |   0 |  0 |   0 |  37 | 4.100000e+01 | 9.790000e+01 | 138.78%| unknown
 2666s|370100 |266847 | 49232k| 133.0 |   568M | 263 | 951 |5425 |5425 |   0 |  0 |   0 |  37 | 4.100000e+01 | 9.790000e+01 | 138.78%| unknown
 2667s|370200 |266907 | 49258k| 133.1 |   568M | 263 | 951 |5425 |5425 |   0 |  0 |   0 |  37 | 4.100000e+01 | 9.790000e+01 | 138.78%| unknown
 2668s|370300 |266959 | 49277k| 133.1 |   569M | 263 | 951 |5425 |5425 |   0 |  0 |   0 |  37 | 4.100000e+01 | 9.790000e+01 | 138.78%| unknown
 time | node  | left  |LP iter|LP it/n|mem/heur|mdpt |vars |cons |rows |cuts |sepa|confs|strbr|  dualbound   | primalbound  |  gap   | compl. 
 2669s|370400 |267025 | 49304k| 133.1 |   569M | 263 | 951 |5425 |5425 |   0 |  0 |   0 |  37 | 4.100000e+01 | 9.790000e+01 | 138.78%| unknown
 2671s|370500 |267085 | 49334k| 133.2 |   569M | 263 | 951 |5425 |5425 |   0 |  0 |   0 |  37 | 4.100000e+01 | 9.790000e+01 | 138.78%| unknown
 2672s|370600 |267145 | 49359k| 133.2 |   569M | 263 | 951 |5425 |5425 |   0 |  0 |   0 |  37 | 4.100000e+01 | 9.790000e+01 | 138.78%| unknown
 2673s|370700 |267211 | 49380k| 133.2 |   569M | 263 | 951 |5425 |5425 |   0 |  0 |   0 |  37 | 4.100000e+01 | 9.790000e+01 | 138.78%| unknown
 2673s|370800 |267273 | 49381k| 133.2 |   569M | 263 | 951 |5425 |5425 |   0 |  0 |   0 |  37 | 4.100000e+01 | 9.790000e+01 | 138.78%| unknown
 2673s|370900 |267351 | 49383k| 133.1 |   569M | 263 | 951 |5425 |5425 |   0 |  0 |   0 |  37 | 4.100000e+01 | 9.790000e+01 | 138.78%| unknown
 2674s|371000 |267423 | 49385k| 133.1 |   569M | 263 | 951 |5425 |5425 |   0 |  0 |   0 |  37 | 4.100000e+01 | 9.790000e+01 | 138.78%| unknown
 2674s|371100 |267481 | 49386k| 133.1 |   569M | 263 | 951 |5425 |5425 |   0 |  0 |   0 |  37 | 4.100000e+01 | 9.790000e+01 | 138.78%| unknown
 2674s|371200 |267549 | 49388k| 133.0 |   569M | 263 | 951 |5425 |5425 |   0 |  0 |   0 |  37 | 4.100000e+01 | 9.790000e+01 | 138.78%| unknown
 2674s|371300 |267607 | 49389k| 133.0 |   570M | 263 | 951 |5425 |5425 |   0 |  0 |   0 |  37 | 4.100000e+01 | 9.790000e+01 | 138.78%| unknown
 2674s|371400 |267693 | 49390k| 133.0 |   570M | 263 | 951 |5425 |5425 |   0 |  0 |   0 |  37 | 4.100000e+01 | 9.790000e+01 | 138.78%| unknown
 2674s|371500 |267749 | 49392k| 133.0 |   571M | 263 | 951 |5425 |5425 |   0 |  0 |   0 |  37 | 4.100000e+01 | 9.790000e+01 | 138.78%| unknown
 2675s|371600 |267817 | 49394k| 132.9 |   571M | 263 | 951 |5425 |5425 |   0 |  0 |   0 |  37 | 4.100000e+01 | 9.790000e+01 | 138.78%| unknown
 2675s|371700 |267869 | 49395k| 132.9 |   571M | 263 | 951 |5425 |5425 |   0 |  0 |   0 |  37 | 4.100000e+01 | 9.790000e+01 | 138.78%| unknown
 2675s|371800 |267935 | 49397k| 132.9 |   571M | 263 | 951 |5425 |5425 |   0 |  0 |   0 |  37 | 4.100000e+01 | 9.790000e+01 | 138.78%| unknown
 time | node  | left  |LP iter|LP it/n|mem/heur|mdpt |vars |cons |rows |cuts |sepa|confs|strbr|  dualbound   | primalbound  |  gap   | compl. 
 2675s|371900 |268005 | 49398k| 132.8 |   571M | 263 | 951 |5425 |5425 |   0 |  0 |   0 |  37 | 4.100000e+01 | 9.790000e+01 | 138.78%| unknown
 2675s|372000 |268077 | 49400k| 132.8 |   571M | 263 | 951 |5425 |5425 |   0 |  0 |   0 |  37 | 4.100000e+01 | 9.790000e+01 | 138.78%| unknown
 2676s|372100 |268145 | 49401k| 132.8 |   571M | 263 | 951 |5425 |5425 |   0 |  0 |   0 |  37 | 4.100000e+01 | 9.790000e+01 | 138.78%| unknown
 2676s|372200 |268207 | 49403k| 132.7 |   571M | 263 | 951 |5425 |5425 |   0 |  0 |   0 |  37 | 4.100000e+01 | 9.790000e+01 | 138.78%| unknown
 2676s|372300 |268275 | 49404k| 132.7 |   571M | 263 | 951 |5425 |5425 |   0 |  0 |   0 |  37 | 4.100000e+01 | 9.790000e+01 | 138.78%| unknown
 2676s|372400 |268355 | 49405k| 132.7 |   571M | 263 | 951 |5425 |5425 |   0 |  0 |   0 |  37 | 4.100000e+01 | 9.790000e+01 | 138.78%| unknown
 2676s|372500 |268435 | 49406k| 132.6 |   571M | 263 | 951 |5425 |5425 |   0 |  0 |   0 |  37 | 4.100000e+01 | 9.790000e+01 | 138.78%| unknown
 2677s|372600 |268489 | 49408k| 132.6 |   571M | 263 | 951 |5425 |5425 |   0 |  0 |   0 |  37 | 4.100000e+01 | 9.790000e+01 | 138.78%| unknown
 2677s|372700 |268567 | 49409k| 132.6 |   572M | 263 | 951 |5425 |5425 |   0 |  0 |   0 |  37 | 4.100000e+01 | 9.790000e+01 | 138.78%| unknown
 2677s|372800 |268657 | 49411k| 132.5 |   572M | 263 | 951 |5425 |5425 |   0 |  0 |   0 |  37 | 4.100000e+01 | 9.790000e+01 | 138.78%| unknown
 2677s|372900 |268715 | 49413k| 132.5 |   572M | 263 | 951 |5425 |5425 |   0 |  0 |   0 |  37 | 4.100000e+01 | 9.790000e+01 | 138.78%| unknown
 2678s|373000 |268797 | 49428k| 132.5 |   572M | 263 | 951 |5425 |5425 |   0 |  0 |   0 |  37 | 4.100000e+01 | 9.790000e+01 | 138.78%| unknown
 2679s|373100 |268869 | 49447k| 132.5 |   572M | 263 | 951 |5425 |5425 |   0 |  0 |   0 |  37 | 4.100000e+01 | 9.790000e+01 | 138.78%| unknown
 2680s|373200 |268937 | 49476k| 132.6 |   572M | 263 | 951 |5425 |5425 |   0 |  0 |   0 |  37 | 4.100000e+01 | 9.790000e+01 | 138.78%| unknown
 2682s|373300 |268997 | 49519k| 132.7 |   572M | 263 | 951 |5425 |5425 |   0 |  0 |   0 |  37 | 4.100000e+01 | 9.790000e+01 | 138.78%| unknown
 time | node  | left  |LP iter|LP it/n|mem/heur|mdpt |vars |cons |rows |cuts |sepa|confs|strbr|  dualbound   | primalbound  |  gap   | compl. 
 2683s|373400 |269047 | 49540k| 132.7 |   572M | 263 | 951 |5425 |5425 |   0 |  0 |   0 |  37 | 4.100000e+01 | 9.790000e+01 | 138.78%| unknown
 2684s|373500 |269113 | 49565k| 132.7 |   572M | 263 | 951 |5425 |5425 |   0 |  0 |   0 |  37 | 4.100000e+01 | 9.790000e+01 | 138.78%| unknown
 2686s|373600 |269187 | 49593k| 132.7 |   572M | 263 | 951 |5425 |5425 |   0 |  0 |   0 |  37 | 4.100000e+01 | 9.790000e+01 | 138.78%| unknown
 2687s|373700 |269249 | 49615k| 132.8 |   572M | 263 | 951 |5425 |5425 |   0 |  0 |   0 |  37 | 4.100000e+01 | 9.790000e+01 | 138.78%| unknown
 2689s|373800 |269307 | 49651k| 132.8 |   573M | 263 | 951 |5425 |5425 |   0 |  0 |   0 |  37 | 4.100000e+01 | 9.790000e+01 | 138.78%| unknown
 2690s|373900 |269369 | 49674k| 132.9 |   573M | 263 | 951 |5425 |5425 |   0 |  0 |   0 |  37 | 4.100000e+01 | 9.790000e+01 | 138.78%| unknown
 2691s|374000 |269437 | 49693k| 132.9 |   573M | 263 | 951 |5425 |5425 |   0 |  0 |   0 |  37 | 4.100000e+01 | 9.790000e+01 | 138.78%| unknown
 2692s|374100 |269497 | 49713k| 132.9 |   573M | 263 | 951 |5425 |5425 |   0 |  0 |   0 |  37 | 4.100000e+01 | 9.790000e+01 | 138.78%| unknown
 2693s|374200 |269567 | 49731k| 132.9 |   573M | 263 | 951 |5425 |5425 |   0 |  0 |   0 |  37 | 4.100000e+01 | 9.790000e+01 | 138.78%| unknown
 2694s|374300 |269637 | 49754k| 132.9 |   573M | 263 | 951 |5425 |5425 |   0 |  0 |   0 |  37 | 4.100000e+01 | 9.790000e+01 | 138.78%| unknown
 2695s|374400 |269707 | 49785k| 133.0 |   574M | 263 | 951 |5425 |5425 |   0 |  0 |   0 |  37 | 4.100000e+01 | 9.790000e+01 | 138.78%| unknown
 2697s|374500 |269769 | 49815k| 133.0 |   574M | 263 | 951 |5425 |5425 |   0 |  0 |   0 |  37 | 4.100000e+01 | 9.790000e+01 | 138.78%| unknown
 2698s|374600 |269825 | 49836k| 133.0 |   574M | 263 | 951 |5425 |5425 |   0 |  0 |   0 |  37 | 4.100000e+01 | 9.790000e+01 | 138.78%| unknown
 2699s|374700 |269897 | 49864k| 133.1 |   574M | 263 | 951 |5425 |5425 |   0 |  0 |   0 |  37 | 4.100000e+01 | 9.790000e+01 | 138.78%| unknown
 2701s|374800 |269965 | 49907k| 133.2 |   574M | 263 | 951 |5425 |5425 |   0 |  0 |   0 |  37 | 4.100000e+01 | 9.790000e+01 | 138.78%| unknown
 time | node  | left  |LP iter|LP it/n|mem/heur|mdpt |vars |cons |rows |cuts |sepa|confs|strbr|  dualbound   | primalbound  |  gap   | compl. 
 2702s|374900 |270039 | 49930k| 133.2 |   574M | 263 | 951 |5425 |5425 |   0 |  0 |   0 |  37 | 4.100000e+01 | 9.790000e+01 | 138.78%| unknown
 2704s|375000 |270103 | 49958k| 133.2 |   575M | 263 | 951 |5425 |5425 |   0 |  0 |   0 |  37 | 4.100000e+01 | 9.790000e+01 | 138.78%| unknown
 2706s|375100 |270161 | 49990k| 133.3 |   575M | 263 | 951 |5425 |5425 |   0 |  0 |   0 |  37 | 4.100000e+01 | 9.790000e+01 | 138.78%| unknown
 2706s|375200 |270223 | 50003k| 133.3 |   575M | 263 | 951 |5425 |5425 |   0 |  0 |   0 |  37 | 4.100000e+01 | 9.790000e+01 | 138.78%| unknown
 2707s|375300 |270281 | 50027k| 133.3 |   575M | 263 | 951 |5425 |5425 |   0 |  0 |   0 |  37 | 4.100000e+01 | 9.790000e+01 | 138.78%| unknown
 2708s|375400 |270355 | 50028k| 133.3 |   575M | 263 | 951 |5425 |5425 |   0 |  0 |   0 |  37 | 4.100000e+01 | 9.790000e+01 | 138.78%| unknown
 2708s|375500 |270433 | 50030k| 133.2 |   575M | 263 | 951 |5425 |5425 |   0 |  0 |   0 |  37 | 4.100000e+01 | 9.790000e+01 | 138.78%| unknown
 2708s|375600 |270493 | 50031k| 133.2 |   575M | 263 | 951 |5425 |5425 |   0 |  0 |   0 |  37 | 4.100000e+01 | 9.790000e+01 | 138.78%| unknown
 2708s|375700 |270573 | 50032k| 133.2 |   575M | 263 | 951 |5425 |5425 |   0 |  0 |   0 |  37 | 4.100000e+01 | 9.790000e+01 | 138.78%| unknown
 2708s|375800 |270645 | 50034k| 133.1 |   576M | 263 | 951 |5425 |5425 |   0 |  0 |   0 |  37 | 4.100000e+01 | 9.790000e+01 | 138.78%| unknown
 2709s|375900 |270709 | 50050k| 133.1 |   576M | 263 | 951 |5425 |5425 |   0 |  0 |   0 |  37 | 4.100000e+01 | 9.790000e+01 | 138.78%| unknown
 2710s|376000 |270789 | 50057k| 133.1 |   576M | 263 | 951 |5425 |5425 |   0 |  0 |   0 |  37 | 4.100000e+01 | 9.790000e+01 | 138.78%| unknown
 2710s|376100 |270863 | 50058k| 133.1 |   577M | 263 | 951 |5425 |5425 |   0 |  0 |   0 |  37 | 4.100000e+01 | 9.790000e+01 | 138.78%| unknown
 2710s|376200 |270951 | 50059k| 133.1 |   577M | 263 | 951 |5425 |5425 |   0 |  0 |   0 |  37 | 4.100000e+01 | 9.790000e+01 | 138.78%| unknown
 2710s|376300 |271039 | 50060k| 133.0 |   577M | 263 | 951 |5425 |5425 |   0 |  0 |   0 |  37 | 4.100000e+01 | 9.790000e+01 | 138.78%| unknown
 time | node  | left  |LP iter|LP it/n|mem/heur|mdpt |vars |cons |rows |cuts |sepa|confs|strbr|  dualbound   | primalbound  |  gap   | compl. 
 2710s|376400 |271095 | 50062k| 133.0 |   577M | 263 | 951 |5425 |5425 |   0 |  0 |   0 |  37 | 4.100000e+01 | 9.790000e+01 | 138.78%| unknown
 2711s|376500 |271163 | 50063k| 133.0 |   577M | 263 | 951 |5425 |5425 |   0 |  0 |   0 |  37 | 4.100000e+01 | 9.790000e+01 | 138.78%| unknown
 2711s|376600 |271245 | 50064k| 132.9 |   577M | 263 | 951 |5425 |5425 |   0 |  0 |   0 |  37 | 4.100000e+01 | 9.790000e+01 | 138.78%| unknown
 2711s|376700 |271323 | 50065k| 132.9 |   578M | 263 | 951 |5425 |5425 |   0 |  0 |   0 |  37 | 4.100000e+01 | 9.790000e+01 | 138.78%| unknown
 2711s|376800 |271397 | 50066k| 132.9 |   578M | 263 | 951 |5425 |5425 |   0 |  0 |   0 |  37 | 4.100000e+01 | 9.790000e+01 | 138.78%| unknown
 2711s|376900 |271465 | 50067k| 132.8 |   578M | 263 | 951 |5425 |5425 |   0 |  0 |   0 |  37 | 4.100000e+01 | 9.790000e+01 | 138.78%| unknown
 2711s|377000 |271523 | 50069k| 132.8 |   578M | 263 | 951 |5425 |5425 |   0 |  0 |   0 |  37 | 4.100000e+01 | 9.790000e+01 | 138.78%| unknown
 2712s|377100 |271603 | 50085k| 132.8 |   578M | 263 | 951 |5425 |5425 |   0 |  0 |   0 |  37 | 4.100000e+01 | 9.790000e+01 | 138.78%| unknown
 2713s|377200 |271663 | 50107k| 132.8 |   579M | 263 | 951 |5425 |5425 |   0 |  0 |   0 |  37 | 4.100000e+01 | 9.790000e+01 | 138.78%| unknown
 2714s|377300 |271729 | 50124k| 132.8 |   579M | 263 | 951 |5425 |5425 |   0 |  0 |   0 |  37 | 4.100000e+01 | 9.790000e+01 | 138.78%| unknown
 2715s|377400 |271801 | 50140k| 132.9 |   579M | 263 | 951 |5425 |5425 |   0 |  0 |   0 |  37 | 4.100000e+01 | 9.790000e+01 | 138.78%| unknown
 2716s|377500 |271873 | 50158k| 132.9 |   579M | 263 | 951 |5425 |5425 |   0 |  0 |   0 |  37 | 4.100000e+01 | 9.790000e+01 | 138.78%| unknown
 2717s|377600 |271957 | 50176k| 132.9 |   579M | 263 | 951 |5425 |5425 |   0 |  0 |   0 |  37 | 4.100000e+01 | 9.790000e+01 | 138.78%| unknown
 2718s|377700 |272019 | 50201k| 132.9 |   579M | 263 | 951 |5425 |5425 |   0 |  0 |   0 |  37 | 4.100000e+01 | 9.790000e+01 | 138.78%| unknown
 2719s|377800 |272099 | 50218k| 132.9 |   579M | 263 | 951 |5425 |5425 |   0 |  0 |   0 |  37 | 4.100000e+01 | 9.790000e+01 | 138.78%| unknown
 time | node  | left  |LP iter|LP it/n|mem/heur|mdpt |vars |cons |rows |cuts |sepa|confs|strbr|  dualbound   | primalbound  |  gap   | compl. 
 2720s|377900 |272169 | 50236k| 132.9 |   579M | 263 | 951 |5425 |5425 |   0 |  0 |   0 |  37 | 4.100000e+01 | 9.790000e+01 | 138.78%| unknown
 2721s|378000 |272243 | 50255k| 132.9 |   579M | 263 | 951 |5425 |5425 |   0 |  0 |   0 |  37 | 4.100000e+01 | 9.790000e+01 | 138.78%| unknown
 2722s|378100 |272311 | 50277k| 133.0 |   579M | 263 | 951 |5425 |5425 |   0 |  0 |   0 |  37 | 4.100000e+01 | 9.790000e+01 | 138.78%| unknown
 2724s|378200 |272379 | 50318k| 133.0 |   579M | 263 | 951 |5425 |5425 |   0 |  0 |   0 |  37 | 4.100000e+01 | 9.790000e+01 | 138.78%| unknown
 2724s|378300 |272435 | 50319k| 133.0 |   579M | 263 | 951 |5425 |5425 |   0 |  0 |   0 |  37 | 4.100000e+01 | 9.790000e+01 | 138.78%| unknown
 2724s|378400 |272503 | 50321k| 133.0 |   580M | 263 | 951 |5425 |5425 |   0 |  0 |   0 |  37 | 4.100000e+01 | 9.790000e+01 | 138.78%| unknown
 2725s|378500 |272573 | 50322k| 132.9 |   580M | 263 | 951 |5425 |5425 |   0 |  0 |   0 |  37 | 4.100000e+01 | 9.790000e+01 | 138.78%| unknown
 2725s|378600 |272647 | 50323k| 132.9 |   580M | 263 | 951 |5425 |5425 |   0 |  0 |   0 |  37 | 4.100000e+01 | 9.790000e+01 | 138.78%| unknown
 2725s|378700 |272717 | 50329k| 132.9 |   580M | 263 | 951 |5425 |5425 |   0 |  0 |   0 |  37 | 4.100000e+01 | 9.790000e+01 | 138.78%| unknown
 2725s|378800 |272781 | 50330k| 132.9 |   580M | 263 | 951 |5425 |5425 |   0 |  0 |   0 |  37 | 4.100000e+01 | 9.790000e+01 | 138.78%| unknown
 2726s|378900 |272855 | 50332k| 132.8 |   580M | 263 | 951 |5425 |5425 |   0 |  0 |   0 |  37 | 4.100000e+01 | 9.790000e+01 | 138.78%| unknown
 2726s|379000 |272917 | 50333k| 132.8 |   580M | 263 | 951 |5425 |5425 |   0 |  0 |   0 |  37 | 4.100000e+01 | 9.790000e+01 | 138.78%| unknown
 2726s|379100 |272991 | 50334k| 132.8 |   580M | 263 | 951 |5425 |5425 |   0 |  0 |   0 |  37 | 4.100000e+01 | 9.790000e+01 | 138.78%| unknown
 2726s|379200 |273055 | 50336k| 132.7 |   580M | 263 | 951 |5425 |5425 |   0 |  0 |   0 |  37 | 4.100000e+01 | 9.790000e+01 | 138.78%| unknown
 2727s|379300 |273115 | 50352k| 132.7 |   580M | 263 | 951 |5425 |5425 |   0 |  0 |   0 |  37 | 4.100000e+01 | 9.790000e+01 | 138.78%| unknown
 time | node  | left  |LP iter|LP it/n|mem/heur|mdpt |vars |cons |rows |cuts |sepa|confs|strbr|  dualbound   | primalbound  |  gap   | compl. 
 2728s|379400 |273197 | 50372k| 132.8 |   580M | 263 | 951 |5425 |5425 |   0 |  0 |   0 |  37 | 4.100000e+01 | 9.790000e+01 | 138.78%| unknown
 2729s|379500 |273281 | 50392k| 132.8 |   581M | 263 | 951 |5425 |5425 |   0 |  0 |   0 |  37 | 4.100000e+01 | 9.790000e+01 | 138.78%| unknown
 2730s|379600 |273347 | 50413k| 132.8 |   581M | 263 | 951 |5425 |5425 |   0 |  0 |   0 |  37 | 4.100000e+01 | 9.790000e+01 | 138.78%| unknown
 2732s|379700 |273399 | 50444k| 132.9 |   581M | 263 | 951 |5425 |5425 |   0 |  0 |   0 |  37 | 4.100000e+01 | 9.790000e+01 | 138.78%| unknown
 2733s|379800 |273455 | 50466k| 132.9 |   582M | 263 | 951 |5425 |5425 |   0 |  0 |   0 |  37 | 4.100000e+01 | 9.790000e+01 | 138.78%| unknown
 2734s|379900 |273533 | 50486k| 132.9 |   582M | 263 | 951 |5425 |5425 |   0 |  0 |   0 |  37 | 4.100000e+01 | 9.790000e+01 | 138.78%| unknown
 2735s|380000 |273615 | 50515k| 132.9 |   582M | 263 | 951 |5425 |5425 |   0 |  0 |   0 |  37 | 4.100000e+01 | 9.790000e+01 | 138.78%| unknown
 2736s|380100 |273681 | 50540k| 133.0 |   582M | 263 | 951 |5425 |5425 |   0 |  0 |   0 |  37 | 4.100000e+01 | 9.790000e+01 | 138.78%| unknown
 2737s|380200 |273765 | 50557k| 133.0 |   582M | 263 | 951 |5425 |5425 |   0 |  0 |   0 |  37 | 4.100000e+01 | 9.790000e+01 | 138.78%| unknown
 2739s|380300 |273833 | 50586k| 133.0 |   582M | 263 | 951 |5425 |5425 |   0 |  0 |   0 |  37 | 4.100000e+01 | 9.790000e+01 | 138.78%| unknown
 2740s|380400 |273901 | 50624k| 133.1 |   582M | 263 | 951 |5425 |5425 |   0 |  0 |   0 |  37 | 4.100000e+01 | 9.790000e+01 | 138.78%| unknown
 2741s|380500 |273983 | 50644k| 133.1 |   582M | 263 | 951 |5425 |5425 |   0 |  0 |   0 |  37 | 4.100000e+01 | 9.790000e+01 | 138.78%| unknown
 2743s|380600 |274061 | 50681k| 133.2 |   583M | 263 | 951 |5425 |5425 |   0 |  0 |   0 |  37 | 4.100000e+01 | 9.790000e+01 | 138.78%| unknown
 2744s|380700 |274141 | 50698k| 133.2 |   583M | 263 | 951 |5425 |5425 |   0 |  0 |   0 |  37 | 4.100000e+01 | 9.790000e+01 | 138.78%| unknown
 2745s|380800 |274201 | 50722k| 133.2 |   583M | 263 | 951 |5425 |5425 |   0 |  0 |   0 |  37 | 4.100000e+01 | 9.790000e+01 | 138.78%| unknown
 time | node  | left  |LP iter|LP it/n|mem/heur|mdpt |vars |cons |rows |cuts |sepa|confs|strbr|  dualbound   | primalbound  |  gap   | compl. 
 2746s|380900 |274271 | 50745k| 133.2 |   583M | 263 | 951 |5425 |5425 |   0 |  0 |   0 |  37 | 4.100000e+01 | 9.790000e+01 | 138.78%| unknown
 2748s|381000 |274357 | 50767k| 133.2 |   583M | 263 | 951 |5425 |5425 |   0 |  0 |   0 |  37 | 4.100000e+01 | 9.790000e+01 | 138.78%| unknown
 2748s|381100 |274435 | 50782k| 133.3 |   583M | 263 | 951 |5425 |5425 |   0 |  0 |   0 |  37 | 4.100000e+01 | 9.790000e+01 | 138.78%| unknown
 2750s|381200 |274509 | 50813k| 133.3 |   583M | 263 | 951 |5425 |5425 |   0 |  0 |   0 |  37 | 4.100000e+01 | 9.790000e+01 | 138.78%| unknown
 2751s|381300 |274585 | 50837k| 133.3 |   583M | 263 | 951 |5425 |5425 |   0 |  0 |   0 |  37 | 4.100000e+01 | 9.790000e+01 | 138.78%| unknown
 2751s|381400 |274659 | 50838k| 133.3 |   583M | 263 | 951 |5425 |5425 |   0 |  0 |   0 |  37 | 4.100000e+01 | 9.790000e+01 | 138.78%| unknown
 2751s|381500 |274733 | 50839k| 133.3 |   583M | 263 | 951 |5425 |5425 |   0 |  0 |   0 |  37 | 4.100000e+01 | 9.790000e+01 | 138.78%| unknown
 2751s|381600 |274791 | 50841k| 133.2 |   583M | 263 | 951 |5425 |5425 |   0 |  0 |   0 |  37 | 4.100000e+01 | 9.790000e+01 | 138.78%| unknown
 2751s|381700 |274851 | 50843k| 133.2 |   584M | 263 | 951 |5425 |5425 |   0 |  0 |   0 |  37 | 4.100000e+01 | 9.790000e+01 | 138.78%| unknown
 2752s|381800 |274923 | 50844k| 133.2 |   584M | 263 | 951 |5425 |5425 |   0 |  0 |   0 |  37 | 4.100000e+01 | 9.790000e+01 | 138.78%| unknown
 2752s|381900 |274997 | 50845k| 133.1 |   584M | 263 | 951 |5425 |5425 |   0 |  0 |   0 |  37 | 4.100000e+01 | 9.790000e+01 | 138.78%| unknown
 2752s|382000 |275061 | 50847k| 133.1 |   584M | 263 | 951 |5425 |5425 |   0 |  0 |   0 |  37 | 4.100000e+01 | 9.790000e+01 | 138.78%| unknown
 2752s|382100 |275115 | 50849k| 133.1 |   586M | 263 | 951 |5425 |5425 |   0 |  0 |   0 |  37 | 4.100000e+01 | 9.790000e+01 | 138.78%| unknown
 2752s|382200 |275181 | 50851k| 133.0 |   586M | 263 | 951 |5425 |5425 |   0 |  0 |   0 |  37 | 4.100000e+01 | 9.790000e+01 | 138.78%| unknown
 2753s|382300 |275251 | 50852k| 133.0 |   586M | 263 | 951 |5425 |5425 |   0 |  0 |   0 |  37 | 4.100000e+01 | 9.790000e+01 | 138.78%| unknown
 time | node  | left  |LP iter|LP it/n|mem/heur|mdpt |vars |cons |rows |cuts |sepa|confs|strbr|  dualbound   | primalbound  |  gap   | compl. 
 2753s|382400 |275329 | 50854k| 133.0 |   586M | 263 | 951 |5425 |5425 |   0 |  0 |   0 |  37 | 4.100000e+01 | 9.790000e+01 | 138.78%| unknown
 2754s|382500 |275405 | 50870k| 133.0 |   586M | 263 | 951 |5425 |5425 |   0 |  0 |   0 |  37 | 4.100000e+01 | 9.790000e+01 | 138.78%| unknown
 2755s|382600 |275475 | 50893k| 133.0 |   586M | 263 | 951 |5425 |5425 |   0 |  0 |   0 |  37 | 4.100000e+01 | 9.790000e+01 | 138.78%| unknown
 2755s|382700 |275557 | 50894k| 133.0 |   586M | 263 | 951 |5425 |5425 |   0 |  0 |   0 |  37 | 4.100000e+01 | 9.790000e+01 | 138.78%| unknown
 2755s|382800 |275631 | 50896k| 133.0 |   587M | 263 | 951 |5425 |5425 |   0 |  0 |   0 |  37 | 4.100000e+01 | 9.790000e+01 | 138.78%| unknown
 2755s|382900 |275701 | 50897k| 132.9 |   587M | 263 | 951 |5425 |5425 |   0 |  0 |   0 |  37 | 4.100000e+01 | 9.790000e+01 | 138.78%| unknown
 2756s|383000 |275763 | 50899k| 132.9 |   587M | 263 | 951 |5425 |5425 |   0 |  0 |   0 |  37 | 4.100000e+01 | 9.790000e+01 | 138.78%| unknown
 2756s|383100 |275827 | 50900k| 132.9 |   587M | 263 | 951 |5425 |5425 |   0 |  0 |   0 |  37 | 4.100000e+01 | 9.790000e+01 | 138.78%| unknown
 2756s|383200 |275905 | 50901k| 132.8 |   587M | 263 | 951 |5425 |5425 |   0 |  0 |   0 |  37 | 4.100000e+01 | 9.790000e+01 | 138.78%| unknown
 2756s|383300 |275975 | 50903k| 132.8 |   587M | 263 | 951 |5425 |5425 |   0 |  0 |   0 |  37 | 4.100000e+01 | 9.790000e+01 | 138.78%| unknown
 2757s|383400 |276057 | 50920k| 132.8 |   587M | 263 | 951 |5425 |5425 |   0 |  0 |   0 |  37 | 4.100000e+01 | 9.790000e+01 | 138.78%| unknown
 2758s|383500 |276113 | 50942k| 132.8 |   587M | 263 | 951 |5425 |5425 |   0 |  0 |   0 |  37 | 4.100000e+01 | 9.790000e+01 | 138.78%| unknown
 2760s|383600 |276183 | 50970k| 132.9 |   587M | 263 | 951 |5425 |5425 |   0 |  0 |   0 |  37 | 4.100000e+01 | 9.790000e+01 | 138.78%| unknown
 2761s|383700 |276267 | 50998k| 132.9 |   587M | 263 | 951 |5425 |5425 |   0 |  0 |   0 |  37 | 4.100000e+01 | 9.790000e+01 | 138.78%| unknown
 2762s|383800 |276327 | 51017k| 132.9 |   587M | 263 | 951 |5425 |5425 |   0 |  0 |   0 |  37 | 4.100000e+01 | 9.790000e+01 | 138.78%| unknown
 time | node  | left  |LP iter|LP it/n|mem/heur|mdpt |vars |cons |rows |cuts |sepa|confs|strbr|  dualbound   | primalbound  |  gap   | compl. 
 2763s|383900 |276399 | 51030k| 132.9 |   587M | 263 | 951 |5425 |5425 |   0 |  0 |   0 |  37 | 4.100000e+01 | 9.790000e+01 | 138.78%| unknown
 2763s|384000 |276475 | 51045k| 132.9 |   588M | 263 | 951 |5425 |5425 |   0 |  0 |   0 |  37 | 4.100000e+01 | 9.790000e+01 | 138.78%| unknown
 2764s|384100 |276545 | 51066k| 132.9 |   588M | 263 | 951 |5425 |5425 |   0 |  0 |   0 |  37 | 4.100000e+01 | 9.790000e+01 | 138.78%| unknown
 2765s|384200 |276617 | 51084k| 133.0 |   588M | 263 | 951 |5425 |5425 |   0 |  0 |   0 |  37 | 4.100000e+01 | 9.790000e+01 | 138.78%| unknown
 2767s|384300 |276689 | 51110k| 133.0 |   588M | 263 | 951 |5425 |5425 |   0 |  0 |   0 |  37 | 4.100000e+01 | 9.790000e+01 | 138.78%| unknown
 2767s|384400 |276757 | 51121k| 133.0 |   588M | 263 | 951 |5425 |5425 |   0 |  0 |   0 |  37 | 4.100000e+01 | 9.790000e+01 | 138.78%| unknown
 2767s|384500 |276829 | 51122k| 133.0 |   588M | 263 | 951 |5425 |5425 |   0 |  0 |   0 |  37 | 4.100000e+01 | 9.790000e+01 | 138.78%| unknown
 2769s|384600 |276893 | 51151k| 133.0 |   588M | 263 | 951 |5425 |5425 |   0 |  0 |   0 |  37 | 4.100000e+01 | 9.790000e+01 | 138.78%| unknown
 2770s|384700 |276955 | 51172k| 133.0 |   588M | 263 | 951 |5425 |5425 |   0 |  0 |   0 |  37 | 4.100000e+01 | 9.790000e+01 | 138.78%| unknown
 2771s|384800 |277039 | 51206k| 133.1 |   588M | 263 | 951 |5425 |5425 |   0 |  0 |   0 |  37 | 4.100000e+01 | 9.790000e+01 | 138.78%| unknown
 2774s|384900 |277117 | 51254k| 133.2 |   588M | 263 | 951 |5425 |5425 |   0 |  0 |   0 |  37 | 4.100000e+01 | 9.790000e+01 | 138.78%| unknown
 2776s|385000 |277187 | 51301k| 133.2 |   588M | 263 | 951 |5425 |5425 |   0 |  0 |   0 |  37 | 4.100000e+01 | 9.790000e+01 | 138.78%| unknown
 2777s|385100 |277253 | 51320k| 133.3 |   590M | 263 | 951 |5425 |5425 |   0 |  0 |   0 |  37 | 4.100000e+01 | 9.790000e+01 | 138.78%| unknown
 2778s|385200 |277335 | 51337k| 133.3 |   590M | 263 | 951 |5425 |5425 |   0 |  0 |   0 |  37 | 4.100000e+01 | 9.790000e+01 | 138.78%| unknown
 2779s|385300 |277405 | 51364k| 133.3 |   590M | 263 | 951 |5425 |5425 |   0 |  0 |   0 |  37 | 4.100000e+01 | 9.790000e+01 | 138.78%| unknown
 time | node  | left  |LP iter|LP it/n|mem/heur|mdpt |vars |cons |rows |cuts |sepa|confs|strbr|  dualbound   | primalbound  |  gap   | compl. 
 2780s|385400 |277469 | 51383k| 133.3 |   590M | 263 | 951 |5425 |5425 |   0 |  0 |   0 |  37 | 4.100000e+01 | 9.790000e+01 | 138.78%| unknown
 2781s|385500 |277531 | 51402k| 133.3 |   590M | 263 | 951 |5425 |5425 |   0 |  0 |   0 |  37 | 4.100000e+01 | 9.790000e+01 | 138.78%| unknown
 2782s|385600 |277603 | 51424k| 133.4 |   590M | 263 | 951 |5425 |5425 |   0 |  0 |   0 |  37 | 4.100000e+01 | 9.790000e+01 | 138.78%| unknown
 2783s|385700 |277677 | 51448k| 133.4 |   590M | 263 | 951 |5425 |5425 |   0 |  0 |   0 |  37 | 4.100000e+01 | 9.790000e+01 | 138.78%| unknown
 2784s|385800 |277731 | 51471k| 133.4 |   590M | 263 | 951 |5425 |5425 |   0 |  0 |   0 |  37 | 4.100000e+01 | 9.790000e+01 | 138.78%| unknown
 2784s|385900 |277803 | 51472k| 133.4 |   590M | 263 | 951 |5425 |5425 |   0 |  0 |   0 |  37 | 4.100000e+01 | 9.790000e+01 | 138.78%| unknown
 2785s|386000 |277855 | 51474k| 133.4 |   590M | 263 | 951 |5425 |5425 |   0 |  0 |   0 |  37 | 4.100000e+01 | 9.790000e+01 | 138.78%| unknown
 2785s|386100 |277925 | 51476k| 133.3 |   590M | 263 | 951 |5425 |5425 |   0 |  0 |   0 |  37 | 4.100000e+01 | 9.790000e+01 | 138.78%| unknown
 2785s|386200 |277995 | 51477k| 133.3 |   591M | 263 | 951 |5425 |5425 |   0 |  0 |   0 |  37 | 4.100000e+01 | 9.790000e+01 | 138.78%| unknown
 2785s|386300 |278059 | 51479k| 133.3 |   591M | 263 | 951 |5425 |5425 |   0 |  0 |   0 |  37 | 4.100000e+01 | 9.790000e+01 | 138.78%| unknown
 2785s|386400 |278129 | 51481k| 133.2 |   591M | 263 | 951 |5425 |5425 |   0 |  0 |   0 |  37 | 4.100000e+01 | 9.790000e+01 | 138.78%| unknown
 2786s|386500 |278211 | 51482k| 133.2 |   591M | 263 | 951 |5425 |5425 |   0 |  0 |   0 |  37 | 4.100000e+01 | 9.790000e+01 | 138.78%| unknown
 2786s|386600 |278267 | 51483k| 133.2 |   591M | 263 | 951 |5425 |5425 |   0 |  0 |   0 |  37 | 4.100000e+01 | 9.790000e+01 | 138.78%| unknown
 2786s|386700 |278325 | 51494k| 133.2 |   591M | 263 | 951 |5425 |5425 |   0 |  0 |   0 |  37 | 4.100000e+01 | 9.790000e+01 | 138.78%| unknown
 2788s|386800 |278387 | 51517k| 133.2 |   591M | 263 | 951 |5425 |5425 |   0 |  0 |   0 |  37 | 4.100000e+01 | 9.790000e+01 | 138.78%| unknown
 time | node  | left  |LP iter|LP it/n|mem/heur|mdpt |vars |cons |rows |cuts |sepa|confs|strbr|  dualbound   | primalbound  |  gap   | compl. 
 2789s|386900 |278463 | 51546k| 133.2 |   591M | 263 | 951 |5425 |5425 |   0 |  0 |   0 |  37 | 4.100000e+01 | 9.790000e+01 | 138.78%| unknown
 2789s|387000 |278533 | 51549k| 133.2 |   591M | 263 | 951 |5425 |5425 |   0 |  0 |   0 |  37 | 4.100000e+01 | 9.790000e+01 | 138.78%| unknown
 2789s|387100 |278589 | 51551k| 133.2 |   591M | 263 | 951 |5425 |5425 |   0 |  0 |   0 |  37 | 4.100000e+01 | 9.790000e+01 | 138.78%| unknown
 2790s|387200 |278669 | 51552k| 133.1 |   591M | 263 | 951 |5425 |5425 |   0 |  0 |   0 |  37 | 4.100000e+01 | 9.790000e+01 | 138.78%| unknown
 2790s|387300 |278731 | 51554k| 133.1 |   591M | 263 | 951 |5425 |5425 |   0 |  0 |   0 |  37 | 4.100000e+01 | 9.790000e+01 | 138.78%| unknown
 2791s|387400 |278795 | 51569k| 133.1 |   592M | 263 | 951 |5425 |5425 |   0 |  0 |   0 |  37 | 4.100000e+01 | 9.790000e+01 | 138.78%| unknown
 2792s|387500 |278875 | 51596k| 133.1 |   593M | 263 | 951 |5425 |5425 |   0 |  0 |   0 |  37 | 4.100000e+01 | 9.790000e+01 | 138.78%| unknown
 2793s|387600 |278945 | 51614k| 133.2 |   593M | 263 | 951 |5425 |5425 |   0 |  0 |   0 |  37 | 4.100000e+01 | 9.790000e+01 | 138.78%| unknown
 2795s|387700 |279009 | 51646k| 133.2 |   593M | 263 | 951 |5425 |5425 |   0 |  0 |   0 |  37 | 4.100000e+01 | 9.790000e+01 | 138.78%| unknown
 2797s|387800 |279071 | 51696k| 133.3 |   593M | 263 | 951 |5425 |5425 |   0 |  0 |   0 |  37 | 4.100000e+01 | 9.790000e+01 | 138.78%| unknown
 2799s|387900 |279139 | 51729k| 133.4 |   593M | 263 | 951 |5425 |5425 |   0 |  0 |   0 |  37 | 4.100000e+01 | 9.790000e+01 | 138.78%| unknown
 2800s|388000 |279203 | 51755k| 133.4 |   593M | 263 | 951 |5425 |5425 |   0 |  0 |   0 |  37 | 4.100000e+01 | 9.790000e+01 | 138.78%| unknown
 2801s|388100 |279267 | 51772k| 133.4 |   593M | 263 | 951 |5425 |5425 |   0 |  0 |   0 |  37 | 4.100000e+01 | 9.790000e+01 | 138.78%| unknown
 2802s|388200 |279327 | 51792k| 133.4 |   593M | 263 | 951 |5425 |5425 |   0 |  0 |   0 |  37 | 4.100000e+01 | 9.790000e+01 | 138.78%| unknown
 2803s|388300 |279399 | 51811k| 133.4 |   593M | 263 | 951 |5425 |5425 |   0 |  0 |   0 |  37 | 4.100000e+01 | 9.790000e+01 | 138.78%| unknown
 time | node  | left  |LP iter|LP it/n|mem/heur|mdpt |vars |cons |rows |cuts |sepa|confs|strbr|  dualbound   | primalbound  |  gap   | compl. 
 2804s|388400 |279459 | 51833k| 133.5 |   593M | 263 | 951 |5425 |5425 |   0 |  0 |   0 |  37 | 4.100000e+01 | 9.790000e+01 | 138.78%| unknown
 2805s|388500 |279527 | 51856k| 133.5 |   593M | 263 | 951 |5425 |5425 |   0 |  0 |   0 |  37 | 4.100000e+01 | 9.790000e+01 | 138.78%| unknown
 2806s|388600 |279585 | 51873k| 133.5 |   594M | 263 | 951 |5425 |5425 |   0 |  0 |   0 |  37 | 4.100000e+01 | 9.790000e+01 | 138.78%| unknown
 2807s|388700 |279655 | 51893k| 133.5 |   595M | 263 | 951 |5425 |5425 |   0 |  0 |   0 |  37 | 4.100000e+01 | 9.790000e+01 | 138.78%| unknown
 2807s|388800 |279717 | 51910k| 133.5 |   595M | 263 | 951 |5425 |5425 |   0 |  0 |   0 |  37 | 4.100000e+01 | 9.790000e+01 | 138.78%| unknown
 2808s|388900 |279801 | 51918k| 133.5 |   595M | 263 | 951 |5425 |5425 |   0 |  0 |   0 |  37 | 4.100000e+01 | 9.790000e+01 | 138.78%| unknown
 2808s|389000 |279863 | 51920k| 133.5 |   595M | 263 | 951 |5425 |5425 |   0 |  0 |   0 |  37 | 4.100000e+01 | 9.790000e+01 | 138.78%| unknown
 2809s|389100 |279917 | 51934k| 133.5 |   595M | 263 | 951 |5425 |5425 |   0 |  0 |   0 |  37 | 4.100000e+01 | 9.790000e+01 | 138.78%| unknown
 2810s|389200 |279993 | 51956k| 133.5 |   595M | 263 | 951 |5425 |5425 |   0 |  0 |   0 |  37 | 4.100000e+01 | 9.790000e+01 | 138.78%| unknown
 2811s|389300 |280061 | 51982k| 133.5 |   595M | 263 | 951 |5425 |5425 |   0 |  0 |   0 |  37 | 4.100000e+01 | 9.790000e+01 | 138.78%| unknown
 2812s|389400 |280143 | 52002k| 133.5 |   595M | 263 | 951 |5425 |5425 |   0 |  0 |   0 |  37 | 4.100000e+01 | 9.790000e+01 | 138.78%| unknown
 2813s|389500 |280219 | 52018k| 133.5 |   595M | 263 | 951 |5425 |5425 |   0 |  0 |   0 |  37 | 4.100000e+01 | 9.790000e+01 | 138.78%| unknown
 2814s|389600 |280277 | 52027k| 133.5 |   595M | 263 | 951 |5425 |5425 |   0 |  0 |   0 |  37 | 4.100000e+01 | 9.790000e+01 | 138.78%| unknown
 2815s|389700 |280359 | 52052k| 133.6 |   595M | 263 | 951 |5425 |5425 |   0 |  0 |   0 |  37 | 4.100000e+01 | 9.790000e+01 | 138.78%| unknown
 2816s|389800 |280425 | 52081k| 133.6 |   596M | 263 | 951 |5425 |5425 |   0 |  0 |   0 |  37 | 4.100000e+01 | 9.790000e+01 | 138.78%| unknown
 time | node  | left  |LP iter|LP it/n|mem/heur|mdpt |vars |cons |rows |cuts |sepa|confs|strbr|  dualbound   | primalbound  |  gap   | compl. 
 2818s|389900 |280487 | 52107k| 133.6 |   596M | 263 | 951 |5425 |5425 |   0 |  0 |   0 |  37 | 4.100000e+01 | 9.790000e+01 | 138.78%| unknown
 2819s|390000 |280547 | 52126k| 133.7 |   596M | 263 | 951 |5425 |5425 |   0 |  0 |   0 |  37 | 4.100000e+01 | 9.790000e+01 | 138.78%| unknown
 2820s|390100 |280617 | 52147k| 133.7 |   596M | 263 | 951 |5425 |5425 |   0 |  0 |   0 |  37 | 4.100000e+01 | 9.790000e+01 | 138.78%| unknown
 2821s|390200 |280691 | 52169k| 133.7 |   596M | 263 | 951 |5425 |5425 |   0 |  0 |   0 |  37 | 4.100000e+01 | 9.790000e+01 | 138.78%| unknown
 2821s|390300 |280753 | 52176k| 133.7 |   596M | 263 | 951 |5425 |5425 |   0 |  0 |   0 |  37 | 4.100000e+01 | 9.790000e+01 | 138.78%| unknown
 2821s|390400 |280819 | 52178k| 133.7 |   596M | 263 | 951 |5425 |5425 |   0 |  0 |   0 |  37 | 4.100000e+01 | 9.790000e+01 | 138.78%| unknown
 2821s|390500 |280887 | 52179k| 133.6 |   596M | 263 | 951 |5425 |5425 |   0 |  0 |   0 |  37 | 4.100000e+01 | 9.790000e+01 | 138.78%| unknown
 2822s|390600 |280951 | 52181k| 133.6 |   597M | 263 | 951 |5425 |5425 |   0 |  0 |   0 |  37 | 4.100000e+01 | 9.790000e+01 | 138.78%| unknown
 2822s|390700 |281019 | 52183k| 133.6 |   597M | 263 | 951 |5425 |5425 |   0 |  0 |   0 |  37 | 4.100000e+01 | 9.790000e+01 | 138.78%| unknown
 2822s|390800 |281073 | 52184k| 133.5 |   597M | 263 | 951 |5425 |5425 |   0 |  0 |   0 |  37 | 4.100000e+01 | 9.790000e+01 | 138.78%| unknown
 2822s|390900 |281143 | 52185k| 133.5 |   597M | 263 | 951 |5425 |5425 |   0 |  0 |   0 |  37 | 4.100000e+01 | 9.790000e+01 | 138.78%| unknown
 2823s|391000 |281199 | 52209k| 133.5 |   598M | 263 | 951 |5425 |5425 |   0 |  0 |   0 |  37 | 4.100000e+01 | 9.790000e+01 | 138.78%| unknown
 2824s|391100 |281263 | 52227k| 133.5 |   598M | 263 | 951 |5425 |5425 |   0 |  0 |   0 |  37 | 4.100000e+01 | 9.790000e+01 | 138.78%| unknown
 2825s|391200 |281333 | 52247k| 133.6 |   598M | 263 | 951 |5425 |5425 |   0 |  0 |   0 |  37 | 4.100000e+01 | 9.790000e+01 | 138.78%| unknown
 2826s|391300 |281397 | 52253k| 133.5 |   598M | 263 | 951 |5425 |5425 |   0 |  0 |   0 |  37 | 4.100000e+01 | 9.790000e+01 | 138.78%| unknown
 time | node  | left  |LP iter|LP it/n|mem/heur|mdpt |vars |cons |rows |cuts |sepa|confs|strbr|  dualbound   | primalbound  |  gap   | compl. 
 2826s|391400 |281459 | 52255k| 133.5 |   598M | 263 | 951 |5425 |5425 |   0 |  0 |   0 |  37 | 4.100000e+01 | 9.790000e+01 | 138.78%| unknown
 2826s|391500 |281521 | 52256k| 133.5 |   598M | 263 | 951 |5425 |5425 |   0 |  0 |   0 |  37 | 4.100000e+01 | 9.790000e+01 | 138.78%| unknown
 2826s|391600 |281593 | 52258k| 133.4 |   598M | 263 | 951 |5425 |5425 |   0 |  0 |   0 |  37 | 4.100000e+01 | 9.790000e+01 | 138.78%| unknown
 2826s|391700 |281659 | 52259k| 133.4 |   598M | 263 | 951 |5425 |5425 |   0 |  0 |   0 |  37 | 4.100000e+01 | 9.790000e+01 | 138.78%| unknown
 2827s|391800 |281725 | 52260k| 133.4 |   598M | 263 | 951 |5425 |5425 |   0 |  0 |   0 |  37 | 4.100000e+01 | 9.790000e+01 | 138.78%| unknown
 2827s|391900 |281797 | 52262k| 133.4 |   598M | 263 | 951 |5425 |5425 |   0 |  0 |   0 |  37 | 4.100000e+01 | 9.790000e+01 | 138.78%| unknown
 2827s|392000 |281875 | 52263k| 133.3 |   598M | 263 | 951 |5425 |5425 |   0 |  0 |   0 |  37 | 4.100000e+01 | 9.790000e+01 | 138.78%| unknown
 2827s|392100 |281941 | 52264k| 133.3 |   598M | 263 | 951 |5425 |5425 |   0 |  0 |   0 |  37 | 4.100000e+01 | 9.790000e+01 | 138.78%| unknown
 2827s|392200 |282005 | 52266k| 133.3 |   599M | 263 | 951 |5425 |5425 |   0 |  0 |   0 |  37 | 4.100000e+01 | 9.790000e+01 | 138.78%| unknown
 2828s|392300 |282067 | 52267k| 133.2 |   599M | 263 | 951 |5425 |5425 |   0 |  0 |   0 |  37 | 4.100000e+01 | 9.790000e+01 | 138.78%| unknown
 2828s|392400 |282129 | 52269k| 133.2 |   599M | 263 | 951 |5425 |5425 |   0 |  0 |   0 |  37 | 4.100000e+01 | 9.790000e+01 | 138.78%| unknown
 2828s|392500 |282201 | 52270k| 133.2 |   599M | 263 | 951 |5425 |5425 |   0 |  0 |   0 |  37 | 4.100000e+01 | 9.790000e+01 | 138.78%| unknown
 2828s|392600 |282273 | 52272k| 133.1 |   599M | 263 | 951 |5425 |5425 |   0 |  0 |   0 |  37 | 4.100000e+01 | 9.790000e+01 | 138.78%| unknown
 2828s|392700 |282345 | 52274k| 133.1 |   599M | 263 | 951 |5425 |5425 |   0 |  0 |   0 |  37 | 4.100000e+01 | 9.790000e+01 | 138.78%| unknown
 2829s|392800 |282397 | 52275k| 133.1 |   599M | 263 | 951 |5425 |5425 |   0 |  0 |   0 |  37 | 4.100000e+01 | 9.790000e+01 | 138.78%| unknown
 time | node  | left  |LP iter|LP it/n|mem/heur|mdpt |vars |cons |rows |cuts |sepa|confs|strbr|  dualbound   | primalbound  |  gap   | compl. 
 2829s|392900 |282463 | 52276k| 133.1 |   599M | 263 | 951 |5425 |5425 |   0 |  0 |   0 |  37 | 4.100000e+01 | 9.790000e+01 | 138.78%| unknown
 2829s|393000 |282539 | 52278k| 133.0 |   600M | 263 | 951 |5425 |5425 |   0 |  0 |   0 |  37 | 4.100000e+01 | 9.790000e+01 | 138.78%| unknown
 2829s|393100 |282613 | 52279k| 133.0 |   600M | 263 | 951 |5425 |5425 |   0 |  0 |   0 |  37 | 4.100000e+01 | 9.790000e+01 | 138.78%| unknown
 2829s|393200 |282687 | 52280k| 133.0 |   600M | 263 | 951 |5425 |5425 |   0 |  0 |   0 |  37 | 4.100000e+01 | 9.790000e+01 | 138.78%| unknown
 2829s|393300 |282759 | 52282k| 132.9 |   601M | 263 | 951 |5425 |5425 |   0 |  0 |   0 |  37 | 4.100000e+01 | 9.790000e+01 | 138.78%| unknown
 2830s|393400 |282819 | 52284k| 132.9 |   601M | 263 | 951 |5425 |5425 |   0 |  0 |   0 |  37 | 4.100000e+01 | 9.790000e+01 | 138.78%| unknown
 2830s|393500 |282893 | 52285k| 132.9 |   601M | 263 | 951 |5425 |5425 |   0 |  0 |   0 |  37 | 4.100000e+01 | 9.790000e+01 | 138.78%| unknown
 2830s|393600 |282961 | 52287k| 132.8 |   601M | 263 | 951 |5425 |5425 |   0 |  0 |   0 |  37 | 4.100000e+01 | 9.790000e+01 | 138.78%| unknown
 2830s|393700 |283037 | 52288k| 132.8 |   601M | 263 | 951 |5425 |5425 |   0 |  0 |   0 |  37 | 4.100000e+01 | 9.790000e+01 | 138.78%| unknown
 2830s|393800 |283117 | 52289k| 132.8 |   601M | 263 | 951 |5425 |5425 |   0 |  0 |   0 |  37 | 4.100000e+01 | 9.790000e+01 | 138.78%| unknown
 2831s|393900 |283199 | 52291k| 132.8 |   601M | 263 | 951 |5425 |5425 |   0 |  0 |   0 |  37 | 4.100000e+01 | 9.790000e+01 | 138.78%| unknown
 2831s|394000 |283253 | 52292k| 132.7 |   601M | 263 | 951 |5425 |5425 |   0 |  0 |   0 |  37 | 4.100000e+01 | 9.790000e+01 | 138.78%| unknown
 2831s|394100 |283321 | 52294k| 132.7 |   601M | 263 | 951 |5425 |5425 |   0 |  0 |   0 |  37 | 4.100000e+01 | 9.790000e+01 | 138.78%| unknown
 2831s|394200 |283411 | 52295k| 132.7 |   601M | 263 | 951 |5425 |5425 |   0 |  0 |   0 |  37 | 4.100000e+01 | 9.790000e+01 | 138.78%| unknown
 2831s|394300 |283473 | 52296k| 132.6 |   601M | 263 | 951 |5425 |5425 |   0 |  0 |   0 |  37 | 4.100000e+01 | 9.790000e+01 | 138.78%| unknown
 time | node  | left  |LP iter|LP it/n|mem/heur|mdpt |vars |cons |rows |cuts |sepa|confs|strbr|  dualbound   | primalbound  |  gap   | compl. 
 2832s|394400 |283537 | 52298k| 132.6 |   602M | 263 | 951 |5425 |5425 |   0 |  0 |   0 |  37 | 4.100000e+01 | 9.790000e+01 | 138.78%| unknown
 2832s|394500 |283609 | 52308k| 132.6 |   602M | 263 | 951 |5425 |5425 |   0 |  0 |   0 |  37 | 4.100000e+01 | 9.790000e+01 | 138.78%| unknown
 2832s|394600 |283669 | 52310k| 132.6 |   602M | 263 | 951 |5425 |5425 |   0 |  0 |   0 |  37 | 4.100000e+01 | 9.790000e+01 | 138.78%| unknown
 2833s|394700 |283735 | 52312k| 132.5 |   602M | 263 | 951 |5425 |5425 |   0 |  0 |   0 |  37 | 4.100000e+01 | 9.790000e+01 | 138.78%| unknown
 2833s|394800 |283819 | 52313k| 132.5 |   602M | 263 | 951 |5425 |5425 |   0 |  0 |   0 |  37 | 4.100000e+01 | 9.790000e+01 | 138.78%| unknown
 2833s|394900 |283889 | 52314k| 132.5 |   602M | 263 | 951 |5425 |5425 |   0 |  0 |   0 |  37 | 4.100000e+01 | 9.790000e+01 | 138.78%| unknown
 2834s|395000 |283949 | 52330k| 132.5 |   602M | 263 | 951 |5425 |5425 |   0 |  0 |   0 |  37 | 4.100000e+01 | 9.790000e+01 | 138.78%| unknown
 2835s|395100 |284023 | 52356k| 132.5 |   602M | 263 | 951 |5425 |5425 |   0 |  0 |   0 |  37 | 4.100000e+01 | 9.790000e+01 | 138.78%| unknown
 2835s|395200 |284089 | 52357k| 132.5 |   603M | 263 | 951 |5425 |5425 |   0 |  0 |   0 |  37 | 4.100000e+01 | 9.790000e+01 | 138.78%| unknown
 2835s|395300 |284165 | 52358k| 132.5 |   603M | 263 | 951 |5425 |5425 |   0 |  0 |   0 |  37 | 4.100000e+01 | 9.790000e+01 | 138.78%| unknown
 2835s|395400 |284239 | 52360k| 132.4 |   603M | 263 | 951 |5425 |5425 |   0 |  0 |   0 |  37 | 4.100000e+01 | 9.790000e+01 | 138.78%| unknown
 2836s|395500 |284295 | 52375k| 132.4 |   603M | 263 | 951 |5425 |5425 |   0 |  0 |   0 |  37 | 4.100000e+01 | 9.790000e+01 | 138.78%| unknown
 2837s|395600 |284369 | 52381k| 132.4 |   604M | 263 | 951 |5425 |5425 |   0 |  0 |   0 |  37 | 4.100000e+01 | 9.790000e+01 | 138.78%| unknown
 2837s|395700 |284441 | 52383k| 132.4 |   604M | 263 | 951 |5425 |5425 |   0 |  0 |   0 |  37 | 4.100000e+01 | 9.790000e+01 | 138.78%| unknown
 2837s|395800 |284513 | 52384k| 132.3 |   604M | 263 | 951 |5425 |5425 |   0 |  0 |   0 |  37 | 4.100000e+01 | 9.790000e+01 | 138.78%| unknown
 time | node  | left  |LP iter|LP it/n|mem/heur|mdpt |vars |cons |rows |cuts |sepa|confs|strbr|  dualbound   | primalbound  |  gap   | compl. 
 2837s|395900 |284585 | 52385k| 132.3 |   604M | 263 | 951 |5425 |5425 |   0 |  0 |   0 |  37 | 4.100000e+01 | 9.790000e+01 | 138.78%| unknown
 2837s|396000 |284653 | 52387k| 132.3 |   604M | 263 | 951 |5425 |5425 |   0 |  0 |   0 |  37 | 4.100000e+01 | 9.790000e+01 | 138.78%| unknown
 2839s|396100 |284721 | 52419k| 132.3 |   605M | 263 | 951 |5425 |5425 |   0 |  0 |   0 |  37 | 4.100000e+01 | 9.790000e+01 | 138.78%| unknown
 2840s|396200 |284779 | 52436k| 132.3 |   605M | 263 | 951 |5425 |5425 |   0 |  0 |   0 |  37 | 4.100000e+01 | 9.790000e+01 | 138.78%| unknown
 2840s|396300 |284835 | 52438k| 132.3 |   605M | 263 | 951 |5425 |5425 |   0 |  0 |   0 |  37 | 4.100000e+01 | 9.790000e+01 | 138.78%| unknown
 2840s|396400 |284895 | 52440k| 132.3 |   605M | 263 | 951 |5425 |5425 |   0 |  0 |   0 |  37 | 4.100000e+01 | 9.790000e+01 | 138.78%| unknown
 2840s|396500 |284971 | 52441k| 132.3 |   605M | 263 | 951 |5425 |5425 |   0 |  0 |   0 |  37 | 4.100000e+01 | 9.790000e+01 | 138.78%| unknown
 2841s|396600 |285043 | 52442k| 132.2 |   605M | 263 | 951 |5425 |5425 |   0 |  0 |   0 |  37 | 4.100000e+01 | 9.790000e+01 | 138.78%| unknown
 2841s|396700 |285105 | 52455k| 132.2 |   605M | 263 | 951 |5425 |5425 |   0 |  0 |   0 |  37 | 4.100000e+01 | 9.790000e+01 | 138.78%| unknown
 2842s|396800 |285191 | 52481k| 132.3 |   606M | 263 | 951 |5425 |5425 |   0 |  0 |   0 |  37 | 4.100000e+01 | 9.790000e+01 | 138.78%| unknown
 2844s|396900 |285267 | 52501k| 132.3 |   606M | 263 | 951 |5425 |5425 |   0 |  0 |   0 |  37 | 4.100000e+01 | 9.790000e+01 | 138.78%| unknown
 2844s|397000 |285331 | 52518k| 132.3 |   606M | 263 | 951 |5425 |5425 |   0 |  0 |   0 |  37 | 4.100000e+01 | 9.790000e+01 | 138.78%| unknown
 2846s|397100 |285409 | 52540k| 132.3 |   606M | 263 | 951 |5425 |5425 |   0 |  0 |   0 |  37 | 4.100000e+01 | 9.790000e+01 | 138.78%| unknown
 2846s|397200 |285487 | 52553k| 132.3 |   606M | 263 | 951 |5425 |5425 |   0 |  0 |   0 |  37 | 4.100000e+01 | 9.790000e+01 | 138.78%| unknown
 2846s|397300 |285555 | 52554k| 132.3 |   606M | 263 | 951 |5425 |5425 |   0 |  0 |   0 |  37 | 4.100000e+01 | 9.790000e+01 | 138.78%| unknown
 time | node  | left  |LP iter|LP it/n|mem/heur|mdpt |vars |cons |rows |cuts |sepa|confs|strbr|  dualbound   | primalbound  |  gap   | compl. 
 2847s|397400 |285641 | 52555k| 132.2 |   606M | 263 | 951 |5425 |5425 |   0 |  0 |   0 |  37 | 4.100000e+01 | 9.790000e+01 | 138.78%| unknown
 2847s|397500 |285699 | 52572k| 132.3 |   606M | 263 | 951 |5425 |5425 |   0 |  0 |   0 |  37 | 4.100000e+01 | 9.790000e+01 | 138.78%| unknown
 2849s|397600 |285753 | 52593k| 132.3 |   606M | 263 | 951 |5425 |5425 |   0 |  0 |   0 |  37 | 4.100000e+01 | 9.790000e+01 | 138.78%| unknown
 2850s|397700 |285813 | 52613k| 132.3 |   606M | 263 | 951 |5425 |5425 |   0 |  0 |   0 |  37 | 4.100000e+01 | 9.790000e+01 | 138.78%| unknown
 2851s|397800 |285867 | 52637k| 132.3 |   606M | 263 | 951 |5425 |5425 |   0 |  0 |   0 |  37 | 4.100000e+01 | 9.790000e+01 | 138.78%| unknown
 2852s|397900 |285927 | 52662k| 132.3 |   607M | 263 | 951 |5425 |5425 |   0 |  0 |   0 |  37 | 4.100000e+01 | 9.790000e+01 | 138.78%| unknown
 2853s|398000 |286005 | 52687k| 132.4 |   607M | 263 | 951 |5425 |5425 |   0 |  0 |   0 |  37 | 4.100000e+01 | 9.790000e+01 | 138.78%| unknown
 2855s|398100 |286077 | 52722k| 132.4 |   607M | 263 | 951 |5425 |5425 |   0 |  0 |   0 |  37 | 4.100000e+01 | 9.790000e+01 | 138.78%| unknown
 2856s|398200 |286133 | 52744k| 132.5 |   607M | 263 | 951 |5425 |5425 |   0 |  0 |   0 |  37 | 4.100000e+01 | 9.790000e+01 | 138.78%| unknown
 2856s|398300 |286191 | 52746k| 132.4 |   607M | 263 | 951 |5425 |5425 |   0 |  0 |   0 |  37 | 4.100000e+01 | 9.790000e+01 | 138.78%| unknown
 2856s|398400 |286263 | 52747k| 132.4 |   608M | 263 | 951 |5425 |5425 |   0 |  0 |   0 |  37 | 4.100000e+01 | 9.790000e+01 | 138.78%| unknown
 2856s|398500 |286323 | 52749k| 132.4 |   608M | 263 | 951 |5425 |5425 |   0 |  0 |   0 |  37 | 4.100000e+01 | 9.790000e+01 | 138.78%| unknown
 2857s|398600 |286409 | 52750k| 132.3 |   608M | 263 | 951 |5425 |5425 |   0 |  0 |   0 |  37 | 4.100000e+01 | 9.790000e+01 | 138.78%| unknown
 2857s|398700 |286483 | 52751k| 132.3 |   608M | 263 | 951 |5425 |5425 |   0 |  0 |   0 |  37 | 4.100000e+01 | 9.790000e+01 | 138.78%| unknown
 2857s|398800 |286553 | 52753k| 132.3 |   608M | 263 | 951 |5425 |5425 |   0 |  0 |   0 |  37 | 4.100000e+01 | 9.790000e+01 | 138.78%| unknown
 time | node  | left  |LP iter|LP it/n|mem/heur|mdpt |vars |cons |rows |cuts |sepa|confs|strbr|  dualbound   | primalbound  |  gap   | compl. 
 2857s|398900 |286627 | 52754k| 132.2 |   608M | 263 | 951 |5425 |5425 |   0 |  0 |   0 |  37 | 4.100000e+01 | 9.790000e+01 | 138.78%| unknown
 2857s|399000 |286695 | 52756k| 132.2 |   608M | 263 | 951 |5425 |5425 |   0 |  0 |   0 |  37 | 4.100000e+01 | 9.790000e+01 | 138.78%| unknown
 2858s|399100 |286769 | 52771k| 132.2 |   609M | 263 | 951 |5425 |5425 |   0 |  0 |   0 |  37 | 4.100000e+01 | 9.790000e+01 | 138.78%| unknown
 2859s|399200 |286847 | 52788k| 132.2 |   609M | 263 | 951 |5425 |5425 |   0 |  0 |   0 |  37 | 4.100000e+01 | 9.790000e+01 | 138.78%| unknown
 2860s|399300 |286925 | 52815k| 132.3 |   609M | 263 | 951 |5425 |5425 |   0 |  0 |   0 |  37 | 4.100000e+01 | 9.790000e+01 | 138.78%| unknown
 2863s|399400 |287005 | 52861k| 132.3 |   609M | 263 | 951 |5425 |5425 |   0 |  0 |   0 |  37 | 4.100000e+01 | 9.790000e+01 | 138.78%| unknown
 2864s|399500 |287091 | 52885k| 132.4 |   609M | 263 | 951 |5425 |5425 |   0 |  0 |   0 |  37 | 4.100000e+01 | 9.790000e+01 | 138.78%| unknown
 2865s|399600 |287159 | 52911k| 132.4 |   609M | 263 | 951 |5425 |5425 |   0 |  0 |   0 |  37 | 4.100000e+01 | 9.790000e+01 | 138.78%| unknown
 2865s|399700 |287231 | 52913k| 132.4 |   609M | 263 | 951 |5425 |5425 |   0 |  0 |   0 |  37 | 4.100000e+01 | 9.790000e+01 | 138.78%| unknown
 2865s|399800 |287311 | 52915k| 132.4 |   609M | 263 | 951 |5425 |5425 |   0 |  0 |   0 |  37 | 4.100000e+01 | 9.790000e+01 | 138.78%| unknown
 2866s|399900 |287391 | 52917k| 132.3 |   609M | 263 | 951 |5425 |5425 |   0 |  0 |   0 |  37 | 4.100000e+01 | 9.790000e+01 | 138.78%| unknown
 2866s|400000 |287465 | 52918k| 132.3 |   609M | 263 | 951 |5425 |5425 |   0 |  0 |   0 |  37 | 4.100000e+01 | 9.790000e+01 | 138.78%| unknown
 2866s|400100 |287537 | 52919k| 132.3 |   610M | 263 | 951 |5425 |5425 |   0 |  0 |   0 |  37 | 4.100000e+01 | 9.790000e+01 | 138.78%| unknown
 2866s|400200 |287615 | 52921k| 132.2 |   610M | 263 | 951 |5425 |5425 |   0 |  0 |   0 |  37 | 4.100000e+01 | 9.790000e+01 | 138.78%| unknown
 2868s|400300 |287679 | 52947k| 132.3 |   610M | 263 | 951 |5425 |5425 |   0 |  0 |   0 |  37 | 4.100000e+01 | 9.790000e+01 | 138.78%| unknown
 time | node  | left  |LP iter|LP it/n|mem/heur|mdpt |vars |cons |rows |cuts |sepa|confs|strbr|  dualbound   | primalbound  |  gap   | compl. 
 2869s|400400 |287755 | 52971k| 132.3 |   610M | 263 | 951 |5425 |5425 |   0 |  0 |   0 |  37 | 4.100000e+01 | 9.790000e+01 | 138.78%| unknown
 2870s|400500 |287833 | 53008k| 132.4 |   610M | 263 | 951 |5425 |5425 |   0 |  0 |   0 |  37 | 4.100000e+01 | 9.790000e+01 | 138.78%| unknown
 2871s|400600 |287907 | 53023k| 132.4 |   610M | 263 | 951 |5425 |5425 |   0 |  0 |   0 |  37 | 4.100000e+01 | 9.790000e+01 | 138.78%| unknown
 2872s|400700 |287975 | 53042k| 132.4 |   610M | 263 | 951 |5425 |5425 |   0 |  0 |   0 |  37 | 4.100000e+01 | 9.790000e+01 | 138.78%| unknown
 2873s|400800 |288049 | 53060k| 132.4 |   610M | 263 | 951 |5425 |5425 |   0 |  0 |   0 |  37 | 4.100000e+01 | 9.790000e+01 | 138.78%| unknown
 2874s|400900 |288113 | 53085k| 132.4 |   610M | 263 | 951 |5425 |5425 |   0 |  0 |   0 |  37 | 4.100000e+01 | 9.790000e+01 | 138.78%| unknown
 2876s|401000 |288187 | 53111k| 132.4 |   610M | 263 | 951 |5425 |5425 |   0 |  0 |   0 |  37 | 4.100000e+01 | 9.790000e+01 | 138.78%| unknown
 2876s|401100 |288269 | 53125k| 132.4 |   610M | 263 | 951 |5425 |5425 |   0 |  0 |   0 |  37 | 4.100000e+01 | 9.790000e+01 | 138.78%| unknown
 2877s|401200 |288341 | 53141k| 132.5 |   611M | 263 | 951 |5425 |5425 |   0 |  0 |   0 |  37 | 4.100000e+01 | 9.790000e+01 | 138.78%| unknown
 2878s|401300 |288409 | 53145k| 132.4 |   611M | 263 | 951 |5425 |5425 |   0 |  0 |   0 |  37 | 4.100000e+01 | 9.790000e+01 | 138.78%| unknown
 2878s|401400 |288471 | 53147k| 132.4 |   612M | 263 | 951 |5425 |5425 |   0 |  0 |   0 |  37 | 4.100000e+01 | 9.790000e+01 | 138.78%| unknown
 2878s|401500 |288543 | 53148k| 132.4 |   612M | 263 | 951 |5425 |5425 |   0 |  0 |   0 |  37 | 4.100000e+01 | 9.790000e+01 | 138.78%| unknown
 2878s|401600 |288607 | 53150k| 132.3 |   613M | 263 | 951 |5425 |5425 |   0 |  0 |   0 |  37 | 4.100000e+01 | 9.790000e+01 | 138.78%| unknown
 2878s|401700 |288681 | 53151k| 132.3 |   613M | 263 | 951 |5425 |5425 |   0 |  0 |   0 |  37 | 4.100000e+01 | 9.790000e+01 | 138.78%| unknown
 2879s|401800 |288743 | 53153k| 132.3 |   613M | 263 | 951 |5425 |5425 |   0 |  0 |   0 |  37 | 4.100000e+01 | 9.790000e+01 | 138.78%| unknown
 time | node  | left  |LP iter|LP it/n|mem/heur|mdpt |vars |cons |rows |cuts |sepa|confs|strbr|  dualbound   | primalbound  |  gap   | compl. 
 2879s|401900 |288813 | 53154k| 132.3 |   613M | 263 | 951 |5425 |5425 |   0 |  0 |   0 |  37 | 4.100000e+01 | 9.790000e+01 | 138.78%| unknown
 2879s|402000 |288867 | 53155k| 132.2 |   613M | 263 | 951 |5425 |5425 |   0 |  0 |   0 |  37 | 4.100000e+01 | 9.790000e+01 | 138.78%| unknown
 2879s|402100 |288935 | 53157k| 132.2 |   613M | 263 | 951 |5425 |5425 |   0 |  0 |   0 |  37 | 4.100000e+01 | 9.790000e+01 | 138.78%| unknown
 2880s|402200 |289007 | 53163k| 132.2 |   613M | 263 | 951 |5425 |5425 |   0 |  0 |   0 |  37 | 4.100000e+01 | 9.790000e+01 | 138.78%| unknown
 2880s|402300 |289087 | 53164k| 132.1 |   614M | 263 | 951 |5425 |5425 |   0 |  0 |   0 |  37 | 4.100000e+01 | 9.790000e+01 | 138.78%| unknown
 2880s|402400 |289155 | 53165k| 132.1 |   614M | 263 | 951 |5425 |5425 |   0 |  0 |   0 |  37 | 4.100000e+01 | 9.790000e+01 | 138.78%| unknown
 2880s|402500 |289211 | 53167k| 132.1 |   614M | 263 | 951 |5425 |5425 |   0 |  0 |   0 |  37 | 4.100000e+01 | 9.790000e+01 | 138.78%| unknown
 2880s|402600 |289283 | 53169k| 132.1 |   614M | 263 | 951 |5425 |5425 |   0 |  0 |   0 |  37 | 4.100000e+01 | 9.790000e+01 | 138.78%| unknown
 2880s|402700 |289357 | 53170k| 132.0 |   614M | 263 | 951 |5425 |5425 |   0 |  0 |   0 |  37 | 4.100000e+01 | 9.790000e+01 | 138.78%| unknown
 2881s|402800 |289439 | 53172k| 132.0 |   614M | 263 | 951 |5425 |5425 |   0 |  0 |   0 |  37 | 4.100000e+01 | 9.790000e+01 | 138.78%| unknown
 2881s|402900 |289505 | 53173k| 132.0 |   614M | 263 | 951 |5425 |5425 |   0 |  0 |   0 |  37 | 4.100000e+01 | 9.790000e+01 | 138.78%| unknown
 2881s|403000 |289557 | 53175k| 131.9 |   614M | 263 | 951 |5425 |5425 |   0 |  0 |   0 |  37 | 4.100000e+01 | 9.790000e+01 | 138.78%| unknown
 2881s|403100 |289635 | 53176k| 131.9 |   614M | 263 | 951 |5425 |5425 |   0 |  0 |   0 |  37 | 4.100000e+01 | 9.790000e+01 | 138.78%| unknown
 2881s|403200 |289721 | 53177k| 131.9 |   614M | 263 | 951 |5425 |5425 |   0 |  0 |   0 |  37 | 4.100000e+01 | 9.790000e+01 | 138.78%| unknown
 2882s|403300 |289797 | 53179k| 131.9 |   614M | 263 | 951 |5425 |5425 |   0 |  0 |   0 |  37 | 4.100000e+01 | 9.790000e+01 | 138.78%| unknown
 time | node  | left  |LP iter|LP it/n|mem/heur|mdpt |vars |cons |rows |cuts |sepa|confs|strbr|  dualbound   | primalbound  |  gap   | compl. 
 2882s|403400 |289881 | 53180k| 131.8 |   615M | 263 | 951 |5425 |5425 |   0 |  0 |   0 |  37 | 4.100000e+01 | 9.790000e+01 | 138.78%| unknown
 2882s|403500 |289955 | 53183k| 131.8 |   615M | 263 | 951 |5425 |5425 |   0 |  0 |   0 |  37 | 4.100000e+01 | 9.790000e+01 | 138.78%| unknown
 2882s|403600 |290027 | 53184k| 131.8 |   616M | 263 | 951 |5425 |5425 |   0 |  0 |   0 |  37 | 4.100000e+01 | 9.790000e+01 | 138.78%| unknown
 2883s|403700 |290095 | 53199k| 131.8 |   616M | 263 | 951 |5425 |5425 |   0 |  0 |   0 |  37 | 4.100000e+01 | 9.790000e+01 | 138.78%| unknown
 2884s|403800 |290157 | 53225k| 131.8 |   616M | 263 | 951 |5425 |5425 |   0 |  0 |   0 |  37 | 4.100000e+01 | 9.790000e+01 | 138.78%| unknown
 2886s|403900 |290237 | 53259k| 131.9 |   616M | 263 | 951 |5425 |5425 |   0 |  0 |   0 |  37 | 4.100000e+01 | 9.790000e+01 | 138.78%| unknown
 2887s|404000 |290297 | 53289k| 131.9 |   616M | 263 | 951 |5425 |5425 |   0 |  0 |   0 |  37 | 4.100000e+01 | 9.790000e+01 | 138.78%| unknown
 2890s|404100 |290369 | 53337k| 132.0 |   616M | 263 | 951 |5425 |5425 |   0 |  0 |   0 |  37 | 4.100000e+01 | 9.790000e+01 | 138.78%| unknown
 2891s|404200 |290439 | 53358k| 132.0 |   616M | 263 | 951 |5425 |5425 |   0 |  0 |   0 |  37 | 4.100000e+01 | 9.790000e+01 | 138.78%| unknown
 2892s|404300 |290517 | 53375k| 132.0 |   616M | 263 | 951 |5425 |5425 |   0 |  0 |   0 |  37 | 4.100000e+01 | 9.790000e+01 | 138.78%| unknown
 2893s|404400 |290571 | 53409k| 132.1 |   616M | 263 | 951 |5425 |5425 |   0 |  0 |   0 |  37 | 4.100000e+01 | 9.790000e+01 | 138.78%| unknown
 2894s|404500 |290657 | 53426k| 132.1 |   616M | 263 | 951 |5425 |5425 |   0 |  0 |   0 |  37 | 4.100000e+01 | 9.790000e+01 | 138.78%| unknown
 2895s|404600 |290735 | 53441k| 132.1 |   617M | 263 | 951 |5425 |5425 |   0 |  0 |   0 |  37 | 4.100000e+01 | 9.790000e+01 | 138.78%| unknown
 2896s|404700 |290813 | 53460k| 132.1 |   617M | 263 | 951 |5425 |5425 |   0 |  0 |   0 |  37 | 4.100000e+01 | 9.790000e+01 | 138.78%| unknown
 2897s|404800 |290879 | 53486k| 132.1 |   617M | 263 | 951 |5425 |5425 |   0 |  0 |   0 |  37 | 4.100000e+01 | 9.790000e+01 | 138.78%| unknown
 time | node  | left  |LP iter|LP it/n|mem/heur|mdpt |vars |cons |rows |cuts |sepa|confs|strbr|  dualbound   | primalbound  |  gap   | compl. 
 2899s|404900 |290957 | 53526k| 132.2 |   617M | 263 | 951 |5425 |5425 |   0 |  0 |   0 |  37 | 4.100000e+01 | 9.790000e+01 | 138.78%| unknown
 2900s|405000 |291021 | 53549k| 132.2 |   617M | 263 | 951 |5425 |5425 |   0 |  0 |   0 |  37 | 4.100000e+01 | 9.790000e+01 | 138.78%| unknown
 2901s|405100 |291079 | 53572k| 132.2 |   617M | 263 | 951 |5425 |5425 |   0 |  0 |   0 |  37 | 4.100000e+01 | 9.790000e+01 | 138.78%| unknown
 2902s|405200 |291139 | 53577k| 132.2 |   617M | 263 | 951 |5425 |5425 |   0 |  0 |   0 |  37 | 4.100000e+01 | 9.790000e+01 | 138.78%| unknown
 2902s|405300 |291197 | 53579k| 132.2 |   617M | 263 | 951 |5425 |5425 |   0 |  0 |   0 |  37 | 4.100000e+01 | 9.790000e+01 | 138.78%| unknown
 2903s|405400 |291271 | 53602k| 132.2 |   617M | 263 | 951 |5425 |5425 |   0 |  0 |   0 |  37 | 4.100000e+01 | 9.790000e+01 | 138.78%| unknown
 2904s|405500 |291341 | 53629k| 132.3 |   617M | 263 | 951 |5425 |5425 |   0 |  0 |   0 |  37 | 4.100000e+01 | 9.790000e+01 | 138.78%| unknown
 2905s|405600 |291417 | 53652k| 132.3 |   617M | 263 | 951 |5425 |5425 |   0 |  0 |   0 |  37 | 4.100000e+01 | 9.790000e+01 | 138.78%| unknown
 2907s|405700 |291487 | 53678k| 132.3 |   618M | 263 | 951 |5425 |5425 |   0 |  0 |   0 |  37 | 4.100000e+01 | 9.790000e+01 | 138.78%| unknown
 2908s|405800 |291561 | 53700k| 132.3 |   618M | 263 | 951 |5425 |5425 |   0 |  0 |   0 |  37 | 4.100000e+01 | 9.790000e+01 | 138.78%| unknown
 2909s|405900 |291619 | 53735k| 132.4 |   618M | 263 | 951 |5425 |5425 |   0 |  0 |   0 |  37 | 4.100000e+01 | 9.790000e+01 | 138.78%| unknown
 2911s|406000 |291685 | 53767k| 132.4 |   618M | 263 | 951 |5425 |5425 |   0 |  0 |   0 |  37 | 4.100000e+01 | 9.790000e+01 | 138.78%| unknown
 2911s|406100 |291733 | 53768k| 132.4 |   618M | 263 | 951 |5425 |5425 |   0 |  0 |   0 |  37 | 4.100000e+01 | 9.790000e+01 | 138.78%| unknown
 2911s|406200 |291805 | 53770k| 132.4 |   618M | 263 | 951 |5425 |5425 |   0 |  0 |   0 |  37 | 4.100000e+01 | 9.790000e+01 | 138.78%| unknown
 2911s|406300 |291881 | 53771k| 132.3 |   618M | 263 | 951 |5425 |5425 |   0 |  0 |   0 |  37 | 4.100000e+01 | 9.790000e+01 | 138.78%| unknown
 time | node  | left  |LP iter|LP it/n|mem/heur|mdpt |vars |cons |rows |cuts |sepa|confs|strbr|  dualbound   | primalbound  |  gap   | compl. 
 2912s|406400 |291943 | 53773k| 132.3 |   618M | 263 | 951 |5425 |5425 |   0 |  0 |   0 |  37 | 4.100000e+01 | 9.790000e+01 | 138.78%| unknown
 2912s|406500 |292005 | 53775k| 132.3 |   618M | 263 | 951 |5425 |5425 |   0 |  0 |   0 |  37 | 4.100000e+01 | 9.790000e+01 | 138.78%| unknown
 2912s|406600 |292059 | 53777k| 132.3 |   618M | 263 | 951 |5425 |5425 |   0 |  0 |   0 |  37 | 4.100000e+01 | 9.790000e+01 | 138.78%| unknown
 2912s|406700 |292129 | 53778k| 132.2 |   618M | 263 | 951 |5425 |5425 |   0 |  0 |   0 |  37 | 4.100000e+01 | 9.790000e+01 | 138.78%| unknown
 2912s|406800 |292201 | 53780k| 132.2 |   619M | 263 | 951 |5425 |5425 |   0 |  0 |   0 |  37 | 4.100000e+01 | 9.790000e+01 | 138.78%| unknown
 2913s|406900 |292265 | 53782k| 132.2 |   620M | 263 | 951 |5425 |5425 |   0 |  0 |   0 |  37 | 4.100000e+01 | 9.790000e+01 | 138.78%| unknown
 2913s|407000 |292327 | 53783k| 132.1 |   620M | 263 | 951 |5425 |5425 |   0 |  0 |   0 |  37 | 4.100000e+01 | 9.790000e+01 | 138.78%| unknown
 2913s|407100 |292387 | 53785k| 132.1 |   620M | 263 | 951 |5425 |5425 |   0 |  0 |   0 |  37 | 4.100000e+01 | 9.790000e+01 | 138.78%| unknown
 2913s|407200 |292453 | 53786k| 132.1 |   620M | 263 | 951 |5425 |5425 |   0 |  0 |   0 |  37 | 4.100000e+01 | 9.790000e+01 | 138.78%| unknown
 2913s|407300 |292519 | 53788k| 132.1 |   620M | 263 | 951 |5425 |5425 |   0 |  0 |   0 |  37 | 4.100000e+01 | 9.790000e+01 | 138.78%| unknown
 2914s|407400 |292589 | 53789k| 132.0 |   620M | 263 | 951 |5425 |5425 |   0 |  0 |   0 |  37 | 4.100000e+01 | 9.790000e+01 | 138.78%| unknown
 2914s|407500 |292651 | 53790k| 132.0 |   620M | 263 | 951 |5425 |5425 |   0 |  0 |   0 |  37 | 4.100000e+01 | 9.790000e+01 | 138.78%| unknown
 2915s|407600 |292725 | 53811k| 132.0 |   620M | 263 | 951 |5425 |5425 |   0 |  0 |   0 |  37 | 4.100000e+01 | 9.790000e+01 | 138.78%| unknown
 2915s|407700 |292793 | 53812k| 132.0 |   620M | 263 | 951 |5425 |5425 |   0 |  0 |   0 |  37 | 4.100000e+01 | 9.790000e+01 | 138.78%| unknown
 2915s|407800 |292871 | 53814k| 132.0 |   620M | 263 | 951 |5425 |5425 |   0 |  0 |   0 |  37 | 4.100000e+01 | 9.790000e+01 | 138.78%| unknown
 time | node  | left  |LP iter|LP it/n|mem/heur|mdpt |vars |cons |rows |cuts |sepa|confs|strbr|  dualbound   | primalbound  |  gap   | compl. 
 2917s|407900 |292945 | 53846k| 132.0 |   620M | 263 | 951 |5425 |5425 |   0 |  0 |   0 |  37 | 4.100000e+01 | 9.790000e+01 | 138.78%| unknown
 2917s|408000 |293013 | 53847k| 132.0 |   620M | 263 | 951 |5425 |5425 |   0 |  0 |   0 |  37 | 4.100000e+01 | 9.790000e+01 | 138.78%| unknown
 2918s|408100 |293081 | 53862k| 132.0 |   622M | 263 | 951 |5425 |5425 |   0 |  0 |   0 |  37 | 4.100000e+01 | 9.790000e+01 | 138.78%| unknown
 2919s|408200 |293151 | 53880k| 132.0 |   622M | 263 | 951 |5425 |5425 |   0 |  0 |   0 |  37 | 4.100000e+01 | 9.790000e+01 | 138.78%| unknown
 2919s|408300 |293227 | 53894k| 132.0 |   622M | 263 | 951 |5425 |5425 |   0 |  0 |   0 |  37 | 4.100000e+01 | 9.790000e+01 | 138.78%| unknown
 2921s|408400 |293291 | 53919k| 132.0 |   622M | 263 | 951 |5425 |5425 |   0 |  0 |   0 |  37 | 4.100000e+01 | 9.790000e+01 | 138.78%| unknown
 2922s|408500 |293357 | 53944k| 132.1 |   622M | 263 | 951 |5425 |5425 |   0 |  0 |   0 |  37 | 4.100000e+01 | 9.790000e+01 | 138.78%| unknown
 2923s|408600 |293407 | 53969k| 132.1 |   622M | 263 | 951 |5425 |5425 |   0 |  0 |   0 |  37 | 4.100000e+01 | 9.790000e+01 | 138.78%| unknown
 2924s|408700 |293489 | 53984k| 132.1 |   622M | 263 | 951 |5425 |5425 |   0 |  0 |   0 |  37 | 4.100000e+01 | 9.790000e+01 | 138.78%| unknown
 2925s|408800 |293555 | 54008k| 132.1 |   622M | 263 | 951 |5425 |5425 |   0 |  0 |   0 |  37 | 4.100000e+01 | 9.790000e+01 | 138.78%| unknown
 2927s|408900 |293625 | 54052k| 132.2 |   622M | 263 | 951 |5425 |5425 |   0 |  0 |   0 |  37 | 4.100000e+01 | 9.790000e+01 | 138.78%| unknown
 2928s|409000 |293681 | 54071k| 132.2 |   622M | 263 | 951 |5425 |5425 |   0 |  0 |   0 |  37 | 4.100000e+01 | 9.790000e+01 | 138.78%| unknown
 2930s|409100 |293751 | 54096k| 132.2 |   623M | 263 | 951 |5425 |5425 |   0 |  0 |   0 |  37 | 4.100000e+01 | 9.790000e+01 | 138.78%| unknown
 2930s|409200 |293829 | 54097k| 132.2 |   624M | 263 | 951 |5425 |5425 |   0 |  0 |   0 |  37 | 4.100000e+01 | 9.790000e+01 | 138.78%| unknown
 2930s|409300 |293903 | 54099k| 132.2 |   624M | 263 | 951 |5425 |5425 |   0 |  0 |   0 |  37 | 4.100000e+01 | 9.790000e+01 | 138.78%| unknown
 time | node  | left  |LP iter|LP it/n|mem/heur|mdpt |vars |cons |rows |cuts |sepa|confs|strbr|  dualbound   | primalbound  |  gap   | compl. 
 2930s|409400 |293971 | 54101k| 132.1 |   624M | 263 | 951 |5425 |5425 |   0 |  0 |   0 |  37 | 4.100000e+01 | 9.790000e+01 | 138.78%| unknown
 2930s|409500 |294023 | 54103k| 132.1 |   624M | 263 | 951 |5425 |5425 |   0 |  0 |   0 |  37 | 4.100000e+01 | 9.790000e+01 | 138.78%| unknown
 2931s|409600 |294109 | 54104k| 132.1 |   624M | 263 | 951 |5425 |5425 |   0 |  0 |   0 |  37 | 4.100000e+01 | 9.790000e+01 | 138.78%| unknown
 2931s|409700 |294179 | 54105k| 132.1 |   624M | 263 | 951 |5425 |5425 |   0 |  0 |   0 |  37 | 4.100000e+01 | 9.790000e+01 | 138.78%| unknown
 2931s|409800 |294257 | 54106k| 132.0 |   624M | 263 | 951 |5425 |5425 |   0 |  0 |   0 |  37 | 4.100000e+01 | 9.790000e+01 | 138.78%| unknown
 2931s|409900 |294325 | 54108k| 132.0 |   624M | 263 | 951 |5425 |5425 |   0 |  0 |   0 |  37 | 4.100000e+01 | 9.790000e+01 | 138.78%| unknown
 2932s|410000 |294379 | 54133k| 132.0 |   624M | 263 | 951 |5425 |5425 |   0 |  0 |   0 |  37 | 4.100000e+01 | 9.790000e+01 | 138.78%| unknown
 2933s|410100 |294449 | 54153k| 132.0 |   624M | 263 | 951 |5425 |5425 |   0 |  0 |   0 |  37 | 4.100000e+01 | 9.790000e+01 | 138.78%| unknown
 2934s|410200 |294511 | 54170k| 132.1 |   624M | 263 | 951 |5425 |5425 |   0 |  0 |   0 |  37 | 4.100000e+01 | 9.790000e+01 | 138.78%| unknown
 2936s|410300 |294581 | 54195k| 132.1 |   624M | 263 | 951 |5425 |5425 |   0 |  0 |   0 |  37 | 4.100000e+01 | 9.790000e+01 | 138.78%| unknown
 2936s|410400 |294639 | 54198k| 132.1 |   625M | 263 | 951 |5425 |5425 |   0 |  0 |   0 |  37 | 4.100000e+01 | 9.790000e+01 | 138.78%| unknown
 2936s|410500 |294707 | 54200k| 132.0 |   625M | 263 | 951 |5425 |5425 |   0 |  0 |   0 |  37 | 4.100000e+01 | 9.790000e+01 | 138.78%| unknown
 2936s|410600 |294761 | 54201k| 132.0 |   625M | 263 | 951 |5425 |5425 |   0 |  0 |   0 |  37 | 4.100000e+01 | 9.790000e+01 | 138.78%| unknown
 2937s|410700 |294827 | 54207k| 132.0 |   625M | 263 | 951 |5425 |5425 |   0 |  0 |   0 |  37 | 4.100000e+01 | 9.790000e+01 | 138.78%| unknown
 2937s|410800 |294903 | 54210k| 132.0 |   625M | 263 | 951 |5425 |5425 |   0 |  0 |   0 |  37 | 4.100000e+01 | 9.790000e+01 | 138.78%| unknown
 time | node  | left  |LP iter|LP it/n|mem/heur|mdpt |vars |cons |rows |cuts |sepa|confs|strbr|  dualbound   | primalbound  |  gap   | compl. 
 2937s|410900 |294959 | 54212k| 131.9 |   625M | 263 | 951 |5425 |5425 |   0 |  0 |   0 |  37 | 4.100000e+01 | 9.790000e+01 | 138.78%| unknown
 2937s|411000 |295023 | 54214k| 131.9 |   625M | 263 | 951 |5425 |5425 |   0 |  0 |   0 |  37 | 4.100000e+01 | 9.790000e+01 | 138.78%| unknown
 2937s|411100 |295091 | 54215k| 131.9 |   625M | 263 | 951 |5425 |5425 |   0 |  0 |   0 |  37 | 4.100000e+01 | 9.790000e+01 | 138.78%| unknown
 2938s|411200 |295163 | 54217k| 131.8 |   625M | 263 | 951 |5425 |5425 |   0 |  0 |   0 |  37 | 4.100000e+01 | 9.790000e+01 | 138.78%| unknown
 2938s|411300 |295227 | 54219k| 131.8 |   625M | 263 | 951 |5425 |5425 |   0 |  0 |   0 |  37 | 4.100000e+01 | 9.790000e+01 | 138.78%| unknown
 2939s|411400 |295303 | 54237k| 131.8 |   625M | 263 | 951 |5425 |5425 |   0 |  0 |   0 |  37 | 4.100000e+01 | 9.790000e+01 | 138.78%| unknown
 2940s|411500 |295391 | 54254k| 131.8 |   625M | 263 | 951 |5425 |5425 |   0 |  0 |   0 |  37 | 4.100000e+01 | 9.790000e+01 | 138.78%| unknown
 2940s|411600 |295481 | 54258k| 131.8 |   626M | 263 | 951 |5425 |5425 |   0 |  0 |   0 |  37 | 4.100000e+01 | 9.790000e+01 | 138.78%| unknown
 2940s|411700 |295555 | 54260k| 131.8 |   626M | 263 | 951 |5425 |5425 |   0 |  0 |   0 |  37 | 4.100000e+01 | 9.790000e+01 | 138.78%| unknown
 2940s|411800 |295609 | 54262k| 131.8 |   626M | 263 | 951 |5425 |5425 |   0 |  0 |   0 |  37 | 4.100000e+01 | 9.790000e+01 | 138.78%| unknown
 2941s|411900 |295661 | 54263k| 131.7 |   626M | 263 | 951 |5425 |5425 |   0 |  0 |   0 |  37 | 4.100000e+01 | 9.790000e+01 | 138.78%| unknown
 2941s|412000 |295727 | 54265k| 131.7 |   626M | 263 | 951 |5425 |5425 |   0 |  0 |   0 |  37 | 4.100000e+01 | 9.790000e+01 | 138.78%| unknown
 2941s|412100 |295799 | 54267k| 131.7 |   626M | 263 | 951 |5425 |5425 |   0 |  0 |   0 |  37 | 4.100000e+01 | 9.790000e+01 | 138.78%| unknown
 2941s|412200 |295869 | 54268k| 131.7 |   626M | 263 | 951 |5425 |5425 |   0 |  0 |   0 |  37 | 4.100000e+01 | 9.790000e+01 | 138.78%| unknown
 2941s|412300 |295923 | 54270k| 131.6 |   627M | 263 | 951 |5425 |5425 |   0 |  0 |   0 |  37 | 4.100000e+01 | 9.790000e+01 | 138.78%| unknown
 time | node  | left  |LP iter|LP it/n|mem/heur|mdpt |vars |cons |rows |cuts |sepa|confs|strbr|  dualbound   | primalbound  |  gap   | compl. 
 2942s|412400 |296001 | 54271k| 131.6 |   627M | 263 | 951 |5425 |5425 |   0 |  0 |   0 |  37 | 4.100000e+01 | 9.790000e+01 | 138.78%| unknown
 2942s|412500 |296075 | 54288k| 131.6 |   627M | 263 | 951 |5425 |5425 |   0 |  0 |   0 |  37 | 4.100000e+01 | 9.790000e+01 | 138.78%| unknown
 2943s|412600 |296139 | 54311k| 131.6 |   627M | 263 | 951 |5425 |5425 |   0 |  0 |   0 |  37 | 4.100000e+01 | 9.790000e+01 | 138.78%| unknown
 2945s|412700 |296217 | 54348k| 131.7 |   628M | 263 | 951 |5425 |5425 |   0 |  0 |   0 |  37 | 4.100000e+01 | 9.790000e+01 | 138.78%| unknown
 2947s|412800 |296295 | 54381k| 131.7 |   628M | 263 | 951 |5425 |5425 |   0 |  0 |   0 |  37 | 4.100000e+01 | 9.790000e+01 | 138.78%| unknown
 2948s|412900 |296371 | 54398k| 131.7 |   628M | 263 | 951 |5425 |5425 |   0 |  0 |   0 |  37 | 4.100000e+01 | 9.790000e+01 | 138.78%| unknown
 2949s|413000 |296435 | 54423k| 131.8 |   628M | 263 | 951 |5425 |5425 |   0 |  0 |   0 |  37 | 4.100000e+01 | 9.790000e+01 | 138.78%| unknown
 2950s|413100 |296493 | 54441k| 131.8 |   628M | 263 | 951 |5425 |5425 |   0 |  0 |   0 |  37 | 4.100000e+01 | 9.790000e+01 | 138.78%| unknown
 2950s|413200 |296577 | 54453k| 131.8 |   628M | 263 | 951 |5425 |5425 |   0 |  0 |   0 |  37 | 4.100000e+01 | 9.790000e+01 | 138.78%| unknown
 2951s|413300 |296647 | 54473k| 131.8 |   628M | 263 | 951 |5425 |5425 |   0 |  0 |   0 |  37 | 4.100000e+01 | 9.790000e+01 | 138.78%| unknown
 2952s|413400 |296727 | 54495k| 131.8 |   628M | 263 | 951 |5425 |5425 |   0 |  0 |   0 |  37 | 4.100000e+01 | 9.790000e+01 | 138.78%| unknown
 2954s|413500 |296785 | 54525k| 131.9 |   628M | 263 | 951 |5425 |5425 |   0 |  0 |   0 |  37 | 4.100000e+01 | 9.790000e+01 | 138.78%| unknown
 2955s|413600 |296869 | 54541k| 131.9 |   628M | 263 | 951 |5425 |5425 |   0 |  0 |   0 |  37 | 4.100000e+01 | 9.790000e+01 | 138.78%| unknown
 2956s|413700 |296935 | 54568k| 131.9 |   628M | 263 | 951 |5425 |5425 |   0 |  0 |   0 |  37 | 4.100000e+01 | 9.790000e+01 | 138.78%| unknown
 2957s|413800 |296995 | 54581k| 131.9 |   629M | 263 | 951 |5425 |5425 |   0 |  0 |   0 |  37 | 4.100000e+01 | 9.790000e+01 | 138.78%| unknown
 time | node  | left  |LP iter|LP it/n|mem/heur|mdpt |vars |cons |rows |cuts |sepa|confs|strbr|  dualbound   | primalbound  |  gap   | compl. 
 2957s|413900 |297055 | 54582k| 131.9 |   629M | 263 | 951 |5425 |5425 |   0 |  0 |   0 |  37 | 4.100000e+01 | 9.790000e+01 | 138.78%| unknown
 2957s|414000 |297131 | 54584k| 131.8 |   629M | 263 | 951 |5425 |5425 |   0 |  0 |   0 |  37 | 4.100000e+01 | 9.790000e+01 | 138.78%| unknown
 2957s|414100 |297197 | 54586k| 131.8 |   629M | 263 | 951 |5425 |5425 |   0 |  0 |   0 |  37 | 4.100000e+01 | 9.790000e+01 | 138.78%| unknown
 2958s|414200 |297259 | 54595k| 131.8 |   629M | 263 | 951 |5425 |5425 |   0 |  0 |   0 |  37 | 4.100000e+01 | 9.790000e+01 | 138.78%| unknown
 2959s|414300 |297335 | 54617k| 131.8 |   629M | 263 | 951 |5425 |5425 |   0 |  0 |   0 |  37 | 4.100000e+01 | 9.790000e+01 | 138.78%| unknown
 2960s|414400 |297397 | 54635k| 131.8 |   629M | 263 | 951 |5425 |5425 |   0 |  0 |   0 |  37 | 4.100000e+01 | 9.790000e+01 | 138.78%| unknown
 2960s|414500 |297461 | 54639k| 131.8 |   629M | 263 | 951 |5425 |5425 |   0 |  0 |   0 |  37 | 4.100000e+01 | 9.790000e+01 | 138.78%| unknown
 2961s|414600 |297523 | 54640k| 131.8 |   630M | 263 | 951 |5425 |5425 |   0 |  0 |   0 |  37 | 4.100000e+01 | 9.790000e+01 | 138.78%| unknown
 2961s|414700 |297587 | 54641k| 131.8 |   631M | 263 | 951 |5425 |5425 |   0 |  0 |   0 |  37 | 4.100000e+01 | 9.790000e+01 | 138.78%| unknown
 2961s|414800 |297651 | 54643k| 131.7 |   631M | 263 | 951 |5425 |5425 |   0 |  0 |   0 |  37 | 4.100000e+01 | 9.790000e+01 | 138.78%| unknown
 2961s|414900 |297723 | 54644k| 131.7 |   631M | 263 | 951 |5425 |5425 |   0 |  0 |   0 |  37 | 4.100000e+01 | 9.790000e+01 | 138.78%| unknown
 2961s|415000 |297797 | 54646k| 131.7 |   632M | 263 | 951 |5425 |5425 |   0 |  0 |   0 |  37 | 4.100000e+01 | 9.790000e+01 | 138.78%| unknown
 2961s|415100 |297873 | 54648k| 131.6 |   632M | 263 | 951 |5425 |5425 |   0 |  0 |   0 |  37 | 4.100000e+01 | 9.790000e+01 | 138.78%| unknown
 2962s|415200 |297953 | 54650k| 131.6 |   632M | 263 | 951 |5425 |5425 |   0 |  0 |   0 |  37 | 4.100000e+01 | 9.790000e+01 | 138.78%| unknown
 2962s|415300 |298009 | 54652k| 131.6 |   632M | 263 | 951 |5425 |5425 |   0 |  0 |   0 |  37 | 4.100000e+01 | 9.790000e+01 | 138.78%| unknown
 time | node  | left  |LP iter|LP it/n|mem/heur|mdpt |vars |cons |rows |cuts |sepa|confs|strbr|  dualbound   | primalbound  |  gap   | compl. 
 2962s|415400 |298059 | 54653k| 131.6 |   632M | 263 | 951 |5425 |5425 |   0 |  0 |   0 |  37 | 4.100000e+01 | 9.790000e+01 | 138.78%| unknown
 2962s|415500 |298129 | 54655k| 131.5 |   632M | 263 | 951 |5425 |5425 |   0 |  0 |   0 |  37 | 4.100000e+01 | 9.790000e+01 | 138.78%| unknown
 2962s|415600 |298191 | 54657k| 131.5 |   632M | 263 | 951 |5425 |5425 |   0 |  0 |   0 |  37 | 4.100000e+01 | 9.790000e+01 | 138.78%| unknown
 2964s|415700 |298263 | 54678k| 131.5 |   632M | 263 | 951 |5425 |5425 |   0 |  0 |   0 |  37 | 4.100000e+01 | 9.790000e+01 | 138.78%| unknown
 2965s|415800 |298333 | 54708k| 131.6 |   632M | 263 | 951 |5425 |5425 |   0 |  0 |   0 |  37 | 4.100000e+01 | 9.790000e+01 | 138.78%| unknown
 2967s|415900 |298413 | 54743k| 131.6 |   632M | 263 | 951 |5425 |5425 |   0 |  0 |   0 |  37 | 4.100000e+01 | 9.790000e+01 | 138.78%| unknown
 2967s|416000 |298485 | 54755k| 131.6 |   632M | 263 | 951 |5425 |5425 |   0 |  0 |   0 |  37 | 4.100000e+01 | 9.790000e+01 | 138.78%| unknown
 2968s|416100 |298561 | 54757k| 131.6 |   632M | 263 | 951 |5425 |5425 |   0 |  0 |   0 |  37 | 4.100000e+01 | 9.790000e+01 | 138.78%| unknown
 2968s|416200 |298629 | 54759k| 131.6 |   633M | 263 | 951 |5425 |5425 |   0 |  0 |   0 |  37 | 4.100000e+01 | 9.790000e+01 | 138.78%| unknown
 2968s|416300 |298695 | 54761k| 131.5 |   633M | 263 | 951 |5425 |5425 |   0 |  0 |   0 |  37 | 4.100000e+01 | 9.790000e+01 | 138.78%| unknown
 2968s|416400 |298773 | 54763k| 131.5 |   633M | 263 | 951 |5425 |5425 |   0 |  0 |   0 |  37 | 4.100000e+01 | 9.790000e+01 | 138.78%| unknown
 2968s|416500 |298829 | 54765k| 131.5 |   633M | 263 | 951 |5425 |5425 |   0 |  0 |   0 |  37 | 4.100000e+01 | 9.790000e+01 | 138.78%| unknown
 2969s|416600 |298875 | 54767k| 131.5 |   633M | 263 | 951 |5425 |5425 |   0 |  0 |   0 |  37 | 4.100000e+01 | 9.790000e+01 | 138.78%| unknown
 2969s|416700 |298929 | 54769k| 131.4 |   633M | 263 | 951 |5425 |5425 |   0 |  0 |   0 |  37 | 4.100000e+01 | 9.790000e+01 | 138.78%| unknown
 2969s|416800 |299009 | 54770k| 131.4 |   633M | 263 | 951 |5425 |5425 |   0 |  0 |   0 |  37 | 4.100000e+01 | 9.790000e+01 | 138.78%| unknown
 time | node  | left  |LP iter|LP it/n|mem/heur|mdpt |vars |cons |rows |cuts |sepa|confs|strbr|  dualbound   | primalbound  |  gap   | compl. 
 2969s|416900 |299071 | 54772k| 131.4 |   633M | 263 | 951 |5425 |5425 |   0 |  0 |   0 |  37 | 4.100000e+01 | 9.790000e+01 | 138.78%| unknown
 2969s|417000 |299145 | 54773k| 131.4 |   633M | 263 | 951 |5425 |5425 |   0 |  0 |   0 |  37 | 4.100000e+01 | 9.790000e+01 | 138.78%| unknown
 2970s|417100 |299223 | 54775k| 131.3 |   633M | 263 | 951 |5425 |5425 |   0 |  0 |   0 |  37 | 4.100000e+01 | 9.790000e+01 | 138.78%| unknown
 2970s|417200 |299293 | 54789k| 131.3 |   633M | 263 | 951 |5425 |5425 |   0 |  0 |   0 |  37 | 4.100000e+01 | 9.790000e+01 | 138.78%| unknown
 2972s|417300 |299363 | 54815k| 131.4 |   634M | 263 | 951 |5425 |5425 |   0 |  0 |   0 |  37 | 4.100000e+01 | 9.790000e+01 | 138.78%| unknown
 2973s|417400 |299449 | 54832k| 131.4 |   634M | 263 | 951 |5425 |5425 |   0 |  0 |   0 |  37 | 4.100000e+01 | 9.790000e+01 | 138.78%| unknown
 2974s|417500 |299531 | 54852k| 131.4 |   634M | 263 | 951 |5425 |5425 |   0 |  0 |   0 |  37 | 4.100000e+01 | 9.790000e+01 | 138.78%| unknown
 2974s|417600 |299607 | 54862k| 131.4 |   634M | 263 | 951 |5425 |5425 |   0 |  0 |   0 |  37 | 4.100000e+01 | 9.790000e+01 | 138.78%| unknown
 2974s|417700 |299679 | 54863k| 131.3 |   635M | 263 | 951 |5425 |5425 |   0 |  0 |   0 |  37 | 4.100000e+01 | 9.790000e+01 | 138.78%| unknown
 2976s|417800 |299745 | 54886k| 131.4 |   635M | 263 | 951 |5425 |5425 |   0 |  0 |   0 |  37 | 4.100000e+01 | 9.790000e+01 | 138.78%| unknown
 2977s|417900 |299813 | 54908k| 131.4 |   635M | 263 | 951 |5425 |5425 |   0 |  0 |   0 |  37 | 4.100000e+01 | 9.790000e+01 | 138.78%| unknown
 2978s|418000 |299873 | 54927k| 131.4 |   635M | 263 | 951 |5425 |5425 |   0 |  0 |   0 |  37 | 4.100000e+01 | 9.790000e+01 | 138.78%| unknown
 2979s|418100 |299951 | 54951k| 131.4 |   635M | 263 | 951 |5425 |5425 |   0 |  0 |   0 |  37 | 4.100000e+01 | 9.790000e+01 | 138.78%| unknown
 2980s|418200 |300023 | 54973k| 131.4 |   635M | 263 | 951 |5425 |5425 |   0 |  0 |   0 |  37 | 4.100000e+01 | 9.790000e+01 | 138.78%| unknown
 2981s|418300 |300093 | 54997k| 131.5 |   635M | 263 | 951 |5425 |5425 |   0 |  0 |   0 |  37 | 4.100000e+01 | 9.790000e+01 | 138.78%| unknown
 time | node  | left  |LP iter|LP it/n|mem/heur|mdpt |vars |cons |rows |cuts |sepa|confs|strbr|  dualbound   | primalbound  |  gap   | compl. 
 2981s|418400 |300163 | 54998k| 131.4 |   636M | 263 | 951 |5425 |5425 |   0 |  0 |   0 |  37 | 4.100000e+01 | 9.790000e+01 | 138.78%| unknown
 2981s|418500 |300227 | 54999k| 131.4 |   636M | 263 | 951 |5425 |5425 |   0 |  0 |   0 |  37 | 4.100000e+01 | 9.790000e+01 | 138.78%| unknown
 2982s|418600 |300303 | 55019k| 131.4 |   636M | 263 | 951 |5425 |5425 |   0 |  0 |   0 |  37 | 4.100000e+01 | 9.790000e+01 | 138.78%| unknown
 2985s|418700 |300375 | 55067k| 131.5 |   636M | 263 | 951 |5425 |5425 |   0 |  0 |   0 |  37 | 4.100000e+01 | 9.790000e+01 | 138.78%| unknown
 2986s|418800 |300437 | 55091k| 131.5 |   636M | 263 | 951 |5425 |5425 |   0 |  0 |   0 |  37 | 4.100000e+01 | 9.790000e+01 | 138.78%| unknown
 2988s|418900 |300505 | 55136k| 131.6 |   636M | 263 | 951 |5425 |5425 |   0 |  0 |   0 |  37 | 4.100000e+01 | 9.790000e+01 | 138.78%| unknown
 2989s|419000 |300573 | 55162k| 131.7 |   636M | 263 | 951 |5425 |5425 |   0 |  0 |   0 |  37 | 4.100000e+01 | 9.790000e+01 | 138.78%| unknown
 2990s|419100 |300657 | 55182k| 131.7 |   636M | 263 | 951 |5425 |5425 |   0 |  0 |   0 |  37 | 4.100000e+01 | 9.790000e+01 | 138.78%| unknown
 2992s|419200 |300723 | 55206k| 131.7 |   636M | 263 | 951 |5425 |5425 |   0 |  0 |   0 |  37 | 4.100000e+01 | 9.790000e+01 | 138.78%| unknown
 2992s|419300 |300805 | 55216k| 131.7 |   636M | 263 | 951 |5425 |5425 |   0 |  0 |   0 |  37 | 4.100000e+01 | 9.790000e+01 | 138.78%| unknown
 2993s|419400 |300881 | 55228k| 131.7 |   636M | 263 | 951 |5425 |5425 |   0 |  0 |   0 |  37 | 4.100000e+01 | 9.790000e+01 | 138.78%| unknown
 2994s|419500 |300931 | 55247k| 131.7 |   636M | 263 | 951 |5425 |5425 |   0 |  0 |   0 |  37 | 4.100000e+01 | 9.790000e+01 | 138.78%| unknown
 2995s|419600 |301003 | 55277k| 131.7 |   637M | 263 | 951 |5425 |5425 |   0 |  0 |   0 |  37 | 4.100000e+01 | 9.790000e+01 | 138.78%| unknown
 2996s|419700 |301059 | 55297k| 131.8 |   637M | 263 | 951 |5425 |5425 |   0 |  0 |   0 |  37 | 4.100000e+01 | 9.790000e+01 | 138.78%| unknown
 2997s|419800 |301111 | 55320k| 131.8 |   637M | 263 | 951 |5425 |5425 |   0 |  0 |   0 |  37 | 4.100000e+01 | 9.790000e+01 | 138.78%| unknown
 time | node  | left  |LP iter|LP it/n|mem/heur|mdpt |vars |cons |rows |cuts |sepa|confs|strbr|  dualbound   | primalbound  |  gap   | compl. 
 2998s|419900 |301185 | 55334k| 131.8 |   637M | 263 | 951 |5425 |5425 |   0 |  0 |   0 |  37 | 4.100000e+01 | 9.790000e+01 | 138.78%| unknown
 2999s|420000 |301247 | 55358k| 131.8 |   637M | 263 | 951 |5425 |5425 |   0 |  0 |   0 |  37 | 4.100000e+01 | 9.790000e+01 | 138.78%| unknown
 3000s|420100 |301317 | 55379k| 131.8 |   637M | 263 | 951 |5425 |5425 |   0 |  0 |   0 |  37 | 4.100000e+01 | 9.790000e+01 | 138.78%| unknown
 3001s|420200 |301383 | 55400k| 131.8 |   637M | 263 | 951 |5425 |5425 |   0 |  0 |   0 |  37 | 4.100000e+01 | 9.790000e+01 | 138.78%| unknown
 3002s|420300 |301453 | 55419k| 131.9 |   637M | 263 | 951 |5425 |5425 |   0 |  0 |   0 |  37 | 4.100000e+01 | 9.790000e+01 | 138.78%| unknown
 3003s|420400 |301527 | 55439k| 131.9 |   637M | 263 | 951 |5425 |5425 |   0 |  0 |   0 |  37 | 4.100000e+01 | 9.790000e+01 | 138.78%| unknown
 3004s|420500 |301587 | 55453k| 131.9 |   638M | 263 | 951 |5425 |5425 |   0 |  0 |   0 |  37 | 4.100000e+01 | 9.790000e+01 | 138.78%| unknown
 3005s|420600 |301659 | 55473k| 131.9 |   638M | 263 | 951 |5425 |5425 |   0 |  0 |   0 |  37 | 4.100000e+01 | 9.790000e+01 | 138.78%| unknown
 3007s|420700 |301709 | 55500k| 131.9 |   638M | 263 | 951 |5425 |5425 |   0 |  0 |   0 |  37 | 4.100000e+01 | 9.790000e+01 | 138.78%| unknown
 3008s|420800 |301781 | 55528k| 132.0 |   639M | 263 | 951 |5425 |5425 |   0 |  0 |   0 |  37 | 4.100000e+01 | 9.790000e+01 | 138.78%| unknown
 3009s|420900 |301853 | 55549k| 132.0 |   639M | 263 | 951 |5425 |5425 |   0 |  0 |   0 |  37 | 4.100000e+01 | 9.790000e+01 | 138.78%| unknown
 3010s|421000 |301923 | 55570k| 132.0 |   639M | 263 | 951 |5425 |5425 |   0 |  0 |   0 |  37 | 4.100000e+01 | 9.790000e+01 | 138.78%| unknown
 3010s|421100 |301999 | 55571k| 132.0 |   639M | 263 | 951 |5425 |5425 |   0 |  0 |   0 |  37 | 4.100000e+01 | 9.790000e+01 | 138.78%| unknown
 3010s|421200 |302053 | 55573k| 131.9 |   640M | 263 | 951 |5425 |5425 |   0 |  0 |   0 |  37 | 4.100000e+01 | 9.790000e+01 | 138.78%| unknown
 3011s|421300 |302123 | 55574k| 131.9 |   640M | 263 | 951 |5425 |5425 |   0 |  0 |   0 |  37 | 4.100000e+01 | 9.790000e+01 | 138.78%| unknown
 time | node  | left  |LP iter|LP it/n|mem/heur|mdpt |vars |cons |rows |cuts |sepa|confs|strbr|  dualbound   | primalbound  |  gap   | compl. 
 3011s|421400 |302197 | 55576k| 131.9 |   640M | 263 | 951 |5425 |5425 |   0 |  0 |   0 |  37 | 4.100000e+01 | 9.790000e+01 | 138.78%| unknown
 3011s|421500 |302269 | 55588k| 131.9 |   640M | 263 | 951 |5425 |5425 |   0 |  0 |   0 |  37 | 4.100000e+01 | 9.790000e+01 | 138.78%| unknown
 3012s|421600 |302343 | 55595k| 131.9 |   640M | 263 | 951 |5425 |5425 |   0 |  0 |   0 |  37 | 4.100000e+01 | 9.790000e+01 | 138.78%| unknown
 3012s|421700 |302415 | 55596k| 131.8 |   640M | 263 | 951 |5425 |5425 |   0 |  0 |   0 |  37 | 4.100000e+01 | 9.790000e+01 | 138.78%| unknown
 3012s|421800 |302493 | 55597k| 131.8 |   640M | 263 | 951 |5425 |5425 |   0 |  0 |   0 |  37 | 4.100000e+01 | 9.790000e+01 | 138.78%| unknown
 3013s|421900 |302553 | 55610k| 131.8 |   641M | 263 | 951 |5425 |5425 |   0 |  0 |   0 |  37 | 4.100000e+01 | 9.790000e+01 | 138.78%| unknown
 3016s|422000 |302621 | 55665k| 131.9 |   641M | 263 | 951 |5425 |5425 |   0 |  0 |   0 |  37 | 4.100000e+01 | 9.790000e+01 | 138.78%| unknown
 3017s|422100 |302681 | 55686k| 131.9 |   641M | 263 | 951 |5425 |5425 |   0 |  0 |   0 |  37 | 4.100000e+01 | 9.790000e+01 | 138.78%| unknown
 3018s|422200 |302761 | 55706k| 131.9 |   641M | 263 | 951 |5425 |5425 |   0 |  0 |   0 |  37 | 4.100000e+01 | 9.790000e+01 | 138.78%| unknown
 3019s|422300 |302831 | 55730k| 132.0 |   641M | 263 | 951 |5425 |5425 |   0 |  0 |   0 |  37 | 4.100000e+01 | 9.790000e+01 | 138.78%| unknown
 3020s|422400 |302907 | 55740k| 132.0 |   641M | 263 | 951 |5425 |5425 |   0 |  0 |   0 |  37 | 4.100000e+01 | 9.790000e+01 | 138.78%| unknown
 3021s|422500 |302969 | 55774k| 132.0 |   641M | 263 | 951 |5425 |5425 |   0 |  0 |   0 |  37 | 4.100000e+01 | 9.790000e+01 | 138.78%| unknown
 3022s|422600 |303041 | 55791k| 132.0 |   641M | 263 | 951 |5425 |5425 |   0 |  0 |   0 |  37 | 4.100000e+01 | 9.790000e+01 | 138.78%| unknown
 3022s|422700 |303111 | 55792k| 132.0 |   641M | 263 | 951 |5425 |5425 |   0 |  0 |   0 |  37 | 4.100000e+01 | 9.790000e+01 | 138.78%| unknown
 3023s|422800 |303181 | 55807k| 132.0 |   641M | 263 | 951 |5425 |5425 |   0 |  0 |   0 |  37 | 4.100000e+01 | 9.790000e+01 | 138.78%| unknown
 time | node  | left  |LP iter|LP it/n|mem/heur|mdpt |vars |cons |rows |cuts |sepa|confs|strbr|  dualbound   | primalbound  |  gap   | compl. 
 3025s|422900 |303249 | 55837k| 132.0 |   641M | 263 | 951 |5425 |5425 |   0 |  0 |   0 |  37 | 4.100000e+01 | 9.790000e+01 | 138.78%| unknown
 3026s|423000 |303315 | 55857k| 132.0 |   641M | 263 | 951 |5425 |5425 |   0 |  0 |   0 |  37 | 4.100000e+01 | 9.790000e+01 | 138.78%| unknown
 3026s|423100 |303389 | 55871k| 132.1 |   643M | 263 | 951 |5425 |5425 |   0 |  0 |   0 |  37 | 4.100000e+01 | 9.790000e+01 | 138.78%| unknown
 3028s|423200 |303457 | 55908k| 132.1 |   643M | 263 | 951 |5425 |5425 |   0 |  0 |   0 |  37 | 4.100000e+01 | 9.790000e+01 | 138.78%| unknown
 3029s|423300 |303529 | 55933k| 132.1 |   643M | 263 | 951 |5425 |5425 |   0 |  0 |   0 |  37 | 4.100000e+01 | 9.790000e+01 | 138.78%| unknown
 3030s|423400 |303593 | 55951k| 132.1 |   643M | 263 | 951 |5425 |5425 |   0 |  0 |   0 |  37 | 4.100000e+01 | 9.790000e+01 | 138.78%| unknown
 3032s|423500 |303663 | 55978k| 132.2 |   643M | 263 | 951 |5425 |5425 |   0 |  0 |   0 |  37 | 4.100000e+01 | 9.790000e+01 | 138.78%| unknown
 3032s|423600 |303735 | 55992k| 132.2 |   643M | 263 | 951 |5425 |5425 |   0 |  0 |   0 |  37 | 4.100000e+01 | 9.790000e+01 | 138.78%| unknown
 3032s|423700 |303801 | 55994k| 132.2 |   643M | 263 | 951 |5425 |5425 |   0 |  0 |   0 |  37 | 4.100000e+01 | 9.790000e+01 | 138.78%| unknown
 3033s|423800 |303879 | 55995k| 132.1 |   643M | 263 | 951 |5425 |5425 |   0 |  0 |   0 |  37 | 4.100000e+01 | 9.790000e+01 | 138.78%| unknown
 3033s|423900 |303941 | 55997k| 132.1 |   643M | 263 | 951 |5425 |5425 |   0 |  0 |   0 |  37 | 4.100000e+01 | 9.790000e+01 | 138.78%| unknown
 3034s|424000 |304003 | 56010k| 132.1 |   643M | 263 | 951 |5425 |5425 |   0 |  0 |   0 |  37 | 4.100000e+01 | 9.790000e+01 | 138.78%| unknown
 3035s|424100 |304077 | 56029k| 132.1 |   643M | 263 | 951 |5425 |5425 |   0 |  0 |   0 |  37 | 4.100000e+01 | 9.790000e+01 | 138.78%| unknown
 3036s|424200 |304131 | 56053k| 132.1 |   644M | 263 | 951 |5425 |5425 |   0 |  0 |   0 |  37 | 4.100000e+01 | 9.790000e+01 | 138.78%| unknown
 3037s|424300 |304203 | 56072k| 132.2 |   644M | 263 | 951 |5425 |5425 |   0 |  0 |   0 |  37 | 4.100000e+01 | 9.790000e+01 | 138.78%| unknown
 time | node  | left  |LP iter|LP it/n|mem/heur|mdpt |vars |cons |rows |cuts |sepa|confs|strbr|  dualbound   | primalbound  |  gap   | compl. 
 3038s|424400 |304265 | 56092k| 132.2 |   644M | 263 | 951 |5425 |5425 |   0 |  0 |   0 |  37 | 4.100000e+01 | 9.790000e+01 | 138.78%| unknown
 3038s|424500 |304327 | 56109k| 132.2 |   644M | 263 | 951 |5425 |5425 |   0 |  0 |   0 |  37 | 4.100000e+01 | 9.790000e+01 | 138.78%| unknown
 3039s|424600 |304395 | 56127k| 132.2 |   644M | 263 | 951 |5425 |5425 |   0 |  0 |   0 |  37 | 4.100000e+01 | 9.790000e+01 | 138.78%| unknown
 3041s|424700 |304455 | 56152k| 132.2 |   644M | 263 | 951 |5425 |5425 |   0 |  0 |   0 |  37 | 4.100000e+01 | 9.790000e+01 | 138.78%| unknown
 3042s|424800 |304525 | 56169k| 132.2 |   644M | 263 | 951 |5425 |5425 |   0 |  0 |   0 |  37 | 4.100000e+01 | 9.790000e+01 | 138.78%| unknown
 3043s|424900 |304593 | 56200k| 132.3 |   644M | 263 | 951 |5425 |5425 |   0 |  0 |   0 |  37 | 4.100000e+01 | 9.790000e+01 | 138.78%| unknown
 3044s|425000 |304655 | 56222k| 132.3 |   644M | 263 | 951 |5425 |5425 |   0 |  0 |   0 |  37 | 4.100000e+01 | 9.790000e+01 | 138.78%| unknown
 3045s|425100 |304731 | 56239k| 132.3 |   644M | 263 | 951 |5425 |5425 |   0 |  0 |   0 |  37 | 4.100000e+01 | 9.790000e+01 | 138.78%| unknown
 3046s|425200 |304809 | 56258k| 132.3 |   644M | 263 | 951 |5425 |5425 |   0 |  0 |   0 |  37 | 4.100000e+01 | 9.790000e+01 | 138.78%| unknown
 3047s|425300 |304885 | 56278k| 132.3 |   644M | 263 | 951 |5425 |5425 |   0 |  0 |   0 |  37 | 4.100000e+01 | 9.790000e+01 | 138.78%| unknown
 3048s|425400 |304941 | 56302k| 132.3 |   645M | 263 | 951 |5425 |5425 |   0 |  0 |   0 |  37 | 4.100000e+01 | 9.790000e+01 | 138.78%| unknown
 3049s|425500 |304987 | 56314k| 132.3 |   646M | 263 | 951 |5425 |5425 |   0 |  0 |   0 |  37 | 4.100000e+01 | 9.790000e+01 | 138.78%| unknown
 3050s|425600 |305059 | 56330k| 132.4 |   646M | 263 | 951 |5425 |5425 |   0 |  0 |   0 |  37 | 4.100000e+01 | 9.790000e+01 | 138.78%| unknown
 3051s|425700 |305133 | 56352k| 132.4 |   646M | 263 | 951 |5425 |5425 |   0 |  0 |   0 |  37 | 4.100000e+01 | 9.790000e+01 | 138.78%| unknown
 3052s|425800 |305191 | 56370k| 132.4 |   646M | 263 | 951 |5425 |5425 |   0 |  0 |   0 |  37 | 4.100000e+01 | 9.790000e+01 | 138.78%| unknown
 time | node  | left  |LP iter|LP it/n|mem/heur|mdpt |vars |cons |rows |cuts |sepa|confs|strbr|  dualbound   | primalbound  |  gap   | compl. 
 3053s|425900 |305259 | 56393k| 132.4 |   646M | 263 | 951 |5425 |5425 |   0 |  0 |   0 |  37 | 4.100000e+01 | 9.790000e+01 | 138.78%| unknown
 3053s|426000 |305317 | 56400k| 132.4 |   646M | 263 | 951 |5425 |5425 |   0 |  0 |   0 |  37 | 4.100000e+01 | 9.790000e+01 | 138.78%| unknown
 3054s|426100 |305371 | 56408k| 132.4 |   646M | 263 | 951 |5425 |5425 |   0 |  0 |   0 |  37 | 4.100000e+01 | 9.790000e+01 | 138.78%| unknown
 3055s|426200 |305447 | 56433k| 132.4 |   646M | 263 | 951 |5425 |5425 |   0 |  0 |   0 |  37 | 4.100000e+01 | 9.790000e+01 | 138.78%| unknown
 3056s|426300 |305521 | 56442k| 132.4 |   646M | 263 | 951 |5425 |5425 |   0 |  0 |   0 |  37 | 4.100000e+01 | 9.790000e+01 | 138.78%| unknown
 3056s|426400 |305585 | 56444k| 132.4 |   646M | 263 | 951 |5425 |5425 |   0 |  0 |   0 |  37 | 4.100000e+01 | 9.790000e+01 | 138.78%| unknown
 3056s|426500 |305653 | 56445k| 132.3 |   646M | 263 | 951 |5425 |5425 |   0 |  0 |   0 |  37 | 4.100000e+01 | 9.790000e+01 | 138.78%| unknown
 3056s|426600 |305725 | 56447k| 132.3 |   647M | 263 | 951 |5425 |5425 |   0 |  0 |   0 |  37 | 4.100000e+01 | 9.790000e+01 | 138.78%| unknown
 3057s|426700 |305807 | 56453k| 132.3 |   647M | 263 | 951 |5425 |5425 |   0 |  0 |   0 |  37 | 4.100000e+01 | 9.790000e+01 | 138.78%| unknown
 3058s|426800 |305879 | 56479k| 132.3 |   647M | 263 | 951 |5425 |5425 |   0 |  0 |   0 |  37 | 4.100000e+01 | 9.790000e+01 | 138.78%| unknown
 3059s|426900 |305949 | 56502k| 132.4 |   647M | 263 | 951 |5425 |5425 |   0 |  0 |   0 |  37 | 4.100000e+01 | 9.790000e+01 | 138.78%| unknown
 3060s|427000 |306015 | 56511k| 132.3 |   647M | 263 | 951 |5425 |5425 |   0 |  0 |   0 |  37 | 4.100000e+01 | 9.790000e+01 | 138.78%| unknown
 3060s|427100 |306077 | 56513k| 132.3 |   647M | 263 | 951 |5425 |5425 |   0 |  0 |   0 |  37 | 4.100000e+01 | 9.790000e+01 | 138.78%| unknown
 3060s|427200 |306139 | 56515k| 132.3 |   647M | 263 | 951 |5425 |5425 |   0 |  0 |   0 |  37 | 4.100000e+01 | 9.790000e+01 | 138.78%| unknown
 3060s|427300 |306209 | 56516k| 132.3 |   647M | 263 | 951 |5425 |5425 |   0 |  0 |   0 |  37 | 4.100000e+01 | 9.790000e+01 | 138.78%| unknown
 time | node  | left  |LP iter|LP it/n|mem/heur|mdpt |vars |cons |rows |cuts |sepa|confs|strbr|  dualbound   | primalbound  |  gap   | compl. 
 3060s|427400 |306269 | 56517k| 132.2 |   647M | 263 | 951 |5425 |5425 |   0 |  0 |   0 |  37 | 4.100000e+01 | 9.790000e+01 | 138.78%| unknown
 3061s|427500 |306341 | 56519k| 132.2 |   647M | 263 | 951 |5425 |5425 |   0 |  0 |   0 |  37 | 4.100000e+01 | 9.790000e+01 | 138.78%| unknown
 3061s|427600 |306407 | 56521k| 132.2 |   647M | 263 | 951 |5425 |5425 |   0 |  0 |   0 |  37 | 4.100000e+01 | 9.790000e+01 | 138.78%| unknown
 3061s|427700 |306479 | 56527k| 132.2 |   647M | 263 | 951 |5425 |5425 |   0 |  0 |   0 |  37 | 4.100000e+01 | 9.790000e+01 | 138.78%| unknown
 3062s|427800 |306533 | 56537k| 132.2 |   649M | 263 | 951 |5425 |5425 |   0 |  0 |   0 |  37 | 4.100000e+01 | 9.790000e+01 | 138.78%| unknown
 3062s|427900 |306595 | 56539k| 132.1 |   649M | 263 | 951 |5425 |5425 |   0 |  0 |   0 |  37 | 4.100000e+01 | 9.790000e+01 | 138.78%| unknown
 3062s|428000 |306677 | 56541k| 132.1 |   649M | 263 | 951 |5425 |5425 |   0 |  0 |   0 |  37 | 4.100000e+01 | 9.790000e+01 | 138.78%| unknown
 3064s|428100 |306753 | 56572k| 132.1 |   649M | 263 | 951 |5425 |5425 |   0 |  0 |   0 |  37 | 4.100000e+01 | 9.790000e+01 | 138.78%| unknown
 3065s|428200 |306813 | 56591k| 132.2 |   649M | 263 | 951 |5425 |5425 |   0 |  0 |   0 |  37 | 4.100000e+01 | 9.790000e+01 | 138.78%| unknown
 3066s|428300 |306881 | 56607k| 132.2 |   649M | 263 | 951 |5425 |5425 |   0 |  0 |   0 |  37 | 4.100000e+01 | 9.790000e+01 | 138.78%| unknown
 3067s|428400 |306933 | 56629k| 132.2 |   649M | 263 | 951 |5425 |5425 |   0 |  0 |   0 |  37 | 4.100000e+01 | 9.790000e+01 | 138.78%| unknown
 3068s|428500 |306995 | 56645k| 132.2 |   649M | 263 | 951 |5425 |5425 |   0 |  0 |   0 |  37 | 4.100000e+01 | 9.790000e+01 | 138.78%| unknown
 3069s|428600 |307077 | 56681k| 132.2 |   650M | 263 | 951 |5425 |5425 |   0 |  0 |   0 |  37 | 4.100000e+01 | 9.790000e+01 | 138.78%| unknown
 3070s|428700 |307145 | 56703k| 132.3 |   650M | 263 | 951 |5425 |5425 |   0 |  0 |   0 |  37 | 4.100000e+01 | 9.790000e+01 | 138.78%| unknown
 3071s|428800 |307201 | 56721k| 132.3 |   650M | 263 | 951 |5425 |5425 |   0 |  0 |   0 |  37 | 4.100000e+01 | 9.790000e+01 | 138.78%| unknown
 time | node  | left  |LP iter|LP it/n|mem/heur|mdpt |vars |cons |rows |cuts |sepa|confs|strbr|  dualbound   | primalbound  |  gap   | compl. 
 3071s|428900 |307255 | 56722k| 132.2 |   650M | 263 | 951 |5425 |5425 |   0 |  0 |   0 |  37 | 4.100000e+01 | 9.790000e+01 | 138.78%| unknown
 3072s|429000 |307333 | 56724k| 132.2 |   651M | 263 | 951 |5425 |5425 |   0 |  0 |   0 |  37 | 4.100000e+01 | 9.790000e+01 | 138.78%| unknown
 3072s|429100 |307403 | 56725k| 132.2 |   651M | 263 | 951 |5425 |5425 |   0 |  0 |   0 |  37 | 4.100000e+01 | 9.790000e+01 | 138.78%| unknown
 3072s|429200 |307469 | 56729k| 132.2 |   651M | 263 | 951 |5425 |5425 |   0 |  0 |   0 |  37 | 4.100000e+01 | 9.790000e+01 | 138.78%| unknown
 3073s|429300 |307547 | 56748k| 132.2 |   651M | 263 | 951 |5425 |5425 |   0 |  0 |   0 |  37 | 4.100000e+01 | 9.790000e+01 | 138.78%| unknown
 3074s|429400 |307607 | 56761k| 132.2 |   651M | 263 | 951 |5425 |5425 |   0 |  0 |   0 |  37 | 4.100000e+01 | 9.790000e+01 | 138.78%| unknown
 3075s|429500 |307669 | 56791k| 132.2 |   651M | 263 | 951 |5425 |5425 |   0 |  0 |   0 |  37 | 4.100000e+01 | 9.790000e+01 | 138.78%| unknown
 3077s|429600 |307735 | 56816k| 132.3 |   651M | 263 | 951 |5425 |5425 |   0 |  0 |   0 |  37 | 4.100000e+01 | 9.790000e+01 | 138.78%| unknown
 3078s|429700 |307811 | 56840k| 132.3 |   651M | 263 | 951 |5425 |5425 |   0 |  0 |   0 |  37 | 4.100000e+01 | 9.790000e+01 | 138.78%| unknown
 3078s|429800 |307865 | 56856k| 132.3 |   651M | 263 | 951 |5425 |5425 |   0 |  0 |   0 |  37 | 4.100000e+01 | 9.790000e+01 | 138.78%| unknown
 3080s|429900 |307933 | 56879k| 132.3 |   651M | 263 | 951 |5425 |5425 |   0 |  0 |   0 |  37 | 4.100000e+01 | 9.790000e+01 | 138.78%| unknown
 3080s|430000 |307999 | 56888k| 132.3 |   651M | 263 | 951 |5425 |5425 |   0 |  0 |   0 |  37 | 4.100000e+01 | 9.790000e+01 | 138.78%| unknown
 3080s|430100 |308081 | 56889k| 132.3 |   652M | 263 | 951 |5425 |5425 |   0 |  0 |   0 |  37 | 4.100000e+01 | 9.790000e+01 | 138.78%| unknown
 3081s|430200 |308153 | 56891k| 132.2 |   652M | 263 | 951 |5425 |5425 |   0 |  0 |   0 |  37 | 4.100000e+01 | 9.790000e+01 | 138.78%| unknown
 3081s|430300 |308225 | 56893k| 132.2 |   652M | 263 | 951 |5425 |5425 |   0 |  0 |   0 |  37 | 4.100000e+01 | 9.790000e+01 | 138.78%| unknown
 time | node  | left  |LP iter|LP it/n|mem/heur|mdpt |vars |cons |rows |cuts |sepa|confs|strbr|  dualbound   | primalbound  |  gap   | compl. 
 3081s|430400 |308287 | 56894k| 132.2 |   652M | 263 | 951 |5425 |5425 |   0 |  0 |   0 |  37 | 4.100000e+01 | 9.790000e+01 | 138.78%| unknown
 3082s|430500 |308359 | 56927k| 132.2 |   652M | 263 | 951 |5425 |5425 |   0 |  0 |   0 |  37 | 4.100000e+01 | 9.790000e+01 | 138.78%| unknown
 3084s|430600 |308433 | 56958k| 132.3 |   652M | 263 | 951 |5425 |5425 |   0 |  0 |   0 |  37 | 4.100000e+01 | 9.790000e+01 | 138.78%| unknown
 3085s|430700 |308505 | 56976k| 132.3 |   652M | 263 | 951 |5425 |5425 |   0 |  0 |   0 |  37 | 4.100000e+01 | 9.790000e+01 | 138.78%| unknown
 3086s|430800 |308577 | 56990k| 132.3 |   652M | 263 | 951 |5425 |5425 |   0 |  0 |   0 |  37 | 4.100000e+01 | 9.790000e+01 | 138.78%| unknown
 3086s|430900 |308659 | 56992k| 132.3 |   652M | 263 | 951 |5425 |5425 |   0 |  0 |   0 |  37 | 4.100000e+01 | 9.790000e+01 | 138.78%| unknown
 3086s|431000 |308721 | 56993k| 132.2 |   652M | 263 | 951 |5425 |5425 |   0 |  0 |   0 |  37 | 4.100000e+01 | 9.790000e+01 | 138.78%| unknown
 3086s|431100 |308781 | 56994k| 132.2 |   652M | 263 | 951 |5425 |5425 |   0 |  0 |   0 |  37 | 4.100000e+01 | 9.790000e+01 | 138.78%| unknown
 3086s|431200 |308855 | 56996k| 132.2 |   653M | 263 | 951 |5425 |5425 |   0 |  0 |   0 |  37 | 4.100000e+01 | 9.790000e+01 | 138.78%| unknown
 3087s|431300 |308933 | 56997k| 132.2 |   653M | 263 | 951 |5425 |5425 |   0 |  0 |   0 |  37 | 4.100000e+01 | 9.790000e+01 | 138.78%| unknown
 3087s|431400 |308995 | 56999k| 132.1 |   653M | 263 | 951 |5425 |5425 |   0 |  0 |   0 |  37 | 4.100000e+01 | 9.790000e+01 | 138.78%| unknown
 3087s|431500 |309059 | 57001k| 132.1 |   653M | 263 | 951 |5425 |5425 |   0 |  0 |   0 |  37 | 4.100000e+01 | 9.790000e+01 | 138.78%| unknown
 3088s|431600 |309137 | 57010k| 132.1 |   653M | 263 | 951 |5425 |5425 |   0 |  0 |   0 |  37 | 4.100000e+01 | 9.790000e+01 | 138.78%| unknown
 3089s|431700 |309219 | 57047k| 132.1 |   653M | 263 | 951 |5425 |5425 |   0 |  0 |   0 |  37 | 4.100000e+01 | 9.790000e+01 | 138.78%| unknown
 3091s|431800 |309293 | 57080k| 132.2 |   653M | 263 | 951 |5425 |5425 |   0 |  0 |   0 |  37 | 4.100000e+01 | 9.790000e+01 | 138.78%| unknown
 time | node  | left  |LP iter|LP it/n|mem/heur|mdpt |vars |cons |rows |cuts |sepa|confs|strbr|  dualbound   | primalbound  |  gap   | compl. 
 3092s|431900 |309351 | 57092k| 132.2 |   653M | 263 | 951 |5425 |5425 |   0 |  0 |   0 |  37 | 4.100000e+01 | 9.790000e+01 | 138.78%| unknown
 3092s|432000 |309421 | 57094k| 132.2 |   653M | 263 | 951 |5425 |5425 |   0 |  0 |   0 |  37 | 4.100000e+01 | 9.790000e+01 | 138.78%| unknown
 3092s|432100 |309487 | 57095k| 132.1 |   653M | 263 | 951 |5425 |5425 |   0 |  0 |   0 |  37 | 4.100000e+01 | 9.790000e+01 | 138.78%| unknown
 3092s|432200 |309561 | 57097k| 132.1 |   653M | 263 | 951 |5425 |5425 |   0 |  0 |   0 |  37 | 4.100000e+01 | 9.790000e+01 | 138.78%| unknown
 3092s|432300 |309635 | 57098k| 132.1 |   654M | 263 | 951 |5425 |5425 |   0 |  0 |   0 |  37 | 4.100000e+01 | 9.790000e+01 | 138.78%| unknown
 3092s|432400 |309719 | 57099k| 132.1 |   655M | 263 | 951 |5425 |5425 |   0 |  0 |   0 |  37 | 4.100000e+01 | 9.790000e+01 | 138.78%| unknown
 3093s|432500 |309781 | 57101k| 132.0 |   655M | 263 | 951 |5425 |5425 |   0 |  0 |   0 |  37 | 4.100000e+01 | 9.790000e+01 | 138.78%| unknown
 3093s|432600 |309831 | 57103k| 132.0 |   655M | 263 | 951 |5425 |5425 |   0 |  0 |   0 |  37 | 4.100000e+01 | 9.790000e+01 | 138.78%| unknown
 3093s|432700 |309905 | 57105k| 132.0 |   655M | 263 | 951 |5425 |5425 |   0 |  0 |   0 |  37 | 4.100000e+01 | 9.790000e+01 | 138.78%| unknown
 3093s|432800 |309975 | 57106k| 131.9 |   655M | 263 | 951 |5425 |5425 |   0 |  0 |   0 |  37 | 4.100000e+01 | 9.790000e+01 | 138.78%| unknown
 3094s|432900 |310047 | 57115k| 131.9 |   655M | 263 | 951 |5425 |5425 |   0 |  0 |   0 |  37 | 4.100000e+01 | 9.790000e+01 | 138.78%| unknown
 3094s|433000 |310125 | 57128k| 131.9 |   655M | 263 | 951 |5425 |5425 |   0 |  0 |   0 |  37 | 4.100000e+01 | 9.790000e+01 | 138.78%| unknown
 3095s|433100 |310199 | 57130k| 131.9 |   655M | 263 | 951 |5425 |5425 |   0 |  0 |   0 |  37 | 4.100000e+01 | 9.790000e+01 | 138.78%| unknown
 3095s|433200 |310267 | 57131k| 131.9 |   655M | 263 | 951 |5425 |5425 |   0 |  0 |   0 |  37 | 4.100000e+01 | 9.790000e+01 | 138.78%| unknown
 3095s|433300 |310341 | 57133k| 131.9 |   655M | 263 | 951 |5425 |5425 |   0 |  0 |   0 |  37 | 4.100000e+01 | 9.790000e+01 | 138.78%| unknown
 time | node  | left  |LP iter|LP it/n|mem/heur|mdpt |vars |cons |rows |cuts |sepa|confs|strbr|  dualbound   | primalbound  |  gap   | compl. 
 3095s|433400 |310399 | 57134k| 131.8 |   655M | 263 | 951 |5425 |5425 |   0 |  0 |   0 |  37 | 4.100000e+01 | 9.790000e+01 | 138.78%| unknown
 3097s|433500 |310473 | 57163k| 131.9 |   656M | 263 | 951 |5425 |5425 |   0 |  0 |   0 |  37 | 4.100000e+01 | 9.790000e+01 | 138.78%| unknown
 3098s|433600 |310541 | 57186k| 131.9 |   656M | 263 | 951 |5425 |5425 |   0 |  0 |   0 |  37 | 4.100000e+01 | 9.790000e+01 | 138.78%| unknown
 3098s|433700 |310621 | 57187k| 131.9 |   656M | 263 | 951 |5425 |5425 |   0 |  0 |   0 |  37 | 4.100000e+01 | 9.790000e+01 | 138.78%| unknown
 3098s|433800 |310695 | 57189k| 131.8 |   656M | 263 | 951 |5425 |5425 |   0 |  0 |   0 |  37 | 4.100000e+01 | 9.790000e+01 | 138.78%| unknown
 3098s|433900 |310751 | 57191k| 131.8 |   656M | 263 | 951 |5425 |5425 |   0 |  0 |   0 |  37 | 4.100000e+01 | 9.790000e+01 | 138.78%| unknown
 3099s|434000 |310823 | 57199k| 131.8 |   657M | 263 | 951 |5425 |5425 |   0 |  0 |   0 |  37 | 4.100000e+01 | 9.790000e+01 | 138.78%| unknown
 3100s|434100 |310887 | 57229k| 131.8 |   657M | 263 | 951 |5425 |5425 |   0 |  0 |   0 |  37 | 4.100000e+01 | 9.790000e+01 | 138.78%| unknown
 3101s|434200 |310937 | 57249k| 131.8 |   657M | 263 | 951 |5425 |5425 |   0 |  0 |   0 |  37 | 4.100000e+01 | 9.790000e+01 | 138.78%| unknown
 3103s|434300 |311007 | 57281k| 131.9 |   658M | 263 | 951 |5425 |5425 |   0 |  0 |   0 |  37 | 4.100000e+01 | 9.790000e+01 | 138.78%| unknown
 3104s|434400 |311077 | 57307k| 131.9 |   658M | 263 | 951 |5425 |5425 |   0 |  0 |   0 |  37 | 4.100000e+01 | 9.790000e+01 | 138.78%| unknown
 3105s|434500 |311143 | 57322k| 131.9 |   658M | 263 | 951 |5425 |5425 |   0 |  0 |   0 |  37 | 4.100000e+01 | 9.790000e+01 | 138.78%| unknown
 3106s|434600 |311201 | 57343k| 131.9 |   658M | 263 | 951 |5425 |5425 |   0 |  0 |   0 |  37 | 4.100000e+01 | 9.790000e+01 | 138.78%| unknown
 3108s|434700 |311271 | 57373k| 132.0 |   659M | 263 | 951 |5425 |5425 |   0 |  0 |   0 |  37 | 4.100000e+01 | 9.790000e+01 | 138.78%| unknown
 3109s|434800 |311335 | 57406k| 132.0 |   659M | 263 | 951 |5425 |5425 |   0 |  0 |   0 |  37 | 4.100000e+01 | 9.790000e+01 | 138.78%| unknown
 time | node  | left  |LP iter|LP it/n|mem/heur|mdpt |vars |cons |rows |cuts |sepa|confs|strbr|  dualbound   | primalbound  |  gap   | compl. 
 3110s|434900 |311411 | 57427k| 132.0 |   659M | 263 | 951 |5425 |5425 |   0 |  0 |   0 |  37 | 4.100000e+01 | 9.790000e+01 | 138.78%| unknown
 3112s|435000 |311475 | 57473k| 132.1 |   659M | 263 | 951 |5425 |5425 |   0 |  0 |   0 |  37 | 4.100000e+01 | 9.790000e+01 | 138.78%| unknown
 3113s|435100 |311555 | 57492k| 132.1 |   659M | 263 | 951 |5425 |5425 |   0 |  0 |   0 |  37 | 4.100000e+01 | 9.790000e+01 | 138.78%| unknown
 3115s|435200 |311637 | 57518k| 132.2 |   659M | 263 | 951 |5425 |5425 |   0 |  0 |   0 |  37 | 4.100000e+01 | 9.790000e+01 | 138.78%| unknown
 3116s|435300 |311705 | 57541k| 132.2 |   659M | 263 | 951 |5425 |5425 |   0 |  0 |   0 |  37 | 4.100000e+01 | 9.790000e+01 | 138.78%| unknown
 3117s|435400 |311771 | 57558k| 132.2 |   659M | 263 | 951 |5425 |5425 |   0 |  0 |   0 |  37 | 4.100000e+01 | 9.790000e+01 | 138.78%| unknown
 3118s|435500 |311845 | 57585k| 132.2 |   659M | 263 | 951 |5425 |5425 |   0 |  0 |   0 |  37 | 4.100000e+01 | 9.790000e+01 | 138.78%| unknown
 3119s|435600 |311915 | 57604k| 132.2 |   659M | 263 | 951 |5425 |5425 |   0 |  0 |   0 |  37 | 4.100000e+01 | 9.790000e+01 | 138.78%| unknown
 3120s|435700 |311985 | 57618k| 132.2 |   659M | 263 | 951 |5425 |5425 |   0 |  0 |   0 |  37 | 4.100000e+01 | 9.790000e+01 | 138.78%| unknown
 3120s|435800 |312057 | 57637k| 132.3 |   660M | 263 | 951 |5425 |5425 |   0 |  0 |   0 |  37 | 4.100000e+01 | 9.790000e+01 | 138.78%| unknown
 3123s|435900 |312127 | 57685k| 132.3 |   660M | 263 | 951 |5425 |5425 |   0 |  0 |   0 |  37 | 4.100000e+01 | 9.790000e+01 | 138.78%| unknown
 3124s|436000 |312191 | 57713k| 132.4 |   660M | 263 | 951 |5425 |5425 |   0 |  0 |   0 |  37 | 4.100000e+01 | 9.790000e+01 | 138.78%| unknown
 3125s|436100 |312257 | 57737k| 132.4 |   660M | 263 | 951 |5425 |5425 |   0 |  0 |   0 |  37 | 4.100000e+01 | 9.790000e+01 | 138.78%| unknown
 3127s|436200 |312323 | 57781k| 132.5 |   660M | 263 | 951 |5425 |5425 |   0 |  0 |   0 |  37 | 4.100000e+01 | 9.790000e+01 | 138.78%| unknown
 3129s|436300 |312397 | 57824k| 132.5 |   660M | 263 | 951 |5425 |5425 |   0 |  0 |   0 |  37 | 4.100000e+01 | 9.790000e+01 | 138.78%| unknown
 time | node  | left  |LP iter|LP it/n|mem/heur|mdpt |vars |cons |rows |cuts |sepa|confs|strbr|  dualbound   | primalbound  |  gap   | compl. 
 3131s|436400 |312475 | 57845k| 132.5 |   660M | 263 | 951 |5425 |5425 |   0 |  0 |   0 |  37 | 4.100000e+01 | 9.790000e+01 | 138.78%| unknown
 3132s|436500 |312539 | 57864k| 132.6 |   660M | 263 | 951 |5425 |5425 |   0 |  0 |   0 |  37 | 4.100000e+01 | 9.790000e+01 | 138.78%| unknown
 3133s|436600 |312595 | 57885k| 132.6 |   661M | 263 | 951 |5425 |5425 |   0 |  0 |   0 |  37 | 4.100000e+01 | 9.790000e+01 | 138.78%| unknown
 3134s|436700 |312663 | 57907k| 132.6 |   661M | 263 | 951 |5425 |5425 |   0 |  0 |   0 |  37 | 4.100000e+01 | 9.790000e+01 | 138.78%| unknown
 3134s|436800 |312745 | 57921k| 132.6 |   661M | 263 | 951 |5425 |5425 |   0 |  0 |   0 |  37 | 4.100000e+01 | 9.790000e+01 | 138.78%| unknown
 3136s|436900 |312813 | 57952k| 132.6 |   662M | 263 | 951 |5425 |5425 |   0 |  0 |   0 |  37 | 4.100000e+01 | 9.790000e+01 | 138.78%| unknown
 3137s|437000 |312887 | 57969k| 132.7 |   662M | 263 | 951 |5425 |5425 |   0 |  0 |   0 |  37 | 4.100000e+01 | 9.790000e+01 | 138.78%| unknown
 3138s|437100 |312955 | 57986k| 132.7 |   662M | 263 | 951 |5425 |5425 |   0 |  0 |   0 |  37 | 4.100000e+01 | 9.790000e+01 | 138.78%| unknown
 3139s|437200 |313031 | 58006k| 132.7 |   662M | 263 | 951 |5425 |5425 |   0 |  0 |   0 |  37 | 4.100000e+01 | 9.790000e+01 | 138.78%| unknown
 3140s|437300 |313095 | 58020k| 132.7 |   662M | 263 | 951 |5425 |5425 |   0 |  0 |   0 |  37 | 4.100000e+01 | 9.790000e+01 | 138.78%| unknown
 3140s|437400 |313171 | 58021k| 132.6 |   662M | 263 | 951 |5425 |5425 |   0 |  0 |   0 |  37 | 4.100000e+01 | 9.790000e+01 | 138.78%| unknown
 3140s|437500 |313235 | 58023k| 132.6 |   662M | 263 | 951 |5425 |5425 |   0 |  0 |   0 |  37 | 4.100000e+01 | 9.790000e+01 | 138.78%| unknown
 3140s|437600 |313303 | 58024k| 132.6 |   662M | 263 | 951 |5425 |5425 |   0 |  0 |   0 |  37 | 4.100000e+01 | 9.790000e+01 | 138.78%| unknown
 3140s|437700 |313377 | 58026k| 132.6 |   662M | 263 | 951 |5425 |5425 |   0 |  0 |   0 |  37 | 4.100000e+01 | 9.790000e+01 | 138.78%| unknown
 3141s|437800 |313445 | 58027k| 132.5 |   662M | 263 | 951 |5425 |5425 |   0 |  0 |   0 |  37 | 4.100000e+01 | 9.790000e+01 | 138.78%| unknown
 time | node  | left  |LP iter|LP it/n|mem/heur|mdpt |vars |cons |rows |cuts |sepa|confs|strbr|  dualbound   | primalbound  |  gap   | compl. 
 3141s|437900 |313515 | 58029k| 132.5 |   662M | 263 | 951 |5425 |5425 |   0 |  0 |   0 |  37 | 4.100000e+01 | 9.790000e+01 | 138.78%| unknown
 3141s|438000 |313583 | 58030k| 132.5 |   662M | 263 | 951 |5425 |5425 |   0 |  0 |   0 |  37 | 4.100000e+01 | 9.790000e+01 | 138.78%| unknown
 3141s|438100 |313649 | 58031k| 132.5 |   663M | 263 | 951 |5425 |5425 |   0 |  0 |   0 |  37 | 4.100000e+01 | 9.790000e+01 | 138.78%| unknown
 3141s|438200 |313717 | 58033k| 132.4 |   663M | 263 | 951 |5425 |5425 |   0 |  0 |   0 |  37 | 4.100000e+01 | 9.790000e+01 | 138.78%| unknown
 3142s|438300 |313777 | 58042k| 132.4 |   663M | 263 | 951 |5425 |5425 |   0 |  0 |   0 |  37 | 4.100000e+01 | 9.790000e+01 | 138.78%| unknown
 3143s|438400 |313851 | 58069k| 132.5 |   663M | 263 | 951 |5425 |5425 |   0 |  0 |   0 |  37 | 4.100000e+01 | 9.790000e+01 | 138.78%| unknown
 3143s|438500 |313909 | 58071k| 132.4 |   663M | 263 | 951 |5425 |5425 |   0 |  0 |   0 |  37 | 4.100000e+01 | 9.790000e+01 | 138.78%| unknown
 3143s|438600 |313969 | 58073k| 132.4 |   663M | 263 | 951 |5425 |5425 |   0 |  0 |   0 |  37 | 4.100000e+01 | 9.790000e+01 | 138.78%| unknown
 3144s|438700 |314031 | 58074k| 132.4 |   663M | 263 | 951 |5425 |5425 |   0 |  0 |   0 |  37 | 4.100000e+01 | 9.790000e+01 | 138.78%| unknown
 3144s|438800 |314105 | 58076k| 132.4 |   663M | 263 | 951 |5425 |5425 |   0 |  0 |   0 |  37 | 4.100000e+01 | 9.790000e+01 | 138.78%| unknown
 3144s|438900 |314173 | 58077k| 132.3 |   663M | 263 | 951 |5425 |5425 |   0 |  0 |   0 |  37 | 4.100000e+01 | 9.790000e+01 | 138.78%| unknown
 3144s|439000 |314235 | 58079k| 132.3 |   663M | 263 | 951 |5425 |5425 |   0 |  0 |   0 |  37 | 4.100000e+01 | 9.790000e+01 | 138.78%| unknown
 3144s|439100 |314305 | 58080k| 132.3 |   663M | 263 | 951 |5425 |5425 |   0 |  0 |   0 |  37 | 4.100000e+01 | 9.790000e+01 | 138.78%| unknown
 3145s|439200 |314355 | 58081k| 132.2 |   663M | 263 | 951 |5425 |5425 |   0 |  0 |   0 |  37 | 4.100000e+01 | 9.790000e+01 | 138.78%| unknown
 3145s|439300 |314433 | 58083k| 132.2 |   664M | 263 | 951 |5425 |5425 |   0 |  0 |   0 |  37 | 4.100000e+01 | 9.790000e+01 | 138.78%| unknown
 time | node  | left  |LP iter|LP it/n|mem/heur|mdpt |vars |cons |rows |cuts |sepa|confs|strbr|  dualbound   | primalbound  |  gap   | compl. 
 3146s|439400 |314483 | 58110k| 132.2 |   664M | 263 | 951 |5425 |5425 |   0 |  0 |   0 |  37 | 4.100000e+01 | 9.790000e+01 | 138.78%| unknown
 3147s|439500 |314563 | 58123k| 132.2 |   665M | 263 | 951 |5425 |5425 |   0 |  0 |   0 |  37 | 4.100000e+01 | 9.790000e+01 | 138.78%| unknown
 3148s|439600 |314639 | 58145k| 132.3 |   665M | 263 | 951 |5425 |5425 |   0 |  0 |   0 |  37 | 4.100000e+01 | 9.790000e+01 | 138.78%| unknown
 3149s|439700 |314699 | 58165k| 132.3 |   665M | 263 | 951 |5425 |5425 |   0 |  0 |   0 |  37 | 4.100000e+01 | 9.790000e+01 | 138.78%| unknown
 3150s|439800 |314755 | 58193k| 132.3 |   665M | 263 | 951 |5425 |5425 |   0 |  0 |   0 |  37 | 4.100000e+01 | 9.790000e+01 | 138.78%| unknown
 3151s|439900 |314813 | 58214k| 132.3 |   665M | 263 | 951 |5425 |5425 |   0 |  0 |   0 |  37 | 4.100000e+01 | 9.790000e+01 | 138.78%| unknown
 3152s|440000 |314877 | 58231k| 132.3 |   665M | 263 | 951 |5425 |5425 |   0 |  0 |   0 |  37 | 4.100000e+01 | 9.790000e+01 | 138.78%| unknown
 3154s|440100 |314943 | 58257k| 132.4 |   665M | 263 | 951 |5425 |5425 |   0 |  0 |   0 |  37 | 4.100000e+01 | 9.790000e+01 | 138.78%| unknown
 3154s|440200 |315005 | 58273k| 132.4 |   665M | 263 | 951 |5425 |5425 |   0 |  0 |   0 |  37 | 4.100000e+01 | 9.790000e+01 | 138.78%| unknown
 3155s|440300 |315059 | 58294k| 132.4 |   665M | 263 | 951 |5425 |5425 |   0 |  0 |   0 |  37 | 4.100000e+01 | 9.790000e+01 | 138.78%| unknown
 3157s|440400 |315113 | 58333k| 132.5 |   665M | 263 | 951 |5425 |5425 |   0 |  0 |   0 |  37 | 4.100000e+01 | 9.790000e+01 | 138.78%| unknown
 3158s|440500 |315165 | 58360k| 132.5 |   665M | 263 | 951 |5425 |5425 |   0 |  0 |   0 |  37 | 4.100000e+01 | 9.790000e+01 | 138.78%| unknown
 3160s|440600 |315233 | 58381k| 132.5 |   666M | 263 | 951 |5425 |5425 |   0 |  0 |   0 |  37 | 4.100000e+01 | 9.790000e+01 | 138.78%| unknown
 3160s|440700 |315307 | 58389k| 132.5 |   666M | 263 | 951 |5425 |5425 |   0 |  0 |   0 |  37 | 4.100000e+01 | 9.790000e+01 | 138.78%| unknown
 3160s|440800 |315379 | 58391k| 132.5 |   666M | 263 | 951 |5425 |5425 |   0 |  0 |   0 |  37 | 4.100000e+01 | 9.790000e+01 | 138.78%| unknown
 time | node  | left  |LP iter|LP it/n|mem/heur|mdpt |vars |cons |rows |cuts |sepa|confs|strbr|  dualbound   | primalbound  |  gap   | compl. 
 3160s|440900 |315451 | 58392k| 132.4 |   667M | 263 | 951 |5425 |5425 |   0 |  0 |   0 |  37 | 4.100000e+01 | 9.790000e+01 | 138.78%| unknown
 3161s|441000 |315515 | 58394k| 132.4 |   667M | 263 | 951 |5425 |5425 |   0 |  0 |   0 |  37 | 4.100000e+01 | 9.790000e+01 | 138.78%| unknown
 3161s|441100 |315581 | 58395k| 132.4 |   667M | 263 | 951 |5425 |5425 |   0 |  0 |   0 |  37 | 4.100000e+01 | 9.790000e+01 | 138.78%| unknown
 3161s|441200 |315647 | 58396k| 132.4 |   667M | 263 | 951 |5425 |5425 |   0 |  0 |   0 |  37 | 4.100000e+01 | 9.790000e+01 | 138.78%| unknown
 3161s|441300 |315709 | 58397k| 132.3 |   667M | 263 | 951 |5425 |5425 |   0 |  0 |   0 |  37 | 4.100000e+01 | 9.790000e+01 | 138.78%| unknown
 3161s|441400 |315765 | 58399k| 132.3 |   667M | 263 | 951 |5425 |5425 |   0 |  0 |   0 |  37 | 4.100000e+01 | 9.790000e+01 | 138.78%| unknown
 3162s|441500 |315825 | 58400k| 132.3 |   667M | 263 | 951 |5425 |5425 |   0 |  0 |   0 |  37 | 4.100000e+01 | 9.790000e+01 | 138.78%| unknown
 3162s|441600 |315893 | 58402k| 132.3 |   667M | 263 | 951 |5425 |5425 |   0 |  0 |   0 |  37 | 4.100000e+01 | 9.790000e+01 | 138.78%| unknown
 3162s|441700 |315953 | 58403k| 132.2 |   668M | 263 | 951 |5425 |5425 |   0 |  0 |   0 |  37 | 4.100000e+01 | 9.790000e+01 | 138.78%| unknown
 3162s|441800 |316003 | 58405k| 132.2 |   668M | 263 | 951 |5425 |5425 |   0 |  0 |   0 |  37 | 4.100000e+01 | 9.790000e+01 | 138.78%| unknown
 3162s|441900 |316077 | 58408k| 132.2 |   668M | 263 | 951 |5425 |5425 |   0 |  0 |   0 |  37 | 4.100000e+01 | 9.790000e+01 | 138.78%| unknown
 3163s|442000 |316147 | 58409k| 132.1 |   668M | 263 | 951 |5425 |5425 |   0 |  0 |   0 |  37 | 4.100000e+01 | 9.790000e+01 | 138.78%| unknown
 3163s|442100 |316229 | 58410k| 132.1 |   668M | 263 | 951 |5425 |5425 |   0 |  0 |   0 |  37 | 4.100000e+01 | 9.790000e+01 | 138.78%| unknown
 3163s|442200 |316295 | 58413k| 132.1 |   668M | 263 | 951 |5425 |5425 |   0 |  0 |   0 |  37 | 4.100000e+01 | 9.790000e+01 | 138.78%| unknown
 3164s|442300 |316365 | 58433k| 132.1 |   668M | 263 | 951 |5425 |5425 |   0 |  0 |   0 |  37 | 4.100000e+01 | 9.790000e+01 | 138.78%| unknown
 time | node  | left  |LP iter|LP it/n|mem/heur|mdpt |vars |cons |rows |cuts |sepa|confs|strbr|  dualbound   | primalbound  |  gap   | compl. 
 3165s|442400 |316443 | 58458k| 132.1 |   669M | 263 | 951 |5425 |5425 |   0 |  0 |   0 |  37 | 4.100000e+01 | 9.790000e+01 | 138.78%| unknown
 3167s|442500 |316509 | 58494k| 132.2 |   669M | 263 | 951 |5425 |5425 |   0 |  0 |   0 |  37 | 4.100000e+01 | 9.790000e+01 | 138.78%| unknown
 3168s|442600 |316559 | 58514k| 132.2 |   669M | 263 | 951 |5425 |5425 |   0 |  0 |   0 |  37 | 4.100000e+01 | 9.790000e+01 | 138.78%| unknown
 3169s|442700 |316625 | 58534k| 132.2 |   669M | 263 | 951 |5425 |5425 |   0 |  0 |   0 |  37 | 4.100000e+01 | 9.790000e+01 | 138.78%| unknown
 3170s|442800 |316701 | 58548k| 132.2 |   669M | 263 | 951 |5425 |5425 |   0 |  0 |   0 |  37 | 4.100000e+01 | 9.790000e+01 | 138.78%| unknown
 3171s|442900 |316779 | 58567k| 132.2 |   670M | 263 | 951 |5425 |5425 |   0 |  0 |   0 |  37 | 4.100000e+01 | 9.790000e+01 | 138.78%| unknown
 3171s|443000 |316857 | 58583k| 132.2 |   670M | 263 | 951 |5425 |5425 |   0 |  0 |   0 |  37 | 4.100000e+01 | 9.790000e+01 | 138.78%| unknown
 3172s|443100 |316925 | 58590k| 132.2 |   670M | 263 | 951 |5425 |5425 |   0 |  0 |   0 |  37 | 4.100000e+01 | 9.790000e+01 | 138.78%| unknown
 3172s|443200 |317011 | 58591k| 132.2 |   670M | 263 | 951 |5425 |5425 |   0 |  0 |   0 |  37 | 4.100000e+01 | 9.790000e+01 | 138.78%| unknown
 3172s|443300 |317067 | 58593k| 132.2 |   670M | 263 | 951 |5425 |5425 |   0 |  0 |   0 |  37 | 4.100000e+01 | 9.790000e+01 | 138.78%| unknown
 3172s|443400 |317137 | 58594k| 132.1 |   670M | 263 | 951 |5425 |5425 |   0 |  0 |   0 |  37 | 4.100000e+01 | 9.790000e+01 | 138.78%| unknown
 3172s|443500 |317203 | 58596k| 132.1 |   670M | 263 | 951 |5425 |5425 |   0 |  0 |   0 |  37 | 4.100000e+01 | 9.790000e+01 | 138.78%| unknown
 3173s|443600 |317275 | 58597k| 132.1 |   670M | 263 | 951 |5425 |5425 |   0 |  0 |   0 |  37 | 4.100000e+01 | 9.790000e+01 | 138.78%| unknown
 3173s|443700 |317339 | 58599k| 132.1 |   670M | 263 | 951 |5425 |5425 |   0 |  0 |   0 |  37 | 4.100000e+01 | 9.790000e+01 | 138.78%| unknown
 3173s|443800 |317409 | 58601k| 132.0 |   670M | 263 | 951 |5425 |5425 |   0 |  0 |   0 |  37 | 4.100000e+01 | 9.790000e+01 | 138.78%| unknown
 time | node  | left  |LP iter|LP it/n|mem/heur|mdpt |vars |cons |rows |cuts |sepa|confs|strbr|  dualbound   | primalbound  |  gap   | compl. 
 3173s|443900 |317475 | 58602k| 132.0 |   670M | 263 | 951 |5425 |5425 |   0 |  0 |   0 |  37 | 4.100000e+01 | 9.790000e+01 | 138.78%| unknown
 3173s|444000 |317549 | 58604k| 132.0 |   671M | 263 | 951 |5425 |5425 |   0 |  0 |   0 |  37 | 4.100000e+01 | 9.790000e+01 | 138.78%| unknown
 3174s|444100 |317619 | 58605k| 132.0 |   671M | 263 | 951 |5425 |5425 |   0 |  0 |   0 |  37 | 4.100000e+01 | 9.790000e+01 | 138.78%| unknown
 3174s|444200 |317683 | 58607k| 131.9 |   671M | 263 | 951 |5425 |5425 |   0 |  0 |   0 |  37 | 4.100000e+01 | 9.790000e+01 | 138.78%| unknown
 3174s|444300 |317753 | 58608k| 131.9 |   671M | 263 | 951 |5425 |5425 |   0 |  0 |   0 |  37 | 4.100000e+01 | 9.790000e+01 | 138.78%| unknown
 3174s|444400 |317803 | 58610k| 131.9 |   671M | 263 | 951 |5425 |5425 |   0 |  0 |   0 |  37 | 4.100000e+01 | 9.790000e+01 | 138.78%| unknown
 3175s|444500 |317871 | 58622k| 131.9 |   671M | 263 | 951 |5425 |5425 |   0 |  0 |   0 |  37 | 4.100000e+01 | 9.790000e+01 | 138.78%| unknown
 3176s|444600 |317951 | 58646k| 131.9 |   671M | 263 | 951 |5425 |5425 |   0 |  0 |   0 |  37 | 4.100000e+01 | 9.790000e+01 | 138.78%| unknown
 3177s|444700 |318009 | 58669k| 131.9 |   671M | 263 | 951 |5425 |5425 |   0 |  0 |   0 |  37 | 4.100000e+01 | 9.790000e+01 | 138.78%| unknown
 3179s|444800 |318081 | 58708k| 132.0 |   671M | 263 | 951 |5425 |5425 |   0 |  0 |   0 |  37 | 4.100000e+01 | 9.790000e+01 | 138.78%| unknown
 3180s|444900 |318149 | 58720k| 132.0 |   671M | 263 | 951 |5425 |5425 |   0 |  0 |   0 |  37 | 4.100000e+01 | 9.790000e+01 | 138.78%| unknown
 3180s|445000 |318215 | 58721k| 132.0 |   671M | 263 | 951 |5425 |5425 |   0 |  0 |   0 |  37 | 4.100000e+01 | 9.790000e+01 | 138.78%| unknown
 3180s|445100 |318267 | 58723k| 131.9 |   672M | 263 | 951 |5425 |5425 |   0 |  0 |   0 |  37 | 4.100000e+01 | 9.790000e+01 | 138.78%| unknown
 3181s|445200 |318335 | 58724k| 131.9 |   673M | 263 | 951 |5425 |5425 |   0 |  0 |   0 |  37 | 4.100000e+01 | 9.790000e+01 | 138.78%| unknown
 3181s|445300 |318399 | 58726k| 131.9 |   673M | 263 | 951 |5425 |5425 |   0 |  0 |   0 |  37 | 4.100000e+01 | 9.790000e+01 | 138.78%| unknown
 time | node  | left  |LP iter|LP it/n|mem/heur|mdpt |vars |cons |rows |cuts |sepa|confs|strbr|  dualbound   | primalbound  |  gap   | compl. 
 3181s|445400 |318467 | 58737k| 131.9 |   673M | 263 | 951 |5425 |5425 |   0 |  0 |   0 |  37 | 4.100000e+01 | 9.790000e+01 | 138.78%| unknown
 3183s|445500 |318543 | 58758k| 131.9 |   673M | 263 | 951 |5425 |5425 |   0 |  0 |   0 |  37 | 4.100000e+01 | 9.790000e+01 | 138.78%| unknown
 3184s|445600 |318611 | 58780k| 131.9 |   673M | 263 | 951 |5425 |5425 |   0 |  0 |   0 |  37 | 4.100000e+01 | 9.790000e+01 | 138.78%| unknown
 3185s|445700 |318681 | 58801k| 131.9 |   673M | 263 | 951 |5425 |5425 |   0 |  0 |   0 |  37 | 4.100000e+01 | 9.790000e+01 | 138.78%| unknown
 3186s|445800 |318753 | 58825k| 132.0 |   673M | 263 | 951 |5425 |5425 |   0 |  0 |   0 |  37 | 4.100000e+01 | 9.790000e+01 | 138.78%| unknown
 3187s|445900 |318817 | 58839k| 132.0 |   673M | 263 | 951 |5425 |5425 |   0 |  0 |   0 |  37 | 4.100000e+01 | 9.790000e+01 | 138.78%| unknown
 3188s|446000 |318885 | 58862k| 132.0 |   673M | 263 | 951 |5425 |5425 |   0 |  0 |   0 |  37 | 4.100000e+01 | 9.790000e+01 | 138.78%| unknown
 3189s|446100 |318961 | 58882k| 132.0 |   673M | 263 | 951 |5425 |5425 |   0 |  0 |   0 |  37 | 4.100000e+01 | 9.790000e+01 | 138.78%| unknown
 3190s|446200 |319045 | 58908k| 132.0 |   673M | 263 | 951 |5425 |5425 |   0 |  0 |   0 |  37 | 4.100000e+01 | 9.790000e+01 | 138.78%| unknown
 3191s|446300 |319111 | 58930k| 132.0 |   673M | 263 | 951 |5425 |5425 |   0 |  0 |   0 |  37 | 4.100000e+01 | 9.790000e+01 | 138.78%| unknown
 3192s|446400 |319153 | 58945k| 132.0 |   674M | 263 | 951 |5425 |5425 |   0 |  0 |   0 |  37 | 4.100000e+01 | 9.790000e+01 | 138.78%| unknown
 3192s|446500 |319219 | 58946k| 132.0 |   674M | 263 | 951 |5425 |5425 |   0 |  0 |   0 |  37 | 4.100000e+01 | 9.790000e+01 | 138.78%| unknown
 3193s|446600 |319299 | 58950k| 132.0 |   674M | 263 | 951 |5425 |5425 |   0 |  0 |   0 |  37 | 4.100000e+01 | 9.790000e+01 | 138.78%| unknown
 3194s|446700 |319365 | 58976k| 132.0 |   674M | 263 | 951 |5425 |5425 |   0 |  0 |   0 |  37 | 4.100000e+01 | 9.790000e+01 | 138.78%| unknown
 3195s|446800 |319431 | 58991k| 132.0 |   674M | 263 | 951 |5425 |5425 |   0 |  0 |   0 |  37 | 4.100000e+01 | 9.790000e+01 | 138.78%| unknown
 time | node  | left  |LP iter|LP it/n|mem/heur|mdpt |vars |cons |rows |cuts |sepa|confs|strbr|  dualbound   | primalbound  |  gap   | compl. 
 3196s|446900 |319493 | 59010k| 132.0 |   674M | 263 | 951 |5425 |5425 |   0 |  0 |   0 |  37 | 4.100000e+01 | 9.790000e+01 | 138.78%| unknown
 3196s|447000 |319563 | 59028k| 132.1 |   674M | 263 | 951 |5425 |5425 |   0 |  0 |   0 |  37 | 4.100000e+01 | 9.790000e+01 | 138.78%| unknown
 3198s|447100 |319635 | 59052k| 132.1 |   674M | 263 | 951 |5425 |5425 |   0 |  0 |   0 |  37 | 4.100000e+01 | 9.790000e+01 | 138.78%| unknown
 3199s|447200 |319705 | 59085k| 132.1 |   674M | 263 | 951 |5425 |5425 |   0 |  0 |   0 |  37 | 4.100000e+01 | 9.790000e+01 | 138.78%| unknown
 3200s|447300 |319765 | 59109k| 132.1 |   674M | 263 | 951 |5425 |5425 |   0 |  0 |   0 |  37 | 4.100000e+01 | 9.790000e+01 | 138.78%| unknown
 3202s|447400 |319843 | 59130k| 132.2 |   674M | 263 | 951 |5425 |5425 |   0 |  0 |   0 |  37 | 4.100000e+01 | 9.790000e+01 | 138.78%| unknown
 3203s|447500 |319913 | 59147k| 132.2 |   675M | 263 | 951 |5425 |5425 |   0 |  0 |   0 |  37 | 4.100000e+01 | 9.790000e+01 | 138.78%| unknown
 3203s|447600 |319989 | 59162k| 132.2 |   676M | 263 | 951 |5425 |5425 |   0 |  0 |   0 |  37 | 4.100000e+01 | 9.790000e+01 | 138.78%| unknown
 3205s|447700 |320059 | 59188k| 132.2 |   677M | 263 | 951 |5425 |5425 |   0 |  0 |   0 |  37 | 4.100000e+01 | 9.790000e+01 | 138.78%| unknown
 3206s|447800 |320125 | 59207k| 132.2 |   677M | 263 | 951 |5425 |5425 |   0 |  0 |   0 |  37 | 4.100000e+01 | 9.790000e+01 | 138.78%| unknown
 3207s|447900 |320195 | 59226k| 132.2 |   677M | 263 | 951 |5425 |5425 |   0 |  0 |   0 |  37 | 4.100000e+01 | 9.790000e+01 | 138.78%| unknown
 3208s|448000 |320261 | 59248k| 132.2 |   677M | 263 | 951 |5425 |5425 |   0 |  0 |   0 |  37 | 4.100000e+01 | 9.790000e+01 | 138.78%| unknown
 3209s|448100 |320339 | 59275k| 132.3 |   677M | 263 | 951 |5425 |5425 |   0 |  0 |   0 |  37 | 4.100000e+01 | 9.790000e+01 | 138.78%| unknown
 3210s|448200 |320407 | 59303k| 132.3 |   677M | 263 | 951 |5425 |5425 |   0 |  0 |   0 |  37 | 4.100000e+01 | 9.790000e+01 | 138.78%| unknown
 3212s|448300 |320469 | 59328k| 132.3 |   677M | 263 | 951 |5425 |5425 |   0 |  0 |   0 |  37 | 4.100000e+01 | 9.790000e+01 | 138.78%| unknown
 time | node  | left  |LP iter|LP it/n|mem/heur|mdpt |vars |cons |rows |cuts |sepa|confs|strbr|  dualbound   | primalbound  |  gap   | compl. 
 3213s|448400 |320539 | 59359k| 132.4 |   677M | 263 | 951 |5425 |5425 |   0 |  0 |   0 |  37 | 4.100000e+01 | 9.790000e+01 | 138.78%| unknown
 3215s|448500 |320607 | 59391k| 132.4 |   677M | 263 | 951 |5425 |5425 |   0 |  0 |   0 |  37 | 4.100000e+01 | 9.790000e+01 | 138.78%| unknown
 3216s|448600 |320679 | 59412k| 132.4 |   677M | 263 | 951 |5425 |5425 |   0 |  0 |   0 |  37 | 4.100000e+01 | 9.790000e+01 | 138.78%| unknown
 3216s|448700 |320755 | 59413k| 132.4 |   678M | 263 | 951 |5425 |5425 |   0 |  0 |   0 |  37 | 4.100000e+01 | 9.790000e+01 | 138.78%| unknown
 3216s|448800 |320813 | 59414k| 132.4 |   678M | 263 | 951 |5425 |5425 |   0 |  0 |   0 |  37 | 4.100000e+01 | 9.790000e+01 | 138.78%| unknown
 3216s|448900 |320873 | 59416k| 132.4 |   678M | 263 | 951 |5425 |5425 |   0 |  0 |   0 |  37 | 4.100000e+01 | 9.790000e+01 | 138.78%| unknown
 3218s|449000 |320951 | 59448k| 132.4 |   678M | 263 | 951 |5425 |5425 |   0 |  0 |   0 |  37 | 4.100000e+01 | 9.790000e+01 | 138.78%| unknown
 3218s|449100 |321019 | 59463k| 132.4 |   678M | 263 | 951 |5425 |5425 |   0 |  0 |   0 |  37 | 4.100000e+01 | 9.790000e+01 | 138.78%| unknown
 3219s|449200 |321097 | 59483k| 132.4 |   678M | 263 | 951 |5425 |5425 |   0 |  0 |   0 |  37 | 4.100000e+01 | 9.790000e+01 | 138.78%| unknown
 3221s|449300 |321163 | 59503k| 132.4 |   678M | 263 | 951 |5425 |5425 |   0 |  0 |   0 |  37 | 4.100000e+01 | 9.790000e+01 | 138.78%| unknown
 3221s|449400 |321233 | 59522k| 132.4 |   678M | 263 | 951 |5425 |5425 |   0 |  0 |   0 |  37 | 4.100000e+01 | 9.790000e+01 | 138.78%| unknown
 3222s|449500 |321307 | 59540k| 132.5 |   678M | 263 | 951 |5425 |5425 |   0 |  0 |   0 |  37 | 4.100000e+01 | 9.790000e+01 | 138.78%| unknown
 3224s|449600 |321377 | 59567k| 132.5 |   678M | 263 | 951 |5425 |5425 |   0 |  0 |   0 |  37 | 4.100000e+01 | 9.790000e+01 | 138.78%| unknown
 3225s|449700 |321445 | 59591k| 132.5 |   678M | 263 | 951 |5425 |5425 |   0 |  0 |   0 |  37 | 4.100000e+01 | 9.790000e+01 | 138.78%| unknown
 3227s|449800 |321525 | 59631k| 132.6 |   679M | 263 | 951 |5425 |5425 |   0 |  0 |   0 |  37 | 4.100000e+01 | 9.790000e+01 | 138.78%| unknown
 time | node  | left  |LP iter|LP it/n|mem/heur|mdpt |vars |cons |rows |cuts |sepa|confs|strbr|  dualbound   | primalbound  |  gap   | compl. 
 3228s|449900 |321595 | 59655k| 132.6 |   679M | 263 | 951 |5425 |5425 |   0 |  0 |   0 |  37 | 4.100000e+01 | 9.790000e+01 | 138.78%| unknown
 3229s|450000 |321653 | 59672k| 132.6 |   679M | 263 | 951 |5425 |5425 |   0 |  0 |   0 |  37 | 4.100000e+01 | 9.790000e+01 | 138.78%| unknown
 3229s|450100 |321713 | 59674k| 132.6 |   679M | 263 | 951 |5425 |5425 |   0 |  0 |   0 |  37 | 4.100000e+01 | 9.790000e+01 | 138.78%| unknown
 3229s|450200 |321779 | 59675k| 132.6 |   679M | 263 | 951 |5425 |5425 |   0 |  0 |   0 |  37 | 4.100000e+01 | 9.790000e+01 | 138.78%| unknown
 3230s|450300 |321847 | 59676k| 132.5 |   679M | 263 | 951 |5425 |5425 |   0 |  0 |   0 |  37 | 4.100000e+01 | 9.790000e+01 | 138.78%| unknown
 3230s|450400 |321917 | 59678k| 132.5 |   679M | 263 | 951 |5425 |5425 |   0 |  0 |   0 |  37 | 4.100000e+01 | 9.790000e+01 | 138.78%| unknown
 3231s|450500 |321983 | 59694k| 132.5 |   679M | 263 | 951 |5425 |5425 |   0 |  0 |   0 |  37 | 4.100000e+01 | 9.790000e+01 | 138.78%| unknown
 3232s|450600 |322041 | 59712k| 132.5 |   679M | 263 | 951 |5425 |5425 |   0 |  0 |   0 |  37 | 4.100000e+01 | 9.790000e+01 | 138.78%| unknown
 3233s|450700 |322107 | 59738k| 132.5 |   679M | 263 | 951 |5425 |5425 |   0 |  0 |   0 |  37 | 4.100000e+01 | 9.790000e+01 | 138.78%| unknown
 3234s|450800 |322169 | 59766k| 132.6 |   679M | 263 | 951 |5425 |5425 |   0 |  0 |   0 |  37 | 4.100000e+01 | 9.790000e+01 | 138.78%| unknown
 3236s|450900 |322237 | 59797k| 132.6 |   679M | 263 | 951 |5425 |5425 |   0 |  0 |   0 |  37 | 4.100000e+01 | 9.790000e+01 | 138.78%| unknown
 3237s|451000 |322305 | 59827k| 132.7 |   680M | 263 | 951 |5425 |5425 |   0 |  0 |   0 |  37 | 4.100000e+01 | 9.790000e+01 | 138.78%| unknown
 3239s|451100 |322375 | 59861k| 132.7 |   681M | 263 | 951 |5425 |5425 |   0 |  0 |   0 |  37 | 4.100000e+01 | 9.790000e+01 | 138.78%| unknown
 3240s|451200 |322453 | 59882k| 132.7 |   681M | 263 | 951 |5425 |5425 |   0 |  0 |   0 |  37 | 4.100000e+01 | 9.790000e+01 | 138.78%| unknown
 3242s|451300 |322519 | 59910k| 132.7 |   681M | 263 | 951 |5425 |5425 |   0 |  0 |   0 |  37 | 4.100000e+01 | 9.790000e+01 | 138.78%| unknown
 time | node  | left  |LP iter|LP it/n|mem/heur|mdpt |vars |cons |rows |cuts |sepa|confs|strbr|  dualbound   | primalbound  |  gap   | compl. 
 3242s|451400 |322595 | 59926k| 132.8 |   681M | 263 | 951 |5425 |5425 |   0 |  0 |   0 |  37 | 4.100000e+01 | 9.790000e+01 | 138.78%| unknown
 3243s|451500 |322667 | 59931k| 132.7 |   681M | 263 | 951 |5425 |5425 |   0 |  0 |   0 |  37 | 4.100000e+01 | 9.790000e+01 | 138.78%| unknown
 3244s|451600 |322747 | 59965k| 132.8 |   681M | 263 | 951 |5425 |5425 |   0 |  0 |   0 |  37 | 4.100000e+01 | 9.790000e+01 | 138.78%| unknown
 3246s|451700 |322817 | 59995k| 132.8 |   681M | 263 | 951 |5425 |5425 |   0 |  0 |   0 |  37 | 4.100000e+01 | 9.790000e+01 | 138.78%| unknown
 3247s|451800 |322877 | 60023k| 132.9 |   681M | 263 | 951 |5425 |5425 |   0 |  0 |   0 |  37 | 4.100000e+01 | 9.790000e+01 | 138.78%| unknown
 3248s|451900 |322953 | 60039k| 132.9 |   681M | 263 | 951 |5425 |5425 |   0 |  0 |   0 |  37 | 4.100000e+01 | 9.790000e+01 | 138.78%| unknown
 3249s|452000 |323029 | 60062k| 132.9 |   681M | 263 | 951 |5425 |5425 |   0 |  0 |   0 |  37 | 4.100000e+01 | 9.790000e+01 | 138.78%| unknown
 3250s|452100 |323105 | 60083k| 132.9 |   682M | 263 | 951 |5425 |5425 |   0 |  0 |   0 |  37 | 4.100000e+01 | 9.790000e+01 | 138.78%| unknown
 3251s|452200 |323167 | 60099k| 132.9 |   682M | 263 | 951 |5425 |5425 |   0 |  0 |   0 |  37 | 4.100000e+01 | 9.790000e+01 | 138.78%| unknown
 3253s|452300 |323237 | 60127k| 132.9 |   682M | 263 | 951 |5425 |5425 |   0 |  0 |   0 |  37 | 4.100000e+01 | 9.790000e+01 | 138.78%| unknown
 3253s|452400 |323309 | 60139k| 132.9 |   682M | 263 | 951 |5425 |5425 |   0 |  0 |   0 |  37 | 4.100000e+01 | 9.790000e+01 | 138.78%| unknown
 3253s|452500 |323371 | 60141k| 132.9 |   682M | 263 | 951 |5425 |5425 |   0 |  0 |   0 |  37 | 4.100000e+01 | 9.790000e+01 | 138.78%| unknown
 3254s|452600 |323437 | 60143k| 132.9 |   682M | 263 | 951 |5425 |5425 |   0 |  0 |   0 |  37 | 4.100000e+01 | 9.790000e+01 | 138.78%| unknown
 3254s|452700 |323505 | 60144k| 132.9 |   682M | 263 | 951 |5425 |5425 |   0 |  0 |   0 |  37 | 4.100000e+01 | 9.790000e+01 | 138.78%| unknown
 3254s|452800 |323571 | 60146k| 132.8 |   682M | 263 | 951 |5425 |5425 |   0 |  0 |   0 |  37 | 4.100000e+01 | 9.790000e+01 | 138.78%| unknown
 time | node  | left  |LP iter|LP it/n|mem/heur|mdpt |vars |cons |rows |cuts |sepa|confs|strbr|  dualbound   | primalbound  |  gap   | compl. 
 3254s|452900 |323643 | 60147k| 132.8 |   683M | 263 | 951 |5425 |5425 |   0 |  0 |   0 |  37 | 4.100000e+01 | 9.790000e+01 | 138.78%| unknown
 3254s|453000 |323703 | 60149k| 132.8 |   683M | 263 | 951 |5425 |5425 |   0 |  0 |   0 |  37 | 4.100000e+01 | 9.790000e+01 | 138.78%| unknown
 3254s|453100 |323771 | 60150k| 132.8 |   683M | 263 | 951 |5425 |5425 |   0 |  0 |   0 |  37 | 4.100000e+01 | 9.790000e+01 | 138.78%| unknown
 3255s|453200 |323843 | 60151k| 132.7 |   683M | 263 | 951 |5425 |5425 |   0 |  0 |   0 |  37 | 4.100000e+01 | 9.790000e+01 | 138.78%| unknown
 3255s|453300 |323909 | 60153k| 132.7 |   684M | 263 | 951 |5425 |5425 |   0 |  0 |   0 |  37 | 4.100000e+01 | 9.790000e+01 | 138.78%| unknown
 3255s|453400 |323973 | 60155k| 132.7 |   684M | 263 | 951 |5425 |5425 |   0 |  0 |   0 |  37 | 4.100000e+01 | 9.790000e+01 | 138.78%| unknown
 3255s|453500 |324025 | 60156k| 132.6 |   684M | 263 | 951 |5425 |5425 |   0 |  0 |   0 |  37 | 4.100000e+01 | 9.790000e+01 | 138.78%| unknown
 3255s|453600 |324091 | 60158k| 132.6 |   684M | 263 | 951 |5425 |5425 |   0 |  0 |   0 |  37 | 4.100000e+01 | 9.790000e+01 | 138.78%| unknown
 3256s|453700 |324161 | 60160k| 132.6 |   684M | 263 | 951 |5425 |5425 |   0 |  0 |   0 |  37 | 4.100000e+01 | 9.790000e+01 | 138.78%| unknown
 3256s|453800 |324231 | 60161k| 132.6 |   684M | 263 | 951 |5425 |5425 |   0 |  0 |   0 |  37 | 4.100000e+01 | 9.790000e+01 | 138.78%| unknown
 3256s|453900 |324301 | 60163k| 132.5 |   684M | 263 | 951 |5425 |5425 |   0 |  0 |   0 |  37 | 4.100000e+01 | 9.790000e+01 | 138.78%| unknown
 3256s|454000 |324345 | 60164k| 132.5 |   684M | 263 | 951 |5425 |5425 |   0 |  0 |   0 |  37 | 4.100000e+01 | 9.790000e+01 | 138.78%| unknown
 3256s|454100 |324399 | 60166k| 132.5 |   685M | 263 | 951 |5425 |5425 |   0 |  0 |   0 |  37 | 4.100000e+01 | 9.790000e+01 | 138.78%| unknown
 3257s|454200 |324455 | 60168k| 132.5 |   685M | 263 | 951 |5425 |5425 |   0 |  0 |   0 |  37 | 4.100000e+01 | 9.790000e+01 | 138.78%| unknown
 3257s|454300 |324523 | 60169k| 132.4 |   685M | 263 | 951 |5425 |5425 |   0 |  0 |   0 |  37 | 4.100000e+01 | 9.790000e+01 | 138.78%| unknown
 time | node  | left  |LP iter|LP it/n|mem/heur|mdpt |vars |cons |rows |cuts |sepa|confs|strbr|  dualbound   | primalbound  |  gap   | compl. 
 3257s|454400 |324581 | 60171k| 132.4 |   685M | 263 | 951 |5425 |5425 |   0 |  0 |   0 |  37 | 4.100000e+01 | 9.790000e+01 | 138.78%| unknown
 3257s|454500 |324645 | 60173k| 132.4 |   686M | 263 | 951 |5425 |5425 |   0 |  0 |   0 |  37 | 4.100000e+01 | 9.790000e+01 | 138.78%| unknown
 3257s|454600 |324713 | 60175k| 132.4 |   686M | 263 | 951 |5425 |5425 |   0 |  0 |   0 |  37 | 4.100000e+01 | 9.790000e+01 | 138.78%| unknown
 3258s|454700 |324765 | 60176k| 132.3 |   686M | 263 | 951 |5425 |5425 |   0 |  0 |   0 |  37 | 4.100000e+01 | 9.790000e+01 | 138.78%| unknown
 3258s|454800 |324823 | 60178k| 132.3 |   686M | 263 | 951 |5425 |5425 |   0 |  0 |   0 |  37 | 4.100000e+01 | 9.790000e+01 | 138.78%| unknown
 3258s|454900 |324885 | 60179k| 132.3 |   686M | 263 | 951 |5425 |5425 |   0 |  0 |   0 |  37 | 4.100000e+01 | 9.790000e+01 | 138.78%| unknown
 3258s|455000 |324937 | 60181k| 132.3 |   686M | 263 | 951 |5425 |5425 |   0 |  0 |   0 |  37 | 4.100000e+01 | 9.790000e+01 | 138.78%| unknown
 3258s|455100 |325025 | 60183k| 132.2 |   686M | 263 | 951 |5425 |5425 |   0 |  0 |   0 |  37 | 4.100000e+01 | 9.790000e+01 | 138.78%| unknown
 3258s|455200 |325089 | 60184k| 132.2 |   686M | 263 | 951 |5425 |5425 |   0 |  0 |   0 |  37 | 4.100000e+01 | 9.790000e+01 | 138.78%| unknown
 3259s|455300 |325153 | 60185k| 132.2 |   686M | 263 | 951 |5425 |5425 |   0 |  0 |   0 |  37 | 4.100000e+01 | 9.790000e+01 | 138.78%| unknown
 3259s|455400 |325233 | 60187k| 132.2 |   686M | 263 | 951 |5425 |5425 |   0 |  0 |   0 |  37 | 4.100000e+01 | 9.790000e+01 | 138.78%| unknown
 3259s|455500 |325303 | 60188k| 132.1 |   686M | 263 | 951 |5425 |5425 |   0 |  0 |   0 |  37 | 4.100000e+01 | 9.790000e+01 | 138.78%| unknown
 3259s|455600 |325367 | 60190k| 132.1 |   686M | 263 | 951 |5425 |5425 |   0 |  0 |   0 |  37 | 4.100000e+01 | 9.790000e+01 | 138.78%| unknown
 3259s|455700 |325437 | 60191k| 132.1 |   687M | 263 | 951 |5425 |5425 |   0 |  0 |   0 |  37 | 4.100000e+01 | 9.790000e+01 | 138.78%| unknown
 3260s|455800 |325505 | 60193k| 132.1 |   687M | 263 | 951 |5425 |5425 |   0 |  0 |   0 |  37 | 4.100000e+01 | 9.790000e+01 | 138.78%| unknown
 time | node  | left  |LP iter|LP it/n|mem/heur|mdpt |vars |cons |rows |cuts |sepa|confs|strbr|  dualbound   | primalbound  |  gap   | compl. 
 3260s|455900 |325571 | 60194k| 132.0 |   687M | 263 | 951 |5425 |5425 |   0 |  0 |   0 |  37 | 4.100000e+01 | 9.790000e+01 | 138.78%| unknown
 3260s|456000 |325631 | 60195k| 132.0 |   687M | 263 | 951 |5425 |5425 |   0 |  0 |   0 |  37 | 4.100000e+01 | 9.790000e+01 | 138.78%| unknown
 3260s|456100 |325693 | 60197k| 132.0 |   688M | 263 | 951 |5425 |5425 |   0 |  0 |   0 |  37 | 4.100000e+01 | 9.790000e+01 | 138.78%| unknown
 3260s|456200 |325765 | 60198k| 132.0 |   688M | 263 | 951 |5425 |5425 |   0 |  0 |   0 |  37 | 4.100000e+01 | 9.790000e+01 | 138.78%| unknown
 3261s|456300 |325829 | 60200k| 131.9 |   688M | 263 | 951 |5425 |5425 |   0 |  0 |   0 |  37 | 4.100000e+01 | 9.790000e+01 | 138.78%| unknown
 3262s|456400 |325893 | 60227k| 132.0 |   688M | 263 | 951 |5425 |5425 |   0 |  0 |   0 |  37 | 4.100000e+01 | 9.790000e+01 | 138.78%| unknown
 3264s|456500 |325967 | 60267k| 132.0 |   688M | 263 | 951 |5425 |5425 |   0 |  0 |   0 |  37 | 4.100000e+01 | 9.790000e+01 | 138.78%| unknown
 3265s|456600 |326037 | 60287k| 132.0 |   688M | 263 | 951 |5425 |5425 |   0 |  0 |   0 |  37 | 4.100000e+01 | 9.790000e+01 | 138.78%| unknown
 3266s|456700 |326095 | 60304k| 132.0 |   688M | 263 | 951 |5425 |5425 |   0 |  0 |   0 |  37 | 4.100000e+01 | 9.790000e+01 | 138.78%| unknown
 3267s|456800 |326165 | 60332k| 132.1 |   688M | 263 | 951 |5425 |5425 |   0 |  0 |   0 |  37 | 4.100000e+01 | 9.790000e+01 | 138.78%| unknown
 3269s|456900 |326231 | 60362k| 132.1 |   689M | 263 | 951 |5425 |5425 |   0 |  0 |   0 |  37 | 4.100000e+01 | 9.790000e+01 | 138.78%| unknown
 3270s|457000 |326299 | 60382k| 132.1 |   689M | 263 | 951 |5425 |5425 |   0 |  0 |   0 |  37 | 4.100000e+01 | 9.790000e+01 | 138.78%| unknown
 3271s|457100 |326375 | 60402k| 132.1 |   689M | 263 | 951 |5425 |5425 |   0 |  0 |   0 |  37 | 4.100000e+01 | 9.790000e+01 | 138.78%| unknown
 3272s|457200 |326433 | 60428k| 132.2 |   689M | 263 | 951 |5425 |5425 |   0 |  0 |   0 |  37 | 4.100000e+01 | 9.790000e+01 | 138.78%| unknown
 3273s|457300 |326505 | 60456k| 132.2 |   689M | 263 | 951 |5425 |5425 |   0 |  0 |   0 |  37 | 4.100000e+01 | 9.790000e+01 | 138.78%| unknown
 time | node  | left  |LP iter|LP it/n|mem/heur|mdpt |vars |cons |rows |cuts |sepa|confs|strbr|  dualbound   | primalbound  |  gap   | compl. 
 3274s|457400 |326567 | 60477k| 132.2 |   689M | 263 | 951 |5425 |5425 |   0 |  0 |   0 |  37 | 4.100000e+01 | 9.790000e+01 | 138.78%| unknown
 3276s|457500 |326643 | 60501k| 132.2 |   689M | 263 | 951 |5425 |5425 |   0 |  0 |   0 |  37 | 4.100000e+01 | 9.790000e+01 | 138.78%| unknown
 3277s|457600 |326707 | 60525k| 132.3 |   689M | 263 | 951 |5425 |5425 |   0 |  0 |   0 |  37 | 4.100000e+01 | 9.790000e+01 | 138.78%| unknown
 3278s|457700 |326779 | 60547k| 132.3 |   689M | 263 | 951 |5425 |5425 |   0 |  0 |   0 |  37 | 4.100000e+01 | 9.790000e+01 | 138.78%| unknown
 3279s|457800 |326835 | 60562k| 132.3 |   689M | 263 | 951 |5425 |5425 |   0 |  0 |   0 |  37 | 4.100000e+01 | 9.790000e+01 | 138.78%| unknown
 3280s|457900 |326899 | 60585k| 132.3 |   689M | 263 | 951 |5425 |5425 |   0 |  0 |   0 |  37 | 4.100000e+01 | 9.790000e+01 | 138.78%| unknown
 3282s|458000 |326977 | 60628k| 132.4 |   689M | 263 | 951 |5425 |5425 |   0 |  0 |   0 |  37 | 4.100000e+01 | 9.790000e+01 | 138.78%| unknown
 3283s|458100 |327045 | 60653k| 132.4 |   690M | 263 | 951 |5425 |5425 |   0 |  0 |   0 |  37 | 4.100000e+01 | 9.790000e+01 | 138.78%| unknown
 3284s|458200 |327119 | 60674k| 132.4 |   690M | 263 | 951 |5425 |5425 |   0 |  0 |   0 |  37 | 4.100000e+01 | 9.790000e+01 | 138.78%| unknown
 3285s|458300 |327187 | 60695k| 132.4 |   690M | 263 | 951 |5425 |5425 |   0 |  0 |   0 |  37 | 4.100000e+01 | 9.790000e+01 | 138.78%| unknown
 3287s|458400 |327253 | 60725k| 132.5 |   690M | 263 | 951 |5425 |5425 |   0 |  0 |   0 |  37 | 4.100000e+01 | 9.790000e+01 | 138.78%| unknown
 3289s|458500 |327331 | 60760k| 132.5 |   690M | 263 | 951 |5425 |5425 |   0 |  0 |   0 |  37 | 4.100000e+01 | 9.790000e+01 | 138.78%| unknown
 3290s|458600 |327401 | 60785k| 132.5 |   690M | 263 | 951 |5425 |5425 |   0 |  0 |   0 |  37 | 4.100000e+01 | 9.790000e+01 | 138.78%| unknown
 3291s|458700 |327465 | 60812k| 132.6 |   690M | 263 | 951 |5425 |5425 |   0 |  0 |   0 |  37 | 4.100000e+01 | 9.790000e+01 | 138.78%| unknown
 3292s|458800 |327537 | 60831k| 132.6 |   690M | 263 | 951 |5425 |5425 |   0 |  0 |   0 |  37 | 4.100000e+01 | 9.790000e+01 | 138.78%| unknown
 time | node  | left  |LP iter|LP it/n|mem/heur|mdpt |vars |cons |rows |cuts |sepa|confs|strbr|  dualbound   | primalbound  |  gap   | compl. 
 3293s|458900 |327619 | 60849k| 132.6 |   690M | 263 | 951 |5425 |5425 |   0 |  0 |   0 |  37 | 4.100000e+01 | 9.790000e+01 | 138.78%| unknown
 3294s|459000 |327689 | 60873k| 132.6 |   690M | 263 | 951 |5425 |5425 |   0 |  0 |   0 |  37 | 4.100000e+01 | 9.790000e+01 | 138.78%| unknown
 3296s|459100 |327759 | 60905k| 132.7 |   690M | 263 | 951 |5425 |5425 |   0 |  0 |   0 |  37 | 4.100000e+01 | 9.790000e+01 | 138.78%| unknown
 3297s|459200 |327825 | 60933k| 132.7 |   692M | 263 | 951 |5425 |5425 |   0 |  0 |   0 |  37 | 4.100000e+01 | 9.790000e+01 | 138.78%| unknown
 3297s|459300 |327887 | 60935k| 132.7 |   692M | 263 | 951 |5425 |5425 |   0 |  0 |   0 |  37 | 4.100000e+01 | 9.790000e+01 | 138.78%| unknown
 3298s|459400 |327937 | 60937k| 132.6 |   692M | 263 | 951 |5425 |5425 |   0 |  0 |   0 |  37 | 4.100000e+01 | 9.790000e+01 | 138.78%| unknown
 3298s|459500 |327995 | 60939k| 132.6 |   692M | 263 | 951 |5425 |5425 |   0 |  0 |   0 |  37 | 4.100000e+01 | 9.790000e+01 | 138.78%| unknown
 3298s|459600 |328049 | 60940k| 132.6 |   692M | 263 | 951 |5425 |5425 |   0 |  0 |   0 |  37 | 4.100000e+01 | 9.790000e+01 | 138.78%| unknown
 3299s|459700 |328117 | 60956k| 132.6 |   692M | 263 | 951 |5425 |5425 |   0 |  0 |   0 |  37 | 4.100000e+01 | 9.790000e+01 | 138.78%| unknown
 3300s|459800 |328179 | 60983k| 132.6 |   692M | 263 | 951 |5425 |5425 |   0 |  0 |   0 |  37 | 4.100000e+01 | 9.790000e+01 | 138.78%| unknown
 3301s|459900 |328245 | 60996k| 132.6 |   692M | 263 | 951 |5425 |5425 |   0 |  0 |   0 |  37 | 4.100000e+01 | 9.790000e+01 | 138.78%| unknown
 3302s|460000 |328307 | 61024k| 132.7 |   692M | 263 | 951 |5425 |5425 |   0 |  0 |   0 |  37 | 4.100000e+01 | 9.790000e+01 | 138.78%| unknown
 3303s|460100 |328361 | 61049k| 132.7 |   692M | 263 | 951 |5425 |5425 |   0 |  0 |   0 |  37 | 4.100000e+01 | 9.790000e+01 | 138.78%| unknown
 3304s|460200 |328421 | 61064k| 132.7 |   692M | 263 | 951 |5425 |5425 |   0 |  0 |   0 |  37 | 4.100000e+01 | 9.790000e+01 | 138.78%| unknown
 3305s|460300 |328485 | 61074k| 132.7 |   692M | 263 | 951 |5425 |5425 |   0 |  0 |   0 |  37 | 4.100000e+01 | 9.790000e+01 | 138.78%| unknown
 time | node  | left  |LP iter|LP it/n|mem/heur|mdpt |vars |cons |rows |cuts |sepa|confs|strbr|  dualbound   | primalbound  |  gap   | compl. 
 3305s|460400 |328549 | 61076k| 132.7 |   692M | 263 | 951 |5425 |5425 |   0 |  0 |   0 |  37 | 4.100000e+01 | 9.790000e+01 | 138.78%| unknown
 3305s|460500 |328623 | 61078k| 132.6 |   693M | 263 | 951 |5425 |5425 |   0 |  0 |   0 |  37 | 4.100000e+01 | 9.790000e+01 | 138.78%| unknown
 3305s|460600 |328691 | 61079k| 132.6 |   693M | 263 | 951 |5425 |5425 |   0 |  0 |   0 |  37 | 4.100000e+01 | 9.790000e+01 | 138.78%| unknown
 3306s|460700 |328759 | 61081k| 132.6 |   693M | 263 | 951 |5425 |5425 |   0 |  0 |   0 |  37 | 4.100000e+01 | 9.790000e+01 | 138.78%| unknown
 3306s|460800 |328825 | 61082k| 132.6 |   693M | 263 | 951 |5425 |5425 |   0 |  0 |   0 |  37 | 4.100000e+01 | 9.790000e+01 | 138.78%| unknown
 3306s|460900 |328877 | 61084k| 132.5 |   694M | 263 | 951 |5425 |5425 |   0 |  0 |   0 |  37 | 4.100000e+01 | 9.790000e+01 | 138.78%| unknown
 3306s|461000 |328957 | 61086k| 132.5 |   694M | 263 | 951 |5425 |5425 |   0 |  0 |   0 |  37 | 4.100000e+01 | 9.790000e+01 | 138.78%| unknown
 3306s|461100 |329023 | 61087k| 132.5 |   694M | 263 | 951 |5425 |5425 |   0 |  0 |   0 |  37 | 4.100000e+01 | 9.790000e+01 | 138.78%| unknown
 3307s|461200 |329099 | 61088k| 132.5 |   694M | 263 | 951 |5425 |5425 |   0 |  0 |   0 |  37 | 4.100000e+01 | 9.790000e+01 | 138.78%| unknown
 3307s|461300 |329167 | 61090k| 132.4 |   694M | 263 | 951 |5425 |5425 |   0 |  0 |   0 |  37 | 4.100000e+01 | 9.790000e+01 | 138.78%| unknown
 3307s|461400 |329237 | 61091k| 132.4 |   694M | 263 | 951 |5425 |5425 |   0 |  0 |   0 |  37 | 4.100000e+01 | 9.790000e+01 | 138.78%| unknown
 3307s|461500 |329307 | 61092k| 132.4 |   694M | 263 | 951 |5425 |5425 |   0 |  0 |   0 |  37 | 4.100000e+01 | 9.790000e+01 | 138.78%| unknown
 3307s|461600 |329375 | 61093k| 132.4 |   694M | 263 | 951 |5425 |5425 |   0 |  0 |   0 |  37 | 4.100000e+01 | 9.790000e+01 | 138.78%| unknown
 3307s|461700 |329443 | 61095k| 132.3 |   695M | 263 | 951 |5425 |5425 |   0 |  0 |   0 |  37 | 4.100000e+01 | 9.790000e+01 | 138.78%| unknown
 3308s|461800 |329501 | 61100k| 132.3 |   695M | 263 | 951 |5425 |5425 |   0 |  0 |   0 |  37 | 4.100000e+01 | 9.790000e+01 | 138.78%| unknown
 time | node  | left  |LP iter|LP it/n|mem/heur|mdpt |vars |cons |rows |cuts |sepa|confs|strbr|  dualbound   | primalbound  |  gap   | compl. 
 3308s|461900 |329563 | 61103k| 132.3 |   695M | 263 | 951 |5425 |5425 |   0 |  0 |   0 |  37 | 4.100000e+01 | 9.790000e+01 | 138.78%| unknown
 3308s|462000 |329629 | 61105k| 132.3 |   695M | 263 | 951 |5425 |5425 |   0 |  0 |   0 |  37 | 4.100000e+01 | 9.790000e+01 | 138.78%| unknown
 3308s|462100 |329697 | 61106k| 132.2 |   695M | 263 | 951 |5425 |5425 |   0 |  0 |   0 |  37 | 4.100000e+01 | 9.790000e+01 | 138.78%| unknown
 3309s|462200 |329751 | 61107k| 132.2 |   695M | 263 | 951 |5425 |5425 |   0 |  0 |   0 |  37 | 4.100000e+01 | 9.790000e+01 | 138.78%| unknown
 3309s|462300 |329809 | 61109k| 132.2 |   695M | 263 | 951 |5425 |5425 |   0 |  0 |   0 |  37 | 4.100000e+01 | 9.790000e+01 | 138.78%| unknown
 3309s|462400 |329881 | 61110k| 132.2 |   695M | 263 | 951 |5425 |5425 |   0 |  0 |   0 |  37 | 4.100000e+01 | 9.790000e+01 | 138.78%| unknown
 3309s|462500 |329949 | 61112k| 132.1 |   695M | 263 | 951 |5425 |5425 |   0 |  0 |   0 |  37 | 4.100000e+01 | 9.790000e+01 | 138.78%| unknown
 3309s|462600 |330007 | 61113k| 132.1 |   696M | 263 | 951 |5425 |5425 |   0 |  0 |   0 |  37 | 4.100000e+01 | 9.790000e+01 | 138.78%| unknown
 3310s|462700 |330079 | 61115k| 132.1 |   696M | 263 | 951 |5425 |5425 |   0 |  0 |   0 |  37 | 4.100000e+01 | 9.790000e+01 | 138.78%| unknown
 3310s|462800 |330135 | 61121k| 132.1 |   696M | 263 | 951 |5425 |5425 |   0 |  0 |   0 |  37 | 4.100000e+01 | 9.790000e+01 | 138.78%| unknown
 3311s|462900 |330207 | 61142k| 132.1 |   697M | 263 | 951 |5425 |5425 |   0 |  0 |   0 |  37 | 4.100000e+01 | 9.790000e+01 | 138.78%| unknown
 3312s|463000 |330275 | 61163k| 132.1 |   697M | 263 | 951 |5425 |5425 |   0 |  0 |   0 |  37 | 4.100000e+01 | 9.790000e+01 | 138.78%| unknown
 3313s|463100 |330349 | 61180k| 132.1 |   697M | 263 | 951 |5425 |5425 |   0 |  0 |   0 |  37 | 4.100000e+01 | 9.790000e+01 | 138.78%| unknown
 3314s|463200 |330425 | 61202k| 132.1 |   697M | 263 | 951 |5425 |5425 |   0 |  0 |   0 |  37 | 4.100000e+01 | 9.790000e+01 | 138.78%| unknown
 3315s|463300 |330497 | 61223k| 132.1 |   697M | 263 | 951 |5425 |5425 |   0 |  0 |   0 |  37 | 4.100000e+01 | 9.790000e+01 | 138.78%| unknown
 time | node  | left  |LP iter|LP it/n|mem/heur|mdpt |vars |cons |rows |cuts |sepa|confs|strbr|  dualbound   | primalbound  |  gap   | compl. 
 3316s|463400 |330553 | 61243k| 132.2 |   697M | 263 | 951 |5425 |5425 |   0 |  0 |   0 |  37 | 4.100000e+01 | 9.790000e+01 | 138.78%| unknown
 3317s|463500 |330615 | 61264k| 132.2 |   697M | 263 | 951 |5425 |5425 |   0 |  0 |   0 |  37 | 4.100000e+01 | 9.790000e+01 | 138.78%| unknown
 3319s|463600 |330679 | 61288k| 132.2 |   697M | 263 | 951 |5425 |5425 |   0 |  0 |   0 |  37 | 4.100000e+01 | 9.790000e+01 | 138.78%| unknown
 3320s|463700 |330747 | 61311k| 132.2 |   697M | 263 | 951 |5425 |5425 |   0 |  0 |   0 |  37 | 4.100000e+01 | 9.790000e+01 | 138.78%| unknown
 3321s|463800 |330815 | 61338k| 132.2 |   697M | 263 | 951 |5425 |5425 |   0 |  0 |   0 |  37 | 4.100000e+01 | 9.790000e+01 | 138.78%| unknown
 3321s|463900 |330879 | 61344k| 132.2 |   697M | 263 | 951 |5425 |5425 |   0 |  0 |   0 |  37 | 4.100000e+01 | 9.790000e+01 | 138.78%| unknown
 3322s|464000 |330947 | 61361k| 132.2 |   697M | 263 | 951 |5425 |5425 |   0 |  0 |   0 |  37 | 4.100000e+01 | 9.790000e+01 | 138.78%| unknown
 3324s|464100 |331025 | 61400k| 132.3 |   699M | 263 | 951 |5425 |5425 |   0 |  0 |   0 |  37 | 4.100000e+01 | 9.790000e+01 | 138.78%| unknown
 3326s|464200 |331087 | 61433k| 132.3 |   699M | 263 | 951 |5425 |5425 |   0 |  0 |   0 |  37 | 4.100000e+01 | 9.790000e+01 | 138.78%| unknown
 3327s|464300 |331151 | 61452k| 132.4 |   699M | 263 | 951 |5425 |5425 |   0 |  0 |   0 |  37 | 4.100000e+01 | 9.790000e+01 | 138.78%| unknown
 3328s|464400 |331221 | 61465k| 132.4 |   699M | 263 | 951 |5425 |5425 |   0 |  0 |   0 |  37 | 4.100000e+01 | 9.790000e+01 | 138.78%| unknown
 3328s|464500 |331281 | 61466k| 132.3 |   699M | 263 | 951 |5425 |5425 |   0 |  0 |   0 |  37 | 4.100000e+01 | 9.790000e+01 | 138.78%| unknown
 3328s|464600 |331349 | 61468k| 132.3 |   699M | 263 | 951 |5425 |5425 |   0 |  0 |   0 |  37 | 4.100000e+01 | 9.790000e+01 | 138.78%| unknown
 3328s|464700 |331411 | 61469k| 132.3 |   699M | 263 | 951 |5425 |5425 |   0 |  0 |   0 |  37 | 4.100000e+01 | 9.790000e+01 | 138.78%| unknown
 3328s|464800 |331469 | 61471k| 132.3 |   699M | 263 | 951 |5425 |5425 |   0 |  0 |   0 |  37 | 4.100000e+01 | 9.790000e+01 | 138.78%| unknown
 time | node  | left  |LP iter|LP it/n|mem/heur|mdpt |vars |cons |rows |cuts |sepa|confs|strbr|  dualbound   | primalbound  |  gap   | compl. 
 3329s|464900 |331523 | 61473k| 132.2 |   699M | 263 | 951 |5425 |5425 |   0 |  0 |   0 |  37 | 4.100000e+01 | 9.790000e+01 | 138.78%| unknown
 3329s|465000 |331583 | 61475k| 132.2 |   699M | 263 | 951 |5425 |5425 |   0 |  0 |   0 |  37 | 4.100000e+01 | 9.790000e+01 | 138.78%| unknown
 3329s|465100 |331655 | 61476k| 132.2 |   699M | 263 | 951 |5425 |5425 |   0 |  0 |   0 |  37 | 4.100000e+01 | 9.790000e+01 | 138.78%| unknown
 3329s|465200 |331725 | 61478k| 132.2 |   699M | 263 | 951 |5425 |5425 |   0 |  0 |   0 |  37 | 4.100000e+01 | 9.790000e+01 | 138.78%| unknown
 3329s|465300 |331783 | 61479k| 132.1 |   700M | 263 | 951 |5425 |5425 |   0 |  0 |   0 |  37 | 4.100000e+01 | 9.790000e+01 | 138.78%| unknown
 3330s|465400 |331855 | 61481k| 132.1 |   700M | 263 | 951 |5425 |5425 |   0 |  0 |   0 |  37 | 4.100000e+01 | 9.790000e+01 | 138.78%| unknown
 3330s|465500 |331911 | 61483k| 132.1 |   700M | 263 | 951 |5425 |5425 |   0 |  0 |   0 |  37 | 4.100000e+01 | 9.790000e+01 | 138.78%| unknown
 3331s|465600 |331985 | 61502k| 132.1 |   700M | 263 | 951 |5425 |5425 |   0 |  0 |   0 |  37 | 4.100000e+01 | 9.790000e+01 | 138.78%| unknown
 3332s|465700 |332061 | 61525k| 132.1 |   700M | 263 | 951 |5425 |5425 |   0 |  0 |   0 |  37 | 4.100000e+01 | 9.790000e+01 | 138.78%| unknown
 3333s|465800 |332129 | 61542k| 132.1 |   700M | 263 | 951 |5425 |5425 |   0 |  0 |   0 |  37 | 4.100000e+01 | 9.790000e+01 | 138.78%| unknown
 3334s|465900 |332199 | 61562k| 132.1 |   700M | 263 | 951 |5425 |5425 |   0 |  0 |   0 |  37 | 4.100000e+01 | 9.790000e+01 | 138.78%| unknown
 3335s|466000 |332261 | 61585k| 132.2 |   700M | 263 | 951 |5425 |5425 |   0 |  0 |   0 |  37 | 4.100000e+01 | 9.790000e+01 | 138.78%| unknown
 3336s|466100 |332329 | 61601k| 132.2 |   700M | 263 | 951 |5425 |5425 |   0 |  0 |   0 |  37 | 4.100000e+01 | 9.790000e+01 | 138.78%| unknown
 3336s|466200 |332407 | 61614k| 132.2 |   700M | 263 | 951 |5425 |5425 |   0 |  0 |   0 |  37 | 4.100000e+01 | 9.790000e+01 | 138.78%| unknown
 3338s|466300 |332477 | 61639k| 132.2 |   700M | 263 | 951 |5425 |5425 |   0 |  0 |   0 |  37 | 4.100000e+01 | 9.790000e+01 | 138.78%| unknown
 time | node  | left  |LP iter|LP it/n|mem/heur|mdpt |vars |cons |rows |cuts |sepa|confs|strbr|  dualbound   | primalbound  |  gap   | compl. 
 3338s|466400 |332537 | 61652k| 132.2 |   700M | 263 | 951 |5425 |5425 |   0 |  0 |   0 |  37 | 4.100000e+01 | 9.790000e+01 | 138.78%| unknown
 3338s|466500 |332587 | 61653k| 132.2 |   701M | 263 | 951 |5425 |5425 |   0 |  0 |   0 |  37 | 4.100000e+01 | 9.790000e+01 | 138.78%| unknown
 3339s|466600 |332649 | 61660k| 132.1 |   701M | 263 | 951 |5425 |5425 |   0 |  0 |   0 |  37 | 4.100000e+01 | 9.790000e+01 | 138.78%| unknown
 3340s|466700 |332719 | 61694k| 132.2 |   701M | 263 | 951 |5425 |5425 |   0 |  0 |   0 |  37 | 4.100000e+01 | 9.790000e+01 | 138.78%| unknown
 3341s|466800 |332801 | 61716k| 132.2 |   701M | 263 | 951 |5425 |5425 |   0 |  0 |   0 |  37 | 4.100000e+01 | 9.790000e+01 | 138.78%| unknown
 3342s|466900 |332853 | 61734k| 132.2 |   701M | 263 | 951 |5425 |5425 |   0 |  0 |   0 |  37 | 4.100000e+01 | 9.790000e+01 | 138.78%| unknown
 3343s|467000 |332913 | 61753k| 132.2 |   701M | 263 | 951 |5425 |5425 |   0 |  0 |   0 |  37 | 4.100000e+01 | 9.790000e+01 | 138.78%| unknown
 3344s|467100 |332993 | 61772k| 132.2 |   701M | 263 | 951 |5425 |5425 |   0 |  0 |   0 |  37 | 4.100000e+01 | 9.790000e+01 | 138.78%| unknown
 3346s|467200 |333063 | 61797k| 132.3 |   701M | 263 | 951 |5425 |5425 |   0 |  0 |   0 |  37 | 4.100000e+01 | 9.790000e+01 | 138.78%| unknown
 3347s|467300 |333151 | 61817k| 132.3 |   701M | 263 | 951 |5425 |5425 |   0 |  0 |   0 |  37 | 4.100000e+01 | 9.790000e+01 | 138.78%| unknown
 3348s|467400 |333219 | 61844k| 132.3 |   701M | 263 | 951 |5425 |5425 |   0 |  0 |   0 |  37 | 4.100000e+01 | 9.790000e+01 | 138.78%| unknown
 3349s|467500 |333287 | 61863k| 132.3 |   701M | 263 | 951 |5425 |5425 |   0 |  0 |   0 |  37 | 4.100000e+01 | 9.790000e+01 | 138.78%| unknown
 3350s|467600 |333357 | 61879k| 132.3 |   704M | 263 | 951 |5425 |5425 |   0 |  0 |   0 |  37 | 4.100000e+01 | 9.790000e+01 | 138.78%| unknown
 3350s|467700 |333433 | 61881k| 132.3 |   704M | 263 | 951 |5425 |5425 |   0 |  0 |   0 |  37 | 4.100000e+01 | 9.790000e+01 | 138.78%| unknown
 3350s|467800 |333477 | 61882k| 132.3 |   704M | 263 | 951 |5425 |5425 |   0 |  0 |   0 |  37 | 4.100000e+01 | 9.790000e+01 | 138.78%| unknown
 time | node  | left  |LP iter|LP it/n|mem/heur|mdpt |vars |cons |rows |cuts |sepa|confs|strbr|  dualbound   | primalbound  |  gap   | compl. 
 3350s|467900 |333539 | 61883k| 132.3 |   704M | 263 | 951 |5425 |5425 |   0 |  0 |   0 |  37 | 4.100000e+01 | 9.790000e+01 | 138.78%| unknown
 3350s|468000 |333603 | 61884k| 132.2 |   704M | 263 | 951 |5425 |5425 |   0 |  0 |   0 |  37 | 4.100000e+01 | 9.790000e+01 | 138.78%| unknown
 3351s|468100 |333663 | 61886k| 132.2 |   704M | 263 | 951 |5425 |5425 |   0 |  0 |   0 |  37 | 4.100000e+01 | 9.790000e+01 | 138.78%| unknown
 3351s|468200 |333741 | 61887k| 132.2 |   704M | 263 | 951 |5425 |5425 |   0 |  0 |   0 |  37 | 4.100000e+01 | 9.790000e+01 | 138.78%| unknown
 3351s|468300 |333831 | 61888k| 132.2 |   704M | 263 | 951 |5425 |5425 |   0 |  0 |   0 |  37 | 4.100000e+01 | 9.790000e+01 | 138.78%| unknown
 3351s|468400 |333899 | 61889k| 132.1 |   704M | 263 | 951 |5425 |5425 |   0 |  0 |   0 |  37 | 4.100000e+01 | 9.790000e+01 | 138.78%| unknown
 3351s|468500 |333963 | 61891k| 132.1 |   704M | 263 | 951 |5425 |5425 |   0 |  0 |   0 |  37 | 4.100000e+01 | 9.790000e+01 | 138.78%| unknown
 3352s|468600 |334021 | 61892k| 132.1 |   704M | 263 | 951 |5425 |5425 |   0 |  0 |   0 |  37 | 4.100000e+01 | 9.790000e+01 | 138.78%| unknown
 3352s|468700 |334075 | 61893k| 132.1 |   704M | 263 | 951 |5425 |5425 |   0 |  0 |   0 |  37 | 4.100000e+01 | 9.790000e+01 | 138.78%| unknown
 3352s|468800 |334129 | 61894k| 132.0 |   705M | 263 | 951 |5425 |5425 |   0 |  0 |   0 |  37 | 4.100000e+01 | 9.790000e+01 | 138.78%| unknown
 3352s|468900 |334191 | 61904k| 132.0 |   705M | 263 | 951 |5425 |5425 |   0 |  0 |   0 |  37 | 4.100000e+01 | 9.790000e+01 | 138.78%| unknown
 3353s|469000 |334251 | 61906k| 132.0 |   705M | 263 | 951 |5425 |5425 |   0 |  0 |   0 |  37 | 4.100000e+01 | 9.790000e+01 | 138.78%| unknown
 3353s|469100 |334337 | 61907k| 132.0 |   705M | 263 | 951 |5425 |5425 |   0 |  0 |   0 |  37 | 4.100000e+01 | 9.790000e+01 | 138.78%| unknown
 3353s|469200 |334409 | 61908k| 131.9 |   705M | 263 | 951 |5425 |5425 |   0 |  0 |   0 |  37 | 4.100000e+01 | 9.790000e+01 | 138.78%| unknown
 3353s|469300 |334469 | 61910k| 131.9 |   705M | 263 | 951 |5425 |5425 |   0 |  0 |   0 |  37 | 4.100000e+01 | 9.790000e+01 | 138.78%| unknown
 time | node  | left  |LP iter|LP it/n|mem/heur|mdpt |vars |cons |rows |cuts |sepa|confs|strbr|  dualbound   | primalbound  |  gap   | compl. 
 3353s|469400 |334537 | 61911k| 131.9 |   705M | 263 | 951 |5425 |5425 |   0 |  0 |   0 |  37 | 4.100000e+01 | 9.790000e+01 | 138.78%| unknown
 3354s|469500 |334583 | 61913k| 131.9 |   705M | 263 | 951 |5425 |5425 |   0 |  0 |   0 |  37 | 4.100000e+01 | 9.790000e+01 | 138.78%| unknown
 3354s|469600 |334639 | 61915k| 131.8 |   705M | 263 | 951 |5425 |5425 |   0 |  0 |   0 |  37 | 4.100000e+01 | 9.790000e+01 | 138.78%| unknown
 3354s|469700 |334713 | 61917k| 131.8 |   705M | 263 | 951 |5425 |5425 |   0 |  0 |   0 |  37 | 4.100000e+01 | 9.790000e+01 | 138.78%| unknown
 3355s|469800 |334779 | 61932k| 131.8 |   705M | 263 | 951 |5425 |5425 |   0 |  0 |   0 |  37 | 4.100000e+01 | 9.790000e+01 | 138.78%| unknown
 3357s|469900 |334837 | 61969k| 131.9 |   705M | 263 | 951 |5425 |5425 |   0 |  0 |   0 |  37 | 4.100000e+01 | 9.790000e+01 | 138.78%| unknown
 3357s|470000 |334897 | 61971k| 131.9 |   705M | 263 | 951 |5425 |5425 |   0 |  0 |   0 |  37 | 4.100000e+01 | 9.790000e+01 | 138.78%| unknown
 3357s|470100 |334967 | 61972k| 131.8 |   706M | 263 | 951 |5425 |5425 |   0 |  0 |   0 |  37 | 4.100000e+01 | 9.790000e+01 | 138.78%| unknown
 3357s|470200 |335031 | 61974k| 131.8 |   706M | 263 | 951 |5425 |5425 |   0 |  0 |   0 |  37 | 4.100000e+01 | 9.790000e+01 | 138.78%| unknown
 3358s|470300 |335105 | 61982k| 131.8 |   706M | 263 | 951 |5425 |5425 |   0 |  0 |   0 |  37 | 4.100000e+01 | 9.790000e+01 | 138.78%| unknown
 3359s|470400 |335165 | 62018k| 131.8 |   706M | 263 | 951 |5425 |5425 |   0 |  0 |   0 |  37 | 4.100000e+01 | 9.790000e+01 | 138.78%| unknown
 3361s|470500 |335225 | 62045k| 131.9 |   706M | 263 | 951 |5425 |5425 |   0 |  0 |   0 |  37 | 4.100000e+01 | 9.790000e+01 | 138.78%| unknown
 3362s|470600 |335299 | 62061k| 131.9 |   706M | 263 | 951 |5425 |5425 |   0 |  0 |   0 |  37 | 4.100000e+01 | 9.790000e+01 | 138.78%| unknown
 3363s|470700 |335369 | 62079k| 131.9 |   706M | 263 | 951 |5425 |5425 |   0 |  0 |   0 |  37 | 4.100000e+01 | 9.790000e+01 | 138.78%| unknown
 3365s|470800 |335445 | 62126k| 132.0 |   706M | 263 | 951 |5425 |5425 |   0 |  0 |   0 |  37 | 4.100000e+01 | 9.790000e+01 | 138.78%| unknown
 time | node  | left  |LP iter|LP it/n|mem/heur|mdpt |vars |cons |rows |cuts |sepa|confs|strbr|  dualbound   | primalbound  |  gap   | compl. 
 3366s|470900 |335517 | 62148k| 132.0 |   706M | 263 | 951 |5425 |5425 |   0 |  0 |   0 |  37 | 4.100000e+01 | 9.790000e+01 | 138.78%| unknown
 3367s|471000 |335585 | 62176k| 132.0 |   706M | 263 | 951 |5425 |5425 |   0 |  0 |   0 |  37 | 4.100000e+01 | 9.790000e+01 | 138.78%| unknown
 3367s|471100 |335633 | 62178k| 132.0 |   706M | 263 | 951 |5425 |5425 |   0 |  0 |   0 |  37 | 4.100000e+01 | 9.790000e+01 | 138.78%| unknown
 3368s|471200 |335719 | 62179k| 132.0 |   708M | 263 | 951 |5425 |5425 |   0 |  0 |   0 |  37 | 4.100000e+01 | 9.790000e+01 | 138.78%| unknown
 3368s|471300 |335787 | 62180k| 131.9 |   708M | 263 | 951 |5425 |5425 |   0 |  0 |   0 |  37 | 4.100000e+01 | 9.790000e+01 | 138.78%| unknown
 3369s|471400 |335853 | 62194k| 131.9 |   708M | 263 | 951 |5425 |5425 |   0 |  0 |   0 |  37 | 4.100000e+01 | 9.790000e+01 | 138.78%| unknown
 3370s|471500 |335919 | 62214k| 131.9 |   708M | 263 | 951 |5425 |5425 |   0 |  0 |   0 |  37 | 4.100000e+01 | 9.790000e+01 | 138.78%| unknown
 3371s|471600 |335989 | 62235k| 132.0 |   708M | 263 | 951 |5425 |5425 |   0 |  0 |   0 |  37 | 4.100000e+01 | 9.790000e+01 | 138.78%| unknown
 3372s|471700 |336063 | 62254k| 132.0 |   708M | 263 | 951 |5425 |5425 |   0 |  0 |   0 |  37 | 4.100000e+01 | 9.790000e+01 | 138.78%| unknown
 3373s|471800 |336139 | 62273k| 132.0 |   708M | 263 | 951 |5425 |5425 |   0 |  0 |   0 |  37 | 4.100000e+01 | 9.790000e+01 | 138.78%| unknown
 3374s|471900 |336205 | 62298k| 132.0 |   708M | 263 | 951 |5425 |5425 |   0 |  0 |   0 |  37 | 4.100000e+01 | 9.790000e+01 | 138.78%| unknown
 3375s|472000 |336257 | 62323k| 132.0 |   708M | 263 | 951 |5425 |5425 |   0 |  0 |   0 |  37 | 4.100000e+01 | 9.790000e+01 | 138.78%| unknown
 3376s|472100 |336333 | 62341k| 132.1 |   708M | 263 | 951 |5425 |5425 |   0 |  0 |   0 |  37 | 4.100000e+01 | 9.790000e+01 | 138.78%| unknown
 3377s|472200 |336415 | 62363k| 132.1 |   708M | 263 | 951 |5425 |5425 |   0 |  0 |   0 |  37 | 4.100000e+01 | 9.790000e+01 | 138.78%| unknown
 3378s|472300 |336477 | 62380k| 132.1 |   708M | 263 | 951 |5425 |5425 |   0 |  0 |   0 |  37 | 4.100000e+01 | 9.790000e+01 | 138.78%| unknown
 time | node  | left  |LP iter|LP it/n|mem/heur|mdpt |vars |cons |rows |cuts |sepa|confs|strbr|  dualbound   | primalbound  |  gap   | compl. 
 3380s|472400 |336539 | 62414k| 132.1 |   709M | 263 | 951 |5425 |5425 |   0 |  0 |   0 |  37 | 4.100000e+01 | 9.790000e+01 | 138.78%| unknown
 3381s|472500 |336603 | 62450k| 132.2 |   709M | 263 | 951 |5425 |5425 |   0 |  0 |   0 |  37 | 4.100000e+01 | 9.790000e+01 | 138.78%| unknown
 3383s|472600 |336667 | 62479k| 132.2 |   709M | 263 | 951 |5425 |5425 |   0 |  0 |   0 |  37 | 4.100000e+01 | 9.790000e+01 | 138.78%| unknown
 3384s|472700 |336725 | 62504k| 132.2 |   709M | 263 | 951 |5425 |5425 |   0 |  0 |   0 |  37 | 4.100000e+01 | 9.790000e+01 | 138.78%| unknown
 3385s|472800 |336785 | 62528k| 132.2 |   710M | 263 | 951 |5425 |5425 |   0 |  0 |   0 |  37 | 4.100000e+01 | 9.790000e+01 | 138.78%| unknown
 3386s|472900 |336859 | 62543k| 132.3 |   710M | 263 | 951 |5425 |5425 |   0 |  0 |   0 |  37 | 4.100000e+01 | 9.790000e+01 | 138.78%| unknown
 3387s|473000 |336929 | 62569k| 132.3 |   710M | 263 | 951 |5425 |5425 |   0 |  0 |   0 |  37 | 4.100000e+01 | 9.790000e+01 | 138.78%| unknown
 3388s|473100 |336993 | 62593k| 132.3 |   710M | 263 | 951 |5425 |5425 |   0 |  0 |   0 |  37 | 4.100000e+01 | 9.790000e+01 | 138.78%| unknown
 3389s|473200 |337035 | 62609k| 132.3 |   710M | 263 | 951 |5425 |5425 |   0 |  0 |   0 |  37 | 4.100000e+01 | 9.790000e+01 | 138.78%| unknown
 3390s|473300 |337113 | 62630k| 132.3 |   710M | 263 | 951 |5425 |5425 |   0 |  0 |   0 |  37 | 4.100000e+01 | 9.790000e+01 | 138.78%| unknown
 3391s|473400 |337185 | 62648k| 132.3 |   710M | 263 | 951 |5425 |5425 |   0 |  0 |   0 |  37 | 4.100000e+01 | 9.790000e+01 | 138.78%| unknown
 3393s|473500 |337261 | 62678k| 132.4 |   710M | 263 | 951 |5425 |5425 |   0 |  0 |   0 |  37 | 4.100000e+01 | 9.790000e+01 | 138.78%| unknown
 3394s|473600 |337319 | 62703k| 132.4 |   711M | 263 | 951 |5425 |5425 |   0 |  0 |   0 |  37 | 4.100000e+01 | 9.790000e+01 | 138.78%| unknown
 3397s|473700 |337389 | 62772k| 132.5 |   711M | 263 | 951 |5425 |5425 |   0 |  0 |   0 |  37 | 4.100000e+01 | 9.790000e+01 | 138.78%| unknown
 3398s|473800 |337443 | 62801k| 132.5 |   711M | 263 | 951 |5425 |5425 |   0 |  0 |   0 |  37 | 4.100000e+01 | 9.790000e+01 | 138.78%| unknown
 time | node  | left  |LP iter|LP it/n|mem/heur|mdpt |vars |cons |rows |cuts |sepa|confs|strbr|  dualbound   | primalbound  |  gap   | compl. 
 3400s|473900 |337507 | 62835k| 132.6 |   711M | 263 | 951 |5425 |5425 |   0 |  0 |   0 |  37 | 4.100000e+01 | 9.790000e+01 | 138.78%| unknown
 3401s|474000 |337569 | 62864k| 132.6 |   711M | 263 | 951 |5425 |5425 |   0 |  0 |   0 |  37 | 4.100000e+01 | 9.790000e+01 | 138.78%| unknown
 3402s|474100 |337645 | 62887k| 132.6 |   711M | 263 | 951 |5425 |5425 |   0 |  0 |   0 |  37 | 4.100000e+01 | 9.790000e+01 | 138.78%| unknown
 3403s|474200 |337717 | 62897k| 132.6 |   711M | 263 | 951 |5425 |5425 |   0 |  0 |   0 |  37 | 4.100000e+01 | 9.790000e+01 | 138.78%| unknown
 3403s|474300 |337783 | 62899k| 132.6 |   711M | 263 | 951 |5425 |5425 |   0 |  0 |   0 |  37 | 4.100000e+01 | 9.790000e+01 | 138.78%| unknown
 3403s|474400 |337851 | 62900k| 132.6 |   712M | 263 | 951 |5425 |5425 |   0 |  0 |   0 |  37 | 4.100000e+01 | 9.790000e+01 | 138.78%| unknown
 3404s|474500 |337921 | 62901k| 132.6 |   712M | 263 | 951 |5425 |5425 |   0 |  0 |   0 |  37 | 4.100000e+01 | 9.790000e+01 | 138.78%| unknown
 3404s|474600 |337995 | 62912k| 132.6 |   712M | 263 | 951 |5425 |5425 |   0 |  0 |   0 |  37 | 4.100000e+01 | 9.790000e+01 | 138.78%| unknown
 3405s|474700 |338063 | 62937k| 132.6 |   712M | 263 | 951 |5425 |5425 |   0 |  0 |   0 |  37 | 4.100000e+01 | 9.790000e+01 | 138.78%| unknown
 3407s|474800 |338123 | 62970k| 132.6 |   713M | 263 | 951 |5425 |5425 |   0 |  0 |   0 |  37 | 4.100000e+01 | 9.790000e+01 | 138.78%| unknown
 3408s|474900 |338181 | 62995k| 132.6 |   713M | 263 | 951 |5425 |5425 |   0 |  0 |   0 |  37 | 4.100000e+01 | 9.790000e+01 | 138.78%| unknown
 3409s|475000 |338255 | 63006k| 132.6 |   713M | 263 | 951 |5425 |5425 |   0 |  0 |   0 |  37 | 4.100000e+01 | 9.790000e+01 | 138.78%| unknown
 3409s|475100 |338331 | 63008k| 132.6 |   713M | 263 | 951 |5425 |5425 |   0 |  0 |   0 |  37 | 4.100000e+01 | 9.790000e+01 | 138.78%| unknown
 3409s|475200 |338385 | 63009k| 132.6 |   713M | 263 | 951 |5425 |5425 |   0 |  0 |   0 |  37 | 4.100000e+01 | 9.790000e+01 | 138.78%| unknown
 3410s|475300 |338443 | 63020k| 132.6 |   713M | 263 | 951 |5425 |5425 |   0 |  0 |   0 |  37 | 4.100000e+01 | 9.790000e+01 | 138.78%| unknown
 time | node  | left  |LP iter|LP it/n|mem/heur|mdpt |vars |cons |rows |cuts |sepa|confs|strbr|  dualbound   | primalbound  |  gap   | compl. 
 3411s|475400 |338501 | 63047k| 132.6 |   713M | 263 | 951 |5425 |5425 |   0 |  0 |   0 |  37 | 4.100000e+01 | 9.790000e+01 | 138.78%| unknown
 3412s|475500 |338571 | 63063k| 132.6 |   713M | 263 | 951 |5425 |5425 |   0 |  0 |   0 |  37 | 4.100000e+01 | 9.790000e+01 | 138.78%| unknown
 3413s|475600 |338625 | 63089k| 132.7 |   713M | 263 | 951 |5425 |5425 |   0 |  0 |   0 |  37 | 4.100000e+01 | 9.790000e+01 | 138.78%| unknown
 3414s|475700 |338681 | 63103k| 132.7 |   713M | 263 | 951 |5425 |5425 |   0 |  0 |   0 |  37 | 4.100000e+01 | 9.790000e+01 | 138.78%| unknown
 3414s|475800 |338751 | 63105k| 132.6 |   713M | 263 | 951 |5425 |5425 |   0 |  0 |   0 |  37 | 4.100000e+01 | 9.790000e+01 | 138.78%| unknown
 3415s|475900 |338825 | 63106k| 132.6 |   713M | 263 | 951 |5425 |5425 |   0 |  0 |   0 |  37 | 4.100000e+01 | 9.790000e+01 | 138.78%| unknown
 3415s|476000 |338891 | 63107k| 132.6 |   715M | 263 | 951 |5425 |5425 |   0 |  0 |   0 |  37 | 4.100000e+01 | 9.790000e+01 | 138.78%| unknown
 3415s|476100 |338957 | 63118k| 132.6 |   715M | 263 | 951 |5425 |5425 |   0 |  0 |   0 |  37 | 4.100000e+01 | 9.790000e+01 | 138.78%| unknown
 3416s|476200 |339027 | 63123k| 132.6 |   715M | 263 | 951 |5425 |5425 |   0 |  0 |   0 |  37 | 4.100000e+01 | 9.790000e+01 | 138.78%| unknown
 3416s|476300 |339097 | 63125k| 132.5 |   715M | 263 | 951 |5425 |5425 |   0 |  0 |   0 |  37 | 4.100000e+01 | 9.790000e+01 | 138.78%| unknown
 3416s|476400 |339161 | 63126k| 132.5 |   715M | 263 | 951 |5425 |5425 |   0 |  0 |   0 |  37 | 4.100000e+01 | 9.790000e+01 | 138.78%| unknown
 3416s|476500 |339223 | 63128k| 132.5 |   715M | 263 | 951 |5425 |5425 |   0 |  0 |   0 |  37 | 4.100000e+01 | 9.790000e+01 | 138.78%| unknown
 3417s|476600 |339293 | 63136k| 132.5 |   715M | 263 | 951 |5425 |5425 |   0 |  0 |   0 |  37 | 4.100000e+01 | 9.790000e+01 | 138.78%| unknown
 3418s|476700 |339367 | 63162k| 132.5 |   715M | 263 | 951 |5425 |5425 |   0 |  0 |   0 |  37 | 4.100000e+01 | 9.790000e+01 | 138.78%| unknown
 3419s|476800 |339433 | 63189k| 132.5 |   715M | 263 | 951 |5425 |5425 |   0 |  0 |   0 |  37 | 4.100000e+01 | 9.790000e+01 | 138.78%| unknown
 time | node  | left  |LP iter|LP it/n|mem/heur|mdpt |vars |cons |rows |cuts |sepa|confs|strbr|  dualbound   | primalbound  |  gap   | compl. 
 3421s|476900 |339505 | 63213k| 132.5 |   715M | 263 | 951 |5425 |5425 |   0 |  0 |   0 |  37 | 4.100000e+01 | 9.790000e+01 | 138.78%| unknown
 3422s|477000 |339575 | 63249k| 132.6 |   715M | 263 | 951 |5425 |5425 |   0 |  0 |   0 |  37 | 4.100000e+01 | 9.790000e+01 | 138.78%| unknown
 3424s|477100 |339647 | 63277k| 132.6 |   716M | 263 | 951 |5425 |5425 |   0 |  0 |   0 |  37 | 4.100000e+01 | 9.790000e+01 | 138.78%| unknown
 3425s|477200 |339721 | 63306k| 132.7 |   716M | 263 | 951 |5425 |5425 |   0 |  0 |   0 |  37 | 4.100000e+01 | 9.790000e+01 | 138.78%| unknown
 3426s|477300 |339793 | 63333k| 132.7 |   716M | 263 | 951 |5425 |5425 |   0 |  0 |   0 |  37 | 4.100000e+01 | 9.790000e+01 | 138.78%| unknown
 3428s|477400 |339849 | 63370k| 132.7 |   716M | 263 | 951 |5425 |5425 |   0 |  0 |   0 |  37 | 4.100000e+01 | 9.790000e+01 | 138.78%| unknown
 3430s|477500 |339909 | 63416k| 132.8 |   716M | 263 | 951 |5425 |5425 |   0 |  0 |   0 |  37 | 4.100000e+01 | 9.790000e+01 | 138.78%| unknown
 3432s|477600 |339985 | 63450k| 132.9 |   716M | 263 | 951 |5425 |5425 |   0 |  0 |   0 |  37 | 4.100000e+01 | 9.790000e+01 | 138.78%| unknown
 3434s|477700 |340057 | 63479k| 132.9 |   716M | 263 | 951 |5425 |5425 |   0 |  0 |   0 |  37 | 4.100000e+01 | 9.790000e+01 | 138.78%| unknown
 3435s|477800 |340127 | 63515k| 132.9 |   716M | 263 | 951 |5425 |5425 |   0 |  0 |   0 |  37 | 4.100000e+01 | 9.790000e+01 | 138.78%| unknown
 3436s|477900 |340203 | 63537k| 133.0 |   716M | 263 | 951 |5425 |5425 |   0 |  0 |   0 |  37 | 4.100000e+01 | 9.790000e+01 | 138.78%| unknown
 3437s|478000 |340273 | 63560k| 133.0 |   716M | 263 | 951 |5425 |5425 |   0 |  0 |   0 |  37 | 4.100000e+01 | 9.790000e+01 | 138.78%| unknown
 3439s|478100 |340341 | 63601k| 133.0 |   716M | 263 | 951 |5425 |5425 |   0 |  0 |   0 |  37 | 4.100000e+01 | 9.790000e+01 | 138.78%| unknown
 3441s|478200 |340415 | 63624k| 133.0 |   716M | 263 | 951 |5425 |5425 |   0 |  0 |   0 |  37 | 4.100000e+01 | 9.790000e+01 | 138.78%| unknown
 3442s|478300 |340491 | 63651k| 133.1 |   717M | 263 | 951 |5425 |5425 |   0 |  0 |   0 |  37 | 4.100000e+01 | 9.790000e+01 | 138.78%| unknown
 time | node  | left  |LP iter|LP it/n|mem/heur|mdpt |vars |cons |rows |cuts |sepa|confs|strbr|  dualbound   | primalbound  |  gap   | compl. 
 3443s|478400 |340561 | 63674k| 133.1 |   717M | 263 | 951 |5425 |5425 |   0 |  0 |   0 |  37 | 4.100000e+01 | 9.790000e+01 | 138.78%| unknown
 3445s|478500 |340639 | 63703k| 133.1 |   717M | 263 | 951 |5425 |5425 |   0 |  0 |   0 |  37 | 4.100000e+01 | 9.790000e+01 | 138.78%| unknown
 3446s|478600 |340691 | 63739k| 133.2 |   717M | 263 | 951 |5425 |5425 |   0 |  0 |   0 |  37 | 4.100000e+01 | 9.790000e+01 | 138.78%| unknown
 3448s|478700 |340755 | 63759k| 133.2 |   717M | 263 | 951 |5425 |5425 |   0 |  0 |   0 |  37 | 4.100000e+01 | 9.790000e+01 | 138.78%| unknown
 3449s|478800 |340815 | 63790k| 133.2 |   717M | 263 | 951 |5425 |5425 |   0 |  0 |   0 |  37 | 4.100000e+01 | 9.790000e+01 | 138.78%| unknown
 3451s|478900 |340865 | 63833k| 133.3 |   717M | 263 | 951 |5425 |5425 |   0 |  0 |   0 |  37 | 4.100000e+01 | 9.790000e+01 | 138.78%| unknown
 3453s|479000 |340943 | 63867k| 133.3 |   717M | 263 | 951 |5425 |5425 |   0 |  0 |   0 |  37 | 4.100000e+01 | 9.790000e+01 | 138.78%| unknown
 3454s|479100 |340993 | 63894k| 133.4 |   717M | 263 | 951 |5425 |5425 |   0 |  0 |   0 |  37 | 4.100000e+01 | 9.790000e+01 | 138.78%| unknown
 3456s|479200 |341045 | 63923k| 133.4 |   717M | 263 | 951 |5425 |5425 |   0 |  0 |   0 |  37 | 4.100000e+01 | 9.790000e+01 | 138.78%| unknown
 3458s|479300 |341107 | 63965k| 133.5 |   717M | 263 | 951 |5425 |5425 |   0 |  0 |   0 |  37 | 4.100000e+01 | 9.790000e+01 | 138.78%| unknown
 3459s|479400 |341165 | 63991k| 133.5 |   717M | 263 | 951 |5425 |5425 |   0 |  0 |   0 |  37 | 4.100000e+01 | 9.790000e+01 | 138.78%| unknown
 3461s|479500 |341221 | 64025k| 133.5 |   718M | 263 | 951 |5425 |5425 |   0 |  0 |   0 |  37 | 4.100000e+01 | 9.790000e+01 | 138.78%| unknown
 3463s|479600 |341277 | 64064k| 133.6 |   718M | 263 | 951 |5425 |5425 |   0 |  0 |   0 |  37 | 4.100000e+01 | 9.790000e+01 | 138.78%| unknown
 3464s|479700 |341345 | 64095k| 133.6 |   718M | 263 | 951 |5425 |5425 |   0 |  0 |   0 |  37 | 4.100000e+01 | 9.790000e+01 | 138.78%| unknown
 3465s|479800 |341415 | 64117k| 133.6 |   718M | 263 | 951 |5425 |5425 |   0 |  0 |   0 |  37 | 4.100000e+01 | 9.790000e+01 | 138.78%| unknown
 time | node  | left  |LP iter|LP it/n|mem/heur|mdpt |vars |cons |rows |cuts |sepa|confs|strbr|  dualbound   | primalbound  |  gap   | compl. 
 3466s|479900 |341471 | 64132k| 133.6 |   718M | 263 | 951 |5425 |5425 |   0 |  0 |   0 |  37 | 4.100000e+01 | 9.790000e+01 | 138.78%| unknown
 3467s|480000 |341529 | 64155k| 133.7 |   718M | 263 | 951 |5425 |5425 |   0 |  0 |   0 |  37 | 4.100000e+01 | 9.790000e+01 | 138.78%| unknown
 3468s|480100 |341573 | 64177k| 133.7 |   718M | 263 | 951 |5425 |5425 |   0 |  0 |   0 |  37 | 4.100000e+01 | 9.790000e+01 | 138.78%| unknown
 3469s|480200 |341635 | 64193k| 133.7 |   718M | 263 | 951 |5425 |5425 |   0 |  0 |   0 |  37 | 4.100000e+01 | 9.790000e+01 | 138.78%| unknown
 3470s|480300 |341711 | 64218k| 133.7 |   718M | 263 | 951 |5425 |5425 |   0 |  0 |   0 |  37 | 4.100000e+01 | 9.790000e+01 | 138.78%| unknown
 3471s|480400 |341785 | 64229k| 133.7 |   718M | 263 | 951 |5425 |5425 |   0 |  0 |   0 |  37 | 4.100000e+01 | 9.790000e+01 | 138.78%| unknown
 3471s|480500 |341847 | 64231k| 133.7 |   718M | 263 | 951 |5425 |5425 |   0 |  0 |   0 |  37 | 4.100000e+01 | 9.790000e+01 | 138.78%| unknown
 3471s|480600 |341929 | 64232k| 133.6 |   718M | 263 | 951 |5425 |5425 |   0 |  0 |   0 |  37 | 4.100000e+01 | 9.790000e+01 | 138.78%| unknown
 3472s|480700 |342009 | 64233k| 133.6 |   720M | 263 | 951 |5425 |5425 |   0 |  0 |   0 |  37 | 4.100000e+01 | 9.790000e+01 | 138.78%| unknown
 3472s|480800 |342087 | 64234k| 133.6 |   720M | 263 | 951 |5425 |5425 |   0 |  0 |   0 |  37 | 4.100000e+01 | 9.790000e+01 | 138.78%| unknown
 3472s|480900 |342161 | 64235k| 133.6 |   720M | 263 | 951 |5425 |5425 |   0 |  0 |   0 |  37 | 4.100000e+01 | 9.790000e+01 | 138.78%| unknown
 3472s|481000 |342247 | 64236k| 133.5 |   720M | 263 | 951 |5425 |5425 |   0 |  0 |   0 |  37 | 4.100000e+01 | 9.790000e+01 | 138.78%| unknown
 3472s|481100 |342325 | 64236k| 133.5 |   721M | 263 | 951 |5425 |5425 |   0 |  0 |   0 |  37 | 4.100000e+01 | 9.790000e+01 | 138.78%| unknown
 3473s|481200 |342413 | 64237k| 133.5 |   721M | 263 | 951 |5425 |5425 |   0 |  0 |   0 |  37 | 4.100000e+01 | 9.790000e+01 | 138.78%| unknown
 3473s|481300 |342491 | 64238k| 133.5 |   721M | 263 | 951 |5425 |5425 |   0 |  0 |   0 |  37 | 4.100000e+01 | 9.790000e+01 | 138.78%| unknown
 time | node  | left  |LP iter|LP it/n|mem/heur|mdpt |vars |cons |rows |cuts |sepa|confs|strbr|  dualbound   | primalbound  |  gap   | compl. 
 3473s|481400 |342567 | 64239k| 133.4 |   721M | 263 | 951 |5425 |5425 |   0 |  0 |   0 |  37 | 4.100000e+01 | 9.790000e+01 | 138.78%| unknown
 3473s|481500 |342647 | 64240k| 133.4 |   721M | 263 | 951 |5425 |5425 |   0 |  0 |   0 |  37 | 4.100000e+01 | 9.790000e+01 | 138.78%| unknown
 3473s|481600 |342719 | 64241k| 133.4 |   721M | 263 | 951 |5425 |5425 |   0 |  0 |   0 |  37 | 4.100000e+01 | 9.790000e+01 | 138.78%| unknown
 3473s|481700 |342805 | 64242k| 133.4 |   722M | 263 | 951 |5425 |5425 |   0 |  0 |   0 |  37 | 4.100000e+01 | 9.790000e+01 | 138.78%| unknown
 3474s|481800 |342893 | 64242k| 133.3 |   722M | 263 | 951 |5425 |5425 |   0 |  0 |   0 |  37 | 4.100000e+01 | 9.790000e+01 | 138.78%| unknown
 3474s|481900 |342979 | 64243k| 133.3 |   722M | 263 | 951 |5425 |5425 |   0 |  0 |   0 |  37 | 4.100000e+01 | 9.790000e+01 | 138.78%| unknown
 3474s|482000 |343061 | 64244k| 133.3 |   722M | 263 | 951 |5425 |5425 |   0 |  0 |   0 |  37 | 4.100000e+01 | 9.790000e+01 | 138.78%| unknown
 3475s|482100 |343141 | 64265k| 133.3 |   722M | 263 | 951 |5425 |5425 |   0 |  0 |   0 |  37 | 4.100000e+01 | 9.790000e+01 | 138.78%| unknown
 3476s|482200 |343201 | 64286k| 133.3 |   722M | 263 | 951 |5425 |5425 |   0 |  0 |   0 |  37 | 4.100000e+01 | 9.790000e+01 | 138.78%| unknown
 3478s|482300 |343279 | 64317k| 133.4 |   722M | 263 | 951 |5425 |5425 |   0 |  0 |   0 |  37 | 4.100000e+01 | 9.790000e+01 | 138.78%| unknown
 3479s|482400 |343355 | 64335k| 133.4 |   722M | 263 | 951 |5425 |5425 |   0 |  0 |   0 |  37 | 4.100000e+01 | 9.790000e+01 | 138.78%| unknown
 3479s|482500 |343417 | 64340k| 133.3 |   722M | 263 | 951 |5425 |5425 |   0 |  0 |   0 |  37 | 4.100000e+01 | 9.790000e+01 | 138.78%| unknown
 3479s|482600 |343481 | 64341k| 133.3 |   722M | 263 | 951 |5425 |5425 |   0 |  0 |   0 |  37 | 4.100000e+01 | 9.790000e+01 | 138.78%| unknown
 3479s|482700 |343557 | 64342k| 133.3 |   722M | 263 | 951 |5425 |5425 |   0 |  0 |   0 |  37 | 4.100000e+01 | 9.790000e+01 | 138.78%| unknown
 3479s|482800 |343631 | 64343k| 133.3 |   724M | 263 | 951 |5425 |5425 |   0 |  0 |   0 |  37 | 4.100000e+01 | 9.790000e+01 | 138.78%| unknown
 time | node  | left  |LP iter|LP it/n|mem/heur|mdpt |vars |cons |rows |cuts |sepa|confs|strbr|  dualbound   | primalbound  |  gap   | compl. 
 3480s|482900 |343725 | 64343k| 133.2 |   724M | 263 | 951 |5425 |5425 |   0 |  0 |   0 |  37 | 4.100000e+01 | 9.790000e+01 | 138.78%| unknown
 3480s|483000 |343781 | 64344k| 133.2 |   724M | 263 | 951 |5425 |5425 |   0 |  0 |   0 |  37 | 4.100000e+01 | 9.790000e+01 | 138.78%| unknown
 3480s|483100 |343861 | 64346k| 133.2 |   724M | 263 | 951 |5425 |5425 |   0 |  0 |   0 |  37 | 4.100000e+01 | 9.790000e+01 | 138.78%| unknown
 3480s|483200 |343935 | 64347k| 133.2 |   724M | 263 | 951 |5425 |5425 |   0 |  0 |   0 |  37 | 4.100000e+01 | 9.790000e+01 | 138.78%| unknown
 3480s|483300 |344013 | 64347k| 133.1 |   724M | 263 | 951 |5425 |5425 |   0 |  0 |   0 |  37 | 4.100000e+01 | 9.790000e+01 | 138.78%| unknown
 3480s|483400 |344089 | 64349k| 133.1 |   724M | 263 | 951 |5425 |5425 |   0 |  0 |   0 |  37 | 4.100000e+01 | 9.790000e+01 | 138.78%| unknown
 3481s|483500 |344141 | 64350k| 133.1 |   724M | 263 | 951 |5425 |5425 |   0 |  0 |   0 |  37 | 4.100000e+01 | 9.790000e+01 | 138.78%| unknown
 3481s|483600 |344223 | 64351k| 133.1 |   724M | 263 | 951 |5425 |5425 |   0 |  0 |   0 |  37 | 4.100000e+01 | 9.790000e+01 | 138.78%| unknown
 3481s|483700 |344285 | 64352k| 133.0 |   725M | 263 | 951 |5425 |5425 |   0 |  0 |   0 |  37 | 4.100000e+01 | 9.790000e+01 | 138.78%| unknown
 3481s|483800 |344351 | 64353k| 133.0 |   725M | 263 | 951 |5425 |5425 |   0 |  0 |   0 |  37 | 4.100000e+01 | 9.790000e+01 | 138.78%| unknown
 3481s|483900 |344419 | 64354k| 133.0 |   726M | 263 | 951 |5425 |5425 |   0 |  0 |   0 |  37 | 4.100000e+01 | 9.790000e+01 | 138.78%| unknown
 3482s|484000 |344493 | 64356k| 133.0 |   726M | 263 | 951 |5425 |5425 |   0 |  0 |   0 |  37 | 4.100000e+01 | 9.790000e+01 | 138.78%| unknown
 3482s|484100 |344555 | 64357k| 132.9 |   726M | 263 | 951 |5425 |5425 |   0 |  0 |   0 |  37 | 4.100000e+01 | 9.790000e+01 | 138.78%| unknown
 3483s|484200 |344625 | 64374k| 132.9 |   726M | 263 | 951 |5425 |5425 |   0 |  0 |   0 |  37 | 4.100000e+01 | 9.790000e+01 | 138.78%| unknown
 3483s|484300 |344699 | 64375k| 132.9 |   726M | 263 | 951 |5425 |5425 |   0 |  0 |   0 |  37 | 4.100000e+01 | 9.790000e+01 | 138.78%| unknown
 time | node  | left  |LP iter|LP it/n|mem/heur|mdpt |vars |cons |rows |cuts |sepa|confs|strbr|  dualbound   | primalbound  |  gap   | compl. 
 3483s|484400 |344765 | 64377k| 132.9 |   726M | 263 | 951 |5425 |5425 |   0 |  0 |   0 |  37 | 4.100000e+01 | 9.790000e+01 | 138.78%| unknown
 3483s|484500 |344827 | 64378k| 132.9 |   726M | 263 | 951 |5425 |5425 |   0 |  0 |   0 |  37 | 4.100000e+01 | 9.790000e+01 | 138.78%| unknown
 3483s|484600 |344895 | 64379k| 132.8 |   726M | 263 | 951 |5425 |5425 |   0 |  0 |   0 |  37 | 4.100000e+01 | 9.790000e+01 | 138.78%| unknown
 3484s|484700 |344977 | 64380k| 132.8 |   726M | 263 | 951 |5425 |5425 |   0 |  0 |   0 |  37 | 4.100000e+01 | 9.790000e+01 | 138.78%| unknown
 3484s|484800 |345051 | 64380k| 132.8 |   726M | 263 | 951 |5425 |5425 |   0 |  0 |   0 |  37 | 4.100000e+01 | 9.790000e+01 | 138.78%| unknown
 3484s|484900 |345141 | 64381k| 132.8 |   726M | 263 | 951 |5425 |5425 |   0 |  0 |   0 |  37 | 4.100000e+01 | 9.790000e+01 | 138.78%| unknown
 3484s|485000 |345225 | 64382k| 132.7 |   727M | 263 | 951 |5425 |5425 |   0 |  0 |   0 |  37 | 4.100000e+01 | 9.790000e+01 | 138.78%| unknown
 3484s|485100 |345303 | 64382k| 132.7 |   727M | 263 | 951 |5425 |5425 |   0 |  0 |   0 |  37 | 4.100000e+01 | 9.790000e+01 | 138.78%| unknown
 3484s|485200 |345369 | 64384k| 132.7 |   727M | 263 | 951 |5425 |5425 |   0 |  0 |   0 |  37 | 4.100000e+01 | 9.790000e+01 | 138.78%| unknown
 3485s|485300 |345431 | 64384k| 132.7 |   727M | 263 | 951 |5425 |5425 |   0 |  0 |   0 |  37 | 4.100000e+01 | 9.790000e+01 | 138.78%| unknown
 3485s|485400 |345501 | 64385k| 132.6 |   727M | 263 | 951 |5425 |5425 |   0 |  0 |   0 |  37 | 4.100000e+01 | 9.790000e+01 | 138.78%| unknown
 3485s|485500 |345579 | 64386k| 132.6 |   727M | 263 | 951 |5425 |5425 |   0 |  0 |   0 |  37 | 4.100000e+01 | 9.790000e+01 | 138.78%| unknown
 3487s|485600 |345651 | 64424k| 132.7 |   727M | 263 | 951 |5425 |5425 |   0 |  0 |   0 |  37 | 4.100000e+01 | 9.790000e+01 | 138.78%| unknown
 3488s|485700 |345729 | 64448k| 132.7 |   727M | 263 | 951 |5425 |5425 |   0 |  0 |   0 |  37 | 4.100000e+01 | 9.790000e+01 | 138.78%| unknown
 3489s|485800 |345793 | 64470k| 132.7 |   727M | 263 | 951 |5425 |5425 |   0 |  0 |   0 |  37 | 4.100000e+01 | 9.790000e+01 | 138.78%| unknown
 time | node  | left  |LP iter|LP it/n|mem/heur|mdpt |vars |cons |rows |cuts |sepa|confs|strbr|  dualbound   | primalbound  |  gap   | compl. 
 3490s|485900 |345873 | 64488k| 132.7 |   727M | 263 | 951 |5425 |5425 |   0 |  0 |   0 |  37 | 4.100000e+01 | 9.790000e+01 | 138.78%| unknown
 3492s|486000 |345947 | 64514k| 132.7 |   727M | 263 | 951 |5425 |5425 |   0 |  0 |   0 |  37 | 4.100000e+01 | 9.790000e+01 | 138.78%| unknown
 3493s|486100 |346011 | 64552k| 132.8 |   728M | 263 | 951 |5425 |5425 |   0 |  0 |   0 |  37 | 4.100000e+01 | 9.790000e+01 | 138.78%| unknown
 3495s|486200 |346079 | 64585k| 132.8 |   728M | 263 | 951 |5425 |5425 |   0 |  0 |   0 |  37 | 4.100000e+01 | 9.790000e+01 | 138.78%| unknown
 3496s|486300 |346151 | 64607k| 132.9 |   728M | 263 | 951 |5425 |5425 |   0 |  0 |   0 |  37 | 4.100000e+01 | 9.790000e+01 | 138.78%| unknown
 3497s|486400 |346217 | 64632k| 132.9 |   728M | 263 | 951 |5425 |5425 |   0 |  0 |   0 |  37 | 4.100000e+01 | 9.790000e+01 | 138.78%| unknown
 3498s|486500 |346303 | 64634k| 132.9 |   728M | 263 | 951 |5425 |5425 |   0 |  0 |   0 |  37 | 4.100000e+01 | 9.790000e+01 | 138.78%| unknown
 3498s|486600 |346383 | 64635k| 132.8 |   728M | 263 | 951 |5425 |5425 |   0 |  0 |   0 |  37 | 4.100000e+01 | 9.790000e+01 | 138.78%| unknown
 3498s|486700 |346449 | 64636k| 132.8 |   728M | 263 | 951 |5425 |5425 |   0 |  0 |   0 |  37 | 4.100000e+01 | 9.790000e+01 | 138.78%| unknown
 3498s|486800 |346533 | 64637k| 132.8 |   728M | 263 | 951 |5425 |5425 |   0 |  0 |   0 |  37 | 4.100000e+01 | 9.790000e+01 | 138.78%| unknown
 3499s|486900 |346615 | 64659k| 132.8 |   728M | 263 | 951 |5425 |5425 |   0 |  0 |   0 |  37 | 4.100000e+01 | 9.790000e+01 | 138.78%| unknown
 3501s|487000 |346701 | 64693k| 132.8 |   728M | 263 | 951 |5425 |5425 |   0 |  0 |   0 |  37 | 4.100000e+01 | 9.790000e+01 | 138.78%| unknown
 3503s|487100 |346765 | 64724k| 132.9 |   729M | 263 | 951 |5425 |5425 |   0 |  0 |   0 |  37 | 4.100000e+01 | 9.790000e+01 | 138.78%| unknown
 3505s|487200 |346835 | 64766k| 132.9 |   730M | 263 | 951 |5425 |5425 |   0 |  0 |   0 |  37 | 4.100000e+01 | 9.790000e+01 | 138.78%| unknown
 3506s|487300 |346919 | 64788k| 133.0 |   730M | 263 | 951 |5425 |5425 |   0 |  0 |   0 |  37 | 4.100000e+01 | 9.790000e+01 | 138.78%| unknown
 time | node  | left  |LP iter|LP it/n|mem/heur|mdpt |vars |cons |rows |cuts |sepa|confs|strbr|  dualbound   | primalbound  |  gap   | compl. 
 3507s|487400 |346987 | 64812k| 133.0 |   730M | 263 | 951 |5425 |5425 |   0 |  0 |   0 |  37 | 4.100000e+01 | 9.790000e+01 | 138.78%| unknown
 3508s|487500 |347059 | 64840k| 133.0 |   730M | 263 | 951 |5425 |5425 |   0 |  0 |   0 |  37 | 4.100000e+01 | 9.790000e+01 | 138.78%| unknown
 3510s|487600 |347125 | 64873k| 133.0 |   730M | 263 | 951 |5425 |5425 |   0 |  0 |   0 |  37 | 4.100000e+01 | 9.790000e+01 | 138.78%| unknown
 3511s|487700 |347187 | 64905k| 133.1 |   731M | 263 | 951 |5425 |5425 |   0 |  0 |   0 |  37 | 4.100000e+01 | 9.790000e+01 | 138.78%| unknown
 3513s|487800 |347257 | 64934k| 133.1 |   731M | 263 | 951 |5425 |5425 |   0 |  0 |   0 |  37 | 4.100000e+01 | 9.790000e+01 | 138.78%| unknown
 3514s|487900 |347335 | 64959k| 133.1 |   731M | 263 | 951 |5425 |5425 |   0 |  0 |   0 |  37 | 4.100000e+01 | 9.790000e+01 | 138.78%| unknown
 3515s|488000 |347403 | 64983k| 133.2 |   731M | 263 | 951 |5425 |5425 |   0 |  0 |   0 |  37 | 4.100000e+01 | 9.790000e+01 | 138.78%| unknown
 3516s|488100 |347465 | 65008k| 133.2 |   731M | 263 | 951 |5425 |5425 |   0 |  0 |   0 |  37 | 4.100000e+01 | 9.790000e+01 | 138.78%| unknown
 3518s|488200 |347539 | 65043k| 133.2 |   731M | 263 | 951 |5425 |5425 |   0 |  0 |   0 |  37 | 4.100000e+01 | 9.790000e+01 | 138.78%| unknown
 3519s|488300 |347617 | 65071k| 133.3 |   732M | 263 | 951 |5425 |5425 |   0 |  0 |   0 |  37 | 4.100000e+01 | 9.790000e+01 | 138.78%| unknown
 3521s|488400 |347681 | 65094k| 133.3 |   732M | 263 | 951 |5425 |5425 |   0 |  0 |   0 |  37 | 4.100000e+01 | 9.790000e+01 | 138.78%| unknown
 3522s|488500 |347749 | 65128k| 133.3 |   732M | 263 | 951 |5425 |5425 |   0 |  0 |   0 |  37 | 4.100000e+01 | 9.790000e+01 | 138.78%| unknown
 3524s|488600 |347825 | 65156k| 133.4 |   732M | 263 | 951 |5425 |5425 |   0 |  0 |   0 |  37 | 4.100000e+01 | 9.790000e+01 | 138.78%| unknown
 3525s|488700 |347897 | 65185k| 133.4 |   732M | 263 | 951 |5425 |5425 |   0 |  0 |   0 |  37 | 4.100000e+01 | 9.790000e+01 | 138.78%| unknown
 3526s|488800 |347973 | 65207k| 133.4 |   732M | 263 | 951 |5425 |5425 |   0 |  0 |   0 |  37 | 4.100000e+01 | 9.790000e+01 | 138.78%| unknown
 time | node  | left  |LP iter|LP it/n|mem/heur|mdpt |vars |cons |rows |cuts |sepa|confs|strbr|  dualbound   | primalbound  |  gap   | compl. 
 3528s|488900 |348035 | 65249k| 133.5 |   732M | 263 | 951 |5425 |5425 |   0 |  0 |   0 |  37 | 4.100000e+01 | 9.790000e+01 | 138.78%| unknown
 3530s|489000 |348099 | 65282k| 133.5 |   732M | 263 | 951 |5425 |5425 |   0 |  0 |   0 |  37 | 4.100000e+01 | 9.790000e+01 | 138.78%| unknown
 3531s|489100 |348163 | 65305k| 133.5 |   732M | 263 | 951 |5425 |5425 |   0 |  0 |   0 |  37 | 4.100000e+01 | 9.790000e+01 | 138.78%| unknown
 3532s|489200 |348225 | 65329k| 133.5 |   732M | 263 | 951 |5425 |5425 |   0 |  0 |   0 |  37 | 4.100000e+01 | 9.790000e+01 | 138.78%| unknown
 3534s|489300 |348297 | 65366k| 133.6 |   732M | 263 | 951 |5425 |5425 |   0 |  0 |   0 |  37 | 4.100000e+01 | 9.790000e+01 | 138.78%| unknown
 3535s|489400 |348365 | 65383k| 133.6 |   733M | 263 | 951 |5425 |5425 |   0 |  0 |   0 |  37 | 4.100000e+01 | 9.790000e+01 | 138.78%| unknown
 3536s|489500 |348445 | 65402k| 133.6 |   733M | 263 | 951 |5425 |5425 |   0 |  0 |   0 |  37 | 4.100000e+01 | 9.790000e+01 | 138.78%| unknown
 3537s|489600 |348521 | 65427k| 133.6 |   733M | 263 | 951 |5425 |5425 |   0 |  0 |   0 |  37 | 4.100000e+01 | 9.790000e+01 | 138.78%| unknown
 3539s|489700 |348583 | 65458k| 133.7 |   733M | 263 | 951 |5425 |5425 |   0 |  0 |   0 |  37 | 4.100000e+01 | 9.790000e+01 | 138.78%| unknown
 3540s|489800 |348645 | 65483k| 133.7 |   733M | 263 | 951 |5425 |5425 |   0 |  0 |   0 |  37 | 4.100000e+01 | 9.790000e+01 | 138.78%| unknown
 3540s|489900 |348715 | 65484k| 133.7 |   733M | 263 | 951 |5425 |5425 |   0 |  0 |   0 |  37 | 4.100000e+01 | 9.790000e+01 | 138.78%| unknown
 3540s|490000 |348767 | 65485k| 133.6 |   733M | 263 | 951 |5425 |5425 |   0 |  0 |   0 |  37 | 4.100000e+01 | 9.790000e+01 | 138.78%| unknown
 3540s|490100 |348837 | 65486k| 133.6 |   733M | 263 | 951 |5425 |5425 |   0 |  0 |   0 |  37 | 4.100000e+01 | 9.790000e+01 | 138.78%| unknown
 3541s|490200 |348901 | 65488k| 133.6 |   733M | 263 | 951 |5425 |5425 |   0 |  0 |   0 |  37 | 4.100000e+01 | 9.790000e+01 | 138.78%| unknown
 3541s|490300 |348985 | 65489k| 133.6 |   733M | 263 | 951 |5425 |5425 |   0 |  0 |   0 |  37 | 4.100000e+01 | 9.790000e+01 | 138.78%| unknown
 time | node  | left  |LP iter|LP it/n|mem/heur|mdpt |vars |cons |rows |cuts |sepa|confs|strbr|  dualbound   | primalbound  |  gap   | compl. 
 3541s|490400 |349067 | 65490k| 133.5 |   733M | 263 | 951 |5425 |5425 |   0 |  0 |   0 |  37 | 4.100000e+01 | 9.790000e+01 | 138.78%| unknown
 3541s|490500 |349153 | 65491k| 133.5 |   734M | 263 | 951 |5425 |5425 |   0 |  0 |   0 |  37 | 4.100000e+01 | 9.790000e+01 | 138.78%| unknown
 3541s|490600 |349217 | 65492k| 133.5 |   734M | 263 | 951 |5425 |5425 |   0 |  0 |   0 |  37 | 4.100000e+01 | 9.790000e+01 | 138.78%| unknown
 3541s|490700 |349293 | 65493k| 133.5 |   734M | 263 | 951 |5425 |5425 |   0 |  0 |   0 |  37 | 4.100000e+01 | 9.790000e+01 | 138.78%| unknown
 3542s|490800 |349357 | 65503k| 133.5 |   734M | 263 | 951 |5425 |5425 |   0 |  0 |   0 |  37 | 4.100000e+01 | 9.790000e+01 | 138.78%| unknown
 3544s|490900 |349425 | 65533k| 133.5 |   734M | 263 | 951 |5425 |5425 |   0 |  0 |   0 |  37 | 4.100000e+01 | 9.790000e+01 | 138.78%| unknown
 3545s|491000 |349499 | 65561k| 133.5 |   734M | 263 | 951 |5425 |5425 |   0 |  0 |   0 |  37 | 4.100000e+01 | 9.790000e+01 | 138.78%| unknown
 3546s|491100 |349559 | 65580k| 133.5 |   734M | 263 | 951 |5425 |5425 |   0 |  0 |   0 |  37 | 4.100000e+01 | 9.790000e+01 | 138.78%| unknown
 3547s|491200 |349627 | 65617k| 133.6 |   734M | 263 | 951 |5425 |5425 |   0 |  0 |   0 |  37 | 4.100000e+01 | 9.790000e+01 | 138.78%| unknown
 3549s|491300 |349687 | 65643k| 133.6 |   735M | 263 | 951 |5425 |5425 |   0 |  0 |   0 |  37 | 4.100000e+01 | 9.790000e+01 | 138.78%| unknown
 3550s|491400 |349753 | 65672k| 133.6 |   735M | 263 | 951 |5425 |5425 |   0 |  0 |   0 |  37 | 4.100000e+01 | 9.790000e+01 | 138.78%| unknown
 3551s|491500 |349823 | 65696k| 133.7 |   735M | 263 | 951 |5425 |5425 |   0 |  0 |   0 |  37 | 4.100000e+01 | 9.790000e+01 | 138.78%| unknown
 3552s|491600 |349893 | 65717k| 133.7 |   735M | 263 | 951 |5425 |5425 |   0 |  0 |   0 |  37 | 4.100000e+01 | 9.790000e+01 | 138.78%| unknown
 3554s|491700 |349959 | 65742k| 133.7 |   736M | 263 | 951 |5425 |5425 |   0 |  0 |   0 |  37 | 4.100000e+01 | 9.790000e+01 | 138.78%| unknown
 3555s|491800 |350027 | 65760k| 133.7 |   736M | 263 | 951 |5425 |5425 |   0 |  0 |   0 |  37 | 4.100000e+01 | 9.790000e+01 | 138.78%| unknown
 time | node  | left  |LP iter|LP it/n|mem/heur|mdpt |vars |cons |rows |cuts |sepa|confs|strbr|  dualbound   | primalbound  |  gap   | compl. 
 3555s|491900 |350103 | 65776k| 133.7 |   736M | 263 | 951 |5425 |5425 |   0 |  0 |   0 |  37 | 4.100000e+01 | 9.790000e+01 | 138.78%| unknown
 3556s|492000 |350151 | 65778k| 133.7 |   736M | 263 | 951 |5425 |5425 |   0 |  0 |   0 |  37 | 4.100000e+01 | 9.790000e+01 | 138.78%| unknown
 3556s|492100 |350225 | 65779k| 133.7 |   736M | 263 | 951 |5425 |5425 |   0 |  0 |   0 |  37 | 4.100000e+01 | 9.790000e+01 | 138.78%| unknown
 3556s|492200 |350293 | 65780k| 133.6 |   736M | 263 | 951 |5425 |5425 |   0 |  0 |   0 |  37 | 4.100000e+01 | 9.790000e+01 | 138.78%| unknown
 3557s|492300 |350359 | 65809k| 133.7 |   736M | 263 | 951 |5425 |5425 |   0 |  0 |   0 |  37 | 4.100000e+01 | 9.790000e+01 | 138.78%| unknown
 3558s|492400 |350415 | 65831k| 133.7 |   736M | 263 | 951 |5425 |5425 |   0 |  0 |   0 |  37 | 4.100000e+01 | 9.790000e+01 | 138.78%| unknown
 3560s|492500 |350473 | 65853k| 133.7 |   736M | 263 | 951 |5425 |5425 |   0 |  0 |   0 |  37 | 4.100000e+01 | 9.790000e+01 | 138.78%| unknown
 3561s|492600 |350541 | 65873k| 133.7 |   737M | 263 | 951 |5425 |5425 |   0 |  0 |   0 |  37 | 4.100000e+01 | 9.790000e+01 | 138.78%| unknown
 3562s|492700 |350597 | 65899k| 133.7 |   737M | 263 | 951 |5425 |5425 |   0 |  0 |   0 |  37 | 4.100000e+01 | 9.790000e+01 | 138.78%| unknown
 3564s|492800 |350663 | 65943k| 133.8 |   737M | 263 | 951 |5425 |5425 |   0 |  0 |   0 |  37 | 4.100000e+01 | 9.790000e+01 | 138.78%| unknown
 3565s|492900 |350741 | 65966k| 133.8 |   738M | 263 | 951 |5425 |5425 |   0 |  0 |   0 |  37 | 4.100000e+01 | 9.790000e+01 | 138.78%| unknown
 3566s|493000 |350827 | 65986k| 133.8 |   738M | 263 | 951 |5425 |5425 |   0 |  0 |   0 |  37 | 4.100000e+01 | 9.790000e+01 | 138.78%| unknown
 3567s|493100 |350885 | 66012k| 133.9 |   738M | 263 | 951 |5425 |5425 |   0 |  0 |   0 |  37 | 4.100000e+01 | 9.790000e+01 | 138.78%| unknown
 3569s|493200 |350955 | 66040k| 133.9 |   738M | 263 | 951 |5425 |5425 |   0 |  0 |   0 |  37 | 4.100000e+01 | 9.790000e+01 | 138.78%| unknown
 3570s|493300 |351019 | 66055k| 133.9 |   738M | 263 | 951 |5425 |5425 |   0 |  0 |   0 |  37 | 4.100000e+01 | 9.790000e+01 | 138.78%| unknown
 time | node  | left  |LP iter|LP it/n|mem/heur|mdpt |vars |cons |rows |cuts |sepa|confs|strbr|  dualbound   | primalbound  |  gap   | compl. 
 3571s|493400 |351091 | 66085k| 133.9 |   738M | 263 | 951 |5425 |5425 |   0 |  0 |   0 |  37 | 4.100000e+01 | 9.790000e+01 | 138.78%| unknown
 3572s|493500 |351157 | 66099k| 133.9 |   738M | 263 | 951 |5425 |5425 |   0 |  0 |   0 |  37 | 4.100000e+01 | 9.790000e+01 | 138.78%| unknown
 3573s|493600 |351225 | 66111k| 133.9 |   738M | 263 | 951 |5425 |5425 |   0 |  0 |   0 |  37 | 4.100000e+01 | 9.790000e+01 | 138.78%| unknown
 3573s|493700 |351291 | 66112k| 133.9 |   739M | 263 | 951 |5425 |5425 |   0 |  0 |   0 |  37 | 4.100000e+01 | 9.790000e+01 | 138.78%| unknown
 3573s|493800 |351357 | 66114k| 133.9 |   739M | 263 | 951 |5425 |5425 |   0 |  0 |   0 |  37 | 4.100000e+01 | 9.790000e+01 | 138.78%| unknown
 3573s|493900 |351431 | 66115k| 133.9 |   739M | 263 | 951 |5425 |5425 |   0 |  0 |   0 |  37 | 4.100000e+01 | 9.790000e+01 | 138.78%| unknown
 3574s|494000 |351499 | 66131k| 133.9 |   739M | 263 | 951 |5425 |5425 |   0 |  0 |   0 |  37 | 4.100000e+01 | 9.790000e+01 | 138.78%| unknown
 3575s|494100 |351563 | 66161k| 133.9 |   740M | 263 | 951 |5425 |5425 |   0 |  0 |   0 |  37 | 4.100000e+01 | 9.790000e+01 | 138.78%| unknown
 3577s|494200 |351639 | 66192k| 133.9 |   740M | 263 | 951 |5425 |5425 |   0 |  0 |   0 |  37 | 4.100000e+01 | 9.790000e+01 | 138.78%| unknown
 3577s|494300 |351709 | 66194k| 133.9 |   740M | 263 | 951 |5425 |5425 |   0 |  0 |   0 |  37 | 4.100000e+01 | 9.790000e+01 | 138.78%| unknown
 3577s|494400 |351787 | 66195k| 133.9 |   741M | 263 | 951 |5425 |5425 |   0 |  0 |   0 |  37 | 4.100000e+01 | 9.790000e+01 | 138.78%| unknown
 3578s|494500 |351849 | 66196k| 133.9 |   741M | 263 | 951 |5425 |5425 |   0 |  0 |   0 |  37 | 4.100000e+01 | 9.790000e+01 | 138.78%| unknown
 3578s|494600 |351917 | 66197k| 133.8 |   741M | 263 | 951 |5425 |5425 |   0 |  0 |   0 |  37 | 4.100000e+01 | 9.790000e+01 | 138.78%| unknown
 3578s|494700 |351979 | 66199k| 133.8 |   741M | 263 | 951 |5425 |5425 |   0 |  0 |   0 |  37 | 4.100000e+01 | 9.790000e+01 | 138.78%| unknown
 3578s|494800 |352043 | 66200k| 133.8 |   741M | 263 | 951 |5425 |5425 |   0 |  0 |   0 |  37 | 4.100000e+01 | 9.790000e+01 | 138.78%| unknown
 time | node  | left  |LP iter|LP it/n|mem/heur|mdpt |vars |cons |rows |cuts |sepa|confs|strbr|  dualbound   | primalbound  |  gap   | compl. 
 3578s|494900 |352109 | 66203k| 133.8 |   741M | 263 | 951 |5425 |5425 |   0 |  0 |   0 |  37 | 4.100000e+01 | 9.790000e+01 | 138.78%| unknown
 3579s|495000 |352179 | 66222k| 133.8 |   741M | 263 | 951 |5425 |5425 |   0 |  0 |   0 |  37 | 4.100000e+01 | 9.790000e+01 | 138.78%| unknown
 3581s|495100 |352249 | 66251k| 133.8 |   741M | 263 | 951 |5425 |5425 |   0 |  0 |   0 |  37 | 4.100000e+01 | 9.790000e+01 | 138.78%| unknown
 3582s|495200 |352319 | 66282k| 133.8 |   742M | 263 | 951 |5425 |5425 |   0 |  0 |   0 |  37 | 4.100000e+01 | 9.790000e+01 | 138.78%| unknown
 3583s|495300 |352383 | 66302k| 133.9 |   742M | 263 | 951 |5425 |5425 |   0 |  0 |   0 |  37 | 4.100000e+01 | 9.790000e+01 | 138.78%| unknown
 3585s|495400 |352441 | 66327k| 133.9 |   742M | 263 | 951 |5425 |5425 |   0 |  0 |   0 |  37 | 4.100000e+01 | 9.790000e+01 | 138.78%| unknown
 3586s|495500 |352523 | 66349k| 133.9 |   742M | 263 | 951 |5425 |5425 |   0 |  0 |   0 |  37 | 4.100000e+01 | 9.790000e+01 | 138.78%| unknown
 3587s|495600 |352585 | 66376k| 133.9 |   742M | 263 | 951 |5425 |5425 |   0 |  0 |   0 |  37 | 4.100000e+01 | 9.790000e+01 | 138.78%| unknown
 3588s|495700 |352649 | 66408k| 134.0 |   742M | 263 | 951 |5425 |5425 |   0 |  0 |   0 |  37 | 4.100000e+01 | 9.790000e+01 | 138.78%| unknown
 3590s|495800 |352715 | 66439k| 134.0 |   742M | 263 | 951 |5425 |5425 |   0 |  0 |   0 |  37 | 4.100000e+01 | 9.790000e+01 | 138.78%| unknown
 3591s|495900 |352781 | 66467k| 134.0 |   742M | 263 | 951 |5425 |5425 |   0 |  0 |   0 |  37 | 4.100000e+01 | 9.790000e+01 | 138.78%| unknown
 3592s|496000 |352839 | 66473k| 134.0 |   742M | 263 | 951 |5425 |5425 |   0 |  0 |   0 |  37 | 4.100000e+01 | 9.790000e+01 | 138.78%| unknown
 3594s|496100 |352921 | 66520k| 134.1 |   742M | 263 | 951 |5425 |5425 |   0 |  0 |   0 |  37 | 4.100000e+01 | 9.790000e+01 | 138.78%| unknown
 3596s|496200 |352993 | 66557k| 134.1 |   742M | 263 | 951 |5425 |5425 |   0 |  0 |   0 |  37 | 4.100000e+01 | 9.790000e+01 | 138.78%| unknown
 3597s|496300 |353071 | 66585k| 134.2 |   742M | 263 | 951 |5425 |5425 |   0 |  0 |   0 |  37 | 4.100000e+01 | 9.790000e+01 | 138.78%| unknown

SCIP Status        : solving was interrupted [time limit reached]
Solving Time (sec) : 3600.00
Solving Nodes      : 496394
Primal Bound       : +9.79000000000000e+01 (1 solutions)
Dual Bound         : +4.10000000000000e+01
Gap                : 138.78 %
objective value:                                 97.9
delta[B0,B3]                                        1 	(obj:0)
delta[B0,B4]                                        1 	(obj:0)
delta[B0,B6]                                        1 	(obj:0)
delta[B0,B7]                                        1 	(obj:0)
delta[B0,B9]                                        1 	(obj:0)
delta[B0,B11]                                       1 	(obj:0)
delta[B0,B12]                                       1 	(obj:0)
delta[B0,B13]                                       1 	(obj:0)
delta[B0,B16]                                       1 	(obj:0)
delta[B0,B18]                                       1 	(obj:0)
delta[B0,B19]                                       1 	(obj:0)
delta[B0,B20]                                       1 	(obj:0)
delta[B0,B21]                                       1 	(obj:0)
delta[B0,B22]                                       1 	(obj:0)
delta[B0,B23]                                       1 	(obj:0)
delta[B0,B24]                                       1 	(obj:0)
delta[B1,B3]                                        1 	(obj:0)
delta[B1,B6]                                        1 	(obj:0)
delta[B1,B16]                                       1 	(obj:0)
delta[B1,B20]                                       1 	(obj:0)
delta[B1,B23]                                       1 	(obj:0)
delta[B1,B24]                                       1 	(obj:0)
delta[B2,B1]                                        1 	(obj:0)
delta[B2,B3]                                        1 	(obj:0)
delta[B2,B5]                                        1 	(obj:0)
delta[B2,B6]                                        1 	(obj:0)
delta[B2,B9]                                        1 	(obj:0)
delta[B2,B20]                                       1 	(obj:0)
delta[B2,B21]                                       1 	(obj:0)
delta[B2,B23]                                       1 	(obj:0)
delta[B2,B24]                                       1 	(obj:0)
delta[B3,B1]                                        1 	(obj:0)
delta[B3,B2]                                        1 	(obj:0)
delta[B3,B6]                                        1 	(obj:0)
delta[B3,B23]                                       1 	(obj:0)
delta[B3,B24]                                       1 	(obj:0)
delta[B4,B0]                                        1 	(obj:0)
delta[B4,B1]                                        1 	(obj:0)
delta[B4,B2]                                        1 	(obj:0)
delta[B4,B3]                                        1 	(obj:0)
delta[B4,B6]                                        1 	(obj:0)
delta[B4,B10]                                       1 	(obj:0)
delta[B4,B11]                                       1 	(obj:0)
delta[B4,B12]                                       1 	(obj:0)
delta[B4,B13]                                       1 	(obj:0)
delta[B4,B14]                                       1 	(obj:0)
delta[B4,B15]                                       1 	(obj:0)
delta[B4,B17]                                       1 	(obj:0)
delta[B4,B18]                                       1 	(obj:0)
delta[B4,B20]                                       1 	(obj:0)
delta[B4,B21]                                       1 	(obj:0)
delta[B4,B22]                                       1 	(obj:0)
delta[B4,B23]                                       1 	(obj:0)
delta[B4,B24]                                       1 	(obj:0)
delta[B5,B6]                                        1 	(obj:0)
delta[B6,B1]                                        1 	(obj:0)
delta[B6,B2]                                        1 	(obj:0)
delta[B6,B3]                                        1 	(obj:0)
delta[B6,B5]                                        1 	(obj:0)
delta[B6,B11]                                       1 	(obj:0)
delta[B6,B15]                                       1 	(obj:0)
delta[B6,B17]                                       1 	(obj:0)
delta[B6,B18]                                       1 	(obj:0)
delta[B6,B20]                                       1 	(obj:0)
delta[B6,B21]                                       1 	(obj:0)
delta[B6,B22]                                       1 	(obj:0)
delta[B6,B23]                                       1 	(obj:0)
delta[B6,B24]                                       1 	(obj:0)
delta[B7,B1]                                        1 	(obj:0)
delta[B7,B2]                                        1 	(obj:0)
delta[B7,B3]                                        1 	(obj:0)
delta[B7,B5]                                        1 	(obj:0)
delta[B7,B9]                                        1 	(obj:0)
delta[B7,B11]                                       1 	(obj:0)
delta[B7,B15]                                       1 	(obj:0)
delta[B7,B17]                                       1 	(obj:0)
delta[B7,B18]                                       1 	(obj:0)
delta[B7,B21]                                       1 	(obj:0)
delta[B7,B23]                                       1 	(obj:0)
delta[B7,B24]                                       1 	(obj:0)
delta[B8,B1]                                        1 	(obj:0)
delta[B8,B2]                                        1 	(obj:0)
delta[B8,B3]                                        1 	(obj:0)
delta[B8,B5]                                        1 	(obj:0)
delta[B8,B9]                                        1 	(obj:0)
delta[B8,B11]                                       1 	(obj:0)
delta[B8,B15]                                       1 	(obj:0)
delta[B8,B17]                                       1 	(obj:0)
delta[B8,B18]                                       1 	(obj:0)
delta[B8,B21]                                       1 	(obj:0)
delta[B8,B23]                                       1 	(obj:0)
delta[B8,B24]                                       1 	(obj:0)
delta[B9,B1]                                        1 	(obj:0)
delta[B9,B2]                                        1 	(obj:0)
delta[B9,B3]                                        1 	(obj:0)
delta[B9,B5]                                        1 	(obj:0)
delta[B9,B8]                                        1 	(obj:0)
delta[B9,B11]                                       1 	(obj:0)
delta[B9,B17]                                       1 	(obj:0)
delta[B9,B23]                                       1 	(obj:0)
delta[B9,B24]                                       1 	(obj:0)
delta[B10,B1]                                       1 	(obj:0)
delta[B10,B3]                                       1 	(obj:0)
delta[B10,B4]                                       1 	(obj:0)
delta[B10,B6]                                       1 	(obj:0)
delta[B10,B7]                                       1 	(obj:0)
delta[B10,B8]                                       1 	(obj:0)
delta[B10,B9]                                       1 	(obj:0)
delta[B10,B11]                                      1 	(obj:0)
delta[B10,B12]                                      1 	(obj:0)
delta[B10,B13]                                      1 	(obj:0)
delta[B10,B15]                                      1 	(obj:0)
delta[B10,B16]                                      1 	(obj:0)
delta[B10,B17]                                      1 	(obj:0)
delta[B10,B18]                                      1 	(obj:0)
delta[B10,B19]                                      1 	(obj:0)
delta[B10,B20]                                      1 	(obj:0)
delta[B10,B21]                                      1 	(obj:0)
delta[B10,B22]                                      1 	(obj:0)
delta[B10,B23]                                      1 	(obj:0)
delta[B10,B24]                                      1 	(obj:0)
delta[B11,B1]                                       1 	(obj:0)
delta[B11,B3]                                       1 	(obj:0)
delta[B11,B5]                                       1 	(obj:0)
delta[B11,B6]                                       1 	(obj:0)
delta[B11,B9]                                       1 	(obj:0)
delta[B11,B16]                                      1 	(obj:0)
delta[B11,B18]                                      1 	(obj:0)
delta[B11,B20]                                      1 	(obj:0)
delta[B11,B21]                                      1 	(obj:0)
delta[B11,B23]                                      1 	(obj:0)
delta[B11,B24]                                      1 	(obj:0)
delta[B12,B1]                                       1 	(obj:0)
delta[B12,B2]                                       1 	(obj:0)
delta[B12,B3]                                       1 	(obj:0)
delta[B12,B5]                                       1 	(obj:0)
delta[B12,B6]                                       1 	(obj:0)
delta[B12,B9]                                       1 	(obj:0)
delta[B12,B11]                                      1 	(obj:0)
delta[B12,B16]                                      1 	(obj:0)
delta[B12,B17]                                      1 	(obj:0)
delta[B12,B18]                                      1 	(obj:0)
delta[B12,B20]                                      1 	(obj:0)
delta[B12,B21]                                      1 	(obj:0)
delta[B12,B23]                                      1 	(obj:0)
delta[B12,B24]                                      1 	(obj:0)
delta[B13,B0]                                       1 	(obj:0)
delta[B13,B1]                                       1 	(obj:0)
delta[B13,B3]                                       1 	(obj:0)
delta[B13,B4]                                       1 	(obj:0)
delta[B13,B6]                                       1 	(obj:0)
delta[B13,B7]                                       1 	(obj:0)
delta[B13,B9]                                       1 	(obj:0)
delta[B13,B10]                                      1 	(obj:0)
delta[B13,B11]                                      1 	(obj:0)
delta[B13,B16]                                      1 	(obj:0)
delta[B13,B18]                                      1 	(obj:0)
delta[B13,B19]                                      1 	(obj:0)
delta[B13,B20]                                      1 	(obj:0)
delta[B13,B21]                                      1 	(obj:0)
delta[B13,B22]                                      1 	(obj:0)
delta[B13,B23]                                      1 	(obj:0)
delta[B13,B24]                                      1 	(obj:0)
delta[B14,B1]                                       1 	(obj:0)
delta[B14,B2]                                       1 	(obj:0)
delta[B14,B3]                                       1 	(obj:0)
delta[B14,B4]                                       1 	(obj:0)
delta[B14,B5]                                       1 	(obj:0)
delta[B14,B6]                                       1 	(obj:0)
delta[B14,B7]                                       1 	(obj:0)
delta[B14,B8]                                       1 	(obj:0)
delta[B14,B9]                                       1 	(obj:0)
delta[B14,B15]                                      1 	(obj:0)
delta[B14,B16]                                      1 	(obj:0)
delta[B14,B17]                                      1 	(obj:0)
delta[B14,B18]                                      1 	(obj:0)
delta[B14,B19]                                      1 	(obj:0)
delta[B14,B20]                                      1 	(obj:0)
delta[B14,B21]                                      1 	(obj:0)
delta[B14,B22]                                      1 	(obj:0)
delta[B14,B23]                                      1 	(obj:0)
delta[B14,B24]                                      1 	(obj:0)
delta[B15,B1]                                       1 	(obj:0)
delta[B15,B2]                                       1 	(obj:0)
delta[B15,B3]                                       1 	(obj:0)
delta[B15,B5]                                       1 	(obj:0)
delta[B15,B6]                                       1 	(obj:0)
delta[B15,B7]                                       1 	(obj:0)
delta[B15,B8]                                       1 	(obj:0)
delta[B15,B9]                                       1 	(obj:0)
delta[B15,B11]                                      1 	(obj:0)
delta[B15,B16]                                      1 	(obj:0)
delta[B15,B17]                                      1 	(obj:0)
delta[B15,B18]                                      1 	(obj:0)
delta[B15,B20]                                      1 	(obj:0)
delta[B15,B21]                                      1 	(obj:0)
delta[B15,B22]                                      1 	(obj:0)
delta[B15,B23]                                      1 	(obj:0)
delta[B15,B24]                                      1 	(obj:0)
delta[B16,B1]                                       1 	(obj:0)
delta[B16,B6]                                       1 	(obj:0)
delta[B16,B11]                                      1 	(obj:0)
delta[B16,B12]                                      1 	(obj:0)
delta[B16,B15]                                      1 	(obj:0)
delta[B16,B20]                                      1 	(obj:0)
delta[B17,B1]                                       1 	(obj:0)
delta[B17,B3]                                       1 	(obj:0)
delta[B17,B5]                                       1 	(obj:0)
delta[B17,B6]                                       1 	(obj:0)
delta[B17,B7]                                       1 	(obj:0)
delta[B17,B9]                                       1 	(obj:0)
delta[B17,B18]                                      1 	(obj:0)
delta[B17,B20]                                      1 	(obj:0)
delta[B17,B21]                                      1 	(obj:0)
delta[B17,B23]                                      1 	(obj:0)
delta[B17,B24]                                      1 	(obj:0)
delta[B18,B1]                                       1 	(obj:0)
delta[B18,B3]                                       1 	(obj:0)
delta[B18,B5]                                       1 	(obj:0)
delta[B18,B6]                                       1 	(obj:0)
delta[B18,B11]                                      1 	(obj:0)
delta[B18,B15]                                      1 	(obj:0)
delta[B18,B17]                                      1 	(obj:0)
delta[B18,B20]                                      1 	(obj:0)
delta[B18,B23]                                      1 	(obj:0)
delta[B18,B24]                                      1 	(obj:0)
delta[B19,B0]                                       1 	(obj:0)
delta[B19,B1]                                       1 	(obj:0)
delta[B19,B6]                                       1 	(obj:0)
delta[B19,B10]                                      1 	(obj:0)
delta[B19,B11]                                      1 	(obj:0)
delta[B19,B12]                                      1 	(obj:0)
delta[B19,B13]                                      1 	(obj:0)
delta[B19,B14]                                      1 	(obj:0)
delta[B19,B15]                                      1 	(obj:0)
delta[B19,B16]                                      1 	(obj:0)
delta[B19,B17]                                      1 	(obj:0)
delta[B19,B18]                                      1 	(obj:0)
delta[B19,B20]                                      1 	(obj:0)
delta[B20,B1]                                       1 	(obj:0)
delta[B21,B1]                                       1 	(obj:0)
delta[B21,B2]                                       1 	(obj:0)
delta[B21,B3]                                       1 	(obj:0)
delta[B21,B5]                                       1 	(obj:0)
delta[B21,B6]                                       1 	(obj:0)
delta[B21,B11]                                      1 	(obj:0)
delta[B21,B15]                                      1 	(obj:0)
delta[B21,B17]                                      1 	(obj:0)
delta[B21,B23]                                      1 	(obj:0)
delta[B21,B24]                                      1 	(obj:0)
delta[B22,B1]                                       1 	(obj:0)
delta[B22,B2]                                       1 	(obj:0)
delta[B22,B3]                                       1 	(obj:0)
delta[B22,B5]                                       1 	(obj:0)
delta[B22,B6]                                       1 	(obj:0)
delta[B22,B9]                                       1 	(obj:0)
delta[B22,B11]                                      1 	(obj:0)
delta[B22,B15]                                      1 	(obj:0)
delta[B22,B17]                                      1 	(obj:0)
delta[B22,B18]                                      1 	(obj:0)
delta[B22,B21]                                      1 	(obj:0)
delta[B22,B23]                                      1 	(obj:0)
delta[B22,B24]                                      1 	(obj:0)
delta[B23,B1]                                       1 	(obj:0)
delta[B23,B2]                                       1 	(obj:0)
delta[B23,B3]                                       1 	(obj:0)
delta[B23,B11]                                      1 	(obj:0)
delta[B23,B15]                                      1 	(obj:0)
delta[B23,B17]                                      1 	(obj:0)
delta[B24,B1]                                       1 	(obj:0)
delta[B24,B2]                                       1 	(obj:0)
delta[B24,B3]                                       1 	(obj:0)
delta[B24,B15]                                      1 	(obj:0)
delta[B24,B17]                                      1 	(obj:0)
c[B19,1]                                           19 	(obj:0)
c[B20,0]                                            8 	(obj:0)
c[B20,1]                                         89.4 	(obj:0)
c[B21,0]                                           32 	(obj:0)
c[B21,1]                                         72.2 	(obj:0)
c[B22,0]                                           35 	(obj:0)
c[B22,1]                                         45.6 	(obj:0)
c[B23,0]                                           40 	(obj:0)
c[B23,1]                                         90.4 	(obj:0)
c[B24,0]                                           58 	(obj:0)
c[B24,1]                                         89.7 	(obj:0)
h                                                97.9 	(obj:1)
c[B0,0]                                            53 	(obj:0)
c[B0,1]                                          22.5 	(obj:0)
c[B1,0]                                          70.5 	(obj:0)
c[B1,1]                                          88.7 	(obj:0)
c[B2,0]                                          92.5 	(obj:0)
c[B2,1]                                          72.2 	(obj:0)
c[B3,0]                                            31 	(obj:0)
c[B3,1]                                          90.4 	(obj:0)
c[B4,0]                                            21 	(obj:0)
c[B4,1]                                          17.5 	(obj:0)
c[B5,0]                                            89 	(obj:0)
c[B5,1]                                          89.7 	(obj:0)
c[B6,0]                                          12.5 	(obj:0)
c[B6,1]                                          75.2 	(obj:0)
c[B7,0]                                          56.5 	(obj:0)
c[B7,1]                                          45.6 	(obj:0)
c[B8,0]                                            69 	(obj:0)
c[B8,1]                                          45.6 	(obj:0)
c[B9,0]                                            42 	(obj:0)
c[B9,1]                                          70.2 	(obj:0)
c[B10,0]                                           72 	(obj:0)
c[B10,1]                                         19.5 	(obj:0)
c[B11,0]                                           59 	(obj:0)
c[B11,1]                                         71.6 	(obj:0)
c[B12,0]                                           16 	(obj:0)
c[B12,1]                                         50.6 	(obj:0)
c[B13,0]                                         40.5 	(obj:0)
c[B13,1]                                         18.5 	(obj:0)
c[B14,0]                                         83.5 	(obj:0)
c[B14,1]                                            9 	(obj:0)
c[B15,0]                                           79 	(obj:0)
c[B15,1]                                         50.6 	(obj:0)
c[B16,0]                                          6.5 	(obj:0)
c[B16,1]                                         47.6 	(obj:0)
c[B17,0]                                         81.5 	(obj:0)
c[B17,1]                                         70.2 	(obj:0)
c[B18,0]                                         21.5 	(obj:0)
c[B18,1]                                         70.7 	(obj:0)
c[B19,0]                                          5.5 	(obj:0)
DELTA[B0,B4]                                        1 	(obj:0)
DELTA[B0,B13]                                       1 	(obj:0)
DELTA[B0,B19]                                       1 	(obj:0)
DELTA[B1,B3]                                        1 	(obj:0)
DELTA[B1,B6]                                        1 	(obj:0)
DELTA[B1,B16]                                       1 	(obj:0)
DELTA[B1,B20]                                       1 	(obj:0)
DELTA[B1,B23]                                       1 	(obj:0)
DELTA[B1,B24]                                       1 	(obj:0)
DELTA[B2,B3]                                        1 	(obj:0)
DELTA[B2,B6]                                        1 	(obj:0)
DELTA[B2,B9]                                        1 	(obj:0)
DELTA[B2,B21]                                       1 	(obj:0)
DELTA[B2,B23]                                       1 	(obj:0)
DELTA[B2,B24]                                       1 	(obj:0)
DELTA[B3,B6]                                        1 	(obj:0)
DELTA[B3,B23]                                       1 	(obj:0)
DELTA[B3,B24]                                       1 	(obj:0)
DELTA[B4,B10]                                       1 	(obj:0)
DELTA[B4,B13]                                       1 	(obj:0)
DELTA[B4,B14]                                       1 	(obj:0)
DELTA[B5,B6]                                        1 	(obj:0)
DELTA[B6,B11]                                       1 	(obj:0)
DELTA[B6,B15]                                       1 	(obj:0)
DELTA[B6,B17]                                       1 	(obj:0)
DELTA[B6,B18]                                       1 	(obj:0)
DELTA[B6,B21]                                       1 	(obj:0)
DELTA[B6,B22]                                       1 	(obj:0)
DELTA[B7,B15]                                       1 	(obj:0)
DELTA[B7,B17]                                       1 	(obj:0)
DELTA[B8,B9]                                        1 	(obj:0)
DELTA[B8,B15]                                       1 	(obj:0)
DELTA[B9,B11]                                       1 	(obj:0)
DELTA[B9,B17]                                       1 	(obj:0)
DELTA[B10,B13]                                      1 	(obj:0)
DELTA[B10,B19]                                      1 	(obj:0)
DELTA[B11,B16]                                      1 	(obj:0)
DELTA[B11,B18]                                      1 	(obj:0)
DELTA[B11,B21]                                      1 	(obj:0)
DELTA[B11,B23]                                      1 	(obj:0)
DELTA[B12,B16]                                      1 	(obj:0)
DELTA[B13,B19]                                      1 	(obj:0)
DELTA[B14,B19]                                      1 	(obj:0)
DELTA[B15,B16]                                      1 	(obj:0)
DELTA[B15,B18]                                      1 	(obj:0)
DELTA[B15,B21]                                      1 	(obj:0)
DELTA[B15,B22]                                      1 	(obj:0)
DELTA[B15,B23]                                      1 	(obj:0)
DELTA[B15,B24]                                      1 	(obj:0)
DELTA[B17,B18]                                      1 	(obj:0)
DELTA[B17,B21]                                      1 	(obj:0)
DELTA[B17,B23]                                      1 	(obj:0)
DELTA[B17,B24]                                      1 	(obj:0)
